0,1,2,3,4,5,6,7
-1.3814097344875336,-0.5952722057700157,0.008221670985221863,-1.028067409992218,-0.9576819352805614,-0.9845172762870789,-0.2914206311106682,0.05449152737855911
-0.6701934734980265,-0.32031311094760895,-0.24344014128049216,-0.4700999806324641,-0.08352875709533691,-0.5037078311045965,0.08502144118150075,-0.629421333471934
-0.5862128287553787,0.057054199278354645,-0.6401695758104324,0.08635704964399338,-0.31838740035891533,-0.3824929744005203,-0.16927484422922134,-0.6455967128276825
-0.35759240835905076,-1.2065434962511064,-0.266439126431942,-0.6191772416234016,0.09541728347539902,0.18495449870824815,-0.19454006254673004,-0.4798570781946182
-0.23156828184922537,-1.000411589940389,-0.006932169198989868,-0.22069230924050012,-0.4030444684127967,-1.2998914544781048,-0.31910750766595203,-0.5563595145940781
-0.23156828184922537,-1.000411589940389,-0.006932169198989868,-0.22069230924050012,-0.4030444684127967,-1.2998914544781048,-0.31910750766595203,-0.5563595145940781
-0.23156828184922537,-1.000411589940389,-0.006932169198989868,-0.22069230924050012,-0.4030444684127967,-1.2998914544781048,-0.31910750766595203,-0.5563595145940781
-0.23156828184922537,-1.000411589940389,-0.006932169198989868,-0.22069230924050012,-0.4030444684127967,-1.2998914544781048,-0.31910750766595203,-0.5563595145940781
-0.6263958053155378,-0.9632482582872565,0.03229209238832647,-0.0810907090252096,-0.2099404348568483,-1.1818274801427668,-0.4936810677701777,-0.6508860290050507
-0.6263958053155378,-0.9632482582872565,0.03229209238832647,-0.0810907090252096,-0.2099404348568483,-1.1818274801427668,-0.4936810677701777,-0.6508860290050507
-0.6263958053155378,-0.9632482582872565,0.03229209238832647,-0.0810907090252096,-0.2099404348568483,-1.1818274801427668,-0.4936810677701777,-0.6508860290050507
-0.6263958053155378,-0.9632482582872565,0.03229209238832647,-0.0810907090252096,-0.2099404348568483,-1.1818274801427668,-0.4936810677701777,-0.6508860290050507
-0.582199932800399,-0.24095388253529867,-0.35184458560413784,-0.34458664059638977,-0.3070181492302153,-1.0565291974279616,-1.01395863129033,-0.353133887052536
-0.582199932800399,-0.24095388253529867,-0.35184458560413784,-0.34458664059638977,-0.3070181492302153,-1.0565291974279616,-1.01395863129033,-0.353133887052536
-0.43667871185711454,-0.6954278754336494,-0.10456662873427074,-0.20092210741270156,-0.28735029768376125,-0.5899716218312582,-0.4467878497782208,-0.6840748971416837
-0.43667871185711454,-0.6954278754336494,-0.10456662873427074,-0.20092210741270156,-0.28735029768376125,-0.5899716218312582,-0.4467878497782208,-0.6840748971416837
-0.43667871185711454,-0.6954278754336494,-0.10456662873427074,-0.20092210741270156,-0.28735029768376125,-0.5899716218312582,-0.4467878497782208,-0.6840748971416837
-0.43667871185711454,-0.6954278754336494,-0.10456662873427074,-0.20092210741270156,-0.28735029768376125,-0.5899716218312582,-0.4467878497782208,-0.6840748971416837
-0.43667871185711454,-0.6954278754336494,-0.10456662873427074,-0.20092210741270156,-0.28735029768376125,-0.5899716218312582,-0.4467878497782208,-0.6840748971416837
-0.43667871185711454,-0.6954278754336494,-0.10456662873427074,-0.20092210741270156,-0.28735029768376125,-0.5899716218312582,-0.4467878497782208,-0.6840748971416837
-0.43667871185711454,-0.6954278754336494,-0.10456662873427074,-0.20092210741270156,-0.28735029768376125,-0.5899716218312582,-0.4467878497782208,-0.6840748971416837
-0.43667871185711454,-0.6954278754336494,-0.10456662873427074,-0.20092210741270156,-0.28735029768376125,-0.5899716218312582,-0.4467878497782208,-0.6840748971416837
-0.757471427321434,-0.28345803254180485,-0.3520795438024733,-0.27241157326433396,-0.2887110826041963,-0.22547443045510185,-0.06357359886169434,-0.08057586683167352
-0.3389073589018413,0.5749087716851916,-0.07038317833627973,-0.10115361639431544,-0.32367909593241556,-0.5267174797398704,-0.5880166505064283,-0.6113737523555756
-0.4313938766717911,0.3060941729280684,-0.5307687206400765,-0.2645093086693022,-0.31456561717722153,-0.5593711932500204,-0.38444140884611344,-0.6490289072195689
-0.4313938766717911,0.3060941729280684,-0.5307687206400765,-0.2645093086693022,-0.31456561717722153,-0.5593711932500204,-0.38444140884611344,-0.6490289072195689
-0.5778285927242703,-0.5187399321132236,-0.44966480632623035,-0.5459989955027899,-0.4257519526614083,-0.6284046570460001,-0.0035983092255062526,-0.25311697522799176
-0.5778285927242703,-0.5187399321132236,-0.44966480632623035,-0.5459989955027899,-0.4257519526614083,-0.6284046570460001,-0.0035983092255062526,-0.25311697522799176
-0.7640093564987183,-0.4147550523281097,-0.45597721487283704,-0.6613563522696495,-0.5026481404900551,-0.5596171885728836,-0.019901107251644134,-0.3083423346281052
-0.7640093564987183,-0.4147550523281097,-0.45597721487283704,-0.6613563522696495,-0.5026481404900551,-0.5596171885728836,-0.019901107251644134,-0.3083423346281052
-0.6823916183068202,-0.6845676073661218,-0.2255298701616434,-0.46789883306393254,-0.5961843671707007,-0.2934919526943794,-0.1554188969043585,-0.44441221769039446
-0.4538211077451706,-0.7544307768344879,-0.45600945949554444,-0.4629062727093697,-0.442473740875721,-0.27655355632305145,-0.1343493193387985,-0.5430556684732437
-0.6460085928440094,-0.13356918692588807,-0.2963640034198761,-0.3605369389057159,-0.3669732794165611,-0.5046283140778541,-0.2898013949394226,-0.22379513680934907
-0.4308697960593484,-0.8371780785647306,-0.11858311024579135,-0.3646206164901907,-0.4915112107992172,-0.29737923632968555,0.06912097063931552,-0.4601485485380346
-0.4308697960593484,-0.8371780785647306,-0.11858311024579135,-0.3646206164901907,-0.4915112107992172,-0.29737923632968555,0.06912097063931552,-0.4601485485380346
-0.4308697960593484,-0.8371780785647306,-0.11858311024579135,-0.3646206164901907,-0.4915112107992172,-0.29737923632968555,0.06912097063931552,-0.4601485485380346
-0.8892060452037387,-0.12336699499024285,-0.6778933240307702,-0.18255168033970726,-0.6165434320767721,-0.10897956291834514,-0.45508814685874516,-0.7455921272436777
-0.822846332192421,-0.32015763521194457,-0.235828498005867,-0.20013231486082078,-0.10761840045452117,-0.5439822971820831,-0.30822690278291703,-0.6972316473722457
-0.9016150561246005,-0.23530578071420843,-0.57867301187732,-0.07418873364275153,-0.42176722938364203,-0.5192952156066895,-0.388162072409283,-0.802868051962419
-0.9016150561246005,-0.23530578071420843,-0.57867301187732,-0.07418873364275153,-0.42176722938364203,-0.5192952156066895,-0.388162072409283,-0.802868051962419
-0.20686954259872437,-0.7959306140740713,-0.050011670837799706,-0.8707632496953011,-0.28808151682217914,-0.5192480261127154,-0.07778566206494968,-0.6184374690055847
-0.20686954259872437,-0.7959306140740713,-0.050011670837799706,-0.8707632496953011,-0.28808151682217914,-0.5192480261127154,-0.07778566206494968,-0.6184374690055847
-0.39392515787711513,-0.83656373161536,-0.3529240374381726,-0.8154418640411817,-0.1966701906460982,-0.5854807931643266,-0.018337434301009543,-0.4731002908486586
-0.39392515787711513,-0.83656373161536,-0.3529240374381726,-0.8154418640411817,-0.1966701906460982,-0.5854807931643266,-0.018337434301009543,-0.4731002908486586
-0.4678913884692722,-0.8804662475983301,-0.3408566373917792,-0.6807071930832334,-0.18972221430804995,-0.5233499722348319,-0.1600532970494694,-0.27315952049361336
-0.4678913884692722,-0.8804662475983301,-0.3408566373917792,-0.6807071930832334,-0.18972221430804995,-0.5233499722348319,-0.1600532970494694,-0.27315952049361336
-0.3763732872903347,-0.12134005129337311,-0.35332636535167694,-0.3413939718157053,-0.03471113182604313,-0.3393816761672497,-0.10268052667379379,0.031353238970041275
-0.7118174859455654,-0.6252350125994001,-0.4829041191509792,-0.1964453160762787,-0.22959941838468825,-0.762096677507673,-0.3364101690905435,-0.17879246388162887
-0.5763375520706177,-0.31212377846240996,-0.07940939962863922,-0.20212944000959396,-0.1953195035457611,-0.38109868466854097,0.23103978037834166,-0.14877022206783294
-0.5763375520706177,-0.31212377846240996,-0.07940939962863922,-0.20212944000959396,-0.1953195035457611,-0.38109868466854097,0.23103978037834166,-0.14877022206783294
-0.5763375520706177,-0.31212377846240996,-0.07940939962863922,-0.20212944000959396,-0.1953195035457611,-0.38109868466854097,0.23103978037834166,-0.14877022206783294
-0.6415232486195035,-0.46525988976160687,-0.6279379808240466,-0.4569319470061196,-0.2009382744630178,-0.372642093234592,0.01253046260939704,-0.326272404856152
-0.42081778699701483,-0.5863795280456543,-0.5739712715148926,-0.24006823247129266,-0.05291945554993369,-0.39553172209046106,-0.22762508283961902,-0.43196424029090186
-0.42081778699701483,-0.5863795280456543,-0.5739712715148926,-0.24006823247129266,-0.05291945554993369,-0.39553172209046106,-0.22762508283961902,-0.43196424029090186
-0.42081778699701483,-0.5863795280456543,-0.5739712715148926,-0.24006823247129266,-0.05291945554993369,-0.39553172209046106,-0.22762508283961902,-0.43196424029090186
-0.42081778699701483,-0.5863795280456543,-0.5739712715148926,-0.24006823247129266,-0.05291945554993369,-0.39553172209046106,-0.22762508283961902,-0.43196424029090186
-0.42081778699701483,-0.5863795280456543,-0.5739712715148926,-0.24006823247129266,-0.05291945554993369,-0.39553172209046106,-0.22762508283961902,-0.43196424029090186
-0.42081778699701483,-0.5863795280456543,-0.5739712715148926,-0.24006823247129266,-0.05291945554993369,-0.39553172209046106,-0.22762508283961902,-0.43196424029090186
-0.42081778699701483,-0.5863795280456543,-0.5739712715148926,-0.24006823247129266,-0.05291945554993369,-0.39553172209046106,-0.22762508283961902,-0.43196424029090186
-0.3391747644969395,-0.6102453001907894,-0.556332528591156,-0.3097034692764282,-0.49657093627112253,-0.4766405352524349,0.009434734072004045,-0.429611508335386
-0.5225725940295628,-0.4637597160679953,-0.39319734062467304,-0.3065817526408604,-0.5826567837170192,-0.5858020399297986,-0.3265458345413208,-0.4559700105871473
-1.1260477089219623,-0.6699154592222638,-0.582376586066352,-0.3604340586397383,-0.4250669644938575,-0.5921448833412595,0.27359726031621295,-0.29843594630559284
-1.1260477089219623,-0.6699154592222638,-0.582376586066352,-0.3604340586397383,-0.4250669644938575,-0.5921448833412595,0.27359726031621295,-0.29843594630559284
-1.1260477089219623,-0.6699154592222638,-0.582376586066352,-0.3604340586397383,-0.4250669644938575,-0.5921448833412595,0.27359726031621295,-0.29843594630559284
-0.8645682469010353,-0.8636337772011757,-0.5342427521944046,-1.0048907577991486,-0.6603449016809464,-0.6677420675754547,0.04481809139251709,0.05190618634223938
-0.8645682469010353,-0.8636337772011757,-0.5342427521944046,-1.0048907577991486,-0.6603449016809464,-0.6677420675754547,0.04481809139251709,0.05190618634223938
-0.8645682469010353,-0.8636337772011757,-0.5342427521944046,-1.0048907577991486,-0.6603449016809464,-0.6677420675754547,0.04481809139251709,0.05190618634223938
-0.8645682469010353,-0.8636337772011757,-0.5342427521944046,-1.0048907577991486,-0.6603449016809464,-0.6677420675754547,0.04481809139251709,0.05190618634223938
-0.45937875078784096,-0.6434219363662932,-0.5409520235326555,-0.5167469878991445,-0.6262901094224718,-0.5359188781844245,0.060799201329549156,-0.15732320812013414
-0.45937875078784096,-0.6434219363662932,-0.5409520235326555,-0.5167469878991445,-0.6262901094224718,-0.5359188781844245,0.060799201329549156,-0.15732320812013414
-0.45937875078784096,-0.6434219363662932,-0.5409520235326555,-0.5167469878991445,-0.6262901094224718,-0.5359188781844245,0.060799201329549156,-0.15732320812013414
-0.7653248425987031,-0.5325950798061159,-0.624673013885816,-0.534751241405805,-0.5617717603842417,-0.542196187708113,-0.07232923309008281,-0.2962503764364455
-0.48565705120563507,-0.23403794212000711,-0.4668514568890844,-0.8759629768984658,-0.19236705026456288,-0.39667882876736776,-0.34079025047166006,-0.40900127802576336
-0.48565705120563507,-0.23403794212000711,-0.4668514568890844,-0.8759629768984658,-0.19236705026456288,-0.39667882876736776,-0.34079025047166006,-0.40900127802576336
-0.9373605081013271,-0.4486351992402758,-0.47910640069416593,-0.23549771734646388,-0.3165073288338525,-0.777737055506025,-0.23041952082089015,-0.6208029176507678
-0.642603942326137,-0.6882376330239433,-0.7420128669057574,-0.27432618396622793,-0.33437714193548473,-0.5107000342437199,-0.2372602437223707,-0.31616746527808054
-0.6446826085448265,-0.35927927643060686,-0.603918020427227,-0.5983170494437218,-0.3719636291265488,-0.4593634635210037,0.17977652847766876,-0.21853315979242324
-0.6446826085448265,-0.35927927643060686,-0.603918020427227,-0.5983170494437218,-0.3719636291265488,-0.4593634635210037,0.17977652847766876,-0.21853315979242324
-0.5341480953825845,-0.5822969261142943,-0.5033300899797015,-0.3599468055698607,-0.4433092176914215,-0.6125015848212771,0.11711100406116909,-0.07507093085183038
-0.5341480953825845,-0.5822969261142943,-0.5033300899797015,-0.3599468055698607,-0.4433092176914215,-0.6125015848212771,0.11711100406116909,-0.07507093085183038
-0.98226911681039,-0.6658755540847778,-0.680696325642722,-0.500166015965598,-0.5200696417263576,-0.5151678494044712,0.08523505074637276,-0.4455930292606354
-0.8452935644558498,-0.8800551763602665,-0.4035740963050297,-0.4324748601232256,-0.1823182020868574,-0.6449915553842273,-0.11361106378691536,-0.02626263669558934
-0.8791235515049526,-0.87859017934118,-0.4396327478545053,-0.32803661056927275,-0.5565491489001683,-0.7045601265771049,0.32237484199660166,-0.19382701175553457
-0.4682365208864212,-0.6067077480256557,-0.44652136601507664,-0.29432503320276737,-0.3922015354037285,-0.6921722143888474,-0.20040007680654526,-0.6539274714887142
-0.5833600527710385,-0.7824320958720313,-0.5738116585546069,-0.19524601101875305,-0.3292323400576909,-0.443008906311459,-0.13646415207121107,-0.3346713251537747
-0.5833600527710385,-0.7824320958720313,-0.5738116585546069,-0.19524601101875305,-0.3292323400576909,-0.443008906311459,-0.13646415207121107,-0.3346713251537747
-0.5833600527710385,-0.7824320958720313,-0.5738116585546069,-0.19524601101875305,-0.3292323400576909,-0.443008906311459,-0.13646415207121107,-0.3346713251537747
-0.5833600527710385,-0.7824320958720313,-0.5738116585546069,-0.19524601101875305,-0.3292323400576909,-0.443008906311459,-0.13646415207121107,-0.3346713251537747
-0.5833600527710385,-0.7824320958720313,-0.5738116585546069,-0.19524601101875305,-0.3292323400576909,-0.443008906311459,-0.13646415207121107,-0.3346713251537747
-0.4183213480494239,-0.3241099593314258,-0.5528254969553514,-0.45059464465488086,-0.30616268651051953,-0.6061910851435228,0.19022714278914712,-0.18482674251903186
-0.4183213480494239,-0.3241099593314258,-0.5528254969553514,-0.45059464465488086,-0.30616268651051953,-0.6061910851435228,0.19022714278914712,-0.18482674251903186
-0.4183213480494239,-0.3241099593314258,-0.5528254969553514,-0.45059464465488086,-0.30616268651051953,-0.6061910851435228,0.19022714278914712,-0.18482674251903186
-0.4183213480494239,-0.3241099593314258,-0.5528254969553514,-0.45059464465488086,-0.30616268651051953,-0.6061910851435228,0.19022714278914712,-0.18482674251903186
-0.4183213480494239,-0.3241099593314258,-0.5528254969553514,-0.45059464465488086,-0.30616268651051953,-0.6061910851435228,0.19022714278914712,-0.18482674251903186
-0.4183213480494239,-0.3241099593314258,-0.5528254969553514,-0.45059464465488086,-0.30616268651051953,-0.6061910851435228,0.19022714278914712,-0.18482674251903186
-0.4183213480494239,-0.3241099593314258,-0.5528254969553514,-0.45059464465488086,-0.30616268651051953,-0.6061910851435228,0.19022714278914712,-0.18482674251903186
-0.45395226155718166,-0.417916152626276,-0.4522103990117709,-0.5000930353999138,-0.37188467755913734,-0.6423744683464369,0.1316566045085589,-0.3042917152245839
-0.45395226155718166,-0.417916152626276,-0.4522103990117709,-0.5000930353999138,-0.37188467755913734,-0.6423744683464369,0.1316566045085589,-0.3042917152245839
-0.45395226155718166,-0.417916152626276,-0.4522103990117709,-0.5000930353999138,-0.37188467755913734,-0.6423744683464369,0.1316566045085589,-0.3042917152245839
-0.45395226155718166,-0.417916152626276,-0.4522103990117709,-0.5000930353999138,-0.37188467755913734,-0.6423744683464369,0.1316566045085589,-0.3042917152245839
-0.5694444090127945,-0.13340935558080674,-0.22260493636131287,-0.18856812119483948,-0.4015375480055809,-0.6797034561634063,-0.2734893441200256,-0.2710427284240723
-0.45395226155718166,-0.417916152626276,-0.4522103990117709,-0.5000930353999138,-0.37188467755913734,-0.6423744683464369,0.1316566045085589,-0.3042917152245839
-0.45395226155718166,-0.417916152626276,-0.4522103990117709,-0.5000930353999138,-0.37188467755913734,-0.6423744683464369,0.1316566045085589,-0.3042917152245839
-0.5436840520964729,0.20943282379044426,-0.33225012487835354,-0.05923557612631056,-0.4330807046757804,-0.292919569545322,-0.7047970733708806,-0.3347342875268724
-0.5436840520964729,0.20943282379044426,-0.33225012487835354,-0.05923557612631056,-0.4330807046757804,-0.292919569545322,-0.7047970733708806,-0.3347342875268724
-0.5812453602751096,0.19880694482061598,-0.2681240638097127,-0.19584766030311584,-0.48453755262825227,-0.43323717100752723,-0.3384510676066081,-0.35728657245635986
-0.5812453602751096,0.19880694482061598,-0.2681240638097127,-0.19584766030311584,-0.48453755262825227,-0.43323717100752723,-0.3384510676066081,-0.35728657245635986
-0.5812453602751096,0.19880694482061598,-0.2681240638097127,-0.19584766030311584,-0.48453755262825227,-0.43323717100752723,-0.3384510676066081,-0.35728657245635986
-0.5812453602751096,0.19880694482061598,-0.2681240638097127,-0.19584766030311584,-0.48453755262825227,-0.43323717100752723,-0.3384510676066081,-0.35728657245635986
-0.5812453602751096,0.19880694482061598,-0.2681240638097127,-0.19584766030311584,-0.48453755262825227,-0.43323717100752723,-0.3384510676066081,-0.35728657245635986
-0.3134136348962784,0.11303134821355343,-0.030940736643970013,-0.06980121042579412,-0.36507061310112476,-0.7217291425913572,-0.5219078632071614,-0.44748979434370995
-0.3134136348962784,0.11303134821355343,-0.030940736643970013,-0.06980121042579412,-0.36507061310112476,-0.7217291425913572,-0.5219078632071614,-0.44748979434370995
-0.6860786834183861,0.007555980892742381,-0.3376377663191627,-0.08001882013152628,-0.31418829893364625,-0.2899560139459722,-0.5024109535357532,-0.6672704570433673
-0.6860786834183861,0.007555980892742381,-0.3376377663191627,-0.08001882013152628,-0.31418829893364625,-0.2899560139459722,-0.5024109535357532,-0.6672704570433673
-0.6860786834183861,0.007555980892742381,-0.3376377663191627,-0.08001882013152628,-0.31418829893364625,-0.2899560139459722,-0.5024109535357532,-0.6672704570433673
-0.6860786834183861,0.007555980892742381,-0.3376377663191627,-0.08001882013152628,-0.31418829893364625,-0.2899560139459722,-0.5024109535357532,-0.6672704570433673
-0.6860786834183861,0.007555980892742381,-0.3376377663191627,-0.08001882013152628,-0.31418829893364625,-0.2899560139459722,-0.5024109535357532,-0.6672704570433673
-0.6860786834183861,0.007555980892742381,-0.3376377663191627,-0.08001882013152628,-0.31418829893364625,-0.2899560139459722,-0.5024109535357532,-0.6672704570433673
-0.6174529428992953,0.13063510188034602,-0.43369546426194056,-0.06997668210949216,-0.4758728135909353,-0.29835826797144754,-0.482730579163347,-0.47593062477452414
-0.6174529428992953,0.13063510188034602,-0.43369546426194056,-0.06997668210949216,-0.4758728135909353,-0.29835826797144754,-0.482730579163347,-0.47593062477452414
-0.6073594152927398,0.16343615253766378,-0.49442005455493926,-0.014500509699185688,-0.5031795491774876,-0.2417325794696808,-0.5519296119610468,-0.4848086416721344
-0.6073594152927398,0.16343615253766378,-0.49442005455493926,-0.014500509699185688,-0.5031795491774876,-0.2417325794696808,-0.5519296119610468,-0.4848086416721344
-0.2298381572419947,0.2661109945990823,-0.2998477437279441,-0.07420088350772858,-0.6213535395535555,-0.5295126790350134,-0.7797116285020654,-0.5460940951650793
-0.5515989080855721,-0.2494616339865484,-0.24490980215762792,-0.23011224246338793,-0.38766139235935715,-0.6702228400268053,-0.3663982529389231,-0.579882835871295
-0.5515989080855721,-0.2494616339865484,-0.24490980215762792,-0.23011224246338793,-0.38766139235935715,-0.6702228400268053,-0.3663982529389231,-0.579882835871295
-0.5816848365699544,-0.394749959163806,-0.2929590537267573,-0.1369385706151233,-0.3638417422771454,-0.6644705174600377,-0.27162623799899044,-0.5365120339043
-0.5816848365699544,-0.394749959163806,-0.2929590537267573,-0.1369385706151233,-0.3638417422771454,-0.6644705174600377,-0.27162623799899044,-0.5365120339043
-0.455102092689938,-0.08080221657399778,-0.46549669956719436,-0.2625333931710985,-0.29022041735825715,-0.5864304359312411,-0.30815415525877915,-0.31011537269309714
-0.455102092689938,-0.08080221657399778,-0.46549669956719436,-0.2625333931710985,-0.29022041735825715,-0.5864304359312411,-0.30815415525877915,-0.31011537269309714
-0.32248046077214754,-0.19794491162666908,-0.40029752598359036,-0.1943725341787705,-0.3427100175848374,-0.6235847083421854,-0.09117219597101212,-0.36223489275345433
-0.5961328864097595,-0.7255921244621277,0.12921301275491714,-0.45679657757282255,-0.3867357403039932,-0.6565412402153015,0.01701454073190689,-0.5270816564559937
-0.5961328864097595,-0.7255921244621277,0.12921301275491714,-0.45679657757282255,-0.3867357403039932,-0.6565412402153015,0.01701454073190689,-0.5270816564559937
-0.5961328864097595,-0.7255921244621277,0.12921301275491714,-0.45679657757282255,-0.3867357403039932,-0.6565412402153015,0.01701454073190689,-0.5270816564559937
-0.5961328864097595,-0.7255921244621277,0.12921301275491714,-0.45679657757282255,-0.3867357403039932,-0.6565412402153015,0.01701454073190689,-0.5270816564559937
-0.5961328864097595,-0.7255921244621277,0.12921301275491714,-0.45679657757282255,-0.3867357403039932,-0.6565412402153015,0.01701454073190689,-0.5270816564559937
-0.5961328864097595,-0.7255921244621277,0.12921301275491714,-0.45679657757282255,-0.3867357403039932,-0.6565412402153015,0.01701454073190689,-0.5270816564559937
-0.5961328864097595,-0.7255921244621277,0.12921301275491714,-0.45679657757282255,-0.3867357403039932,-0.6565412402153015,0.01701454073190689,-0.5270816564559937
-0.5961328864097595,-0.7255921244621277,0.12921301275491714,-0.45679657757282255,-0.3867357403039932,-0.6565412402153015,0.01701454073190689,-0.5270816564559937
-0.5961328864097595,-0.7255921244621277,0.12921301275491714,-0.45679657757282255,-0.3867357403039932,-0.6565412402153015,0.01701454073190689,-0.5270816564559937
-0.5961328864097595,-0.7255921244621277,0.12921301275491714,-0.45679657757282255,-0.3867357403039932,-0.6565412402153015,0.01701454073190689,-0.5270816564559937
-0.5961328864097595,-0.7255921244621277,0.12921301275491714,-0.45679657757282255,-0.3867357403039932,-0.6565412402153015,0.01701454073190689,-0.5270816564559937
-0.5961328864097595,-0.7255921244621277,0.12921301275491714,-0.45679657757282255,-0.3867357403039932,-0.6565412402153015,0.01701454073190689,-0.5270816564559937
-0.5961328864097595,-0.7255921244621277,0.12921301275491714,-0.45679657757282255,-0.3867357403039932,-0.6565412402153015,0.01701454073190689,-0.5270816564559937
-0.4765046010999119,0.1804733381551855,-0.20870079626055324,-0.11380654573440552,-0.47268252775949593,-0.44597312106805687,-0.38610826082089367,-0.603781966602101
-0.6249033692810271,-0.3515213131904602,-0.18563671824004915,-0.2628338212768237,-0.5077338707115915,-0.26365676605039173,-0.476837878425916,-0.6021222886112001
-0.6249033692810271,-0.3515213131904602,-0.18563671824004915,-0.2628338212768237,-0.5077338707115915,-0.26365676605039173,-0.476837878425916,-0.6021222886112001
-0.6249033692810271,-0.3515213131904602,-0.18563671824004915,-0.2628338212768237,-0.5077338707115915,-0.26365676605039173,-0.476837878425916,-0.6021222886112001
-0.19968780279159545,0.1583307405312856,-0.29239270091056824,-0.09483880201975504,-0.23893511990706126,-0.7033762057622274,-0.39110196431477867,-0.14928547342618306
-0.1528166433175405,0.13515118899799528,-0.1964248546532222,-0.2598377083029066,-0.27135334483214785,-0.728134457554136,-0.3629582538491204,-0.28141877197083975
-0.2201682749119672,0.09592601250518452,-0.14982282573526556,-0.1896015371788632,-0.28135657513683493,-0.6468363214622844,-0.44192888045852835,-0.26747276295315137
-0.2201682749119672,0.09592601250518452,-0.14982282573526556,-0.1896015371788632,-0.28135657513683493,-0.6468363214622844,-0.44192888045852835,-0.26747276295315137
-0.2006924179467288,0.20707392557100815,-0.14724119684912942,-0.20194446701895108,-0.21088155629959973,-0.6940244571729139,-0.4200894053686749,-0.3080912191759456
-0.2006924179467288,0.20707392557100815,-0.14724119684912942,-0.20194446701895108,-0.21088155629959973,-0.6940244571729139,-0.4200894053686749,-0.3080912191759456
-0.16025742689768474,0.2679150482018789,-0.20289875864982604,0.024593538045883177,-0.3026287446419398,-0.6279660940170289,-0.41033306121826174,-0.11126627922058105
-0.42715208828449247,-0.2331634283065796,-0.43509897738695147,-0.20288328230381011,-0.6281046703457832,-0.44965839982032774,-0.4490106597542763,-0.4046834796667099
-0.42715208828449247,-0.2331634283065796,-0.43509897738695147,-0.20288328230381011,-0.6281046703457832,-0.44965839982032774,-0.4490106597542763,-0.4046834796667099
-0.42715208828449247,-0.2331634283065796,-0.43509897738695147,-0.20288328230381011,-0.6281046703457832,-0.44965839982032774,-0.4490106597542763,-0.4046834796667099
-0.42715208828449247,-0.2331634283065796,-0.43509897738695147,-0.20288328230381011,-0.6281046703457832,-0.44965839982032774,-0.4490106597542763,-0.4046834796667099
-0.42715208828449247,-0.2331634283065796,-0.43509897738695147,-0.20288328230381011,-0.6281046703457832,-0.44965839982032774,-0.4490106597542763,-0.4046834796667099
-0.11641041272216374,0.026135873463418748,-0.2494039394789272,-0.16296616196632385,-0.3260221340590053,-0.7710446765025457,-0.23950491762823528,-0.11674281458059947
-0.11641041272216374,0.026135873463418748,-0.2494039394789272,-0.16296616196632385,-0.3260221340590053,-0.7710446765025457,-0.23950491762823528,-0.11674281458059947
-0.11641041272216374,0.026135873463418748,-0.2494039394789272,-0.16296616196632385,-0.3260221340590053,-0.7710446765025457,-0.23950491762823528,-0.11674281458059947
-0.2555915911992391,0.21680287892619768,-0.27172094645599526,-0.12597833201289177,-0.3583507016301155,-0.6780153649548689,-0.5055657836298147,-0.23020867506663004
-0.2555915911992391,0.21680287892619768,-0.27172094645599526,-0.12597833201289177,-0.3583507016301155,-0.6780153649548689,-0.5055657836298147,-0.23020867506663004
-0.2555915911992391,0.21680287892619768,-0.27172094645599526,-0.12597833201289177,-0.3583507016301155,-0.6780153649548689,-0.5055657836298147,-0.23020867506663004
-0.2862601190805435,-0.16056996285915376,-0.19966079741716386,-0.03775111883878708,-0.21550959795713426,-0.9130180358886719,-0.6165271311998367,-0.42100031673908234
0.08197693278392156,-0.22801806777715683,-0.1112162433564663,-0.13794130831956863,-0.21988904600342116,-0.9920172542333603,-0.5255480445921421,0.02693490932385127
0.08197693278392156,-0.22801806777715683,-0.1112162433564663,-0.13794130831956863,-0.21988904600342116,-0.9920172542333603,-0.5255480445921421,0.02693490932385127
0.08197693278392156,-0.22801806777715683,-0.1112162433564663,-0.13794130831956863,-0.21988904600342116,-0.9920172542333603,-0.5255480445921421,0.02693490932385127
0.08197693278392156,-0.22801806777715683,-0.1112162433564663,-0.13794130831956863,-0.21988904600342116,-0.9920172542333603,-0.5255480445921421,0.02693490932385127
-0.28631328472069334,0.15815946885517665,-0.32407707295247484,0.011895693838596344,-0.28419930807181765,-0.6564745775290898,-0.7109144298093659,-0.4154957043273108
-0.28631328472069334,0.15815946885517665,-0.32407707295247484,0.011895693838596344,-0.28419930807181765,-0.6564745775290898,-0.7109144298093659,-0.4154957043273108
-0.6697039937271791,0.08531202288234935,-0.3225335583967321,-0.21702361632795894,-0.39838116572183724,-0.5177622244638556,-0.3858970368609709,-0.4767281290362863
-0.6697039937271791,0.08531202288234935,-0.3225335583967321,-0.21702361632795894,-0.39838116572183724,-0.5177622244638556,-0.3858970368609709,-0.4767281290362863
-0.6697039937271791,0.08531202288234935,-0.3225335583967321,-0.21702361632795894,-0.39838116572183724,-0.5177622244638556,-0.3858970368609709,-0.4767281290362863
-0.6697039937271791,0.08531202288234935,-0.3225335583967321,-0.21702361632795894,-0.39838116572183724,-0.5177622244638556,-0.3858970368609709,-0.4767281290362863
-0.6904764821132024,0.13806370894114176,-0.2922675460577011,-0.22181391716003418,-0.3996513841880692,-0.5098055650790533,-0.5262711081239912,-0.47734928462240434
-0.6904764821132024,0.13806370894114176,-0.2922675460577011,-0.22181391716003418,-0.3996513841880692,-0.5098055650790533,-0.5262711081239912,-0.47734928462240434
-0.6904764821132024,0.13806370894114176,-0.2922675460577011,-0.22181391716003418,-0.3996513841880692,-0.5098055650790533,-0.5262711081239912,-0.47734928462240434
-0.6904764821132024,0.13806370894114176,-0.2922675460577011,-0.22181391716003418,-0.3996513841880692,-0.5098055650790533,-0.5262711081239912,-0.47734928462240434
-0.6904764821132024,0.13806370894114176,-0.2922675460577011,-0.22181391716003418,-0.3996513841880692,-0.5098055650790533,-0.5262711081239912,-0.47734928462240434
-0.6904764821132024,0.13806370894114176,-0.2922675460577011,-0.22181391716003418,-0.3996513841880692,-0.5098055650790533,-0.5262711081239912,-0.47734928462240434
-0.6904764821132024,0.13806370894114176,-0.2922675460577011,-0.22181391716003418,-0.3996513841880692,-0.5098055650790533,-0.5262711081239912,-0.47734928462240434
-0.6904764821132024,0.13806370894114176,-0.2922675460577011,-0.22181391716003418,-0.3996513841880692,-0.5098055650790533,-0.5262711081239912,-0.47734928462240434
-0.3657715208828449,0.07501428325970967,-0.14329163605968157,-0.08113441616296768,-0.5461019364496073,-0.3335150604446729,-0.29021968071659404,0.04882194350163142
-0.3657715208828449,0.07501428325970967,-0.14329163605968157,-0.08113441616296768,-0.5461019364496073,-0.3335150604446729,-0.29021968071659404,0.04882194350163142
-0.3657715208828449,0.07501428325970967,-0.14329163605968157,-0.08113441616296768,-0.5461019364496073,-0.3335150604446729,-0.29021968071659404,0.04882194350163142
-0.3657715208828449,0.07501428325970967,-0.14329163605968157,-0.08113441616296768,-0.5461019364496073,-0.3335150604446729,-0.29021968071659404,0.04882194350163142
-0.38890266099146437,0.38844059833458494,-0.3666068730609758,-0.004741314266409192,-0.4107124315840857,-0.3609883785247803,-0.5707689938800675,-0.27660164662769865
-0.38890266099146437,0.38844059833458494,-0.3666068730609758,-0.004741314266409192,-0.4107124315840857,-0.3609883785247803,-0.5707689938800675,-0.27660164662769865
-0.5850413200401124,0.08853128268605187,-0.41637724779901053,0.05339370242186955,-0.6418446962322507,-0.6153133497351692,-0.46045013126872836,-0.12761793108213515
-0.3073505689116085,-0.45629099186728983,-0.25050443498527303,-0.5584635401473326,-0.0066635293119093955,-0.6081688807291143,-0.698713027379092,-0.09668305340935202
-0.3073505689116085,-0.45629099186728983,-0.25050443498527303,-0.5584635401473326,-0.0066635293119093955,-0.6081688807291143,-0.698713027379092,-0.09668305340935202
-0.3073505689116085,-0.45629099186728983,-0.25050443498527303,-0.5584635401473326,-0.0066635293119093955,-0.6081688807291143,-0.698713027379092,-0.09668305340935202
-0.23398683799637687,-0.3924614489078522,0.03264551692538791,-0.04966101712650723,-0.5024940768877665,-0.14159180058373344,-0.5570680499076843,0.006959891981548733
-0.25719315707683565,-0.29095021784305575,-0.10507546663284302,0.03152167499065399,-0.540792053937912,-0.07232991456985474,-0.6534328520298004,-0.05464618504047394
-0.30357384255954195,-0.5329285987785884,0.2297766421522413,-0.016461563961846486,-0.42934464131082806,-0.4954079602445875,-0.7679815505232129,-0.02333235740661621
-0.4287857587138812,-0.4069008106986682,0.310041385392348,-0.14735128358006477,-0.3461502219239871,-0.43470189968744916,-0.8538741581141949,-0.18182731668154398
-0.4287857587138812,-0.4069008106986682,0.310041385392348,-0.14735128358006477,-0.3461502219239871,-0.43470189968744916,-0.8538741581141949,-0.18182731668154398
-0.22737479480830106,-0.5392248034477234,0.013578307899561796,-0.5284150283445012,0.1265619234605269,-0.6396576274525035,-0.6789412146264856,-0.27504035559567536
-0.996502867766789,-0.2474223588194166,-0.7600436976977757,-0.3857487163373402,-0.5148937574454716,-0.7648735344409943,0.18809559728418077,-0.7691136215414319
-0.4776858265201251,-0.9507499759395918,-0.9089689875642458,-0.12580334643522897,-0.3117592732111613,0.17095796763896942,-0.5663206800818443,-0.008800690372784933
-0.4776858265201251,-0.9507499759395918,-0.9089689875642458,-0.12580334643522897,-0.3117592732111613,0.17095796763896942,-0.5663206800818443,-0.008800690372784933
-0.4776858265201251,-0.9507499759395918,-0.9089689875642458,-0.12580334643522897,-0.3117592732111613,0.17095796763896942,-0.5663206800818443,-0.008800690372784933
-0.4776858265201251,-0.9507499759395918,-0.9089689875642458,-0.12580334643522897,-0.3117592732111613,0.17095796763896942,-0.5663206800818443,-0.008800690372784933
0.14459845423698425,-0.5480025453226907,-0.2166016697883606,-0.3116468297583716,0.2636472795690809,-0.24507749932152884,-0.4200735879795892,-0.3440765653337751
-0.1941386525120054,-0.09594369999000005,-0.35144148766994476,-0.7355199850031308,-0.5234848814351218,-0.3028656989336014,-0.33360700415713446,-0.32524482692990986
-0.1941386525120054,-0.09594369999000005,-0.35144148766994476,-0.7355199850031308,-0.5234848814351218,-0.3028656989336014,-0.33360700415713446,-0.32524482692990986
-0.20763692011435828,-0.43362722049156827,-0.1712753896911939,-0.19171836227178574,-0.5930790466566881,-0.31433508917689323,-0.048531810442606606,-0.3931722156703472
-0.20763692011435828,-0.43362722049156827,-0.1712753896911939,-0.19171836227178574,-0.5930790466566881,-0.31433508917689323,-0.048531810442606606,-0.3931722156703472
-0.20763692011435828,-0.43362722049156827,-0.1712753896911939,-0.19171836227178574,-0.5930790466566881,-0.31433508917689323,-0.048531810442606606,-0.3931722156703472
-0.20763692011435828,-0.43362722049156827,-0.1712753896911939,-0.19171836227178574,-0.5930790466566881,-0.31433508917689323,-0.048531810442606606,-0.3931722156703472
-0.20763692011435828,-0.43362722049156827,-0.1712753896911939,-0.19171836227178574,-0.5930790466566881,-0.31433508917689323,-0.048531810442606606,-0.3931722156703472
0.050192945533328585,-0.46613120370441014,-0.15840750104851192,-0.22362381054295433,-0.7978866712914573,-0.21374219987127516,0.1516156925095452,-0.11787649657991198
0.050192945533328585,-0.46613120370441014,-0.15840750104851192,-0.22362381054295433,-0.7978866712914573,-0.21374219987127516,0.1516156925095452,-0.11787649657991198
0.050192945533328585,-0.46613120370441014,-0.15840750104851192,-0.22362381054295433,-0.7978866712914573,-0.21374219987127516,0.1516156925095452,-0.11787649657991198
0.050192945533328585,-0.46613120370441014,-0.15840750104851192,-0.22362381054295433,-0.7978866712914573,-0.21374219987127516,0.1516156925095452,-0.11787649657991198
0.2134010876928057,0.061702153512409756,-0.1551043199641364,-0.08589374380452293,-0.3842179136616843,-0.13469480190958297,0.03017100691795349,-0.18863472768238612
-0.4822617948055267,-0.8331045061349869,-0.3136395335197449,-0.5770161867141723,-0.4750172719359398,-0.5095776796340943,-0.006382694840431214,-0.2965471714735031
-0.18654532730579376,-0.5526285693049431,-0.5169861763715744,-0.5157904475927353,-0.9231306165456772,-0.2786516100168228,0.17512067034840584,0.04118429124355316
-0.05853695027968463,-0.3032773855854483,-0.077210553428706,-0.4472103557165931,-0.4366338402032852,-0.44888637258726005,0.05136044586406035,-0.3970752875594532
-0.2683306286732356,-0.6039796123902003,-0.15162773927052817,-0.6009158665935198,-0.19797216107447943,-0.32161565373341244,-0.5019380388160547,-0.5186445986231168
-0.2683306286732356,-0.6039796123902003,-0.15162773927052817,-0.6009158665935198,-0.19797216107447943,-0.32161565373341244,-0.5019380388160547,-0.5186445986231168
-0.2683306286732356,-0.6039796123902003,-0.15162773927052817,-0.6009158665935198,-0.19797216107447943,-0.32161565373341244,-0.5019380388160547,-0.5186445986231168
-0.5036090849077001,-0.44320914938169365,-0.3945913095684612,-0.58606536248151,-0.320646353504237,-0.21953177364433513,-0.2912728567333782,-0.36792965934557076
-0.5036090849077001,-0.44320914938169365,-0.3945913095684612,-0.58606536248151,-0.320646353504237,-0.21953177364433513,-0.2912728567333782,-0.36792965934557076
-0.3231596698363622,-0.581071545680364,-0.23872092987100282,-0.5124939692517122,-0.2296875168879827,-0.16954486320416132,-0.3791813763479392,-0.2511683280269305
-0.3231596698363622,-0.581071545680364,-0.23872092987100282,-0.5124939692517122,-0.2296875168879827,-0.16954486320416132,-0.3791813763479392,-0.2511683280269305
-0.36208466484266166,-0.3989087965558557,-0.3995688724167207,-0.5226077945793376,-0.2568190790274564,-0.23432740306153016,-0.20879328864462235,-0.2218458345707725
-0.36208466484266166,-0.3989087965558557,-0.3995688724167207,-0.5226077945793376,-0.2568190790274564,-0.23432740306153016,-0.20879328864462235,-0.2218458345707725
-0.36208466484266166,-0.3989087965558557,-0.3995688724167207,-0.5226077945793376,-0.2568190790274564,-0.23432740306153016,-0.20879328864462235,-0.2218458345707725
-0.36208466484266166,-0.3989087965558557,-0.3995688724167207,-0.5226077945793376,-0.2568190790274564,-0.23432740306153016,-0.20879328864462235,-0.2218458345707725
0.21297605170143974,0.042251533932156034,-0.005837245119942559,-0.190721301568879,-0.3329777287112342,-0.1353662974304623,0.09148706826898786,-0.2207225329346127
-0.21362062437193735,-0.47104973026684355,-0.3538930267095566,-0.23535823609147752,-0.6594363238130297,-0.31257333925792147,0.3808842258793967,-0.1057769273008619
-0.1249183780617184,-0.6513353619310591,-0.15374212629265255,-0.550752729177475,-0.9165675656663047,-0.19319244556956822,0.21257223354445565,-0.09276353319485982
-0.1249183780617184,-0.6513353619310591,-0.15374212629265255,-0.550752729177475,-0.9165675656663047,-0.19319244556956822,0.21257223354445565,-0.09276353319485982
-0.1249183780617184,-0.6513353619310591,-0.15374212629265255,-0.550752729177475,-0.9165675656663047,-0.19319244556956822,0.21257223354445565,-0.09276353319485982
0.2914320358208248,-0.43019632356507437,-0.2786616938454764,-0.22549408674240112,-0.8537083523614066,-0.10270289438111442,0.24042536105428422,-0.2617534271308354
-0.11866211755709215,-0.4368733343752948,-0.2845808687535199,-0.15450366112318906,-0.614816733381965,-0.2060663862661882,0.0677129328250885,-0.2286475978114388
-0.11866211755709215,-0.4368733343752948,-0.2845808687535199,-0.15450366112318906,-0.614816733381965,-0.2060663862661882,0.0677129328250885,-0.2286475978114388
-0.11866211755709215,-0.4368733343752948,-0.2845808687535199,-0.15450366112318906,-0.614816733381965,-0.2060663862661882,0.0677129328250885,-0.2286475978114388
-0.047485786405476654,-0.44945349070158874,-0.4725039398128336,-0.22460539909926328,-0.5523147284984589,-0.20612722906199368,0.23578734560446304,-0.10201324928890575
-0.047485786405476654,-0.44945349070158874,-0.4725039398128336,-0.22460539909926328,-0.5523147284984589,-0.20612722906199368,0.23578734560446304,-0.10201324928890575
-0.047485786405476654,-0.44945349070158874,-0.4725039398128336,-0.22460539909926328,-0.5523147284984589,-0.20612722906199368,0.23578734560446304,-0.10201324928890575
-0.6863023638725281,-0.26927887967654635,-0.988345239843641,-0.5656639827149255,-0.3812633454799652,-0.8508073602403913,-0.20872689357825688,-0.42772652421678814
-0.574269625875685,-0.07380377252896626,-0.5731598718298806,-0.6167206002606286,-0.06451034214761522,-0.7078736159536574,-0.09117932286527422,-0.4008924596839481
-0.574269625875685,-0.07380377252896626,-0.5731598718298806,-0.6167206002606286,-0.06451034214761522,-0.7078736159536574,-0.09117932286527422,-0.4008924596839481
-0.7682649408067975,-0.266904992716653,-0.7376563123294285,-0.20074841380119324,-0.05736843390124185,-0.8526789120265416,-0.21422197137560164,-0.5190536890711103
-0.5652136887822833,-0.5558283797332219,-0.9889308490923473,-0.3825561915125166,-0.041216831122125895,-0.6877344122954777,-0.3900968666587557,-0.3210956071104322
-0.34323304762010987,-0.5948581112467725,-0.3209805359011111,-0.6107304627480714,-0.08495411471180293,-0.3112986567227737,-0.010727001273113749,-0.31175463355105854
-0.46842793984846637,-0.7458285906098105,-0.5574954639781605,-0.2274001051079143,-0.2313735674728047,-0.8508262119509957,-0.3130499232899059,-0.1505721319805492
-0.5221157507462935,-0.6089165183630857,-0.823713942007585,-0.26723814552480524,-0.13664211603728207,-0.6002688353711908,-0.16929130391641098,-0.18130312182686545
-0.2522150469677789,-0.1096960838351931,-0.3224634921976498,-0.19756381532975606,-0.09956075357539314,-0.29942406501088825,-0.282631197146007,-0.2829030156135559
-0.2522150469677789,-0.1096960838351931,-0.3224634921976498,-0.19756381532975606,-0.09956075357539314,-0.29942406501088825,-0.282631197146007,-0.2829030156135559
-0.2522150469677789,-0.1096960838351931,-0.3224634921976498,-0.19756381532975606,-0.09956075357539314,-0.29942406501088825,-0.282631197146007,-0.2829030156135559
-0.2522150469677789,-0.1096960838351931,-0.3224634921976498,-0.19756381532975606,-0.09956075357539314,-0.29942406501088825,-0.282631197146007,-0.2829030156135559
-0.2522150469677789,-0.1096960838351931,-0.3224634921976498,-0.19756381532975606,-0.09956075357539314,-0.29942406501088825,-0.282631197146007,-0.2829030156135559
-0.25824842921325136,-0.2561628371477127,0.010584770568779536,-0.5737425088882446,-0.17251570097037724,-0.07570303444351469,-0.5160368170057025,-0.36393659668309347
-0.25824842921325136,-0.2561628371477127,0.010584770568779536,-0.5737425088882446,-0.17251570097037724,-0.07570303444351469,-0.5160368170057025,-0.36393659668309347
-0.7060531385242939,-0.3125366307795048,-0.5807100921869278,-0.4482734389603138,-0.31208265721797945,-0.34578159302473066,-0.2042287327349186,-0.3246361196041107
-0.7060531385242939,-0.3125366307795048,-0.5807100921869278,-0.4482734389603138,-0.31208265721797945,-0.34578159302473066,-0.2042287327349186,-0.3246361196041107
-0.7060531385242939,-0.3125366307795048,-0.5807100921869278,-0.4482734389603138,-0.31208265721797945,-0.34578159302473066,-0.2042287327349186,-0.3246361196041107
-0.7060531385242939,-0.3125366307795048,-0.5807100921869278,-0.4482734389603138,-0.31208265721797945,-0.34578159302473066,-0.2042287327349186,-0.3246361196041107
-0.7060531385242939,-0.3125366307795048,-0.5807100921869278,-0.4482734389603138,-0.31208265721797945,-0.34578159302473066,-0.2042287327349186,-0.3246361196041107
-0.32868085482290815,-0.48693714077983585,-0.5167543824229922,-0.7762702384165355,-0.4165868418557303,-0.26279692564691814,-0.11599175738436836,-0.4217632178749357
-0.32868085482290815,-0.48693714077983585,-0.5167543824229922,-0.7762702384165355,-0.4165868418557303,-0.26279692564691814,-0.11599175738436836,-0.4217632178749357
-0.1184995745619138,-0.6929698958992958,-0.37963536630074185,-0.817442404727141,-0.42236341039339703,-0.4332864085833232,-0.2506806092957656,-0.4722049708167712
-0.1184995745619138,-0.6929698958992958,-0.37963536630074185,-0.817442404727141,-0.42236341039339703,-0.4332864085833232,-0.2506806092957656,-0.4722049708167712
-0.1184995745619138,-0.6929698958992958,-0.37963536630074185,-0.817442404727141,-0.42236341039339703,-0.4332864085833232,-0.2506806092957656,-0.4722049708167712
-0.053973846710645236,-0.390856323333887,-0.10853412976631752,-0.5981652942987589,-0.4299433621076437,-0.27300313917490154,-0.5633992415208083,-0.2671574285397163
-0.053973846710645236,-0.390856323333887,-0.10853412976631752,-0.5981652942987589,-0.4299433621076437,-0.27300313917490154,-0.5633992415208083,-0.2671574285397163
-0.053973846710645236,-0.390856323333887,-0.10853412976631752,-0.5981652942987589,-0.4299433621076437,-0.27300313917490154,-0.5633992415208083,-0.2671574285397163
-0.8248183990226072,-0.6942490654833177,-0.5205674636013368,-0.39508718252182007,-0.4009404182434082,-0.43093717448851643,-0.3345270945745356,-0.40572357002426596
-0.8248183990226072,-0.6942490654833177,-0.5205674636013368,-0.39508718252182007,-0.4009404182434082,-0.43093717448851643,-0.3345270945745356,-0.40572357002426596
-0.8248183990226072,-0.6942490654833177,-0.5205674636013368,-0.39508718252182007,-0.4009404182434082,-0.43093717448851643,-0.3345270945745356,-0.40572357002426596
-0.053973846710645236,-0.390856323333887,-0.10853412976631752,-0.5981652942987589,-0.4299433621076437,-0.27300313917490154,-0.5633992415208083,-0.2671574285397163
-0.053973846710645236,-0.390856323333887,-0.10853412976631752,-0.5981652942987589,-0.4299433621076437,-0.27300313917490154,-0.5633992415208083,-0.2671574285397163
-0.4697034088048068,-0.38319534063339233,-0.290676547722383,-0.11774853684685448,-0.3810385817831213,-0.507479651407762,-0.1720669852061705,-0.8952003798701547
-0.4697034088048068,-0.38319534063339233,-0.290676547722383,-0.11774853684685448,-0.3810385817831213,-0.507479651407762,-0.1720669852061705,-0.8952003798701547
-0.053973846710645236,-0.390856323333887,-0.10853412976631752,-0.5981652942987589,-0.4299433621076437,-0.27300313917490154,-0.5633992415208083,-0.2671574285397163
-0.6699410098440507,-0.570671055246802,-0.5659070374334559,-0.48509665271815133,-0.29236263387343464,-0.4478709084146163,-0.3601386354250066,-0.5591896193868974
-0.6699410098440507,-0.570671055246802,-0.5659070374334559,-0.48509665271815133,-0.29236263387343464,-0.4478709084146163,-0.3601386354250066,-0.5591896193868974
-0.6699410098440507,-0.570671055246802,-0.5659070374334559,-0.48509665271815133,-0.29236263387343464,-0.4478709084146163,-0.3601386354250066,-0.5591896193868974
-0.053973846710645236,-0.390856323333887,-0.10853412976631752,-0.5981652942987589,-0.4299433621076437,-0.27300313917490154,-0.5633992415208083,-0.2671574285397163
-0.5175256810405038,-0.7537685199217363,-0.8807787204330618,-0.20993026684631,-0.5215813463384454,-0.5517662167549133,-0.43429597128521313,-0.4248513064601205
-0.5175256810405038,-0.7537685199217363,-0.8807787204330618,-0.20993026684631,-0.5215813463384454,-0.5517662167549133,-0.43429597128521313,-0.4248513064601205
-0.29882021993398666,-0.8730459660291672,0.15851491317152977,-0.7971409279853106,-0.3926786109805107,0.02277979627251625,-0.3197222761809826,-0.5566085465252399
-0.30233001496110645,-0.3528862851006644,-0.015292979776859283,-0.6371325360877174,-0.15671566341604506,-0.11887011464153018,-0.4875559040478298,-0.442963964172772
-0.30233001496110645,-0.3528862851006644,-0.015292979776859283,-0.6371325360877174,-0.15671566341604506,-0.11887011464153018,-0.4875559040478298,-0.442963964172772
-0.30233001496110645,-0.3528862851006644,-0.015292979776859283,-0.6371325360877174,-0.15671566341604506,-0.11887011464153018,-0.4875559040478298,-0.442963964172772
-0.30233001496110645,-0.3528862851006644,-0.015292979776859283,-0.6371325360877174,-0.15671566341604506,-0.11887011464153018,-0.4875559040478298,-0.442963964172772
-0.30233001496110645,-0.3528862851006644,-0.015292979776859283,-0.6371325360877174,-0.15671566341604506,-0.11887011464153018,-0.4875559040478298,-0.442963964172772
-0.30233001496110645,-0.3528862851006644,-0.015292979776859283,-0.6371325360877174,-0.15671566341604506,-0.11887011464153018,-0.4875559040478298,-0.442963964172772
-0.30233001496110645,-0.3528862851006644,-0.015292979776859283,-0.6371325360877174,-0.15671566341604506,-0.11887011464153018,-0.4875559040478298,-0.442963964172772
-0.30233001496110645,-0.3528862851006644,-0.015292979776859283,-0.6371325360877174,-0.15671566341604506,-0.11887011464153018,-0.4875559040478298,-0.442963964172772
-0.30233001496110645,-0.3528862851006644,-0.015292979776859283,-0.6371325360877174,-0.15671566341604506,-0.11887011464153018,-0.4875559040478298,-0.442963964172772
-0.36295665241777897,-0.4796507004648447,0.06457713525742292,-0.7594025954604149,-0.6144590489566326,-0.01060542743653059,-0.6846356149762869,-0.4957019239664078
-0.36295665241777897,-0.4796507004648447,0.06457713525742292,-0.7594025954604149,-0.6144590489566326,-0.01060542743653059,-0.6846356149762869,-0.4957019239664078
-0.36295665241777897,-0.4796507004648447,0.06457713525742292,-0.7594025954604149,-0.6144590489566326,-0.01060542743653059,-0.6846356149762869,-0.4957019239664078
-0.36295665241777897,-0.4796507004648447,0.06457713525742292,-0.7594025954604149,-0.6144590489566326,-0.01060542743653059,-0.6846356149762869,-0.4957019239664078
-0.36295665241777897,-0.4796507004648447,0.06457713525742292,-0.7594025954604149,-0.6144590489566326,-0.01060542743653059,-0.6846356149762869,-0.4957019239664078
-0.36295665241777897,-0.4796507004648447,0.06457713525742292,-0.7594025954604149,-0.6144590489566326,-0.01060542743653059,-0.6846356149762869,-0.4957019239664078
-0.36295665241777897,-0.4796507004648447,0.06457713525742292,-0.7594025954604149,-0.6144590489566326,-0.01060542743653059,-0.6846356149762869,-0.4957019239664078
-0.3472901009596311,-0.31596190883563113,-0.09318999258371499,-0.7055856104080493,-0.22663338826252863,-0.03272545223052685,-0.653475807263301,-0.36997989278573257
-0.3472901009596311,-0.31596190883563113,-0.09318999258371499,-0.7055856104080493,-0.22663338826252863,-0.03272545223052685,-0.653475807263301,-0.36997989278573257
-0.3472901009596311,-0.31596190883563113,-0.09318999258371499,-0.7055856104080493,-0.22663338826252863,-0.03272545223052685,-0.653475807263301,-0.36997989278573257
-0.3472901009596311,-0.31596190883563113,-0.09318999258371499,-0.7055856104080493,-0.22663338826252863,-0.03272545223052685,-0.653475807263301,-0.36997989278573257
-0.3472901009596311,-0.31596190883563113,-0.09318999258371499,-0.7055856104080493,-0.22663338826252863,-0.03272545223052685,-0.653475807263301,-0.36997989278573257
-0.3472901009596311,-0.31596190883563113,-0.09318999258371499,-0.7055856104080493,-0.22663338826252863,-0.03272545223052685,-0.653475807263301,-0.36997989278573257
-0.3472901009596311,-0.31596190883563113,-0.09318999258371499,-0.7055856104080493,-0.22663338826252863,-0.03272545223052685,-0.653475807263301,-0.36997989278573257
-0.31436775790320504,-0.5061702264679803,-0.27142246315876645,-0.6940569761726592,-0.5851315408945084,0.008821975853708055,-0.502262767818239,-0.39576609267128837
-0.31436775790320504,-0.5061702264679803,-0.27142246315876645,-0.6940569761726592,-0.5851315408945084,0.008821975853708055,-0.502262767818239,-0.39576609267128837
-0.31436775790320504,-0.5061702264679803,-0.27142246315876645,-0.6940569761726592,-0.5851315408945084,0.008821975853708055,-0.502262767818239,-0.39576609267128837
-0.07981745236449772,-0.3224382996559143,-0.1332011032435629,-0.6911493274900649,-0.3827021105421914,-0.1179825903640853,-0.41741514205932617,-0.627342626452446
-0.07981745236449772,-0.3224382996559143,-0.1332011032435629,-0.6911493274900649,-0.3827021105421914,-0.1179825903640853,-0.41741514205932617,-0.627342626452446
-0.07981745236449772,-0.3224382996559143,-0.1332011032435629,-0.6911493274900649,-0.3827021105421914,-0.1179825903640853,-0.41741514205932617,-0.627342626452446
-0.07981745236449772,-0.3224382996559143,-0.1332011032435629,-0.6911493274900649,-0.3827021105421914,-0.1179825903640853,-0.41741514205932617,-0.627342626452446
-0.07981745236449772,-0.3224382996559143,-0.1332011032435629,-0.6911493274900649,-0.3827021105421914,-0.1179825903640853,-0.41741514205932617,-0.627342626452446
-0.015758372843265533,-0.26553901843726635,-0.02541270200163126,-0.633222384378314,-0.4706985279917717,-0.08025295753031969,-0.4027691874653101,-0.6310948207974434
-0.015758372843265533,-0.26553901843726635,-0.02541270200163126,-0.633222384378314,-0.4706985279917717,-0.08025295753031969,-0.4027691874653101,-0.6310948207974434
-0.43276122709115344,-0.5252640777164035,-0.26166268934806186,-0.5512424326605267,-0.6201250188880496,0.18529422250058916,-0.5176069074206882,-0.45722942219840157
-0.43276122709115344,-0.5252640777164035,-0.26166268934806186,-0.5512424326605267,-0.6201250188880496,0.18529422250058916,-0.5176069074206882,-0.45722942219840157
-0.43276122709115344,-0.5252640777164035,-0.26166268934806186,-0.5512424326605267,-0.6201250188880496,0.18529422250058916,-0.5176069074206882,-0.45722942219840157
-0.19821092155244616,-0.3415321509043376,-0.12344132943285836,-0.5483347839779324,-0.4176955885357327,0.0584896562827958,-0.43275928166177535,-0.6888059559795592
-0.19821092155244616,-0.3415321509043376,-0.12344132943285836,-0.5483347839779324,-0.4176955885357327,0.0584896562827958,-0.43275928166177535,-0.6888059559795592
-0.19821092155244616,-0.3415321509043376,-0.12344132943285836,-0.5483347839779324,-0.4176955885357327,0.0584896562827958,-0.43275928166177535,-0.6888059559795592
-0.19821092155244616,-0.3415321509043376,-0.12344132943285836,-0.5483347839779324,-0.4176955885357327,0.0584896562827958,-0.43275928166177535,-0.6888059559795592
-0.19821092155244616,-0.3415321509043376,-0.12344132943285836,-0.5483347839779324,-0.4176955885357327,0.0584896562827958,-0.43275928166177535,-0.6888059559795592
-0.19821092155244616,-0.3415321509043376,-0.12344132943285836,-0.5483347839779324,-0.4176955885357327,0.0584896562827958,-0.43275928166177535,-0.6888059559795592
-0.23050095472070906,-0.6188350899351968,-0.8912760814030966,-0.21814182731840345,-0.14393146336078644,-0.7116859753926595,0.10013374189535777,-0.48347840044233537
-0.23050095472070906,-0.6188350899351968,-0.8912760814030966,-0.21814182731840345,-0.14393146336078644,-0.7116859753926595,0.10013374189535777,-0.48347840044233537
-0.23050095472070906,-0.6188350899351968,-0.8912760814030966,-0.21814182731840345,-0.14393146336078644,-0.7116859753926595,0.10013374189535777,-0.48347840044233537
-0.23050095472070906,-0.6188350899351968,-0.8912760814030966,-0.21814182731840345,-0.14393146336078644,-0.7116859753926595,0.10013374189535777,-0.48347840044233537
-0.11433078077706424,-0.18045577813278546,-0.31698977744037454,-0.3952002620155161,-0.33340149982409045,-0.4470531222495166,-0.26425072076645767,-0.34961401332508435
-0.11433078077706424,-0.18045577813278546,-0.31698977744037454,-0.3952002620155161,-0.33340149982409045,-0.4470531222495166,-0.26425072076645767,-0.34961401332508435
-0.11433078077706424,-0.18045577813278546,-0.31698977744037454,-0.3952002620155161,-0.33340149982409045,-0.4470531222495166,-0.26425072076645767,-0.34961401332508435
-0.11433078077706424,-0.18045577813278546,-0.31698977744037454,-0.3952002620155161,-0.33340149982409045,-0.4470531222495166,-0.26425072076645767,-0.34961401332508435
-0.11433078077706424,-0.18045577813278546,-0.31698977744037454,-0.3952002620155161,-0.33340149982409045,-0.4470531222495166,-0.26425072076645767,-0.34961401332508435
-0.11433078077706424,-0.18045577813278546,-0.31698977744037454,-0.3952002620155161,-0.33340149982409045,-0.4470531222495166,-0.26425072076645767,-0.34961401332508435
-0.11433078077706424,-0.18045577813278546,-0.31698977744037454,-0.3952002620155161,-0.33340149982409045,-0.4470531222495166,-0.26425072076645767,-0.34961401332508435
-0.2687104615298184,-0.15137995237653906,-0.2668903178789399,-0.5180841860446063,-0.36609345268119464,-0.43376293778419495,-0.4255905970931053,-0.3899755383079702
-0.2687104615298184,-0.15137995237653906,-0.2668903178789399,-0.5180841860446063,-0.36609345268119464,-0.43376293778419495,-0.4255905970931053,-0.3899755383079702
-0.13104254007339478,-0.5460298582911491,-0.13576040044426918,-0.6536961160600185,-0.689929286018014,-0.6861631721258163,-0.4085850454866886,-0.07360721752047539
-0.32694520380186,-0.1549446861381116,-0.34127286011758057,-0.43391141036282416,-0.29043625943038776,-0.5714484893757364,-0.337588295340538,-0.5055573686309482
-0.37788345243619836,-0.12373257979102757,-0.3247235786655675,-0.4280027708281641,-0.23942841848601465,-0.6192500150722006,-0.2949143408433251,-0.4478753157283949
-0.23706176335161383,-0.18684197488156232,-0.36165337467735464,-0.3944576314904473,-0.36501561172983865,-0.4527464048428969,-0.4091507745060054,-0.4580847092650153
-0.23706176335161383,-0.18684197488156232,-0.36165337467735464,-0.3944576314904473,-0.36501561172983865,-0.4527464048428969,-0.4091507745060054,-0.4580847092650153
-0.42307451367378235,-0.3848774257031354,-0.273670188405297,-0.1466198522936214,-0.6499523655934767,-0.5286459462209181,-0.4291793555021286,-0.004656035791743885
-0.5504907694729891,-0.5134319866245444,-0.440115822987123,-0.3440692871809006,-0.5827481394464319,-0.5955100818113848,-0.4194610755551945,-0.28085882284424524
-0.6569980166175149,-0.44817030971700494,-0.4055127799510956,-0.3317148590629751,-0.4760953811081973,-0.6954587264494463,-0.3302337161519311,-0.16025089404799722
-0.46615374584992725,-0.5098454368611177,-0.13824385032057762,-0.9196911019583544,-0.42222616200645763,-0.5935041879614195,-0.14592196544011435,-0.07633618017037709
-0.46615374584992725,-0.5098454368611177,-0.13824385032057762,-0.9196911019583544,-0.42222616200645763,-0.5935041879614195,-0.14592196544011435,-0.07633618017037709
-0.46615374584992725,-0.5098454368611177,-0.13824385032057762,-0.9196911019583544,-0.42222616200645763,-0.5935041879614195,-0.14592196544011435,-0.07633618017037709
-0.46615374584992725,-0.5098454368611177,-0.13824385032057762,-0.9196911019583544,-0.42222616200645763,-0.5935041879614195,-0.14592196544011435,-0.07633618017037709
-0.46615374584992725,-0.5098454368611177,-0.13824385032057762,-0.9196911019583544,-0.42222616200645763,-0.5935041879614195,-0.14592196544011435,-0.07633618017037709
-0.46615374584992725,-0.5098454368611177,-0.13824385032057762,-0.9196911019583544,-0.42222616200645763,-0.5935041879614195,-0.14592196544011435,-0.07633618017037709
-0.46615374584992725,-0.5098454368611177,-0.13824385032057762,-0.9196911019583544,-0.42222616200645763,-0.5935041879614195,-0.14592196544011435,-0.07633618017037709
-0.5647830193241438,-0.3876420979698499,-0.42883435636758804,-0.5372188637653986,-0.46635106826821965,-0.18180684993664423,-0.3589709773659706,-0.16538339604934058
0.0023934900760650634,-0.7130871489644051,-0.05202849805355072,-0.8641822606325149,-0.051233702898025514,-0.4117076754570007,-0.07845143377780914,-0.5619112342596054
-0.3061637229779187,-0.6149349019807928,-0.1661898160682005,-0.9901709188433254,-0.10753359426470364,-0.5800747643498814,-0.35560037283336415,-0.14751774423262654
-0.37184090206497594,-0.2957046518200322,-0.16126899970205208,-0.5539318770170212,-0.39478552812024165,-0.47254106716105815,-0.35001685587983383,0.0471983928429453
-0.37184090206497594,-0.2957046518200322,-0.16126899970205208,-0.5539318770170212,-0.39478552812024165,-0.47254106716105815,-0.35001685587983383,0.0471983928429453
-0.37184090206497594,-0.2957046518200322,-0.16126899970205208,-0.5539318770170212,-0.39478552812024165,-0.47254106716105815,-0.35001685587983383,0.0471983928429453
-0.37184090206497594,-0.2957046518200322,-0.16126899970205208,-0.5539318770170212,-0.39478552812024165,-0.47254106716105815,-0.35001685587983383,0.0471983928429453
-0.37184090206497594,-0.2957046518200322,-0.16126899970205208,-0.5539318770170212,-0.39478552812024165,-0.47254106716105815,-0.35001685587983383,0.0471983928429453
-0.34848113030922123,-0.23371273824354497,-0.23921336015550101,-0.2369508336230022,-0.3820520693935999,-0.3120577080947597,-0.26818674039549945,-0.23636461430933417
-0.34848113030922123,-0.23371273824354497,-0.23921336015550101,-0.2369508336230022,-0.3820520693935999,-0.3120577080947597,-0.26818674039549945,-0.23636461430933417
-0.34848113030922123,-0.23371273824354497,-0.23921336015550101,-0.2369508336230022,-0.3820520693935999,-0.3120577080947597,-0.26818674039549945,-0.23636461430933417
-0.34848113030922123,-0.23371273824354497,-0.23921336015550101,-0.2369508336230022,-0.3820520693935999,-0.3120577080947597,-0.26818674039549945,-0.23636461430933417
-0.34848113030922123,-0.23371273824354497,-0.23921336015550101,-0.2369508336230022,-0.3820520693935999,-0.3120577080947597,-0.26818674039549945,-0.23636461430933417
-0.34848113030922123,-0.23371273824354497,-0.23921336015550101,-0.2369508336230022,-0.3820520693935999,-0.3120577080947597,-0.26818674039549945,-0.23636461430933417
-0.34848113030922123,-0.23371273824354497,-0.23921336015550101,-0.2369508336230022,-0.3820520693935999,-0.3120577080947597,-0.26818674039549945,-0.23636461430933417
-0.34848113030922123,-0.23371273824354497,-0.23921336015550101,-0.2369508336230022,-0.3820520693935999,-0.3120577080947597,-0.26818674039549945,-0.23636461430933417
-0.34848113030922123,-0.23371273824354497,-0.23921336015550101,-0.2369508336230022,-0.3820520693935999,-0.3120577080947597,-0.26818674039549945,-0.23636461430933417
-0.34848113030922123,-0.23371273824354497,-0.23921336015550101,-0.2369508336230022,-0.3820520693935999,-0.3120577080947597,-0.26818674039549945,-0.23636461430933417
-0.34848113030922123,-0.23371273824354497,-0.23921336015550101,-0.2369508336230022,-0.3820520693935999,-0.3120577080947597,-0.26818674039549945,-0.23636461430933417
-0.34848113030922123,-0.23371273824354497,-0.23921336015550101,-0.2369508336230022,-0.3820520693935999,-0.3120577080947597,-0.26818674039549945,-0.23636461430933417
-0.34848113030922123,-0.23371273824354497,-0.23921336015550101,-0.2369508336230022,-0.3820520693935999,-0.3120577080947597,-0.26818674039549945,-0.23636461430933417
-0.34848113030922123,-0.23371273824354497,-0.23921336015550101,-0.2369508336230022,-0.3820520693935999,-0.3120577080947597,-0.26818674039549945,-0.23636461430933417
-0.34848113030922123,-0.23371273824354497,-0.23921336015550101,-0.2369508336230022,-0.3820520693935999,-0.3120577080947597,-0.26818674039549945,-0.23636461430933417
-0.34848113030922123,-0.23371273824354497,-0.23921336015550101,-0.2369508336230022,-0.3820520693935999,-0.3120577080947597,-0.26818674039549945,-0.23636461430933417
-0.34848113030922123,-0.23371273824354497,-0.23921336015550101,-0.2369508336230022,-0.3820520693935999,-0.3120577080947597,-0.26818674039549945,-0.23636461430933417
-0.34848113030922123,-0.23371273824354497,-0.23921336015550101,-0.2369508336230022,-0.3820520693935999,-0.3120577080947597,-0.26818674039549945,-0.23636461430933417
-0.34848113030922123,-0.23371273824354497,-0.23921336015550101,-0.2369508336230022,-0.3820520693935999,-0.3120577080947597,-0.26818674039549945,-0.23636461430933417
-0.34848113030922123,-0.23371273824354497,-0.23921336015550101,-0.2369508336230022,-0.3820520693935999,-0.3120577080947597,-0.26818674039549945,-0.23636461430933417
-0.34848113030922123,-0.23371273824354497,-0.23921336015550101,-0.2369508336230022,-0.3820520693935999,-0.3120577080947597,-0.26818674039549945,-0.23636461430933417
-0.34848113030922123,-0.23371273824354497,-0.23921336015550101,-0.2369508336230022,-0.3820520693935999,-0.3120577080947597,-0.26818674039549945,-0.23636461430933417
-0.34848113030922123,-0.23371273824354497,-0.23921336015550101,-0.2369508336230022,-0.3820520693935999,-0.3120577080947597,-0.26818674039549945,-0.23636461430933417
-0.34848113030922123,-0.23371273824354497,-0.23921336015550101,-0.2369508336230022,-0.3820520693935999,-0.3120577080947597,-0.26818674039549945,-0.23636461430933417
-0.34848113030922123,-0.23371273824354497,-0.23921336015550101,-0.2369508336230022,-0.3820520693935999,-0.3120577080947597,-0.26818674039549945,-0.23636461430933417
-0.34848113030922123,-0.23371273824354497,-0.23921336015550101,-0.2369508336230022,-0.3820520693935999,-0.3120577080947597,-0.26818674039549945,-0.23636461430933417
-0.34848113030922123,-0.23371273824354497,-0.23921336015550101,-0.2369508336230022,-0.3820520693935999,-0.3120577080947597,-0.26818674039549945,-0.23636461430933417
-0.34848113030922123,-0.23371273824354497,-0.23921336015550101,-0.2369508336230022,-0.3820520693935999,-0.3120577080947597,-0.26818674039549945,-0.23636461430933417
-0.34848113030922123,-0.23371273824354497,-0.23921336015550101,-0.2369508336230022,-0.3820520693935999,-0.3120577080947597,-0.26818674039549945,-0.23636461430933417
-0.34848113030922123,-0.23371273824354497,-0.23921336015550101,-0.2369508336230022,-0.3820520693935999,-0.3120577080947597,-0.26818674039549945,-0.23636461430933417
-0.34848113030922123,-0.23371273824354497,-0.23921336015550101,-0.2369508336230022,-0.3820520693935999,-0.3120577080947597,-0.26818674039549945,-0.23636461430933417
-0.4419511626164118,0.05545069773991903,-0.21040855050086976,0.006445155541102091,-0.6872572878996531,-0.23423328200976054,-0.28132700026035307,-0.39098781645298003
-0.4419511626164118,0.05545069773991903,-0.21040855050086976,0.006445155541102091,-0.6872572878996531,-0.23423328200976054,-0.28132700026035307,-0.39098781645298003
-0.25159592287881033,0.17223717910902842,0.27130235518727985,-0.12336975761822291,-0.6001640217644828,-0.10996439627238683,-0.4101808454309191,0.15886807867458888
-0.6081664770841598,-0.4224348574876785,-0.013868585228919983,-0.4517099529504776,-0.7477397888898849,-0.1033986747264862,0.022163613140583037,-0.08543472588062287
0.10317953526973725,-0.6227478355169296,0.033754418790340426,0.2808887928724289,-0.26824841648340225,-0.46168412566184996,-0.019300486147403716,-0.14788065254688262
0.10317953526973725,-0.6227478355169296,0.033754418790340426,0.2808887928724289,-0.26824841648340225,-0.46168412566184996,-0.019300486147403716,-0.14788065254688262
-0.007866678138573965,-0.24643860881527266,-0.30686606963475543,0.22042038415869078,-0.27288566529750824,-0.6851867983738581,-0.2440475014348825,-0.15990111976861954
-0.007866678138573965,-0.24643860881527266,-0.30686606963475543,0.22042038415869078,-0.27288566529750824,-0.6851867983738581,-0.2440475014348825,-0.15990111976861954
-0.007866678138573965,-0.24643860881527266,-0.30686606963475543,0.22042038415869078,-0.27288566529750824,-0.6851867983738581,-0.2440475014348825,-0.15990111976861954
-0.007866678138573965,-0.24643860881527266,-0.30686606963475543,0.22042038415869078,-0.27288566529750824,-0.6851867983738581,-0.2440475014348825,-0.15990111976861954
-0.007866678138573965,-0.24643860881527266,-0.30686606963475543,0.22042038415869078,-0.27288566529750824,-0.6851867983738581,-0.2440475014348825,-0.15990111976861954
0.5925029814243317,0.005506086349487305,0.17954021692276,0.5338159382343293,-0.05329541862010956,-0.22804386615753175,-0.3457194626331329,-0.1017900288105011
-0.6701934734980265,-0.32031311094760895,-0.24344014128049216,-0.4700999806324641,-0.08352875709533691,-0.5037078311045965,0.08502144118150075,-0.629421333471934
-0.49722229192654294,-0.1981180471678575,-0.1718266730507215,-0.0613891693452994,-0.32415083547433216,-0.7461248288551966,-0.154019712160031,-0.18025011072556177
-0.49722229192654294,-0.1981180471678575,-0.1718266730507215,-0.0613891693452994,-0.32415083547433216,-0.7461248288551966,-0.154019712160031,-0.18025011072556177
-0.49722229192654294,-0.1981180471678575,-0.1718266730507215,-0.0613891693452994,-0.32415083547433216,-0.7461248288551966,-0.154019712160031,-0.18025011072556177
-0.5819504916667938,0.1214754343032837,0.5036347687244416,-0.1425269901752472,-0.176331827044487,-0.37429513931274416,-0.12965276837348938,-0.15062760710716247
-0.4799353097166334,-0.2535221832139151,-0.20370650078569139,-0.4259299635887146,-0.42481715445007595,-0.11245731264352798,-0.32092554015772684,-0.0705118647643498
-0.19425755739212036,0.15163005143404007,-0.17963598482310772,0.3902388233691454,-0.5100507140159607,-0.20110412314534187,-0.3585165999829769,-0.4407079666852951
-0.7090976317723592,-0.5024352550506592,-0.2400276799996694,-0.22749868432680767,-0.46358617742856345,-0.08184903860092163,-0.21230332255363465,-0.23478567997614544
-0.45100847043489156,-0.3900789163614574,-0.2771003693342209,-0.09543227757278241,-0.4295253973258169,-0.15956794745043704,-0.3645329459717399,-0.19949635235886826
-0.45100847043489156,-0.3900789163614574,-0.2771003693342209,-0.09543227757278241,-0.4295253973258169,-0.15956794745043704,-0.3645329459717399,-0.19949635235886826
-0.45100847043489156,-0.3900789163614574,-0.2771003693342209,-0.09543227757278241,-0.4295253973258169,-0.15956794745043704,-0.3645329459717399,-0.19949635235886826
-0.6548116085204211,-0.4038647602904927,-0.27158514207059686,-0.28646084801717236,-0.4367641027678143,-0.333017535507679,-0.1013230410489169,-0.2737658613107421
-0.6548116085204211,-0.4038647602904927,-0.27158514207059686,-0.28646084801717236,-0.4367641027678143,-0.333017535507679,-0.1013230410489169,-0.2737658613107421
-0.6548116085204211,-0.4038647602904927,-0.27158514207059686,-0.28646084801717236,-0.4367641027678143,-0.333017535507679,-0.1013230410489169,-0.2737658613107421
-0.6548116085204211,-0.4038647602904927,-0.27158514207059686,-0.28646084801717236,-0.4367641027678143,-0.333017535507679,-0.1013230410489169,-0.2737658613107421
-0.6548116085204211,-0.4038647602904927,-0.27158514207059686,-0.28646084801717236,-0.4367641027678143,-0.333017535507679,-0.1013230410489169,-0.2737658613107421
-0.6548116085204211,-0.4038647602904927,-0.27158514207059686,-0.28646084801717236,-0.4367641027678143,-0.333017535507679,-0.1013230410489169,-0.2737658613107421
-0.6548116085204211,-0.4038647602904927,-0.27158514207059686,-0.28646084801717236,-0.4367641027678143,-0.333017535507679,-0.1013230410489169,-0.2737658613107421
-0.09737947955727577,-0.33659207820892334,-0.07419335655868053,0.08402851969003677,-0.5505968499928713,-0.17133694142103195,0.0607602521777153,-0.19576093554496765
-0.203616401553154,-0.3868823111057281,-0.1510614812374115,-0.04108040779829025,-0.8939033761620522,-0.20683166682720183,-0.13081929087638855,-0.3620539516210556
-0.203616401553154,-0.3868823111057281,-0.1510614812374115,-0.04108040779829025,-0.8939033761620522,-0.20683166682720183,-0.13081929087638855,-0.3620539516210556
-0.203616401553154,-0.3868823111057281,-0.1510614812374115,-0.04108040779829025,-0.8939033761620522,-0.20683166682720183,-0.13081929087638855,-0.3620539516210556
-0.06792148699363072,-0.26501283546288806,-0.20175539205471674,0.013282157480716705,-0.7910945763190588,-0.11435181895891826,-0.2713887964685758,-0.32903098315000534
-0.06792148699363072,-0.26501283546288806,-0.20175539205471674,0.013282157480716705,-0.7910945763190588,-0.11435181895891826,-0.2713887964685758,-0.32903098315000534
-0.6702262531308567,-0.2081203355508692,-0.19648785363225377,-0.10248713020016165,-0.26243098956697125,-0.25140039009206433,-0.19180991018519683,-0.37682054323308606
-0.6702262531308567,-0.2081203355508692,-0.19648785363225377,-0.10248713020016165,-0.26243098956697125,-0.25140039009206433,-0.19180991018519683,-0.37682054323308606
-0.6702262531308567,-0.2081203355508692,-0.19648785363225377,-0.10248713020016165,-0.26243098956697125,-0.25140039009206433,-0.19180991018519683,-0.37682054323308606
-0.6702262531308567,-0.2081203355508692,-0.19648785363225377,-0.10248713020016165,-0.26243098956697125,-0.25140039009206433,-0.19180991018519683,-0.37682054323308606
-0.6702262531308567,-0.2081203355508692,-0.19648785363225377,-0.10248713020016165,-0.26243098956697125,-0.25140039009206433,-0.19180991018519683,-0.37682054323308606
-0.6702262531308567,-0.2081203355508692,-0.19648785363225377,-0.10248713020016165,-0.26243098956697125,-0.25140039009206433,-0.19180991018519683,-0.37682054323308606
-0.6702262531308567,-0.2081203355508692,-0.19648785363225377,-0.10248713020016165,-0.26243098956697125,-0.25140039009206433,-0.19180991018519683,-0.37682054323308606
-0.6702262531308567,-0.2081203355508692,-0.19648785363225377,-0.10248713020016165,-0.26243098956697125,-0.25140039009206433,-0.19180991018519683,-0.37682054323308606
-0.6702262531308567,-0.2081203355508692,-0.19648785363225377,-0.10248713020016165,-0.26243098956697125,-0.25140039009206433,-0.19180991018519683,-0.37682054323308606
-0.6702262531308567,-0.2081203355508692,-0.19648785363225377,-0.10248713020016165,-0.26243098956697125,-0.25140039009206433,-0.19180991018519683,-0.37682054323308606
-0.6702262531308567,-0.2081203355508692,-0.19648785363225377,-0.10248713020016165,-0.26243098956697125,-0.25140039009206433,-0.19180991018519683,-0.37682054323308606
-0.6702262531308567,-0.2081203355508692,-0.19648785363225377,-0.10248713020016165,-0.26243098956697125,-0.25140039009206433,-0.19180991018519683,-0.37682054323308606
-0.6702262531308567,-0.2081203355508692,-0.19648785363225377,-0.10248713020016165,-0.26243098956697125,-0.25140039009206433,-0.19180991018519683,-0.37682054323308606
-0.566951409691856,-0.23404435884384883,-0.21763614884444646,-0.1322072268951507,-0.3731237713779722,-0.1310205204146249,-0.30547354902539936,-0.26573402541024344
-0.566951409691856,-0.23404435884384883,-0.21763614884444646,-0.1322072268951507,-0.3731237713779722,-0.1310205204146249,-0.30547354902539936,-0.26573402541024344
-0.566951409691856,-0.23404435884384883,-0.21763614884444646,-0.1322072268951507,-0.3731237713779722,-0.1310205204146249,-0.30547354902539936,-0.26573402541024344
-0.566951409691856,-0.23404435884384883,-0.21763614884444646,-0.1322072268951507,-0.3731237713779722,-0.1310205204146249,-0.30547354902539936,-0.26573402541024344
-0.566951409691856,-0.23404435884384883,-0.21763614884444646,-0.1322072268951507,-0.3731237713779722,-0.1310205204146249,-0.30547354902539936,-0.26573402541024344
-0.566951409691856,-0.23404435884384883,-0.21763614884444646,-0.1322072268951507,-0.3731237713779722,-0.1310205204146249,-0.30547354902539936,-0.26573402541024344
-0.566951409691856,-0.23404435884384883,-0.21763614884444646,-0.1322072268951507,-0.3731237713779722,-0.1310205204146249,-0.30547354902539936,-0.26573402541024344
-0.566951409691856,-0.23404435884384883,-0.21763614884444646,-0.1322072268951507,-0.3731237713779722,-0.1310205204146249,-0.30547354902539936,-0.26573402541024344
-0.566951409691856,-0.23404435884384883,-0.21763614884444646,-0.1322072268951507,-0.3731237713779722,-0.1310205204146249,-0.30547354902539936,-0.26573402541024344
-0.566951409691856,-0.23404435884384883,-0.21763614884444646,-0.1322072268951507,-0.3731237713779722,-0.1310205204146249,-0.30547354902539936,-0.26573402541024344
-0.566951409691856,-0.23404435884384883,-0.21763614884444646,-0.1322072268951507,-0.3731237713779722,-0.1310205204146249,-0.30547354902539936,-0.26573402541024344
-0.566951409691856,-0.23404435884384883,-0.21763614884444646,-0.1322072268951507,-0.3731237713779722,-0.1310205204146249,-0.30547354902539936,-0.26573402541024344
-0.566951409691856,-0.23404435884384883,-0.21763614884444646,-0.1322072268951507,-0.3731237713779722,-0.1310205204146249,-0.30547354902539936,-0.26573402541024344
-0.566951409691856,-0.23404435884384883,-0.21763614884444646,-0.1322072268951507,-0.3731237713779722,-0.1310205204146249,-0.30547354902539936,-0.26573402541024344
-0.566951409691856,-0.23404435884384883,-0.21763614884444646,-0.1322072268951507,-0.3731237713779722,-0.1310205204146249,-0.30547354902539936,-0.26573402541024344
-0.566951409691856,-0.23404435884384883,-0.21763614884444646,-0.1322072268951507,-0.3731237713779722,-0.1310205204146249,-0.30547354902539936,-0.26573402541024344
-0.566951409691856,-0.23404435884384883,-0.21763614884444646,-0.1322072268951507,-0.3731237713779722,-0.1310205204146249,-0.30547354902539936,-0.26573402541024344
-0.6251824306590217,-0.41826524904796053,-0.22868293523788452,-0.0004198317016874041,-0.4329145593302591,-0.17087276067052568,-0.3778057800871985,-0.22040371809686934
-0.6251824306590217,-0.41826524904796053,-0.22868293523788452,-0.0004198317016874041,-0.4329145593302591,-0.17087276067052568,-0.3778057800871985,-0.22040371809686934
-0.6251824306590217,-0.41826524904796053,-0.22868293523788452,-0.0004198317016874041,-0.4329145593302591,-0.17087276067052568,-0.3778057800871985,-0.22040371809686934
-0.6251824306590217,-0.41826524904796053,-0.22868293523788452,-0.0004198317016874041,-0.4329145593302591,-0.17087276067052568,-0.3778057800871985,-0.22040371809686934
-0.6251824306590217,-0.41826524904796053,-0.22868293523788452,-0.0004198317016874041,-0.4329145593302591,-0.17087276067052568,-0.3778057800871985,-0.22040371809686934
-0.5962830923852467,-0.3430575898715428,-0.2655247151851654,-0.13788266834758578,-0.4150391157184328,-0.4043270881686892,-0.20637323742821104,-0.26603408583572935
-0.5962830923852467,-0.3430575898715428,-0.2655247151851654,-0.13788266834758578,-0.4150391157184328,-0.4043270881686892,-0.20637323742821104,-0.26603408583572935
-0.2519434971941842,-0.40605587098333573,0.11381303105089399,-0.18087599178155264,-0.4865216430690553,-0.47442089517911273,-0.43976130916012657,-0.14887942373752594
-0.2519434971941842,-0.40605587098333573,0.11381303105089399,-0.18087599178155264,-0.4865216430690553,-0.47442089517911273,-0.43976130916012657,-0.14887942373752594
-0.2519434971941842,-0.40605587098333573,0.11381303105089399,-0.18087599178155264,-0.4865216430690553,-0.47442089517911273,-0.43976130916012657,-0.14887942373752594
-0.7090976317723592,-0.5024352550506592,-0.2400276799996694,-0.22749868432680767,-0.46358617742856345,-0.08184903860092163,-0.21230332255363465,-0.23478567997614544
-0.37840555359919864,-0.35868142421046895,-0.1444056878487269,-0.20710080116987228,-0.3761502845833699,-0.23927472904324532,-0.44462700684865314,-0.16304221749305725
-0.37840555359919864,-0.35868142421046895,-0.1444056878487269,-0.20710080116987228,-0.3761502845833699,-0.23927472904324532,-0.44462700684865314,-0.16304221749305725
-0.37840555359919864,-0.35868142421046895,-0.1444056878487269,-0.20710080116987228,-0.3761502845833699,-0.23927472904324532,-0.44462700684865314,-0.16304221749305725
-0.37840555359919864,-0.35868142421046895,-0.1444056878487269,-0.20710080116987228,-0.3761502845833699,-0.23927472904324532,-0.44462700684865314,-0.16304221749305725
-0.37840555359919864,-0.35868142421046895,-0.1444056878487269,-0.20710080116987228,-0.3761502845833699,-0.23927472904324532,-0.44462700684865314,-0.16304221749305725
-0.7090976317723592,-0.5024352550506592,-0.2400276799996694,-0.22749868432680767,-0.46358617742856345,-0.08184903860092163,-0.21230332255363465,-0.23478567997614544
-0.187801507966859,-0.3036126217671803,-0.026782808559281484,0.08157918389354434,-0.7910229680793626,-0.12029823873724256,-0.055966872189726145,-0.38221473353249685
-0.187801507966859,-0.3036126217671803,-0.026782808559281484,0.08157918389354434,-0.7910229680793626,-0.12029823873724256,-0.055966872189726145,-0.38221473353249685
-0.26655094139277935,-0.3763170838356018,-0.4280660217627883,-0.5839280895888805,-0.30468650441616774,-0.32427019998431206,-0.16744430642575026,-0.28472314588725567
-0.26655094139277935,-0.3763170838356018,-0.4280660217627883,-0.5839280895888805,-0.30468650441616774,-0.32427019998431206,-0.16744430642575026,-0.28472314588725567
-0.26655094139277935,-0.3763170838356018,-0.4280660217627883,-0.5839280895888805,-0.30468650441616774,-0.32427019998431206,-0.16744430642575026,-0.28472314588725567
-0.4594772733174838,-0.5555629833386495,-0.7906186867218751,-0.12337711109564854,-0.3001665427134587,-0.26433112758856553,-0.7183932547385876,-0.3142348344509418
-0.6092770533128218,-0.6233405105092309,-0.590379773215814,-0.2349390915848992,-0.2268966016444293,-0.5335330448367379,-0.6043972562659871,-0.5146648531610315
-0.6005857586860657,-0.7309898904391697,-0.09064013830253057,-0.2743865315403257,-0.2598902476685388,-0.2134782075881958,-0.3284695105893271,-0.4560598773615701
-0.15082797076967028,-0.8425261312060885,-0.6500986168781916,-0.43241038421789807,-0.9120177692837186,-0.7885021799140506,-1.090969936715232,-0.633330288860533
-0.15082797076967028,-0.8425261312060885,-0.6500986168781916,-0.43241038421789807,-0.9120177692837186,-0.7885021799140506,-1.090969936715232,-0.633330288860533
-0.3135780245065689,-0.3688432403973171,0.012401413704667772,-0.5084829373019082,0.023815629737717763,-0.2855351152164595,-0.5322564584868295,-0.2487382526908602
-0.3135780245065689,-0.3688432403973171,0.012401413704667772,-0.5084829373019082,0.023815629737717763,-0.2855351152164595,-0.5322564584868295,-0.2487382526908602
-0.3135780245065689,-0.3688432403973171,0.012401413704667772,-0.5084829373019082,0.023815629737717763,-0.2855351152164595,-0.5322564584868295,-0.2487382526908602
-0.3135780245065689,-0.3688432403973171,0.012401413704667772,-0.5084829373019082,0.023815629737717763,-0.2855351152164595,-0.5322564584868295,-0.2487382526908602
-0.3135780245065689,-0.3688432403973171,0.012401413704667772,-0.5084829373019082,0.023815629737717763,-0.2855351152164595,-0.5322564584868295,-0.2487382526908602
-0.3135780245065689,-0.3688432403973171,0.012401413704667772,-0.5084829373019082,0.023815629737717763,-0.2855351152164595,-0.5322564584868295,-0.2487382526908602
-0.3291042943795522,-0.510805590947469,-0.4257089813550313,-0.5169486671686172,-0.12835202018419903,-0.21701876322428384,-0.4510724365711212,-0.1019986112912496
-0.3291042943795522,-0.510805590947469,-0.4257089813550313,-0.5169486671686172,-0.12835202018419903,-0.21701876322428384,-0.4510724365711212,-0.1019986112912496
-0.3291042943795522,-0.510805590947469,-0.4257089813550313,-0.5169486671686172,-0.12835202018419903,-0.21701876322428384,-0.4510724365711212,-0.1019986112912496
-0.3291042943795522,-0.510805590947469,-0.4257089813550313,-0.5169486671686172,-0.12835202018419903,-0.21701876322428384,-0.4510724365711212,-0.1019986112912496
-0.3291042943795522,-0.510805590947469,-0.4257089813550313,-0.5169486671686172,-0.12835202018419903,-0.21701876322428384,-0.4510724365711212,-0.1019986112912496
-0.3291042943795522,-0.510805590947469,-0.4257089813550313,-0.5169486671686172,-0.12835202018419903,-0.21701876322428384,-0.4510724365711212,-0.1019986112912496
-0.3291042943795522,-0.510805590947469,-0.4257089813550313,-0.5169486671686172,-0.12835202018419903,-0.21701876322428384,-0.4510724365711212,-0.1019986112912496
-0.3373972102999687,-0.343136596493423,-0.33580696024000645,-0.558469201438129,-0.34193504601716995,-0.46834111772477627,-0.4331986615434289,-0.5430470202118158
-0.3373972102999687,-0.343136596493423,-0.33580696024000645,-0.558469201438129,-0.34193504601716995,-0.46834111772477627,-0.4331986615434289,-0.5430470202118158
-0.377641703073795,-0.3267318136416949,-0.48791804909706116,-0.5881442095224674,-0.5244312011278592,-0.47231148527218747,-0.42174935455505663,-0.5932091657931988
-0.377641703073795,-0.3267318136416949,-0.48791804909706116,-0.5881442095224674,-0.5244312011278592,-0.47231148527218747,-0.42174935455505663,-0.5932091657931988
-0.2169816493988037,-0.8617629133738004,-0.5608395842405466,-1.165694086597516,-0.566380901978566,-0.5999534107171572,-0.5090128424075934,-0.2649825857235835
-0.2169816493988037,-0.8617629133738004,-0.5608395842405466,-1.165694086597516,-0.566380901978566,-0.5999534107171572,-0.5090128424075934,-0.2649825857235835
-0.2169816493988037,-0.8617629133738004,-0.5608395842405466,-1.165694086597516,-0.566380901978566,-0.5999534107171572,-0.5090128424075934,-0.2649825857235835
-0.2169816493988037,-0.8617629133738004,-0.5608395842405466,-1.165694086597516,-0.566380901978566,-0.5999534107171572,-0.5090128424075934,-0.2649825857235835
-0.08881142404344347,-0.8103129267692566,-0.5527969814009137,-1.1962417364120483,-0.24283959799342686,-0.3598574631743961,-0.4553213500314289,-0.4010193281703525
-0.07823973298072814,-0.4200997516512871,-0.02015756964683533,-0.6428461715579032,-0.08208848685026168,-0.4327694892883301,-0.4168508753180504,-0.5827830225229264
-0.07823973298072814,-0.4200997516512871,-0.02015756964683533,-0.6428461715579032,-0.08208848685026168,-0.4327694892883301,-0.4168508753180504,-0.5827830225229264
-0.07823973298072814,-0.4200997516512871,-0.02015756964683533,-0.6428461715579032,-0.08208848685026168,-0.4327694892883301,-0.4168508753180504,-0.5827830225229264
-0.5396334115001891,-0.4180753570463922,-0.4354497732387649,-0.1585473327173127,-0.16598315950897005,-0.7323595037062963,-0.43080153067906696,-0.4568820695082347
-0.5396334115001891,-0.4180753570463922,-0.4354497732387649,-0.1585473327173127,-0.16598315950897005,-0.7323595037062963,-0.43080153067906696,-0.4568820695082347
-0.7347688972949982,-0.8250367358326912,-0.8673223540186882,-0.3571397691965103,-0.1315721392631531,-0.8798503100872039,-0.27529480010271073,-0.5885079234838486
-0.7347688972949982,-0.8250367358326912,-0.8673223540186882,-0.3571397691965103,-0.1315721392631531,-0.8798503100872039,-0.27529480010271073,-0.5885079234838486
-0.7347688972949982,-0.8250367358326912,-0.8673223540186882,-0.3571397691965103,-0.1315721392631531,-0.8798503100872039,-0.27529480010271073,-0.5885079234838486
-0.7347688972949982,-0.8250367358326912,-0.8673223540186882,-0.3571397691965103,-0.1315721392631531,-0.8798503100872039,-0.27529480010271073,-0.5885079234838486
-0.48695433315108805,-0.5392865091562271,-0.5716309661374372,-0.12543590103878693,-0.4249187979628058,-0.5358773242024815,-0.3622193923767875,-0.18398283509647145
-0.48695433315108805,-0.5392865091562271,-0.5716309661374372,-0.12543590103878693,-0.4249187979628058,-0.5358773242024815,-0.3622193923767875,-0.18398283509647145
-0.6555722332917727,-0.4989114896609233,-0.5884297341108322,-0.131945218031223,-0.26704990749175733,-0.42526863859249997,-0.5133400204089972,-0.477486041875986
-0.6555722332917727,-0.4989114896609233,-0.5884297341108322,-0.131945218031223,-0.26704990749175733,-0.42526863859249997,-0.5133400204089972,-0.477486041875986
-0.28502976764803345,-0.23639971989652384,-0.5672807991504669,-0.45987764130467956,-0.28665679822797363,-0.27096129759498266,-0.47496298732964887,-0.2355786523093348
-0.7762371599674225,-0.8004621434956789,-0.8783580437302589,-0.24615430645644665,-0.3165435381233692,-1.1133287400007248,0.04380376823246479,-0.40742575377225876
-0.11521089474360148,-0.16504575610160827,-0.3722758839527766,-0.10038705170154572,-0.17989707887172698,-0.4966825326283773,-0.11413534184296927,0.11953096588452657
-0.11521089474360148,-0.16504575610160827,-0.3722758839527766,-0.10038705170154572,-0.17989707887172698,-0.4966825326283773,-0.11413534184296927,0.11953096588452657
-0.11521089474360148,-0.16504575610160827,-0.3722758839527766,-0.10038705170154572,-0.17989707887172698,-0.4966825326283773,-0.11413534184296927,0.11953096588452657
-0.5773538543897516,-0.4218330953051062,-0.47217631164719076,-0.06940337927902446,-0.1951659795115976,-0.590065491550109,-0.6306509086314369,-0.4240478505106533
-0.46121943444013597,-0.4909974493086338,-0.4619149722158909,-0.10914108157157898,-0.2740137353539467,-0.4713587790727615,-0.5206518389284611,-0.43750889152288436
-0.46121943444013597,-0.4909974493086338,-0.4619149722158909,-0.10914108157157898,-0.2740137353539467,-0.4713587790727615,-0.5206518389284611,-0.43750889152288436
-0.46121943444013597,-0.4909974493086338,-0.4619149722158909,-0.10914108157157898,-0.2740137353539467,-0.4713587790727615,-0.5206518389284611,-0.43750889152288436
-0.46121943444013597,-0.4909974493086338,-0.4619149722158909,-0.10914108157157898,-0.2740137353539467,-0.4713587790727615,-0.5206518389284611,-0.43750889152288436
-0.46121943444013597,-0.4909974493086338,-0.4619149722158909,-0.10914108157157898,-0.2740137353539467,-0.4713587790727615,-0.5206518389284611,-0.43750889152288436
-0.46121943444013597,-0.4909974493086338,-0.4619149722158909,-0.10914108157157898,-0.2740137353539467,-0.4713587790727615,-0.5206518389284611,-0.43750889152288436
-0.46121943444013597,-0.4909974493086338,-0.4619149722158909,-0.10914108157157898,-0.2740137353539467,-0.4713587790727615,-0.5206518389284611,-0.43750889152288436
-0.8151316557611737,-0.17850853289876664,-0.26153830545289175,-0.8168123215436935,-0.4904779153210776,-0.3149445482662746,-0.6990608785833631,-0.6197100707462856
-0.6912199173654828,-0.25810850092342924,-0.31638871346201214,-0.8927287246499743,-0.6125685636486325,-0.42299369403294157,-0.6754800038678306,-0.753777529512133
-0.6245686709880829,-0.3310307800769806,-0.7821909576654434,-0.21411446034908294,0.061384186148643494,-0.5486854255199433,-0.6652249455451965,-0.466952919960022
-0.4793575687540902,-0.2316545761293835,-0.5097134974267747,-0.3687884476449754,-0.449216279718611,-0.33027323418193394,0.0045942266782124834,-0.4009299609396193
-0.4793575687540902,-0.2316545761293835,-0.5097134974267747,-0.3687884476449754,-0.449216279718611,-0.33027323418193394,0.0045942266782124834,-0.4009299609396193
-0.4793575687540902,-0.2316545761293835,-0.5097134974267747,-0.3687884476449754,-0.449216279718611,-0.33027323418193394,0.0045942266782124834,-0.4009299609396193
-0.4793575687540902,-0.2316545761293835,-0.5097134974267747,-0.3687884476449754,-0.449216279718611,-0.33027323418193394,0.0045942266782124834,-0.4009299609396193
-0.35679371986124253,-0.4938872191641066,-0.8592784586879942,-0.7968539562490251,-0.25044775671429104,0.19512305657068887,-0.18645951317416298,-0.08914281924565633
-0.35679371986124253,-0.4938872191641066,-0.8592784586879942,-0.7968539562490251,-0.25044775671429104,0.19512305657068887,-0.18645951317416298,-0.08914281924565633
-0.35679371986124253,-0.4938872191641066,-0.8592784586879942,-0.7968539562490251,-0.25044775671429104,0.19512305657068887,-0.18645951317416298,-0.08914281924565633
-0.35679371986124253,-0.4938872191641066,-0.8592784586879942,-0.7968539562490251,-0.25044775671429104,0.19512305657068887,-0.18645951317416298,-0.08914281924565633
-0.35679371986124253,-0.4938872191641066,-0.8592784586879942,-0.7968539562490251,-0.25044775671429104,0.19512305657068887,-0.18645951317416298,-0.08914281924565633
-0.35679371986124253,-0.4938872191641066,-0.8592784586879942,-0.7968539562490251,-0.25044775671429104,0.19512305657068887,-0.18645951317416298,-0.08914281924565633
-0.2548522005478541,-0.6614788013199965,-0.3550182196001212,-0.8691064131756624,-0.2527076080441475,-0.06910674273967743,-0.5037253499031067,-0.29614678273598355
-0.2548522005478541,-0.6614788013199965,-0.3550182196001212,-0.8691064131756624,-0.2527076080441475,-0.06910674273967743,-0.5037253499031067,-0.29614678273598355
-0.2548522005478541,-0.6614788013199965,-0.3550182196001212,-0.8691064131756624,-0.2527076080441475,-0.06910674273967743,-0.5037253499031067,-0.29614678273598355
-0.22527029116948447,-0.8217335244019827,-0.3675526591638724,-1.0165766788025696,-0.13145943731069565,-0.3095341424147288,-0.626628023882707,-0.270957812666893
-0.22527029116948447,-0.8217335244019827,-0.3675526591638724,-1.0165766788025696,-0.13145943731069565,-0.3095341424147288,-0.626628023882707,-0.270957812666893
-0.22527029116948447,-0.8217335244019827,-0.3675526591638724,-1.0165766788025696,-0.13145943731069565,-0.3095341424147288,-0.626628023882707,-0.270957812666893
-0.2900675026079019,-0.5316603009899458,-0.010819220294555029,-0.39208923652768135,-0.2917093311746915,-0.33641446630160016,-0.4410151056945324,-0.49557943642139435
-0.2900675026079019,-0.5316603009899458,-0.010819220294555029,-0.39208923652768135,-0.2917093311746915,-0.33641446630160016,-0.4410151056945324,-0.49557943642139435
-0.2900675026079019,-0.5316603009899458,-0.010819220294555029,-0.39208923652768135,-0.2917093311746915,-0.33641446630160016,-0.4410151056945324,-0.49557943642139435
-0.2066287709908052,-0.08576628836718472,-0.0796737169677561,-0.04980207844214006,-0.31478479504585266,-0.007725932381369851,-0.576848188584501,-0.08617660403251648
-0.3070749884301966,-0.18551563945683566,-0.264448420567946,-0.25064897537231445,-0.339869426055388,-0.11050796508789062,-0.4888284003192728,-0.22107167677445846
-0.40704251880998965,-0.29009526195349516,-0.25891427254235305,-0.3933937130150972,-0.3612092909989534,-0.4207361461939635,-0.3564490896684152,-0.3666515615251329
-0.3543137727039201,-0.2651042022875377,-0.2940030257616724,-0.26574419704931124,-0.37254889362624716,-0.3513165222746985,-0.3847717217036656,-0.369455133165632
-0.1341815541187922,-0.1888067995508512,-0.5529679742952188,-0.47466859718163806,-0.6303952311476072,-0.39075219879547757,-0.4624198613067468,-0.3672693471113841
-0.1341815541187922,-0.1888067995508512,-0.5529679742952188,-0.47466859718163806,-0.6303952311476072,-0.39075219879547757,-0.4624198613067468,-0.3672693471113841
-0.1341815541187922,-0.1888067995508512,-0.5529679742952188,-0.47466859718163806,-0.6303952311476072,-0.39075219879547757,-0.4624198613067468,-0.3672693471113841
-0.33753517270088196,-0.21497932547017148,-0.4621845075958653,-0.3181558321965368,-0.44580309720415817,-0.3817816627653022,-0.4772165888234189,-0.34318068466688456
-0.33753517270088196,-0.21497932547017148,-0.4621845075958653,-0.3181558321965368,-0.44580309720415817,-0.3817816627653022,-0.4772165888234189,-0.34318068466688456
-0.24065989141280836,-0.32805082775079286,-0.3853344046152555,-0.32435154341734374,-0.5935793839968168,-0.20284748994387114,-0.4140794724225998,-0.19744609410946184
-0.24065989141280836,-0.32805082775079286,-0.3853344046152555,-0.32435154341734374,-0.5935793839968168,-0.20284748994387114,-0.4140794724225998,-0.19744609410946184
-0.24065989141280836,-0.32805082775079286,-0.3853344046152555,-0.32435154341734374,-0.5935793839968168,-0.20284748994387114,-0.4140794724225998,-0.19744609410946184
-0.24065989141280836,-0.32805082775079286,-0.3853344046152555,-0.32435154341734374,-0.5935793839968168,-0.20284748994387114,-0.4140794724225998,-0.19744609410946184
-0.24065989141280836,-0.32805082775079286,-0.3853344046152555,-0.32435154341734374,-0.5935793839968168,-0.20284748994387114,-0.4140794724225998,-0.19744609410946184
-0.5157178721644662,-0.49812563170086255,-0.21151982112364334,-0.5658598352562297,-0.6804193718866869,-0.2933362370187586,-0.6545184728774157,-0.2923706932501359
-0.4506043414859211,-0.5397714131018695,-0.357415777795455,-0.35685772755566764,-0.3963039596291149,-0.25917073383050804,-0.524148174068507,-0.2707979749230778
-0.4506043414859211,-0.5397714131018695,-0.357415777795455,-0.35685772755566764,-0.3963039596291149,-0.25917073383050804,-0.524148174068507,-0.2707979749230778
-0.4506043414859211,-0.5397714131018695,-0.357415777795455,-0.35685772755566764,-0.3963039596291149,-0.25917073383050804,-0.524148174068507,-0.2707979749230778
-0.46174751222133636,-0.6217750981450081,-0.2252530064433813,-0.6302236402407289,-0.7350564561784267,-0.3068551942706108,-1.043306072242558,-0.2832855898886919
-0.5309254601597786,-0.5203524343669415,-0.304969415999949,-0.6345998384058475,-0.682364309206605,-0.24255205690860748,-0.8923421958461404,-0.2689099684357643
-0.37655361741781235,-0.7174129212896029,-0.12036022047201793,-0.49893903732299805,-0.7776028526326021,-0.3118480195601781,-0.9832193019489447,-0.2721930543581645
-0.40198222796122235,-0.4991474623481433,-0.26483839253584546,-0.6497369334101677,-0.7097252905368805,-0.009831580022970835,-0.6748962365090847,-0.41373683512210846
-0.4721636287868023,-0.2751767970621586,-0.731243131061395,-0.37804213414589566,-0.32123088215788204,-0.45336003849903744,-0.37542548154791194,-0.036211058497428894
-0.47760735352834066,-0.4401153902212779,-0.14549171725908916,-0.595908377567927,-0.8157215217749277,-0.1160452644030253,-0.5783564378817876,-0.37450872659683226
-0.5702501965893639,-0.49327683283223045,-0.1746696631113688,-0.6375839528110292,-0.6603267267346382,-0.041273540920681424,-0.4765372897187869,-0.2431148456202613
-0.5702501965893639,-0.49327683283223045,-0.1746696631113688,-0.6375839528110292,-0.6603267267346382,-0.041273540920681424,-0.4765372897187869,-0.2431148456202613
-0.1944057952080454,-0.36177415400743484,-0.2966336948531015,-0.3731874663914953,-0.6952588643346514,-0.015104434319904872,-0.42014200878994806,-0.15331815821783884
-0.1944057952080454,-0.36177415400743484,-0.2966336948531015,-0.3731874663914953,-0.6952588643346514,-0.015104434319904872,-0.42014200878994806,-0.15331815821783884
-0.1944057952080454,-0.36177415400743484,-0.2966336948531015,-0.3731874663914953,-0.6952588643346514,-0.015104434319904872,-0.42014200878994806,-0.15331815821783884
-0.24437669515609742,-0.1735839933156967,-0.3907941490411758,-0.18880793899297715,-0.639820609986782,0.1587779402732849,-0.9888174489140511,-0.20017798542976378
-0.6608108201852212,-0.598792736346905,-0.07667840042939553,-0.7160843662344493,-0.5892020733310626,-0.20854583382606506,-0.3458090052008629,-0.38513594292677367
-0.6608108201852212,-0.598792736346905,-0.07667840042939553,-0.7160843662344493,-0.5892020733310626,-0.20854583382606506,-0.3458090052008629,-0.38513594292677367
-0.6608108201852212,-0.598792736346905,-0.07667840042939553,-0.7160843662344493,-0.5892020733310626,-0.20854583382606506,-0.3458090052008629,-0.38513594292677367
-0.6608108201852212,-0.598792736346905,-0.07667840042939553,-0.7160843662344493,-0.5892020733310626,-0.20854583382606506,-0.3458090052008629,-0.38513594292677367
-0.6608108201852212,-0.598792736346905,-0.07667840042939553,-0.7160843662344493,-0.5892020733310626,-0.20854583382606506,-0.3458090052008629,-0.38513594292677367
-0.6608108201852212,-0.598792736346905,-0.07667840042939553,-0.7160843662344493,-0.5892020733310626,-0.20854583382606506,-0.3458090052008629,-0.38513594292677367
-0.6608108201852212,-0.598792736346905,-0.07667840042939553,-0.7160843662344493,-0.5892020733310626,-0.20854583382606506,-0.3458090052008629,-0.38513594292677367
-0.6608108201852212,-0.598792736346905,-0.07667840042939553,-0.7160843662344493,-0.5892020733310626,-0.20854583382606506,-0.3458090052008629,-0.38513594292677367
-0.6608108201852212,-0.598792736346905,-0.07667840042939553,-0.7160843662344493,-0.5892020733310626,-0.20854583382606506,-0.3458090052008629,-0.38513594292677367
-0.6608108201852212,-0.598792736346905,-0.07667840042939553,-0.7160843662344493,-0.5892020733310626,-0.20854583382606506,-0.3458090052008629,-0.38513594292677367
-0.6608108201852212,-0.598792736346905,-0.07667840042939553,-0.7160843662344493,-0.5892020733310626,-0.20854583382606506,-0.3458090052008629,-0.38513594292677367
-0.6608108201852212,-0.598792736346905,-0.07667840042939553,-0.7160843662344493,-0.5892020733310626,-0.20854583382606506,-0.3458090052008629,-0.38513594292677367
-0.6608108201852212,-0.598792736346905,-0.07667840042939553,-0.7160843662344493,-0.5892020733310626,-0.20854583382606506,-0.3458090052008629,-0.38513594292677367
-0.6608108201852212,-0.598792736346905,-0.07667840042939553,-0.7160843662344493,-0.5892020733310626,-0.20854583382606506,-0.3458090052008629,-0.38513594292677367
-0.3328139992321239,-0.46776484391268564,-0.24444813325124629,-0.5120247558635824,-0.8109599053859711,-0.18825691149515264,-0.532289050081197,-0.4289271849043229
-0.3328139992321239,-0.46776484391268564,-0.24444813325124629,-0.5120247558635824,-0.8109599053859711,-0.18825691149515264,-0.532289050081197,-0.4289271849043229
-0.3328139992321239,-0.46776484391268564,-0.24444813325124629,-0.5120247558635824,-0.8109599053859711,-0.18825691149515264,-0.532289050081197,-0.4289271849043229
-0.160237950583299,-0.3188864489396413,-0.2499813623726368,-0.6905002209047476,-0.6614886422952017,-0.07754654188950856,-0.3465113552908103,-0.2428851972023646
-0.160237950583299,-0.3188864489396413,-0.2499813623726368,-0.6905002209047476,-0.6614886422952017,-0.07754654188950856,-0.3465113552908103,-0.2428851972023646
-0.3158550868431727,-0.3068640341361364,-0.37439479132493336,-0.47461724479993184,-0.5870918820301692,0.11475228567918141,-0.43510620494683583,-0.18239171504974366
-0.3158550868431727,-0.3068640341361364,-0.37439479132493336,-0.47461724479993184,-0.5870918820301692,0.11475228567918141,-0.43510620494683583,-0.18239171504974366
-0.36089295926301374,-0.5675440521343894,-0.05308606831923775,-0.7275514032529748,-0.8297282502703045,-0.026585652776386425,-0.8219550822092139,-0.21817066617633984
-0.31628815027383655,-0.7237794192937704,-0.045219008739177995,-0.5381017625331879,-0.8729481800244405,-0.1012785343023447,-0.9459682003809855,-0.2189208956865164
-0.1415117120041567,-0.2602604469832252,-0.15476547269260182,-0.5651309735634747,-0.8005090531180886,0.3513077059212853,-0.49347327561939464,-0.2385790435706868
-0.21701893352326893,-0.30808319506191073,-0.17313732206821442,-0.41078934499195646,-0.7831229929413114,0.20485047641254606,-0.504759940363112,-0.16338970405714853
-0.21701893352326893,-0.30808319506191073,-0.17313732206821442,-0.41078934499195646,-0.7831229929413114,0.20485047641254606,-0.504759940363112,-0.16338970405714853
-0.25969002905644867,-0.3995009237214139,-0.07927463242882177,-0.484270284834661,-0.7742126984031577,0.1718388591942034,-0.5022316041745638,-0.19705471396446228
-0.6701934734980265,-0.32031311094760895,-0.24344014128049216,-0.4700999806324641,-0.08352875709533691,-0.5037078311045965,0.08502144118150075,-0.629421333471934
-0.6701934734980265,-0.32031311094760895,-0.24344014128049216,-0.4700999806324641,-0.08352875709533691,-0.5037078311045965,0.08502144118150075,-0.629421333471934
-0.6701934734980265,-0.32031311094760895,-0.24344014128049216,-0.4700999806324641,-0.08352875709533691,-0.5037078311045965,0.08502144118150075,-0.629421333471934
0.1399460807442665,-0.3564719967544079,-0.33554177917540073,-0.7213587313890457,-0.005024753510951996,-1.0682971067726612,-0.4012977425009012,-0.11472572758793831
0.016925223849036476,-0.8865763138641011,0.09756556830622932,-1.1538550840182737,0.10723861781033603,-0.4277618093924089,-0.24172611670060593,-0.8323495279658925
0.016925223849036476,-0.8865763138641011,0.09756556830622932,-1.1538550840182737,0.10723861781033603,-0.4277618093924089,-0.24172611670060593,-0.8323495279658925
0.14663587345017326,-0.8888567056920793,0.21232726838853624,-1.3247507247659895,0.056351736187934875,-0.44593098428514266,-0.18194103903240627,-0.6329597963227166
-0.11901350617408753,-0.525926622748375,-0.1407984748482704,-0.8682115033268929,-0.17567943036556244,-0.3612009286880493,-0.5493491023778916,-0.8443098425865173
-0.00707370787858963,-0.43832964077591896,-0.07128257304430008,-0.9890582039952278,-0.30365668423473835,-0.36500103026628494,-0.5589966364204884,-0.6229864731431007
-0.10028864940007527,-0.6420309676064385,-0.05871946778562334,-0.8699039618174235,0.023851217495070562,-0.22908224993281895,-0.43432017664114636,-0.5412671069304148
0.03299250773021153,-0.5750928010259356,0.04417842200824192,-1.0084980364356722,-0.06539974468094963,-0.19567702923502242,-0.4124805224793298,-0.20174247452190944
-0.16170929744839668,-0.3590669259428978,-0.2153986692428589,-0.35671699419617653,-0.2932858569547534,0.11245375499129295,-0.16885576583445072,-0.27140314504504204
-0.16170929744839668,-0.3590669259428978,-0.2153986692428589,-0.35671699419617653,-0.2932858569547534,0.11245375499129295,-0.16885576583445072,-0.27140314504504204
-0.16170929744839668,-0.3590669259428978,-0.2153986692428589,-0.35671699419617653,-0.2932858569547534,0.11245375499129295,-0.16885576583445072,-0.27140314504504204
-0.023420536518096925,-0.26481507569551466,0.027676218748092653,-0.5303753048181534,-0.10521699339151383,-0.37879923582077024,-0.32186647057533263,-0.5158036857843399
-0.023420536518096925,-0.26481507569551466,0.027676218748092653,-0.5303753048181534,-0.10521699339151383,-0.37879923582077024,-0.32186647057533263,-0.5158036857843399
-0.023420536518096925,-0.26481507569551466,0.027676218748092653,-0.5303753048181534,-0.10521699339151383,-0.37879923582077024,-0.32186647057533263,-0.5158036857843399
-0.2655262444168329,-0.37348805367946625,-0.38734720554202795,-0.4858344653621316,-0.24327331129461527,-0.49469376914203167,-0.10263079777359962,-0.324461966753006
-0.2655262444168329,-0.37348805367946625,-0.38734720554202795,-0.4858344653621316,-0.24327331129461527,-0.49469376914203167,-0.10263079777359962,-0.324461966753006
-0.2655262444168329,-0.37348805367946625,-0.38734720554202795,-0.4858344653621316,-0.24327331129461527,-0.49469376914203167,-0.10263079777359962,-0.324461966753006
0.1100432425737381,-0.20543519904216131,-0.4366851399342219,-0.22790313512086868,-0.1969271202882131,-0.6815029382705688,-0.03839823851982752,-0.6267981777588526
0.3204893966515859,-0.3761000136534373,-0.12369050830602646,-0.08527540663878123,-0.009717827041943869,-1.1179978897174199,-0.0532441313068072,-0.31980271140734357
0.3204893966515859,-0.3761000136534373,-0.12369050830602646,-0.08527540663878123,-0.009717827041943869,-1.1179978897174199,-0.0532441313068072,-0.31980271140734357
0.05758818321757846,-0.02127648890018463,-0.5416046645906236,-0.3500048816204071,-0.9017646445168389,-0.32756417989730835,-0.5969709787103865,-0.9472969406180911
-0.12360161211755541,-0.31787005729145473,-0.53648974498113,-0.49160053663783604,-0.28995761937565273,0.07478409674432543,-0.6175320247809092,-0.8616552452246348
-0.32218711264431477,-0.3361182678490877,-0.30444191955029964,-0.5261893719434738,-0.18733875826001167,-0.431158360093832,-0.4919262621551752,-0.5662499833852053
-0.32218711264431477,-0.3361182678490877,-0.30444191955029964,-0.5261893719434738,-0.18733875826001167,-0.431158360093832,-0.4919262621551752,-0.5662499833852053
-0.32218711264431477,-0.3361182678490877,-0.30444191955029964,-0.5261893719434738,-0.18733875826001167,-0.431158360093832,-0.4919262621551752,-0.5662499833852053
-0.32218711264431477,-0.3361182678490877,-0.30444191955029964,-0.5261893719434738,-0.18733875826001167,-0.431158360093832,-0.4919262621551752,-0.5662499833852053
-0.32218711264431477,-0.3361182678490877,-0.30444191955029964,-0.5261893719434738,-0.18733875826001167,-0.431158360093832,-0.4919262621551752,-0.5662499833852053
-0.32218711264431477,-0.3361182678490877,-0.30444191955029964,-0.5261893719434738,-0.18733875826001167,-0.431158360093832,-0.4919262621551752,-0.5662499833852053
-0.32218711264431477,-0.3361182678490877,-0.30444191955029964,-0.5261893719434738,-0.18733875826001167,-0.431158360093832,-0.4919262621551752,-0.5662499833852053
-0.32218711264431477,-0.3361182678490877,-0.30444191955029964,-0.5261893719434738,-0.18733875826001167,-0.431158360093832,-0.4919262621551752,-0.5662499833852053
-0.32218711264431477,-0.3361182678490877,-0.30444191955029964,-0.5261893719434738,-0.18733875826001167,-0.431158360093832,-0.4919262621551752,-0.5662499833852053
-0.32218711264431477,-0.3361182678490877,-0.30444191955029964,-0.5261893719434738,-0.18733875826001167,-0.431158360093832,-0.4919262621551752,-0.5662499833852053
-0.32218711264431477,-0.3361182678490877,-0.30444191955029964,-0.5261893719434738,-0.18733875826001167,-0.431158360093832,-0.4919262621551752,-0.5662499833852053
-0.32218711264431477,-0.3361182678490877,-0.30444191955029964,-0.5261893719434738,-0.18733875826001167,-0.431158360093832,-0.4919262621551752,-0.5662499833852053
-0.32218711264431477,-0.3361182678490877,-0.30444191955029964,-0.5261893719434738,-0.18733875826001167,-0.431158360093832,-0.4919262621551752,-0.5662499833852053
-0.32218711264431477,-0.3361182678490877,-0.30444191955029964,-0.5261893719434738,-0.18733875826001167,-0.431158360093832,-0.4919262621551752,-0.5662499833852053
-0.32218711264431477,-0.3361182678490877,-0.30444191955029964,-0.5261893719434738,-0.18733875826001167,-0.431158360093832,-0.4919262621551752,-0.5662499833852053
-0.32218711264431477,-0.3361182678490877,-0.30444191955029964,-0.5261893719434738,-0.18733875826001167,-0.431158360093832,-0.4919262621551752,-0.5662499833852053
-0.32218711264431477,-0.3361182678490877,-0.30444191955029964,-0.5261893719434738,-0.18733875826001167,-0.431158360093832,-0.4919262621551752,-0.5662499833852053
-0.32218711264431477,-0.3361182678490877,-0.30444191955029964,-0.5261893719434738,-0.18733875826001167,-0.431158360093832,-0.4919262621551752,-0.5662499833852053
-0.32218711264431477,-0.3361182678490877,-0.30444191955029964,-0.5261893719434738,-0.18733875826001167,-0.431158360093832,-0.4919262621551752,-0.5662499833852053
-0.07540807127952576,-0.39040254056453705,-0.277894152328372,-0.46324491687119007,-0.06026764027774334,-0.23389076441526413,-0.7835392095148563,-0.6193560175597668
-0.07540807127952576,-0.39040254056453705,-0.277894152328372,-0.46324491687119007,-0.06026764027774334,-0.23389076441526413,-0.7835392095148563,-0.6193560175597668
-0.2966253323988481,-0.4612587717446414,-0.5641407411206852,-0.46962103924968024,-0.2736891047521071,0.11946472119201314,-0.736520526084033,-0.6206884031946008
-0.2966253323988481,-0.4612587717446414,-0.5641407411206852,-0.46962103924968024,-0.2736891047521071,0.11946472119201314,-0.736520526084033,-0.6206884031946008
-0.38174658588000704,-0.021430879831314087,-0.3675436760698046,-0.26336843626839773,-0.41891492690358845,-0.27973176751817974,-0.39553830879075186,-0.527692471231733
-0.20067732609235323,-0.1622692598746373,-0.06361314539725964,-0.07699651557665604,-0.4619014962361409,-0.2801935145488152,0.08057168240730579,-0.1451434057492476
-0.20067732609235323,-0.1622692598746373,-0.06361314539725964,-0.07699651557665604,-0.4619014962361409,-0.2801935145488152,0.08057168240730579,-0.1451434057492476
-0.3922845162451267,0.05907933786511421,-0.4896712563931942,-0.1351766437292099,-0.4772347919642925,-0.17588691413402557,-0.5361855290830135,-0.5378685221076012
0.12062972970306873,-0.4229089021682739,-0.013971921056509018,-0.6517228540033102,-0.37664466444402933,-0.2607904300093651,0.06588648725301027,-0.5270608644932508
0.12062972970306873,-0.4229089021682739,-0.013971921056509018,-0.6517228540033102,-0.37664466444402933,-0.2607904300093651,0.06588648725301027,-0.5270608644932508
-0.6701934734980265,-0.32031311094760895,-0.24344014128049216,-0.4700999806324641,-0.08352875709533691,-0.5037078311045965,0.08502144118150075,-0.629421333471934
-0.6701934734980265,-0.32031311094760895,-0.24344014128049216,-0.4700999806324641,-0.08352875709533691,-0.5037078311045965,0.08502144118150075,-0.629421333471934
-0.6701934734980265,-0.32031311094760895,-0.24344014128049216,-0.4700999806324641,-0.08352875709533691,-0.5037078311045965,0.08502144118150075,-0.629421333471934
-0.6701934734980265,-0.32031311094760895,-0.24344014128049216,-0.4700999806324641,-0.08352875709533691,-0.5037078311045965,0.08502144118150075,-0.629421333471934
-0.2366537868976593,-0.39008754094441733,-0.1295361638069153,-0.5271494209766387,-0.45856104691823324,-0.5096158186594645,-0.5532242099444071,-0.6448844114939372
-0.2366537868976593,-0.39008754094441733,-0.1295361638069153,-0.5271494209766387,-0.45856104691823324,-0.5096158186594645,-0.5532242099444071,-0.6448844114939372
-0.2366537868976593,-0.39008754094441733,-0.1295361638069153,-0.5271494209766387,-0.45856104691823324,-0.5096158186594645,-0.5532242099444071,-0.6448844114939372
-0.2366537868976593,-0.39008754094441733,-0.1295361638069153,-0.5271494209766387,-0.45856104691823324,-0.5096158186594645,-0.5532242099444071,-0.6448844114939372
-0.48255717754364014,0.09656894077425418,-0.0885521614033243,-0.3074158883613089,-0.5649988625360571,-0.3505859945131385,-0.40948096565578296,-0.6247612950594529
-0.5936652173598608,-0.2772451440493266,-0.30794617409507435,-0.506432888408502,-0.23492575685183206,-0.4621420353651047,-0.4061155493060748,-0.540164552628994
-0.43859235863936574,-0.2865688055753708,-0.34908252405492884,-0.5724687662563825,-0.26940699549097763,-0.47195498253169815,-0.5304367432468816,-0.5188878241338228
-0.43859235863936574,-0.2865688055753708,-0.34908252405492884,-0.5724687662563825,-0.26940699549097763,-0.47195498253169815,-0.5304367432468816,-0.5188878241338228
-0.34294877797365186,-0.37793385684490205,-0.21930014565587044,-0.3846490100026131,-0.33166733533144,-0.524501909315586,-0.3278511479496956,-0.3057320974767208
-0.34294877797365186,-0.37793385684490205,-0.21930014565587044,-0.3846490100026131,-0.33166733533144,-0.524501909315586,-0.3278511479496956,-0.3057320974767208
-0.441156009833018,-0.21144926051298776,-0.2725462894886732,-0.6691751269002756,-0.47397336922585964,-0.6201564371585846,-0.49434891777733964,-0.38932716598113376
-0.441156009833018,-0.21144926051298776,-0.2725462894886732,-0.6691751269002756,-0.47397336922585964,-0.6201564371585846,-0.49434891777733964,-0.38932716598113376
-0.441156009833018,-0.21144926051298776,-0.2725462894886732,-0.6691751269002756,-0.47397336922585964,-0.6201564371585846,-0.49434891777733964,-0.38932716598113376
-0.441156009833018,-0.21144926051298776,-0.2725462894886732,-0.6691751269002756,-0.47397336922585964,-0.6201564371585846,-0.49434891777733964,-0.38932716598113376
-0.6078838855028152,-0.5253754754861196,-0.11916790281732877,-0.529031790792942,-0.2752980440855026,-0.4494636630018552,-0.42066651582717896,-0.45989904801050824
-0.4475725700980739,-0.44328269911439794,-0.22985414219530007,-0.586741757236029,-0.2949052821648748,-0.46394758946017217,-0.5396268273654737,-0.4681938212168844
-0.5026702723082375,-0.12031013299437131,-0.2362171586822061,-0.2649266334141002,-0.6832119077444077,-0.3058878323611091,-0.5847894111100365,-0.5444285852067611
-0.5567345730960369,-0.31309789046645164,-0.07120124343782663,-0.37383458483964205,-0.37383718229830265,-0.36591515069206554,-0.34466013063987094,-0.4490116896728675
-0.5567345730960369,-0.31309789046645164,-0.07120124343782663,-0.37383458483964205,-0.37383718229830265,-0.36591515069206554,-0.34466013063987094,-0.4490116896728675
-0.5567345730960369,-0.31309789046645164,-0.07120124343782663,-0.37383458483964205,-0.37383718229830265,-0.36591515069206554,-0.34466013063987094,-0.4490116896728675
-0.44783107191324234,0.11489571928977967,-0.17694599106907843,-0.3726969063282013,-0.38024418875575067,-0.4677722230553627,-0.6324237994849682,-0.5145075723528862
-0.44783107191324234,0.11489571928977967,-0.17694599106907843,-0.3726969063282013,-0.38024418875575067,-0.4677722230553627,-0.6324237994849682,-0.5145075723528862
-0.36273961861928306,-0.2689264744520187,-0.05518497029940287,-0.4239522824684779,-0.27487549086411794,-0.4211371680100759,-0.46995028456052146,-0.6370059013366699
-0.36273961861928306,-0.2689264744520187,-0.05518497029940287,-0.4239522824684779,-0.27487549086411794,-0.4211371680100759,-0.46995028456052146,-0.6370059013366699
-0.4657270506672237,-0.276602724324102,-0.3171967792770137,-0.39946996841741644,-0.4194911621187044,-0.3036156892776489,-0.3265311219122099,-0.5033500155676967
-0.5815279096364975,-0.039521950483322146,-0.1554213583469391,-0.5414670228958129,-0.5767330095171929,-0.5320295676589012,-0.8331860780715943,-0.7147645607590676
-0.5815279096364975,-0.039521950483322146,-0.1554213583469391,-0.5414670228958129,-0.5767330095171929,-0.5320295676589012,-0.8331860780715943,-0.7147645607590676
-0.5815279096364975,-0.039521950483322146,-0.1554213583469391,-0.5414670228958129,-0.5767330095171929,-0.5320295676589012,-0.8331860780715943,-0.7147645607590676
-0.42072366440997405,-0.45467306235257315,-0.08888306687859927,-0.7006693166844985,-0.5091550709570155,-0.226247498217751,-0.7972048398326425,-0.7998967819354114
-0.3532343523369895,-0.32737821009423995,-0.09372884614600076,-0.5078028986851374,-0.4261603719658322,-0.1652443524863985,-0.49356955620977616,-0.8105469114250607
-0.3532343523369895,-0.32737821009423995,-0.09372884614600076,-0.5078028986851374,-0.4261603719658322,-0.1652443524863985,-0.49356955620977616,-0.8105469114250607
-0.5176710784435272,-0.26731109794448404,-0.19473429287181182,-0.45115235360229716,-0.3452674562440199,-0.3797942329855526,-0.5169804104987312,-0.7918293581289404
-0.4197002477370776,-0.010357391375761766,-0.2774992034985469,-0.37777356459544253,-0.5881764063468347,-0.16841554412475,-0.7617389995318192,-0.4471529263716478
-0.2225506365299225,-0.2160792926947276,-0.08523996273676554,-0.6471218287944793,-0.44717801411946617,-0.2362011690934499,-0.5976551552613576,-0.8247278948624929
-0.42301094638449804,0.034857483846800666,-0.35371814029557364,-0.29634931683540344,-0.6094119378498623,-0.11702678671904973,-0.8159516475030354,-0.4587206372192928
-0.28218706377914976,-0.02344029928956713,-0.16738242762429373,-0.21252113367830003,-0.6677781598908561,-0.24694964715412684,-0.6771470734051296,-0.6917650827339717
-0.5198437161743641,-0.04568616859614849,-0.1220115777105093,-0.5883735613897443,-0.5850465428084135,-0.5386887677013874,-0.7666976554319263,-0.6933937091380358
-0.376563766002655,-0.12305538654327393,0.046352459192276,-0.6659836310148239,-0.31144299447536467,-0.1955250632762909,-0.7809291052818298,-0.53541295170784
-0.3316559910774231,-0.12398944020271302,0.027317462563514708,-0.6669275152683258,-0.32122581839561465,-0.15533750891685486,-0.6651518034934998,-0.5066960275173187
-0.3316559910774231,-0.12398944020271302,0.027317462563514708,-0.6669275152683258,-0.32122581839561465,-0.15533750891685486,-0.6651518034934998,-0.5066960275173187
-0.3316559910774231,-0.12398944020271302,0.027317462563514708,-0.6669275152683258,-0.32122581839561465,-0.15533750891685486,-0.6651518034934998,-0.5066960275173187
-0.3316559910774231,-0.12398944020271302,0.027317462563514708,-0.6669275152683258,-0.32122581839561465,-0.15533750891685486,-0.6651518034934998,-0.5066960275173187
-0.13398117604462997,-0.21534092659535614,-0.03435402071994284,-0.3625108975431193,-0.23653506908727728,-0.3370409776335177,-0.742138635205186,-0.49810845955558447
-0.3778703510761261,-0.05004239895127036,-0.12876677851785312,-0.608237893066623,-0.5249707258560441,-0.3310557190667499,-0.5600927323102951,-0.6951605650511655
-0.3778703510761261,-0.05004239895127036,-0.12876677851785312,-0.608237893066623,-0.5249707258560441,-0.3310557190667499,-0.5600927323102951,-0.6951605650511655
-0.4187193115552266,0.13361461626158821,-0.2391823629538218,-0.5087410989734862,-0.5905576191014714,-0.3284427871306737,-0.6801533930831485,-0.5853217161364026
-0.4187193115552266,0.13361461626158821,-0.2391823629538218,-0.5087410989734862,-0.5905576191014714,-0.3284427871306737,-0.6801533930831485,-0.5853217161364026
-0.3881599479600003,0.08309939033106754,-0.21841408233893544,-0.4217299897419779,-0.5849405644755614,-0.3432488645377912,-0.5619325857413443,-0.5144212042030535
-0.3881599479600003,0.08309939033106754,-0.21841408233893544,-0.4217299897419779,-0.5849405644755614,-0.3432488645377912,-0.5619325857413443,-0.5144212042030535
-0.47141346064480866,-0.022091033783825962,-0.2566259963945909,-0.17893032323230396,-0.8258585442196239,-0.48115854642607947,-0.6136051876978441,-0.6105043210766532
-0.5301480583454433,-0.05339909384125158,0.14851760864257812,-0.14634487660307632,-0.23969820533928118,-0.5640930204015029,-0.6203434749653465,-0.40760726834598343
-0.6310921900329136,-0.008716912496657599,-0.26569339562030064,-0.12271394828955333,-0.3137083032301494,-0.5418482791809809,-0.7219549531028384,-0.8828761350540888
-0.6310921900329136,-0.008716912496657599,-0.26569339562030064,-0.12271394828955333,-0.3137083032301494,-0.5418482791809809,-0.7219549531028384,-0.8828761350540888
-0.5329172119498253,-0.004633097350597382,-0.2845258846879005,-0.39519274681806565,-0.2915255345404148,-0.536183948814869,-0.48209698125720024,-0.6726825162768364
-0.5329172119498253,-0.004633097350597382,-0.2845258846879005,-0.39519274681806565,-0.2915255345404148,-0.536183948814869,-0.48209698125720024,-0.6726825162768364
-0.4649363228907952,-0.0684120448736044,-0.14887565832871658,-0.39672826115901655,-0.7215242110765897,-0.3458529653457495,-0.6066321822313162,-0.7222284239072067
-0.3132685720920563,-0.06777406426576468,-0.15634840726852417,-0.16990716640765852,-0.6165299002940838,-0.49008653370233685,-0.8365025566174433,-0.49282586116057175
-0.5738214030861855,-0.2541737098778997,-0.2916375920176506,-0.31436161803347723,-0.4366210273333958,-0.345805361866951,-0.5020735529916627,-0.27143607820783344
-0.5738214030861855,-0.2541737098778997,-0.2916375920176506,-0.31436161803347723,-0.4366210273333958,-0.345805361866951,-0.5020735529916627,-0.27143607820783344
-0.5738214030861855,-0.2541737098778997,-0.2916375920176506,-0.31436161803347723,-0.4366210273333958,-0.345805361866951,-0.5020735529916627,-0.27143607820783344
-0.6701934734980265,-0.32031311094760895,-0.24344014128049216,-0.4700999806324641,-0.08352875709533691,-0.5037078311045965,0.08502144118150075,-0.629421333471934
-0.3949360118971931,-0.26241838269763523,-0.350357754362954,0.03730179203881158,-0.24094869693120322,-0.4259008715550105,-0.5871818727917142,-0.4075920051998562
-0.3949360118971931,-0.26241838269763523,-0.350357754362954,0.03730179203881158,-0.24094869693120322,-0.4259008715550105,-0.5871818727917142,-0.4075920051998562
-0.23044729605317116,-0.30086997151374817,-0.19138215482234955,0.03762337379157543,-0.1120384018868208,-0.4784910976886749,-0.17588488198816776,-0.20287587121129036
-0.23044729605317116,-0.30086997151374817,-0.19138215482234955,0.03762337379157543,-0.1120384018868208,-0.4784910976886749,-0.17588488198816776,-0.20287587121129036
-0.17765237390995026,-0.41763944551348686,-0.29397972486913204,-0.17926184087991714,-0.2427158784121275,-0.3195806257426739,0.2052809465676546,-0.3064812496304512
-0.7478970438241959,-0.12470455840229988,0.16319429874420166,-0.3192735109478235,-0.3961419053375721,-0.3374289907515049,-0.6810908149927855,-0.4899436943233013
-0.17995308126722062,-0.38244096296174185,-0.27744582082544056,-0.27043736406735014,-0.4993077665567398,-0.18734328661646163,-0.1627860005412783,-0.08661932178906032
-0.3022518221821104,-0.7281594319002969,-0.13387909531593323,0.002387587513242449,0.0022629648447036743,-0.021492264100483487,-0.9234483965805599,-0.2693214459078653
-0.3022518221821104,-0.7281594319002969,-0.13387909531593323,0.002387587513242449,0.0022629648447036743,-0.021492264100483487,-0.9234483965805599,-0.2693214459078653
-0.2673329710960388,-0.7376885116100311,0.21004284066813333,-0.03495417322431292,-0.23646211411271775,-0.36274270926203045,-0.36193451072488514,0.08483606151172093
-0.2859684212340249,0.04202370014455584,-0.42644231849246556,-0.2973606801695294,-0.518874386118518,0.017447943488756817,-0.6482844890819656,-0.6392833871973885
-0.2859684212340249,0.04202370014455584,-0.42644231849246556,-0.2973606801695294,-0.518874386118518,0.017447943488756817,-0.6482844890819656,-0.6392833871973885
-0.2859684212340249,0.04202370014455584,-0.42644231849246556,-0.2973606801695294,-0.518874386118518,0.017447943488756817,-0.6482844890819656,-0.6392833871973885
-0.8396392196416855,0.051982223987579346,-0.392983216047287,-0.40567768067121507,-0.2589980959892273,-0.40677144229412077,-0.6489900976419449,-0.47149779796600344
-0.2561807781457901,-0.4588742305835088,-0.4313800616396798,-0.5772370166248746,-0.4278280999925401,-0.42064926359388566,-0.3488181034723918,0.15640044212341309
-0.33319895416498185,-0.3724656865000725,-0.31754489094018934,-0.367259880900383,-0.5293006330728531,-0.562335553765297,-0.550351020693779,0.07852329313755035
-0.5438908830285072,-0.19912822544574738,-0.4616905748844147,-0.5489375218749046,-0.36220273971557615,-0.8946167647838592,-0.632666289806366,-0.3839681714773178
-0.27934351776327404,-0.30145165004900526,-0.24874113340462958,-0.553501828440598,-0.20556270810110228,-0.296045537505831,-0.237117201089859,-0.3961863789175238
-0.27934351776327404,-0.30145165004900526,-0.24874113340462958,-0.553501828440598,-0.20556270810110228,-0.296045537505831,-0.237117201089859,-0.3961863789175238
-0.27934351776327404,-0.30145165004900526,-0.24874113340462958,-0.553501828440598,-0.20556270810110228,-0.296045537505831,-0.237117201089859,-0.3961863789175238
-0.27934351776327404,-0.30145165004900526,-0.24874113340462958,-0.553501828440598,-0.20556270810110228,-0.296045537505831,-0.237117201089859,-0.3961863789175238
-0.27934351776327404,-0.30145165004900526,-0.24874113340462958,-0.553501828440598,-0.20556270810110228,-0.296045537505831,-0.237117201089859,-0.3961863789175238
-0.27934351776327404,-0.30145165004900526,-0.24874113340462958,-0.553501828440598,-0.20556270810110228,-0.296045537505831,-0.237117201089859,-0.3961863789175238
-0.5151320338249207,-0.19314420620600384,-0.3941788852214813,-0.3423513978719711,-0.35893720090389253,-0.6874250769615173,-0.5294023116429647,-0.35370244483153024
-0.5151320338249207,-0.19314420620600384,-0.3941788852214813,-0.3423513978719711,-0.35893720090389253,-0.6874250769615173,-0.5294023116429647,-0.35370244483153024
-0.7182769387960434,0.05927352905273438,-0.507253298163414,-0.42834609001874924,-0.32804245948791505,-0.3254424422979355,-0.49044190943241117,-0.5263143002986908
-0.26274677862723667,-0.32740960891048115,-0.6705624138315519,-0.4177854135632515,-0.15708027655879656,-0.31161994735399884,-0.2824805627266566,-0.09632230053345363
-0.26274677862723667,-0.32740960891048115,-0.6705624138315519,-0.4177854135632515,-0.15708027655879656,-0.31161994735399884,-0.2824805627266566,-0.09632230053345363
-0.26274677862723667,-0.32740960891048115,-0.6705624138315519,-0.4177854135632515,-0.15708027655879656,-0.31161994735399884,-0.2824805627266566,-0.09632230053345363
-0.10680188486973445,-0.3217715161542098,-0.38511181622743607,-0.39067518214384717,-0.1422230638563633,-0.3115432560443878,-0.2679290622472763,-0.09084976961215337
-0.10680188486973445,-0.3217715161542098,-0.38511181622743607,-0.39067518214384717,-0.1422230638563633,-0.3115432560443878,-0.2679290622472763,-0.09084976961215337
-0.10680188486973445,-0.3217715161542098,-0.38511181622743607,-0.39067518214384717,-0.1422230638563633,-0.3115432560443878,-0.2679290622472763,-0.09084976961215337
-0.10680188486973445,-0.3217715161542098,-0.38511181622743607,-0.39067518214384717,-0.1422230638563633,-0.3115432560443878,-0.2679290622472763,-0.09084976961215337
-0.10680188486973445,-0.3217715161542098,-0.38511181622743607,-0.39067518214384717,-0.1422230638563633,-0.3115432560443878,-0.2679290622472763,-0.09084976961215337
-0.10680188486973445,-0.3217715161542098,-0.38511181622743607,-0.39067518214384717,-0.1422230638563633,-0.3115432560443878,-0.2679290622472763,-0.09084976961215337
-0.26598021139701206,-0.09730061267813046,-0.5587932219107946,-0.501534178853035,-0.16265884414315224,-0.13885374863942465,-0.21971339484055838,0.15268352379401526
-0.26598021139701206,-0.09730061267813046,-0.5587932219107946,-0.501534178853035,-0.16265884414315224,-0.13885374863942465,-0.21971339484055838,0.15268352379401526
-0.26598021139701206,-0.09730061267813046,-0.5587932219107946,-0.501534178853035,-0.16265884414315224,-0.13885374863942465,-0.21971339484055838,0.15268352379401526
-0.26598021139701206,-0.09730061267813046,-0.5587932219107946,-0.501534178853035,-0.16265884414315224,-0.13885374863942465,-0.21971339484055838,0.15268352379401526
-0.26598021139701206,-0.09730061267813046,-0.5587932219107946,-0.501534178853035,-0.16265884414315224,-0.13885374863942465,-0.21971339484055838,0.15268352379401526
-0.26598021139701206,-0.09730061267813046,-0.5587932219107946,-0.501534178853035,-0.16265884414315224,-0.13885374863942465,-0.21971339484055838,0.15268352379401526
-0.41435488561789197,-0.3673672734035386,-0.30159923599825966,-0.4983109426167276,0.19487244387467703,-0.1501667019393709,-0.2754934537741873,-0.13030481172932518
-0.41435488561789197,-0.3673672734035386,-0.30159923599825966,-0.4983109426167276,0.19487244387467703,-0.1501667019393709,-0.2754934537741873,-0.13030481172932518
-0.41435488561789197,-0.3673672734035386,-0.30159923599825966,-0.4983109426167276,0.19487244387467703,-0.1501667019393709,-0.2754934537741873,-0.13030481172932518
-0.41435488561789197,-0.3673672734035386,-0.30159923599825966,-0.4983109426167276,0.19487244387467703,-0.1501667019393709,-0.2754934537741873,-0.13030481172932518
-0.41435488561789197,-0.3673672734035386,-0.30159923599825966,-0.4983109426167276,0.19487244387467703,-0.1501667019393709,-0.2754934537741873,-0.13030481172932518
-0.41435488561789197,-0.3673672734035386,-0.30159923599825966,-0.4983109426167276,0.19487244387467703,-0.1501667019393709,-0.2754934537741873,-0.13030481172932518
-0.18540261387825013,-0.39808762818574905,-0.5984421640634536,-0.1788691610097885,-0.3741118684411049,-0.41994540095329286,-0.03088690936565399,-0.16379753351211548
-0.18540261387825013,-0.39808762818574905,-0.5984421640634536,-0.1788691610097885,-0.3741118684411049,-0.41994540095329286,-0.03088690936565399,-0.16379753351211548
-0.21014218280712763,-0.6520855141182741,-0.8476962260901928,-0.2664094728728135,-0.14469943940639496,0.06768953800201416,-0.3490046535929044,-0.4274187535047531
-0.6388072048624357,-0.31328631192445755,-0.5421789263685545,-0.5044726977745692,0.007611059894164403,-0.14563902219136557,-0.040802781780560814,-0.2561957836151123
-0.6388072048624357,-0.31328631192445755,-0.5421789263685545,-0.5044726977745692,0.007611059894164403,-0.14563902219136557,-0.040802781780560814,-0.2561957836151123
-0.3910104539245367,-0.059098342433571815,-0.22235619090497494,-0.8163549676537514,-0.42954813595861197,-0.31627387180924416,-0.6845903750509024,-0.30281856656074524
-0.5629951034983,-0.3462069518864155,-0.5131989779571692,-0.3519899236659209,-0.3531975895166397,0.12126262485980988,-0.18693207204341888,-0.3787175267934799
-0.5629951034983,-0.3462069518864155,-0.5131989779571692,-0.3519899236659209,-0.3531975895166397,0.12126262485980988,-0.18693207204341888,-0.3787175267934799
-0.6516595653125218,-0.2396238318511418,-0.17237270304134913,-0.5175355438675199,-0.7817822311605725,-0.4622462051255362,-0.9090976885386876,-0.25855957184519085
-0.5277478269168309,-0.31922379987580435,-0.22722311105046952,-0.5934519469738007,-0.9038728794881276,-0.5702953508922032,-0.885516813823155,-0.3926270306110382
-0.3957077443599701,-0.4165921986103058,-0.6573591142892837,0.2048730283975601,-0.34644185602664945,-0.7549077451229096,-0.9592764794826507,0.03865777850151062
-0.3522126095162498,-0.2791886975367864,-0.44036247332890827,-0.13601762056350708,-0.6757863031493293,-0.4448411895169152,-0.1587677366203732,-0.12003512846099006
-0.3522126095162498,-0.2791886975367864,-0.44036247332890827,-0.13601762056350708,-0.6757863031493293,-0.4448411895169152,-0.1587677366203732,-0.12003512846099006
-0.3522126095162498,-0.2791886975367864,-0.44036247332890827,-0.13601762056350708,-0.6757863031493293,-0.4448411895169152,-0.1587677366203732,-0.12003512846099006
-0.3522126095162498,-0.2791886975367864,-0.44036247332890827,-0.13601762056350708,-0.6757863031493293,-0.4448411895169152,-0.1587677366203732,-0.12003512846099006
-0.2976488804115969,-0.3131903795634999,-0.3901421217357411,-0.2440660289105247,-0.24091007429010727,0.05118003662894754,-0.3443887312622631,-0.006874205435023588
-0.2976488804115969,-0.3131903795634999,-0.3901421217357411,-0.2440660289105247,-0.24091007429010727,0.05118003662894754,-0.3443887312622631,-0.006874205435023588
-0.40724460342351126,-0.5729172580382403,-0.11512442722040064,-0.9075015432694379,-0.043442441260113436,-0.562735576840008,-0.25463074708686156,-0.2684555790003608
-0.4076053029612491,-0.33648036969335454,-0.2545861209693708,-0.21123694824545006,-0.3949437517868845,-0.18144305756217555,-0.44228600279281016,-0.07045093806166398
-0.4076053029612491,-0.33648036969335454,-0.2545861209693708,-0.21123694824545006,-0.3949437517868845,-0.18144305756217555,-0.44228600279281016,-0.07045093806166398
-0.5057169665461001,-0.05322714862616166,-0.30546274003775226,-0.6870125862567321,0.01455847335898358,-0.1328790615434232,-0.5234587833933209,-0.48029934064201685
0.07346273958683014,0.06696668267250061,-0.17065218687057496,-0.22646787166595458,-0.33126572221517564,-0.16277310848236085,-0.18643935173749923,0.18240388333797455
-0.48330289125442505,-0.06058127880096435,-0.40048498213291167,-1.125336968898773,-0.23454053699970245,-0.5415882766246796,0.13829662203788756,-0.27512529492378235
-0.1345802681012587,-0.2584300406954505,-0.5315837033770301,-0.0863924107768319,-0.23039016804911874,-0.6055697663263842,-0.22767981819131158,-0.5214470381086523
-0.1345802681012587,-0.2584300406954505,-0.5315837033770301,-0.0863924107768319,-0.23039016804911874,-0.6055697663263842,-0.22767981819131158,-0.5214470381086523
0.3428291281064351,-0.2934587746858597,0.018108554184436798,-0.6429829224944115,-0.5255948652823766,-0.8551023801167806,-0.23710750540097555,-0.14086892207463583
-0.6701934734980265,-0.32031311094760895,-0.24344014128049216,-0.4700999806324641,-0.08352875709533691,-0.5037078311045965,0.08502144118150075,-0.629421333471934
-0.7157342970371247,-0.4009783327579498,-0.355241072177887,-0.11429001092910766,-0.8569904267787933,-0.3767054438591003,-0.2101300060749054,-0.4686016499996185
-0.7157342970371247,-0.4009783327579498,-0.355241072177887,-0.11429001092910766,-0.8569904267787933,-0.3767054438591003,-0.2101300060749054,-0.4686016499996185
-0.3627908014588886,-0.17040681342283884,-0.7269914812511868,-0.2684909254312515,-0.6506373186906179,-0.24044174287054274,-0.4659433729118771,-0.2477433184782664
-0.3627908014588886,-0.17040681342283884,-0.7269914812511868,-0.2684909254312515,-0.6506373186906179,-0.24044174287054274,-0.4659433729118771,-0.2477433184782664
-0.1599157452583313,-0.34602275788784026,-0.28071064949035646,-0.36671083718538283,-0.18299536854028703,-0.3215572118759155,0.12657310962677001,-0.3496064305305481
-0.1599157452583313,-0.34602275788784026,-0.28071064949035646,-0.36671083718538283,-0.18299536854028703,-0.3215572118759155,0.12657310962677001,-0.3496064305305481
-0.1599157452583313,-0.34602275788784026,-0.28071064949035646,-0.36671083718538283,-0.18299536854028703,-0.3215572118759155,0.12657310962677001,-0.3496064305305481
-0.1780711319297552,-0.009989121928811073,-0.6079901531338692,-0.37649072613567114,-0.3208977170288563,-0.4276732783764601,-0.2753809690475464,-0.4231429733335972
-0.1780711319297552,-0.009989121928811073,-0.6079901531338692,-0.37649072613567114,-0.3208977170288563,-0.4276732783764601,-0.2753809690475464,-0.4231429733335972
-0.25496049225330353,0.029931116849184036,-0.6431721318513155,-0.3749467870220542,-0.17412874288856983,-0.38567483983933926,-0.3539329171180725,-0.22355181351304054
-0.25496049225330353,0.029931116849184036,-0.6431721318513155,-0.3749467870220542,-0.17412874288856983,-0.38567483983933926,-0.3539329171180725,-0.22355181351304054
-0.16016690220151628,-0.13442370295524597,-0.2359766044786998,-0.36637828605515615,-0.4696025199123791,-0.11927750068051475,-0.43986569344997406,-0.8878708002822739
-0.16016690220151628,-0.13442370295524597,-0.2359766044786998,-0.36637828605515615,-0.4696025199123791,-0.11927750068051475,-0.43986569344997406,-0.8878708002822739
-0.33954889492856133,0.03439768652121226,-0.2558043706748221,-0.3570523270302349,-0.5883338476220766,-0.10227677722771962,-0.4139662790629599,-0.6604750711056921
-0.33954889492856133,0.03439768652121226,-0.2558043706748221,-0.3570523270302349,-0.5883338476220766,-0.10227677722771962,-0.4139662790629599,-0.6604750711056921
-0.33954889492856133,0.03439768652121226,-0.2558043706748221,-0.3570523270302349,-0.5883338476220766,-0.10227677722771962,-0.4139662790629599,-0.6604750711056921
-0.2471099466085434,-0.1237734466791153,-0.4074082851409912,-0.3211353696882725,-0.4201832480728626,-0.35344498604536057,-0.4604372926056385,-0.1995406687259674
-0.3891229530175527,-0.8035809360444546,-0.3298368851343791,-0.09849805384874344,-0.2959307407339414,-0.26875851054986316,-0.17412037029862404,-0.09155462682247162
-0.3891229530175527,-0.8035809360444546,-0.3298368851343791,-0.09849805384874344,-0.2959307407339414,-0.26875851054986316,-0.17412037029862404,-0.09155462682247162
-0.4337979644536972,-0.596014304459095,-0.19202090948820114,0.0061786755919456485,-0.4251589089632034,-0.4224638998508453,-0.19643028527498246,-0.04056506156921387
-0.6701934734980265,-0.32031311094760895,-0.24344014128049216,-0.4700999806324641,-0.08352875709533691,-0.5037078311045965,0.08502144118150075,-0.629421333471934
-0.3022518221821104,-0.7281594319002969,-0.13387909531593323,0.002387587513242449,0.0022629648447036743,-0.021492264100483487,-0.9234483965805599,-0.2693214459078653
-0.3022518221821104,-0.7281594319002969,-0.13387909531593323,0.002387587513242449,0.0022629648447036743,-0.021492264100483487,-0.9234483965805599,-0.2693214459078653
-0.06923488900065422,-0.23379117995500565,-0.5512861534953117,-0.2642749324440956,-0.09340574406087399,-0.6823085248470306,0.31111958157271147,-0.14260337874293327
-0.35796003229916096,-0.2989410785958171,-0.27064598072320223,-0.37172457855194807,-0.3760612839832902,-0.20437380112707615,-0.20614585652947426,-0.3614131771028042
-0.35796003229916096,-0.2989410785958171,-0.27064598072320223,-0.37172457855194807,-0.3760612839832902,-0.20437380112707615,-0.20614585652947426,-0.3614131771028042
-0.3319766753249698,-0.4359119435151418,-0.5556340780523088,-0.23713278108172947,-0.3534933345185386,-0.4366884662045373,-0.79664004014598,-0.4268290499846141
-0.3704586148262024,-0.3667100389798482,-0.3938530683517456,-0.6759225169817606,-0.2973838706811269,-0.6088300863901774,-0.34055868685245516,-0.2929454892873764
-0.3704586148262024,-0.3667100389798482,-0.3938530683517456,-0.6759225169817606,-0.2973838706811269,-0.6088300863901774,-0.34055868685245516,-0.2929454892873764
-0.3704586148262024,-0.3667100389798482,-0.3938530683517456,-0.6759225169817606,-0.2973838706811269,-0.6088300863901774,-0.34055868685245516,-0.2929454892873764
-0.3704586148262024,-0.3667100389798482,-0.3938530683517456,-0.6759225169817606,-0.2973838706811269,-0.6088300863901774,-0.34055868685245516,-0.2929454892873764
-0.24301009669023402,-0.2843732413123636,-0.33667727515977974,-0.39982093344716463,-0.35489534718148846,-0.13082529516781077,-0.0958795074154349,-0.22621432122062235
-0.24301009669023402,-0.2843732413123636,-0.33667727515977974,-0.39982093344716463,-0.35489534718148846,-0.13082529516781077,-0.0958795074154349,-0.22621432122062235
-0.3582217335700989,-0.3247085948785146,-0.15219096342722574,-0.7869154016176859,-0.18076594869295756,-0.30737566749254863,0.1661339263121287,-0.512814552585284
-0.24301009669023402,-0.2843732413123636,-0.33667727515977974,-0.39982093344716463,-0.35489534718148846,-0.13082529516781077,-0.0958795074154349,-0.22621432122062235
-0.3582217335700989,-0.3247085948785146,-0.15219096342722574,-0.7869154016176859,-0.18076594869295756,-0.30737566749254863,0.1661339263121287,-0.512814552585284
-0.6586717481796558,-0.2187939125757951,-0.3558052113422981,-0.5384098085073324,-0.14516920080551735,-0.6235450620834644,-0.3119892053879224,-0.735667306643266
-0.6586717481796558,-0.2187939125757951,-0.3558052113422981,-0.5384098085073324,-0.14516920080551735,-0.6235450620834644,-0.3119892053879224,-0.735667306643266
-0.6586717481796558,-0.2187939125757951,-0.3558052113422981,-0.5384098085073324,-0.14516920080551735,-0.6235450620834644,-0.3119892053879224,-0.735667306643266
-0.26166975498199463,-0.3344224382724081,-0.0701522369469915,-0.4808688046676772,-0.46197050384112764,-0.20544548758438655,-0.2429175696202687,-0.12778292383466447
-0.6586717481796558,-0.2187939125757951,-0.3558052113422981,-0.5384098085073324,-0.14516920080551735,-0.6235450620834644,-0.3119892053879224,-0.735667306643266
-0.26166975498199463,-0.3344224382724081,-0.0701522369469915,-0.4808688046676772,-0.46197050384112764,-0.20544548758438655,-0.2429175696202687,-0.12778292383466447
-0.5017523088238456,-0.5683578984303908,-0.5611144954508002,-0.2068135061047294,-0.18753416700796646,-0.3406526094133204,-0.6991834356026216,-0.5382467779246244
-0.2233738424256444,-0.6452155886217952,-0.4249659487977624,-0.6662226673215628,-0.2867669416591525,-0.4136529956012964,-0.23629024531692266,-0.6268705539405346
-0.2233738424256444,-0.6452155886217952,-0.4249659487977624,-0.6662226673215628,-0.2867669416591525,-0.4136529956012964,-0.23629024531692266,-0.6268705539405346
-0.06542190909385681,-0.6146721839904785,-0.06692674912904438,-0.4426559539217698,-0.07808328615991693,-0.5783007442951202,-0.28770778210539566,-0.2607898139639905
-0.06542190909385681,-0.6146721839904785,-0.06692674912904438,-0.4426559539217698,-0.07808328615991693,-0.5783007442951202,-0.28770778210539566,-0.2607898139639905
-0.06542190909385681,-0.6146721839904785,-0.06692674912904438,-0.4426559539217698,-0.07808328615991693,-0.5783007442951202,-0.28770778210539566,-0.2607898139639905
-0.06542190909385681,-0.6146721839904785,-0.06692674912904438,-0.4426559539217698,-0.07808328615991693,-0.5783007442951202,-0.28770778210539566,-0.2607898139639905
-0.22225180443595438,-0.31085976344697613,-0.16620370658004985,-0.4657813196673113,-0.35213783120407777,-0.3276909502113567,-0.22832159084432266,0.052778761176502
-0.26221410305269305,-0.4375889378209268,-0.235263372140546,-0.5505472561044078,-0.16736074272663362,-0.32400728617945024,-0.13909549145929276,-0.4728793285546764
-0.22225180443595438,-0.31085976344697613,-0.16620370658004985,-0.4657813196673113,-0.35213783120407777,-0.3276909502113567,-0.22832159084432266,0.052778761176502
-0.26221410305269305,-0.4375889378209268,-0.235263372140546,-0.5505472561044078,-0.16736074272663362,-0.32400728617945024,-0.13909549145929276,-0.4728793285546764
-0.26221410305269305,-0.4375889378209268,-0.235263372140546,-0.5505472561044078,-0.16736074272663362,-0.32400728617945024,-0.13909549145929276,-0.4728793285546764
-0.26221410305269305,-0.4375889378209268,-0.235263372140546,-0.5505472561044078,-0.16736074272663362,-0.32400728617945024,-0.13909549145929276,-0.4728793285546764
-0.26221410305269305,-0.4375889378209268,-0.235263372140546,-0.5505472561044078,-0.16736074272663362,-0.32400728617945024,-0.13909549145929276,-0.4728793285546764
-0.26221410305269305,-0.4375889378209268,-0.235263372140546,-0.5505472561044078,-0.16736074272663362,-0.32400728617945024,-0.13909549145929276,-0.4728793285546764
-0.26221410305269305,-0.4375889378209268,-0.235263372140546,-0.5505472561044078,-0.16736074272663362,-0.32400728617945024,-0.13909549145929276,-0.4728793285546764
-0.26221410305269305,-0.4375889378209268,-0.235263372140546,-0.5505472561044078,-0.16736074272663362,-0.32400728617945024,-0.13909549145929276,-0.4728793285546764
-0.26221410305269305,-0.4375889378209268,-0.235263372140546,-0.5505472561044078,-0.16736074272663362,-0.32400728617945024,-0.13909549145929276,-0.4728793285546764
-0.26221410305269305,-0.4375889378209268,-0.235263372140546,-0.5505472561044078,-0.16736074272663362,-0.32400728617945024,-0.13909549145929276,-0.4728793285546764
-0.26221410305269305,-0.4375889378209268,-0.235263372140546,-0.5505472561044078,-0.16736074272663362,-0.32400728617945024,-0.13909549145929276,-0.4728793285546764
-0.39241258965598214,-0.5104546729061339,-0.3822208328379525,-0.29364411532878876,-0.25329071200556225,-0.5783353497584661,-0.6124300898777114,-0.37023939440647763
-0.5540110677480697,-0.4827325791120529,-0.5094974189996719,-0.3671942949295044,-0.28750034272670744,-0.45862420201301574,-0.34819165915250777,-0.3007738381624222
-0.049865649392207466,-0.500400065133969,-0.368104995538791,-0.25194478904207546,-0.14263828843832016,-0.4910552327831586,-0.28080495322744053,-0.2296980321407318
-0.23519223034381867,-0.5627953886985779,-0.664157572388649,-0.3449988603591919,-0.42485249042510986,-0.4339403510093689,-0.48063947111368177,-0.5853307843208313
-0.049865649392207466,-0.500400065133969,-0.368104995538791,-0.25194478904207546,-0.14263828843832016,-0.4910552327831586,-0.28080495322744053,-0.2296980321407318
-0.42002647221088407,-0.5842657774686814,-0.6362327381968498,-0.5598139747977257,-0.4224571749567986,-0.19870394766330718,-0.2877425715327263,-0.5879231721162796
-0.3959065467119217,-0.771292382478714,-0.6462154820561409,-0.5130563840270043,-0.49773153513669965,-0.2534755617380142,-0.46507623642683027,-0.48778183460235597
-0.357124967707528,-0.5197019875049591,-0.37585310637950897,-0.2835127330488629,-0.06534871293438806,-0.6547010044256846,-0.2790275663137436,-0.6168585750791762
-0.17036935687065125,-0.16558022248117546,-0.5012348764821103,-0.4680920415803006,-0.1454457577906157,-0.4419613088432111,-0.32573875392738144,-0.34928302074733536
-0.14680185914039612,-0.09528858724393342,-0.5595608432041971,-0.17590147727414182,-0.2363247291037911,-0.3832957226979105,-0.3076096639821404,-0.48170907560147735
-0.14680185914039612,-0.09528858724393342,-0.5595608432041971,-0.17590147727414182,-0.2363247291037911,-0.3832957226979105,-0.3076096639821404,-0.48170907560147735
-0.14680185914039612,-0.09528858724393342,-0.5595608432041971,-0.17590147727414182,-0.2363247291037911,-0.3832957226979105,-0.3076096639821404,-0.48170907560147735
-0.03327276426203111,-0.32565414029009204,-0.14855053319650538,-0.32235676663763385,-0.36506276709191937,-0.3518095998203053,-0.32339144366628986,-0.865947326316553
-0.3195217475295067,-0.5830211217204729,-0.41387391090393066,-0.458386121938626,-0.5136956249674162,-0.5667460535963377,-0.5624104912082354,-0.40129326780637103
-0.148725321659675,-0.568244158075406,-0.2520735217974736,-0.33870189235760617,-0.22617276700643393,-0.4951401650905609,-0.0863866599706503,-0.6089239005859082
-0.3026443077967717,-0.49534109693307143,-0.3163716426262489,-0.36415756551119,-0.5490949681172004,-0.5470844461367681,-0.5175716762359326,-0.3079938063254723
-0.30800236548696247,-0.18015088779585703,-0.18952140708764395,-0.32828181982040405,-0.5511904649791264,-0.19659973042351858,-0.4105280538400014,-0.8134533131406421
-0.30800236548696247,-0.18015088779585703,-0.18952140708764395,-0.32828181982040405,-0.5511904649791264,-0.19659973042351858,-0.4105280538400014,-0.8134533131406421
-0.30800236548696247,-0.18015088779585703,-0.18952140708764395,-0.32828181982040405,-0.5511904649791264,-0.19659973042351858,-0.4105280538400014,-0.8134533131406421
-0.2758016119832578,-0.19549248918243076,-0.3518949138081592,-0.29081737995147705,-0.4426751389451649,-0.429824816144031,-0.39063080367834674,-0.3347267495549243
-0.19352238318499396,-0.07860880038317512,-0.12711354038294623,-0.325445978957064,-0.5828502879423254,0.07978857966030345,-0.33953501897699695,-0.7959984987974167
-0.19352238318499396,-0.07860880038317512,-0.12711354038294623,-0.325445978957064,-0.5828502879423254,0.07978857966030345,-0.33953501897699695,-0.7959984987974167
-0.38552294032914297,-0.23573672771453857,-0.22602880568731398,-0.2606886944600514,-0.49990526338418323,-0.13060192267100015,-0.4802576828570593,-0.6843994756539663
-0.38552294032914297,-0.23573672771453857,-0.22602880568731398,-0.2606886944600514,-0.49990526338418323,-0.13060192267100015,-0.4802576828570593,-0.6843994756539663
-0.38552294032914297,-0.23573672771453857,-0.22602880568731398,-0.2606886944600514,-0.49990526338418323,-0.13060192267100015,-0.4802576828570593,-0.6843994756539663
-0.46684296594725716,-0.324289921257231,-0.3073389298386044,-0.44280871086650425,-0.3338295304112964,-0.6630414658122592,-0.5584153615766101,-0.5576801167594062
-0.027733588218688966,-0.2512544274330139,-0.2577897787094116,-0.8677462086081504,-0.3949630409479141,-0.7022171705961228,0.03894559592008591,-0.4241778999567032
-0.5667342133820057,-0.2147873742505908,-0.4985072482377291,-0.4709464441984892,-0.5093079824000597,-0.35489049181342125,-0.27277831360697746,-0.49043281376361847
-0.5667342133820057,-0.2147873742505908,-0.4985072482377291,-0.4709464441984892,-0.5093079824000597,-0.35489049181342125,-0.27277831360697746,-0.49043281376361847
-0.5667342133820057,-0.2147873742505908,-0.4985072482377291,-0.4709464441984892,-0.5093079824000597,-0.35489049181342125,-0.27277831360697746,-0.49043281376361847
-0.5835581477731466,-0.2923379922285676,-0.23985351622104645,-0.504144424572587,-0.6127184219658375,-0.7010729033499956,-0.047873093746602535,-0.40536625124514103
-0.5835581477731466,-0.2923379922285676,-0.23985351622104645,-0.504144424572587,-0.6127184219658375,-0.7010729033499956,-0.047873093746602535,-0.40536625124514103
-0.5835581477731466,-0.2923379922285676,-0.23985351622104645,-0.504144424572587,-0.6127184219658375,-0.7010729033499956,-0.047873093746602535,-0.40536625124514103
-0.5313753071038619,-0.1633966299502746,-0.23755243355813233,-0.36789328442967456,-0.44740984038166376,-0.7575849877751392,0.05632148877434109,-0.25236846441807953
-0.5313753071038619,-0.1633966299502746,-0.23755243355813233,-0.36789328442967456,-0.44740984038166376,-0.7575849877751392,0.05632148877434109,-0.25236846441807953
-0.5313753071038619,-0.1633966299502746,-0.23755243355813233,-0.36789328442967456,-0.44740984038166376,-0.7575849877751392,0.05632148877434109,-0.25236846441807953
-0.5313753071038619,-0.1633966299502746,-0.23755243355813233,-0.36789328442967456,-0.44740984038166376,-0.7575849877751392,0.05632148877434109,-0.25236846441807953
-0.5313753071038619,-0.1633966299502746,-0.23755243355813233,-0.36789328442967456,-0.44740984038166376,-0.7575849877751392,0.05632148877434109,-0.25236846441807953
-0.5313753071038619,-0.1633966299502746,-0.23755243355813233,-0.36789328442967456,-0.44740984038166376,-0.7575849877751392,0.05632148877434109,-0.25236846441807953
-0.5313753071038619,-0.1633966299502746,-0.23755243355813233,-0.36789328442967456,-0.44740984038166376,-0.7575849877751392,0.05632148877434109,-0.25236846441807953
-0.6754177276577268,0.14050913814987456,-0.172783191714968,-0.6084714766059603,-0.44404955208301544,-0.5762894856078284,-0.012419596314430237,-0.48400246245520456
-0.6754177276577268,0.14050913814987456,-0.172783191714968,-0.6084714766059603,-0.44404955208301544,-0.5762894856078284,-0.012419596314430237,-0.48400246245520456
-0.20523061877802798,-0.0977764882539448,-0.16247667136945224,-0.2595298117712924,-0.3308075344876239,-0.375388071725243,-0.5370580279513409,-0.39896470935721146
-0.37782493233680725,-0.013281941413879395,-0.32504670186476275,-0.5727402920072729,-0.6866097070954063,-0.26576803760095075,-0.1908855682069605,-0.7722503028132699
-0.4178216987186008,-0.3932905164029863,-0.21866521570417616,-0.14409528341558245,-0.5878376480605867,-0.2769334697061115,-0.32618874808152515,-0.4563168121708764
-0.4178216987186008,-0.3932905164029863,-0.21866521570417616,-0.14409528341558245,-0.5878376480605867,-0.2769334697061115,-0.32618874808152515,-0.4563168121708764
-0.48469651547762066,-0.09490307248555697,-0.4585533543274953,-0.2819325580046727,-0.1504942522599147,-0.7995415696730981,-0.053350708805597745,-0.4807719267331637
-0.48469651547762066,-0.09490307248555697,-0.4585533543274953,-0.2819325580046727,-0.1504942522599147,-0.7995415696730981,-0.053350708805597745,-0.4807719267331637
-0.2635025605559349,-0.1884442800655961,-0.145998178049922,-0.5209236573427916,-0.34820316080003977,-0.5341170895844698,-0.23216866794973612,-0.5769650340080261
-0.3541319611526671,-0.23335702078683035,-0.343729059611048,-0.45163571763606297,-0.434357524627731,-0.3700668684073857,-0.0830311384939012,-0.38435452466919307
-0.4271082207560539,-0.008929558098316193,-0.20223000459372997,-0.4606504952535033,-0.39964068960398436,-0.5345375146716833,-0.2788002463057637,-0.5125620272010565
-0.20000260710716247,-0.2894380521774292,-0.2928040319681168,-0.6555076432228089,-0.2413462644815445,-0.5097286784648896,0.18856908977031708,-0.3404624104499817
-0.20000260710716247,-0.2894380521774292,-0.2928040319681168,-0.6555076432228089,-0.2413462644815445,-0.5097286784648896,0.18856908977031708,-0.3404624104499817
-0.20000260710716247,-0.2894380521774292,-0.2928040319681168,-0.6555076432228089,-0.2413462644815445,-0.5097286784648896,0.18856908977031708,-0.3404624104499817
-0.20000260710716247,-0.2894380521774292,-0.2928040319681168,-0.6555076432228089,-0.2413462644815445,-0.5097286784648896,0.18856908977031708,-0.3404624104499817
0.18561494019296434,0.044713861412472196,-0.5306876367992825,-0.5419663621319665,-0.5940540168020461,-0.2905342678229014,-0.10240499509705438,-0.34195373124546474
-0.3917961120605469,-0.10286577045917511,-0.31101151269215804,-0.619384663609358,-0.37418322207836,-0.5830849122542602,-0.11192250481018653,-0.3304248990920874
-0.3917961120605469,-0.10286577045917511,-0.31101151269215804,-0.619384663609358,-0.37418322207836,-0.5830849122542602,-0.11192250481018653,-0.3304248990920874
-0.3917961120605469,-0.10286577045917511,-0.31101151269215804,-0.619384663609358,-0.37418322207836,-0.5830849122542602,-0.11192250481018653,-0.3304248990920874
-0.3917961120605469,-0.10286577045917511,-0.31101151269215804,-0.619384663609358,-0.37418322207836,-0.5830849122542602,-0.11192250481018653,-0.3304248990920874
-0.002939285503493415,0.04701113038592868,-0.6242163413100772,-0.34695838888486225,-0.5007612324423261,-0.5358792973889245,-0.14123890466160244,-0.3073660433292389
-0.4391981720924377,-0.015449897944927215,-0.21554863601922988,-0.6152447529137135,-0.2877366907894611,-0.578208164870739,-0.05986972227692604,-0.536314943432808
-0.4391981720924377,-0.015449897944927215,-0.21554863601922988,-0.6152447529137135,-0.2877366907894611,-0.578208164870739,-0.05986972227692604,-0.536314943432808
-0.4391981720924377,-0.015449897944927215,-0.21554863601922988,-0.6152447529137135,-0.2877366907894611,-0.578208164870739,-0.05986972227692604,-0.536314943432808
-0.4391981720924377,-0.015449897944927215,-0.21554863601922988,-0.6152447529137135,-0.2877366907894611,-0.578208164870739,-0.05986972227692604,-0.536314943432808
-0.1802842683262295,-0.16380157073338827,-0.2433975636959076,-0.5252907640404172,-0.4464361932542589,-0.4802926613224877,0.2253139681286282,-0.3315502603848775
0.043205789157322476,-0.2013428807258606,-0.4254875012806484,-0.17325325097356523,-0.7103064571108136,-0.5533142983913422,0.17175673586981638,-0.3815052253859384
-0.1575347941655379,-0.6892135097430303,-0.1885680097800035,-0.9191746299083416,-0.466000402202973,-0.26858447377498335,-0.31870413972781253,-0.6140943467617035
-0.0895620265177318,-0.5087958105972835,-0.18767794434513366,-0.6555959986788886,-0.362375408411026,-0.1871277881520135,0.03750546063695635,-0.6410589729036603
-0.0895620265177318,-0.5087958105972835,-0.18767794434513366,-0.6555959986788886,-0.362375408411026,-0.1871277881520135,0.03750546063695635,-0.6410589729036603
-0.2843121817478767,-0.44420171013245213,-0.3269888437711276,-0.5928832166470014,-0.2516858291167479,-0.4693763577021085,0.04774319093960982,-0.6035446387070876
0.16055367480624805,-0.4065020870078694,-0.20172467556866733,-0.8858835670081052,-0.373639930378307,-0.28985529325225134,0.040409193797545,-0.6141726943579587
-0.3616879617466646,-0.09010926414938535,-0.26438392085187573,-0.7071934596580618,-0.4297098079148461,-0.5314452928655288,-0.058507659856010884,-0.3990684905472924
-0.3616879617466646,-0.09010926414938535,-0.26438392085187573,-0.7071934596580618,-0.4297098079148461,-0.5314452928655288,-0.058507659856010884,-0.3990684905472924
-0.3200319225971515,-0.09807025927763718,-0.12049208008326016,-0.8724204336221402,-0.5011623731026282,-0.5286937814492446,-0.24887842742296365,-0.4816842239636641
-0.3200319225971515,-0.09807025927763718,-0.12049208008326016,-0.8724204336221402,-0.5011623731026282,-0.5286937814492446,-0.24887842742296365,-0.4816842239636641
-0.3203911781311035,-0.9750758177704282,0.043050721287727356,-0.25298550724983215,-0.3937567538685269,-0.39536484744813705,-0.3655329595009486,-0.15035313036706713
-0.3203911781311035,-0.9750758177704282,0.043050721287727356,-0.25298550724983215,-0.3937567538685269,-0.39536484744813705,-0.3655329595009486,-0.15035313036706713
-0.3203911781311035,-0.9750758177704282,0.043050721287727356,-0.25298550724983215,-0.3937567538685269,-0.39536484744813705,-0.3655329595009486,-0.15035313036706713
-0.3203911781311035,-0.9750758177704282,0.043050721287727356,-0.25298550724983215,-0.3937567538685269,-0.39536484744813705,-0.3655329595009486,-0.15035313036706713
-0.2781684266196357,-0.8009279304080539,-0.19246148235268062,-0.09730043676164415,-0.508159339427948,-0.501434240076277,-0.31390873425536686,-0.33850685093137955
-0.2781684266196357,-0.8009279304080539,-0.19246148235268062,-0.09730043676164415,-0.508159339427948,-0.501434240076277,-0.31390873425536686,-0.33850685093137955
-0.2781684266196357,-0.8009279304080539,-0.19246148235268062,-0.09730043676164415,-0.508159339427948,-0.501434240076277,-0.31390873425536686,-0.33850685093137955
-0.2781684266196357,-0.8009279304080539,-0.19246148235268062,-0.09730043676164415,-0.508159339427948,-0.501434240076277,-0.31390873425536686,-0.33850685093137955
-0.3082574725151062,-0.39000893831253053,-0.23060865849256515,-0.23145985901355742,-0.15352115035057068,-0.37841030657291413,-0.5245237872004509,-0.34264198541641233
-0.3082574725151062,-0.39000893831253053,-0.23060865849256515,-0.23145985901355742,-0.15352115035057068,-0.37841030657291413,-0.5245237872004509,-0.34264198541641233
-0.3082574725151062,-0.39000893831253053,-0.23060865849256515,-0.23145985901355742,-0.15352115035057068,-0.37841030657291413,-0.5245237872004509,-0.34264198541641233
-0.3082574725151062,-0.39000893831253053,-0.23060865849256515,-0.23145985901355742,-0.15352115035057068,-0.37841030657291413,-0.5245237872004509,-0.34264198541641233
-0.10831449760331048,-0.7935025294621786,0.07708341711097294,-0.2078836030430264,-0.15499969985749987,-0.6140643821822273,-0.5966743148035474,-0.18795431984795463
-0.10831449760331048,-0.7935025294621786,0.07708341711097294,-0.2078836030430264,-0.15499969985749987,-0.6140643821822273,-0.5966743148035474,-0.18795431984795463
-0.10831449760331048,-0.7935025294621786,0.07708341711097294,-0.2078836030430264,-0.15499969985749987,-0.6140643821822273,-0.5966743148035474,-0.18795431984795463
-0.10831449760331048,-0.7935025294621786,0.07708341711097294,-0.2078836030430264,-0.15499969985749987,-0.6140643821822273,-0.5966743148035474,-0.18795431984795463
-0.2569699784119924,-0.7387317419052124,0.026671437753571406,-0.45838654703564113,-0.2699963715341356,-0.7601324783431159,-0.7327762693166733,-0.3424727850490146
-0.2569699784119924,-0.7387317419052124,0.026671437753571406,-0.45838654703564113,-0.2699963715341356,-0.7601324783431159,-0.7327762693166733,-0.3424727850490146
-0.2569699784119924,-0.7387317419052124,0.026671437753571406,-0.45838654703564113,-0.2699963715341356,-0.7601324783431159,-0.7327762693166733,-0.3424727850490146
-0.5884480714797974,-0.6384820073843003,-0.2547820761799812,-0.05579093396663666,-0.261531400680542,-0.7439207613468171,-0.6687222823500634,-0.7599099010229111
-0.5884480714797974,-0.6384820073843003,-0.2547820761799812,-0.05579093396663666,-0.261531400680542,-0.7439207613468171,-0.6687222823500634,-0.7599099010229111
-0.5884480714797974,-0.6384820073843003,-0.2547820761799812,-0.05579093396663666,-0.261531400680542,-0.7439207613468171,-0.6687222823500634,-0.7599099010229111
-0.5884480714797974,-0.6384820073843003,-0.2547820761799812,-0.05579093396663666,-0.261531400680542,-0.7439207613468171,-0.6687222823500634,-0.7599099010229111
-0.3321679264307022,-0.856924033164978,-0.3124968484044075,0.02752506732940674,-0.3595480740070343,-0.8178623616695404,-0.5348039001226426,-0.6886200159788132
-0.3321679264307022,-0.856924033164978,-0.3124968484044075,0.02752506732940674,-0.3595480740070343,-0.8178623616695404,-0.5348039001226426,-0.6886200159788132
-0.3321679264307022,-0.856924033164978,-0.3124968484044075,0.02752506732940674,-0.3595480740070343,-0.8178623616695404,-0.5348039001226426,-0.6886200159788132
-0.3321679264307022,-0.856924033164978,-0.3124968484044075,0.02752506732940674,-0.3595480740070343,-0.8178623616695404,-0.5348039001226426,-0.6886200159788132
-0.07164406031370163,-0.9341329671442509,-0.13691343180835247,-0.4086686111986637,-0.2960208132863045,-0.6025734655559063,-0.7207726668566465,-0.3868696577847004
-0.07164406031370163,-0.9341329671442509,-0.13691343180835247,-0.4086686111986637,-0.2960208132863045,-0.6025734655559063,-0.7207726668566465,-0.3868696577847004
-0.07164406031370163,-0.9341329671442509,-0.13691343180835247,-0.4086686111986637,-0.2960208132863045,-0.6025734655559063,-0.7207726668566465,-0.3868696577847004
-0.07164406031370163,-0.9341329671442509,-0.13691343180835247,-0.4086686111986637,-0.2960208132863045,-0.6025734655559063,-0.7207726668566465,-0.3868696577847004
-0.24681086838245392,-0.6548310995101929,-0.4354057416319847,-0.15943009853363038,-0.4773220896720886,-0.7237582236528397,-0.4029234051704407,-0.40677335262298586
-0.24681086838245392,-0.6548310995101929,-0.4354057416319847,-0.15943009853363038,-0.4773220896720886,-0.7237582236528397,-0.4029234051704407,-0.40677335262298586
-0.24681086838245392,-0.6548310995101929,-0.4354057416319847,-0.15943009853363038,-0.4773220896720886,-0.7237582236528397,-0.4029234051704407,-0.40677335262298586
-0.24681086838245392,-0.6548310995101929,-0.4354057416319847,-0.15943009853363038,-0.4773220896720886,-0.7237582236528397,-0.4029234051704407,-0.40677335262298586
-0.32023025913672015,-0.4335819807919589,-0.2636647427623922,-0.1373848400332711,-0.4002589664675973,-0.5493916191838004,-0.6008216806433417,-0.3460521643812006
-0.32023025913672015,-0.4335819807919589,-0.2636647427623922,-0.1373848400332711,-0.4002589664675973,-0.5493916191838004,-0.6008216806433417,-0.3460521643812006
-0.32023025913672015,-0.4335819807919589,-0.2636647427623922,-0.1373848400332711,-0.4002589664675973,-0.5493916191838004,-0.6008216806433417,-0.3460521643812006
-0.32023025913672015,-0.4335819807919589,-0.2636647427623922,-0.1373848400332711,-0.4002589664675973,-0.5493916191838004,-0.6008216806433417,-0.3460521643812006
-0.6701934734980265,-0.32031311094760895,-0.24344014128049216,-0.4700999806324641,-0.08352875709533691,-0.5037078311045965,0.08502144118150075,-0.629421333471934
-0.6701934734980265,-0.32031311094760895,-0.24344014128049216,-0.4700999806324641,-0.08352875709533691,-0.5037078311045965,0.08502144118150075,-0.629421333471934
-0.4057689053671701,-0.5195049600941795,-0.028955561774117605,-0.17296708907399858,-0.050626552530697415,-0.926483018057687,-0.4426921733788082,-0.5925827537264142
-0.4057689053671701,-0.5195049600941795,-0.028955561774117605,-0.17296708907399858,-0.050626552530697415,-0.926483018057687,-0.4426921733788082,-0.5925827537264142
-0.2888196962220328,-0.41833153792790007,-0.09208080811159951,-0.42793122998305727,-0.4124607869556972,-0.5592189942087445,-0.7033344209194183,-0.5930749263082232
-0.2888196962220328,-0.41833153792790007,-0.09208080811159951,-0.42793122998305727,-0.4124607869556972,-0.5592189942087445,-0.7033344209194183,-0.5930749263082232
-0.2888196962220328,-0.41833153792790007,-0.09208080811159951,-0.42793122998305727,-0.4124607869556972,-0.5592189942087445,-0.7033344209194183,-0.5930749263082232
-0.2888196962220328,-0.41833153792790007,-0.09208080811159951,-0.42793122998305727,-0.4124607869556972,-0.5592189942087445,-0.7033344209194183,-0.5930749263082232
0.0003892566476549421,-0.6799663518156324,-0.10229953059128352,-0.5010973619563239,-0.34228151185171946,-0.7322045947824206,-0.5406953053815025,-0.5890942726816449
0.0003892566476549421,-0.6799663518156324,-0.10229953059128352,-0.5010973619563239,-0.34228151185171946,-0.7322045947824206,-0.5406953053815025,-0.5890942726816449
0.0003892566476549421,-0.6799663518156324,-0.10229953059128352,-0.5010973619563239,-0.34228151185171946,-0.7322045947824206,-0.5406953053815025,-0.5890942726816449
0.0003892566476549421,-0.6799663518156324,-0.10229953059128352,-0.5010973619563239,-0.34228151185171946,-0.7322045947824206,-0.5406953053815025,-0.5890942726816449
-0.08459462970495224,-0.742273073643446,-0.2641681097447872,-0.33074393309652805,-0.1163724772632122,-0.4768490865826607,-0.5235650446265936,-0.41663116216659546
-0.08459462970495224,-0.742273073643446,-0.2641681097447872,-0.33074393309652805,-0.1163724772632122,-0.4768490865826607,-0.5235650446265936,-0.41663116216659546
-0.08459462970495224,-0.742273073643446,-0.2641681097447872,-0.33074393309652805,-0.1163724772632122,-0.4768490865826607,-0.5235650446265936,-0.41663116216659546
-0.28166844323277473,-0.43481531739234924,-0.037382325157523155,-0.42655075527727604,-0.1344520002603531,-0.5125642418861389,-0.5334021486341953,-0.4236165061593056
-0.28166844323277473,-0.43481531739234924,-0.037382325157523155,-0.42655075527727604,-0.1344520002603531,-0.5125642418861389,-0.5334021486341953,-0.4236165061593056
-0.28166844323277473,-0.43481531739234924,-0.037382325157523155,-0.42655075527727604,-0.1344520002603531,-0.5125642418861389,-0.5334021486341953,-0.4236165061593056
-0.4946562759578228,-1.154255099594593,-0.026612769812345505,-0.40971261635422707,0.0161406472325325,-0.5766408070921898,-0.349926944822073,-0.1356140598654747
-0.4946562759578228,-1.154255099594593,-0.026612769812345505,-0.40971261635422707,0.0161406472325325,-0.5766408070921898,-0.349926944822073,-0.1356140598654747
-0.4946562759578228,-1.154255099594593,-0.026612769812345505,-0.40971261635422707,0.0161406472325325,-0.5766408070921898,-0.349926944822073,-0.1356140598654747
-0.09769054821559361,-0.5468021290642875,-0.16994011402130127,-0.20460649047579085,-0.19109811101640975,-1.1528628042766027,-0.604231881243842,0.020354309252330234
-0.09769054821559361,-0.5468021290642875,-0.16994011402130127,-0.20460649047579085,-0.19109811101640975,-1.1528628042766027,-0.604231881243842,0.020354309252330234
-0.09769054821559361,-0.5468021290642875,-0.16994011402130127,-0.20460649047579085,-0.19109811101640975,-1.1528628042766027,-0.604231881243842,0.020354309252330234
-0.25792959332466125,-1.0737147993511624,0.029572447141011555,-0.5458681748972999,0.02143297592798869,-0.29814305239253575,-0.37371639410654706,-0.161345018280877
-0.3152279332280159,-0.5712228715419769,-0.04874167963862419,-0.681679368019104,-0.4405510686337948,-0.29013483598828316,-0.6681699715554714,-0.49228376150131226
-0.22072977821032205,-0.7658080127504137,-0.009797639316982694,-0.39471076594458687,-0.18656890756554073,-0.3665095501475864,-0.519933819770813,-0.23858840929137337
-0.22072977821032205,-0.7658080127504137,-0.009797639316982694,-0.39471076594458687,-0.18656890756554073,-0.3665095501475864,-0.519933819770813,-0.23858840929137337
-0.22072977821032205,-0.7658080127504137,-0.009797639316982694,-0.39471076594458687,-0.18656890756554073,-0.3665095501475864,-0.519933819770813,-0.23858840929137337
-0.14106080267164442,-0.8500668605168661,-0.29476980368296307,-0.3086990068356196,-0.3654646890030967,-0.42700570490625167,-0.6599418405029509,-0.4911736779742771
-0.09806299395859241,-0.4724610708653927,-0.31937991455197334,-0.8509312979876995,-0.10985270794481039,-0.47258493304252625,-0.5254481416195631,-0.5053984075784683
-0.1758185343609916,-0.36747533745235866,-0.13317466278870901,-0.9142612268527349,0.010078126357661353,-0.12900768882698482,-0.42476284835073685,-0.4396030406157176
-0.2235415468090459,-0.4272309416218808,-0.1477336303183907,-0.870668717120823,-0.031353039961112175,-0.11676858757671557,-0.463070903953753,-0.36820033035780253
-0.1103021651506424,-0.7790032207965851,-0.1548009991645813,-0.19461708813905715,-0.25536352545022967,-0.38872890174388885,-0.7732080176472664,-0.3180012345314026
-0.1103021651506424,-0.7790032207965851,-0.1548009991645813,-0.19461708813905715,-0.25536352545022967,-0.38872890174388885,-0.7732080176472664,-0.3180012345314026
-0.1103021651506424,-0.7790032207965851,-0.1548009991645813,-0.19461708813905715,-0.25536352545022967,-0.38872890174388885,-0.7732080176472664,-0.3180012345314026
-0.1103021651506424,-0.7790032207965851,-0.1548009991645813,-0.19461708813905715,-0.25536352545022967,-0.38872890174388885,-0.7732080176472664,-0.3180012345314026
-0.18936066116605485,-0.6940441514764514,0.0476868918963841,-0.03086851324353899,-0.2277108750173024,-0.9570830038615635,-0.4142088421753475,-0.2972489595413208
-0.18936066116605485,-0.6940441514764514,0.0476868918963841,-0.03086851324353899,-0.2277108750173024,-0.9570830038615635,-0.4142088421753475,-0.2972489595413208
-0.18936066116605485,-0.6940441514764514,0.0476868918963841,-0.03086851324353899,-0.2277108750173024,-0.9570830038615635,-0.4142088421753475,-0.2972489595413208
-0.18936066116605485,-0.6940441514764514,0.0476868918963841,-0.03086851324353899,-0.2277108750173024,-0.9570830038615635,-0.4142088421753475,-0.2972489595413208
-0.18936066116605485,-0.6940441514764514,0.0476868918963841,-0.03086851324353899,-0.2277108750173024,-0.9570830038615635,-0.4142088421753475,-0.2972489595413208
-0.18936066116605485,-0.6940441514764514,0.0476868918963841,-0.03086851324353899,-0.2277108750173024,-0.9570830038615635,-0.4142088421753475,-0.2972489595413208
-0.18936066116605485,-0.6940441514764514,0.0476868918963841,-0.03086851324353899,-0.2277108750173024,-0.9570830038615635,-0.4142088421753475,-0.2972489595413208
-0.4819253087043762,-0.5995288677513599,0.06685123220086098,-0.3883916139602661,-0.22633263282477856,-0.4887981750071049,-0.8418643623590469,-0.16148316860198975
-0.26382504190717426,-0.7822154292038509,-0.15083665081432887,-0.24284796629633223,-0.010128159608159746,-0.6627655412469592,-0.291061384337289,-0.2505937303815569
-0.26382504190717426,-0.7822154292038509,-0.15083665081432887,-0.24284796629633223,-0.010128159608159746,-0.6627655412469592,-0.291061384337289,-0.2505937303815569
-0.26382504190717426,-0.7822154292038509,-0.15083665081432887,-0.24284796629633223,-0.010128159608159746,-0.6627655412469592,-0.291061384337289,-0.2505937303815569
-0.26382504190717426,-0.7822154292038509,-0.15083665081432887,-0.24284796629633223,-0.010128159608159746,-0.6627655412469592,-0.291061384337289,-0.2505937303815569
-0.26382504190717426,-0.7822154292038509,-0.15083665081432887,-0.24284796629633223,-0.010128159608159746,-0.6627655412469592,-0.291061384337289,-0.2505937303815569
-0.03926210353771845,-0.9482899283369383,-0.06145958105723063,-0.6445301994681358,-0.08977812776962917,-0.33965470890204114,-0.601843349635601,-0.5679415663083395
-0.03926210353771845,-0.9482899283369383,-0.06145958105723063,-0.6445301994681358,-0.08977812776962917,-0.33965470890204114,-0.601843349635601,-0.5679415663083395
-0.14763363982949937,-0.7453327200242451,0.14110140928200313,-0.7554402649402618,0.06155086202280862,0.08309743021215711,-0.4614772285733904,-0.47441278610910687
-0.10444724932312965,-0.5739131644368172,-0.5493911299854517,-0.2945835813879967,-0.107919592410326,-0.9242426678538322,-0.20851240865886211,-0.2956037428230047
-0.5327758267521858,-0.5878381282091141,-0.17450477182865143,-0.3574821973840396,-0.3766670897603035,-0.31757472455501556,-0.813863548139731,-0.712846040725708
-0.5706454025847572,-0.43637403420039583,0.04420553147792816,-0.5093991202967507,-0.18435396254062653,0.10202313108103615,-0.6432088272912162,-0.5986166213239942
-0.07193051065717425,-0.892088417496,-0.1512623131275177,-0.5356023460626602,-0.28034492688519613,-0.5394066934074674,-0.6684141457080841,-0.4896989230598722
-0.07193051065717425,-0.892088417496,-0.1512623131275177,-0.5356023460626602,-0.28034492688519613,-0.5394066934074674,-0.6684141457080841,-0.4896989230598722
-0.07193051065717425,-0.892088417496,-0.1512623131275177,-0.5356023460626602,-0.28034492688519613,-0.5394066934074674,-0.6684141457080841,-0.4896989230598722
-0.07193051065717425,-0.892088417496,-0.1512623131275177,-0.5356023460626602,-0.28034492688519613,-0.5394066934074674,-0.6684141457080841,-0.4896989230598722
-0.07193051065717425,-0.892088417496,-0.1512623131275177,-0.5356023460626602,-0.28034492688519613,-0.5394066934074674,-0.6684141457080841,-0.4896989230598722
-0.07193051065717425,-0.892088417496,-0.1512623131275177,-0.5356023460626602,-0.28034492688519613,-0.5394066934074674,-0.6684141457080841,-0.4896989230598722
-0.07193051065717425,-0.892088417496,-0.1512623131275177,-0.5356023460626602,-0.28034492688519613,-0.5394066934074674,-0.6684141457080841,-0.4896989230598722
-0.3660606563091278,-0.6641156807541847,-0.24438133239746093,-0.2824991077184677,-0.1329168498516083,-0.8839401483535767,-0.3501108556985855,-0.34516129791736605
-0.3660606563091278,-0.6641156807541847,-0.24438133239746093,-0.2824991077184677,-0.1329168498516083,-0.8839401483535767,-0.3501108556985855,-0.34516129791736605
-0.3660606563091278,-0.6641156807541847,-0.24438133239746093,-0.2824991077184677,-0.1329168498516083,-0.8839401483535767,-0.3501108556985855,-0.34516129791736605
-0.438027689854304,-0.4746946456531684,0.022426781555016834,-0.4722326993942261,0.05082342525323232,-0.3000150794784228,-0.2283057967821757,-0.27317443241675693
-0.438027689854304,-0.4746946456531684,0.022426781555016834,-0.4722326993942261,0.05082342525323232,-0.3000150794784228,-0.2283057967821757,-0.27317443241675693
-0.296995210647583,-0.6232292413711548,-0.29466364681720736,-0.16396135985851287,-0.18571680188179016,-0.7469345450401306,-0.8423387944698334,-0.18413020372390748
-0.38047315180301666,-0.44062261283397675,-0.019475147128105164,-0.37345124284426373,0.0068234652280807495,-0.18584374338388443,-0.6384957457582155,-0.13898185392220816
-0.05747077465057373,-0.6861299455165863,-0.08145646750926971,-0.3423371762037277,-0.3768153488636017,-0.5405763447284698,-0.3387580156326294,-0.3675158530473709
-0.18086945513884226,-0.493039866288503,0.15819750229517618,-0.5220977564652761,-0.15242532392342886,-0.013878576457500458,-0.21884509672721228,-0.2918032283584277
-0.38091827034950254,-0.7647768735885621,-0.27926118969917296,-0.3854301989078522,-0.26447496712207796,-0.4113095194101334,-0.7076525449752807,-0.5139276027679444
-0.38091827034950254,-0.7647768735885621,-0.27926118969917296,-0.3854301989078522,-0.26447496712207796,-0.4113095194101334,-0.7076525449752807,-0.5139276027679444
-0.45040903488794964,-0.5585789730151495,-0.0066397661964098615,-0.5580086087187132,-0.05880833913882574,0.09384377797444661,-0.526257204512755,-0.4138130197922389
-0.45040903488794964,-0.5585789730151495,-0.0066397661964098615,-0.5580086087187132,-0.05880833913882574,0.09384377797444661,-0.526257204512755,-0.4138130197922389
-0.34226053953170776,-0.7889272570610046,-0.42804484367370604,-0.3963348239660263,-0.2067584991455078,-0.6489542722702026,-0.5948876589536667,-0.4878141194581985
-0.34226053953170776,-0.7889272570610046,-0.42804484367370604,-0.3963348239660263,-0.2067584991455078,-0.6489542722702026,-0.5948876589536667,-0.4878141194581985
-0.418194259206454,-0.5787042925755183,-0.13062614450852075,-0.5670957962671915,-0.01071128249168396,-0.10419351607561111,-0.43228646616141003,-0.39205178370078403
-0.418194259206454,-0.5787042925755183,-0.13062614450852075,-0.5670957962671915,-0.01071128249168396,-0.10419351607561111,-0.43228646616141003,-0.39205178370078403
0.00525951087474823,-0.7597985833883285,-0.15572158396244049,-0.43768075108528137,0.20647929310798646,-0.7543558120727539,-0.6333963394165039,-0.14046082496643067
-0.12859421720107397,-0.5544303978482882,0.0963099052508672,-0.6015507355332375,0.3336535443862279,-0.19202813257773718,-0.4643770332137744,-0.10259070495764415
-0.3183015557852658,-0.783768046985973,-0.30229657888412476,-0.36666093224828894,-0.2385420040650801,-0.4167959717187015,-0.6135272302410819,-0.6153579300100153
-0.3183015557852658,-0.783768046985973,-0.30229657888412476,-0.36666093224828894,-0.2385420040650801,-0.4167959717187015,-0.6135272302410819,-0.6153579300100153
-0.34815001984437305,-0.9633917286992073,-0.2164206157128016,-0.7886877035101255,0.04682540148496628,-0.7535315081477165,-0.6852529346942902,-0.5396134580175082
-0.41239471094948904,-0.7582771203347615,0.008277665291513716,-0.8790038398333958,0.17863960138389043,-0.2716541119984218,-0.5329711586236954,-0.4501315504312515
-0.12293358395497005,-0.6633125121394793,-0.14005143443743387,-0.6691778724392256,0.18429562697807947,-0.6431266764799753,-0.7275431652863821,-0.5531498889128367
-0.12293358395497005,-0.6633125121394793,-0.14005143443743387,-0.6691778724392256,0.18429562697807947,-0.6431266764799753,-0.7275431652863821,-0.5531498889128367
-0.12293358395497005,-0.6633125121394793,-0.14005143443743387,-0.6691778724392256,0.18429562697807947,-0.6431266764799753,-0.7275431652863821,-0.5531498889128367
-0.21935205161571503,-0.501066363283566,0.0737369635275432,-0.7765668417726245,0.2964712232351303,-0.17702139914035797,-0.5692199277026313,-0.46173420548439026
-0.5266899347305298,-0.5914492905139923,-0.25846208930015563,-0.3075008124113083,-0.21316106617450714,-0.6089430242776871,-0.7337309837341308,-0.43956672251224516
-0.5266899347305298,-0.5914492905139923,-0.25846208930015563,-0.3075008124113083,-0.21316106617450714,-0.6089430242776871,-0.7337309837341308,-0.43956672251224516
-0.571885421872139,-0.414139320453008,0.010692817469437918,-0.4930674533049266,-0.016046755015850067,-0.07085080941518147,-0.5479892368117968,-0.3518456195791562
-0.13689430058002472,-0.6207500338554383,-0.23573732674121856,-0.262403792142868,-0.39096463322639463,-0.47838877737522123,-0.6814022392034531,-0.3081681042909622
-0.24705572674671808,-0.43855660657087964,0.02963011960188548,-0.45548660308122635,-0.16421639422575632,0.037944396336873375,-0.5043819497028986,-0.24234677106142044
-0.1653564547499021,-0.5527331531047821,-0.09459480394919713,-0.192495788137118,-0.4460723226269086,-0.45043186098337173,-0.34728189061085385,-0.40833961094419163
-0.25571451229708536,-0.4062840555395399,0.11269978966031756,-0.36798219808510374,-0.24384416214057378,-0.011854414428983415,-0.24328169226646423,-0.33761111008269445
-0.289388439485005,-0.298529109784535,-0.44839122678552357,-0.23022523096629552,-0.17198098770209722,-0.6290819389479501,-0.15499756591660635,-0.3739791916949408
-0.289388439485005,-0.298529109784535,-0.44839122678552357,-0.23022523096629552,-0.17198098770209722,-0.6290819389479501,-0.15499756591660635,-0.3739791916949408
-0.289388439485005,-0.298529109784535,-0.44839122678552357,-0.23022523096629552,-0.17198098770209722,-0.6290819389479501,-0.15499756591660635,-0.3739791916949408
-0.289388439485005,-0.298529109784535,-0.44839122678552357,-0.23022523096629552,-0.17198098770209722,-0.6290819389479501,-0.15499756591660635,-0.3739791916949408
-0.35294774174690247,-0.20216165482997894,-0.2227839045226574,-0.3790596593171358,-0.029292764142155647,-0.22299541346728802,-0.0880329329520464,-0.3163868058472872
-0.4921528349320094,-0.7038277238607407,-0.16009638706843057,-0.3046904777487119,-0.12376739333073299,-0.7267163520057996,-0.6222547938426336,-0.6375337168574333
-0.5358256953103202,-0.5357936876160758,0.05655557555811746,-0.4641490748950413,0.032417205827576775,-0.2486696924482073,-0.4789727521794183,-0.5340632008654731
-0.28929731020560634,-0.5254717331666213,-0.21050732869368333,-0.3673471762583806,-0.3779412427773842,-0.3113822524364178,-0.6481326875778345,-0.3490674060124617
-0.28929731020560634,-0.5254717331666213,-0.21050732869368333,-0.3673471762583806,-0.3779412427773842,-0.3113822524364178,-0.6481326875778345,-0.3490674060124617
-0.28929731020560634,-0.5254717331666213,-0.21050732869368333,-0.3673471762583806,-0.3779412427773842,-0.3113822524364178,-0.6481326875778345,-0.3490674060124617
-0.3571060498555501,-0.39242076476415,-0.00157737135887146,-0.5078209737936655,-0.19827910363674164,0.07941674987475077,-0.5109523961941401,-0.290957099199295
-0.23956911265850067,-0.5450935661792755,-0.1342942672116416,-0.41311198260102955,-0.49502344748803545,-0.11588671377726964,-0.6374771371483803,-0.29410937641348156
-0.23956911265850067,-0.5450935661792755,-0.1342942672116416,-0.41311198260102955,-0.49502344748803545,-0.11588671377726964,-0.6374771371483803,-0.29410937641348156
-0.23956911265850067,-0.5450935661792755,-0.1342942672116416,-0.41311198260102955,-0.49502344748803545,-0.11588671377726964,-0.6374771371483803,-0.29410937641348156
-0.3093558307737112,-0.4179055541753769,0.052050935104489326,-0.5390855669975281,-0.3119549164548516,0.22605040855705738,-0.5102025577798486,-0.24650071747601032
-0.26817848285039264,-0.8355589144759707,-0.5180445628033744,-0.15207117795944214,-0.08681453598870172,-0.8641607595814599,-0.51776798400614,-0.5888527697987027
-0.26817848285039264,-0.8355589144759707,-0.5180445628033744,-0.15207117795944214,-0.08681453598870172,-0.8641607595814599,-0.51776798400614,-0.5888527697987027
-0.26817848285039264,-0.8355589144759707,-0.5180445628033744,-0.15207117795944214,-0.08681453598870172,-0.8641607595814599,-0.51776798400614,-0.5888527697987027
-0.24353092366998846,-0.5910933965986426,-0.12921244718811728,-0.20779200169173154,-0.2986190535805442,-0.6463868536732413,-0.3445679531856017,-0.30567465045235376
-0.32154362542288645,-0.7714422174862453,-0.3913405452455793,-0.37058613768645693,-0.7276879442589623,0.20998741260596684,-0.6630706595523017,-0.08008341704096113
-0.5802330896258354,-0.5488313231617212,-0.31628361344337463,-0.3301003724336624,-0.39172523841261864,-0.4408047813922167,-0.2753908261656761,0.051045775413513184
-0.5988051071763039,-0.6746578142046928,-0.3598834350705147,-0.458764236420393,-0.5561728850007057,0.14998350478708744,-0.7223179377615452,-0.1599121056497097
-0.5988051071763039,-0.6746578142046928,-0.3598834350705147,-0.458764236420393,-0.5561728850007057,0.14998350478708744,-0.7223179377615452,-0.1599121056497097
-0.5988051071763039,-0.6746578142046928,-0.3598834350705147,-0.458764236420393,-0.5561728850007057,0.14998350478708744,-0.7223179377615452,-0.1599121056497097
-0.4939012825489044,-0.4977232739329338,-0.37913650646805763,-0.18192818760871887,-0.457725178450346,-0.2695477772504091,-0.890675749629736,0.2523346431553364
-0.27198344469070435,-0.5981811620295048,0.006117485463619232,-0.6073726266622543,-0.7284711413085461,-0.28390039689838886,-0.7923607863485813,0.055520929396152496
-0.6497141867876053,-0.5285797640681267,-0.3134848289191723,-0.41165345907211304,-0.18335789069533348,-0.05108587257564068,-0.5857700742781162,-0.34193119034171104
-0.4824144095182419,-0.9033530578017235,-0.02379602938890457,-0.328127671033144,-0.6721931360661983,0.007346702739596367,-0.48214882984757423,0.07437332719564438
-0.42087985277175904,-0.8194003567099571,-0.2922151207923889,-0.39496997445821763,-0.10978834331035614,-0.9379104018211365,-0.44509526044130326,-0.41214063465595246
-0.42087985277175904,-0.8194003567099571,-0.2922151207923889,-0.39496997445821763,-0.10978834331035614,-0.9379104018211365,-0.44509526044130326,-0.41214063465595246
-0.48371035357316333,-0.6040985422829787,-0.017434708774089813,-0.565958421677351,0.07009718070427577,-0.3449902907013893,-0.30745946740110713,-0.32899054636557895
-0.48371035357316333,-0.6040985422829787,-0.017434708774089813,-0.565958421677351,0.07009718070427577,-0.3449902907013893,-0.30745946740110713,-0.32899054636557895
-0.6487570852041245,-0.7429371681064367,-0.3760758489370346,-0.4706889558583498,-0.36281460523605347,-0.5082675982266665,-0.3941213320940733,-0.03267839550971985
-0.6487570852041245,-0.7429371681064367,-0.3760758489370346,-0.4706889558583498,-0.36281460523605347,-0.5082675982266665,-0.3941213320940733,-0.03267839550971985
-0.0849447672565778,-1.0776938249667485,-0.10132107138633728,-0.7382559217512608,-0.07050437231858571,-0.38462992012500763,-0.6809970202545325,-0.6237576802571615
-0.0849447672565778,-1.0776938249667485,-0.10132107138633728,-0.7382559217512608,-0.07050437231858571,-0.38462992012500763,-0.6809970202545325,-0.6237576802571615
-0.18679020873137883,-0.8562503457069397,0.10693441757134028,-0.8357765983257975,0.07807122383798872,0.044547249163900106,-0.5293232319610459,-0.5222551694938115
-0.2000595360994339,-1.0681819677352906,-0.1302308440208435,-0.8674882963299752,-0.2650685876607895,0.06974041908979416,-0.6873982295393943,-0.36251129806041715
-0.6860050814492362,-0.46181152548108784,0.0021340612854276386,-0.1552047027008874,0.07674901826041085,-0.37978274268763407,-0.5909570689712252,-0.6955816192286355
-0.8989603579044342,-0.5159676194190979,-0.2769513428211212,0.08531235754489899,-0.2669196754693985,-0.5243215695023536,-0.7736856013536453,-0.6051683276891708
-0.6701934734980265,-0.32031311094760895,-0.24344014128049216,-0.4700999806324641,-0.08352875709533691,-0.5037078311045965,0.08502144118150075,-0.629421333471934
-0.6701934734980265,-0.32031311094760895,-0.24344014128049216,-0.4700999806324641,-0.08352875709533691,-0.5037078311045965,0.08502144118150075,-0.629421333471934
-0.6701934734980265,-0.32031311094760895,-0.24344014128049216,-0.4700999806324641,-0.08352875709533691,-0.5037078311045965,0.08502144118150075,-0.629421333471934
-0.6701934734980265,-0.32031311094760895,-0.24344014128049216,-0.4700999806324641,-0.08352875709533691,-0.5037078311045965,0.08502144118150075,-0.629421333471934
-0.6701934734980265,-0.32031311094760895,-0.24344014128049216,-0.4700999806324641,-0.08352875709533691,-0.5037078311045965,0.08502144118150075,-0.629421333471934
-0.6701934734980265,-0.32031311094760895,-0.24344014128049216,-0.4700999806324641,-0.08352875709533691,-0.5037078311045965,0.08502144118150075,-0.629421333471934
-0.6701934734980265,-0.32031311094760895,-0.24344014128049216,-0.4700999806324641,-0.08352875709533691,-0.5037078311045965,0.08502144118150075,-0.629421333471934
-0.6701934734980265,-0.32031311094760895,-0.24344014128049216,-0.4700999806324641,-0.08352875709533691,-0.5037078311045965,0.08502144118150075,-0.629421333471934
-0.6701934734980265,-0.32031311094760895,-0.24344014128049216,-0.4700999806324641,-0.08352875709533691,-0.5037078311045965,0.08502144118150075,-0.629421333471934
-0.6701934734980265,-0.32031311094760895,-0.24344014128049216,-0.4700999806324641,-0.08352875709533691,-0.5037078311045965,0.08502144118150075,-0.629421333471934
-0.6701934734980265,-0.32031311094760895,-0.24344014128049216,-0.4700999806324641,-0.08352875709533691,-0.5037078311045965,0.08502144118150075,-0.629421333471934
-0.48330289125442505,-0.06058127880096435,-0.40048498213291167,-1.125336968898773,-0.23454053699970245,-0.5415882766246796,0.13829662203788756,-0.27512529492378235
-0.1696295572651757,-0.12433340897162755,-0.3790380780895551,-0.20346326463752323,-0.2445282389720281,-0.6499195347229639,-0.00011132078038321601,-0.6908121208349863
-0.08802178129553795,0.05769644305109978,-0.34013979136943817,0.2441889774054289,-0.15337528474628925,0.11991148442029953,-0.29929460026323795,0.3523702658712864
-0.08802178129553795,0.05769644305109978,-0.34013979136943817,0.2441889774054289,-0.15337528474628925,0.11991148442029953,-0.29929460026323795,0.3523702658712864
-0.29760773009375524,-0.4913698019165742,-0.24384777875323044,-0.790246141584296,-0.1998473672490371,-0.42406923755219106,-0.06175625873239417,-0.310230962539974
-0.29760773009375524,-0.4913698019165742,-0.24384777875323044,-0.790246141584296,-0.1998473672490371,-0.42406923755219106,-0.06175625873239417,-0.310230962539974
-0.1780711319297552,-0.009989121928811073,-0.6079901531338692,-0.37649072613567114,-0.3208977170288563,-0.4276732783764601,-0.2753809690475464,-0.4231429733335972
-0.1780711319297552,-0.009989121928811073,-0.6079901531338692,-0.37649072613567114,-0.3208977170288563,-0.4276732783764601,-0.2753809690475464,-0.4231429733335972
-0.16016690220151628,-0.13442370295524597,-0.2359766044786998,-0.36637828605515615,-0.4696025199123791,-0.11927750068051475,-0.43986569344997406,-0.8878708002822739
-0.16016690220151628,-0.13442370295524597,-0.2359766044786998,-0.36637828605515615,-0.4696025199123791,-0.11927750068051475,-0.43986569344997406,-0.8878708002822739
-0.8396392196416855,0.051982223987579346,-0.392983216047287,-0.40567768067121507,-0.2589980959892273,-0.40677144229412077,-0.6489900976419449,-0.47149779796600344
-0.33319895416498185,-0.3724656865000725,-0.31754489094018934,-0.367259880900383,-0.5293006330728531,-0.562335553765297,-0.550351020693779,0.07852329313755035
-0.6701934734980265,-0.32031311094760895,-0.24344014128049216,-0.4700999806324641,-0.08352875709533691,-0.5037078311045965,0.08502144118150075,-0.629421333471934
-0.6701934734980265,-0.32031311094760895,-0.24344014128049216,-0.4700999806324641,-0.08352875709533691,-0.5037078311045965,0.08502144118150075,-0.629421333471934
-0.6391832275050027,-0.5069653945309776,-0.11665948799678258,-0.6764233431645802,-0.5830754595143455,-0.16133789079529898,-0.6277217950139727,-0.2713354698249272
-0.5152714891093118,-0.5865653625556401,-0.17150989600590297,-0.752339746270861,-0.7051661078419004,-0.26938703656196594,-0.6041409202984401,-0.40540292859077454
-0.3967259580438787,-0.7678217102180828,-0.5261329967867244,-0.3894378637725657,0.0038779554041949186,-0.6737827983769503,-0.02937902103770863,-0.22109311819076538
-0.3967259580438787,-0.7678217102180828,-0.5261329967867244,-0.3894378637725657,0.0038779554041949186,-0.6737827983769503,-0.02937902103770863,-0.22109311819076538
-0.35516771403225983,-0.5595268417488445,-0.3848613893443888,-0.540301345966079,0.1912875839255073,-0.5187506513162092,0.028426928953690964,-0.26888244260441174
-0.35516771403225983,-0.5595268417488445,-0.3848613893443888,-0.540301345966079,0.1912875839255073,-0.5187506513162092,0.028426928953690964,-0.26888244260441174
0.22151022776961327,-0.46454576030373573,0.05866631492972374,-0.6625923290848732,-0.5003826469182968,-0.8077565804123878,-0.03119528293609619,-0.23601457104086876
0.22151022776961327,-0.46454576030373573,0.05866631492972374,-0.6625923290848732,-0.5003826469182968,-0.8077565804123878,-0.03119528293609619,-0.23601457104086876
-0.37824087142944335,-0.7908703863620759,-0.5793606132268906,-0.01756989061832428,-0.06825237572193146,-0.3336361050605774,-0.56535022854805,0.02077152132987976
-0.5650301525990168,0.12219517429669698,-0.14675119519233704,-0.1329596241315206,0.1710358957449595,-1.044070263703664,-0.042820567886034645,-0.39490558703740436
-0.5650301525990168,0.12219517429669698,-0.14675119519233704,-0.1329596241315206,0.1710358957449595,-1.044070263703664,-0.042820567886034645,-0.39490558703740436
-0.5650301525990168,0.12219517429669698,-0.14675119519233704,-0.1329596241315206,0.1710358957449595,-1.044070263703664,-0.042820567886034645,-0.39490558703740436
-0.5650301525990168,0.12219517429669698,-0.14675119519233704,-0.1329596241315206,0.1710358957449595,-1.044070263703664,-0.042820567886034645,-0.39490558703740436
-0.5650301525990168,0.12219517429669698,-0.14675119519233704,-0.1329596241315206,0.1710358957449595,-1.044070263703664,-0.042820567886034645,-0.39490558703740436
-0.5650301525990168,0.12219517429669698,-0.14675119519233704,-0.1329596241315206,0.1710358957449595,-1.044070263703664,-0.042820567886034645,-0.39490558703740436
-0.5650301525990168,0.12219517429669698,-0.14675119519233704,-0.1329596241315206,0.1710358957449595,-1.044070263703664,-0.042820567886034645,-0.39490558703740436
-0.5650301525990168,0.12219517429669698,-0.14675119519233704,-0.1329596241315206,0.1710358957449595,-1.044070263703664,-0.042820567886034645,-0.39490558703740436
-0.5650301525990168,0.12219517429669698,-0.14675119519233704,-0.1329596241315206,0.1710358957449595,-1.044070263703664,-0.042820567886034645,-0.39490558703740436
-0.5650301525990168,0.12219517429669698,-0.14675119519233704,-0.1329596241315206,0.1710358957449595,-1.044070263703664,-0.042820567886034645,-0.39490558703740436
-0.5650301525990168,0.12219517429669698,-0.14675119519233704,-0.1329596241315206,0.1710358957449595,-1.044070263703664,-0.042820567886034645,-0.39490558703740436
-0.5650301525990168,0.12219517429669698,-0.14675119519233704,-0.1329596241315206,0.1710358957449595,-1.044070263703664,-0.042820567886034645,-0.39490558703740436
-0.5650301525990168,0.12219517429669698,-0.14675119519233704,-0.1329596241315206,0.1710358957449595,-1.044070263703664,-0.042820567886034645,-0.39490558703740436
-0.5650301525990168,0.12219517429669698,-0.14675119519233704,-0.1329596241315206,0.1710358957449595,-1.044070263703664,-0.042820567886034645,-0.39490558703740436
-0.5650301525990168,0.12219517429669698,-0.14675119519233704,-0.1329596241315206,0.1710358957449595,-1.044070263703664,-0.042820567886034645,-0.39490558703740436
-0.5650301525990168,0.12219517429669698,-0.14675119519233704,-0.1329596241315206,0.1710358957449595,-1.044070263703664,-0.042820567886034645,-0.39490558703740436
-0.5650301525990168,0.12219517429669698,-0.14675119519233704,-0.1329596241315206,0.1710358957449595,-1.044070263703664,-0.042820567886034645,-0.39490558703740436
-0.5650301525990168,0.12219517429669698,-0.14675119519233704,-0.1329596241315206,0.1710358957449595,-1.044070263703664,-0.042820567886034645,-0.39490558703740436
-0.5650301525990168,0.12219517429669698,-0.14675119519233704,-0.1329596241315206,0.1710358957449595,-1.044070263703664,-0.042820567886034645,-0.39490558703740436
-0.5650301525990168,0.12219517429669698,-0.14675119519233704,-0.1329596241315206,0.1710358957449595,-1.044070263703664,-0.042820567886034645,-0.39490558703740436
-0.5650301525990168,0.12219517429669698,-0.14675119519233704,-0.1329596241315206,0.1710358957449595,-1.044070263703664,-0.042820567886034645,-0.39490558703740436
-0.5650301525990168,0.12219517429669698,-0.14675119519233704,-0.1329596241315206,0.1710358957449595,-1.044070263703664,-0.042820567886034645,-0.39490558703740436
-0.5650301525990168,0.12219517429669698,-0.14675119519233704,-0.1329596241315206,0.1710358957449595,-1.044070263703664,-0.042820567886034645,-0.39490558703740436
-0.5650301525990168,0.12219517429669698,-0.14675119519233704,-0.1329596241315206,0.1710358957449595,-1.044070263703664,-0.042820567886034645,-0.39490558703740436
-0.6701934734980265,-0.32031311094760895,-0.24344014128049216,-0.4700999806324641,-0.08352875709533691,-0.5037078311045965,0.08502144118150075,-0.629421333471934
-0.3425087912215127,-0.4871210240655475,-0.39702997273868984,-0.2595970200167762,-0.5212365918689303,-0.21080138948228624,0.06008018056551615,-0.129971938000785
-0.3425087912215127,-0.4871210240655475,-0.39702997273868984,-0.2595970200167762,-0.5212365918689303,-0.21080138948228624,0.06008018056551615,-0.129971938000785
-0.3425087912215127,-0.4871210240655475,-0.39702997273868984,-0.2595970200167762,-0.5212365918689303,-0.21080138948228624,0.06008018056551615,-0.129971938000785
-0.3425087912215127,-0.4871210240655475,-0.39702997273868984,-0.2595970200167762,-0.5212365918689303,-0.21080138948228624,0.06008018056551615,-0.129971938000785
-0.3425087912215127,-0.4871210240655475,-0.39702997273868984,-0.2595970200167762,-0.5212365918689303,-0.21080138948228624,0.06008018056551615,-0.129971938000785
-0.3425087912215127,-0.4871210240655475,-0.39702997273868984,-0.2595970200167762,-0.5212365918689303,-0.21080138948228624,0.06008018056551615,-0.129971938000785
-0.8651516522680011,0.04962412374360221,-0.1716381013393402,-0.7718744214091983,-0.5477705683026995,-0.3310316375323704,-0.8182884114129203,-0.3631012567452022
-0.7412399138723101,-0.029975844281060354,-0.2264885093484606,-0.8477908245154789,-0.6698612166302544,-0.4390807832990374,-0.7947075366973877,-0.4971687155110495
-0.694596666097641,-0.011645060777664185,-0.6563306719064712,-0.15120140016078948,-0.018825528025627137,-0.5712073504924774,-0.8321434915065765,-0.10770058035850524
-0.5182620104816225,-0.054218065407541066,-0.43979111644956803,-0.33383674754036796,-0.4937772320376502,-0.3427854147222307,-0.08813829885588752,-0.20134532782766554
-0.5182620104816225,-0.054218065407541066,-0.43979111644956803,-0.33383674754036796,-0.4937772320376502,-0.3427854147222307,-0.08813829885588752,-0.20134532782766554
-0.5182620104816225,-0.054218065407541066,-0.43979111644956803,-0.33383674754036796,-0.4937772320376502,-0.3427854147222307,-0.08813829885588752,-0.20134532782766554
-0.5182620104816225,-0.054218065407541066,-0.43979111644956803,-0.33383674754036796,-0.4937772320376502,-0.3427854147222307,-0.08813829885588752,-0.20134532782766554
-0.5182620104816225,-0.054218065407541066,-0.43979111644956803,-0.33383674754036796,-0.4937772320376502,-0.3427854147222307,-0.08813829885588752,-0.20134532782766554
-0.5182620104816225,-0.054218065407541066,-0.43979111644956803,-0.33383674754036796,-0.4937772320376502,-0.3427854147222307,-0.08813829885588752,-0.20134532782766554
-0.40724460342351126,-0.5729172580382403,-0.11512442722040064,-0.9075015432694379,-0.043442441260113436,-0.562735576840008,-0.25463074708686156,-0.2684555790003608
0.07346273958683014,0.06696668267250061,-0.17065218687057496,-0.22646787166595458,-0.33126572221517564,-0.16277310848236085,-0.18643935173749923,0.18240388333797455
-0.39809673173086985,0.012568635599953788,-0.7885669767856598,-0.07169071265629359,-0.967867910861969,-0.010730066469737462,-0.17274215817451477,-0.6793418952396938
-0.6701934734980265,-0.32031311094760895,-0.24344014128049216,-0.4700999806324641,-0.08352875709533691,-0.5037078311045965,0.08502144118150075,-0.629421333471934
-0.6701934734980265,-0.32031311094760895,-0.24344014128049216,-0.4700999806324641,-0.08352875709533691,-0.5037078311045965,0.08502144118150075,-0.629421333471934
-0.6701934734980265,-0.32031311094760895,-0.24344014128049216,-0.4700999806324641,-0.08352875709533691,-0.5037078311045965,0.08502144118150075,-0.629421333471934
-0.4610252504547437,-0.25831570972998935,-0.8939769516388575,-0.008346145351727804,-1.0406753371159236,-0.42038411398728687,0.24664420882860819,-0.5038287987311681
-0.6879855096340179,-0.584509402513504,-0.012172532081604005,-0.9999038696289062,0.18595708310604095,-0.459028023481369,0.20906816720962523,0.07158551216125489
-1.01120268872806,-0.5772210274423871,-0.3399995267391205,-0.9226858786174229,-0.6477839520999363,-0.26543729645865305,-0.4879965228693826,0.13253334164619446
-1.01120268872806,-0.5772210274423871,-0.3399995267391205,-0.9226858786174229,-0.6477839520999363,-0.26543729645865305,-0.4879965228693826,0.13253334164619446
-0.7412614524364471,-0.20596790313720703,-0.013882911205291748,-0.6186684310436249,-0.3712788730859756,-0.20794832706451416,-0.41511831283569334,-0.18391189575195313
-0.7750713646411895,-0.4127961039543152,-0.3703769505023956,-0.3653985261917114,-0.24721083045005798,-0.16644877195358276,0.00020112991333007813,0.12428547143936157
-0.2942869021342351,-0.3026418456664452,0.018081088478748616,0.06979839962262374,0.0067953948791210465,-0.23420036526826712,-0.1224304552261646,-0.5323750881048349
-0.6701934734980265,-0.32031311094760895,-0.24344014128049216,-0.4700999806324641,-0.08352875709533691,-0.5037078311045965,0.08502144118150075,-0.629421333471934
-0.6701934734980265,-0.32031311094760895,-0.24344014128049216,-0.4700999806324641,-0.08352875709533691,-0.5037078311045965,0.08502144118150075,-0.629421333471934
-0.6701934734980265,-0.32031311094760895,-0.24344014128049216,-0.4700999806324641,-0.08352875709533691,-0.5037078311045965,0.08502144118150075,-0.629421333471934
-0.6391832275050027,-0.5069653945309776,-0.11665948799678258,-0.6764233431645802,-0.5830754595143455,-0.16133789079529898,-0.6277217950139727,-0.2713354698249272
-0.5152714891093118,-0.5865653625556401,-0.17150989600590297,-0.752339746270861,-0.7051661078419004,-0.26938703656196594,-0.6041409202984401,-0.40540292859077454
-0.37824087142944335,-0.7908703863620759,-0.5793606132268906,-0.01756989061832428,-0.06825237572193146,-0.3336361050605774,-0.56535022854805,0.02077152132987976
-0.3425087912215127,-0.4871210240655475,-0.39702997273868984,-0.2595970200167762,-0.5212365918689303,-0.21080138948228624,0.06008018056551615,-0.129971938000785
-0.3425087912215127,-0.4871210240655475,-0.39702997273868984,-0.2595970200167762,-0.5212365918689303,-0.21080138948228624,0.06008018056551615,-0.129971938000785
-0.3425087912215127,-0.4871210240655475,-0.39702997273868984,-0.2595970200167762,-0.5212365918689303,-0.21080138948228624,0.06008018056551615,-0.129971938000785
-0.3425087912215127,-0.4871210240655475,-0.39702997273868984,-0.2595970200167762,-0.5212365918689303,-0.21080138948228624,0.06008018056551615,-0.129971938000785
-0.40724460342351126,-0.5729172580382403,-0.11512442722040064,-0.9075015432694379,-0.043442441260113436,-0.562735576840008,-0.25463074708686156,-0.2684555790003608
0.07346273958683014,0.06696668267250061,-0.17065218687057496,-0.22646787166595458,-0.33126572221517564,-0.16277310848236085,-0.18643935173749923,0.18240388333797455
-0.7157342970371247,-0.4009783327579498,-0.355241072177887,-0.11429001092910766,-0.8569904267787933,-0.3767054438591003,-0.2101300060749054,-0.4686016499996185
-0.7157342970371247,-0.4009783327579498,-0.355241072177887,-0.11429001092910766,-0.8569904267787933,-0.3767054438591003,-0.2101300060749054,-0.4686016499996185
-0.3627908014588886,-0.17040681342283884,-0.7269914812511868,-0.2684909254312515,-0.6506373186906179,-0.24044174287054274,-0.4659433729118771,-0.2477433184782664
-0.3627908014588886,-0.17040681342283884,-0.7269914812511868,-0.2684909254312515,-0.6506373186906179,-0.24044174287054274,-0.4659433729118771,-0.2477433184782664
0.3428291281064351,-0.2934587746858597,0.018108554184436798,-0.6429829224944115,-0.5255948652823766,-0.8551023801167806,-0.23710750540097555,-0.14086892207463583
-0.6701934734980265,-0.32031311094760895,-0.24344014128049216,-0.4700999806324641,-0.08352875709533691,-0.5037078311045965,0.08502144118150075,-0.629421333471934
-0.24865387786518445,-0.29447637362913653,-0.3409249565818093,-0.18275979974053122,-0.4903049143877896,-0.5004165768623352,-0.6314296668226068,-0.43176898902112787
-0.6701934734980265,-0.32031311094760895,-0.24344014128049216,-0.4700999806324641,-0.08352875709533691,-0.5037078311045965,0.08502144118150075,-0.629421333471934
-0.6701934734980265,-0.32031311094760895,-0.24344014128049216,-0.4700999806324641,-0.08352875709533691,-0.5037078311045965,0.08502144118150075,-0.629421333471934
-0.6701934734980265,-0.32031311094760895,-0.24344014128049216,-0.4700999806324641,-0.08352875709533691,-0.5037078311045965,0.08502144118150075,-0.629421333471934
-0.6701934734980265,-0.32031311094760895,-0.24344014128049216,-0.4700999806324641,-0.08352875709533691,-0.5037078311045965,0.08502144118150075,-0.629421333471934
-0.6701934734980265,-0.32031311094760895,-0.24344014128049216,-0.4700999806324641,-0.08352875709533691,-0.5037078311045965,0.08502144118150075,-0.629421333471934
-0.6701934734980265,-0.32031311094760895,-0.24344014128049216,-0.4700999806324641,-0.08352875709533691,-0.5037078311045965,0.08502144118150075,-0.629421333471934
-0.6701934734980265,-0.32031311094760895,-0.24344014128049216,-0.4700999806324641,-0.08352875709533691,-0.5037078311045965,0.08502144118150075,-0.629421333471934
-0.6701934734980265,-0.32031311094760895,-0.24344014128049216,-0.4700999806324641,-0.08352875709533691,-0.5037078311045965,0.08502144118150075,-0.629421333471934
-0.1780711319297552,-0.009989121928811073,-0.6079901531338692,-0.37649072613567114,-0.3208977170288563,-0.4276732783764601,-0.2753809690475464,-0.4231429733335972
-0.1780711319297552,-0.009989121928811073,-0.6079901531338692,-0.37649072613567114,-0.3208977170288563,-0.4276732783764601,-0.2753809690475464,-0.4231429733335972
-0.25496049225330353,0.029931116849184036,-0.6431721318513155,-0.3749467870220542,-0.17412874288856983,-0.38567483983933926,-0.3539329171180725,-0.22355181351304054
-0.25496049225330353,0.029931116849184036,-0.6431721318513155,-0.3749467870220542,-0.17412874288856983,-0.38567483983933926,-0.3539329171180725,-0.22355181351304054
-0.16016690220151628,-0.13442370295524597,-0.2359766044786998,-0.36637828605515615,-0.4696025199123791,-0.11927750068051475,-0.43986569344997406,-0.8878708002822739
-0.16016690220151628,-0.13442370295524597,-0.2359766044786998,-0.36637828605515615,-0.4696025199123791,-0.11927750068051475,-0.43986569344997406,-0.8878708002822739
-0.33954889492856133,0.03439768652121226,-0.2558043706748221,-0.3570523270302349,-0.5883338476220766,-0.10227677722771962,-0.4139662790629599,-0.6604750711056921
-0.33954889492856133,0.03439768652121226,-0.2558043706748221,-0.3570523270302349,-0.5883338476220766,-0.10227677722771962,-0.4139662790629599,-0.6604750711056921
-0.33954889492856133,0.03439768652121226,-0.2558043706748221,-0.3570523270302349,-0.5883338476220766,-0.10227677722771962,-0.4139662790629599,-0.6604750711056921
-0.2471099466085434,-0.1237734466791153,-0.4074082851409912,-0.3211353696882725,-0.4201832480728626,-0.35344498604536057,-0.4604372926056385,-0.1995406687259674
-0.2859684212340249,0.04202370014455584,-0.42644231849246556,-0.2973606801695294,-0.518874386118518,0.017447943488756817,-0.6482844890819656,-0.6392833871973885
-0.2859684212340249,0.04202370014455584,-0.42644231849246556,-0.2973606801695294,-0.518874386118518,0.017447943488756817,-0.6482844890819656,-0.6392833871973885
-0.2859684212340249,0.04202370014455584,-0.42644231849246556,-0.2973606801695294,-0.518874386118518,0.017447943488756817,-0.6482844890819656,-0.6392833871973885
-0.8396392196416855,0.051982223987579346,-0.392983216047287,-0.40567768067121507,-0.2589980959892273,-0.40677144229412077,-0.6489900976419449,-0.47149779796600344
-0.2561807781457901,-0.4588742305835088,-0.4313800616396798,-0.5772370166248746,-0.4278280999925401,-0.42064926359388566,-0.3488181034723918,0.15640044212341309
-0.33319895416498185,-0.3724656865000725,-0.31754489094018934,-0.367259880900383,-0.5293006330728531,-0.562335553765297,-0.550351020693779,0.07852329313755035
-0.5438908830285072,-0.19912822544574738,-0.4616905748844147,-0.5489375218749046,-0.36220273971557615,-0.8946167647838592,-0.632666289806366,-0.3839681714773178
-0.27934351776327404,-0.30145165004900526,-0.24874113340462958,-0.553501828440598,-0.20556270810110228,-0.296045537505831,-0.237117201089859,-0.3961863789175238
-0.27934351776327404,-0.30145165004900526,-0.24874113340462958,-0.553501828440598,-0.20556270810110228,-0.296045537505831,-0.237117201089859,-0.3961863789175238
-0.27934351776327404,-0.30145165004900526,-0.24874113340462958,-0.553501828440598,-0.20556270810110228,-0.296045537505831,-0.237117201089859,-0.3961863789175238
-0.27934351776327404,-0.30145165004900526,-0.24874113340462958,-0.553501828440598,-0.20556270810110228,-0.296045537505831,-0.237117201089859,-0.3961863789175238
-0.27934351776327404,-0.30145165004900526,-0.24874113340462958,-0.553501828440598,-0.20556270810110228,-0.296045537505831,-0.237117201089859,-0.3961863789175238
-0.27934351776327404,-0.30145165004900526,-0.24874113340462958,-0.553501828440598,-0.20556270810110228,-0.296045537505831,-0.237117201089859,-0.3961863789175238
-0.5151320338249207,-0.19314420620600384,-0.3941788852214813,-0.3423513978719711,-0.35893720090389253,-0.6874250769615173,-0.5294023116429647,-0.35370244483153024
-0.5151320338249207,-0.19314420620600384,-0.3941788852214813,-0.3423513978719711,-0.35893720090389253,-0.6874250769615173,-0.5294023116429647,-0.35370244483153024
-0.6701934734980265,-0.32031311094760895,-0.24344014128049216,-0.4700999806324641,-0.08352875709533691,-0.5037078311045965,0.08502144118150075,-0.629421333471934
-0.6701934734980265,-0.32031311094760895,-0.24344014128049216,-0.4700999806324641,-0.08352875709533691,-0.5037078311045965,0.08502144118150075,-0.629421333471934
-0.6701934734980265,-0.32031311094760895,-0.24344014128049216,-0.4700999806324641,-0.08352875709533691,-0.5037078311045965,0.08502144118150075,-0.629421333471934
-0.6701934734980265,-0.32031311094760895,-0.24344014128049216,-0.4700999806324641,-0.08352875709533691,-0.5037078311045965,0.08502144118150075,-0.629421333471934
-0.6701934734980265,-0.32031311094760895,-0.24344014128049216,-0.4700999806324641,-0.08352875709533691,-0.5037078311045965,0.08502144118150075,-0.629421333471934
0.04829436966351101,-0.5221194752625057,-0.35616202865328106,-0.5792660989931652,-0.17499737015792302,-0.2900191843509674,-0.41933550579207285,-0.6970346357141223
0.04829436966351101,-0.5221194752625057,-0.35616202865328106,-0.5792660989931652,-0.17499737015792302,-0.2900191843509674,-0.41933550579207285,-0.6970346357141223
-0.6701934734980265,-0.32031311094760895,-0.24344014128049216,-0.4700999806324641,-0.08352875709533691,-0.5037078311045965,0.08502144118150075,-0.629421333471934
-0.6701934734980265,-0.32031311094760895,-0.24344014128049216,-0.4700999806324641,-0.08352875709533691,-0.5037078311045965,0.08502144118150075,-0.629421333471934
-0.5456480441185144,-0.4468194441153453,-0.3980799879019077,-0.3074063819188338,-0.24075099138113168,-0.5893851851041501,-0.5224470003293111,-0.08899682760238647
-0.5456480441185144,-0.4468194441153453,-0.3980799879019077,-0.3074063819188338,-0.24075099138113168,-0.5893851851041501,-0.5224470003293111,-0.08899682760238647
-0.5456480441185144,-0.4468194441153453,-0.3980799879019077,-0.3074063819188338,-0.24075099138113168,-0.5893851851041501,-0.5224470003293111,-0.08899682760238647
-0.5456480441185144,-0.4468194441153453,-0.3980799879019077,-0.3074063819188338,-0.24075099138113168,-0.5893851851041501,-0.5224470003293111,-0.08899682760238647
-0.31054521600405377,-0.47201480799251133,-0.24316108557913038,-0.40960966381761765,-0.08563665880097283,-0.3394569009542465,-0.1273365169763565,0.049655200706587896
-0.31054521600405377,-0.47201480799251133,-0.24316108557913038,-0.40960966381761765,-0.08563665880097283,-0.3394569009542465,-0.1273365169763565,0.049655200706587896
-0.31054521600405377,-0.47201480799251133,-0.24316108557913038,-0.40960966381761765,-0.08563665880097283,-0.3394569009542465,-0.1273365169763565,0.049655200706587896
-0.31054521600405377,-0.47201480799251133,-0.24316108557913038,-0.40960966381761765,-0.08563665880097283,-0.3394569009542465,-0.1273365169763565,0.049655200706587896
-0.4827527221706178,-0.4750492225090663,-0.4142893917030758,-0.21472009188599056,-0.300270203087065,-0.18662149210770926,-0.21322729024622175,0.09515267279413012
-0.4827527221706178,-0.4750492225090663,-0.4142893917030758,-0.21472009188599056,-0.300270203087065,-0.18662149210770926,-0.21322729024622175,0.09515267279413012
-0.6269088968634605,-0.47383290231227876,-0.3562422275543213,-0.670270462334156,-0.30940179377794264,-0.665402689576149,-0.5935877203941345,-0.32420873194932937
-0.6269088968634605,-0.47383290231227876,-0.3562422275543213,-0.670270462334156,-0.30940179377794264,-0.665402689576149,-0.5935877203941345,-0.32420873194932937
-0.6701934734980265,-0.32031311094760895,-0.24344014128049216,-0.4700999806324641,-0.08352875709533691,-0.5037078311045965,0.08502144118150075,-0.629421333471934
-0.6701934734980265,-0.32031311094760895,-0.24344014128049216,-0.4700999806324641,-0.08352875709533691,-0.5037078311045965,0.08502144118150075,-0.629421333471934
-0.49578569531440736,-0.3262894004583359,0.45278787016868594,-0.909324300289154,-0.5618441313505173,0.21213963627815247,-0.4281699001789093,-0.48289860486984254
-0.21539704288755143,-0.6329565665551594,0.2991642249482019,-0.2505067012139729,-0.3988012948206493,-0.5724927272115435,-0.47575379269463675,-0.2331296375819615
-0.21539704288755143,-0.6329565665551594,0.2991642249482019,-0.2505067012139729,-0.3988012948206493,-0.5724927272115435,-0.47575379269463675,-0.2331296375819615
-0.6634675204753876,-0.3134241417050362,0.418802310526371,-0.4412719801068306,-0.8456578269600868,-0.7692906320095062,-0.40441732108592987,-0.1837764412164688
-0.6634675204753876,-0.3134241417050362,0.418802310526371,-0.4412719801068306,-0.8456578269600868,-0.7692906320095062,-0.40441732108592987,-0.1837764412164688
-0.6634675204753876,-0.3134241417050362,0.418802310526371,-0.4412719801068306,-0.8456578269600868,-0.7692906320095062,-0.40441732108592987,-0.1837764412164688
-0.893891841173172,-0.7737231190715518,-0.09688538525785718,-0.3305458575487137,-0.20416787266731262,-0.1426085787160056,0.007008893149239677,-0.783948540687561
-0.893891841173172,-0.7737231190715518,-0.09688538525785718,-0.3305458575487137,-0.20416787266731262,-0.1426085787160056,0.007008893149239677,-0.783948540687561
-0.4523862500985463,-0.351753615670734,-0.2734476824601491,-0.559916282693545,-0.6792137556605868,-0.15340223908424377,-0.44620391560925377,-0.3600403567155202
-0.7205353048112657,-0.5298489265971713,-0.30318207210964626,-0.7061840030882094,-0.7976313382387161,-0.20742550823423597,-0.619086331791348,-0.45765428410636055
-0.6200370815667239,-0.5150787613608621,-0.11774891885844144,-0.627645040100271,-0.9833569756963036,-0.23335553841157394,-0.8905816132372076,-0.26133248751813715
-0.44761553406715393,-0.594541376287287,-0.32305367426438764,-0.673944199627096,-1.0586982789364727,-0.23245085911317306,-0.8029673912308433,-0.42046701637181366
-0.21912728746732077,-0.6231069084670808,-0.0020338081651263768,-0.33428286181555855,-0.28321749303076005,-0.20897803041670057,-0.70666028228071,-0.5648258527119955
-0.21912728746732077,-0.6231069084670808,-0.0020338081651263768,-0.33428286181555855,-0.28321749303076005,-0.20897803041670057,-0.70666028228071,-0.5648258527119955
-0.21912728746732077,-0.6231069084670808,-0.0020338081651263768,-0.33428286181555855,-0.28321749303076005,-0.20897803041670057,-0.70666028228071,-0.5648258527119955
-0.21912728746732077,-0.6231069084670808,-0.0020338081651263768,-0.33428286181555855,-0.28321749303076005,-0.20897803041670057,-0.70666028228071,-0.5648258527119955
-0.21912728746732077,-0.6231069084670808,-0.0020338081651263768,-0.33428286181555855,-0.28321749303076005,-0.20897803041670057,-0.70666028228071,-0.5648258527119955
-0.21912728746732077,-0.6231069084670808,-0.0020338081651263768,-0.33428286181555855,-0.28321749303076005,-0.20897803041670057,-0.70666028228071,-0.5648258527119955
-0.27376246452331543,-0.44246905468977415,-0.14802757707925943,-0.5306598406571609,-0.5983786777808116,-0.39577311048140895,-0.4218376404964007,-0.17056795954704285
-0.27376246452331543,-0.44246905468977415,-0.14802757707925943,-0.5306598406571609,-0.5983786777808116,-0.39577311048140895,-0.4218376404964007,-0.17056795954704285
-0.27376246452331543,-0.44246905468977415,-0.14802757707925943,-0.5306598406571609,-0.5983786777808116,-0.39577311048140895,-0.4218376404964007,-0.17056795954704285
-0.27376246452331543,-0.44246905468977415,-0.14802757707925943,-0.5306598406571609,-0.5983786777808116,-0.39577311048140895,-0.4218376404964007,-0.17056795954704285
-0.27376246452331543,-0.44246905468977415,-0.14802757707925943,-0.5306598406571609,-0.5983786777808116,-0.39577311048140895,-0.4218376404964007,-0.17056795954704285
-0.27376246452331543,-0.44246905468977415,-0.14802757707925943,-0.5306598406571609,-0.5983786777808116,-0.39577311048140895,-0.4218376404964007,-0.17056795954704285
-0.5263575640591708,-0.4342971715060147,-0.32728826864199206,-0.7412717125632546,-0.5379406945271925,-0.4457374458963221,-0.7211692319674925,-0.5103992250832644
-0.5092757046222687,-0.338489830493927,-0.3193146288394928,-0.6673948206007481,-0.6001310292631388,-0.38816967606544495,-0.7370333839207888,-0.2599002420902252
-0.7012667109568914,-0.4480721304814021,-0.20518571386734644,-0.7313328273594379,-0.8395761388043562,-0.4321490128835042,-0.9548699495693048,-0.33919918288787204
-0.7012667109568914,-0.4480721304814021,-0.20518571386734644,-0.7313328273594379,-0.8395761388043562,-0.4321490128835042,-0.9548699495693048,-0.33919918288787204
-0.7012667109568914,-0.4480721304814021,-0.20518571386734644,-0.7313328273594379,-0.8395761388043562,-0.4321490128835042,-0.9548699495693048,-0.33919918288787204
-0.6014484627680345,-0.24169853058728305,-0.4074432917616584,-0.6586391858079217,-0.7328350679440931,-0.34740047563206067,-0.2734894481572238,-0.3309846682982011
-0.6863348621588486,-0.32937898544164806,-0.08831462722558242,-0.7727852039612256,-0.7898317713003892,-0.4531400203704834,-0.9394627385414563,-0.11639196826861455
-0.6863348621588486,-0.32937898544164806,-0.08831462722558242,-0.7727852039612256,-0.7898317713003892,-0.4531400203704834,-0.9394627385414563,-0.11639196826861455
-0.6014484627680345,-0.24169853058728305,-0.4074432917616584,-0.6586391858079217,-0.7328350679440931,-0.34740047563206067,-0.2734894481572238,-0.3309846682982011
0.009121129910151163,-0.23733904709418616,-0.2237246185541153,-0.12566353132327399,-0.20730031033356985,-0.29740403095881146,0.318375863134861,-0.1862121969461441
-0.5623411793600429,-0.5503140200268138,-0.3637187440286983,-0.5901206176389348,-0.7247250540689989,-0.38351480256427417,-0.35753980008038605,-0.19644815271550958
-0.37164847718344796,-0.4913834383090337,0.11906623178058201,-0.2184992084900538,-0.21758239302370283,-0.24011355638504028,-0.7685250126653247,-0.5731288525793288
-0.5623411793600429,-0.5503140200268138,-0.3637187440286983,-0.5901206176389348,-0.7247250540689989,-0.38351480256427417,-0.35753980008038605,-0.19644815271550958
-0.5623411793600429,-0.5503140200268138,-0.3637187440286983,-0.5901206176389348,-0.7247250540689989,-0.38351480256427417,-0.35753980008038605,-0.19644815271550958
-0.6583795249462128,-0.369204044342041,-0.21295567127791318,-0.6883157965811816,-0.9709102050824598,-0.4686193899674849,-0.40588987415487116,-0.2845087268135764
-0.6583795249462128,-0.369204044342041,-0.21295567127791318,-0.6883157965811816,-0.9709102050824598,-0.4686193899674849,-0.40588987415487116,-0.2845087268135764
-0.6583795249462128,-0.369204044342041,-0.21295567127791318,-0.6883157965811816,-0.9709102050824598,-0.4686193899674849,-0.40588987415487116,-0.2845087268135764
-0.5501989451321688,-0.27552946318279614,-0.3457821160554886,-0.4564620405435562,-0.8757932104847648,-0.31721313162283465,-0.1339028152552518,-0.34381005980751733
-0.5501989451321688,-0.27552946318279614,-0.3457821160554886,-0.4564620405435562,-0.8757932104847648,-0.31721313162283465,-0.1339028152552518,-0.34381005980751733
-0.8090497174046256,-0.26405308734286914,-0.36196149072863837,-0.7831960198554125,-0.9704683504321359,-0.3987483328038996,-0.24578593535856766,-0.33093302900140936
-0.3100450237592061,-0.30286388099193573,-0.16087397601869372,-0.3446919735934999,-0.5187846587763892,-0.3544841839207543,-0.7799243181943893,-0.4369062814447615
-0.673411946405064,-0.2984827215021307,-0.44827117838642816,-0.6349747384136374,-0.6579197347164154,-0.4291173761541193,-0.35564483024857263,-0.3638139746405862
-0.673411946405064,-0.2984827215021307,-0.44827117838642816,-0.6349747384136374,-0.6579197347164154,-0.4291173761541193,-0.35564483024857263,-0.3638139746405862
-0.19017010629177095,-0.10518070459365844,-0.6787445336580277,-0.393319208920002,-0.4800593495368958,-0.39921867847442627,-0.3382410004734993,-0.10655879974365234
-0.6415358552565942,-0.31637390187153447,-0.3604491295722815,-0.5068455991836694,-0.7505347935053018,-0.5252283994968121,-0.33808675637611973,-0.35835893566791827
-0.6415358552565942,-0.31637390187153447,-0.3604491295722815,-0.5068455991836694,-0.7505347935053018,-0.5252283994968121,-0.33808675637611973,-0.35835893566791827
-0.5638035734494528,-0.32095182066162425,-0.43646082654595375,-0.4806385027865569,-0.965454729894797,-0.2364840805530548,-0.18034079174200693,-0.3317071795463562
-0.5638035734494528,-0.32095182066162425,-0.43646082654595375,-0.4806385027865569,-0.965454729894797,-0.2364840805530548,-0.18034079174200693,-0.3317071795463562
-0.5157190747559071,-0.36876289919018745,-0.28436751787861186,-0.6378246558209261,-0.9155336742599806,-0.40540023644765216,-0.29301030933856964,-0.3311575676004092
-0.5157190747559071,-0.36876289919018745,-0.28436751787861186,-0.6378246558209261,-0.9155336742599806,-0.40540023644765216,-0.29301030933856964,-0.3311575676004092
-0.5417885000889118,-0.2789859210069363,-0.2969347227078218,-0.5123663487342688,-0.5944111278423896,-0.4070553917151231,-0.2722564247938303,-0.4113355783315805
-0.5417885000889118,-0.2789859210069363,-0.2969347227078218,-0.5123663487342688,-0.5944111278423896,-0.4070553917151231,-0.2722564247938303,-0.4113355783315805
-0.6182710404197375,-0.3889120394984881,-0.19552282616496086,-0.6407367127637068,-0.6827784975369772,-0.5959815482298533,-0.5735521763563156,-0.45082252224286395
-0.6257099832097689,-0.33980801453193027,-0.2977727067967256,-0.717750950405995,-0.8861525133252144,-0.44341617822647095,-0.4546663761138916,0.041573673486709595
-0.7839555804218564,-0.45643816888332367,-0.47203245226825985,-0.6830503695777485,-0.9806331183229174,-0.4365410826035908,-0.5950951597520283,-0.2901552404676165
-0.6119047213684429,-0.6091891472989862,-0.4053082357753407,-0.9457288140600378,-0.9935251447287473,-0.4679320481690494,-0.933209936727177,-0.20952086557041516
-0.5510763376951218,-0.3952580520084926,-0.38408273671354565,-0.8135253776397023,-0.8573374684367862,-0.6108256855181285,-0.9232967261757169,-0.353128405553954
-0.5510763376951218,-0.3952580520084926,-0.38408273671354565,-0.8135253776397023,-0.8573374684367862,-0.6108256855181285,-0.9232967261757169,-0.353128405553954
-0.8127769092718761,-0.350315523147583,-0.23983276883761087,0.44689080119132996,-0.16787235935529074,-0.9372490664323171,-0.22856215437253316,-0.6781266570091248
-0.8127769092718761,-0.350315523147583,-0.23983276883761087,0.44689080119132996,-0.16787235935529074,-0.9372490664323171,-0.22856215437253316,-0.6781266570091248
-0.5092979392835072,-0.11479130387306213,-0.04730978714568274,-0.1894934975675174,-0.3353179097175598,-0.1530192153794425,-0.4088075948613031,-0.6306057551077434
-0.8127769092718761,-0.350315523147583,-0.23983276883761087,0.44689080119132996,-0.16787235935529074,-0.9372490664323171,-0.22856215437253316,-0.6781266570091248
-0.7037688539578364,-0.35720088390203625,-0.386081331051313,0.30180114622299486,-0.21916297536629897,-0.8585214821191934,-0.23632088188941663,-0.6072067687144647
-0.7037688539578364,-0.35720088390203625,-0.386081331051313,0.30180114622299486,-0.21916297536629897,-0.8585214821191934,-0.23632088188941663,-0.6072067687144647
-0.5092979392835072,-0.11479130387306213,-0.04730978714568274,-0.1894934975675174,-0.3353179097175598,-0.1530192153794425,-0.4088075948613031,-0.6306057551077434
-1.0229550834212984,-0.08913257718086243,-0.32609193346330095,0.07327911257743835,-0.27382260667426245,-0.7094282614333289,-0.7717173088874135,-1.1013247221708298
-1.0229550834212984,-0.08913257718086243,-0.32609193346330095,0.07327911257743835,-0.27382260667426245,-0.7094282614333289,-0.7717173088874135,-1.1013247221708298
-1.0229550834212984,-0.08913257718086243,-0.32609193346330095,0.07327911257743835,-0.27382260667426245,-0.7094282614333289,-0.7717173088874135,-1.1013247221708298
-0.847269062201182,-0.392465215921402,-0.2769101480642954,0.028589855631192526,-0.2621430953343709,-0.532646522919337,-0.5284426907698313,-0.76375506122907
-0.847269062201182,-0.392465215921402,-0.2769101480642954,0.028589855631192526,-0.2621430953343709,-0.532646522919337,-0.5284426907698313,-0.76375506122907
-0.847269062201182,-0.392465215921402,-0.2769101480642954,0.028589855631192526,-0.2621430953343709,-0.532646522919337,-0.5284426907698313,-0.76375506122907
-0.847269062201182,-0.392465215921402,-0.2769101480642954,0.028589855631192526,-0.2621430953343709,-0.532646522919337,-0.5284426907698313,-0.76375506122907
-0.847269062201182,-0.392465215921402,-0.2769101480642954,0.028589855631192526,-0.2621430953343709,-0.532646522919337,-0.5284426907698313,-0.76375506122907
-0.847269062201182,-0.392465215921402,-0.2769101480642954,0.028589855631192526,-0.2621430953343709,-0.532646522919337,-0.5284426907698313,-0.76375506122907
-0.847269062201182,-0.392465215921402,-0.2769101480642954,0.028589855631192526,-0.2621430953343709,-0.532646522919337,-0.5284426907698313,-0.76375506122907
-0.847269062201182,-0.392465215921402,-0.2769101480642954,0.028589855631192526,-0.2621430953343709,-0.532646522919337,-0.5284426907698313,-0.76375506122907
-0.847269062201182,-0.392465215921402,-0.2769101480642954,0.028589855631192526,-0.2621430953343709,-0.532646522919337,-0.5284426907698313,-0.76375506122907
-0.847269062201182,-0.392465215921402,-0.2769101480642954,0.028589855631192526,-0.2621430953343709,-0.532646522919337,-0.5284426907698313,-0.76375506122907
-0.847269062201182,-0.392465215921402,-0.2769101480642954,0.028589855631192526,-0.2621430953343709,-0.532646522919337,-0.5284426907698313,-0.76375506122907
-0.13765406608581543,-0.15899216277258738,-0.7173270072255816,-0.35122102073260714,-0.08066735523087638,-0.1525913987840925,-0.494481874363763,-0.8122054210730961
-0.6282666070120675,-0.21593282691070012,-0.20791790527956827,-0.3580667568104608,-0.35883307386012303,-0.35870066710880827,-0.3795120950256075,-0.8171175264176869
-0.6282666070120675,-0.21593282691070012,-0.20791790527956827,-0.3580667568104608,-0.35883307386012303,-0.35870066710880827,-0.3795120950256075,-0.8171175264176869
-0.6282666070120675,-0.21593282691070012,-0.20791790527956827,-0.3580667568104608,-0.35883307386012303,-0.35870066710880827,-0.3795120950256075,-0.8171175264176869
-0.6282666070120675,-0.21593282691070012,-0.20791790527956827,-0.3580667568104608,-0.35883307386012303,-0.35870066710880827,-0.3795120950256075,-0.8171175264176869
-0.6282666070120675,-0.21593282691070012,-0.20791790527956827,-0.3580667568104608,-0.35883307386012303,-0.35870066710880827,-0.3795120950256075,-0.8171175264176869
-0.6282666070120675,-0.21593282691070012,-0.20791790527956827,-0.3580667568104608,-0.35883307386012303,-0.35870066710880827,-0.3795120950256075,-0.8171175264176869
-0.5734627477147363,-0.1996449584310705,-0.4244262989271771,-0.332484478300268,-0.50322625041008,-0.17330292680046774,-0.36335757036100735,-0.4808579290455038
-0.6282666070120675,-0.21593282691070012,-0.20791790527956827,-0.3580667568104608,-0.35883307386012303,-0.35870066710880827,-0.3795120950256075,-0.8171175264176869
-0.6282666070120675,-0.21593282691070012,-0.20791790527956827,-0.3580667568104608,-0.35883307386012303,-0.35870066710880827,-0.3795120950256075,-0.8171175264176869
-0.6399784169413827,-0.0027526454492048783,-0.6855017922141335,-0.3703784373673526,-0.14513408189470117,-0.20363924178210172,-0.6877197528427298,-0.9536223736676303
-0.6399784169413827,-0.0027526454492048783,-0.6855017922141335,-0.3703784373673526,-0.14513408189470117,-0.20363924178210172,-0.6877197528427298,-0.9536223736676303
-0.6402377883593241,-0.11945655941963196,-0.4813977951804797,0.0815003402531147,-0.2486191081504027,-0.2616098423798879,-0.5682832412421703,-0.7453785302738348
-0.6402377883593241,-0.11945655941963196,-0.4813977951804797,0.0815003402531147,-0.2486191081504027,-0.2616098423798879,-0.5682832412421703,-0.7453785302738348
-0.12872315730367387,0.06628485236849103,-0.36120976294789997,-0.10674643090793065,0.029375078422682627,-0.15444244231496537,-0.5103030375071934,0.22026288083621434
0.4499114283493587,0.016439957278115407,-0.26921694193567547,-8.231827190944127e-05,-0.41580882029873983,-0.15444660186767578,-0.18993281040872848,0.13212253791945322
0.45043838024139404,0.23867293819785118,0.08251813054084778,-0.10700416006147861,-0.2560956869274378,-0.18230031058192253,-0.2280632983893156,0.41633597016334534
-0.2782702028751373,0.0956486076116562,-0.3908269554376602,-0.1479676678776741,-0.16563514173030852,-0.28198400139808655,-0.5574619397521019,-0.1730026423931122
-0.2782702028751373,0.0956486076116562,-0.3908269554376602,-0.1479676678776741,-0.16563514173030852,-0.28198400139808655,-0.5574619397521019,-0.1730026423931122
-0.23384802788496017,-0.09021831210702658,-0.4216493684798479,-0.6188666019588709,-0.449624496512115,-0.17353771813213825,-0.40587205719202757,-0.5537480898201466
-0.23384802788496017,-0.09021831210702658,-0.4216493684798479,-0.6188666019588709,-0.449624496512115,-0.17353771813213825,-0.40587205719202757,-0.5537480898201466
-0.16074377298355103,-0.5568314024380275,0.037341522318976264,-0.20498118230274745,-0.7026986862931933,-0.03287515469959804,-0.11938475711005074,-0.25451179913112093
-0.33939351809435875,-0.22529080869822665,-0.17646157947079888,-0.36347263126537716,-0.5367504260663328,-0.3298272829631279,-0.3478347160692873,-0.2327757272227057
-0.33939351809435875,-0.22529080869822665,-0.17646157947079888,-0.36347263126537716,-0.5367504260663328,-0.3298272829631279,-0.3478347160692873,-0.2327757272227057
-0.33939351809435875,-0.22529080869822665,-0.17646157947079888,-0.36347263126537716,-0.5367504260663328,-0.3298272829631279,-0.3478347160692873,-0.2327757272227057
-0.33939351809435875,-0.22529080869822665,-0.17646157947079888,-0.36347263126537716,-0.5367504260663328,-0.3298272829631279,-0.3478347160692873,-0.2327757272227057
-0.33939351809435875,-0.22529080869822665,-0.17646157947079888,-0.36347263126537716,-0.5367504260663328,-0.3298272829631279,-0.3478347160692873,-0.2327757272227057
-0.33939351809435875,-0.22529080869822665,-0.17646157947079888,-0.36347263126537716,-0.5367504260663328,-0.3298272829631279,-0.3478347160692873,-0.2327757272227057
-0.33939351809435875,-0.22529080869822665,-0.17646157947079888,-0.36347263126537716,-0.5367504260663328,-0.3298272829631279,-0.3478347160692873,-0.2327757272227057
-0.33939351809435875,-0.22529080869822665,-0.17646157947079888,-0.36347263126537716,-0.5367504260663328,-0.3298272829631279,-0.3478347160692873,-0.2327757272227057
-0.33939351809435875,-0.22529080869822665,-0.17646157947079888,-0.36347263126537716,-0.5367504260663328,-0.3298272829631279,-0.3478347160692873,-0.2327757272227057
-0.6546718667853962,-0.25592307069084863,-0.20525818250396036,-0.2773167220028964,-0.5409722016616301,-0.12745617736469617,-0.44902158731764014,-0.5987264324318279
-0.6546718667853962,-0.25592307069084863,-0.20525818250396036,-0.2773167220028964,-0.5409722016616301,-0.12745617736469617,-0.44902158731764014,-0.5987264324318279
-0.5675625503063202,-0.16025053461392721,-0.4859750618537267,0.05070136860013008,-0.4377620903154214,-0.14735296368598938,-0.37656878555814427,-0.5046256718536218
-0.5675625503063202,-0.16025053461392721,-0.4859750618537267,0.05070136860013008,-0.4377620903154214,-0.14735296368598938,-0.37656878555814427,-0.5046256718536218
0.34576344064303804,-0.3503020874091557,-0.015435206038611276,-0.2927812508174351,-0.8537133250917707,0.06268485103334699,-0.3999403161661966,-0.45079770258494783
-0.4945028464902531,-0.15412996844811874,-0.3553770963441242,-0.26518232172185724,-0.6098666231740605,-0.302325963973999,-0.3504295071417635,-0.5207333876328035
-0.25548576272052265,-0.08370492445385974,-0.23510240990182626,-0.7072854204022366,-0.2887236819319103,-0.22864805356315945,-0.34330844101698504,-0.35379446071127185
-0.25548576272052265,-0.08370492445385974,-0.23510240990182626,-0.7072854204022366,-0.2887236819319103,-0.22864805356315945,-0.34330844101698504,-0.35379446071127185
-0.25548576272052265,-0.08370492445385974,-0.23510240990182626,-0.7072854204022366,-0.2887236819319103,-0.22864805356315945,-0.34330844101698504,-0.35379446071127185
-0.25548576272052265,-0.08370492445385974,-0.23510240990182626,-0.7072854204022366,-0.2887236819319103,-0.22864805356315945,-0.34330844101698504,-0.35379446071127185
-0.25548576272052265,-0.08370492445385974,-0.23510240990182626,-0.7072854204022366,-0.2887236819319103,-0.22864805356315945,-0.34330844101698504,-0.35379446071127185
-0.25548576272052265,-0.08370492445385974,-0.23510240990182626,-0.7072854204022366,-0.2887236819319103,-0.22864805356315945,-0.34330844101698504,-0.35379446071127185
-0.33234909447756683,-0.12449532476338473,-0.2388433732769706,-0.33318949287587946,-0.637072426351634,-0.06664526462554932,-0.627556943080642,-0.7236356437206268
-0.33234909447756683,-0.12449532476338473,-0.2388433732769706,-0.33318949287587946,-0.637072426351634,-0.06664526462554932,-0.627556943080642,-0.7236356437206268
-0.4357172225912412,0.004905730485916138,-0.38666244347890216,-0.1147144449253877,-0.4303188907603423,-0.047513594230016075,-0.4753766270975272,-0.6376945140461127
-0.4357172225912412,0.004905730485916138,-0.38666244347890216,-0.1147144449253877,-0.4303188907603423,-0.047513594230016075,-0.4753766270975272,-0.6376945140461127
-0.02859600053893195,-0.29573075307740104,-0.6374179753992293,-0.5244358877340952,-0.23582120736440024,-0.5803316003746457,-0.3129863076739841,-0.45493103398217094
-0.3046617084427884,-0.1621664982093008,-0.39589083037878336,-0.5662800473602194,-0.20744110722290843,-0.47709810733795166,-0.2987052931597358,-0.34538691294820684
-0.3046617084427884,-0.1621664982093008,-0.39589083037878336,-0.5662800473602194,-0.20744110722290843,-0.47709810733795166,-0.2987052931597358,-0.34538691294820684
-0.3046617084427884,-0.1621664982093008,-0.39589083037878336,-0.5662800473602194,-0.20744110722290843,-0.47709810733795166,-0.2987052931597358,-0.34538691294820684
-0.3046617084427884,-0.1621664982093008,-0.39589083037878336,-0.5662800473602194,-0.20744110722290843,-0.47709810733795166,-0.2987052931597358,-0.34538691294820684
-0.3046617084427884,-0.1621664982093008,-0.39589083037878336,-0.5662800473602194,-0.20744110722290843,-0.47709810733795166,-0.2987052931597358,-0.34538691294820684
-0.3046617084427884,-0.1621664982093008,-0.39589083037878336,-0.5662800473602194,-0.20744110722290843,-0.47709810733795166,-0.2987052931597358,-0.34538691294820684
-0.2593590361731393,-0.08715444909674781,-0.571770833006927,-0.22282812957252776,-0.3174321289573397,-0.4214427236999784,-0.38846494257450104,-0.3415893954890115
-0.2593590361731393,-0.08715444909674781,-0.571770833006927,-0.22282812957252776,-0.3174321289573397,-0.4214427236999784,-0.38846494257450104,-0.3415893954890115
-0.2593590361731393,-0.08715444909674781,-0.571770833006927,-0.22282812957252776,-0.3174321289573397,-0.4214427236999784,-0.38846494257450104,-0.3415893954890115
-0.2593590361731393,-0.08715444909674781,-0.571770833006927,-0.22282812957252776,-0.3174321289573397,-0.4214427236999784,-0.38846494257450104,-0.3415893954890115
-0.20441007885065945,-0.1711850477890535,-0.5744663246653297,-0.11315032297914679,-0.3260645866394043,-0.5547039888121865,-0.1971776471896605,-0.0612550134008581
-0.20441007885065945,-0.1711850477890535,-0.5744663246653297,-0.11315032297914679,-0.3260645866394043,-0.5547039888121865,-0.1971776471896605,-0.0612550134008581
-0.20441007885065945,-0.1711850477890535,-0.5744663246653297,-0.11315032297914679,-0.3260645866394043,-0.5547039888121865,-0.1971776471896605,-0.0612550134008581
-0.25251949826876324,-0.19786535327633223,-0.8015701745947202,-0.327971941481034,-0.36844181766112644,-0.4946608493725459,-0.2102825753390789,-0.10029219587643941
-0.25251949826876324,-0.19786535327633223,-0.8015701745947202,-0.327971941481034,-0.36844181766112644,-0.4946608493725459,-0.2102825753390789,-0.10029219587643941
-0.31930938187767477,-0.2513356559416827,-0.31900353028493766,-0.5740966998478946,-0.4898148249177372,-0.4238448195597705,-0.24637096857323365,-0.19028503228636348
-0.31930938187767477,-0.2513356559416827,-0.31900353028493766,-0.5740966998478946,-0.4898148249177372,-0.4238448195597705,-0.24637096857323365,-0.19028503228636348
-0.31930938187767477,-0.2513356559416827,-0.31900353028493766,-0.5740966998478946,-0.4898148249177372,-0.4238448195597705,-0.24637096857323365,-0.19028503228636348
-0.31930938187767477,-0.2513356559416827,-0.31900353028493766,-0.5740966998478946,-0.4898148249177372,-0.4238448195597705,-0.24637096857323365,-0.19028503228636348
-0.6327331747327533,-0.6240804408277784,-0.4744492971471378,-0.4597051313945225,-0.3929015962140901,-0.3082088849374226,-0.3595543918865068,-0.4216314809662955
-0.6327331747327533,-0.6240804408277784,-0.4744492971471378,-0.4597051313945225,-0.3929015962140901,-0.3082088849374226,-0.3595543918865068,-0.4216314809662955
-0.6327331747327533,-0.6240804408277784,-0.4744492971471378,-0.4597051313945225,-0.3929015962140901,-0.3082088849374226,-0.3595543918865068,-0.4216314809662955
-0.6298716706889016,-0.5080770658595222,-0.35965617852551596,-0.3851920281137739,-0.3967408112117222,-0.6231984581266131,-0.727851930473532,-0.2493853590318135
-0.388177134773948,-0.11623971570621837,-0.0343513082374226,-0.4088978686115958,-0.27655852247368207,-0.3423905210061507,-0.43461762775074353,-0.3889157365668904
-0.7812865586841807,-0.14669398700489716,-0.10404652094139773,-0.13363906039911158,-0.4856945337618099,-0.7231469171888688,-0.5383268393137876,-0.8929833559428945
-0.388177134773948,-0.11623971570621837,-0.0343513082374226,-0.4088978686115958,-0.27655852247368207,-0.3423905210061507,-0.43461762775074353,-0.3889157365668904
-0.6377142117573664,0.09923221285526569,-0.20844091475009918,-0.5910337361005636,-0.3619336531712459,-0.5384687918883103,-0.5575450968283874,-0.7968769784157093
-0.6377142117573664,0.09923221285526569,-0.20844091475009918,-0.5910337361005636,-0.3619336531712459,-0.5384687918883103,-0.5575450968283874,-0.7968769784157093
-0.8827577392260234,-0.39878468712170917,-0.4032552748918533,-0.016789724429448444,-0.08750681479771932,-0.6977973977724711,-0.31338991423447926,-0.724262535572052
-0.8827577392260234,-0.39878468712170917,-0.4032552748918533,-0.016789724429448444,-0.08750681479771932,-0.6977973977724711,-0.31338991423447926,-0.724262535572052
-0.8827577392260234,-0.39878468712170917,-0.4032552748918533,-0.016789724429448444,-0.08750681479771932,-0.6977973977724711,-0.31338991423447926,-0.724262535572052
-0.8827577392260234,-0.39878468712170917,-0.4032552748918533,-0.016789724429448444,-0.08750681479771932,-0.6977973977724711,-0.31338991423447926,-0.724262535572052
-0.6368702997763952,-0.24734141180912653,-0.26625629017750424,-0.25900808597604436,-0.1970244732995828,-0.1328335776925087,-0.07284904023011525,-0.2969863812128703
-0.17695612832903862,-0.09711785707622766,-0.31436242163181305,-0.4832641175016761,-0.30477946531027555,-0.6024700701236725,-0.3126969048753381,-0.40502205304801464
-0.23651350328796789,-0.12768455085001493,-0.29294043857800334,-0.3847053239220067,-0.28330870051133006,-0.414201054133867,-0.2202609016707069,-0.39456843231853683
-0.4047236313422521,-0.3451379249493281,-0.42923966646194456,-0.6285703261693318,-0.2944989750782649,-0.682924751440684,0.05817839006582896,-0.6595772167046865
0.25216374614021997,-0.4829599748958241,-0.4472683790055188,-0.6542915241284804,-0.6212107945572246,-0.8043685067783702,-0.010086926546963778,-0.10025546496564691
-0.27372644268549406,-0.4277315873366136,-0.444729215823687,-0.5283819070229163,-0.30243499691669756,-0.5268843953426068,-0.05138262647848863,-0.4467169917546786
-0.27372644268549406,-0.4277315873366136,-0.444729215823687,-0.5283819070229163,-0.30243499691669756,-0.5268843953426068,-0.05138262647848863,-0.4467169917546786
-0.27372644268549406,-0.4277315873366136,-0.444729215823687,-0.5283819070229163,-0.30243499691669756,-0.5268843953426068,-0.05138262647848863,-0.4467169917546786
-0.04250443898714506,-0.4301230632341825,-0.2977648492042835,-0.6284262560881101,-0.2847682719047253,-0.4315509727367988,-0.25823008097135103,-0.3188972587768848
-0.04250443898714506,-0.4301230632341825,-0.2977648492042835,-0.6284262560881101,-0.2847682719047253,-0.4315509727367988,-0.25823008097135103,-0.3188972587768848
-0.04250443898714506,-0.4301230632341825,-0.2977648492042835,-0.6284262560881101,-0.2847682719047253,-0.4315509727367988,-0.25823008097135103,-0.3188972587768848
-0.17432861030101776,-0.33942218337740215,-0.49898482326950344,-0.7062004272426877,-0.2503277063369751,-0.2894831065620695,-0.20920437893697194,-0.39042724456105915
-0.3598625957965851,-0.3771507608539918,-0.5919772272600847,-0.408450606991263,-0.49579297707361336,-0.4854298269047457,-0.14421020360553966,-0.24832268146907582
-0.3598625957965851,-0.3771507608539918,-0.5919772272600847,-0.408450606991263,-0.49579297707361336,-0.4854298269047457,-0.14421020360553966,-0.24832268146907582
-0.3598625957965851,-0.3771507608539918,-0.5919772272600847,-0.408450606991263,-0.49579297707361336,-0.4854298269047457,-0.14421020360553966,-0.24832268146907582
-0.10570839331263587,-0.39190807654744103,-0.34853812697387876,-0.8650183280309042,-0.6215320257913499,-0.5964982807636261,-0.31843940842719304,-0.31091063363211496
-0.3598625957965851,-0.3771507608539918,-0.5919772272600847,-0.408450606991263,-0.49579297707361336,-0.4854298269047457,-0.14421020360553966,-0.24832268146907582
-0.3598625957965851,-0.3771507608539918,-0.5919772272600847,-0.408450606991263,-0.49579297707361336,-0.4854298269047457,-0.14421020360553966,-0.24832268146907582
-0.3598625957965851,-0.3771507608539918,-0.5919772272600847,-0.408450606991263,-0.49579297707361336,-0.4854298269047457,-0.14421020360553966,-0.24832268146907582
-0.3598625957965851,-0.3771507608539918,-0.5919772272600847,-0.408450606991263,-0.49579297707361336,-0.4854298269047457,-0.14421020360553966,-0.24832268146907582
-0.3598625957965851,-0.3771507608539918,-0.5919772272600847,-0.408450606991263,-0.49579297707361336,-0.4854298269047457,-0.14421020360553966,-0.24832268146907582
-0.3598625957965851,-0.3771507608539918,-0.5919772272600847,-0.408450606991263,-0.49579297707361336,-0.4854298269047457,-0.14421020360553966,-0.24832268146907582
-0.07988268366226783,-0.21102637281784645,-0.45133420595755946,-0.5919469915903531,-0.12397950887680054,-0.6476324567428002,-0.12202478142885062,-0.17266861062783462
-0.25353922645250954,-0.32373402317365013,-0.5668209552764892,-0.18904452323913573,-0.3236339936653773,-0.446648516257604,0.04464985132217407,-0.18744441866874695
-0.260803154536656,-0.20895258763006755,-0.629957418356623,-0.16758156248501369,-0.10487902164459229,-0.6041505145175117,0.01125491304056985,-0.10196701756545476
-0.3454042300581932,-0.29539159685373306,-0.5463194648424784,-0.052835712830225624,-0.4838487356901169,-0.31495093057552975,0.14204357812801996,-0.22918022920687994
-0.38346717613083975,-0.2604952539716448,-0.6380194180778095,-0.736547297665051,-0.33552640463624683,-0.3401589925800051,-0.144493753356593,-0.45555797857897623
-0.38346717613083975,-0.2604952539716448,-0.6380194180778095,-0.736547297665051,-0.33552640463624683,-0.3401589925800051,-0.144493753356593,-0.45555797857897623
-0.2212940901517868,-0.309805774440368,-0.49921538929144543,-0.3431031020979087,-0.3772488422691822,-0.6084571133057276,-0.1920005095501741,-0.13249319543441138
0.012122376398606733,-0.23217932202599265,-0.414119460365989,-0.6749031462452628,-0.4024154381318526,-0.5940078794956207,-0.12466093897819519,-0.12724376266652887
-0.11131947381155831,-0.2004180529287883,-0.2823383903929165,-0.6247796139546803,-0.27004447685820715,-0.5155182927846909,-0.040258759898798804,-0.21129602193832397
-0.11131947381155831,-0.2004180529287883,-0.2823383903929165,-0.6247796139546803,-0.27004447685820715,-0.5155182927846909,-0.040258759898798804,-0.21129602193832397
-0.46191105246543884,-0.29014395326375964,-0.6964288994669914,-0.32295926958322524,-0.44988551884889605,-0.8587349563837051,-0.28757093399763106,-0.8412929266691208
-0.46191105246543884,-0.29014395326375964,-0.6964288994669914,-0.32295926958322524,-0.44988551884889605,-0.8587349563837051,-0.28757093399763106,-0.8412929266691208
-0.46191105246543884,-0.29014395326375964,-0.6964288994669914,-0.32295926958322524,-0.44988551884889605,-0.8587349563837051,-0.28757093399763106,-0.8412929266691208
-0.6701934734980265,-0.32031311094760895,-0.24344014128049216,-0.4700999806324641,-0.08352875709533691,-0.5037078311045965,0.08502144118150075,-0.629421333471934
-0.6701934734980265,-0.32031311094760895,-0.24344014128049216,-0.4700999806324641,-0.08352875709533691,-0.5037078311045965,0.08502144118150075,-0.629421333471934
-0.6701934734980265,-0.32031311094760895,-0.24344014128049216,-0.4700999806324641,-0.08352875709533691,-0.5037078311045965,0.08502144118150075,-0.629421333471934
-0.6701934734980265,-0.32031311094760895,-0.24344014128049216,-0.4700999806324641,-0.08352875709533691,-0.5037078311045965,0.08502144118150075,-0.629421333471934
-0.6701934734980265,-0.32031311094760895,-0.24344014128049216,-0.4700999806324641,-0.08352875709533691,-0.5037078311045965,0.08502144118150075,-0.629421333471934
-0.6701934734980265,-0.32031311094760895,-0.24344014128049216,-0.4700999806324641,-0.08352875709533691,-0.5037078311045965,0.08502144118150075,-0.629421333471934
-0.6701934734980265,-0.32031311094760895,-0.24344014128049216,-0.4700999806324641,-0.08352875709533691,-0.5037078311045965,0.08502144118150075,-0.629421333471934
-0.8279014527797699,-0.22826706369717917,0.31795407831668854,-0.28375400354464847,-0.1416370396812757,-0.13070819278558096,-0.007107871274153392,-0.3010612428188324
-0.42247300297021867,-0.2981186017394066,-0.6212194383144378,-0.41510010212659837,-0.5285774528980255,-0.17440146207809448,0.12924210578203202,-0.19876714646816254
-0.42247300297021867,-0.2981186017394066,-0.6212194383144378,-0.41510010212659837,-0.5285774528980255,-0.17440146207809448,0.12924210578203202,-0.19876714646816254
-0.4029088571667671,-0.23800912350416184,-0.6605776622891426,-0.5345437929034234,-0.5123341858386994,-0.0399512767791748,-0.07965263277292252,-0.15280895829200744
-0.4029088571667671,-0.23800912350416184,-0.6605776622891426,-0.5345437929034234,-0.5123341858386994,-0.0399512767791748,-0.07965263277292252,-0.15280895829200744
-0.5055592109759649,-0.42524145543575287,-0.9226212824384371,-0.3170795490344365,-0.1559845134615898,-0.2524971067905426,-0.3458419516682625,-0.11901106933752696
-0.8497755527496338,-0.1297308256228765,-0.5729889497160912,-0.14857125778992972,-0.5493609681725502,-0.12866597374280295,-0.020532873769601185,0.025908038020133972
-0.09935900568962097,-0.15729208985964457,-0.07900276879469553,-0.15036162634690603,-0.5442056804895401,-0.2863334556420644,-0.21827135185400645,-0.09830263058344522
-0.2640930602947871,-0.34428253074487053,-0.2067131817340851,-0.45723781585693357,-0.701515457034111,-0.05825063983599345,-0.2917780925830205,-0.09665418863296509
-0.2640930602947871,-0.34428253074487053,-0.2067131817340851,-0.45723781585693357,-0.701515457034111,-0.05825063983599345,-0.2917780925830205,-0.09665418863296509
-0.2510502964258194,-0.30420954525470734,-0.23295199771722158,-0.5368669430414835,-0.6906866123278935,0.031382817029953006,-0.4310412516196569,-0.06601539651552836
-0.2510502964258194,-0.30420954525470734,-0.23295199771722158,-0.5368669430414835,-0.6906866123278935,0.031382817029953006,-0.4310412516196569,-0.06601539651552836
-0.2510502964258194,-0.30420954525470734,-0.23295199771722158,-0.5368669430414835,-0.6906866123278935,0.031382817029953006,-0.4310412516196569,-0.06601539651552836
-0.17314652601877847,-0.430950661500295,-0.2126541554927826,-0.5442357003688812,-0.656420573592186,-0.2619142711162567,-0.618107603987058,-0.0676925281683604
-0.31202095427683424,-0.31171861184494837,-0.28265523271901266,-0.41789376948560986,-0.6075456961989403,-0.23566534902368272,-0.27697974336998804,-0.13358270270483835
-0.31202095427683424,-0.31171861184494837,-0.28265523271901266,-0.41789376948560986,-0.6075456961989403,-0.23566534902368272,-0.27697974336998804,-0.13358270270483835
-0.7102379264930884,-0.701713907221953,-0.398820956548055,-0.18464614326755205,-0.10245425750811894,-0.6603975494702657,-0.5760610414048036,-0.6670442832012972
-0.6740146084473684,-0.6801513548080738,-0.3700666817334982,-0.45910238646543944,-0.06110614079695482,-0.7004732260337243,-0.5612131322805698,-0.5561888321087911
0.13964532451196152,-0.8331181786277078,-0.28232095729220996,-0.5113391320813786,-0.466065070845864,-0.2511031356724826,-0.41869941082867707,-0.624430472200567
-0.6292697621716393,-0.5207022627194723,-0.5285274171166949,-0.11856781277391645,-0.10302183032035828,-0.5836080577638414,-0.8080408208900027,-0.6423743565877279
-0.15185420960187912,-0.7183084841817617,-0.3162896325811744,-0.47893710155040026,-0.550881240516901,-0.3322943616658449,-0.6470551518723369,-0.4223743639886379
-0.1945781491019509,-0.09141331640156833,0.020922828804362904,0.045170953327959236,-0.3534951291301034,-0.11355460773814809,-0.2242006469856609,-0.46511795168573206
-0.5699229114934018,-0.5966844025411104,-0.3413707041426709,-0.18130803265069662,-0.5024406109985552,-0.6424472551596793,-0.5594495762335626,-0.4171702524549083
-0.10095149749203731,-0.45191013185601486,-0.4211035778647975,-0.7891890712474522,-0.13262480967923215,-0.33450986052814285,-0.3708494831072657,-0.45317222413263825
-0.5423067688941956,-0.367063595354557,-0.4122972346842289,-0.5892054714262486,-0.10975687354803085,-0.5757364839315414,-0.3858152948319912,-0.47733441516757014
-0.8313761577010155,-0.44077937863767147,-0.4574531204998493,-0.09040614403784275,-0.2892814017832279,-0.6417474336922169,-0.5808033887296915,-0.6421150518581271
-0.9500659525394439,-0.42555217146873475,-0.4902389019727707,-0.3419275343418121,-0.28016489297151564,-0.6481792509555817,-0.6179224222898483,-0.5622792392969131
-0.7995545417070389,-0.31555728912353515,-0.48024922609329224,-0.3784316897392273,-0.14766157567501068,-0.4934444934129715,-0.5830011755228043,-0.3192174553871155
-0.13133929669857025,-0.7294315866061619,-0.21802896686962672,-0.49518080055713654,-0.1539063879421779,-0.4100945879306112,-0.5197069357548442,-0.5348689023937497
-0.09444979764521122,-0.6789677105844021,-0.2379101663827896,-0.2969226995483041,-0.1634488608688116,-0.36065417528152466,-0.25494781229645014,-0.3837598077952862
-0.09444979764521122,-0.6789677105844021,-0.2379101663827896,-0.2969226995483041,-0.1634488608688116,-0.36065417528152466,-0.25494781229645014,-0.3837598077952862
-0.0642815101891756,-0.5622028261423111,-0.1875874623656273,-0.2809619763866067,-0.15947738848626614,-0.3273039199411869,-0.2056017955765128,-0.44067726470530033
-0.0642815101891756,-0.5622028261423111,-0.1875874623656273,-0.2809619763866067,-0.15947738848626614,-0.3273039199411869,-0.2056017955765128,-0.44067726470530033
-0.7177871386210124,-0.5978014409542084,-0.21982548336188,-0.24813655217488606,-0.12199703454971314,-0.7266911039749782,-0.5297375212113062,-0.5616387118895848
-0.22571130161700043,-0.47944491712943366,-0.24591608669446863,-0.39600248829178186,-0.2812387859043868,-0.3335386696069137,-0.46189546649870666,-0.46280049500258075
-0.4929662210245927,-0.4509347875912984,-0.20636326260864735,-0.3115207689503829,-0.1477098905791839,-0.6137861609458923,-0.41126146726310253,-0.4564057185004155
-0.12539913753668466,-0.827199038863182,-0.29378238519032795,-0.3194492171208064,-0.2380668451388677,-0.42780517737070717,-0.3053492764631907,-0.6323635379473368
-0.12539913753668466,-0.827199038863182,-0.29378238519032795,-0.3194492171208064,-0.2380668451388677,-0.42780517737070717,-0.3053492764631907,-0.6323635379473368
-0.017237448921570413,-0.8217984839127614,-0.3138285416823167,-0.6236560814655744,-0.560563862323761,-0.3268400499453911,-0.3172726035118103,-0.405951039149211
-0.017237448921570413,-0.8217984839127614,-0.3138285416823167,-0.6236560814655744,-0.560563862323761,-0.3268400499453911,-0.3172726035118103,-0.405951039149211
-0.017237448921570413,-0.8217984839127614,-0.3138285416823167,-0.6236560814655744,-0.560563862323761,-0.3268400499453911,-0.3172726035118103,-0.405951039149211
0.03743357956409454,-0.805551229761197,-0.31650851781551653,-0.4734396395774988,-0.4398380288710961,-0.32679502780620867,-0.2637268006801605,-0.5244260774208949
-0.5658035885829192,-0.5282068218176181,-0.458856911613391,-0.33483480031673724,-0.24920455652933854,-0.47508641618948716,-0.44429643337543195,-0.4077344468006721
-0.5658035885829192,-0.5282068218176181,-0.458856911613391,-0.33483480031673724,-0.24920455652933854,-0.47508641618948716,-0.44429643337543195,-0.4077344468006721
-0.5658035885829192,-0.5282068218176181,-0.458856911613391,-0.33483480031673724,-0.24920455652933854,-0.47508641618948716,-0.44429643337543195,-0.4077344468006721
-0.5658035885829192,-0.5282068218176181,-0.458856911613391,-0.33483480031673724,-0.24920455652933854,-0.47508641618948716,-0.44429643337543195,-0.4077344468006721
-0.5658035885829192,-0.5282068218176181,-0.458856911613391,-0.33483480031673724,-0.24920455652933854,-0.47508641618948716,-0.44429643337543195,-0.4077344468006721
-0.5658035885829192,-0.5282068218176181,-0.458856911613391,-0.33483480031673724,-0.24920455652933854,-0.47508641618948716,-0.44429643337543195,-0.4077344468006721
-0.3954685926437378,-0.15226630121469498,-0.2671648599207401,-0.3976892481247584,0.13386235386133194,-0.3049338186780612,-0.3463033549487591,-0.2159259244799614
-0.3954685926437378,-0.15226630121469498,-0.2671648599207401,-0.3976892481247584,0.13386235386133194,-0.3049338186780612,-0.3463033549487591,-0.2159259244799614
-0.43756799896558124,-0.31324877838293713,-0.21277662532197106,-0.6192903030249808,-0.11633497476577759,-0.35256389445728725,-0.47544872098498875,-0.297246096862687
-0.43756799896558124,-0.31324877838293713,-0.21277662532197106,-0.6192903030249808,-0.11633497476577759,-0.35256389445728725,-0.47544872098498875,-0.297246096862687
-0.43756799896558124,-0.31324877838293713,-0.21277662532197106,-0.6192903030249808,-0.11633497476577759,-0.35256389445728725,-0.47544872098498875,-0.297246096862687
-0.50089959303538,-0.4697903369863828,-0.19702549775441489,-0.47438723718126613,-0.37069563940167427,-0.3675609727700551,-0.43412403265635174,-0.3887079308430354
-0.50089959303538,-0.4697903369863828,-0.19702549775441489,-0.47438723718126613,-0.37069563940167427,-0.3675609727700551,-0.43412403265635174,-0.3887079308430354
-0.8587473233540853,-0.32369517617755467,-0.29543919530179763,-0.006228951944245232,-0.3652728001276652,-0.5010539690653483,-0.5911681022908952,-0.5457616183492873
0.0005749378885541644,-0.7861273757049015,-0.18967668499265397,-0.6546224334410259,-0.49109009334019255,-0.5469146966934204,-0.11464174091815948,-0.6067262419632503
0.1023922926849789,-0.6008104367388619,0.05938936769962311,-0.7770954031083319,-0.181909269756741,-0.2750173939598931,-0.3445618748664856,-0.5189011328750186
-0.05507489045461019,-0.6309867766168382,-0.3293894843922721,-0.582312822341919,-0.5395932876401477,-0.5022038486268785,-0.5441957927412457,-0.40694425503412884
-0.2152146644452039,-0.6137531978242537,-0.3231610322699827,-0.7620697372099933,-0.35407427128623514,-0.3762415454668157,-0.49016595763318677,-0.3117379879250246
-0.2152146644452039,-0.6137531978242537,-0.3231610322699827,-0.7620697372099933,-0.35407427128623514,-0.3762415454668157,-0.49016595763318677,-0.3117379879250246
-0.2152146644452039,-0.6137531978242537,-0.3231610322699827,-0.7620697372099933,-0.35407427128623514,-0.3762415454668157,-0.49016595763318677,-0.3117379879250246
-0.2807665373149671,-0.5289122195620286,-0.10282284648794877,-0.7574652002045983,-0.22447963372657173,-0.36324119567871094,-0.49528771168307256,-0.5552273000541487
-0.2807665373149671,-0.5289122195620286,-0.10282284648794877,-0.7574652002045983,-0.22447963372657173,-0.36324119567871094,-0.49528771168307256,-0.5552273000541487
-0.2807665373149671,-0.5289122195620286,-0.10282284648794877,-0.7574652002045983,-0.22447963372657173,-0.36324119567871094,-0.49528771168307256,-0.5552273000541487
-0.2973646852705214,-0.5253162831068039,-0.1632470322979821,-0.7193490987022718,-0.36884241220023894,-0.4738086693816715,-0.36210088514619404,-0.6589417143000497
-0.13221391141414643,-0.3839318290352821,-0.16391181647777558,-0.6937298946082592,-0.19383043870329858,-0.44739260226488115,-0.514778982102871,-0.637969420850277
-0.13221391141414643,-0.3839318290352821,-0.16391181647777558,-0.6937298946082592,-0.19383043870329858,-0.44739260226488115,-0.514778982102871,-0.637969420850277
-0.1945781491019509,-0.09141331640156833,0.020922828804362904,0.045170953327959236,-0.3534951291301034,-0.11355460773814809,-0.2242006469856609,-0.46511795168573206
0.15336544315020242,-0.5037004599968592,0.16426798949639002,0.12452562153339386,-0.23005218555529913,-0.5272478461265564,-0.32372578730185825,-0.3262438625097275
-0.3473242834210396,-0.31317168325185774,-0.36618097573518754,-0.408409683406353,-0.6014044642448425,-0.09526575058698654,-0.26307969242334367,-0.21562342941761017
-0.35635002170290264,-0.18460271613938467,-0.7003055555479867,-0.6766193062067032,-0.4563057167189462,-0.6693875321320125,0.18289384884493692,-0.8597689483846936
-0.16016690220151628,-0.13442370295524597,-0.2359766044786998,-0.36637828605515615,-0.4696025199123791,-0.11927750068051475,-0.43986569344997406,-0.8878708002822739
-0.16016690220151628,-0.13442370295524597,-0.2359766044786998,-0.36637828605515615,-0.4696025199123791,-0.11927750068051475,-0.43986569344997406,-0.8878708002822739
-0.33954889492856133,0.03439768652121226,-0.2558043706748221,-0.3570523270302349,-0.5883338476220766,-0.10227677722771962,-0.4139662790629599,-0.6604750711056921
-0.33954889492856133,0.03439768652121226,-0.2558043706748221,-0.3570523270302349,-0.5883338476220766,-0.10227677722771962,-0.4139662790629599,-0.6604750711056921
-0.33954889492856133,0.03439768652121226,-0.2558043706748221,-0.3570523270302349,-0.5883338476220766,-0.10227677722771962,-0.4139662790629599,-0.6604750711056921
-0.2471099466085434,-0.1237734466791153,-0.4074082851409912,-0.3211353696882725,-0.4201832480728626,-0.35344498604536057,-0.4604372926056385,-0.1995406687259674
-0.2859684212340249,0.04202370014455584,-0.42644231849246556,-0.2973606801695294,-0.518874386118518,0.017447943488756817,-0.6482844890819656,-0.6392833871973885
-0.2859684212340249,0.04202370014455584,-0.42644231849246556,-0.2973606801695294,-0.518874386118518,0.017447943488756817,-0.6482844890819656,-0.6392833871973885
-0.2859684212340249,0.04202370014455584,-0.42644231849246556,-0.2973606801695294,-0.518874386118518,0.017447943488756817,-0.6482844890819656,-0.6392833871973885
-0.8396392196416855,0.051982223987579346,-0.392983216047287,-0.40567768067121507,-0.2589980959892273,-0.40677144229412077,-0.6489900976419449,-0.47149779796600344
-0.2561807781457901,-0.4588742305835088,-0.4313800616396798,-0.5772370166248746,-0.4278280999925401,-0.42064926359388566,-0.3488181034723918,0.15640044212341309
-0.33319895416498185,-0.3724656865000725,-0.31754489094018934,-0.367259880900383,-0.5293006330728531,-0.562335553765297,-0.550351020693779,0.07852329313755035
-0.5438908830285072,-0.19912822544574738,-0.4616905748844147,-0.5489375218749046,-0.36220273971557615,-0.8946167647838592,-0.632666289806366,-0.3839681714773178
-0.27934351776327404,-0.30145165004900526,-0.24874113340462958,-0.553501828440598,-0.20556270810110228,-0.296045537505831,-0.237117201089859,-0.3961863789175238
-0.27934351776327404,-0.30145165004900526,-0.24874113340462958,-0.553501828440598,-0.20556270810110228,-0.296045537505831,-0.237117201089859,-0.3961863789175238
-0.27934351776327404,-0.30145165004900526,-0.24874113340462958,-0.553501828440598,-0.20556270810110228,-0.296045537505831,-0.237117201089859,-0.3961863789175238
-0.27934351776327404,-0.30145165004900526,-0.24874113340462958,-0.553501828440598,-0.20556270810110228,-0.296045537505831,-0.237117201089859,-0.3961863789175238
-0.27934351776327404,-0.30145165004900526,-0.24874113340462958,-0.553501828440598,-0.20556270810110228,-0.296045537505831,-0.237117201089859,-0.3961863789175238
-0.27934351776327404,-0.30145165004900526,-0.24874113340462958,-0.553501828440598,-0.20556270810110228,-0.296045537505831,-0.237117201089859,-0.3961863789175238
-0.5151320338249207,-0.19314420620600384,-0.3941788852214813,-0.3423513978719711,-0.35893720090389253,-0.6874250769615173,-0.5294023116429647,-0.35370244483153024
-0.5151320338249207,-0.19314420620600384,-0.3941788852214813,-0.3423513978719711,-0.35893720090389253,-0.6874250769615173,-0.5294023116429647,-0.35370244483153024
-0.32733403823592444,-0.46943127838048065,-0.5200132890181108,-0.7688179598613218,-0.19841957498680463,-0.2294487248767506,-0.019025365060025997,-0.36802851070057263
-0.32733403823592444,-0.46943127838048065,-0.5200132890181108,-0.7688179598613218,-0.19841957498680463,-0.2294487248767506,-0.019025365060025997,-0.36802851070057263
-0.32733403823592444,-0.46943127838048065,-0.5200132890181108,-0.7688179598613218,-0.19841957498680463,-0.2294487248767506,-0.019025365060025997,-0.36802851070057263
-0.32733403823592444,-0.46943127838048065,-0.5200132890181108,-0.7688179598613218,-0.19841957498680463,-0.2294487248767506,-0.019025365060025997,-0.36802851070057263
-0.1444302201271057,-0.15212582647800446,0.16950145363807678,0.05128827691078186,-0.07652488648891449,-0.1030904471874237,-0.08944218754768371,-0.20206608176231383
-0.32733403823592444,-0.46943127838048065,-0.5200132890181108,-0.7688179598613218,-0.19841957498680463,-0.2294487248767506,-0.019025365060025997,-0.36802851070057263
-0.32733403823592444,-0.46943127838048065,-0.5200132890181108,-0.7688179598613218,-0.19841957498680463,-0.2294487248767506,-0.019025365060025997,-0.36802851070057263
-0.32733403823592444,-0.46943127838048065,-0.5200132890181108,-0.7688179598613218,-0.19841957498680463,-0.2294487248767506,-0.019025365060025997,-0.36802851070057263
-0.32733403823592444,-0.46943127838048065,-0.5200132890181108,-0.7688179598613218,-0.19841957498680463,-0.2294487248767506,-0.019025365060025997,-0.36802851070057263
-0.1444302201271057,-0.15212582647800446,0.16950145363807678,0.05128827691078186,-0.07652488648891449,-0.1030904471874237,-0.08944218754768371,-0.20206608176231383
-0.20617023275958168,-0.5150521993637085,-0.14186461600992414,-0.7561161932018068,-0.20218497266372046,-0.4817591905593872,-0.4856686931517389,-0.7040730466445287
-0.20617023275958168,-0.5150521993637085,-0.14186461600992414,-0.7561161932018068,-0.20218497266372046,-0.4817591905593872,-0.4856686931517389,-0.7040730466445287
-0.20617023275958168,-0.5150521993637085,-0.14186461600992414,-0.7561161932018068,-0.20218497266372046,-0.4817591905593872,-0.4856686931517389,-0.7040730466445287
-0.20617023275958168,-0.5150521993637085,-0.14186461600992414,-0.7561161932018068,-0.20218497266372046,-0.4817591905593872,-0.4856686931517389,-0.7040730466445287
-0.6701934734980265,-0.32031311094760895,-0.24344014128049216,-0.4700999806324641,-0.08352875709533691,-0.5037078311045965,0.08502144118150075,-0.629421333471934
-0.6701934734980265,-0.32031311094760895,-0.24344014128049216,-0.4700999806324641,-0.08352875709533691,-0.5037078311045965,0.08502144118150075,-0.629421333471934
-0.20617023275958168,-0.5150521993637085,-0.14186461600992414,-0.7561161932018068,-0.20218497266372046,-0.4817591905593872,-0.4856686931517389,-0.7040730466445287
-0.20617023275958168,-0.5150521993637085,-0.14186461600992414,-0.7561161932018068,-0.20218497266372046,-0.4817591905593872,-0.4856686931517389,-0.7040730466445287
-0.20617023275958168,-0.5150521993637085,-0.14186461600992414,-0.7561161932018068,-0.20218497266372046,-0.4817591905593872,-0.4856686931517389,-0.7040730466445287
-0.6701934734980265,-0.32031311094760895,-0.24344014128049216,-0.4700999806324641,-0.08352875709533691,-0.5037078311045965,0.08502144118150075,-0.629421333471934
0.0780960160952348,-0.4745472956162233,-0.14899354026867792,-0.9311888607648703,-0.13209723050777727,-0.22114926805863014,-0.08856322902899522,-0.28754069254948544
-0.08745744365912217,-0.49087560176849365,-0.2214485383950747,-0.9879181866462414,-0.11266933037684514,-0.21772837409606347,-0.18661348636333758,-0.21549145762736982
-0.8279014527797699,-0.22826706369717917,0.31795407831668854,-0.28375400354464847,-0.1416370396812757,-0.13070819278558096,-0.007107871274153392,-0.3010612428188324
-0.039892646670341494,-0.1195435345172882,-0.5504121869802475,-0.6904314488172532,-0.27049762606620786,-0.21070514619350433,-0.7978761225938797,-0.3110890001058578
-0.1780711319297552,-0.009989121928811073,-0.6079901531338692,-0.37649072613567114,-0.3208977170288563,-0.4276732783764601,-0.2753809690475464,-0.4231429733335972
-0.1780711319297552,-0.009989121928811073,-0.6079901531338692,-0.37649072613567114,-0.3208977170288563,-0.4276732783764601,-0.2753809690475464,-0.4231429733335972
-0.25496049225330353,0.029931116849184036,-0.6431721318513155,-0.3749467870220542,-0.17412874288856983,-0.38567483983933926,-0.3539329171180725,-0.22355181351304054
-0.25496049225330353,0.029931116849184036,-0.6431721318513155,-0.3749467870220542,-0.17412874288856983,-0.38567483983933926,-0.3539329171180725,-0.22355181351304054
-0.7761505771250952,-0.5574074642998832,-0.2053183452004478,-0.6037125190099081,-0.46036114011492046,0.08161155240876335,-0.10196858573527563,-0.04335034886995951
-0.7761505771250952,-0.5574074642998832,-0.2053183452004478,-0.6037125190099081,-0.46036114011492046,0.08161155240876335,-0.10196858573527563,-0.04335034886995951
-0.7761505771250952,-0.5574074642998832,-0.2053183452004478,-0.6037125190099081,-0.46036114011492046,0.08161155240876335,-0.10196858573527563,-0.04335034886995951
-0.7761505771250952,-0.5574074642998832,-0.2053183452004478,-0.6037125190099081,-0.46036114011492046,0.08161155240876335,-0.10196858573527563,-0.04335034886995951
-0.8346733763104394,-0.6920325131643386,-0.2739259820608866,-0.5890908354804629,-0.4696184056145804,0.017316152652104694,-0.12147397867270879,-0.10984190021242414
-0.8346733763104394,-0.6920325131643386,-0.2739259820608866,-0.5890908354804629,-0.4696184056145804,0.017316152652104694,-0.12147397867270879,-0.10984190021242414
-0.8346733763104394,-0.6920325131643386,-0.2739259820608866,-0.5890908354804629,-0.4696184056145804,0.017316152652104694,-0.12147397867270879,-0.10984190021242414
-0.8346733763104394,-0.6920325131643386,-0.2739259820608866,-0.5890908354804629,-0.4696184056145804,0.017316152652104694,-0.12147397867270879,-0.10984190021242414
-0.6819611346280133,-0.6858424146970113,-0.19124049996888196,-0.6200784411695268,-0.3548092555116724,0.08821349894558941,-0.20087636179394192,-0.03818994760513306
-0.6819611346280133,-0.6858424146970113,-0.19124049996888196,-0.6200784411695268,-0.3548092555116724,0.08821349894558941,-0.20087636179394192,-0.03818994760513306
-0.6819611346280133,-0.6858424146970113,-0.19124049996888196,-0.6200784411695268,-0.3548092555116724,0.08821349894558941,-0.20087636179394192,-0.03818994760513306
-0.6819611346280133,-0.6858424146970113,-0.19124049996888196,-0.6200784411695268,-0.3548092555116724,0.08821349894558941,-0.20087636179394192,-0.03818994760513306
-0.6819611346280133,-0.6858424146970113,-0.19124049996888196,-0.6200784411695268,-0.3548092555116724,0.08821349894558941,-0.20087636179394192,-0.03818994760513306
-0.7274788673277255,-0.7905507860360322,-0.24460199530477877,-0.608706020646625,-0.3620093509002968,0.03820596580152159,-0.21604722296750103,-0.08990559864927221
-0.7274788673277255,-0.7905507860360322,-0.24460199530477877,-0.608706020646625,-0.3620093509002968,0.03820596580152159,-0.21604722296750103,-0.08990559864927221
-0.7274788673277255,-0.7905507860360322,-0.24460199530477877,-0.608706020646625,-0.3620093509002968,0.03820596580152159,-0.21604722296750103,-0.08990559864927221
-0.7274788673277255,-0.7905507860360322,-0.24460199530477877,-0.608706020646625,-0.3620093509002968,0.03820596580152159,-0.21604722296750103,-0.08990559864927221
-0.7274788673277255,-0.7905507860360322,-0.24460199530477877,-0.608706020646625,-0.3620093509002968,0.03820596580152159,-0.21604722296750103,-0.08990559864927221
-0.23945213357607523,-0.7168005853891373,-0.1574399694800377,-0.5203212723135948,-0.5838808616002401,-0.07162831723690033,-0.11789193873604138,-0.22273085763057074
-0.23945213357607523,-0.7168005853891373,-0.1574399694800377,-0.5203212723135948,-0.5838808616002401,-0.07162831723690033,-0.11789193873604138,-0.22273085763057074
-0.1779076556364695,-0.9020273089408875,-0.12339645127455394,-0.5645817791422209,-0.655703566968441,-0.12911129494508108,-0.14502783864736557,-0.19315914809703827
-0.1779076556364695,-0.9020273089408875,-0.12339645127455394,-0.5645817791422209,-0.655703566968441,-0.12911129494508108,-0.14502783864736557,-0.19315914809703827
-0.1779076556364695,-0.9020273089408875,-0.12339645127455394,-0.5645817791422209,-0.655703566968441,-0.12911129494508108,-0.14502783864736557,-0.19315914809703827
-0.3379570682843526,-0.4587837298711141,-0.08130454619725545,-0.4403587351242701,-0.10153079032897949,-0.1518930673599243,-0.08346920112768809,-0.33738399744033815
-0.3379570682843526,-0.4587837298711141,-0.08130454619725545,-0.4403587351242701,-0.10153079032897949,-0.1518930673599243,-0.08346920112768809,-0.33738399744033815
-0.3379570682843526,-0.4587837298711141,-0.08130454619725545,-0.4403587351242701,-0.10153079032897949,-0.1518930673599243,-0.08346920112768809,-0.33738399744033815
-0.3379570682843526,-0.4587837298711141,-0.08130454619725545,-0.4403587351242701,-0.10153079032897949,-0.1518930673599243,-0.08346920112768809,-0.33738399744033815
-0.08644448898055336,-0.18622217936949295,-0.03783083232966336,-0.41101548211141065,-0.10766710205511613,-0.2939275936646895,-0.20635650781067935,-0.3851828304204074
-0.08644448898055336,-0.18622217936949295,-0.03783083232966336,-0.41101548211141065,-0.10766710205511613,-0.2939275936646895,-0.20635650781067935,-0.3851828304204074
-0.08644448898055336,-0.18622217936949295,-0.03783083232966336,-0.41101548211141065,-0.10766710205511613,-0.2939275936646895,-0.20635650781067935,-0.3851828304204074
-0.08545067677131066,-0.48234771765195406,0.08979081305173728,-0.5063012746664194,-0.1670555311899919,-0.24237919312257034,-0.4069846123456955,-0.47872159343499404
-0.17176758050918578,0.15347539335489274,-0.13220719397068023,0.07158737778663635,-0.22597145289182663,-0.38233458399772646,-0.6137994319200516,-0.26568898260593415
-0.04250503778457641,-0.46523942053318024,-0.05901553183794021,-0.6998326987028122,0.5269832640886307,-0.18852747082710267,-0.6980056524276733,-0.5924933969974517
-0.4922255410088433,-0.44654643204477096,-0.13538789749145508,-0.4029451807339986,0.02988644606537289,-0.5135409898228116,-0.5051911638842689,-0.925429168674681
-0.4922255410088433,-0.44654643204477096,-0.13538789749145508,-0.4029451807339986,0.02988644606537289,-0.5135409898228116,-0.5051911638842689,-0.925429168674681
-0.088137686252594,-0.4091142780250973,-0.11968810856342316,-0.8179998613066144,0.2652292847633362,-0.31191662285063004,-0.5722235706117418,-0.8676623536480798
-0.22337282299995423,-0.4717286676168442,-0.187261863052845,-0.7065586552023888,0.23297292590141297,-0.19930623173713685,-0.5026245832443237,-0.6766453891992569
-0.28182421028614046,-0.3601006746292114,-0.08085063695907593,-0.7001694664359093,0.3527772933244705,-0.1539507657289505,-0.7334854856133461,-0.7895948976278305
-0.10480524102846782,-0.3814610342184703,-0.07458140287134382,-0.7367443193991979,0.3422415852546692,-0.2837245050403807,-0.7226289742522769,-0.8946998748514388
-0.11438790261745453,-0.4884842038154602,0.06796677708625794,-0.7820612788200378,0.14508993476629256,-0.31398292183876036,-0.40279391705989837,-0.7978732079267502
-0.07813385725021363,-0.42593239843845365,-0.05158176571130753,-0.548622889816761,0.259634068608284,-0.3163278803229332,-0.493761882185936,-0.729051086306572
-0.027221569418907167,-0.4716375917196274,-0.15622866600751878,-0.5508791163563729,0.30953323245048525,-0.24522730261087416,-0.6584855616092682,-0.7262924641370774
-0.25189087726175785,-0.7700776439160109,-0.19947445392608643,-1.093310977332294,-0.24083498120307922,-0.3440922796726227,-0.607522034086287,-0.7620339449495077
0.020221541325251263,-0.3497815695073869,-0.26774945855140686,-0.794296963347329,0.22465057836638558,-0.21646678778860304,-0.6035869419574738,-0.79510165254275
-0.11110460095935398,-0.4144419663482242,-0.4344286306036843,-0.6007452623711692,0.4336530599329207,-0.3874811265203688,-0.9157590832975175,-0.9148675435119205
-0.3002552390098572,-0.6197198675228999,-0.09889705020647782,-0.6715393009094092,0.11361643786613758,-0.4234222953136151,-0.45373359551796544,-0.5114741852650275
-0.3002552390098572,-0.6197198675228999,-0.09889705020647782,-0.6715393009094092,0.11361643786613758,-0.4234222953136151,-0.45373359551796544,-0.5114741852650275
-0.3002552390098572,-0.6197198675228999,-0.09889705020647782,-0.6715393009094092,0.11361643786613758,-0.4234222953136151,-0.45373359551796544,-0.5114741852650275
-0.4375712151328723,-0.5056936219334602,-0.331851268808047,-0.662819209198157,0.08248838533957799,-0.18236097693443298,-0.4810378799835841,-0.46841511130332947
-0.4375712151328723,-0.5056936219334602,-0.331851268808047,-0.662819209198157,0.08248838533957799,-0.18236097693443298,-0.4810378799835841,-0.46841511130332947
-0.48812705435250936,-0.5646373519771978,-0.27407315373420715,-0.7169627908029055,-0.03583944941821851,-0.28668934891098424,-0.8314904115701977,-0.2740282659467898
-0.48812705435250936,-0.5646373519771978,-0.27407315373420715,-0.7169627908029055,-0.03583944941821851,-0.28668934891098424,-0.8314904115701977,-0.2740282659467898
-0.27792436572221607,-0.6800540227156419,-0.38105710653158337,-0.8477860150428919,0.11164092559080857,-0.3742479361020602,-0.6135298781670057,-0.7754436525014731
-0.2430440237124761,-0.3258475363254547,-0.16867387046416601,-0.635565181573232,0.10662401964267094,-0.5035213356216749,-0.4323115025957425,-0.8264573427538077
-0.29810484818049837,-0.5536487017359052,0.04121391475200653,-0.5049503360475812,0.2353442140987941,-0.4029402221952166,-0.4750804326363972,-0.8290480162416186
-0.29810484818049837,-0.5536487017359052,0.04121391475200653,-0.5049503360475812,0.2353442140987941,-0.4029402221952166,-0.4750804326363972,-0.8290480162416186
-0.29810484818049837,-0.5536487017359052,0.04121391475200653,-0.5049503360475812,0.2353442140987941,-0.4029402221952166,-0.4750804326363972,-0.8290480162416186
-0.42469264223025394,-0.4433113084389613,-0.16304298203725082,-0.4840864848632079,0.21597430224602038,-0.178846538066864,-0.501926451921463,-0.8137299349674811
-0.42469264223025394,-0.4433113084389613,-0.16304298203725082,-0.4840864848632079,0.21597430224602038,-0.178846538066864,-0.501926451921463,-0.8137299349674811
-0.4772281900048256,-0.5211416617035866,-0.16723667308688164,-0.5980793409049511,0.056842788308858874,-0.27918854504823687,-0.8275453567504882,-0.5082022435963154
-0.4772281900048256,-0.5211416617035866,-0.16723667308688164,-0.5980793409049511,0.056842788308858874,-0.27918854504823687,-0.8275453567504882,-0.5082022435963154
-0.4772281900048256,-0.5211416617035866,-0.16723667308688164,-0.5980793409049511,0.056842788308858874,-0.27918854504823687,-0.8275453567504882,-0.5082022435963154
-0.414754959444205,-0.2767322212457657,-0.10225829606254895,-0.4990011192858219,0.23078248898188272,-0.23089738935232162,-0.5255683561166128,-0.8635130673646927
-0.3206002985437711,-0.4752688060204188,-0.06822161749005318,-0.47099195793271065,0.18197730680306753,-0.21696887289484343,-0.5642421046892802,-1.0052124311526616
-0.4209769774566997,-0.3919936581091447,-0.12352083081548865,-0.46341477605429565,0.46189394322308625,-0.3459803678772666,-0.7252927693453702,-1.2597509595480831
-0.2093645523894917,-0.32897699692032556,-0.16438172215765173,-0.5588959739966826,-0.01515617695721713,-0.23657030950893054,-0.5732819058678367,-0.7160241034897891
-0.40519249737262725,-0.2583382487297058,-0.3855237692594528,-0.7979061096906662,0.44575090855360033,-0.673302972316742,-0.46473798155784607,-0.7562479168176651
-0.11824808418750762,-0.293918713927269,-0.19945888370275497,-0.670520295202732,0.041835278272628784,-0.08396567702293396,-0.4658612459897995,-0.7552316129207611
-0.26610340774059293,-0.40171957612037656,-0.3593588635325432,-0.6498419687151908,0.1926257938146591,-0.10219805836677551,-0.6229954570531845,-0.8632051467895507
-0.29290553385561163,-0.4285457323897969,-0.19309714842926373,-0.5805943703109567,0.2984769750725139,-0.4233429648659446,-0.7945399582386017,-1.0789162543686954
-0.474669548869133,-0.4973535656929016,-0.14703793823719025,-0.6951805740594864,0.33204987496137617,-0.2664603590965271,-0.7713719546794892,-0.7011153653264046
-0.4809818836775693,-0.3409172946756536,-0.20990291237831116,-0.7638366466218774,0.2937079058452086,-0.33519488031213934,-0.6304264122789557,-0.5900228849866174
-0.28757773174179924,-0.3263303306367662,-0.11525238553682964,-0.8359037273459964,0.5338637746042676,-0.3759913444519043,-0.9196076326900058,-0.7856387843688329
-0.31323048174381257,-0.171352756023407,-0.1875824123620987,-0.8973530918359757,0.47150621861219405,-0.44064621925354003,-0.7497439682483673,-0.6549847140908241
-0.2505437698629167,-0.5930967993206449,-0.09862108031908672,-0.5697723130385081,0.2703760779566235,-0.24824499752786425,-0.7403373387124803,-0.6185183160834842
-0.2798999160528183,-0.4114425778388977,-0.17261423766613007,-0.6578348189592361,0.2343672916293144,-0.325674507021904,-0.5884007036685943,-0.5045762926340103
-0.3330368250608444,-0.2613273590803146,-0.1704208493232727,-0.8023826986551285,0.35036880522966385,-0.33868682086467744,-0.5902179419994354,-0.8998373031616211
-0.3522248620336706,-0.1263480159369382,-0.23116010427474976,-0.8612931235270067,0.3103614788163792,-0.4008553001013669,-0.4657409462061795,-0.7706791921095415
-0.25049449801445006,-0.09132457077503205,-0.0378241628408432,-0.8008829325437545,0.5176817670464515,-0.22713475823402404,-0.7040333449840546,-0.8645623534917831
-0.27718638290058484,0.028199973431500523,-0.11061766201799567,-0.859929699789394,0.46246417137709533,-0.2994443340735002,-0.5692094943740151,-0.7386110560460524
0.04724020096990797,-0.2696426775720384,-0.2952929387489955,-0.5602216273546219,0.38166580928696525,-0.15223849482006496,-0.7002416948477427,-1.016989399989446
-0.2965132385492325,-0.06805994510650634,-0.2864812657237053,-0.6674426212906838,0.38665829598903656,-0.1736801505088806,-0.3358277648687363,-0.9733563750982285
-0.20749734044075013,-0.054695069789886475,-0.3252941891551018,-0.6648264661431312,0.246456378698349,-0.2835144490003586,-0.6058668464422226,-0.9436621367931366
-0.20511468251546225,-0.09043708112504747,-0.18201845553186205,-0.6602799130810632,0.2652025802267922,-0.3510098457336426,-0.8186711668968201,-0.8110072480307685
-0.23901373744010926,0.04095116853713989,-0.24767187535762786,-0.7392916589975357,0.22971114367246628,-0.4181628704071045,-0.6589011490345001,-0.6778163313865662
-0.2526304632425308,-0.5046770542860031,-0.04707497805356979,-0.8065285369753837,0.32987484633922576,-0.25573885440826416,-0.5966270834207534,-0.7042694538831711
-0.3461527556180954,-0.3423022285103798,-0.7286521598696709,-0.657137642800808,0.325314824283123,-0.2531036466360092,-0.6813939958810806,-1.044259139895439
-0.5628405779600143,-0.3830470144748688,-0.15293940901756287,-0.7336400628089905,0.22639804035425187,-0.2895888090133667,-0.8127471208572388,-0.8195925623178482
-0.5611373646692797,-0.2370022481138056,-0.21526788581501355,-0.7987998182123358,0.19766078347509558,-0.3562207438729026,-0.6680401997132734,-0.6977294277061116
-0.23252170781294504,-0.2272941047946612,-0.15698016186555228,-0.791970411936442,0.11136787633101146,-0.39217012127240497,-0.30922964463631314,-0.5064503600200018
-0.15396371483802795,-0.2359562317530314,-0.23377853466404808,-0.510241675708029,0.519864194922977,-0.41157598627938163,-0.6498459974924723,-0.8710876140329573
-0.08808376789093017,-0.7141735990842183,-0.3487916707992554,-0.9089530239502589,0.19407737255096436,-0.22348246971766153,-0.5837909519672394,-0.6189911782741546
-0.08808376789093017,-0.7141735990842183,-0.3487916707992554,-0.9089530239502589,0.19407737255096436,-0.22348246971766153,-0.5837909519672394,-0.6189911782741546
-0.08808376789093017,-0.7141735990842183,-0.3487916707992554,-0.9089530239502589,0.19407737255096436,-0.22348246971766153,-0.5837909519672394,-0.6189911782741546
-0.08808376789093017,-0.7141735990842183,-0.3487916707992554,-0.9089530239502589,0.19407737255096436,-0.22348246971766153,-0.5837909519672394,-0.6189911782741546
-0.08808376789093017,-0.7141735990842183,-0.3487916707992554,-0.9089530239502589,0.19407737255096436,-0.22348246971766153,-0.5837909519672394,-0.6189911782741546
-0.11074834145032443,-0.6242140714938824,-0.28019305490530455,-0.861962215258525,0.1144442604138301,-0.12766364446053138,-0.441187152495751,-0.652416433279331
-0.27680213501056034,-0.5658786396185557,-0.2783840112388134,-0.9504444313546022,0.14374328901370367,-0.03490554541349411,-0.517903134226799,-0.7333079278469086
-0.25670219709475833,-0.7217341437935829,-0.2867029644548893,-0.911479772379001,0.08101465553045273,-0.08054855714241664,-0.665681188305219,-0.6498568132519722
-0.45202937722206116,-0.5849948200312528,-0.3639280579306863,-0.6732202863151376,0.18237531997940756,-0.2880990640683608,-0.8982432200150057,-0.9808750477704135
-0.3721460849046707,-0.3850138008594513,-0.11122955083847046,-0.5023990377783776,0.25208950638771055,-0.19518430531024933,-0.8145963534712791,-0.8011424452066421
-0.15378651022911072,-0.22985241668564932,0.018766368074076518,-0.5560362700905118,0.223822611783232,-0.1334485113620758,-0.36585975757666994,-0.6821473624025073
-0.15378651022911072,-0.22985241668564932,0.018766368074076518,-0.5560362700905118,0.223822611783232,-0.1334485113620758,-0.36585975757666994,-0.6821473624025073
-0.438522455367175,-0.49348464472727344,-0.3322190967473117,-0.5796465670520609,0.30197360840710724,-0.7177632721987638,-0.5732053206725554,-0.8274511342698877
-0.5397627337111367,-0.14618713822629717,-0.33132650703191757,-0.568542586432563,-0.16497049066755506,-0.4798291176557541,-0.7617641000284089,-0.7233745406071345
-0.5397627337111367,-0.14618713822629717,-0.33132650703191757,-0.568542586432563,-0.16497049066755506,-0.4798291176557541,-0.7617641000284089,-0.7233745406071345
-0.06161793524568731,-0.4639534760605205,-0.07666877995837819,-0.805785823952068,0.13725008883259512,-0.1637370830232447,-0.26265681196342816,-0.4494364613836462
-0.06161793524568731,-0.4639534760605205,-0.07666877995837819,-0.805785823952068,0.13725008883259512,-0.1637370830232447,-0.26265681196342816,-0.4494364613836462
-0.06161793524568731,-0.4639534760605205,-0.07666877995837819,-0.805785823952068,0.13725008883259512,-0.1637370830232447,-0.26265681196342816,-0.4494364613836462
-0.06161793524568731,-0.4639534760605205,-0.07666877995837819,-0.805785823952068,0.13725008883259512,-0.1637370830232447,-0.26265681196342816,-0.4494364613836462
-0.06161793524568731,-0.4639534760605205,-0.07666877995837819,-0.805785823952068,0.13725008883259512,-0.1637370830232447,-0.26265681196342816,-0.4494364613836462
-0.06161793524568731,-0.4639534760605205,-0.07666877995837819,-0.805785823952068,0.13725008883259512,-0.1637370830232447,-0.26265681196342816,-0.4494364613836462
-0.06161793524568731,-0.4639534760605205,-0.07666877995837819,-0.805785823952068,0.13725008883259512,-0.1637370830232447,-0.26265681196342816,-0.4494364613836462
-0.06161793524568731,-0.4639534760605205,-0.07666877995837819,-0.805785823952068,0.13725008883259512,-0.1637370830232447,-0.26265681196342816,-0.4494364613836462
-0.06161793524568731,-0.4639534760605205,-0.07666877995837819,-0.805785823952068,0.13725008883259512,-0.1637370830232447,-0.26265681196342816,-0.4494364613836462
-0.32192260256180394,-0.3584025456355168,-0.4735871358559682,-0.6783237732373751,0.2919388505128714,-0.27805060835985035,-0.6549824625253677,-0.6702916920185089
-0.32192260256180394,-0.3584025456355168,-0.4735871358559682,-0.6783237732373751,0.2919388505128714,-0.27805060835985035,-0.6549824625253677,-0.6702916920185089
-0.10516411295303932,-0.4217873399074261,-0.27432700991630554,-0.5417099491908,0.0066236383639849145,-0.1470378224666302,-0.522233329140223,-0.6291832075669215
-0.4299397598952055,-0.06347413919866085,-0.06812020515402158,-0.5285498729596535,0.021505140389005344,-0.5324778817594051,-0.6292736449589332,-0.595061590274175
-0.4299397598952055,-0.06347413919866085,-0.06812020515402158,-0.5285498729596535,0.021505140389005344,-0.5324778817594051,-0.6292736449589332,-0.595061590274175
-0.4299397598952055,-0.06347413919866085,-0.06812020515402158,-0.5285498729596535,0.021505140389005344,-0.5324778817594051,-0.6292736449589332,-0.595061590274175
-0.4299397598952055,-0.06347413919866085,-0.06812020515402158,-0.5285498729596535,0.021505140389005344,-0.5324778817594051,-0.6292736449589332,-0.595061590274175
-0.4299397598952055,-0.06347413919866085,-0.06812020515402158,-0.5285498729596535,0.021505140389005344,-0.5324778817594051,-0.6292736449589332,-0.595061590274175
-0.4299397598952055,-0.06347413919866085,-0.06812020515402158,-0.5285498729596535,0.021505140389005344,-0.5324778817594051,-0.6292736449589332,-0.595061590274175
-0.4299397598952055,-0.06347413919866085,-0.06812020515402158,-0.5285498729596535,0.021505140389005344,-0.5324778817594051,-0.6292736449589332,-0.595061590274175
-0.4299397598952055,-0.06347413919866085,-0.06812020515402158,-0.5285498729596535,0.021505140389005344,-0.5324778817594051,-0.6292736449589332,-0.595061590274175
-0.322304517775774,0.01142449900507927,-0.36232061237096785,-0.7509687684476376,0.10707846656441689,-0.3492302134633064,-0.3845206223428249,-0.42324006259441377
-0.322304517775774,0.01142449900507927,-0.36232061237096785,-0.7509687684476376,0.10707846656441689,-0.3492302134633064,-0.3845206223428249,-0.42324006259441377
-0.322304517775774,0.01142449900507927,-0.36232061237096785,-0.7509687684476376,0.10707846656441689,-0.3492302134633064,-0.3845206223428249,-0.42324006259441377
-0.322304517775774,0.01142449900507927,-0.36232061237096785,-0.7509687684476376,0.10707846656441689,-0.3492302134633064,-0.3845206223428249,-0.42324006259441377
-0.322304517775774,0.01142449900507927,-0.36232061237096785,-0.7509687684476376,0.10707846656441689,-0.3492302134633064,-0.3845206223428249,-0.42324006259441377
-0.322304517775774,0.01142449900507927,-0.36232061237096785,-0.7509687684476376,0.10707846656441689,-0.3492302134633064,-0.3845206223428249,-0.42324006259441377
-0.322304517775774,0.01142449900507927,-0.36232061237096785,-0.7509687684476376,0.10707846656441689,-0.3492302134633064,-0.3845206223428249,-0.42324006259441377
-0.322304517775774,0.01142449900507927,-0.36232061237096785,-0.7509687684476376,0.10707846656441689,-0.3492302134633064,-0.3845206223428249,-0.42324006259441377
-0.10516411295303932,-0.4217873399074261,-0.27432700991630554,-0.5417099491908,0.0066236383639849145,-0.1470378224666302,-0.522233329140223,-0.6291832075669215
-0.1505882116881284,-0.3163513324477456,-0.2631056999618357,-0.6839612397280607,0.13718074289235202,-0.3324243805625222,-0.43582670797001233,-0.9972189935770902
-0.10516411295303932,-0.4217873399074261,-0.27432700991630554,-0.5417099491908,0.0066236383639849145,-0.1470378224666302,-0.522233329140223,-0.6291832075669215
-0.09373517907582797,-0.34435565311175126,-0.24749635045345014,-0.46253218673742735,0.10782219011050004,-0.5105998447308173,-0.24720126046584204,-0.4993629730664767
-0.2672493794690008,-0.13485229404076285,0.1931396968986677,-0.6318342102610547,-0.2811996288921522,-0.19527739934299304,-0.4252592668585155,-0.21707891122154568
0.1516134197061712,-0.23702301491390576,0.05226015231826089,-0.5854159349744971,-0.19185650619593533,0.15707798166708511,-0.567426556890661,-0.22868870334191757
0.026274954279263813,-0.4784177699022823,0.2874425533745024,-0.6553402609295316,-0.03494072291586134,-0.3256653994321823,-0.4558156314823363,-0.2126113755835427
0.026274954279263813,-0.4784177699022823,0.2874425533745024,-0.6553402609295316,-0.03494072291586134,-0.3256653994321823,-0.4558156314823363,-0.2126113755835427
0.026274954279263813,-0.4784177699022823,0.2874425533745024,-0.6553402609295316,-0.03494072291586134,-0.3256653994321823,-0.4558156314823363,-0.2126113755835427
-0.17383430600166322,-0.05982493907213211,-0.24684151113033295,-0.2335547000169754,-0.0920256569981575,-0.5228064581751823,-0.411497762799263,-0.34412781298160555
0.026274954279263813,-0.4784177699022823,0.2874425533745024,-0.6553402609295316,-0.03494072291586134,-0.3256653994321823,-0.4558156314823363,-0.2126113755835427
0.026274954279263813,-0.4784177699022823,0.2874425533745024,-0.6553402609295316,-0.03494072291586134,-0.3256653994321823,-0.4558156314823363,-0.2126113755835427
0.026274954279263813,-0.4784177699022823,0.2874425533745024,-0.6553402609295316,-0.03494072291586134,-0.3256653994321823,-0.4558156314823363,-0.2126113755835427
0.026274954279263813,-0.4784177699022823,0.2874425533745024,-0.6553402609295316,-0.03494072291586134,-0.3256653994321823,-0.4558156314823363,-0.2126113755835427
0.026274954279263813,-0.4784177699022823,0.2874425533745024,-0.6553402609295316,-0.03494072291586134,-0.3256653994321823,-0.4558156314823363,-0.2126113755835427
0.026274954279263813,-0.4784177699022823,0.2874425533745024,-0.6553402609295316,-0.03494072291586134,-0.3256653994321823,-0.4558156314823363,-0.2126113755835427
0.026274954279263813,-0.4784177699022823,0.2874425533745024,-0.6553402609295316,-0.03494072291586134,-0.3256653994321823,-0.4558156314823363,-0.2126113755835427
0.026274954279263813,-0.4784177699022823,0.2874425533745024,-0.6553402609295316,-0.03494072291586134,-0.3256653994321823,-0.4558156314823363,-0.2126113755835427
-0.16836140962208018,-0.4926702502895804,-0.023008307113366967,-0.5070914792663911,-0.09132193554850186,-0.2635853763888864,-0.7005501932957593,-0.20567703948301427
-0.16836140962208018,-0.4926702502895804,-0.023008307113366967,-0.5070914792663911,-0.09132193554850186,-0.2635853763888864,-0.7005501932957593,-0.20567703948301427
-0.5977392452103751,-0.3400935424225671,-0.59447373769113,-0.3869277664593288,-0.3119756930640766,-0.05898718323026385,-0.5231613889336586,-0.494904311639922
-0.6930727796121077,-0.5815867998383262,-0.6372914151711897,-0.8594555759971793,-0.4136598990722136,-0.4468101913278753,-0.07086784595792944,-0.2490428929979151
-0.6930727796121077,-0.5815867998383262,-0.6372914151711897,-0.8594555759971793,-0.4136598990722136,-0.4468101913278753,-0.07086784595792944,-0.2490428929979151
-0.45156753875992517,-0.5975296822461215,-0.5383263690905138,-0.9425075528296557,-0.5871769758788022,-0.20844813097607007,-0.1917948844757947,-0.3415960804982619
-0.45156753875992517,-0.5975296822461215,-0.5383263690905138,-0.9425075528296557,-0.5871769758788022,-0.20844813097607007,-0.1917948844757947,-0.3415960804982619
-0.39422954618930817,-0.4396922215819359,-0.6016256529837847,-0.8700009901076555,-0.6830246187746525,-0.03324521332979202,-0.2831709124147892,-0.29051898792386055
-0.13606728985905647,-0.6613251939415932,-0.8638499025255442,-0.9963822085410357,-0.3879922777414322,-0.12611856311559677,-0.5271527208387852,-0.39920831844210625
-0.2912825544675191,-0.5606089293956756,-0.45468479990959165,-0.9691464016834895,-0.15524933536847432,-0.2831037720044454,-0.1280272324879964,-0.22453273137410482
-0.35263047739863396,-0.47081238217651844,-0.4326045773923397,-0.8372764429077506,-0.10908585228025913,-0.43658529594540596,-0.33936142921447754,-0.226484976708889
-0.663180356224378,-0.259459938440058,-0.35883964267041946,-0.1334533774190479,-0.32985088063610923,-0.5179553371336725,-0.23958690133359697,-0.41473067469067043
-0.663180356224378,-0.259459938440058,-0.35883964267041946,-0.1334533774190479,-0.32985088063610923,-0.5179553371336725,-0.23958690133359697,-0.41473067469067043
-0.663180356224378,-0.259459938440058,-0.35883964267041946,-0.1334533774190479,-0.32985088063610923,-0.5179553371336725,-0.23958690133359697,-0.41473067469067043
-0.663180356224378,-0.259459938440058,-0.35883964267041946,-0.1334533774190479,-0.32985088063610923,-0.5179553371336725,-0.23958690133359697,-0.41473067469067043
-0.663180356224378,-0.259459938440058,-0.35883964267041946,-0.1334533774190479,-0.32985088063610923,-0.5179553371336725,-0.23958690133359697,-0.41473067469067043
-0.663180356224378,-0.259459938440058,-0.35883964267041946,-0.1334533774190479,-0.32985088063610923,-0.5179553371336725,-0.23958690133359697,-0.41473067469067043
-0.663180356224378,-0.259459938440058,-0.35883964267041946,-0.1334533774190479,-0.32985088063610923,-0.5179553371336725,-0.23958690133359697,-0.41473067469067043
-0.663180356224378,-0.259459938440058,-0.35883964267041946,-0.1334533774190479,-0.32985088063610923,-0.5179553371336725,-0.23958690133359697,-0.41473067469067043
-0.663180356224378,-0.259459938440058,-0.35883964267041946,-0.1334533774190479,-0.32985088063610923,-0.5179553371336725,-0.23958690133359697,-0.41473067469067043
-0.663180356224378,-0.259459938440058,-0.35883964267041946,-0.1334533774190479,-0.32985088063610923,-0.5179553371336725,-0.23958690133359697,-0.41473067469067043
-0.663180356224378,-0.259459938440058,-0.35883964267041946,-0.1334533774190479,-0.32985088063610923,-0.5179553371336725,-0.23958690133359697,-0.41473067469067043
0.003845675124062432,-0.515737920999527,-0.7272182769245572,-1.1407821277777355,-0.6243591374821134,0.2423679398165809,-0.19436075621181065,-0.4089718229240841
-0.18725906989791177,-0.4791355783289129,-0.7435299984433434,-0.8516833660277453,-0.37765339694239874,0.28518034653230145,-0.27433792569420556,-0.29575151205062866
-0.18725906989791177,-0.4791355783289129,-0.7435299984433434,-0.8516833660277453,-0.37765339694239874,0.28518034653230145,-0.27433792569420556,-0.29575151205062866
-0.18725906989791177,-0.4791355783289129,-0.7435299984433434,-0.8516833660277453,-0.37765339694239874,0.28518034653230145,-0.27433792569420556,-0.29575151205062866
-0.18725906989791177,-0.4791355783289129,-0.7435299984433434,-0.8516833660277453,-0.37765339694239874,0.28518034653230145,-0.27433792569420556,-0.29575151205062866
0.056170182302594185,0.07765382714569569,-0.34146504756063223,-0.636706069111824,-0.029200734570622444,-0.2213667705655098,-0.15306601859629154,-0.32458862010389566
0.056170182302594185,0.07765382714569569,-0.34146504756063223,-0.636706069111824,-0.029200734570622444,-0.2213667705655098,-0.15306601859629154,-0.32458862010389566
0.056170182302594185,0.07765382714569569,-0.34146504756063223,-0.636706069111824,-0.029200734570622444,-0.2213667705655098,-0.15306601859629154,-0.32458862010389566
0.056170182302594185,0.07765382714569569,-0.34146504756063223,-0.636706069111824,-0.029200734570622444,-0.2213667705655098,-0.15306601859629154,-0.32458862010389566
-0.23318401910364628,-0.43599953316152096,-0.30289985053241253,-0.6321848537772894,0.0516226552426815,-0.4910318162292242,-0.3685768898576498,-0.34788419492542744
-0.23318401910364628,-0.43599953316152096,-0.30289985053241253,-0.6321848537772894,0.0516226552426815,-0.4910318162292242,-0.3685768898576498,-0.34788419492542744
-0.23318401910364628,-0.43599953316152096,-0.30289985053241253,-0.6321848537772894,0.0516226552426815,-0.4910318162292242,-0.3685768898576498,-0.34788419492542744
-0.2754288132374103,-0.369647530409006,-0.3138041404577402,-0.2153560370206833,0.1265791287788978,-0.5611305947487171,-0.5177756490615698,-0.3464055336438693
-0.23416901093262893,-0.276845966394131,-0.34431519416662365,-0.9829125759693292,-0.3165663411984077,-0.11770594120025635,-0.4486792121942227,-0.29579122020648074
-0.2993459724462949,-0.651100429204794,-0.2853937561695392,-0.9690134204350985,-0.3992515905545308,0.05545088190298814,-0.5795666781755594,-0.5062600534695846
-0.2212438349212919,-0.4734050929546356,-0.2775875659925597,-0.7018748755965915,-0.30039436902318684,0.11376218497753143,-0.20472403935023717,-0.540927129132407
-0.2212438349212919,-0.4734050929546356,-0.2775875659925597,-0.7018748755965915,-0.30039436902318684,0.11376218497753143,-0.20472403935023717,-0.540927129132407
-0.4261233600286337,-0.406088629594216,-0.4238145901606633,-0.6427220071737583,-0.18493701746830574,-0.14534100202413705,-0.21311934750813705,-0.4957103454149686
-0.0070413540710102425,-0.36145935546268115,-0.31615510311993683,-0.9447839558124542,-0.2947549711574208,0.09309558163989674,-0.26788289709524676,-0.4867321659218181
-0.5499049325784048,-0.11688793698946635,-0.41908281119096846,-0.5627779165903727,-0.23158642862524306,-0.04314156799089341,-0.27211513973417734,-0.5096066920530229
-0.5499049325784048,-0.11688793698946635,-0.41908281119096846,-0.5627779165903727,-0.23158642862524306,-0.04314156799089341,-0.27211513973417734,-0.5096066920530229
-0.5499049325784048,-0.11688793698946635,-0.41908281119096846,-0.5627779165903727,-0.23158642862524306,-0.04314156799089341,-0.27211513973417734,-0.5096066920530229
-0.5499049325784048,-0.11688793698946635,-0.41908281119096846,-0.5627779165903727,-0.23158642862524306,-0.04314156799089341,-0.27211513973417734,-0.5096066920530229
-0.5499049325784048,-0.11688793698946635,-0.41908281119096846,-0.5627779165903727,-0.23158642862524306,-0.04314156799089341,-0.27211513973417734,-0.5096066920530229
-0.5499049325784048,-0.11688793698946635,-0.41908281119096846,-0.5627779165903727,-0.23158642862524306,-0.04314156799089341,-0.27211513973417734,-0.5096066920530229
-0.4946214826525869,-0.29223161613619003,-0.4620413180138614,-0.5606872503821915,-0.5153943207618352,-0.3381206038835886,-0.2577900290489197,-0.3751022892223822
-0.4946214826525869,-0.29223161613619003,-0.4620413180138614,-0.5606872503821915,-0.5153943207618352,-0.3381206038835886,-0.2577900290489197,-0.3751022892223822
-0.4946214826525869,-0.29223161613619003,-0.4620413180138614,-0.5606872503821915,-0.5153943207618352,-0.3381206038835886,-0.2577900290489197,-0.3751022892223822
-0.4946214826525869,-0.29223161613619003,-0.4620413180138614,-0.5606872503821915,-0.5153943207618352,-0.3381206038835886,-0.2577900290489197,-0.3751022892223822
-0.4946214826525869,-0.29223161613619003,-0.4620413180138614,-0.5606872503821915,-0.5153943207618352,-0.3381206038835886,-0.2577900290489197,-0.3751022892223822
-0.4946214826525869,-0.29223161613619003,-0.4620413180138614,-0.5606872503821915,-0.5153943207618352,-0.3381206038835886,-0.2577900290489197,-0.3751022892223822
-0.4946214826525869,-0.29223161613619003,-0.4620413180138614,-0.5606872503821915,-0.5153943207618352,-0.3381206038835886,-0.2577900290489197,-0.3751022892223822
-0.4946214826525869,-0.29223161613619003,-0.4620413180138614,-0.5606872503821915,-0.5153943207618352,-0.3381206038835886,-0.2577900290489197,-0.3751022892223822
-0.4946214826525869,-0.29223161613619003,-0.4620413180138614,-0.5606872503821915,-0.5153943207618352,-0.3381206038835886,-0.2577900290489197,-0.3751022892223822
-0.5454199612140656,0.031760790131308815,-0.4394771294160323,-0.631640680811622,-0.60772474787452,0.11718283729119734,-0.49917765909975226,-0.6448097743771293
-0.5506168739362196,-0.09678349440748041,-0.8046252090822567,-0.7383353276686235,-0.506385472687808,0.025734971870075573,-0.23695353486321188,-0.5073430483991449
-0.6775225930743747,0.02369029654396905,-0.3973858820067512,-0.45042165782716537,-0.5757979253927866,0.040188686715232,0.12598145670360988,-0.4438280562559764
-0.3528119723002116,0.19475730922487047,-0.4865073627895779,-0.7041702899667952,-0.19882176319758096,-0.010601073503494263,-0.444789406326082,-0.06498834821912977
-0.3528119723002116,0.19475730922487047,-0.4865073627895779,-0.7041702899667952,-0.19882176319758096,-0.010601073503494263,-0.444789406326082,-0.06498834821912977
-0.2725723410646121,-0.2413714478413264,-0.9091402888298035,-0.43563026934862137,-0.13825199007987976,-0.4961424892147382,-0.4597967453300953,-0.14702819536129633
-0.25790788067711723,0.014272282520929972,-0.5408455630143484,-0.7835045986705356,-0.2884749670823415,-0.05657153493828244,-0.38673004508018494,-0.2992488576306237
-0.15825874110062918,-0.12746200958887735,-0.7847708612680435,-0.2881353547175725,-0.9159443974494934,-0.3060225894053777,-0.27038861562808353,-0.160087488591671
-0.45149904158380294,0.3130038314395481,-0.7447504202524821,-0.5230385197533501,-0.2841019067499373,0.09590191973580255,-0.39086995853318107,-0.2923577394750383
-0.4922404752837287,-0.18297947115368313,-0.46993837091657853,-0.4553953839672936,-0.5762873225741916,-0.09684091806411743,-0.11155606640709771,-0.35589184363683063
-0.11907543454851423,-0.17628009830202376,-0.6116015442780086,-0.21048816187041147,-0.3677861435072763,0.023269431931631907,-0.2674690910748073,-0.2968794107437134
-0.46980290521274914,0.01638044552369551,-0.4113867797634818,-0.6489074135368521,-0.20894523371349683,-0.061642216010527176,-0.515552893280983,-0.331393072550947
-0.46980290521274914,0.01638044552369551,-0.4113867797634818,-0.6489074135368521,-0.20894523371349683,-0.061642216010527176,-0.515552893280983,-0.331393072550947
-0.345419205725193,0.2750550154596567,-0.3663101773709059,-0.8454149272292852,-0.20843681413680315,-0.044664738699793816,-0.5935130417346954,-0.2753211557865143
-0.4238477386534214,0.06257807649672031,-0.3569901194423437,-0.7054790426045656,-0.42076119128614664,-0.09317465126514435,-0.40606928803026676,-0.438954371958971
-0.22749482733862741,0.10100741258689336,-0.4116862416267395,-0.6187516685043063,-0.29429258299725397,-0.03259572386741638,-0.52609911773886,-0.4213142309870039
-0.22749482733862741,0.10100741258689336,-0.4116862416267395,-0.6187516685043063,-0.29429258299725397,-0.03259572386741638,-0.52609911773886,-0.4213142309870039
-0.20673868060112,0.13564718763033548,-0.7755787670612335,-0.4422127587927712,-0.6212754415141212,-0.020037670930226643,-0.5418691999382443,0.09005183974901836
-0.4498324692249298,-0.18851052969694138,-0.4375527302424113,-0.4121923918525378,-0.6474328835805258,-0.46097033470869064,-0.1071689451734225,-0.0610125462214152
-0.781052167801296,-0.3316459007122937,-0.5305026436553282,-0.3745074088082594,-0.7113341084297966,-0.09823881177341237,-0.3849443346261978,-0.43386949160519767
-0.222496896982193,-0.31171727925539017,-0.43306323885917664,-0.10778783820569515,-0.40801070630550385,-0.592642467468977,0.29764741100370884,0.20817097276449203
-0.25499777282987324,-0.45162866371018545,-0.41330680676868986,-0.6156682563679559,-0.2999256210667746,-0.04044314367430551,-0.3666895351239613,-0.22592795746667044
-0.5812611718972523,-0.3226455271244049,-0.27025277813275655,-0.340925653775533,-0.30365363160769143,-0.15013665159543355,-0.274119774500529,-0.484505832195282
-0.5812611718972523,-0.3226455271244049,-0.27025277813275655,-0.340925653775533,-0.30365363160769143,-0.15013665159543355,-0.274119774500529,-0.484505832195282
-0.5812611718972523,-0.3226455271244049,-0.27025277813275655,-0.340925653775533,-0.30365363160769143,-0.15013665159543355,-0.274119774500529,-0.484505832195282
-0.5812611718972523,-0.3226455271244049,-0.27025277813275655,-0.340925653775533,-0.30365363160769143,-0.15013665159543355,-0.274119774500529,-0.484505832195282
-0.5812611718972523,-0.3226455271244049,-0.27025277813275655,-0.340925653775533,-0.30365363160769143,-0.15013665159543355,-0.274119774500529,-0.484505832195282
-0.5812611718972523,-0.3226455271244049,-0.27025277813275655,-0.340925653775533,-0.30365363160769143,-0.15013665159543355,-0.274119774500529,-0.484505832195282
-0.5812611718972523,-0.3226455271244049,-0.27025277813275655,-0.340925653775533,-0.30365363160769143,-0.15013665159543355,-0.274119774500529,-0.484505832195282
-0.5812611718972523,-0.3226455271244049,-0.27025277813275655,-0.340925653775533,-0.30365363160769143,-0.15013665159543355,-0.274119774500529,-0.484505832195282
-0.5812611718972523,-0.3226455271244049,-0.27025277813275655,-0.340925653775533,-0.30365363160769143,-0.15013665159543355,-0.274119774500529,-0.484505832195282
-0.5812611718972523,-0.3226455271244049,-0.27025277813275655,-0.340925653775533,-0.30365363160769143,-0.15013665159543355,-0.274119774500529,-0.484505832195282
-0.5812611718972523,-0.3226455271244049,-0.27025277813275655,-0.340925653775533,-0.30365363160769143,-0.15013665159543355,-0.274119774500529,-0.484505832195282
-0.5812611718972523,-0.3226455271244049,-0.27025277813275655,-0.340925653775533,-0.30365363160769143,-0.15013665159543355,-0.274119774500529,-0.484505832195282
-0.5812611718972523,-0.3226455271244049,-0.27025277813275655,-0.340925653775533,-0.30365363160769143,-0.15013665159543355,-0.274119774500529,-0.484505832195282
-0.5812611718972523,-0.3226455271244049,-0.27025277813275655,-0.340925653775533,-0.30365363160769143,-0.15013665159543355,-0.274119774500529,-0.484505832195282
-0.5812611718972523,-0.3226455271244049,-0.27025277813275655,-0.340925653775533,-0.30365363160769143,-0.15013665159543355,-0.274119774500529,-0.484505832195282
-0.5812611718972523,-0.3226455271244049,-0.27025277813275655,-0.340925653775533,-0.30365363160769143,-0.15013665159543355,-0.274119774500529,-0.484505832195282
-0.5812611718972523,-0.3226455271244049,-0.27025277813275655,-0.340925653775533,-0.30365363160769143,-0.15013665159543355,-0.274119774500529,-0.484505832195282
-0.5812611718972523,-0.3226455271244049,-0.27025277813275655,-0.340925653775533,-0.30365363160769143,-0.15013665159543355,-0.274119774500529,-0.484505832195282
-0.5812611718972523,-0.3226455271244049,-0.27025277813275655,-0.340925653775533,-0.30365363160769143,-0.15013665159543355,-0.274119774500529,-0.484505832195282
-0.5812611718972523,-0.3226455271244049,-0.27025277813275655,-0.340925653775533,-0.30365363160769143,-0.15013665159543355,-0.274119774500529,-0.484505832195282
-0.5812611718972523,-0.3226455271244049,-0.27025277813275655,-0.340925653775533,-0.30365363160769143,-0.15013665159543355,-0.274119774500529,-0.484505832195282
-0.5812611718972523,-0.3226455271244049,-0.27025277813275655,-0.340925653775533,-0.30365363160769143,-0.15013665159543355,-0.274119774500529,-0.484505832195282
-0.5812611718972523,-0.3226455271244049,-0.27025277813275655,-0.340925653775533,-0.30365363160769143,-0.15013665159543355,-0.274119774500529,-0.484505832195282
-0.5812611718972523,-0.3226455271244049,-0.27025277813275655,-0.340925653775533,-0.30365363160769143,-0.15013665159543355,-0.274119774500529,-0.484505832195282
-0.5812611718972523,-0.3226455271244049,-0.27025277813275655,-0.340925653775533,-0.30365363160769143,-0.15013665159543355,-0.274119774500529,-0.484505832195282
-0.5302741080522537,0.22584032324644235,-0.5398705246356817,-0.08849411515089181,-0.3833914937881323,-0.2855825355419746,-0.3844025650849709,0.3061271057679103
-0.5302741080522537,0.22584032324644235,-0.5398705246356817,-0.08849411515089181,-0.3833914937881323,-0.2855825355419746,-0.3844025650849709,0.3061271057679103
-0.4426846330364545,0.154465951025486,-0.5926862359046936,-0.2870484876135985,-0.6181003861129284,-0.09076001370946567,-0.34974705552061397,0.28090471774339676
-0.42264835942875256,-0.02523316036571156,-0.4374730803749778,-0.28300256756218994,-0.6906047937544909,-0.10421410202980042,-0.3579403351653706,0.19675894217057663
-0.32752794840119104,-0.04310498183423823,-0.6542622731490568,-0.35247079079801386,-0.7603561580181122,-0.2418431450020183,-0.6222193782979791,0.17476839368993585
-0.27337399621804553,-0.11045182744661967,-0.4196587937573592,-0.59837739666303,-0.4441612499455611,-0.12124908218781154,-0.2867170249422391,-0.11230577031771342
-0.43795160243385717,0.08320869583832591,-0.20994139972485995,-0.46569355145881053,-0.8288034349679947,-0.2920265197753906,-0.6098826402112058,-0.10421436554507206
-0.09902584552764893,-0.2715367724498113,-0.35627642273902893,-0.21424187471469244,-0.23717122276624045,-0.4262585292259852,-0.39650192111730576,-0.16855650146802267
-0.37260402951921734,-0.1334900941167559,-0.8889625987836293,-0.3092327671391623,-0.463495101247515,-0.16313681432179042,0.00710421587739672,0.06069894773619516
-0.37260402951921734,-0.1334900941167559,-0.8889625987836293,-0.3092327671391623,-0.463495101247515,-0.16313681432179042,0.00710421587739672,0.06069894773619516
-0.37260402951921734,-0.1334900941167559,-0.8889625987836293,-0.3092327671391623,-0.463495101247515,-0.16313681432179042,0.00710421587739672,0.06069894773619516
-0.37260402951921734,-0.1334900941167559,-0.8889625987836293,-0.3092327671391623,-0.463495101247515,-0.16313681432179042,0.00710421587739672,0.06069894773619516
-0.3265259228646755,-0.52180290594697,-0.5994909573346376,-0.33197738602757454,-0.5580113418400288,-0.24019191414117813,-0.3101223576813936,-0.2856381870806217
-0.3265259228646755,-0.52180290594697,-0.5994909573346376,-0.33197738602757454,-0.5580113418400288,-0.24019191414117813,-0.3101223576813936,-0.2856381870806217
-0.3265259228646755,-0.52180290594697,-0.5994909573346376,-0.33197738602757454,-0.5580113418400288,-0.24019191414117813,-0.3101223576813936,-0.2856381870806217
-0.3265259228646755,-0.52180290594697,-0.5994909573346376,-0.33197738602757454,-0.5580113418400288,-0.24019191414117813,-0.3101223576813936,-0.2856381870806217
-0.3265259228646755,-0.52180290594697,-0.5994909573346376,-0.33197738602757454,-0.5580113418400288,-0.24019191414117813,-0.3101223576813936,-0.2856381870806217
-0.40208087726072833,-0.6680434292012994,-0.5711193071170286,-0.3651988045735793,-0.33905236964876,-0.13067963854833084,-0.43169029598886316,-0.5151953534646467
-0.40208087726072833,-0.6680434292012994,-0.5711193071170286,-0.3651988045735793,-0.33905236964876,-0.13067963854833084,-0.43169029598886316,-0.5151953534646467
-0.40208087726072833,-0.6680434292012994,-0.5711193071170286,-0.3651988045735793,-0.33905236964876,-0.13067963854833084,-0.43169029598886316,-0.5151953534646467
-0.40208087726072833,-0.6680434292012994,-0.5711193071170286,-0.3651988045735793,-0.33905236964876,-0.13067963854833084,-0.43169029598886316,-0.5151953534646467
0.1046450287103653,-0.3374055375655492,-0.845393568277359,-0.49320729076862335,-0.4786807629797194,-0.27676232324706185,-0.16075635121928322,0.07030288378397624
0.1046450287103653,-0.3374055375655492,-0.845393568277359,-0.49320729076862335,-0.4786807629797194,-0.27676232324706185,-0.16075635121928322,0.07030288378397624
0.1046450287103653,-0.3374055375655492,-0.845393568277359,-0.49320729076862335,-0.4786807629797194,-0.27676232324706185,-0.16075635121928322,0.07030288378397624
0.1046450287103653,-0.3374055375655492,-0.845393568277359,-0.49320729076862335,-0.4786807629797194,-0.27676232324706185,-0.16075635121928322,0.07030288378397624
0.1046450287103653,-0.3374055375655492,-0.845393568277359,-0.49320729076862335,-0.4786807629797194,-0.27676232324706185,-0.16075635121928322,0.07030288378397624
-0.6500006914138794,-0.17780087675367082,-0.47100151649543215,-0.5256542009966714,-0.5721716284751892,-0.2621867912156241,0.007493570446968079,-0.06569244606154305
-0.6500006914138794,-0.17780087675367082,-0.47100151649543215,-0.5256542009966714,-0.5721716284751892,-0.2621867912156241,0.007493570446968079,-0.06569244606154305
-0.6500006914138794,-0.17780087675367082,-0.47100151649543215,-0.5256542009966714,-0.5721716284751892,-0.2621867912156241,0.007493570446968079,-0.06569244606154305
-0.6500006914138794,-0.17780087675367082,-0.47100151649543215,-0.5256542009966714,-0.5721716284751892,-0.2621867912156241,0.007493570446968079,-0.06569244606154305
-0.36073994470967186,-0.15273887746863896,-0.5722154676914215,-0.2744707216819127,-0.3211699691083696,-0.42849739061461556,0.35354988939232296,0.16052553719944423
-0.36073994470967186,-0.15273887746863896,-0.5722154676914215,-0.2744707216819127,-0.3211699691083696,-0.42849739061461556,0.35354988939232296,0.16052553719944423
-0.36073994470967186,-0.15273887746863896,-0.5722154676914215,-0.2744707216819127,-0.3211699691083696,-0.42849739061461556,0.35354988939232296,0.16052553719944423
-0.36073994470967186,-0.15273887746863896,-0.5722154676914215,-0.2744707216819127,-0.3211699691083696,-0.42849739061461556,0.35354988939232296,0.16052553719944423
-0.36073994470967186,-0.15273887746863896,-0.5722154676914215,-0.2744707216819127,-0.3211699691083696,-0.42849739061461556,0.35354988939232296,0.16052553719944423
-0.36073994470967186,-0.15273887746863896,-0.5722154676914215,-0.2744707216819127,-0.3211699691083696,-0.42849739061461556,0.35354988939232296,0.16052553719944423
-0.3912189432552883,-0.5060033840792519,-0.21561758433069503,-0.5058959914105279,-0.5597765828881945,-0.3189310644354139,-0.5442066299063819,0.12663484471184866
-0.4058463318007333,-0.47746768593788147,-0.340504914522171,-0.3067618991647448,-0.5382367606673922,-0.28105161019733976,-0.21838151344231196,-0.2890605330467224
-0.4058463318007333,-0.47746768593788147,-0.340504914522171,-0.3067618991647448,-0.5382367606673922,-0.28105161019733976,-0.21838151344231196,-0.2890605330467224
-0.38597836238997324,-0.4826301634311676,-0.4888326738561903,-0.1387226858309337,-0.477646604180336,-0.20523143240383693,-0.21467948598521097,-0.15189209154673985
-0.38597836238997324,-0.4826301634311676,-0.4888326738561903,-0.1387226858309337,-0.477646604180336,-0.20523143240383693,-0.21467948598521097,-0.15189209154673985
-0.29622171488073135,0.07050794859727223,-0.5380839771694608,-0.29496954050328994,-0.2570762071344588,-0.46916016936302185,-0.26322998768753475,-0.036855336692598134
-0.29622171488073135,0.07050794859727223,-0.5380839771694608,-0.29496954050328994,-0.2570762071344588,-0.46916016936302185,-0.26322998768753475,-0.036855336692598134
-0.29622171488073135,0.07050794859727223,-0.5380839771694608,-0.29496954050328994,-0.2570762071344588,-0.46916016936302185,-0.26322998768753475,-0.036855336692598134
-0.29622171488073135,0.07050794859727223,-0.5380839771694608,-0.29496954050328994,-0.2570762071344588,-0.46916016936302185,-0.26322998768753475,-0.036855336692598134
0.03034309148788452,-0.748041307926178,-0.34748017489910127,-0.41615033745765684,-0.17541499435901642,-0.2506635248661041,-0.5464146345853805,-0.21044704914093018
-0.17604750181947434,-0.6054915977375848,-0.3092083824532373,-0.024825079100472585,-0.0909459697348731,-0.5678491464682988,0.293741266642298,0.11289609755788531
-0.17604750181947434,-0.6054915977375848,-0.3092083824532373,-0.024825079100472585,-0.0909459697348731,-0.5678491464682988,0.293741266642298,0.11289609755788531
-0.11161286466651493,-0.4206958793931537,-0.14271417094601524,-0.16132263011402553,-0.3078376319673326,-0.4896853698624505,0.09138116571638319,-0.03262818521923489
-0.11161286466651493,-0.4206958793931537,-0.14271417094601524,-0.16132263011402553,-0.3078376319673326,-0.4896853698624505,0.09138116571638319,-0.03262818521923489
-0.11161286466651493,-0.4206958793931537,-0.14271417094601524,-0.16132263011402553,-0.3078376319673326,-0.4896853698624505,0.09138116571638319,-0.03262818521923489
-0.11161286466651493,-0.4206958793931537,-0.14271417094601524,-0.16132263011402553,-0.3078376319673326,-0.4896853698624505,0.09138116571638319,-0.03262818521923489
-0.28424929827451706,-0.23832825273275376,-0.5128612771630288,-0.6041831403970719,-0.5261863067746162,-0.3147312134504318,0.0026280775666236876,0.03430104851722717
-0.28424929827451706,-0.23832825273275376,-0.5128612771630288,-0.6041831403970719,-0.5261863067746162,-0.3147312134504318,0.0026280775666236876,0.03430104851722717
-0.28424929827451706,-0.23832825273275376,-0.5128612771630288,-0.6041831403970719,-0.5261863067746162,-0.3147312134504318,0.0026280775666236876,0.03430104851722717
-0.28424929827451706,-0.23832825273275376,-0.5128612771630288,-0.6041831403970719,-0.5261863067746162,-0.3147312134504318,0.0026280775666236876,0.03430104851722717
-0.05077318208558219,-0.32472136190959383,-0.07143657973834447,-0.12622867098876409,-0.26820426753589083,-0.3677938325064523,0.0020038762262889315,-0.32795914156096323
-0.05077318208558219,-0.32472136190959383,-0.07143657973834447,-0.12622867098876409,-0.26820426753589083,-0.3677938325064523,0.0020038762262889315,-0.32795914156096323
-0.24621144384145738,-0.5370660528540612,-0.5941298097372055,-0.021244589984416962,-0.2921860903501511,-0.3461547940969467,5.581527948379516e-05,-0.4549597442150116
-0.24621144384145738,-0.5370660528540612,-0.5941298097372055,-0.021244589984416962,-0.2921860903501511,-0.3461547940969467,5.581527948379516e-05,-0.4549597442150116
-0.49508623977502186,-0.5559329162041347,-0.5226352820793788,-0.3097200681765874,-0.22397488554318745,-0.4113572478294373,-0.36325662831465405,-0.272681791583697
-0.49508623977502186,-0.5559329162041347,-0.5226352820793788,-0.3097200681765874,-0.22397488554318745,-0.4113572478294373,-0.36325662831465405,-0.272681791583697
-0.19857966899871826,0.1807483173906803,-0.11743363179266453,-0.5931679122149944,-0.5380158964544535,-0.10625787638127804,-0.7016336154192686,-0.40344588831067085
-0.4014817655086517,0.00026971697807312014,-0.11383268982172012,-0.7484405189752579,-0.7286362439393997,-0.16677427738904954,-0.35069443136453626,-0.29772495329380033
-0.4014817655086517,0.00026971697807312014,-0.11383268982172012,-0.7484405189752579,-0.7286362439393997,-0.16677427738904954,-0.35069443136453626,-0.29772495329380033
-0.12421487644314766,-0.5085141025483608,-0.06905477680265903,-0.6961569115519524,-0.6223571393638849,-0.10387745313346386,-0.8063206505030394,-0.5781654268503189
-0.11318446397781372,-0.18534464240074158,-0.0028561949729919434,-0.30643992125988007,-0.22925474643707275,-0.5994254112243652,-0.21069076359272004,-0.002421844005584717
-0.29890515181151306,-0.3648772903464057,-0.6164785420352762,-0.6770822053605859,-0.6898355931043625,-0.10527633401480588,-0.3629675954580307,-0.2457660436630249
-0.29890515181151306,-0.3648772903464057,-0.6164785420352762,-0.6770822053605859,-0.6898355931043625,-0.10527633401480588,-0.3629675954580307,-0.2457660436630249
-0.29890515181151306,-0.3648772903464057,-0.6164785420352762,-0.6770822053605859,-0.6898355931043625,-0.10527633401480588,-0.3629675954580307,-0.2457660436630249
-0.29890515181151306,-0.3648772903464057,-0.6164785420352762,-0.6770822053605859,-0.6898355931043625,-0.10527633401480588,-0.3629675954580307,-0.2457660436630249
-0.29890515181151306,-0.3648772903464057,-0.6164785420352762,-0.6770822053605859,-0.6898355931043625,-0.10527633401480588,-0.3629675954580307,-0.2457660436630249
-0.29890515181151306,-0.3648772903464057,-0.6164785420352762,-0.6770822053605859,-0.6898355931043625,-0.10527633401480588,-0.3629675954580307,-0.2457660436630249
-0.29890515181151306,-0.3648772903464057,-0.6164785420352762,-0.6770822053605859,-0.6898355931043625,-0.10527633401480588,-0.3629675954580307,-0.2457660436630249
-0.09541802480816841,-0.32017336413264275,-0.04651805944740772,-0.734322302043438,-0.7386948931962252,-0.4345384035259485,-0.5458273496478796,-0.6895823776721954
-0.21408268362283706,-0.32326153069734576,-0.28755198419094086,-0.5259065732359887,-0.627450381219387,-0.18406069427728652,-0.4044348105788231,-0.3822515457868576
-0.21408268362283706,-0.32326153069734576,-0.28755198419094086,-0.5259065732359887,-0.627450381219387,-0.18406069427728652,-0.4044348105788231,-0.3822515457868576
-0.21408268362283706,-0.32326153069734576,-0.28755198419094086,-0.5259065732359887,-0.627450381219387,-0.18406069427728652,-0.4044348105788231,-0.3822515457868576
-0.21408268362283706,-0.32326153069734576,-0.28755198419094086,-0.5259065732359887,-0.627450381219387,-0.18406069427728652,-0.4044348105788231,-0.3822515457868576
-0.4037648633122444,-0.3996878251433372,-0.32943104654550553,-0.5286760121583939,-0.5627749681472778,-0.2876715824007988,-0.28197952657938,-0.37522213757038114
-0.4037648633122444,-0.3996878251433372,-0.32943104654550553,-0.5286760121583939,-0.5627749681472778,-0.2876715824007988,-0.28197952657938,-0.37522213757038114
-0.15757065825164318,-0.6176173258572817,-0.5359795298427343,0.009121600538492203,-0.11417192406952381,-0.44192101806402206,0.09132889471948147,-0.026119638234376907
-0.15757065825164318,-0.6176173258572817,-0.5359795298427343,0.009121600538492203,-0.11417192406952381,-0.44192101806402206,0.09132889471948147,-0.026119638234376907
-0.24362494051456451,-0.3733771860599518,0.028480342030525206,-0.4067095756530762,-0.6699414819478988,-0.5382902458310127,-0.3641759529709816,-0.46201017796993255
-0.24362494051456451,-0.3733771860599518,0.028480342030525206,-0.4067095756530762,-0.6699414819478988,-0.5382902458310127,-0.3641759529709816,-0.46201017796993255
-0.24362494051456451,-0.3733771860599518,0.028480342030525206,-0.4067095756530762,-0.6699414819478988,-0.5382902458310127,-0.3641759529709816,-0.46201017796993255
-0.37197515070438386,-0.15255370438098909,-0.10128746181726456,-0.6110577404499054,-0.9565913558006287,-0.2517885372042656,-0.3915424421429634,-0.4782448709011078
-0.37197515070438386,-0.15255370438098909,-0.10128746181726456,-0.6110577404499054,-0.9565913558006287,-0.2517885372042656,-0.3915424421429634,-0.4782448709011078
-0.15757065825164318,-0.6176173258572817,-0.5359795298427343,0.009121600538492203,-0.11417192406952381,-0.44192101806402206,0.09132889471948147,-0.026119638234376907
-0.3176191585759322,0.02555543805162112,-0.304816094537576,-0.5119357891380787,-0.5346223339438438,-0.3166786270836989,-0.5072968266904354,-0.32539884994427365
-0.3176191585759322,0.02555543805162112,-0.304816094537576,-0.5119357891380787,-0.5346223339438438,-0.3166786270836989,-0.5072968266904354,-0.32539884994427365
-0.3176191585759322,0.02555543805162112,-0.304816094537576,-0.5119357891380787,-0.5346223339438438,-0.3166786270836989,-0.5072968266904354,-0.32539884994427365
-0.3176191585759322,0.02555543805162112,-0.304816094537576,-0.5119357891380787,-0.5346223339438438,-0.3166786270836989,-0.5072968266904354,-0.32539884994427365
-0.2883709834681617,-0.5478826198312972,-0.5619775023725297,-0.41599438422256046,-0.8528229494889578,-0.38405590256055194,-0.31013675696320003,-0.7465612838665644
-0.2883709834681617,-0.5478826198312972,-0.5619775023725297,-0.41599438422256046,-0.8528229494889578,-0.38405590256055194,-0.31013675696320003,-0.7465612838665644
-0.16269865880409876,-0.6372436111172041,-0.4195362403988838,-0.4559239310522874,-1.0159284050265949,-0.5983657389879227,-0.33912331983447075,-0.814945021023353
-0.16269865880409876,-0.6372436111172041,-0.4195362403988838,-0.4559239310522874,-1.0159284050265949,-0.5983657389879227,-0.33912331983447075,-0.814945021023353
-0.3285362745324771,-0.7303994024793307,-0.37548432995875675,-0.5156822465360165,-0.961064487695694,-0.31851143141587573,-0.37826774393518764,-0.835078933586677
-0.3285362745324771,-0.7303994024793307,-0.37548432995875675,-0.5156822465360165,-0.961064487695694,-0.31851143141587573,-0.37826774393518764,-0.835078933586677
-0.39843714899486965,-0.3531991077793969,-0.5922788348462846,-0.5204515043232176,-0.6203400592009226,-0.370969769027498,-0.4815882229142719,-0.6274092743794123
-0.39843714899486965,-0.3531991077793969,-0.5922788348462846,-0.5204515043232176,-0.6203400592009226,-0.370969769027498,-0.4815882229142719,-0.6274092743794123
-0.2974582248263889,-0.41340355740653145,-0.4245444867346022,-0.5642409374316534,-0.6344970762729645,-0.24403463138474357,-0.2429023732741674,-0.5151958415905634
-0.2974582248263889,-0.41340355740653145,-0.4245444867346022,-0.5642409374316534,-0.6344970762729645,-0.24403463138474357,-0.2429023732741674,-0.5151958415905634
-0.3685082972049713,-0.39330513775348663,-0.6068893492221832,-0.7131985232234002,-0.6301566600799561,-0.1308525860309601,-0.3193412825465202,-0.5895129218697548
-0.3685082972049713,-0.39330513775348663,-0.6068893492221832,-0.7131985232234002,-0.6301566600799561,-0.1308525860309601,-0.3193412825465202,-0.5895129218697548
-0.2954442434840732,-0.5615370372931162,-0.6228780183527205,-0.47423727810382843,-0.46691371003786725,-0.464503761794832,-0.4463835342062844,-0.8311423675881492
-0.2954442434840732,-0.5615370372931162,-0.6228780183527205,-0.47423727810382843,-0.46691371003786725,-0.464503761794832,-0.4463835342062844,-0.8311423675881492
-0.20583152770996094,-0.35993451774120333,-0.2226209282875061,-0.5542824044823647,-0.7243465602397918,-0.4536247283220291,-0.21221351474523545,-0.577995203435421
-0.20583152770996094,-0.35993451774120333,-0.2226209282875061,-0.5542824044823647,-0.7243465602397918,-0.4536247283220291,-0.21221351474523545,-0.577995203435421
-0.3984919057952033,-0.4126189682218764,-0.48061370849609375,-0.501675663722886,-0.6959729823801253,-0.13333689835336474,-0.4893536219994227,-0.7023912486102846
-0.3984919057952033,-0.4126189682218764,-0.48061370849609375,-0.501675663722886,-0.6959729823801253,-0.13333689835336474,-0.4893536219994227,-0.7023912486102846
-0.502650910615921,-0.3146984100341797,-0.5772915840148926,-0.46908348202705386,-0.6042315602302551,-0.07454169392585755,-0.4068803027272224,-0.5654987409710884
-0.502650910615921,-0.3146984100341797,-0.5772915840148926,-0.46908348202705386,-0.6042315602302551,-0.07454169392585755,-0.4068803027272224,-0.5654987409710884
-0.3024428069591522,-0.34397647678852084,-0.5575839698314666,-0.6201850458979606,-0.7353985637426377,-0.23066666573286057,-0.6127052828669548,-0.7429362371563911
-0.3024428069591522,-0.34397647678852084,-0.5575839698314666,-0.6201850458979606,-0.7353985637426377,-0.23066666573286057,-0.6127052828669548,-0.7429362371563911
-0.525581169128418,-0.4623553603887558,-0.3119117483496666,-0.6271348193287849,-0.6949482649564743,-0.4429463803768158,-0.32066635638475416,-0.3904132679104805
-0.525581169128418,-0.4623553603887558,-0.3119117483496666,-0.6271348193287849,-0.6949482649564743,-0.4429463803768158,-0.32066635638475416,-0.3904132679104805
-0.3488789035214318,-0.5648436645666758,-0.47609579894277787,-0.7524248543712828,-0.5405561526616415,-0.25481127036942375,-0.28057393928368884,-0.6866045345862707
-0.3488789035214318,-0.5648436645666758,-0.47609579894277787,-0.7524248543712828,-0.5405561526616415,-0.25481127036942375,-0.28057393928368884,-0.6866045345862707
-0.2731501947749745,-0.3269556706601923,-0.4421901675787839,-0.40054074878042395,-0.6819626824422316,-0.14171098849990152,-0.1524276855317029,-0.6822673719037663
-0.2731501947749745,-0.3269556706601923,-0.4421901675787839,-0.40054074878042395,-0.6819626824422316,-0.14171098849990152,-0.1524276855317029,-0.6822673719037663
-0.5420687844355901,-0.4443626155455907,-0.3672187601526578,-0.36609481150905293,-0.6171108136574427,-0.09136193245649338,-0.5064973135789236,-0.6795113695164522
-0.5420687844355901,-0.4443626155455907,-0.3672187601526578,-0.36609481150905293,-0.6171108136574427,-0.09136193245649338,-0.5064973135789236,-0.6795113695164522
-0.5514176946419936,-0.4555858006844154,-0.3995791834134322,-0.5529571347511731,-0.7380721798309913,-0.06120645082913912,-0.5425033936133752,-0.7474676840580426
-0.5514176946419936,-0.4555858006844154,-0.3995791834134322,-0.5529571347511731,-0.7380721798309913,-0.06120645082913912,-0.5425033936133752,-0.7474676840580426
-0.5717291877819941,-0.32845666316839367,-0.2686357108446268,-0.4604663516466434,-0.6050733786362869,-0.14358041148919326,-0.4538045135828165,-0.6992444361631687
-0.5717291877819941,-0.32845666316839367,-0.2686357108446268,-0.4604663516466434,-0.6050733786362869,-0.14358041148919326,-0.4538045135828165,-0.6992444361631687
-0.48566327350480215,-0.3376695535012654,-0.3330088236502239,-0.47722532813038143,-0.5486436762980053,-0.11914841617856707,-0.6080697455576488,-0.6745991142732757
-0.48566327350480215,-0.3376695535012654,-0.3330088236502239,-0.47722532813038143,-0.5486436762980053,-0.11914841617856707,-0.6080697455576488,-0.6745991142732757
-0.30958133935928345,-0.45676981715055615,-0.5927005708217621,-0.4941569509414526,-0.5023378408872164,-0.015644173209483806,-0.5502868317640744,-0.6048319259515176
-0.30958133935928345,-0.45676981715055615,-0.5927005708217621,-0.4941569509414526,-0.5023378408872164,-0.015644173209483806,-0.5502868317640744,-0.6048319259515176
-0.4759197922853323,-0.5522764508540814,-0.5197031222856962,-0.43788986710401684,-0.4391540609873258,-0.12128901252379784,-0.4563708041722958,-0.7594571170898584
-0.4759197922853323,-0.5522764508540814,-0.5197031222856962,-0.43788986710401684,-0.4391540609873258,-0.12128901252379784,-0.4563708041722958,-0.7594571170898584
-0.4556164053770212,-0.39624826266215396,-0.39213273846186125,-0.5229559552211028,-0.4510676310612605,-0.16879373559584984,-0.5060949531885294,-0.7372403431397218
-0.4556164053770212,-0.39624826266215396,-0.39213273846186125,-0.5229559552211028,-0.4510676310612605,-0.16879373559584984,-0.5060949531885294,-0.7372403431397218
-0.501308000087738,-0.505666983127594,-0.5422382016976675,-0.35739378035068514,-0.3627018849054972,-0.2472169280052185,-0.5447030047575633,-0.7263769139846166
-0.501308000087738,-0.505666983127594,-0.5422382016976675,-0.35739378035068514,-0.3627018849054972,-0.2472169280052185,-0.5447030047575633,-0.7263769139846166
-0.6339780926704407,-0.5801916162172953,-0.5069966733455658,-0.40520043273766837,-0.31881075104077655,-0.02333348194758097,-0.5760185440381368,-0.7424840440352758
-0.6339780926704407,-0.5801916162172953,-0.5069966733455658,-0.40520043273766837,-0.31881075104077655,-0.02333348194758097,-0.5760185440381368,-0.7424840440352758
-0.33744027548366123,-0.29375793867641026,-0.5722751186953651,-0.32870595157146454,-0.6397116416030459,-0.4212148818704817,-0.3624406440390481,-0.5557916147841347
-0.33744027548366123,-0.29375793867641026,-0.5722751186953651,-0.32870595157146454,-0.6397116416030459,-0.4212148818704817,-0.3624406440390481,-0.5557916147841347
-0.17812721837650647,-0.6600385768847032,-0.0484065901149403,-0.595758929848671,-0.4775578731840307,-0.4789044504815882,-0.40879091214049945,-0.5275617092847824
-0.17812721837650647,-0.6600385768847032,-0.0484065901149403,-0.595758929848671,-0.4775578731840307,-0.4789044504815882,-0.40879091214049945,-0.5275617092847824
-0.2659947822491328,-0.517379621664683,-0.41479528943697613,-0.6869866686562697,-0.4009373386700948,-0.25095119575659436,-0.3516303064922492,-0.6567618089417616
-0.2659947822491328,-0.517379621664683,-0.41479528943697613,-0.6869866686562697,-0.4009373386700948,-0.25095119575659436,-0.3516303064922492,-0.6567618089417616
-0.27536000446839765,-0.8093620403246446,-0.175992106849497,-0.7284683896736666,-0.5723609978502447,-0.48201247507875616,-0.33256415209986945,-0.49835830520499835
-0.27536000446839765,-0.8093620403246446,-0.175992106849497,-0.7284683896736666,-0.5723609978502447,-0.48201247507875616,-0.33256415209986945,-0.49835830520499835
-0.21581143140792847,-0.5156771269711581,-0.49353817105293274,-0.6371251710436561,-0.5270177234302867,-0.13184272701090033,-0.35071019015528937,-0.7313693992116235
-0.21581143140792847,-0.5156771269711581,-0.49353817105293274,-0.6371251710436561,-0.5270177234302867,-0.13184272701090033,-0.35071019015528937,-0.7313693992116235
-0.16609108597040176,-0.5976432651281357,-0.35455708503723143,-0.8264167353510856,-0.735121774673462,-0.45913233458995817,-0.12000049501657487,-0.4930367931723595
-0.16609108597040176,-0.5976432651281357,-0.35455708503723143,-0.8264167353510856,-0.735121774673462,-0.45913233458995817,-0.12000049501657487,-0.4930367931723595
-0.18898971974849701,-0.4426150739192963,-0.4214448153972626,-0.6527499720454216,-0.5044128477573395,-0.34168787896633146,-0.3445433810353279,-0.6682503208518028
-0.18898971974849701,-0.4426150739192963,-0.4214448153972626,-0.6527499720454216,-0.5044128477573395,-0.34168787896633146,-0.3445433810353279,-0.6682503208518028
-0.30529364943504333,-0.9132981985807419,-0.8313900083303452,-0.5112907126545906,-0.5781876176595688,-0.4665371388196945,-0.3517292246222496,-0.6722554221749306
-0.30529364943504333,-0.9132981985807419,-0.8313900083303452,-0.5112907126545906,-0.5781876176595688,-0.4665371388196945,-0.3517292246222496,-0.6722554221749306
-0.3750459882948134,-0.45829234189457363,-0.4745231635040707,-0.4677114238341649,-0.6962252159913381,-0.20787868234846327,-0.4599248750342263,-0.6836112091938654
-0.3750459882948134,-0.45829234189457363,-0.4745231635040707,-0.4677114238341649,-0.6962252159913381,-0.20787868234846327,-0.4599248750342263,-0.6836112091938654
-0.27422202825546266,-0.45820682048797606,-0.5440567761659623,-0.490449483692646,-0.6081084489822388,-0.1672440618276596,-0.6752841636538506,-0.6506710812449455
-0.27422202825546266,-0.45820682048797606,-0.5440567761659623,-0.490449483692646,-0.6081084489822388,-0.1672440618276596,-0.6752841636538506,-0.6506710812449455
-0.3774069415198432,-0.15333250827259487,-0.64202990465694,-0.7560191998879114,-0.7913202808962928,-0.2498673697312673,-0.34312176869975197,-0.8194816195302539
-0.3774069415198432,-0.15333250827259487,-0.64202990465694,-0.7560191998879114,-0.7913202808962928,-0.2498673697312673,-0.34312176869975197,-0.8194816195302539
-0.14072836107677883,-0.5192380017704434,-0.502682238817215,-0.5834070891141891,-0.46816641423437333,-0.38311025500297546,-0.4692537436882655,-0.6023031522830328
-0.14072836107677883,-0.5192380017704434,-0.502682238817215,-0.5834070891141891,-0.46816641423437333,-0.38311025500297546,-0.4692537436882655,-0.6023031522830328
-0.5173555016517639,-0.3407042655679915,-0.4828372183773253,-0.6784278733862771,-0.4503471420870887,-0.21909033589892918,-0.2447879198524687,-0.6273281127214432
-0.5173555016517639,-0.3407042655679915,-0.4828372183773253,-0.6784278733862771,-0.4503471420870887,-0.21909033589892918,-0.2447879198524687,-0.6273281127214432
-0.3369613870978355,-0.5725992530584335,-0.5923899978399276,-0.44362361133098605,-0.6441483914852142,-0.18076880872249604,-0.2247903898358345,-0.7077310100197792
-0.3369613870978355,-0.5725992530584335,-0.5923899978399276,-0.44362361133098605,-0.6441483914852142,-0.18076880872249604,-0.2247903898358345,-0.7077310100197792
-0.5844081948910441,-0.2938765585422516,-0.5683825335332325,-0.4649244099855423,-0.4100875215870993,-0.1865654034273965,-0.3211926594376564,-0.7147947454026767
-0.5844081948910441,-0.2938765585422516,-0.5683825335332325,-0.4649244099855423,-0.4100875215870993,-0.1865654034273965,-0.3211926594376564,-0.7147947454026767
-0.3703285919295417,-0.5141111016273499,-0.5728398528363969,-0.7696299072768953,-0.569731679227617,-0.29251595338185626,-0.20708664755026499,-0.630421895119879
-0.3703285919295417,-0.5141111016273499,-0.5728398528363969,-0.7696299072768953,-0.569731679227617,-0.29251595338185626,-0.20708664755026499,-0.630421895119879
-0.2727891743183136,-0.5400597885251045,-0.6537794828414917,-0.4291897267103195,-0.45481257140636444,-0.47780936062335966,-0.5103675350546837,-0.7569128409028053
-0.2727891743183136,-0.5400597885251045,-0.6537794828414917,-0.4291897267103195,-0.45481257140636444,-0.47780936062335966,-0.5103675350546837,-0.7569128409028053
-0.4350632160902023,-0.3174717783927917,-0.3919553756713867,-0.5430936098098755,-0.8110556662082672,-0.19208644032478334,-0.23189565986394883,-0.3779873922467232
-0.4350632160902023,-0.3174717783927917,-0.3919553756713867,-0.5430936098098755,-0.8110556662082672,-0.19208644032478334,-0.23189565986394883,-0.3779873922467232
-0.43262457185321385,-0.5404705040984683,-0.5935315522882674,-0.7190525713894103,-0.7926025754875607,-0.2979966170257992,-0.30976731412940556,-0.6291071358654234
-0.43262457185321385,-0.5404705040984683,-0.5935315522882674,-0.7190525713894103,-0.7926025754875607,-0.2979966170257992,-0.30976731412940556,-0.6291071358654234
-0.43923790587319267,-0.4902155962255266,-0.5626572072505951,-0.5580807079871496,-0.688585489988327,-0.1968212260140313,-0.3370489461554421,-0.581978882352511
-0.43923790587319267,-0.4902155962255266,-0.5626572072505951,-0.5580807079871496,-0.688585489988327,-0.1968212260140313,-0.3370489461554421,-0.581978882352511
-0.21732724375194973,-0.5839533242914412,-0.2654546598593394,-0.5800380425320731,-0.7810679376125336,-0.25235454241434735,-0.3263028578625785,-0.8700192189878888
-0.21732724375194973,-0.5839533242914412,-0.2654546598593394,-0.5800380425320731,-0.7810679376125336,-0.25235454241434735,-0.3263028578625785,-0.8700192189878888
-0.3396027147769928,-0.468899330496788,-0.38364844024181366,-0.5396096229553222,-0.6808170199394226,-0.1816575735807419,-0.26013461500406265,-0.7163639143109322
-0.3396027147769928,-0.468899330496788,-0.38364844024181366,-0.5396096229553222,-0.6808170199394226,-0.1816575735807419,-0.26013461500406265,-0.7163639143109322
-0.4164853170514107,-0.2872828751802444,-0.5512822180986404,-0.5200506791472435,-0.6994918823242188,-0.140171679854393,-0.3934431031346321,-0.24321894198656083
-0.4164853170514107,-0.2872828751802444,-0.5512822180986404,-0.5200506791472435,-0.6994918823242188,-0.140171679854393,-0.3934431031346321,-0.24321894198656083
-0.4114367630746629,-0.5329662263393402,-0.5662664274374644,-0.5585756715801027,-0.7511985136402978,-0.23631850216123793,-0.35458916260136497,-0.7002872311406665
-0.4114367630746629,-0.5329662263393402,-0.5662664274374644,-0.5585756715801027,-0.7511985136402978,-0.23631850216123793,-0.35458916260136497,-0.7002872311406665
-0.43434534470240277,-0.493064949909846,-0.5613382756710052,-0.5308279461330838,-0.5518146620856391,-0.37852535976303947,-0.2753234455982844,-0.6948748313718371
-0.43434534470240277,-0.493064949909846,-0.5613382756710052,-0.5308279461330838,-0.5518146620856391,-0.37852535976303947,-0.2753234455982844,-0.6948748313718371
-0.3356061442331834,-0.4173159951513464,-0.37052933736280963,-0.6112824177200143,-0.6615818495100195,-0.3195979595184326,-0.5748326602307233,-0.6202374439347874
-0.3356061442331834,-0.4173159951513464,-0.37052933736280963,-0.6112824177200143,-0.6615818495100195,-0.3195979595184326,-0.5748326602307233,-0.6202374439347874
-0.3723253201354634,-0.5019311227581718,-0.43247541243379767,-0.45433280007405713,-0.43479799953373993,-0.5020557940006256,-0.47297482463446533,-0.4539341086691076
-0.3723253201354634,-0.5019311227581718,-0.43247541243379767,-0.45433280007405713,-0.43479799953373993,-0.5020557940006256,-0.47297482463446533,-0.4539341086691076
-0.21116258800029755,-0.48659561574459076,-0.5486225098371506,-0.5868402764201164,-0.43088519275188447,-0.46480052173137665,-0.4129041597247124,-0.47309744656085967
-0.21116258800029755,-0.48659561574459076,-0.5486225098371506,-0.5868402764201164,-0.43088519275188447,-0.46480052173137665,-0.4129041597247124,-0.47309744656085967
-0.2630737364292145,-0.6203563183546066,-0.45685987919569016,-0.22334605902433396,-0.3471096962690353,-0.33083571791648864,-0.8179469749331474,-0.671258082985878
-0.2630737364292145,-0.6203563183546066,-0.45685987919569016,-0.22334605902433396,-0.3471096962690353,-0.33083571791648864,-0.8179469749331474,-0.671258082985878
-0.40261765983369613,-0.4102938539452023,-0.6709112425645193,-0.5570117748445935,-0.7158192495505015,-0.17907657557063633,-0.22406680550840166,-0.7841972062985102
-0.40261765983369613,-0.4102938539452023,-0.6709112425645193,-0.5570117748445935,-0.7158192495505015,-0.17907657557063633,-0.22406680550840166,-0.7841972062985102
-0.18361184994379678,-0.6005240115854475,-0.41642489035924274,-0.5478503323263593,-0.5072254571649764,-0.22902988062964547,-0.28215833008289337,-0.6691611690653695
-0.18361184994379678,-0.6005240115854475,-0.41642489035924274,-0.5478503323263593,-0.5072254571649764,-0.22902988062964547,-0.28215833008289337,-0.6691611690653695
-0.29420767600337666,-0.5932180111606916,-0.37898120035727817,-0.7386191127200922,-0.2652100498477618,-0.14956648647785187,-0.17449796323974928,-0.446791900942723
-0.29420767600337666,-0.5932180111606916,-0.37898120035727817,-0.7386191127200922,-0.2652100498477618,-0.14956648647785187,-0.17449796323974928,-0.446791900942723
-0.29671700596809386,-0.646896043419838,-0.32063525915145874,-0.7874539658427239,-0.5542544931173324,-0.23607957661151885,-0.20957365185022353,-0.7410893902182579
-0.29671700596809386,-0.646896043419838,-0.32063525915145874,-0.7874539658427239,-0.5542544931173324,-0.23607957661151885,-0.20957365185022353,-0.7410893902182579
-0.29677926500638324,-0.5192132492860159,-0.2699693805641598,-0.7029110375377867,-0.6683943106068505,-0.43496918347146774,-0.18608622252941132,-0.6387367828024758
-0.29677926500638324,-0.5192132492860159,-0.2699693805641598,-0.7029110375377867,-0.6683943106068505,-0.43496918347146774,-0.18608622252941132,-0.6387367828024758
-0.49934228012959164,-0.6893461172779402,-0.5376673489809036,-0.45329198489586514,-0.7042650394141674,-0.41841545204321545,-0.3488660665849845,-0.7483988789220651
-0.49934228012959164,-0.6893461172779402,-0.5376673489809036,-0.45329198489586514,-0.7042650394141674,-0.41841545204321545,-0.3488660665849845,-0.7483988789220651
-0.32485468008301477,-0.30113890496167267,-0.4119039530103857,-0.44902262498031964,-0.3931290994990956,-0.25861551003022626,-0.499828963117166,-0.5577236942269586
-0.32485468008301477,-0.30113890496167267,-0.4119039530103857,-0.44902262498031964,-0.3931290994990956,-0.25861551003022626,-0.499828963117166,-0.5577236942269586
-0.2778627839353349,-0.5479602118333181,-0.39630016684532166,-0.4639490329556995,-0.6386023594273461,-0.21044347683588663,-0.3304487615823746,-0.43453769716951585
-0.2778627839353349,-0.5479602118333181,-0.39630016684532166,-0.4639490329556995,-0.6386023594273461,-0.21044347683588663,-0.3304487615823746,-0.43453769716951585
-0.4574278175830841,-0.5442839115858078,-0.7049623936414718,-0.5663231953978538,-0.3500607252120972,-0.34714058190584185,-0.3994313731789589,-0.4850041761994362
-0.4574278175830841,-0.5442839115858078,-0.7049623936414718,-0.5663231953978538,-0.3500607252120972,-0.34714058190584185,-0.3994313731789589,-0.4850041761994362
-0.4968988299369812,-0.6172199216153886,-0.3983477320935991,-0.687279560499721,-0.5471993088722229,-0.33778028686841327,-0.4128905054595735,-0.5744533058669832
-0.4968988299369812,-0.6172199216153886,-0.3983477320935991,-0.687279560499721,-0.5471993088722229,-0.33778028686841327,-0.4128905054595735,-0.5744533058669832
-0.39165733257929486,-0.6520408888657888,-0.5698934760358598,-0.7425759418143166,-0.5899302032258775,-0.005315459436840481,-0.534096391664611,-0.8187714500559701
-0.39165733257929486,-0.6520408888657888,-0.5698934760358598,-0.7425759418143166,-0.5899302032258775,-0.005315459436840481,-0.534096391664611,-0.8187714500559701
-0.5066808231852271,-0.5767305412075736,-0.6403719593178142,-0.6810442358255386,-0.5343635949221525,-0.20503634485331448,-0.5238642435182225,-0.8828099275177176
-0.5066808231852271,-0.5767305412075736,-0.6403719593178142,-0.6810442358255386,-0.5343635949221525,-0.20503634485331448,-0.5238642435182225,-0.8828099275177176
-0.4340421027607388,-0.5878939595487382,-0.30367016461160445,-0.5590989771816466,-0.5976355456643634,-0.2977583706378937,-0.3604014764229457,-0.7273486273156272
-0.4340421027607388,-0.5878939595487382,-0.30367016461160445,-0.5590989771816466,-0.5976355456643634,-0.2977583706378937,-0.3604014764229457,-0.7273486273156272
-0.33184372782707217,-0.4877479255199432,-0.3275709003210068,-0.614246241748333,-0.5427352890372277,-0.17265812456607818,-0.2815429285168648,-0.7559531763195991
-0.33184372782707217,-0.4877479255199432,-0.3275709003210068,-0.614246241748333,-0.5427352890372277,-0.17265812456607818,-0.2815429285168648,-0.7559531763195991
-0.28737178444862366,-0.5492550233999888,-0.5443878935443031,-0.5431866861051984,-0.6102829724550247,-0.08406609627935621,-0.17871355182594723,-0.6360136883126365
-0.28737178444862366,-0.5492550233999888,-0.5443878935443031,-0.5431866861051984,-0.6102829724550247,-0.08406609627935621,-0.17871355182594723,-0.6360136883126365
-0.30598545670509336,-0.39181241393089294,-0.5410135120153428,-0.4800590857863426,-0.5226253613829612,-0.09147053360939025,-0.5958001419901848,-0.4910638675093651
-0.30598545670509336,-0.39181241393089294,-0.5410135120153428,-0.4800590857863426,-0.5226253613829612,-0.09147053360939025,-0.5958001419901848,-0.4910638675093651
-0.38465630466287787,-0.33825344118204986,-0.811818618666042,-0.3615824688564647,-0.5026106969876722,-0.23378619822588834,-0.32332468168302014,-0.5758154839277267
-0.38465630466287787,-0.33825344118204986,-0.811818618666042,-0.3615824688564647,-0.5026106969876722,-0.23378619822588834,-0.32332468168302014,-0.5758154839277267
-0.5655700672756542,-0.4398779408498244,-0.7637619890949943,-0.42677335847507825,-0.44275915080850775,0.07150941003452647,-0.36602768979289313,-0.5977797521786257
-0.5655700672756542,-0.4398779408498244,-0.7637619890949943,-0.42677335847507825,-0.44275915080850775,0.07150941003452647,-0.36602768979289313,-0.5977797521786257
-0.6011869202960621,-0.2026674828746102,-0.9168531434102491,-0.45592787861824036,-0.5692092315717177,-0.047334088520570236,-0.43423320623961364,-0.5453696372834119
-0.6011869202960621,-0.2026674828746102,-0.9168531434102491,-0.45592787861824036,-0.5692092315717177,-0.047334088520570236,-0.43423320623961364,-0.5453696372834119
-0.09769774079322815,-0.39680155813694,-0.36544526517391207,-0.7169874235987663,-0.6227056592702865,-0.14326834231615065,-0.37391545325517656,-0.7198345854878425
-0.09769774079322815,-0.39680155813694,-0.36544526517391207,-0.7169874235987663,-0.6227056592702865,-0.14326834231615065,-0.37391545325517656,-0.7198345854878425
-0.43032679955164593,-0.48302748633755577,-0.4951174358526866,-0.4850495672888226,-0.5190022885799408,-0.1614705953333113,-0.4028149363067415,-0.4633278134796355
-0.43032679955164593,-0.48302748633755577,-0.4951174358526866,-0.4850495672888226,-0.5190022885799408,-0.1614705953333113,-0.4028149363067415,-0.4633278134796355
-0.7620717016133395,-0.8198423087596893,-0.4188437502492558,-0.5137234316630797,-0.6657067456028678,-0.13993635773658752,-0.4869225851514123,-0.5461607534777034
-0.7620717016133395,-0.8198423087596893,-0.4188437502492558,-0.5137234316630797,-0.6657067456028678,-0.13993635773658752,-0.4869225851514123,-0.5461607534777034
-0.54211364551024,-0.7063497006893158,-0.7012664906003259,-0.40756403451616113,-0.5437231063842773,-0.05993257598443465,-0.4287131388079036,-0.730880158868703
-0.54211364551024,-0.7063497006893158,-0.7012664906003259,-0.40756403451616113,-0.5437231063842773,-0.05993257598443465,-0.4287131388079036,-0.730880158868703
-0.4958324611186981,-0.5997435450553894,-0.4855349391698837,-0.6349356040358544,-0.2633121222257614,-0.1641000211238861,-0.3584411934018135,-0.7559194937348366
-0.4958324611186981,-0.5997435450553894,-0.4855349391698837,-0.6349356040358544,-0.2633121222257614,-0.1641000211238861,-0.3584411934018135,-0.7559194937348366
-0.34873780608177185,-0.4771617717213101,-0.6746337248219384,-0.5503325545125537,-0.572971416844262,-0.4498015344142914,-0.3619501243034999,-0.682089595331086
-0.34873780608177185,-0.4771617717213101,-0.6746337248219384,-0.5503325545125537,-0.572971416844262,-0.4498015344142914,-0.3619501243034999,-0.682089595331086
-0.0689770904454318,-0.3026311316273429,-0.4197947247461839,-0.6128550971096213,-0.5778417587280273,-0.33991688760844146,-0.29107578098773956,-0.46587451615116815
-0.0689770904454318,-0.3026311316273429,-0.4197947247461839,-0.6128550971096213,-0.5778417587280273,-0.33991688760844146,-0.29107578098773956,-0.46587451615116815
-0.4238878428936005,-0.4014863699674606,-0.6188220083713531,-0.5355220049619674,-0.5228195995092392,-0.2151051491498947,-0.4705274149775505,-0.6045791819691658
-0.4238878428936005,-0.4014863699674606,-0.6188220083713531,-0.5355220049619674,-0.5228195995092392,-0.2151051491498947,-0.4705274149775505,-0.6045791819691658
-0.09890429427226384,-0.38991426428159076,-0.505394717057546,-0.4029863215982914,-0.5693503717581431,-0.27665235350529355,-0.367549043148756,-0.5736471973359585
-0.09890429427226384,-0.38991426428159076,-0.505394717057546,-0.4029863215982914,-0.5693503717581431,-0.27665235350529355,-0.367549043148756,-0.5736471973359585
-0.2647419100006421,-0.48307005564371747,-0.46134280661741894,-0.46274463708202046,-0.5144864544272423,0.0032019540667533875,-0.4066934672494729,-0.5937811098992825
-0.2647419100006421,-0.48307005564371747,-0.46134280661741894,-0.46274463708202046,-0.5144864544272423,0.0032019540667533875,-0.4066934672494729,-0.5937811098992825
-0.17799845039844514,-0.40971253216266634,-0.48474731743335725,-0.5766566261649132,-0.6445392459630966,-0.07545290887355804,-0.30712160617113116,-0.6688916042447091
-0.17799845039844514,-0.40971253216266634,-0.48474731743335725,-0.5766566261649132,-0.6445392459630966,-0.07545290887355804,-0.30712160617113116,-0.6688916042447091
-0.3090376068245281,-0.5039451582865282,-0.5446980541402643,-0.48432493074373767,-0.4581526219844818,-0.24156032638116318,-0.289236228574406,-0.5774933600967581
-0.3090376068245281,-0.5039451582865282,-0.5446980541402643,-0.48432493074373767,-0.4581526219844818,-0.24156032638116318,-0.289236228574406,-0.5774933600967581
-0.29597117006778717,-0.3898190200328827,-0.5498554855585098,-0.4544994577765465,-0.6213572144508361,-0.26200360953807833,-0.29033463448286057,-0.7356013730168343
-0.29597117006778717,-0.3898190200328827,-0.5498554855585098,-0.4544994577765465,-0.6213572144508361,-0.26200360953807833,-0.29033463448286057,-0.7356013730168343
-0.38330886761347455,-0.45772281289100647,-0.46933674812316895,-0.5196593122349845,-0.6984438333246443,-0.3179926309320662,-0.394419542617268,-0.5605280978812112
-0.38330886761347455,-0.45772281289100647,-0.46933674812316895,-0.5196593122349845,-0.6984438333246443,-0.3179926309320662,-0.394419542617268,-0.5605280978812112
-0.30089413523674013,-0.3849515229463577,-0.33932447135448457,-0.5313054874539376,-0.6549494594335556,-0.10626470446586608,-0.17074031382799149,-0.6335558995604516
-0.30089413523674013,-0.3849515229463577,-0.33932447135448457,-0.5313054874539376,-0.6549494594335556,-0.10626470446586608,-0.17074031382799149,-0.6335558995604516
-0.44160084591971505,-0.48859742946094936,-0.39906033873558044,-0.5412395844856898,-0.5831478867265913,-0.41295577088991803,-0.3627024342616399,-0.5815301587184271
-0.44160084591971505,-0.48859742946094936,-0.39906033873558044,-0.5412395844856898,-0.5831478867265913,-0.41295577088991803,-0.3627024342616399,-0.5815301587184271
-0.41065189242362976,-0.5711868911981582,-0.5711166352033615,-0.8226027116179466,-0.7782668024301529,-0.012515264749526977,-0.44155282229185105,-0.7510456159710884
-0.41065189242362976,-0.5711868911981582,-0.5711166352033615,-0.8226027116179466,-0.7782668024301529,-0.012515264749526977,-0.44155282229185105,-0.7510456159710884
-0.40640238258573746,-0.35179676943355137,-0.5036035941706763,-0.41432979868517983,-0.6142746475007799,-0.25157250960667926,-0.27599384552902645,-0.6034899668561088
-0.40640238258573746,-0.35179676943355137,-0.5036035941706763,-0.41432979868517983,-0.6142746475007799,-0.25157250960667926,-0.27599384552902645,-0.6034899668561088
-0.22818312048912048,-0.3527783900499344,-0.3198440849781036,-0.5841234579682351,-0.5105797678232193,-0.3530114144086838,-0.05276362150907517,-0.6674869224429131
-0.22818312048912048,-0.3527783900499344,-0.3198440849781036,-0.5841234579682351,-0.5105797678232193,-0.3530114144086838,-0.05276362150907517,-0.6674869224429131
-0.4704733274199746,-0.47312794761224225,-0.2635450634089383,-0.3867833113128489,-0.2984929491173137,-0.3514794951135462,-0.7051567828113382,-0.6964310068975795
-0.4704733274199746,-0.47312794761224225,-0.2635450634089383,-0.3867833113128489,-0.2984929491173137,-0.3514794951135462,-0.7051567828113382,-0.6964310068975795
-0.29996917645136517,-0.5799667669667138,-0.5180231564574771,-0.5589857614702649,-0.5615856978628371,-0.2980454663435618,-0.5501502007246017,-0.6702446954117881
-0.29996917645136517,-0.5799667669667138,-0.5180231564574771,-0.5589857614702649,-0.5615856978628371,-0.2980454663435618,-0.5501502007246017,-0.6702446954117881
-0.35036783748202854,-0.5553268161084917,-0.5242152445846133,-0.4655785510937373,-0.5091661579079099,-0.23684227797720167,-0.22859428160720402,-0.6147142549355825
-0.35036783748202854,-0.5553268161084917,-0.5242152445846133,-0.4655785510937373,-0.5091661579079099,-0.23684227797720167,-0.22859428160720402,-0.6147142549355825
-0.477648364007473,-0.46756437718868255,-0.6054151505231857,-0.545018558204174,-0.5813910692930222,-0.44518493115901947,-0.36322772055864333,-0.773203368484974
-0.477648364007473,-0.46756437718868255,-0.6054151505231857,-0.545018558204174,-0.5813910692930222,-0.44518493115901947,-0.36322772055864333,-0.773203368484974
-0.3291232630610466,-0.4849631518125534,-0.5480523049831391,-0.5630772158503532,-0.28852586448192596,-0.16782907247543336,-0.2674877092242241,-0.33406764417886736
-0.3291232630610466,-0.4849631518125534,-0.5480523049831391,-0.5630772158503532,-0.28852586448192596,-0.16782907247543336,-0.2674877092242241,-0.33406764417886736
-0.3291232630610466,-0.4849631518125534,-0.5480523049831391,-0.5630772158503532,-0.28852586448192596,-0.16782907247543336,-0.2674877092242241,-0.33406764417886736
-0.3291232630610466,-0.4849631518125534,-0.5480523049831391,-0.5630772158503532,-0.28852586448192596,-0.16782907247543336,-0.2674877092242241,-0.33406764417886736
-0.3291232630610466,-0.4849631518125534,-0.5480523049831391,-0.5630772158503532,-0.28852586448192596,-0.16782907247543336,-0.2674877092242241,-0.33406764417886736
-0.3291232630610466,-0.4849631518125534,-0.5480523049831391,-0.5630772158503532,-0.28852586448192596,-0.16782907247543336,-0.2674877092242241,-0.33406764417886736
-0.34603054279630835,-0.5257166380232031,-0.4862815493887121,-0.49967657029628754,-0.16566522283987564,-0.14354209466414017,-0.17473203892057593,-0.09230274639346382
-0.34603054279630835,-0.5257166380232031,-0.4862815493887121,-0.49967657029628754,-0.16566522283987564,-0.14354209466414017,-0.17473203892057593,-0.09230274639346382
-0.4581260747379727,-0.434193750222524,-0.4266395370165507,-0.8604544053475062,-0.6035783456431495,-0.35159892174932694,-0.28620489603943294,-0.5913314272960027
-0.4581260747379727,-0.434193750222524,-0.4266395370165507,-0.8604544053475062,-0.6035783456431495,-0.35159892174932694,-0.28620489603943294,-0.5913314272960027
-0.5948125587569343,-0.40155046184857685,-0.4146504799524943,-0.4641729278696908,-0.5035436120298173,-0.4597719344827864,-0.11023666295740339,-0.5597166336245007
-0.5948125587569343,-0.40155046184857685,-0.4146504799524943,-0.4641729278696908,-0.5035436120298173,-0.4597719344827864,-0.11023666295740339,-0.5597166336245007
-0.3075561291641659,-0.23900027738677132,-0.5056586364905039,-0.36147645281420815,-0.5112521880202823,-0.29155978229310775,-0.37849604255623287,-0.7146937532557381
-0.3075561291641659,-0.23900027738677132,-0.5056586364905039,-0.36147645281420815,-0.5112521880202823,-0.29155978229310775,-0.37849604255623287,-0.7146937532557381
-0.5241941159421747,-0.5677449432286349,-0.293870210647583,-0.2045929120345549,-0.533204273744063,-0.18031563271175732,-0.167552496899258,-0.5593615079467947
-0.5241941159421747,-0.5677449432286349,-0.293870210647583,-0.2045929120345549,-0.533204273744063,-0.18031563271175732,-0.167552496899258,-0.5593615079467947
-0.16638299822807312,-0.4453741935166446,-0.5032806288112294,-0.5876962528987364,-0.7784206731752916,0.009010130708867853,-0.4605364487929778,-0.6463445384394039
-0.16638299822807312,-0.4453741935166446,-0.5032806288112294,-0.5876962528987364,-0.7784206731752916,0.009010130708867853,-0.4605364487929778,-0.6463445384394039
-0.35721492105060154,-0.5853800608052148,-0.5290648109383054,-0.5406947880983353,-0.6800260643164316,-0.45231318142679,-0.44175557792186737,-0.5434104121393628
-0.35721492105060154,-0.5853800608052148,-0.5290648109383054,-0.5406947880983353,-0.6800260643164316,-0.45231318142679,-0.44175557792186737,-0.5434104121393628
-0.37183316349983214,-0.4721911162137985,-0.6127962559461594,-0.391665481030941,-0.641790759563446,-0.4541368097066879,-0.31927472800016404,-0.6165349677205085
-0.37183316349983214,-0.4721911162137985,-0.6127962559461594,-0.391665481030941,-0.641790759563446,-0.4541368097066879,-0.31927472800016404,-0.6165349677205085
-0.3524017767472701,-0.43418201262300665,-0.4858282669024034,-0.2919480272314765,-0.7957944680343975,-0.5510009716857563,-0.29824199053374206,-0.5432545800100673
-0.3524017767472701,-0.43418201262300665,-0.4858282669024034,-0.2919480272314765,-0.7957944680343975,-0.5510009716857563,-0.29824199053374206,-0.5432545800100673
-0.5333155393600464,-0.5358065122907812,-0.4377716373313557,-0.35713891685009,-0.7359429218552329,-0.24570536342534152,-0.34094499864361505,-0.5652188482609662
-0.5333155393600464,-0.5358065122907812,-0.4377716373313557,-0.35713891685009,-0.7359429218552329,-0.24570536342534152,-0.34094499864361505,-0.5652188482609662
-0.4778196865862066,-0.37518745118921454,-0.6001254076307471,-0.4514058123935353,-0.6884320080280304,-0.3886188566684723,-0.5358717048710043,-0.5294727398590608
-0.4778196865862066,-0.37518745118921454,-0.6001254076307471,-0.4514058123935353,-0.6884320080280304,-0.3886188566684723,-0.5358717048710043,-0.5294727398590608
-0.4645950370109998,-0.5686651261953207,-0.6126896532682272,-0.23150800397762886,-0.09632603709514324,-0.21452788206247184,-0.15956169137587914,-0.26616208484539616
-0.4645950370109998,-0.5686651261953207,-0.6126896532682272,-0.23150800397762886,-0.09632603709514324,-0.21452788206247184,-0.15956169137587914,-0.26616208484539616
-0.6176759130679644,-0.6546550874526684,-0.5720263513234946,-0.28666952596260953,-0.04568242109738863,0.043799171080956094,-0.19569500593038705,-0.28474723490384907
-0.6176759130679644,-0.6546550874526684,-0.5720263513234946,-0.28666952596260953,-0.04568242109738863,0.043799171080956094,-0.19569500593038705,-0.28474723490384907
-0.5876667830679152,-0.5901082985930972,-0.3266753852367401,-0.6088745378785663,-0.6081837448808882,-0.34585463669564986,-0.5081643180714713,-0.6895024991697736
-0.5876667830679152,-0.5901082985930972,-0.3266753852367401,-0.6088745378785663,-0.6081837448808882,-0.34585463669564986,-0.5081643180714713,-0.6895024991697736
-0.39581573009490967,-0.5557991762955984,-0.7169163723786672,-0.5565080328120126,-0.6311425897810194,-0.403562992811203,-0.34903502298725975,-0.6126710656616423
-0.39581573009490967,-0.5557991762955984,-0.7169163723786672,-0.5565080328120126,-0.6311425897810194,-0.403562992811203,-0.34903502298725975,-0.6126710656616423
-0.5787708825535245,-0.5352602766619788,-0.5560003419717153,-0.6165099326107237,-0.6147815552022722,-0.3801570302910275,-0.4181264291206996,-0.47788504262765247
-0.5787708825535245,-0.5352602766619788,-0.5560003419717153,-0.6165099326107237,-0.6147815552022722,-0.3801570302910275,-0.4181264291206996,-0.47788504262765247
-0.37257222996817696,-0.3661343620883094,-0.6593550145626068,-0.4547405027680927,-0.6347837514347501,-0.21552095810572305,-0.1582418597406811,-0.5402654492192798
-0.37257222996817696,-0.3661343620883094,-0.6593550145626068,-0.4547405027680927,-0.6347837514347501,-0.21552095810572305,-0.1582418597406811,-0.5402654492192798
-0.2544496923685074,-0.47018527388572695,-0.3518837422132492,-0.6280572935938835,-0.6015509977936745,-0.21568940579891205,-0.2643186837434769,-0.5992004334926605
-0.2544496923685074,-0.47018527388572695,-0.3518837422132492,-0.6280572935938835,-0.6015509977936745,-0.21568940579891205,-0.2643186837434769,-0.5992004334926605
-0.2874263326327006,-0.39112229148546857,-0.48659421503543854,-0.8727447328468164,-0.5689382366836071,-0.204495536784331,-0.43143316358327866,-0.42199725409348804
-0.2874263326327006,-0.39112229148546857,-0.48659421503543854,-0.8727447328468164,-0.5689382366836071,-0.204495536784331,-0.43143316358327866,-0.42199725409348804
-0.32648874984847176,-0.5519561602009667,-0.6502959562672509,-0.48991677661736804,-0.8504531747765012,-0.21473807096481323,-0.5013015187448926,-0.666494768526819
-0.32648874984847176,-0.5519561602009667,-0.6502959562672509,-0.48991677661736804,-0.8504531747765012,-0.21473807096481323,-0.5013015187448926,-0.666494768526819
-0.24667890204323661,-0.507313973373837,-0.5996267100175222,-0.6664909306499693,-0.679304344786538,-0.29369359877374435,-0.5306699987914827,-0.6766940371857749
-0.24667890204323661,-0.507313973373837,-0.5996267100175222,-0.6664909306499693,-0.679304344786538,-0.29369359877374435,-0.5306699987914827,-0.6766940371857749
-0.2805108262432946,-0.34156466523806256,-0.3344683481587304,-0.5576057384411494,-0.6194289061758254,-0.4572031729751163,-0.3429821978012721,-0.7392657945553461
-0.2805108262432946,-0.34156466523806256,-0.3344683481587304,-0.5576057384411494,-0.6194289061758254,-0.4572031729751163,-0.3429821978012721,-0.7392657945553461
-0.25676682591438293,-0.5630060732364655,-0.4899246129724715,-0.6900834557082918,-0.5613692998886108,-0.3016805748144786,-0.44919003877374863,-0.5788377241955863
-0.25676682591438293,-0.5630060732364655,-0.4899246129724715,-0.6900834557082918,-0.5613692998886108,-0.3016805748144786,-0.44919003877374863,-0.5788377241955863
-0.2876281638940175,-0.7065655754672157,-0.5896777676211463,-0.5031566636429893,-0.6452667680051591,-0.3308018810219235,-0.4716421282953686,-0.8858625574244393
-0.2876281638940175,-0.7065655754672157,-0.5896777676211463,-0.5031566636429893,-0.6452667680051591,-0.3308018810219235,-0.4716421282953686,-0.8858625574244393
-0.2557083070278168,-0.7120284603701698,-0.5507694052325355,-0.48693646490573883,-0.5239506264527639,-0.33475838436020744,-0.4538019547859828,-0.6580416378047731
-0.2557083070278168,-0.7120284603701698,-0.5507694052325355,-0.48693646490573883,-0.5239506264527639,-0.33475838436020744,-0.4538019547859828,-0.6580416378047731
-0.16277298827966055,-0.4200483361879985,-0.6785636494557062,-0.713326641668876,-0.2900572791695595,-0.4436189532279968,-0.549298670142889,-0.6073729855318865
-0.16277298827966055,-0.4200483361879985,-0.6785636494557062,-0.713326641668876,-0.2900572791695595,-0.4436189532279968,-0.549298670142889,-0.6073729855318865
-0.41012689024209975,-0.4296196460723877,-0.615704494714737,-0.5477966710925102,-0.5726135730743408,-0.4481110036373138,-0.2642867252230644,-0.5248088464140892
-0.41012689024209975,-0.4296196460723877,-0.615704494714737,-0.5477966710925102,-0.5726135730743408,-0.4481110036373138,-0.2642867252230644,-0.5248088464140892
-0.3152795718474822,-0.432148508050225,-0.6660822033882141,-0.5611871575767343,-0.5037448433312502,-0.3893311375921423,-0.47785318304191937,-0.5092998539859598
-0.3152795718474822,-0.432148508050225,-0.6660822033882141,-0.5611871575767343,-0.5037448433312502,-0.3893311375921423,-0.47785318304191937,-0.5092998539859598
-0.32783509492874147,-0.5570247739553451,-0.6373977452516556,-0.6454652175307274,-0.47342861592769625,-0.3911493495106697,-0.6773561254143715,-0.5611060485243797
-0.32783509492874147,-0.5570247739553451,-0.6373977452516556,-0.6454652175307274,-0.47342861592769625,-0.3911493495106697,-0.6773561254143715,-0.5611060485243797
-0.2882894366979599,-0.6190790981054306,-0.5096111044287681,-0.4673527404665947,-0.2670365750789642,-0.36080127358436587,-0.9822039768099785,-0.7162610188126564
-0.2882894366979599,-0.6190790981054306,-0.5096111044287681,-0.4673527404665947,-0.2670365750789642,-0.36080127358436587,-0.9822039768099785,-0.7162610188126564
-0.1238640546798706,-0.5894875147125938,-0.6285482076081362,-0.5537177500399676,-0.5641400001265786,-0.20167550173672763,-0.10641193254427476,-0.8206799043850466
-0.1238640546798706,-0.5894875147125938,-0.6285482076081362,-0.5537177500399676,-0.5641400001265786,-0.20167550173672763,-0.10641193254427476,-0.8206799043850466
-0.3233897119760513,-0.48199533224105834,-0.31124001145362856,-0.6896672621369362,-0.49372921884059906,-0.3338913947343826,-0.25099783688783645,-0.6317250177264213
-0.3233897119760513,-0.48199533224105834,-0.31124001145362856,-0.6896672621369362,-0.49372921884059906,-0.3338913947343826,-0.25099783688783645,-0.6317250177264213
-0.3233897119760513,-0.48199533224105834,-0.31124001145362856,-0.6896672621369362,-0.49372921884059906,-0.3338913947343826,-0.25099783688783645,-0.6317250177264213
-0.3233897119760513,-0.48199533224105834,-0.31124001145362856,-0.6896672621369362,-0.49372921884059906,-0.3338913947343826,-0.25099783688783645,-0.6317250177264213
-0.3559015512466431,-0.28386692702770233,-0.4363486677408218,-0.7350841239094734,-0.6609888762235642,-0.3438723564147949,-0.12711469382047652,-0.5500914618372917
-0.3559015512466431,-0.28386692702770233,-0.4363486677408218,-0.7350841239094734,-0.6609888762235642,-0.3438723564147949,-0.12711469382047652,-0.5500914618372917
-0.3559015512466431,-0.28386692702770233,-0.4363486677408218,-0.7350841239094734,-0.6609888762235642,-0.3438723564147949,-0.12711469382047652,-0.5500914618372917
-0.3559015512466431,-0.28386692702770233,-0.4363486677408218,-0.7350841239094734,-0.6609888762235642,-0.3438723564147949,-0.12711469382047652,-0.5500914618372917
-0.3559015512466431,-0.28386692702770233,-0.4363486677408218,-0.7350841239094734,-0.6609888762235642,-0.3438723564147949,-0.12711469382047652,-0.5500914618372917
-0.3559015512466431,-0.28386692702770233,-0.4363486677408218,-0.7350841239094734,-0.6609888762235642,-0.3438723564147949,-0.12711469382047652,-0.5500914618372917
-0.34880843460559846,-0.6492722719907761,-0.46114969849586485,-0.8859143540263176,-0.7293701142072677,-0.45243663489818575,-0.3641100451350212,-0.5313281789422035
-0.34880843460559846,-0.6492722719907761,-0.46114969849586485,-0.8859143540263176,-0.7293701142072677,-0.45243663489818575,-0.3641100451350212,-0.5313281789422035
-0.34880843460559846,-0.6492722719907761,-0.46114969849586485,-0.8859143540263176,-0.7293701142072677,-0.45243663489818575,-0.3641100451350212,-0.5313281789422035
-0.34880843460559846,-0.6492722719907761,-0.46114969849586485,-0.8859143540263176,-0.7293701142072677,-0.45243663489818575,-0.3641100451350212,-0.5313281789422035
-0.34880843460559846,-0.6492722719907761,-0.46114969849586485,-0.8859143540263176,-0.7293701142072677,-0.45243663489818575,-0.3641100451350212,-0.5313281789422035
-0.34880843460559846,-0.6492722719907761,-0.46114969849586485,-0.8859143540263176,-0.7293701142072677,-0.45243663489818575,-0.3641100451350212,-0.5313281789422035
-0.4209389269351959,-0.6760036438703537,-0.41452254056930543,-0.6820465967059135,-0.5932320475578308,-0.3995767146348953,-0.164266936480999,-0.6272418186068535
-0.4209389269351959,-0.6760036438703537,-0.41452254056930543,-0.6820465967059135,-0.5932320475578308,-0.3995767146348953,-0.164266936480999,-0.6272418186068535
-0.4209389269351959,-0.6760036438703537,-0.41452254056930543,-0.6820465967059135,-0.5932320475578308,-0.3995767146348953,-0.164266936480999,-0.6272418186068535
-0.4209389269351959,-0.6760036438703537,-0.41452254056930543,-0.6820465967059135,-0.5932320475578308,-0.3995767146348953,-0.164266936480999,-0.6272418186068535
-0.4209389269351959,-0.6760036438703537,-0.41452254056930543,-0.6820465967059135,-0.5932320475578308,-0.3995767146348953,-0.164266936480999,-0.6272418186068535
-0.4209389269351959,-0.6760036438703537,-0.41452254056930543,-0.6820465967059135,-0.5932320475578308,-0.3995767146348953,-0.164266936480999,-0.6272418186068535
-0.4209389269351959,-0.6760036438703537,-0.41452254056930543,-0.6820465967059135,-0.5932320475578308,-0.3995767146348953,-0.164266936480999,-0.6272418186068535
-0.46815457940101624,-0.5779036670923233,-0.4413227379322052,-0.7729210063815117,-0.5789082288742066,-0.47028649747371676,-0.2686174437403679,-0.5103024914860725
-0.46815457940101624,-0.5779036670923233,-0.4413227379322052,-0.7729210063815117,-0.5789082288742066,-0.47028649747371676,-0.2686174437403679,-0.5103024914860725
-0.46815457940101624,-0.5779036670923233,-0.4413227379322052,-0.7729210063815117,-0.5789082288742066,-0.47028649747371676,-0.2686174437403679,-0.5103024914860725
-0.46815457940101624,-0.5779036670923233,-0.4413227379322052,-0.7729210063815117,-0.5789082288742066,-0.47028649747371676,-0.2686174437403679,-0.5103024914860725
-0.46815457940101624,-0.5779036670923233,-0.4413227379322052,-0.7729210063815117,-0.5789082288742066,-0.47028649747371676,-0.2686174437403679,-0.5103024914860725
-0.46815457940101624,-0.5779036670923233,-0.4413227379322052,-0.7729210063815117,-0.5789082288742066,-0.47028649747371676,-0.2686174437403679,-0.5103024914860725
-0.46815457940101624,-0.5779036670923233,-0.4413227379322052,-0.7729210063815117,-0.5789082288742066,-0.47028649747371676,-0.2686174437403679,-0.5103024914860725
-0.46815457940101624,-0.5779036670923233,-0.4413227379322052,-0.7729210063815117,-0.5789082288742066,-0.47028649747371676,-0.2686174437403679,-0.5103024914860725
-0.46815457940101624,-0.5779036670923233,-0.4413227379322052,-0.7729210063815117,-0.5789082288742066,-0.47028649747371676,-0.2686174437403679,-0.5103024914860725
-0.46815457940101624,-0.5779036670923233,-0.4413227379322052,-0.7729210063815117,-0.5789082288742066,-0.47028649747371676,-0.2686174437403679,-0.5103024914860725
-0.34855290353298185,-0.5483843892812729,-0.4486119210720062,-0.8935321733355522,-0.7962297290563584,-0.2751474916934967,-0.1767389342188835,-0.43135732859373094
-0.34855290353298185,-0.5483843892812729,-0.4486119210720062,-0.8935321733355522,-0.7962297290563584,-0.2751474916934967,-0.1767389342188835,-0.43135732859373094
-0.34855290353298185,-0.5483843892812729,-0.4486119210720062,-0.8935321733355522,-0.7962297290563584,-0.2751474916934967,-0.1767389342188835,-0.43135732859373094
-0.34855290353298185,-0.5483843892812729,-0.4486119210720062,-0.8935321733355522,-0.7962297290563584,-0.2751474916934967,-0.1767389342188835,-0.43135732859373094
-0.34855290353298185,-0.5483843892812729,-0.4486119210720062,-0.8935321733355522,-0.7962297290563584,-0.2751474916934967,-0.1767389342188835,-0.43135732859373094
-0.34855290353298185,-0.5483843892812729,-0.4486119210720062,-0.8935321733355522,-0.7962297290563584,-0.2751474916934967,-0.1767389342188835,-0.43135732859373094
-0.34855290353298185,-0.5483843892812729,-0.4486119210720062,-0.8935321733355522,-0.7962297290563584,-0.2751474916934967,-0.1767389342188835,-0.43135732859373094
-0.34855290353298185,-0.5483843892812729,-0.4486119210720062,-0.8935321733355522,-0.7962297290563584,-0.2751474916934967,-0.1767389342188835,-0.43135732859373094
-0.34855290353298185,-0.5483843892812729,-0.4486119210720062,-0.8935321733355522,-0.7962297290563584,-0.2751474916934967,-0.1767389342188835,-0.43135732859373094
-0.34855290353298185,-0.5483843892812729,-0.4486119210720062,-0.8935321733355522,-0.7962297290563584,-0.2751474916934967,-0.1767389342188835,-0.43135732859373094
-0.34855290353298185,-0.5483843892812729,-0.4486119210720062,-0.8935321733355522,-0.7962297290563584,-0.2751474916934967,-0.1767389342188835,-0.43135732859373094
-0.15435929894447326,-0.5107729613780976,-0.2733358800411224,-0.6268296644091607,-0.8270719617605209,-0.31578352153301237,-0.204545359313488,-0.5413305297493934
-0.15435929894447326,-0.5107729613780976,-0.2733358800411224,-0.6268296644091607,-0.8270719617605209,-0.31578352153301237,-0.204545359313488,-0.5413305297493934
-0.15435929894447326,-0.5107729613780976,-0.2733358800411224,-0.6268296644091607,-0.8270719617605209,-0.31578352153301237,-0.204545359313488,-0.5413305297493934
-0.15435929894447326,-0.5107729613780976,-0.2733358800411224,-0.6268296644091607,-0.8270719617605209,-0.31578352153301237,-0.204545359313488,-0.5413305297493934
-0.36380371302366254,-0.6088701099157333,-0.5471372663974762,-0.6551026776432991,-0.6888910979032516,-0.31659838259220124,-0.23697858601808547,-0.5036913350224494
-0.36380371302366254,-0.6088701099157333,-0.5471372663974762,-0.6551026776432991,-0.6888910979032516,-0.31659838259220124,-0.23697858601808547,-0.5036913350224494
-0.36380371302366254,-0.6088701099157333,-0.5471372663974762,-0.6551026776432991,-0.6888910979032516,-0.31659838259220124,-0.23697858601808547,-0.5036913350224494
-0.36380371302366254,-0.6088701099157333,-0.5471372663974762,-0.6551026776432991,-0.6888910979032516,-0.31659838259220124,-0.23697858601808547,-0.5036913350224494
-0.36380371302366254,-0.6088701099157333,-0.5471372663974762,-0.6551026776432991,-0.6888910979032516,-0.31659838259220124,-0.23697858601808547,-0.5036913350224494
-0.36380371302366254,-0.6088701099157333,-0.5471372663974762,-0.6551026776432991,-0.6888910979032516,-0.31659838259220124,-0.23697858601808547,-0.5036913350224494
-0.3751868486404419,-0.6357815712690353,-0.564408129453659,-0.7365613594651222,-0.4478535741567612,-0.44274849593639376,-0.2341861680150032,-0.7045496746897697
-0.2269797742366791,-0.41713604629039763,-0.48740928769111636,-0.6676399305462837,-0.5373912304639816,-0.279625141620636,-0.3041944310069084,-0.6911361500620842
-0.26714561581611634,-0.49087883830070494,-0.398630490899086,-0.6318127676844597,-0.6540408700704574,-0.3419315844774246,-0.31625104397535325,-0.5263054892420769
-0.26714561581611634,-0.49087883830070494,-0.398630490899086,-0.6318127676844597,-0.6540408700704574,-0.3419315844774246,-0.31625104397535325,-0.5263054892420769
-0.26714561581611634,-0.49087883830070494,-0.398630490899086,-0.6318127676844597,-0.6540408700704574,-0.3419315844774246,-0.31625104397535325,-0.5263054892420769
-0.26714561581611634,-0.49087883830070494,-0.398630490899086,-0.6318127676844597,-0.6540408700704574,-0.3419315844774246,-0.31625104397535325,-0.5263054892420769
-0.26714561581611634,-0.49087883830070494,-0.398630490899086,-0.6318127676844597,-0.6540408700704574,-0.3419315844774246,-0.31625104397535325,-0.5263054892420769
-0.26714561581611634,-0.49087883830070494,-0.398630490899086,-0.6318127676844597,-0.6540408700704574,-0.3419315844774246,-0.31625104397535325,-0.5263054892420769
-0.26714561581611634,-0.49087883830070494,-0.398630490899086,-0.6318127676844597,-0.6540408700704574,-0.3419315844774246,-0.31625104397535325,-0.5263054892420769
-0.26714561581611634,-0.49087883830070494,-0.398630490899086,-0.6318127676844597,-0.6540408700704574,-0.3419315844774246,-0.31625104397535325,-0.5263054892420769
-0.26714561581611634,-0.49087883830070494,-0.398630490899086,-0.6318127676844597,-0.6540408700704574,-0.3419315844774246,-0.31625104397535325,-0.5263054892420769
-0.18895484755436578,-0.19201794266700745,-0.16061085959275564,-0.37824075917402905,-0.5126271235446135,-0.05157701174418131,-0.4234711726506551,-0.6714788936078548
-0.18895484755436578,-0.19201794266700745,-0.16061085959275564,-0.37824075917402905,-0.5126271235446135,-0.05157701174418131,-0.4234711726506551,-0.6714788936078548
-0.49817352890968325,-0.24596820771694183,-0.5449966311454773,-0.3423975482583046,-0.745690307021141,-0.2836820736527443,-0.2188599154353142,-0.5508265808224678
-0.49817352890968325,-0.24596820771694183,-0.5449966311454773,-0.3423975482583046,-0.745690307021141,-0.2836820736527443,-0.2188599154353142,-0.5508265808224678
-0.13924342664805325,-0.7113000289960341,-0.3235125622966073,-0.7450227317484942,-0.816968021067706,-0.5023927309296348,-0.3561430126428604,-0.6663272773677652
-0.13924342664805325,-0.7113000289960341,-0.3235125622966073,-0.7450227317484942,-0.816968021067706,-0.5023927309296348,-0.3561430126428604,-0.6663272773677652
-0.7826487180732545,-0.6947239779290699,-0.10895376333168574,-0.8261857238553819,-0.21445809375672115,-0.5975767941701979,-0.5963889431385767,-0.5619684876430602
-0.7826487180732545,-0.6947239779290699,-0.10895376333168574,-0.8261857238553819,-0.21445809375672115,-0.5975767941701979,-0.5963889431385767,-0.5619684876430602
-0.7826487180732545,-0.6947239779290699,-0.10895376333168574,-0.8261857238553819,-0.21445809375672115,-0.5975767941701979,-0.5963889431385767,-0.5619684876430602
-0.7826487180732545,-0.6947239779290699,-0.10895376333168574,-0.8261857238553819,-0.21445809375672115,-0.5975767941701979,-0.5963889431385767,-0.5619684876430602
-0.7826487180732545,-0.6947239779290699,-0.10895376333168574,-0.8261857238553819,-0.21445809375672115,-0.5975767941701979,-0.5963889431385767,-0.5619684876430602
-0.7252175092697144,-0.9474971622228623,-0.3447771564126015,-0.6438227966427803,0.34016003608703616,-0.5904532492160797,-0.7882235080003739,-0.7536977678537369
-0.7071416052904996,-0.955731291662563,-0.11699087105014107,-0.6254125521941618,0.34450782158158044,-0.7422992803833701,-0.821323570880023,-0.5314300629225645
-0.5565179536739985,-0.6298407862583796,-0.2421052431066831,-0.7487726368837886,0.020083459715048473,-0.7448544783724679,-0.6561671313312318,-0.2586873281333182
-0.4708191881577174,-0.4318126291036606,-0.33524167438348135,-0.8523406207561492,-0.1714449812968572,-0.4598616441090902,-0.561465307076772,-0.675338567296664
-0.4089161982903114,-0.457171856210782,-0.2389500909126722,-0.48571084210505855,-0.3260560780763626,-0.31198169176395124,-0.24324645675145662,-0.4049350114969107
-0.4708191881577174,-0.4318126291036606,-0.33524167438348135,-0.8523406207561492,-0.1714449812968572,-0.4598616441090902,-0.561465307076772,-0.675338567296664
-0.4708191881577174,-0.4318126291036606,-0.33524167438348135,-0.8523406207561492,-0.1714449812968572,-0.4598616441090902,-0.561465307076772,-0.675338567296664
-0.4708191881577174,-0.4318126291036606,-0.33524167438348135,-0.8523406207561492,-0.1714449812968572,-0.4598616441090902,-0.561465307076772,-0.675338567296664
-0.26446275069163394,-0.7794930659807645,-0.03948946411793049,-0.6477558555511328,-0.04260200147445385,-0.6056878039470086,-0.49075260299902695,-0.3324971313659961
-0.26446275069163394,-0.7794930659807645,-0.03948946411793049,-0.6477558555511328,-0.04260200147445385,-0.6056878039470086,-0.49075260299902695,-0.3324971313659961
-0.5167520940303802,-0.7578243166208267,-0.12287157856755787,-0.7045186898774571,0.001816665960682763,-0.6742750654617945,-0.5563925719923444,-0.18002811819314957
-0.5167520940303802,-0.7578243166208267,-0.12287157856755787,-0.7045186898774571,0.001816665960682763,-0.6742750654617945,-0.5563925719923444,-0.18002811819314957
-0.4601769695679347,-0.7478940313061079,0.06072762111822764,-0.8599471511940161,-0.07899369175235431,-0.5370723928014437,-0.5735675543546677,-0.7679342776536942
-0.4601769695679347,-0.7478940313061079,0.06072762111822764,-0.8599471511940161,-0.07899369175235431,-0.5370723928014437,-0.5735675543546677,-0.7679342776536942
-0.4601769695679347,-0.7478940313061079,0.06072762111822764,-0.8599471511940161,-0.07899369175235431,-0.5370723928014437,-0.5735675543546677,-0.7679342776536942
-0.4601769695679347,-0.7478940313061079,0.06072762111822764,-0.8599471511940161,-0.07899369175235431,-0.5370723928014437,-0.5735675543546677,-0.7679342776536942
-0.44072442927530836,-0.5616154979382243,-0.4299675407154219,-0.47133930240358624,-0.17038574708359583,-0.47907127014228273,-0.40539783026490894,-0.31031619225229534
-0.44072442927530836,-0.5616154979382243,-0.4299675407154219,-0.47133930240358624,-0.17038574708359583,-0.47907127014228273,-0.40539783026490894,-0.31031619225229534
-0.44072442927530836,-0.5616154979382243,-0.4299675407154219,-0.47133930240358624,-0.17038574708359583,-0.47907127014228273,-0.40539783026490894,-0.31031619225229534
-0.44072442927530836,-0.5616154979382243,-0.4299675407154219,-0.47133930240358624,-0.17038574708359583,-0.47907127014228273,-0.40539783026490894,-0.31031619225229534
-0.3658589720726013,-0.45546993520110846,-0.24380607344210148,-0.4701333064585924,-0.3492893213406205,-0.12282026559114456,-0.28980343602597713,-0.29388004913926125
-0.44072442927530836,-0.5616154979382243,-0.4299675407154219,-0.47133930240358624,-0.17038574708359583,-0.47907127014228273,-0.40539783026490894,-0.31031619225229534
-0.40909577999264,-0.6662200568243861,-0.2793943826109171,-0.8055437551811337,0.047242178581655025,-0.6396315060555935,-0.5127267856150866,-0.3892758470028639
-0.40909577999264,-0.6662200568243861,-0.2793943826109171,-0.8055437551811337,0.047242178581655025,-0.6396315060555935,-0.5127267856150866,-0.3892758470028639
-0.40909577999264,-0.6662200568243861,-0.2793943826109171,-0.8055437551811337,0.047242178581655025,-0.6396315060555935,-0.5127267856150866,-0.3892758470028639
-0.40909577999264,-0.6662200568243861,-0.2793943826109171,-0.8055437551811337,0.047242178581655025,-0.6396315060555935,-0.5127267856150866,-0.3892758470028639
-0.2619641850392024,-0.4900766104459763,-0.5563309520483017,-0.4164138913154602,-0.4100915084282557,-0.4312402904033661,-0.3063315292199453,-0.3353586475054423
-0.2619641850392024,-0.4900766104459763,-0.5563309520483017,-0.4164138913154602,-0.4100915084282557,-0.4312402904033661,-0.3063315292199453,-0.3353586475054423
-0.2619641850392024,-0.4900766104459763,-0.5563309520483017,-0.4164138913154602,-0.4100915084282557,-0.4312402904033661,-0.3063315292199453,-0.3353586475054423
-0.2619641850392024,-0.4900766104459763,-0.5563309520483017,-0.4164138913154602,-0.4100915084282557,-0.4312402904033661,-0.3063315292199453,-0.3353586475054423
-0.2532266615068211,-0.5969442996908637,-0.3997487548519583,-0.7374210717046962,-0.177064547643942,-0.5879829806440017,-0.41900187555481405,-0.4067274454761954
-0.2532266615068211,-0.5969442996908637,-0.3997487548519583,-0.7374210717046962,-0.177064547643942,-0.5879829806440017,-0.41900187555481405,-0.4067274454761954
-0.2532266615068211,-0.5969442996908637,-0.3997487548519583,-0.7374210717046962,-0.177064547643942,-0.5879829806440017,-0.41900187555481405,-0.4067274454761954
-0.2532266615068211,-0.5969442996908637,-0.3997487548519583,-0.7374210717046962,-0.177064547643942,-0.5879829806440017,-0.41900187555481405,-0.4067274454761954
-0.7796857754389445,-0.8267908493677775,-0.16449540480971336,-0.7904060917596022,0.10878392929832141,-0.5384108697374662,-0.35708636542161304,-0.45298882325490314
-0.7796857754389445,-0.8267908493677775,-0.16449540480971336,-0.7904060917596022,0.10878392929832141,-0.5384108697374662,-0.35708636542161304,-0.45298882325490314
-0.7411200106143951,-0.7180348208972386,-0.1115693442878269,-0.843785136228516,-0.32253979785101755,-0.532287149202256,-0.4868378256048475,-0.42439542568865274
-0.7411200106143951,-0.7180348208972386,-0.1115693442878269,-0.843785136228516,-0.32253979785101755,-0.532287149202256,-0.4868378256048475,-0.42439542568865274
-0.7411200106143951,-0.7180348208972386,-0.1115693442878269,-0.843785136228516,-0.32253979785101755,-0.532287149202256,-0.4868378256048475,-0.42439542568865274
-0.7411200106143951,-0.7180348208972386,-0.1115693442878269,-0.843785136228516,-0.32253979785101755,-0.532287149202256,-0.4868378256048475,-0.42439542568865274
-0.7411200106143951,-0.7180348208972386,-0.1115693442878269,-0.843785136228516,-0.32253979785101755,-0.532287149202256,-0.4868378256048475,-0.42439542568865274
-0.6380072236061096,-0.9964499324560165,-0.3502698764204979,-0.6807815626263618,0.11318845748901367,-0.4533449947834015,-0.5581661611795425,-0.4647943377494812
-0.6257599100470543,-0.7346275210380554,-0.22490985617041587,-0.6300483666360378,-0.024748198688030243,-0.5473667159676552,-0.5730882495641708,-0.10763821378350258
-0.6456030730543465,-0.6844755678341307,-0.1678347757150387,-0.7184683480139437,-0.29564506483489067,-0.5401528970948581,-0.6000111359974434,-0.19411042538182488
-0.6496989156888879,-0.6601600932038348,-0.08377341861310213,-0.8032004995190579,-0.41540570297966833,-0.4335805022198221,-0.6203507521878118,-0.5045177191495895
-0.6496989156888879,-0.6601600932038348,-0.08377341861310213,-0.8032004995190579,-0.41540570297966833,-0.4335805022198221,-0.6203507521878118,-0.5045177191495895
-0.6693650528788566,-0.7101511359214783,-0.22216349616646766,-0.611568983644247,0.088737590610981,-0.6159208431839943,-0.6881169229745865,-0.2520899288356304
-0.6862776428461075,-0.6812080996377128,-0.10734643254961286,-0.7049577906727791,0.05672339456421988,-0.4733095999274935,-0.7592916297061103,-0.7868931272200176
-0.6756755853521412,-0.6675953022364912,-0.16594073433300544,-0.7057239459506397,-0.2173790032493657,-0.5874316055199196,-0.6793412555908335,-0.29373229783156823
-0.687616431194803,-0.6388762800589852,-0.08138527947923412,-0.7871314708305441,-0.31672240793704987,-0.49319278675576916,-0.7203756855881732,-0.6301279061514399
-0.687616431194803,-0.6388762800589852,-0.08138527947923412,-0.7871314708305441,-0.31672240793704987,-0.49319278675576916,-0.7203756855881732,-0.6301279061514399
-0.6430868059396744,-0.6602931893788851,-0.09772451221942902,-0.8811022364176236,0.06730796855229598,-0.6815048639590924,-0.5153684616088867,-0.5626368958216447
-0.6430868059396744,-0.6602931893788851,-0.09772451221942902,-0.8811022364176236,0.06730796855229598,-0.6815048639590924,-0.5153684616088867,-0.5626368958216447
-0.5801952562548898,-0.9190662692893635,-0.37272323397072876,-0.8485660607164557,0.10131519084626978,-0.5217725065621462,-0.7039715566418387,-0.570345092903484
-0.5485284463280723,-0.6359462709653945,-0.18069861545449212,-0.6938296811921256,-0.04406512067431495,-0.6355222435224623,-0.6607866003399804,-0.19196085915679023
-0.5159788876771927,-0.5792508244514465,-0.05695007046063741,-0.8138968467712402,-0.1270661214987437,-0.5102589766184489,-0.7162841975688934,-0.6670588831106822
-0.6402441327060971,-0.5609962408031736,-0.35486958814518793,-0.6530780930604253,-0.07109637558460236,-0.845251760312489,-0.3456178956798145,-0.6369926695312772
-0.5535443744489125,-0.6327532551118306,-0.5144878977111408,-0.5208578524844987,-0.0837373925106866,-0.699739117707525,-0.4987623319029808,-0.5528741266046252
-0.5510175797072324,-0.5738639817996458,-0.3405648408965631,-0.5572357970205221,-0.1270781992511316,-0.7418149330399253,-0.5461535975337029,-0.25612708045677707
-0.5214357934892178,-0.49743114225566387,-0.28450041450560093,-0.6185760581865907,-0.23602154199033976,-0.6642403788864613,-0.5551952188834548,-0.7255938109010458
-0.5626348555088043,-0.45473991500006783,-0.13618231233623293,-0.6803155384129949,0.13348678333891761,-0.5839378784100214,-0.32440301444795394,-0.236334557334582
-0.5626348555088043,-0.45473991500006783,-0.13618231233623293,-0.6803155384129949,0.13348678333891761,-0.5839378784100214,-0.32440301444795394,-0.236334557334582
-0.5626348555088043,-0.45473991500006783,-0.13618231233623293,-0.6803155384129949,0.13348678333891761,-0.5839378784100214,-0.32440301444795394,-0.236334557334582
-0.5626348555088043,-0.45473991500006783,-0.13618231233623293,-0.6803155384129949,0.13348678333891761,-0.5839378784100214,-0.32440301444795394,-0.236334557334582
-0.5626348555088043,-0.45473991500006783,-0.13618231233623293,-0.6803155384129949,0.13348678333891761,-0.5839378784100214,-0.32440301444795394,-0.236334557334582
-0.5626348555088043,-0.45473991500006783,-0.13618231233623293,-0.6803155384129949,0.13348678333891761,-0.5839378784100214,-0.32440301444795394,-0.236334557334582
-0.39957256118456524,-0.536664587755998,-0.44556767866015434,-0.7422296566267809,0.15192738672097525,-0.6138701538244883,-0.5782359863320986,-0.2898012176156044
-0.5110152421089319,-0.49832225762880766,-0.1913666879901519,-0.5908374585784398,0.02316888364461752,-0.576818680533996,-0.500614725626432,-0.03734309340898807
-0.3762471809983253,-0.4137048304080963,-0.04877602308988571,-0.6667531289160251,0.14398427605628966,-0.493918152153492,-0.41815188229084016,-0.30651833266019823
-0.6535542488098145,-0.49206599791844685,-0.2569692343473434,-0.7090001851320267,0.19464389781157176,-0.6534399926662445,-0.48537466128667195,-0.4502374549706777
-0.6535542488098145,-0.49206599791844685,-0.2569692343473434,-0.7090001851320267,0.19464389781157176,-0.6534399926662445,-0.48537466128667195,-0.4502374549706777
-0.5251658971493061,-0.5710768539171952,-0.41409941705373615,-0.6121496386252917,0.21124122234491202,-0.6057014923829299,-0.6597880881566268,-0.45889533253816456
-0.06041427254676819,-0.8816721598307292,-0.04372306764125824,-0.9507144192854563,0.0074397842089335125,-0.4308763762315114,-0.3625082284212112,-0.784012641509374
-0.5635775055574335,-0.5283500085706296,-0.27733872960443084,-0.597873782981997,0.048664667036222374,-0.6212175553259642,-0.6285803706749625,-0.1508895748335382
-0.54016873941702,-0.4403494631542879,-0.20225711254512563,-0.6699486120658762,0.008156650206621955,-0.5056424298707176,-0.6661819342304679,-0.5555979662081775
-0.5362055420875549,-0.4557478666305542,-0.2414996196826299,-0.7906647831201553,0.07586039205392202,-0.686067670583725,-0.35709082086881,-0.3740776121616364
-0.5362055420875549,-0.4557478666305542,-0.2414996196826299,-0.7906647831201553,0.07586039205392202,-0.686067670583725,-0.35709082086881,-0.3740776121616364
-0.38976354323900664,-0.5291713178157806,-0.3962498616713744,-0.7063780209192863,0.0741833310860854,-0.6433488130569458,-0.511768272289863,-0.37101859083542454
-0.4870457403037859,-0.5046642707741779,-0.26724985047526983,-0.6511333034090374,-0.028802836718766586,-0.6424964757069297,-0.5449169964894004,-0.10122011213198952
-0.43662576289737925,-0.4083040531943826,-0.18860745254684896,-0.7420056102906957,-0.09665232546189252,-0.5344315574449652,-0.5529903103323544,-0.48839810490608215
-0.533196789376876,-0.43143818308325377,-0.2568355185144088,-0.7193064023466671,0.022697830024887535,-0.5773161860073314,-0.5261442941777846,-0.37060245696236105
-0.533196789376876,-0.43143818308325377,-0.2568355185144088,-0.7193064023466671,0.022697830024887535,-0.5773161860073314,-0.5261442941777846,-0.37060245696236105
-0.533196789376876,-0.43143818308325377,-0.2568355185144088,-0.7193064023466671,0.022697830024887535,-0.5773161860073314,-0.5261442941777846,-0.37060245696236105
-0.533196789376876,-0.43143818308325377,-0.2568355185144088,-0.7193064023466671,0.022697830024887535,-0.5773161860073314,-0.5261442941777846,-0.37060245696236105
-0.4227260993077205,-0.5267647275557885,-0.44546036193004024,-0.7338680269626471,0.03146466383567223,-0.6161912496273334,-0.6708238973067358,-0.32022064236494213
-0.479332657960745,-0.4818042333309467,-0.2659796717075201,-0.73449539908996,-0.037670644430013805,-0.5954677072855142,-0.6347776857706217,-0.08627167630654115
-0.460663680434227,-0.39801998138427735,-0.1806473296880722,-0.5970236265659332,-0.1447122210264206,-0.4185176968574524,-0.5174913895130158,-0.41078832030296325
-0.460663680434227,-0.39801998138427735,-0.1806473296880722,-0.5970236265659332,-0.1447122210264206,-0.4185176968574524,-0.5174913895130158,-0.41078832030296325
-0.460663680434227,-0.39801998138427735,-0.1806473296880722,-0.5970236265659332,-0.1447122210264206,-0.4185176968574524,-0.5174913895130158,-0.41078832030296325
-0.460663680434227,-0.39801998138427735,-0.1806473296880722,-0.5970236265659332,-0.1447122210264206,-0.4185176968574524,-0.5174913895130158,-0.41078832030296325
-0.460663680434227,-0.39801998138427735,-0.1806473296880722,-0.5970236265659332,-0.1447122210264206,-0.4185176968574524,-0.5174913895130158,-0.41078832030296325
-0.460663680434227,-0.39801998138427735,-0.1806473296880722,-0.5970236265659332,-0.1447122210264206,-0.4185176968574524,-0.5174913895130158,-0.41078832030296325
-0.460663680434227,-0.39801998138427735,-0.1806473296880722,-0.5970236265659332,-0.1447122210264206,-0.4185176968574524,-0.5174913895130158,-0.41078832030296325
-0.4341617524623871,-0.39304003715515134,-0.19875257983803749,-0.8367454886436463,-0.09800305217504501,-0.48950389623641966,-0.6685982093214988,-0.41088843941688535
-0.4341617524623871,-0.39304003715515134,-0.19875257983803749,-0.8367454886436463,-0.09800305217504501,-0.48950389623641966,-0.6685982093214988,-0.41088843941688535
-0.41717237792909145,-0.3809310495853424,-0.24140923780699572,-0.512843249986569,-0.126116544008255,-0.3787655681371689,-0.4706091918051243,-0.3751171554128329
-0.41717237792909145,-0.3809310495853424,-0.24140923780699572,-0.512843249986569,-0.126116544008255,-0.3787655681371689,-0.4706091918051243,-0.3751171554128329
-0.41717237792909145,-0.3809310495853424,-0.24140923780699572,-0.512843249986569,-0.126116544008255,-0.3787655681371689,-0.4706091918051243,-0.3751171554128329
-0.41717237792909145,-0.3809310495853424,-0.24140923780699572,-0.512843249986569,-0.126116544008255,-0.3787655681371689,-0.4706091918051243,-0.3751171554128329
-0.3686980583838054,-0.3772595056465694,-0.2398600010644822,-0.6098452841951734,-0.20724365469955264,-0.4702431829202743,-0.5608176787694296,-0.3728921569529034
-0.3686980583838054,-0.3772595056465694,-0.2398600010644822,-0.6098452841951734,-0.20724365469955264,-0.4702431829202743,-0.5608176787694296,-0.3728921569529034
-0.3686980583838054,-0.3772595056465694,-0.2398600010644822,-0.6098452841951734,-0.20724365469955264,-0.4702431829202743,-0.5608176787694296,-0.3728921569529034
-0.3686980583838054,-0.3772595056465694,-0.2398600010644822,-0.6098452841951734,-0.20724365469955264,-0.4702431829202743,-0.5608176787694296,-0.3728921569529034
-0.3686980583838054,-0.3772595056465694,-0.2398600010644822,-0.6098452841951734,-0.20724365469955264,-0.4702431829202743,-0.5608176787694296,-0.3728921569529034
-0.3686980583838054,-0.3772595056465694,-0.2398600010644822,-0.6098452841951734,-0.20724365469955264,-0.4702431829202743,-0.5608176787694296,-0.3728921569529034
-0.3686980583838054,-0.3772595056465694,-0.2398600010644822,-0.6098452841951734,-0.20724365469955264,-0.4702431829202743,-0.5608176787694296,-0.3728921569529034
-0.6474518523766444,-0.5614900932862208,-0.4500598437511004,-0.7635752008511469,0.21258304096185243,-0.6947330488608434,-0.20088781874913436,-0.4091044068336487
-0.40994811058044434,-0.41515431278630305,-0.05679998899760999,-0.7151189956225847,0.01300074787516343,-0.30549588485767964,-0.4592637639296682,-0.27013302163073893
-0.40994811058044434,-0.41515431278630305,-0.05679998899760999,-0.7151189956225847,0.01300074787516343,-0.30549588485767964,-0.4592637639296682,-0.27013302163073893
-0.40994811058044434,-0.41515431278630305,-0.05679998899760999,-0.7151189956225847,0.01300074787516343,-0.30549588485767964,-0.4592637639296682,-0.27013302163073893
-0.40994811058044434,-0.41515431278630305,-0.05679998899760999,-0.7151189956225847,0.01300074787516343,-0.30549588485767964,-0.4592637639296682,-0.27013302163073893
-0.40994811058044434,-0.41515431278630305,-0.05679998899760999,-0.7151189956225847,0.01300074787516343,-0.30549588485767964,-0.4592637639296682,-0.27013302163073893
-0.7760972314410739,-0.7303629418214163,-0.13846505847242144,-0.5570175829860899,0.08337024185392591,-0.6745161049895816,-0.6126711931493547,-0.6582461529307895
-0.4264759123325348,-0.8628316900946877,-0.09437268566001546,-0.7423623502254486,-0.25071995095773175,-0.7835934541442178,-0.24733898450027814,-0.6233670521866191
-0.4264759123325348,-0.8628316900946877,-0.09437268566001546,-0.7423623502254486,-0.25071995095773175,-0.7835934541442178,-0.24733898450027814,-0.6233670521866191
-0.4264759123325348,-0.8628316900946877,-0.09437268566001546,-0.7423623502254486,-0.25071995095773175,-0.7835934541442178,-0.24733898450027814,-0.6233670521866191
-0.4264759123325348,-0.8628316900946877,-0.09437268566001546,-0.7423623502254486,-0.25071995095773175,-0.7835934541442178,-0.24733898450027814,-0.6233670521866191
-0.3483971580862999,-0.6095388503745198,-0.42823751736432314,-0.40632246527820826,-0.29435993637889624,-0.5848545655608177,-0.29460025765001774,-0.5323272254317999
-0.313775934278965,-0.8230892394979795,-0.11213256294528644,-0.6836180885632833,-0.07761682321627934,-0.8623092621564865,-0.24999122445782027,-0.39168985933065414
-0.313775934278965,-0.8230892394979795,-0.11213256294528644,-0.6836180885632833,-0.07761682321627934,-0.8623092621564865,-0.24999122445782027,-0.39168985933065414
-0.313775934278965,-0.8230892394979795,-0.11213256294528644,-0.6836180885632833,-0.07761682321627934,-0.8623092621564865,-0.24999122445782027,-0.39168985933065414
-0.313775934278965,-0.8230892394979795,-0.11213256294528644,-0.6836180885632833,-0.07761682321627934,-0.8623092621564865,-0.24999122445782027,-0.39168985933065414
-0.7065906623999277,-0.7047651534279188,-0.18589611848195395,-0.8377811188499132,0.2770534927646319,-0.6262914339701334,-0.46322209263841313,-0.5169521048665047
-0.7065906623999277,-0.7047651534279188,-0.18589611848195395,-0.8377811188499132,0.2770534927646319,-0.6262914339701334,-0.46322209263841313,-0.5169521048665047
-0.5659849437383505,-0.8024324407944312,-0.1589094686966676,-0.8016454359659781,0.04720418384441963,-0.6774993928579184,-0.3374447455772987,-0.4101390769848457
-0.5659849437383505,-0.8024324407944312,-0.1589094686966676,-0.8016454359659781,0.04720418384441963,-0.6774993928579184,-0.3374447455772987,-0.4101390769848457
-0.6723916049187,-0.8556871884144269,-0.7333161383867264,-0.8004919554178531,0.1692230093937654,-0.6901041934123406,-0.5270374119281769,-0.6778749938194568
-0.5164982501198264,-0.6237106726450079,-0.32969893339802236,-0.5964463423280155,-0.010138166301390705,-0.6665571822839624,-0.19019905346281388,-0.6640826639007119
-0.5164982501198264,-0.6237106726450079,-0.32969893339802236,-0.5964463423280155,-0.010138166301390705,-0.6665571822839624,-0.19019905346281388,-0.6640826639007119
-0.5164982501198264,-0.6237106726450079,-0.32969893339802236,-0.5964463423280155,-0.010138166301390705,-0.6665571822839624,-0.19019905346281388,-0.6640826639007119
-0.41529352797402275,-0.8627096315224966,-0.2048741082350413,-0.862908144791921,0.13661873009469774,-0.586055854956309,-0.5173717704084184,-0.6350930002000597
-0.6122951488941908,-0.5114864287897944,-0.17578648123890162,-0.6888677338138223,0.08918705489486456,-0.7334681134670973,-0.5934438426047564,-0.4699293952435255
-0.6122951488941908,-0.5114864287897944,-0.17578648123890162,-0.6888677338138223,0.08918705489486456,-0.7334681134670973,-0.5934438426047564,-0.4699293952435255
-0.6122951488941908,-0.5114864287897944,-0.17578648123890162,-0.6888677338138223,0.08918705489486456,-0.7334681134670973,-0.5934438426047564,-0.4699293952435255
-0.6122951488941908,-0.5114864287897944,-0.17578648123890162,-0.6888677338138223,0.08918705489486456,-0.7334681134670973,-0.5934438426047564,-0.4699293952435255
-0.6483050227165222,-0.8107831299304962,-0.2982121244072914,-0.712344853579998,0.22795845270156861,-0.597785347700119,-0.8208374530076981,-0.5067987471818924
-0.7103818356990814,-0.9127440840005875,-0.1927814945578575,-0.8539518043398857,0.11492087244987488,-0.820122966170311,-0.585324028134346,-0.7234783053398133
-0.5890021741390228,-1.0132039040327072,-0.4162471279501915,-0.6688434675335884,0.09722344875335694,-0.6164052665233613,-0.7997262388467788,-0.6057123452425003
-0.5701548473702537,-0.7721389482418696,-0.24733706729279625,-0.6475340152780215,-0.03617568893565072,-0.7048685302337011,-0.7238871604204178,-0.21953785833385256
-0.8523610134919485,-0.7859968741734823,-0.15991813813646635,-0.7596071201066176,0.2979269114633401,-0.6526677484313647,-0.5488008211056391,-0.6937416816751162
-0.8523610134919485,-0.7859968741734823,-0.15991813813646635,-0.7596071201066176,0.2979269114633401,-0.6526677484313647,-0.5488008211056391,-0.6937416816751162
0.011422691436914297,-0.04962150179422819,-0.49157018615649295,-0.11671584156843332,-0.5371346175670624,-0.506398618221283,0.2033857267636519,-0.47100890370515675
-0.275552594348004,-0.044483998104145654,-0.4892443802795912,-0.5910226679161975,-0.3812755769804904,-0.3700071228177924,-0.2655045609725149,-0.3984213157704002
-0.275552594348004,-0.044483998104145654,-0.4892443802795912,-0.5910226679161975,-0.3812755769804904,-0.3700071228177924,-0.2655045609725149,-0.3984213157704002
-0.25735954017866225,-0.12445484811351412,-0.6483269284168879,-0.6204785456260046,-0.2754192522593907,-0.303360321692058,-0.27000490398634047,-0.4633066129116785
-0.25735954017866225,-0.12445484811351412,-0.6483269284168879,-0.6204785456260046,-0.2754192522593907,-0.303360321692058,-0.27000490398634047,-0.4633066129116785
-0.25735954017866225,-0.12445484811351412,-0.6483269284168879,-0.6204785456260046,-0.2754192522593907,-0.303360321692058,-0.27000490398634047,-0.4633066129116785
-0.16201337888127282,0.07410005089782533,-0.5156592606079011,-0.42879747847716015,-0.38004131828035626,-0.37597377101580304,-0.17518727694238936,-0.3708682755629222
-0.16201337888127282,0.07410005089782533,-0.5156592606079011,-0.42879747847716015,-0.38004131828035626,-0.37597377101580304,-0.17518727694238936,-0.3708682755629222
-0.07980683445930481,-0.030227250286511013,-0.6435352599336988,-0.6651241729656855,-0.22095850251969837,-0.6018392542997996,-0.123972468432926,-0.39340876255716595
-0.07980683445930481,-0.030227250286511013,-0.6435352599336988,-0.6651241729656855,-0.22095850251969837,-0.6018392542997996,-0.123972468432926,-0.39340876255716595
-0.24568278448922293,0.08817497463453383,-0.5022934256565004,-0.5265308980430875,-0.35761363591466633,-0.4612340884549277,-0.06757665957723345,-0.31505481827826726
-0.24568278448922293,0.08817497463453383,-0.5022934256565004,-0.5265308980430875,-0.35761363591466633,-0.4612340884549277,-0.06757665957723345,-0.31505481827826726
-0.24568278448922293,0.08817497463453383,-0.5022934256565004,-0.5265308980430875,-0.35761363591466633,-0.4612340884549277,-0.06757665957723345,-0.31505481827826726
-0.15903265825633345,0.11468361523644678,-0.5639589999256462,-0.5826890406937435,-0.23651877816381126,-0.5354887606768772,-0.0563397772353271,-0.5405959384194736
-0.15903265825633345,0.11468361523644678,-0.5639589999256462,-0.5826890406937435,-0.23651877816381126,-0.5354887606768772,-0.0563397772353271,-0.5405959384194736
-0.18970879912376404,0.06635008687558382,-0.47146566212177277,-0.5315953370021738,-0.46306086428787396,-0.5012897330781688,-0.09145925744720128,-0.47493986979774805
-0.18970879912376404,0.06635008687558382,-0.47146566212177277,-0.5315953370021738,-0.46306086428787396,-0.5012897330781688,-0.09145925744720128,-0.47493986979774805
-0.18970879912376404,0.06635008687558382,-0.47146566212177277,-0.5315953370021738,-0.46306086428787396,-0.5012897330781688,-0.09145925744720128,-0.47493986979774805
-0.9464406775576728,-0.4492668615920203,-0.6190663150378636,-0.7376000242573875,-0.2968222594686917,-0.4010272260223116,-0.4699229119079454,-0.20319110580853053
-0.09002960473299026,-0.326212319235007,-0.6450635095437368,0.0011484697461128235,-0.24048547198375067,-0.6110616276661555,-0.19742856671412787,-0.3295838385820389
-0.8675096333026886,-0.6815435712536176,-0.5510434557994207,-0.6822735567887624,-0.4893341039617856,-0.2607496852676074,-0.35102691128849983,-0.3694436127940814
-0.8675096333026886,-0.6815435712536176,-0.5510434557994207,-0.6822735567887624,-0.4893341039617856,-0.2607496852676074,-0.35102691128849983,-0.3694436127940814
-0.8675096333026886,-0.6815435712536176,-0.5510434557994207,-0.6822735567887624,-0.4893341039617856,-0.2607496852676074,-0.35102691128849983,-0.3694436127940814
-0.8675096333026886,-0.6815435712536176,-0.5510434557994207,-0.6822735567887624,-0.4893341039617856,-0.2607496852676074,-0.35102691128849983,-0.3694436127940814
0.08153090377648671,-0.1643870837158627,-0.5432533563839065,-0.2486674123340183,-0.005792021751403809,-0.6460818416542478,-0.2269850174585978,-0.1699897034300698
0.08153090377648671,-0.1643870837158627,-0.5432533563839065,-0.2486674123340183,-0.005792021751403809,-0.6460818416542478,-0.2269850174585978,-0.1699897034300698
0.08153090377648671,-0.1643870837158627,-0.5432533563839065,-0.2486674123340183,-0.005792021751403809,-0.6460818416542478,-0.2269850174585978,-0.1699897034300698
0.08153090377648671,-0.1643870837158627,-0.5432533563839065,-0.2486674123340183,-0.005792021751403809,-0.6460818416542478,-0.2269850174585978,-0.1699897034300698
-0.8675096333026886,-0.6815435712536176,-0.5510434557994207,-0.6822735567887624,-0.4893341039617856,-0.2607496852676074,-0.35102691128849983,-0.3694436127940814
-0.8675096333026886,-0.6815435712536176,-0.5510434557994207,-0.6822735567887624,-0.4893341039617856,-0.2607496852676074,-0.35102691128849983,-0.3694436127940814
-0.8675096333026886,-0.6815435712536176,-0.5510434557994207,-0.6822735567887624,-0.4893341039617856,-0.2607496852676074,-0.35102691128849983,-0.3694436127940814
-0.8675096333026886,-0.6815435712536176,-0.5510434557994207,-0.6822735567887624,-0.4893341039617856,-0.2607496852676074,-0.35102691128849983,-0.3694436127940814
0.16472782442967096,-0.1334593171874682,-0.4606262072920799,-0.38150061666965485,-0.03887693211436272,-0.5726594403386116,-0.11831995348135631,-0.31946876148382825
0.06022774960313525,-0.23958149339471543,-0.4546599036880902,-0.38197548581021173,0.014709713203566415,-0.5402795949152538,-0.17438266958509172,-0.5209165556090218
0.06022774960313525,-0.23958149339471543,-0.4546599036880902,-0.38197548581021173,0.014709713203566415,-0.5402795949152538,-0.17438266958509172,-0.5209165556090218
0.2564280753334363,-0.23862414062023163,-0.3098306668301423,-0.37908194089929265,-0.1414596475660801,-0.7736305470267931,-0.18462660908699036,-0.3484207292397817
0.12274476637442906,-0.1257143939534823,-0.35309381534655887,-0.331248218814532,-0.03168512632449468,-0.5897143011291822,-0.14182345569133759,-0.21240493406852087
0.16923436522483826,-0.22224163760741553,-0.11110724012056987,-0.31540273626645404,-0.07752089699109395,-0.6474705909689268,0.057629180451234184,-0.328262726465861
-0.03983578085899353,-0.30671866138776144,-0.6051458617051443,-0.37517873346805575,-0.00847619076569875,-0.3476398249467214,-0.2338810553153356,-0.5549269835154216
-0.03983578085899353,-0.30671866138776144,-0.6051458617051443,-0.37517873346805575,-0.00847619076569875,-0.3476398249467214,-0.2338810553153356,-0.5549269835154216
-1.082543526093165,-0.7473826467990875,-0.38684073785940803,-0.24309553503990172,-0.23358496228853862,-0.18715922236442567,-0.6672015845775604,0.03192180792490641
-0.03983578085899353,-0.30671866138776144,-0.6051458617051443,-0.37517873346805575,-0.00847619076569875,-0.3476398249467214,-0.2338810553153356,-0.5549269835154216
-1.082543526093165,-0.7473826467990875,-0.38684073785940803,-0.24309553503990172,-0.23358496228853862,-0.18715922236442567,-0.6672015845775604,0.03192180792490641
0.16234525541464487,-0.030777600904305775,-0.3296412030855815,-0.13822242865959802,-0.11661531031131744,-0.6349889114499092,-0.05070811013380686,-0.44868133465449017
0.16234525541464487,-0.030777600904305775,-0.3296412030855815,-0.13822242865959802,-0.11661531031131744,-0.6349889114499092,-0.05070811013380686,-0.44868133465449017
0.16234525541464487,-0.030777600904305775,-0.3296412030855815,-0.13822242865959802,-0.11661531031131744,-0.6349889114499092,-0.05070811013380686,-0.44868133465449017
-0.6615579217672348,-0.4718489423394203,-0.7851296305656433,-0.054084038734436034,-0.1448369100689888,-1.132904827594757,0.23470178246498108,-0.2034798949956894
-0.2516162221630414,-0.1514752320945263,-0.3815586355825265,-0.2007755512992541,-0.8210958714286486,-0.5808875237902006,-0.3556636931995551,-0.8525689964493116
-0.2516162221630414,-0.1514752320945263,-0.3815586355825265,-0.2007755512992541,-0.8210958714286486,-0.5808875237902006,-0.3556636931995551,-0.8525689964493116
-0.2516162221630414,-0.1514752320945263,-0.3815586355825265,-0.2007755512992541,-0.8210958714286486,-0.5808875237902006,-0.3556636931995551,-0.8525689964493116
-0.2516162221630414,-0.1514752320945263,-0.3815586355825265,-0.2007755512992541,-0.8210958714286486,-0.5808875237902006,-0.3556636931995551,-0.8525689964493116
-0.2516162221630414,-0.1514752320945263,-0.3815586355825265,-0.2007755512992541,-0.8210958714286486,-0.5808875237902006,-0.3556636931995551,-0.8525689964493116
-0.2516162221630414,-0.1514752320945263,-0.3815586355825265,-0.2007755512992541,-0.8210958714286486,-0.5808875237902006,-0.3556636931995551,-0.8525689964493116
-0.2516162221630414,-0.1514752320945263,-0.3815586355825265,-0.2007755512992541,-0.8210958714286486,-0.5808875237902006,-0.3556636931995551,-0.8525689964493116
-0.2516162221630414,-0.1514752320945263,-0.3815586355825265,-0.2007755512992541,-0.8210958714286486,-0.5808875237902006,-0.3556636931995551,-0.8525689964493116
-0.767229625472316,-0.7595488263501061,-0.5353405387313278,-0.5175366523089232,-0.3268900629546907,-0.26138017961272486,-0.42742983996868134,-0.09474922551049127
-0.767229625472316,-0.7595488263501061,-0.5353405387313278,-0.5175366523089232,-0.3268900629546907,-0.26138017961272486,-0.42742983996868134,-0.09474922551049127
-0.767229625472316,-0.7595488263501061,-0.5353405387313278,-0.5175366523089232,-0.3268900629546907,-0.26138017961272486,-0.42742983996868134,-0.09474922551049127
-0.767229625472316,-0.7595488263501061,-0.5353405387313278,-0.5175366523089232,-0.3268900629546907,-0.26138017961272486,-0.42742983996868134,-0.09474922551049127
-0.767229625472316,-0.7595488263501061,-0.5353405387313278,-0.5175366523089232,-0.3268900629546907,-0.26138017961272486,-0.42742983996868134,-0.09474922551049127
-0.767229625472316,-0.7595488263501061,-0.5353405387313278,-0.5175366523089232,-0.3268900629546907,-0.26138017961272486,-0.42742983996868134,-0.09474922551049127
-0.7885257959365845,-0.5880256921052933,-0.7148994892835617,-1.0017010271549225,-0.36549585312604904,-0.19262111485004424,-0.35369693785905837,-0.021924853324890137
-0.7885257959365845,-0.5880256921052933,-0.7148994892835617,-1.0017010271549225,-0.36549585312604904,-0.19262111485004424,-0.35369693785905837,-0.021924853324890137
-0.7885257959365845,-0.5880256921052933,-0.7148994892835617,-1.0017010271549225,-0.36549585312604904,-0.19262111485004424,-0.35369693785905837,-0.021924853324890137
-0.7885257959365845,-0.5880256921052933,-0.7148994892835617,-1.0017010271549225,-0.36549585312604904,-0.19262111485004424,-0.35369693785905837,-0.021924853324890137
-0.7885257959365845,-0.5880256921052933,-0.7148994892835617,-1.0017010271549225,-0.36549585312604904,-0.19262111485004424,-0.35369693785905837,-0.021924853324890137
-0.7885257959365845,-0.5880256921052933,-0.7148994892835617,-1.0017010271549225,-0.36549585312604904,-0.19262111485004424,-0.35369693785905837,-0.021924853324890137
-0.7885257959365845,-0.5880256921052933,-0.7148994892835617,-1.0017010271549225,-0.36549585312604904,-0.19262111485004424,-0.35369693785905837,-0.021924853324890137
-0.7885257959365845,-0.5880256921052933,-0.7148994892835617,-1.0017010271549225,-0.36549585312604904,-0.19262111485004424,-0.35369693785905837,-0.021924853324890137
-0.7885257959365845,-0.5880256921052933,-0.7148994892835617,-1.0017010271549225,-0.36549585312604904,-0.19262111485004424,-0.35369693785905837,-0.021924853324890137
-0.09401341459967873,0.08468977971510454,-0.5174648870121349,-0.1260680596936833,-0.3805104467001828,-0.4315529872070659,0.2712648483839902,-0.47578464312986896
0.005385927855968475,0.2273740852251649,-0.34615038707852364,-0.21581795811653137,-0.16026227734982967,-0.5045353583991528,0.11957571376115084,-0.49521989934146404
0.005385927855968475,0.2273740852251649,-0.34615038707852364,-0.21581795811653137,-0.16026227734982967,-0.5045353583991528,0.11957571376115084,-0.49521989934146404
-0.21136787782112756,-0.3681550770998001,-0.33982935299475986,-0.07927196224530537,-0.025500462700923283,-0.5664614687363306,0.19432341059048971,-0.4529726381103198
-0.25785747667153675,-0.2716278334458669,-0.5818159282207489,-0.09511744479338329,0.02033530796567599,-0.5087051788965861,-0.005129225552082062,-0.3371148457129796
-0.1241741677125295,-0.38453758011261624,-0.5385527797043324,-0.14295116687814394,-0.08943921327590942,-0.6926214247941971,-0.04793237894773483,-0.47313064088424045
-0.049375297931524426,0.16923203261998984,-0.3440055549144745,-0.061328922326748185,-0.033915005051172696,-0.6798615845350119,-0.04855130039728605,-0.4394253905002887
-0.049375297931524426,0.16923203261998984,-0.3440055549144745,-0.061328922326748185,-0.033915005051172696,-0.6798615845350119,-0.04855130039728605,-0.4394253905002887
-0.049375297931524426,0.16923203261998984,-0.3440055549144745,-0.061328922326748185,-0.033915005051172696,-0.6798615845350119,-0.04855130039728605,-0.4394253905002887
0.03812170487183791,-0.11770034294862014,-0.33795556540672594,-0.1487039591257389,-0.041724558059985824,-0.5206926281635578,0.005065000974214994,-0.47323405742645264
0.03812170487183791,-0.11770034294862014,-0.33795556540672594,-0.1487039591257389,-0.041724558059985824,-0.5206926281635578,0.005065000974214994,-0.47323405742645264
0.03812170487183791,-0.11770034294862014,-0.33795556540672594,-0.1487039591257389,-0.041724558059985824,-0.5206926281635578,0.005065000974214994,-0.47323405742645264
-0.5254997213681539,-0.17644924422105154,-0.8830761772890886,-0.09357364103198051,-0.21793845668435097,-0.42092644919951755,-0.4480098734299342,-0.22826586415370306
-0.004614904522895813,0.08711924776434898,-0.6425491409997145,-0.12690371026595434,-0.26541537915666896,-0.5875788008173307,-0.48728232954939205,-0.3873287762204806
-0.004614904522895813,0.08711924776434898,-0.6425491409997145,-0.12690371026595434,-0.26541537915666896,-0.5875788008173307,-0.48728232954939205,-0.3873287762204806
-0.4125547806421916,-0.21390360395113628,-0.2662173608938853,-0.6414969513813654,-0.28149168491363524,-0.11597320238749186,-0.3755153944094976,-0.48476236263910927
-0.4125547806421916,-0.21390360395113628,-0.2662173608938853,-0.6414969513813654,-0.28149168491363524,-0.11597320238749186,-0.3755153944094976,-0.48476236263910927
-0.6701934734980265,-0.32031311094760895,-0.24344014128049216,-0.4700999806324641,-0.08352875709533691,-0.5037078311045965,0.08502144118150075,-0.629421333471934
-0.6701934734980265,-0.32031311094760895,-0.24344014128049216,-0.4700999806324641,-0.08352875709533691,-0.5037078311045965,0.08502144118150075,-0.629421333471934
-0.6701934734980265,-0.32031311094760895,-0.24344014128049216,-0.4700999806324641,-0.08352875709533691,-0.5037078311045965,0.08502144118150075,-0.629421333471934
-0.45092979073524475,-0.30479853600263596,-0.4314620941877365,-0.1727142184972763,-0.5879777260124683,-0.2214389070868492,-0.34817296266555786,0.23189248889684677
-0.5254997213681539,-0.17644924422105154,-0.8830761772890886,-0.09357364103198051,-0.21793845668435097,-0.42092644919951755,-0.4480098734299342,-0.22826586415370306
-0.5254997213681539,-0.17644924422105154,-0.8830761772890886,-0.09357364103198051,-0.21793845668435097,-0.42092644919951755,-0.4480098734299342,-0.22826586415370306
-0.6589392006397248,-0.4035956710577011,-0.6826509177684784,-0.4103308662772179,-0.37278219908475874,-0.005735927820205688,-0.42564848959445956,-0.23687526881694793
-0.6589392006397248,-0.4035956710577011,-0.6826509177684784,-0.4103308662772179,-0.37278219908475874,-0.005735927820205688,-0.42564848959445956,-0.23687526881694793
-0.6701934734980265,-0.32031311094760895,-0.24344014128049216,-0.4700999806324641,-0.08352875709533691,-0.5037078311045965,0.08502144118150075,-0.629421333471934
-0.45092979073524475,-0.30479853600263596,-0.4314620941877365,-0.1727142184972763,-0.5879777260124683,-0.2214389070868492,-0.34817296266555786,0.23189248889684677
-0.3889528181817796,-0.2823871903949314,-0.5729022506210539,-0.5277774251169629,-0.30461621781190235,-0.615335550573137,-0.355187800195482,-0.23674068186018202
-0.3889528181817796,-0.2823871903949314,-0.5729022506210539,-0.5277774251169629,-0.30461621781190235,-0.615335550573137,-0.355187800195482,-0.23674068186018202
-0.3889528181817796,-0.2823871903949314,-0.5729022506210539,-0.5277774251169629,-0.30461621781190235,-0.615335550573137,-0.355187800195482,-0.23674068186018202
-0.1830609897772471,0.09802456895510356,-0.7763252198696137,-0.19418067932128907,-0.02951665421326955,-0.5726861337820689,-0.21650419533252716,-0.3071092943350474
-0.1830609897772471,0.09802456895510356,-0.7763252198696137,-0.19418067932128907,-0.02951665421326955,-0.5726861337820689,-0.21650419533252716,-0.3071092943350474
-0.21630874701908656,-0.18902296147176198,-0.2565217560955456,-0.5573796491537776,0.03802165176187243,-0.9212313720158168,-0.10248554391520363,-0.33326234562056406
-0.21630874701908656,-0.18902296147176198,-0.2565217560955456,-0.5573796491537776,0.03802165176187243,-0.9212313720158168,-0.10248554391520363,-0.33326234562056406
-0.3008559005601065,-0.14111179219824926,-0.3429827871067183,-0.38718950216259274,0.006252044013568333,-0.7706590699298042,-0.10729178786277771,-0.3616171308926174
-0.3008559005601065,-0.14111179219824926,-0.3429827871067183,-0.38718950216259274,0.006252044013568333,-0.7706590699298042,-0.10729178786277771,-0.3616171308926174
-0.26378491520881653,-0.30284326573212944,-0.21917619009812672,-0.5154662718375523,0.09736357927322388,-0.9484192212422689,-0.08238626122474671,-0.4488405823707581
-0.26378491520881653,-0.30284326573212944,-0.21917619009812672,-0.5154662718375523,0.09736357927322388,-0.9484192212422689,-0.08238626122474671,-0.4488405823707581
-0.18286514083544414,-0.3698164790868759,-0.36815327902634937,-0.3920607139666875,0.08556529680887857,-0.8126074214776356,-0.22532106836636862,-0.3703299423058828
-0.18286514083544414,-0.3698164790868759,-0.36815327902634937,-0.3920607139666875,0.08556529680887857,-0.8126074214776356,-0.22532106836636862,-0.3703299423058828
-0.28129578488213675,-0.31215217390230726,-0.46747880429029465,-0.46483185780899866,0.06899215281009674,-0.7143409422465733,-0.11645923554897308,-0.2941915839910507
-0.28129578488213675,-0.31215217390230726,-0.46747880429029465,-0.46483185780899866,0.06899215281009674,-0.7143409422465733,-0.11645923554897308,-0.2941915839910507
-0.2626147548357646,-0.32422753274440763,-0.4754188388586044,-0.419960289200147,0.04340681831041972,-0.6783291190862656,-0.220860093832016,-0.35071245233217874
-0.2626147548357646,-0.32422753274440763,-0.4754188388586044,-0.419960289200147,0.04340681831041972,-0.6783291190862656,-0.220860093832016,-0.35071245233217874
-0.3085711320241292,-0.3065340588490168,-0.3643290529648463,-0.3781977206468582,0.14011347889900208,-0.7265745798746744,-0.19226582249005636,-0.42078404625256854
-0.3085711320241292,-0.3065340588490168,-0.3643290529648463,-0.3781977206468582,0.14011347889900208,-0.7265745798746744,-0.19226582249005636,-0.42078404625256854
-0.3085711320241292,-0.3065340588490168,-0.3643290529648463,-0.3781977206468582,0.14011347889900208,-0.7265745798746744,-0.19226582249005636,-0.42078404625256854
-0.22946161776781082,-0.304008857657512,-0.7055219188332558,-0.3975914691885312,-0.26536982754866284,-0.6055082951982816,-0.011145221690336863,-0.3883675808707873
-0.24313493371009826,-0.3835705687602361,-0.3370336304108302,-0.45565108557542167,0.009559593598047892,-0.6811525702476502,-0.024597821633021037,-0.29437848925590515
-0.24313493371009826,-0.3835705687602361,-0.3370336304108302,-0.45565108557542167,0.009559593598047892,-0.6811525702476502,-0.024597821633021037,-0.29437848925590515
-0.24313493371009826,-0.3835705687602361,-0.3370336304108302,-0.45565108557542167,0.009559593598047892,-0.6811525702476502,-0.024597821633021037,-0.29437848925590515
-0.24313493371009826,-0.3835705687602361,-0.3370336304108302,-0.45565108557542167,0.009559593598047892,-0.6811525702476502,-0.024597821633021037,-0.29437848925590515
-0.22073408775031567,-0.13064157962799072,-0.36740458849817514,-0.3623905461281538,-0.2087174840271473,-0.5467219185084105,-0.009442386217415333,-0.5149332750588655
-0.22073408775031567,-0.13064157962799072,-0.36740458849817514,-0.3623905461281538,-0.2087174840271473,-0.5467219185084105,-0.009442386217415333,-0.5149332750588655
-0.22073408775031567,-0.13064157962799072,-0.36740458849817514,-0.3623905461281538,-0.2087174840271473,-0.5467219185084105,-0.009442386217415333,-0.5149332750588655
-0.22073408775031567,-0.13064157962799072,-0.36740458849817514,-0.3623905461281538,-0.2087174840271473,-0.5467219185084105,-0.009442386217415333,-0.5149332750588655
-0.530727976246884,-0.0338110476732254,-0.6671837238888991,-0.3885048141604976,-0.39334553637002645,-0.4442575417066875,-0.217047592526988,-0.4989096663500133
-0.530727976246884,-0.0338110476732254,-0.6671837238888991,-0.3885048141604976,-0.39334553637002645,-0.4442575417066875,-0.217047592526988,-0.4989096663500133
-0.530727976246884,-0.0338110476732254,-0.6671837238888991,-0.3885048141604976,-0.39334553637002645,-0.4442575417066875,-0.217047592526988,-0.4989096663500133
-0.530727976246884,-0.0338110476732254,-0.6671837238888991,-0.3885048141604976,-0.39334553637002645,-0.4442575417066875,-0.217047592526988,-0.4989096663500133
-0.42282782942056657,0.1067419894039631,-0.9433048993349076,-0.30319482535123826,-0.1817171096801758,-0.3818700432777405,0.09621216803789139,-0.4408918797969818
-0.42282782942056657,0.1067419894039631,-0.9433048993349076,-0.30319482535123826,-0.1817171096801758,-0.3818700432777405,0.09621216803789139,-0.4408918797969818
-0.47462056341924164,-0.06445972386159395,-0.8215304032752389,-0.30637729011083903,-0.20251909212062233,-0.36400485823028966,-0.08442458667253193,-0.5551141312247828
-0.47462056341924164,-0.06445972386159395,-0.8215304032752389,-0.30637729011083903,-0.20251909212062233,-0.36400485823028966,-0.08442458667253193,-0.5551141312247828
-0.47462056341924164,-0.06445972386159395,-0.8215304032752389,-0.30637729011083903,-0.20251909212062233,-0.36400485823028966,-0.08442458667253193,-0.5551141312247828
-0.47462056341924164,-0.06445972386159395,-0.8215304032752389,-0.30637729011083903,-0.20251909212062233,-0.36400485823028966,-0.08442458667253193,-0.5551141312247828
-0.47497315518558025,-0.0026335688307881355,-0.7097948417067528,-0.30114641040563583,-0.5855423137545586,-0.42716545797884464,-0.24051986820995808,-0.49961184337735176
-0.47497315518558025,-0.0026335688307881355,-0.7097948417067528,-0.30114641040563583,-0.5855423137545586,-0.42716545797884464,-0.24051986820995808,-0.49961184337735176
-0.488914450773826,-0.07667698653844687,-0.9206969875555772,-0.515352032505549,-0.2401299774646759,-0.3862951352046086,-0.24178201074783617,-0.5178035085017865
-0.5544099462659735,0.018991377792860333,-0.8404144393770319,-0.3788226544857025,-0.3221581954705088,-0.291924597401368,-0.09883087873458862,-0.47078512060014827
-0.5544099462659735,0.018991377792860333,-0.8404144393770319,-0.3788226544857025,-0.3221581954705088,-0.291924597401368,-0.09883087873458862,-0.47078512060014827
-0.14446439700467245,-0.22837850983653749,-0.9581598703350339,-0.36897893995046616,0.10339755245617457,-0.6655114803995404,-0.03766243904829025,-0.23916010558605194
-0.0675667654722929,-0.11112687643617392,-0.6981232203543186,-0.42419902700930834,0.007943364791572094,-0.6416979264467955,0.09103673975914717,-0.19835627265274525
-0.0675667654722929,-0.11112687643617392,-0.6981232203543186,-0.42419902700930834,0.007943364791572094,-0.6416979264467955,0.09103673975914717,-0.19835627265274525
-0.049739872708040124,-0.20023932176477768,-0.9468240492484149,-0.38748805312549367,-0.061273089226554424,-0.6070455803590662,-0.15164134432287776,-0.548954097663655
-0.049739872708040124,-0.20023932176477768,-0.9468240492484149,-0.38748805312549367,-0.061273089226554424,-0.6070455803590662,-0.15164134432287776,-0.548954097663655
-0.1908035408705473,-0.24648250546306372,-0.7425643308088183,-0.2167445020750165,0.018916013650596142,-0.6097100097686052,-0.004359308630228043,-0.17558168433606625
-0.1908035408705473,-0.24648250546306372,-0.7425643308088183,-0.2167445020750165,0.018916013650596142,-0.6097100097686052,-0.004359308630228043,-0.17558168433606625
-0.1908035408705473,-0.24648250546306372,-0.7425643308088183,-0.2167445020750165,0.018916013650596142,-0.6097100097686052,-0.004359308630228043,-0.17558168433606625
0.034394106039634116,-0.39572580044086164,-0.7461997740543805,-0.4000541258316774,-0.05554684194234701,-0.7631717851528754,-0.14513549437889686,-0.04954293599495521
0.034394106039634116,-0.39572580044086164,-0.7461997740543805,-0.4000541258316774,-0.05554684194234701,-0.7631717851528754,-0.14513549437889686,-0.04954293599495521
0.034394106039634116,-0.39572580044086164,-0.7461997740543805,-0.4000541258316774,-0.05554684194234701,-0.7631717851528754,-0.14513549437889686,-0.04954293599495521
0.16337116198106247,-0.20282382856715808,-0.849156604571776,-0.5887793180617419,-0.05461780862374739,-0.7711900824850256,-0.02423541925170205,-0.49039210785518994
-0.3718954727930181,-0.04451628730577581,-0.679317551500657,-0.42540760601268096,-0.47228526017245126,-0.6391304187914905,-0.2616276302758385,-0.5512141094488257
-0.2507127206772566,-0.34334171656519175,-1.1625102777034044,-0.5651682885363698,-0.025004707276821136,-0.32105692103505135,-0.18801238015294075,-0.5144461132586002
