index,type,value,combination
0,i8*,inttype(i64 max ),i8*	inttype	i64	max	
1,i32,"main(i32 argc ,i8** argv )",i32	main	i32	argc	i	argv	
2,void,chknull(i8* p ),void	chknull	i8*	p	
3,i8*,"iconv_open_ccsid(i32 ccsidout ,i32 ccsidin ,i32 nullflag )",i8*	iconv	open	ccsid	i32	ccsidout	i32	ccsidin	i32	nullflag	
4,void,"link_transition(t_transition* t ,t_state* from ,t_state* to )",void	link	transition	t	transition	t	t	state	from	t	state	to	
5,void,"link_transition(t_transition* t ,t_state* from ,t_state* to )",void	link	transition	t	transition	t	t	state	from	t	state	to	
6,void,"link_transition(t_transition* t ,t_state* from ,t_state* to )",void	link	transition	t	transition	t	t	state	from	t	state	to	
7,void,"link_transition(t_transition* t ,t_state* from ,t_state* to )",void	link	transition	t	transition	t	t	state	from	t	state	to	
8,t_transition*,"uniquetransition(i32 token ,t_state* from ,t_state* to )",t	transition	uniquetransition	i32	token	t	state	from	t	state	to	
9,t_transition*,"uniquetransition(i32 token ,t_state* from ,t_state* to )",t	transition	uniquetransition	i32	token	t	state	from	t	state	to	
10,t_transition*,"uniquetransition(i32 token ,t_state* from ,t_state* to )",t	transition	uniquetransition	i32	token	t	state	from	t	state	to	
11,t_transition*,"uniquetransition(i32 token ,t_state* from ,t_state* to )",t	transition	uniquetransition	i32	token	t	state	from	t	state	to	
12,t_powerset*,"set_include(t_powerset* s ,i8* e )",t	powerset	set	include	t	powerset	s	i8*	e	
13,t_powerset*,"set_include(t_powerset* s ,i8* e )",t	powerset	set	include	t	powerset	s	i8*	e	
14,void,"nfaslice(t_state** from ,t_state** to ,i8* icc ,i8* chr ,i32 chlen ,i8* name ,i32 len ,t_state* final )",void	nfaslice	t	state	from	t	state	to	i8*	icc	i8*	chr	i32	chlen	i8*	name	i32	len	t	state	final	
15,void,"nfaslice(t_state** from ,t_state** to ,i8* icc ,i8* chr ,i32 chlen ,i8* name ,i32 len ,t_state* final )",void	nfaslice	t	state	from	t	state	to	i8*	icc	i8*	chr	i32	chlen	i8*	name	i32	len	t	state	final	
16,void,"nfaslice(t_state** from ,t_state** to ,i8* icc ,i8* chr ,i32 chlen ,i8* name ,i32 len ,t_state* final )",void	nfaslice	t	state	from	t	state	to	i8*	icc	i8*	chr	i32	chlen	i8*	name	i32	len	t	state	final	
17,void,"nfaslice(t_state** from ,t_state** to ,i8* icc ,i8* chr ,i32 chlen ,i8* name ,i32 len ,t_state* final )",void	nfaslice	t	state	from	t	state	to	i8*	icc	i8*	chr	i32	chlen	i8*	name	i32	len	t	state	final	
18,void,"nfaslice(t_state** from ,t_state** to ,i8* icc ,i8* chr ,i32 chlen ,i8* name ,i32 len ,t_state* final )",void	nfaslice	t	state	from	t	state	to	i8*	icc	i8*	chr	i32	chlen	i8*	name	i32	len	t	state	final	
19,void,"nfaslice(t_state** from ,t_state** to ,i8* icc ,i8* chr ,i32 chlen ,i8* name ,i32 len ,t_state* final )",void	nfaslice	t	state	from	t	state	to	i8*	icc	i8*	chr	i32	chlen	i8*	name	i32	len	t	state	final	
20,void,"nfaslice(t_state** from ,t_state** to ,i8* icc ,i8* chr ,i32 chlen ,i8* name ,i32 len ,t_state* final )",void	nfaslice	t	state	from	t	state	to	i8*	icc	i8*	chr	i32	chlen	i8*	name	i32	len	t	state	final	
21,void,"nfaslice(t_state** from ,t_state** to ,i8* icc ,i8* chr ,i32 chlen ,i8* name ,i32 len ,t_state* final )",void	nfaslice	t	state	from	t	state	to	i8*	icc	i8*	chr	i32	chlen	i8*	name	i32	len	t	state	final	
22,void,"nfaenter(i8* name ,i32 len ,t_chset* charset )",void	nfaenter	i8*	name	i32	len	t	chset	charset	
23,i32,"utf8_utostr(i8* s ,i32 v )",i32	utf	utostr	i8*	s	i32	v	
24,i32,"utf8_utostrpad(i8* s ,i32 v ,i32 digits )",i32	utf	utostrpad	i8*	s	i32	v	i32	digits	
25,i32,"utf8_utostrpad(i8* s ,i32 v ,i32 digits )",i32	utf	utostrpad	i8*	s	i32	v	i32	digits	
26,i32,"xmlBufCat(_xmlBuf* buf ,i8* str )",i32	xml	Buf	Cat	xml	Buf*	buf	i8*	str	
27,i32,"xmlBufCat(_xmlBuf* buf ,i8* str )",i32	xml	Buf	Cat	xml	Buf*	buf	i8*	str	
28,i32,"xmlBufCCat(_xmlBuf* buf ,i8* str )",i32	xml	Buf	C	Cat	xml	Buf*	buf	i8*	str	
29,i32,"xmlBufCCat(_xmlBuf* buf ,i8* str )",i32	xml	Buf	C	Cat	xml	Buf*	buf	i8*	str	
30,i32,"xmlBufWriteCHAR(_xmlBuf* buf ,i8* string )",i32	xml	Buf	Write	C	H	A	R	xml	Buf*	buf	i8*	string	
31,i32,"xmlBufWriteChar(_xmlBuf* buf ,i8* string )",i32	xml	Buf	Write	Char	xml	Buf*	buf	i8*	string	
32,void,"xmlBufOverflowError(_xmlBuf* buf ,i8* extra )",void	xml	Buf	Overflow	Error	xml	Buf*	buf	i8*	extra	
33,i32,"xmlBufWriteQuotedString(_xmlBuf* buf ,i8* string )",i32	xml	Buf	Write	Quoted	String	xml	Buf*	buf	i8*	string	
34,i32,"xmlBufWriteQuotedString(_xmlBuf* buf ,i8* string )",i32	xml	Buf	Write	Quoted	String	xml	Buf*	buf	i8*	string	
35,i32,"xmlBufWriteQuotedString(_xmlBuf* buf ,i8* string )",i32	xml	Buf	Write	Quoted	String	xml	Buf*	buf	i8*	string	
36,_xmlBuf*,xmlBufFromBuffer(_xmlBuffer* buffer ),xml	Buf*	xml	Buf	From	Buffer	xml	Buffer*	buffer	
37,_xmlBuffer*,xmlBufBackToBuffer(_xmlBuf* buf ),xml	Buffer*	xml	Buf	Back	To	Buffer	xml	Buf*	buf	
38,i32,"xmlBufMergeBuffer(_xmlBuf* buf ,_xmlBuffer* buffer )",i32	xml	Buf	Merge	Buffer	xml	Buf*	buf	xml	Buffer*	buffer	
39,i32,"xmlBufMergeBuffer(_xmlBuf* buf ,_xmlBuffer* buffer )",i32	xml	Buf	Merge	Buffer	xml	Buf*	buf	xml	Buffer*	buffer	
40,i32,"xmlBufResetInput(_xmlBuf* buf ,_xmlParserInput* input )",i32	xml	Buf	Reset	Input	xml	Buf*	buf	xml	Parser	Input*	input	
41,i32,"xmlBufResetInput(_xmlBuf* buf ,_xmlParserInput* input )",i32	xml	Buf	Reset	Input	xml	Buf*	buf	xml	Parser	Input*	input	
42,i64,"xmlBufGetInputBase(_xmlBuf* buf ,_xmlParserInput* input )",i64	xml	Buf	Get	Input	Base	xml	Buf*	buf	xml	Parser	Input*	input	
43,i64,"xmlBufGetInputBase(_xmlBuf* buf ,_xmlParserInput* input )",i64	xml	Buf	Get	Input	Base	xml	Buf*	buf	xml	Parser	Input*	input	
44,i32,"xmlBufSetInputBaseCur(_xmlBuf* buf ,_xmlParserInput* input ,i64 base ,i64 cur )",i32	xml	Buf	Set	Input	Base	Cur	xml	Buf*	buf	xml	Parser	Input*	input	i64	base	i64	cur	
45,i32,"xmlBufSetInputBaseCur(_xmlBuf* buf ,_xmlParserInput* input ,i64 base ,i64 cur )",i32	xml	Buf	Set	Input	Base	Cur	xml	Buf*	buf	xml	Parser	Input*	input	i64	base	i64	cur	
46,_xmlBuf*,xmlBufCreateSize(i64 size ),xml	Buf*	xml	Buf	Create	Size	i64	size	
47,i8*,xmlBufDetach(_xmlBuf* buf ),i8*	xml	Buf	Detach	xml	Buf*	buf	
48,_xmlBuf*,"xmlBufCreateStatic(i8* mem ,i64 size )",xml	Buf*	xml	Buf	Create	Static	i8*	mem	i64	size	
49,_xmlBuf*,"xmlBufCreateStatic(i8* mem ,i64 size )",xml	Buf*	xml	Buf	Create	Static	i8*	mem	i64	size	
50,_xmlBuf*,"xmlBufCreateStatic(i8* mem ,i64 size )",xml	Buf*	xml	Buf	Create	Static	i8*	mem	i64	size	
51,i32,xmlBufGetAllocationScheme(_xmlBuf* buf ),i32	xml	Buf	Get	Allocation	Scheme	xml	Buf*	buf	
52,i32,"xmlBufSetAllocationScheme(_xmlBuf* buf ,i32 scheme )",i32	xml	Buf	Set	Allocation	Scheme	xml	Buf*	buf	i32	scheme	
53,i32,"xmlBufSetAllocationScheme(_xmlBuf* buf ,i32 scheme )",i32	xml	Buf	Set	Allocation	Scheme	xml	Buf*	buf	i32	scheme	
54,i32,"xmlBufSetAllocationScheme(_xmlBuf* buf ,i32 scheme )",i32	xml	Buf	Set	Allocation	Scheme	xml	Buf*	buf	i32	scheme	
55,i32,"xmlBufSetAllocationScheme(_xmlBuf* buf ,i32 scheme )",i32	xml	Buf	Set	Allocation	Scheme	xml	Buf*	buf	i32	scheme	
56,i32,"xmlBufSetAllocationScheme(_xmlBuf* buf ,i32 scheme )",i32	xml	Buf	Set	Allocation	Scheme	xml	Buf*	buf	i32	scheme	
57,i32,"xmlBufSetAllocationScheme(_xmlBuf* buf ,i32 scheme )",i32	xml	Buf	Set	Allocation	Scheme	xml	Buf*	buf	i32	scheme	
58,i32,"xmlBufSetAllocationScheme(_xmlBuf* buf ,i32 scheme )",i32	xml	Buf	Set	Allocation	Scheme	xml	Buf*	buf	i32	scheme	
59,void,xmlBufFree(_xmlBuf* buf ),void	xml	Buf	Free	xml	Buf*	buf	
60,void,xmlBufEmpty(_xmlBuf* buf ),void	xml	Buf	Empty	xml	Buf*	buf	
61,i64,"xmlBufShrink(_xmlBuf* buf ,i64 len )",i64	xml	Buf	Shrink	xml	Buf*	buf	i64	len	
62,i64,"xmlBufShrink(_xmlBuf* buf ,i64 len )",i64	xml	Buf	Shrink	xml	Buf*	buf	i64	len	
63,i64,"xmlBufShrink(_xmlBuf* buf ,i64 len )",i64	xml	Buf	Shrink	xml	Buf*	buf	i64	len	
64,i64,"xmlBufGrowInternal(_xmlBuf* buf ,i64 len )",i64	xml	Buf	Grow	Internal	xml	Buf*	buf	i64	len	
65,i64,"xmlBufGrowInternal(_xmlBuf* buf ,i64 len )",i64	xml	Buf	Grow	Internal	xml	Buf*	buf	i64	len	
66,i64,"xmlBufGrowInternal(_xmlBuf* buf ,i64 len )",i64	xml	Buf	Grow	Internal	xml	Buf*	buf	i64	len	
67,i64,"xmlBufGrowInternal(_xmlBuf* buf ,i64 len )",i64	xml	Buf	Grow	Internal	xml	Buf*	buf	i64	len	
68,i32,"xmlBufGrow(_xmlBuf* buf ,i32 len )",i32	xml	Buf	Grow	xml	Buf*	buf	i32	len	
69,i32,"xmlBufGrow(_xmlBuf* buf ,i32 len )",i32	xml	Buf	Grow	xml	Buf*	buf	i32	len	
70,i32,"xmlBufGrow(_xmlBuf* buf ,i32 len )",i32	xml	Buf	Grow	xml	Buf*	buf	i32	len	
71,i32,"xmlBufInflate(_xmlBuf* buf ,i64 len )",i32	xml	Buf	Inflate	xml	Buf*	buf	i64	len	
72,i64,"xmlBufDump(_IO_FILE* file ,_xmlBuf* buf )",i64	xml	Buf	Dump	I	O	F	I	L	E*	file	xml	Buf*	buf	
73,i64,"xmlBufDump(_IO_FILE* file ,_xmlBuf* buf )",i64	xml	Buf	Dump	I	O	F	I	L	E*	file	xml	Buf*	buf	
74,i8*,xmlBufContent(_xmlBuf* buf ),i8*	xml	Buf	Content	xml	Buf*	buf	
75,i8*,xmlBufEnd(_xmlBuf* buf ),i8*	xml	Buf	End	xml	Buf*	buf	
76,i32,"xmlBufAddLen(_xmlBuf* buf ,i64 len )",i32	xml	Buf	Add	Len	xml	Buf*	buf	i64	len	
77,i32,"xmlBufAddLen(_xmlBuf* buf ,i64 len )",i32	xml	Buf	Add	Len	xml	Buf*	buf	i64	len	
78,i32,"xmlBufErase(_xmlBuf* buf ,i64 len )",i32	xml	Buf	Erase	xml	Buf*	buf	i64	len	
79,i32,"xmlBufErase(_xmlBuf* buf ,i64 len )",i32	xml	Buf	Erase	xml	Buf*	buf	i64	len	
80,i64,xmlBufLength(_xmlBuf* buf ),i64	xml	Buf	Length	xml	Buf*	buf	
81,i64,xmlBufUse(_xmlBuf* buf ),i64	xml	Buf	Use	xml	Buf*	buf	
82,i64,xmlBufAvail(_xmlBuf* buf ),i64	xml	Buf	Avail	xml	Buf*	buf	
83,i32,xmlBufIsEmpty(_xmlBuf* buf ),i32	xml	Buf	Is	Empty	xml	Buf*	buf	
84,i32,"xmlBufResize(_xmlBuf* buf ,i64 size )",i32	xml	Buf	Resize	xml	Buf*	buf	i64	size	
85,i32,"xmlBufResize(_xmlBuf* buf ,i64 size )",i32	xml	Buf	Resize	xml	Buf*	buf	i64	size	
86,i32,"xmlBufResize(_xmlBuf* buf ,i64 size )",i32	xml	Buf	Resize	xml	Buf*	buf	i64	size	
87,i32,"xmlBufResize(_xmlBuf* buf ,i64 size )",i32	xml	Buf	Resize	xml	Buf*	buf	i64	size	
88,i32,"xmlBufResize(_xmlBuf* buf ,i64 size )",i32	xml	Buf	Resize	xml	Buf*	buf	i64	size	
89,i32,"xmlBufAdd(_xmlBuf* buf ,i8* str ,i32 len )",i32	xml	Buf	Add	xml	Buf*	buf	i8*	str	i32	len	
90,i32,"xmlBufAdd(_xmlBuf* buf ,i8* str ,i32 len )",i32	xml	Buf	Add	xml	Buf*	buf	i8*	str	i32	len	
91,i32,"xmlBufAdd(_xmlBuf* buf ,i8* str ,i32 len )",i32	xml	Buf	Add	xml	Buf*	buf	i8*	str	i32	len	
92,i32,"xmlBufAdd(_xmlBuf* buf ,i8* str ,i32 len )",i32	xml	Buf	Add	xml	Buf*	buf	i8*	str	i32	len	
93,i32,"xmlBufAdd(_xmlBuf* buf ,i8* str ,i32 len )",i32	xml	Buf	Add	xml	Buf*	buf	i8*	str	i32	len	
94,i32,"xmlBufAdd(_xmlBuf* buf ,i8* str ,i32 len )",i32	xml	Buf	Add	xml	Buf*	buf	i8*	str	i32	len	
95,i32,"xmlBufAdd(_xmlBuf* buf ,i8* str ,i32 len )",i32	xml	Buf	Add	xml	Buf*	buf	i8*	str	i32	len	
96,i32,"xmlBufAddHead(_xmlBuf* buf ,i8* str ,i32 len )",i32	xml	Buf	Add	Head	xml	Buf*	buf	i8*	str	i32	len	
97,i32,"xmlBufAddHead(_xmlBuf* buf ,i8* str ,i32 len )",i32	xml	Buf	Add	Head	xml	Buf*	buf	i8*	str	i32	len	
98,i32,"xmlBufAddHead(_xmlBuf* buf ,i8* str ,i32 len )",i32	xml	Buf	Add	Head	xml	Buf*	buf	i8*	str	i32	len	
99,i32,"xmlBufAddHead(_xmlBuf* buf ,i8* str ,i32 len )",i32	xml	Buf	Add	Head	xml	Buf*	buf	i8*	str	i32	len	
100,void,"xmlBufMemoryError(_xmlBuf* buf ,i8* extra )",void	xml	Buf	Memory	Error	xml	Buf*	buf	i8*	extra	
101,i32,"xmlBufAddHead(_xmlBuf* buf ,i8* str ,i32 len )",i32	xml	Buf	Add	Head	xml	Buf*	buf	i8*	str	i32	len	
102,i32,"xmlBufAddHead(_xmlBuf* buf ,i8* str ,i32 len )",i32	xml	Buf	Add	Head	xml	Buf*	buf	i8*	str	i32	len	
103,_xmlAttr*,"xmlC14NFixupBaseAttr(_xmlC14NCtx* ctx ,_xmlAttr* xml_base_attr )",xml	Attr*	xml	C14	N	Fixup	Base	Attr	xml	C14	N	Ctx*	ctx	xml	Attr*	xml	base	attr	
104,_xmlAttr*,"xmlC14NFixupBaseAttr(_xmlC14NCtx* ctx ,_xmlAttr* xml_base_attr )",xml	Attr*	xml	C14	N	Fixup	Base	Attr	xml	C14	N	Ctx*	ctx	xml	Attr*	xml	base	attr	
105,i32,"xmlC14NProcessAttrsAxis(_xmlC14NCtx* ctx ,_xmlNode* cur ,i32 parent_visible )",i32	xml	C14	N	Process	Attrs	Axis	xml	C14	N	Ctx*	ctx	xml	Node*	cur	i32	parent	visible	
106,i32,"xmlC14NProcessAttrsAxis(_xmlC14NCtx* ctx ,_xmlNode* cur ,i32 parent_visible )",i32	xml	C14	N	Process	Attrs	Axis	xml	C14	N	Ctx*	ctx	xml	Node*	cur	i32	parent	visible	
107,i32,"xmlC14NProcessAttrsAxis(_xmlC14NCtx* ctx ,_xmlNode* cur ,i32 parent_visible )",i32	xml	C14	N	Process	Attrs	Axis	xml	C14	N	Ctx*	ctx	xml	Node*	cur	i32	parent	visible	
108,i32,"xmlC14NProcessAttrsAxis(_xmlC14NCtx* ctx ,_xmlNode* cur ,i32 parent_visible )",i32	xml	C14	N	Process	Attrs	Axis	xml	C14	N	Ctx*	ctx	xml	Node*	cur	i32	parent	visible	
109,i32,"xmlC14NProcessAttrsAxis(_xmlC14NCtx* ctx ,_xmlNode* cur ,i32 parent_visible )",i32	xml	C14	N	Process	Attrs	Axis	xml	C14	N	Ctx*	ctx	xml	Node*	cur	i32	parent	visible	
110,i32,"xmlC14NCheckForRelativeNamespaces(_xmlC14NCtx* ctx ,_xmlNode* cur )",i32	xml	C14	N	Check	For	Relative	Namespaces	xml	C14	N	Ctx*	ctx	xml	Node*	cur	
111,i32,"xmlC14NCheckForRelativeNamespaces(_xmlC14NCtx* ctx ,_xmlNode* cur )",i32	xml	C14	N	Check	For	Relative	Namespaces	xml	C14	N	Ctx*	ctx	xml	Node*	cur	
112,i32,"xmlC14NProcessElementNode(_xmlC14NCtx* ctx ,_xmlNode* cur ,i32 visible )",i32	xml	C14	N	Process	Element	Node	xml	C14	N	Ctx*	ctx	xml	Node*	cur	i32	visible	
113,i32,"xmlC14NProcessElementNode(_xmlC14NCtx* ctx ,_xmlNode* cur ,i32 visible )",i32	xml	C14	N	Process	Element	Node	xml	C14	N	Ctx*	ctx	xml	Node*	cur	i32	visible	
114,i32,"xmlC14NProcessElementNode(_xmlC14NCtx* ctx ,_xmlNode* cur ,i32 visible )",i32	xml	C14	N	Process	Element	Node	xml	C14	N	Ctx*	ctx	xml	Node*	cur	i32	visible	
115,i32,"xmlC14NProcessElementNode(_xmlC14NCtx* ctx ,_xmlNode* cur ,i32 visible )",i32	xml	C14	N	Process	Element	Node	xml	C14	N	Ctx*	ctx	xml	Node*	cur	i32	visible	
116,i32,"xmlC14NProcessElementNode(_xmlC14NCtx* ctx ,_xmlNode* cur ,i32 visible )",i32	xml	C14	N	Process	Element	Node	xml	C14	N	Ctx*	ctx	xml	Node*	cur	i32	visible	
117,i32,"xmlC14NProcessElementNode(_xmlC14NCtx* ctx ,_xmlNode* cur ,i32 visible )",i32	xml	C14	N	Process	Element	Node	xml	C14	N	Ctx*	ctx	xml	Node*	cur	i32	visible	
118,i32,"xmlC14NProcessNode(_xmlC14NCtx* ctx ,_xmlNode* cur )",i32	xml	C14	N	Process	Node	xml	C14	N	Ctx*	ctx	xml	Node*	cur	
119,i32,"xmlC14NProcessNode(_xmlC14NCtx* ctx ,_xmlNode* cur )",i32	xml	C14	N	Process	Node	xml	C14	N	Ctx*	ctx	xml	Node*	cur	
120,i32,"xmlC14NProcessNodeList(_xmlC14NCtx* ctx ,_xmlNode* cur )",i32	xml	C14	N	Process	Node	List	xml	C14	N	Ctx*	ctx	xml	Node*	cur	
121,i32,"xmlC14NProcessNodeList(_xmlC14NCtx* ctx ,_xmlNode* cur )",i32	xml	C14	N	Process	Node	List	xml	C14	N	Ctx*	ctx	xml	Node*	cur	
122,void,xmlC14NFreeCtx(_xmlC14NCtx* ctx ),void	xml	C14	N	Free	Ctx	xml	C14	N	Ctx*	ctx	
123,_xmlC14NCtx*,"xmlC14NNewCtx(_xmlDoc* doc ,i32 (i8*, _xmlNode*, %struct._xmlNode*)* is_visible_callback ,i8* user_data ,i32 mode ,i8** inclusive_ns_prefixes ,i32 with_comments ,_xmlOutputBuffer* buf )",xml	C14	N	Ctx*	xml	C14	N	New	Ctx	xml	Doc*	doc	i32	i8*	xml	Node*	struct	xml	Node*	is	visible	callback	i8*	user	data	i32	mode	i	inclusive	ns	prefixes	i32	with	comments	xml	Output	Buffer*	buf	
124,_xmlC14NCtx*,"xmlC14NNewCtx(_xmlDoc* doc ,i32 (i8*, _xmlNode*, %struct._xmlNode*)* is_visible_callback ,i8* user_data ,i32 mode ,i8** inclusive_ns_prefixes ,i32 with_comments ,_xmlOutputBuffer* buf )",xml	C14	N	Ctx*	xml	C14	N	New	Ctx	xml	Doc*	doc	i32	i8*	xml	Node*	struct	xml	Node*	is	visible	callback	i8*	user	data	i32	mode	i	inclusive	ns	prefixes	i32	with	comments	xml	Output	Buffer*	buf	
125,i32,"xmlC14NExecute(_xmlDoc* doc ,i32 (i8*, _xmlNode*, %struct._xmlNode*)* is_visible_callback ,i8* user_data ,i32 mode ,i8** inclusive_ns_prefixes ,i32 with_comments ,_xmlOutputBuffer* buf )",i32	xml	C14	N	Execute	xml	Doc*	doc	i32	i8*	xml	Node*	struct	xml	Node*	is	visible	callback	i8*	user	data	i32	mode	i	inclusive	ns	prefixes	i32	with	comments	xml	Output	Buffer*	buf	
126,i32,"xmlC14NExecute(_xmlDoc* doc ,i32 (i8*, _xmlNode*, %struct._xmlNode*)* is_visible_callback ,i8* user_data ,i32 mode ,i8** inclusive_ns_prefixes ,i32 with_comments ,_xmlOutputBuffer* buf )",i32	xml	C14	N	Execute	xml	Doc*	doc	i32	i8*	xml	Node*	struct	xml	Node*	is	visible	callback	i8*	user	data	i32	mode	i	inclusive	ns	prefixes	i32	with	comments	xml	Output	Buffer*	buf	
127,i32,"xmlC14NDocDumpMemory(_xmlDoc* doc ,_xmlNodeSet* nodes ,i32 mode ,i8** inclusive_ns_prefixes ,i32 with_comments ,i8** doc_txt_ptr )",i32	xml	C14	N	Doc	Dump	Memory	xml	Doc*	doc	xml	Node	Set*	nodes	i32	mode	i	inclusive	ns	prefixes	i32	with	comments	i	doc	txt	ptr	
128,i32,"xmlC14NDocDumpMemory(_xmlDoc* doc ,_xmlNodeSet* nodes ,i32 mode ,i8** inclusive_ns_prefixes ,i32 with_comments ,i8** doc_txt_ptr )",i32	xml	C14	N	Doc	Dump	Memory	xml	Doc*	doc	xml	Node	Set*	nodes	i32	mode	i	inclusive	ns	prefixes	i32	with	comments	i	doc	txt	ptr	
129,i32,"xmlC14NDocSave(_xmlDoc* doc ,_xmlNodeSet* nodes ,i32 mode ,i8** inclusive_ns_prefixes ,i32 with_comments ,i8* filename ,i32 compression )",i32	xml	C14	N	Doc	Save	xml	Doc*	doc	xml	Node	Set*	nodes	i32	mode	i	inclusive	ns	prefixes	i32	with	comments	i8*	filename	i32	compression	
130,i8*,"xmlC11NNormalizeString(i8* input ,i32 mode )",i8*	xml	C11	N	Normalize	String	i8*	input	i32	mode	
131,i8*,"xmlC11NNormalizeString(i8* input ,i32 mode )",i8*	xml	C11	N	Normalize	String	i8*	input	i32	mode	
132,i8*,"xmlC11NNormalizeString(i8* input ,i32 mode )",i8*	xml	C11	N	Normalize	String	i8*	input	i32	mode	
133,i8*,"xmlC11NNormalizeString(i8* input ,i32 mode )",i8*	xml	C11	N	Normalize	String	i8*	input	i32	mode	
134,i8*,"xmlC11NNormalizeString(i8* input ,i32 mode )",i8*	xml	C11	N	Normalize	String	i8*	input	i32	mode	
135,i8*,"xmlC11NNormalizeString(i8* input ,i32 mode )",i8*	xml	C11	N	Normalize	String	i8*	input	i32	mode	
136,i8*,"xmlC11NNormalizeString(i8* input ,i32 mode )",i8*	xml	C11	N	Normalize	String	i8*	input	i32	mode	
137,i8*,"xmlC11NNormalizeString(i8* input ,i32 mode )",i8*	xml	C11	N	Normalize	String	i8*	input	i32	mode	
138,i8*,"xmlC11NNormalizeString(i8* input ,i32 mode )",i8*	xml	C11	N	Normalize	String	i8*	input	i32	mode	
139,i8*,"xmlC11NNormalizeString(i8* input ,i32 mode )",i8*	xml	C11	N	Normalize	String	i8*	input	i32	mode	
140,i8*,"xmlC11NNormalizeString(i8* input ,i32 mode )",i8*	xml	C11	N	Normalize	String	i8*	input	i32	mode	
141,i8*,"xmlC11NNormalizeString(i8* input ,i32 mode )",i8*	xml	C11	N	Normalize	String	i8*	input	i32	mode	
142,i8*,"xmlC11NNormalizeString(i8* input ,i32 mode )",i8*	xml	C11	N	Normalize	String	i8*	input	i32	mode	
143,void,"xmlC14NErr(_xmlC14NCtx* ctxt ,_xmlNode* node ,i32 error ,i8* msg )",void	xml	C14	N	Err	xml	C14	N	Ctx*	ctxt	xml	Node*	node	i32	error	i8*	msg	
144,i32,"xmlC14NIsNodeInNodeset(_xmlNodeSet* nodes ,_xmlNode* node ,_xmlNode* parent )",i32	xml	C14	N	Is	Node	In	Nodeset	xml	Node	Set*	nodes	xml	Node*	node	xml	Node*	parent	
145,i32,"xmlC14NIsNodeInNodeset(_xmlNodeSet* nodes ,_xmlNode* node ,_xmlNode* parent )",i32	xml	C14	N	Is	Node	In	Nodeset	xml	Node	Set*	nodes	xml	Node*	node	xml	Node*	parent	
146,i32,"xmlC14NIsNodeInNodeset(_xmlNodeSet* nodes ,_xmlNode* node ,_xmlNode* parent )",i32	xml	C14	N	Is	Node	In	Nodeset	xml	Node	Set*	nodes	xml	Node*	node	xml	Node*	parent	
147,void,xmlC14NVisibleNsStackDestroy(_xmlC14NVisibleNsStack* cur ),void	xml	C14	N	Visible	Ns	Stack	Destroy	xml	C14	N	Visible	Ns	Stack*	cur	
148,void,"xmlC14NVisibleNsStackAdd(_xmlC14NVisibleNsStack* cur ,_xmlNs* ns ,_xmlNode* node )",void	xml	C14	N	Visible	Ns	Stack	Add	xml	C14	N	Visible	Ns	Stack*	cur	xml	Ns*	ns	xml	Node*	node	
149,void,"xmlC14NVisibleNsStackSave(_xmlC14NVisibleNsStack* cur ,_xmlC14NVisibleNsStack* state )",void	xml	C14	N	Visible	Ns	Stack	Save	xml	C14	N	Visible	Ns	Stack*	cur	xml	C14	N	Visible	Ns	Stack*	state	
150,void,"xmlC14NVisibleNsStackSave(_xmlC14NVisibleNsStack* cur ,_xmlC14NVisibleNsStack* state )",void	xml	C14	N	Visible	Ns	Stack	Save	xml	C14	N	Visible	Ns	Stack*	cur	xml	C14	N	Visible	Ns	Stack*	state	
151,void,"xmlC14NVisibleNsStackRestore(_xmlC14NVisibleNsStack* cur ,_xmlC14NVisibleNsStack* state )",void	xml	C14	N	Visible	Ns	Stack	Restore	xml	C14	N	Visible	Ns	Stack*	cur	xml	C14	N	Visible	Ns	Stack*	state	
152,void,"xmlC14NVisibleNsStackRestore(_xmlC14NVisibleNsStack* cur ,_xmlC14NVisibleNsStack* state )",void	xml	C14	N	Visible	Ns	Stack	Restore	xml	C14	N	Visible	Ns	Stack*	cur	xml	C14	N	Visible	Ns	Stack*	state	
153,void,xmlC14NVisibleNsStackShift(_xmlC14NVisibleNsStack* cur ),void	xml	C14	N	Visible	Ns	Stack	Shift	xml	C14	N	Visible	Ns	Stack*	cur	
154,i32,"xmlC14NStrEqual(i8* str1 ,i8* str2 )",i32	xml	C14	N	Str	Equal	i8*	str	i8*	str	
155,i32,"xmlC14NStrEqual(i8* str1 ,i8* str2 )",i32	xml	C14	N	Str	Equal	i8*	str	i8*	str	
156,i32,"xmlC14NStrEqual(i8* str1 ,i8* str2 )",i32	xml	C14	N	Str	Equal	i8*	str	i8*	str	
157,i32,"xmlC14NStrEqual(i8* str1 ,i8* str2 )",i32	xml	C14	N	Str	Equal	i8*	str	i8*	str	
158,i32,"xmlC14NStrEqual(i8* str1 ,i8* str2 )",i32	xml	C14	N	Str	Equal	i8*	str	i8*	str	
159,i32,"xmlC14NVisibleNsStackFind(_xmlC14NVisibleNsStack* cur ,_xmlNs* ns )",i32	xml	C14	N	Visible	Ns	Stack	Find	xml	C14	N	Visible	Ns	Stack*	cur	xml	Ns*	ns	
160,i32,"xmlC14NVisibleNsStackFind(_xmlC14NVisibleNsStack* cur ,_xmlNs* ns )",i32	xml	C14	N	Visible	Ns	Stack	Find	xml	C14	N	Visible	Ns	Stack*	cur	xml	Ns*	ns	
161,i32,"xmlC14NVisibleNsStackFind(_xmlC14NVisibleNsStack* cur ,_xmlNs* ns )",i32	xml	C14	N	Visible	Ns	Stack	Find	xml	C14	N	Visible	Ns	Stack*	cur	xml	Ns*	ns	
162,i32,"xmlExcC14NVisibleNsStackFind(_xmlC14NVisibleNsStack* cur ,_xmlNs* ns ,_xmlC14NCtx* ctx )",i32	xml	Exc	C14	N	Visible	Ns	Stack	Find	xml	C14	N	Visible	Ns	Stack*	cur	xml	Ns*	ns	xml	C14	N	Ctx*	ctx	
163,i32,"xmlExcC14NVisibleNsStackFind(_xmlC14NVisibleNsStack* cur ,_xmlNs* ns ,_xmlC14NCtx* ctx )",i32	xml	Exc	C14	N	Visible	Ns	Stack	Find	xml	C14	N	Visible	Ns	Stack*	cur	xml	Ns*	ns	xml	C14	N	Ctx*	ctx	
164,i32,"xmlExcC14NVisibleNsStackFind(_xmlC14NVisibleNsStack* cur ,_xmlNs* ns ,_xmlC14NCtx* ctx )",i32	xml	Exc	C14	N	Visible	Ns	Stack	Find	xml	C14	N	Visible	Ns	Stack*	cur	xml	Ns*	ns	xml	C14	N	Ctx*	ctx	
165,i32,xmlC14NIsXmlNs(_xmlNs* ns ),i32	xml	C14	N	Is	Xml	Ns	xml	Ns*	ns	
166,i32,"xmlC14NNsCompare(_xmlNs* ns1 ,_xmlNs* ns2 )",i32	xml	C14	N	Ns	Compare	xml	Ns*	ns	xml	Ns*	ns	
167,i32,"xmlC14NNsCompare(_xmlNs* ns1 ,_xmlNs* ns2 )",i32	xml	C14	N	Ns	Compare	xml	Ns*	ns	xml	Ns*	ns	
168,i32,"xmlC14NNsCompare(_xmlNs* ns1 ,_xmlNs* ns2 )",i32	xml	C14	N	Ns	Compare	xml	Ns*	ns	xml	Ns*	ns	
169,i32,"xmlC14NNsCompare(_xmlNs* ns1 ,_xmlNs* ns2 )",i32	xml	C14	N	Ns	Compare	xml	Ns*	ns	xml	Ns*	ns	
170,i32,"xmlC14NPrintNamespaces(_xmlNs* ns ,_xmlC14NCtx* ctx )",i32	xml	C14	N	Print	Namespaces	xml	Ns*	ns	xml	C14	N	Ctx*	ctx	
171,i32,"xmlC14NPrintNamespaces(_xmlNs* ns ,_xmlC14NCtx* ctx )",i32	xml	C14	N	Print	Namespaces	xml	Ns*	ns	xml	C14	N	Ctx*	ctx	
172,i32,"xmlC14NProcessNamespacesAxis(_xmlC14NCtx* ctx ,_xmlNode* cur ,i32 visible )",i32	xml	C14	N	Process	Namespaces	Axis	xml	C14	N	Ctx*	ctx	xml	Node*	cur	i32	visible	
173,i32,"xmlC14NProcessNamespacesAxis(_xmlC14NCtx* ctx ,_xmlNode* cur ,i32 visible )",i32	xml	C14	N	Process	Namespaces	Axis	xml	C14	N	Ctx*	ctx	xml	Node*	cur	i32	visible	
174,i32,"xmlC14NProcessNamespacesAxis(_xmlC14NCtx* ctx ,_xmlNode* cur ,i32 visible )",i32	xml	C14	N	Process	Namespaces	Axis	xml	C14	N	Ctx*	ctx	xml	Node*	cur	i32	visible	
175,i32,"xmlC14NProcessNamespacesAxis(_xmlC14NCtx* ctx ,_xmlNode* cur ,i32 visible )",i32	xml	C14	N	Process	Namespaces	Axis	xml	C14	N	Ctx*	ctx	xml	Node*	cur	i32	visible	
176,i32,"xmlExcC14NProcessNamespacesAxis(_xmlC14NCtx* ctx ,_xmlNode* cur ,i32 visible )",i32	xml	Exc	C14	N	Process	Namespaces	Axis	xml	C14	N	Ctx*	ctx	xml	Node*	cur	i32	visible	
177,i32,"xmlExcC14NProcessNamespacesAxis(_xmlC14NCtx* ctx ,_xmlNode* cur ,i32 visible )",i32	xml	Exc	C14	N	Process	Namespaces	Axis	xml	C14	N	Ctx*	ctx	xml	Node*	cur	i32	visible	
178,i32,"xmlExcC14NProcessNamespacesAxis(_xmlC14NCtx* ctx ,_xmlNode* cur ,i32 visible )",i32	xml	Exc	C14	N	Process	Namespaces	Axis	xml	C14	N	Ctx*	ctx	xml	Node*	cur	i32	visible	
179,i32,"xmlExcC14NProcessNamespacesAxis(_xmlC14NCtx* ctx ,_xmlNode* cur ,i32 visible )",i32	xml	Exc	C14	N	Process	Namespaces	Axis	xml	C14	N	Ctx*	ctx	xml	Node*	cur	i32	visible	
180,i32,"xmlExcC14NProcessNamespacesAxis(_xmlC14NCtx* ctx ,_xmlNode* cur ,i32 visible )",i32	xml	Exc	C14	N	Process	Namespaces	Axis	xml	C14	N	Ctx*	ctx	xml	Node*	cur	i32	visible	
181,i32,"xmlExcC14NProcessNamespacesAxis(_xmlC14NCtx* ctx ,_xmlNode* cur ,i32 visible )",i32	xml	Exc	C14	N	Process	Namespaces	Axis	xml	C14	N	Ctx*	ctx	xml	Node*	cur	i32	visible	
182,i32,"xmlExcC14NProcessNamespacesAxis(_xmlC14NCtx* ctx ,_xmlNode* cur ,i32 visible )",i32	xml	Exc	C14	N	Process	Namespaces	Axis	xml	C14	N	Ctx*	ctx	xml	Node*	cur	i32	visible	
183,i32,"xmlExcC14NProcessNamespacesAxis(_xmlC14NCtx* ctx ,_xmlNode* cur ,i32 visible )",i32	xml	Exc	C14	N	Process	Namespaces	Axis	xml	C14	N	Ctx*	ctx	xml	Node*	cur	i32	visible	
184,i32,"xmlC14NAttrsCompare(_xmlAttr* attr1 ,_xmlAttr* attr2 )",i32	xml	C14	N	Attrs	Compare	xml	Attr*	attr	xml	Attr*	attr	
185,i32,"xmlC14NAttrsCompare(_xmlAttr* attr1 ,_xmlAttr* attr2 )",i32	xml	C14	N	Attrs	Compare	xml	Attr*	attr	xml	Attr*	attr	
186,i32,"xmlC14NAttrsCompare(_xmlAttr* attr1 ,_xmlAttr* attr2 )",i32	xml	C14	N	Attrs	Compare	xml	Attr*	attr	xml	Attr*	attr	
187,i32,"xmlC14NAttrsCompare(_xmlAttr* attr1 ,_xmlAttr* attr2 )",i32	xml	C14	N	Attrs	Compare	xml	Attr*	attr	xml	Attr*	attr	
188,i32,"xmlC14NPrintAttrs(_xmlAttr* attr ,_xmlC14NCtx* ctx )",i32	xml	C14	N	Print	Attrs	xml	Attr*	attr	xml	C14	N	Ctx*	ctx	
189,i32,"xmlC14NPrintAttrs(_xmlAttr* attr ,_xmlC14NCtx* ctx )",i32	xml	C14	N	Print	Attrs	xml	Attr*	attr	xml	C14	N	Ctx*	ctx	
190,_xmlAttr*,"xmlC14NFindHiddenParentAttr(_xmlC14NCtx* ctx ,_xmlNode* cur ,i8* name ,i8* ns )",xml	Attr*	xml	C14	N	Find	Hidden	Parent	Attr	xml	C14	N	Ctx*	ctx	xml	Node*	cur	i8*	name	i8*	ns	
191,i32,"xmlParseSGMLCatalog(_xmlCatalog* catal ,i8* value ,i8* file ,i32 super )",i32	xml	Parse	S	G	M	L	Catalog	xml	Catalog*	catal	i8*	value	i8*	file	i32	super	
192,i32,"xmlParseSGMLCatalog(_xmlCatalog* catal ,i8* value ,i8* file ,i32 super )",i32	xml	Parse	S	G	M	L	Catalog	xml	Catalog*	catal	i8*	value	i8*	file	i32	super	
193,i32,"xmlParseSGMLCatalog(_xmlCatalog* catal ,i8* value ,i8* file ,i32 super )",i32	xml	Parse	S	G	M	L	Catalog	xml	Catalog*	catal	i8*	value	i8*	file	i32	super	
194,void,xmlFreeCatalogEntry(_xmlCatalogEntry* ret ),void	xml	Free	Catalog	Entry	xml	Catalog	Entry*	ret	
195,void,xmlFreeCatalogEntryList(_xmlCatalogEntry* ret ),void	xml	Free	Catalog	Entry	List	xml	Catalog	Entry*	ret	
196,void,xmlFreeCatalog(_xmlCatalog* catal ),void	xml	Free	Catalog	xml	Catalog*	catal	
197,void,"xmlCatalogConvertEntry(_xmlCatalogEntry* entry ,_xmlCatalog* catal )",void	xml	Catalog	Convert	Entry	xml	Catalog	Entry*	entry	xml	Catalog*	catal	
198,void,"xmlCatalogConvertEntry(_xmlCatalogEntry* entry ,_xmlCatalog* catal )",void	xml	Catalog	Convert	Entry	xml	Catalog	Entry*	entry	xml	Catalog*	catal	
199,i32,xmlConvertSGMLCatalog(_xmlCatalog* catal ),i32	xml	Convert	S	G	M	L	Catalog	xml	Catalog*	catal	
200,i8*,xmlLoadFileContent(i8* filename ),i8*	xml	Load	File	Content	i8*	filename	
201,i32,"xmlCharInRange(i32 val ,_xmlChRangeGroup* rptr )",i32	xml	Char	In	Range	i32	val	xml	Ch	Range	Group*	rptr	
202,i32,"xmlCharInRange(i32 val ,_xmlChRangeGroup* rptr )",i32	xml	Char	In	Range	i32	val	xml	Ch	Range	Group*	rptr	
203,i32,"xmlCharInRange(i32 val ,_xmlChRangeGroup* rptr )",i32	xml	Char	In	Range	i32	val	xml	Ch	Range	Group*	rptr	
204,i32,"xmlCharInRange(i32 val ,_xmlChRangeGroup* rptr )",i32	xml	Char	In	Range	i32	val	xml	Ch	Range	Group*	rptr	
205,i32,xmlIsBaseChar(i32 ch ),i32	xml	Is	Base	Char	i32	ch	
206,void,"xmlDebugDumpString(_IO_FILE* output ,i8* str )",void	xml	Debug	Dump	String	I	O	F	I	L	E*	output	i8*	str	
207,void,"xmlDebugDumpString(_IO_FILE* output ,i8* str )",void	xml	Debug	Dump	String	I	O	F	I	L	E*	output	i8*	str	
208,i8*,"xmlDictQLookup(_xmlDict* dict ,i8* prefix ,i8* name )",i8*	xml	Dict	Q	Lookup	xml	Dict*	dict	i8*	prefix	i8*	name	
209,i8*,"xmlDictQLookup(_xmlDict* dict ,i8* prefix ,i8* name )",i8*	xml	Dict	Q	Lookup	xml	Dict*	dict	i8*	prefix	i8*	name	
210,i8*,"xmlDictQLookup(_xmlDict* dict ,i8* prefix ,i8* name )",i8*	xml	Dict	Q	Lookup	xml	Dict*	dict	i8*	prefix	i8*	name	
211,i8*,"xmlDictQLookup(_xmlDict* dict ,i8* prefix ,i8* name )",i8*	xml	Dict	Q	Lookup	xml	Dict*	dict	i8*	prefix	i8*	name	
212,i8*,"xmlDictQLookup(_xmlDict* dict ,i8* prefix ,i8* name )",i8*	xml	Dict	Q	Lookup	xml	Dict*	dict	i8*	prefix	i8*	name	
213,i32,"xmlDictOwns(_xmlDict* dict ,i8* str )",i32	xml	Dict	Owns	xml	Dict*	dict	i8*	str	
214,i32,"xmlDictOwns(_xmlDict* dict ,i8* str )",i32	xml	Dict	Owns	xml	Dict*	dict	i8*	str	
215,i32,"xmlDictOwns(_xmlDict* dict ,i8* str )",i32	xml	Dict	Owns	xml	Dict*	dict	i8*	str	
216,i32,"xmlDictOwns(_xmlDict* dict ,i8* str )",i32	xml	Dict	Owns	xml	Dict*	dict	i8*	str	
217,i32,xmlDictSize(_xmlDict* dict ),i32	xml	Dict	Size	xml	Dict*	dict	
218,i64,"xmlDictSetLimit(_xmlDict* dict ,i64 limit )",i64	xml	Dict	Set	Limit	xml	Dict*	dict	i64	limit	
219,i64,xmlDictGetUsage(_xmlDict* dict ),i64	xml	Dict	Get	Usage	xml	Dict*	dict	
220,i8*,"xmlDictAddQString(_xmlDict* dict ,i8* prefix ,i32 plen ,i8* name ,i32 namelen )",i8*	xml	Dict	Add	Q	String	xml	Dict*	dict	i8*	prefix	i32	plen	i8*	name	i32	namelen	
221,i32,"xmlDictComputeBigKey(i8* data ,i32 namelen ,i32 seed )",i32	xml	Dict	Compute	Big	Key	i8*	data	i32	namelen	i32	seed	
222,i32,"xmlDictComputeBigKey(i8* data ,i32 namelen ,i32 seed )",i32	xml	Dict	Compute	Big	Key	i8*	data	i32	namelen	i32	seed	
223,i32,"xmlDictComputeBigKey(i8* data ,i32 namelen ,i32 seed )",i32	xml	Dict	Compute	Big	Key	i8*	data	i32	namelen	i32	seed	
224,i64,"xmlDictComputeBigQKey(i8* prefix ,i32 plen ,i8* name ,i32 len ,i32 seed )",i64	xml	Dict	Compute	Big	Q	Key	i8*	prefix	i32	plen	i8*	name	i32	len	i32	seed	
225,i64,"xmlDictComputeBigQKey(i8* prefix ,i32 plen ,i8* name ,i32 len ,i32 seed )",i64	xml	Dict	Compute	Big	Q	Key	i8*	prefix	i32	plen	i8*	name	i32	len	i32	seed	
226,i64,"xmlDictComputeFastKey(i8* name ,i32 namelen ,i32 seed )",i64	xml	Dict	Compute	Fast	Key	i8*	name	i32	namelen	i32	seed	
227,i64,"xmlDictComputeFastKey(i8* name ,i32 namelen ,i32 seed )",i64	xml	Dict	Compute	Fast	Key	i8*	name	i32	namelen	i32	seed	
228,i64,"xmlDictComputeFastQKey(i8* prefix ,i32 plen ,i8* name ,i32 len ,i32 seed )",i64	xml	Dict	Compute	Fast	Q	Key	i8*	prefix	i32	plen	i8*	name	i32	len	i32	seed	
229,i64,"xmlDictComputeFastQKey(i8* prefix ,i32 plen ,i8* name ,i32 len ,i32 seed )",i64	xml	Dict	Compute	Fast	Q	Key	i8*	prefix	i32	plen	i8*	name	i32	len	i32	seed	
230,i64,"xmlDictComputeFastQKey(i8* prefix ,i32 plen ,i8* name ,i32 len ,i32 seed )",i64	xml	Dict	Compute	Fast	Q	Key	i8*	prefix	i32	plen	i8*	name	i32	len	i32	seed	
231,i64,"xmlDictComputeFastQKey(i8* prefix ,i32 plen ,i8* name ,i32 len ,i32 seed )",i64	xml	Dict	Compute	Fast	Q	Key	i8*	prefix	i32	plen	i8*	name	i32	len	i32	seed	
232,_xmlDict*,xmlDictCreateSub(_xmlDict* sub ),xml	Dict*	xml	Dict	Create	Sub	xml	Dict*	sub	
233,i32,xmlDictReference(_xmlDict* dict ),i32	xml	Dict	Reference	xml	Dict*	dict	
234,i32,"xmlDictGrow(_xmlDict* dict ,i64 size )",i32	xml	Dict	Grow	xml	Dict*	dict	i64	size	
235,i32,"xmlDictGrow(_xmlDict* dict ,i64 size )",i32	xml	Dict	Grow	xml	Dict*	dict	i64	size	
236,i32,"xmlDictGrow(_xmlDict* dict ,i64 size )",i32	xml	Dict	Grow	xml	Dict*	dict	i64	size	
237,void,xmlDictFree(_xmlDict* dict ),void	xml	Dict	Free	xml	Dict*	dict	
238,i8*,"xmlDictLookup(_xmlDict* dict ,i8* name ,i32 len )",i8*	xml	Dict	Lookup	xml	Dict*	dict	i8*	name	i32	len	
239,i8*,"xmlDictLookup(_xmlDict* dict ,i8* name ,i32 len )",i8*	xml	Dict	Lookup	xml	Dict*	dict	i8*	name	i32	len	
240,i8*,"xmlDictLookup(_xmlDict* dict ,i8* name ,i32 len )",i8*	xml	Dict	Lookup	xml	Dict*	dict	i8*	name	i32	len	
241,i8*,"xmlDictExists(_xmlDict* dict ,i8* name ,i32 len )",i8*	xml	Dict	Exists	xml	Dict*	dict	i8*	name	i32	len	
242,i8*,"xmlDictExists(_xmlDict* dict ,i8* name ,i32 len )",i8*	xml	Dict	Exists	xml	Dict*	dict	i8*	name	i32	len	
243,i8*,"xmlDictExists(_xmlDict* dict ,i8* name ,i32 len )",i8*	xml	Dict	Exists	xml	Dict*	dict	i8*	name	i32	len	
244,i8*,xmlGetEncodingAlias(i8* alias ),i8*	xml	Get	Encoding	Alias	i8*	alias	
245,i32,"xmlAddEncodingAlias(i8* name ,i8* alias )",i32	xml	Add	Encoding	Alias	i8*	name	i8*	alias	
246,i32,"xmlAddEncodingAlias(i8* name ,i8* alias )",i32	xml	Add	Encoding	Alias	i8*	name	i8*	alias	
247,i32,xmlDelEncodingAlias(i8* alias ),i32	xml	Del	Encoding	Alias	i8*	alias	
248,i32,xmlParseCharEncoding(i8* name ),i32	xml	Parse	Char	Encoding	i8*	name	
249,_xmlCharEncodingHandler*,"xmlNewCharEncodingHandler(i8* name ,i32 (i8*, i32*, i8*, i32*)* input ,i32 (i8*, i32*, i8*, i32*)* output )",xml	Char	Encoding	Handler*	xml	New	Char	Encoding	Handler	i8*	name	i32	i8*	i	i8*	i	input	i32	i8*	i	i8*	i	output	
250,void,xmlRegisterCharEncodingHandler(_xmlCharEncodingHandler* handler ),void	xml	Register	Char	Encoding	Handler	xml	Char	Encoding	Handler*	handler	
251,_xmlCharEncodingHandler*,xmlFindCharEncodingHandler(i8* name ),xml	Char	Encoding	Handler*	xml	Find	Char	Encoding	Handler	i8*	name	
252,i32,"xmlIconvWrapper(i8* cd ,i8* out ,i32* outlen ,i8* in ,i32* inlen )",i32	xml	Iconv	Wrapper	i8*	cd	i8*	out	i	outlen	i8*	in	i	inlen	
253,i32,"xmlIconvWrapper(i8* cd ,i8* out ,i32* outlen ,i8* in ,i32* inlen )",i32	xml	Iconv	Wrapper	i8*	cd	i8*	out	i	outlen	i8*	in	i	inlen	
254,i32,"xmlIconvWrapper(i8* cd ,i8* out ,i32* outlen ,i8* in ,i32* inlen )",i32	xml	Iconv	Wrapper	i8*	cd	i8*	out	i	outlen	i8*	in	i	inlen	
255,i32,"xmlIconvWrapper(i8* cd ,i8* out ,i32* outlen ,i8* in ,i32* inlen )",i32	xml	Iconv	Wrapper	i8*	cd	i8*	out	i	outlen	i8*	in	i	inlen	
256,i32,"xmlIconvWrapper(i8* cd ,i8* out ,i32* outlen ,i8* in ,i32* inlen )",i32	xml	Iconv	Wrapper	i8*	cd	i8*	out	i	outlen	i8*	in	i	inlen	
257,i32,"asciiToUTF8(i8* out ,i32* outlen ,i8* in ,i32* inlen )",i32	ascii	To	U	T	F8	i8*	out	i	outlen	i8*	in	i	inlen	
258,i32,"asciiToUTF8(i8* out ,i32* outlen ,i8* in ,i32* inlen )",i32	ascii	To	U	T	F8	i8*	out	i	outlen	i8*	in	i	inlen	
259,i32,"xmlCharEncFirstLineInt(_xmlCharEncodingHandler* handler ,_xmlBuffer* out ,_xmlBuffer* in ,i32 len )",i32	xml	Char	Enc	First	Line	Int	xml	Char	Encoding	Handler*	handler	xml	Buffer*	out	xml	Buffer*	in	i32	len	
260,i32,"xmlCharEncFirstLineInt(_xmlCharEncodingHandler* handler ,_xmlBuffer* out ,_xmlBuffer* in ,i32 len )",i32	xml	Char	Enc	First	Line	Int	xml	Char	Encoding	Handler*	handler	xml	Buffer*	out	xml	Buffer*	in	i32	len	
261,i32,"xmlCharEncFirstLineInt(_xmlCharEncodingHandler* handler ,_xmlBuffer* out ,_xmlBuffer* in ,i32 len )",i32	xml	Char	Enc	First	Line	Int	xml	Char	Encoding	Handler*	handler	xml	Buffer*	out	xml	Buffer*	in	i32	len	
262,i32,"xmlCharEncFirstLineInt(_xmlCharEncodingHandler* handler ,_xmlBuffer* out ,_xmlBuffer* in ,i32 len )",i32	xml	Char	Enc	First	Line	Int	xml	Char	Encoding	Handler*	handler	xml	Buffer*	out	xml	Buffer*	in	i32	len	
263,i32,"xmlCharEncFirstLineInt(_xmlCharEncodingHandler* handler ,_xmlBuffer* out ,_xmlBuffer* in ,i32 len )",i32	xml	Char	Enc	First	Line	Int	xml	Char	Encoding	Handler*	handler	xml	Buffer*	out	xml	Buffer*	in	i32	len	
264,i32,"xmlCharEncFirstLineInput(_xmlParserInputBuffer* input ,i32 len )",i32	xml	Char	Enc	First	Line	Input	xml	Parser	Input	Buffer*	input	i32	len	
265,i32,"xmlCharEncFirstLineInput(_xmlParserInputBuffer* input ,i32 len )",i32	xml	Char	Enc	First	Line	Input	xml	Parser	Input	Buffer*	input	i32	len	
266,i32,"xmlCharEncInput(_xmlParserInputBuffer* input ,i32 flush )",i32	xml	Char	Enc	Input	xml	Parser	Input	Buffer*	input	i32	flush	
267,i32,"xmlCharEncInput(_xmlParserInputBuffer* input ,i32 flush )",i32	xml	Char	Enc	Input	xml	Parser	Input	Buffer*	input	i32	flush	
268,i32,"xmlCharEncInput(_xmlParserInputBuffer* input ,i32 flush )",i32	xml	Char	Enc	Input	xml	Parser	Input	Buffer*	input	i32	flush	
269,i32,"UTF8Toascii(i8* out ,i32* outlen ,i8* in ,i32* inlen )",i32	U	T	F8	Toascii	i8*	out	i	outlen	i8*	in	i	inlen	
270,i32,"UTF8Toascii(i8* out ,i32* outlen ,i8* in ,i32* inlen )",i32	U	T	F8	Toascii	i8*	out	i	outlen	i8*	in	i	inlen	
271,i32,"UTF8Toascii(i8* out ,i32* outlen ,i8* in ,i32* inlen )",i32	U	T	F8	Toascii	i8*	out	i	outlen	i8*	in	i	inlen	
272,i32,"xmlCharEncInFunc(_xmlCharEncodingHandler* handler ,_xmlBuffer* out ,_xmlBuffer* in )",i32	xml	Char	Enc	In	Func	xml	Char	Encoding	Handler*	handler	xml	Buffer*	out	xml	Buffer*	in	
273,i32,"xmlCharEncInFunc(_xmlCharEncodingHandler* handler ,_xmlBuffer* out ,_xmlBuffer* in )",i32	xml	Char	Enc	In	Func	xml	Char	Encoding	Handler*	handler	xml	Buffer*	out	xml	Buffer*	in	
274,i32,"xmlCharEncInFunc(_xmlCharEncodingHandler* handler ,_xmlBuffer* out ,_xmlBuffer* in )",i32	xml	Char	Enc	In	Func	xml	Char	Encoding	Handler*	handler	xml	Buffer*	out	xml	Buffer*	in	
275,i32,"UTF8Toascii(i8* out ,i32* outlen ,i8* in ,i32* inlen )",i32	U	T	F8	Toascii	i8*	out	i	outlen	i8*	in	i	inlen	
276,i32,"UTF8Toascii(i8* out ,i32* outlen ,i8* in ,i32* inlen )",i32	U	T	F8	Toascii	i8*	out	i	outlen	i8*	in	i	inlen	
277,i32,"xmlCharEncOutput(_xmlOutputBuffer* output ,i32 init )",i32	xml	Char	Enc	Output	xml	Output	Buffer*	output	i32	init	
278,i32,"xmlCharEncOutput(_xmlOutputBuffer* output ,i32 init )",i32	xml	Char	Enc	Output	xml	Output	Buffer*	output	i32	init	
279,i32,"UTF8Toascii(i8* out ,i32* outlen ,i8* in ,i32* inlen )",i32	U	T	F8	Toascii	i8*	out	i	outlen	i8*	in	i	inlen	
280,i32,"xmlCharEncOutFunc(_xmlCharEncodingHandler* handler ,_xmlBuffer* out ,_xmlBuffer* in )",i32	xml	Char	Enc	Out	Func	xml	Char	Encoding	Handler*	handler	xml	Buffer*	out	xml	Buffer*	in	
281,i32,"xmlCharEncOutFunc(_xmlCharEncodingHandler* handler ,_xmlBuffer* out ,_xmlBuffer* in )",i32	xml	Char	Enc	Out	Func	xml	Char	Encoding	Handler*	handler	xml	Buffer*	out	xml	Buffer*	in	
282,i32,"xmlCharEncOutFunc(_xmlCharEncodingHandler* handler ,_xmlBuffer* out ,_xmlBuffer* in )",i32	xml	Char	Enc	Out	Func	xml	Char	Encoding	Handler*	handler	xml	Buffer*	out	xml	Buffer*	in	
283,i32,"UTF8Toascii(i8* out ,i32* outlen ,i8* in ,i32* inlen )",i32	U	T	F8	Toascii	i8*	out	i	outlen	i8*	in	i	inlen	
284,i32,xmlCharEncCloseFunc(_xmlCharEncodingHandler* handler ),i32	xml	Char	Enc	Close	Func	xml	Char	Encoding	Handler*	handler	
285,i32,xmlCharEncCloseFunc(_xmlCharEncodingHandler* handler ),i32	xml	Char	Enc	Close	Func	xml	Char	Encoding	Handler*	handler	
286,i64,xmlByteConsumed(_xmlParserCtxt* ctxt ),i64	xml	Byte	Consumed	xml	Parser	Ctxt*	ctxt	
287,i32,"isolat1ToUTF8(i8* out ,i32* outlen ,i8* in ,i32* inlen )",i32	isolat	To	U	T	F8	i8*	out	i	outlen	i8*	in	i	inlen	
288,i32,"isolat1ToUTF8(i8* out ,i32* outlen ,i8* in ,i32* inlen )",i32	isolat	To	U	T	F8	i8*	out	i	outlen	i8*	in	i	inlen	
289,i32,"isolat1ToUTF8(i8* out ,i32* outlen ,i8* in ,i32* inlen )",i32	isolat	To	U	T	F8	i8*	out	i	outlen	i8*	in	i	inlen	
290,i32,"isolat1ToUTF8(i8* out ,i32* outlen ,i8* in ,i32* inlen )",i32	isolat	To	U	T	F8	i8*	out	i	outlen	i8*	in	i	inlen	
291,i32,"isolat1ToUTF8(i8* out ,i32* outlen ,i8* in ,i32* inlen )",i32	isolat	To	U	T	F8	i8*	out	i	outlen	i8*	in	i	inlen	
292,i32,"isolat1ToUTF8(i8* out ,i32* outlen ,i8* in ,i32* inlen )",i32	isolat	To	U	T	F8	i8*	out	i	outlen	i8*	in	i	inlen	
293,i32,"isolat1ToUTF8(i8* out ,i32* outlen ,i8* in ,i32* inlen )",i32	isolat	To	U	T	F8	i8*	out	i	outlen	i8*	in	i	inlen	
294,i32,"isolat1ToUTF8(i8* out ,i32* outlen ,i8* in ,i32* inlen )",i32	isolat	To	U	T	F8	i8*	out	i	outlen	i8*	in	i	inlen	
295,i32,"isolat1ToUTF8(i8* out ,i32* outlen ,i8* in ,i32* inlen )",i32	isolat	To	U	T	F8	i8*	out	i	outlen	i8*	in	i	inlen	
296,i32,"UTF8ToUTF8(i8* out ,i32* outlen ,i8* inb ,i32* inlenb )",i32	U	T	F8	To	U	T	F8	i8*	out	i	outlen	i8*	inb	i	inlenb	
297,i32,"UTF8ToUTF8(i8* out ,i32* outlen ,i8* inb ,i32* inlenb )",i32	U	T	F8	To	U	T	F8	i8*	out	i	outlen	i8*	inb	i	inlenb	
298,i32,"UTF8ToUTF8(i8* out ,i32* outlen ,i8* inb ,i32* inlenb )",i32	U	T	F8	To	U	T	F8	i8*	out	i	outlen	i8*	inb	i	inlenb	
299,i32,"UTF8ToUTF8(i8* out ,i32* outlen ,i8* inb ,i32* inlenb )",i32	U	T	F8	To	U	T	F8	i8*	out	i	outlen	i8*	inb	i	inlenb	
300,i32,"UTF8ToUTF8(i8* out ,i32* outlen ,i8* inb ,i32* inlenb )",i32	U	T	F8	To	U	T	F8	i8*	out	i	outlen	i8*	inb	i	inlenb	
301,i32,"UTF8ToUTF8(i8* out ,i32* outlen ,i8* inb ,i32* inlenb )",i32	U	T	F8	To	U	T	F8	i8*	out	i	outlen	i8*	inb	i	inlenb	
302,i32,"UTF8ToUTF8(i8* out ,i32* outlen ,i8* inb ,i32* inlenb )",i32	U	T	F8	To	U	T	F8	i8*	out	i	outlen	i8*	inb	i	inlenb	
303,i32,"UTF8Toisolat1(i8* out ,i32* outlen ,i8* in ,i32* inlen )",i32	U	T	F8	Toisolat1	i8*	out	i	outlen	i8*	in	i	inlen	
304,i32,"UTF8Toisolat1(i8* out ,i32* outlen ,i8* in ,i32* inlen )",i32	U	T	F8	Toisolat1	i8*	out	i	outlen	i8*	in	i	inlen	
305,i32,"UTF8Toisolat1(i8* out ,i32* outlen ,i8* in ,i32* inlen )",i32	U	T	F8	Toisolat1	i8*	out	i	outlen	i8*	in	i	inlen	
306,i32,"UTF8Toisolat1(i8* out ,i32* outlen ,i8* in ,i32* inlen )",i32	U	T	F8	Toisolat1	i8*	out	i	outlen	i8*	in	i	inlen	
307,i32,"UTF8Toisolat1(i8* out ,i32* outlen ,i8* in ,i32* inlen )",i32	U	T	F8	Toisolat1	i8*	out	i	outlen	i8*	in	i	inlen	
308,i32,"UTF8Toisolat1(i8* out ,i32* outlen ,i8* in ,i32* inlen )",i32	U	T	F8	Toisolat1	i8*	out	i	outlen	i8*	in	i	inlen	
309,i32,"UTF8Toisolat1(i8* out ,i32* outlen ,i8* in ,i32* inlen )",i32	U	T	F8	Toisolat1	i8*	out	i	outlen	i8*	in	i	inlen	
310,i32,"UTF16LEToUTF8(i8* out ,i32* outlen ,i8* inb ,i32* inlenb )",i32	U	T	F16	L	E	To	U	T	F8	i8*	out	i	outlen	i8*	inb	i	inlenb	
311,i32,"UTF16LEToUTF8(i8* out ,i32* outlen ,i8* inb ,i32* inlenb )",i32	U	T	F16	L	E	To	U	T	F8	i8*	out	i	outlen	i8*	inb	i	inlenb	
312,i32,"UTF16LEToUTF8(i8* out ,i32* outlen ,i8* inb ,i32* inlenb )",i32	U	T	F16	L	E	To	U	T	F8	i8*	out	i	outlen	i8*	inb	i	inlenb	
313,i32,"UTF8ToUTF16LE(i8* outb ,i32* outlen ,i8* in ,i32* inlen )",i32	U	T	F8	To	U	T	F16	L	E	i8*	outb	i	outlen	i8*	in	i	inlen	
314,i32,"UTF8ToUTF16LE(i8* outb ,i32* outlen ,i8* in ,i32* inlen )",i32	U	T	F8	To	U	T	F16	L	E	i8*	outb	i	outlen	i8*	in	i	inlen	
315,i32,"UTF8ToUTF16LE(i8* outb ,i32* outlen ,i8* in ,i32* inlen )",i32	U	T	F8	To	U	T	F16	L	E	i8*	outb	i	outlen	i8*	in	i	inlen	
316,i32,"UTF8ToUTF16LE(i8* outb ,i32* outlen ,i8* in ,i32* inlen )",i32	U	T	F8	To	U	T	F16	L	E	i8*	outb	i	outlen	i8*	in	i	inlen	
317,i32,"UTF8ToUTF16LE(i8* outb ,i32* outlen ,i8* in ,i32* inlen )",i32	U	T	F8	To	U	T	F16	L	E	i8*	outb	i	outlen	i8*	in	i	inlen	
318,i32,"UTF8ToUTF16(i8* outb ,i32* outlen ,i8* in ,i32* inlen )",i32	U	T	F8	To	U	T	F16	i8*	outb	i	outlen	i8*	in	i	inlen	
319,i32,"UTF8ToUTF16(i8* outb ,i32* outlen ,i8* in ,i32* inlen )",i32	U	T	F8	To	U	T	F16	i8*	outb	i	outlen	i8*	in	i	inlen	
320,i32,"UTF16BEToUTF8(i8* out ,i32* outlen ,i8* inb ,i32* inlenb )",i32	U	T	F16	B	E	To	U	T	F8	i8*	out	i	outlen	i8*	inb	i	inlenb	
321,i32,"UTF16BEToUTF8(i8* out ,i32* outlen ,i8* inb ,i32* inlenb )",i32	U	T	F16	B	E	To	U	T	F8	i8*	out	i	outlen	i8*	inb	i	inlenb	
322,i32,"UTF16BEToUTF8(i8* out ,i32* outlen ,i8* inb ,i32* inlenb )",i32	U	T	F16	B	E	To	U	T	F8	i8*	out	i	outlen	i8*	inb	i	inlenb	
323,i32,"UTF8ToUTF16BE(i8* outb ,i32* outlen ,i8* in ,i32* inlen )",i32	U	T	F8	To	U	T	F16	B	E	i8*	outb	i	outlen	i8*	in	i	inlen	
324,i32,"UTF8ToUTF16BE(i8* outb ,i32* outlen ,i8* in ,i32* inlen )",i32	U	T	F8	To	U	T	F16	B	E	i8*	outb	i	outlen	i8*	in	i	inlen	
325,i32,"UTF8ToUTF16BE(i8* outb ,i32* outlen ,i8* in ,i32* inlen )",i32	U	T	F8	To	U	T	F16	B	E	i8*	outb	i	outlen	i8*	in	i	inlen	
326,i32,"UTF8ToUTF16BE(i8* outb ,i32* outlen ,i8* in ,i32* inlen )",i32	U	T	F8	To	U	T	F16	B	E	i8*	outb	i	outlen	i8*	in	i	inlen	
327,i32,"UTF8ToUTF16BE(i8* outb ,i32* outlen ,i8* in ,i32* inlen )",i32	U	T	F8	To	U	T	F16	B	E	i8*	outb	i	outlen	i8*	in	i	inlen	
328,i32,"UTF8ToUTF16BE(i8* outb ,i32* outlen ,i8* in ,i32* inlen )",i32	U	T	F8	To	U	T	F16	B	E	i8*	outb	i	outlen	i8*	in	i	inlen	
329,i32,"xmlDetectCharEncoding(i8* in ,i32 len )",i32	xml	Detect	Char	Encoding	i8*	in	i32	len	
330,i32,"xmlDetectCharEncoding(i8* in ,i32 len )",i32	xml	Detect	Char	Encoding	i8*	in	i32	len	
331,i32,"xmlDetectCharEncoding(i8* in ,i32 len )",i32	xml	Detect	Char	Encoding	i8*	in	i32	len	
332,i32,"xmlDetectCharEncoding(i8* in ,i32 len )",i32	xml	Detect	Char	Encoding	i8*	in	i32	len	
333,_xmlEntity*,"xmlCreateEntity(_xmlDict* dict ,i8* name ,i32 type ,i8* ExternalID ,i8* SystemID ,i8* content )",xml	Entity*	xml	Create	Entity	xml	Dict*	dict	i8*	name	i32	type	i8*	External	I	D	i8*	System	I	D	i8*	content	
334,_xmlEntity*,"xmlCreateEntity(_xmlDict* dict ,i8* name ,i32 type ,i8* ExternalID ,i8* SystemID ,i8* content )",xml	Entity*	xml	Create	Entity	xml	Dict*	dict	i8*	name	i32	type	i8*	External	I	D	i8*	System	I	D	i8*	content	
335,_xmlEntity*,"xmlCreateEntity(_xmlDict* dict ,i8* name ,i32 type ,i8* ExternalID ,i8* SystemID ,i8* content )",xml	Entity*	xml	Create	Entity	xml	Dict*	dict	i8*	name	i32	type	i8*	External	I	D	i8*	System	I	D	i8*	content	
336,_xmlEntity*,"xmlCreateEntity(_xmlDict* dict ,i8* name ,i32 type ,i8* ExternalID ,i8* SystemID ,i8* content )",xml	Entity*	xml	Create	Entity	xml	Dict*	dict	i8*	name	i32	type	i8*	External	I	D	i8*	System	I	D	i8*	content	
337,_xmlEntity*,"xmlCreateEntity(_xmlDict* dict ,i8* name ,i32 type ,i8* ExternalID ,i8* SystemID ,i8* content )",xml	Entity*	xml	Create	Entity	xml	Dict*	dict	i8*	name	i32	type	i8*	External	I	D	i8*	System	I	D	i8*	content	
338,_xmlEntity*,"xmlCreateEntity(_xmlDict* dict ,i8* name ,i32 type ,i8* ExternalID ,i8* SystemID ,i8* content )",xml	Entity*	xml	Create	Entity	xml	Dict*	dict	i8*	name	i32	type	i8*	External	I	D	i8*	System	I	D	i8*	content	
339,_xmlEntity*,"xmlCreateEntity(_xmlDict* dict ,i8* name ,i32 type ,i8* ExternalID ,i8* SystemID ,i8* content )",xml	Entity*	xml	Create	Entity	xml	Dict*	dict	i8*	name	i32	type	i8*	External	I	D	i8*	System	I	D	i8*	content	
340,_xmlEntity*,"xmlAddEntity(_xmlDtd* dtd ,i8* name ,i32 type ,i8* ExternalID ,i8* SystemID ,i8* content )",xml	Entity*	xml	Add	Entity	xml	Dtd*	dtd	i8*	name	i32	type	i8*	External	I	D	i8*	System	I	D	i8*	content	
341,_xmlEntity*,"xmlAddEntity(_xmlDtd* dtd ,i8* name ,i32 type ,i8* ExternalID ,i8* SystemID ,i8* content )",xml	Entity*	xml	Add	Entity	xml	Dtd*	dtd	i8*	name	i32	type	i8*	External	I	D	i8*	System	I	D	i8*	content	
342,_xmlEntity*,xmlGetPredefinedEntity(i8* name ),xml	Entity*	xml	Get	Predefined	Entity	i8*	name	
343,_xmlEntity*,"xmlAddDtdEntity(_xmlDoc* doc ,i8* name ,i32 type ,i8* ExternalID ,i8* SystemID ,i8* content )",xml	Entity*	xml	Add	Dtd	Entity	xml	Doc*	doc	i8*	name	i32	type	i8*	External	I	D	i8*	System	I	D	i8*	content	
344,_xmlEntity*,"xmlAddDocEntity(_xmlDoc* doc ,i8* name ,i32 type ,i8* ExternalID ,i8* SystemID ,i8* content )",xml	Entity*	xml	Add	Doc	Entity	xml	Doc*	doc	i8*	name	i32	type	i8*	External	I	D	i8*	System	I	D	i8*	content	
345,_xmlEntity*,"xmlNewEntity(_xmlDoc* doc ,i8* name ,i32 type ,i8* ExternalID ,i8* SystemID ,i8* content )",xml	Entity*	xml	New	Entity	xml	Doc*	doc	i8*	name	i32	type	i8*	External	I	D	i8*	System	I	D	i8*	content	
346,_xmlEntity*,"xmlNewEntity(_xmlDoc* doc ,i8* name ,i32 type ,i8* ExternalID ,i8* SystemID ,i8* content )",xml	Entity*	xml	New	Entity	xml	Doc*	doc	i8*	name	i32	type	i8*	External	I	D	i8*	System	I	D	i8*	content	
347,_xmlEntity*,"xmlGetParameterEntity(_xmlDoc* doc ,i8* name )",xml	Entity*	xml	Get	Parameter	Entity	xml	Doc*	doc	i8*	name	
348,_xmlEntity*,"xmlGetDtdEntity(_xmlDoc* doc ,i8* name )",xml	Entity*	xml	Get	Dtd	Entity	xml	Doc*	doc	i8*	name	
349,_xmlEntity*,"xmlGetDocEntity(_xmlDoc* doc ,i8* name )",xml	Entity*	xml	Get	Doc	Entity	xml	Doc*	doc	i8*	name	
350,i8*,"xmlEncodeEntitiesInternal(_xmlDoc* doc ,i8* input ,i32 attr )",i8*	xml	Encode	Entities	Internal	xml	Doc*	doc	i8*	input	i32	attr	
351,i8*,"xmlEncodeEntitiesInternal(_xmlDoc* doc ,i8* input ,i32 attr )",i8*	xml	Encode	Entities	Internal	xml	Doc*	doc	i8*	input	i32	attr	
352,i8*,"xmlEncodeEntitiesInternal(_xmlDoc* doc ,i8* input ,i32 attr )",i8*	xml	Encode	Entities	Internal	xml	Doc*	doc	i8*	input	i32	attr	
353,i8*,"xmlEncodeEntitiesInternal(_xmlDoc* doc ,i8* input ,i32 attr )",i8*	xml	Encode	Entities	Internal	xml	Doc*	doc	i8*	input	i32	attr	
354,i8*,"xmlEncodeEntitiesInternal(_xmlDoc* doc ,i8* input ,i32 attr )",i8*	xml	Encode	Entities	Internal	xml	Doc*	doc	i8*	input	i32	attr	
355,i8*,"xmlEncodeEntitiesInternal(_xmlDoc* doc ,i8* input ,i32 attr )",i8*	xml	Encode	Entities	Internal	xml	Doc*	doc	i8*	input	i32	attr	
356,i8*,"xmlEncodeEntitiesInternal(_xmlDoc* doc ,i8* input ,i32 attr )",i8*	xml	Encode	Entities	Internal	xml	Doc*	doc	i8*	input	i32	attr	
357,void,"xmlSetGenericErrorFunc(i8* ctx ,void (i8*, i8*, ...)* handler )",void	xml	Set	Generic	Error	Func	i8*	ctx	void	i8*	i8*	handler	
358,void,xmlParserPrintFileInfo(_xmlParserInput* input ),void	xml	Parser	Print	File	Info	xml	Parser	Input*	input	
359,void,"xmlParserPrintFileContextInternal(_xmlParserInput* input ,void (i8*, i8*, ...)* channel ,i8* data )",void	xml	Parser	Print	File	Context	Internal	xml	Parser	Input*	input	void	i8*	i8*	channel	i8*	data	
360,void,"xmlReportError(_xmlError* err ,_xmlParserCtxt* ctxt ,i8* str ,void (i8*, i8*, ...)* channel ,i8* data )",void	xml	Report	Error	xml	Error*	err	xml	Parser	Ctxt*	ctxt	i8*	str	void	i8*	i8*	channel	i8*	data	
361,void,"xmlReportError(_xmlError* err ,_xmlParserCtxt* ctxt ,i8* str ,void (i8*, i8*, ...)* channel ,i8* data )",void	xml	Report	Error	xml	Error*	err	xml	Parser	Ctxt*	ctxt	i8*	str	void	i8*	i8*	channel	i8*	data	
362,void,"xmlReportError(_xmlError* err ,_xmlParserCtxt* ctxt ,i8* str ,void (i8*, i8*, ...)* channel ,i8* data )",void	xml	Report	Error	xml	Error*	err	xml	Parser	Ctxt*	ctxt	i8*	str	void	i8*	i8*	channel	i8*	data	
363,void,"xmlReportError(_xmlError* err ,_xmlParserCtxt* ctxt ,i8* str ,void (i8*, i8*, ...)* channel ,i8* data )",void	xml	Report	Error	xml	Error*	err	xml	Parser	Ctxt*	ctxt	i8*	str	void	i8*	i8*	channel	i8*	data	
364,void,"xmlReportError(_xmlError* err ,_xmlParserCtxt* ctxt ,i8* str ,void (i8*, i8*, ...)* channel ,i8* data )",void	xml	Report	Error	xml	Error*	err	xml	Parser	Ctxt*	ctxt	i8*	str	void	i8*	i8*	channel	i8*	data	
365,void,"__xmlRaiseError(void (i8*, _xmlError*)* schannel ,void (i8*, i8*, ...)* channel ,i8* data ,i8* ctx ,i8* nod ,i32 domain ,i32 code ,i32 level ,i8* file ,i32 line ,i8* str1 ,i8* str2 ,i8* str3 ,i32 int1 ,i32 col ,i8* msg )",void	xml	Raise	Error	void	i8*	xml	Error*	schannel	void	i8*	i8*	channel	i8*	data	i8*	ctx	i8*	nod	i32	domain	i32	code	i32	level	i8*	file	i32	line	i8*	str	i8*	str	i8*	str	i32	int	i32	col	i8*	msg	
366,void,"__xmlRaiseError(void (i8*, _xmlError*)* schannel ,void (i8*, i8*, ...)* channel ,i8* data ,i8* ctx ,i8* nod ,i32 domain ,i32 code ,i32 level ,i8* file ,i32 line ,i8* str1 ,i8* str2 ,i8* str3 ,i32 int1 ,i32 col ,i8* msg )",void	xml	Raise	Error	void	i8*	xml	Error*	schannel	void	i8*	i8*	channel	i8*	data	i8*	ctx	i8*	nod	i32	domain	i32	code	i32	level	i8*	file	i32	line	i8*	str	i8*	str	i8*	str	i32	int	i32	col	i8*	msg	
367,void,"__xmlRaiseError(void (i8*, _xmlError*)* schannel ,void (i8*, i8*, ...)* channel ,i8* data ,i8* ctx ,i8* nod ,i32 domain ,i32 code ,i32 level ,i8* file ,i32 line ,i8* str1 ,i8* str2 ,i8* str3 ,i32 int1 ,i32 col ,i8* msg )",void	xml	Raise	Error	void	i8*	xml	Error*	schannel	void	i8*	i8*	channel	i8*	data	i8*	ctx	i8*	nod	i32	domain	i32	code	i32	level	i8*	file	i32	line	i8*	str	i8*	str	i8*	str	i32	int	i32	col	i8*	msg	
368,void,"__xmlRaiseError(void (i8*, _xmlError*)* schannel ,void (i8*, i8*, ...)* channel ,i8* data ,i8* ctx ,i8* nod ,i32 domain ,i32 code ,i32 level ,i8* file ,i32 line ,i8* str1 ,i8* str2 ,i8* str3 ,i32 int1 ,i32 col ,i8* msg )",void	xml	Raise	Error	void	i8*	xml	Error*	schannel	void	i8*	i8*	channel	i8*	data	i8*	ctx	i8*	nod	i32	domain	i32	code	i32	level	i8*	file	i32	line	i8*	str	i8*	str	i8*	str	i32	int	i32	col	i8*	msg	
369,void,"__xmlRaiseError(void (i8*, _xmlError*)* schannel ,void (i8*, i8*, ...)* channel ,i8* data ,i8* ctx ,i8* nod ,i32 domain ,i32 code ,i32 level ,i8* file ,i32 line ,i8* str1 ,i8* str2 ,i8* str3 ,i32 int1 ,i32 col ,i8* msg )",void	xml	Raise	Error	void	i8*	xml	Error*	schannel	void	i8*	i8*	channel	i8*	data	i8*	ctx	i8*	nod	i32	domain	i32	code	i32	level	i8*	file	i32	line	i8*	str	i8*	str	i8*	str	i32	int	i32	col	i8*	msg	
370,void,"__xmlRaiseError(void (i8*, _xmlError*)* schannel ,void (i8*, i8*, ...)* channel ,i8* data ,i8* ctx ,i8* nod ,i32 domain ,i32 code ,i32 level ,i8* file ,i32 line ,i8* str1 ,i8* str2 ,i8* str3 ,i32 int1 ,i32 col ,i8* msg )",void	xml	Raise	Error	void	i8*	xml	Error*	schannel	void	i8*	i8*	channel	i8*	data	i8*	ctx	i8*	nod	i32	domain	i32	code	i32	level	i8*	file	i32	line	i8*	str	i8*	str	i8*	str	i32	int	i32	col	i8*	msg	
371,void,"__xmlRaiseError(void (i8*, _xmlError*)* schannel ,void (i8*, i8*, ...)* channel ,i8* data ,i8* ctx ,i8* nod ,i32 domain ,i32 code ,i32 level ,i8* file ,i32 line ,i8* str1 ,i8* str2 ,i8* str3 ,i32 int1 ,i32 col ,i8* msg )",void	xml	Raise	Error	void	i8*	xml	Error*	schannel	void	i8*	i8*	channel	i8*	data	i8*	ctx	i8*	nod	i32	domain	i32	code	i32	level	i8*	file	i32	line	i8*	str	i8*	str	i8*	str	i32	int	i32	col	i8*	msg	
372,void,"__xmlRaiseError(void (i8*, _xmlError*)* schannel ,void (i8*, i8*, ...)* channel ,i8* data ,i8* ctx ,i8* nod ,i32 domain ,i32 code ,i32 level ,i8* file ,i32 line ,i8* str1 ,i8* str2 ,i8* str3 ,i32 int1 ,i32 col ,i8* msg )",void	xml	Raise	Error	void	i8*	xml	Error*	schannel	void	i8*	i8*	channel	i8*	data	i8*	ctx	i8*	nod	i32	domain	i32	code	i32	level	i8*	file	i32	line	i8*	str	i8*	str	i8*	str	i32	int	i32	col	i8*	msg	
373,void,"__xmlRaiseError(void (i8*, _xmlError*)* schannel ,void (i8*, i8*, ...)* channel ,i8* data ,i8* ctx ,i8* nod ,i32 domain ,i32 code ,i32 level ,i8* file ,i32 line ,i8* str1 ,i8* str2 ,i8* str3 ,i32 int1 ,i32 col ,i8* msg )",void	xml	Raise	Error	void	i8*	xml	Error*	schannel	void	i8*	i8*	channel	i8*	data	i8*	ctx	i8*	nod	i32	domain	i32	code	i32	level	i8*	file	i32	line	i8*	str	i8*	str	i8*	str	i32	int	i32	col	i8*	msg	
374,void,"__xmlRaiseError(void (i8*, _xmlError*)* schannel ,void (i8*, i8*, ...)* channel ,i8* data ,i8* ctx ,i8* nod ,i32 domain ,i32 code ,i32 level ,i8* file ,i32 line ,i8* str1 ,i8* str2 ,i8* str3 ,i32 int1 ,i32 col ,i8* msg )",void	xml	Raise	Error	void	i8*	xml	Error*	schannel	void	i8*	i8*	channel	i8*	data	i8*	ctx	i8*	nod	i32	domain	i32	code	i32	level	i8*	file	i32	line	i8*	str	i8*	str	i8*	str	i32	int	i32	col	i8*	msg	
375,void,"__xmlRaiseError(void (i8*, _xmlError*)* schannel ,void (i8*, i8*, ...)* channel ,i8* data ,i8* ctx ,i8* nod ,i32 domain ,i32 code ,i32 level ,i8* file ,i32 line ,i8* str1 ,i8* str2 ,i8* str3 ,i32 int1 ,i32 col ,i8* msg )",void	xml	Raise	Error	void	i8*	xml	Error*	schannel	void	i8*	i8*	channel	i8*	data	i8*	ctx	i8*	nod	i32	domain	i32	code	i32	level	i8*	file	i32	line	i8*	str	i8*	str	i8*	str	i32	int	i32	col	i8*	msg	
376,void,"__xmlRaiseError(void (i8*, _xmlError*)* schannel ,void (i8*, i8*, ...)* channel ,i8* data ,i8* ctx ,i8* nod ,i32 domain ,i32 code ,i32 level ,i8* file ,i32 line ,i8* str1 ,i8* str2 ,i8* str3 ,i32 int1 ,i32 col ,i8* msg )",void	xml	Raise	Error	void	i8*	xml	Error*	schannel	void	i8*	i8*	channel	i8*	data	i8*	ctx	i8*	nod	i32	domain	i32	code	i32	level	i8*	file	i32	line	i8*	str	i8*	str	i8*	str	i32	int	i32	col	i8*	msg	
377,void,"__xmlRaiseError(void (i8*, _xmlError*)* schannel ,void (i8*, i8*, ...)* channel ,i8* data ,i8* ctx ,i8* nod ,i32 domain ,i32 code ,i32 level ,i8* file ,i32 line ,i8* str1 ,i8* str2 ,i8* str3 ,i32 int1 ,i32 col ,i8* msg )",void	xml	Raise	Error	void	i8*	xml	Error*	schannel	void	i8*	i8*	channel	i8*	data	i8*	ctx	i8*	nod	i32	domain	i32	code	i32	level	i8*	file	i32	line	i8*	str	i8*	str	i8*	str	i32	int	i32	col	i8*	msg	
378,void,"__xmlRaiseError(void (i8*, _xmlError*)* schannel ,void (i8*, i8*, ...)* channel ,i8* data ,i8* ctx ,i8* nod ,i32 domain ,i32 code ,i32 level ,i8* file ,i32 line ,i8* str1 ,i8* str2 ,i8* str3 ,i32 int1 ,i32 col ,i8* msg )",void	xml	Raise	Error	void	i8*	xml	Error*	schannel	void	i8*	i8*	channel	i8*	data	i8*	ctx	i8*	nod	i32	domain	i32	code	i32	level	i8*	file	i32	line	i8*	str	i8*	str	i8*	str	i32	int	i32	col	i8*	msg	
379,void,"__xmlRaiseError(void (i8*, _xmlError*)* schannel ,void (i8*, i8*, ...)* channel ,i8* data ,i8* ctx ,i8* nod ,i32 domain ,i32 code ,i32 level ,i8* file ,i32 line ,i8* str1 ,i8* str2 ,i8* str3 ,i32 int1 ,i32 col ,i8* msg )",void	xml	Raise	Error	void	i8*	xml	Error*	schannel	void	i8*	i8*	channel	i8*	data	i8*	ctx	i8*	nod	i32	domain	i32	code	i32	level	i8*	file	i32	line	i8*	str	i8*	str	i8*	str	i32	int	i32	col	i8*	msg	
380,void,"__xmlRaiseError(void (i8*, _xmlError*)* schannel ,void (i8*, i8*, ...)* channel ,i8* data ,i8* ctx ,i8* nod ,i32 domain ,i32 code ,i32 level ,i8* file ,i32 line ,i8* str1 ,i8* str2 ,i8* str3 ,i32 int1 ,i32 col ,i8* msg )",void	xml	Raise	Error	void	i8*	xml	Error*	schannel	void	i8*	i8*	channel	i8*	data	i8*	ctx	i8*	nod	i32	domain	i32	code	i32	level	i8*	file	i32	line	i8*	str	i8*	str	i8*	str	i32	int	i32	col	i8*	msg	
381,void,"__xmlRaiseError(void (i8*, _xmlError*)* schannel ,void (i8*, i8*, ...)* channel ,i8* data ,i8* ctx ,i8* nod ,i32 domain ,i32 code ,i32 level ,i8* file ,i32 line ,i8* str1 ,i8* str2 ,i8* str3 ,i32 int1 ,i32 col ,i8* msg )",void	xml	Raise	Error	void	i8*	xml	Error*	schannel	void	i8*	i8*	channel	i8*	data	i8*	ctx	i8*	nod	i32	domain	i32	code	i32	level	i8*	file	i32	line	i8*	str	i8*	str	i8*	str	i32	int	i32	col	i8*	msg	
382,void,"__xmlRaiseError(void (i8*, _xmlError*)* schannel ,void (i8*, i8*, ...)* channel ,i8* data ,i8* ctx ,i8* nod ,i32 domain ,i32 code ,i32 level ,i8* file ,i32 line ,i8* str1 ,i8* str2 ,i8* str3 ,i32 int1 ,i32 col ,i8* msg )",void	xml	Raise	Error	void	i8*	xml	Error*	schannel	void	i8*	i8*	channel	i8*	data	i8*	ctx	i8*	nod	i32	domain	i32	code	i32	level	i8*	file	i32	line	i8*	str	i8*	str	i8*	str	i32	int	i32	col	i8*	msg	
383,void,"__xmlRaiseError(void (i8*, _xmlError*)* schannel ,void (i8*, i8*, ...)* channel ,i8* data ,i8* ctx ,i8* nod ,i32 domain ,i32 code ,i32 level ,i8* file ,i32 line ,i8* str1 ,i8* str2 ,i8* str3 ,i32 int1 ,i32 col ,i8* msg )",void	xml	Raise	Error	void	i8*	xml	Error*	schannel	void	i8*	i8*	channel	i8*	data	i8*	ctx	i8*	nod	i32	domain	i32	code	i32	level	i8*	file	i32	line	i8*	str	i8*	str	i8*	str	i32	int	i32	col	i8*	msg	
384,void,"__xmlRaiseError(void (i8*, _xmlError*)* schannel ,void (i8*, i8*, ...)* channel ,i8* data ,i8* ctx ,i8* nod ,i32 domain ,i32 code ,i32 level ,i8* file ,i32 line ,i8* str1 ,i8* str2 ,i8* str3 ,i32 int1 ,i32 col ,i8* msg )",void	xml	Raise	Error	void	i8*	xml	Error*	schannel	void	i8*	i8*	channel	i8*	data	i8*	ctx	i8*	nod	i32	domain	i32	code	i32	level	i8*	file	i32	line	i8*	str	i8*	str	i8*	str	i32	int	i32	col	i8*	msg	
385,void,"__xmlRaiseError(void (i8*, _xmlError*)* schannel ,void (i8*, i8*, ...)* channel ,i8* data ,i8* ctx ,i8* nod ,i32 domain ,i32 code ,i32 level ,i8* file ,i32 line ,i8* str1 ,i8* str2 ,i8* str3 ,i32 int1 ,i32 col ,i8* msg )",void	xml	Raise	Error	void	i8*	xml	Error*	schannel	void	i8*	i8*	channel	i8*	data	i8*	ctx	i8*	nod	i32	domain	i32	code	i32	level	i8*	file	i32	line	i8*	str	i8*	str	i8*	str	i32	int	i32	col	i8*	msg	
386,void,"__xmlRaiseError(void (i8*, _xmlError*)* schannel ,void (i8*, i8*, ...)* channel ,i8* data ,i8* ctx ,i8* nod ,i32 domain ,i32 code ,i32 level ,i8* file ,i32 line ,i8* str1 ,i8* str2 ,i8* str3 ,i32 int1 ,i32 col ,i8* msg )",void	xml	Raise	Error	void	i8*	xml	Error*	schannel	void	i8*	i8*	channel	i8*	data	i8*	ctx	i8*	nod	i32	domain	i32	code	i32	level	i8*	file	i32	line	i8*	str	i8*	str	i8*	str	i32	int	i32	col	i8*	msg	
387,void,"__xmlRaiseError(void (i8*, _xmlError*)* schannel ,void (i8*, i8*, ...)* channel ,i8* data ,i8* ctx ,i8* nod ,i32 domain ,i32 code ,i32 level ,i8* file ,i32 line ,i8* str1 ,i8* str2 ,i8* str3 ,i32 int1 ,i32 col ,i8* msg )",void	xml	Raise	Error	void	i8*	xml	Error*	schannel	void	i8*	i8*	channel	i8*	data	i8*	ctx	i8*	nod	i32	domain	i32	code	i32	level	i8*	file	i32	line	i8*	str	i8*	str	i8*	str	i32	int	i32	col	i8*	msg	
388,void,"__xmlRaiseError(void (i8*, _xmlError*)* schannel ,void (i8*, i8*, ...)* channel ,i8* data ,i8* ctx ,i8* nod ,i32 domain ,i32 code ,i32 level ,i8* file ,i32 line ,i8* str1 ,i8* str2 ,i8* str3 ,i32 int1 ,i32 col ,i8* msg )",void	xml	Raise	Error	void	i8*	xml	Error*	schannel	void	i8*	i8*	channel	i8*	data	i8*	ctx	i8*	nod	i32	domain	i32	code	i32	level	i8*	file	i32	line	i8*	str	i8*	str	i8*	str	i32	int	i32	col	i8*	msg	
389,void,"__xmlRaiseError(void (i8*, _xmlError*)* schannel ,void (i8*, i8*, ...)* channel ,i8* data ,i8* ctx ,i8* nod ,i32 domain ,i32 code ,i32 level ,i8* file ,i32 line ,i8* str1 ,i8* str2 ,i8* str3 ,i32 int1 ,i32 col ,i8* msg )",void	xml	Raise	Error	void	i8*	xml	Error*	schannel	void	i8*	i8*	channel	i8*	data	i8*	ctx	i8*	nod	i32	domain	i32	code	i32	level	i8*	file	i32	line	i8*	str	i8*	str	i8*	str	i32	int	i32	col	i8*	msg	
390,void,"__xmlRaiseError(void (i8*, _xmlError*)* schannel ,void (i8*, i8*, ...)* channel ,i8* data ,i8* ctx ,i8* nod ,i32 domain ,i32 code ,i32 level ,i8* file ,i32 line ,i8* str1 ,i8* str2 ,i8* str3 ,i32 int1 ,i32 col ,i8* msg )",void	xml	Raise	Error	void	i8*	xml	Error*	schannel	void	i8*	i8*	channel	i8*	data	i8*	ctx	i8*	nod	i32	domain	i32	code	i32	level	i8*	file	i32	line	i8*	str	i8*	str	i8*	str	i32	int	i32	col	i8*	msg	
391,void,"__xmlRaiseError(void (i8*, _xmlError*)* schannel ,void (i8*, i8*, ...)* channel ,i8* data ,i8* ctx ,i8* nod ,i32 domain ,i32 code ,i32 level ,i8* file ,i32 line ,i8* str1 ,i8* str2 ,i8* str3 ,i32 int1 ,i32 col ,i8* msg )",void	xml	Raise	Error	void	i8*	xml	Error*	schannel	void	i8*	i8*	channel	i8*	data	i8*	ctx	i8*	nod	i32	domain	i32	code	i32	level	i8*	file	i32	line	i8*	str	i8*	str	i8*	str	i32	int	i32	col	i8*	msg	
392,void,"__xmlRaiseError(void (i8*, _xmlError*)* schannel ,void (i8*, i8*, ...)* channel ,i8* data ,i8* ctx ,i8* nod ,i32 domain ,i32 code ,i32 level ,i8* file ,i32 line ,i8* str1 ,i8* str2 ,i8* str3 ,i32 int1 ,i32 col ,i8* msg )",void	xml	Raise	Error	void	i8*	xml	Error*	schannel	void	i8*	i8*	channel	i8*	data	i8*	ctx	i8*	nod	i32	domain	i32	code	i32	level	i8*	file	i32	line	i8*	str	i8*	str	i8*	str	i32	int	i32	col	i8*	msg	
393,void,"__xmlRaiseError(void (i8*, _xmlError*)* schannel ,void (i8*, i8*, ...)* channel ,i8* data ,i8* ctx ,i8* nod ,i32 domain ,i32 code ,i32 level ,i8* file ,i32 line ,i8* str1 ,i8* str2 ,i8* str3 ,i32 int1 ,i32 col ,i8* msg )",void	xml	Raise	Error	void	i8*	xml	Error*	schannel	void	i8*	i8*	channel	i8*	data	i8*	ctx	i8*	nod	i32	domain	i32	code	i32	level	i8*	file	i32	line	i8*	str	i8*	str	i8*	str	i32	int	i32	col	i8*	msg	
394,void,"__xmlRaiseError(void (i8*, _xmlError*)* schannel ,void (i8*, i8*, ...)* channel ,i8* data ,i8* ctx ,i8* nod ,i32 domain ,i32 code ,i32 level ,i8* file ,i32 line ,i8* str1 ,i8* str2 ,i8* str3 ,i32 int1 ,i32 col ,i8* msg )",void	xml	Raise	Error	void	i8*	xml	Error*	schannel	void	i8*	i8*	channel	i8*	data	i8*	ctx	i8*	nod	i32	domain	i32	code	i32	level	i8*	file	i32	line	i8*	str	i8*	str	i8*	str	i32	int	i32	col	i8*	msg	
395,void,"__xmlRaiseError(void (i8*, _xmlError*)* schannel ,void (i8*, i8*, ...)* channel ,i8* data ,i8* ctx ,i8* nod ,i32 domain ,i32 code ,i32 level ,i8* file ,i32 line ,i8* str1 ,i8* str2 ,i8* str3 ,i32 int1 ,i32 col ,i8* msg )",void	xml	Raise	Error	void	i8*	xml	Error*	schannel	void	i8*	i8*	channel	i8*	data	i8*	ctx	i8*	nod	i32	domain	i32	code	i32	level	i8*	file	i32	line	i8*	str	i8*	str	i8*	str	i32	int	i32	col	i8*	msg	
396,void,"__xmlSimpleError(i32 domain ,i32 code ,_xmlNode* node ,i8* msg ,i8* extra )",void	xml	Simple	Error	i32	domain	i32	code	xml	Node*	node	i8*	msg	i8*	extra	
397,void,"__xmlSimpleError(i32 domain ,i32 code ,_xmlNode* node ,i8* msg ,i8* extra )",void	xml	Simple	Error	i32	domain	i32	code	xml	Node*	node	i8*	msg	i8*	extra	
398,void,xmlResetError(_xmlError* err ),void	xml	Reset	Error	xml	Error*	err	
399,void,"initGenericErrorDefaultFunc(void (i8*, i8*, ...)** handler )",void	init	Generic	Error	Default	Func	void	i8*	i8*	handler	
400,i32,"xmlCopyError(_xmlError* from ,_xmlError* to )",i32	xml	Copy	Error	xml	Error*	from	xml	Error*	to	
401,i32,"xmlCopyError(_xmlError* from ,_xmlError* to )",i32	xml	Copy	Error	xml	Error*	from	xml	Error*	to	
402,job*,"parseJob(_xmlDoc* doc ,_xmlNs* ns ,_xmlNode* cur )",job	parse	Job	xml	Doc*	doc	xml	Ns*	ns	xml	Node*	cur	
403,job*,"parseJob(_xmlDoc* doc ,_xmlNs* ns ,_xmlNode* cur )",job	parse	Job	xml	Doc*	doc	xml	Ns*	ns	xml	Node*	cur	
404,job*,"parseJob(_xmlDoc* doc ,_xmlNs* ns ,_xmlNode* cur )",job	parse	Job	xml	Doc*	doc	xml	Ns*	ns	xml	Node*	cur	
405,job*,"parseJob(_xmlDoc* doc ,_xmlNs* ns ,_xmlNode* cur )",job	parse	Job	xml	Doc*	doc	xml	Ns*	ns	xml	Node*	cur	
406,job*,"parseJob(_xmlDoc* doc ,_xmlNs* ns ,_xmlNode* cur )",job	parse	Job	xml	Doc*	doc	xml	Ns*	ns	xml	Node*	cur	
407,void,printJob(job* cur ),void	print	Job	job	cur	
408,i32,"main(i32 argc ,i8** argv )",i32	main	i32	argc	i	argv	
409,person*,"parsePerson(_xmlDoc* doc ,_xmlNs* ns ,_xmlNode* cur )",person	parse	Person	xml	Doc*	doc	xml	Ns*	ns	xml	Node*	cur	
410,person*,"parsePerson(_xmlDoc* doc ,_xmlNs* ns ,_xmlNode* cur )",person	parse	Person	xml	Doc*	doc	xml	Ns*	ns	xml	Node*	cur	
411,person*,"parsePerson(_xmlDoc* doc ,_xmlNs* ns ,_xmlNode* cur )",person	parse	Person	xml	Doc*	doc	xml	Ns*	ns	xml	Node*	cur	
412,void,printPerson(person* cur ),void	print	Person	person	cur	
413,void,"xmlThrDefSetGenericErrorFunc(i8* ctx ,void (i8*, i8*, ...)* handler )",void	xml	Thr	Def	Set	Generic	Error	Func	i8*	ctx	void	i8*	i8*	handler	
414,i32,xmlHashSize(_xmlHashTable* table ),i32	xml	Hash	Size	xml	Hash	Table*	table	
415,i64,"xmlHashComputeKey(_xmlHashTable* table ,i8* name ,i8* name2 ,i8* name3 )",i64	xml	Hash	Compute	Key	xml	Hash	Table*	table	i8*	name	i8*	name	i8*	name	
416,i32,"xmlHashRemoveEntry3(_xmlHashTable* table ,i8* name ,i8* name2 ,i8* name3 ,void (i8*, i8*)* f )",i32	xml	Hash	Remove	Entry3	xml	Hash	Table*	table	i8*	name	i8*	name	i8*	name	void	i8*	i8*	f	
417,i32,"xmlHashRemoveEntry3(_xmlHashTable* table ,i8* name ,i8* name2 ,i8* name3 ,void (i8*, i8*)* f )",i32	xml	Hash	Remove	Entry3	xml	Hash	Table*	table	i8*	name	i8*	name	i8*	name	void	i8*	i8*	f	
418,i32,"xmlHashRemoveEntry3(_xmlHashTable* table ,i8* name ,i8* name2 ,i8* name3 ,void (i8*, i8*)* f )",i32	xml	Hash	Remove	Entry3	xml	Hash	Table*	table	i8*	name	i8*	name	i8*	name	void	i8*	i8*	f	
419,i64,"xmlHashComputeQKey(_xmlHashTable* table ,i8* prefix ,i8* name ,i8* prefix2 ,i8* name2 ,i8* prefix3 ,i8* name3 )",i64	xml	Hash	Compute	Q	Key	xml	Hash	Table*	table	i8*	prefix	i8*	name	i8*	prefix	i8*	name	i8*	prefix	i8*	name	
420,i64,"xmlHashComputeQKey(_xmlHashTable* table ,i8* prefix ,i8* name ,i8* prefix2 ,i8* name2 ,i8* prefix3 ,i8* name3 )",i64	xml	Hash	Compute	Q	Key	xml	Hash	Table*	table	i8*	prefix	i8*	name	i8*	prefix	i8*	name	i8*	prefix	i8*	name	
421,i64,"xmlHashComputeQKey(_xmlHashTable* table ,i8* prefix ,i8* name ,i8* prefix2 ,i8* name2 ,i8* prefix3 ,i8* name3 )",i64	xml	Hash	Compute	Q	Key	xml	Hash	Table*	table	i8*	prefix	i8*	name	i8*	prefix	i8*	name	i8*	prefix	i8*	name	
422,i64,"xmlHashComputeQKey(_xmlHashTable* table ,i8* prefix ,i8* name ,i8* prefix2 ,i8* name2 ,i8* prefix3 ,i8* name3 )",i64	xml	Hash	Compute	Q	Key	xml	Hash	Table*	table	i8*	prefix	i8*	name	i8*	prefix	i8*	name	i8*	prefix	i8*	name	
423,i64,"xmlHashComputeQKey(_xmlHashTable* table ,i8* prefix ,i8* name ,i8* prefix2 ,i8* name2 ,i8* prefix3 ,i8* name3 )",i64	xml	Hash	Compute	Q	Key	xml	Hash	Table*	table	i8*	prefix	i8*	name	i8*	prefix	i8*	name	i8*	prefix	i8*	name	
424,i64,"xmlHashComputeQKey(_xmlHashTable* table ,i8* prefix ,i8* name ,i8* prefix2 ,i8* name2 ,i8* prefix3 ,i8* name3 )",i64	xml	Hash	Compute	Q	Key	xml	Hash	Table*	table	i8*	prefix	i8*	name	i8*	prefix	i8*	name	i8*	prefix	i8*	name	
425,i64,"xmlHashComputeQKey(_xmlHashTable* table ,i8* prefix ,i8* name ,i8* prefix2 ,i8* name2 ,i8* prefix3 ,i8* name3 )",i64	xml	Hash	Compute	Q	Key	xml	Hash	Table*	table	i8*	prefix	i8*	name	i8*	prefix	i8*	name	i8*	prefix	i8*	name	
426,_xmlHashTable*,xmlHashCreate(i32 size ),xml	Hash	Table*	xml	Hash	Create	i32	size	
427,i32,"xmlHashGrow(_xmlHashTable* table ,i32 size )",i32	xml	Hash	Grow	xml	Hash	Table*	table	i32	size	
428,i32,"xmlHashGrow(_xmlHashTable* table ,i32 size )",i32	xml	Hash	Grow	xml	Hash	Table*	table	i32	size	
429,i32,"xmlHashGrow(_xmlHashTable* table ,i32 size )",i32	xml	Hash	Grow	xml	Hash	Table*	table	i32	size	
430,void,"xmlHashFree(_xmlHashTable* table ,void (i8*, i8*)* f )",void	xml	Hash	Free	xml	Hash	Table*	table	void	i8*	i8*	f	
431,void,"xmlHashFree(_xmlHashTable* table ,void (i8*, i8*)* f )",void	xml	Hash	Free	xml	Hash	Table*	table	void	i8*	i8*	f	
432,i32,"xmlHashAddEntry3(_xmlHashTable* table ,i8* name ,i8* name2 ,i8* name3 ,i8* userdata )",i32	xml	Hash	Add	Entry3	xml	Hash	Table*	table	i8*	name	i8*	name	i8*	name	i8*	userdata	
433,i32,"xmlHashAddEntry3(_xmlHashTable* table ,i8* name ,i8* name2 ,i8* name3 ,i8* userdata )",i32	xml	Hash	Add	Entry3	xml	Hash	Table*	table	i8*	name	i8*	name	i8*	name	i8*	userdata	
434,i32,"xmlHashAddEntry3(_xmlHashTable* table ,i8* name ,i8* name2 ,i8* name3 ,i8* userdata )",i32	xml	Hash	Add	Entry3	xml	Hash	Table*	table	i8*	name	i8*	name	i8*	name	i8*	userdata	
435,i32,"xmlHashAddEntry3(_xmlHashTable* table ,i8* name ,i8* name2 ,i8* name3 ,i8* userdata )",i32	xml	Hash	Add	Entry3	xml	Hash	Table*	table	i8*	name	i8*	name	i8*	name	i8*	userdata	
436,i32,"xmlHashAddEntry3(_xmlHashTable* table ,i8* name ,i8* name2 ,i8* name3 ,i8* userdata )",i32	xml	Hash	Add	Entry3	xml	Hash	Table*	table	i8*	name	i8*	name	i8*	name	i8*	userdata	
437,i32,"xmlHashAddEntry3(_xmlHashTable* table ,i8* name ,i8* name2 ,i8* name3 ,i8* userdata )",i32	xml	Hash	Add	Entry3	xml	Hash	Table*	table	i8*	name	i8*	name	i8*	name	i8*	userdata	
438,i32,"xmlHashAddEntry3(_xmlHashTable* table ,i8* name ,i8* name2 ,i8* name3 ,i8* userdata )",i32	xml	Hash	Add	Entry3	xml	Hash	Table*	table	i8*	name	i8*	name	i8*	name	i8*	userdata	
439,i32,"xmlHashAddEntry3(_xmlHashTable* table ,i8* name ,i8* name2 ,i8* name3 ,i8* userdata )",i32	xml	Hash	Add	Entry3	xml	Hash	Table*	table	i8*	name	i8*	name	i8*	name	i8*	userdata	
440,i32,"xmlHashAddEntry3(_xmlHashTable* table ,i8* name ,i8* name2 ,i8* name3 ,i8* userdata )",i32	xml	Hash	Add	Entry3	xml	Hash	Table*	table	i8*	name	i8*	name	i8*	name	i8*	userdata	
441,i32,"xmlHashAddEntry3(_xmlHashTable* table ,i8* name ,i8* name2 ,i8* name3 ,i8* userdata )",i32	xml	Hash	Add	Entry3	xml	Hash	Table*	table	i8*	name	i8*	name	i8*	name	i8*	userdata	
442,i32,"xmlHashAddEntry3(_xmlHashTable* table ,i8* name ,i8* name2 ,i8* name3 ,i8* userdata )",i32	xml	Hash	Add	Entry3	xml	Hash	Table*	table	i8*	name	i8*	name	i8*	name	i8*	userdata	
443,i32,"xmlHashAddEntry3(_xmlHashTable* table ,i8* name ,i8* name2 ,i8* name3 ,i8* userdata )",i32	xml	Hash	Add	Entry3	xml	Hash	Table*	table	i8*	name	i8*	name	i8*	name	i8*	userdata	
444,i32,"xmlHashAddEntry3(_xmlHashTable* table ,i8* name ,i8* name2 ,i8* name3 ,i8* userdata )",i32	xml	Hash	Add	Entry3	xml	Hash	Table*	table	i8*	name	i8*	name	i8*	name	i8*	userdata	
445,i32,"xmlHashUpdateEntry3(_xmlHashTable* table ,i8* name ,i8* name2 ,i8* name3 ,i8* userdata ,void (i8*, i8*)* f )",i32	xml	Hash	Update	Entry3	xml	Hash	Table*	table	i8*	name	i8*	name	i8*	name	i8*	userdata	void	i8*	i8*	f	
446,i32,"xmlHashUpdateEntry3(_xmlHashTable* table ,i8* name ,i8* name2 ,i8* name3 ,i8* userdata ,void (i8*, i8*)* f )",i32	xml	Hash	Update	Entry3	xml	Hash	Table*	table	i8*	name	i8*	name	i8*	name	i8*	userdata	void	i8*	i8*	f	
447,i32,"xmlHashUpdateEntry3(_xmlHashTable* table ,i8* name ,i8* name2 ,i8* name3 ,i8* userdata ,void (i8*, i8*)* f )",i32	xml	Hash	Update	Entry3	xml	Hash	Table*	table	i8*	name	i8*	name	i8*	name	i8*	userdata	void	i8*	i8*	f	
448,i32,"xmlHashUpdateEntry3(_xmlHashTable* table ,i8* name ,i8* name2 ,i8* name3 ,i8* userdata ,void (i8*, i8*)* f )",i32	xml	Hash	Update	Entry3	xml	Hash	Table*	table	i8*	name	i8*	name	i8*	name	i8*	userdata	void	i8*	i8*	f	
449,i32,"xmlHashUpdateEntry3(_xmlHashTable* table ,i8* name ,i8* name2 ,i8* name3 ,i8* userdata ,void (i8*, i8*)* f )",i32	xml	Hash	Update	Entry3	xml	Hash	Table*	table	i8*	name	i8*	name	i8*	name	i8*	userdata	void	i8*	i8*	f	
450,i32,"xmlHashUpdateEntry3(_xmlHashTable* table ,i8* name ,i8* name2 ,i8* name3 ,i8* userdata ,void (i8*, i8*)* f )",i32	xml	Hash	Update	Entry3	xml	Hash	Table*	table	i8*	name	i8*	name	i8*	name	i8*	userdata	void	i8*	i8*	f	
451,i32,"xmlHashUpdateEntry3(_xmlHashTable* table ,i8* name ,i8* name2 ,i8* name3 ,i8* userdata ,void (i8*, i8*)* f )",i32	xml	Hash	Update	Entry3	xml	Hash	Table*	table	i8*	name	i8*	name	i8*	name	i8*	userdata	void	i8*	i8*	f	
452,i32,"xmlHashUpdateEntry3(_xmlHashTable* table ,i8* name ,i8* name2 ,i8* name3 ,i8* userdata ,void (i8*, i8*)* f )",i32	xml	Hash	Update	Entry3	xml	Hash	Table*	table	i8*	name	i8*	name	i8*	name	i8*	userdata	void	i8*	i8*	f	
453,i32,"xmlHashUpdateEntry3(_xmlHashTable* table ,i8* name ,i8* name2 ,i8* name3 ,i8* userdata ,void (i8*, i8*)* f )",i32	xml	Hash	Update	Entry3	xml	Hash	Table*	table	i8*	name	i8*	name	i8*	name	i8*	userdata	void	i8*	i8*	f	
454,i32,"xmlHashUpdateEntry3(_xmlHashTable* table ,i8* name ,i8* name2 ,i8* name3 ,i8* userdata ,void (i8*, i8*)* f )",i32	xml	Hash	Update	Entry3	xml	Hash	Table*	table	i8*	name	i8*	name	i8*	name	i8*	userdata	void	i8*	i8*	f	
455,i32,"xmlHashUpdateEntry3(_xmlHashTable* table ,i8* name ,i8* name2 ,i8* name3 ,i8* userdata ,void (i8*, i8*)* f )",i32	xml	Hash	Update	Entry3	xml	Hash	Table*	table	i8*	name	i8*	name	i8*	name	i8*	userdata	void	i8*	i8*	f	
456,i32,"xmlHashUpdateEntry3(_xmlHashTable* table ,i8* name ,i8* name2 ,i8* name3 ,i8* userdata ,void (i8*, i8*)* f )",i32	xml	Hash	Update	Entry3	xml	Hash	Table*	table	i8*	name	i8*	name	i8*	name	i8*	userdata	void	i8*	i8*	f	
457,i32,"xmlHashUpdateEntry3(_xmlHashTable* table ,i8* name ,i8* name2 ,i8* name3 ,i8* userdata ,void (i8*, i8*)* f )",i32	xml	Hash	Update	Entry3	xml	Hash	Table*	table	i8*	name	i8*	name	i8*	name	i8*	userdata	void	i8*	i8*	f	
458,i32,"xmlHashUpdateEntry3(_xmlHashTable* table ,i8* name ,i8* name2 ,i8* name3 ,i8* userdata ,void (i8*, i8*)* f )",i32	xml	Hash	Update	Entry3	xml	Hash	Table*	table	i8*	name	i8*	name	i8*	name	i8*	userdata	void	i8*	i8*	f	
459,i32,"xmlHashUpdateEntry3(_xmlHashTable* table ,i8* name ,i8* name2 ,i8* name3 ,i8* userdata ,void (i8*, i8*)* f )",i32	xml	Hash	Update	Entry3	xml	Hash	Table*	table	i8*	name	i8*	name	i8*	name	i8*	userdata	void	i8*	i8*	f	
460,i32,"xmlHashUpdateEntry3(_xmlHashTable* table ,i8* name ,i8* name2 ,i8* name3 ,i8* userdata ,void (i8*, i8*)* f )",i32	xml	Hash	Update	Entry3	xml	Hash	Table*	table	i8*	name	i8*	name	i8*	name	i8*	userdata	void	i8*	i8*	f	
461,i32,"xmlHashUpdateEntry3(_xmlHashTable* table ,i8* name ,i8* name2 ,i8* name3 ,i8* userdata ,void (i8*, i8*)* f )",i32	xml	Hash	Update	Entry3	xml	Hash	Table*	table	i8*	name	i8*	name	i8*	name	i8*	userdata	void	i8*	i8*	f	
462,i8*,"xmlHashLookup3(_xmlHashTable* table ,i8* name ,i8* name2 ,i8* name3 )",i8*	xml	Hash	Lookup3	xml	Hash	Table*	table	i8*	name	i8*	name	i8*	name	
463,i8*,"xmlHashLookup3(_xmlHashTable* table ,i8* name ,i8* name2 ,i8* name3 )",i8*	xml	Hash	Lookup3	xml	Hash	Table*	table	i8*	name	i8*	name	i8*	name	
464,i8*,"xmlHashLookup3(_xmlHashTable* table ,i8* name ,i8* name2 ,i8* name3 )",i8*	xml	Hash	Lookup3	xml	Hash	Table*	table	i8*	name	i8*	name	i8*	name	
465,i8*,"xmlHashLookup3(_xmlHashTable* table ,i8* name ,i8* name2 ,i8* name3 )",i8*	xml	Hash	Lookup3	xml	Hash	Table*	table	i8*	name	i8*	name	i8*	name	
466,i8*,"xmlHashLookup3(_xmlHashTable* table ,i8* name ,i8* name2 ,i8* name3 )",i8*	xml	Hash	Lookup3	xml	Hash	Table*	table	i8*	name	i8*	name	i8*	name	
467,i8*,"xmlHashQLookup3(_xmlHashTable* table ,i8* prefix ,i8* name ,i8* prefix2 ,i8* name2 ,i8* prefix3 ,i8* name3 )",i8*	xml	Hash	Q	Lookup3	xml	Hash	Table*	table	i8*	prefix	i8*	name	i8*	prefix	i8*	name	i8*	prefix	i8*	name	
468,i8*,"xmlHashQLookup3(_xmlHashTable* table ,i8* prefix ,i8* name ,i8* prefix2 ,i8* name2 ,i8* prefix3 ,i8* name3 )",i8*	xml	Hash	Q	Lookup3	xml	Hash	Table*	table	i8*	prefix	i8*	name	i8*	prefix	i8*	name	i8*	prefix	i8*	name	
469,void,"xmlHashScanFull(_xmlHashTable* table ,void (i8*, i8*, i8*, i8*, i8*)* f ,i8* data )",void	xml	Hash	Scan	Full	xml	Hash	Table*	table	void	i8*	i8*	i8*	i8*	i8*	f	i8*	data	
470,void,"xmlHashScanFull(_xmlHashTable* table ,void (i8*, i8*, i8*, i8*, i8*)* f ,i8* data )",void	xml	Hash	Scan	Full	xml	Hash	Table*	table	void	i8*	i8*	i8*	i8*	i8*	f	i8*	data	
471,void,"xmlHashScanFull(_xmlHashTable* table ,void (i8*, i8*, i8*, i8*, i8*)* f ,i8* data )",void	xml	Hash	Scan	Full	xml	Hash	Table*	table	void	i8*	i8*	i8*	i8*	i8*	f	i8*	data	
472,i64,"xmlHashComputeKey(_xmlHashTable* table ,i8* name ,i8* name2 ,i8* name3 )",i64	xml	Hash	Compute	Key	xml	Hash	Table*	table	i8*	name	i8*	name	i8*	name	
473,void,"xmlHashScanFull3(_xmlHashTable* table ,i8* name ,i8* name2 ,i8* name3 ,void (i8*, i8*, i8*, i8*, i8*)* f ,i8* data )",void	xml	Hash	Scan	Full3	xml	Hash	Table*	table	i8*	name	i8*	name	i8*	name	void	i8*	i8*	i8*	i8*	i8*	f	i8*	data	
474,void,"xmlHashScanFull3(_xmlHashTable* table ,i8* name ,i8* name2 ,i8* name3 ,void (i8*, i8*, i8*, i8*, i8*)* f ,i8* data )",void	xml	Hash	Scan	Full3	xml	Hash	Table*	table	i8*	name	i8*	name	i8*	name	void	i8*	i8*	i8*	i8*	i8*	f	i8*	data	
475,void,"xmlHashScanFull3(_xmlHashTable* table ,i8* name ,i8* name2 ,i8* name3 ,void (i8*, i8*, i8*, i8*, i8*)* f ,i8* data )",void	xml	Hash	Scan	Full3	xml	Hash	Table*	table	i8*	name	i8*	name	i8*	name	void	i8*	i8*	i8*	i8*	i8*	f	i8*	data	
476,void,"xmlHashScanFull3(_xmlHashTable* table ,i8* name ,i8* name2 ,i8* name3 ,void (i8*, i8*, i8*, i8*, i8*)* f ,i8* data )",void	xml	Hash	Scan	Full3	xml	Hash	Table*	table	i8*	name	i8*	name	i8*	name	void	i8*	i8*	i8*	i8*	i8*	f	i8*	data	
477,void,"xmlHashScanFull3(_xmlHashTable* table ,i8* name ,i8* name2 ,i8* name3 ,void (i8*, i8*, i8*, i8*, i8*)* f ,i8* data )",void	xml	Hash	Scan	Full3	xml	Hash	Table*	table	i8*	name	i8*	name	i8*	name	void	i8*	i8*	i8*	i8*	i8*	f	i8*	data	
478,i64,"xmlHashComputeKey(_xmlHashTable* table ,i8* name ,i8* name2 ,i8* name3 )",i64	xml	Hash	Compute	Key	xml	Hash	Table*	table	i8*	name	i8*	name	i8*	name	
479,_xmlHashTable*,"xmlHashCopy(_xmlHashTable* table ,i8* (i8*, i8*)* f )",xml	Hash	Table*	xml	Hash	Copy	xml	Hash	Table*	table	i8*	i8*	i8*	f	
480,_xmlHashTable*,"xmlHashCopy(_xmlHashTable* table ,i8* (i8*, i8*)* f )",xml	Hash	Table*	xml	Hash	Copy	xml	Hash	Table*	table	i8*	i8*	i8*	f	
481,void,"htmlParseErr(_xmlParserCtxt* ctxt ,i32 error ,i8* msg ,i8* str1 ,i8* str2 )",void	html	Parse	Err	xml	Parser	Ctxt*	ctxt	i32	error	i8*	msg	i8*	str	i8*	str	
482,void,"htmlParseErr(_xmlParserCtxt* ctxt ,i32 error ,i8* msg ,i8* str1 ,i8* str2 )",void	html	Parse	Err	xml	Parser	Ctxt*	ctxt	i32	error	i8*	msg	i8*	str	i8*	str	
483,void,"htmlParseErr(_xmlParserCtxt* ctxt ,i32 error ,i8* msg ,i8* str1 ,i8* str2 )",void	html	Parse	Err	xml	Parser	Ctxt*	ctxt	i32	error	i8*	msg	i8*	str	i8*	str	
484,i32,"htmlAutoCloseTag(_xmlDoc* doc ,i8* name ,_xmlNode* elem )",i32	html	Auto	Close	Tag	xml	Doc*	doc	i8*	name	xml	Node*	elem	
485,i32,"htmlIsAutoClosed(_xmlDoc* doc ,_xmlNode* elem )",i32	html	Is	Auto	Closed	xml	Doc*	doc	xml	Node*	elem	
486,i32,htmlIsScriptAttribute(i8* name ),i32	html	Is	Script	Attribute	i8*	name	
487,_htmlEntityDesc*,htmlEntityValueLookup(i32 value ),html	Entity	Desc*	html	Entity	Value	Lookup	i32	value	
488,_htmlEntityDesc*,htmlEntityValueLookup(i32 value ),html	Entity	Desc*	html	Entity	Value	Lookup	i32	value	
489,i32,"UTF8ToHtml(i8* out ,i32* outlen ,i8* in ,i32* inlen )",i32	U	T	F8	To	Html	i8*	out	i	outlen	i8*	in	i	inlen	
490,i32,"UTF8ToHtml(i8* out ,i32* outlen ,i8* in ,i32* inlen )",i32	U	T	F8	To	Html	i8*	out	i	outlen	i8*	in	i	inlen	
491,i32,"UTF8ToHtml(i8* out ,i32* outlen ,i8* in ,i32* inlen )",i32	U	T	F8	To	Html	i8*	out	i	outlen	i8*	in	i	inlen	
492,i32,"UTF8ToHtml(i8* out ,i32* outlen ,i8* in ,i32* inlen )",i32	U	T	F8	To	Html	i8*	out	i	outlen	i8*	in	i	inlen	
493,i32,"UTF8ToHtml(i8* out ,i32* outlen ,i8* in ,i32* inlen )",i32	U	T	F8	To	Html	i8*	out	i	outlen	i8*	in	i	inlen	
494,i32,"UTF8ToHtml(i8* out ,i32* outlen ,i8* in ,i32* inlen )",i32	U	T	F8	To	Html	i8*	out	i	outlen	i8*	in	i	inlen	
495,i32,"htmlEncodeEntities(i8* out ,i32* outlen ,i8* in ,i32* inlen ,i32 quoteChar )",i32	html	Encode	Entities	i8*	out	i	outlen	i8*	in	i	inlen	i32	quote	Char	
496,i32,"htmlEncodeEntities(i8* out ,i32* outlen ,i8* in ,i32* inlen ,i32 quoteChar )",i32	html	Encode	Entities	i8*	out	i	outlen	i8*	in	i	inlen	i32	quote	Char	
497,i32,"htmlEncodeEntities(i8* out ,i32* outlen ,i8* in ,i32* inlen ,i32 quoteChar )",i32	html	Encode	Entities	i8*	out	i	outlen	i8*	in	i	inlen	i32	quote	Char	
498,i32,"htmlEncodeEntities(i8* out ,i32* outlen ,i8* in ,i32* inlen ,i32 quoteChar )",i32	html	Encode	Entities	i8*	out	i	outlen	i8*	in	i	inlen	i32	quote	Char	
499,i32,"htmlEncodeEntities(i8* out ,i32* outlen ,i8* in ,i32* inlen ,i32 quoteChar )",i32	html	Encode	Entities	i8*	out	i	outlen	i8*	in	i	inlen	i32	quote	Char	
500,i32,"htmlEncodeEntities(i8* out ,i32* outlen ,i8* in ,i32* inlen ,i32 quoteChar )",i32	html	Encode	Entities	i8*	out	i	outlen	i8*	in	i	inlen	i32	quote	Char	
501,i32,"htmlEncodeEntities(i8* out ,i32* outlen ,i8* in ,i32* inlen ,i32 quoteChar )",i32	html	Encode	Entities	i8*	out	i	outlen	i8*	in	i	inlen	i32	quote	Char	
502,_xmlDoc*,"htmlNewDocNoDtD(i8* URI ,i8* ExternalID )",xml	Doc*	html	New	Doc	No	Dt	D	i8*	U	R	I	i8*	External	I	D	
503,_xmlDoc*,"htmlNewDocNoDtD(i8* URI ,i8* ExternalID )",xml	Doc*	html	New	Doc	No	Dt	D	i8*	U	R	I	i8*	External	I	D	
504,_xmlDoc*,"htmlNewDoc(i8* URI ,i8* ExternalID )",xml	Doc*	html	New	Doc	i8*	U	R	I	i8*	External	I	D	
505,_xmlDoc*,"htmlNewDoc(i8* URI ,i8* ExternalID )",xml	Doc*	html	New	Doc	i8*	U	R	I	i8*	External	I	D	
506,_htmlEntityDesc*,"htmlParseEntityRef(_xmlParserCtxt* ctxt ,i8** str )",html	Entity	Desc*	html	Parse	Entity	Ref	xml	Parser	Ctxt*	ctxt	i	str	
507,_htmlEntityDesc*,"htmlParseEntityRef(_xmlParserCtxt* ctxt ,i8** str )",html	Entity	Desc*	html	Parse	Entity	Ref	xml	Parser	Ctxt*	ctxt	i	str	
508,_htmlEntityDesc*,"htmlParseEntityRef(_xmlParserCtxt* ctxt ,i8** str )",html	Entity	Desc*	html	Parse	Entity	Ref	xml	Parser	Ctxt*	ctxt	i	str	
509,_htmlEntityDesc*,"htmlParseEntityRef(_xmlParserCtxt* ctxt ,i8** str )",html	Entity	Desc*	html	Parse	Entity	Ref	xml	Parser	Ctxt*	ctxt	i	str	
510,i32,htmlParseCharRef(_xmlParserCtxt* ctxt ),i32	html	Parse	Char	Ref	xml	Parser	Ctxt*	ctxt	
511,void,"htmlErrMemory(_xmlParserCtxt* ctxt ,i8* extra )",void	html	Err	Memory	xml	Parser	Ctxt*	ctxt	i8*	extra	
512,void,"htmlErrMemory(_xmlParserCtxt* ctxt ,i8* extra )",void	html	Err	Memory	xml	Parser	Ctxt*	ctxt	i8*	extra	
513,void,"htmlErrMemory(_xmlParserCtxt* ctxt ,i8* extra )",void	html	Err	Memory	xml	Parser	Ctxt*	ctxt	i8*	extra	
514,void,"htmlDocContentDumpFormatOutput(_xmlOutputBuffer* buf ,_xmlDoc* cur ,i8* encoding ,i32 format )",void	html	Doc	Content	Dump	Format	Output	xml	Output	Buffer*	buf	xml	Doc*	cur	i8*	encoding	i32	format	
515,void,"htmlDocContentDumpFormatOutput(_xmlOutputBuffer* buf ,_xmlDoc* cur ,i8* encoding ,i32 format )",void	html	Doc	Content	Dump	Format	Output	xml	Output	Buffer*	buf	xml	Doc*	cur	i8*	encoding	i32	format	
516,i32,"htmlSetMetaEncoding(_xmlDoc* doc ,i8* encoding )",i32	html	Set	Meta	Encoding	xml	Doc*	doc	i8*	encoding	
517,i32,"htmlSetMetaEncoding(_xmlDoc* doc ,i8* encoding )",i32	html	Set	Meta	Encoding	xml	Doc*	doc	i8*	encoding	
518,i32,"htmlSetMetaEncoding(_xmlDoc* doc ,i8* encoding )",i32	html	Set	Meta	Encoding	xml	Doc*	doc	i8*	encoding	
519,i32,"htmlSetMetaEncoding(_xmlDoc* doc ,i8* encoding )",i32	html	Set	Meta	Encoding	xml	Doc*	doc	i8*	encoding	
520,i64,"htmlBufNodeDumpFormat(_xmlBuf* buf ,_xmlDoc* doc ,_xmlNode* cur ,i32 format )",i64	html	Buf	Node	Dump	Format	xml	Buf*	buf	xml	Doc*	doc	xml	Node*	cur	i32	format	
521,i64,"htmlBufNodeDumpFormat(_xmlBuf* buf ,_xmlDoc* doc ,_xmlNode* cur ,i32 format )",i64	html	Buf	Node	Dump	Format	xml	Buf*	buf	xml	Doc*	doc	xml	Node*	cur	i32	format	
522,i32,"htmlNodeDump(_xmlBuffer* buf ,_xmlDoc* doc ,_xmlNode* cur )",i32	html	Node	Dump	xml	Buffer*	buf	xml	Doc*	doc	xml	Node*	cur	
523,i32,"htmlNodeDump(_xmlBuffer* buf ,_xmlDoc* doc ,_xmlNode* cur )",i32	html	Node	Dump	xml	Buffer*	buf	xml	Doc*	doc	xml	Node*	cur	
524,i32,"htmlNodeDumpFileFormat(_IO_FILE* out ,_xmlDoc* doc ,_xmlNode* cur ,i8* encoding ,i32 format )",i32	html	Node	Dump	File	Format	I	O	F	I	L	E*	out	xml	Doc*	doc	xml	Node*	cur	i8*	encoding	i32	format	
525,i8*,htmlGetMetaEncoding(_xmlDoc* doc ),i8*	html	Get	Meta	Encoding	xml	Doc*	doc	
526,void,"htmlDocDumpMemoryFormat(_xmlDoc* cur ,i8** mem ,i32* size ,i32 format )",void	html	Doc	Dump	Memory	Format	xml	Doc*	cur	i	mem	i	size	i32	format	
527,void,"htmlDocDumpMemoryFormat(_xmlDoc* cur ,i8** mem ,i32* size ,i32 format )",void	html	Doc	Dump	Memory	Format	xml	Doc*	cur	i	mem	i	size	i32	format	
528,void,"htmlDocDumpMemoryFormat(_xmlDoc* cur ,i8** mem ,i32* size ,i32 format )",void	html	Doc	Dump	Memory	Format	xml	Doc*	cur	i	mem	i	size	i32	format	
529,void,"htmlAttrDumpOutput(_xmlOutputBuffer* buf ,_xmlDoc* doc ,_xmlAttr* cur ,i8* encoding )",void	html	Attr	Dump	Output	xml	Output	Buffer*	buf	xml	Doc*	doc	xml	Attr*	cur	i8*	encoding	
530,void,"htmlNodeDumpFormatOutput(_xmlOutputBuffer* buf ,_xmlDoc* doc ,_xmlNode* cur ,i8* encoding ,i32 format )",void	html	Node	Dump	Format	Output	xml	Output	Buffer*	buf	xml	Doc*	doc	xml	Node*	cur	i8*	encoding	i32	format	
531,void,"htmlNodeDumpFormatOutput(_xmlOutputBuffer* buf ,_xmlDoc* doc ,_xmlNode* cur ,i8* encoding ,i32 format )",void	html	Node	Dump	Format	Output	xml	Output	Buffer*	buf	xml	Doc*	doc	xml	Node*	cur	i8*	encoding	i32	format	
532,void,"htmlNodeDumpFormatOutput(_xmlOutputBuffer* buf ,_xmlDoc* doc ,_xmlNode* cur ,i8* encoding ,i32 format )",void	html	Node	Dump	Format	Output	xml	Output	Buffer*	buf	xml	Doc*	doc	xml	Node*	cur	i8*	encoding	i32	format	
533,void,"htmlNodeDumpFormatOutput(_xmlOutputBuffer* buf ,_xmlDoc* doc ,_xmlNode* cur ,i8* encoding ,i32 format )",void	html	Node	Dump	Format	Output	xml	Output	Buffer*	buf	xml	Doc*	doc	xml	Node*	cur	i8*	encoding	i32	format	
534,void,"htmlNodeDumpFormatOutput(_xmlOutputBuffer* buf ,_xmlDoc* doc ,_xmlNode* cur ,i8* encoding ,i32 format )",void	html	Node	Dump	Format	Output	xml	Output	Buffer*	buf	xml	Doc*	doc	xml	Node*	cur	i8*	encoding	i32	format	
535,void,"htmlNodeDumpFormatOutput(_xmlOutputBuffer* buf ,_xmlDoc* doc ,_xmlNode* cur ,i8* encoding ,i32 format )",void	html	Node	Dump	Format	Output	xml	Output	Buffer*	buf	xml	Doc*	doc	xml	Node*	cur	i8*	encoding	i32	format	
536,void,"htmlNodeDumpFormatOutput(_xmlOutputBuffer* buf ,_xmlDoc* doc ,_xmlNode* cur ,i8* encoding ,i32 format )",void	html	Node	Dump	Format	Output	xml	Output	Buffer*	buf	xml	Doc*	doc	xml	Node*	cur	i8*	encoding	i32	format	
537,i32,sqlMatch(i8* URI ),i32	sql	Match	i8*	U	R	I	
538,i8*,sqlOpen(i8* URI ),i8*	sql	Open	i8*	U	R	I	
539,i32,sqlClose(i8* context ),i32	sql	Close	i8*	context	
540,i32,"sqlRead(i8* context ,i8* buffer ,i32 len )",i32	sql	Read	i8*	context	i8*	buffer	i32	len	
541,i32,"sqlRead(i8* context ,i8* buffer ,i32 len )",i32	sql	Read	i8*	context	i8*	buffer	i32	len	
542,i32,"sqlRead(i8* context ,i8* buffer ,i32 len )",i32	sql	Read	i8*	context	i8*	buffer	i32	len	
543,i32,"sqlRead(i8* context ,i8* buffer ,i32 len )",i32	sql	Read	i8*	context	i8*	buffer	i32	len	
544,i32,"xmlGetFeaturesList(i32* len ,i8** result )",i32	xml	Get	Features	List	i	len	i	result	
545,i32,"xmlGetFeaturesList(i32* len ,i8** result )",i32	xml	Get	Features	List	i	len	i	result	
546,i32,"xmlGetFeaturesList(i32* len ,i8** result )",i32	xml	Get	Features	List	i	len	i	result	
547,i32,"xmlGetFeaturesList(i32* len ,i8** result )",i32	xml	Get	Features	List	i	len	i	result	
548,i32,"xmlGetFeaturesList(i32* len ,i8** result )",i32	xml	Get	Features	List	i	len	i	result	
549,i32,"xmlGetFeaturesList(i32* len ,i8** result )",i32	xml	Get	Features	List	i	len	i	result	
550,i32,"xmlGetFeature(_xmlParserCtxt* ctxt ,i8* name ,i8* result )",i32	xml	Get	Feature	xml	Parser	Ctxt*	ctxt	i8*	name	i8*	result	
551,i32,"xmlGetFeature(_xmlParserCtxt* ctxt ,i8* name ,i8* result )",i32	xml	Get	Feature	xml	Parser	Ctxt*	ctxt	i8*	name	i8*	result	
552,i32,"xmlGetFeature(_xmlParserCtxt* ctxt ,i8* name ,i8* result )",i32	xml	Get	Feature	xml	Parser	Ctxt*	ctxt	i8*	name	i8*	result	
553,i32,"xmlSetFeature(_xmlParserCtxt* ctxt ,i8* name ,i8* value )",i32	xml	Set	Feature	xml	Parser	Ctxt*	ctxt	i8*	name	i8*	value	
554,i32,"xmlSetFeature(_xmlParserCtxt* ctxt ,i8* name ,i8* value )",i32	xml	Set	Feature	xml	Parser	Ctxt*	ctxt	i8*	name	i8*	value	
555,i32,"xmlSetFeature(_xmlParserCtxt* ctxt ,i8* name ,i8* value )",i32	xml	Set	Feature	xml	Parser	Ctxt*	ctxt	i8*	name	i8*	value	
556,i8*,"xmlNanoFTPConnectTo(i8* server ,i32 port )",i8*	xml	Nano	F	T	P	Connect	To	i8*	server	i32	port	
557,i8*,"xmlNanoFTPConnectTo(i8* server ,i32 port )",i8*	xml	Nano	F	T	P	Connect	To	i8*	server	i32	port	
558,i8*,"xmlNanoFTPConnectTo(i8* server ,i32 port )",i8*	xml	Nano	F	T	P	Connect	To	i8*	server	i32	port	
559,i32,"xmlNanoFTPCwd(i8* ctx ,i8* directory )",i32	xml	Nano	F	T	P	Cwd	i8*	ctx	i8*	directory	
560,i32,"xmlNanoFTPDele(i8* ctx ,i8* file )",i32	xml	Nano	F	T	P	Dele	i8*	ctx	i8*	file	
561,i32,"xmlNanoFTPParseList(i8* list ,void (i8*, i8*, i8*, i8*, i8*, i64, i32, i32, i8*, i32, i32, i32)* callback ,i8* userData )",i32	xml	Nano	F	T	P	Parse	List	i8*	list	void	i8*	i8*	i8*	i8*	i8*	i64	i32	i32	i8*	i32	i32	i32	callback	i8*	user	Data	
562,i32,"xmlNanoFTPList(i8* ctx ,void (i8*, i8*, i8*, i8*, i8*, i64, i32, i32, i8*, i32, i32, i32)* callback ,i8* userData ,i8* filename )",i32	xml	Nano	F	T	P	List	i8*	ctx	void	i8*	i8*	i8*	i8*	i8*	i64	i32	i32	i8*	i32	i32	i32	callback	i8*	user	Data	i8*	filename	
563,i32,"xmlNanoFTPGetSocket(i8* ctx ,i8* filename )",i32	xml	Nano	F	T	P	Get	Socket	i8*	ctx	i8*	filename	
564,i32,"xmlNanoFTPGetSocket(i8* ctx ,i8* filename )",i32	xml	Nano	F	T	P	Get	Socket	i8*	ctx	i8*	filename	
565,i32,"xmlNanoFTPGetSocket(i8* ctx ,i8* filename )",i32	xml	Nano	F	T	P	Get	Socket	i8*	ctx	i8*	filename	
566,i32,"xmlNanoFTPGet(i8* ctx ,void (i8*, i8*, i32)* callback ,i8* userData ,i8* filename )",i32	xml	Nano	F	T	P	Get	i8*	ctx	void	i8*	i8*	i32	callback	i8*	user	Data	i8*	filename	
567,i32,"xmlNanoFTPGet(i8* ctx ,void (i8*, i8*, i32)* callback ,i8* userData ,i8* filename )",i32	xml	Nano	F	T	P	Get	i8*	ctx	void	i8*	i8*	i32	callback	i8*	user	Data	i8*	filename	
568,i32,"xmlNanoFTPRead(i8* ctx ,i8* dest ,i32 len )",i32	xml	Nano	F	T	P	Read	i8*	ctx	i8*	dest	i32	len	
569,i32,"xmlNanoFTPRead(i8* ctx ,i8* dest ,i32 len )",i32	xml	Nano	F	T	P	Read	i8*	ctx	i8*	dest	i32	len	
570,i32,"xmlNanoFTPRead(i8* ctx ,i8* dest ,i32 len )",i32	xml	Nano	F	T	P	Read	i8*	ctx	i8*	dest	i32	len	
571,i32,"xmlNanoFTPRead(i8* ctx ,i8* dest ,i32 len )",i32	xml	Nano	F	T	P	Read	i8*	ctx	i8*	dest	i32	len	
572,i32,"xmlNanoFTPRead(i8* ctx ,i8* dest ,i32 len )",i32	xml	Nano	F	T	P	Read	i8*	ctx	i8*	dest	i32	len	
573,i8*,xmlNanoFTPOpen(i8* URL ),i8*	xml	Nano	F	T	P	Open	i8*	U	R	L	
574,void,"xmlNanoFTPProxy(i8* host ,i32 port ,i8* user ,i8* passwd ,i32 type )",void	xml	Nano	F	T	P	Proxy	i8*	host	i32	port	i8*	user	i8*	passwd	i32	type	
575,void,"xmlNanoFTPProxy(i8* host ,i32 port ,i8* user ,i8* passwd ,i32 type )",void	xml	Nano	F	T	P	Proxy	i8*	host	i32	port	i8*	user	i8*	passwd	i32	type	
576,void,"xmlNanoFTPProxy(i8* host ,i32 port ,i8* user ,i8* passwd ,i32 type )",void	xml	Nano	F	T	P	Proxy	i8*	host	i32	port	i8*	user	i8*	passwd	i32	type	
577,void,"xmlNanoFTPScanURL(i8* ctx ,i8* URL )",void	xml	Nano	F	T	P	Scan	U	R	L	i8*	ctx	i8*	U	R	L	
578,i32,"xmlNanoFTPUpdateURL(i8* ctx ,i8* URL )",i32	xml	Nano	F	T	P	Update	U	R	L	i8*	ctx	i8*	U	R	L	
579,void,xmlNanoFTPScanProxy(i8* URL ),void	xml	Nano	F	T	P	Scan	Proxy	i8*	U	R	L	
580,i8*,xmlNanoFTPNewCtxt(i8* URL ),i8*	xml	Nano	F	T	P	New	Ctxt	i8*	U	R	L	
581,i32,"xmlNanoFTPParseResponse(i8* buf ,i32 len )",i32	xml	Nano	F	T	P	Parse	Response	i8*	buf	i32	len	
582,i8*,"xmlNanoHTTPOpen(i8* URL ,i8** contentType )",i8*	xml	Nano	H	T	T	P	Open	i8*	U	R	L	i	content	Type	
583,i8*,"xmlNanoHTTPOpenRedir(i8* URL ,i8** contentType ,i8** redir )",i8*	xml	Nano	H	T	T	P	Open	Redir	i8*	U	R	L	i	content	Type	i	redir	
584,i8*,"xmlNanoHTTPOpenRedir(i8* URL ,i8** contentType ,i8** redir )",i8*	xml	Nano	H	T	T	P	Open	Redir	i8*	U	R	L	i	content	Type	i	redir	
585,i32,"xmlNanoHTTPRead(i8* ctx ,i8* dest ,i32 len )",i32	xml	Nano	H	T	T	P	Read	i8*	ctx	i8*	dest	i32	len	
586,i32,"xmlNanoHTTPRead(i8* ctx ,i8* dest ,i32 len )",i32	xml	Nano	H	T	T	P	Read	i8*	ctx	i8*	dest	i32	len	
587,i32,"xmlNanoHTTPRead(i8* ctx ,i8* dest ,i32 len )",i32	xml	Nano	H	T	T	P	Read	i8*	ctx	i8*	dest	i32	len	
588,void,xmlNanoHTTPClose(i8* ctx ),void	xml	Nano	H	T	T	P	Close	i8*	ctx	
589,i8*,"xmlNanoHTTPMethodRedir(i8* URL ,i8* method ,i8* input ,i8** contentType ,i8** redir ,i8* headers ,i32 ilen )",i8*	xml	Nano	H	T	T	P	Method	Redir	i8*	U	R	L	i8*	method	i8*	input	i	content	Type	i	redir	i8*	headers	i32	ilen	
590,i8*,"xmlNanoHTTPMethodRedir(i8* URL ,i8* method ,i8* input ,i8** contentType ,i8** redir ,i8* headers ,i32 ilen )",i8*	xml	Nano	H	T	T	P	Method	Redir	i8*	U	R	L	i8*	method	i8*	input	i	content	Type	i	redir	i8*	headers	i32	ilen	
591,i8*,"xmlNanoHTTPMethodRedir(i8* URL ,i8* method ,i8* input ,i8** contentType ,i8** redir ,i8* headers ,i32 ilen )",i8*	xml	Nano	H	T	T	P	Method	Redir	i8*	U	R	L	i8*	method	i8*	input	i	content	Type	i	redir	i8*	headers	i32	ilen	
592,i8*,"xmlNanoHTTPMethodRedir(i8* URL ,i8* method ,i8* input ,i8** contentType ,i8** redir ,i8* headers ,i32 ilen )",i8*	xml	Nano	H	T	T	P	Method	Redir	i8*	U	R	L	i8*	method	i8*	input	i	content	Type	i	redir	i8*	headers	i32	ilen	
593,i8*,"xmlNanoHTTPMethodRedir(i8* URL ,i8* method ,i8* input ,i8** contentType ,i8** redir ,i8* headers ,i32 ilen )",i8*	xml	Nano	H	T	T	P	Method	Redir	i8*	U	R	L	i8*	method	i8*	input	i	content	Type	i	redir	i8*	headers	i32	ilen	
594,i8*,"xmlNanoHTTPMethodRedir(i8* URL ,i8* method ,i8* input ,i8** contentType ,i8** redir ,i8* headers ,i32 ilen )",i8*	xml	Nano	H	T	T	P	Method	Redir	i8*	U	R	L	i8*	method	i8*	input	i	content	Type	i	redir	i8*	headers	i32	ilen	
595,i8*,"xmlNanoHTTPMethodRedir(i8* URL ,i8* method ,i8* input ,i8** contentType ,i8** redir ,i8* headers ,i32 ilen )",i8*	xml	Nano	H	T	T	P	Method	Redir	i8*	U	R	L	i8*	method	i8*	input	i	content	Type	i	redir	i8*	headers	i32	ilen	
596,i8*,"xmlNanoHTTPMethodRedir(i8* URL ,i8* method ,i8* input ,i8** contentType ,i8** redir ,i8* headers ,i32 ilen )",i8*	xml	Nano	H	T	T	P	Method	Redir	i8*	U	R	L	i8*	method	i8*	input	i	content	Type	i	redir	i8*	headers	i32	ilen	
597,i8*,"xmlNanoHTTPMethodRedir(i8* URL ,i8* method ,i8* input ,i8** contentType ,i8** redir ,i8* headers ,i32 ilen )",i8*	xml	Nano	H	T	T	P	Method	Redir	i8*	U	R	L	i8*	method	i8*	input	i	content	Type	i	redir	i8*	headers	i32	ilen	
598,i8*,"xmlNanoHTTPMethodRedir(i8* URL ,i8* method ,i8* input ,i8** contentType ,i8** redir ,i8* headers ,i32 ilen )",i8*	xml	Nano	H	T	T	P	Method	Redir	i8*	U	R	L	i8*	method	i8*	input	i	content	Type	i	redir	i8*	headers	i32	ilen	
599,i8*,"xmlNanoHTTPMethodRedir(i8* URL ,i8* method ,i8* input ,i8** contentType ,i8** redir ,i8* headers ,i32 ilen )",i8*	xml	Nano	H	T	T	P	Method	Redir	i8*	U	R	L	i8*	method	i8*	input	i	content	Type	i	redir	i8*	headers	i32	ilen	
600,i8*,"xmlNanoHTTPMethodRedir(i8* URL ,i8* method ,i8* input ,i8** contentType ,i8** redir ,i8* headers ,i32 ilen )",i8*	xml	Nano	H	T	T	P	Method	Redir	i8*	U	R	L	i8*	method	i8*	input	i	content	Type	i	redir	i8*	headers	i32	ilen	
601,i8*,"xmlNanoHTTPMethodRedir(i8* URL ,i8* method ,i8* input ,i8** contentType ,i8** redir ,i8* headers ,i32 ilen )",i8*	xml	Nano	H	T	T	P	Method	Redir	i8*	U	R	L	i8*	method	i8*	input	i	content	Type	i	redir	i8*	headers	i32	ilen	
602,i8*,"xmlNanoHTTPMethodRedir(i8* URL ,i8* method ,i8* input ,i8** contentType ,i8** redir ,i8* headers ,i32 ilen )",i8*	xml	Nano	H	T	T	P	Method	Redir	i8*	U	R	L	i8*	method	i8*	input	i	content	Type	i	redir	i8*	headers	i32	ilen	
603,i32,"xmlNanoHTTPFetch(i8* URL ,i8* filename ,i8** contentType )",i32	xml	Nano	H	T	T	P	Fetch	i8*	U	R	L	i8*	filename	i	content	Type	
604,i32,"xmlNanoHTTPFetch(i8* URL ,i8* filename ,i8** contentType )",i32	xml	Nano	H	T	T	P	Fetch	i8*	U	R	L	i8*	filename	i	content	Type	
605,i32,"xmlNanoHTTPFetch(i8* URL ,i8* filename ,i8** contentType )",i32	xml	Nano	H	T	T	P	Fetch	i8*	U	R	L	i8*	filename	i	content	Type	
606,i32,"xmlNanoHTTPSave(i8* ctxt ,i8* filename )",i32	xml	Nano	H	T	T	P	Save	i8*	ctxt	i8*	filename	
607,i32,"xmlNanoHTTPSave(i8* ctxt ,i8* filename )",i32	xml	Nano	H	T	T	P	Save	i8*	ctxt	i8*	filename	
608,i32,"xmlNanoHTTPFetchContent(i8* ctx ,i8** ptr ,i32* len )",i32	xml	Nano	H	T	T	P	Fetch	Content	i8*	ctx	i	ptr	i	len	
609,i32,"xmlNanoHTTPFetchContent(i8* ctx ,i8** ptr ,i32* len )",i32	xml	Nano	H	T	T	P	Fetch	Content	i8*	ctx	i	ptr	i	len	
610,void,"xmlNanoHTTPScanURL(xmlNanoHTTPCtxt* ctxt ,i8* URL )",void	xml	Nano	H	T	T	P	Scan	U	R	L	xml	Nano	H	T	T	P	Ctxt*	ctxt	i8*	U	R	L	
611,void,xmlNanoHTTPScanProxy(i8* URL ),void	xml	Nano	H	T	T	P	Scan	Proxy	i8*	U	R	L	
612,void,xmlNanoHTTPFreeCtxt(xmlNanoHTTPCtxt* ctxt ),void	xml	Nano	H	T	T	P	Free	Ctxt	xml	Nano	H	T	T	P	Ctxt*	ctxt	
613,i32,"xmlNanoHTTPSend(xmlNanoHTTPCtxt* ctxt ,i8* xmt_ptr ,i32 outlen )",i32	xml	Nano	H	T	T	P	Send	xml	Nano	H	T	T	P	Ctxt*	ctxt	i8*	xmt	ptr	i32	outlen	
614,i32,"xmlNanoHTTPSend(xmlNanoHTTPCtxt* ctxt ,i8* xmt_ptr ,i32 outlen )",i32	xml	Nano	H	T	T	P	Send	xml	Nano	H	T	T	P	Ctxt*	ctxt	i8*	xmt	ptr	i32	outlen	
615,void,"xmlNanoHTTPScanAnswer(xmlNanoHTTPCtxt* ctxt ,i8* line )",void	xml	Nano	H	T	T	P	Scan	Answer	xml	Nano	H	T	T	P	Ctxt*	ctxt	i8*	line	
616,i32,"main(i32 argc ,i8** argv )",i32	main	i32	argc	i	argv	
617,i32,"main(i32 argc ,i8** argv )",i32	main	i32	argc	i	argv	
618,i32,"main(i32 argc ,i8** argv )",i32	main	i32	argc	i	argv	
619,i32,xmlCheckLanguageID(i8* lang ),i32	xml	Check	Language	I	D	i8*	lang	
620,i32,"inputPush(_xmlParserCtxt* ctxt ,_xmlParserInput* value )",i32	input	Push	xml	Parser	Ctxt*	ctxt	xml	Parser	Input*	value	
621,i32,"inputPush(_xmlParserCtxt* ctxt ,_xmlParserInput* value )",i32	input	Push	xml	Parser	Ctxt*	ctxt	xml	Parser	Input*	value	
622,_xmlParserInput*,inputPop(_xmlParserCtxt* ctxt ),xml	Parser	Input*	input	Pop	xml	Parser	Ctxt*	ctxt	
623,i32,"nodePush(_xmlParserCtxt* ctxt ,_xmlNode* value )",i32	node	Push	xml	Parser	Ctxt*	ctxt	xml	Node*	value	
624,_xmlNode*,nodePop(_xmlParserCtxt* ctxt ),xml	Node*	node	Pop	xml	Parser	Ctxt*	ctxt	
625,i32,"namePush(_xmlParserCtxt* ctxt ,i8* value )",i32	name	Push	xml	Parser	Ctxt*	ctxt	i8*	value	
626,i8*,namePop(_xmlParserCtxt* ctxt ),i8*	name	Pop	xml	Parser	Ctxt*	ctxt	
627,void,"xmlFatalErrMsgInt(_xmlParserCtxt* ctxt ,i32 error ,i8* msg ,i32 val )",void	xml	Fatal	Err	Msg	Int	xml	Parser	Ctxt*	ctxt	i32	error	i8*	msg	i32	val	
628,void,"xmlFatalErrMsgInt(_xmlParserCtxt* ctxt ,i32 error ,i8* msg ,i32 val )",void	xml	Fatal	Err	Msg	Int	xml	Parser	Ctxt*	ctxt	i32	error	i8*	msg	i32	val	
629,void,"xmlFatalErrMsgInt(_xmlParserCtxt* ctxt ,i32 error ,i8* msg ,i32 val )",void	xml	Fatal	Err	Msg	Int	xml	Parser	Ctxt*	ctxt	i32	error	i8*	msg	i32	val	
630,void,"xmlErrMemory(_xmlParserCtxt* ctxt ,i8* extra )",void	xml	Err	Memory	xml	Parser	Ctxt*	ctxt	i8*	extra	
631,void,"xmlErrMemory(_xmlParserCtxt* ctxt ,i8* extra )",void	xml	Err	Memory	xml	Parser	Ctxt*	ctxt	i8*	extra	
632,void,"xmlErrMemory(_xmlParserCtxt* ctxt ,i8* extra )",void	xml	Err	Memory	xml	Parser	Ctxt*	ctxt	i8*	extra	
633,void,"__xmlErrEncoding(_xmlParserCtxt* ctxt ,i32 xmlerr ,i8* msg ,i8* str1 ,i8* str2 )",void	xml	Err	Encoding	xml	Parser	Ctxt*	ctxt	i32	xmlerr	i8*	msg	i8*	str	i8*	str	
634,void,"__xmlErrEncoding(_xmlParserCtxt* ctxt ,i32 xmlerr ,i8* msg ,i8* str1 ,i8* str2 )",void	xml	Err	Encoding	xml	Parser	Ctxt*	ctxt	i32	xmlerr	i8*	msg	i8*	str	i8*	str	
635,void,"__xmlErrEncoding(_xmlParserCtxt* ctxt ,i32 xmlerr ,i8* msg ,i8* str1 ,i8* str2 )",void	xml	Err	Encoding	xml	Parser	Ctxt*	ctxt	i32	xmlerr	i8*	msg	i8*	str	i8*	str	
636,i32,xmlIsLetter(i32 c ),i32	xml	Is	Letter	i32	c	
637,void,xmlCheckVersion(i32 version ),void	xml	Check	Version	i32	version	
638,void,xmlCheckVersion(i32 version ),void	xml	Check	Version	i32	version	
639,void,xmlFreeStreamComp(_xmlStreamComp* comp ),void	xml	Free	Stream	Comp	xml	Stream	Comp*	comp	
640,void,xmlFreeStreamCtxt(_xmlStreamCtxt* stream ),void	xml	Free	Stream	Ctxt	xml	Stream	Ctxt*	stream	
641,i32,"xmlStreamPushInternal(_xmlStreamCtxt* stream ,i8* name ,i8* ns ,i32 nodeType )",i32	xml	Stream	Push	Internal	xml	Stream	Ctxt*	stream	i8*	name	i8*	ns	i32	node	Type	
642,i32,"xmlStreamPushInternal(_xmlStreamCtxt* stream ,i8* name ,i8* ns ,i32 nodeType )",i32	xml	Stream	Push	Internal	xml	Stream	Ctxt*	stream	i8*	name	i8*	ns	i32	node	Type	
643,i32,"xmlStreamPushInternal(_xmlStreamCtxt* stream ,i8* name ,i8* ns ,i32 nodeType )",i32	xml	Stream	Push	Internal	xml	Stream	Ctxt*	stream	i8*	name	i8*	ns	i32	node	Type	
644,i32,"xmlStreamPushInternal(_xmlStreamCtxt* stream ,i8* name ,i8* ns ,i32 nodeType )",i32	xml	Stream	Push	Internal	xml	Stream	Ctxt*	stream	i8*	name	i8*	ns	i32	node	Type	
645,i32,"xmlStreamPushInternal(_xmlStreamCtxt* stream ,i8* name ,i8* ns ,i32 nodeType )",i32	xml	Stream	Push	Internal	xml	Stream	Ctxt*	stream	i8*	name	i8*	ns	i32	node	Type	
646,i32,"xmlStreamPushInternal(_xmlStreamCtxt* stream ,i8* name ,i8* ns ,i32 nodeType )",i32	xml	Stream	Push	Internal	xml	Stream	Ctxt*	stream	i8*	name	i8*	ns	i32	node	Type	
647,i32,"xmlStreamPushInternal(_xmlStreamCtxt* stream ,i8* name ,i8* ns ,i32 nodeType )",i32	xml	Stream	Push	Internal	xml	Stream	Ctxt*	stream	i8*	name	i8*	ns	i32	node	Type	
648,i32,"xmlStreamPushInternal(_xmlStreamCtxt* stream ,i8* name ,i8* ns ,i32 nodeType )",i32	xml	Stream	Push	Internal	xml	Stream	Ctxt*	stream	i8*	name	i8*	ns	i32	node	Type	
649,i32,"xmlStreamPushInternal(_xmlStreamCtxt* stream ,i8* name ,i8* ns ,i32 nodeType )",i32	xml	Stream	Push	Internal	xml	Stream	Ctxt*	stream	i8*	name	i8*	ns	i32	node	Type	
650,i32,"xmlStreamPushInternal(_xmlStreamCtxt* stream ,i8* name ,i8* ns ,i32 nodeType )",i32	xml	Stream	Push	Internal	xml	Stream	Ctxt*	stream	i8*	name	i8*	ns	i32	node	Type	
651,i32,"xmlStreamPushInternal(_xmlStreamCtxt* stream ,i8* name ,i8* ns ,i32 nodeType )",i32	xml	Stream	Push	Internal	xml	Stream	Ctxt*	stream	i8*	name	i8*	ns	i32	node	Type	
652,i32,"xmlStreamPushInternal(_xmlStreamCtxt* stream ,i8* name ,i8* ns ,i32 nodeType )",i32	xml	Stream	Push	Internal	xml	Stream	Ctxt*	stream	i8*	name	i8*	ns	i32	node	Type	
653,i32,"xmlStreamPushInternal(_xmlStreamCtxt* stream ,i8* name ,i8* ns ,i32 nodeType )",i32	xml	Stream	Push	Internal	xml	Stream	Ctxt*	stream	i8*	name	i8*	ns	i32	node	Type	
654,i32,"xmlStreamPushInternal(_xmlStreamCtxt* stream ,i8* name ,i8* ns ,i32 nodeType )",i32	xml	Stream	Push	Internal	xml	Stream	Ctxt*	stream	i8*	name	i8*	ns	i32	node	Type	
655,i32,"xmlStreamPushInternal(_xmlStreamCtxt* stream ,i8* name ,i8* ns ,i32 nodeType )",i32	xml	Stream	Push	Internal	xml	Stream	Ctxt*	stream	i8*	name	i8*	ns	i32	node	Type	
656,i32,"xmlStreamPushInternal(_xmlStreamCtxt* stream ,i8* name ,i8* ns ,i32 nodeType )",i32	xml	Stream	Push	Internal	xml	Stream	Ctxt*	stream	i8*	name	i8*	ns	i32	node	Type	
657,i32,"xmlStreamPushInternal(_xmlStreamCtxt* stream ,i8* name ,i8* ns ,i32 nodeType )",i32	xml	Stream	Push	Internal	xml	Stream	Ctxt*	stream	i8*	name	i8*	ns	i32	node	Type	
658,i32,"xmlStreamPushInternal(_xmlStreamCtxt* stream ,i8* name ,i8* ns ,i32 nodeType )",i32	xml	Stream	Push	Internal	xml	Stream	Ctxt*	stream	i8*	name	i8*	ns	i32	node	Type	
659,i32,"xmlStreamPushInternal(_xmlStreamCtxt* stream ,i8* name ,i8* ns ,i32 nodeType )",i32	xml	Stream	Push	Internal	xml	Stream	Ctxt*	stream	i8*	name	i8*	ns	i32	node	Type	
660,i32,xmlStreamPop(_xmlStreamCtxt* stream ),i32	xml	Stream	Pop	xml	Stream	Ctxt*	stream	
661,i32,xmlStreamPop(_xmlStreamCtxt* stream ),i32	xml	Stream	Pop	xml	Stream	Ctxt*	stream	
662,i32,xmlStreamWantsAnyNode(_xmlStreamCtxt* streamCtxt ),i32	xml	Stream	Wants	Any	Node	xml	Stream	Ctxt*	stream	Ctxt	
663,i32,xmlStreamWantsAnyNode(_xmlStreamCtxt* streamCtxt ),i32	xml	Stream	Wants	Any	Node	xml	Stream	Ctxt*	stream	Ctxt	
664,void,xmlFreePattern(_xmlPattern* comp ),void	xml	Free	Pattern	xml	Pattern*	comp	
665,_xmlPattern*,"xmlPatterncompile(i8* pattern ,_xmlDict* dict ,i32 flags ,i8** namespaces )",xml	Pattern*	xml	Patterncompile	i8*	pattern	xml	Dict*	dict	i32	flags	i	namespaces	
666,_xmlPattern*,"xmlPatterncompile(i8* pattern ,_xmlDict* dict ,i32 flags ,i8** namespaces )",xml	Pattern*	xml	Patterncompile	i8*	pattern	xml	Dict*	dict	i32	flags	i	namespaces	
667,void,xmlFreePatternList(_xmlPattern* comp ),void	xml	Free	Pattern	List	xml	Pattern*	comp	
668,_xmlPatParserContext*,"xmlNewPatParserContext(i8* pattern ,_xmlDict* dict ,i8** namespaces )",xml	Pat	Parser	Context*	xml	New	Pat	Parser	Context	i8*	pattern	xml	Dict*	dict	i	namespaces	
669,_xmlPatParserContext*,"xmlNewPatParserContext(i8* pattern ,_xmlDict* dict ,i8** namespaces )",xml	Pat	Parser	Context*	xml	New	Pat	Parser	Context	i8*	pattern	xml	Dict*	dict	i	namespaces	
670,i32,"main(i32 argc ,i8** argv )",i32	main	i32	argc	i	argv	
671,i32,"main(i32 argc ,i8** argv )",i32	main	i32	argc	i	argv	
672,i32,"main(i32 argc ,i8** argv )",i32	main	i32	argc	i	argv	
673,i32,"main(i32 argc ,i8** argv )",i32	main	i32	argc	i	argv	
674,i32,"xmlRelaxParserSetFlag(_xmlRelaxNGParserCtxt* ctxt ,i32 flags )",i32	xml	Relax	Parser	Set	Flag	xml	Relax	N	G	Parser	Ctxt*	ctxt	i32	flags	
675,i32,"xmlRelaxParserSetFlag(_xmlRelaxNGParserCtxt* ctxt ,i32 flags )",i32	xml	Relax	Parser	Set	Flag	xml	Relax	N	G	Parser	Ctxt*	ctxt	i32	flags	
676,i32,"xmlRelaxParserSetFlag(_xmlRelaxNGParserCtxt* ctxt ,i32 flags )",i32	xml	Relax	Parser	Set	Flag	xml	Relax	N	G	Parser	Ctxt*	ctxt	i32	flags	
677,i32,"xmlRelaxParserSetFlag(_xmlRelaxNGParserCtxt* ctxt ,i32 flags )",i32	xml	Relax	Parser	Set	Flag	xml	Relax	N	G	Parser	Ctxt*	ctxt	i32	flags	
678,void,"xmlRelaxNGAddValidError(_xmlRelaxNGValidCtxt* ctxt ,i32 err ,i8* arg1 ,i8* arg2 ,i32 dup )",void	xml	Relax	N	G	Add	Valid	Error	xml	Relax	N	G	Valid	Ctxt*	ctxt	i32	err	i8*	arg	i8*	arg	i32	dup	
679,i32,"xmlRelaxNGSchemaTypeHave(i8* data ,i8* type )",i32	xml	Relax	N	G	Schema	Type	Have	i8*	data	i8*	type	
680,i32,"xmlRelaxNGSchemaTypeCheck(i8* data ,i8* type ,i8* value ,i8** result ,_xmlNode* node )",i32	xml	Relax	N	G	Schema	Type	Check	i8*	data	i8*	type	i8*	value	i	result	xml	Node*	node	
681,i32,"xmlRelaxNGSchemaTypeCheck(i8* data ,i8* type ,i8* value ,i8** result ,_xmlNode* node )",i32	xml	Relax	N	G	Schema	Type	Check	i8*	data	i8*	type	i8*	value	i	result	xml	Node*	node	
682,i32,"xmlRelaxNGSchemaFacetCheck(i8* data ,i8* type ,i8* facetname ,i8* val ,i8* strval ,i8* value )",i32	xml	Relax	N	G	Schema	Facet	Check	i8*	data	i8*	type	i8*	facetname	i8*	val	i8*	strval	i8*	value	
683,i32,"xmlRelaxNGSchemaFacetCheck(i8* data ,i8* type ,i8* facetname ,i8* val ,i8* strval ,i8* value )",i32	xml	Relax	N	G	Schema	Facet	Check	i8*	data	i8*	type	i8*	facetname	i8*	val	i8*	strval	i8*	value	
684,i32,"xmlRelaxNGSchemaTypeCompare(i8* data ,i8* type ,i8* value1 ,_xmlNode* ctxt1 ,i8* comp1 ,i8* value2 ,_xmlNode* ctxt2 )",i32	xml	Relax	N	G	Schema	Type	Compare	i8*	data	i8*	type	i8*	value	xml	Node*	ctxt	i8*	comp	i8*	value	xml	Node*	ctxt	
685,i32,"xmlRelaxNGSchemaTypeCompare(i8* data ,i8* type ,i8* value1 ,_xmlNode* ctxt1 ,i8* comp1 ,i8* value2 ,_xmlNode* ctxt2 )",i32	xml	Relax	N	G	Schema	Type	Compare	i8*	data	i8*	type	i8*	value	xml	Node*	ctxt	i8*	comp	i8*	value	xml	Node*	ctxt	
686,i32,"xmlRelaxNGSchemaTypeCompare(i8* data ,i8* type ,i8* value1 ,_xmlNode* ctxt1 ,i8* comp1 ,i8* value2 ,_xmlNode* ctxt2 )",i32	xml	Relax	N	G	Schema	Type	Compare	i8*	data	i8*	type	i8*	value	xml	Node*	ctxt	i8*	comp	i8*	value	xml	Node*	ctxt	
687,i32,"xmlRelaxNGSchemaTypeCompare(i8* data ,i8* type ,i8* value1 ,_xmlNode* ctxt1 ,i8* comp1 ,i8* value2 ,_xmlNode* ctxt2 )",i32	xml	Relax	N	G	Schema	Type	Compare	i8*	data	i8*	type	i8*	value	xml	Node*	ctxt	i8*	comp	i8*	value	xml	Node*	ctxt	
688,i32,"xmlRelaxNGDefaultTypeHave(i8* data ,i8* type )",i32	xml	Relax	N	G	Default	Type	Have	i8*	data	i8*	type	
689,i32,"xmlRelaxNGDefaultTypeCheck(i8* data ,i8* type ,i8* value ,i8** result ,_xmlNode* node )",i32	xml	Relax	N	G	Default	Type	Check	i8*	data	i8*	type	i8*	value	i	result	xml	Node*	node	
690,void,"xmlRelaxNGFreeTypeLibrary(_xmlRelaxNGTypeLibrary* lib ,i8* namespace )",void	xml	Relax	N	G	Free	Type	Library	xml	Relax	N	G	Type	Library*	lib	i8*	namespace	
691,i32,"xmlRelaxNGRegisterTypeLibrary(i8* namespace ,i8* data ,i32 (i8*, i8*)* have ,i32 (i8*, i8*, i8*, i8**, _xmlNode*)* check ,i32 (i8*, i8*, i8*, _xmlNode*, i8*, i8*, %struct._xmlNode*)* comp ,i32 (i8*, i8*, i8*, i8*, i8*, i8*)* facet ,void (i8*, i8*)* freef )",i32	xml	Relax	N	G	Register	Type	Library	i8*	namespace	i8*	data	i32	i8*	i8*	have	i32	i8*	i8*	i8*	i	xml	Node*	check	i32	i8*	i8*	i8*	xml	Node*	i8*	i8*	struct	xml	Node*	comp	i32	i8*	i8*	i8*	i8*	i8*	i8*	facet	void	i8*	i8*	freef	
692,i32,"xmlRelaxNGRegisterTypeLibrary(i8* namespace ,i8* data ,i32 (i8*, i8*)* have ,i32 (i8*, i8*, i8*, i8**, _xmlNode*)* check ,i32 (i8*, i8*, i8*, _xmlNode*, i8*, i8*, %struct._xmlNode*)* comp ,i32 (i8*, i8*, i8*, i8*, i8*, i8*)* facet ,void (i8*, i8*)* freef )",i32	xml	Relax	N	G	Register	Type	Library	i8*	namespace	i8*	data	i32	i8*	i8*	have	i32	i8*	i8*	i8*	i	xml	Node*	check	i32	i8*	i8*	i8*	xml	Node*	i8*	i8*	struct	xml	Node*	comp	i32	i8*	i8*	i8*	i8*	i8*	i8*	facet	void	i8*	i8*	freef	
693,i32,"xmlRelaxNGRegisterTypeLibrary(i8* namespace ,i8* data ,i32 (i8*, i8*)* have ,i32 (i8*, i8*, i8*, i8**, _xmlNode*)* check ,i32 (i8*, i8*, i8*, _xmlNode*, i8*, i8*, %struct._xmlNode*)* comp ,i32 (i8*, i8*, i8*, i8*, i8*, i8*)* facet ,void (i8*, i8*)* freef )",i32	xml	Relax	N	G	Register	Type	Library	i8*	namespace	i8*	data	i32	i8*	i8*	have	i32	i8*	i8*	i8*	i	xml	Node*	check	i32	i8*	i8*	i8*	xml	Node*	i8*	i8*	struct	xml	Node*	comp	i32	i8*	i8*	i8*	i8*	i8*	i8*	facet	void	i8*	i8*	freef	
694,i32,"xmlRelaxNGTryCompile(_xmlRelaxNGParserCtxt* ctxt ,_xmlRelaxNGDefine* def )",i32	xml	Relax	N	G	Try	Compile	xml	Relax	N	G	Parser	Ctxt*	ctxt	xml	Relax	N	G	Define*	def	
695,i32,"xmlRelaxNGTryCompile(_xmlRelaxNGParserCtxt* ctxt ,_xmlRelaxNGDefine* def )",i32	xml	Relax	N	G	Try	Compile	xml	Relax	N	G	Parser	Ctxt*	ctxt	xml	Relax	N	G	Define*	def	
696,void,"xmlRngPErrMemory(_xmlRelaxNGParserCtxt* ctxt ,i8* extra )",void	xml	Rng	P	Err	Memory	xml	Relax	N	G	Parser	Ctxt*	ctxt	i8*	extra	
697,void,"xmlRngPErrMemory(_xmlRelaxNGParserCtxt* ctxt ,i8* extra )",void	xml	Rng	P	Err	Memory	xml	Relax	N	G	Parser	Ctxt*	ctxt	i8*	extra	
698,void,"xmlRngPErr(_xmlRelaxNGParserCtxt* ctxt ,_xmlNode* node ,i32 error ,i8* msg ,i8* str1 ,i8* str2 )",void	xml	Rng	P	Err	xml	Relax	N	G	Parser	Ctxt*	ctxt	xml	Node*	node	i32	error	i8*	msg	i8*	str	i8*	str	
699,_xmlRelaxNG*,"xmlRelaxNGParseDocument(_xmlRelaxNGParserCtxt* ctxt ,_xmlNode* node )",xml	Relax	N	G*	xml	Relax	N	G	Parse	Document	xml	Relax	N	G	Parser	Ctxt*	ctxt	xml	Node*	node	
700,_xmlRelaxNG*,"xmlRelaxNGParseDocument(_xmlRelaxNGParserCtxt* ctxt ,_xmlNode* node )",xml	Relax	N	G*	xml	Relax	N	G	Parse	Document	xml	Relax	N	G	Parser	Ctxt*	ctxt	xml	Node*	node	
701,_xmlRelaxNG*,"xmlRelaxNGParseDocument(_xmlRelaxNGParserCtxt* ctxt ,_xmlNode* node )",xml	Relax	N	G*	xml	Relax	N	G	Parse	Document	xml	Relax	N	G	Parser	Ctxt*	ctxt	xml	Node*	node	
702,_xmlRelaxNGParserCtxt*,xmlRelaxNGNewParserCtxt(i8* URL ),xml	Relax	N	G	Parser	Ctxt*	xml	Relax	N	G	New	Parser	Ctxt	i8*	U	R	L	
703,_xmlRelaxNGParserCtxt*,"xmlRelaxNGNewMemParserCtxt(i8* buffer ,i32 size )",xml	Relax	N	G	Parser	Ctxt*	xml	Relax	N	G	New	Mem	Parser	Ctxt	i8*	buffer	i32	size	
704,_xmlRelaxNGParserCtxt*,"xmlRelaxNGNewMemParserCtxt(i8* buffer ,i32 size )",xml	Relax	N	G	Parser	Ctxt*	xml	Relax	N	G	New	Mem	Parser	Ctxt	i8*	buffer	i32	size	
705,_xmlRelaxNGParserCtxt*,xmlRelaxNGNewDocParserCtxt(_xmlDoc* doc ),xml	Relax	N	G	Parser	Ctxt*	xml	Relax	N	G	New	Doc	Parser	Ctxt	xml	Doc*	doc	
706,void,xmlRelaxNGFreeDocument(_xmlRelaxNGDocument* docu ),void	xml	Relax	N	G	Free	Document	xml	Relax	N	G	Document*	docu	
707,void,xmlRelaxNGFreeParserCtxt(_xmlRelaxNGParserCtxt* ctxt ),void	xml	Relax	N	G	Free	Parser	Ctxt	xml	Relax	N	G	Parser	Ctxt*	ctxt	
708,void,xmlRelaxNGFreeDocumentList(_xmlRelaxNGDocument* docu ),void	xml	Relax	N	G	Free	Document	List	xml	Relax	N	G	Document*	docu	
709,void,xmlRelaxNGFreeIncludeList(_xmlRelaxNGInclude* incl ),void	xml	Relax	N	G	Free	Include	List	xml	Relax	N	G	Include*	incl	
710,_xmlRelaxNG*,xmlRelaxNGParse(_xmlRelaxNGParserCtxt* ctxt ),xml	Relax	N	G*	xml	Relax	N	G	Parse	xml	Relax	N	G	Parser	Ctxt*	ctxt	
711,void,"xmlRelaxNGSetParserErrors(_xmlRelaxNGParserCtxt* ctxt ,void (i8*, i8*, ...)* err ,void (i8*, i8*, ...)* warn ,i8* ctx )",void	xml	Relax	N	G	Set	Parser	Errors	xml	Relax	N	G	Parser	Ctxt*	ctxt	void	i8*	i8*	err	void	i8*	i8*	warn	i8*	ctx	
712,i32,"xmlRelaxNGGetParserErrors(_xmlRelaxNGParserCtxt* ctxt ,void (i8*, i8*, ...)** err ,void (i8*, i8*, ...)** warn ,i8** ctx )",i32	xml	Relax	N	G	Get	Parser	Errors	xml	Relax	N	G	Parser	Ctxt*	ctxt	void	i8*	i8*	err	void	i8*	i8*	warn	i	ctx	
713,i32,"xmlRelaxNGGetParserErrors(_xmlRelaxNGParserCtxt* ctxt ,void (i8*, i8*, ...)** err ,void (i8*, i8*, ...)** warn ,i8** ctx )",i32	xml	Relax	N	G	Get	Parser	Errors	xml	Relax	N	G	Parser	Ctxt*	ctxt	void	i8*	i8*	err	void	i8*	i8*	warn	i	ctx	
714,i32,"xmlRelaxNGGetParserErrors(_xmlRelaxNGParserCtxt* ctxt ,void (i8*, i8*, ...)** err ,void (i8*, i8*, ...)** warn ,i8** ctx )",i32	xml	Relax	N	G	Get	Parser	Errors	xml	Relax	N	G	Parser	Ctxt*	ctxt	void	i8*	i8*	err	void	i8*	i8*	warn	i	ctx	
715,i32,"xmlRelaxNGGetParserErrors(_xmlRelaxNGParserCtxt* ctxt ,void (i8*, i8*, ...)** err ,void (i8*, i8*, ...)** warn ,i8** ctx )",i32	xml	Relax	N	G	Get	Parser	Errors	xml	Relax	N	G	Parser	Ctxt*	ctxt	void	i8*	i8*	err	void	i8*	i8*	warn	i	ctx	
716,void,"xmlRelaxNGSetParserStructuredErrors(_xmlRelaxNGParserCtxt* ctxt ,void (i8*, _xmlError*)* serror ,i8* ctx )",void	xml	Relax	N	G	Set	Parser	Structured	Errors	xml	Relax	N	G	Parser	Ctxt*	ctxt	void	i8*	xml	Error*	serror	i8*	ctx	
717,void,"xmlRelaxNGDumpGrammar(_IO_FILE* output ,_xmlRelaxNGGrammar* grammar ,i32 top )",void	xml	Relax	N	G	Dump	Grammar	I	O	F	I	L	E*	output	xml	Relax	N	G	Grammar*	grammar	i32	top	
718,void,"xmlRelaxNGDumpGrammar(_IO_FILE* output ,_xmlRelaxNGGrammar* grammar ,i32 top )",void	xml	Relax	N	G	Dump	Grammar	I	O	F	I	L	E*	output	xml	Relax	N	G	Grammar*	grammar	i32	top	
719,void,"xmlRelaxNGDump(_IO_FILE* output ,_xmlRelaxNG* schema )",void	xml	Relax	N	G	Dump	I	O	F	I	L	E*	output	xml	Relax	N	G*	schema	
720,void,"xmlRelaxNGDump(_IO_FILE* output ,_xmlRelaxNG* schema )",void	xml	Relax	N	G	Dump	I	O	F	I	L	E*	output	xml	Relax	N	G*	schema	
721,void,"xmlRelaxNGDumpTree(_IO_FILE* output ,_xmlRelaxNG* schema )",void	xml	Relax	N	G	Dump	Tree	I	O	F	I	L	E*	output	xml	Relax	N	G*	schema	
722,void,"xmlRelaxNGDumpTree(_IO_FILE* output ,_xmlRelaxNG* schema )",void	xml	Relax	N	G	Dump	Tree	I	O	F	I	L	E*	output	xml	Relax	N	G*	schema	
723,void,xmlRelaxNGFree(_xmlRelaxNG* schema ),void	xml	Relax	N	G	Free	xml	Relax	N	G*	schema	
724,void,"xmlRelaxNGValidateProgressiveCallback(_xmlRegExecCtxt* exec ,i8* token ,i8* transdata ,i8* inputdata )",void	xml	Relax	N	G	Validate	Progressive	Callback	xml	Reg	Exec	Ctxt*	exec	i8*	token	i8*	transdata	i8*	inputdata	
725,i32,"xmlRelaxNGValidatePushElement(_xmlRelaxNGValidCtxt* ctxt ,_xmlDoc* doc ,_xmlNode* elem )",i32	xml	Relax	N	G	Validate	Push	Element	xml	Relax	N	G	Valid	Ctxt*	ctxt	xml	Doc*	doc	xml	Node*	elem	
726,i32,"xmlRelaxNGValidatePushElement(_xmlRelaxNGValidCtxt* ctxt ,_xmlDoc* doc ,_xmlNode* elem )",i32	xml	Relax	N	G	Validate	Push	Element	xml	Relax	N	G	Valid	Ctxt*	ctxt	xml	Doc*	doc	xml	Node*	elem	
727,i32,"xmlRelaxNGValidatePushCData(_xmlRelaxNGValidCtxt* ctxt ,i8* data ,i32 len )",i32	xml	Relax	N	G	Validate	Push	C	Data	xml	Relax	N	G	Valid	Ctxt*	ctxt	i8*	data	i32	len	
728,i32,"xmlRelaxNGValidatePushCData(_xmlRelaxNGValidCtxt* ctxt ,i8* data ,i32 len )",i32	xml	Relax	N	G	Validate	Push	C	Data	xml	Relax	N	G	Valid	Ctxt*	ctxt	i8*	data	i32	len	
729,void,xmlRelaxNGFreeGrammar(_xmlRelaxNGGrammar* grammar ),void	xml	Relax	N	G	Free	Grammar	xml	Relax	N	G	Grammar*	grammar	
730,void,xmlRelaxNGFreeDefine(_xmlRelaxNGDefine* define ),void	xml	Relax	N	G	Free	Define	xml	Relax	N	G	Define*	define	
731,_xmlDoc*,"xmlConvertCRNG(i8* schemas ,i32 len ,i8* encoding )",xml	Doc*	xml	Convert	C	R	N	G	i8*	schemas	i32	len	i8*	encoding	
732,_xmlDoc*,"xmlConvertCRNG(i8* schemas ,i32 len ,i8* encoding )",xml	Doc*	xml	Convert	C	R	N	G	i8*	schemas	i32	len	i8*	encoding	
733,_xmlDoc*,"xmlConvertCRNG(i8* schemas ,i32 len ,i8* encoding )",xml	Doc*	xml	Convert	C	R	N	G	i8*	schemas	i32	len	i8*	encoding	
734,i32,"main(i32 argc ,i8** argv )",i32	main	i32	argc	i	argv	
735,_xmlNode*,"getNext(_xmlNode* cur ,i8* xpath )",xml	Node*	get	Next	xml	Node*	cur	i8*	xpath	
736,_xmlNode*,"getNext(_xmlNode* cur ,i8* xpath )",xml	Node*	get	Next	xml	Node*	cur	i8*	xpath	
737,i8*,"getString(_xmlNode* cur ,i8* xpath )",i8*	get	String	xml	Node*	cur	i8*	xpath	
738,i8*,"getString(_xmlNode* cur ,i8* xpath )",i8*	get	String	xml	Node*	cur	i8*	xpath	
739,i32,xsdIncorectTestCase(_xmlNode* cur ),i32	xsd	Incorect	Test	Case	xml	Node*	cur	
740,void,"installResources(_xmlNode* tst ,i8* base )",void	install	Resources	xml	Node*	tst	i8*	base	
741,i32,xsdTestSuite(_xmlNode* cur ),i32	xsd	Test	Suite	xml	Node*	cur	
742,i8*,"composeDir(i8* dir ,i8* path )",i8*	compose	Dir	i8*	dir	i8*	path	
743,i8*,"composeDir(i8* dir ,i8* path )",i8*	compose	Dir	i8*	dir	i8*	path	
744,i32,rngTestSuite(_xmlNode* cur ),i32	rng	Test	Suite	xml	Node*	cur	
745,void,"unparsedEntityDeclDebug(i8* ctx ,i8* name ,i8* publicId ,i8* systemId ,i8* notationName )",void	unparsed	Entity	Decl	Debug	i8*	ctx	i8*	name	i8*	public	Id	i8*	system	Id	i8*	notation	Name	
746,void,"unparsedEntityDeclDebug(i8* ctx ,i8* name ,i8* publicId ,i8* systemId ,i8* notationName )",void	unparsed	Entity	Decl	Debug	i8*	ctx	i8*	name	i8*	public	Id	i8*	system	Id	i8*	notation	Name	
747,void,"unparsedEntityDeclDebug(i8* ctx ,i8* name ,i8* publicId ,i8* systemId ,i8* notationName )",void	unparsed	Entity	Decl	Debug	i8*	ctx	i8*	name	i8*	public	Id	i8*	system	Id	i8*	notation	Name	
748,void,"startElementDebug(i8* ctx ,i8* name ,i8** atts )",void	start	Element	Debug	i8*	ctx	i8*	name	i	atts	
749,void,"charactersDebug(i8* ctx ,i8* ch ,i32 len )",void	characters	Debug	i8*	ctx	i8*	ch	i32	len	
750,void,"ignorableWhitespaceDebug(i8* ctx ,i8* ch ,i32 len )",void	ignorable	Whitespace	Debug	i8*	ctx	i8*	ch	i32	len	
751,void,"processingInstructionDebug(i8* ctx ,i8* target ,i8* data )",void	processing	Instruction	Debug	i8*	ctx	i8*	target	i8*	data	
752,void,"startElementNsDebug(i8* ctx ,i8* localname ,i8* prefix ,i8* URI ,i32 nb_namespaces ,i8** namespaces ,i32 nb_attributes ,i32 nb_defaulted ,i8** attributes )",void	start	Element	Ns	Debug	i8*	ctx	i8*	localname	i8*	prefix	i8*	U	R	I	i32	nb	namespaces	i	namespaces	i32	nb	attributes	i32	nb	defaulted	i	attributes	
753,void,"startElementNsDebug(i8* ctx ,i8* localname ,i8* prefix ,i8* URI ,i32 nb_namespaces ,i8** namespaces ,i32 nb_attributes ,i32 nb_defaulted ,i8** attributes )",void	start	Element	Ns	Debug	i8*	ctx	i8*	localname	i8*	prefix	i8*	U	R	I	i32	nb	namespaces	i	namespaces	i32	nb	attributes	i32	nb	defaulted	i	attributes	
754,void,"startElementNsDebug(i8* ctx ,i8* localname ,i8* prefix ,i8* URI ,i32 nb_namespaces ,i8** namespaces ,i32 nb_attributes ,i32 nb_defaulted ,i8** attributes )",void	start	Element	Ns	Debug	i8*	ctx	i8*	localname	i8*	prefix	i8*	U	R	I	i32	nb	namespaces	i	namespaces	i32	nb	attributes	i32	nb	defaulted	i	attributes	
755,void,"startElementNsDebug(i8* ctx ,i8* localname ,i8* prefix ,i8* URI ,i32 nb_namespaces ,i8** namespaces ,i32 nb_attributes ,i32 nb_defaulted ,i8** attributes )",void	start	Element	Ns	Debug	i8*	ctx	i8*	localname	i8*	prefix	i8*	U	R	I	i32	nb	namespaces	i	namespaces	i32	nb	attributes	i32	nb	defaulted	i	attributes	
756,void,"startElementNsDebug(i8* ctx ,i8* localname ,i8* prefix ,i8* URI ,i32 nb_namespaces ,i8** namespaces ,i32 nb_attributes ,i32 nb_defaulted ,i8** attributes )",void	start	Element	Ns	Debug	i8*	ctx	i8*	localname	i8*	prefix	i8*	U	R	I	i32	nb	namespaces	i	namespaces	i32	nb	attributes	i32	nb	defaulted	i	attributes	
757,void,"startElementNsDebug(i8* ctx ,i8* localname ,i8* prefix ,i8* URI ,i32 nb_namespaces ,i8** namespaces ,i32 nb_attributes ,i32 nb_defaulted ,i8** attributes )",void	start	Element	Ns	Debug	i8*	ctx	i8*	localname	i8*	prefix	i8*	U	R	I	i32	nb	namespaces	i	namespaces	i32	nb	attributes	i32	nb	defaulted	i	attributes	
758,void,"endElementNsDebug(i8* ctx ,i8* localname ,i8* prefix ,i8* URI )",void	end	Element	Ns	Debug	i8*	ctx	i8*	localname	i8*	prefix	i8*	U	R	I	
759,void,"endElementNsDebug(i8* ctx ,i8* localname ,i8* prefix ,i8* URI )",void	end	Element	Ns	Debug	i8*	ctx	i8*	localname	i8*	prefix	i8*	U	R	I	
760,void,"htmlstartElementDebug(i8* ctx ,i8* name ,i8** atts )",void	htmlstart	Element	Debug	i8*	ctx	i8*	name	i	atts	
761,i32,"saxParseTest(i8* filename ,i8* result ,i8* err ,i32 options )",i32	sax	Parse	Test	i8*	filename	i8*	result	i8*	err	i32	options	
762,i32,"saxParseTest(i8* filename ,i8* result ,i8* err ,i32 options )",i32	sax	Parse	Test	i8*	filename	i8*	result	i8*	err	i32	options	
763,i32,"saxParseTest(i8* filename ,i8* result ,i8* err ,i32 options )",i32	sax	Parse	Test	i8*	filename	i8*	result	i8*	err	i32	options	
764,i32,"pushParseTest(i8* filename ,i8* result ,i8* err ,i32 options )",i32	push	Parse	Test	i8*	filename	i8*	result	i8*	err	i32	options	
765,i32,"pushParseTest(i8* filename ,i8* result ,i8* err ,i32 options )",i32	push	Parse	Test	i8*	filename	i8*	result	i8*	err	i32	options	
766,i32,"pushParseTest(i8* filename ,i8* result ,i8* err ,i32 options )",i32	push	Parse	Test	i8*	filename	i8*	result	i8*	err	i32	options	
767,i32,"pushParseTest(i8* filename ,i8* result ,i8* err ,i32 options )",i32	push	Parse	Test	i8*	filename	i8*	result	i8*	err	i32	options	
768,i32,"pushParseTest(i8* filename ,i8* result ,i8* err ,i32 options )",i32	push	Parse	Test	i8*	filename	i8*	result	i8*	err	i32	options	
769,i32,"pushParseTest(i8* filename ,i8* result ,i8* err ,i32 options )",i32	push	Parse	Test	i8*	filename	i8*	result	i8*	err	i32	options	
770,i32,"errParseTest(i8* filename ,i8* result ,i8* err ,i32 options )",i32	err	Parse	Test	i8*	filename	i8*	result	i8*	err	i32	options	
771,i32,"errParseTest(i8* filename ,i8* result ,i8* err ,i32 options )",i32	err	Parse	Test	i8*	filename	i8*	result	i8*	err	i32	options	
772,i32,"errParseTest(i8* filename ,i8* result ,i8* err ,i32 options )",i32	err	Parse	Test	i8*	filename	i8*	result	i8*	err	i32	options	
773,i32,"errParseTest(i8* filename ,i8* result ,i8* err ,i32 options )",i32	err	Parse	Test	i8*	filename	i8*	result	i8*	err	i32	options	
774,i32,"errParseTest(i8* filename ,i8* result ,i8* err ,i32 options )",i32	err	Parse	Test	i8*	filename	i8*	result	i8*	err	i32	options	
775,i32,"errParseTest(i8* filename ,i8* result ,i8* err ,i32 options )",i32	err	Parse	Test	i8*	filename	i8*	result	i8*	err	i32	options	
776,i32,"streamProcessTest(i8* filename ,i8* result ,i8* err ,_xmlTextReader* reader ,i8* rng ,i32 options )",i32	stream	Process	Test	i8*	filename	i8*	result	i8*	err	xml	Text	Reader*	reader	i8*	rng	i32	options	
777,i32,"streamProcessTest(i8* filename ,i8* result ,i8* err ,_xmlTextReader* reader ,i8* rng ,i32 options )",i32	stream	Process	Test	i8*	filename	i8*	result	i8*	err	xml	Text	Reader*	reader	i8*	rng	i32	options	
778,i32,"streamProcessTest(i8* filename ,i8* result ,i8* err ,_xmlTextReader* reader ,i8* rng ,i32 options )",i32	stream	Process	Test	i8*	filename	i8*	result	i8*	err	xml	Text	Reader*	reader	i8*	rng	i32	options	
779,i32,"streamProcessTest(i8* filename ,i8* result ,i8* err ,_xmlTextReader* reader ,i8* rng ,i32 options )",i32	stream	Process	Test	i8*	filename	i8*	result	i8*	err	xml	Text	Reader*	reader	i8*	rng	i32	options	
780,i32,"streamProcessTest(i8* filename ,i8* result ,i8* err ,_xmlTextReader* reader ,i8* rng ,i32 options )",i32	stream	Process	Test	i8*	filename	i8*	result	i8*	err	xml	Text	Reader*	reader	i8*	rng	i32	options	
781,i32,"streamProcessTest(i8* filename ,i8* result ,i8* err ,_xmlTextReader* reader ,i8* rng ,i32 options )",i32	stream	Process	Test	i8*	filename	i8*	result	i8*	err	xml	Text	Reader*	reader	i8*	rng	i32	options	
782,void,"testXPath(i8* str ,i32 xptr ,i32 expr )",void	test	X	Path	i8*	str	i32	xptr	i32	expr	
783,void,"testXPath(i8* str ,i32 xptr ,i32 expr )",void	test	X	Path	i8*	str	i32	xptr	i32	expr	
784,i32,"xpathCommonTest(i8* filename ,i8* result ,i32 xptr ,i32 expr )",i32	xpath	Common	Test	i8*	filename	i8*	result	i32	xptr	i32	expr	
785,i32,"xmlidDocTest(i8* filename ,i8* result ,i8* err ,i32 options )",i32	xmlid	Doc	Test	i8*	filename	i8*	result	i8*	err	i32	options	
786,i32,"xmlidDocTest(i8* filename ,i8* result ,i8* err ,i32 options )",i32	xmlid	Doc	Test	i8*	filename	i8*	result	i8*	err	i32	options	
787,void,"handleURI(i8* str ,i8* base ,_IO_FILE* o )",void	handle	U	R	I	i8*	str	i8*	base	I	O	F	I	L	E*	o	
788,i32,"uriCommonTest(i8* filename ,i8* result ,i8* err ,i8* base )",i32	uri	Common	Test	i8*	filename	i8*	result	i8*	err	i8*	base	
789,i32,"uriCommonTest(i8* filename ,i8* result ,i8* err ,i8* base )",i32	uri	Common	Test	i8*	filename	i8*	result	i8*	err	i8*	base	
790,i32,uripMatch(i8* URI ),i32	urip	Match	i8*	U	R	I	
791,i8*,uripOpen(i8* URI ),i8*	urip	Open	i8*	U	R	I	
792,i32,uripClose(i8* context ),i32	urip	Close	i8*	context	
793,i32,"uripRead(i8* context ,i8* buffer ,i32 len )",i32	urip	Read	i8*	context	i8*	buffer	i32	len	
794,i32,"uripRead(i8* context ,i8* buffer ,i32 len )",i32	urip	Read	i8*	context	i8*	buffer	i32	len	
795,i32,"uripRead(i8* context ,i8* buffer ,i32 len )",i32	urip	Read	i8*	context	i8*	buffer	i32	len	
796,i32,"uripRead(i8* context ,i8* buffer ,i32 len )",i32	urip	Read	i8*	context	i8*	buffer	i32	len	
797,i32,"schemasOneTest(i8* sch ,i8* filename ,i8* result ,i8* err ,i32 options ,_xmlSchema* schemas )",i32	schemas	One	Test	i8*	sch	i8*	filename	i8*	result	i8*	err	i32	options	xml	Schema*	schemas	
798,i32,"schemasOneTest(i8* sch ,i8* filename ,i8* result ,i8* err ,i32 options ,_xmlSchema* schemas )",i32	schemas	One	Test	i8*	sch	i8*	filename	i8*	result	i8*	err	i32	options	xml	Schema*	schemas	
799,void,"xmlParserPrintFileContextInternal(_xmlParserInput* input ,void (i8*, i8*, ...)* chanl ,i8* data )",void	xml	Parser	Print	File	Context	Internal	xml	Parser	Input*	input	void	i8*	i8*	chanl	i8*	data	
800,i32,"rngOneTest(i8* sch ,i8* filename ,i8* result ,i8* err ,i32 options ,_xmlRelaxNG* schemas )",i32	rng	One	Test	i8*	sch	i8*	filename	i8*	result	i8*	err	i32	options	xml	Relax	N	G*	schemas	
801,i32,"rngOneTest(i8* sch ,i8* filename ,i8* result ,i8* err ,i32 options ,_xmlRelaxNG* schemas )",i32	rng	One	Test	i8*	sch	i8*	filename	i8*	result	i8*	err	i32	options	xml	Relax	N	G*	schemas	
802,void,"patternNode(_IO_FILE* out ,_xmlTextReader* reader ,i8* pattern ,_xmlPattern* patternc ,_xmlStreamCtxt* patstream )",void	pattern	Node	I	O	F	I	L	E*	out	xml	Text	Reader*	reader	i8*	pattern	xml	Pattern*	patternc	xml	Stream	Ctxt*	patstream	
803,void,"testStructuredErrorHandler(i8* ctx ,_xmlError* err )",void	test	Structured	Error	Handler	i8*	ctx	xml	Error*	err	
804,i8**,parse_list(i8* str ),i	parse	list	i8*	str	
805,i32,"c14nRunTest(i8* xml_filename ,i32 with_comments ,i32 mode ,i8* xpath_filename ,i8* ns_filename ,i8* result_file )",i32	c	n	Run	Test	i8*	xml	filename	i32	with	comments	i32	mode	i8*	xpath	filename	i8*	ns	filename	i8*	result	file	
806,i32,"c14nRunTest(i8* xml_filename ,i32 with_comments ,i32 mode ,i8* xpath_filename ,i8* ns_filename ,i8* result_file )",i32	c	n	Run	Test	i8*	xml	filename	i32	with	comments	i32	mode	i8*	xpath	filename	i8*	ns	filename	i8*	result	file	
807,i32,launchTests(testDesc* tst ),i32	launch	Tests	test	Desc*	tst	
808,i32,"main(i32 argc ,i8** argv )",i32	main	i32	argc	i	argv	
809,i8*,baseFilename(i8* filename ),i8*	base	Filename	i8*	filename	
810,i8*,baseFilename(i8* filename ),i8*	base	Filename	i8*	filename	
811,i8*,"resultFilename(i8* filename ,i8* out ,i8* suffix )",i8*	result	Filename	i8*	filename	i8*	out	i8*	suffix	
812,i8*,"resultFilename(i8* filename ,i8* out ,i8* suffix )",i8*	result	Filename	i8*	filename	i8*	out	i8*	suffix	
813,i32,"compareFileMem(i8* filename ,i8* mem ,i32 size )",i32	compare	File	Mem	i8*	filename	i8*	mem	i32	size	
814,i32,"compareFileMem(i8* filename ,i8* mem ,i32 size )",i32	compare	File	Mem	i8*	filename	i8*	mem	i32	size	
815,i32,"compareFileMem(i8* filename ,i8* mem ,i32 size )",i32	compare	File	Mem	i8*	filename	i8*	mem	i32	size	
816,void,"internalSubsetDebug(i8* ctx ,i8* name ,i8* ExternalID ,i8* SystemID )",void	internal	Subset	Debug	i8*	ctx	i8*	name	i8*	External	I	D	i8*	System	I	D	
817,void,"internalSubsetDebug(i8* ctx ,i8* name ,i8* ExternalID ,i8* SystemID )",void	internal	Subset	Debug	i8*	ctx	i8*	name	i8*	External	I	D	i8*	System	I	D	
818,void,"externalSubsetDebug(i8* ctx ,i8* name ,i8* ExternalID ,i8* SystemID )",void	external	Subset	Debug	i8*	ctx	i8*	name	i8*	External	I	D	i8*	System	I	D	
819,void,"externalSubsetDebug(i8* ctx ,i8* name ,i8* ExternalID ,i8* SystemID )",void	external	Subset	Debug	i8*	ctx	i8*	name	i8*	External	I	D	i8*	System	I	D	
820,_xmlParserInput*,"resolveEntityDebug(i8* ctx ,i8* publicId ,i8* systemId )",xml	Parser	Input*	resolve	Entity	Debug	i8*	ctx	i8*	public	Id	i8*	system	Id	
821,_xmlParserInput*,"resolveEntityDebug(i8* ctx ,i8* publicId ,i8* systemId )",xml	Parser	Input*	resolve	Entity	Debug	i8*	ctx	i8*	public	Id	i8*	system	Id	
822,void,"entityDeclDebug(i8* ctx ,i8* name ,i32 type ,i8* publicId ,i8* systemId ,i8* content )",void	entity	Decl	Debug	i8*	ctx	i8*	name	i32	type	i8*	public	Id	i8*	system	Id	i8*	content	
823,void,"entityDeclDebug(i8* ctx ,i8* name ,i32 type ,i8* publicId ,i8* systemId ,i8* content )",void	entity	Decl	Debug	i8*	ctx	i8*	name	i32	type	i8*	public	Id	i8*	system	Id	i8*	content	
824,void,"entityDeclDebug(i8* ctx ,i8* name ,i32 type ,i8* publicId ,i8* systemId ,i8* content )",void	entity	Decl	Debug	i8*	ctx	i8*	name	i32	type	i8*	public	Id	i8*	system	Id	i8*	content	
825,void,"attributeDeclDebug(i8* ctx ,i8* elem ,i8* name ,i32 type ,i32 def ,i8* defaultValue ,_xmlEnumeration* tree )",void	attribute	Decl	Debug	i8*	ctx	i8*	elem	i8*	name	i32	type	i32	def	i8*	default	Value	xml	Enumeration*	tree	
826,i32,"xmlconfTestCases(_xmlDoc* doc ,_xmlNode* cur ,i32 level )",i32	xmlconf	Test	Cases	xml	Doc*	doc	xml	Node*	cur	i32	level	
827,i32,"xmlconfTestCases(_xmlDoc* doc ,_xmlNode* cur ,i32 level )",i32	xmlconf	Test	Cases	xml	Doc*	doc	xml	Node*	cur	i32	level	
828,i32,"xmlconfTestSuite(_xmlDoc* doc ,_xmlNode* cur )",i32	xmlconf	Test	Suite	xml	Doc*	doc	xml	Node*	cur	
829,i32,"main(i32 argc ,i8** argv )",i32	main	i32	argc	i	argv	
830,i8*,"composeDir(i8* dir ,i8* path )",i8*	compose	Dir	i8*	dir	i8*	path	
831,i8*,"composeDir(i8* dir ,i8* path )",i8*	compose	Dir	i8*	dir	i8*	path	
832,void,"initxmlDefaultSAXHandler(_xmlSAXHandlerV1* hdlr ,i32 warning )",void	initxml	Default	S	A	X	Handler	xml	S	A	X	Handler	V1*	hdlr	i32	warning	
833,void,"xmlErrValid(_xmlParserCtxt* ctxt ,i32 error ,i8* msg ,i8* str1 ,i8* str2 )",void	xml	Err	Valid	xml	Parser	Ctxt*	ctxt	i32	error	i8*	msg	i8*	str	i8*	str	
834,void,"xmlErrValid(_xmlParserCtxt* ctxt ,i32 error ,i8* msg ,i8* str1 ,i8* str2 )",void	xml	Err	Valid	xml	Parser	Ctxt*	ctxt	i32	error	i8*	msg	i8*	str	i8*	str	
835,void,xmlSAX2EndDocument(i8* ctx ),void	xml	S	A	X2	End	Document	i8*	ctx	
836,void,"xmlSAX2AttributeInternal(i8* ctx ,i8* fullname ,i8* value ,i8* prefix )",void	xml	S	A	X2	Attribute	Internal	i8*	ctx	i8*	fullname	i8*	value	i8*	prefix	
837,void,"xmlSAX2AttributeInternal(i8* ctx ,i8* fullname ,i8* value ,i8* prefix )",void	xml	S	A	X2	Attribute	Internal	i8*	ctx	i8*	fullname	i8*	value	i8*	prefix	
838,void,"xmlSAX2AttributeInternal(i8* ctx ,i8* fullname ,i8* value ,i8* prefix )",void	xml	S	A	X2	Attribute	Internal	i8*	ctx	i8*	fullname	i8*	value	i8*	prefix	
839,void,"xmlSAX2AttributeInternal(i8* ctx ,i8* fullname ,i8* value ,i8* prefix )",void	xml	S	A	X2	Attribute	Internal	i8*	ctx	i8*	fullname	i8*	value	i8*	prefix	
840,void,"xmlFatalErrMsg(_xmlParserCtxt* ctxt ,i32 error ,i8* msg ,i8* str1 ,i8* str2 )",void	xml	Fatal	Err	Msg	xml	Parser	Ctxt*	ctxt	i32	error	i8*	msg	i8*	str	i8*	str	
841,void,"xmlFatalErrMsg(_xmlParserCtxt* ctxt ,i32 error ,i8* msg ,i8* str1 ,i8* str2 )",void	xml	Fatal	Err	Msg	xml	Parser	Ctxt*	ctxt	i32	error	i8*	msg	i8*	str	i8*	str	
842,void,"xmlCheckDefaultedAttributes(_xmlParserCtxt* ctxt ,i8* name ,i8* prefix ,i8** atts )",void	xml	Check	Defaulted	Attributes	xml	Parser	Ctxt*	ctxt	i8*	name	i8*	prefix	i	atts	
843,void,"xmlFatalErrMsg(_xmlParserCtxt* ctxt ,i32 error ,i8* msg ,i8* str1 ,i8* str2 )",void	xml	Fatal	Err	Msg	xml	Parser	Ctxt*	ctxt	i32	error	i8*	msg	i8*	str	i8*	str	
844,void,"xmlCheckDefaultedAttributes(_xmlParserCtxt* ctxt ,i8* name ,i8* prefix ,i8** atts )",void	xml	Check	Defaulted	Attributes	xml	Parser	Ctxt*	ctxt	i8*	name	i8*	prefix	i	atts	
845,void,"xmlSAX2StartElement(i8* ctx ,i8* fullname ,i8** atts )",void	xml	S	A	X2	Start	Element	i8*	ctx	i8*	fullname	i	atts	
846,void,"xmlSAX2StartElement(i8* ctx ,i8* fullname ,i8** atts )",void	xml	S	A	X2	Start	Element	i8*	ctx	i8*	fullname	i	atts	
847,void,"xmlSAX2StartElement(i8* ctx ,i8* fullname ,i8** atts )",void	xml	S	A	X2	Start	Element	i8*	ctx	i8*	fullname	i	atts	
848,void,"xmlWarnMsg(_xmlParserCtxt* ctxt ,i32 error ,i8* msg ,i8* str1 )",void	xml	Warn	Msg	xml	Parser	Ctxt*	ctxt	i32	error	i8*	msg	i8*	str	
849,void,"xmlSAX2StartElement(i8* ctx ,i8* fullname ,i8** atts )",void	xml	S	A	X2	Start	Element	i8*	ctx	i8*	fullname	i	atts	
850,void,"xmlWarnMsg(_xmlParserCtxt* ctxt ,i32 error ,i8* msg ,i8* str1 )",void	xml	Warn	Msg	xml	Parser	Ctxt*	ctxt	i32	error	i8*	msg	i8*	str	
851,void,"xmlSAX2EndElement(i8* ctx ,i8* name )",void	xml	S	A	X2	End	Element	i8*	ctx	i8*	name	
852,_xmlNode*,"xmlSAX2TextNode(_xmlParserCtxt* ctxt ,i8* str ,i32 len )",xml	Node*	xml	S	A	X2	Text	Node	xml	Parser	Ctxt*	ctxt	i8*	str	i32	len	
853,_xmlNode*,"xmlSAX2TextNode(_xmlParserCtxt* ctxt ,i8* str ,i32 len )",xml	Node*	xml	S	A	X2	Text	Node	xml	Parser	Ctxt*	ctxt	i8*	str	i32	len	
854,void,"xmlSAX2AttributeNs(_xmlParserCtxt* ctxt ,i8* localname ,i8* prefix ,i8* value ,i8* valueend )",void	xml	S	A	X2	Attribute	Ns	xml	Parser	Ctxt*	ctxt	i8*	localname	i8*	prefix	i8*	value	i8*	valueend	
855,void,"xmlSAX2AttributeNs(_xmlParserCtxt* ctxt ,i8* localname ,i8* prefix ,i8* value ,i8* valueend )",void	xml	S	A	X2	Attribute	Ns	xml	Parser	Ctxt*	ctxt	i8*	localname	i8*	prefix	i8*	value	i8*	valueend	
856,void,"xmlSAX2AttributeNs(_xmlParserCtxt* ctxt ,i8* localname ,i8* prefix ,i8* value ,i8* valueend )",void	xml	S	A	X2	Attribute	Ns	xml	Parser	Ctxt*	ctxt	i8*	localname	i8*	prefix	i8*	value	i8*	valueend	
857,void,"xmlSAX2AttributeNs(_xmlParserCtxt* ctxt ,i8* localname ,i8* prefix ,i8* value ,i8* valueend )",void	xml	S	A	X2	Attribute	Ns	xml	Parser	Ctxt*	ctxt	i8*	localname	i8*	prefix	i8*	value	i8*	valueend	
858,void,"xmlNsWarnMsg(_xmlParserCtxt* ctxt ,i32 error ,i8* msg ,i8* str1 ,i8* str2 )",void	xml	Ns	Warn	Msg	xml	Parser	Ctxt*	ctxt	i32	error	i8*	msg	i8*	str	i8*	str	
859,void,"xmlSAX2StartElementNs(i8* ctx ,i8* localname ,i8* prefix ,i8* URI ,i32 nb_namespaces ,i8** namespaces ,i32 nb_attributes ,i32 nb_defaulted ,i8** attributes )",void	xml	S	A	X2	Start	Element	Ns	i8*	ctx	i8*	localname	i8*	prefix	i8*	U	R	I	i32	nb	namespaces	i	namespaces	i32	nb	attributes	i32	nb	defaulted	i	attributes	
860,void,"xmlNsWarnMsg(_xmlParserCtxt* ctxt ,i32 error ,i8* msg ,i8* str1 ,i8* str2 )",void	xml	Ns	Warn	Msg	xml	Parser	Ctxt*	ctxt	i32	error	i8*	msg	i8*	str	i8*	str	
861,void,"xmlSAX2StartElementNs(i8* ctx ,i8* localname ,i8* prefix ,i8* URI ,i32 nb_namespaces ,i8** namespaces ,i32 nb_attributes ,i32 nb_defaulted ,i8** attributes )",void	xml	S	A	X2	Start	Element	Ns	i8*	ctx	i8*	localname	i8*	prefix	i8*	U	R	I	i32	nb	namespaces	i	namespaces	i32	nb	attributes	i32	nb	defaulted	i	attributes	
862,void,"xmlSAX2StartElementNs(i8* ctx ,i8* localname ,i8* prefix ,i8* URI ,i32 nb_namespaces ,i8** namespaces ,i32 nb_attributes ,i32 nb_defaulted ,i8** attributes )",void	xml	S	A	X2	Start	Element	Ns	i8*	ctx	i8*	localname	i8*	prefix	i8*	U	R	I	i32	nb	namespaces	i	namespaces	i32	nb	attributes	i32	nb	defaulted	i	attributes	
863,void,"xmlSAX2StartElementNs(i8* ctx ,i8* localname ,i8* prefix ,i8* URI ,i32 nb_namespaces ,i8** namespaces ,i32 nb_attributes ,i32 nb_defaulted ,i8** attributes )",void	xml	S	A	X2	Start	Element	Ns	i8*	ctx	i8*	localname	i8*	prefix	i8*	U	R	I	i32	nb	namespaces	i	namespaces	i32	nb	attributes	i32	nb	defaulted	i	attributes	
864,void,"xmlSAX2StartElementNs(i8* ctx ,i8* localname ,i8* prefix ,i8* URI ,i32 nb_namespaces ,i8** namespaces ,i32 nb_attributes ,i32 nb_defaulted ,i8** attributes )",void	xml	S	A	X2	Start	Element	Ns	i8*	ctx	i8*	localname	i8*	prefix	i8*	U	R	I	i32	nb	namespaces	i	namespaces	i32	nb	attributes	i32	nb	defaulted	i	attributes	
865,void,"xmlSAX2StartElementNs(i8* ctx ,i8* localname ,i8* prefix ,i8* URI ,i32 nb_namespaces ,i8** namespaces ,i32 nb_attributes ,i32 nb_defaulted ,i8** attributes )",void	xml	S	A	X2	Start	Element	Ns	i8*	ctx	i8*	localname	i8*	prefix	i8*	U	R	I	i32	nb	namespaces	i	namespaces	i32	nb	attributes	i32	nb	defaulted	i	attributes	
866,void,"xmlSAX2StartElementNs(i8* ctx ,i8* localname ,i8* prefix ,i8* URI ,i32 nb_namespaces ,i8** namespaces ,i32 nb_attributes ,i32 nb_defaulted ,i8** attributes )",void	xml	S	A	X2	Start	Element	Ns	i8*	ctx	i8*	localname	i8*	prefix	i8*	U	R	I	i32	nb	namespaces	i	namespaces	i32	nb	attributes	i32	nb	defaulted	i	attributes	
867,void,"xmlSAX2StartElementNs(i8* ctx ,i8* localname ,i8* prefix ,i8* URI ,i32 nb_namespaces ,i8** namespaces ,i32 nb_attributes ,i32 nb_defaulted ,i8** attributes )",void	xml	S	A	X2	Start	Element	Ns	i8*	ctx	i8*	localname	i8*	prefix	i8*	U	R	I	i32	nb	namespaces	i	namespaces	i32	nb	attributes	i32	nb	defaulted	i	attributes	
868,void,"xmlSAX2StartElementNs(i8* ctx ,i8* localname ,i8* prefix ,i8* URI ,i32 nb_namespaces ,i8** namespaces ,i32 nb_attributes ,i32 nb_defaulted ,i8** attributes )",void	xml	S	A	X2	Start	Element	Ns	i8*	ctx	i8*	localname	i8*	prefix	i8*	U	R	I	i32	nb	namespaces	i	namespaces	i32	nb	attributes	i32	nb	defaulted	i	attributes	
869,void,"xmlSAX2StartElementNs(i8* ctx ,i8* localname ,i8* prefix ,i8* URI ,i32 nb_namespaces ,i8** namespaces ,i32 nb_attributes ,i32 nb_defaulted ,i8** attributes )",void	xml	S	A	X2	Start	Element	Ns	i8*	ctx	i8*	localname	i8*	prefix	i8*	U	R	I	i32	nb	namespaces	i	namespaces	i32	nb	attributes	i32	nb	defaulted	i	attributes	
870,void,"xmlSAX2StartElementNs(i8* ctx ,i8* localname ,i8* prefix ,i8* URI ,i32 nb_namespaces ,i8** namespaces ,i32 nb_attributes ,i32 nb_defaulted ,i8** attributes )",void	xml	S	A	X2	Start	Element	Ns	i8*	ctx	i8*	localname	i8*	prefix	i8*	U	R	I	i32	nb	namespaces	i	namespaces	i32	nb	attributes	i32	nb	defaulted	i	attributes	
871,void,"xmlSAX2EndElementNs(i8* ctx ,i8* localname ,i8* prefix ,i8* URI )",void	xml	S	A	X2	End	Element	Ns	i8*	ctx	i8*	localname	i8*	prefix	i8*	U	R	I	
872,void,"xmlSAX2Reference(i8* ctx ,i8* name )",void	xml	S	A	X2	Reference	i8*	ctx	i8*	name	
873,void,"xmlSAX2Characters(i8* ctx ,i8* ch ,i32 len )",void	xml	S	A	X2	Characters	i8*	ctx	i8*	ch	i32	len	
874,i8*,xmlSAX2GetSystemId(i8* ctx ),i8*	xml	S	A	X2	Get	System	Id	i8*	ctx	
875,void,"xmlSAX2Characters(i8* ctx ,i8* ch ,i32 len )",void	xml	S	A	X2	Characters	i8*	ctx	i8*	ch	i32	len	
876,i32,xmlSAX2GetLineNumber(i8* ctx ),i32	xml	S	A	X2	Get	Line	Number	i8*	ctx	
877,i32,xmlSAX2GetColumnNumber(i8* ctx ),i32	xml	S	A	X2	Get	Column	Number	i8*	ctx	
878,i32,xmlSAX2IsStandalone(i8* ctx ),i32	xml	S	A	X2	Is	Standalone	i8*	ctx	
879,void,"xmlSAX2InternalSubset(i8* ctx ,i8* name ,i8* ExternalID ,i8* SystemID )",void	xml	S	A	X2	Internal	Subset	i8*	ctx	i8*	name	i8*	External	I	D	i8*	System	I	D	
880,void,"xmlSAX2ExternalSubset(i8* ctx ,i8* name ,i8* ExternalID ,i8* SystemID )",void	xml	S	A	X2	External	Subset	i8*	ctx	i8*	name	i8*	External	I	D	i8*	System	I	D	
881,void,"xmlSAX2ExternalSubset(i8* ctx ,i8* name ,i8* ExternalID ,i8* SystemID )",void	xml	S	A	X2	External	Subset	i8*	ctx	i8*	name	i8*	External	I	D	i8*	System	I	D	
882,void,"xmlSAX2ExternalSubset(i8* ctx ,i8* name ,i8* ExternalID ,i8* SystemID )",void	xml	S	A	X2	External	Subset	i8*	ctx	i8*	name	i8*	External	I	D	i8*	System	I	D	
883,_xmlParserInput*,"xmlSAX2ResolveEntity(i8* ctx ,i8* publicId ,i8* systemId )",xml	Parser	Input*	xml	S	A	X2	Resolve	Entity	i8*	ctx	i8*	public	Id	i8*	system	Id	
884,_xmlEntity*,"xmlSAX2GetEntity(i8* ctx ,i8* name )",xml	Entity*	xml	S	A	X2	Get	Entity	i8*	ctx	i8*	name	
885,void,"xmlSAX2ErrMemory(_xmlParserCtxt* ctxt ,i8* msg )",void	xml	S	A	X2	Err	Memory	xml	Parser	Ctxt*	ctxt	i8*	msg	
886,_xmlEntity*,"xmlSAX2GetParameterEntity(i8* ctx ,i8* name )",xml	Entity*	xml	S	A	X2	Get	Parameter	Entity	i8*	ctx	i8*	name	
887,void,"xmlSAX2EntityDecl(i8* ctx ,i8* name ,i32 type ,i8* publicId ,i8* systemId ,i8* content )",void	xml	S	A	X2	Entity	Decl	i8*	ctx	i8*	name	i32	type	i8*	public	Id	i8*	system	Id	i8*	content	
888,void,"xmlSAX2EntityDecl(i8* ctx ,i8* name ,i32 type ,i8* publicId ,i8* systemId ,i8* content )",void	xml	S	A	X2	Entity	Decl	i8*	ctx	i8*	name	i32	type	i8*	public	Id	i8*	system	Id	i8*	content	
889,void,"xmlSAX2EntityDecl(i8* ctx ,i8* name ,i32 type ,i8* publicId ,i8* systemId ,i8* content )",void	xml	S	A	X2	Entity	Decl	i8*	ctx	i8*	name	i32	type	i8*	public	Id	i8*	system	Id	i8*	content	
890,void,"xmlSAX2AttributeDecl(i8* ctx ,i8* elem ,i8* fullname ,i32 type ,i32 def ,i8* defaultValue ,_xmlEnumeration* tree )",void	xml	S	A	X2	Attribute	Decl	i8*	ctx	i8*	elem	i8*	fullname	i32	type	i32	def	i8*	default	Value	xml	Enumeration*	tree	
891,void,"xmlSAX2NotationDecl(i8* ctx ,i8* name ,i8* publicId ,i8* systemId )",void	xml	S	A	X2	Notation	Decl	i8*	ctx	i8*	name	i8*	public	Id	i8*	system	Id	
892,void,"xmlSAX2NotationDecl(i8* ctx ,i8* name ,i8* publicId ,i8* systemId )",void	xml	S	A	X2	Notation	Decl	i8*	ctx	i8*	name	i8*	public	Id	i8*	system	Id	
893,void,"xmlSAX2UnparsedEntityDecl(i8* ctx ,i8* name ,i8* publicId ,i8* systemId ,i8* notationName )",void	xml	S	A	X2	Unparsed	Entity	Decl	i8*	ctx	i8*	name	i8*	public	Id	i8*	system	Id	i8*	notation	Name	
894,void,"xmlSAX2UnparsedEntityDecl(i8* ctx ,i8* name ,i8* publicId ,i8* systemId ,i8* notationName )",void	xml	S	A	X2	Unparsed	Entity	Decl	i8*	ctx	i8*	name	i8*	public	Id	i8*	system	Id	i8*	notation	Name	
895,void,"xmlSAX2UnparsedEntityDecl(i8* ctx ,i8* name ,i8* publicId ,i8* systemId ,i8* notationName )",void	xml	S	A	X2	Unparsed	Entity	Decl	i8*	ctx	i8*	name	i8*	public	Id	i8*	system	Id	i8*	notation	Name	
896,void,xmlSAX2StartDocument(i8* ctx ),void	xml	S	A	X2	Start	Document	i8*	ctx	
897,_xmlSchematron*,xmlSchematronParse(_xmlSchematronParserCtxt* ctxt ),xml	Schematron*	xml	Schematron	Parse	xml	Schematron	Parser	Ctxt*	ctxt	
898,_xmlNode*,"xmlSchematronGetNode(_xmlSchematronValidCtxt* ctxt ,_xmlNode* cur ,i8* xpath )",xml	Node*	xml	Schematron	Get	Node	xml	Schematron	Valid	Ctxt*	ctxt	xml	Node*	cur	i8*	xpath	
899,_xmlNode*,"xmlSchematronGetNode(_xmlSchematronValidCtxt* ctxt ,_xmlNode* cur ,i8* xpath )",xml	Node*	xml	Schematron	Get	Node	xml	Schematron	Valid	Ctxt*	ctxt	xml	Node*	cur	i8*	xpath	
900,_xmlNode*,"xmlSchematronGetNode(_xmlSchematronValidCtxt* ctxt ,_xmlNode* cur ,i8* xpath )",xml	Node*	xml	Schematron	Get	Node	xml	Schematron	Valid	Ctxt*	ctxt	xml	Node*	cur	i8*	xpath	
901,i8*,"xmlSchematronFormatReport(_xmlSchematronValidCtxt* ctxt ,_xmlNode* test ,_xmlNode* cur )",i8*	xml	Schematron	Format	Report	xml	Schematron	Valid	Ctxt*	ctxt	xml	Node*	test	xml	Node*	cur	
902,i8*,"xmlSchematronFormatReport(_xmlSchematronValidCtxt* ctxt ,_xmlNode* test ,_xmlNode* cur )",i8*	xml	Schematron	Format	Report	xml	Schematron	Valid	Ctxt*	ctxt	xml	Node*	test	xml	Node*	cur	
903,i8*,"xmlSchematronFormatReport(_xmlSchematronValidCtxt* ctxt ,_xmlNode* test ,_xmlNode* cur )",i8*	xml	Schematron	Format	Report	xml	Schematron	Valid	Ctxt*	ctxt	xml	Node*	test	xml	Node*	cur	
904,void,"xmlSchematronReportSuccess(_xmlSchematronValidCtxt* ctxt ,_xmlSchematronTest* test ,_xmlNode* cur ,_xmlSchematronPattern* pattern ,i32 success )",void	xml	Schematron	Report	Success	xml	Schematron	Valid	Ctxt*	ctxt	xml	Schematron	Test*	test	xml	Node*	cur	xml	Schematron	Pattern*	pattern	i32	success	
905,void,"xmlSchematronReportSuccess(_xmlSchematronValidCtxt* ctxt ,_xmlSchematronTest* test ,_xmlNode* cur ,_xmlSchematronPattern* pattern ,i32 success )",void	xml	Schematron	Report	Success	xml	Schematron	Valid	Ctxt*	ctxt	xml	Schematron	Test*	test	xml	Node*	cur	xml	Schematron	Pattern*	pattern	i32	success	
906,void,"xmlSchematronReportSuccess(_xmlSchematronValidCtxt* ctxt ,_xmlSchematronTest* test ,_xmlNode* cur ,_xmlSchematronPattern* pattern ,i32 success )",void	xml	Schematron	Report	Success	xml	Schematron	Valid	Ctxt*	ctxt	xml	Schematron	Test*	test	xml	Node*	cur	xml	Schematron	Pattern*	pattern	i32	success	
907,void,"xmlSchematronReportSuccess(_xmlSchematronValidCtxt* ctxt ,_xmlSchematronTest* test ,_xmlNode* cur ,_xmlSchematronPattern* pattern ,i32 success )",void	xml	Schematron	Report	Success	xml	Schematron	Valid	Ctxt*	ctxt	xml	Schematron	Test*	test	xml	Node*	cur	xml	Schematron	Pattern*	pattern	i32	success	
908,void,"xmlSchematronReportSuccess(_xmlSchematronValidCtxt* ctxt ,_xmlSchematronTest* test ,_xmlNode* cur ,_xmlSchematronPattern* pattern ,i32 success )",void	xml	Schematron	Report	Success	xml	Schematron	Valid	Ctxt*	ctxt	xml	Schematron	Test*	test	xml	Node*	cur	xml	Schematron	Pattern*	pattern	i32	success	
909,void,"xmlSchematronReportSuccess(_xmlSchematronValidCtxt* ctxt ,_xmlSchematronTest* test ,_xmlNode* cur ,_xmlSchematronPattern* pattern ,i32 success )",void	xml	Schematron	Report	Success	xml	Schematron	Valid	Ctxt*	ctxt	xml	Schematron	Test*	test	xml	Node*	cur	xml	Schematron	Pattern*	pattern	i32	success	
910,void,"xmlSchematronReportSuccess(_xmlSchematronValidCtxt* ctxt ,_xmlSchematronTest* test ,_xmlNode* cur ,_xmlSchematronPattern* pattern ,i32 success )",void	xml	Schematron	Report	Success	xml	Schematron	Valid	Ctxt*	ctxt	xml	Schematron	Test*	test	xml	Node*	cur	xml	Schematron	Pattern*	pattern	i32	success	
911,void,"xmlSchematronReportPattern(_xmlSchematronValidCtxt* ctxt ,_xmlSchematronPattern* pattern )",void	xml	Schematron	Report	Pattern	xml	Schematron	Valid	Ctxt*	ctxt	xml	Schematron	Pattern*	pattern	
912,void,"xmlSchematronReportPattern(_xmlSchematronValidCtxt* ctxt ,_xmlSchematronPattern* pattern )",void	xml	Schematron	Report	Pattern	xml	Schematron	Valid	Ctxt*	ctxt	xml	Schematron	Pattern*	pattern	
913,void,"xmlSchematronSetValidStructuredErrors(_xmlSchematronValidCtxt* ctxt ,void (i8*, _xmlError*)* serror ,i8* ctx )",void	xml	Schematron	Set	Valid	Structured	Errors	xml	Schematron	Valid	Ctxt*	ctxt	void	i8*	xml	Error*	serror	i8*	ctx	
914,void,xmlSchematronFreeValidCtxt(_xmlSchematronValidCtxt* ctxt ),void	xml	Schematron	Free	Valid	Ctxt	xml	Schematron	Valid	Ctxt*	ctxt	
915,_xmlNode*,xmlSchematronNextNode(_xmlNode* cur ),xml	Node*	xml	Schematron	Next	Node	xml	Node*	cur	
916,_xmlNode*,xmlSchematronNextNode(_xmlNode* cur ),xml	Node*	xml	Schematron	Next	Node	xml	Node*	cur	
917,i32,"xmlSchematronValidateDoc(_xmlSchematronValidCtxt* ctxt ,_xmlDoc* instance )",i32	xml	Schematron	Validate	Doc	xml	Schematron	Valid	Ctxt*	ctxt	xml	Doc*	instance	
918,i32,"xmlSchematronValidateDoc(_xmlSchematronValidCtxt* ctxt ,_xmlDoc* instance )",i32	xml	Schematron	Validate	Doc	xml	Schematron	Valid	Ctxt*	ctxt	xml	Doc*	instance	
919,void,"xmlSchematronPErrMemory(_xmlSchematronParserCtxt* ctxt ,i8* extra ,_xmlNode* node )",void	xml	Schematron	P	Err	Memory	xml	Schematron	Parser	Ctxt*	ctxt	i8*	extra	xml	Node*	node	
920,void,"xmlSchematronPErr(_xmlSchematronParserCtxt* ctxt ,_xmlNode* node ,i32 error ,i8* msg ,i8* str1 ,i8* str2 )",void	xml	Schematron	P	Err	xml	Schematron	Parser	Ctxt*	ctxt	xml	Node*	node	i32	error	i8*	msg	i8*	str	i8*	str	
921,void,"xmlSchematronVErrMemory(_xmlSchematronValidCtxt* ctxt ,i8* extra ,_xmlNode* node )",void	xml	Schematron	V	Err	Memory	xml	Schematron	Valid	Ctxt*	ctxt	i8*	extra	xml	Node*	node	
922,_xmlSchematronTest*,"xmlSchematronAddTest(_xmlSchematronParserCtxt* ctxt ,i32 type ,_xmlSchematronRule* rule ,_xmlNode* node ,i8* test ,i8* report )",xml	Schematron	Test*	xml	Schematron	Add	Test	xml	Schematron	Parser	Ctxt*	ctxt	i32	type	xml	Schematron	Rule*	rule	xml	Node*	node	i8*	test	i8*	report	
923,_xmlSchematronTest*,"xmlSchematronAddTest(_xmlSchematronParserCtxt* ctxt ,i32 type ,_xmlSchematronRule* rule ,_xmlNode* node ,i8* test ,i8* report )",xml	Schematron	Test*	xml	Schematron	Add	Test	xml	Schematron	Parser	Ctxt*	ctxt	i32	type	xml	Schematron	Rule*	rule	xml	Node*	node	i8*	test	i8*	report	
924,_xmlSchematronTest*,"xmlSchematronAddTest(_xmlSchematronParserCtxt* ctxt ,i32 type ,_xmlSchematronRule* rule ,_xmlNode* node ,i8* test ,i8* report )",xml	Schematron	Test*	xml	Schematron	Add	Test	xml	Schematron	Parser	Ctxt*	ctxt	i32	type	xml	Schematron	Rule*	rule	xml	Node*	node	i8*	test	i8*	report	
925,_xmlSchematronTest*,"xmlSchematronAddTest(_xmlSchematronParserCtxt* ctxt ,i32 type ,_xmlSchematronRule* rule ,_xmlNode* node ,i8* test ,i8* report )",xml	Schematron	Test*	xml	Schematron	Add	Test	xml	Schematron	Parser	Ctxt*	ctxt	i32	type	xml	Schematron	Rule*	rule	xml	Node*	node	i8*	test	i8*	report	
926,void,xmlSchematronFreeTests(_xmlSchematronTest* tests ),void	xml	Schematron	Free	Tests	xml	Schematron	Test*	tests	
927,_xmlSchematronRule*,"xmlSchematronAddRule(_xmlSchematronParserCtxt* ctxt ,_xmlSchematron* schema ,_xmlSchematronPattern* pat ,_xmlNode* node ,i8* context ,i8* report )",xml	Schematron	Rule*	xml	Schematron	Add	Rule	xml	Schematron	Parser	Ctxt*	ctxt	xml	Schematron*	schema	xml	Schematron	Pattern*	pat	xml	Node*	node	i8*	context	i8*	report	
928,_xmlSchematronRule*,"xmlSchematronAddRule(_xmlSchematronParserCtxt* ctxt ,_xmlSchematron* schema ,_xmlSchematronPattern* pat ,_xmlNode* node ,i8* context ,i8* report )",xml	Schematron	Rule*	xml	Schematron	Add	Rule	xml	Schematron	Parser	Ctxt*	ctxt	xml	Schematron*	schema	xml	Schematron	Pattern*	pat	xml	Node*	node	i8*	context	i8*	report	
929,_xmlSchematronRule*,"xmlSchematronAddRule(_xmlSchematronParserCtxt* ctxt ,_xmlSchematron* schema ,_xmlSchematronPattern* pat ,_xmlNode* node ,i8* context ,i8* report )",xml	Schematron	Rule*	xml	Schematron	Add	Rule	xml	Schematron	Parser	Ctxt*	ctxt	xml	Schematron*	schema	xml	Schematron	Pattern*	pat	xml	Node*	node	i8*	context	i8*	report	
930,_xmlSchematronRule*,"xmlSchematronAddRule(_xmlSchematronParserCtxt* ctxt ,_xmlSchematron* schema ,_xmlSchematronPattern* pat ,_xmlNode* node ,i8* context ,i8* report )",xml	Schematron	Rule*	xml	Schematron	Add	Rule	xml	Schematron	Parser	Ctxt*	ctxt	xml	Schematron*	schema	xml	Schematron	Pattern*	pat	xml	Node*	node	i8*	context	i8*	report	
931,void,xmlSchematronFreeRules(_xmlSchematronRule* rules ),void	xml	Schematron	Free	Rules	xml	Schematron	Rule*	rules	
932,_xmlSchematronPattern*,"xmlSchematronAddPattern(_xmlSchematronParserCtxt* ctxt ,_xmlSchematron* schema ,_xmlNode* node ,i8* name )",xml	Schematron	Pattern*	xml	Schematron	Add	Pattern	xml	Schematron	Parser	Ctxt*	ctxt	xml	Schematron*	schema	xml	Node*	node	i8*	name	
933,_xmlSchematronPattern*,"xmlSchematronAddPattern(_xmlSchematronParserCtxt* ctxt ,_xmlSchematron* schema ,_xmlNode* node ,i8* name )",xml	Schematron	Pattern*	xml	Schematron	Add	Pattern	xml	Schematron	Parser	Ctxt*	ctxt	xml	Schematron*	schema	xml	Node*	node	i8*	name	
934,_xmlSchematronPattern*,"xmlSchematronAddPattern(_xmlSchematronParserCtxt* ctxt ,_xmlSchematron* schema ,_xmlNode* node ,i8* name )",xml	Schematron	Pattern*	xml	Schematron	Add	Pattern	xml	Schematron	Parser	Ctxt*	ctxt	xml	Schematron*	schema	xml	Node*	node	i8*	name	
935,_xmlSchematronPattern*,"xmlSchematronAddPattern(_xmlSchematronParserCtxt* ctxt ,_xmlSchematron* schema ,_xmlNode* node ,i8* name )",xml	Schematron	Pattern*	xml	Schematron	Add	Pattern	xml	Schematron	Parser	Ctxt*	ctxt	xml	Schematron*	schema	xml	Node*	node	i8*	name	
936,void,xmlSchematronFreePatterns(_xmlSchematronPattern* patterns ),void	xml	Schematron	Free	Patterns	xml	Schematron	Pattern*	patterns	
937,void,xmlSchematronFree(_xmlSchematron* schema ),void	xml	Schematron	Free	xml	Schematron*	schema	
938,_xmlSchematronParserCtxt*,xmlSchematronNewParserCtxt(i8* URL ),xml	Schematron	Parser	Ctxt*	xml	Schematron	New	Parser	Ctxt	i8*	U	R	L	
939,_xmlSchematronParserCtxt*,"xmlSchematronNewMemParserCtxt(i8* buffer ,i32 size )",xml	Schematron	Parser	Ctxt*	xml	Schematron	New	Mem	Parser	Ctxt	i8*	buffer	i32	size	
940,_xmlSchematronParserCtxt*,"xmlSchematronNewMemParserCtxt(i8* buffer ,i32 size )",xml	Schematron	Parser	Ctxt*	xml	Schematron	New	Mem	Parser	Ctxt	i8*	buffer	i32	size	
941,_xmlSchematronParserCtxt*,xmlSchematronNewDocParserCtxt(_xmlDoc* doc ),xml	Schematron	Parser	Ctxt*	xml	Schematron	New	Doc	Parser	Ctxt	xml	Doc*	doc	
942,void,xmlSchematronFreeParserCtxt(_xmlSchematronParserCtxt* ctxt ),void	xml	Schematron	Free	Parser	Ctxt	xml	Schematron	Parser	Ctxt*	ctxt	
943,void,"xmlSchematronParseRule(_xmlSchematronParserCtxt* ctxt ,_xmlSchematronPattern* pattern ,_xmlNode* rule )",void	xml	Schematron	Parse	Rule	xml	Schematron	Parser	Ctxt*	ctxt	xml	Schematron	Pattern*	pattern	xml	Node*	rule	
944,void,"xmlSchematronParseRule(_xmlSchematronParserCtxt* ctxt ,_xmlSchematronPattern* pattern ,_xmlNode* rule )",void	xml	Schematron	Parse	Rule	xml	Schematron	Parser	Ctxt*	ctxt	xml	Schematron	Pattern*	pattern	xml	Node*	rule	
945,void,"xmlSchematronParsePattern(_xmlSchematronParserCtxt* ctxt ,_xmlNode* pat )",void	xml	Schematron	Parse	Pattern	xml	Schematron	Parser	Ctxt*	ctxt	xml	Node*	pat	
946,void,"xmlSchematronParsePattern(_xmlSchematronParserCtxt* ctxt ,_xmlNode* pat )",void	xml	Schematron	Parse	Pattern	xml	Schematron	Parser	Ctxt*	ctxt	xml	Node*	pat	
947,i32,"gen_xmlAttributeDefault(i32 no ,i32 nr )",i32	gen	xml	Attribute	Default	i32	no	i32	nr	
948,i32,"gen_xmlAttributeDefault(i32 no ,i32 nr )",i32	gen	xml	Attribute	Default	i32	no	i32	nr	
949,i32,"gen_xmlAttributeDefault(i32 no ,i32 nr )",i32	gen	xml	Attribute	Default	i32	no	i32	nr	
950,i32,"gen_xmlAttributeDefault(i32 no ,i32 nr )",i32	gen	xml	Attribute	Default	i32	no	i32	nr	
951,i32,"gen_xmlAttributeType(i32 no ,i32 nr )",i32	gen	xml	Attribute	Type	i32	no	i32	nr	
952,i32,"gen_xmlAttributeType(i32 no ,i32 nr )",i32	gen	xml	Attribute	Type	i32	no	i32	nr	
953,i32,"gen_xmlAttributeType(i32 no ,i32 nr )",i32	gen	xml	Attribute	Type	i32	no	i32	nr	
954,i32,"gen_xmlAttributeType(i32 no ,i32 nr )",i32	gen	xml	Attribute	Type	i32	no	i32	nr	
955,i32,"gen_xmlBufferAllocationScheme(i32 no ,i32 nr )",i32	gen	xml	Buffer	Allocation	Scheme	i32	no	i32	nr	
956,i32,"gen_xmlBufferAllocationScheme(i32 no ,i32 nr )",i32	gen	xml	Buffer	Allocation	Scheme	i32	no	i32	nr	
957,i32,"gen_xmlBufferAllocationScheme(i32 no ,i32 nr )",i32	gen	xml	Buffer	Allocation	Scheme	i32	no	i32	nr	
958,i32,"gen_xmlBufferAllocationScheme(i32 no ,i32 nr )",i32	gen	xml	Buffer	Allocation	Scheme	i32	no	i32	nr	
959,i32,"gen_xmlCatalogAllow(i32 no ,i32 nr )",i32	gen	xml	Catalog	Allow	i32	no	i32	nr	
960,i32,"gen_xmlCatalogAllow(i32 no ,i32 nr )",i32	gen	xml	Catalog	Allow	i32	no	i32	nr	
961,i32,"gen_xmlCatalogAllow(i32 no ,i32 nr )",i32	gen	xml	Catalog	Allow	i32	no	i32	nr	
962,i32,"gen_xmlCatalogAllow(i32 no ,i32 nr )",i32	gen	xml	Catalog	Allow	i32	no	i32	nr	
963,i32,"gen_xmlCatalogPrefer(i32 no ,i32 nr )",i32	gen	xml	Catalog	Prefer	i32	no	i32	nr	
964,i32,"gen_xmlCatalogPrefer(i32 no ,i32 nr )",i32	gen	xml	Catalog	Prefer	i32	no	i32	nr	
965,i32,"gen_xmlCatalogPrefer(i32 no ,i32 nr )",i32	gen	xml	Catalog	Prefer	i32	no	i32	nr	
966,i32,"gen_xmlElementContentType(i32 no ,i32 nr )",i32	gen	xml	Element	Content	Type	i32	no	i32	nr	
967,i32,"gen_xmlElementContentType(i32 no ,i32 nr )",i32	gen	xml	Element	Content	Type	i32	no	i32	nr	
968,i32,"gen_xmlElementContentType(i32 no ,i32 nr )",i32	gen	xml	Element	Content	Type	i32	no	i32	nr	
969,i32,"gen_xmlElementContentType(i32 no ,i32 nr )",i32	gen	xml	Element	Content	Type	i32	no	i32	nr	
970,i32,"gen_xmlElementTypeVal(i32 no ,i32 nr )",i32	gen	xml	Element	Type	Val	i32	no	i32	nr	
971,i32,"gen_xmlElementTypeVal(i32 no ,i32 nr )",i32	gen	xml	Element	Type	Val	i32	no	i32	nr	
972,i32,"gen_xmlElementTypeVal(i32 no ,i32 nr )",i32	gen	xml	Element	Type	Val	i32	no	i32	nr	
973,i32,"gen_xmlElementTypeVal(i32 no ,i32 nr )",i32	gen	xml	Element	Type	Val	i32	no	i32	nr	
974,i32,"gen_xmlFeature(i32 no ,i32 nr )",i32	gen	xml	Feature	i32	no	i32	nr	
975,i32,"gen_xmlFeature(i32 no ,i32 nr )",i32	gen	xml	Feature	i32	no	i32	nr	
976,i32,"gen_xmlFeature(i32 no ,i32 nr )",i32	gen	xml	Feature	i32	no	i32	nr	
977,i32,"gen_xmlFeature(i32 no ,i32 nr )",i32	gen	xml	Feature	i32	no	i32	nr	
978,i32,"gen_xmlSchemaValType(i32 no ,i32 nr )",i32	gen	xml	Schema	Val	Type	i32	no	i32	nr	
979,i32,"gen_xmlSchemaValType(i32 no ,i32 nr )",i32	gen	xml	Schema	Val	Type	i32	no	i32	nr	
980,i32,"gen_xmlSchemaValType(i32 no ,i32 nr )",i32	gen	xml	Schema	Val	Type	i32	no	i32	nr	
981,i32,"gen_xmlSchemaValType(i32 no ,i32 nr )",i32	gen	xml	Schema	Val	Type	i32	no	i32	nr	
982,i32,"gen_xmlSchemaWhitespaceValueType(i32 no ,i32 nr )",i32	gen	xml	Schema	Whitespace	Value	Type	i32	no	i32	nr	
983,i32,"gen_xmlSchemaWhitespaceValueType(i32 no ,i32 nr )",i32	gen	xml	Schema	Whitespace	Value	Type	i32	no	i32	nr	
984,i32,"gen_xmlSchemaWhitespaceValueType(i32 no ,i32 nr )",i32	gen	xml	Schema	Whitespace	Value	Type	i32	no	i32	nr	
985,i32,"gen_xmlSchemaWhitespaceValueType(i32 no ,i32 nr )",i32	gen	xml	Schema	Whitespace	Value	Type	i32	no	i32	nr	
986,i32,"main(i32 argc ,i8** argv )",i32	main	i32	argc	i	argv	
987,i32,"main(i32 argc ,i8** argv )",i32	main	i32	argc	i	argv	
988,i8*,"gen_userdata(i32 no ,i32 nr )",i8*	gen	userdata	i32	no	i32	nr	
989,i8*,"gen_userdata(i32 no ,i32 nr )",i8*	gen	userdata	i32	no	i32	nr	
990,i32,"gen_int(i32 no ,i32 nr )",i32	gen	int	i32	no	i32	nr	
991,i32,"gen_int(i32 no ,i32 nr )",i32	gen	int	i32	no	i32	nr	
992,i32,"gen_int(i32 no ,i32 nr )",i32	gen	int	i32	no	i32	nr	
993,i32,"gen_int(i32 no ,i32 nr )",i32	gen	int	i32	no	i32	nr	
994,i32,"gen_parseroptions(i32 no ,i32 nr )",i32	gen	parseroptions	i32	no	i32	nr	
995,i32,"gen_parseroptions(i32 no ,i32 nr )",i32	gen	parseroptions	i32	no	i32	nr	
996,i32,"gen_parseroptions(i32 no ,i32 nr )",i32	gen	parseroptions	i32	no	i32	nr	
997,i32,"gen_parseroptions(i32 no ,i32 nr )",i32	gen	parseroptions	i32	no	i32	nr	
998,i8,"gen_xmlChar(i32 no ,i32 nr )",i	gen	xml	Char	i32	no	i32	nr	
999,i8,"gen_xmlChar(i32 no ,i32 nr )",i	gen	xml	Char	i32	no	i32	nr	
1000,i8,"gen_xmlChar(i32 no ,i32 nr )",i	gen	xml	Char	i32	no	i32	nr	
1001,i32,"gen_unsigned_int(i32 no ,i32 nr )",i32	gen	unsigned	int	i32	no	i32	nr	
1002,i32,"gen_unsigned_int(i32 no ,i32 nr )",i32	gen	unsigned	int	i32	no	i32	nr	
1003,i32,"gen_unsigned_int(i32 no ,i32 nr )",i32	gen	unsigned	int	i32	no	i32	nr	
1004,i64,"gen_unsigned_long(i32 no ,i32 nr )",i64	gen	unsigned	long	i32	no	i32	nr	
1005,i64,"gen_unsigned_long(i32 no ,i32 nr )",i64	gen	unsigned	long	i32	no	i32	nr	
1006,i64,"gen_unsigned_long(i32 no ,i32 nr )",i64	gen	unsigned	long	i32	no	i32	nr	
1007,double,"gen_double(i32 no ,i32 nr )",double	gen	double	i32	no	i32	nr	
1008,double,"gen_double(i32 no ,i32 nr )",double	gen	double	i32	no	i32	nr	
1009,double,"gen_double(i32 no ,i32 nr )",double	gen	double	i32	no	i32	nr	
1010,i64*,"gen_unsigned_long_ptr(i32 no ,i32 nr )",i	gen	unsigned	long	ptr	i32	no	i32	nr	
1011,i32*,"gen_int_ptr(i32 no ,i32 nr )",i	gen	int	ptr	i32	no	i32	nr	
1012,i8*,"gen_const_char_ptr(i32 no ,i32 nr )",i8*	gen	const	char	ptr	i32	no	i32	nr	
1013,i8*,"gen_const_char_ptr(i32 no ,i32 nr )",i8*	gen	const	char	ptr	i32	no	i32	nr	
1014,i8*,"gen_const_char_ptr(i32 no ,i32 nr )",i8*	gen	const	char	ptr	i32	no	i32	nr	
1015,i8*,"gen_xmlChar_ptr(i32 no ,i32 nr )",i8*	gen	xml	Char	ptr	i32	no	i32	nr	
1016,_IO_FILE*,"gen_FILE_ptr(i32 no ,i32 nr )",I	O	F	I	L	E*	gen	F	I	L	E	ptr	i32	no	i32	nr	
1017,void,"des_FILE_ptr(i32 no ,_IO_FILE* val ,i32 nr )",void	des	F	I	L	E	ptr	i32	no	I	O	F	I	L	E*	val	i32	nr	
1018,void,"des_debug_FILE_ptr(i32 no ,_IO_FILE* val ,i32 nr )",void	des	debug	F	I	L	E	ptr	i32	no	I	O	F	I	L	E*	val	i32	nr	
1019,i8*,"gen_const_xmlChar_ptr(i32 no ,i32 nr )",i8*	gen	const	xml	Char	ptr	i32	no	i32	nr	
1020,i8*,"gen_const_xmlChar_ptr(i32 no ,i32 nr )",i8*	gen	const	xml	Char	ptr	i32	no	i32	nr	
1021,i8*,"gen_const_xmlChar_ptr(i32 no ,i32 nr )",i8*	gen	const	xml	Char	ptr	i32	no	i32	nr	
1022,i8*,"gen_const_xmlChar_ptr(i32 no ,i32 nr )",i8*	gen	const	xml	Char	ptr	i32	no	i32	nr	
1023,i8*,"gen_filepath(i32 no ,i32 nr )",i8*	gen	filepath	i32	no	i32	nr	
1024,i8*,"gen_filepath(i32 no ,i32 nr )",i8*	gen	filepath	i32	no	i32	nr	
1025,i8*,"gen_filepath(i32 no ,i32 nr )",i8*	gen	filepath	i32	no	i32	nr	
1026,i8*,"gen_filepath(i32 no ,i32 nr )",i8*	gen	filepath	i32	no	i32	nr	
1027,i8*,"gen_filepath(i32 no ,i32 nr )",i8*	gen	filepath	i32	no	i32	nr	
1028,i8*,"gen_filepath(i32 no ,i32 nr )",i8*	gen	filepath	i32	no	i32	nr	
1029,i8*,"gen_filepath(i32 no ,i32 nr )",i8*	gen	filepath	i32	no	i32	nr	
1030,i8*,"gen_eaten_name(i32 no ,i32 nr )",i8*	gen	eaten	name	i32	no	i32	nr	
1031,i8*,"gen_fileoutput(i32 no ,i32 nr )",i8*	gen	fileoutput	i32	no	i32	nr	
1032,i8*,"gen_fileoutput(i32 no ,i32 nr )",i8*	gen	fileoutput	i32	no	i32	nr	
1033,i8*,"gen_fileoutput(i32 no ,i32 nr )",i8*	gen	fileoutput	i32	no	i32	nr	
1034,i8*,"gen_fileoutput(i32 no ,i32 nr )",i8*	gen	fileoutput	i32	no	i32	nr	
1035,i8*,"gen_fileoutput(i32 no ,i32 nr )",i8*	gen	fileoutput	i32	no	i32	nr	
1036,_xmlParserCtxt*,"gen_xmlParserCtxtPtr(i32 no ,i32 nr )",xml	Parser	Ctxt*	gen	xml	Parser	Ctxt	Ptr	i32	no	i32	nr	
1037,_xmlParserCtxt*,"gen_xmlParserCtxtPtr(i32 no ,i32 nr )",xml	Parser	Ctxt*	gen	xml	Parser	Ctxt	Ptr	i32	no	i32	nr	
1038,void,"des_xmlParserCtxtPtr(i32 no ,_xmlParserCtxt* val ,i32 nr )",void	des	xml	Parser	Ctxt	Ptr	i32	no	xml	Parser	Ctxt*	val	i32	nr	
1039,_xmlSAXHandler*,"gen_xmlSAXHandlerPtr(i32 no ,i32 nr )",xml	S	A	X	Handler*	gen	xml	S	A	X	Handler	Ptr	i32	no	i32	nr	
1040,_xmlValidCtxt*,"gen_xmlValidCtxtPtr(i32 no ,i32 nr )",xml	Valid	Ctxt*	gen	xml	Valid	Ctxt	Ptr	i32	no	i32	nr	
1041,void,"des_xmlValidCtxtPtr(i32 no ,_xmlValidCtxt* val ,i32 nr )",void	des	xml	Valid	Ctxt	Ptr	i32	no	xml	Valid	Ctxt*	val	i32	nr	
1042,_xmlParserInputBuffer*,"gen_xmlParserInputBufferPtr(i32 no ,i32 nr )",xml	Parser	Input	Buffer*	gen	xml	Parser	Input	Buffer	Ptr	i32	no	i32	nr	
1043,_xmlParserInputBuffer*,"gen_xmlParserInputBufferPtr(i32 no ,i32 nr )",xml	Parser	Input	Buffer*	gen	xml	Parser	Input	Buffer	Ptr	i32	no	i32	nr	
1044,_xmlParserInputBuffer*,"gen_xmlParserInputBufferPtr(i32 no ,i32 nr )",xml	Parser	Input	Buffer*	gen	xml	Parser	Input	Buffer	Ptr	i32	no	i32	nr	
1045,_xmlParserInputBuffer*,"gen_xmlParserInputBufferPtr(i32 no ,i32 nr )",xml	Parser	Input	Buffer*	gen	xml	Parser	Input	Buffer	Ptr	i32	no	i32	nr	
1046,_xmlParserInputBuffer*,"gen_xmlParserInputBufferPtr(i32 no ,i32 nr )",xml	Parser	Input	Buffer*	gen	xml	Parser	Input	Buffer	Ptr	i32	no	i32	nr	
1047,_xmlParserInputBuffer*,"gen_xmlParserInputBufferPtr(i32 no ,i32 nr )",xml	Parser	Input	Buffer*	gen	xml	Parser	Input	Buffer	Ptr	i32	no	i32	nr	
1048,_xmlParserInputBuffer*,"gen_xmlParserInputBufferPtr(i32 no ,i32 nr )",xml	Parser	Input	Buffer*	gen	xml	Parser	Input	Buffer	Ptr	i32	no	i32	nr	
1049,_xmlDoc*,"gen_xmlDocPtr(i32 no ,i32 nr )",xml	Doc*	gen	xml	Doc	Ptr	i32	no	i32	nr	
1050,_xmlDoc*,"gen_xmlDocPtr(i32 no ,i32 nr )",xml	Doc*	gen	xml	Doc	Ptr	i32	no	i32	nr	
1051,_xmlDoc*,"gen_xmlDocPtr(i32 no ,i32 nr )",xml	Doc*	gen	xml	Doc	Ptr	i32	no	i32	nr	
1052,void,"des_xmlDocPtr(i32 no ,_xmlDoc* val ,i32 nr )",void	des	xml	Doc	Ptr	i32	no	xml	Doc*	val	i32	nr	
1053,void,"des_xmlDocPtr(i32 no ,_xmlDoc* val ,i32 nr )",void	des	xml	Doc	Ptr	i32	no	xml	Doc*	val	i32	nr	
1054,_xmlAttr*,"gen_xmlAttrPtr(i32 no ,i32 nr )",xml	Attr*	gen	xml	Attr	Ptr	i32	no	i32	nr	
1055,void,"des_xmlAttrPtr(i32 no ,_xmlAttr* val ,i32 nr )",void	des	xml	Attr	Ptr	i32	no	xml	Attr*	val	i32	nr	
1056,_xmlDict*,"gen_xmlDictPtr(i32 no ,i32 nr )",xml	Dict*	gen	xml	Dict	Ptr	i32	no	i32	nr	
1057,void,"des_xmlDictPtr(i32 no ,_xmlDict* val ,i32 nr )",void	des	xml	Dict	Ptr	i32	no	xml	Dict*	val	i32	nr	
1058,_xmlNode*,"gen_xmlNodePtr(i32 no ,i32 nr )",xml	Node*	gen	xml	Node	Ptr	i32	no	i32	nr	
1059,_xmlNode*,"gen_xmlNodePtr(i32 no ,i32 nr )",xml	Node*	gen	xml	Node	Ptr	i32	no	i32	nr	
1060,void,"des_xmlNodePtr(i32 no ,_xmlNode* val ,i32 nr )",void	des	xml	Node	Ptr	i32	no	xml	Node*	val	i32	nr	
1061,void,"des_xmlNodePtr(i32 no ,_xmlNode* val ,i32 nr )",void	des	xml	Node	Ptr	i32	no	xml	Node*	val	i32	nr	
1062,_xmlDtd*,"gen_xmlDtdPtr(i32 no ,i32 nr )",xml	Dtd*	gen	xml	Dtd	Ptr	i32	no	i32	nr	
1063,_xmlDtd*,"gen_xmlDtdPtr(i32 no ,i32 nr )",xml	Dtd*	gen	xml	Dtd	Ptr	i32	no	i32	nr	
1064,void,"des_xmlDtdPtr(i32 no ,_xmlDtd* val ,i32 nr )",void	des	xml	Dtd	Ptr	i32	no	xml	Dtd*	val	i32	nr	
1065,void,"des_xmlDtdPtr(i32 no ,_xmlDtd* val ,i32 nr )",void	des	xml	Dtd	Ptr	i32	no	xml	Dtd*	val	i32	nr	
1066,_xmlNs*,"gen_xmlNsPtr(i32 no ,i32 nr )",xml	Ns*	gen	xml	Ns	Ptr	i32	no	i32	nr	
1067,void,"des_xmlNsPtr(i32 no ,_xmlNs* val ,i32 nr )",void	des	xml	Ns	Ptr	i32	no	xml	Ns*	val	i32	nr	
1068,_xmlNode*,"gen_xmlNodePtr_in(i32 no ,i32 nr )",xml	Node*	gen	xml	Node	Ptr	in	i32	no	i32	nr	
1069,_xmlNode*,"gen_xmlNodePtr_in(i32 no ,i32 nr )",xml	Node*	gen	xml	Node	Ptr	in	i32	no	i32	nr	
1070,_xmlTextWriter*,"gen_xmlTextWriterPtr(i32 no ,i32 nr )",xml	Text	Writer*	gen	xml	Text	Writer	Ptr	i32	no	i32	nr	
1071,void,"des_xmlTextWriterPtr(i32 no ,_xmlTextWriter* val ,i32 nr )",void	des	xml	Text	Writer	Ptr	i32	no	xml	Text	Writer*	val	i32	nr	
1072,_xmlTextReader*,"gen_xmlTextReaderPtr(i32 no ,i32 nr )",xml	Text	Reader*	gen	xml	Text	Reader	Ptr	i32	no	i32	nr	
1073,_xmlTextReader*,"gen_xmlTextReaderPtr(i32 no ,i32 nr )",xml	Text	Reader*	gen	xml	Text	Reader	Ptr	i32	no	i32	nr	
1074,_xmlTextReader*,"gen_xmlTextReaderPtr(i32 no ,i32 nr )",xml	Text	Reader*	gen	xml	Text	Reader	Ptr	i32	no	i32	nr	
1075,void,"des_xmlTextReaderPtr(i32 no ,_xmlTextReader* val ,i32 nr )",void	des	xml	Text	Reader	Ptr	i32	no	xml	Text	Reader*	val	i32	nr	
1076,_xmlBuffer*,"gen_xmlBufferPtr(i32 no ,i32 nr )",xml	Buffer*	gen	xml	Buffer	Ptr	i32	no	i32	nr	
1077,_xmlBuffer*,"gen_xmlBufferPtr(i32 no ,i32 nr )",xml	Buffer*	gen	xml	Buffer	Ptr	i32	no	i32	nr	
1078,void,"des_xmlBufferPtr(i32 no ,_xmlBuffer* val ,i32 nr )",void	des	xml	Buffer	Ptr	i32	no	xml	Buffer*	val	i32	nr	
1079,_xmlList*,"gen_xmlListPtr(i32 no ,i32 nr )",xml	List*	gen	xml	List	Ptr	i32	no	i32	nr	
1080,void,"des_xmlListPtr(i32 no ,_xmlList* val ,i32 nr )",void	des	xml	List	Ptr	i32	no	xml	List*	val	i32	nr	
1081,_xmlHashTable*,"gen_xmlHashTablePtr(i32 no ,i32 nr )",xml	Hash	Table*	gen	xml	Hash	Table	Ptr	i32	no	i32	nr	
1082,void,"des_xmlHashTablePtr(i32 no ,_xmlHashTable* val ,i32 nr )",void	des	xml	Hash	Table	Ptr	i32	no	xml	Hash	Table*	val	i32	nr	
1083,_xmlXPathObject*,"gen_xmlXPathObjectPtr(i32 no ,i32 nr )",xml	X	Path	Object*	gen	xml	X	Path	Object	Ptr	i32	no	i32	nr	
1084,_xmlXPathObject*,"gen_xmlXPathObjectPtr(i32 no ,i32 nr )",xml	X	Path	Object*	gen	xml	X	Path	Object	Ptr	i32	no	i32	nr	
1085,_xmlXPathObject*,"gen_xmlXPathObjectPtr(i32 no ,i32 nr )",xml	X	Path	Object*	gen	xml	X	Path	Object	Ptr	i32	no	i32	nr	
1086,_xmlXPathObject*,"gen_xmlXPathObjectPtr(i32 no ,i32 nr )",xml	X	Path	Object*	gen	xml	X	Path	Object	Ptr	i32	no	i32	nr	
1087,void,"des_xmlXPathObjectPtr(i32 no ,_xmlXPathObject* val ,i32 nr )",void	des	xml	X	Path	Object	Ptr	i32	no	xml	X	Path	Object*	val	i32	nr	
1088,_xmlOutputBuffer*,"gen_xmlOutputBufferPtr(i32 no ,i32 nr )",xml	Output	Buffer*	gen	xml	Output	Buffer	Ptr	i32	no	i32	nr	
1089,void,"des_xmlOutputBufferPtr(i32 no ,_xmlOutputBuffer* val ,i32 nr )",void	des	xml	Output	Buffer	Ptr	i32	no	xml	Output	Buffer*	val	i32	nr	
1090,i8*,"gen_xmlNanoFTPCtxtPtr(i32 no ,i32 nr )",i8*	gen	xml	Nano	F	T	P	Ctxt	Ptr	i32	no	i32	nr	
1091,i8*,"gen_xmlNanoFTPCtxtPtr(i32 no ,i32 nr )",i8*	gen	xml	Nano	F	T	P	Ctxt	Ptr	i32	no	i32	nr	
1092,i8*,"gen_xmlNanoFTPCtxtPtr(i32 no ,i32 nr )",i8*	gen	xml	Nano	F	T	P	Ctxt	Ptr	i32	no	i32	nr	
1093,void,"des_xmlNanoFTPCtxtPtr(i32 no ,i8* val ,i32 nr )",void	des	xml	Nano	F	T	P	Ctxt	Ptr	i32	no	i8*	val	i32	nr	
1094,i8*,"gen_xmlNanoHTTPCtxtPtr(i32 no ,i32 nr )",i8*	gen	xml	Nano	H	T	T	P	Ctxt	Ptr	i32	no	i32	nr	
1095,i8*,"gen_xmlNanoHTTPCtxtPtr(i32 no ,i32 nr )",i8*	gen	xml	Nano	H	T	T	P	Ctxt	Ptr	i32	no	i32	nr	
1096,i8*,"gen_xmlNanoHTTPCtxtPtr(i32 no ,i32 nr )",i8*	gen	xml	Nano	H	T	T	P	Ctxt	Ptr	i32	no	i32	nr	
1097,void,"des_xmlNanoHTTPCtxtPtr(i32 no ,i8* val ,i32 nr )",void	des	xml	Nano	H	T	T	P	Ctxt	Ptr	i32	no	i8*	val	i32	nr	
1098,i32,"gen_xmlCharEncoding(i32 no ,i32 nr )",i32	gen	xml	Char	Encoding	i32	no	i32	nr	
1099,i32,"gen_xmlCharEncoding(i32 no ,i32 nr )",i32	gen	xml	Char	Encoding	i32	no	i32	nr	
1100,i32,"gen_xmlCharEncoding(i32 no ,i32 nr )",i32	gen	xml	Char	Encoding	i32	no	i32	nr	
1101,void,"(i8*, i8*)* gen_xmlHashDeallocator(i32 no ,i32 nr )",void	i8*	i8*	gen	xml	Hash	Deallocator	i32	no	i32	nr	
1102,void,desret_xmlChar_ptr(i8* val ),void	desret	xml	Char	ptr	i8*	val	
1103,void,desret_xmlDocPtr(_xmlDoc* val ),void	desret	xml	Doc	Ptr	xml	Doc*	val	
1104,void,desret_xmlNodePtr(_xmlNode* val ),void	desret	xml	Node	Ptr	xml	Node*	val	
1105,void,desret_xmlNodePtr(_xmlNode* val ),void	desret	xml	Node	Ptr	xml	Node*	val	
1106,void,desret_xmlNodePtr(_xmlNode* val ),void	desret	xml	Node	Ptr	xml	Node*	val	
1107,void,desret_xmlAttrPtr(_xmlAttr* val ),void	desret	xml	Attr	Ptr	xml	Attr*	val	
1108,void,desret_xmlEntityPtr(_xmlEntity* val ),void	desret	xml	Entity	Ptr	xml	Entity*	val	
1109,void,desret_xmlElementPtr(_xmlElement* val ),void	desret	xml	Element	Ptr	xml	Element*	val	
1110,void,desret_xmlAttributePtr(_xmlAttribute* val ),void	desret	xml	Attribute	Ptr	xml	Attribute*	val	
1111,_xmlDoc*,"gen_htmlDocPtr(i32 no ,i32 nr )",xml	Doc*	gen	html	Doc	Ptr	i32	no	i32	nr	
1112,_xmlDoc*,"gen_htmlDocPtr(i32 no ,i32 nr )",xml	Doc*	gen	html	Doc	Ptr	i32	no	i32	nr	
1113,void,"des_htmlDocPtr(i32 no ,_xmlDoc* val ,i32 nr )",void	des	html	Doc	Ptr	i32	no	xml	Doc*	val	i32	nr	
1114,void,"des_htmlDocPtr(i32 no ,_xmlDoc* val ,i32 nr )",void	des	html	Doc	Ptr	i32	no	xml	Doc*	val	i32	nr	
1115,void,desret_htmlDocPtr(_xmlDoc* val ),void	desret	html	Doc	Ptr	xml	Doc*	val	
1116,void,desret_htmlDocPtr(_xmlDoc* val ),void	desret	html	Doc	Ptr	xml	Doc*	val	
1117,_xmlParserCtxt*,"gen_htmlParserCtxtPtr(i32 no ,i32 nr )",xml	Parser	Ctxt*	gen	html	Parser	Ctxt	Ptr	i32	no	i32	nr	
1118,_xmlParserCtxt*,"gen_htmlParserCtxtPtr(i32 no ,i32 nr )",xml	Parser	Ctxt*	gen	html	Parser	Ctxt	Ptr	i32	no	i32	nr	
1119,void,"des_htmlParserCtxtPtr(i32 no ,_xmlParserCtxt* val ,i32 nr )",void	des	html	Parser	Ctxt	Ptr	i32	no	xml	Parser	Ctxt*	val	i32	nr	
1120,void,desret_htmlParserCtxtPtr(_xmlParserCtxt* val ),void	desret	html	Parser	Ctxt	Ptr	xml	Parser	Ctxt*	val	
1121,void,"des_xmlElementContentPtr(i32 no ,_xmlElementContent* val ,i32 nr )",void	des	xml	Element	Content	Ptr	i32	no	xml	Element	Content*	val	i32	nr	
1122,void,desret_xmlElementContentPtr(_xmlElementContent* val ),void	desret	xml	Element	Content	Ptr	xml	Element	Content*	val	
1123,i32,"main(i32 argc ,i8** argv )",i32	main	i32	argc	i	argv	
1124,i32,"main(i32 argc ,i8** argv )",i32	main	i32	argc	i	argv	
1125,i32,"main(i32 argc ,i8** argv )",i32	main	i32	argc	i	argv	
1126,i32,"main(i32 argc ,i8** argv )",i32	main	i32	argc	i	argv	
1127,i32,"main(i32 argc ,i8** argv )",i32	main	i32	argc	i	argv	
1128,i32,"main(i32 argc ,i8** argv )",i32	main	i32	argc	i	argv	
1129,i32,"main(i32 argc ,i8** argv )",i32	main	i32	argc	i	argv	
1130,i32,"main(i32 argc ,i8** argv )",i32	main	i32	argc	i	argv	
1131,i32,"main(i32 argc ,i8** argv )",i32	main	i32	argc	i	argv	
1132,i32,"main(i32 argc ,i8** argv )",i32	main	i32	argc	i	argv	
1133,i32,"main(i32 argc ,i8** argv )",i32	main	i32	argc	i	argv	
1134,i8**,parse_list(i8* str ),i	parse	list	i8*	str	
1135,i32,"test_c14n(i8* xml_filename ,i32 with_comments ,i32 mode ,i8* xpath_filename ,i8** inclusive_namespaces )",i32	test	c	n	i8*	xml	filename	i32	with	comments	i32	mode	i8*	xpath	filename	i	inclusive	namespaces	
1136,void,"errorHandler(i8* unused ,_xmlError* err )",void	error	Handler	i8*	unused	xml	Error*	err	
1137,void,"errorHandler(i8* unused ,_xmlError* err )",void	error	Handler	i8*	unused	xml	Error*	err	
1138,void,"testDocumentRangeByte1(_xmlParserCtxt* ctxt ,i8* document ,i32 len ,i8* data ,i32 forbid1 ,i32 forbid2 )",void	test	Document	Range	Byte1	xml	Parser	Ctxt*	ctxt	i8*	document	i32	len	i8*	data	i32	forbid	i32	forbid	
1139,void,"testDocumentRangeByte1(_xmlParserCtxt* ctxt ,i8* document ,i32 len ,i8* data ,i32 forbid1 ,i32 forbid2 )",void	test	Document	Range	Byte1	xml	Parser	Ctxt*	ctxt	i8*	document	i32	len	i8*	data	i32	forbid	i32	forbid	
1140,void,"internalSubsetDebug(i8* ctx ,i8* name ,i8* ExternalID ,i8* SystemID )",void	internal	Subset	Debug	i8*	ctx	i8*	name	i8*	External	I	D	i8*	System	I	D	
1141,void,"internalSubsetDebug(i8* ctx ,i8* name ,i8* ExternalID ,i8* SystemID )",void	internal	Subset	Debug	i8*	ctx	i8*	name	i8*	External	I	D	i8*	System	I	D	
1142,_xmlParserInput*,"resolveEntityDebug(i8* ctx ,i8* publicId ,i8* systemId )",xml	Parser	Input*	resolve	Entity	Debug	i8*	ctx	i8*	public	Id	i8*	system	Id	
1143,_xmlParserInput*,"resolveEntityDebug(i8* ctx ,i8* publicId ,i8* systemId )",xml	Parser	Input*	resolve	Entity	Debug	i8*	ctx	i8*	public	Id	i8*	system	Id	
1144,void,"startElementDebug(i8* ctx ,i8* name ,i8** atts )",void	start	Element	Debug	i8*	ctx	i8*	name	i	atts	
1145,void,"ignorableWhitespaceDebug(i8* ctx ,i8* ch ,i32 len )",void	ignorable	Whitespace	Debug	i8*	ctx	i8*	ch	i32	len	
1146,i32,"main(i32 argc ,i8** argv )",i32	main	i32	argc	i	argv	
1147,i32,"main(i32 argc ,i8** argv )",i32	main	i32	argc	i	argv	
1148,i32,hugeMatch(i8* URI ),i32	huge	Match	i8*	U	R	I	
1149,i8*,hugeOpen(i8* URI ),i8*	huge	Open	i8*	U	R	I	
1150,i32,"saxTest(i8* filename ,i64 limit ,i32 options ,i32 fail )",i32	sax	Test	i8*	filename	i64	limit	i32	options	i32	fail	
1151,i32,"saxTest(i8* filename ,i64 limit ,i32 options ,i32 fail )",i32	sax	Test	i8*	filename	i64	limit	i32	options	i32	fail	
1152,i32,"readerTest(i8* filename ,i64 limit ,i32 options ,i32 fail )",i32	reader	Test	i8*	filename	i64	limit	i32	options	i32	fail	
1153,i32,"readerTest(i8* filename ,i64 limit ,i32 options ,i32 fail )",i32	reader	Test	i8*	filename	i64	limit	i32	options	i32	fail	
1154,i32,"launchTests(testDesc* tst ,i32 test )",i32	launch	Tests	test	Desc*	tst	i32	test	
1155,i32,"launchTests(testDesc* tst ,i32 test )",i32	launch	Tests	test	Desc*	tst	i32	test	
1156,i32,hugeClose(i8* context ),i32	huge	Close	i8*	context	
1157,i32,get_crazy_fail(i32 test ),i32	get	crazy	fail	i32	test	
1158,i32,get_crazy_fail(i32 test ),i32	get	crazy	fail	i32	test	
1159,i32,get_crazy_fail(i32 test ),i32	get	crazy	fail	i32	test	
1160,i32,get_crazy_fail(i32 test ),i32	get	crazy	fail	i32	test	
1161,i32,get_crazy_fail(i32 test ),i32	get	crazy	fail	i32	test	
1162,i32,get_crazy_fail(i32 test ),i32	get	crazy	fail	i32	test	
1163,i32,get_crazy_fail(i32 test ),i32	get	crazy	fail	i32	test	
1164,i32,get_crazy_fail(i32 test ),i32	get	crazy	fail	i32	test	
1165,i32,get_crazy_fail(i32 test ),i32	get	crazy	fail	i32	test	
1166,i32,get_crazy_fail(i32 test ),i32	get	crazy	fail	i32	test	
1167,i32,get_crazy_fail(i32 test ),i32	get	crazy	fail	i32	test	
1168,i32,get_crazy_fail(i32 test ),i32	get	crazy	fail	i32	test	
1169,i32,get_crazy_fail(i32 test ),i32	get	crazy	fail	i32	test	
1170,i32,get_crazy_fail(i32 test ),i32	get	crazy	fail	i32	test	
1171,i32,get_crazy_fail(i32 test ),i32	get	crazy	fail	i32	test	
1172,i32,get_crazy_fail(i32 test ),i32	get	crazy	fail	i32	test	
1173,i32,get_crazy_fail(i32 test ),i32	get	crazy	fail	i32	test	
1174,i32,get_crazy_fail(i32 test ),i32	get	crazy	fail	i32	test	
1175,i32,get_crazy_fail(i32 test ),i32	get	crazy	fail	i32	test	
1176,i32,get_crazy_fail(i32 test ),i32	get	crazy	fail	i32	test	
1177,i32,get_crazy_fail(i32 test ),i32	get	crazy	fail	i32	test	
1178,i32,get_crazy_fail(i32 test ),i32	get	crazy	fail	i32	test	
1179,i32,get_crazy_fail(i32 test ),i32	get	crazy	fail	i32	test	
1180,i32,get_crazy_fail(i32 test ),i32	get	crazy	fail	i32	test	
1181,i32,"main(i32 argc ,i8** argv )",i32	main	i32	argc	i	argv	
1182,i32,"hugeRead(i8* context ,i8* buffer ,i32 len )",i32	huge	Read	i8*	context	i8*	buffer	i32	len	
1183,i32,"hugeRead(i8* context ,i8* buffer ,i32 len )",i32	huge	Read	i8*	context	i8*	buffer	i32	len	
1184,i32,"hugeRead(i8* context ,i8* buffer ,i32 len )",i32	huge	Read	i8*	context	i8*	buffer	i32	len	
1185,i32,"hugeRead(i8* context ,i8* buffer ,i32 len )",i32	huge	Read	i8*	context	i8*	buffer	i32	len	
1186,i32,"hugeRead(i8* context ,i8* buffer ,i32 len )",i32	huge	Read	i8*	context	i8*	buffer	i32	len	
1187,i32,"hugeRead(i8* context ,i8* buffer ,i32 len )",i32	huge	Read	i8*	context	i8*	buffer	i32	len	
1188,i32,crazyMatch(i8* URI ),i32	crazy	Match	i8*	U	R	I	
1189,i8*,crazyOpen(i8* URI ),i8*	crazy	Open	i8*	U	R	I	
1190,i32,crazyClose(i8* context ),i32	crazy	Close	i8*	context	
1191,i32,"crazyRead(i8* context ,i8* buffer ,i32 len )",i32	crazy	Read	i8*	context	i8*	buffer	i32	len	
1192,i32,"crazyRead(i8* context ,i8* buffer ,i32 len )",i32	crazy	Read	i8*	context	i8*	buffer	i32	len	
1193,i32,"crazyRead(i8* context ,i8* buffer ,i32 len )",i32	crazy	Read	i8*	context	i8*	buffer	i32	len	
1194,i32,"crazyRead(i8* context ,i8* buffer ,i32 len )",i32	crazy	Read	i8*	context	i8*	buffer	i32	len	
1195,i32,"crazyRead(i8* context ,i8* buffer ,i32 len )",i32	crazy	Read	i8*	context	i8*	buffer	i32	len	
1196,i32,"crazyRead(i8* context ,i8* buffer ,i32 len )",i32	crazy	Read	i8*	context	i8*	buffer	i32	len	
1197,void,"xmlParserPrintFileContextInternal(_xmlParserInput* input ,void (i8*, i8*, ...)* chanl ,i8* data )",void	xml	Parser	Print	File	Context	Internal	xml	Parser	Input*	input	void	i8*	i8*	chanl	i8*	data	
1198,void,"testStructuredErrorHandler(i8* ctx ,_xmlError* err )",void	test	Structured	Error	Handler	i8*	ctx	xml	Error*	err	
1199,void,"buffer_expand(buffer* b ,i64 min )",void	buffer	expand	buffer	b	i64	min	
1200,i32,"main(i32 argc ,i8** argv )",i32	main	i32	argc	i	argv	
1201,i32,"main(i32 argc ,i8** argv )",i32	main	i32	argc	i	argv	
1202,i32,"main(i32 argc ,i8** argv )",i32	main	i32	argc	i	argv	
1203,buffer*,buffer_create(i64 init_len ),buffer	buffer	create	i64	init	len	
1204,i8*,test_malloc(i64 bytes ),i8*	test	malloc	i64	bytes	
1205,i8*,"test_realloc(i8* memory ,i64 bytes )",i8*	test	realloc	i8*	memory	i64	bytes	
1206,i8*,"test_realloc(i8* memory ,i64 bytes )",i8*	test	realloc	i8*	memory	i64	bytes	
1207,void,test_free(i8* memory ),void	test	free	i8*	memory	
1208,i8*,test_strdup(i8* str ),i8*	test	strdup	i8*	str	
1209,i32,"run_failing_each_malloc(i32 n_mallocs ,i32 (i8*)* func ,i8* data )",i32	run	failing	each	malloc	i32	n	mallocs	i32	i8*	func	i8*	data	
1210,i32,"main(i32 argc ,i8** argv )",i32	main	i32	argc	i	argv	
1211,i32,"main(i32 argc ,i8** argv )",i32	main	i32	argc	i	argv	
1212,i32,"main(i32 argc ,i8** argv )",i32	main	i32	argc	i	argv	
1213,i32,hugeMatch(i8* URI ),i32	huge	Match	i8*	U	R	I	
1214,i8*,hugeOpen(i8* URI ),i8*	huge	Open	i8*	U	R	I	
1215,i32,hugeClose(i8* context ),i32	huge	Close	i8*	context	
1216,i32,"hugeRead(i8* context ,i8* buffer ,i32 len )",i32	huge	Read	i8*	context	i8*	buffer	i32	len	
1217,i32,"hugeRead(i8* context ,i8* buffer ,i32 len )",i32	huge	Read	i8*	context	i8*	buffer	i32	len	
1218,i32,"hugeRead(i8* context ,i8* buffer ,i32 len )",i32	huge	Read	i8*	context	i8*	buffer	i32	len	
1219,i32,"hugeRead(i8* context ,i8* buffer ,i32 len )",i32	huge	Read	i8*	context	i8*	buffer	i32	len	
1220,void,"xmlParserPrintFileContextInternal(_xmlParserInput* input ,void (i8*, i8*, ...)* chanl ,i8* data )",void	xml	Parser	Print	File	Context	Internal	xml	Parser	Input*	input	void	i8*	i8*	chanl	i8*	data	
1221,void,"testStructuredErrorHandler(i8* ctx ,_xmlError* err )",void	test	Structured	Error	Handler	i8*	ctx	xml	Error*	err	
1222,i8*,baseFilename(i8* filename ),i8*	base	Filename	i8*	filename	
1223,i8*,baseFilename(i8* filename ),i8*	base	Filename	i8*	filename	
1224,i8*,"resultFilename(i8* filename ,i8* out ,i8* suffix )",i8*	result	Filename	i8*	filename	i8*	out	i8*	suffix	
1225,i8*,"resultFilename(i8* filename ,i8* out ,i8* suffix )",i8*	result	Filename	i8*	filename	i8*	out	i8*	suffix	
1226,i32,launchTests(testDesc* tst ),i32	launch	Tests	test	Desc*	tst	
1227,i32,"main(i32 argc ,i8** argv )",i32	main	i32	argc	i	argv	
1228,void,"exprDebug(_xmlExpCtxt* ctxt ,_xmlExpNode* expr )",void	expr	Debug	xml	Exp	Ctxt*	ctxt	xml	Exp	Node*	expr	
1229,i32,"main(i32 argc ,i8** argv )",i32	main	i32	argc	i	argv	
1230,i32,"main(i32 argc ,i8** argv )",i32	main	i32	argc	i	argv	
1231,i32,"main(i32 argc ,i8** argv )",i32	main	i32	argc	i	argv	
1232,i32,"main(i32 argc ,i8** argv )",i32	main	i32	argc	i	argv	
1233,i32,"main(i32 argc ,i8** argv )",i32	main	i32	argc	i	argv	
1234,i32,"main(i32 argc ,i8** argv )",i32	main	i32	argc	i	argv	
1235,i32,"main(i32 argc ,i8** argv )",i32	main	i32	argc	i	argv	
1236,i32,"main(i32 argc ,i8** argv )",i32	main	i32	argc	i	argv	
1237,void,"internalSubsetDebug(i8* ctx ,i8* name ,i8* ExternalID ,i8* SystemID )",void	internal	Subset	Debug	i8*	ctx	i8*	name	i8*	External	I	D	i8*	System	I	D	
1238,void,"internalSubsetDebug(i8* ctx ,i8* name ,i8* ExternalID ,i8* SystemID )",void	internal	Subset	Debug	i8*	ctx	i8*	name	i8*	External	I	D	i8*	System	I	D	
1239,void,"externalSubsetDebug(i8* ctx ,i8* name ,i8* ExternalID ,i8* SystemID )",void	external	Subset	Debug	i8*	ctx	i8*	name	i8*	External	I	D	i8*	System	I	D	
1240,void,"externalSubsetDebug(i8* ctx ,i8* name ,i8* ExternalID ,i8* SystemID )",void	external	Subset	Debug	i8*	ctx	i8*	name	i8*	External	I	D	i8*	System	I	D	
1241,_xmlParserInput*,"resolveEntityDebug(i8* ctx ,i8* publicId ,i8* systemId )",xml	Parser	Input*	resolve	Entity	Debug	i8*	ctx	i8*	public	Id	i8*	system	Id	
1242,_xmlParserInput*,"resolveEntityDebug(i8* ctx ,i8* publicId ,i8* systemId )",xml	Parser	Input*	resolve	Entity	Debug	i8*	ctx	i8*	public	Id	i8*	system	Id	
1243,void,"entityDeclDebug(i8* ctx ,i8* name ,i32 type ,i8* publicId ,i8* systemId ,i8* content )",void	entity	Decl	Debug	i8*	ctx	i8*	name	i32	type	i8*	public	Id	i8*	system	Id	i8*	content	
1244,void,"entityDeclDebug(i8* ctx ,i8* name ,i32 type ,i8* publicId ,i8* systemId ,i8* content )",void	entity	Decl	Debug	i8*	ctx	i8*	name	i32	type	i8*	public	Id	i8*	system	Id	i8*	content	
1245,void,"entityDeclDebug(i8* ctx ,i8* name ,i32 type ,i8* publicId ,i8* systemId ,i8* content )",void	entity	Decl	Debug	i8*	ctx	i8*	name	i32	type	i8*	public	Id	i8*	system	Id	i8*	content	
1246,void,"attributeDeclDebug(i8* ctx ,i8* elem ,i8* name ,i32 type ,i32 def ,i8* defaultValue ,_xmlEnumeration* tree )",void	attribute	Decl	Debug	i8*	ctx	i8*	elem	i8*	name	i32	type	i32	def	i8*	default	Value	xml	Enumeration*	tree	
1247,void,"unparsedEntityDeclDebug(i8* ctx ,i8* name ,i8* publicId ,i8* systemId ,i8* notationName )",void	unparsed	Entity	Decl	Debug	i8*	ctx	i8*	name	i8*	public	Id	i8*	system	Id	i8*	notation	Name	
1248,void,"unparsedEntityDeclDebug(i8* ctx ,i8* name ,i8* publicId ,i8* systemId ,i8* notationName )",void	unparsed	Entity	Decl	Debug	i8*	ctx	i8*	name	i8*	public	Id	i8*	system	Id	i8*	notation	Name	
1249,void,"unparsedEntityDeclDebug(i8* ctx ,i8* name ,i8* publicId ,i8* systemId ,i8* notationName )",void	unparsed	Entity	Decl	Debug	i8*	ctx	i8*	name	i8*	public	Id	i8*	system	Id	i8*	notation	Name	
1250,void,"startElementDebug(i8* ctx ,i8* name ,i8** atts )",void	start	Element	Debug	i8*	ctx	i8*	name	i	atts	
1251,void,"charactersDebug(i8* ctx ,i8* ch ,i32 len )",void	characters	Debug	i8*	ctx	i8*	ch	i32	len	
1252,void,"ignorableWhitespaceDebug(i8* ctx ,i8* ch ,i32 len )",void	ignorable	Whitespace	Debug	i8*	ctx	i8*	ch	i32	len	
1253,void,"processingInstructionDebug(i8* ctx ,i8* target ,i8* data )",void	processing	Instruction	Debug	i8*	ctx	i8*	target	i8*	data	
1254,void,"startElementNsDebug(i8* ctx ,i8* localname ,i8* prefix ,i8* URI ,i32 nb_namespaces ,i8** namespaces ,i32 nb_attributes ,i32 nb_defaulted ,i8** attributes )",void	start	Element	Ns	Debug	i8*	ctx	i8*	localname	i8*	prefix	i8*	U	R	I	i32	nb	namespaces	i	namespaces	i32	nb	attributes	i32	nb	defaulted	i	attributes	
1255,void,"startElementNsDebug(i8* ctx ,i8* localname ,i8* prefix ,i8* URI ,i32 nb_namespaces ,i8** namespaces ,i32 nb_attributes ,i32 nb_defaulted ,i8** attributes )",void	start	Element	Ns	Debug	i8*	ctx	i8*	localname	i8*	prefix	i8*	U	R	I	i32	nb	namespaces	i	namespaces	i32	nb	attributes	i32	nb	defaulted	i	attributes	
1256,void,"startElementNsDebug(i8* ctx ,i8* localname ,i8* prefix ,i8* URI ,i32 nb_namespaces ,i8** namespaces ,i32 nb_attributes ,i32 nb_defaulted ,i8** attributes )",void	start	Element	Ns	Debug	i8*	ctx	i8*	localname	i8*	prefix	i8*	U	R	I	i32	nb	namespaces	i	namespaces	i32	nb	attributes	i32	nb	defaulted	i	attributes	
1257,void,"startElementNsDebug(i8* ctx ,i8* localname ,i8* prefix ,i8* URI ,i32 nb_namespaces ,i8** namespaces ,i32 nb_attributes ,i32 nb_defaulted ,i8** attributes )",void	start	Element	Ns	Debug	i8*	ctx	i8*	localname	i8*	prefix	i8*	U	R	I	i32	nb	namespaces	i	namespaces	i32	nb	attributes	i32	nb	defaulted	i	attributes	
1258,void,"startElementNsDebug(i8* ctx ,i8* localname ,i8* prefix ,i8* URI ,i32 nb_namespaces ,i8** namespaces ,i32 nb_attributes ,i32 nb_defaulted ,i8** attributes )",void	start	Element	Ns	Debug	i8*	ctx	i8*	localname	i8*	prefix	i8*	U	R	I	i32	nb	namespaces	i	namespaces	i32	nb	attributes	i32	nb	defaulted	i	attributes	
1259,void,"startElementNsDebug(i8* ctx ,i8* localname ,i8* prefix ,i8* URI ,i32 nb_namespaces ,i8** namespaces ,i32 nb_attributes ,i32 nb_defaulted ,i8** attributes )",void	start	Element	Ns	Debug	i8*	ctx	i8*	localname	i8*	prefix	i8*	U	R	I	i32	nb	namespaces	i	namespaces	i32	nb	attributes	i32	nb	defaulted	i	attributes	
1260,void,"endElementNsDebug(i8* ctx ,i8* localname ,i8* prefix ,i8* URI )",void	end	Element	Ns	Debug	i8*	ctx	i8*	localname	i8*	prefix	i8*	U	R	I	
1261,void,"endElementNsDebug(i8* ctx ,i8* localname ,i8* prefix ,i8* URI )",void	end	Element	Ns	Debug	i8*	ctx	i8*	localname	i8*	prefix	i8*	U	R	I	
1262,i32,"main(i32 argc ,i8** argv )",i32	main	i32	argc	i	argv	
1263,i32,"main(i32 argc ,i8** argv )",i32	main	i32	argc	i	argv	
1264,i32,"main(i32 argc ,i8** argv )",i32	main	i32	argc	i	argv	
1265,i32,"main(i32 argc ,i8** argv )",i32	main	i32	argc	i	argv	
1266,i32,"main(i32 argc ,i8** argv )",i32	main	i32	argc	i	argv	
1267,i8*,"ConvertInput(i8* in ,i8* encoding )",i8*	Convert	Input	i8*	in	i8*	encoding	
1268,i8*,"ConvertInput(i8* in ,i8* encoding )",i8*	Convert	Input	i8*	in	i8*	encoding	
1269,i32,"main(i32 argc ,i8** argv )",i32	main	i32	argc	i	argv	
1270,i32,"main(i32 argc ,i8** argv )",i32	main	i32	argc	i	argv	
1271,i8*,"xmlBuildQName(i8* ncname ,i8* prefix ,i8* memory ,i32 len )",i8*	xml	Build	Q	Name	i8*	ncname	i8*	prefix	i8*	memory	i32	len	
1272,i8*,"xmlBuildQName(i8* ncname ,i8* prefix ,i8* memory ,i32 len )",i8*	xml	Build	Q	Name	i8*	ncname	i8*	prefix	i8*	memory	i32	len	
1273,i8*,"xmlBuildQName(i8* ncname ,i8* prefix ,i8* memory ,i32 len )",i8*	xml	Build	Q	Name	i8*	ncname	i8*	prefix	i8*	memory	i32	len	
1274,i8*,"xmlBuildQName(i8* ncname ,i8* prefix ,i8* memory ,i32 len )",i8*	xml	Build	Q	Name	i8*	ncname	i8*	prefix	i8*	memory	i32	len	
1275,i8*,"xmlSplitQName2(i8* name ,i8** prefix )",i8*	xml	Split	Q	Name2	i8*	name	i	prefix	
1276,i8*,"xmlSplitQName2(i8* name ,i8** prefix )",i8*	xml	Split	Q	Name2	i8*	name	i	prefix	
1277,i8*,"xmlSplitQName2(i8* name ,i8** prefix )",i8*	xml	Split	Q	Name2	i8*	name	i	prefix	
1278,i8*,"xmlSplitQName2(i8* name ,i8** prefix )",i8*	xml	Split	Q	Name2	i8*	name	i	prefix	
1279,i8*,"xmlSplitQName3(i8* name ,i32* len )",i8*	xml	Split	Q	Name3	i8*	name	i	len	
1280,i8*,"xmlSplitQName3(i8* name ,i32* len )",i8*	xml	Split	Q	Name3	i8*	name	i	len	
1281,i32,"xmlValidateNCName(i8* value ,i32 space )",i32	xml	Validate	N	C	Name	i8*	value	i32	space	
1282,i32,"xmlValidateNCName(i8* value ,i32 space )",i32	xml	Validate	N	C	Name	i8*	value	i32	space	
1283,i32,"main(i32 argc ,i8** argv )",i32	main	i32	argc	i	argv	
1284,i32,"main(i32 argc ,i8** argv )",i32	main	i32	argc	i	argv	
1285,void,trio_destroy(i8* string ),void	trio	destroy	i8*	string	
1286,i32,"trio_append(i8* target ,i8* source )",i32	trio	append	i8*	target	i8*	source	
1287,i32,"trio_append(i8* target ,i8* source )",i32	trio	append	i8*	target	i8*	source	
1288,i32,"trio_append_max(i8* target ,i64 max ,i8* source )",i32	trio	append	max	i8*	target	i64	max	i8*	source	
1289,i32,"trio_append_max(i8* target ,i64 max ,i8* source )",i32	trio	append	max	i8*	target	i64	max	i8*	source	
1290,i32,"trio_append_max(i8* target ,i64 max ,i8* source )",i32	trio	append	max	i8*	target	i64	max	i8*	source	
1291,i32,"trio_contains(i8* string ,i8* substring )",i32	trio	contains	i8*	string	i8*	substring	
1292,i32,"trio_contains(i8* string ,i8* substring )",i32	trio	contains	i8*	string	i8*	substring	
1293,i8*,"xmlSaveUriRealloc(i8* ret ,i32* max )",i8*	xml	Save	Uri	Realloc	i8*	ret	i	max	
1294,i8*,xmlSaveUri(_xmlURI* uri ),i8*	xml	Save	Uri	xml	U	R	I*	uri	
1295,void,xmlCleanURI(_xmlURI* uri ),void	xml	Clean	U	R	I	xml	U	R	I*	uri	
1296,void,xmlFreeURI(_xmlURI* uri ),void	xml	Free	U	R	I	xml	U	R	I*	uri	
1297,i32,xmlNormalizeURIPath(i8* path ),i32	xml	Normalize	U	R	I	Path	i8*	path	
1298,i32,xmlNormalizeURIPath(i8* path ),i32	xml	Normalize	U	R	I	Path	i8*	path	
1299,i32,xmlNormalizeURIPath(i8* path ),i32	xml	Normalize	U	R	I	Path	i8*	path	
1300,i32,xmlNormalizeURIPath(i8* path ),i32	xml	Normalize	U	R	I	Path	i8*	path	
1301,i32,xmlNormalizeURIPath(i8* path ),i32	xml	Normalize	U	R	I	Path	i8*	path	
1302,i32,xmlNormalizeURIPath(i8* path ),i32	xml	Normalize	U	R	I	Path	i8*	path	
1303,i8*,"xmlURIUnescapeString(i8* str ,i32 len ,i8* target )",i8*	xml	U	R	I	Unescape	String	i8*	str	i32	len	i8*	target	
1304,i8*,"xmlURIUnescapeString(i8* str ,i32 len ,i8* target )",i8*	xml	U	R	I	Unescape	String	i8*	str	i32	len	i8*	target	
1305,i8*,"xmlURIUnescapeString(i8* str ,i32 len ,i8* target )",i8*	xml	U	R	I	Unescape	String	i8*	str	i32	len	i8*	target	
1306,i8*,"xmlURIUnescapeString(i8* str ,i32 len ,i8* target )",i8*	xml	U	R	I	Unescape	String	i8*	str	i32	len	i8*	target	
1307,i8*,"xmlURIUnescapeString(i8* str ,i32 len ,i8* target )",i8*	xml	U	R	I	Unescape	String	i8*	str	i32	len	i8*	target	
1308,i8*,"xmlURIUnescapeString(i8* str ,i32 len ,i8* target )",i8*	xml	U	R	I	Unescape	String	i8*	str	i32	len	i8*	target	
1309,i8*,"xmlURIEscapeStr(i8* str ,i8* list )",i8*	xml	U	R	I	Escape	Str	i8*	str	i8*	list	
1310,i8*,xmlURIEscape(i8* str ),i8*	xml	U	R	I	Escape	i8*	str	
1311,i8*,"xmlBuildURI(i8* URI ,i8* base )",i8*	xml	Build	U	R	I	i8*	U	R	I	i8*	base	
1312,i8*,"xmlBuildURI(i8* URI ,i8* base )",i8*	xml	Build	U	R	I	i8*	U	R	I	i8*	base	
1313,i8*,"xmlBuildURI(i8* URI ,i8* base )",i8*	xml	Build	U	R	I	i8*	U	R	I	i8*	base	
1314,i32,"xmlParse3986Scheme(_xmlURI* uri ,i8** str )",i32	xml	Parse3986	Scheme	xml	U	R	I*	uri	i	str	
1315,i8*,"xmlBuildRelativeURI(i8* URI ,i8* base )",i8*	xml	Build	Relative	U	R	I	i8*	U	R	I	i8*	base	
1316,i8*,"xmlBuildRelativeURI(i8* URI ,i8* base )",i8*	xml	Build	Relative	U	R	I	i8*	U	R	I	i8*	base	
1317,i32,"xmlParse3986Scheme(_xmlURI* uri ,i8** str )",i32	xml	Parse3986	Scheme	xml	U	R	I*	uri	i	str	
1318,i8*,xmlCanonicPath(i8* path ),i8*	xml	Canonic	Path	i8*	path	
1319,i32,"xmlParse3986Fragment(_xmlURI* uri ,i8** str )",i32	xml	Parse3986	Fragment	xml	U	R	I*	uri	i	str	
1320,i8*,xmlPathToURI(i8* path ),i8*	xml	Path	To	U	R	I	i8*	path	
1321,i32,"xmlParse3986Fragment(_xmlURI* uri ,i8** str )",i32	xml	Parse3986	Fragment	xml	U	R	I*	uri	i	str	
1322,i32,"xmlParse3986Fragment(_xmlURI* uri ,i8** str )",i32	xml	Parse3986	Fragment	xml	U	R	I*	uri	i	str	
1323,i32,"xmlParse3986Query(_xmlURI* uri ,i8** str )",i32	xml	Parse3986	Query	xml	U	R	I*	uri	i	str	
1324,i32,"xmlParse3986Query(_xmlURI* uri ,i8** str )",i32	xml	Parse3986	Query	xml	U	R	I*	uri	i	str	
1325,i32,"xmlParse3986Query(_xmlURI* uri ,i8** str )",i32	xml	Parse3986	Query	xml	U	R	I*	uri	i	str	
1326,i32,"xmlParse3986Port(_xmlURI* uri ,i8** str )",i32	xml	Parse3986	Port	xml	U	R	I*	uri	i	str	
1327,i32,"xmlParse3986Port(_xmlURI* uri ,i8** str )",i32	xml	Parse3986	Port	xml	U	R	I*	uri	i	str	
1328,i32,"xmlParse3986Userinfo(_xmlURI* uri ,i8** str )",i32	xml	Parse3986	Userinfo	xml	U	R	I*	uri	i	str	
1329,void,xmlURIErrMemory(i8* extra ),void	xml	U	R	I	Err	Memory	i8*	extra	
1330,i32,"xmlParse3986Host(_xmlURI* uri ,i8** str )",i32	xml	Parse3986	Host	xml	U	R	I*	uri	i	str	
1331,i32,"xmlParse3986Host(_xmlURI* uri ,i8** str )",i32	xml	Parse3986	Host	xml	U	R	I*	uri	i	str	
1332,i32,"xmlParse3986Segment(i8** str ,i8 forbid ,i32 empty )",i32	xml	Parse3986	Segment	i	str	i	forbid	i32	empty	
1333,i32,"xmlParse3986PathAbEmpty(_xmlURI* uri ,i8** str )",i32	xml	Parse3986	Path	Ab	Empty	xml	U	R	I*	uri	i	str	
1334,i32,"xmlParse3986PathAbEmpty(_xmlURI* uri ,i8** str )",i32	xml	Parse3986	Path	Ab	Empty	xml	U	R	I*	uri	i	str	
1335,i32,"xmlParse3986PathAbsolute(_xmlURI* uri ,i8** str )",i32	xml	Parse3986	Path	Absolute	xml	U	R	I*	uri	i	str	
1336,i32,"xmlParse3986PathAbsolute(_xmlURI* uri ,i8** str )",i32	xml	Parse3986	Path	Absolute	xml	U	R	I*	uri	i	str	
1337,i32,"xmlParse3986PathRootless(_xmlURI* uri ,i8** str )",i32	xml	Parse3986	Path	Rootless	xml	U	R	I*	uri	i	str	
1338,i32,"xmlParse3986PathRootless(_xmlURI* uri ,i8** str )",i32	xml	Parse3986	Path	Rootless	xml	U	R	I*	uri	i	str	
1339,i32,"xmlParse3986PathNoScheme(_xmlURI* uri ,i8** str )",i32	xml	Parse3986	Path	No	Scheme	xml	U	R	I*	uri	i	str	
1340,i32,"xmlParse3986PathNoScheme(_xmlURI* uri ,i8** str )",i32	xml	Parse3986	Path	No	Scheme	xml	U	R	I*	uri	i	str	
1341,i32,"xmlParse3986HierPart(_xmlURI* uri ,i8** str )",i32	xml	Parse3986	Hier	Part	xml	U	R	I*	uri	i	str	
1342,i32,"xmlParse3986RelativeRef(_xmlURI* uri ,i8* str )",i32	xml	Parse3986	Relative	Ref	xml	U	R	I*	uri	i8*	str	
1343,i32,"xmlParse3986URIReference(_xmlURI* uri ,i8* str )",i32	xml	Parse3986	U	R	I	Reference	xml	U	R	I*	uri	i8*	str	
1344,_xmlURI*,xmlParseURI(i8* str ),xml	U	R	I*	xml	Parse	U	R	I	i8*	str	
1345,_xmlURI*,"xmlParseURIRaw(i8* str ,i32 raw )",xml	U	R	I*	xml	Parse	U	R	I	Raw	i8*	str	i32	raw	
1346,_xmlURI*,"xmlParseURIRaw(i8* str ,i32 raw )",xml	U	R	I*	xml	Parse	U	R	I	Raw	i8*	str	i32	raw	
1347,_xmlElementContent*,"xmlCopyDocElementContent(_xmlDoc* doc ,_xmlElementContent* cur )",xml	Element	Content*	xml	Copy	Doc	Element	Content	xml	Doc*	doc	xml	Element	Content*	cur	
1348,_xmlElementContent*,"xmlCopyDocElementContent(_xmlDoc* doc ,_xmlElementContent* cur )",xml	Element	Content*	xml	Copy	Doc	Element	Content	xml	Doc*	doc	xml	Element	Content*	cur	
1349,void,"xmlErrValid(_xmlValidCtxt* ctxt ,i32 error ,i8* msg ,i8* extra )",void	xml	Err	Valid	xml	Valid	Ctxt*	ctxt	i32	error	i8*	msg	i8*	extra	
1350,_xmlElementContent*,"xmlCopyDocElementContent(_xmlDoc* doc ,_xmlElementContent* cur )",xml	Element	Content*	xml	Copy	Doc	Element	Content	xml	Doc*	doc	xml	Element	Content*	cur	
1351,void,"xmlFreeDocElementContent(_xmlDoc* doc ,_xmlElementContent* cur )",void	xml	Free	Doc	Element	Content	xml	Doc*	doc	xml	Element	Content*	cur	
1352,void,"xmlFreeDocElementContent(_xmlDoc* doc ,_xmlElementContent* cur )",void	xml	Free	Doc	Element	Content	xml	Doc*	doc	xml	Element	Content*	cur	
1353,void,"xmlErrValid(_xmlValidCtxt* ctxt ,i32 error ,i8* msg ,i8* extra )",void	xml	Err	Valid	xml	Valid	Ctxt*	ctxt	i32	error	i8*	msg	i8*	extra	
1354,void,"xmlDumpElementContent(_xmlBuffer* buf ,_xmlElementContent* content ,i32 glob )",void	xml	Dump	Element	Content	xml	Buffer*	buf	xml	Element	Content*	content	i32	glob	
1355,void,"xmlDumpElementContent(_xmlBuffer* buf ,_xmlElementContent* content ,i32 glob )",void	xml	Dump	Element	Content	xml	Buffer*	buf	xml	Element	Content*	content	i32	glob	
1356,void,"xmlDumpElementContent(_xmlBuffer* buf ,_xmlElementContent* content ,i32 glob )",void	xml	Dump	Element	Content	xml	Buffer*	buf	xml	Element	Content*	content	i32	glob	
1357,void,"xmlSnprintfElementContent(i8* buf ,i32 size ,_xmlElementContent* content ,i32 englob )",void	xml	Snprintf	Element	Content	i8*	buf	i32	size	xml	Element	Content*	content	i32	englob	
1358,void,"xmlSnprintfElementContent(i8* buf ,i32 size ,_xmlElementContent* content ,i32 englob )",void	xml	Snprintf	Element	Content	i8*	buf	i32	size	xml	Element	Content*	content	i32	englob	
1359,void,"xmlSnprintfElementContent(i8* buf ,i32 size ,_xmlElementContent* content ,i32 englob )",void	xml	Snprintf	Element	Content	i8*	buf	i32	size	xml	Element	Content*	content	i32	englob	
1360,void,"xmlSnprintfElementContent(i8* buf ,i32 size ,_xmlElementContent* content ,i32 englob )",void	xml	Snprintf	Element	Content	i8*	buf	i32	size	xml	Element	Content*	content	i32	englob	
1361,void,"xmlSnprintfElementContent(i8* buf ,i32 size ,_xmlElementContent* content ,i32 englob )",void	xml	Snprintf	Element	Content	i8*	buf	i32	size	xml	Element	Content*	content	i32	englob	
1362,void,"xmlSnprintfElementContent(i8* buf ,i32 size ,_xmlElementContent* content ,i32 englob )",void	xml	Snprintf	Element	Content	i8*	buf	i32	size	xml	Element	Content*	content	i32	englob	
1363,void,"xmlSnprintfElementContent(i8* buf ,i32 size ,_xmlElementContent* content ,i32 englob )",void	xml	Snprintf	Element	Content	i8*	buf	i32	size	xml	Element	Content*	content	i32	englob	
1364,void,"xmlSnprintfElementContent(i8* buf ,i32 size ,_xmlElementContent* content ,i32 englob )",void	xml	Snprintf	Element	Content	i8*	buf	i32	size	xml	Element	Content*	content	i32	englob	
1365,void,"xmlSnprintfElementContent(i8* buf ,i32 size ,_xmlElementContent* content ,i32 englob )",void	xml	Snprintf	Element	Content	i8*	buf	i32	size	xml	Element	Content*	content	i32	englob	
1366,void,"xmlSnprintfElementContent(i8* buf ,i32 size ,_xmlElementContent* content ,i32 englob )",void	xml	Snprintf	Element	Content	i8*	buf	i32	size	xml	Element	Content*	content	i32	englob	
1367,void,"xmlSnprintfElementContent(i8* buf ,i32 size ,_xmlElementContent* content ,i32 englob )",void	xml	Snprintf	Element	Content	i8*	buf	i32	size	xml	Element	Content*	content	i32	englob	
1368,void,xmlFreeElement(_xmlElement* elem ),void	xml	Free	Element	xml	Element*	elem	
1369,_xmlElement*,"xmlAddElementDecl(_xmlValidCtxt* ctxt ,_xmlDtd* dtd ,i8* name ,i32 type ,_xmlElementContent* content )",xml	Element*	xml	Add	Element	Decl	xml	Valid	Ctxt*	ctxt	xml	Dtd*	dtd	i8*	name	i32	type	xml	Element	Content*	content	
1370,_xmlElement*,"xmlAddElementDecl(_xmlValidCtxt* ctxt ,_xmlDtd* dtd ,i8* name ,i32 type ,_xmlElementContent* content )",xml	Element*	xml	Add	Element	Decl	xml	Valid	Ctxt*	ctxt	xml	Dtd*	dtd	i8*	name	i32	type	xml	Element	Content*	content	
1371,_xmlElement*,"xmlAddElementDecl(_xmlValidCtxt* ctxt ,_xmlDtd* dtd ,i8* name ,i32 type ,_xmlElementContent* content )",xml	Element*	xml	Add	Element	Decl	xml	Valid	Ctxt*	ctxt	xml	Dtd*	dtd	i8*	name	i32	type	xml	Element	Content*	content	
1372,_xmlElement*,"xmlAddElementDecl(_xmlValidCtxt* ctxt ,_xmlDtd* dtd ,i8* name ,i32 type ,_xmlElementContent* content )",xml	Element*	xml	Add	Element	Decl	xml	Valid	Ctxt*	ctxt	xml	Dtd*	dtd	i8*	name	i32	type	xml	Element	Content*	content	
1373,_xmlElement*,"xmlAddElementDecl(_xmlValidCtxt* ctxt ,_xmlDtd* dtd ,i8* name ,i32 type ,_xmlElementContent* content )",xml	Element*	xml	Add	Element	Decl	xml	Valid	Ctxt*	ctxt	xml	Dtd*	dtd	i8*	name	i32	type	xml	Element	Content*	content	
1374,_xmlElement*,"xmlAddElementDecl(_xmlValidCtxt* ctxt ,_xmlDtd* dtd ,i8* name ,i32 type ,_xmlElementContent* content )",xml	Element*	xml	Add	Element	Decl	xml	Valid	Ctxt*	ctxt	xml	Dtd*	dtd	i8*	name	i32	type	xml	Element	Content*	content	
1375,void,"xmlErrValidNode(_xmlValidCtxt* ctxt ,_xmlNode* node ,i32 error ,i8* msg ,i8* str1 ,i8* str2 ,i8* str3 )",void	xml	Err	Valid	Node	xml	Valid	Ctxt*	ctxt	xml	Node*	node	i32	error	i8*	msg	i8*	str	i8*	str	i8*	str	
1376,_xmlElement*,"xmlAddElementDecl(_xmlValidCtxt* ctxt ,_xmlDtd* dtd ,i8* name ,i32 type ,_xmlElementContent* content )",xml	Element*	xml	Add	Element	Decl	xml	Valid	Ctxt*	ctxt	xml	Dtd*	dtd	i8*	name	i32	type	xml	Element	Content*	content	
1377,_xmlElement*,"xmlAddElementDecl(_xmlValidCtxt* ctxt ,_xmlDtd* dtd ,i8* name ,i32 type ,_xmlElementContent* content )",xml	Element*	xml	Add	Element	Decl	xml	Valid	Ctxt*	ctxt	xml	Dtd*	dtd	i8*	name	i32	type	xml	Element	Content*	content	
1378,void,"xmlDumpElementDecl(_xmlBuffer* buf ,_xmlElement* elem )",void	xml	Dump	Element	Decl	xml	Buffer*	buf	xml	Element*	elem	
1379,void,"xmlDumpElementDecl(_xmlBuffer* buf ,_xmlElement* elem )",void	xml	Dump	Element	Decl	xml	Buffer*	buf	xml	Element*	elem	
1380,void,"xmlDumpElementTable(_xmlBuffer* buf ,_xmlHashTable* table )",void	xml	Dump	Element	Table	xml	Buffer*	buf	xml	Hash	Table*	table	
1381,void,"xmlDumpElementTable(_xmlBuffer* buf ,_xmlHashTable* table )",void	xml	Dump	Element	Table	xml	Buffer*	buf	xml	Hash	Table*	table	
1382,_xmlEnumeration*,xmlCreateEnumeration(i8* name ),xml	Enumeration*	xml	Create	Enumeration	i8*	name	
1383,void,xmlFreeEnumeration(_xmlEnumeration* cur ),void	xml	Free	Enumeration	xml	Enumeration*	cur	
1384,_xmlEnumeration*,xmlCopyEnumeration(_xmlEnumeration* cur ),xml	Enumeration*	xml	Copy	Enumeration	xml	Enumeration*	cur	
1385,void,"xmlDumpEnumeration(_xmlBuffer* buf ,_xmlEnumeration* cur )",void	xml	Dump	Enumeration	xml	Buffer*	buf	xml	Enumeration*	cur	
1386,void,"xmlDumpEnumeration(_xmlBuffer* buf ,_xmlEnumeration* cur )",void	xml	Dump	Enumeration	xml	Buffer*	buf	xml	Enumeration*	cur	
1387,i32,"xmlScanIDAttributeDecl(_xmlValidCtxt* ctxt ,_xmlElement* elem ,i32 err )",i32	xml	Scan	I	D	Attribute	Decl	xml	Valid	Ctxt*	ctxt	xml	Element*	elem	i32	err	
1388,i32,"xmlScanIDAttributeDecl(_xmlValidCtxt* ctxt ,_xmlElement* elem ,i32 err )",i32	xml	Scan	I	D	Attribute	Decl	xml	Valid	Ctxt*	ctxt	xml	Element*	elem	i32	err	
1389,void,xmlFreeAttribute(_xmlAttribute* attr ),void	xml	Free	Attribute	xml	Attribute*	attr	
1390,_xmlAttribute*,"xmlAddAttributeDecl(_xmlValidCtxt* ctxt ,_xmlDtd* dtd ,i8* elem ,i8* name ,i8* ns ,i32 type ,i32 def ,i8* defaultValue ,_xmlEnumeration* tree )",xml	Attribute*	xml	Add	Attribute	Decl	xml	Valid	Ctxt*	ctxt	xml	Dtd*	dtd	i8*	elem	i8*	name	i8*	ns	i32	type	i32	def	i8*	default	Value	xml	Enumeration*	tree	
1391,_xmlAttribute*,"xmlAddAttributeDecl(_xmlValidCtxt* ctxt ,_xmlDtd* dtd ,i8* elem ,i8* name ,i8* ns ,i32 type ,i32 def ,i8* defaultValue ,_xmlEnumeration* tree )",xml	Attribute*	xml	Add	Attribute	Decl	xml	Valid	Ctxt*	ctxt	xml	Dtd*	dtd	i8*	elem	i8*	name	i8*	ns	i32	type	i32	def	i8*	default	Value	xml	Enumeration*	tree	
1392,_xmlAttribute*,"xmlAddAttributeDecl(_xmlValidCtxt* ctxt ,_xmlDtd* dtd ,i8* elem ,i8* name ,i8* ns ,i32 type ,i32 def ,i8* defaultValue ,_xmlEnumeration* tree )",xml	Attribute*	xml	Add	Attribute	Decl	xml	Valid	Ctxt*	ctxt	xml	Dtd*	dtd	i8*	elem	i8*	name	i8*	ns	i32	type	i32	def	i8*	default	Value	xml	Enumeration*	tree	
1393,_xmlAttribute*,"xmlAddAttributeDecl(_xmlValidCtxt* ctxt ,_xmlDtd* dtd ,i8* elem ,i8* name ,i8* ns ,i32 type ,i32 def ,i8* defaultValue ,_xmlEnumeration* tree )",xml	Attribute*	xml	Add	Attribute	Decl	xml	Valid	Ctxt*	ctxt	xml	Dtd*	dtd	i8*	elem	i8*	name	i8*	ns	i32	type	i32	def	i8*	default	Value	xml	Enumeration*	tree	
1394,_xmlAttribute*,"xmlAddAttributeDecl(_xmlValidCtxt* ctxt ,_xmlDtd* dtd ,i8* elem ,i8* name ,i8* ns ,i32 type ,i32 def ,i8* defaultValue ,_xmlEnumeration* tree )",xml	Attribute*	xml	Add	Attribute	Decl	xml	Valid	Ctxt*	ctxt	xml	Dtd*	dtd	i8*	elem	i8*	name	i8*	ns	i32	type	i32	def	i8*	default	Value	xml	Enumeration*	tree	
1395,_xmlAttribute*,"xmlAddAttributeDecl(_xmlValidCtxt* ctxt ,_xmlDtd* dtd ,i8* elem ,i8* name ,i8* ns ,i32 type ,i32 def ,i8* defaultValue ,_xmlEnumeration* tree )",xml	Attribute*	xml	Add	Attribute	Decl	xml	Valid	Ctxt*	ctxt	xml	Dtd*	dtd	i8*	elem	i8*	name	i8*	ns	i32	type	i32	def	i8*	default	Value	xml	Enumeration*	tree	
1396,_xmlAttribute*,"xmlAddAttributeDecl(_xmlValidCtxt* ctxt ,_xmlDtd* dtd ,i8* elem ,i8* name ,i8* ns ,i32 type ,i32 def ,i8* defaultValue ,_xmlEnumeration* tree )",xml	Attribute*	xml	Add	Attribute	Decl	xml	Valid	Ctxt*	ctxt	xml	Dtd*	dtd	i8*	elem	i8*	name	i8*	ns	i32	type	i32	def	i8*	default	Value	xml	Enumeration*	tree	
1397,_xmlAttribute*,"xmlAddAttributeDecl(_xmlValidCtxt* ctxt ,_xmlDtd* dtd ,i8* elem ,i8* name ,i8* ns ,i32 type ,i32 def ,i8* defaultValue ,_xmlEnumeration* tree )",xml	Attribute*	xml	Add	Attribute	Decl	xml	Valid	Ctxt*	ctxt	xml	Dtd*	dtd	i8*	elem	i8*	name	i8*	ns	i32	type	i32	def	i8*	default	Value	xml	Enumeration*	tree	
1398,_xmlAttribute*,"xmlAddAttributeDecl(_xmlValidCtxt* ctxt ,_xmlDtd* dtd ,i8* elem ,i8* name ,i8* ns ,i32 type ,i32 def ,i8* defaultValue ,_xmlEnumeration* tree )",xml	Attribute*	xml	Add	Attribute	Decl	xml	Valid	Ctxt*	ctxt	xml	Dtd*	dtd	i8*	elem	i8*	name	i8*	ns	i32	type	i32	def	i8*	default	Value	xml	Enumeration*	tree	
1399,void,"xmlDumpAttributeDecl(_xmlBuffer* buf ,_xmlAttribute* attr )",void	xml	Dump	Attribute	Decl	xml	Buffer*	buf	xml	Attribute*	attr	
1400,void,"xmlDumpAttributeDecl(_xmlBuffer* buf ,_xmlAttribute* attr )",void	xml	Dump	Attribute	Decl	xml	Buffer*	buf	xml	Attribute*	attr	
1401,void,"xmlDumpAttributeTable(_xmlBuffer* buf ,_xmlHashTable* table )",void	xml	Dump	Attribute	Table	xml	Buffer*	buf	xml	Hash	Table*	table	
1402,void,"xmlDumpAttributeTable(_xmlBuffer* buf ,_xmlHashTable* table )",void	xml	Dump	Attribute	Table	xml	Buffer*	buf	xml	Hash	Table*	table	
1403,void,xmlFreeNotation(_xmlNotation* nota ),void	xml	Free	Notation	xml	Notation*	nota	
1404,void,"xmlErrValidWarning(_xmlValidCtxt* ctxt ,_xmlNode* node ,i32 error ,i8* msg ,i8* str1 ,i8* str2 ,i8* str3 )",void	xml	Err	Valid	Warning	xml	Valid	Ctxt*	ctxt	xml	Node*	node	i32	error	i8*	msg	i8*	str	i8*	str	i8*	str	
1405,_xmlNotation*,"xmlAddNotationDecl(_xmlValidCtxt* ctxt ,_xmlDtd* dtd ,i8* name ,i8* PublicID ,i8* SystemID )",xml	Notation*	xml	Add	Notation	Decl	xml	Valid	Ctxt*	ctxt	xml	Dtd*	dtd	i8*	name	i8*	Public	I	D	i8*	System	I	D	
1406,_xmlNotation*,"xmlAddNotationDecl(_xmlValidCtxt* ctxt ,_xmlDtd* dtd ,i8* name ,i8* PublicID ,i8* SystemID )",xml	Notation*	xml	Add	Notation	Decl	xml	Valid	Ctxt*	ctxt	xml	Dtd*	dtd	i8*	name	i8*	Public	I	D	i8*	System	I	D	
1407,_xmlNotation*,"xmlAddNotationDecl(_xmlValidCtxt* ctxt ,_xmlDtd* dtd ,i8* name ,i8* PublicID ,i8* SystemID )",xml	Notation*	xml	Add	Notation	Decl	xml	Valid	Ctxt*	ctxt	xml	Dtd*	dtd	i8*	name	i8*	Public	I	D	i8*	System	I	D	
1408,_xmlNotation*,"xmlAddNotationDecl(_xmlValidCtxt* ctxt ,_xmlDtd* dtd ,i8* name ,i8* PublicID ,i8* SystemID )",xml	Notation*	xml	Add	Notation	Decl	xml	Valid	Ctxt*	ctxt	xml	Dtd*	dtd	i8*	name	i8*	Public	I	D	i8*	System	I	D	
1409,_xmlNotation*,"xmlAddNotationDecl(_xmlValidCtxt* ctxt ,_xmlDtd* dtd ,i8* name ,i8* PublicID ,i8* SystemID )",xml	Notation*	xml	Add	Notation	Decl	xml	Valid	Ctxt*	ctxt	xml	Dtd*	dtd	i8*	name	i8*	Public	I	D	i8*	System	I	D	
1410,_xmlNotation*,"xmlAddNotationDecl(_xmlValidCtxt* ctxt ,_xmlDtd* dtd ,i8* name ,i8* PublicID ,i8* SystemID )",xml	Notation*	xml	Add	Notation	Decl	xml	Valid	Ctxt*	ctxt	xml	Dtd*	dtd	i8*	name	i8*	Public	I	D	i8*	System	I	D	
1411,void,"xmlDumpNotationDecl(_xmlBuffer* buf ,_xmlNotation* nota )",void	xml	Dump	Notation	Decl	xml	Buffer*	buf	xml	Notation*	nota	
1412,void,"xmlDumpNotationDecl(_xmlBuffer* buf ,_xmlNotation* nota )",void	xml	Dump	Notation	Decl	xml	Buffer*	buf	xml	Notation*	nota	
1413,void,"xmlDumpNotationTable(_xmlBuffer* buf ,_xmlHashTable* table )",void	xml	Dump	Notation	Table	xml	Buffer*	buf	xml	Hash	Table*	table	
1414,void,"xmlDumpNotationTable(_xmlBuffer* buf ,_xmlHashTable* table )",void	xml	Dump	Notation	Table	xml	Buffer*	buf	xml	Hash	Table*	table	
1415,void,xmlFreeID(_xmlID* id ),void	xml	Free	I	D	xml	I	D*	id	
1416,_xmlID*,"xmlAddID(_xmlValidCtxt* ctxt ,_xmlDoc* doc ,i8* value ,_xmlAttr* attr )",xml	I	D*	xml	Add	I	D	xml	Valid	Ctxt*	ctxt	xml	Doc*	doc	i8*	value	xml	Attr*	attr	
1417,_xmlID*,"xmlAddID(_xmlValidCtxt* ctxt ,_xmlDoc* doc ,i8* value ,_xmlAttr* attr )",xml	I	D*	xml	Add	I	D	xml	Valid	Ctxt*	ctxt	xml	Doc*	doc	i8*	value	xml	Attr*	attr	
1418,_xmlID*,"xmlAddID(_xmlValidCtxt* ctxt ,_xmlDoc* doc ,i8* value ,_xmlAttr* attr )",xml	I	D*	xml	Add	I	D	xml	Valid	Ctxt*	ctxt	xml	Doc*	doc	i8*	value	xml	Attr*	attr	
1419,_xmlID*,"xmlAddID(_xmlValidCtxt* ctxt ,_xmlDoc* doc ,i8* value ,_xmlAttr* attr )",xml	I	D*	xml	Add	I	D	xml	Valid	Ctxt*	ctxt	xml	Doc*	doc	i8*	value	xml	Attr*	attr	
1420,_xmlID*,"xmlAddID(_xmlValidCtxt* ctxt ,_xmlDoc* doc ,i8* value ,_xmlAttr* attr )",xml	I	D*	xml	Add	I	D	xml	Valid	Ctxt*	ctxt	xml	Doc*	doc	i8*	value	xml	Attr*	attr	
1421,_xmlID*,"xmlAddID(_xmlValidCtxt* ctxt ,_xmlDoc* doc ,i8* value ,_xmlAttr* attr )",xml	I	D*	xml	Add	I	D	xml	Valid	Ctxt*	ctxt	xml	Doc*	doc	i8*	value	xml	Attr*	attr	
1422,i32,"xmlIsID(_xmlDoc* doc ,_xmlNode* elem ,_xmlAttr* attr )",i32	xml	Is	I	D	xml	Doc*	doc	xml	Node*	elem	xml	Attr*	attr	
1423,i32,"xmlIsID(_xmlDoc* doc ,_xmlNode* elem ,_xmlAttr* attr )",i32	xml	Is	I	D	xml	Doc*	doc	xml	Node*	elem	xml	Attr*	attr	
1424,i32,"xmlIsID(_xmlDoc* doc ,_xmlNode* elem ,_xmlAttr* attr )",i32	xml	Is	I	D	xml	Doc*	doc	xml	Node*	elem	xml	Attr*	attr	
1425,i32,"xmlIsID(_xmlDoc* doc ,_xmlNode* elem ,_xmlAttr* attr )",i32	xml	Is	I	D	xml	Doc*	doc	xml	Node*	elem	xml	Attr*	attr	
1426,i32,"xmlRemoveID(_xmlDoc* doc ,_xmlAttr* attr )",i32	xml	Remove	I	D	xml	Doc*	doc	xml	Attr*	attr	
1427,i32,"xmlRemoveID(_xmlDoc* doc ,_xmlAttr* attr )",i32	xml	Remove	I	D	xml	Doc*	doc	xml	Attr*	attr	
1428,i32,"xmlRemoveID(_xmlDoc* doc ,_xmlAttr* attr )",i32	xml	Remove	I	D	xml	Doc*	doc	xml	Attr*	attr	
1429,_xmlAttr*,"xmlGetID(_xmlDoc* doc ,i8* ID )",xml	Attr*	xml	Get	I	D	xml	Doc*	doc	i8*	I	D	
1430,_xmlAttr*,"xmlGetID(_xmlDoc* doc ,i8* ID )",xml	Attr*	xml	Get	I	D	xml	Doc*	doc	i8*	I	D	
1431,_xmlRef*,"xmlAddRef(_xmlValidCtxt* ctxt ,_xmlDoc* doc ,i8* value ,_xmlAttr* attr )",xml	Ref*	xml	Add	Ref	xml	Valid	Ctxt*	ctxt	xml	Doc*	doc	i8*	value	xml	Attr*	attr	
1432,_xmlRef*,"xmlAddRef(_xmlValidCtxt* ctxt ,_xmlDoc* doc ,i8* value ,_xmlAttr* attr )",xml	Ref*	xml	Add	Ref	xml	Valid	Ctxt*	ctxt	xml	Doc*	doc	i8*	value	xml	Attr*	attr	
1433,_xmlRef*,"xmlAddRef(_xmlValidCtxt* ctxt ,_xmlDoc* doc ,i8* value ,_xmlAttr* attr )",xml	Ref*	xml	Add	Ref	xml	Valid	Ctxt*	ctxt	xml	Doc*	doc	i8*	value	xml	Attr*	attr	
1434,_xmlRef*,"xmlAddRef(_xmlValidCtxt* ctxt ,_xmlDoc* doc ,i8* value ,_xmlAttr* attr )",xml	Ref*	xml	Add	Ref	xml	Valid	Ctxt*	ctxt	xml	Doc*	doc	i8*	value	xml	Attr*	attr	
1435,_xmlElement*,"xmlGetDtdElementDesc2(_xmlDtd* dtd ,i8* name ,i32 create )",xml	Element*	xml	Get	Dtd	Element	Desc2	xml	Dtd*	dtd	i8*	name	i32	create	
1436,_xmlElement*,"xmlGetDtdElementDesc2(_xmlDtd* dtd ,i8* name ,i32 create )",xml	Element*	xml	Get	Dtd	Element	Desc2	xml	Dtd*	dtd	i8*	name	i32	create	
1437,_xmlElement*,"xmlGetDtdElementDesc2(_xmlDtd* dtd ,i8* name ,i32 create )",xml	Element*	xml	Get	Dtd	Element	Desc2	xml	Dtd*	dtd	i8*	name	i32	create	
1438,_xmlAttribute*,"xmlGetDtdAttrDesc(_xmlDtd* dtd ,i8* elem ,i8* name )",xml	Attribute*	xml	Get	Dtd	Attr	Desc	xml	Dtd*	dtd	i8*	elem	i8*	name	
1439,void,"xmlVErrMemory(_xmlValidCtxt* ctxt ,i8* extra )",void	xml	V	Err	Memory	xml	Valid	Ctxt*	ctxt	i8*	extra	
1440,i32,"xmlValidBuildAContentModel(_xmlElementContent* content ,_xmlValidCtxt* ctxt ,i8* name )",i32	xml	Valid	Build	A	Content	Model	xml	Element	Content*	content	xml	Valid	Ctxt*	ctxt	i8*	name	
1441,void,"xmlVErrMemory(_xmlValidCtxt* ctxt ,i8* extra )",void	xml	V	Err	Memory	xml	Valid	Ctxt*	ctxt	i8*	extra	
1442,i32,"xmlValidBuildContentModel(_xmlValidCtxt* ctxt ,_xmlElement* elem )",i32	xml	Valid	Build	Content	Model	xml	Valid	Ctxt*	ctxt	xml	Element*	elem	
1443,i32,"xmlValidBuildContentModel(_xmlValidCtxt* ctxt ,_xmlElement* elem )",i32	xml	Valid	Build	Content	Model	xml	Valid	Ctxt*	ctxt	xml	Element*	elem	
1444,_xmlElementContent*,"xmlNewDocElementContent(_xmlDoc* doc ,i8* name ,i32 type )",xml	Element	Content*	xml	New	Doc	Element	Content	xml	Doc*	doc	i8*	name	i32	type	
1445,_xmlElementContent*,"xmlNewDocElementContent(_xmlDoc* doc ,i8* name ,i32 type )",xml	Element	Content*	xml	New	Doc	Element	Content	xml	Doc*	doc	i8*	name	i32	type	
1446,_xmlElementContent*,"xmlNewDocElementContent(_xmlDoc* doc ,i8* name ,i32 type )",xml	Element	Content*	xml	New	Doc	Element	Content	xml	Doc*	doc	i8*	name	i32	type	
1447,_xmlElementContent*,"xmlNewDocElementContent(_xmlDoc* doc ,i8* name ,i32 type )",xml	Element	Content*	xml	New	Doc	Element	Content	xml	Doc*	doc	i8*	name	i32	type	
1448,i8*,"_lx_inet_ntop(i32 af ,i8* src ,i8* dst ,i32 size )",i8*	lx	inet	ntop	i32	af	i8*	src	i8*	dst	i32	size	
1449,void,"xmlXIncludeErrMemory(_xmlXIncludeCtxt* ctxt ,_xmlNode* node ,i8* extra )",void	xml	X	Include	Err	Memory	xml	X	Include	Ctxt*	ctxt	xml	Node*	node	i8*	extra	
1450,void,"xmlXIncludeErr(_xmlXIncludeCtxt* ctxt ,_xmlNode* node ,i32 error ,i8* msg ,i8* extra )",void	xml	X	Include	Err	xml	X	Include	Ctxt*	ctxt	xml	Node*	node	i32	error	i8*	msg	i8*	extra	
1451,i32,"xmlXIncludeLoadDoc(_xmlXIncludeCtxt* ctxt ,i8* url ,i32 nr )",i32	xml	X	Include	Load	Doc	xml	X	Include	Ctxt*	ctxt	i8*	url	i32	nr	
1452,void,xmlXIncludeFreeRef(_xmlXIncludeRef* ref ),void	xml	X	Include	Free	Ref	xml	X	Include	Ref*	ref	
1453,i32,"xmlXIncludeLoadNode(_xmlXIncludeCtxt* ctxt ,i32 nr )",i32	xml	X	Include	Load	Node	xml	X	Include	Ctxt*	ctxt	i32	nr	
1454,i32,"xmlXIncludeLoadNode(_xmlXIncludeCtxt* ctxt ,i32 nr )",i32	xml	X	Include	Load	Node	xml	X	Include	Ctxt*	ctxt	i32	nr	
1455,i32,"xmlXIncludeLoadNode(_xmlXIncludeCtxt* ctxt ,i32 nr )",i32	xml	X	Include	Load	Node	xml	X	Include	Ctxt*	ctxt	i32	nr	
1456,i32,"xmlXIncludeIncludeNode(_xmlXIncludeCtxt* ctxt ,i32 nr )",i32	xml	X	Include	Include	Node	xml	X	Include	Ctxt*	ctxt	i32	nr	
1457,i32,"xmlXIncludeIncludeNode(_xmlXIncludeCtxt* ctxt ,i32 nr )",i32	xml	X	Include	Include	Node	xml	X	Include	Ctxt*	ctxt	i32	nr	
1458,i32,"xmlXIncludeIncludeNode(_xmlXIncludeCtxt* ctxt ,i32 nr )",i32	xml	X	Include	Include	Node	xml	X	Include	Ctxt*	ctxt	i32	nr	
1459,i32,"xmlXIncludeTestNode(_xmlXIncludeCtxt* ctxt ,_xmlNode* node )",i32	xml	X	Include	Test	Node	xml	X	Include	Ctxt*	ctxt	xml	Node*	node	
1460,i32,"xmlXIncludeDoProcess(_xmlXIncludeCtxt* ctxt ,_xmlDoc* doc ,_xmlNode* tree )",i32	xml	X	Include	Do	Process	xml	X	Include	Ctxt*	ctxt	xml	Doc*	doc	xml	Node*	tree	
1461,i32,"xmlXIncludeDoProcess(_xmlXIncludeCtxt* ctxt ,_xmlDoc* doc ,_xmlNode* tree )",i32	xml	X	Include	Do	Process	xml	X	Include	Ctxt*	ctxt	xml	Doc*	doc	xml	Node*	tree	
1462,i32,"xmlXIncludeDoProcess(_xmlXIncludeCtxt* ctxt ,_xmlDoc* doc ,_xmlNode* tree )",i32	xml	X	Include	Do	Process	xml	X	Include	Ctxt*	ctxt	xml	Doc*	doc	xml	Node*	tree	
1463,_xmlXIncludeRef*,"xmlXIncludeNewRef(_xmlXIncludeCtxt* ctxt ,i8* URI ,_xmlNode* ref )",xml	X	Include	Ref*	xml	X	Include	New	Ref	xml	X	Include	Ctxt*	ctxt	i8*	U	R	I	xml	Node*	ref	
1464,i32,"xmlXIncludeDoProcess(_xmlXIncludeCtxt* ctxt ,_xmlDoc* doc ,_xmlNode* tree )",i32	xml	X	Include	Do	Process	xml	X	Include	Ctxt*	ctxt	xml	Doc*	doc	xml	Node*	tree	
1465,i32,"xmlXIncludeDoProcess(_xmlXIncludeCtxt* ctxt ,_xmlDoc* doc ,_xmlNode* tree )",i32	xml	X	Include	Do	Process	xml	X	Include	Ctxt*	ctxt	xml	Doc*	doc	xml	Node*	tree	
1466,i32,"xmlXIncludeDoProcess(_xmlXIncludeCtxt* ctxt ,_xmlDoc* doc ,_xmlNode* tree )",i32	xml	X	Include	Do	Process	xml	X	Include	Ctxt*	ctxt	xml	Doc*	doc	xml	Node*	tree	
1467,i32,"xmlXIncludeDoProcess(_xmlXIncludeCtxt* ctxt ,_xmlDoc* doc ,_xmlNode* tree )",i32	xml	X	Include	Do	Process	xml	X	Include	Ctxt*	ctxt	xml	Doc*	doc	xml	Node*	tree	
1468,i32,"xmlXIncludeDoProcess(_xmlXIncludeCtxt* ctxt ,_xmlDoc* doc ,_xmlNode* tree )",i32	xml	X	Include	Do	Process	xml	X	Include	Ctxt*	ctxt	xml	Doc*	doc	xml	Node*	tree	
1469,i32,"xmlXIncludeDoProcess(_xmlXIncludeCtxt* ctxt ,_xmlDoc* doc ,_xmlNode* tree )",i32	xml	X	Include	Do	Process	xml	X	Include	Ctxt*	ctxt	xml	Doc*	doc	xml	Node*	tree	
1470,i32,"xmlXIncludeSetFlags(_xmlXIncludeCtxt* ctxt ,i32 flags )",i32	xml	X	Include	Set	Flags	xml	X	Include	Ctxt*	ctxt	i32	flags	
1471,i32,"xmlXIncludeProcessTreeFlagsData(_xmlNode* tree ,i32 flags ,i8* data )",i32	xml	X	Include	Process	Tree	Flags	Data	xml	Node*	tree	i32	flags	i8*	data	
1472,i32,"xmlXIncludeProcessFlagsData(_xmlDoc* doc ,i32 flags ,i8* data )",i32	xml	X	Include	Process	Flags	Data	xml	Doc*	doc	i32	flags	i8*	data	
1473,i32,"xmlXIncludeProcessTreeFlags(_xmlNode* tree ,i32 flags )",i32	xml	X	Include	Process	Tree	Flags	xml	Node*	tree	i32	flags	
1474,i32,"xmlXIncludeProcessNode(_xmlXIncludeCtxt* ctxt ,_xmlNode* node )",i32	xml	X	Include	Process	Node	xml	X	Include	Ctxt*	ctxt	xml	Node*	node	
1475,i32,"xmlXIncludeProcessNode(_xmlXIncludeCtxt* ctxt ,_xmlNode* node )",i32	xml	X	Include	Process	Node	xml	X	Include	Ctxt*	ctxt	xml	Node*	node	
1476,_xmlXIncludeCtxt*,xmlXIncludeNewContext(_xmlDoc* doc ),xml	X	Include	Ctxt*	xml	X	Include	New	Context	xml	Doc*	doc	
1477,void,xmlXIncludeFreeContext(_xmlXIncludeCtxt* ctxt ),void	xml	X	Include	Free	Context	xml	X	Include	Ctxt*	ctxt	
1478,i32,"xmlXIncludeAddNode(_xmlXIncludeCtxt* ctxt ,_xmlNode* cur )",i32	xml	X	Include	Add	Node	xml	X	Include	Ctxt*	ctxt	xml	Node*	cur	
1479,i32,"xmlXIncludeAddNode(_xmlXIncludeCtxt* ctxt ,_xmlNode* cur )",i32	xml	X	Include	Add	Node	xml	X	Include	Ctxt*	ctxt	xml	Node*	cur	
1480,i32,"xlinkIsLink(_xmlDoc* doc ,_xmlNode* node )",i32	xlink	Is	Link	xml	Doc*	doc	xml	Node*	node	
1481,i32,"xlinkIsLink(_xmlDoc* doc ,_xmlNode* node )",i32	xlink	Is	Link	xml	Doc*	doc	xml	Node*	node	
1482,i32,"xlinkIsLink(_xmlDoc* doc ,_xmlNode* node )",i32	xlink	Is	Link	xml	Doc*	doc	xml	Node*	node	
1483,i32,"main(i32 argc ,i8** argv )",i32	main	i32	argc	i	argv	
1484,i32,"main(i32 argc ,i8** argv )",i32	main	i32	argc	i	argv	
1485,i32,"main(i32 argc ,i8** argv )",i32	main	i32	argc	i	argv	
1486,i32,"main(i32 argc ,i8** argv )",i32	main	i32	argc	i	argv	
1487,i32,"main(i32 argc ,i8** argv )",i32	main	i32	argc	i	argv	
1488,i32,"main(i32 argc ,i8** argv )",i32	main	i32	argc	i	argv	
1489,i32,"main(i32 argc ,i8** argv )",i32	main	i32	argc	i	argv	
1490,i8*,xmlShellReadline(i8* prompt ),i8*	xml	Shell	Readline	i8*	prompt	
1491,i32,"xmlFileRead(i8* context ,i8* buffer ,i32 len )",i32	xml	File	Read	i8*	context	i8*	buffer	i32	len	
1492,i32,"xmlFileRead(i8* context ,i8* buffer ,i32 len )",i32	xml	File	Read	i8*	context	i8*	buffer	i32	len	
1493,i32,"xmlFileWrite(i8* context ,i8* buffer ,i32 len )",i32	xml	File	Write	i8*	context	i8*	buffer	i32	len	
1494,i32,"xmlFileWrite(i8* context ,i8* buffer ,i32 len )",i32	xml	File	Write	i8*	context	i8*	buffer	i32	len	
1495,i32,xmlFileClose(i8* context ),i32	xml	File	Close	i8*	context	
1496,i32,xmlFileFlush(i8* context ),i32	xml	File	Flush	i8*	context	
1497,i8*,"xmlIOHTTPOpenW(i8* post_uri ,i32 compression )",i8*	xml	I	O	H	T	T	P	Open	W	i8*	post	uri	i32	compression	
1498,i32,"xmlIOHTTPRead(i8* context ,i8* buffer ,i32 len )",i32	xml	I	O	H	T	T	P	Read	i8*	context	i8*	buffer	i32	len	
1499,i32,"xmlIOHTTPRead(i8* context ,i8* buffer ,i32 len )",i32	xml	I	O	H	T	T	P	Read	i8*	context	i8*	buffer	i32	len	
1500,i32,"xmlIOHTTPWrite(i8* context ,i8* buffer ,i32 len )",i32	xml	I	O	H	T	T	P	Write	i8*	context	i8*	buffer	i32	len	
1501,i32,"xmlIOHTTPWrite(i8* context ,i8* buffer ,i32 len )",i32	xml	I	O	H	T	T	P	Write	i8*	context	i8*	buffer	i32	len	
1502,i32,"xmlIOHTTPWrite(i8* context ,i8* buffer ,i32 len )",i32	xml	I	O	H	T	T	P	Write	i8*	context	i8*	buffer	i32	len	
1503,i32,"xmlIOHTTPCloseWrite(i8* context ,i8* http_mthd )",i32	xml	I	O	H	T	T	P	Close	Write	i8*	context	i8*	http	mthd	
1504,i32,"xmlIOFTPRead(i8* context ,i8* buffer ,i32 len )",i32	xml	I	O	F	T	P	Read	i8*	context	i8*	buffer	i32	len	
1505,i32,"xmlIOFTPRead(i8* context ,i8* buffer ,i32 len )",i32	xml	I	O	F	T	P	Read	i8*	context	i8*	buffer	i32	len	
1506,_xmlOutputBuffer*,xmlAllocOutputBuffer(_xmlCharEncodingHandler* encoder ),xml	Output	Buffer*	xml	Alloc	Output	Buffer	xml	Char	Encoding	Handler*	encoder	
1507,_xmlOutputBuffer*,xmlAllocOutputBufferInternal(_xmlCharEncodingHandler* encoder ),xml	Output	Buffer*	xml	Alloc	Output	Buffer	Internal	xml	Char	Encoding	Handler*	encoder	
1508,void,xmlFreeParserInputBuffer(_xmlParserInputBuffer* in ),void	xml	Free	Parser	Input	Buffer	xml	Parser	Input	Buffer*	in	
1509,i32,xmlOutputBufferClose(_xmlOutputBuffer* out ),i32	xml	Output	Buffer	Close	xml	Output	Buffer*	out	
1510,_xmlParserInputBuffer*,"__xmlParserInputBufferCreateFilename(i8* URI ,i32 enc )",xml	Parser	Input	Buffer*	xml	Parser	Input	Buffer	Create	Filename	i8*	U	R	I	i32	enc	
1511,void,"__xmlIOErr(i32 domain ,i32 code ,i8* extra )",void	xml	I	O	Err	i32	domain	i32	code	i8*	extra	
1512,_xmlOutputBuffer*,"__xmlOutputBufferCreateFilename(i8* URI ,_xmlCharEncodingHandler* encoder ,i32 compression )",xml	Output	Buffer*	xml	Output	Buffer	Create	Filename	i8*	U	R	I	xml	Char	Encoding	Handler*	encoder	i32	compression	
1513,_xmlParserInputBuffer*,"xmlParserInputBufferCreateFile(_IO_FILE* file ,i32 enc )",xml	Parser	Input	Buffer*	xml	Parser	Input	Buffer	Create	File	I	O	F	I	L	E*	file	i32	enc	
1514,_xmlOutputBuffer*,"xmlOutputBufferCreateFile(_IO_FILE* file ,_xmlCharEncodingHandler* encoder )",xml	Output	Buffer*	xml	Output	Buffer	Create	File	I	O	F	I	L	E*	file	xml	Char	Encoding	Handler*	encoder	
1515,_xmlOutputBuffer*,"xmlOutputBufferCreateBuffer(_xmlBuffer* buffer ,_xmlCharEncodingHandler* encoder )",xml	Output	Buffer*	xml	Output	Buffer	Create	Buffer	xml	Buffer*	buffer	xml	Char	Encoding	Handler*	encoder	
1516,i8*,xmlOutputBufferGetContent(_xmlOutputBuffer* out ),i8*	xml	Output	Buffer	Get	Content	xml	Output	Buffer*	out	
1517,i64,xmlOutputBufferGetSize(_xmlOutputBuffer* out ),i64	xml	Output	Buffer	Get	Size	xml	Output	Buffer*	out	
1518,_xmlParserInputBuffer*,"xmlParserInputBufferCreateFd(i32 fd ,i32 enc )",xml	Parser	Input	Buffer*	xml	Parser	Input	Buffer	Create	Fd	i32	fd	i32	enc	
1519,_xmlParserInputBuffer*,"xmlParserInputBufferCreateMem(i8* mem ,i32 size ,i32 enc )",xml	Parser	Input	Buffer*	xml	Parser	Input	Buffer	Create	Mem	i8*	mem	i32	size	i32	enc	
1520,_xmlParserInputBuffer*,"xmlParserInputBufferCreateMem(i8* mem ,i32 size ,i32 enc )",xml	Parser	Input	Buffer*	xml	Parser	Input	Buffer	Create	Mem	i8*	mem	i32	size	i32	enc	
1521,_xmlParserInputBuffer*,"xmlParserInputBufferCreateStatic(i8* mem ,i32 size ,i32 enc )",xml	Parser	Input	Buffer*	xml	Parser	Input	Buffer	Create	Static	i8*	mem	i32	size	i32	enc	
1522,_xmlParserInputBuffer*,"xmlParserInputBufferCreateStatic(i8* mem ,i32 size ,i32 enc )",xml	Parser	Input	Buffer*	xml	Parser	Input	Buffer	Create	Static	i8*	mem	i32	size	i32	enc	
1523,_xmlOutputBuffer*,"xmlOutputBufferCreateFd(i32 fd ,_xmlCharEncodingHandler* encoder )",xml	Output	Buffer*	xml	Output	Buffer	Create	Fd	i32	fd	xml	Char	Encoding	Handler*	encoder	
1524,_xmlParserInputBuffer*,"xmlParserInputBufferCreateIO(i32 (i8*, i8*, i32)* ioread ,i32 (i8*)* ioclose ,i8* ioctx ,i32 enc )",xml	Parser	Input	Buffer*	xml	Parser	Input	Buffer	Create	I	O	i32	i8*	i8*	i32	ioread	i32	i8*	ioclose	i8*	ioctx	i32	enc	
1525,_xmlOutputBuffer*,"xmlOutputBufferCreateIO(i32 (i8*, i8*, i32)* iowrite ,i32 (i8*)* ioclose ,i8* ioctx ,_xmlCharEncodingHandler* encoder )",xml	Output	Buffer*	xml	Output	Buffer	Create	I	O	i32	i8*	i8*	i32	iowrite	i32	i8*	ioclose	i8*	ioctx	xml	Char	Encoding	Handler*	encoder	
1526,i32,"xmlParserInputBufferPush(_xmlParserInputBuffer* in ,i32 len ,i8* buf )",i32	xml	Parser	Input	Buffer	Push	xml	Parser	Input	Buffer*	in	i32	len	i8*	buf	
1527,i32,"xmlParserInputBufferPush(_xmlParserInputBuffer* in ,i32 len ,i8* buf )",i32	xml	Parser	Input	Buffer	Push	xml	Parser	Input	Buffer*	in	i32	len	i8*	buf	
1528,i32,"xmlParserInputBufferGrow(_xmlParserInputBuffer* in ,i32 len )",i32	xml	Parser	Input	Buffer	Grow	xml	Parser	Input	Buffer*	in	i32	len	
1529,i32,"xmlParserInputBufferGrow(_xmlParserInputBuffer* in ,i32 len )",i32	xml	Parser	Input	Buffer	Grow	xml	Parser	Input	Buffer*	in	i32	len	
1530,i32,"xmlParserInputBufferGrow(_xmlParserInputBuffer* in ,i32 len )",i32	xml	Parser	Input	Buffer	Grow	xml	Parser	Input	Buffer*	in	i32	len	
1531,i32,"xmlParserInputBufferRead(_xmlParserInputBuffer* in ,i32 len )",i32	xml	Parser	Input	Buffer	Read	xml	Parser	Input	Buffer*	in	i32	len	
1532,i32,"xmlOutputBufferWrite(_xmlOutputBuffer* out ,i32 len ,i8* buf )",i32	xml	Output	Buffer	Write	xml	Output	Buffer*	out	i32	len	i8*	buf	
1533,i32,"xmlOutputBufferWrite(_xmlOutputBuffer* out ,i32 len ,i8* buf )",i32	xml	Output	Buffer	Write	xml	Output	Buffer*	out	i32	len	i8*	buf	
1534,i32,"xmlOutputBufferWrite(_xmlOutputBuffer* out ,i32 len ,i8* buf )",i32	xml	Output	Buffer	Write	xml	Output	Buffer*	out	i32	len	i8*	buf	
1535,i32,"xmlOutputBufferWrite(_xmlOutputBuffer* out ,i32 len ,i8* buf )",i32	xml	Output	Buffer	Write	xml	Output	Buffer*	out	i32	len	i8*	buf	
1536,i32,"xmlOutputBufferWrite(_xmlOutputBuffer* out ,i32 len ,i8* buf )",i32	xml	Output	Buffer	Write	xml	Output	Buffer*	out	i32	len	i8*	buf	
1537,i32,"xmlOutputBufferWrite(_xmlOutputBuffer* out ,i32 len ,i8* buf )",i32	xml	Output	Buffer	Write	xml	Output	Buffer*	out	i32	len	i8*	buf	
1538,i32,"xmlEscapeContent(i8* out ,i32* outlen ,i8* in ,i32* inlen )",i32	xml	Escape	Content	i8*	out	i	outlen	i8*	in	i	inlen	
1539,i32,"xmlEscapeContent(i8* out ,i32* outlen ,i8* in ,i32* inlen )",i32	xml	Escape	Content	i8*	out	i	outlen	i8*	in	i	inlen	
1540,i32,"xmlOutputBufferWriteEscape(_xmlOutputBuffer* out ,i8* str ,i32 (i8*, i32*, i8*, i32*)* escaping )",i32	xml	Output	Buffer	Write	Escape	xml	Output	Buffer*	out	i8*	str	i32	i8*	i	i8*	i	escaping	
1541,i32,"xmlOutputBufferWriteEscape(_xmlOutputBuffer* out ,i8* str ,i32 (i8*, i32*, i8*, i32*)* escaping )",i32	xml	Output	Buffer	Write	Escape	xml	Output	Buffer*	out	i8*	str	i32	i8*	i	i8*	i	escaping	
1542,i32,"xmlOutputBufferWriteEscape(_xmlOutputBuffer* out ,i8* str ,i32 (i8*, i32*, i8*, i32*)* escaping )",i32	xml	Output	Buffer	Write	Escape	xml	Output	Buffer*	out	i8*	str	i32	i8*	i	i8*	i	escaping	
1543,i32,"xmlOutputBufferWriteString(_xmlOutputBuffer* out ,i8* str )",i32	xml	Output	Buffer	Write	String	xml	Output	Buffer*	out	i8*	str	
1544,i32,"xmlOutputBufferWriteString(_xmlOutputBuffer* out ,i8* str )",i32	xml	Output	Buffer	Write	String	xml	Output	Buffer*	out	i8*	str	
1545,i32,xmlOutputBufferFlush(_xmlOutputBuffer* out ),i32	xml	Output	Buffer	Flush	xml	Output	Buffer*	out	
1546,i8*,xmlParserGetDirectory(i8* filename ),i8*	xml	Parser	Get	Directory	i8*	filename	
1547,_xmlParserInput*,"xmlCheckHTTPInput(_xmlParserCtxt* ctxt ,_xmlParserInput* ret )",xml	Parser	Input*	xml	Check	H	T	T	P	Input	xml	Parser	Ctxt*	ctxt	xml	Parser	Input*	ret	
1548,i32,xmlNoNetExists(i8* URL ),i32	xml	No	Net	Exists	i8*	U	R	L	
1549,i8*,"xmlResolveResourceFromCatalog(i8* URL ,i8* ID ,_xmlParserCtxt* ctxt )",i8*	xml	Resolve	Resource	From	Catalog	i8*	U	R	L	i8*	I	D	xml	Parser	Ctxt*	ctxt	
1550,i8*,"xmlResolveResourceFromCatalog(i8* URL ,i8* ID ,_xmlParserCtxt* ctxt )",i8*	xml	Resolve	Resource	From	Catalog	i8*	U	R	L	i8*	I	D	xml	Parser	Ctxt*	ctxt	
1551,i8*,"xmlResolveResourceFromCatalog(i8* URL ,i8* ID ,_xmlParserCtxt* ctxt )",i8*	xml	Resolve	Resource	From	Catalog	i8*	U	R	L	i8*	I	D	xml	Parser	Ctxt*	ctxt	
1552,_xmlParserInput*,"xmlDefaultExternalEntityLoader(i8* URL ,i8* ID ,_xmlParserCtxt* ctxt )",xml	Parser	Input*	xml	Default	External	Entity	Loader	i8*	U	R	L	i8*	I	D	xml	Parser	Ctxt*	ctxt	
1553,_xmlParserInput*,"xmlDefaultExternalEntityLoader(i8* URL ,i8* ID ,_xmlParserCtxt* ctxt )",xml	Parser	Input*	xml	Default	External	Entity	Loader	i8*	U	R	L	i8*	I	D	xml	Parser	Ctxt*	ctxt	
1554,_xmlParserInput*,"xmlDefaultExternalEntityLoader(i8* URL ,i8* ID ,_xmlParserCtxt* ctxt )",xml	Parser	Input*	xml	Default	External	Entity	Loader	i8*	U	R	L	i8*	I	D	xml	Parser	Ctxt*	ctxt	
1555,_xmlParserInput*,"xmlLoadExternalEntity(i8* URL ,i8* ID ,_xmlParserCtxt* ctxt )",xml	Parser	Input*	xml	Load	External	Entity	i8*	U	R	L	i8*	I	D	xml	Parser	Ctxt*	ctxt	
1556,_xmlParserInput*,"xmlNoNetExternalEntityLoader(i8* URL ,i8* ID ,_xmlParserCtxt* ctxt )",xml	Parser	Input*	xml	No	Net	External	Entity	Loader	i8*	U	R	L	i8*	I	D	xml	Parser	Ctxt*	ctxt	
1557,_xmlParserInput*,"xmlNoNetExternalEntityLoader(i8* URL ,i8* ID ,_xmlParserCtxt* ctxt )",xml	Parser	Input*	xml	No	Net	External	Entity	Loader	i8*	U	R	L	i8*	I	D	xml	Parser	Ctxt*	ctxt	
1558,void,"__xmlIOErr(i32 domain ,i32 code ,i8* extra )",void	xml	I	O	Err	i32	domain	i32	code	i8*	extra	
1559,i32,xmlCheckFilename(i8* path ),i32	xml	Check	Filename	i8*	path	
1560,i32,"xmlFdWrite(i8* context ,i8* buffer ,i32 len )",i32	xml	Fd	Write	i8*	context	i8*	buffer	i32	len	
1561,i8*,xmlFileOpen_real(i8* filename ),i8*	xml	File	Open	real	i8*	filename	
1562,_xmlParserInput*,"resolveEntityDebug(i8* ctx ,i8* publicId ,i8* systemId )",xml	Parser	Input*	resolve	Entity	Debug	i8*	ctx	i8*	public	Id	i8*	system	Id	
1563,_xmlParserInput*,"resolveEntityDebug(i8* ctx ,i8* publicId ,i8* systemId )",xml	Parser	Input*	resolve	Entity	Debug	i8*	ctx	i8*	public	Id	i8*	system	Id	
1564,void,"entityDeclDebug(i8* ctx ,i8* name ,i32 type ,i8* publicId ,i8* systemId ,i8* content )",void	entity	Decl	Debug	i8*	ctx	i8*	name	i32	type	i8*	public	Id	i8*	system	Id	i8*	content	
1565,void,"entityDeclDebug(i8* ctx ,i8* name ,i32 type ,i8* publicId ,i8* systemId ,i8* content )",void	entity	Decl	Debug	i8*	ctx	i8*	name	i32	type	i8*	public	Id	i8*	system	Id	i8*	content	
1566,void,"entityDeclDebug(i8* ctx ,i8* name ,i32 type ,i8* publicId ,i8* systemId ,i8* content )",void	entity	Decl	Debug	i8*	ctx	i8*	name	i32	type	i8*	public	Id	i8*	system	Id	i8*	content	
1567,void,"attributeDeclDebug(i8* ctx ,i8* elem ,i8* name ,i32 type ,i32 def ,i8* defaultValue ,_xmlEnumeration* tree )",void	attribute	Decl	Debug	i8*	ctx	i8*	elem	i8*	name	i32	type	i32	def	i8*	default	Value	xml	Enumeration*	tree	
1568,void,"unparsedEntityDeclDebug(i8* ctx ,i8* name ,i8* publicId ,i8* systemId ,i8* notationName )",void	unparsed	Entity	Decl	Debug	i8*	ctx	i8*	name	i8*	public	Id	i8*	system	Id	i8*	notation	Name	
1569,void,"unparsedEntityDeclDebug(i8* ctx ,i8* name ,i8* publicId ,i8* systemId ,i8* notationName )",void	unparsed	Entity	Decl	Debug	i8*	ctx	i8*	name	i8*	public	Id	i8*	system	Id	i8*	notation	Name	
1570,void,"unparsedEntityDeclDebug(i8* ctx ,i8* name ,i8* publicId ,i8* systemId ,i8* notationName )",void	unparsed	Entity	Decl	Debug	i8*	ctx	i8*	name	i8*	public	Id	i8*	system	Id	i8*	notation	Name	
1571,void,"startElementDebug(i8* ctx ,i8* name ,i8** atts )",void	start	Element	Debug	i8*	ctx	i8*	name	i	atts	
1572,void,"charactersDebug(i8* ctx ,i8* ch ,i32 len )",void	characters	Debug	i8*	ctx	i8*	ch	i32	len	
1573,void,"ignorableWhitespaceDebug(i8* ctx ,i8* ch ,i32 len )",void	ignorable	Whitespace	Debug	i8*	ctx	i8*	ch	i32	len	
1574,void,"processingInstructionDebug(i8* ctx ,i8* target ,i8* data )",void	processing	Instruction	Debug	i8*	ctx	i8*	target	i8*	data	
1575,void,"startElementNsDebug(i8* ctx ,i8* localname ,i8* prefix ,i8* URI ,i32 nb_namespaces ,i8** namespaces ,i32 nb_attributes ,i32 nb_defaulted ,i8** attributes )",void	start	Element	Ns	Debug	i8*	ctx	i8*	localname	i8*	prefix	i8*	U	R	I	i32	nb	namespaces	i	namespaces	i32	nb	attributes	i32	nb	defaulted	i	attributes	
1576,void,"startElementNsDebug(i8* ctx ,i8* localname ,i8* prefix ,i8* URI ,i32 nb_namespaces ,i8** namespaces ,i32 nb_attributes ,i32 nb_defaulted ,i8** attributes )",void	start	Element	Ns	Debug	i8*	ctx	i8*	localname	i8*	prefix	i8*	U	R	I	i32	nb	namespaces	i	namespaces	i32	nb	attributes	i32	nb	defaulted	i	attributes	
1577,void,"startElementNsDebug(i8* ctx ,i8* localname ,i8* prefix ,i8* URI ,i32 nb_namespaces ,i8** namespaces ,i32 nb_attributes ,i32 nb_defaulted ,i8** attributes )",void	start	Element	Ns	Debug	i8*	ctx	i8*	localname	i8*	prefix	i8*	U	R	I	i32	nb	namespaces	i	namespaces	i32	nb	attributes	i32	nb	defaulted	i	attributes	
1578,void,"startElementNsDebug(i8* ctx ,i8* localname ,i8* prefix ,i8* URI ,i32 nb_namespaces ,i8** namespaces ,i32 nb_attributes ,i32 nb_defaulted ,i8** attributes )",void	start	Element	Ns	Debug	i8*	ctx	i8*	localname	i8*	prefix	i8*	U	R	I	i32	nb	namespaces	i	namespaces	i32	nb	attributes	i32	nb	defaulted	i	attributes	
1579,void,"startElementNsDebug(i8* ctx ,i8* localname ,i8* prefix ,i8* URI ,i32 nb_namespaces ,i8** namespaces ,i32 nb_attributes ,i32 nb_defaulted ,i8** attributes )",void	start	Element	Ns	Debug	i8*	ctx	i8*	localname	i8*	prefix	i8*	U	R	I	i32	nb	namespaces	i	namespaces	i32	nb	attributes	i32	nb	defaulted	i	attributes	
1580,void,"startElementNsDebug(i8* ctx ,i8* localname ,i8* prefix ,i8* URI ,i32 nb_namespaces ,i8** namespaces ,i32 nb_attributes ,i32 nb_defaulted ,i8** attributes )",void	start	Element	Ns	Debug	i8*	ctx	i8*	localname	i8*	prefix	i8*	U	R	I	i32	nb	namespaces	i	namespaces	i32	nb	attributes	i32	nb	defaulted	i	attributes	
1581,void,"endElementNsDebug(i8* ctx ,i8* localname ,i8* prefix ,i8* URI )",void	end	Element	Ns	Debug	i8*	ctx	i8*	localname	i8*	prefix	i8*	U	R	I	
1582,void,"endElementNsDebug(i8* ctx ,i8* localname ,i8* prefix ,i8* URI )",void	end	Element	Ns	Debug	i8*	ctx	i8*	localname	i8*	prefix	i8*	U	R	I	
1583,void,"parseAndPrintFile(i8* filename ,_xmlParserCtxt* rectxt )",void	parse	And	Print	File	i8*	filename	xml	Parser	Ctxt*	rectxt	
1584,void,"parseAndPrintFile(i8* filename ,_xmlParserCtxt* rectxt )",void	parse	And	Print	File	i8*	filename	xml	Parser	Ctxt*	rectxt	
1585,void,"parseAndPrintFile(i8* filename ,_xmlParserCtxt* rectxt )",void	parse	And	Print	File	i8*	filename	xml	Parser	Ctxt*	rectxt	
1586,void,"parseAndPrintFile(i8* filename ,_xmlParserCtxt* rectxt )",void	parse	And	Print	File	i8*	filename	xml	Parser	Ctxt*	rectxt	
1587,void,parsePath(i8* path ),void	parse	Path	i8*	path	
1588,void,"parseAndPrintFile(i8* filename ,_xmlParserCtxt* rectxt )",void	parse	And	Print	File	i8*	filename	xml	Parser	Ctxt*	rectxt	
1589,void,"parseAndPrintFile(i8* filename ,_xmlParserCtxt* rectxt )",void	parse	And	Print	File	i8*	filename	xml	Parser	Ctxt*	rectxt	
1590,void,"parseAndPrintFile(i8* filename ,_xmlParserCtxt* rectxt )",void	parse	And	Print	File	i8*	filename	xml	Parser	Ctxt*	rectxt	
1591,void,"parseAndPrintFile(i8* filename ,_xmlParserCtxt* rectxt )",void	parse	And	Print	File	i8*	filename	xml	Parser	Ctxt*	rectxt	
1592,void,parsePath(i8* path ),void	parse	Path	i8*	path	
1593,_xmlParserInput*,"xmllintExternalEntityLoader(i8* URL ,i8* ID ,_xmlParserCtxt* ctxt )",xml	Parser	Input*	xmllint	External	Entity	Loader	i8*	U	R	L	i8*	I	D	xml	Parser	Ctxt*	ctxt	
1594,_xmlParserInput*,"xmllintExternalEntityLoader(i8* URL ,i8* ID ,_xmlParserCtxt* ctxt )",xml	Parser	Input*	xmllint	External	Entity	Loader	i8*	U	R	L	i8*	I	D	xml	Parser	Ctxt*	ctxt	
1595,_xmlParserInput*,"xmllintExternalEntityLoader(i8* URL ,i8* ID ,_xmlParserCtxt* ctxt )",xml	Parser	Input*	xmllint	External	Entity	Loader	i8*	U	R	L	i8*	I	D	xml	Parser	Ctxt*	ctxt	
1596,_xmlParserInput*,"xmllintExternalEntityLoader(i8* URL ,i8* ID ,_xmlParserCtxt* ctxt )",xml	Parser	Input*	xmllint	External	Entity	Loader	i8*	U	R	L	i8*	I	D	xml	Parser	Ctxt*	ctxt	
1597,i32,"main(i32 argc ,i8** argv )",i32	main	i32	argc	i	argv	
1598,i32,"main(i32 argc ,i8** argv )",i32	main	i32	argc	i	argv	
1599,_xmlParserInput*,"xmllintExternalEntityLoader(i8* URL ,i8* ID ,_xmlParserCtxt* ctxt )",xml	Parser	Input*	xmllint	External	Entity	Loader	i8*	U	R	L	i8*	I	D	xml	Parser	Ctxt*	ctxt	
1600,_xmlParserInput*,"xmllintExternalEntityLoader(i8* URL ,i8* ID ,_xmlParserCtxt* ctxt )",xml	Parser	Input*	xmllint	External	Entity	Loader	i8*	U	R	L	i8*	I	D	xml	Parser	Ctxt*	ctxt	
1601,_xmlParserInput*,"xmllintExternalEntityLoader(i8* URL ,i8* ID ,_xmlParserCtxt* ctxt )",xml	Parser	Input*	xmllint	External	Entity	Loader	i8*	U	R	L	i8*	I	D	xml	Parser	Ctxt*	ctxt	
1602,i32,"main(i32 argc ,i8** argv )",i32	main	i32	argc	i	argv	
1603,void,xmlHTMLPrintFileInfo(_xmlParserInput* input ),void	xml	H	T	M	L	Print	File	Info	xml	Parser	Input*	input	
1604,void,xmlHTMLPrintFileContext(_xmlParserInput* input ),void	xml	H	T	M	L	Print	File	Context	xml	Parser	Input*	input	
1605,i8*,xmlShellReadline(i8* prompt ),i8*	xml	Shell	Readline	i8*	prompt	
1606,void,myClose(_IO_FILE* f ),void	my	Close	I	O	F	I	L	E*	f	
1607,void,"internalSubsetDebug(i8* ctx ,i8* name ,i8* ExternalID ,i8* SystemID )",void	internal	Subset	Debug	i8*	ctx	i8*	name	i8*	External	I	D	i8*	System	I	D	
1608,void,"internalSubsetDebug(i8* ctx ,i8* name ,i8* ExternalID ,i8* SystemID )",void	internal	Subset	Debug	i8*	ctx	i8*	name	i8*	External	I	D	i8*	System	I	D	
1609,void,"externalSubsetDebug(i8* ctx ,i8* name ,i8* ExternalID ,i8* SystemID )",void	external	Subset	Debug	i8*	ctx	i8*	name	i8*	External	I	D	i8*	System	I	D	
1610,void,"externalSubsetDebug(i8* ctx ,i8* name ,i8* ExternalID ,i8* SystemID )",void	external	Subset	Debug	i8*	ctx	i8*	name	i8*	External	I	D	i8*	System	I	D	
1611,i32,"xmlMemSetup(void (i8*)* freeFunc ,i8* (i64)* mallocFunc ,i8* (i8*, i64)* reallocFunc ,i8* (i8*)* strdupFunc )",i32	xml	Mem	Setup	void	i8*	free	Func	i8*	i64	malloc	Func	i8*	i8*	i64	realloc	Func	i8*	i8*	strdup	Func	
1612,i32,"xmlMemSetup(void (i8*)* freeFunc ,i8* (i64)* mallocFunc ,i8* (i8*, i64)* reallocFunc ,i8* (i8*)* strdupFunc )",i32	xml	Mem	Setup	void	i8*	free	Func	i8*	i64	malloc	Func	i8*	i8*	i64	realloc	Func	i8*	i8*	strdup	Func	
1613,i32,"xmlMemSetup(void (i8*)* freeFunc ,i8* (i64)* mallocFunc ,i8* (i8*, i64)* reallocFunc ,i8* (i8*)* strdupFunc )",i32	xml	Mem	Setup	void	i8*	free	Func	i8*	i64	malloc	Func	i8*	i8*	i64	realloc	Func	i8*	i8*	strdup	Func	
1614,i32,"xmlMemSetup(void (i8*)* freeFunc ,i8* (i64)* mallocFunc ,i8* (i8*, i64)* reallocFunc ,i8* (i8*)* strdupFunc )",i32	xml	Mem	Setup	void	i8*	free	Func	i8*	i64	malloc	Func	i8*	i8*	i64	realloc	Func	i8*	i8*	strdup	Func	
1615,i32,"xmlMemGet(void (i8*)** freeFunc ,i8* (i64)** mallocFunc ,i8* (i8*, i64)** reallocFunc ,i8* (i8*)** strdupFunc )",i32	xml	Mem	Get	void	i8*	free	Func	i8*	i64	malloc	Func	i8*	i8*	i64	realloc	Func	i8*	i8*	strdup	Func	
1616,i32,"xmlMemGet(void (i8*)** freeFunc ,i8* (i64)** mallocFunc ,i8* (i8*, i64)** reallocFunc ,i8* (i8*)** strdupFunc )",i32	xml	Mem	Get	void	i8*	free	Func	i8*	i64	malloc	Func	i8*	i8*	i64	realloc	Func	i8*	i8*	strdup	Func	
1617,i32,"xmlMemGet(void (i8*)** freeFunc ,i8* (i64)** mallocFunc ,i8* (i8*, i64)** reallocFunc ,i8* (i8*)** strdupFunc )",i32	xml	Mem	Get	void	i8*	free	Func	i8*	i64	malloc	Func	i8*	i8*	i64	realloc	Func	i8*	i8*	strdup	Func	
1618,i32,"xmlMemGet(void (i8*)** freeFunc ,i8* (i64)** mallocFunc ,i8* (i8*, i64)** reallocFunc ,i8* (i8*)** strdupFunc )",i32	xml	Mem	Get	void	i8*	free	Func	i8*	i64	malloc	Func	i8*	i8*	i64	realloc	Func	i8*	i8*	strdup	Func	
1619,i32,"xmlGcMemSetup(void (i8*)* freeFunc ,i8* (i64)* mallocFunc ,i8* (i64)* mallocAtomicFunc ,i8* (i8*, i64)* reallocFunc ,i8* (i8*)* strdupFunc )",i32	xml	Gc	Mem	Setup	void	i8*	free	Func	i8*	i64	malloc	Func	i8*	i64	malloc	Atomic	Func	i8*	i8*	i64	realloc	Func	i8*	i8*	strdup	Func	
1620,i32,"xmlGcMemSetup(void (i8*)* freeFunc ,i8* (i64)* mallocFunc ,i8* (i64)* mallocAtomicFunc ,i8* (i8*, i64)* reallocFunc ,i8* (i8*)* strdupFunc )",i32	xml	Gc	Mem	Setup	void	i8*	free	Func	i8*	i64	malloc	Func	i8*	i64	malloc	Atomic	Func	i8*	i8*	i64	realloc	Func	i8*	i8*	strdup	Func	
1621,i32,"xmlGcMemSetup(void (i8*)* freeFunc ,i8* (i64)* mallocFunc ,i8* (i64)* mallocAtomicFunc ,i8* (i8*, i64)* reallocFunc ,i8* (i8*)* strdupFunc )",i32	xml	Gc	Mem	Setup	void	i8*	free	Func	i8*	i64	malloc	Func	i8*	i64	malloc	Atomic	Func	i8*	i8*	i64	realloc	Func	i8*	i8*	strdup	Func	
1622,i32,"xmlGcMemSetup(void (i8*)* freeFunc ,i8* (i64)* mallocFunc ,i8* (i64)* mallocAtomicFunc ,i8* (i8*, i64)* reallocFunc ,i8* (i8*)* strdupFunc )",i32	xml	Gc	Mem	Setup	void	i8*	free	Func	i8*	i64	malloc	Func	i8*	i64	malloc	Atomic	Func	i8*	i8*	i64	realloc	Func	i8*	i8*	strdup	Func	
1623,i32,"xmlGcMemSetup(void (i8*)* freeFunc ,i8* (i64)* mallocFunc ,i8* (i64)* mallocAtomicFunc ,i8* (i8*, i64)* reallocFunc ,i8* (i8*)* strdupFunc )",i32	xml	Gc	Mem	Setup	void	i8*	free	Func	i8*	i64	malloc	Func	i8*	i64	malloc	Atomic	Func	i8*	i8*	i64	realloc	Func	i8*	i8*	strdup	Func	
1624,i32,"xmlGcMemGet(void (i8*)** freeFunc ,i8* (i64)** mallocFunc ,i8* (i64)** mallocAtomicFunc ,i8* (i8*, i64)** reallocFunc ,i8* (i8*)** strdupFunc )",i32	xml	Gc	Mem	Get	void	i8*	free	Func	i8*	i64	malloc	Func	i8*	i64	malloc	Atomic	Func	i8*	i8*	i64	realloc	Func	i8*	i8*	strdup	Func	
1625,i32,"xmlGcMemGet(void (i8*)** freeFunc ,i8* (i64)** mallocFunc ,i8* (i64)** mallocAtomicFunc ,i8* (i8*, i64)** reallocFunc ,i8* (i8*)** strdupFunc )",i32	xml	Gc	Mem	Get	void	i8*	free	Func	i8*	i64	malloc	Func	i8*	i64	malloc	Atomic	Func	i8*	i8*	i64	realloc	Func	i8*	i8*	strdup	Func	
1626,i32,"xmlGcMemGet(void (i8*)** freeFunc ,i8* (i64)** mallocFunc ,i8* (i64)** mallocAtomicFunc ,i8* (i8*, i64)** reallocFunc ,i8* (i8*)** strdupFunc )",i32	xml	Gc	Mem	Get	void	i8*	free	Func	i8*	i64	malloc	Func	i8*	i64	malloc	Atomic	Func	i8*	i8*	i64	realloc	Func	i8*	i8*	strdup	Func	
1627,i32,"xmlGcMemGet(void (i8*)** freeFunc ,i8* (i64)** mallocFunc ,i8* (i64)** mallocAtomicFunc ,i8* (i8*, i64)** reallocFunc ,i8* (i8*)** strdupFunc )",i32	xml	Gc	Mem	Get	void	i8*	free	Func	i8*	i64	malloc	Func	i8*	i64	malloc	Atomic	Func	i8*	i8*	i64	realloc	Func	i8*	i8*	strdup	Func	
1628,i32,"xmlGcMemGet(void (i8*)** freeFunc ,i8* (i64)** mallocFunc ,i8* (i64)** mallocAtomicFunc ,i8* (i8*, i64)** reallocFunc ,i8* (i8*)** strdupFunc )",i32	xml	Gc	Mem	Get	void	i8*	free	Func	i8*	i64	malloc	Func	i8*	i64	malloc	Atomic	Func	i8*	i8*	i64	realloc	Func	i8*	i8*	strdup	Func	
1629,i8*,"xmlReallocLoc(i8* ptr ,i64 size ,i8* file ,i32 line )",i8*	xml	Realloc	Loc	i8*	ptr	i64	size	i8*	file	i32	line	
1630,i8*,"xmlReallocLoc(i8* ptr ,i64 size ,i8* file ,i32 line )",i8*	xml	Realloc	Loc	i8*	ptr	i64	size	i8*	file	i32	line	
1631,void,xmlMemFree(i8* ptr ),void	xml	Mem	Free	i8*	ptr	
1632,void,xmlMemFree(i8* ptr ),void	xml	Mem	Free	i8*	ptr	
1633,void,xmlMemFree(i8* ptr ),void	xml	Mem	Free	i8*	ptr	
1634,void,"xmlMemDisplayLast(_IO_FILE* fp ,i64 nbBytes )",void	xml	Mem	Display	Last	I	O	F	I	L	E*	fp	i64	nb	Bytes	
1635,void,"xmlMemDisplayLast(_IO_FILE* fp ,i64 nbBytes )",void	xml	Mem	Display	Last	I	O	F	I	L	E*	fp	i64	nb	Bytes	
1636,void,"xmlMemDisplayLast(_IO_FILE* fp ,i64 nbBytes )",void	xml	Mem	Display	Last	I	O	F	I	L	E*	fp	i64	nb	Bytes	
1637,void,"xmlMemDisplayLast(_IO_FILE* fp ,i64 nbBytes )",void	xml	Mem	Display	Last	I	O	F	I	L	E*	fp	i64	nb	Bytes	
1638,void,xmlMemDisplay(_IO_FILE* fp ),void	xml	Mem	Display	I	O	F	I	L	E*	fp	
1639,void,xmlMemDisplay(_IO_FILE* fp ),void	xml	Mem	Display	I	O	F	I	L	E*	fp	
1640,void,xmlMemDisplay(_IO_FILE* fp ),void	xml	Mem	Display	I	O	F	I	L	E*	fp	
1641,void,"xmlMemShow(_IO_FILE* fp ,i32 nr )",void	xml	Mem	Show	I	O	F	I	L	E*	fp	i32	nr	
1642,void,"xmlModuleErrMemory(_xmlModule* module ,i8* extra )",void	xml	Module	Err	Memory	xml	Module*	module	i8*	extra	
1643,i32,xmlTextReaderDoExpand(_xmlTextReader* reader ),i32	xml	Text	Reader	Do	Expand	xml	Text	Reader*	reader	
1644,i8*,xmlTextReaderCollectSiblings(_xmlNode* node ),i8*	xml	Text	Reader	Collect	Siblings	xml	Node*	node	
1645,i8*,xmlTextReaderCollectSiblings(_xmlNode* node ),i8*	xml	Text	Reader	Collect	Siblings	xml	Node*	node	
1646,i32,xmlTextReaderRead(_xmlTextReader* reader ),i32	xml	Text	Reader	Read	xml	Text	Reader*	reader	
1647,i32,xmlTextReaderReadState(_xmlTextReader* reader ),i32	xml	Text	Reader	Read	State	xml	Text	Reader*	reader	
1648,_xmlNode*,xmlTextReaderExpand(_xmlTextReader* reader ),xml	Node*	xml	Text	Reader	Expand	xml	Text	Reader*	reader	
1649,i32,xmlTextReaderNext(_xmlTextReader* reader ),i32	xml	Text	Reader	Next	xml	Text	Reader*	reader	
1650,i8*,xmlTextReaderReadString(_xmlTextReader* reader ),i8*	xml	Text	Reader	Read	String	xml	Text	Reader*	reader	
1651,i32,xmlTextReaderNextTree(_xmlTextReader* reader ),i32	xml	Text	Reader	Next	Tree	xml	Text	Reader*	reader	
1652,i32,xmlTextReaderNextSibling(_xmlTextReader* reader ),i32	xml	Text	Reader	Next	Sibling	xml	Text	Reader*	reader	
1653,_xmlTextReader*,"xmlNewTextReader(_xmlParserInputBuffer* input ,i8* URI )",xml	Text	Reader*	xml	New	Text	Reader	xml	Parser	Input	Buffer*	input	i8*	U	R	I	
1654,void,xmlFreeTextReader(_xmlTextReader* reader ),void	xml	Free	Text	Reader	xml	Text	Reader*	reader	
1655,i32,xmlTextReaderClose(_xmlTextReader* reader ),i32	xml	Text	Reader	Close	xml	Text	Reader*	reader	
1656,i8*,"xmlTextReaderGetAttributeNo(_xmlTextReader* reader ,i32 no )",i8*	xml	Text	Reader	Get	Attribute	No	xml	Text	Reader*	reader	i32	no	
1657,i8*,"xmlTextReaderGetAttributeNo(_xmlTextReader* reader ,i32 no )",i8*	xml	Text	Reader	Get	Attribute	No	xml	Text	Reader*	reader	i32	no	
1658,i8*,"xmlTextReaderGetAttributeNo(_xmlTextReader* reader ,i32 no )",i8*	xml	Text	Reader	Get	Attribute	No	xml	Text	Reader*	reader	i32	no	
1659,i8*,"xmlTextReaderGetAttribute(_xmlTextReader* reader ,i8* name )",i8*	xml	Text	Reader	Get	Attribute	xml	Text	Reader*	reader	i8*	name	
1660,i8*,"xmlTextReaderGetAttribute(_xmlTextReader* reader ,i8* name )",i8*	xml	Text	Reader	Get	Attribute	xml	Text	Reader*	reader	i8*	name	
1661,i8*,"xmlTextReaderGetAttributeNs(_xmlTextReader* reader ,i8* localName ,i8* namespaceURI )",i8*	xml	Text	Reader	Get	Attribute	Ns	xml	Text	Reader*	reader	i8*	local	Name	i8*	namespace	U	R	I	
1662,i8*,"xmlTextReaderGetAttributeNs(_xmlTextReader* reader ,i8* localName ,i8* namespaceURI )",i8*	xml	Text	Reader	Get	Attribute	Ns	xml	Text	Reader*	reader	i8*	local	Name	i8*	namespace	U	R	I	
1663,_xmlParserInputBuffer*,xmlTextReaderGetRemainder(_xmlTextReader* reader ),xml	Parser	Input	Buffer*	xml	Text	Reader	Get	Remainder	xml	Text	Reader*	reader	
1664,i8*,"xmlTextReaderLookupNamespace(_xmlTextReader* reader ,i8* prefix )",i8*	xml	Text	Reader	Lookup	Namespace	xml	Text	Reader*	reader	i8*	prefix	
1665,i32,"xmlTextReaderMoveToAttributeNo(_xmlTextReader* reader ,i32 no )",i32	xml	Text	Reader	Move	To	Attribute	No	xml	Text	Reader*	reader	i32	no	
1666,i32,"xmlTextReaderMoveToAttributeNo(_xmlTextReader* reader ,i32 no )",i32	xml	Text	Reader	Move	To	Attribute	No	xml	Text	Reader*	reader	i32	no	
1667,i32,"xmlTextReaderMoveToAttributeNo(_xmlTextReader* reader ,i32 no )",i32	xml	Text	Reader	Move	To	Attribute	No	xml	Text	Reader*	reader	i32	no	
1668,i32,"xmlTextReaderMoveToAttribute(_xmlTextReader* reader ,i8* name )",i32	xml	Text	Reader	Move	To	Attribute	xml	Text	Reader*	reader	i8*	name	
1669,i32,"xmlTextReaderMoveToAttribute(_xmlTextReader* reader ,i8* name )",i32	xml	Text	Reader	Move	To	Attribute	xml	Text	Reader*	reader	i8*	name	
1670,i32,"xmlTextReaderMoveToAttributeNs(_xmlTextReader* reader ,i8* localName ,i8* namespaceURI )",i32	xml	Text	Reader	Move	To	Attribute	Ns	xml	Text	Reader*	reader	i8*	local	Name	i8*	namespace	U	R	I	
1671,i32,"xmlTextReaderMoveToAttributeNs(_xmlTextReader* reader ,i8* localName ,i8* namespaceURI )",i32	xml	Text	Reader	Move	To	Attribute	Ns	xml	Text	Reader*	reader	i8*	local	Name	i8*	namespace	U	R	I	
1672,i32,"xmlTextReaderMoveToAttributeNs(_xmlTextReader* reader ,i8* localName ,i8* namespaceURI )",i32	xml	Text	Reader	Move	To	Attribute	Ns	xml	Text	Reader*	reader	i8*	local	Name	i8*	namespace	U	R	I	
1673,i32,xmlTextReaderMoveToFirstAttribute(_xmlTextReader* reader ),i32	xml	Text	Reader	Move	To	First	Attribute	xml	Text	Reader*	reader	
1674,i32,xmlTextReaderMoveToNextAttribute(_xmlTextReader* reader ),i32	xml	Text	Reader	Move	To	Next	Attribute	xml	Text	Reader*	reader	
1675,i32,xmlTextReaderMoveToElement(_xmlTextReader* reader ),i32	xml	Text	Reader	Move	To	Element	xml	Text	Reader*	reader	
1676,i32,xmlTextReaderReadAttributeValue(_xmlTextReader* reader ),i32	xml	Text	Reader	Read	Attribute	Value	xml	Text	Reader*	reader	
1677,i8*,xmlTextReaderConstEncoding(_xmlTextReader* reader ),i8*	xml	Text	Reader	Const	Encoding	xml	Text	Reader*	reader	
1678,i32,xmlTextReaderAttributeCount(_xmlTextReader* reader ),i32	xml	Text	Reader	Attribute	Count	xml	Text	Reader*	reader	
1679,i32,xmlTextReaderNodeType(_xmlTextReader* reader ),i32	xml	Text	Reader	Node	Type	xml	Text	Reader*	reader	
1680,i32,xmlTextReaderIsEmptyElement(_xmlTextReader* reader ),i32	xml	Text	Reader	Is	Empty	Element	xml	Text	Reader*	reader	
1681,i8*,xmlTextReaderLocalName(_xmlTextReader* reader ),i8*	xml	Text	Reader	Local	Name	xml	Text	Reader*	reader	
1682,i8*,xmlTextReaderConstLocalName(_xmlTextReader* reader ),i8*	xml	Text	Reader	Const	Local	Name	xml	Text	Reader*	reader	
1683,i8*,xmlTextReaderName(_xmlTextReader* reader ),i8*	xml	Text	Reader	Name	xml	Text	Reader*	reader	
1684,i8*,xmlTextReaderConstName(_xmlTextReader* reader ),i8*	xml	Text	Reader	Const	Name	xml	Text	Reader*	reader	
1685,i8*,xmlTextReaderPrefix(_xmlTextReader* reader ),i8*	xml	Text	Reader	Prefix	xml	Text	Reader*	reader	
1686,i8*,xmlTextReaderConstPrefix(_xmlTextReader* reader ),i8*	xml	Text	Reader	Const	Prefix	xml	Text	Reader*	reader	
1687,i8*,xmlTextReaderNamespaceUri(_xmlTextReader* reader ),i8*	xml	Text	Reader	Namespace	Uri	xml	Text	Reader*	reader	
1688,i8*,xmlTextReaderConstNamespaceUri(_xmlTextReader* reader ),i8*	xml	Text	Reader	Const	Namespace	Uri	xml	Text	Reader*	reader	
1689,i8*,xmlTextReaderBaseUri(_xmlTextReader* reader ),i8*	xml	Text	Reader	Base	Uri	xml	Text	Reader*	reader	
1690,i8*,xmlTextReaderConstBaseUri(_xmlTextReader* reader ),i8*	xml	Text	Reader	Const	Base	Uri	xml	Text	Reader*	reader	
1691,i32,xmlTextReaderDepth(_xmlTextReader* reader ),i32	xml	Text	Reader	Depth	xml	Text	Reader*	reader	
1692,i32,xmlTextReaderHasAttributes(_xmlTextReader* reader ),i32	xml	Text	Reader	Has	Attributes	xml	Text	Reader*	reader	
1693,i32,xmlTextReaderHasValue(_xmlTextReader* reader ),i32	xml	Text	Reader	Has	Value	xml	Text	Reader*	reader	
1694,i8*,xmlTextReaderValue(_xmlTextReader* reader ),i8*	xml	Text	Reader	Value	xml	Text	Reader*	reader	
1695,i8*,xmlTextReaderConstValue(_xmlTextReader* reader ),i8*	xml	Text	Reader	Const	Value	xml	Text	Reader*	reader	
1696,i32,xmlTextReaderIsDefault(_xmlTextReader* reader ),i32	xml	Text	Reader	Is	Default	xml	Text	Reader*	reader	
1697,i32,xmlTextReaderQuoteChar(_xmlTextReader* reader ),i32	xml	Text	Reader	Quote	Char	xml	Text	Reader*	reader	
1698,i8*,xmlTextReaderXmlLang(_xmlTextReader* reader ),i8*	xml	Text	Reader	Xml	Lang	xml	Text	Reader*	reader	
1699,i8*,xmlTextReaderConstXmlLang(_xmlTextReader* reader ),i8*	xml	Text	Reader	Const	Xml	Lang	xml	Text	Reader*	reader	
1700,i8*,"xmlTextReaderConstString(_xmlTextReader* reader ,i8* str )",i8*	xml	Text	Reader	Const	String	xml	Text	Reader*	reader	i8*	str	
1701,i32,xmlTextReaderNormalization(_xmlTextReader* reader ),i32	xml	Text	Reader	Normalization	xml	Text	Reader*	reader	
1702,i32,"xmlTextReaderSetParserProp(_xmlTextReader* reader ,i32 prop ,i32 value )",i32	xml	Text	Reader	Set	Parser	Prop	xml	Text	Reader*	reader	i32	prop	i32	value	
1703,i32,"xmlTextReaderSetParserProp(_xmlTextReader* reader ,i32 prop ,i32 value )",i32	xml	Text	Reader	Set	Parser	Prop	xml	Text	Reader*	reader	i32	prop	i32	value	
1704,i32,"xmlTextReaderSetParserProp(_xmlTextReader* reader ,i32 prop ,i32 value )",i32	xml	Text	Reader	Set	Parser	Prop	xml	Text	Reader*	reader	i32	prop	i32	value	
1705,i32,"xmlTextReaderSetParserProp(_xmlTextReader* reader ,i32 prop ,i32 value )",i32	xml	Text	Reader	Set	Parser	Prop	xml	Text	Reader*	reader	i32	prop	i32	value	
1706,i32,"xmlTextReaderSetParserProp(_xmlTextReader* reader ,i32 prop ,i32 value )",i32	xml	Text	Reader	Set	Parser	Prop	xml	Text	Reader*	reader	i32	prop	i32	value	
1707,i32,"xmlTextReaderGetParserProp(_xmlTextReader* reader ,i32 prop )",i32	xml	Text	Reader	Get	Parser	Prop	xml	Text	Reader*	reader	i32	prop	
1708,i32,xmlTextReaderGetParserLineNumber(_xmlTextReader* reader ),i32	xml	Text	Reader	Get	Parser	Line	Number	xml	Text	Reader*	reader	
1709,i32,xmlTextReaderGetParserColumnNumber(_xmlTextReader* reader ),i32	xml	Text	Reader	Get	Parser	Column	Number	xml	Text	Reader*	reader	
1710,_xmlNode*,xmlTextReaderCurrentNode(_xmlTextReader* reader ),xml	Node*	xml	Text	Reader	Current	Node	xml	Text	Reader*	reader	
1711,_xmlNode*,xmlTextReaderPreserve(_xmlTextReader* reader ),xml	Node*	xml	Text	Reader	Preserve	xml	Text	Reader*	reader	
1712,i32,"xmlTextReaderPreservePattern(_xmlTextReader* reader ,i8* pattern ,i8** namespaces )",i32	xml	Text	Reader	Preserve	Pattern	xml	Text	Reader*	reader	i8*	pattern	i	namespaces	
1713,i32,"xmlTextReaderPreservePattern(_xmlTextReader* reader ,i8* pattern ,i8** namespaces )",i32	xml	Text	Reader	Preserve	Pattern	xml	Text	Reader*	reader	i8*	pattern	i	namespaces	
1714,_xmlDoc*,xmlTextReaderCurrentDoc(_xmlTextReader* reader ),xml	Doc*	xml	Text	Reader	Current	Doc	xml	Text	Reader*	reader	
1715,i32,"xmlTextReaderRelaxNGSetSchema(_xmlTextReader* reader ,_xmlRelaxNG* schema )",i32	xml	Text	Reader	Relax	N	G	Set	Schema	xml	Text	Reader*	reader	xml	Relax	N	G*	schema	
1716,i32,"xmlTextReaderRelaxNGSetSchema(_xmlTextReader* reader ,_xmlRelaxNG* schema )",i32	xml	Text	Reader	Relax	N	G	Set	Schema	xml	Text	Reader*	reader	xml	Relax	N	G*	schema	
1717,i32,"xmlTextReaderLocator(i8* ctx ,i8** file ,i64* line )",i32	xml	Text	Reader	Locator	i8*	ctx	i	file	i	line	
1718,i32,"xmlTextReaderLocator(i8* ctx ,i8** file ,i64* line )",i32	xml	Text	Reader	Locator	i8*	ctx	i	file	i	line	
1719,i32,"xmlTextReaderLocator(i8* ctx ,i8** file ,i64* line )",i32	xml	Text	Reader	Locator	i8*	ctx	i	file	i	line	
1720,i32,"xmlTextReaderLocator(i8* ctx ,i8** file ,i64* line )",i32	xml	Text	Reader	Locator	i8*	ctx	i	file	i	line	
1721,i32,"xmlTextReaderLocator(i8* ctx ,i8** file ,i64* line )",i32	xml	Text	Reader	Locator	i8*	ctx	i	file	i	line	
1722,i32,"xmlTextReaderLocator(i8* ctx ,i8** file ,i64* line )",i32	xml	Text	Reader	Locator	i8*	ctx	i	file	i	line	
1723,i32,"xmlTextReaderLocator(i8* ctx ,i8** file ,i64* line )",i32	xml	Text	Reader	Locator	i8*	ctx	i	file	i	line	
1724,i32,"xmlTextReaderLocator(i8* ctx ,i8** file ,i64* line )",i32	xml	Text	Reader	Locator	i8*	ctx	i	file	i	line	
1725,i32,"xmlTextReaderLocator(i8* ctx ,i8** file ,i64* line )",i32	xml	Text	Reader	Locator	i8*	ctx	i	file	i	line	
1726,i32,"xmlTextReaderSetSchema(_xmlTextReader* reader ,_xmlSchema* schema )",i32	xml	Text	Reader	Set	Schema	xml	Text	Reader*	reader	xml	Schema*	schema	
1727,i32,"xmlTextReaderSetSchema(_xmlTextReader* reader ,_xmlSchema* schema )",i32	xml	Text	Reader	Set	Schema	xml	Text	Reader*	reader	xml	Schema*	schema	
1728,void,"xmlTextReaderFreeNode(_xmlTextReader* reader ,_xmlNode* cur )",void	xml	Text	Reader	Free	Node	xml	Text	Reader*	reader	xml	Node*	cur	
1729,i32,"xmlTextReaderRelaxNGValidateInternal(_xmlTextReader* reader ,i8* rng ,_xmlRelaxNGValidCtxt* ctxt ,i32 options )",i32	xml	Text	Reader	Relax	N	G	Validate	Internal	xml	Text	Reader*	reader	i8*	rng	xml	Relax	N	G	Valid	Ctxt*	ctxt	i32	options	
1730,i32,"xmlTextReaderRelaxNGValidateInternal(_xmlTextReader* reader ,i8* rng ,_xmlRelaxNGValidCtxt* ctxt ,i32 options )",i32	xml	Text	Reader	Relax	N	G	Validate	Internal	xml	Text	Reader*	reader	i8*	rng	xml	Relax	N	G	Valid	Ctxt*	ctxt	i32	options	
1731,i32,"xmlTextReaderRelaxNGValidateInternal(_xmlTextReader* reader ,i8* rng ,_xmlRelaxNGValidCtxt* ctxt ,i32 options )",i32	xml	Text	Reader	Relax	N	G	Validate	Internal	xml	Text	Reader*	reader	i8*	rng	xml	Relax	N	G	Valid	Ctxt*	ctxt	i32	options	
1732,i32,"xmlTextReaderRelaxNGValidateInternal(_xmlTextReader* reader ,i8* rng ,_xmlRelaxNGValidCtxt* ctxt ,i32 options )",i32	xml	Text	Reader	Relax	N	G	Validate	Internal	xml	Text	Reader*	reader	i8*	rng	xml	Relax	N	G	Valid	Ctxt*	ctxt	i32	options	
1733,i32,"xmlTextReaderRelaxNGValidateInternal(_xmlTextReader* reader ,i8* rng ,_xmlRelaxNGValidCtxt* ctxt ,i32 options )",i32	xml	Text	Reader	Relax	N	G	Validate	Internal	xml	Text	Reader*	reader	i8*	rng	xml	Relax	N	G	Valid	Ctxt*	ctxt	i32	options	
1734,i32,"xmlTextReaderRelaxNGValidateInternal(_xmlTextReader* reader ,i8* rng ,_xmlRelaxNGValidCtxt* ctxt ,i32 options )",i32	xml	Text	Reader	Relax	N	G	Validate	Internal	xml	Text	Reader*	reader	i8*	rng	xml	Relax	N	G	Valid	Ctxt*	ctxt	i32	options	
1735,i32,"xmlTextReaderRelaxNGValidateInternal(_xmlTextReader* reader ,i8* rng ,_xmlRelaxNGValidCtxt* ctxt ,i32 options )",i32	xml	Text	Reader	Relax	N	G	Validate	Internal	xml	Text	Reader*	reader	i8*	rng	xml	Relax	N	G	Valid	Ctxt*	ctxt	i32	options	
1736,i32,"xmlTextReaderRelaxNGValidateInternal(_xmlTextReader* reader ,i8* rng ,_xmlRelaxNGValidCtxt* ctxt ,i32 options )",i32	xml	Text	Reader	Relax	N	G	Validate	Internal	xml	Text	Reader*	reader	i8*	rng	xml	Relax	N	G	Valid	Ctxt*	ctxt	i32	options	
1737,i32,"xmlTextReaderSchemaValidateInternal(_xmlTextReader* reader ,i8* xsd ,_xmlSchemaValidCtxt* ctxt ,i32 options )",i32	xml	Text	Reader	Schema	Validate	Internal	xml	Text	Reader*	reader	i8*	xsd	xml	Schema	Valid	Ctxt*	ctxt	i32	options	
1738,i32,"xmlTextReaderSchemaValidateInternal(_xmlTextReader* reader ,i8* xsd ,_xmlSchemaValidCtxt* ctxt ,i32 options )",i32	xml	Text	Reader	Schema	Validate	Internal	xml	Text	Reader*	reader	i8*	xsd	xml	Schema	Valid	Ctxt*	ctxt	i32	options	
1739,i32,"xmlTextReaderSchemaValidateInternal(_xmlTextReader* reader ,i8* xsd ,_xmlSchemaValidCtxt* ctxt ,i32 options )",i32	xml	Text	Reader	Schema	Validate	Internal	xml	Text	Reader*	reader	i8*	xsd	xml	Schema	Valid	Ctxt*	ctxt	i32	options	
1740,i32,"xmlTextReaderSchemaValidateInternal(_xmlTextReader* reader ,i8* xsd ,_xmlSchemaValidCtxt* ctxt ,i32 options )",i32	xml	Text	Reader	Schema	Validate	Internal	xml	Text	Reader*	reader	i8*	xsd	xml	Schema	Valid	Ctxt*	ctxt	i32	options	
1741,i32,"xmlTextReaderSchemaValidateInternal(_xmlTextReader* reader ,i8* xsd ,_xmlSchemaValidCtxt* ctxt ,i32 options )",i32	xml	Text	Reader	Schema	Validate	Internal	xml	Text	Reader*	reader	i8*	xsd	xml	Schema	Valid	Ctxt*	ctxt	i32	options	
1742,i32,"xmlTextReaderSchemaValidateInternal(_xmlTextReader* reader ,i8* xsd ,_xmlSchemaValidCtxt* ctxt ,i32 options )",i32	xml	Text	Reader	Schema	Validate	Internal	xml	Text	Reader*	reader	i8*	xsd	xml	Schema	Valid	Ctxt*	ctxt	i32	options	
1743,i32,"xmlTextReaderSchemaValidateInternal(_xmlTextReader* reader ,i8* xsd ,_xmlSchemaValidCtxt* ctxt ,i32 options )",i32	xml	Text	Reader	Schema	Validate	Internal	xml	Text	Reader*	reader	i8*	xsd	xml	Schema	Valid	Ctxt*	ctxt	i32	options	
1744,i32,"xmlTextReaderSchemaValidateInternal(_xmlTextReader* reader ,i8* xsd ,_xmlSchemaValidCtxt* ctxt ,i32 options )",i32	xml	Text	Reader	Schema	Validate	Internal	xml	Text	Reader*	reader	i8*	xsd	xml	Schema	Valid	Ctxt*	ctxt	i32	options	
1745,void,"xmlTextReaderFreeNode(_xmlTextReader* reader ,_xmlNode* cur )",void	xml	Text	Reader	Free	Node	xml	Text	Reader*	reader	xml	Node*	cur	
1746,i32,xmlTextReaderIsNamespaceDecl(_xmlTextReader* reader ),i32	xml	Text	Reader	Is	Namespace	Decl	xml	Text	Reader*	reader	
1747,void,"xmlTextReaderFreeNode(_xmlTextReader* reader ,_xmlNode* cur )",void	xml	Text	Reader	Free	Node	xml	Text	Reader*	reader	xml	Node*	cur	
1748,void,"xmlTextReaderFreeDoc(_xmlTextReader* reader ,_xmlDoc* cur )",void	xml	Text	Reader	Free	Doc	xml	Text	Reader*	reader	xml	Doc*	cur	
1749,_xmlRegExecCtxt*,"xmlRegNewExecCtxt(_xmlRegexp* comp ,void (_xmlRegExecCtxt*, i8*, i8*, i8*)* callback ,i8* data )",xml	Reg	Exec	Ctxt*	xml	Reg	New	Exec	Ctxt	xml	Regexp*	comp	void	xml	Reg	Exec	Ctxt*	i8*	i8*	i8*	callback	i8*	data	
1750,void,xmlRegFreeExecCtxt(_xmlRegExecCtxt* exec ),void	xml	Reg	Free	Exec	Ctxt	xml	Reg	Exec	Ctxt*	exec	
1751,i32,"xmlRegExecPushStringInternal(_xmlRegExecCtxt* exec ,i8* value ,i8* data ,i32 compound )",i32	xml	Reg	Exec	Push	String	Internal	xml	Reg	Exec	Ctxt*	exec	i8*	value	i8*	data	i32	compound	
1752,i32,"xmlRegExecPushStringInternal(_xmlRegExecCtxt* exec ,i8* value ,i8* data ,i32 compound )",i32	xml	Reg	Exec	Push	String	Internal	xml	Reg	Exec	Ctxt*	exec	i8*	value	i8*	data	i32	compound	
1753,i32,"xmlRegExecPushStringInternal(_xmlRegExecCtxt* exec ,i8* value ,i8* data ,i32 compound )",i32	xml	Reg	Exec	Push	String	Internal	xml	Reg	Exec	Ctxt*	exec	i8*	value	i8*	data	i32	compound	
1754,void,"xmlRegexpErrMemory(_xmlAutomata* ctxt ,i8* extra )",void	xml	Regexp	Err	Memory	xml	Automata*	ctxt	i8*	extra	
1755,i32,"xmlRegExecPushStringInternal(_xmlRegExecCtxt* exec ,i8* value ,i8* data ,i32 compound )",i32	xml	Reg	Exec	Push	String	Internal	xml	Reg	Exec	Ctxt*	exec	i8*	value	i8*	data	i32	compound	
1756,i32,"xmlRegExecPushStringInternal(_xmlRegExecCtxt* exec ,i8* value ,i8* data ,i32 compound )",i32	xml	Reg	Exec	Push	String	Internal	xml	Reg	Exec	Ctxt*	exec	i8*	value	i8*	data	i32	compound	
1757,i32,"xmlRegExecPushStringInternal(_xmlRegExecCtxt* exec ,i8* value ,i8* data ,i32 compound )",i32	xml	Reg	Exec	Push	String	Internal	xml	Reg	Exec	Ctxt*	exec	i8*	value	i8*	data	i32	compound	
1758,i32,"xmlRegExecPushStringInternal(_xmlRegExecCtxt* exec ,i8* value ,i8* data ,i32 compound )",i32	xml	Reg	Exec	Push	String	Internal	xml	Reg	Exec	Ctxt*	exec	i8*	value	i8*	data	i32	compound	
1759,i32,"xmlRegExecPushStringInternal(_xmlRegExecCtxt* exec ,i8* value ,i8* data ,i32 compound )",i32	xml	Reg	Exec	Push	String	Internal	xml	Reg	Exec	Ctxt*	exec	i8*	value	i8*	data	i32	compound	
1760,i32,"xmlRegExecPushStringInternal(_xmlRegExecCtxt* exec ,i8* value ,i8* data ,i32 compound )",i32	xml	Reg	Exec	Push	String	Internal	xml	Reg	Exec	Ctxt*	exec	i8*	value	i8*	data	i32	compound	
1761,i32,"xmlRegExecPushStringInternal(_xmlRegExecCtxt* exec ,i8* value ,i8* data ,i32 compound )",i32	xml	Reg	Exec	Push	String	Internal	xml	Reg	Exec	Ctxt*	exec	i8*	value	i8*	data	i32	compound	
1762,i32,"xmlRegExecPushStringInternal(_xmlRegExecCtxt* exec ,i8* value ,i8* data ,i32 compound )",i32	xml	Reg	Exec	Push	String	Internal	xml	Reg	Exec	Ctxt*	exec	i8*	value	i8*	data	i32	compound	
1763,i32,"xmlRegExecPushString2(_xmlRegExecCtxt* exec ,i8* value ,i8* value2 ,i8* data )",i32	xml	Reg	Exec	Push	String2	xml	Reg	Exec	Ctxt*	exec	i8*	value	i8*	value	i8*	data	
1764,i32,"xmlRegExecPushString2(_xmlRegExecCtxt* exec ,i8* value ,i8* value2 ,i8* data )",i32	xml	Reg	Exec	Push	String2	xml	Reg	Exec	Ctxt*	exec	i8*	value	i8*	value	i8*	data	
1765,_xmlSaveCtxt*,"xmlSaveToBuffer(_xmlBuffer* buffer ,i8* encoding ,i32 options )",xml	Save	Ctxt*	xml	Save	To	Buffer	xml	Buffer*	buffer	i8*	encoding	i32	options	
1766,i64,"xmlSaveDoc(_xmlSaveCtxt* ctxt ,_xmlDoc* doc )",i64	xml	Save	Doc	xml	Save	Ctxt*	ctxt	xml	Doc*	doc	
1767,i64,"xmlSaveDoc(_xmlSaveCtxt* ctxt ,_xmlDoc* doc )",i64	xml	Save	Doc	xml	Save	Ctxt*	ctxt	xml	Doc*	doc	
1768,i64,"xmlSaveTree(_xmlSaveCtxt* ctxt ,_xmlNode* node )",i64	xml	Save	Tree	xml	Save	Ctxt*	ctxt	xml	Node*	node	
1769,i64,"xmlSaveTree(_xmlSaveCtxt* ctxt ,_xmlNode* node )",i64	xml	Save	Tree	xml	Save	Ctxt*	ctxt	xml	Node*	node	
1770,i32,xmlSaveFlush(_xmlSaveCtxt* ctxt ),i32	xml	Save	Flush	xml	Save	Ctxt*	ctxt	
1771,i32,xmlSaveClose(_xmlSaveCtxt* ctxt ),i32	xml	Save	Close	xml	Save	Ctxt*	ctxt	
1772,i32,"xmlSaveSetEscape(_xmlSaveCtxt* ctxt ,i32 (i8*, i32*, i8*, i32*)* escape )",i32	xml	Save	Set	Escape	xml	Save	Ctxt*	ctxt	i32	i8*	i	i8*	i	escape	
1773,i32,"xmlSaveSetAttrEscape(_xmlSaveCtxt* ctxt ,i32 (i8*, i32*, i8*, i32*)* escape )",i32	xml	Save	Set	Attr	Escape	xml	Save	Ctxt*	ctxt	i32	i8*	i	i8*	i	escape	
1774,void,"xmlBufAttrSerializeTxtContent(_xmlBuf* buf ,_xmlDoc* doc ,_xmlAttr* attr ,i8* string )",void	xml	Buf	Attr	Serialize	Txt	Content	xml	Buf*	buf	xml	Doc*	doc	xml	Attr*	attr	i8*	string	
1775,void,"xmlBufAttrSerializeTxtContent(_xmlBuf* buf ,_xmlDoc* doc ,_xmlAttr* attr ,i8* string )",void	xml	Buf	Attr	Serialize	Txt	Content	xml	Buf*	buf	xml	Doc*	doc	xml	Attr*	attr	i8*	string	
1776,void,"xmlBufAttrSerializeTxtContent(_xmlBuf* buf ,_xmlDoc* doc ,_xmlAttr* attr ,i8* string )",void	xml	Buf	Attr	Serialize	Txt	Content	xml	Buf*	buf	xml	Doc*	doc	xml	Attr*	attr	i8*	string	
1777,void,"xmlBufAttrSerializeTxtContent(_xmlBuf* buf ,_xmlDoc* doc ,_xmlAttr* attr ,i8* string )",void	xml	Buf	Attr	Serialize	Txt	Content	xml	Buf*	buf	xml	Doc*	doc	xml	Attr*	attr	i8*	string	
1778,void,"xmlBufAttrSerializeTxtContent(_xmlBuf* buf ,_xmlDoc* doc ,_xmlAttr* attr ,i8* string )",void	xml	Buf	Attr	Serialize	Txt	Content	xml	Buf*	buf	xml	Doc*	doc	xml	Attr*	attr	i8*	string	
1779,void,"xmlBufAttrSerializeTxtContent(_xmlBuf* buf ,_xmlDoc* doc ,_xmlAttr* attr ,i8* string )",void	xml	Buf	Attr	Serialize	Txt	Content	xml	Buf*	buf	xml	Doc*	doc	xml	Attr*	attr	i8*	string	
1780,void,"xmlBufAttrSerializeTxtContent(_xmlBuf* buf ,_xmlDoc* doc ,_xmlAttr* attr ,i8* string )",void	xml	Buf	Attr	Serialize	Txt	Content	xml	Buf*	buf	xml	Doc*	doc	xml	Attr*	attr	i8*	string	
1781,void,"xmlBufAttrSerializeTxtContent(_xmlBuf* buf ,_xmlDoc* doc ,_xmlAttr* attr ,i8* string )",void	xml	Buf	Attr	Serialize	Txt	Content	xml	Buf*	buf	xml	Doc*	doc	xml	Attr*	attr	i8*	string	
1782,void,"xmlBufAttrSerializeTxtContent(_xmlBuf* buf ,_xmlDoc* doc ,_xmlAttr* attr ,i8* string )",void	xml	Buf	Attr	Serialize	Txt	Content	xml	Buf*	buf	xml	Doc*	doc	xml	Attr*	attr	i8*	string	
1783,void,"xmlBufAttrSerializeTxtContent(_xmlBuf* buf ,_xmlDoc* doc ,_xmlAttr* attr ,i8* string )",void	xml	Buf	Attr	Serialize	Txt	Content	xml	Buf*	buf	xml	Doc*	doc	xml	Attr*	attr	i8*	string	
1784,void,"xmlBufAttrSerializeTxtContent(_xmlBuf* buf ,_xmlDoc* doc ,_xmlAttr* attr ,i8* string )",void	xml	Buf	Attr	Serialize	Txt	Content	xml	Buf*	buf	xml	Doc*	doc	xml	Attr*	attr	i8*	string	
1785,void,xmlFreeSaveCtxt(_xmlSaveCtxt* ctxt ),void	xml	Free	Save	Ctxt	xml	Save	Ctxt*	ctxt	
1786,_xmlSaveCtxt*,"xmlNewSaveCtxt(i8* encoding ,i32 options )",xml	Save	Ctxt*	xml	New	Save	Ctxt	i8*	encoding	i32	options	
1787,_xmlSaveCtxt*,"xmlNewSaveCtxt(i8* encoding ,i32 options )",xml	Save	Ctxt*	xml	New	Save	Ctxt	i8*	encoding	i32	options	
1788,_xmlSaveCtxt*,"xmlNewSaveCtxt(i8* encoding ,i32 options )",xml	Save	Ctxt*	xml	New	Save	Ctxt	i8*	encoding	i32	options	
1789,_xmlSaveCtxt*,"xmlNewSaveCtxt(i8* encoding ,i32 options )",xml	Save	Ctxt*	xml	New	Save	Ctxt	i8*	encoding	i32	options	
1790,i32,"xmlIsXHTML(i8* systemID ,i8* publicID )",i32	xml	Is	X	H	T	M	L	i8*	system	I	D	i8*	public	I	D	
1791,i32,"xmlIsXHTML(i8* systemID ,i8* publicID )",i32	xml	Is	X	H	T	M	L	i8*	system	I	D	i8*	public	I	D	
1792,i32,"xmlIsXHTML(i8* systemID ,i8* publicID )",i32	xml	Is	X	H	T	M	L	i8*	system	I	D	i8*	public	I	D	
1793,i32,"xmlIsXHTML(i8* systemID ,i8* publicID )",i32	xml	Is	X	H	T	M	L	i8*	system	I	D	i8*	public	I	D	
1794,void,"xmlNsDumpOutput(_xmlOutputBuffer* buf ,_xmlNs* cur ,_xmlSaveCtxt* ctxt )",void	xml	Ns	Dump	Output	xml	Output	Buffer*	buf	xml	Ns*	cur	xml	Save	Ctxt*	ctxt	
1795,void,"xmlNsDumpOutput(_xmlOutputBuffer* buf ,_xmlNs* cur ,_xmlSaveCtxt* ctxt )",void	xml	Ns	Dump	Output	xml	Output	Buffer*	buf	xml	Ns*	cur	xml	Save	Ctxt*	ctxt	
1796,void,"xmlNsDumpOutput(_xmlOutputBuffer* buf ,_xmlNs* cur ,_xmlSaveCtxt* ctxt )",void	xml	Ns	Dump	Output	xml	Output	Buffer*	buf	xml	Ns*	cur	xml	Save	Ctxt*	ctxt	
1797,void,"xmlNsListDumpOutput(_xmlOutputBuffer* buf ,_xmlNs* cur )",void	xml	Ns	List	Dump	Output	xml	Output	Buffer*	buf	xml	Ns*	cur	
1798,void,"xmlNodeDumpOutputInternal(_xmlSaveCtxt* ctxt ,_xmlNode* cur )",void	xml	Node	Dump	Output	Internal	xml	Save	Ctxt*	ctxt	xml	Node*	cur	
1799,_xmlSchemaParserCtxt*,xmlSchemaNewParserCtxt(i8* URL ),xml	Schema	Parser	Ctxt*	xml	Schema	New	Parser	Ctxt	i8*	U	R	L	
1800,_xmlSchemaParserCtxt*,"xmlSchemaNewMemParserCtxt(i8* buffer ,i32 size )",xml	Schema	Parser	Ctxt*	xml	Schema	New	Mem	Parser	Ctxt	i8*	buffer	i32	size	
1801,_xmlSchemaParserCtxt*,"xmlSchemaNewMemParserCtxt(i8* buffer ,i32 size )",xml	Schema	Parser	Ctxt*	xml	Schema	New	Mem	Parser	Ctxt	i8*	buffer	i32	size	
1802,_xmlSchemaParserCtxt*,xmlSchemaNewDocParserCtxt(_xmlDoc* doc ),xml	Schema	Parser	Ctxt*	xml	Schema	New	Doc	Parser	Ctxt	xml	Doc*	doc	
1803,void,xmlSchemaFreeParserCtxt(_xmlSchemaParserCtxt* ctxt ),void	xml	Schema	Free	Parser	Ctxt	xml	Schema	Parser	Ctxt*	ctxt	
1804,i32,"xmlSchemaCheckFacet(_xmlSchemaFacet* facet ,_xmlSchemaType* typeDecl ,_xmlSchemaParserCtxt* pctxt ,i8* name )",i32	xml	Schema	Check	Facet	xml	Schema	Facet*	facet	xml	Schema	Type*	type	Decl	xml	Schema	Parser	Ctxt*	pctxt	i8*	name	
1805,i32,"xmlSchemaCheckFacet(_xmlSchemaFacet* facet ,_xmlSchemaType* typeDecl ,_xmlSchemaParserCtxt* pctxt ,i8* name )",i32	xml	Schema	Check	Facet	xml	Schema	Facet*	facet	xml	Schema	Type*	type	Decl	xml	Schema	Parser	Ctxt*	pctxt	i8*	name	
1806,i32,"xmlSchemaCheckFacet(_xmlSchemaFacet* facet ,_xmlSchemaType* typeDecl ,_xmlSchemaParserCtxt* pctxt ,i8* name )",i32	xml	Schema	Check	Facet	xml	Schema	Facet*	facet	xml	Schema	Type*	type	Decl	xml	Schema	Parser	Ctxt*	pctxt	i8*	name	
1807,i32,"xmlSchemaCheckFacet(_xmlSchemaFacet* facet ,_xmlSchemaType* typeDecl ,_xmlSchemaParserCtxt* pctxt ,i8* name )",i32	xml	Schema	Check	Facet	xml	Schema	Facet*	facet	xml	Schema	Type*	type	Decl	xml	Schema	Parser	Ctxt*	pctxt	i8*	name	
1808,i32,"xmlSchemaCheckFacet(_xmlSchemaFacet* facet ,_xmlSchemaType* typeDecl ,_xmlSchemaParserCtxt* pctxt ,i8* name )",i32	xml	Schema	Check	Facet	xml	Schema	Facet*	facet	xml	Schema	Type*	type	Decl	xml	Schema	Parser	Ctxt*	pctxt	i8*	name	
1809,i32,"xmlSchemaCheckFacet(_xmlSchemaFacet* facet ,_xmlSchemaType* typeDecl ,_xmlSchemaParserCtxt* pctxt ,i8* name )",i32	xml	Schema	Check	Facet	xml	Schema	Facet*	facet	xml	Schema	Type*	type	Decl	xml	Schema	Parser	Ctxt*	pctxt	i8*	name	
1810,i32,"xmlSchemaVCheckCVCSimpleType(_xmlSchemaAbstractCtxt* actxt ,_xmlNode* node ,_xmlSchemaType* type ,i8* value ,_xmlSchemaVal** retVal ,i32 fireErrors ,i32 normalize ,i32 isNormalized )",i32	xml	Schema	V	Check	C	V	C	Simple	Type	xml	Schema	Abstract	Ctxt*	actxt	xml	Node*	node	xml	Schema	Type*	type	i8*	value	xml	Schema	Val**	ret	Val	i32	fire	Errors	i32	normalize	i32	is	Normalized	
1811,i32,"xmlSchemaVCheckCVCSimpleType(_xmlSchemaAbstractCtxt* actxt ,_xmlNode* node ,_xmlSchemaType* type ,i8* value ,_xmlSchemaVal** retVal ,i32 fireErrors ,i32 normalize ,i32 isNormalized )",i32	xml	Schema	V	Check	C	V	C	Simple	Type	xml	Schema	Abstract	Ctxt*	actxt	xml	Node*	node	xml	Schema	Type*	type	i8*	value	xml	Schema	Val**	ret	Val	i32	fire	Errors	i32	normalize	i32	is	Normalized	
1812,i32,"xmlSchemaVCheckCVCSimpleType(_xmlSchemaAbstractCtxt* actxt ,_xmlNode* node ,_xmlSchemaType* type ,i8* value ,_xmlSchemaVal** retVal ,i32 fireErrors ,i32 normalize ,i32 isNormalized )",i32	xml	Schema	V	Check	C	V	C	Simple	Type	xml	Schema	Abstract	Ctxt*	actxt	xml	Node*	node	xml	Schema	Type*	type	i8*	value	xml	Schema	Val**	ret	Val	i32	fire	Errors	i32	normalize	i32	is	Normalized	
1813,i32,"xmlSchemaVCheckCVCSimpleType(_xmlSchemaAbstractCtxt* actxt ,_xmlNode* node ,_xmlSchemaType* type ,i8* value ,_xmlSchemaVal** retVal ,i32 fireErrors ,i32 normalize ,i32 isNormalized )",i32	xml	Schema	V	Check	C	V	C	Simple	Type	xml	Schema	Abstract	Ctxt*	actxt	xml	Node*	node	xml	Schema	Type*	type	i8*	value	xml	Schema	Val**	ret	Val	i32	fire	Errors	i32	normalize	i32	is	Normalized	
1814,i32,"xmlSchemaVCheckCVCSimpleType(_xmlSchemaAbstractCtxt* actxt ,_xmlNode* node ,_xmlSchemaType* type ,i8* value ,_xmlSchemaVal** retVal ,i32 fireErrors ,i32 normalize ,i32 isNormalized )",i32	xml	Schema	V	Check	C	V	C	Simple	Type	xml	Schema	Abstract	Ctxt*	actxt	xml	Node*	node	xml	Schema	Type*	type	i8*	value	xml	Schema	Val**	ret	Val	i32	fire	Errors	i32	normalize	i32	is	Normalized	
1815,i32,"xmlSchemaVCheckCVCSimpleType(_xmlSchemaAbstractCtxt* actxt ,_xmlNode* node ,_xmlSchemaType* type ,i8* value ,_xmlSchemaVal** retVal ,i32 fireErrors ,i32 normalize ,i32 isNormalized )",i32	xml	Schema	V	Check	C	V	C	Simple	Type	xml	Schema	Abstract	Ctxt*	actxt	xml	Node*	node	xml	Schema	Type*	type	i8*	value	xml	Schema	Val**	ret	Val	i32	fire	Errors	i32	normalize	i32	is	Normalized	
1816,i32,"xmlSchemaVCheckCVCSimpleType(_xmlSchemaAbstractCtxt* actxt ,_xmlNode* node ,_xmlSchemaType* type ,i8* value ,_xmlSchemaVal** retVal ,i32 fireErrors ,i32 normalize ,i32 isNormalized )",i32	xml	Schema	V	Check	C	V	C	Simple	Type	xml	Schema	Abstract	Ctxt*	actxt	xml	Node*	node	xml	Schema	Type*	type	i8*	value	xml	Schema	Val**	ret	Val	i32	fire	Errors	i32	normalize	i32	is	Normalized	
1817,i32,"xmlSchemaVCheckCVCSimpleType(_xmlSchemaAbstractCtxt* actxt ,_xmlNode* node ,_xmlSchemaType* type ,i8* value ,_xmlSchemaVal** retVal ,i32 fireErrors ,i32 normalize ,i32 isNormalized )",i32	xml	Schema	V	Check	C	V	C	Simple	Type	xml	Schema	Abstract	Ctxt*	actxt	xml	Node*	node	xml	Schema	Type*	type	i8*	value	xml	Schema	Val**	ret	Val	i32	fire	Errors	i32	normalize	i32	is	Normalized	
1818,i32,"xmlSchemaVCheckCVCSimpleType(_xmlSchemaAbstractCtxt* actxt ,_xmlNode* node ,_xmlSchemaType* type ,i8* value ,_xmlSchemaVal** retVal ,i32 fireErrors ,i32 normalize ,i32 isNormalized )",i32	xml	Schema	V	Check	C	V	C	Simple	Type	xml	Schema	Abstract	Ctxt*	actxt	xml	Node*	node	xml	Schema	Type*	type	i8*	value	xml	Schema	Val**	ret	Val	i32	fire	Errors	i32	normalize	i32	is	Normalized	
1819,void,xmlSchemaFreeValidCtxt(_xmlSchemaValidCtxt* ctxt ),void	xml	Schema	Free	Valid	Ctxt	xml	Schema	Valid	Ctxt*	ctxt	
1820,void,xmlSchemaItemListFree(_xmlSchemaItemList* list ),void	xml	Schema	Item	List	Free	xml	Schema	Item	List*	list	
1821,void,xmlSchemaBucketFree(_xmlSchemaBucket* bucket ),void	xml	Schema	Bucket	Free	xml	Schema	Bucket*	bucket	
1822,void,xmlSchemaFreeAnnot(_xmlSchemaAnnot* annot ),void	xml	Schema	Free	Annot	xml	Schema	Annot*	annot	
1823,void,xmlSchemaFreeAnnot(_xmlSchemaAnnot* annot ),void	xml	Schema	Free	Annot	xml	Schema	Annot*	annot	
1824,void,xmlSchemaFreeWildcardNsSet(_xmlSchemaWildcardNs* set ),void	xml	Schema	Free	Wildcard	Ns	Set	xml	Schema	Wildcard	Ns*	set	
1825,void,xmlSchemaFreeWildcard(_xmlSchemaWildcard* wildcard ),void	xml	Schema	Free	Wildcard	xml	Schema	Wildcard*	wildcard	
1826,void,xmlSchemaFreeTypeLinkList(_xmlSchemaTypeLink* link ),void	xml	Schema	Free	Type	Link	List	xml	Schema	Type	Link*	link	
1827,void,xmlSchemaFreeFacet(_xmlSchemaFacet* facet ),void	xml	Schema	Free	Facet	xml	Schema	Facet*	facet	
1828,void,xmlSchemaFreeType(_xmlSchemaType* type ),void	xml	Schema	Free	Type	xml	Schema	Type*	type	
1829,void,xmlSchemaFree(_xmlSchema* schema ),void	xml	Schema	Free	xml	Schema*	schema	
1830,void,"xmlSchemaElementDump(_xmlSchemaElement* elem ,_IO_FILE* output ,i8* name ,i8* namespace ,i8* context )",void	xml	Schema	Element	Dump	xml	Schema	Element*	elem	I	O	F	I	L	E*	output	i8*	name	i8*	namespace	i8*	context	
1831,void,"xmlSchemaElementDump(_xmlSchemaElement* elem ,_IO_FILE* output ,i8* name ,i8* namespace ,i8* context )",void	xml	Schema	Element	Dump	xml	Schema	Element*	elem	I	O	F	I	L	E*	output	i8*	name	i8*	namespace	i8*	context	
1832,void,"xmlSchemaAnnotDump(_IO_FILE* output ,_xmlSchemaAnnot* annot )",void	xml	Schema	Annot	Dump	I	O	F	I	L	E*	output	xml	Schema	Annot*	annot	
1833,void,"xmlSchemaTypeDump(_xmlSchemaType* type ,_IO_FILE* output )",void	xml	Schema	Type	Dump	xml	Schema	Type*	type	I	O	F	I	L	E*	output	
1834,void,"xmlSchemaDump(_IO_FILE* output ,_xmlSchema* schema )",void	xml	Schema	Dump	I	O	F	I	L	E*	output	xml	Schema*	schema	
1835,void,"xmlSchemaDump(_IO_FILE* output ,_xmlSchema* schema )",void	xml	Schema	Dump	I	O	F	I	L	E*	output	xml	Schema*	schema	
1836,void,xmlSchemaFreeValue(_xmlSchemaVal* value ),void	xml	Schema	Free	Value	xml	Schema	Val*	value	
1837,_xmlSchemaType*,"xmlSchemaGetPredefinedType(i8* name ,i8* ns )",xml	Schema	Type*	xml	Schema	Get	Predefined	Type	i8*	name	i8*	ns	
1838,_xmlSchemaType*,xmlSchemaGetBuiltInListSimpleTypeItemType(_xmlSchemaType* type ),xml	Schema	Type*	xml	Schema	Get	Built	In	List	Simple	Type	Item	Type	xml	Schema	Type*	type	
1839,i8*,xmlSchemaWhiteSpaceReplace(i8* value ),i8*	xml	Schema	White	Space	Replace	i8*	value	
1840,i8*,xmlSchemaCollapseString(i8* value ),i8*	xml	Schema	Collapse	String	i8*	value	
1841,i32,"xmlSchemaIsBuiltInTypeFacet(_xmlSchemaType* type ,i32 facetType )",i32	xml	Schema	Is	Built	In	Type	Facet	xml	Schema	Type*	type	i32	facet	Type	
1842,i32,"xmlSchemaIsBuiltInTypeFacet(_xmlSchemaType* type ,i32 facetType )",i32	xml	Schema	Is	Built	In	Type	Facet	xml	Schema	Type*	type	i32	facet	Type	
1843,i32,"xmlSchemaIsBuiltInTypeFacet(_xmlSchemaType* type ,i32 facetType )",i32	xml	Schema	Is	Built	In	Type	Facet	xml	Schema	Type*	type	i32	facet	Type	
1844,i32,"xmlSchemaIsBuiltInTypeFacet(_xmlSchemaType* type ,i32 facetType )",i32	xml	Schema	Is	Built	In	Type	Facet	xml	Schema	Type*	type	i32	facet	Type	
1845,i32,"xmlSchemaIsBuiltInTypeFacet(_xmlSchemaType* type ,i32 facetType )",i32	xml	Schema	Is	Built	In	Type	Facet	xml	Schema	Type*	type	i32	facet	Type	
1846,i32,"xmlSchemaIsBuiltInTypeFacet(_xmlSchemaType* type ,i32 facetType )",i32	xml	Schema	Is	Built	In	Type	Facet	xml	Schema	Type*	type	i32	facet	Type	
1847,i32,"xmlSchemaIsBuiltInTypeFacet(_xmlSchemaType* type ,i32 facetType )",i32	xml	Schema	Is	Built	In	Type	Facet	xml	Schema	Type*	type	i32	facet	Type	
1848,i32,"xmlSchemaIsBuiltInTypeFacet(_xmlSchemaType* type ,i32 facetType )",i32	xml	Schema	Is	Built	In	Type	Facet	xml	Schema	Type*	type	i32	facet	Type	
1849,i32,"xmlSchemaIsBuiltInTypeFacet(_xmlSchemaType* type ,i32 facetType )",i32	xml	Schema	Is	Built	In	Type	Facet	xml	Schema	Type*	type	i32	facet	Type	
1850,i32,"xmlSchemaIsBuiltInTypeFacet(_xmlSchemaType* type ,i32 facetType )",i32	xml	Schema	Is	Built	In	Type	Facet	xml	Schema	Type*	type	i32	facet	Type	
1851,i32,"xmlSchemaIsBuiltInTypeFacet(_xmlSchemaType* type ,i32 facetType )",i32	xml	Schema	Is	Built	In	Type	Facet	xml	Schema	Type*	type	i32	facet	Type	
1852,i32,"xmlSchemaIsBuiltInTypeFacet(_xmlSchemaType* type ,i32 facetType )",i32	xml	Schema	Is	Built	In	Type	Facet	xml	Schema	Type*	type	i32	facet	Type	
1853,i32,"xmlSchemaIsBuiltInTypeFacet(_xmlSchemaType* type ,i32 facetType )",i32	xml	Schema	Is	Built	In	Type	Facet	xml	Schema	Type*	type	i32	facet	Type	
1854,i32,"xmlSchemaIsBuiltInTypeFacet(_xmlSchemaType* type ,i32 facetType )",i32	xml	Schema	Is	Built	In	Type	Facet	xml	Schema	Type*	type	i32	facet	Type	
1855,i32,"xmlSchemaIsBuiltInTypeFacet(_xmlSchemaType* type ,i32 facetType )",i32	xml	Schema	Is	Built	In	Type	Facet	xml	Schema	Type*	type	i32	facet	Type	
1856,i32,"xmlSchemaIsBuiltInTypeFacet(_xmlSchemaType* type ,i32 facetType )",i32	xml	Schema	Is	Built	In	Type	Facet	xml	Schema	Type*	type	i32	facet	Type	
1857,i32,"xmlSchemaIsBuiltInTypeFacet(_xmlSchemaType* type ,i32 facetType )",i32	xml	Schema	Is	Built	In	Type	Facet	xml	Schema	Type*	type	i32	facet	Type	
1858,i32,"xmlSchemaIsBuiltInTypeFacet(_xmlSchemaType* type ,i32 facetType )",i32	xml	Schema	Is	Built	In	Type	Facet	xml	Schema	Type*	type	i32	facet	Type	
1859,i32,"xmlSchemaIsBuiltInTypeFacet(_xmlSchemaType* type ,i32 facetType )",i32	xml	Schema	Is	Built	In	Type	Facet	xml	Schema	Type*	type	i32	facet	Type	
1860,i32,"xmlSchemaIsBuiltInTypeFacet(_xmlSchemaType* type ,i32 facetType )",i32	xml	Schema	Is	Built	In	Type	Facet	xml	Schema	Type*	type	i32	facet	Type	
1861,i32,"xmlSchemaIsBuiltInTypeFacet(_xmlSchemaType* type ,i32 facetType )",i32	xml	Schema	Is	Built	In	Type	Facet	xml	Schema	Type*	type	i32	facet	Type	
1862,i32,"xmlSchemaIsBuiltInTypeFacet(_xmlSchemaType* type ,i32 facetType )",i32	xml	Schema	Is	Built	In	Type	Facet	xml	Schema	Type*	type	i32	facet	Type	
1863,i32,"xmlSchemaIsBuiltInTypeFacet(_xmlSchemaType* type ,i32 facetType )",i32	xml	Schema	Is	Built	In	Type	Facet	xml	Schema	Type*	type	i32	facet	Type	
1864,i32,"xmlSchemaIsBuiltInTypeFacet(_xmlSchemaType* type ,i32 facetType )",i32	xml	Schema	Is	Built	In	Type	Facet	xml	Schema	Type*	type	i32	facet	Type	
1865,i32,"xmlSchemaIsBuiltInTypeFacet(_xmlSchemaType* type ,i32 facetType )",i32	xml	Schema	Is	Built	In	Type	Facet	xml	Schema	Type*	type	i32	facet	Type	
1866,i32,"xmlSchemaValueAppend(_xmlSchemaVal* prev ,_xmlSchemaVal* cur )",i32	xml	Schema	Value	Append	xml	Schema	Val*	prev	xml	Schema	Val*	cur	
1867,i32,"xmlSchemaValueAppend(_xmlSchemaVal* prev ,_xmlSchemaVal* cur )",i32	xml	Schema	Value	Append	xml	Schema	Val*	prev	xml	Schema	Val*	cur	
1868,_xmlSchemaVal*,xmlSchemaValueGetNext(_xmlSchemaVal* cur ),xml	Schema	Val*	xml	Schema	Value	Get	Next	xml	Schema	Val*	cur	
1869,i8*,xmlSchemaValueGetAsString(_xmlSchemaVal* val ),i8*	xml	Schema	Value	Get	As	String	xml	Schema	Val*	val	
1870,i32,xmlSchemaValueGetAsBoolean(_xmlSchemaVal* val ),i32	xml	Schema	Value	Get	As	Boolean	xml	Schema	Val*	val	
1871,_xmlSchemaVal*,"xmlSchemaNewStringValue(i32 type ,i8* value )",xml	Schema	Val*	xml	Schema	New	String	Value	i32	type	i8*	value	
1872,_xmlSchemaVal*,"xmlSchemaNewNOTATIONValue(i8* name ,i8* ns )",xml	Schema	Val*	xml	Schema	New	N	O	T	A	T	I	O	N	Value	i8*	name	i8*	ns	
1873,i8*,xmlCharStrdup(i8* cur ),i8*	xml	Char	Strdup	i8*	cur	
1874,i32,"xmlStrcmp(i8* str1 ,i8* str2 )",i32	xml	Strcmp	i8*	str	i8*	str	
1875,i32,"xmlStrcmp(i8* str1 ,i8* str2 )",i32	xml	Strcmp	i8*	str	i8*	str	
1876,i32,"xmlStrcmp(i8* str1 ,i8* str2 )",i32	xml	Strcmp	i8*	str	i8*	str	
1877,i32,"xmlStrcmp(i8* str1 ,i8* str2 )",i32	xml	Strcmp	i8*	str	i8*	str	
1878,i32,"xmlStrEqual(i8* str1 ,i8* str2 )",i32	xml	Str	Equal	i8*	str	i8*	str	
1879,i32,"xmlStrEqual(i8* str1 ,i8* str2 )",i32	xml	Str	Equal	i8*	str	i8*	str	
1880,i32,"xmlStrEqual(i8* str1 ,i8* str2 )",i32	xml	Str	Equal	i8*	str	i8*	str	
1881,i32,"xmlStrEqual(i8* str1 ,i8* str2 )",i32	xml	Str	Equal	i8*	str	i8*	str	
1882,i32,"xmlStrEqual(i8* str1 ,i8* str2 )",i32	xml	Str	Equal	i8*	str	i8*	str	
1883,i32,"xmlStrQEqual(i8* pref ,i8* name ,i8* str )",i32	xml	Str	Q	Equal	i8*	pref	i8*	name	i8*	str	
1884,i32,"xmlStrQEqual(i8* pref ,i8* name ,i8* str )",i32	xml	Str	Q	Equal	i8*	pref	i8*	name	i8*	str	
1885,i32,"xmlStrQEqual(i8* pref ,i8* name ,i8* str )",i32	xml	Str	Q	Equal	i8*	pref	i8*	name	i8*	str	
1886,i32,"xmlStrQEqual(i8* pref ,i8* name ,i8* str )",i32	xml	Str	Q	Equal	i8*	pref	i8*	name	i8*	str	
1887,i32,"xmlStrncmp(i8* str1 ,i8* str2 ,i32 len )",i32	xml	Strncmp	i8*	str	i8*	str	i32	len	
1888,i32,"xmlStrncmp(i8* str1 ,i8* str2 ,i32 len )",i32	xml	Strncmp	i8*	str	i8*	str	i32	len	
1889,i32,"xmlStrncmp(i8* str1 ,i8* str2 ,i32 len )",i32	xml	Strncmp	i8*	str	i8*	str	i32	len	
1890,i32,"xmlStrncmp(i8* str1 ,i8* str2 ,i32 len )",i32	xml	Strncmp	i8*	str	i8*	str	i32	len	
1891,i32,"xmlStrncmp(i8* str1 ,i8* str2 ,i32 len )",i32	xml	Strncmp	i8*	str	i8*	str	i32	len	
1892,i32,"xmlStrcasecmp(i8* str1 ,i8* str2 )",i32	xml	Strcasecmp	i8*	str	i8*	str	
1893,i32,"xmlStrcasecmp(i8* str1 ,i8* str2 )",i32	xml	Strcasecmp	i8*	str	i8*	str	
1894,i32,"xmlStrcasecmp(i8* str1 ,i8* str2 )",i32	xml	Strcasecmp	i8*	str	i8*	str	
1895,i32,"xmlStrcasecmp(i8* str1 ,i8* str2 )",i32	xml	Strcasecmp	i8*	str	i8*	str	
1896,i32,"xmlStrncasecmp(i8* str1 ,i8* str2 ,i32 len )",i32	xml	Strncasecmp	i8*	str	i8*	str	i32	len	
1897,i32,"xmlStrncasecmp(i8* str1 ,i8* str2 ,i32 len )",i32	xml	Strncasecmp	i8*	str	i8*	str	i32	len	
1898,i32,"xmlStrncasecmp(i8* str1 ,i8* str2 ,i32 len )",i32	xml	Strncasecmp	i8*	str	i8*	str	i32	len	
1899,i32,"xmlStrncasecmp(i8* str1 ,i8* str2 ,i32 len )",i32	xml	Strncasecmp	i8*	str	i8*	str	i32	len	
1900,i32,"xmlStrncasecmp(i8* str1 ,i8* str2 ,i32 len )",i32	xml	Strncasecmp	i8*	str	i8*	str	i32	len	
1901,i32,"xmlStrncasecmp(i8* str1 ,i8* str2 ,i32 len )",i32	xml	Strncasecmp	i8*	str	i8*	str	i32	len	
1902,i8*,"xmlStrchr(i8* str ,i8 val )",i8*	xml	Strchr	i8*	str	i	val	
1903,i8*,"xmlStrstr(i8* str ,i8* val )",i8*	xml	Strstr	i8*	str	i8*	val	
1904,i8*,"xmlStrstr(i8* str ,i8* val )",i8*	xml	Strstr	i8*	str	i8*	val	
1905,i8*,"xmlStrcasestr(i8* str ,i8* val )",i8*	xml	Strcasestr	i8*	str	i8*	val	
1906,i8*,"xmlStrcasestr(i8* str ,i8* val )",i8*	xml	Strcasestr	i8*	str	i8*	val	
1907,i8*,"xmlStrsub(i8* str ,i32 start ,i32 len )",i8*	xml	Strsub	i8*	str	i32	start	i32	len	
1908,i8*,"xmlStrsub(i8* str ,i32 start ,i32 len )",i8*	xml	Strsub	i8*	str	i32	start	i32	len	
1909,i8*,"xmlStrsub(i8* str ,i32 start ,i32 len )",i8*	xml	Strsub	i8*	str	i32	start	i32	len	
1910,i8*,"xmlStrsub(i8* str ,i32 start ,i32 len )",i8*	xml	Strsub	i8*	str	i32	start	i32	len	
1911,i32,xmlStrlen(i8* str ),i32	xml	Strlen	i8*	str	
1912,i8*,"xmlStrndup(i8* cur ,i32 len )",i8*	xml	Strndup	i8*	cur	i32	len	
1913,i8*,"xmlStrndup(i8* cur ,i32 len )",i8*	xml	Strndup	i8*	cur	i32	len	
1914,i8*,"xmlStrncat(i8* cur ,i8* add ,i32 len )",i8*	xml	Strncat	i8*	cur	i8*	add	i32	len	
1915,i8*,"xmlStrncat(i8* cur ,i8* add ,i32 len )",i8*	xml	Strncat	i8*	cur	i8*	add	i32	len	
1916,i8*,"xmlStrncat(i8* cur ,i8* add ,i32 len )",i8*	xml	Strncat	i8*	cur	i8*	add	i32	len	
1917,i8*,"xmlStrncat(i8* cur ,i8* add ,i32 len )",i8*	xml	Strncat	i8*	cur	i8*	add	i32	len	
1918,i8*,"xmlStrncatNew(i8* str1 ,i8* str2 ,i32 len )",i8*	xml	Strncat	New	i8*	str	i8*	str	i32	len	
1919,i8*,"xmlStrncatNew(i8* str1 ,i8* str2 ,i32 len )",i8*	xml	Strncat	New	i8*	str	i8*	str	i32	len	
1920,i8*,"xmlStrncatNew(i8* str1 ,i8* str2 ,i32 len )",i8*	xml	Strncat	New	i8*	str	i8*	str	i32	len	
1921,i8*,"xmlStrncatNew(i8* str1 ,i8* str2 ,i32 len )",i8*	xml	Strncat	New	i8*	str	i8*	str	i32	len	
1922,i8*,"xmlStrcat(i8* cur ,i8* add )",i8*	xml	Strcat	i8*	cur	i8*	add	
1923,i8*,"xmlStrcat(i8* cur ,i8* add )",i8*	xml	Strcat	i8*	cur	i8*	add	
1924,i32,"xmlStrPrintf(i8* buf ,i32 len ,i8* msg )",i32	xml	Str	Printf	i8*	buf	i32	len	i8*	msg	
1925,i32,"xmlStrPrintf(i8* buf ,i32 len ,i8* msg )",i32	xml	Str	Printf	i8*	buf	i32	len	i8*	msg	
1926,i32,"xmlStrVPrintf(i8* buf ,i32 len ,i8* msg ,__va_list_tag* ap )",i32	xml	Str	V	Printf	i8*	buf	i32	len	i8*	msg	va	list	tag	ap	
1927,i32,"xmlStrVPrintf(i8* buf ,i32 len ,i8* msg ,__va_list_tag* ap )",i32	xml	Str	V	Printf	i8*	buf	i32	len	i8*	msg	va	list	tag	ap	
1928,i32,xmlUTF8Size(i8* utf ),i32	xml	U	T	F8	Size	i8*	utf	
1929,i32,"xmlUTF8Charcmp(i8* utf1 ,i8* utf2 )",i32	xml	U	T	F8	Charcmp	i8*	utf	i8*	utf	
1930,i32,"xmlUTF8Charcmp(i8* utf1 ,i8* utf2 )",i32	xml	U	T	F8	Charcmp	i8*	utf	i8*	utf	
1931,i32,xmlUTF8Strlen(i8* utf ),i32	xml	U	T	F8	Strlen	i8*	utf	
1932,i8*,xmlStrdup(i8* cur ),i8*	xml	Strdup	i8*	cur	
1933,i32,"xmlGetUTF8Char(i8* utf ,i32* len )",i32	xml	Get	U	T	F8	Char	i8*	utf	i	len	
1934,i32,"xmlGetUTF8Char(i8* utf ,i32* len )",i32	xml	Get	U	T	F8	Char	i8*	utf	i	len	
1935,i32,"xmlGetUTF8Char(i8* utf ,i32* len )",i32	xml	Get	U	T	F8	Char	i8*	utf	i	len	
1936,i32,"xmlGetUTF8Char(i8* utf ,i32* len )",i32	xml	Get	U	T	F8	Char	i8*	utf	i	len	
1937,i32,"xmlGetUTF8Char(i8* utf ,i32* len )",i32	xml	Get	U	T	F8	Char	i8*	utf	i	len	
1938,i32,"xmlGetUTF8Char(i8* utf ,i32* len )",i32	xml	Get	U	T	F8	Char	i8*	utf	i	len	
1939,i32,"xmlGetUTF8Char(i8* utf ,i32* len )",i32	xml	Get	U	T	F8	Char	i8*	utf	i	len	
1940,i32,xmlCheckUTF8(i8* utf ),i32	xml	Check	U	T	F8	i8*	utf	
1941,i32,"xmlUTF8Strsize(i8* utf ,i32 len )",i32	xml	U	T	F8	Strsize	i8*	utf	i32	len	
1942,i32,"xmlUTF8Strsize(i8* utf ,i32 len )",i32	xml	U	T	F8	Strsize	i8*	utf	i32	len	
1943,i32,"xmlUTF8Strsize(i8* utf ,i32 len )",i32	xml	U	T	F8	Strsize	i8*	utf	i32	len	
1944,i32,"xmlUTF8Strsize(i8* utf ,i32 len )",i32	xml	U	T	F8	Strsize	i8*	utf	i32	len	
1945,i8*,"xmlUTF8Strndup(i8* utf ,i32 len )",i8*	xml	U	T	F8	Strndup	i8*	utf	i32	len	
1946,i8*,"xmlUTF8Strndup(i8* utf ,i32 len )",i8*	xml	U	T	F8	Strndup	i8*	utf	i32	len	
1947,i8*,"xmlCharStrndup(i8* cur ,i32 len )",i8*	xml	Char	Strndup	i8*	cur	i32	len	
1948,i8*,"xmlCharStrndup(i8* cur ,i32 len )",i8*	xml	Char	Strndup	i8*	cur	i32	len	
1949,i8*,"xmlUTF8Strpos(i8* utf ,i32 pos )",i8*	xml	U	T	F8	Strpos	i8*	utf	i32	pos	
1950,i8*,"xmlUTF8Strpos(i8* utf ,i32 pos )",i8*	xml	U	T	F8	Strpos	i8*	utf	i32	pos	
1951,i8*,"xmlUTF8Strpos(i8* utf ,i32 pos )",i8*	xml	U	T	F8	Strpos	i8*	utf	i32	pos	
1952,i32,"xmlUTF8Strloc(i8* utf ,i8* utfchar )",i32	xml	U	T	F8	Strloc	i8*	utf	i8*	utfchar	
1953,i32,"xmlUTF8Strloc(i8* utf ,i8* utfchar )",i32	xml	U	T	F8	Strloc	i8*	utf	i8*	utfchar	
1954,i8*,"xmlCharStrndup(i8* cur ,i32 len )",i8*	xml	Char	Strndup	i8*	cur	i32	len	
1955,i8*,"xmlUTF8Strsub(i8* utf ,i32 start ,i32 len )",i8*	xml	U	T	F8	Strsub	i8*	utf	i32	start	i32	len	
1956,i8*,"xmlUTF8Strsub(i8* utf ,i32 start ,i32 len )",i8*	xml	U	T	F8	Strsub	i8*	utf	i32	start	i32	len	
1957,i8*,"xmlUTF8Strsub(i8* utf ,i32 start ,i32 len )",i8*	xml	U	T	F8	Strsub	i8*	utf	i32	start	i32	len	
1958,i8*,"xmlUTF8Strsub(i8* utf ,i32 start ,i32 len )",i8*	xml	U	T	F8	Strsub	i8*	utf	i32	start	i32	len	
1959,i32,xmlUCSIsArabic(i32 code ),i32	xml	U	C	S	Is	Arabic	i32	code	
1960,i32,xmlUCSIsArabic(i32 code ),i32	xml	U	C	S	Is	Arabic	i32	code	
1961,i32,xmlUCSIsArabicPresentationFormsA(i32 code ),i32	xml	U	C	S	Is	Arabic	Presentation	Forms	A	i32	code	
1962,i32,xmlUCSIsArabicPresentationFormsA(i32 code ),i32	xml	U	C	S	Is	Arabic	Presentation	Forms	A	i32	code	
1963,i32,xmlUCSIsArabicPresentationFormsB(i32 code ),i32	xml	U	C	S	Is	Arabic	Presentation	Forms	B	i32	code	
1964,i32,xmlUCSIsArabicPresentationFormsB(i32 code ),i32	xml	U	C	S	Is	Arabic	Presentation	Forms	B	i32	code	
1965,i32,xmlUCSIsArmenian(i32 code ),i32	xml	U	C	S	Is	Armenian	i32	code	
1966,i32,xmlUCSIsArmenian(i32 code ),i32	xml	U	C	S	Is	Armenian	i32	code	
1967,i32,xmlUCSIsArrows(i32 code ),i32	xml	U	C	S	Is	Arrows	i32	code	
1968,i32,xmlUCSIsArrows(i32 code ),i32	xml	U	C	S	Is	Arrows	i32	code	
1969,i32,xmlUCSIsBasicLatin(i32 code ),i32	xml	U	C	S	Is	Basic	Latin	i32	code	
1970,i32,xmlUCSIsBasicLatin(i32 code ),i32	xml	U	C	S	Is	Basic	Latin	i32	code	
1971,i32,xmlUCSIsBengali(i32 code ),i32	xml	U	C	S	Is	Bengali	i32	code	
1972,i32,xmlUCSIsBengali(i32 code ),i32	xml	U	C	S	Is	Bengali	i32	code	
1973,i32,xmlUCSIsBlockElements(i32 code ),i32	xml	U	C	S	Is	Block	Elements	i32	code	
1974,i32,xmlUCSIsBlockElements(i32 code ),i32	xml	U	C	S	Is	Block	Elements	i32	code	
1975,i32,xmlUCSIsBopomofo(i32 code ),i32	xml	U	C	S	Is	Bopomofo	i32	code	
1976,i32,xmlUCSIsBopomofo(i32 code ),i32	xml	U	C	S	Is	Bopomofo	i32	code	
1977,i32,xmlUCSIsBopomofoExtended(i32 code ),i32	xml	U	C	S	Is	Bopomofo	Extended	i32	code	
1978,i32,xmlUCSIsBopomofoExtended(i32 code ),i32	xml	U	C	S	Is	Bopomofo	Extended	i32	code	
1979,i32,xmlUCSIsBoxDrawing(i32 code ),i32	xml	U	C	S	Is	Box	Drawing	i32	code	
1980,i32,xmlUCSIsBoxDrawing(i32 code ),i32	xml	U	C	S	Is	Box	Drawing	i32	code	
1981,i32,xmlUCSIsBraillePatterns(i32 code ),i32	xml	U	C	S	Is	Braille	Patterns	i32	code	
1982,i32,xmlUCSIsBraillePatterns(i32 code ),i32	xml	U	C	S	Is	Braille	Patterns	i32	code	
1983,i32,xmlUCSIsBuhid(i32 code ),i32	xml	U	C	S	Is	Buhid	i32	code	
1984,i32,xmlUCSIsBuhid(i32 code ),i32	xml	U	C	S	Is	Buhid	i32	code	
1985,i32,xmlUCSIsByzantineMusicalSymbols(i32 code ),i32	xml	U	C	S	Is	Byzantine	Musical	Symbols	i32	code	
1986,i32,xmlUCSIsByzantineMusicalSymbols(i32 code ),i32	xml	U	C	S	Is	Byzantine	Musical	Symbols	i32	code	
1987,i32,xmlUCSIsCJKCompatibility(i32 code ),i32	xml	U	C	S	Is	C	J	K	Compatibility	i32	code	
1988,i32,xmlUCSIsCJKCompatibility(i32 code ),i32	xml	U	C	S	Is	C	J	K	Compatibility	i32	code	
1989,i32,xmlUCSIsCJKCompatibilityForms(i32 code ),i32	xml	U	C	S	Is	C	J	K	Compatibility	Forms	i32	code	
1990,i32,xmlUCSIsCJKCompatibilityForms(i32 code ),i32	xml	U	C	S	Is	C	J	K	Compatibility	Forms	i32	code	
1991,i32,xmlUCSIsCJKCompatibilityIdeographs(i32 code ),i32	xml	U	C	S	Is	C	J	K	Compatibility	Ideographs	i32	code	
1992,i32,xmlUCSIsCJKCompatibilityIdeographs(i32 code ),i32	xml	U	C	S	Is	C	J	K	Compatibility	Ideographs	i32	code	
1993,i32,xmlUCSIsCJKCompatibilityIdeographsSupplement(i32 code ),i32	xml	U	C	S	Is	C	J	K	Compatibility	Ideographs	Supplement	i32	code	
1994,i32,xmlUCSIsCJKCompatibilityIdeographsSupplement(i32 code ),i32	xml	U	C	S	Is	C	J	K	Compatibility	Ideographs	Supplement	i32	code	
1995,i32,xmlUCSIsCJKRadicalsSupplement(i32 code ),i32	xml	U	C	S	Is	C	J	K	Radicals	Supplement	i32	code	
1996,i32,xmlUCSIsCJKRadicalsSupplement(i32 code ),i32	xml	U	C	S	Is	C	J	K	Radicals	Supplement	i32	code	
1997,i32,xmlUCSIsCJKSymbolsandPunctuation(i32 code ),i32	xml	U	C	S	Is	C	J	K	Symbolsand	Punctuation	i32	code	
1998,i32,xmlUCSIsCJKSymbolsandPunctuation(i32 code ),i32	xml	U	C	S	Is	C	J	K	Symbolsand	Punctuation	i32	code	
1999,i32,xmlUCSIsCJKUnifiedIdeographs(i32 code ),i32	xml	U	C	S	Is	C	J	K	Unified	Ideographs	i32	code	
2000,i32,xmlUCSIsCJKUnifiedIdeographs(i32 code ),i32	xml	U	C	S	Is	C	J	K	Unified	Ideographs	i32	code	
2001,i32,xmlUCSIsCJKUnifiedIdeographsExtensionA(i32 code ),i32	xml	U	C	S	Is	C	J	K	Unified	Ideographs	Extension	A	i32	code	
2002,i32,xmlUCSIsCJKUnifiedIdeographsExtensionA(i32 code ),i32	xml	U	C	S	Is	C	J	K	Unified	Ideographs	Extension	A	i32	code	
2003,i32,xmlUCSIsCJKUnifiedIdeographsExtensionB(i32 code ),i32	xml	U	C	S	Is	C	J	K	Unified	Ideographs	Extension	B	i32	code	
2004,i32,xmlUCSIsCJKUnifiedIdeographsExtensionB(i32 code ),i32	xml	U	C	S	Is	C	J	K	Unified	Ideographs	Extension	B	i32	code	
2005,i32,xmlUCSIsCherokee(i32 code ),i32	xml	U	C	S	Is	Cherokee	i32	code	
2006,i32,xmlUCSIsCherokee(i32 code ),i32	xml	U	C	S	Is	Cherokee	i32	code	
2007,i32,xmlUCSIsCombiningDiacriticalMarks(i32 code ),i32	xml	U	C	S	Is	Combining	Diacritical	Marks	i32	code	
2008,i32,xmlUCSIsCombiningDiacriticalMarks(i32 code ),i32	xml	U	C	S	Is	Combining	Diacritical	Marks	i32	code	
2009,i32,xmlUCSIsCombiningDiacriticalMarksforSymbols(i32 code ),i32	xml	U	C	S	Is	Combining	Diacritical	Marksfor	Symbols	i32	code	
2010,i32,xmlUCSIsCombiningDiacriticalMarksforSymbols(i32 code ),i32	xml	U	C	S	Is	Combining	Diacritical	Marksfor	Symbols	i32	code	
2011,i32,xmlUCSIsCombiningHalfMarks(i32 code ),i32	xml	U	C	S	Is	Combining	Half	Marks	i32	code	
2012,i32,xmlUCSIsCombiningHalfMarks(i32 code ),i32	xml	U	C	S	Is	Combining	Half	Marks	i32	code	
2013,i32,xmlUCSIsCombiningMarksforSymbols(i32 code ),i32	xml	U	C	S	Is	Combining	Marksfor	Symbols	i32	code	
2014,i32,xmlUCSIsCombiningMarksforSymbols(i32 code ),i32	xml	U	C	S	Is	Combining	Marksfor	Symbols	i32	code	
2015,i32,xmlUCSIsControlPictures(i32 code ),i32	xml	U	C	S	Is	Control	Pictures	i32	code	
2016,i32,xmlUCSIsControlPictures(i32 code ),i32	xml	U	C	S	Is	Control	Pictures	i32	code	
2017,i32,xmlUCSIsCurrencySymbols(i32 code ),i32	xml	U	C	S	Is	Currency	Symbols	i32	code	
2018,i32,xmlUCSIsCurrencySymbols(i32 code ),i32	xml	U	C	S	Is	Currency	Symbols	i32	code	
2019,i32,xmlUCSIsCypriotSyllabary(i32 code ),i32	xml	U	C	S	Is	Cypriot	Syllabary	i32	code	
2020,i32,xmlUCSIsCypriotSyllabary(i32 code ),i32	xml	U	C	S	Is	Cypriot	Syllabary	i32	code	
2021,i32,xmlUCSIsCyrillic(i32 code ),i32	xml	U	C	S	Is	Cyrillic	i32	code	
2022,i32,xmlUCSIsCyrillic(i32 code ),i32	xml	U	C	S	Is	Cyrillic	i32	code	
2023,i32,xmlUCSIsCyrillicSupplement(i32 code ),i32	xml	U	C	S	Is	Cyrillic	Supplement	i32	code	
2024,i32,xmlUCSIsCyrillicSupplement(i32 code ),i32	xml	U	C	S	Is	Cyrillic	Supplement	i32	code	
2025,i32,xmlUCSIsDeseret(i32 code ),i32	xml	U	C	S	Is	Deseret	i32	code	
2026,i32,xmlUCSIsDeseret(i32 code ),i32	xml	U	C	S	Is	Deseret	i32	code	
2027,i32,xmlUCSIsDevanagari(i32 code ),i32	xml	U	C	S	Is	Devanagari	i32	code	
2028,i32,xmlUCSIsDevanagari(i32 code ),i32	xml	U	C	S	Is	Devanagari	i32	code	
2029,i32,xmlUCSIsDingbats(i32 code ),i32	xml	U	C	S	Is	Dingbats	i32	code	
2030,i32,xmlUCSIsDingbats(i32 code ),i32	xml	U	C	S	Is	Dingbats	i32	code	
2031,i32,xmlUCSIsEnclosedAlphanumerics(i32 code ),i32	xml	U	C	S	Is	Enclosed	Alphanumerics	i32	code	
2032,i32,xmlUCSIsEnclosedAlphanumerics(i32 code ),i32	xml	U	C	S	Is	Enclosed	Alphanumerics	i32	code	
2033,i32,xmlUCSIsEnclosedCJKLettersandMonths(i32 code ),i32	xml	U	C	S	Is	Enclosed	C	J	K	Lettersand	Months	i32	code	
2034,i32,xmlUCSIsEnclosedCJKLettersandMonths(i32 code ),i32	xml	U	C	S	Is	Enclosed	C	J	K	Lettersand	Months	i32	code	
2035,i32,xmlUCSIsEthiopic(i32 code ),i32	xml	U	C	S	Is	Ethiopic	i32	code	
2036,i32,xmlUCSIsEthiopic(i32 code ),i32	xml	U	C	S	Is	Ethiopic	i32	code	
2037,i32,xmlUCSIsGeneralPunctuation(i32 code ),i32	xml	U	C	S	Is	General	Punctuation	i32	code	
2038,i32,xmlUCSIsGeneralPunctuation(i32 code ),i32	xml	U	C	S	Is	General	Punctuation	i32	code	
2039,i32,xmlUCSIsGeometricShapes(i32 code ),i32	xml	U	C	S	Is	Geometric	Shapes	i32	code	
2040,i32,xmlUCSIsGeometricShapes(i32 code ),i32	xml	U	C	S	Is	Geometric	Shapes	i32	code	
2041,i32,xmlUCSIsGeorgian(i32 code ),i32	xml	U	C	S	Is	Georgian	i32	code	
2042,i32,xmlUCSIsGeorgian(i32 code ),i32	xml	U	C	S	Is	Georgian	i32	code	
2043,i32,xmlUCSIsGothic(i32 code ),i32	xml	U	C	S	Is	Gothic	i32	code	
2044,i32,xmlUCSIsGothic(i32 code ),i32	xml	U	C	S	Is	Gothic	i32	code	
2045,i32,xmlUCSIsGreek(i32 code ),i32	xml	U	C	S	Is	Greek	i32	code	
2046,i32,xmlUCSIsGreek(i32 code ),i32	xml	U	C	S	Is	Greek	i32	code	
2047,i32,xmlUCSIsGreekExtended(i32 code ),i32	xml	U	C	S	Is	Greek	Extended	i32	code	
2048,i32,xmlUCSIsGreekExtended(i32 code ),i32	xml	U	C	S	Is	Greek	Extended	i32	code	
2049,i32,xmlUCSIsGreekandCoptic(i32 code ),i32	xml	U	C	S	Is	Greekand	Coptic	i32	code	
2050,i32,xmlUCSIsGreekandCoptic(i32 code ),i32	xml	U	C	S	Is	Greekand	Coptic	i32	code	
2051,i32,xmlUCSIsGujarati(i32 code ),i32	xml	U	C	S	Is	Gujarati	i32	code	
2052,i32,xmlUCSIsGujarati(i32 code ),i32	xml	U	C	S	Is	Gujarati	i32	code	
2053,i32,xmlUCSIsGurmukhi(i32 code ),i32	xml	U	C	S	Is	Gurmukhi	i32	code	
2054,i32,xmlUCSIsGurmukhi(i32 code ),i32	xml	U	C	S	Is	Gurmukhi	i32	code	
2055,i32,xmlUCSIsHalfwidthandFullwidthForms(i32 code ),i32	xml	U	C	S	Is	Halfwidthand	Fullwidth	Forms	i32	code	
2056,i32,xmlUCSIsHalfwidthandFullwidthForms(i32 code ),i32	xml	U	C	S	Is	Halfwidthand	Fullwidth	Forms	i32	code	
2057,i32,xmlUCSIsHangulCompatibilityJamo(i32 code ),i32	xml	U	C	S	Is	Hangul	Compatibility	Jamo	i32	code	
2058,i32,xmlUCSIsHangulCompatibilityJamo(i32 code ),i32	xml	U	C	S	Is	Hangul	Compatibility	Jamo	i32	code	
2059,i32,xmlUCSIsHangulJamo(i32 code ),i32	xml	U	C	S	Is	Hangul	Jamo	i32	code	
2060,i32,xmlUCSIsHangulJamo(i32 code ),i32	xml	U	C	S	Is	Hangul	Jamo	i32	code	
2061,i32,xmlUCSIsHangulSyllables(i32 code ),i32	xml	U	C	S	Is	Hangul	Syllables	i32	code	
2062,i32,xmlUCSIsHangulSyllables(i32 code ),i32	xml	U	C	S	Is	Hangul	Syllables	i32	code	
2063,i32,xmlUCSIsHanunoo(i32 code ),i32	xml	U	C	S	Is	Hanunoo	i32	code	
2064,i32,xmlUCSIsHanunoo(i32 code ),i32	xml	U	C	S	Is	Hanunoo	i32	code	
2065,i32,xmlUCSIsHebrew(i32 code ),i32	xml	U	C	S	Is	Hebrew	i32	code	
2066,i32,xmlUCSIsHebrew(i32 code ),i32	xml	U	C	S	Is	Hebrew	i32	code	
2067,i32,xmlUCSIsHighPrivateUseSurrogates(i32 code ),i32	xml	U	C	S	Is	High	Private	Use	Surrogates	i32	code	
2068,i32,xmlUCSIsHighPrivateUseSurrogates(i32 code ),i32	xml	U	C	S	Is	High	Private	Use	Surrogates	i32	code	
2069,i32,xmlUCSIsHighSurrogates(i32 code ),i32	xml	U	C	S	Is	High	Surrogates	i32	code	
2070,i32,xmlUCSIsHighSurrogates(i32 code ),i32	xml	U	C	S	Is	High	Surrogates	i32	code	
2071,i32,xmlUCSIsHiragana(i32 code ),i32	xml	U	C	S	Is	Hiragana	i32	code	
2072,i32,xmlUCSIsHiragana(i32 code ),i32	xml	U	C	S	Is	Hiragana	i32	code	
2073,i32,xmlUCSIsIPAExtensions(i32 code ),i32	xml	U	C	S	Is	I	P	A	Extensions	i32	code	
2074,i32,xmlUCSIsIPAExtensions(i32 code ),i32	xml	U	C	S	Is	I	P	A	Extensions	i32	code	
2075,i32,xmlUCSIsIdeographicDescriptionCharacters(i32 code ),i32	xml	U	C	S	Is	Ideographic	Description	Characters	i32	code	
2076,i32,xmlUCSIsIdeographicDescriptionCharacters(i32 code ),i32	xml	U	C	S	Is	Ideographic	Description	Characters	i32	code	
2077,i32,xmlUCSIsKanbun(i32 code ),i32	xml	U	C	S	Is	Kanbun	i32	code	
2078,i32,xmlUCSIsKanbun(i32 code ),i32	xml	U	C	S	Is	Kanbun	i32	code	
2079,i32,xmlUCSIsKangxiRadicals(i32 code ),i32	xml	U	C	S	Is	Kangxi	Radicals	i32	code	
2080,i32,xmlUCSIsKangxiRadicals(i32 code ),i32	xml	U	C	S	Is	Kangxi	Radicals	i32	code	
2081,i32,xmlUCSIsKannada(i32 code ),i32	xml	U	C	S	Is	Kannada	i32	code	
2082,i32,xmlUCSIsKannada(i32 code ),i32	xml	U	C	S	Is	Kannada	i32	code	
2083,i32,xmlUCSIsKatakana(i32 code ),i32	xml	U	C	S	Is	Katakana	i32	code	
2084,i32,xmlUCSIsKatakana(i32 code ),i32	xml	U	C	S	Is	Katakana	i32	code	
2085,i32,xmlUCSIsKatakanaPhoneticExtensions(i32 code ),i32	xml	U	C	S	Is	Katakana	Phonetic	Extensions	i32	code	
2086,i32,xmlUCSIsKatakanaPhoneticExtensions(i32 code ),i32	xml	U	C	S	Is	Katakana	Phonetic	Extensions	i32	code	
2087,i32,xmlUCSIsKhmer(i32 code ),i32	xml	U	C	S	Is	Khmer	i32	code	
2088,i32,xmlUCSIsKhmer(i32 code ),i32	xml	U	C	S	Is	Khmer	i32	code	
2089,i32,xmlUCSIsKhmerSymbols(i32 code ),i32	xml	U	C	S	Is	Khmer	Symbols	i32	code	
2090,i32,xmlUCSIsKhmerSymbols(i32 code ),i32	xml	U	C	S	Is	Khmer	Symbols	i32	code	
2091,i32,xmlUCSIsLao(i32 code ),i32	xml	U	C	S	Is	Lao	i32	code	
2092,i32,xmlUCSIsLao(i32 code ),i32	xml	U	C	S	Is	Lao	i32	code	
2093,i32,xmlUCSIsLatin1Supplement(i32 code ),i32	xml	U	C	S	Is	Latin1	Supplement	i32	code	
2094,i32,xmlUCSIsLatin1Supplement(i32 code ),i32	xml	U	C	S	Is	Latin1	Supplement	i32	code	
2095,i32,xmlUCSIsLatinExtendedA(i32 code ),i32	xml	U	C	S	Is	Latin	Extended	A	i32	code	
2096,i32,xmlUCSIsLatinExtendedA(i32 code ),i32	xml	U	C	S	Is	Latin	Extended	A	i32	code	
2097,i32,xmlUCSIsLatinExtendedB(i32 code ),i32	xml	U	C	S	Is	Latin	Extended	B	i32	code	
2098,i32,xmlUCSIsLatinExtendedB(i32 code ),i32	xml	U	C	S	Is	Latin	Extended	B	i32	code	
2099,i32,xmlUCSIsLatinExtendedAdditional(i32 code ),i32	xml	U	C	S	Is	Latin	Extended	Additional	i32	code	
2100,i32,xmlUCSIsLatinExtendedAdditional(i32 code ),i32	xml	U	C	S	Is	Latin	Extended	Additional	i32	code	
2101,i32,xmlUCSIsLetterlikeSymbols(i32 code ),i32	xml	U	C	S	Is	Letterlike	Symbols	i32	code	
2102,i32,xmlUCSIsLetterlikeSymbols(i32 code ),i32	xml	U	C	S	Is	Letterlike	Symbols	i32	code	
2103,i32,xmlUCSIsLimbu(i32 code ),i32	xml	U	C	S	Is	Limbu	i32	code	
2104,i32,xmlUCSIsLimbu(i32 code ),i32	xml	U	C	S	Is	Limbu	i32	code	
2105,i32,xmlUCSIsLinearBIdeograms(i32 code ),i32	xml	U	C	S	Is	Linear	B	Ideograms	i32	code	
2106,i32,xmlUCSIsLinearBIdeograms(i32 code ),i32	xml	U	C	S	Is	Linear	B	Ideograms	i32	code	
2107,i32,xmlUCSIsLinearBSyllabary(i32 code ),i32	xml	U	C	S	Is	Linear	B	Syllabary	i32	code	
2108,i32,xmlUCSIsLinearBSyllabary(i32 code ),i32	xml	U	C	S	Is	Linear	B	Syllabary	i32	code	
2109,i32,xmlUCSIsLowSurrogates(i32 code ),i32	xml	U	C	S	Is	Low	Surrogates	i32	code	
2110,i32,xmlUCSIsLowSurrogates(i32 code ),i32	xml	U	C	S	Is	Low	Surrogates	i32	code	
2111,i32,xmlUCSIsMalayalam(i32 code ),i32	xml	U	C	S	Is	Malayalam	i32	code	
2112,i32,xmlUCSIsMalayalam(i32 code ),i32	xml	U	C	S	Is	Malayalam	i32	code	
2113,i32,xmlUCSIsMathematicalAlphanumericSymbols(i32 code ),i32	xml	U	C	S	Is	Mathematical	Alphanumeric	Symbols	i32	code	
2114,i32,xmlUCSIsMathematicalAlphanumericSymbols(i32 code ),i32	xml	U	C	S	Is	Mathematical	Alphanumeric	Symbols	i32	code	
2115,i32,xmlUCSIsMathematicalOperators(i32 code ),i32	xml	U	C	S	Is	Mathematical	Operators	i32	code	
2116,i32,xmlUCSIsMathematicalOperators(i32 code ),i32	xml	U	C	S	Is	Mathematical	Operators	i32	code	
2117,i32,xmlUCSIsMiscellaneousMathematicalSymbolsA(i32 code ),i32	xml	U	C	S	Is	Miscellaneous	Mathematical	Symbols	A	i32	code	
2118,i32,xmlUCSIsMiscellaneousMathematicalSymbolsA(i32 code ),i32	xml	U	C	S	Is	Miscellaneous	Mathematical	Symbols	A	i32	code	
2119,i32,xmlUCSIsMiscellaneousMathematicalSymbolsB(i32 code ),i32	xml	U	C	S	Is	Miscellaneous	Mathematical	Symbols	B	i32	code	
2120,i32,xmlUCSIsMiscellaneousMathematicalSymbolsB(i32 code ),i32	xml	U	C	S	Is	Miscellaneous	Mathematical	Symbols	B	i32	code	
2121,i32,xmlUCSIsMiscellaneousSymbols(i32 code ),i32	xml	U	C	S	Is	Miscellaneous	Symbols	i32	code	
2122,i32,xmlUCSIsMiscellaneousSymbols(i32 code ),i32	xml	U	C	S	Is	Miscellaneous	Symbols	i32	code	
2123,i32,xmlUCSIsMiscellaneousSymbolsandArrows(i32 code ),i32	xml	U	C	S	Is	Miscellaneous	Symbolsand	Arrows	i32	code	
2124,i32,xmlUCSIsMiscellaneousSymbolsandArrows(i32 code ),i32	xml	U	C	S	Is	Miscellaneous	Symbolsand	Arrows	i32	code	
2125,i32,xmlUCSIsMiscellaneousTechnical(i32 code ),i32	xml	U	C	S	Is	Miscellaneous	Technical	i32	code	
2126,i32,xmlUCSIsMiscellaneousTechnical(i32 code ),i32	xml	U	C	S	Is	Miscellaneous	Technical	i32	code	
2127,i32,xmlUCSIsMongolian(i32 code ),i32	xml	U	C	S	Is	Mongolian	i32	code	
2128,i32,xmlUCSIsMongolian(i32 code ),i32	xml	U	C	S	Is	Mongolian	i32	code	
2129,i32,xmlUCSIsMusicalSymbols(i32 code ),i32	xml	U	C	S	Is	Musical	Symbols	i32	code	
2130,i32,xmlUCSIsMusicalSymbols(i32 code ),i32	xml	U	C	S	Is	Musical	Symbols	i32	code	
2131,i32,xmlUCSIsMyanmar(i32 code ),i32	xml	U	C	S	Is	Myanmar	i32	code	
2132,i32,xmlUCSIsMyanmar(i32 code ),i32	xml	U	C	S	Is	Myanmar	i32	code	
2133,i32,xmlUCSIsNumberForms(i32 code ),i32	xml	U	C	S	Is	Number	Forms	i32	code	
2134,i32,xmlUCSIsNumberForms(i32 code ),i32	xml	U	C	S	Is	Number	Forms	i32	code	
2135,i32,xmlUCSIsOgham(i32 code ),i32	xml	U	C	S	Is	Ogham	i32	code	
2136,i32,xmlUCSIsOgham(i32 code ),i32	xml	U	C	S	Is	Ogham	i32	code	
2137,i32,xmlUCSIsOldItalic(i32 code ),i32	xml	U	C	S	Is	Old	Italic	i32	code	
2138,i32,xmlUCSIsOldItalic(i32 code ),i32	xml	U	C	S	Is	Old	Italic	i32	code	
2139,i32,xmlUCSIsOpticalCharacterRecognition(i32 code ),i32	xml	U	C	S	Is	Optical	Character	Recognition	i32	code	
2140,i32,xmlUCSIsOpticalCharacterRecognition(i32 code ),i32	xml	U	C	S	Is	Optical	Character	Recognition	i32	code	
2141,i32,xmlUCSIsOriya(i32 code ),i32	xml	U	C	S	Is	Oriya	i32	code	
2142,i32,xmlUCSIsOriya(i32 code ),i32	xml	U	C	S	Is	Oriya	i32	code	
2143,i32,xmlUCSIsOsmanya(i32 code ),i32	xml	U	C	S	Is	Osmanya	i32	code	
2144,i32,xmlUCSIsOsmanya(i32 code ),i32	xml	U	C	S	Is	Osmanya	i32	code	
2145,i32,xmlUCSIsPhoneticExtensions(i32 code ),i32	xml	U	C	S	Is	Phonetic	Extensions	i32	code	
2146,i32,xmlUCSIsPhoneticExtensions(i32 code ),i32	xml	U	C	S	Is	Phonetic	Extensions	i32	code	
2147,i32,xmlUCSIsPrivateUse(i32 code ),i32	xml	U	C	S	Is	Private	Use	i32	code	
2148,i32,xmlUCSIsPrivateUse(i32 code ),i32	xml	U	C	S	Is	Private	Use	i32	code	
2149,i32,xmlUCSIsPrivateUse(i32 code ),i32	xml	U	C	S	Is	Private	Use	i32	code	
2150,i32,xmlUCSIsPrivateUse(i32 code ),i32	xml	U	C	S	Is	Private	Use	i32	code	
2151,i32,xmlUCSIsPrivateUse(i32 code ),i32	xml	U	C	S	Is	Private	Use	i32	code	
2152,i32,xmlUCSIsPrivateUse(i32 code ),i32	xml	U	C	S	Is	Private	Use	i32	code	
2153,i32,xmlUCSIsPrivateUseArea(i32 code ),i32	xml	U	C	S	Is	Private	Use	Area	i32	code	
2154,i32,xmlUCSIsPrivateUseArea(i32 code ),i32	xml	U	C	S	Is	Private	Use	Area	i32	code	
2155,i32,xmlUCSIsRunic(i32 code ),i32	xml	U	C	S	Is	Runic	i32	code	
2156,i32,xmlUCSIsRunic(i32 code ),i32	xml	U	C	S	Is	Runic	i32	code	
2157,i32,xmlUCSIsShavian(i32 code ),i32	xml	U	C	S	Is	Shavian	i32	code	
2158,i32,xmlUCSIsShavian(i32 code ),i32	xml	U	C	S	Is	Shavian	i32	code	
2159,i32,xmlUCSIsSinhala(i32 code ),i32	xml	U	C	S	Is	Sinhala	i32	code	
2160,i32,xmlUCSIsSinhala(i32 code ),i32	xml	U	C	S	Is	Sinhala	i32	code	
2161,i32,xmlUCSIsSmallFormVariants(i32 code ),i32	xml	U	C	S	Is	Small	Form	Variants	i32	code	
2162,i32,xmlUCSIsSmallFormVariants(i32 code ),i32	xml	U	C	S	Is	Small	Form	Variants	i32	code	
2163,i32,xmlUCSIsSpacingModifierLetters(i32 code ),i32	xml	U	C	S	Is	Spacing	Modifier	Letters	i32	code	
2164,i32,xmlUCSIsSpacingModifierLetters(i32 code ),i32	xml	U	C	S	Is	Spacing	Modifier	Letters	i32	code	
2165,i32,xmlUCSIsSpecials(i32 code ),i32	xml	U	C	S	Is	Specials	i32	code	
2166,i32,xmlUCSIsSpecials(i32 code ),i32	xml	U	C	S	Is	Specials	i32	code	
2167,i32,xmlUCSIsSuperscriptsandSubscripts(i32 code ),i32	xml	U	C	S	Is	Superscriptsand	Subscripts	i32	code	
2168,i32,xmlUCSIsSuperscriptsandSubscripts(i32 code ),i32	xml	U	C	S	Is	Superscriptsand	Subscripts	i32	code	
2169,i32,xmlUCSIsSupplementalArrowsA(i32 code ),i32	xml	U	C	S	Is	Supplemental	Arrows	A	i32	code	
2170,i32,xmlUCSIsSupplementalArrowsA(i32 code ),i32	xml	U	C	S	Is	Supplemental	Arrows	A	i32	code	
2171,i32,xmlUCSIsSupplementalArrowsB(i32 code ),i32	xml	U	C	S	Is	Supplemental	Arrows	B	i32	code	
2172,i32,xmlUCSIsSupplementalArrowsB(i32 code ),i32	xml	U	C	S	Is	Supplemental	Arrows	B	i32	code	
2173,i32,xmlUCSIsSupplementalMathematicalOperators(i32 code ),i32	xml	U	C	S	Is	Supplemental	Mathematical	Operators	i32	code	
2174,i32,xmlUCSIsSupplementalMathematicalOperators(i32 code ),i32	xml	U	C	S	Is	Supplemental	Mathematical	Operators	i32	code	
2175,i32,xmlUCSIsSupplementaryPrivateUseAreaA(i32 code ),i32	xml	U	C	S	Is	Supplementary	Private	Use	Area	A	i32	code	
2176,i32,xmlUCSIsSupplementaryPrivateUseAreaA(i32 code ),i32	xml	U	C	S	Is	Supplementary	Private	Use	Area	A	i32	code	
2177,i32,xmlUCSIsSupplementaryPrivateUseAreaB(i32 code ),i32	xml	U	C	S	Is	Supplementary	Private	Use	Area	B	i32	code	
2178,i32,xmlUCSIsSupplementaryPrivateUseAreaB(i32 code ),i32	xml	U	C	S	Is	Supplementary	Private	Use	Area	B	i32	code	
2179,i32,xmlUCSIsSyriac(i32 code ),i32	xml	U	C	S	Is	Syriac	i32	code	
2180,i32,xmlUCSIsSyriac(i32 code ),i32	xml	U	C	S	Is	Syriac	i32	code	
2181,i32,xmlUCSIsTagalog(i32 code ),i32	xml	U	C	S	Is	Tagalog	i32	code	
2182,i32,xmlUCSIsTagalog(i32 code ),i32	xml	U	C	S	Is	Tagalog	i32	code	
2183,i32,xmlUCSIsTagbanwa(i32 code ),i32	xml	U	C	S	Is	Tagbanwa	i32	code	
2184,i32,xmlUCSIsTagbanwa(i32 code ),i32	xml	U	C	S	Is	Tagbanwa	i32	code	
2185,i32,xmlUCSIsTags(i32 code ),i32	xml	U	C	S	Is	Tags	i32	code	
2186,i32,xmlUCSIsTags(i32 code ),i32	xml	U	C	S	Is	Tags	i32	code	
2187,i32,xmlUCSIsTaiLe(i32 code ),i32	xml	U	C	S	Is	Tai	Le	i32	code	
2188,i32,xmlUCSIsTaiLe(i32 code ),i32	xml	U	C	S	Is	Tai	Le	i32	code	
2189,i32,xmlUCSIsTaiXuanJingSymbols(i32 code ),i32	xml	U	C	S	Is	Tai	Xuan	Jing	Symbols	i32	code	
2190,i32,xmlUCSIsTaiXuanJingSymbols(i32 code ),i32	xml	U	C	S	Is	Tai	Xuan	Jing	Symbols	i32	code	
2191,i32,xmlUCSIsTamil(i32 code ),i32	xml	U	C	S	Is	Tamil	i32	code	
2192,i32,xmlUCSIsTamil(i32 code ),i32	xml	U	C	S	Is	Tamil	i32	code	
2193,i32,xmlUCSIsTelugu(i32 code ),i32	xml	U	C	S	Is	Telugu	i32	code	
2194,i32,xmlUCSIsTelugu(i32 code ),i32	xml	U	C	S	Is	Telugu	i32	code	
2195,i32,xmlUCSIsThaana(i32 code ),i32	xml	U	C	S	Is	Thaana	i32	code	
2196,i32,xmlUCSIsThaana(i32 code ),i32	xml	U	C	S	Is	Thaana	i32	code	
2197,i32,xmlUCSIsThai(i32 code ),i32	xml	U	C	S	Is	Thai	i32	code	
2198,i32,xmlUCSIsThai(i32 code ),i32	xml	U	C	S	Is	Thai	i32	code	
2199,i32,xmlUCSIsTibetan(i32 code ),i32	xml	U	C	S	Is	Tibetan	i32	code	
2200,i32,xmlUCSIsTibetan(i32 code ),i32	xml	U	C	S	Is	Tibetan	i32	code	
2201,i32,xmlUCSIsUgaritic(i32 code ),i32	xml	U	C	S	Is	Ugaritic	i32	code	
2202,i32,xmlUCSIsUgaritic(i32 code ),i32	xml	U	C	S	Is	Ugaritic	i32	code	
2203,i32,xmlUCSIsUnifiedCanadianAboriginalSyllabics(i32 code ),i32	xml	U	C	S	Is	Unified	Canadian	Aboriginal	Syllabics	i32	code	
2204,i32,xmlUCSIsUnifiedCanadianAboriginalSyllabics(i32 code ),i32	xml	U	C	S	Is	Unified	Canadian	Aboriginal	Syllabics	i32	code	
2205,i32,xmlUCSIsVariationSelectors(i32 code ),i32	xml	U	C	S	Is	Variation	Selectors	i32	code	
2206,i32,xmlUCSIsVariationSelectors(i32 code ),i32	xml	U	C	S	Is	Variation	Selectors	i32	code	
2207,i32,xmlUCSIsVariationSelectorsSupplement(i32 code ),i32	xml	U	C	S	Is	Variation	Selectors	Supplement	i32	code	
2208,i32,xmlUCSIsVariationSelectorsSupplement(i32 code ),i32	xml	U	C	S	Is	Variation	Selectors	Supplement	i32	code	
2209,i32,xmlUCSIsYiRadicals(i32 code ),i32	xml	U	C	S	Is	Yi	Radicals	i32	code	
2210,i32,xmlUCSIsYiRadicals(i32 code ),i32	xml	U	C	S	Is	Yi	Radicals	i32	code	
2211,i32,xmlUCSIsYiSyllables(i32 code ),i32	xml	U	C	S	Is	Yi	Syllables	i32	code	
2212,i32,xmlUCSIsYiSyllables(i32 code ),i32	xml	U	C	S	Is	Yi	Syllables	i32	code	
2213,i32,xmlUCSIsYijingHexagramSymbols(i32 code ),i32	xml	U	C	S	Is	Yijing	Hexagram	Symbols	i32	code	
2214,i32,xmlUCSIsYijingHexagramSymbols(i32 code ),i32	xml	U	C	S	Is	Yijing	Hexagram	Symbols	i32	code	
2215,i32,xmlUCSIsCatCc(i32 code ),i32	xml	U	C	S	Is	Cat	Cc	i32	code	
2216,i32,xmlUCSIsCatCc(i32 code ),i32	xml	U	C	S	Is	Cat	Cc	i32	code	
2217,i32,xmlUCSIsCatCc(i32 code ),i32	xml	U	C	S	Is	Cat	Cc	i32	code	
2218,i32,xmlUCSIsCatCc(i32 code ),i32	xml	U	C	S	Is	Cat	Cc	i32	code	
2219,i32,xmlUCSIsCatCo(i32 code ),i32	xml	U	C	S	Is	Cat	Co	i32	code	
2220,i32,xmlUCSIsCatCo(i32 code ),i32	xml	U	C	S	Is	Cat	Co	i32	code	
2221,i32,xmlUCSIsCatCo(i32 code ),i32	xml	U	C	S	Is	Cat	Co	i32	code	
2222,i32,xmlUCSIsCatCo(i32 code ),i32	xml	U	C	S	Is	Cat	Co	i32	code	
2223,i32,xmlUCSIsCatCo(i32 code ),i32	xml	U	C	S	Is	Cat	Co	i32	code	
2224,i32,xmlUCSIsCatCo(i32 code ),i32	xml	U	C	S	Is	Cat	Co	i32	code	
2225,i32,xmlUCSIsCatCs(i32 code ),i32	xml	U	C	S	Is	Cat	Cs	i32	code	
2226,i32,xmlUCSIsCatCs(i32 code ),i32	xml	U	C	S	Is	Cat	Cs	i32	code	
2227,i32,xmlUCSIsCatCs(i32 code ),i32	xml	U	C	S	Is	Cat	Cs	i32	code	
2228,i32,xmlUCSIsCatCs(i32 code ),i32	xml	U	C	S	Is	Cat	Cs	i32	code	
2229,i32,xmlUCSIsCatCs(i32 code ),i32	xml	U	C	S	Is	Cat	Cs	i32	code	
2230,i32,xmlUCSIsCatCs(i32 code ),i32	xml	U	C	S	Is	Cat	Cs	i32	code	
2231,i32,xmlUCSIsCatMe(i32 code ),i32	xml	U	C	S	Is	Cat	Me	i32	code	
2232,i32,xmlUCSIsCatMe(i32 code ),i32	xml	U	C	S	Is	Cat	Me	i32	code	
2233,i32,xmlUCSIsCatMe(i32 code ),i32	xml	U	C	S	Is	Cat	Me	i32	code	
2234,i32,xmlUCSIsCatMe(i32 code ),i32	xml	U	C	S	Is	Cat	Me	i32	code	
2235,i32,xmlUCSIsCatMe(i32 code ),i32	xml	U	C	S	Is	Cat	Me	i32	code	
2236,i32,xmlUCSIsCatMe(i32 code ),i32	xml	U	C	S	Is	Cat	Me	i32	code	
2237,i32,xmlUCSIsCatMe(i32 code ),i32	xml	U	C	S	Is	Cat	Me	i32	code	
2238,i32,xmlUCSIsCatNl(i32 code ),i32	xml	U	C	S	Is	Cat	Nl	i32	code	
2239,i32,xmlUCSIsCatNl(i32 code ),i32	xml	U	C	S	Is	Cat	Nl	i32	code	
2240,i32,xmlUCSIsCatNl(i32 code ),i32	xml	U	C	S	Is	Cat	Nl	i32	code	
2241,i32,xmlUCSIsCatNl(i32 code ),i32	xml	U	C	S	Is	Cat	Nl	i32	code	
2242,i32,xmlUCSIsCatNl(i32 code ),i32	xml	U	C	S	Is	Cat	Nl	i32	code	
2243,i32,xmlUCSIsCatNl(i32 code ),i32	xml	U	C	S	Is	Cat	Nl	i32	code	
2244,i32,xmlUCSIsCatNl(i32 code ),i32	xml	U	C	S	Is	Cat	Nl	i32	code	
2245,i32,xmlUCSIsCatNl(i32 code ),i32	xml	U	C	S	Is	Cat	Nl	i32	code	
2246,i32,xmlUCSIsCatNl(i32 code ),i32	xml	U	C	S	Is	Cat	Nl	i32	code	
2247,i32,xmlUCSIsCatNl(i32 code ),i32	xml	U	C	S	Is	Cat	Nl	i32	code	
2248,i32,xmlUCSIsCatPc(i32 code ),i32	xml	U	C	S	Is	Cat	Pc	i32	code	
2249,i32,xmlUCSIsCatPc(i32 code ),i32	xml	U	C	S	Is	Cat	Pc	i32	code	
2250,i32,xmlUCSIsCatPc(i32 code ),i32	xml	U	C	S	Is	Cat	Pc	i32	code	
2251,i32,xmlUCSIsCatPc(i32 code ),i32	xml	U	C	S	Is	Cat	Pc	i32	code	
2252,i32,xmlUCSIsCatPc(i32 code ),i32	xml	U	C	S	Is	Cat	Pc	i32	code	
2253,i32,xmlUCSIsCatPc(i32 code ),i32	xml	U	C	S	Is	Cat	Pc	i32	code	
2254,i32,xmlUCSIsCatPc(i32 code ),i32	xml	U	C	S	Is	Cat	Pc	i32	code	
2255,i32,xmlUCSIsCatPc(i32 code ),i32	xml	U	C	S	Is	Cat	Pc	i32	code	
2256,i32,xmlUCSIsCatPc(i32 code ),i32	xml	U	C	S	Is	Cat	Pc	i32	code	
2257,i32,xmlUCSIsCatPc(i32 code ),i32	xml	U	C	S	Is	Cat	Pc	i32	code	
2258,i32,xmlUCSIsCatPc(i32 code ),i32	xml	U	C	S	Is	Cat	Pc	i32	code	
2259,i32,xmlUCSIsCatPf(i32 code ),i32	xml	U	C	S	Is	Cat	Pf	i32	code	
2260,i32,xmlUCSIsCatPf(i32 code ),i32	xml	U	C	S	Is	Cat	Pf	i32	code	
2261,i32,xmlUCSIsCatPf(i32 code ),i32	xml	U	C	S	Is	Cat	Pf	i32	code	
2262,i32,xmlUCSIsCatPf(i32 code ),i32	xml	U	C	S	Is	Cat	Pf	i32	code	
2263,i32,xmlUCSIsCatPi(i32 code ),i32	xml	U	C	S	Is	Cat	Pi	i32	code	
2264,i32,xmlUCSIsCatPi(i32 code ),i32	xml	U	C	S	Is	Cat	Pi	i32	code	
2265,i32,xmlUCSIsCatPi(i32 code ),i32	xml	U	C	S	Is	Cat	Pi	i32	code	
2266,i32,xmlUCSIsCatPi(i32 code ),i32	xml	U	C	S	Is	Cat	Pi	i32	code	
2267,i32,xmlUCSIsCatPi(i32 code ),i32	xml	U	C	S	Is	Cat	Pi	i32	code	
2268,i32,xmlUCSIsCatPi(i32 code ),i32	xml	U	C	S	Is	Cat	Pi	i32	code	
2269,i32,xmlUCSIsCatZl(i32 code ),i32	xml	U	C	S	Is	Cat	Zl	i32	code	
2270,i32,xmlUCSIsCatZp(i32 code ),i32	xml	U	C	S	Is	Cat	Zp	i32	code	
2271,i32,xmlUCSIsCatZs(i32 code ),i32	xml	U	C	S	Is	Cat	Zs	i32	code	
2272,i32,xmlUCSIsCatZs(i32 code ),i32	xml	U	C	S	Is	Cat	Zs	i32	code	
2273,i32,xmlUCSIsCatZs(i32 code ),i32	xml	U	C	S	Is	Cat	Zs	i32	code	
2274,i32,xmlUCSIsCatZs(i32 code ),i32	xml	U	C	S	Is	Cat	Zs	i32	code	
2275,i32,xmlUCSIsCatZs(i32 code ),i32	xml	U	C	S	Is	Cat	Zs	i32	code	
2276,i32,xmlUCSIsCatZs(i32 code ),i32	xml	U	C	S	Is	Cat	Zs	i32	code	
2277,i32,xmlUCSIsCatZs(i32 code ),i32	xml	U	C	S	Is	Cat	Zs	i32	code	
2278,i32,xmlUCSIsCatZs(i32 code ),i32	xml	U	C	S	Is	Cat	Zs	i32	code	
2279,i32,xmlUCSIsCatZs(i32 code ),i32	xml	U	C	S	Is	Cat	Zs	i32	code	
2280,i32,"(i32)* xmlUnicodeLookup(xmlUnicodeNameTable* tptr ,i8* tname )",i32	i32	xml	Unicode	Lookup	xml	Unicode	Name	Table*	tptr	i8*	tname	
2281,i32,"(i32)* xmlUnicodeLookup(xmlUnicodeNameTable* tptr ,i8* tname )",i32	i32	xml	Unicode	Lookup	xml	Unicode	Name	Table*	tptr	i8*	tname	
2282,i32,xmlUCSIsAegeanNumbers(i32 code ),i32	xml	U	C	S	Is	Aegean	Numbers	i32	code	
2283,i32,xmlUCSIsAegeanNumbers(i32 code ),i32	xml	U	C	S	Is	Aegean	Numbers	i32	code	
2284,i32,xmlUCSIsAlphabeticPresentationForms(i32 code ),i32	xml	U	C	S	Is	Alphabetic	Presentation	Forms	i32	code	
2285,i32,xmlUCSIsAlphabeticPresentationForms(i32 code ),i32	xml	U	C	S	Is	Alphabetic	Presentation	Forms	i32	code	
2286,i32,"xmlTextWriterStartElementNS(_xmlTextWriter* writer ,i8* prefix ,i8* name ,i8* namespaceURI )",i32	xml	Text	Writer	Start	Element	N	S	xml	Text	Writer*	writer	i8*	prefix	i8*	name	i8*	namespace	U	R	I	
2287,i32,"xmlTextWriterStartElementNS(_xmlTextWriter* writer ,i8* prefix ,i8* name ,i8* namespaceURI )",i32	xml	Text	Writer	Start	Element	N	S	xml	Text	Writer*	writer	i8*	prefix	i8*	name	i8*	namespace	U	R	I	
2288,i32,"xmlTextWriterStartElementNS(_xmlTextWriter* writer ,i8* prefix ,i8* name ,i8* namespaceURI )",i32	xml	Text	Writer	Start	Element	N	S	xml	Text	Writer*	writer	i8*	prefix	i8*	name	i8*	namespace	U	R	I	
2289,i32,"xmlTextWriterStartElementNS(_xmlTextWriter* writer ,i8* prefix ,i8* name ,i8* namespaceURI )",i32	xml	Text	Writer	Start	Element	N	S	xml	Text	Writer*	writer	i8*	prefix	i8*	name	i8*	namespace	U	R	I	
2290,i32,"xmlTextWriterStartElementNS(_xmlTextWriter* writer ,i8* prefix ,i8* name ,i8* namespaceURI )",i32	xml	Text	Writer	Start	Element	N	S	xml	Text	Writer*	writer	i8*	prefix	i8*	name	i8*	namespace	U	R	I	
2291,i32,xmlTextWriterEndElement(_xmlTextWriter* writer ),i32	xml	Text	Writer	End	Element	xml	Text	Writer*	writer	
2292,i32,xmlTextWriterFullEndElement(_xmlTextWriter* writer ),i32	xml	Text	Writer	Full	End	Element	xml	Text	Writer*	writer	
2293,i32,"xmlTextWriterWriteVFormatRaw(_xmlTextWriter* writer ,i8* format ,__va_list_tag* argptr )",i32	xml	Text	Writer	Write	V	Format	Raw	xml	Text	Writer*	writer	i8*	format	va	list	tag	argptr	
2294,i32,"xmlTextWriterWriteRawLen(_xmlTextWriter* writer ,i8* content ,i32 len )",i32	xml	Text	Writer	Write	Raw	Len	xml	Text	Writer*	writer	i8*	content	i32	len	
2295,void,"xmlWriterErrMsg(_xmlTextWriter* ctxt ,i32 error ,i8* msg )",void	xml	Writer	Err	Msg	xml	Text	Writer*	ctxt	i32	error	i8*	msg	
2296,i32,"xmlTextWriterWriteRawLen(_xmlTextWriter* writer ,i8* content ,i32 len )",i32	xml	Text	Writer	Write	Raw	Len	xml	Text	Writer*	writer	i8*	content	i32	len	
2297,i32,"xmlTextWriterWriteRawLen(_xmlTextWriter* writer ,i8* content ,i32 len )",i32	xml	Text	Writer	Write	Raw	Len	xml	Text	Writer*	writer	i8*	content	i32	len	
2298,i32,"xmlTextWriterWriteRawLen(_xmlTextWriter* writer ,i8* content ,i32 len )",i32	xml	Text	Writer	Write	Raw	Len	xml	Text	Writer*	writer	i8*	content	i32	len	
2299,i32,"xmlTextWriterWriteFormatString(_xmlTextWriter* writer ,i8* format )",i32	xml	Text	Writer	Write	Format	String	xml	Text	Writer*	writer	i8*	format	
2300,i32,"xmlTextWriterWriteFormatString(_xmlTextWriter* writer ,i8* format )",i32	xml	Text	Writer	Write	Format	String	xml	Text	Writer*	writer	i8*	format	
2301,i32,"xmlTextWriterWriteVFormatString(_xmlTextWriter* writer ,i8* format ,__va_list_tag* argptr )",i32	xml	Text	Writer	Write	V	Format	String	xml	Text	Writer*	writer	i8*	format	va	list	tag	argptr	
2302,i32,"xmlTextWriterWriteVFormatString(_xmlTextWriter* writer ,i8* format ,__va_list_tag* argptr )",i32	xml	Text	Writer	Write	V	Format	String	xml	Text	Writer*	writer	i8*	format	va	list	tag	argptr	
2303,i32,"xmlTextWriterWriteString(_xmlTextWriter* writer ,i8* content )",i32	xml	Text	Writer	Write	String	xml	Text	Writer*	writer	i8*	content	
2304,i32,"xmlTextWriterWriteString(_xmlTextWriter* writer ,i8* content )",i32	xml	Text	Writer	Write	String	xml	Text	Writer*	writer	i8*	content	
2305,i32,"xmlTextWriterWriteString(_xmlTextWriter* writer ,i8* content )",i32	xml	Text	Writer	Write	String	xml	Text	Writer*	writer	i8*	content	
2306,i32,"xmlTextWriterWriteString(_xmlTextWriter* writer ,i8* content )",i32	xml	Text	Writer	Write	String	xml	Text	Writer*	writer	i8*	content	
2307,i32,"xmlOutputBufferWriteBase64(_xmlOutputBuffer* out ,i32 len ,i8* data )",i32	xml	Output	Buffer	Write	Base64	xml	Output	Buffer*	out	i32	len	i8*	data	
2308,i32,"xmlOutputBufferWriteBase64(_xmlOutputBuffer* out ,i32 len ,i8* data )",i32	xml	Output	Buffer	Write	Base64	xml	Output	Buffer*	out	i32	len	i8*	data	
2309,i32,"xmlOutputBufferWriteBase64(_xmlOutputBuffer* out ,i32 len ,i8* data )",i32	xml	Output	Buffer	Write	Base64	xml	Output	Buffer*	out	i32	len	i8*	data	
2310,i32,"xmlOutputBufferWriteBase64(_xmlOutputBuffer* out ,i32 len ,i8* data )",i32	xml	Output	Buffer	Write	Base64	xml	Output	Buffer*	out	i32	len	i8*	data	
2311,void,"xmlWriterErrMsgInt(_xmlTextWriter* ctxt ,i32 error ,i8* msg ,i32 val )",void	xml	Writer	Err	Msg	Int	xml	Text	Writer*	ctxt	i32	error	i8*	msg	i32	val	
2312,i32,"xmlOutputBufferWriteBase64(_xmlOutputBuffer* out ,i32 len ,i8* data )",i32	xml	Output	Buffer	Write	Base64	xml	Output	Buffer*	out	i32	len	i8*	data	
2313,i32,"xmlTextWriterWriteBase64(_xmlTextWriter* writer ,i8* data ,i32 start ,i32 len )",i32	xml	Text	Writer	Write	Base64	xml	Text	Writer*	writer	i8*	data	i32	start	i32	len	
2314,i32,"xmlTextWriterWriteBase64(_xmlTextWriter* writer ,i8* data ,i32 start ,i32 len )",i32	xml	Text	Writer	Write	Base64	xml	Text	Writer*	writer	i8*	data	i32	start	i32	len	
2315,i32,"xmlTextWriterWriteBase64(_xmlTextWriter* writer ,i8* data ,i32 start ,i32 len )",i32	xml	Text	Writer	Write	Base64	xml	Text	Writer*	writer	i8*	data	i32	start	i32	len	
2316,i32,"xmlTextWriterWriteBase64(_xmlTextWriter* writer ,i8* data ,i32 start ,i32 len )",i32	xml	Text	Writer	Write	Base64	xml	Text	Writer*	writer	i8*	data	i32	start	i32	len	
2317,i32,"xmlOutputBufferWriteBinHex(_xmlOutputBuffer* out ,i32 len ,i8* data )",i32	xml	Output	Buffer	Write	Bin	Hex	xml	Output	Buffer*	out	i32	len	i8*	data	
2318,i32,"xmlOutputBufferWriteBinHex(_xmlOutputBuffer* out ,i32 len ,i8* data )",i32	xml	Output	Buffer	Write	Bin	Hex	xml	Output	Buffer*	out	i32	len	i8*	data	
2319,i32,"xmlOutputBufferWriteBinHex(_xmlOutputBuffer* out ,i32 len ,i8* data )",i32	xml	Output	Buffer	Write	Bin	Hex	xml	Output	Buffer*	out	i32	len	i8*	data	
2320,i32,"xmlOutputBufferWriteBinHex(_xmlOutputBuffer* out ,i32 len ,i8* data )",i32	xml	Output	Buffer	Write	Bin	Hex	xml	Output	Buffer*	out	i32	len	i8*	data	
2321,i32,"xmlTextWriterWriteBinHex(_xmlTextWriter* writer ,i8* data ,i32 start ,i32 len )",i32	xml	Text	Writer	Write	Bin	Hex	xml	Text	Writer*	writer	i8*	data	i32	start	i32	len	
2322,i32,"xmlTextWriterWriteBinHex(_xmlTextWriter* writer ,i8* data ,i32 start ,i32 len )",i32	xml	Text	Writer	Write	Bin	Hex	xml	Text	Writer*	writer	i8*	data	i32	start	i32	len	
2323,i32,"xmlTextWriterWriteBinHex(_xmlTextWriter* writer ,i8* data ,i32 start ,i32 len )",i32	xml	Text	Writer	Write	Bin	Hex	xml	Text	Writer*	writer	i8*	data	i32	start	i32	len	
2324,i32,"xmlTextWriterWriteBinHex(_xmlTextWriter* writer ,i8* data ,i32 start ,i32 len )",i32	xml	Text	Writer	Write	Bin	Hex	xml	Text	Writer*	writer	i8*	data	i32	start	i32	len	
2325,i32,"xmlTextWriterStartAttribute(_xmlTextWriter* writer ,i8* name )",i32	xml	Text	Writer	Start	Attribute	xml	Text	Writer*	writer	i8*	name	
2326,i32,"xmlTextWriterStartAttribute(_xmlTextWriter* writer ,i8* name )",i32	xml	Text	Writer	Start	Attribute	xml	Text	Writer*	writer	i8*	name	
2327,i32,"xmlTextWriterStartAttributeNS(_xmlTextWriter* writer ,i8* prefix ,i8* name ,i8* namespaceURI )",i32	xml	Text	Writer	Start	Attribute	N	S	xml	Text	Writer*	writer	i8*	prefix	i8*	name	i8*	namespace	U	R	I	
2328,i32,"xmlTextWriterStartAttributeNS(_xmlTextWriter* writer ,i8* prefix ,i8* name ,i8* namespaceURI )",i32	xml	Text	Writer	Start	Attribute	N	S	xml	Text	Writer*	writer	i8*	prefix	i8*	name	i8*	namespace	U	R	I	
2329,i32,"xmlTextWriterStartAttributeNS(_xmlTextWriter* writer ,i8* prefix ,i8* name ,i8* namespaceURI )",i32	xml	Text	Writer	Start	Attribute	N	S	xml	Text	Writer*	writer	i8*	prefix	i8*	name	i8*	namespace	U	R	I	
2330,i32,"xmlTextWriterStartAttributeNS(_xmlTextWriter* writer ,i8* prefix ,i8* name ,i8* namespaceURI )",i32	xml	Text	Writer	Start	Attribute	N	S	xml	Text	Writer*	writer	i8*	prefix	i8*	name	i8*	namespace	U	R	I	
2331,i32,"xmlTextWriterStartAttributeNS(_xmlTextWriter* writer ,i8* prefix ,i8* name ,i8* namespaceURI )",i32	xml	Text	Writer	Start	Attribute	N	S	xml	Text	Writer*	writer	i8*	prefix	i8*	name	i8*	namespace	U	R	I	
2332,i32,xmlTextWriterEndAttribute(_xmlTextWriter* writer ),i32	xml	Text	Writer	End	Attribute	xml	Text	Writer*	writer	
2333,i32,"xmlTextWriterWriteVFormatAttribute(_xmlTextWriter* writer ,i8* name ,i8* format ,__va_list_tag* argptr )",i32	xml	Text	Writer	Write	V	Format	Attribute	xml	Text	Writer*	writer	i8*	name	i8*	format	va	list	tag	argptr	
2334,i32,"xmlTextWriterWriteVFormatAttributeNS(_xmlTextWriter* writer ,i8* prefix ,i8* name ,i8* namespaceURI ,i8* format ,__va_list_tag* argptr )",i32	xml	Text	Writer	Write	V	Format	Attribute	N	S	xml	Text	Writer*	writer	i8*	prefix	i8*	name	i8*	namespace	U	R	I	i8*	format	va	list	tag	argptr	
2335,i32,"xmlTextWriterWriteAttributeNS(_xmlTextWriter* writer ,i8* prefix ,i8* name ,i8* namespaceURI ,i8* content )",i32	xml	Text	Writer	Write	Attribute	N	S	xml	Text	Writer*	writer	i8*	prefix	i8*	name	i8*	namespace	U	R	I	i8*	content	
2336,i32,"xmlTextWriterWriteAttributeNS(_xmlTextWriter* writer ,i8* prefix ,i8* name ,i8* namespaceURI ,i8* content )",i32	xml	Text	Writer	Write	Attribute	N	S	xml	Text	Writer*	writer	i8*	prefix	i8*	name	i8*	namespace	U	R	I	i8*	content	
2337,i32,"xmlTextWriterWriteVFormatElement(_xmlTextWriter* writer ,i8* name ,i8* format ,__va_list_tag* argptr )",i32	xml	Text	Writer	Write	V	Format	Element	xml	Text	Writer*	writer	i8*	name	i8*	format	va	list	tag	argptr	
2338,i32,"xmlTextWriterWriteElement(_xmlTextWriter* writer ,i8* name ,i8* content )",i32	xml	Text	Writer	Write	Element	xml	Text	Writer*	writer	i8*	name	i8*	content	
2339,i32,"xmlTextWriterWriteVFormatElementNS(_xmlTextWriter* writer ,i8* prefix ,i8* name ,i8* namespaceURI ,i8* format ,__va_list_tag* argptr )",i32	xml	Text	Writer	Write	V	Format	Element	N	S	xml	Text	Writer*	writer	i8*	prefix	i8*	name	i8*	namespace	U	R	I	i8*	format	va	list	tag	argptr	
2340,i32,"xmlTextWriterWriteElementNS(_xmlTextWriter* writer ,i8* prefix ,i8* name ,i8* namespaceURI ,i8* content )",i32	xml	Text	Writer	Write	Element	N	S	xml	Text	Writer*	writer	i8*	prefix	i8*	name	i8*	namespace	U	R	I	i8*	content	
2341,i32,"xmlTextWriterWriteElementNS(_xmlTextWriter* writer ,i8* prefix ,i8* name ,i8* namespaceURI ,i8* content )",i32	xml	Text	Writer	Write	Element	N	S	xml	Text	Writer*	writer	i8*	prefix	i8*	name	i8*	namespace	U	R	I	i8*	content	
2342,i32,"xmlTextWriterStartPI(_xmlTextWriter* writer ,i8* target )",i32	xml	Text	Writer	Start	P	I	xml	Text	Writer*	writer	i8*	target	
2343,i32,"xmlTextWriterStartPI(_xmlTextWriter* writer ,i8* target )",i32	xml	Text	Writer	Start	P	I	xml	Text	Writer*	writer	i8*	target	
2344,i32,xmlTextWriterEndPI(_xmlTextWriter* writer ),i32	xml	Text	Writer	End	P	I	xml	Text	Writer*	writer	
2345,i32,"xmlTextWriterWriteVFormatPI(_xmlTextWriter* writer ,i8* target ,i8* format ,__va_list_tag* argptr )",i32	xml	Text	Writer	Write	V	Format	P	I	xml	Text	Writer*	writer	i8*	target	i8*	format	va	list	tag	argptr	
2346,i32,"xmlTextWriterWritePI(_xmlTextWriter* writer ,i8* target ,i8* content )",i32	xml	Text	Writer	Write	P	I	xml	Text	Writer*	writer	i8*	target	i8*	content	
2347,i32,xmlTextWriterStartCDATA(_xmlTextWriter* writer ),i32	xml	Text	Writer	Start	C	D	A	T	A	xml	Text	Writer*	writer	
2348,i32,xmlTextWriterEndCDATA(_xmlTextWriter* writer ),i32	xml	Text	Writer	End	C	D	A	T	A	xml	Text	Writer*	writer	
2349,i32,"xmlTextWriterWriteVFormatCDATA(_xmlTextWriter* writer ,i8* format ,__va_list_tag* argptr )",i32	xml	Text	Writer	Write	V	Format	C	D	A	T	A	xml	Text	Writer*	writer	i8*	format	va	list	tag	argptr	
2350,i32,"xmlTextWriterWriteCDATA(_xmlTextWriter* writer ,i8* content )",i32	xml	Text	Writer	Write	C	D	A	T	A	xml	Text	Writer*	writer	i8*	content	
2351,i32,"xmlTextWriterStartDTD(_xmlTextWriter* writer ,i8* name ,i8* pubid ,i8* sysid )",i32	xml	Text	Writer	Start	D	T	D	xml	Text	Writer*	writer	i8*	name	i8*	pubid	i8*	sysid	
2352,i32,"xmlTextWriterStartDTD(_xmlTextWriter* writer ,i8* name ,i8* pubid ,i8* sysid )",i32	xml	Text	Writer	Start	D	T	D	xml	Text	Writer*	writer	i8*	name	i8*	pubid	i8*	sysid	
2353,i32,"xmlTextWriterStartDTD(_xmlTextWriter* writer ,i8* name ,i8* pubid ,i8* sysid )",i32	xml	Text	Writer	Start	D	T	D	xml	Text	Writer*	writer	i8*	name	i8*	pubid	i8*	sysid	
2354,i32,"xmlTextWriterStartDTD(_xmlTextWriter* writer ,i8* name ,i8* pubid ,i8* sysid )",i32	xml	Text	Writer	Start	D	T	D	xml	Text	Writer*	writer	i8*	name	i8*	pubid	i8*	sysid	
2355,i32,"xmlTextWriterStartDTD(_xmlTextWriter* writer ,i8* name ,i8* pubid ,i8* sysid )",i32	xml	Text	Writer	Start	D	T	D	xml	Text	Writer*	writer	i8*	name	i8*	pubid	i8*	sysid	
2356,i32,"xmlTextWriterStartDTD(_xmlTextWriter* writer ,i8* name ,i8* pubid ,i8* sysid )",i32	xml	Text	Writer	Start	D	T	D	xml	Text	Writer*	writer	i8*	name	i8*	pubid	i8*	sysid	
2357,i32,xmlTextWriterEndDTD(_xmlTextWriter* writer ),i32	xml	Text	Writer	End	D	T	D	xml	Text	Writer*	writer	
2358,i32,"xmlTextWriterWriteVFormatDTD(_xmlTextWriter* writer ,i8* name ,i8* pubid ,i8* sysid ,i8* format ,__va_list_tag* argptr )",i32	xml	Text	Writer	Write	V	Format	D	T	D	xml	Text	Writer*	writer	i8*	name	i8*	pubid	i8*	sysid	i8*	format	va	list	tag	argptr	
2359,i32,"xmlTextWriterWriteDTD(_xmlTextWriter* writer ,i8* name ,i8* pubid ,i8* sysid ,i8* subset )",i32	xml	Text	Writer	Write	D	T	D	xml	Text	Writer*	writer	i8*	name	i8*	pubid	i8*	sysid	i8*	subset	
2360,i32,"xmlTextWriterStartDTDElement(_xmlTextWriter* writer ,i8* name )",i32	xml	Text	Writer	Start	D	T	D	Element	xml	Text	Writer*	writer	i8*	name	
2361,i32,"xmlTextWriterStartDTDElement(_xmlTextWriter* writer ,i8* name )",i32	xml	Text	Writer	Start	D	T	D	Element	xml	Text	Writer*	writer	i8*	name	
2362,i32,xmlTextWriterEndDTDElement(_xmlTextWriter* writer ),i32	xml	Text	Writer	End	D	T	D	Element	xml	Text	Writer*	writer	
2363,_xmlTextWriter*,"xmlNewTextWriterPushParser(_xmlParserCtxt* ctxt ,i32 compression )",xml	Text	Writer*	xml	New	Text	Writer	Push	Parser	xml	Parser	Ctxt*	ctxt	i32	compression	
2364,i32,"xmlTextWriterWriteVFormatDTDElement(_xmlTextWriter* writer ,i8* name ,i8* format ,__va_list_tag* argptr )",i32	xml	Text	Writer	Write	V	Format	D	T	D	Element	xml	Text	Writer*	writer	i8*	name	i8*	format	va	list	tag	argptr	
2365,i32,"xmlTextWriterWriteDTDElement(_xmlTextWriter* writer ,i8* name ,i8* content )",i32	xml	Text	Writer	Write	D	T	D	Element	xml	Text	Writer*	writer	i8*	name	i8*	content	
2366,i32,"xmlTextWriterStartDTDAttlist(_xmlTextWriter* writer ,i8* name )",i32	xml	Text	Writer	Start	D	T	D	Attlist	xml	Text	Writer*	writer	i8*	name	
2367,i32,"xmlTextWriterStartDTDAttlist(_xmlTextWriter* writer ,i8* name )",i32	xml	Text	Writer	Start	D	T	D	Attlist	xml	Text	Writer*	writer	i8*	name	
2368,i32,xmlTextWriterEndDTDAttlist(_xmlTextWriter* writer ),i32	xml	Text	Writer	End	D	T	D	Attlist	xml	Text	Writer*	writer	
2369,i32,"xmlTextWriterWriteVFormatDTDAttlist(_xmlTextWriter* writer ,i8* name ,i8* format ,__va_list_tag* argptr )",i32	xml	Text	Writer	Write	V	Format	D	T	D	Attlist	xml	Text	Writer*	writer	i8*	name	i8*	format	va	list	tag	argptr	
2370,i32,"xmlTextWriterWriteDTDAttlist(_xmlTextWriter* writer ,i8* name ,i8* content )",i32	xml	Text	Writer	Write	D	T	D	Attlist	xml	Text	Writer*	writer	i8*	name	i8*	content	
2371,i32,"xmlTextWriterStartDTDEntity(_xmlTextWriter* writer ,i32 pe ,i8* name )",i32	xml	Text	Writer	Start	D	T	D	Entity	xml	Text	Writer*	writer	i32	pe	i8*	name	
2372,i32,"xmlTextWriterStartDTDEntity(_xmlTextWriter* writer ,i32 pe ,i8* name )",i32	xml	Text	Writer	Start	D	T	D	Entity	xml	Text	Writer*	writer	i32	pe	i8*	name	
2373,i32,"xmlTextWriterStartDTDEntity(_xmlTextWriter* writer ,i32 pe ,i8* name )",i32	xml	Text	Writer	Start	D	T	D	Entity	xml	Text	Writer*	writer	i32	pe	i8*	name	
2374,i32,"xmlTextWriterStartDTDEntity(_xmlTextWriter* writer ,i32 pe ,i8* name )",i32	xml	Text	Writer	Start	D	T	D	Entity	xml	Text	Writer*	writer	i32	pe	i8*	name	
2375,i32,xmlTextWriterEndDTDEntity(_xmlTextWriter* writer ),i32	xml	Text	Writer	End	D	T	D	Entity	xml	Text	Writer*	writer	
2376,i32,"xmlTextWriterWriteVFormatDTDInternalEntity(_xmlTextWriter* writer ,i32 pe ,i8* name ,i8* format ,__va_list_tag* argptr )",i32	xml	Text	Writer	Write	V	Format	D	T	D	Internal	Entity	xml	Text	Writer*	writer	i32	pe	i8*	name	i8*	format	va	list	tag	argptr	
2377,i32,"xmlTextWriterWriteDTDEntity(_xmlTextWriter* writer ,i32 pe ,i8* name ,i8* pubid ,i8* sysid ,i8* ndataid ,i8* content )",i32	xml	Text	Writer	Write	D	T	D	Entity	xml	Text	Writer*	writer	i32	pe	i8*	name	i8*	pubid	i8*	sysid	i8*	ndataid	i8*	content	
2378,i32,"xmlTextWriterWriteDTDEntity(_xmlTextWriter* writer ,i32 pe ,i8* name ,i8* pubid ,i8* sysid ,i8* ndataid ,i8* content )",i32	xml	Text	Writer	Write	D	T	D	Entity	xml	Text	Writer*	writer	i32	pe	i8*	name	i8*	pubid	i8*	sysid	i8*	ndataid	i8*	content	
2379,i32,"xmlTextWriterWriteDTDEntity(_xmlTextWriter* writer ,i32 pe ,i8* name ,i8* pubid ,i8* sysid ,i8* ndataid ,i8* content )",i32	xml	Text	Writer	Write	D	T	D	Entity	xml	Text	Writer*	writer	i32	pe	i8*	name	i8*	pubid	i8*	sysid	i8*	ndataid	i8*	content	
2380,i32,"xmlTextWriterWriteDTDEntity(_xmlTextWriter* writer ,i32 pe ,i8* name ,i8* pubid ,i8* sysid ,i8* ndataid ,i8* content )",i32	xml	Text	Writer	Write	D	T	D	Entity	xml	Text	Writer*	writer	i32	pe	i8*	name	i8*	pubid	i8*	sysid	i8*	ndataid	i8*	content	
2381,i32,"xmlTextWriterWriteDTDEntity(_xmlTextWriter* writer ,i32 pe ,i8* name ,i8* pubid ,i8* sysid ,i8* ndataid ,i8* content )",i32	xml	Text	Writer	Write	D	T	D	Entity	xml	Text	Writer*	writer	i32	pe	i8*	name	i8*	pubid	i8*	sysid	i8*	ndataid	i8*	content	
2382,i32,"xmlTextWriterWriteDTDEntity(_xmlTextWriter* writer ,i32 pe ,i8* name ,i8* pubid ,i8* sysid ,i8* ndataid ,i8* content )",i32	xml	Text	Writer	Write	D	T	D	Entity	xml	Text	Writer*	writer	i32	pe	i8*	name	i8*	pubid	i8*	sysid	i8*	ndataid	i8*	content	
2383,i32,"xmlTextWriterWriteDTDEntity(_xmlTextWriter* writer ,i32 pe ,i8* name ,i8* pubid ,i8* sysid ,i8* ndataid ,i8* content )",i32	xml	Text	Writer	Write	D	T	D	Entity	xml	Text	Writer*	writer	i32	pe	i8*	name	i8*	pubid	i8*	sysid	i8*	ndataid	i8*	content	
2384,i32,"xmlTextWriterWriteDTDInternalEntity(_xmlTextWriter* writer ,i32 pe ,i8* name ,i8* content )",i32	xml	Text	Writer	Write	D	T	D	Internal	Entity	xml	Text	Writer*	writer	i32	pe	i8*	name	i8*	content	
2385,i32,"xmlTextWriterWriteDTDInternalEntity(_xmlTextWriter* writer ,i32 pe ,i8* name ,i8* content )",i32	xml	Text	Writer	Write	D	T	D	Internal	Entity	xml	Text	Writer*	writer	i32	pe	i8*	name	i8*	content	
2386,i32,"xmlTextWriterWriteDTDExternalEntity(_xmlTextWriter* writer ,i32 pe ,i8* name ,i8* pubid ,i8* sysid ,i8* ndataid )",i32	xml	Text	Writer	Write	D	T	D	External	Entity	xml	Text	Writer*	writer	i32	pe	i8*	name	i8*	pubid	i8*	sysid	i8*	ndataid	
2387,i32,"xmlTextWriterWriteDTDExternalEntity(_xmlTextWriter* writer ,i32 pe ,i8* name ,i8* pubid ,i8* sysid ,i8* ndataid )",i32	xml	Text	Writer	Write	D	T	D	External	Entity	xml	Text	Writer*	writer	i32	pe	i8*	name	i8*	pubid	i8*	sysid	i8*	ndataid	
2388,i32,"xmlTextWriterWriteDTDExternalEntity(_xmlTextWriter* writer ,i32 pe ,i8* name ,i8* pubid ,i8* sysid ,i8* ndataid )",i32	xml	Text	Writer	Write	D	T	D	External	Entity	xml	Text	Writer*	writer	i32	pe	i8*	name	i8*	pubid	i8*	sysid	i8*	ndataid	
2389,i32,"xmlTextWriterWriteDTDExternalEntity(_xmlTextWriter* writer ,i32 pe ,i8* name ,i8* pubid ,i8* sysid ,i8* ndataid )",i32	xml	Text	Writer	Write	D	T	D	External	Entity	xml	Text	Writer*	writer	i32	pe	i8*	name	i8*	pubid	i8*	sysid	i8*	ndataid	
2390,i32,"xmlTextWriterWriteDTDExternalEntityContents(_xmlTextWriter* writer ,i8* pubid ,i8* sysid ,i8* ndataid )",i32	xml	Text	Writer	Write	D	T	D	External	Entity	Contents	xml	Text	Writer*	writer	i8*	pubid	i8*	sysid	i8*	ndataid	
2391,i32,"xmlTextWriterWriteDTDExternalEntityContents(_xmlTextWriter* writer ,i8* pubid ,i8* sysid ,i8* ndataid )",i32	xml	Text	Writer	Write	D	T	D	External	Entity	Contents	xml	Text	Writer*	writer	i8*	pubid	i8*	sysid	i8*	ndataid	
2392,i32,"xmlTextWriterWriteDTDExternalEntityContents(_xmlTextWriter* writer ,i8* pubid ,i8* sysid ,i8* ndataid )",i32	xml	Text	Writer	Write	D	T	D	External	Entity	Contents	xml	Text	Writer*	writer	i8*	pubid	i8*	sysid	i8*	ndataid	
2393,i32,"xmlTextWriterWriteDTDExternalEntityContents(_xmlTextWriter* writer ,i8* pubid ,i8* sysid ,i8* ndataid )",i32	xml	Text	Writer	Write	D	T	D	External	Entity	Contents	xml	Text	Writer*	writer	i8*	pubid	i8*	sysid	i8*	ndataid	
2394,i32,"xmlTextWriterWriteDTDExternalEntityContents(_xmlTextWriter* writer ,i8* pubid ,i8* sysid ,i8* ndataid )",i32	xml	Text	Writer	Write	D	T	D	External	Entity	Contents	xml	Text	Writer*	writer	i8*	pubid	i8*	sysid	i8*	ndataid	
2395,i32,"xmlTextWriterWriteDTDExternalEntityContents(_xmlTextWriter* writer ,i8* pubid ,i8* sysid ,i8* ndataid )",i32	xml	Text	Writer	Write	D	T	D	External	Entity	Contents	xml	Text	Writer*	writer	i8*	pubid	i8*	sysid	i8*	ndataid	
2396,i32,"xmlTextWriterWriteDTDExternalEntityContents(_xmlTextWriter* writer ,i8* pubid ,i8* sysid ,i8* ndataid )",i32	xml	Text	Writer	Write	D	T	D	External	Entity	Contents	xml	Text	Writer*	writer	i8*	pubid	i8*	sysid	i8*	ndataid	
2397,_xmlTextWriter*,"xmlNewTextWriterDoc(_xmlDoc** doc ,i32 compression )",xml	Text	Writer*	xml	New	Text	Writer	Doc	xml	Doc**	doc	i32	compression	
2398,i32,"xmlTextWriterWriteDTDNotation(_xmlTextWriter* writer ,i8* name ,i8* pubid ,i8* sysid )",i32	xml	Text	Writer	Write	D	T	D	Notation	xml	Text	Writer*	writer	i8*	name	i8*	pubid	i8*	sysid	
2399,i32,"xmlTextWriterWriteDTDNotation(_xmlTextWriter* writer ,i8* name ,i8* pubid ,i8* sysid )",i32	xml	Text	Writer	Write	D	T	D	Notation	xml	Text	Writer*	writer	i8*	name	i8*	pubid	i8*	sysid	
2400,i32,"xmlTextWriterWriteDTDNotation(_xmlTextWriter* writer ,i8* name ,i8* pubid ,i8* sysid )",i32	xml	Text	Writer	Write	D	T	D	Notation	xml	Text	Writer*	writer	i8*	name	i8*	pubid	i8*	sysid	
2401,i32,"xmlTextWriterWriteDTDNotation(_xmlTextWriter* writer ,i8* name ,i8* pubid ,i8* sysid )",i32	xml	Text	Writer	Write	D	T	D	Notation	xml	Text	Writer*	writer	i8*	name	i8*	pubid	i8*	sysid	
2402,i32,"xmlTextWriterWriteDTDNotation(_xmlTextWriter* writer ,i8* name ,i8* pubid ,i8* sysid )",i32	xml	Text	Writer	Write	D	T	D	Notation	xml	Text	Writer*	writer	i8*	name	i8*	pubid	i8*	sysid	
2403,i32,xmlTextWriterFlush(_xmlTextWriter* writer ),i32	xml	Text	Writer	Flush	xml	Text	Writer*	writer	
2404,i32,"xmlCmpTextWriterStackEntry(i8* data0 ,i8* data1 )",i32	xml	Cmp	Text	Writer	Stack	Entry	i8*	data	i8*	data	
2405,i32,"xmlCmpTextWriterStackEntry(i8* data0 ,i8* data1 )",i32	xml	Cmp	Text	Writer	Stack	Entry	i8*	data	i8*	data	
2406,i32,"xmlCmpTextWriterStackEntry(i8* data0 ,i8* data1 )",i32	xml	Cmp	Text	Writer	Stack	Entry	i8*	data	i8*	data	
2407,i32,"xmlCmpTextWriterStackEntry(i8* data0 ,i8* data1 )",i32	xml	Cmp	Text	Writer	Stack	Entry	i8*	data	i8*	data	
2408,_xmlTextWriter*,"xmlNewTextWriterTree(_xmlDoc* doc ,_xmlNode* node ,i32 compression )",xml	Text	Writer*	xml	New	Text	Writer	Tree	xml	Doc*	doc	xml	Node*	node	i32	compression	
2409,i32,"xmlCmpTextWriterNsStackEntry(i8* data0 ,i8* data1 )",i32	xml	Cmp	Text	Writer	Ns	Stack	Entry	i8*	data	i8*	data	
2410,i32,"xmlCmpTextWriterNsStackEntry(i8* data0 ,i8* data1 )",i32	xml	Cmp	Text	Writer	Ns	Stack	Entry	i8*	data	i8*	data	
2411,i32,"xmlCmpTextWriterNsStackEntry(i8* data0 ,i8* data1 )",i32	xml	Cmp	Text	Writer	Ns	Stack	Entry	i8*	data	i8*	data	
2412,i32,"xmlCmpTextWriterNsStackEntry(i8* data0 ,i8* data1 )",i32	xml	Cmp	Text	Writer	Ns	Stack	Entry	i8*	data	i8*	data	
2413,i32,"xmlTextWriterSetIndent(_xmlTextWriter* writer ,i32 indent )",i32	xml	Text	Writer	Set	Indent	xml	Text	Writer*	writer	i32	indent	
2414,i32,"xmlTextWriterSetIndent(_xmlTextWriter* writer ,i32 indent )",i32	xml	Text	Writer	Set	Indent	xml	Text	Writer*	writer	i32	indent	
2415,i32,"xmlTextWriterSetIndentString(_xmlTextWriter* writer ,i8* str )",i32	xml	Text	Writer	Set	Indent	String	xml	Text	Writer*	writer	i8*	str	
2416,i32,"xmlTextWriterSetIndentString(_xmlTextWriter* writer ,i8* str )",i32	xml	Text	Writer	Set	Indent	String	xml	Text	Writer*	writer	i8*	str	
2417,i32,"xmlTextWriterSetQuoteChar(_xmlTextWriter* writer ,i8 quotechar )",i32	xml	Text	Writer	Set	Quote	Char	xml	Text	Writer*	writer	i	quotechar	
2418,i32,"xmlTextWriterHandleStateDependencies(_xmlTextWriter* writer ,_xmlTextWriterStackEntry* p )",i32	xml	Text	Writer	Handle	State	Dependencies	xml	Text	Writer*	writer	xml	Text	Writer	Stack	Entry*	p	
2419,i32,"xmlTextWriterHandleStateDependencies(_xmlTextWriter* writer ,_xmlTextWriterStackEntry* p )",i32	xml	Text	Writer	Handle	State	Dependencies	xml	Text	Writer*	writer	xml	Text	Writer	Stack	Entry*	p	
2420,i32,"xmlTextWriterHandleStateDependencies(_xmlTextWriter* writer ,_xmlTextWriterStackEntry* p )",i32	xml	Text	Writer	Handle	State	Dependencies	xml	Text	Writer*	writer	xml	Text	Writer	Stack	Entry*	p	
2421,void,xmlFreeTextWriter(_xmlTextWriter* writer ),void	xml	Free	Text	Writer	xml	Text	Writer*	writer	
2422,i32,"xmlTextWriterStartDocument(_xmlTextWriter* writer ,i8* version ,i8* encoding ,i8* standalone )",i32	xml	Text	Writer	Start	Document	xml	Text	Writer*	writer	i8*	version	i8*	encoding	i8*	standalone	
2423,i32,"xmlTextWriterStartDocument(_xmlTextWriter* writer ,i8* version ,i8* encoding ,i8* standalone )",i32	xml	Text	Writer	Start	Document	xml	Text	Writer*	writer	i8*	version	i8*	encoding	i8*	standalone	
2424,i32,"xmlTextWriterStartDocument(_xmlTextWriter* writer ,i8* version ,i8* encoding ,i8* standalone )",i32	xml	Text	Writer	Start	Document	xml	Text	Writer*	writer	i8*	version	i8*	encoding	i8*	standalone	
2425,i32,"xmlTextWriterStartDocument(_xmlTextWriter* writer ,i8* version ,i8* encoding ,i8* standalone )",i32	xml	Text	Writer	Start	Document	xml	Text	Writer*	writer	i8*	version	i8*	encoding	i8*	standalone	
2426,i32,xmlTextWriterEndDocument(_xmlTextWriter* writer ),i32	xml	Text	Writer	End	Document	xml	Text	Writer*	writer	
2427,i32,xmlTextWriterStartComment(_xmlTextWriter* writer ),i32	xml	Text	Writer	Start	Comment	xml	Text	Writer*	writer	
2428,i32,xmlTextWriterEndComment(_xmlTextWriter* writer ),i32	xml	Text	Writer	End	Comment	xml	Text	Writer*	writer	
2429,i32,"xmlTextWriterWriteVFormatComment(_xmlTextWriter* writer ,i8* format ,__va_list_tag* argptr )",i32	xml	Text	Writer	Write	V	Format	Comment	xml	Text	Writer*	writer	i8*	format	va	list	tag	argptr	
2430,i32,"xmlTextWriterStartElement(_xmlTextWriter* writer ,i8* name )",i32	xml	Text	Writer	Start	Element	xml	Text	Writer*	writer	i8*	name	
2431,i32,"xmlTextWriterStartElement(_xmlTextWriter* writer ,i8* name )",i32	xml	Text	Writer	Start	Element	xml	Text	Writer*	writer	i8*	name	
2432,void,xmlXPathFreeCompExpr(_xmlXPathCompExpr* comp ),void	xml	X	Path	Free	Comp	Expr	xml	X	Path	Comp	Expr*	comp	
2433,void,"xmlXPathDebugDumpNode(_IO_FILE* output ,_xmlNode* cur ,i32 depth )",void	xml	X	Path	Debug	Dump	Node	I	O	F	I	L	E*	output	xml	Node*	cur	i32	depth	
2434,void,"xmlXPathDebugDumpNode(_IO_FILE* output ,_xmlNode* cur ,i32 depth )",void	xml	X	Path	Debug	Dump	Node	I	O	F	I	L	E*	output	xml	Node*	cur	i32	depth	
2435,void,"xmlXPathDebugDumpNodeSet(_IO_FILE* output ,_xmlNodeSet* cur ,i32 depth )",void	xml	X	Path	Debug	Dump	Node	Set	I	O	F	I	L	E*	output	xml	Node	Set*	cur	i32	depth	
2436,void,"xmlXPathDebugDumpNodeSet(_IO_FILE* output ,_xmlNodeSet* cur ,i32 depth )",void	xml	X	Path	Debug	Dump	Node	Set	I	O	F	I	L	E*	output	xml	Node	Set*	cur	i32	depth	
2437,void,"xmlXPathDebugDumpNodeSet(_IO_FILE* output ,_xmlNodeSet* cur ,i32 depth )",void	xml	X	Path	Debug	Dump	Node	Set	I	O	F	I	L	E*	output	xml	Node	Set*	cur	i32	depth	
2438,void,"xmlXPathDebugDumpValueTree(_IO_FILE* output ,_xmlNodeSet* cur ,i32 depth )",void	xml	X	Path	Debug	Dump	Value	Tree	I	O	F	I	L	E*	output	xml	Node	Set*	cur	i32	depth	
2439,void,"xmlXPathDebugDumpValueTree(_IO_FILE* output ,_xmlNodeSet* cur ,i32 depth )",void	xml	X	Path	Debug	Dump	Value	Tree	I	O	F	I	L	E*	output	xml	Node	Set*	cur	i32	depth	
2440,void,"xmlXPathDebugDumpLocationSet(_IO_FILE* output ,_xmlLocationSet* cur ,i32 depth )",void	xml	X	Path	Debug	Dump	Location	Set	I	O	F	I	L	E*	output	xml	Location	Set*	cur	i32	depth	
2441,void,"xmlXPathDebugDumpLocationSet(_IO_FILE* output ,_xmlLocationSet* cur ,i32 depth )",void	xml	X	Path	Debug	Dump	Location	Set	I	O	F	I	L	E*	output	xml	Location	Set*	cur	i32	depth	
2442,void,"xmlXPathDebugDumpObject(_IO_FILE* output ,_xmlXPathObject* cur ,i32 depth )",void	xml	X	Path	Debug	Dump	Object	I	O	F	I	L	E*	output	xml	X	Path	Object*	cur	i32	depth	
2443,void,"xmlXPathDebugDumpObject(_IO_FILE* output ,_xmlXPathObject* cur ,i32 depth )",void	xml	X	Path	Debug	Dump	Object	I	O	F	I	L	E*	output	xml	X	Path	Object*	cur	i32	depth	
2444,void,"xmlXPathDebugDumpObject(_IO_FILE* output ,_xmlXPathObject* cur ,i32 depth )",void	xml	X	Path	Debug	Dump	Object	I	O	F	I	L	E*	output	xml	X	Path	Object*	cur	i32	depth	
2445,void,"xmlXPathDebugDumpStepOp(_IO_FILE* output ,_xmlXPathCompExpr* comp ,_xmlXPathStepOp* op ,i32 depth )",void	xml	X	Path	Debug	Dump	Step	Op	I	O	F	I	L	E*	output	xml	X	Path	Comp	Expr*	comp	xml	X	Path	Step	Op*	op	i32	depth	
2446,void,"xmlXPathDebugDumpStepOp(_IO_FILE* output ,_xmlXPathCompExpr* comp ,_xmlXPathStepOp* op ,i32 depth )",void	xml	X	Path	Debug	Dump	Step	Op	I	O	F	I	L	E*	output	xml	X	Path	Comp	Expr*	comp	xml	X	Path	Step	Op*	op	i32	depth	
2447,void,"xmlXPathDebugDumpCompExpr(_IO_FILE* output ,_xmlXPathCompExpr* comp ,i32 depth )",void	xml	X	Path	Debug	Dump	Comp	Expr	I	O	F	I	L	E*	output	xml	X	Path	Comp	Expr*	comp	i32	depth	
2448,void,"xmlXPathDebugDumpCompExpr(_IO_FILE* output ,_xmlXPathCompExpr* comp ,i32 depth )",void	xml	X	Path	Debug	Dump	Comp	Expr	I	O	F	I	L	E*	output	xml	X	Path	Comp	Expr*	comp	i32	depth	
2449,void,"xmlXPathDebugDumpCompExpr(_IO_FILE* output ,_xmlXPathCompExpr* comp ,i32 depth )",void	xml	X	Path	Debug	Dump	Comp	Expr	I	O	F	I	L	E*	output	xml	X	Path	Comp	Expr*	comp	i32	depth	
2450,void,"libxml_domnode_binary_insertion_sort_start(_xmlNode** dst ,i64 start ,i64 size )",void	libxml	domnode	binary	insertion	sort	start	xml	Node**	dst	i64	start	i64	size	
2451,void,xmlXPathFreeCache(_xmlXPathContextCache* cache ),void	xml	X	Path	Free	Cache	xml	X	Path	Context	Cache*	cache	
2452,i64,"libxml_domnode_count_run(_xmlNode** dst ,i64 start ,i64 size )",i64	libxml	domnode	count	run	xml	Node**	dst	i64	start	i64	size	
2453,i64,"libxml_domnode_count_run(_xmlNode** dst ,i64 start ,i64 size )",i64	libxml	domnode	count	run	xml	Node**	dst	i64	start	i64	size	
2454,i64,"libxml_domnode_count_run(_xmlNode** dst ,i64 start ,i64 size )",i64	libxml	domnode	count	run	xml	Node**	dst	i64	start	i64	size	
2455,i64,"libxml_domnode_count_run(_xmlNode** dst ,i64 start ,i64 size )",i64	libxml	domnode	count	run	xml	Node**	dst	i64	start	i64	size	
2456,i32,"xmlXPathContextSetCache(_xmlXPathContext* ctxt ,i32 active ,i32 value ,i32 options )",i32	xml	X	Path	Context	Set	Cache	xml	X	Path	Context*	ctxt	i32	active	i32	value	i32	options	
2457,i32,"xmlXPathContextSetCache(_xmlXPathContext* ctxt ,i32 active ,i32 value ,i32 options )",i32	xml	X	Path	Context	Set	Cache	xml	X	Path	Context*	ctxt	i32	active	i32	value	i32	options	
2458,i32,"xmlXPathContextSetCache(_xmlXPathContext* ctxt ,i32 active ,i32 value ,i32 options )",i32	xml	X	Path	Context	Set	Cache	xml	X	Path	Context*	ctxt	i32	active	i32	value	i32	options	
2459,i32,"xmlXPathContextSetCache(_xmlXPathContext* ctxt ,i32 active ,i32 value ,i32 options )",i32	xml	X	Path	Context	Set	Cache	xml	X	Path	Context*	ctxt	i32	active	i32	value	i32	options	
2460,i64,"libxml_domnode_count_run(_xmlNode** dst ,i64 start ,i64 size )",i64	libxml	domnode	count	run	xml	Node**	dst	i64	start	i64	size	
2461,i64,"libxml_domnode_count_run(_xmlNode** dst ,i64 start ,i64 size )",i64	libxml	domnode	count	run	xml	Node**	dst	i64	start	i64	size	
2462,i64,"libxml_domnode_count_run(_xmlNode** dst ,i64 start ,i64 size )",i64	libxml	domnode	count	run	xml	Node**	dst	i64	start	i64	size	
2463,i64,"libxml_domnode_count_run(_xmlNode** dst ,i64 start ,i64 size )",i64	libxml	domnode	count	run	xml	Node**	dst	i64	start	i64	size	
2464,_xmlXPathObject*,valuePop(_xmlXPathParserContext* ctxt ),xml	X	Path	Object*	value	Pop	xml	X	Path	Parser	Context*	ctxt	
2465,i32,"valuePush(_xmlXPathParserContext* ctxt ,_xmlXPathObject* value )",i32	value	Push	xml	X	Path	Parser	Context*	ctxt	xml	X	Path	Object*	value	
2466,i32,"valuePush(_xmlXPathParserContext* ctxt ,_xmlXPathObject* value )",i32	value	Push	xml	X	Path	Parser	Context*	ctxt	xml	X	Path	Object*	value	
2467,i32,xmlXPathPopBoolean(_xmlXPathParserContext* ctxt ),i32	xml	X	Path	Pop	Boolean	xml	X	Path	Parser	Context*	ctxt	
2468,double,xmlXPathPopNumber(_xmlXPathParserContext* ctxt ),double	xml	X	Path	Pop	Number	xml	X	Path	Parser	Context*	ctxt	
2469,i8*,xmlXPathPopString(_xmlXPathParserContext* ctxt ),i8*	xml	X	Path	Pop	String	xml	X	Path	Parser	Context*	ctxt	
2470,_xmlNodeSet*,xmlXPathPopNodeSet(_xmlXPathParserContext* ctxt ),xml	Node	Set*	xml	X	Path	Pop	Node	Set	xml	X	Path	Parser	Context*	ctxt	
2471,_xmlNodeSet*,xmlXPathPopNodeSet(_xmlXPathParserContext* ctxt ),xml	Node	Set*	xml	X	Path	Pop	Node	Set	xml	X	Path	Parser	Context*	ctxt	
2472,i32,"libxml_domnode_check_invariant(libxml_domnode_tim_sort_run_t* stack ,i32 stack_curr )",i32	libxml	domnode	check	invariant	libxml	domnode	tim	sort	run	t	stack	i32	stack	curr	
2473,_xmlNodeSet*,xmlXPathPopNodeSet(_xmlXPathParserContext* ctxt ),xml	Node	Set*	xml	X	Path	Pop	Node	Set	xml	X	Path	Parser	Context*	ctxt	
2474,i32,"libxml_domnode_check_invariant(libxml_domnode_tim_sort_run_t* stack ,i32 stack_curr )",i32	libxml	domnode	check	invariant	libxml	domnode	tim	sort	run	t	stack	i32	stack	curr	
2475,i8*,xmlXPathPopExternal(_xmlXPathParserContext* ctxt ),i8*	xml	X	Path	Pop	External	xml	X	Path	Parser	Context*	ctxt	
2476,i8*,xmlXPathPopExternal(_xmlXPathParserContext* ctxt ),i8*	xml	X	Path	Pop	External	xml	X	Path	Parser	Context*	ctxt	
2477,i8*,xmlXPathPopExternal(_xmlXPathParserContext* ctxt ),i8*	xml	X	Path	Pop	External	xml	X	Path	Parser	Context*	ctxt	
2478,i64,xmlXPathOrderDocElems(_xmlDoc* doc ),i64	xml	X	Path	Order	Doc	Elems	xml	Doc*	doc	
2479,i32,"xmlXPathCmpNodes(_xmlNode* node1 ,_xmlNode* node2 )",i32	xml	X	Path	Cmp	Nodes	xml	Node*	node	xml	Node*	node	
2480,i32,"xmlXPathCmpNodes(_xmlNode* node1 ,_xmlNode* node2 )",i32	xml	X	Path	Cmp	Nodes	xml	Node*	node	xml	Node*	node	
2481,i32,"xmlXPathCmpNodes(_xmlNode* node1 ,_xmlNode* node2 )",i32	xml	X	Path	Cmp	Nodes	xml	Node*	node	xml	Node*	node	
2482,i32,"xmlXPathCmpNodes(_xmlNode* node1 ,_xmlNode* node2 )",i32	xml	X	Path	Cmp	Nodes	xml	Node*	node	xml	Node*	node	
2483,i32,"xmlXPathCmpNodes(_xmlNode* node1 ,_xmlNode* node2 )",i32	xml	X	Path	Cmp	Nodes	xml	Node*	node	xml	Node*	node	
2484,i32,"xmlXPathCmpNodes(_xmlNode* node1 ,_xmlNode* node2 )",i32	xml	X	Path	Cmp	Nodes	xml	Node*	node	xml	Node*	node	
2485,i32,"xmlXPathCmpNodes(_xmlNode* node1 ,_xmlNode* node2 )",i32	xml	X	Path	Cmp	Nodes	xml	Node*	node	xml	Node*	node	
2486,i32,"xmlXPathCmpNodes(_xmlNode* node1 ,_xmlNode* node2 )",i32	xml	X	Path	Cmp	Nodes	xml	Node*	node	xml	Node*	node	
2487,i32,"libxml_domnode_tim_sort_collapse(_xmlNode** dst ,libxml_domnode_tim_sort_run_t* stack ,i32 stack_curr ,libxml_domnode_temp_storage_t* store ,i64 size )",i32	libxml	domnode	tim	sort	collapse	xml	Node**	dst	libxml	domnode	tim	sort	run	t	stack	i32	stack	curr	libxml	domnode	temp	storage	t	store	i64	size	
2488,i32,"libxml_domnode_tim_sort_collapse(_xmlNode** dst ,libxml_domnode_tim_sort_run_t* stack ,i32 stack_curr ,libxml_domnode_temp_storage_t* store ,i64 size )",i32	libxml	domnode	tim	sort	collapse	xml	Node**	dst	libxml	domnode	tim	sort	run	t	stack	i32	stack	curr	libxml	domnode	temp	storage	t	store	i64	size	
2489,i32,"libxml_domnode_tim_sort_collapse(_xmlNode** dst ,libxml_domnode_tim_sort_run_t* stack ,i32 stack_curr ,libxml_domnode_temp_storage_t* store ,i64 size )",i32	libxml	domnode	tim	sort	collapse	xml	Node**	dst	libxml	domnode	tim	sort	run	t	stack	i32	stack	curr	libxml	domnode	temp	storage	t	store	i64	size	
2490,i32,"libxml_domnode_tim_sort_collapse(_xmlNode** dst ,libxml_domnode_tim_sort_run_t* stack ,i32 stack_curr ,libxml_domnode_temp_storage_t* store ,i64 size )",i32	libxml	domnode	tim	sort	collapse	xml	Node**	dst	libxml	domnode	tim	sort	run	t	stack	i32	stack	curr	libxml	domnode	temp	storage	t	store	i64	size	
2491,i32,"libxml_domnode_tim_sort_collapse(_xmlNode** dst ,libxml_domnode_tim_sort_run_t* stack ,i32 stack_curr ,libxml_domnode_temp_storage_t* store ,i64 size )",i32	libxml	domnode	tim	sort	collapse	xml	Node**	dst	libxml	domnode	tim	sort	run	t	stack	i32	stack	curr	libxml	domnode	temp	storage	t	store	i64	size	
2492,i32,"libxml_domnode_tim_sort_collapse(_xmlNode** dst ,libxml_domnode_tim_sort_run_t* stack ,i32 stack_curr ,libxml_domnode_temp_storage_t* store ,i64 size )",i32	libxml	domnode	tim	sort	collapse	xml	Node**	dst	libxml	domnode	tim	sort	run	t	stack	i32	stack	curr	libxml	domnode	temp	storage	t	store	i64	size	
2493,void,"libxml_domnode_tim_sort(_xmlNode** dst ,i64 size )",void	libxml	domnode	tim	sort	xml	Node**	dst	i64	size	
2494,void,"libxml_domnode_tim_sort(_xmlNode** dst ,i64 size )",void	libxml	domnode	tim	sort	xml	Node**	dst	i64	size	
2495,void,"libxml_domnode_tim_sort(_xmlNode** dst ,i64 size )",void	libxml	domnode	tim	sort	xml	Node**	dst	i64	size	
2496,void,"libxml_domnode_tim_sort(_xmlNode** dst ,i64 size )",void	libxml	domnode	tim	sort	xml	Node**	dst	i64	size	
2497,void,"libxml_domnode_tim_sort(_xmlNode** dst ,i64 size )",void	libxml	domnode	tim	sort	xml	Node**	dst	i64	size	
2498,void,"libxml_domnode_tim_sort(_xmlNode** dst ,i64 size )",void	libxml	domnode	tim	sort	xml	Node**	dst	i64	size	
2499,void,"libxml_domnode_tim_sort(_xmlNode** dst ,i64 size )",void	libxml	domnode	tim	sort	xml	Node**	dst	i64	size	
2500,void,"libxml_domnode_tim_sort(_xmlNode** dst ,i64 size )",void	libxml	domnode	tim	sort	xml	Node**	dst	i64	size	
2501,void,"libxml_domnode_tim_sort(_xmlNode** dst ,i64 size )",void	libxml	domnode	tim	sort	xml	Node**	dst	i64	size	
2502,void,xmlXPathFreeObject(_xmlXPathObject* obj ),void	xml	X	Path	Free	Object	xml	X	Path	Object*	obj	
2503,void,"xmlXPathReleaseObject(_xmlXPathContext* ctxt ,_xmlXPathObject* obj )",void	xml	X	Path	Release	Object	xml	X	Path	Context*	ctxt	xml	X	Path	Object*	obj	
2504,void,"xmlXPathReleaseObject(_xmlXPathContext* ctxt ,_xmlXPathObject* obj )",void	xml	X	Path	Release	Object	xml	X	Path	Context*	ctxt	xml	X	Path	Object*	obj	
2505,i8*,xmlXPathCastToString(_xmlXPathObject* val ),i8*	xml	X	Path	Cast	To	String	xml	X	Path	Object*	val	
2506,double,xmlXPathCastToNumber(_xmlXPathObject* val ),double	xml	X	Path	Cast	To	Number	xml	X	Path	Object*	val	
2507,i32,xmlXPathCastToBoolean(_xmlXPathObject* val ),i32	xml	X	Path	Cast	To	Boolean	xml	X	Path	Object*	val	
2508,void,"xmlXPathErrMemory(_xmlXPathContext* ctxt ,i8* extra )",void	xml	X	Path	Err	Memory	xml	X	Path	Context*	ctxt	i8*	extra	
2509,void,"xmlXPathErrMemory(_xmlXPathContext* ctxt ,i8* extra )",void	xml	X	Path	Err	Memory	xml	X	Path	Context*	ctxt	i8*	extra	
2510,void,"xmlXPathErrMemory(_xmlXPathContext* ctxt ,i8* extra )",void	xml	X	Path	Err	Memory	xml	X	Path	Context*	ctxt	i8*	extra	
2511,void,"xmlXPathErr(_xmlXPathParserContext* ctxt ,i32 error )",void	xml	X	Path	Err	xml	X	Path	Parser	Context*	ctxt	i32	error	
2512,void,"xmlXPathErr(_xmlXPathParserContext* ctxt ,i32 error )",void	xml	X	Path	Err	xml	X	Path	Parser	Context*	ctxt	i32	error	
2513,void,"xmlXPathErr(_xmlXPathParserContext* ctxt ,i32 error )",void	xml	X	Path	Err	xml	X	Path	Parser	Context*	ctxt	i32	error	
2514,i32,"execute_xpath_expression(i8* filename ,i8* xpathExpr ,i8* nsList )",i32	execute	xpath	expression	i8*	filename	i8*	xpath	Expr	i8*	ns	List	
2515,i32,"register_namespaces(_xmlXPathContext* xpathCtx ,i8* nsList )",i32	register	namespaces	xml	X	Path	Context*	xpath	Ctx	i8*	ns	List	
2516,i32,"register_namespaces(_xmlXPathContext* xpathCtx ,i8* nsList )",i32	register	namespaces	xml	X	Path	Context*	xpath	Ctx	i8*	ns	List	
2517,void,"print_xpath_nodes(_xmlNodeSet* nodes ,_IO_FILE* output )",void	print	xpath	nodes	xml	Node	Set*	nodes	I	O	F	I	L	E*	output	
2518,void,"print_xpath_nodes(_xmlNodeSet* nodes ,_IO_FILE* output )",void	print	xpath	nodes	xml	Node	Set*	nodes	I	O	F	I	L	E*	output	
2519,i32,"main(i32 argc ,i8** argv )",i32	main	i32	argc	i	argv	
2520,i32,"main(i32 argc ,i8** argv )",i32	main	i32	argc	i	argv	
2521,i32,"main(i32 argc ,i8** argv )",i32	main	i32	argc	i	argv	
2522,void,usage(i8* name ),void	usage	i8*	name	
2523,i32,"execute_xpath_expression(i8* filename ,i8* xpathExpr ,i8* nsList )",i32	execute	xpath	expression	i8*	filename	i8*	xpath	Expr	i8*	ns	List	
2524,i32,"execute_xpath_expression(i8* filename ,i8* xpathExpr ,i8* nsList )",i32	execute	xpath	expression	i8*	filename	i8*	xpath	Expr	i8*	ns	List	
2525,void,"update_xpath_nodes(_xmlNodeSet* nodes ,i8* value )",void	update	xpath	nodes	xml	Node	Set*	nodes	i8*	value	
2526,void,"update_xpath_nodes(_xmlNodeSet* nodes ,i8* value )",void	update	xpath	nodes	xml	Node	Set*	nodes	i8*	value	
2527,i32,"main(i32 argc ,i8** argv )",i32	main	i32	argc	i	argv	
2528,void,usage(i8* name ),void	usage	i8*	name	
2529,i32,"example4(i8* filename ,i8* xpathExpr ,i8* value )",i32	example	i8*	filename	i8*	xpath	Expr	i8*	value	
2530,i32,"example4(i8* filename ,i8* xpathExpr ,i8* value )",i32	example	i8*	filename	i8*	xpath	Expr	i8*	value	
2531,i32,"example4(i8* filename ,i8* xpathExpr ,i8* value )",i32	example	i8*	filename	i8*	xpath	Expr	i8*	value	
2532,_xmlXPathObject*,"xmlXPtrEval(i8* str ,_xmlXPathContext* ctx )",xml	X	Path	Object*	xml	X	Ptr	Eval	i8*	str	xml	X	Path	Context*	ctx	
2533,_xmlXPathObject*,"xmlXPtrEval(i8* str ,_xmlXPathContext* ctx )",xml	X	Path	Object*	xml	X	Ptr	Eval	i8*	str	xml	X	Path	Context*	ctx	
2534,void,"xmlXPtrHereFunction(_xmlXPathParserContext* ctxt ,i32 nargs )",void	xml	X	Ptr	Here	Function	xml	X	Path	Parser	Context*	ctxt	i32	nargs	
2535,void,"xmlXPtrHereFunction(_xmlXPathParserContext* ctxt ,i32 nargs )",void	xml	X	Ptr	Here	Function	xml	X	Path	Parser	Context*	ctxt	i32	nargs	
2536,void,"xmlXPtrOriginFunction(_xmlXPathParserContext* ctxt ,i32 nargs )",void	xml	X	Ptr	Origin	Function	xml	X	Path	Parser	Context*	ctxt	i32	nargs	
2537,void,"xmlXPtrOriginFunction(_xmlXPathParserContext* ctxt ,i32 nargs )",void	xml	X	Ptr	Origin	Function	xml	X	Path	Parser	Context*	ctxt	i32	nargs	
2538,void,"xmlXPtrStartPointFunction(_xmlXPathParserContext* ctxt ,i32 nargs )",void	xml	X	Ptr	Start	Point	Function	xml	X	Path	Parser	Context*	ctxt	i32	nargs	
2539,void,"xmlXPtrStartPointFunction(_xmlXPathParserContext* ctxt ,i32 nargs )",void	xml	X	Ptr	Start	Point	Function	xml	X	Path	Parser	Context*	ctxt	i32	nargs	
2540,void,"xmlXPtrEndPointFunction(_xmlXPathParserContext* ctxt ,i32 nargs )",void	xml	X	Ptr	End	Point	Function	xml	X	Path	Parser	Context*	ctxt	i32	nargs	
2541,void,"xmlXPtrEndPointFunction(_xmlXPathParserContext* ctxt ,i32 nargs )",void	xml	X	Ptr	End	Point	Function	xml	X	Path	Parser	Context*	ctxt	i32	nargs	
2542,void,"xmlXPtrRangeFunction(_xmlXPathParserContext* ctxt ,i32 nargs )",void	xml	X	Ptr	Range	Function	xml	X	Path	Parser	Context*	ctxt	i32	nargs	
2543,void,"xmlXPtrRangeFunction(_xmlXPathParserContext* ctxt ,i32 nargs )",void	xml	X	Ptr	Range	Function	xml	X	Path	Parser	Context*	ctxt	i32	nargs	
2544,void,"xmlXPtrRangeInsideFunction(_xmlXPathParserContext* ctxt ,i32 nargs )",void	xml	X	Ptr	Range	Inside	Function	xml	X	Path	Parser	Context*	ctxt	i32	nargs	
2545,void,"xmlXPtrRangeInsideFunction(_xmlXPathParserContext* ctxt ,i32 nargs )",void	xml	X	Ptr	Range	Inside	Function	xml	X	Path	Parser	Context*	ctxt	i32	nargs	
2546,void,"xmlXPtrRangeToFunction(_xmlXPathParserContext* ctxt ,i32 nargs )",void	xml	X	Ptr	Range	To	Function	xml	X	Path	Parser	Context*	ctxt	i32	nargs	
2547,void,"xmlXPtrRangeToFunction(_xmlXPathParserContext* ctxt ,i32 nargs )",void	xml	X	Ptr	Range	To	Function	xml	X	Path	Parser	Context*	ctxt	i32	nargs	
2548,void,"xmlXPtrRangeToFunction(_xmlXPathParserContext* ctxt ,i32 nargs )",void	xml	X	Ptr	Range	To	Function	xml	X	Path	Parser	Context*	ctxt	i32	nargs	
2549,void,xmlXPtrRangeCheckOrder(_xmlXPathObject* range ),void	xml	X	Ptr	Range	Check	Order	xml	X	Path	Object*	range	
2550,void,"xmlXPtrStringRangeFunction(_xmlXPathParserContext* ctxt ,i32 nargs )",void	xml	X	Ptr	String	Range	Function	xml	X	Path	Parser	Context*	ctxt	i32	nargs	
2551,void,"xmlXPtrStringRangeFunction(_xmlXPathParserContext* ctxt ,i32 nargs )",void	xml	X	Ptr	String	Range	Function	xml	X	Path	Parser	Context*	ctxt	i32	nargs	
2552,void,"xmlXPtrStringRangeFunction(_xmlXPathParserContext* ctxt ,i32 nargs )",void	xml	X	Ptr	String	Range	Function	xml	X	Path	Parser	Context*	ctxt	i32	nargs	
2553,void,"xmlXPtrStringRangeFunction(_xmlXPathParserContext* ctxt ,i32 nargs )",void	xml	X	Ptr	String	Range	Function	xml	X	Path	Parser	Context*	ctxt	i32	nargs	
2554,i32,"xmlXPtrRangesEqual(_xmlXPathObject* range1 ,_xmlXPathObject* range2 )",i32	xml	X	Ptr	Ranges	Equal	xml	X	Path	Object*	range	xml	X	Path	Object*	range	
2555,i32,"xmlXPtrRangesEqual(_xmlXPathObject* range1 ,_xmlXPathObject* range2 )",i32	xml	X	Ptr	Ranges	Equal	xml	X	Path	Object*	range	xml	X	Path	Object*	range	
2556,i32,"xmlXPtrRangesEqual(_xmlXPathObject* range1 ,_xmlXPathObject* range2 )",i32	xml	X	Ptr	Ranges	Equal	xml	X	Path	Object*	range	xml	X	Path	Object*	range	
2557,i32,"xmlXPtrRangesEqual(_xmlXPathObject* range1 ,_xmlXPathObject* range2 )",i32	xml	X	Ptr	Ranges	Equal	xml	X	Path	Object*	range	xml	X	Path	Object*	range	
2558,_xmlXPathObject*,"xmlXPtrNewRange(_xmlNode* start ,i32 startindex ,_xmlNode* end ,i32 endindex )",xml	X	Path	Object*	xml	X	Ptr	New	Range	xml	Node*	start	i32	startindex	xml	Node*	end	i32	endindex	
2559,_xmlXPathObject*,"xmlXPtrNewRange(_xmlNode* start ,i32 startindex ,_xmlNode* end ,i32 endindex )",xml	X	Path	Object*	xml	X	Ptr	New	Range	xml	Node*	start	i32	startindex	xml	Node*	end	i32	endindex	
2560,_xmlXPathObject*,"xmlXPtrNewRange(_xmlNode* start ,i32 startindex ,_xmlNode* end ,i32 endindex )",xml	X	Path	Object*	xml	X	Ptr	New	Range	xml	Node*	start	i32	startindex	xml	Node*	end	i32	endindex	
2561,_xmlXPathObject*,"xmlXPtrNewRange(_xmlNode* start ,i32 startindex ,_xmlNode* end ,i32 endindex )",xml	X	Path	Object*	xml	X	Ptr	New	Range	xml	Node*	start	i32	startindex	xml	Node*	end	i32	endindex	
2562,_xmlXPathObject*,"xmlXPtrNewRangePoints(_xmlXPathObject* start ,_xmlXPathObject* end )",xml	X	Path	Object*	xml	X	Ptr	New	Range	Points	xml	X	Path	Object*	start	xml	X	Path	Object*	end	
2563,_xmlXPathObject*,"xmlXPtrNewRangePoints(_xmlXPathObject* start ,_xmlXPathObject* end )",xml	X	Path	Object*	xml	X	Ptr	New	Range	Points	xml	X	Path	Object*	start	xml	X	Path	Object*	end	
2564,_xmlXPathObject*,"xmlXPtrNewRangePointNode(_xmlXPathObject* start ,_xmlNode* end )",xml	X	Path	Object*	xml	X	Ptr	New	Range	Point	Node	xml	X	Path	Object*	start	xml	Node*	end	
2565,_xmlXPathObject*,"xmlXPtrNewRangePointNode(_xmlXPathObject* start ,_xmlNode* end )",xml	X	Path	Object*	xml	X	Ptr	New	Range	Point	Node	xml	X	Path	Object*	start	xml	Node*	end	
2566,_xmlXPathObject*,"xmlXPtrNewRangeNodePoint(_xmlNode* start ,_xmlXPathObject* end )",xml	X	Path	Object*	xml	X	Ptr	New	Range	Node	Point	xml	Node*	start	xml	X	Path	Object*	end	
2567,_xmlXPathObject*,"xmlXPtrNewRangeNodePoint(_xmlNode* start ,_xmlXPathObject* end )",xml	X	Path	Object*	xml	X	Ptr	New	Range	Node	Point	xml	Node*	start	xml	X	Path	Object*	end	
2568,_xmlXPathObject*,"xmlXPtrNewRangeNodes(_xmlNode* start ,_xmlNode* end )",xml	X	Path	Object*	xml	X	Ptr	New	Range	Nodes	xml	Node*	start	xml	Node*	end	
2569,_xmlXPathObject*,"xmlXPtrNewRangeNodes(_xmlNode* start ,_xmlNode* end )",xml	X	Path	Object*	xml	X	Ptr	New	Range	Nodes	xml	Node*	start	xml	Node*	end	
2570,_xmlXPathObject*,xmlXPtrNewCollapsedRange(_xmlNode* start ),xml	X	Path	Object*	xml	X	Ptr	New	Collapsed	Range	xml	Node*	start	
2571,_xmlXPathObject*,"xmlXPtrNewRangeNodeObject(_xmlNode* start ,_xmlXPathObject* end )",xml	X	Path	Object*	xml	X	Ptr	New	Range	Node	Object	xml	Node*	start	xml	X	Path	Object*	end	
2572,_xmlXPathObject*,"xmlXPtrNewRangeNodeObject(_xmlNode* start ,_xmlXPathObject* end )",xml	X	Path	Object*	xml	X	Ptr	New	Range	Node	Object	xml	Node*	start	xml	X	Path	Object*	end	
2573,_xmlLocationSet*,xmlXPtrLocationSetCreate(_xmlXPathObject* val ),xml	Location	Set*	xml	X	Ptr	Location	Set	Create	xml	X	Path	Object*	val	
2574,void,"xmlXPtrLocationSetAdd(_xmlLocationSet* cur ,_xmlXPathObject* val )",void	xml	X	Ptr	Location	Set	Add	xml	Location	Set*	cur	xml	X	Path	Object*	val	
2575,void,"xmlXPtrLocationSetAdd(_xmlLocationSet* cur ,_xmlXPathObject* val )",void	xml	X	Ptr	Location	Set	Add	xml	Location	Set*	cur	xml	X	Path	Object*	val	
2576,_xmlLocationSet*,"xmlXPtrLocationSetMerge(_xmlLocationSet* val1 ,_xmlLocationSet* val2 )",xml	Location	Set*	xml	X	Ptr	Location	Set	Merge	xml	Location	Set*	val	xml	Location	Set*	val	
2577,_xmlLocationSet*,"xmlXPtrLocationSetMerge(_xmlLocationSet* val1 ,_xmlLocationSet* val2 )",xml	Location	Set*	xml	X	Ptr	Location	Set	Merge	xml	Location	Set*	val	xml	Location	Set*	val	
2578,void,"xmlXPtrLocationSetDel(_xmlLocationSet* cur ,_xmlXPathObject* val )",void	xml	X	Ptr	Location	Set	Del	xml	Location	Set*	cur	xml	X	Path	Object*	val	
2579,void,"xmlXPtrLocationSetDel(_xmlLocationSet* cur ,_xmlXPathObject* val )",void	xml	X	Ptr	Location	Set	Del	xml	Location	Set*	cur	xml	X	Path	Object*	val	
2580,void,"xmlXPtrLocationSetDel(_xmlLocationSet* cur ,_xmlXPathObject* val )",void	xml	X	Ptr	Location	Set	Del	xml	Location	Set*	cur	xml	X	Path	Object*	val	
2581,void,"xmlXPtrLocationSetRemove(_xmlLocationSet* cur ,i32 val )",void	xml	X	Ptr	Location	Set	Remove	xml	Location	Set*	cur	i32	val	
2582,void,"xmlXPtrLocationSetRemove(_xmlLocationSet* cur ,i32 val )",void	xml	X	Ptr	Location	Set	Remove	xml	Location	Set*	cur	i32	val	
2583,void,"xmlXPtrLocationSetRemove(_xmlLocationSet* cur ,i32 val )",void	xml	X	Ptr	Location	Set	Remove	xml	Location	Set*	cur	i32	val	
2584,void,xmlXPtrFreeLocationSet(_xmlLocationSet* obj ),void	xml	X	Ptr	Free	Location	Set	xml	Location	Set*	obj	
2585,_xmlXPathObject*,"xmlXPtrNewLocationSetNodes(_xmlNode* start ,_xmlNode* end )",xml	X	Path	Object*	xml	X	Ptr	New	Location	Set	Nodes	xml	Node*	start	xml	Node*	end	
2586,_xmlXPathObject*,xmlXPtrNewLocationSetNodeSet(_xmlNodeSet* set ),xml	X	Path	Object*	xml	X	Ptr	New	Location	Set	Node	Set	xml	Node	Set*	set	
