0,1,2,3,4,5,6,7
0.031824735924601555,0.31955089792609215,0.5057973191142082,0.422000415623188,0.06106583774089813,-0.02936450019478798,-0.13433661684393883,0.15670952945947647
-0.01552543044090271,0.38156395299094065,0.6424307333571571,0.2710606966699873,0.6049497106245586,0.23162000413451875,-0.0863721604858126,0.18178810817854746
0.031824735924601555,0.31955089792609215,0.5057973191142082,0.422000415623188,0.06106583774089813,-0.02936450019478798,-0.13433661684393883,0.15670952945947647
0.6969495415687561,0.44343316555023193,0.6160989999771118,0.2456897348165512,0.2542150765657425,-0.7427177379528681,-0.09256784617900848,0.6287695666154226
0.6969495415687561,0.44343316555023193,0.6160989999771118,0.2456897348165512,0.2542150765657425,-0.7427177379528681,-0.09256784617900848,0.6287695666154226
0.6969495415687561,0.44343316555023193,0.6160989999771118,0.2456897348165512,0.2542150765657425,-0.7427177379528681,-0.09256784617900848,0.6287695666154226
0.6969495415687561,0.44343316555023193,0.6160989999771118,0.2456897348165512,0.2542150765657425,-0.7427177379528681,-0.09256784617900848,0.6287695666154226
0.031824735924601555,0.31955089792609215,0.5057973191142082,0.422000415623188,0.06106583774089813,-0.02936450019478798,-0.13433661684393883,0.15670952945947647
-0.12677775749138423,0.14429826608725957,0.5652136930397579,0.32582950804914745,-0.16072340309619904,-0.33305719814130236,-0.187133184501103,0.4900841074330466
0.031824735924601555,0.31955089792609215,0.5057973191142082,0.422000415623188,0.06106583774089813,-0.02936450019478798,-0.13433661684393883,0.15670952945947647
0.031824735924601555,0.31955089792609215,0.5057973191142082,0.422000415623188,0.06106583774089813,-0.02936450019478798,-0.13433661684393883,0.15670952945947647
0.031824735924601555,0.31955089792609215,0.5057973191142082,0.422000415623188,0.06106583774089813,-0.02936450019478798,-0.13433661684393883,0.15670952945947647
-0.2432104671994845,0.6608143051465353,0.34850776195526123,-0.27236191431681317,-0.013120139638582865,-0.3226962238550186,-0.004469200968742371,0.5022970040639242
-0.2432104671994845,0.6608143051465353,0.34850776195526123,-0.27236191431681317,-0.013120139638582865,-0.3226962238550186,-0.004469200968742371,0.5022970040639242
-0.2432104671994845,0.6608143051465353,0.34850776195526123,-0.27236191431681317,-0.013120139638582865,-0.3226962238550186,-0.004469200968742371,0.5022970040639242
-0.2432104671994845,0.6608143051465353,0.34850776195526123,-0.27236191431681317,-0.013120139638582865,-0.3226962238550186,-0.004469200968742371,0.5022970040639242
0.08204871416091919,1.1115527749061584,0.30843907594680786,0.14506854116916656,0.368333600461483,-0.2879452258348465,-0.05358533561229706,-0.08852676674723625
-0.0032779042209897724,0.0538736241204398,0.06713272844042097,0.7634533217975071,-0.11143989648137774,1.0216523494039262,0.09805800233568464,-0.07893492920058114
0.9754951894283295,-1.0872263014316559,0.4156070649623871,0.24948646128177643,0.7688548490405083,-0.9393855258822441,0.6676954552531242,0.48409754037857056
0.43136070668697357,-0.7882112264633179,0.08983871340751648,1.9350292086601257,-0.5121909379959106,0.09290464967489243,0.19864360243082047,0.11833852529525757
-0.06690141558647156,-1.2359731495380402,0.06246155500411987,0.5348002165555954,-0.6015139296650887,0.31861335784196854,-0.2152075543999672,0.8554357290267944
0.08873330801725388,0.6847113072872162,-0.10051962733268738,0.3472967743873596,0.3649606332182884,-0.5394275709986687,0.2649550065398216,0.9225757718086243
0.08873330801725388,0.6847113072872162,-0.10051962733268738,0.3472967743873596,0.3649606332182884,-0.5394275709986687,0.2649550065398216,0.9225757718086243
-0.010735551516215006,0.022799213727315266,-0.019904419779777527,0.6895014146963755,0.6584893018007278,0.07529117663701375,-0.6077231814463934,-0.03943983713785807
-0.010735551516215006,0.022799213727315266,-0.019904419779777527,0.6895014146963755,0.6584893018007278,0.07529117663701375,-0.6077231814463934,-0.03943983713785807
-0.38111306230227154,-0.9303831259409586,-0.5690859804550806,-0.391536017258962,0.6485742727915446,0.7375553647677103,-0.40422699848810834,-0.4015895326932271
0.08873330801725388,0.6847113072872162,-0.10051962733268738,0.3472967743873596,0.3649606332182884,-0.5394275709986687,0.2649550065398216,0.9225757718086243
-0.7628694176673889,0.651831845442454,0.485249529282252,0.18447205424308777,-0.27279939750830334,0.649674062927564,-0.6404017855723699,0.5540824731191
-0.24891278520226479,-0.07559872418642044,0.0834946259856224,0.382994931191206,-0.12576404586434364,-0.040870917961001396,0.2853914238512516,0.47086674347519875
-0.01552543044090271,0.38156395299094065,0.6424307333571571,0.2710606966699873,0.6049497106245586,0.23162000413451875,-0.0863721604858126,0.18178810817854746
0.031824735924601555,0.31955089792609215,0.5057973191142082,0.422000415623188,0.06106583774089813,-0.02936450019478798,-0.13433661684393883,0.15670952945947647
0.15872039645910263,0.6076529882848263,-0.23908165097236633,-0.32129714265465736,1.027148675173521,0.5786746181547642,-0.041619572788476944,0.07157833874225616
0.15872039645910263,0.6076529882848263,-0.23908165097236633,-0.32129714265465736,1.027148675173521,0.5786746181547642,-0.041619572788476944,0.07157833874225616
0.15872039645910263,0.6076529882848263,-0.23908165097236633,-0.32129714265465736,1.027148675173521,0.5786746181547642,-0.041619572788476944,0.07157833874225616
0.15872039645910263,0.6076529882848263,-0.23908165097236633,-0.32129714265465736,1.027148675173521,0.5786746181547642,-0.041619572788476944,0.07157833874225616
0.15872039645910263,0.6076529882848263,-0.23908165097236633,-0.32129714265465736,1.027148675173521,0.5786746181547642,-0.041619572788476944,0.07157833874225616
0.031824735924601555,0.31955089792609215,0.5057973191142082,0.422000415623188,0.06106583774089813,-0.02936450019478798,-0.13433661684393883,0.15670952945947647
-0.2496112734079361,-0.30341432616114616,0.4786994829773903,-0.18883349746465683,0.021622292697429657,-0.047067878767848015,-0.02093036100268364,0.47630902007222176
0.3657659242550532,-0.3922003557284673,0.494089017311732,0.12076689799626668,0.008687689900398254,0.38657209525505704,0.11168082058429718,-0.33576195935408276
0.3657659242550532,-0.3922003557284673,0.494089017311732,0.12076689799626668,0.008687689900398254,0.38657209525505704,0.11168082058429718,-0.33576195935408276
-0.2496112734079361,-0.30341432616114616,0.4786994829773903,-0.18883349746465683,0.021622292697429657,-0.047067878767848015,-0.02093036100268364,0.47630902007222176
-0.2496112734079361,-0.30341432616114616,0.4786994829773903,-0.18883349746465683,0.021622292697429657,-0.047067878767848015,-0.02093036100268364,0.47630902007222176
-0.38550639649232227,-0.04189561059077581,-0.033151725927988686,0.15820871045192084,0.421822523077329,0.27003680914640427,0.08459000786145528,0.41078540061910945
0.0066990479826927185,-0.16886976609627405,0.09527044743299484,0.4053816373149554,0.332288292547067,0.49372581268350285,0.02072699119647344,0.04940100759267807
0.036924262841542564,-0.013140435020128885,0.30324406425158185,0.015880237023035686,0.23988303542137146,0.054465306301911674,-0.16001343230406442,0.5528573642174403
-0.06613122423489888,-0.5581987847884496,0.647026946147283,1.382430334885915,0.447173610329628,-0.4106014048059781,0.12641221781571707,-0.2138567566871643
-0.06613122423489888,-0.5581987847884496,0.647026946147283,1.382430334885915,0.447173610329628,-0.4106014048059781,0.12641221781571707,-0.2138567566871643
0.12871237471699715,0.036047741770744324,-0.33430638164281845,0.4153965190052986,-0.3423684909939766,-0.4946982990950346,0.49755436554551125,0.0730857290327549
-0.38550639649232227,-0.04189561059077581,-0.033151725927988686,0.15820871045192084,0.421822523077329,0.27003680914640427,0.08459000786145528,0.41078540061910945
-0.1277786076068878,0.06639617383480072,0.49653573632240294,-0.15604450702667236,0.1874976336956024,0.15060340762138366,0.15887007713317872,0.18977973759174346
0.15312919659273966,0.18528137249605997,0.37112818019730703,0.4335285723209381,0.27925029397010803,0.23156651109457016,-0.6346071596656527,0.8045869980539594
-0.19528691470623016,-0.37691332772374153,0.20046766847372055,-0.4039899557828903,0.6627222113311291,0.5426608677953482,-0.03665018826723099,-0.14070846140384674
0.15312919659273966,0.18528137249605997,0.37112818019730703,0.4335285723209381,0.27925029397010803,0.23156651109457016,-0.6346071596656527,0.8045869980539594
0.12871237471699715,0.036047741770744324,-0.33430638164281845,0.4153965190052986,-0.3423684909939766,-0.4946982990950346,0.49755436554551125,0.0730857290327549
0.12871237471699715,0.036047741770744324,-0.33430638164281845,0.4153965190052986,-0.3423684909939766,-0.4946982990950346,0.49755436554551125,0.0730857290327549
0.12871237471699715,0.036047741770744324,-0.33430638164281845,0.4153965190052986,-0.3423684909939766,-0.4946982990950346,0.49755436554551125,0.0730857290327549
0.036924262841542564,-0.013140435020128885,0.30324406425158185,0.015880237023035686,0.23988303542137146,0.054465306301911674,-0.16001343230406442,0.5528573642174403
0.1997543474038442,-0.6815272238519456,0.13471506701575386,0.48069166309303707,-0.07522123555342357,0.05853212376435598,0.0960647463798523,0.18735872705777487
0.036924262841542564,-0.013140435020128885,0.30324406425158185,0.015880237023035686,0.23988303542137146,0.054465306301911674,-0.16001343230406442,0.5528573642174403
0.2707113077243169,0.3465106934309006,0.47594788670539856,0.6888077557086945,-0.5208288927872976,-0.027880899608135223,-0.5113432159026464,0.1787703956166903
0.2707113077243169,0.3465106934309006,0.47594788670539856,0.6888077557086945,-0.5208288927872976,-0.027880899608135223,-0.5113432159026464,0.1787703956166903
0.036924262841542564,-0.013140435020128885,0.30324406425158185,0.015880237023035686,0.23988303542137146,0.054465306301911674,-0.16001343230406442,0.5528573642174403
0.7613812666386366,-0.07287956960499287,0.12058865278959274,0.5675588548183441,-0.12423412408679724,-0.06182111706584692,0.005296517163515091,0.35210853815078735
0.036924262841542564,-0.013140435020128885,0.30324406425158185,0.015880237023035686,0.23988303542137146,0.054465306301911674,-0.16001343230406442,0.5528573642174403
0.3133037622485842,0.03366034371512277,-0.02353827655315399,0.26276022834437235,0.03631618299654552,0.28428143156426294,0.34374732204845976,-0.18605729511805943
0.3133037622485842,0.03366034371512277,-0.02353827655315399,0.26276022834437235,0.03631618299654552,0.28428143156426294,0.34374732204845976,-0.18605729511805943
0.3133037622485842,0.03366034371512277,-0.02353827655315399,0.26276022834437235,0.03631618299654552,0.28428143156426294,0.34374732204845976,-0.18605729511805943
0.036924262841542564,-0.013140435020128885,0.30324406425158185,0.015880237023035686,0.23988303542137146,0.054465306301911674,-0.16001343230406442,0.5528573642174403
0.26748602588971454,-0.6579678927858671,0.21534560372432074,0.676733735948801,0.7498351608713468,-0.02952200546860695,0.6458529382944107,0.15518977493047714
0.26748602588971454,-0.6579678927858671,0.21534560372432074,0.676733735948801,0.7498351608713468,-0.02952200546860695,0.6458529382944107,0.15518977493047714
0.26748602588971454,-0.6579678927858671,0.21534560372432074,0.676733735948801,0.7498351608713468,-0.02952200546860695,0.6458529382944107,0.15518977493047714
0.854267011086146,-0.06169391175111135,0.10918416579564412,0.38416464461220634,0.3077721628877852,0.13281827006075117,0.4316979580455356,0.18064609666665396
0.34107813026223865,-0.2940167912415096,0.2096832948071616,0.05265208014420101,0.15928829567773,0.3602983834488051,0.22437172489506857,-0.05338713100978306
0.34107813026223865,-0.2940167912415096,0.2096832948071616,0.05265208014420101,0.15928829567773,0.3602983834488051,0.22437172489506857,-0.05338713100978306
0.22889473182814463,0.5003896568502698,-0.17126538285187312,0.29398112850529806,0.3349300239767347,0.37799371778964996,0.11281686808381762,0.015064161803041185
0.4726705827883312,-0.11125525832176208,-0.3182402657611029,0.49479111816201893,-0.006223076156207493,-0.08908927759953908,0.19342961481639318,-0.05179672581808908
0.4726705827883312,-0.11125525832176208,-0.3182402657611029,0.49479111816201893,-0.006223076156207493,-0.08908927759953908,0.19342961481639318,-0.05179672581808908
0.4726705827883312,-0.11125525832176208,-0.3182402657611029,0.49479111816201893,-0.006223076156207493,-0.08908927759953908,0.19342961481639318,-0.05179672581808908
0.13599079847335815,0.5523341856896877,-0.017234206199645996,0.12300856225192547,0.1815197803080082,0.1365599762648344,0.40781689435243607,0.00587542075663805
0.4726705827883312,-0.11125525832176208,-0.3182402657611029,0.49479111816201893,-0.006223076156207493,-0.08908927759953908,0.19342961481639318,-0.05179672581808908
0.5404556219776472,-0.014900701741377512,-0.39281409482161206,0.43379202485084534,-0.24118050436178842,-0.47333559518059093,0.38754522055387497,0.036449442307154335
0.5404556219776472,-0.014900701741377512,-0.39281409482161206,0.43379202485084534,-0.24118050436178842,-0.47333559518059093,0.38754522055387497,0.036449442307154335
0.5404556219776472,-0.014900701741377512,-0.39281409482161206,0.43379202485084534,-0.24118050436178842,-0.47333559518059093,0.38754522055387497,0.036449442307154335
0.5404556219776472,-0.014900701741377512,-0.39281409482161206,0.43379202485084534,-0.24118050436178842,-0.47333559518059093,0.38754522055387497,0.036449442307154335
0.5404556219776472,-0.014900701741377512,-0.39281409482161206,0.43379202485084534,-0.24118050436178842,-0.47333559518059093,0.38754522055387497,0.036449442307154335
0.5404556219776472,-0.014900701741377512,-0.39281409482161206,0.43379202485084534,-0.24118050436178842,-0.47333559518059093,0.38754522055387497,0.036449442307154335
0.5404556219776472,-0.014900701741377512,-0.39281409482161206,0.43379202485084534,-0.24118050436178842,-0.47333559518059093,0.38754522055387497,0.036449442307154335
0.12871237471699715,0.036047741770744324,-0.33430638164281845,0.4153965190052986,-0.3423684909939766,-0.4946982990950346,0.49755436554551125,0.0730857290327549
0.12871237471699715,0.036047741770744324,-0.33430638164281845,0.4153965190052986,-0.3423684909939766,-0.4946982990950346,0.49755436554551125,0.0730857290327549
-0.1277786076068878,0.06639617383480072,0.49653573632240294,-0.15604450702667236,0.1874976336956024,0.15060340762138366,0.15887007713317872,0.18977973759174346
-0.06346444359847478,0.05685673015458243,0.2573896774223873,0.3908727105174746,-0.07549161144665309,0.29006594100168775,-0.35479132405349184,0.8589640515191215
-0.4495236426591873,-0.2285228818655014,0.07830297350883483,-0.5532841473817826,0.47135513424873354,0.2217530518770218,-0.016314113140106203,0.5374780327081681
0.2656640689820051,-0.23575792089104652,0.23880324140191078,0.5319139994680882,0.1155999954789877,-0.0007097283378243446,0.39019530452787876,0.5100942552089691
0.036924262841542564,-0.013140435020128885,0.30324406425158185,0.015880237023035686,0.23988303542137146,0.054465306301911674,-0.16001343230406442,0.5528573642174403
0.2656640689820051,-0.23575792089104652,0.23880324140191078,0.5319139994680882,0.1155999954789877,-0.0007097283378243446,0.39019530452787876,0.5100942552089691
-0.1277786076068878,0.06639617383480072,0.49653573632240294,-0.15604450702667236,0.1874976336956024,0.15060340762138366,0.15887007713317872,0.18977973759174346
0.12871237471699715,0.036047741770744324,-0.33430638164281845,0.4153965190052986,-0.3423684909939766,-0.4946982990950346,0.49755436554551125,0.0730857290327549
0.12871237471699715,0.036047741770744324,-0.33430638164281845,0.4153965190052986,-0.3423684909939766,-0.4946982990950346,0.49755436554551125,0.0730857290327549
-0.06346444359847478,0.05685673015458243,0.2573896774223873,0.3908727105174746,-0.07549161144665309,0.29006594100168775,-0.35479132405349184,0.8589640515191215
-0.4495236426591873,-0.2285228818655014,0.07830297350883483,-0.5532841473817826,0.47135513424873354,0.2217530518770218,-0.016314113140106203,0.5374780327081681
0.2656640689820051,-0.23575792089104652,0.23880324140191078,0.5319139994680882,0.1155999954789877,-0.0007097283378243446,0.39019530452787876,0.5100942552089691
0.036924262841542564,-0.013140435020128885,0.30324406425158185,0.015880237023035686,0.23988303542137146,0.054465306301911674,-0.16001343230406442,0.5528573642174403
-0.06346444359847478,0.05685673015458243,0.2573896774223873,0.3908727105174746,-0.07549161144665309,0.29006594100168775,-0.35479132405349184,0.8589640515191215
-0.4495236426591873,-0.2285228818655014,0.07830297350883483,-0.5532841473817826,0.47135513424873354,0.2217530518770218,-0.016314113140106203,0.5374780327081681
0.2002875589662128,-0.28403618931770325,0.3446754780080583,0.32813362611664665,0.08986939986546834,0.07150475101338492,0.05326683819293976,0.40372142526838517
0.036924262841542564,-0.013140435020128885,0.30324406425158185,0.015880237023035686,0.23988303542137146,0.054465306301911674,-0.16001343230406442,0.5528573642174403
-0.06346444359847478,0.05685673015458243,0.2573896774223873,0.3908727105174746,-0.07549161144665309,0.29006594100168775,-0.35479132405349184,0.8589640515191215
0.2656640689820051,-0.23575792089104652,0.23880324140191078,0.5319139994680882,0.1155999954789877,-0.0007097283378243446,0.39019530452787876,0.5100942552089691
0.036924262841542564,-0.013140435020128885,0.30324406425158185,0.015880237023035686,0.23988303542137146,0.054465306301911674,-0.16001343230406442,0.5528573642174403
0.036924262841542564,-0.013140435020128885,0.30324406425158185,0.015880237023035686,0.23988303542137146,0.054465306301911674,-0.16001343230406442,0.5528573642174403
0.036924262841542564,-0.013140435020128885,0.30324406425158185,0.015880237023035686,0.23988303542137146,0.054465306301911674,-0.16001343230406442,0.5528573642174403
0.2656640689820051,-0.23575792089104652,0.23880324140191078,0.5319139994680882,0.1155999954789877,-0.0007097283378243446,0.39019530452787876,0.5100942552089691
0.2656640689820051,-0.23575792089104652,0.23880324140191078,0.5319139994680882,0.1155999954789877,-0.0007097283378243446,0.39019530452787876,0.5100942552089691
-0.06346444359847478,0.05685673015458243,0.2573896774223873,0.3908727105174746,-0.07549161144665309,0.29006594100168775,-0.35479132405349184,0.8589640515191215
0.036924262841542564,-0.013140435020128885,0.30324406425158185,0.015880237023035686,0.23988303542137146,0.054465306301911674,-0.16001343230406442,0.5528573642174403
0.0066990479826927185,-0.16886976609627405,0.09527044743299484,0.4053816373149554,0.332288292547067,0.49372581268350285,0.02072699119647344,0.04940100759267807
0.26748602588971454,-0.6579678927858671,0.21534560372432074,0.676733735948801,0.7498351608713468,-0.02952200546860695,0.6458529382944107,0.15518977493047714
-0.38550639649232227,-0.04189561059077581,-0.033151725927988686,0.15820871045192084,0.421822523077329,0.27003680914640427,0.08459000786145528,0.41078540061910945
0.364517405629158,-0.28133105784654616,0.1837385416030884,1.1327306032180786,-0.20658136606216432,0.27959903329610825,0.7875316947698593,-0.06766918450593948
0.10198581715424855,0.0880565196275711,0.47972897936900455,0.19069447120030722,0.4393124928077062,-0.23752784977356592,0.5698131024837494,-0.1753786082069079
0.5374316442757845,-0.2239822782576084,0.18284587003290653,0.0029967371374368668,0.27752313762903214,0.21108532045036554,0.1964737195521593,-0.1389637067914009
0.2694703681128366,-0.11355217014040266,0.41609794752938406,-0.20335311336176737,-0.2986437146152769,0.1491049900650978,0.36057567383561817,0.8171611321823937
0.05373406708240509,0.043180251121521,0.37569316625595095,0.02697208374738693,-0.22181263864040374,0.24291227906942367,-0.05670428872108459,0.49591599181294443
0.006362938455172947,-0.14438453955309732,0.08303553078855787,-0.028630533388682773,0.07979414718491691,0.0010691604443958827,0.11150596823011126,0.2968167556183679
0.03311777859926224,0.04806923866271973,0.07389375567436218,0.691468670964241,0.3492918536067009,0.03181995451450348,0.47073542326688766,-0.45966267585754395
-0.06690141558647156,-1.2359731495380402,0.06246155500411987,0.5348002165555954,-0.6015139296650887,0.31861335784196854,-0.2152075543999672,0.8554357290267944
0.08873330801725388,0.6847113072872162,-0.10051962733268738,0.3472967743873596,0.3649606332182884,-0.5394275709986687,0.2649550065398216,0.9225757718086243
0.08873330801725388,0.6847113072872162,-0.10051962733268738,0.3472967743873596,0.3649606332182884,-0.5394275709986687,0.2649550065398216,0.9225757718086243
0.08873330801725388,0.6847113072872162,-0.10051962733268738,0.3472967743873596,0.3649606332182884,-0.5394275709986687,0.2649550065398216,0.9225757718086243
0.14791915118694304,-0.09501721858978271,-0.2572470709681511,0.588645726442337,0.13976048827171325,-0.0874050959944725,0.16285829842090607,-0.3758742302656174
0.14791915118694304,-0.09501721858978271,-0.2572470709681511,0.588645726442337,0.13976048827171325,-0.0874050959944725,0.16285829842090607,-0.3758742302656174
0.14791915118694304,-0.09501721858978271,-0.2572470709681511,0.588645726442337,0.13976048827171325,-0.0874050959944725,0.16285829842090607,-0.3758742302656174
0.14791915118694304,-0.09501721858978271,-0.2572470709681511,0.588645726442337,0.13976048827171325,-0.0874050959944725,0.16285829842090607,-0.3758742302656174
-0.07526246706644694,-0.21223573635021845,0.05504156524936358,1.081965833902359,0.35690389821926755,0.7936430138846239,0.10130594670772552,-0.40013838559389114
0.48412841984203886,-0.09368346418653216,0.47579608644757954,-0.10375555072511945,0.2125591082232339,-0.2933646248919623,0.5756811669894627,0.33220480595316204
0.0480734221637249,0.6613901741802692,0.1221415176987648,0.19735156744718552,-0.08994992822408676,0.2531921174377203,0.1295105554163456,0.15921581164002419
-0.05898882895708084,0.6153406202793121,0.018081706762313843,0.4165943503379822,-0.07958763241767883,-0.049400195479393005,0.6600161910057067,0.3097363501787186
0.0480734221637249,0.6613901741802692,0.1221415176987648,0.19735156744718552,-0.08994992822408676,0.2531921174377203,0.1295105554163456,0.15921581164002419
0.0480734221637249,0.6613901741802692,0.1221415176987648,0.19735156744718552,-0.08994992822408676,0.2531921174377203,0.1295105554163456,0.15921581164002419
0.08873330801725388,0.6847113072872162,-0.10051962733268738,0.3472967743873596,0.3649606332182884,-0.5394275709986687,0.2649550065398216,0.9225757718086243
0.08873330801725388,0.6847113072872162,-0.10051962733268738,0.3472967743873596,0.3649606332182884,-0.5394275709986687,0.2649550065398216,0.9225757718086243
0.08873330801725388,0.6847113072872162,-0.10051962733268738,0.3472967743873596,0.3649606332182884,-0.5394275709986687,0.2649550065398216,0.9225757718086243
0.08873330801725388,0.6847113072872162,-0.10051962733268738,0.3472967743873596,0.3649606332182884,-0.5394275709986687,0.2649550065398216,0.9225757718086243
-0.13526421189308166,-0.13082747161388397,0.05585184395313263,1.0420304894447328,0.0146293967962265,0.6440180733799934,0.3567523300647736,-0.045823249220848086
0.04344871640205383,-0.14518782123923302,0.14190436154603958,0.3559616431593895,-0.3239738270640373,-0.007162733003497124,0.31448208913207054,0.3656838797032833
0.08873330801725388,0.6847113072872162,-0.10051962733268738,0.3472967743873596,0.3649606332182884,-0.5394275709986687,0.2649550065398216,0.9225757718086243
0.7779410779476166,0.5511933863162994,0.21106838434934616,0.5995280295610428,1.2443957850337029,-0.1249241977930069,-0.1949780061841011,0.5109774768352509
0.7779410779476166,0.5511933863162994,0.21106838434934616,0.5995280295610428,1.2443957850337029,-0.1249241977930069,-0.1949780061841011,0.5109774768352509
0.7779410779476166,0.5511933863162994,0.21106838434934616,0.5995280295610428,1.2443957850337029,-0.1249241977930069,-0.1949780061841011,0.5109774768352509
0.19350288808345795,-0.20680842101573943,-0.0719253659248352,0.4032595962285995,-0.37772753536701204,-0.014744080603122711,-0.16626313626766204,0.05020407736301422
0.7779410779476166,0.5511933863162994,0.21106838434934616,0.5995280295610428,1.2443957850337029,-0.1249241977930069,-0.1949780061841011,0.5109774768352509
0.7779410779476166,0.5511933863162994,0.21106838434934616,0.5995280295610428,1.2443957850337029,-0.1249241977930069,-0.1949780061841011,0.5109774768352509
0.7779410779476166,0.5511933863162994,0.21106838434934616,0.5995280295610428,1.2443957850337029,-0.1249241977930069,-0.1949780061841011,0.5109774768352509
0.7779410779476166,0.5511933863162994,0.21106838434934616,0.5995280295610428,1.2443957850337029,-0.1249241977930069,-0.1949780061841011,0.5109774768352509
0.7779410779476166,0.5511933863162994,0.21106838434934616,0.5995280295610428,1.2443957850337029,-0.1249241977930069,-0.1949780061841011,0.5109774768352509
0.7779410779476166,0.5511933863162994,0.21106838434934616,0.5995280295610428,1.2443957850337029,-0.1249241977930069,-0.1949780061841011,0.5109774768352509
0.7779410779476166,0.5511933863162994,0.21106838434934616,0.5995280295610428,1.2443957850337029,-0.1249241977930069,-0.1949780061841011,0.5109774768352509
0.7779410779476166,0.5511933863162994,0.21106838434934616,0.5995280295610428,1.2443957850337029,-0.1249241977930069,-0.1949780061841011,0.5109774768352509
0.7779410779476166,0.5511933863162994,0.21106838434934616,0.5995280295610428,1.2443957850337029,-0.1249241977930069,-0.1949780061841011,0.5109774768352509
0.7779410779476166,0.5511933863162994,0.21106838434934616,0.5995280295610428,1.2443957850337029,-0.1249241977930069,-0.1949780061841011,0.5109774768352509
0.7779410779476166,0.5511933863162994,0.21106838434934616,0.5995280295610428,1.2443957850337029,-0.1249241977930069,-0.1949780061841011,0.5109774768352509
0.7779410779476166,0.5511933863162994,0.21106838434934616,0.5995280295610428,1.2443957850337029,-0.1249241977930069,-0.1949780061841011,0.5109774768352509
0.7779410779476166,0.5511933863162994,0.21106838434934616,0.5995280295610428,1.2443957850337029,-0.1249241977930069,-0.1949780061841011,0.5109774768352509
0.7779410779476166,0.5511933863162994,0.21106838434934616,0.5995280295610428,1.2443957850337029,-0.1249241977930069,-0.1949780061841011,0.5109774768352509
0.7779410779476166,0.5511933863162994,0.21106838434934616,0.5995280295610428,1.2443957850337029,-0.1249241977930069,-0.1949780061841011,0.5109774768352509
0.7779410779476166,0.5511933863162994,0.21106838434934616,0.5995280295610428,1.2443957850337029,-0.1249241977930069,-0.1949780061841011,0.5109774768352509
0.7779410779476166,0.5511933863162994,0.21106838434934616,0.5995280295610428,1.2443957850337029,-0.1249241977930069,-0.1949780061841011,0.5109774768352509
0.7779410779476166,0.5511933863162994,0.21106838434934616,0.5995280295610428,1.2443957850337029,-0.1249241977930069,-0.1949780061841011,0.5109774768352509
0.7779410779476166,0.5511933863162994,0.21106838434934616,0.5995280295610428,1.2443957850337029,-0.1249241977930069,-0.1949780061841011,0.5109774768352509
0.7779410779476166,0.5511933863162994,0.21106838434934616,0.5995280295610428,1.2443957850337029,-0.1249241977930069,-0.1949780061841011,0.5109774768352509
0.7779410779476166,0.5511933863162994,0.21106838434934616,0.5995280295610428,1.2443957850337029,-0.1249241977930069,-0.1949780061841011,0.5109774768352509
0.7779410779476166,0.5511933863162994,0.21106838434934616,0.5995280295610428,1.2443957850337029,-0.1249241977930069,-0.1949780061841011,0.5109774768352509
0.7779410779476166,0.5511933863162994,0.21106838434934616,0.5995280295610428,1.2443957850337029,-0.1249241977930069,-0.1949780061841011,0.5109774768352509
0.7779410779476166,0.5511933863162994,0.21106838434934616,0.5995280295610428,1.2443957850337029,-0.1249241977930069,-0.1949780061841011,0.5109774768352509
0.7779410779476166,0.5511933863162994,0.21106838434934616,0.5995280295610428,1.2443957850337029,-0.1249241977930069,-0.1949780061841011,0.5109774768352509
0.7779410779476166,0.5511933863162994,0.21106838434934616,0.5995280295610428,1.2443957850337029,-0.1249241977930069,-0.1949780061841011,0.5109774768352509
0.7779410779476166,0.5511933863162994,0.21106838434934616,0.5995280295610428,1.2443957850337029,-0.1249241977930069,-0.1949780061841011,0.5109774768352509
0.19350288808345795,-0.20680842101573943,-0.0719253659248352,0.4032595962285995,-0.37772753536701204,-0.014744080603122711,-0.16626313626766204,0.05020407736301422
-0.31489749252796173,0.02923143406709035,0.6017361283302307,0.24776230421331194,0.3362129264407688,0.44484423100948334,0.3089376903242535,-0.0655733777417077
-0.31489749252796173,0.02923143406709035,0.6017361283302307,0.24776230421331194,0.3362129264407688,0.44484423100948334,0.3089376903242535,-0.0655733777417077
-0.31489749252796173,0.02923143406709035,0.6017361283302307,0.24776230421331194,0.3362129264407688,0.44484423100948334,0.3089376903242535,-0.0655733777417077
-0.31489749252796173,0.02923143406709035,0.6017361283302307,0.24776230421331194,0.3362129264407688,0.44484423100948334,0.3089376903242535,-0.0655733777417077
-0.31489749252796173,0.02923143406709035,0.6017361283302307,0.24776230421331194,0.3362129264407688,0.44484423100948334,0.3089376903242535,-0.0655733777417077
-0.31489749252796173,0.02923143406709035,0.6017361283302307,0.24776230421331194,0.3362129264407688,0.44484423100948334,0.3089376903242535,-0.0655733777417077
-0.31489749252796173,0.02923143406709035,0.6017361283302307,0.24776230421331194,0.3362129264407688,0.44484423100948334,0.3089376903242535,-0.0655733777417077
-0.31489749252796173,0.02923143406709035,0.6017361283302307,0.24776230421331194,0.3362129264407688,0.44484423100948334,0.3089376903242535,-0.0655733777417077
-0.31489749252796173,0.02923143406709035,0.6017361283302307,0.24776230421331194,0.3362129264407688,0.44484423100948334,0.3089376903242535,-0.0655733777417077
-0.31489749252796173,0.02923143406709035,0.6017361283302307,0.24776230421331194,0.3362129264407688,0.44484423100948334,0.3089376903242535,-0.0655733777417077
-0.31489749252796173,0.02923143406709035,0.6017361283302307,0.24776230421331194,0.3362129264407688,0.44484423100948334,0.3089376903242535,-0.0655733777417077
-0.31489749252796173,0.02923143406709035,0.6017361283302307,0.24776230421331194,0.3362129264407688,0.44484423100948334,0.3089376903242535,-0.0655733777417077
-0.31489749252796173,0.02923143406709035,0.6017361283302307,0.24776230421331194,0.3362129264407688,0.44484423100948334,0.3089376903242535,-0.0655733777417077
-0.31489749252796173,0.02923143406709035,0.6017361283302307,0.24776230421331194,0.3362129264407688,0.44484423100948334,0.3089376903242535,-0.0655733777417077
-0.31489749252796173,0.02923143406709035,0.6017361283302307,0.24776230421331194,0.3362129264407688,0.44484423100948334,0.3089376903242535,-0.0655733777417077
-0.31489749252796173,0.02923143406709035,0.6017361283302307,0.24776230421331194,0.3362129264407688,0.44484423100948334,0.3089376903242535,-0.0655733777417077
-0.31489749252796173,0.02923143406709035,0.6017361283302307,0.24776230421331194,0.3362129264407688,0.44484423100948334,0.3089376903242535,-0.0655733777417077
-0.31489749252796173,0.02923143406709035,0.6017361283302307,0.24776230421331194,0.3362129264407688,0.44484423100948334,0.3089376903242535,-0.0655733777417077
-0.31489749252796173,0.02923143406709035,0.6017361283302307,0.24776230421331194,0.3362129264407688,0.44484423100948334,0.3089376903242535,-0.0655733777417077
-0.31489749252796173,0.02923143406709035,0.6017361283302307,0.24776230421331194,0.3362129264407688,0.44484423100948334,0.3089376903242535,-0.0655733777417077
-0.31489749252796173,0.02923143406709035,0.6017361283302307,0.24776230421331194,0.3362129264407688,0.44484423100948334,0.3089376903242535,-0.0655733777417077
-0.31489749252796173,0.02923143406709035,0.6017361283302307,0.24776230421331194,0.3362129264407688,0.44484423100948334,0.3089376903242535,-0.0655733777417077
-0.31489749252796173,0.02923143406709035,0.6017361283302307,0.24776230421331194,0.3362129264407688,0.44484423100948334,0.3089376903242535,-0.0655733777417077
-0.31489749252796173,0.02923143406709035,0.6017361283302307,0.24776230421331194,0.3362129264407688,0.44484423100948334,0.3089376903242535,-0.0655733777417077
-0.31489749252796173,0.02923143406709035,0.6017361283302307,0.24776230421331194,0.3362129264407688,0.44484423100948334,0.3089376903242535,-0.0655733777417077
-0.31489749252796173,0.02923143406709035,0.6017361283302307,0.24776230421331194,0.3362129264407688,0.44484423100948334,0.3089376903242535,-0.0655733777417077
-0.31489749252796173,0.02923143406709035,0.6017361283302307,0.24776230421331194,0.3362129264407688,0.44484423100948334,0.3089376903242535,-0.0655733777417077
0.19350288808345795,-0.20680842101573943,-0.0719253659248352,0.4032595962285995,-0.37772753536701204,-0.014744080603122711,-0.16626313626766204,0.05020407736301422
0.7779410779476166,0.5511933863162994,0.21106838434934616,0.5995280295610428,1.2443957850337029,-0.1249241977930069,-0.1949780061841011,0.5109774768352509
-0.44757696986198425,-1.1140183011690776,0.4758120576540629,0.8708270986874899,-0.14564122756322226,-0.4584881712992986,-0.39368653297424316,0.24846590558687845
-0.44757696986198425,-1.1140183011690776,0.4758120576540629,0.8708270986874899,-0.14564122756322226,-0.4584881712992986,-0.39368653297424316,0.24846590558687845
-0.44757696986198425,-1.1140183011690776,0.4758120576540629,0.8708270986874899,-0.14564122756322226,-0.4584881712992986,-0.39368653297424316,0.24846590558687845
-0.44757696986198425,-1.1140183011690776,0.4758120576540629,0.8708270986874899,-0.14564122756322226,-0.4584881712992986,-0.39368653297424316,0.24846590558687845
-0.44757696986198425,-1.1140183011690776,0.4758120576540629,0.8708270986874899,-0.14564122756322226,-0.4584881712992986,-0.39368653297424316,0.24846590558687845
-0.44757696986198425,-1.1140183011690776,0.4758120576540629,0.8708270986874899,-0.14564122756322226,-0.4584881712992986,-0.39368653297424316,0.24846590558687845
0.1349644809961319,-0.24864201247692108,0.2606943428516388,0.306316140294075,0.13089180290699004,0.42792681604623795,0.32615765631198884,-0.26250537633895876
0.7779410779476166,0.5511933863162994,0.21106838434934616,0.5995280295610428,1.2443957850337029,-0.1249241977930069,-0.1949780061841011,0.5109774768352509
0.04113636165857315,0.015188127756118774,0.15954603751500449,0.5351503839095434,0.24341160555680594,0.11908877765138944,0.546138696372509,-0.017972975969314575
0.5394120166699091,0.6167123715082804,-0.6345258206129074,1.128328561782837,-0.70678182442983,0.7446461717287699,1.2493480642636616,0.11413298050562541
0.5394120166699091,0.6167123715082804,-0.6345258206129074,1.128328561782837,-0.70678182442983,0.7446461717287699,1.2493480642636616,0.11413298050562541
0.5394120166699091,0.6167123715082804,-0.6345258206129074,1.128328561782837,-0.70678182442983,0.7446461717287699,1.2493480642636616,0.11413298050562541
0.14701604843139648,0.0016693361103534698,0.39661892503499985,0.08038073033094406,0.14881382510066032,-0.10541645996272564,-0.3916950784623623,0.04980013519525528
0.14701604843139648,0.0016693361103534698,0.39661892503499985,0.08038073033094406,0.14881382510066032,-0.10541645996272564,-0.3916950784623623,0.04980013519525528
0.14701604843139648,0.0016693361103534698,0.39661892503499985,0.08038073033094406,0.14881382510066032,-0.10541645996272564,-0.3916950784623623,0.04980013519525528
0.14701604843139648,0.0016693361103534698,0.39661892503499985,0.08038073033094406,0.14881382510066032,-0.10541645996272564,-0.3916950784623623,0.04980013519525528
-0.5703718066215515,0.0766347348690033,0.01724928617477417,0.7092811614274979,1.0203458964824677,0.13253657519817352,-1.0841200724244118,-0.3391600176692009
-0.08882714435458183,0.4022197611629963,-0.11476659029722214,0.10851193219423294,0.7035799436271191,0.039389124140143394,-0.15540331229567528,0.20877394825220108
0.14701604843139648,0.0016693361103534698,0.39661892503499985,0.08038073033094406,0.14881382510066032,-0.10541645996272564,-0.3916950784623623,0.04980013519525528
0.14701604843139648,0.0016693361103534698,0.39661892503499985,0.08038073033094406,0.14881382510066032,-0.10541645996272564,-0.3916950784623623,0.04980013519525528
-0.08882714435458183,0.4022197611629963,-0.11476659029722214,0.10851193219423294,0.7035799436271191,0.039389124140143394,-0.15540331229567528,0.20877394825220108
0.14701604843139648,0.0016693361103534698,0.39661892503499985,0.08038073033094406,0.14881382510066032,-0.10541645996272564,-0.3916950784623623,0.04980013519525528
-0.5703718066215515,0.0766347348690033,0.01724928617477417,0.7092811614274979,1.0203458964824677,0.13253657519817352,-1.0841200724244118,-0.3391600176692009
-0.08882714435458183,0.4022197611629963,-0.11476659029722214,0.10851193219423294,0.7035799436271191,0.039389124140143394,-0.15540331229567528,0.20877394825220108
-0.08882714435458183,0.4022197611629963,-0.11476659029722214,0.10851193219423294,0.7035799436271191,0.039389124140143394,-0.15540331229567528,0.20877394825220108
-0.08882714435458183,0.4022197611629963,-0.11476659029722214,0.10851193219423294,0.7035799436271191,0.039389124140143394,-0.15540331229567528,0.20877394825220108
0.14701604843139648,0.0016693361103534698,0.39661892503499985,0.08038073033094406,0.14881382510066032,-0.10541645996272564,-0.3916950784623623,0.04980013519525528
0.14701604843139648,0.0016693361103534698,0.39661892503499985,0.08038073033094406,0.14881382510066032,-0.10541645996272564,-0.3916950784623623,0.04980013519525528
0.14701604843139648,0.0016693361103534698,0.39661892503499985,0.08038073033094406,0.14881382510066032,-0.10541645996272564,-0.3916950784623623,0.04980013519525528
-0.5703718066215515,0.0766347348690033,0.01724928617477417,0.7092811614274979,1.0203458964824677,0.13253657519817352,-1.0841200724244118,-0.3391600176692009
-0.08882714435458183,0.4022197611629963,-0.11476659029722214,0.10851193219423294,0.7035799436271191,0.039389124140143394,-0.15540331229567528,0.20877394825220108
0.20728177470820291,-0.0894960995231356,0.2102635375091008,0.3549590940986361,0.011663294264248439,-0.031912174608026235,0.013607638222830636,0.15754126863820211
0.22728381554285684,0.08523232489824295,-0.10661719739437103,0.14590827624003092,0.3570037434498469,0.10645875955621402,0.018795480330785114,0.27734165638685226
0.20728177470820291,-0.0894960995231356,0.2102635375091008,0.3549590940986361,0.011663294264248439,-0.031912174608026235,0.013607638222830636,0.15754126863820211
0.30357207854588825,-0.29353151222070056,0.311478853225708,0.34928710261980694,0.15132361153761545,-0.9122363676627477,-1.014873628815015,-0.20132814844449362
0.30357207854588825,-0.29353151222070056,0.311478853225708,0.34928710261980694,0.15132361153761545,-0.9122363676627477,-1.014873628815015,-0.20132814844449362
0.11189472079277038,0.2188918486237526,0.17936483323574065,-0.23562464714050294,-0.11131434142589569,-0.833495882153511,0.484939432144165,0.2083852022886276
-0.3279996246099472,-0.161939537525177,0.634341162443161,0.21594141125679017,-0.06796041131019592,0.6434032902121544,0.23061037361621856,-0.3077098220586777
0.12871237471699715,0.036047741770744324,-0.33430638164281845,0.4153965190052986,-0.3423684909939766,-0.4946982990950346,0.49755436554551125,0.0730857290327549
0.12871237471699715,0.036047741770744324,-0.33430638164281845,0.4153965190052986,-0.3423684909939766,-0.4946982990950346,0.49755436554551125,0.0730857290327549
0.12871237471699715,0.036047741770744324,-0.33430638164281845,0.4153965190052986,-0.3423684909939766,-0.4946982990950346,0.49755436554551125,0.0730857290327549
0.12871237471699715,0.036047741770744324,-0.33430638164281845,0.4153965190052986,-0.3423684909939766,-0.4946982990950346,0.49755436554551125,0.0730857290327549
0.12871237471699715,0.036047741770744324,-0.33430638164281845,0.4153965190052986,-0.3423684909939766,-0.4946982990950346,0.49755436554551125,0.0730857290327549
0.069355708360672,-0.004090236127376556,0.2520747572183609,0.013663017749786377,-0.3872871845960617,-0.2427944928407669,0.4010550618171692,0.010314559936523438
0.069355708360672,-0.004090236127376556,0.2520747572183609,0.013663017749786377,-0.3872871845960617,-0.2427944928407669,0.4010550618171692,0.010314559936523438
0.11189472079277038,0.2188918486237526,0.17936483323574065,-0.23562464714050294,-0.11131434142589569,-0.833495882153511,0.484939432144165,0.2083852022886276
0.4003767669200897,-0.058898422334875376,-0.15426639361040934,0.09784441121986934,-0.25096992935453144,-0.5286888522761208,0.3570358029433659,0.01604459115437099
0.4003767669200897,-0.058898422334875376,-0.15426639361040934,0.09784441121986934,-0.25096992935453144,-0.5286888522761208,0.3570358029433659,0.01604459115437099
0.4003767669200897,-0.058898422334875376,-0.15426639361040934,0.09784441121986934,-0.25096992935453144,-0.5286888522761208,0.3570358029433659,0.01604459115437099
0.4347572674353917,-0.5122662335634232,-0.03544540206591288,0.566407784819603,-0.13051695128281912,0.4080833320816358,0.48594199617703754,-0.021896138787269592
0.4347572674353917,-0.5122662335634232,-0.03544540206591288,0.566407784819603,-0.13051695128281912,0.4080833320816358,0.48594199617703754,-0.021896138787269592
-0.35211293399333954,-1.0583475232124329,0.7408312857151031,1.2498326301574707,0.2914476990699768,-0.41084352880716324,0.4200519919395447,0.12437647581100464
0.036924262841542564,-0.013140435020128885,0.30324406425158185,0.015880237023035686,0.23988303542137146,0.054465306301911674,-0.16001343230406442,0.5528573642174403
0.036924262841542564,-0.013140435020128885,0.30324406425158185,0.015880237023035686,0.23988303542137146,0.054465306301911674,-0.16001343230406442,0.5528573642174403
0.036924262841542564,-0.013140435020128885,0.30324406425158185,0.015880237023035686,0.23988303542137146,0.054465306301911674,-0.16001343230406442,0.5528573642174403
0.036924262841542564,-0.013140435020128885,0.30324406425158185,0.015880237023035686,0.23988303542137146,0.054465306301911674,-0.16001343230406442,0.5528573642174403
0.26529596745967865,0.2631732275088628,0.6600229243437449,-0.12238018711407979,0.4512507418791453,0.8217156752943993,0.3916538804769516,0.3273518532514572
0.26529596745967865,0.2631732275088628,0.6600229243437449,-0.12238018711407979,0.4512507418791453,0.8217156752943993,0.3916538804769516,0.3273518532514572
0.26529596745967865,0.2631732275088628,0.6600229243437449,-0.12238018711407979,0.4512507418791453,0.8217156752943993,0.3916538804769516,0.3273518532514572
0.26529596745967865,0.2631732275088628,0.6600229243437449,-0.12238018711407979,0.4512507418791453,0.8217156752943993,0.3916538804769516,0.3273518532514572
0.1956129252910614,-0.12204857766628266,0.21362111568450928,0.5338422864675522,0.19731317162513734,0.5171851247549057,0.634647724032402,-0.2851094871759415
-0.5990318655967712,-0.21910410267966135,-0.31245636088507517,0.02658805251121521,-0.11291090292590004,0.07738580874034337,0.5729923077992031,0.8111051619052887
-0.4595290273427963,-0.4351246676274708,0.006609469652175903,-0.2634760503258024,0.6176242019448962,0.5950290837458202,0.05223539897373745,0.26743689605167936
0.26529596745967865,0.2631732275088628,0.6600229243437449,-0.12238018711407979,0.4512507418791453,0.8217156752943993,0.3916538804769516,0.3273518532514572
-0.14983902871608734,-0.6264686673879624,1.0265482008457183,0.3497688263654709,0.04785844683647156,0.5087960436940193,-0.4705116242170334,0.7048842698335648
-0.5990318655967712,-0.21910410267966135,-0.31245636088507517,0.02658805251121521,-0.11291090292590004,0.07738580874034337,0.5729923077992031,0.8111051619052887
-0.5990318655967712,-0.21910410267966135,-0.31245636088507517,0.02658805251121521,-0.11291090292590004,0.07738580874034337,0.5729923077992031,0.8111051619052887
-0.4595290273427963,-0.4351246676274708,0.006609469652175903,-0.2634760503258024,0.6176242019448962,0.5950290837458202,0.05223539897373745,0.26743689605167936
0.26529596745967865,0.2631732275088628,0.6600229243437449,-0.12238018711407979,0.4512507418791453,0.8217156752943993,0.3916538804769516,0.3273518532514572
-0.5990318655967712,-0.21910410267966135,-0.31245636088507517,0.02658805251121521,-0.11291090292590004,0.07738580874034337,0.5729923077992031,0.8111051619052887
0.26529596745967865,0.2631732275088628,0.6600229243437449,-0.12238018711407979,0.4512507418791453,0.8217156752943993,0.3916538804769516,0.3273518532514572
-0.4595290273427963,-0.4351246676274708,0.006609469652175903,-0.2634760503258024,0.6176242019448962,0.5950290837458202,0.05223539897373745,0.26743689605167936
0.7256656090418497,0.005977566043535869,-0.22108490020036697,-0.5180066625277201,-0.4610215748349826,-0.06221989790598551,0.36390091975529987,0.7079504330952963
0.013300929218530655,0.462389200925827,-0.0030012894421815872,1.0091141760349274,0.470125550404191,0.010343208909034729,0.6164331585168839,0.6591056175529957
0.26529596745967865,0.2631732275088628,0.6600229243437449,-0.12238018711407979,0.4512507418791453,0.8217156752943993,0.3916538804769516,0.3273518532514572
0.26529596745967865,0.2631732275088628,0.6600229243437449,-0.12238018711407979,0.4512507418791453,0.8217156752943993,0.3916538804769516,0.3273518532514572
0.12871237471699715,0.036047741770744324,-0.33430638164281845,0.4153965190052986,-0.3423684909939766,-0.4946982990950346,0.49755436554551125,0.0730857290327549
0.12871237471699715,0.036047741770744324,-0.33430638164281845,0.4153965190052986,-0.3423684909939766,-0.4946982990950346,0.49755436554551125,0.0730857290327549
0.12871237471699715,0.036047741770744324,-0.33430638164281845,0.4153965190052986,-0.3423684909939766,-0.4946982990950346,0.49755436554551125,0.0730857290327549
0.22235994910200438,0.2930165231227875,0.3395800068974495,-0.28079325954119366,0.3108339458703995,0.4111525093515714,0.7598631878693899,0.18126303205887476
0.17539402097463608,-0.3268905393779278,0.19466515630483627,0.5999222472310066,-0.33568697422742844,0.646365599706769,0.4455072619020939,0.16487035527825356
0.17539402097463608,-0.3268905393779278,0.19466515630483627,0.5999222472310066,-0.33568697422742844,0.646365599706769,0.4455072619020939,0.16487035527825356
0.17539402097463608,-0.3268905393779278,0.19466515630483627,0.5999222472310066,-0.33568697422742844,0.646365599706769,0.4455072619020939,0.16487035527825356
0.12871237471699715,0.036047741770744324,-0.33430638164281845,0.4153965190052986,-0.3423684909939766,-0.4946982990950346,0.49755436554551125,0.0730857290327549
0.12871237471699715,0.036047741770744324,-0.33430638164281845,0.4153965190052986,-0.3423684909939766,-0.4946982990950346,0.49755436554551125,0.0730857290327549
0.12871237471699715,0.036047741770744324,-0.33430638164281845,0.4153965190052986,-0.3423684909939766,-0.4946982990950346,0.49755436554551125,0.0730857290327549
0.12871237471699715,0.036047741770744324,-0.33430638164281845,0.4153965190052986,-0.3423684909939766,-0.4946982990950346,0.49755436554551125,0.0730857290327549
0.12871237471699715,0.036047741770744324,-0.33430638164281845,0.4153965190052986,-0.3423684909939766,-0.4946982990950346,0.49755436554551125,0.0730857290327549
0.12871237471699715,0.036047741770744324,-0.33430638164281845,0.4153965190052986,-0.3423684909939766,-0.4946982990950346,0.49755436554551125,0.0730857290327549
0.17539402097463608,-0.3268905393779278,0.19466515630483627,0.5999222472310066,-0.33568697422742844,0.646365599706769,0.4455072619020939,0.16487035527825356
0.17539402097463608,-0.3268905393779278,0.19466515630483627,0.5999222472310066,-0.33568697422742844,0.646365599706769,0.4455072619020939,0.16487035527825356
0.17539402097463608,-0.3268905393779278,0.19466515630483627,0.5999222472310066,-0.33568697422742844,0.646365599706769,0.4455072619020939,0.16487035527825356
0.12871237471699715,0.036047741770744324,-0.33430638164281845,0.4153965190052986,-0.3423684909939766,-0.4946982990950346,0.49755436554551125,0.0730857290327549
0.12871237471699715,0.036047741770744324,-0.33430638164281845,0.4153965190052986,-0.3423684909939766,-0.4946982990950346,0.49755436554551125,0.0730857290327549
0.12871237471699715,0.036047741770744324,-0.33430638164281845,0.4153965190052986,-0.3423684909939766,-0.4946982990950346,0.49755436554551125,0.0730857290327549
0.12871237471699715,0.036047741770744324,-0.33430638164281845,0.4153965190052986,-0.3423684909939766,-0.4946982990950346,0.49755436554551125,0.0730857290327549
0.12871237471699715,0.036047741770744324,-0.33430638164281845,0.4153965190052986,-0.3423684909939766,-0.4946982990950346,0.49755436554551125,0.0730857290327549
0.12871237471699715,0.036047741770744324,-0.33430638164281845,0.4153965190052986,-0.3423684909939766,-0.4946982990950346,0.49755436554551125,0.0730857290327549
0.12871237471699715,0.036047741770744324,-0.33430638164281845,0.4153965190052986,-0.3423684909939766,-0.4946982990950346,0.49755436554551125,0.0730857290327549
0.12871237471699715,0.036047741770744324,-0.33430638164281845,0.4153965190052986,-0.3423684909939766,-0.4946982990950346,0.49755436554551125,0.0730857290327549
0.12871237471699715,0.036047741770744324,-0.33430638164281845,0.4153965190052986,-0.3423684909939766,-0.4946982990950346,0.49755436554551125,0.0730857290327549
0.14791915118694304,-0.09501721858978271,-0.2572470709681511,0.588645726442337,0.13976048827171325,-0.0874050959944725,0.16285829842090607,-0.3758742302656174
0.14791915118694304,-0.09501721858978271,-0.2572470709681511,0.588645726442337,0.13976048827171325,-0.0874050959944725,0.16285829842090607,-0.3758742302656174
0.14791915118694304,-0.09501721858978271,-0.2572470709681511,0.588645726442337,0.13976048827171325,-0.0874050959944725,0.16285829842090607,-0.3758742302656174
0.12871237471699715,0.036047741770744324,-0.33430638164281845,0.4153965190052986,-0.3423684909939766,-0.4946982990950346,0.49755436554551125,0.0730857290327549
0.12871237471699715,0.036047741770744324,-0.33430638164281845,0.4153965190052986,-0.3423684909939766,-0.4946982990950346,0.49755436554551125,0.0730857290327549
0.12871237471699715,0.036047741770744324,-0.33430638164281845,0.4153965190052986,-0.3423684909939766,-0.4946982990950346,0.49755436554551125,0.0730857290327549
0.22235994910200438,0.2930165231227875,0.3395800068974495,-0.28079325954119366,0.3108339458703995,0.4111525093515714,0.7598631878693899,0.18126303205887476
0.2707113077243169,0.3465106934309006,0.47594788670539856,0.6888077557086945,-0.5208288927872976,-0.027880899608135223,-0.5113432159026464,0.1787703956166903
0.12871237471699715,0.036047741770744324,-0.33430638164281845,0.4153965190052986,-0.3423684909939766,-0.4946982990950346,0.49755436554551125,0.0730857290327549
0.12871237471699715,0.036047741770744324,-0.33430638164281845,0.4153965190052986,-0.3423684909939766,-0.4946982990950346,0.49755436554551125,0.0730857290327549
0.12871237471699715,0.036047741770744324,-0.33430638164281845,0.4153965190052986,-0.3423684909939766,-0.4946982990950346,0.49755436554551125,0.0730857290327549
0.15163280963897705,-0.1760023683309555,0.3739256143569946,0.8760417878627778,0.30452238619327543,0.5458272963762283,0.21394731998443603,-0.50371915102005
0.29504022002220154,-0.0953582763671875,0.5453940480947495,0.051388710737228394,0.19023100137710572,0.6523708641529083,0.35471272468566895,-0.3540343284606934
0.29504022002220154,-0.0953582763671875,0.5453940480947495,0.051388710737228394,0.19023100137710572,0.6523708641529083,0.35471272468566895,-0.3540343284606934
0.12871237471699715,0.036047741770744324,-0.33430638164281845,0.4153965190052986,-0.3423684909939766,-0.4946982990950346,0.49755436554551125,0.0730857290327549
0.12871237471699715,0.036047741770744324,-0.33430638164281845,0.4153965190052986,-0.3423684909939766,-0.4946982990950346,0.49755436554551125,0.0730857290327549
-0.00033591900553022114,-0.07323158425944191,0.24281034299305507,0.5938935279846191,0.2671600154467991,0.17499700614384242,0.1980157494544983,-0.1576810543026243
-0.00033591900553022114,-0.07323158425944191,0.24281034299305507,0.5938935279846191,0.2671600154467991,0.17499700614384242,0.1980157494544983,-0.1576810543026243
0.32827234268188477,-0.67504458501935,0.08743228390812874,0.749289121478796,0.17944245040416718,0.6447072885930538,0.766883060336113,-0.548835277557373
0.12871237471699715,0.036047741770744324,-0.33430638164281845,0.4153965190052986,-0.3423684909939766,-0.4946982990950346,0.49755436554551125,0.0730857290327549
0.2707113077243169,0.3465106934309006,0.47594788670539856,0.6888077557086945,-0.5208288927872976,-0.027880899608135223,-0.5113432159026464,0.1787703956166903
0.2707113077243169,0.3465106934309006,0.47594788670539856,0.6888077557086945,-0.5208288927872976,-0.027880899608135223,-0.5113432159026464,0.1787703956166903
0.2707113077243169,0.3465106934309006,0.47594788670539856,0.6888077557086945,-0.5208288927872976,-0.027880899608135223,-0.5113432159026464,0.1787703956166903
0.4347572674353917,-0.5122662335634232,-0.03544540206591288,0.566407784819603,-0.13051695128281912,0.4080833320816358,0.48594199617703754,-0.021896138787269592
0.4347572674353917,-0.5122662335634232,-0.03544540206591288,0.566407784819603,-0.13051695128281912,0.4080833320816358,0.48594199617703754,-0.021896138787269592
0.4347572674353917,-0.5122662335634232,-0.03544540206591288,0.566407784819603,-0.13051695128281912,0.4080833320816358,0.48594199617703754,-0.021896138787269592
0.4347572674353917,-0.5122662335634232,-0.03544540206591288,0.566407784819603,-0.13051695128281912,0.4080833320816358,0.48594199617703754,-0.021896138787269592
0.4347572674353917,-0.5122662335634232,-0.03544540206591288,0.566407784819603,-0.13051695128281912,0.4080833320816358,0.48594199617703754,-0.021896138787269592
0.4347572674353917,-0.5122662335634232,-0.03544540206591288,0.566407784819603,-0.13051695128281912,0.4080833320816358,0.48594199617703754,-0.021896138787269592
0.4347572674353917,-0.5122662335634232,-0.03544540206591288,0.566407784819603,-0.13051695128281912,0.4080833320816358,0.48594199617703754,-0.021896138787269592
0.2707113077243169,0.3465106934309006,0.47594788670539856,0.6888077557086945,-0.5208288927872976,-0.027880899608135223,-0.5113432159026464,0.1787703956166903
0.2707113077243169,0.3465106934309006,0.47594788670539856,0.6888077557086945,-0.5208288927872976,-0.027880899608135223,-0.5113432159026464,0.1787703956166903
0.2707113077243169,0.3465106934309006,0.47594788670539856,0.6888077557086945,-0.5208288927872976,-0.027880899608135223,-0.5113432159026464,0.1787703956166903
0.2707113077243169,0.3465106934309006,0.47594788670539856,0.6888077557086945,-0.5208288927872976,-0.027880899608135223,-0.5113432159026464,0.1787703956166903
0.2707113077243169,0.3465106934309006,0.47594788670539856,0.6888077557086945,-0.5208288927872976,-0.027880899608135223,-0.5113432159026464,0.1787703956166903
0.2707113077243169,0.3465106934309006,0.47594788670539856,0.6888077557086945,-0.5208288927872976,-0.027880899608135223,-0.5113432159026464,0.1787703956166903
0.2707113077243169,0.3465106934309006,0.47594788670539856,0.6888077557086945,-0.5208288927872976,-0.027880899608135223,-0.5113432159026464,0.1787703956166903
0.2707113077243169,0.3465106934309006,0.47594788670539856,0.6888077557086945,-0.5208288927872976,-0.027880899608135223,-0.5113432159026464,0.1787703956166903
0.2707113077243169,0.3465106934309006,0.47594788670539856,0.6888077557086945,-0.5208288927872976,-0.027880899608135223,-0.5113432159026464,0.1787703956166903
0.2707113077243169,0.3465106934309006,0.47594788670539856,0.6888077557086945,-0.5208288927872976,-0.027880899608135223,-0.5113432159026464,0.1787703956166903
0.20393188297748566,-0.5766828805208206,0.22782445947329202,1.2014536261558533,0.3584373543659846,-0.4841078395644824,0.2493841995795568,-0.06496131916840871
0.2707113077243169,0.3465106934309006,0.47594788670539856,0.6888077557086945,-0.5208288927872976,-0.027880899608135223,-0.5113432159026464,0.1787703956166903
0.339072326819102,-0.30508239567279816,0.03450399140516917,0.25058018664518994,0.22004572053750357,0.09111563861370087,-0.29360221326351166,-0.27044136822223663
-0.13677407056093216,-0.37176787853240967,0.5560697888334593,0.13423312455415726,0.01340643564860026,0.49525972455739975,-0.009725662569204966,-0.09728981802860896
0.1349644809961319,-0.24864201247692108,0.2606943428516388,0.306316140294075,0.13089180290699004,0.42792681604623795,0.32615765631198884,-0.26250537633895876
0.15399940684437752,0.5279586724936962,-0.08137118630111217,0.3137414623051882,0.4268234632909298,0.15905715338885784,0.7617203500121832,-0.05150710139423609
-0.055100786685943606,0.059627854824066163,-0.4736205846071243,0.9983364164829254,0.12510867416858673,0.1467548280954361,0.1993467777967453,-0.5937352061271668
0.1349644809961319,-0.24864201247692108,0.2606943428516388,0.306316140294075,0.13089180290699004,0.42792681604623795,0.32615765631198884,-0.26250537633895876
0.2344474419951439,0.2760263495147228,-0.20736941881477833,0.056614698842167854,0.27849756367504597,0.5463885646313429,0.154422914609313,0.09738182183355093
0.12871237471699715,0.036047741770744324,-0.33430638164281845,0.4153965190052986,-0.3423684909939766,-0.4946982990950346,0.49755436554551125,0.0730857290327549
0.12871237471699715,0.036047741770744324,-0.33430638164281845,0.4153965190052986,-0.3423684909939766,-0.4946982990950346,0.49755436554551125,0.0730857290327549
0.12871237471699715,0.036047741770744324,-0.33430638164281845,0.4153965190052986,-0.3423684909939766,-0.4946982990950346,0.49755436554551125,0.0730857290327549
-0.26978401839733124,-0.2488372355699539,0.8371443241834641,0.2810570299625397,0.5917633146047592,0.026163363456726076,-0.34015742838382723,0.27839843928813934
0.0066990479826927185,-0.16886976609627405,0.09527044743299484,0.4053816373149554,0.332288292547067,0.49372581268350285,0.02072699119647344,0.04940100759267807
0.2707113077243169,0.3465106934309006,0.47594788670539856,0.6888077557086945,-0.5208288927872976,-0.027880899608135223,-0.5113432159026464,0.1787703956166903
0.2707113077243169,0.3465106934309006,0.47594788670539856,0.6888077557086945,-0.5208288927872976,-0.027880899608135223,-0.5113432159026464,0.1787703956166903
0.2707113077243169,0.3465106934309006,0.47594788670539856,0.6888077557086945,-0.5208288927872976,-0.027880899608135223,-0.5113432159026464,0.1787703956166903
0.2707113077243169,0.3465106934309006,0.47594788670539856,0.6888077557086945,-0.5208288927872976,-0.027880899608135223,-0.5113432159026464,0.1787703956166903
0.2707113077243169,0.3465106934309006,0.47594788670539856,0.6888077557086945,-0.5208288927872976,-0.027880899608135223,-0.5113432159026464,0.1787703956166903
0.12871237471699715,0.036047741770744324,-0.33430638164281845,0.4153965190052986,-0.3423684909939766,-0.4946982990950346,0.49755436554551125,0.0730857290327549
0.12871237471699715,0.036047741770744324,-0.33430638164281845,0.4153965190052986,-0.3423684909939766,-0.4946982990950346,0.49755436554551125,0.0730857290327549
0.2707113077243169,0.3465106934309006,0.47594788670539856,0.6888077557086945,-0.5208288927872976,-0.027880899608135223,-0.5113432159026464,0.1787703956166903
0.2707113077243169,0.3465106934309006,0.47594788670539856,0.6888077557086945,-0.5208288927872976,-0.027880899608135223,-0.5113432159026464,0.1787703956166903
-0.1067097932100296,0.17649974524974824,0.3803233325481415,1.5109121203422546,-0.5746561050415039,0.1643355146050453,0.6019664019346237,-0.29989512711763383
0.31155766546726227,-0.26257604360580444,0.42132262885570526,0.3430742522080739,0.2110203430056572,0.49330226083596546,0.1609839697678884,-0.0650793785850207
0.31155766546726227,-0.26257604360580444,0.42132262885570526,0.3430742522080739,0.2110203430056572,0.49330226083596546,0.1609839697678884,-0.0650793785850207
0.26529596745967865,0.2631732275088628,0.6600229243437449,-0.12238018711407979,0.4512507418791453,0.8217156752943993,0.3916538804769516,0.3273518532514572
0.26529596745967865,0.2631732275088628,0.6600229243437449,-0.12238018711407979,0.4512507418791453,0.8217156752943993,0.3916538804769516,0.3273518532514572
0.31155766546726227,-0.26257604360580444,0.42132262885570526,0.3430742522080739,0.2110203430056572,0.49330226083596546,0.1609839697678884,-0.0650793785850207
0.31155766546726227,-0.26257604360580444,0.42132262885570526,0.3430742522080739,0.2110203430056572,0.49330226083596546,0.1609839697678884,-0.0650793785850207
0.31155766546726227,-0.26257604360580444,0.42132262885570526,0.3430742522080739,0.2110203430056572,0.49330226083596546,0.1609839697678884,-0.0650793785850207
0.31155766546726227,-0.26257604360580444,0.42132262885570526,0.3430742522080739,0.2110203430056572,0.49330226083596546,0.1609839697678884,-0.0650793785850207
0.38313410580158236,-0.2971953243017197,0.32694393396377563,0.7353423595428467,0.2105153739452362,0.2219550684094429,-0.528109535574913,0.5655551433563233
0.2029683768749237,-0.05100281834602356,0.3903870224952698,-0.1576879620552063,0.12799155116081237,-0.27278956174850466,-0.5104738146066665,-0.1469777762889862
-0.1753874123096466,0.19067830741405487,0.575728815793991,0.035076957941055295,0.23004573583602905,0.26897341161966326,-0.02694537341594696,-0.36775992810726166
0.5255347788333893,0.13792365789413452,0.07277703285217285,0.10733392089605331,-0.11676190793514252,-0.3228669688105583,0.3018121048808098,0.3331562876701355
0.5255347788333893,0.13792365789413452,0.07277703285217285,0.10733392089605331,-0.11676190793514252,-0.3228669688105583,0.3018121048808098,0.3331562876701355
0.7779410779476166,0.5511933863162994,0.21106838434934616,0.5995280295610428,1.2443957850337029,-0.1249241977930069,-0.1949780061841011,0.5109774768352509
0.7779410779476166,0.5511933863162994,0.21106838434934616,0.5995280295610428,1.2443957850337029,-0.1249241977930069,-0.1949780061841011,0.5109774768352509
0.7779410779476166,0.5511933863162994,0.21106838434934616,0.5995280295610428,1.2443957850337029,-0.1249241977930069,-0.1949780061841011,0.5109774768352509
0.7779410779476166,0.5511933863162994,0.21106838434934616,0.5995280295610428,1.2443957850337029,-0.1249241977930069,-0.1949780061841011,0.5109774768352509
0.7779410779476166,0.5511933863162994,0.21106838434934616,0.5995280295610428,1.2443957850337029,-0.1249241977930069,-0.1949780061841011,0.5109774768352509
0.7779410779476166,0.5511933863162994,0.21106838434934616,0.5995280295610428,1.2443957850337029,-0.1249241977930069,-0.1949780061841011,0.5109774768352509
0.7779410779476166,0.5511933863162994,0.21106838434934616,0.5995280295610428,1.2443957850337029,-0.1249241977930069,-0.1949780061841011,0.5109774768352509
0.7779410779476166,0.5511933863162994,0.21106838434934616,0.5995280295610428,1.2443957850337029,-0.1249241977930069,-0.1949780061841011,0.5109774768352509
0.7779410779476166,0.5511933863162994,0.21106838434934616,0.5995280295610428,1.2443957850337029,-0.1249241977930069,-0.1949780061841011,0.5109774768352509
0.7779410779476166,0.5511933863162994,0.21106838434934616,0.5995280295610428,1.2443957850337029,-0.1249241977930069,-0.1949780061841011,0.5109774768352509
0.7779410779476166,0.5511933863162994,0.21106838434934616,0.5995280295610428,1.2443957850337029,-0.1249241977930069,-0.1949780061841011,0.5109774768352509
0.7779410779476166,0.5511933863162994,0.21106838434934616,0.5995280295610428,1.2443957850337029,-0.1249241977930069,-0.1949780061841011,0.5109774768352509
0.7779410779476166,0.5511933863162994,0.21106838434934616,0.5995280295610428,1.2443957850337029,-0.1249241977930069,-0.1949780061841011,0.5109774768352509
0.7779410779476166,0.5511933863162994,0.21106838434934616,0.5995280295610428,1.2443957850337029,-0.1249241977930069,-0.1949780061841011,0.5109774768352509
0.7779410779476166,0.5511933863162994,0.21106838434934616,0.5995280295610428,1.2443957850337029,-0.1249241977930069,-0.1949780061841011,0.5109774768352509
0.7779410779476166,0.5511933863162994,0.21106838434934616,0.5995280295610428,1.2443957850337029,-0.1249241977930069,-0.1949780061841011,0.5109774768352509
0.7779410779476166,0.5511933863162994,0.21106838434934616,0.5995280295610428,1.2443957850337029,-0.1249241977930069,-0.1949780061841011,0.5109774768352509
0.7779410779476166,0.5511933863162994,0.21106838434934616,0.5995280295610428,1.2443957850337029,-0.1249241977930069,-0.1949780061841011,0.5109774768352509
0.7779410779476166,0.5511933863162994,0.21106838434934616,0.5995280295610428,1.2443957850337029,-0.1249241977930069,-0.1949780061841011,0.5109774768352509
0.7779410779476166,0.5511933863162994,0.21106838434934616,0.5995280295610428,1.2443957850337029,-0.1249241977930069,-0.1949780061841011,0.5109774768352509
0.7779410779476166,0.5511933863162994,0.21106838434934616,0.5995280295610428,1.2443957850337029,-0.1249241977930069,-0.1949780061841011,0.5109774768352509
0.7779410779476166,0.5511933863162994,0.21106838434934616,0.5995280295610428,1.2443957850337029,-0.1249241977930069,-0.1949780061841011,0.5109774768352509
0.7779410779476166,0.5511933863162994,0.21106838434934616,0.5995280295610428,1.2443957850337029,-0.1249241977930069,-0.1949780061841011,0.5109774768352509
0.7779410779476166,0.5511933863162994,0.21106838434934616,0.5995280295610428,1.2443957850337029,-0.1249241977930069,-0.1949780061841011,0.5109774768352509
0.7779410779476166,0.5511933863162994,0.21106838434934616,0.5995280295610428,1.2443957850337029,-0.1249241977930069,-0.1949780061841011,0.5109774768352509
0.7779410779476166,0.5511933863162994,0.21106838434934616,0.5995280295610428,1.2443957850337029,-0.1249241977930069,-0.1949780061841011,0.5109774768352509
0.7779410779476166,0.5511933863162994,0.21106838434934616,0.5995280295610428,1.2443957850337029,-0.1249241977930069,-0.1949780061841011,0.5109774768352509
0.7779410779476166,0.5511933863162994,0.21106838434934616,0.5995280295610428,1.2443957850337029,-0.1249241977930069,-0.1949780061841011,0.5109774768352509
0.7779410779476166,0.5511933863162994,0.21106838434934616,0.5995280295610428,1.2443957850337029,-0.1249241977930069,-0.1949780061841011,0.5109774768352509
0.7779410779476166,0.5511933863162994,0.21106838434934616,0.5995280295610428,1.2443957850337029,-0.1249241977930069,-0.1949780061841011,0.5109774768352509
0.7779410779476166,0.5511933863162994,0.21106838434934616,0.5995280295610428,1.2443957850337029,-0.1249241977930069,-0.1949780061841011,0.5109774768352509
0.7779410779476166,0.5511933863162994,0.21106838434934616,0.5995280295610428,1.2443957850337029,-0.1249241977930069,-0.1949780061841011,0.5109774768352509
0.7779410779476166,0.5511933863162994,0.21106838434934616,0.5995280295610428,1.2443957850337029,-0.1249241977930069,-0.1949780061841011,0.5109774768352509
0.7779410779476166,0.5511933863162994,0.21106838434934616,0.5995280295610428,1.2443957850337029,-0.1249241977930069,-0.1949780061841011,0.5109774768352509
0.7779410779476166,0.5511933863162994,0.21106838434934616,0.5995280295610428,1.2443957850337029,-0.1249241977930069,-0.1949780061841011,0.5109774768352509
0.7779410779476166,0.5511933863162994,0.21106838434934616,0.5995280295610428,1.2443957850337029,-0.1249241977930069,-0.1949780061841011,0.5109774768352509
0.7779410779476166,0.5511933863162994,0.21106838434934616,0.5995280295610428,1.2443957850337029,-0.1249241977930069,-0.1949780061841011,0.5109774768352509
0.7779410779476166,0.5511933863162994,0.21106838434934616,0.5995280295610428,1.2443957850337029,-0.1249241977930069,-0.1949780061841011,0.5109774768352509
0.7779410779476166,0.5511933863162994,0.21106838434934616,0.5995280295610428,1.2443957850337029,-0.1249241977930069,-0.1949780061841011,0.5109774768352509
0.7779410779476166,0.5511933863162994,0.21106838434934616,0.5995280295610428,1.2443957850337029,-0.1249241977930069,-0.1949780061841011,0.5109774768352509
0.7779410779476166,0.5511933863162994,0.21106838434934616,0.5995280295610428,1.2443957850337029,-0.1249241977930069,-0.1949780061841011,0.5109774768352509
0.7779410779476166,0.5511933863162994,0.21106838434934616,0.5995280295610428,1.2443957850337029,-0.1249241977930069,-0.1949780061841011,0.5109774768352509
0.7779410779476166,0.5511933863162994,0.21106838434934616,0.5995280295610428,1.2443957850337029,-0.1249241977930069,-0.1949780061841011,0.5109774768352509
0.7779410779476166,0.5511933863162994,0.21106838434934616,0.5995280295610428,1.2443957850337029,-0.1249241977930069,-0.1949780061841011,0.5109774768352509
0.7779410779476166,0.5511933863162994,0.21106838434934616,0.5995280295610428,1.2443957850337029,-0.1249241977930069,-0.1949780061841011,0.5109774768352509
0.7779410779476166,0.5511933863162994,0.21106838434934616,0.5995280295610428,1.2443957850337029,-0.1249241977930069,-0.1949780061841011,0.5109774768352509
0.7779410779476166,0.5511933863162994,0.21106838434934616,0.5995280295610428,1.2443957850337029,-0.1249241977930069,-0.1949780061841011,0.5109774768352509
0.7779410779476166,0.5511933863162994,0.21106838434934616,0.5995280295610428,1.2443957850337029,-0.1249241977930069,-0.1949780061841011,0.5109774768352509
0.7779410779476166,0.5511933863162994,0.21106838434934616,0.5995280295610428,1.2443957850337029,-0.1249241977930069,-0.1949780061841011,0.5109774768352509
0.7779410779476166,0.5511933863162994,0.21106838434934616,0.5995280295610428,1.2443957850337029,-0.1249241977930069,-0.1949780061841011,0.5109774768352509
0.7779410779476166,0.5511933863162994,0.21106838434934616,0.5995280295610428,1.2443957850337029,-0.1249241977930069,-0.1949780061841011,0.5109774768352509
0.7779410779476166,0.5511933863162994,0.21106838434934616,0.5995280295610428,1.2443957850337029,-0.1249241977930069,-0.1949780061841011,0.5109774768352509
0.7779410779476166,0.5511933863162994,0.21106838434934616,0.5995280295610428,1.2443957850337029,-0.1249241977930069,-0.1949780061841011,0.5109774768352509
0.7779410779476166,0.5511933863162994,0.21106838434934616,0.5995280295610428,1.2443957850337029,-0.1249241977930069,-0.1949780061841011,0.5109774768352509
0.7779410779476166,0.5511933863162994,0.21106838434934616,0.5995280295610428,1.2443957850337029,-0.1249241977930069,-0.1949780061841011,0.5109774768352509
0.7779410779476166,0.5511933863162994,0.21106838434934616,0.5995280295610428,1.2443957850337029,-0.1249241977930069,-0.1949780061841011,0.5109774768352509
0.7779410779476166,0.5511933863162994,0.21106838434934616,0.5995280295610428,1.2443957850337029,-0.1249241977930069,-0.1949780061841011,0.5109774768352509
0.7779410779476166,0.5511933863162994,0.21106838434934616,0.5995280295610428,1.2443957850337029,-0.1249241977930069,-0.1949780061841011,0.5109774768352509
0.7779410779476166,0.5511933863162994,0.21106838434934616,0.5995280295610428,1.2443957850337029,-0.1249241977930069,-0.1949780061841011,0.5109774768352509
0.7779410779476166,0.5511933863162994,0.21106838434934616,0.5995280295610428,1.2443957850337029,-0.1249241977930069,-0.1949780061841011,0.5109774768352509
0.7779410779476166,0.5511933863162994,0.21106838434934616,0.5995280295610428,1.2443957850337029,-0.1249241977930069,-0.1949780061841011,0.5109774768352509
0.7779410779476166,0.5511933863162994,0.21106838434934616,0.5995280295610428,1.2443957850337029,-0.1249241977930069,-0.1949780061841011,0.5109774768352509
0.7779410779476166,0.5511933863162994,0.21106838434934616,0.5995280295610428,1.2443957850337029,-0.1249241977930069,-0.1949780061841011,0.5109774768352509
0.7779410779476166,0.5511933863162994,0.21106838434934616,0.5995280295610428,1.2443957850337029,-0.1249241977930069,-0.1949780061841011,0.5109774768352509
0.7779410779476166,0.5511933863162994,0.21106838434934616,0.5995280295610428,1.2443957850337029,-0.1249241977930069,-0.1949780061841011,0.5109774768352509
0.7779410779476166,0.5511933863162994,0.21106838434934616,0.5995280295610428,1.2443957850337029,-0.1249241977930069,-0.1949780061841011,0.5109774768352509
0.7779410779476166,0.5511933863162994,0.21106838434934616,0.5995280295610428,1.2443957850337029,-0.1249241977930069,-0.1949780061841011,0.5109774768352509
0.7779410779476166,0.5511933863162994,0.21106838434934616,0.5995280295610428,1.2443957850337029,-0.1249241977930069,-0.1949780061841011,0.5109774768352509
0.7779410779476166,0.5511933863162994,0.21106838434934616,0.5995280295610428,1.2443957850337029,-0.1249241977930069,-0.1949780061841011,0.5109774768352509
0.7779410779476166,0.5511933863162994,0.21106838434934616,0.5995280295610428,1.2443957850337029,-0.1249241977930069,-0.1949780061841011,0.5109774768352509
0.7779410779476166,0.5511933863162994,0.21106838434934616,0.5995280295610428,1.2443957850337029,-0.1249241977930069,-0.1949780061841011,0.5109774768352509
0.7779410779476166,0.5511933863162994,0.21106838434934616,0.5995280295610428,1.2443957850337029,-0.1249241977930069,-0.1949780061841011,0.5109774768352509
0.7779410779476166,0.5511933863162994,0.21106838434934616,0.5995280295610428,1.2443957850337029,-0.1249241977930069,-0.1949780061841011,0.5109774768352509
0.7779410779476166,0.5511933863162994,0.21106838434934616,0.5995280295610428,1.2443957850337029,-0.1249241977930069,-0.1949780061841011,0.5109774768352509
0.7779410779476166,0.5511933863162994,0.21106838434934616,0.5995280295610428,1.2443957850337029,-0.1249241977930069,-0.1949780061841011,0.5109774768352509
0.7779410779476166,0.5511933863162994,0.21106838434934616,0.5995280295610428,1.2443957850337029,-0.1249241977930069,-0.1949780061841011,0.5109774768352509
0.7779410779476166,0.5511933863162994,0.21106838434934616,0.5995280295610428,1.2443957850337029,-0.1249241977930069,-0.1949780061841011,0.5109774768352509
0.7779410779476166,0.5511933863162994,0.21106838434934616,0.5995280295610428,1.2443957850337029,-0.1249241977930069,-0.1949780061841011,0.5109774768352509
0.7779410779476166,0.5511933863162994,0.21106838434934616,0.5995280295610428,1.2443957850337029,-0.1249241977930069,-0.1949780061841011,0.5109774768352509
0.7779410779476166,0.5511933863162994,0.21106838434934616,0.5995280295610428,1.2443957850337029,-0.1249241977930069,-0.1949780061841011,0.5109774768352509
0.29967610724270344,0.015633421018719673,0.24483690038323402,0.23365002684295177,0.07162878476083279,0.15457736235111952,0.12276405096054077,-0.32868593372404575
0.29967610724270344,0.015633421018719673,0.24483690038323402,0.23365002684295177,0.07162878476083279,0.15457736235111952,0.12276405096054077,-0.32868593372404575
0.29967610724270344,0.015633421018719673,0.24483690038323402,0.23365002684295177,0.07162878476083279,0.15457736235111952,0.12276405096054077,-0.32868593372404575
0.29967610724270344,0.015633421018719673,0.24483690038323402,0.23365002684295177,0.07162878476083279,0.15457736235111952,0.12276405096054077,-0.32868593372404575
0.29967610724270344,0.015633421018719673,0.24483690038323402,0.23365002684295177,0.07162878476083279,0.15457736235111952,0.12276405096054077,-0.32868593372404575
0.29967610724270344,0.015633421018719673,0.24483690038323402,0.23365002684295177,0.07162878476083279,0.15457736235111952,0.12276405096054077,-0.32868593372404575
0.29967610724270344,0.015633421018719673,0.24483690038323402,0.23365002684295177,0.07162878476083279,0.15457736235111952,0.12276405096054077,-0.32868593372404575
0.29967610724270344,0.015633421018719673,0.24483690038323402,0.23365002684295177,0.07162878476083279,0.15457736235111952,0.12276405096054077,-0.32868593372404575
0.29967610724270344,0.015633421018719673,0.24483690038323402,0.23365002684295177,0.07162878476083279,0.15457736235111952,0.12276405096054077,-0.32868593372404575
0.29967610724270344,0.015633421018719673,0.24483690038323402,0.23365002684295177,0.07162878476083279,0.15457736235111952,0.12276405096054077,-0.32868593372404575
0.29967610724270344,0.015633421018719673,0.24483690038323402,0.23365002684295177,0.07162878476083279,0.15457736235111952,0.12276405096054077,-0.32868593372404575
0.29967610724270344,0.015633421018719673,0.24483690038323402,0.23365002684295177,0.07162878476083279,0.15457736235111952,0.12276405096054077,-0.32868593372404575
0.29967610724270344,0.015633421018719673,0.24483690038323402,0.23365002684295177,0.07162878476083279,0.15457736235111952,0.12276405096054077,-0.32868593372404575
0.431281573006085,-0.13970370590686798,0.2587081811257771,-0.011975218142781938,-0.0628715774842671,0.20830057667834417,0.12326858724866595,-0.25935629648821695
-0.28806891043980914,-0.4754532376925151,-0.26422924051682156,-0.3237900560100873,0.14304770529270172,-0.5349851151307424,-0.27553411821524304,0.7249135375022888
-0.28806891043980914,-0.4754532376925151,-0.26422924051682156,-0.3237900560100873,0.14304770529270172,-0.5349851151307424,-0.27553411821524304,0.7249135375022888
-0.6758298575878143,0.08972680568695068,0.027690798044204712,1.0951032191514969,0.6220177933573723,0.537581630051136,0.05255492776632309,0.39177176356315613
0.8255269229412079,-0.05991069972515106,0.3293985351920128,-0.7092392891645432,-0.3746544197201729,0.01084078848361969,-0.3846120610833168,-0.054280757904052734
0.07944903522729874,-0.7966921031475067,0.46149903535842896,-0.390331968665123,0.27399861067533493,0.13450901955366135,-0.23028893023729324,-0.005880475044250488
0.2533494830131531,-0.6236786842346191,0.35229481756687164,0.037491120398044586,0.41769909113645554,0.25447116047143936,0.08474978059530258,0.5859844982624054
0.2533494830131531,-0.6236786842346191,0.35229481756687164,0.037491120398044586,0.41769909113645554,0.25447116047143936,0.08474978059530258,0.5859844982624054
0.2533494830131531,-0.6236786842346191,0.35229481756687164,0.037491120398044586,0.41769909113645554,0.25447116047143936,0.08474978059530258,0.5859844982624054
1.1126786172389984,-0.7105314433574677,0.07910159230232239,0.18853341788053513,0.15104024857282639,0.6986987069249153,-0.1292380839586258,0.7371123433113098
0.5255347788333893,0.13792365789413452,0.07277703285217285,0.10733392089605331,-0.11676190793514252,-0.3228669688105583,0.3018121048808098,0.3331562876701355
0.5471959731408528,0.2514496296644211,0.376317309481757,-0.1337940331016268,0.1416885405778885,0.26821705805403845,0.29553484278065817,-0.19515143547739303
0.5471959731408528,0.2514496296644211,0.376317309481757,-0.1337940331016268,0.1416885405778885,0.26821705805403845,0.29553484278065817,-0.19515143547739303
0.23219784535467625,0.07855501212179661,0.21462197974324226,0.2964437436312437,-0.029810268431901932,0.2577518252655864,0.009770914912223816,-0.18020597286522388
0.2533494830131531,-0.6236786842346191,0.35229481756687164,0.037491120398044586,0.41769909113645554,0.25447116047143936,0.08474978059530258,0.5859844982624054
0.2533494830131531,-0.6236786842346191,0.35229481756687164,0.037491120398044586,0.41769909113645554,0.25447116047143936,0.08474978059530258,0.5859844982624054
0.2533494830131531,-0.6236786842346191,0.35229481756687164,0.037491120398044586,0.41769909113645554,0.25447116047143936,0.08474978059530258,0.5859844982624054
0.2533494830131531,-0.6236786842346191,0.35229481756687164,0.037491120398044586,0.41769909113645554,0.25447116047143936,0.08474978059530258,0.5859844982624054
0.5255347788333893,0.13792365789413452,0.07277703285217285,0.10733392089605331,-0.11676190793514252,-0.3228669688105583,0.3018121048808098,0.3331562876701355
0.431281573006085,-0.13970370590686798,0.2587081811257771,-0.011975218142781938,-0.0628715774842671,0.20830057667834417,0.12326858724866595,-0.25935629648821695
0.23219784535467625,0.07855501212179661,0.21462197974324226,0.2964437436312437,-0.029810268431901932,0.2577518252655864,0.009770914912223816,-0.18020597286522388
-0.2924829572439194,-0.035586535930633545,0.5364997982978821,0.792067140340805,0.33593544363975525,0.2144598290324211,0.34056008607149124,-1.2088358998298645
-0.2924829572439194,-0.035586535930633545,0.5364997982978821,0.792067140340805,0.33593544363975525,0.2144598290324211,0.34056008607149124,-1.2088358998298645
-0.2924829572439194,-0.035586535930633545,0.5364997982978821,0.792067140340805,0.33593544363975525,0.2144598290324211,0.34056008607149124,-1.2088358998298645
-0.2924829572439194,-0.035586535930633545,0.5364997982978821,0.792067140340805,0.33593544363975525,0.2144598290324211,0.34056008607149124,-1.2088358998298645
-0.2924829572439194,-0.035586535930633545,0.5364997982978821,0.792067140340805,0.33593544363975525,0.2144598290324211,0.34056008607149124,-1.2088358998298645
0.14688307344913482,-0.5997425973415375,0.33319209814071654,0.37312774509191515,0.01061360090970993,0.18031036108732224,0.11821925938129425,0.1986765444278717
-0.35211293399333954,-1.0583475232124329,0.7408312857151031,1.2498326301574707,0.2914476990699768,-0.41084352880716324,0.4200519919395447,0.12437647581100464
0.14688307344913482,-0.5997425973415375,0.33319209814071654,0.37312774509191515,0.01061360090970993,0.18031036108732224,0.11821925938129425,0.1986765444278717
0.7779410779476166,0.5511933863162994,0.21106838434934616,0.5995280295610428,1.2443957850337029,-0.1249241977930069,-0.1949780061841011,0.5109774768352509
0.7779410779476166,0.5511933863162994,0.21106838434934616,0.5995280295610428,1.2443957850337029,-0.1249241977930069,-0.1949780061841011,0.5109774768352509
0.14688307344913482,-0.5997425973415375,0.33319209814071654,0.37312774509191515,0.01061360090970993,0.18031036108732224,0.11821925938129425,0.1986765444278717
0.7779410779476166,0.5511933863162994,0.21106838434934616,0.5995280295610428,1.2443957850337029,-0.1249241977930069,-0.1949780061841011,0.5109774768352509
0.14688307344913482,-0.5997425973415375,0.33319209814071654,0.37312774509191515,0.01061360090970993,0.18031036108732224,0.11821925938129425,0.1986765444278717
0.04392653916563306,-0.8166621327400208,0.5615056604146957,0.72275082554136,0.06362208936895643,0.17711885167019709,-0.027810062680925642,-0.07944205616201673
0.318139323964715,0.3089193869382143,0.03506449982523918,0.14898493885993958,-0.04103771038353443,0.43555500637739897,0.1407816857099533,-0.17868425883352757
0.318139323964715,0.3089193869382143,0.03506449982523918,0.14898493885993958,-0.04103771038353443,0.43555500637739897,0.1407816857099533,-0.17868425883352757
-0.22883633772532144,-0.4020970066388448,0.5142561842997869,0.4930570075909297,-0.7427354703346888,0.21680091321468353,-0.02689697841803233,0.7308244903882345
0.31846217811107635,-0.4174878001213074,-0.1811787188053131,-0.414534255862236,-0.21324312686920166,-0.37495484203100204,-0.5302484706044197,0.614797830581665
0.31846217811107635,-0.4174878001213074,-0.1811787188053131,-0.414534255862236,-0.21324312686920166,-0.37495484203100204,-0.5302484706044197,0.614797830581665
0.9817213416099548,0.5904276594519615,-0.04009737819433212,-0.021584734320640564,-0.8420582115650177,-0.24717353284358978,-0.4310229420661926,0.48126256465911865
-0.6758298575878143,0.08972680568695068,0.027690798044204712,1.0951032191514969,0.6220177933573723,0.537581630051136,0.05255492776632309,0.39177176356315613
0.29967610724270344,0.015633421018719673,0.24483690038323402,0.23365002684295177,0.07162878476083279,0.15457736235111952,0.12276405096054077,-0.32868593372404575
0.27306562662124634,0.06650769710540771,0.5704556703567505,0.07194005697965622,0.8215914890170097,0.6756926849484444,-0.35078204423189163,0.5408792197704315
0.05860479921102524,0.007846146821975708,1.265739232301712,0.4533415883779526,0.3177879676222801,-0.8088101670145988,0.194656603038311,1.2195110321044922
-0.22883633772532144,-0.4020970066388448,0.5142561842997869,0.4930570075909297,-0.7427354703346888,0.21680091321468353,-0.02689697841803233,0.7308244903882345
0.31846217811107635,-0.4174878001213074,-0.1811787188053131,-0.414534255862236,-0.21324312686920166,-0.37495484203100204,-0.5302484706044197,0.614797830581665
-0.22883633772532144,-0.4020970066388448,0.5142561842997869,0.4930570075909297,-0.7427354703346888,0.21680091321468353,-0.02689697841803233,0.7308244903882345
0.40841736065016854,-0.14514357348283133,0.6578713473346498,0.01917982929282718,-0.15242409374978808,0.6146603417065408,-0.24507356352276272,-0.3580321984158622
0.9817213416099548,0.5904276594519615,-0.04009737819433212,-0.021584734320640564,-0.8420582115650177,-0.24717353284358978,-0.4310229420661926,0.48126256465911865
-0.22883633772532144,-0.4020970066388448,0.5142561842997869,0.4930570075909297,-0.7427354703346888,0.21680091321468353,-0.02689697841803233,0.7308244903882345
0.40841736065016854,-0.14514357348283133,0.6578713473346498,0.01917982929282718,-0.15242409374978808,0.6146603417065408,-0.24507356352276272,-0.3580321984158622
0.5866153482347727,0.045807646587491035,0.2561226673424244,-0.004312045872211456,-0.07160383276641369,0.3743802709504962,-0.2293672040104866,-0.15991700254380703
0.5537276407082875,0.11706748207410177,0.44719919363657634,0.19245353241761526,-0.07919558982054392,0.4427608465154966,-0.08792404433091482,-0.1706772098938624
0.5537276407082875,0.11706748207410177,0.44719919363657634,0.19245353241761526,-0.07919558982054392,0.4427608465154966,-0.08792404433091482,-0.1706772098938624
0.7779410779476166,0.5511933863162994,0.21106838434934616,0.5995280295610428,1.2443957850337029,-0.1249241977930069,-0.1949780061841011,0.5109774768352509
0.32222018473678166,-0.26038449174828,0.2481909543275833,-0.01198826233545939,-0.21162360078758663,0.6541774794459343,-0.35946304268307155,-0.18835876882076263
0.5455730342202716,0.11945488386683994,0.36832226978407967,0.0813139710161421,-0.10906317664517297,0.16213195274273554,-0.08153650164604187,-0.2790873448053996
0.5866153482347727,0.045807646587491035,0.2561226673424244,-0.004312045872211456,-0.07160383276641369,0.3743802709504962,-0.2293672040104866,-0.15991700254380703
0.7779410779476166,0.5511933863162994,0.21106838434934616,0.5995280295610428,1.2443957850337029,-0.1249241977930069,-0.1949780061841011,0.5109774768352509
-0.45647114515304565,0.7176649868488312,-0.046140074729919434,-0.26330186426639557,1.1549456417560577,0.1428302824497223,0.29636331647634506,-0.3153059110045433
0.7779410779476166,0.5511933863162994,0.21106838434934616,0.5995280295610428,1.2443957850337029,-0.1249241977930069,-0.1949780061841011,0.5109774768352509
-0.45647114515304565,0.7176649868488312,-0.046140074729919434,-0.26330186426639557,1.1549456417560577,0.1428302824497223,0.29636331647634506,-0.3153059110045433
0.5866153482347727,0.045807646587491035,0.2561226673424244,-0.004312045872211456,-0.07160383276641369,0.3743802709504962,-0.2293672040104866,-0.15991700254380703
1.1126786172389984,-0.7105314433574677,0.07910159230232239,0.18853341788053513,0.15104024857282639,0.6986987069249153,-0.1292380839586258,0.7371123433113098
-0.2924829572439194,-0.035586535930633545,0.5364997982978821,0.792067140340805,0.33593544363975525,0.2144598290324211,0.34056008607149124,-1.2088358998298645
-0.2924829572439194,-0.035586535930633545,0.5364997982978821,0.792067140340805,0.33593544363975525,0.2144598290324211,0.34056008607149124,-1.2088358998298645
-0.2924829572439194,-0.035586535930633545,0.5364997982978821,0.792067140340805,0.33593544363975525,0.2144598290324211,0.34056008607149124,-1.2088358998298645
0.14688307344913482,-0.5997425973415375,0.33319209814071654,0.37312774509191515,0.01061360090970993,0.18031036108732224,0.11821925938129425,0.1986765444278717
0.14688307344913482,-0.5997425973415375,0.33319209814071654,0.37312774509191515,0.01061360090970993,0.18031036108732224,0.11821925938129425,0.1986765444278717
0.7779410779476166,0.5511933863162994,0.21106838434934616,0.5995280295610428,1.2443957850337029,-0.1249241977930069,-0.1949780061841011,0.5109774768352509
0.14688307344913482,-0.5997425973415375,0.33319209814071654,0.37312774509191515,0.01061360090970993,0.18031036108732224,0.11821925938129425,0.1986765444278717
0.9485736687978109,0.013121147950490316,0.16229220231374106,-0.29679640630880993,-0.23118452727794647,1.113283599416415,0.11491665244102478,0.9299356937408447
0.1580861434340477,-0.09649550914764404,0.4056430459022522,-0.04348956048488617,0.1227034255862236,0.026125654578208923,-0.32551438361406326,-0.24055856466293335
0.5394120166699091,0.6167123715082804,-0.6345258206129074,1.128328561782837,-0.70678182442983,0.7446461717287699,1.2493480642636616,0.11413298050562541
0.5866153482347727,0.045807646587491035,0.2561226673424244,-0.004312045872211456,-0.07160383276641369,0.3743802709504962,-0.2293672040104866,-0.15991700254380703
0.5866153482347727,0.045807646587491035,0.2561226673424244,-0.004312045872211456,-0.07160383276641369,0.3743802709504962,-0.2293672040104866,-0.15991700254380703
0.5255347788333893,0.13792365789413452,0.07277703285217285,0.10733392089605331,-0.11676190793514252,-0.3228669688105583,0.3018121048808098,0.3331562876701355
-0.1816264142592748,-0.02621719737847646,0.48475878437360126,-0.19634410738945007,-0.4985476831595103,0.2614505315820376,-0.024778306484222412,0.17538103461265564
0.4347572674353917,-0.5122662335634232,-0.03544540206591288,0.566407784819603,-0.13051695128281912,0.4080833320816358,0.48594199617703754,-0.021896138787269592
-0.1816264142592748,-0.02621719737847646,0.48475878437360126,-0.19634410738945007,-0.4985476831595103,0.2614505315820376,-0.024778306484222412,0.17538103461265564
0.4347572674353917,-0.5122662335634232,-0.03544540206591288,0.566407784819603,-0.13051695128281912,0.4080833320816358,0.48594199617703754,-0.021896138787269592
-0.1816264142592748,-0.02621719737847646,0.48475878437360126,-0.19634410738945007,-0.4985476831595103,0.2614505315820376,-0.024778306484222412,0.17538103461265564
-0.1816264142592748,-0.02621719737847646,0.48475878437360126,-0.19634410738945007,-0.4985476831595103,0.2614505315820376,-0.024778306484222412,0.17538103461265564
-0.1816264142592748,-0.02621719737847646,0.48475878437360126,-0.19634410738945007,-0.4985476831595103,0.2614505315820376,-0.024778306484222412,0.17538103461265564
-0.1816264142592748,-0.02621719737847646,0.48475878437360126,-0.19634410738945007,-0.4985476831595103,0.2614505315820376,-0.024778306484222412,0.17538103461265564
1.1126786172389984,-0.7105314433574677,0.07910159230232239,0.18853341788053513,0.15104024857282639,0.6986987069249153,-0.1292380839586258,0.7371123433113098
0.05860479921102524,0.007846146821975708,1.265739232301712,0.4533415883779526,0.3177879676222801,-0.8088101670145988,0.194656603038311,1.2195110321044922
0.05860479921102524,0.007846146821975708,1.265739232301712,0.4533415883779526,0.3177879676222801,-0.8088101670145988,0.194656603038311,1.2195110321044922
-0.6758298575878143,0.08972680568695068,0.027690798044204712,1.0951032191514969,0.6220177933573723,0.537581630051136,0.05255492776632309,0.39177176356315613
0.17970150113105773,0.11600648760795593,0.24229800701141357,0.27003118991851804,0.17868748307228088,0.045431551337242124,0.301771005988121,0.052530333399772644
0.2694703681128366,-0.11355217014040266,0.41609794752938406,-0.20335311336176737,-0.2986437146152769,0.1491049900650978,0.36057567383561817,0.8171611321823937
0.349757378300031,0.16712849835554758,0.22506601611773172,0.21727601935466131,0.04228879511356354,0.04629376158118248,0.4690226788322131,0.30080820868412655
0.2029683768749237,-0.05100281834602356,0.3903870224952698,-0.1576879620552063,0.12799155116081237,-0.27278956174850466,-0.5104738146066665,-0.1469777762889862
-0.4312993884086609,0.38886040449142456,0.12906779845555624,-0.6867427974939346,0.41687071323394775,0.8633664498726527,0.6996262421210607,0.5113234122594198
0.2167939469218254,0.09890007227659225,0.41467440500855446,-0.05181295983493328,-0.24099262431263924,0.044848847202956676,0.584806440398097,1.0152880642563105
-0.4312993884086609,0.38886040449142456,0.12906779845555624,-0.6867427974939346,0.41687071323394775,0.8633664498726527,0.6996262421210607,0.5113234122594198
-0.4312993884086609,0.38886040449142456,0.12906779845555624,-0.6867427974939346,0.41687071323394775,0.8633664498726527,0.6996262421210607,0.5113234122594198
0.14632629603147507,0.06393465648094813,0.107534425954024,0.3314416880408923,-0.42054127156734467,0.21135020752747855,0.6727667078375816,-0.07266092052062352
0.14632629603147507,0.06393465648094813,0.107534425954024,0.3314416880408923,-0.42054127156734467,0.21135020752747855,0.6727667078375816,-0.07266092052062352
0.14632629603147507,0.06393465648094813,0.107534425954024,0.3314416880408923,-0.42054127156734467,0.21135020752747855,0.6727667078375816,-0.07266092052062352
0.12871237471699715,0.036047741770744324,-0.33430638164281845,0.4153965190052986,-0.3423684909939766,-0.4946982990950346,0.49755436554551125,0.0730857290327549
0.12871237471699715,0.036047741770744324,-0.33430638164281845,0.4153965190052986,-0.3423684909939766,-0.4946982990950346,0.49755436554551125,0.0730857290327549
0.12871237471699715,0.036047741770744324,-0.33430638164281845,0.4153965190052986,-0.3423684909939766,-0.4946982990950346,0.49755436554551125,0.0730857290327549
0.12871237471699715,0.036047741770744324,-0.33430638164281845,0.4153965190052986,-0.3423684909939766,-0.4946982990950346,0.49755436554551125,0.0730857290327549
-0.0870727002620697,-0.2712918609380722,-0.21921515464782715,-0.1772506356239319,0.3562355816364288,0.09869964122772217,0.27625504732131956,0.19492299854755402
0.2240407057106495,0.1257132738828659,-0.33905506879091263,-0.10965368896722794,0.5792879611253738,0.09698780439794064,-0.35577545687556267,0.6569840647280216
-0.0870727002620697,-0.2712918609380722,-0.21921515464782715,-0.1772506356239319,0.3562355816364288,0.09869964122772217,0.27625504732131956,0.19492299854755402
0.5176974063118299,-0.09589498365918796,0.3816358521580696,0.6783352891604105,-0.051218065122763314,-0.09121377269426982,0.40957606211304665,0.07927176853020985
0.34560854484637576,0.13401693229873976,0.290147565305233,0.6921184857686361,-0.2030841882030169,0.1393868327140808,0.037139181047677994,-0.07398911813894908
0.036924262841542564,-0.013140435020128885,0.30324406425158185,0.015880237023035686,0.23988303542137146,0.054465306301911674,-0.16001343230406442,0.5528573642174403
0.6428643763065338,-0.032072779323373525,0.363937925015177,0.5840617695025035,-0.4247505622250693,-0.14295472098248346,0.5299804114869663,0.3470786362886429
0.712535384297371,-0.05959072858095169,0.2773480027914047,0.10201030373573303,-0.46655344367027285,-0.4844082176685333,-0.1424329623579979,0.298980250954628
0.712535384297371,-0.05959072858095169,0.2773480027914047,0.10201030373573303,-0.46655344367027285,-0.4844082176685333,-0.1424329623579979,0.298980250954628
0.5176974063118299,-0.09589498365918796,0.3816358521580696,0.6783352891604105,-0.051218065122763314,-0.09121377269426982,0.40957606211304665,0.07927176853020985
0.34560854484637576,0.13401693229873976,0.290147565305233,0.6921184857686361,-0.2030841882030169,0.1393868327140808,0.037139181047677994,-0.07398911813894908
0.036924262841542564,-0.013140435020128885,0.30324406425158185,0.015880237023035686,0.23988303542137146,0.054465306301911674,-0.16001343230406442,0.5528573642174403
0.6428643763065338,-0.032072779323373525,0.363937925015177,0.5840617695025035,-0.4247505622250693,-0.14295472098248346,0.5299804114869663,0.3470786362886429
0.712535384297371,-0.05959072858095169,0.2773480027914047,0.10201030373573303,-0.46655344367027285,-0.4844082176685333,-0.1424329623579979,0.298980250954628
-0.012473779420057932,-0.14401178186138472,0.9995381111900011,0.48992331077655155,-0.4025895992914836,-0.12083333482344945,0.056375931948423386,0.8639026706417402
0.712535384297371,-0.05959072858095169,0.2773480027914047,0.10201030373573303,-0.46655344367027285,-0.4844082176685333,-0.1424329623579979,0.298980250954628
0.6428643763065338,-0.032072779323373525,0.363937925015177,0.5840617695025035,-0.4247505622250693,-0.14295472098248346,0.5299804114869663,0.3470786362886429
0.3803390885392825,-0.26026159649093944,0.15984358141819635,0.3627622773249944,0.1968343605597814,-0.11300281435251236,-0.020433193693558376,0.4483772739768028
0.712535384297371,-0.05959072858095169,0.2773480027914047,0.10201030373573303,-0.46655344367027285,-0.4844082176685333,-0.1424329623579979,0.298980250954628
0.712535384297371,-0.05959072858095169,0.2773480027914047,0.10201030373573303,-0.46655344367027285,-0.4844082176685333,-0.1424329623579979,0.298980250954628
-0.5429789982736111,0.1625346913933754,0.5819493755698204,0.9276389628648758,0.013939540833234787,0.6999493967741728,1.0423366613686085,-0.027514468878507614
-0.3101333901286125,0.10186194814741611,-0.38504400849342346,0.0436134971678257,0.1615550685673952,-0.08296952582895756,0.6576579865068197,0.5267123319208622
-0.3101333901286125,0.10186194814741611,-0.38504400849342346,0.0436134971678257,0.1615550685673952,-0.08296952582895756,0.6576579865068197,0.5267123319208622
-0.211232990026474,-0.25377596276147024,-0.2280926832130977,-0.12293951213359833,0.29507932918412344,-0.21953268668481282,0.16206742184502737,0.5638729951211384
-0.211232990026474,-0.25377596276147024,-0.2280926832130977,-0.12293951213359833,0.29507932918412344,-0.21953268668481282,0.16206742184502737,0.5638729951211384
-0.211232990026474,-0.25377596276147024,-0.2280926832130977,-0.12293951213359833,0.29507932918412344,-0.21953268668481282,0.16206742184502737,0.5638729951211384
-0.3101333901286125,0.10186194814741611,-0.38504400849342346,0.0436134971678257,0.1615550685673952,-0.08296952582895756,0.6576579865068197,0.5267123319208622
-0.25717176709856304,0.4496064143521445,-0.21559206077030726,-0.4350045919418335,0.4396155561719622,0.2686020540339606,0.1483928029026304,0.20419894584587642
0.12871237471699715,0.036047741770744324,-0.33430638164281845,0.4153965190052986,-0.3423684909939766,-0.4946982990950346,0.49755436554551125,0.0730857290327549
0.12871237471699715,0.036047741770744324,-0.33430638164281845,0.4153965190052986,-0.3423684909939766,-0.4946982990950346,0.49755436554551125,0.0730857290327549
0.12871237471699715,0.036047741770744324,-0.33430638164281845,0.4153965190052986,-0.3423684909939766,-0.4946982990950346,0.49755436554551125,0.0730857290327549
0.12871237471699715,0.036047741770744324,-0.33430638164281845,0.4153965190052986,-0.3423684909939766,-0.4946982990950346,0.49755436554551125,0.0730857290327549
0.12871237471699715,0.036047741770744324,-0.33430638164281845,0.4153965190052986,-0.3423684909939766,-0.4946982990950346,0.49755436554551125,0.0730857290327549
0.12871237471699715,0.036047741770744324,-0.33430638164281845,0.4153965190052986,-0.3423684909939766,-0.4946982990950346,0.49755436554551125,0.0730857290327549
0.12871237471699715,0.036047741770744324,-0.33430638164281845,0.4153965190052986,-0.3423684909939766,-0.4946982990950346,0.49755436554551125,0.0730857290327549
0.12871237471699715,0.036047741770744324,-0.33430638164281845,0.4153965190052986,-0.3423684909939766,-0.4946982990950346,0.49755436554551125,0.0730857290327549
0.12871237471699715,0.036047741770744324,-0.33430638164281845,0.4153965190052986,-0.3423684909939766,-0.4946982990950346,0.49755436554551125,0.0730857290327549
0.12871237471699715,0.036047741770744324,-0.33430638164281845,0.4153965190052986,-0.3423684909939766,-0.4946982990950346,0.49755436554551125,0.0730857290327549
0.12871237471699715,0.036047741770744324,-0.33430638164281845,0.4153965190052986,-0.3423684909939766,-0.4946982990950346,0.49755436554551125,0.0730857290327549
0.12871237471699715,0.036047741770744324,-0.33430638164281845,0.4153965190052986,-0.3423684909939766,-0.4946982990950346,0.49755436554551125,0.0730857290327549
-0.059537822008132936,0.22144840359687806,-0.06029132902622223,0.15215882658958435,0.19994958043098449,-0.0967958077788353,0.13944923877716064,0.11261400282382965
-0.059537822008132936,0.22144840359687806,-0.06029132902622223,0.15215882658958435,0.19994958043098449,-0.0967958077788353,0.13944923877716064,0.11261400282382965
-0.3101333901286125,0.10186194814741611,-0.38504400849342346,0.0436134971678257,0.1615550685673952,-0.08296952582895756,0.6576579865068197,0.5267123319208622
-0.211232990026474,-0.25377596276147024,-0.2280926832130977,-0.12293951213359833,0.29507932918412344,-0.21953268668481282,0.16206742184502737,0.5638729951211384
-0.211232990026474,-0.25377596276147024,-0.2280926832130977,-0.12293951213359833,0.29507932918412344,-0.21953268668481282,0.16206742184502737,0.5638729951211384
-0.211232990026474,-0.25377596276147024,-0.2280926832130977,-0.12293951213359833,0.29507932918412344,-0.21953268668481282,0.16206742184502737,0.5638729951211384
-0.211232990026474,-0.25377596276147024,-0.2280926832130977,-0.12293951213359833,0.29507932918412344,-0.21953268668481282,0.16206742184502737,0.5638729951211384
0.12871237471699715,0.036047741770744324,-0.33430638164281845,0.4153965190052986,-0.3423684909939766,-0.4946982990950346,0.49755436554551125,0.0730857290327549
0.12871237471699715,0.036047741770744324,-0.33430638164281845,0.4153965190052986,-0.3423684909939766,-0.4946982990950346,0.49755436554551125,0.0730857290327549
0.12871237471699715,0.036047741770744324,-0.33430638164281845,0.4153965190052986,-0.3423684909939766,-0.4946982990950346,0.49755436554551125,0.0730857290327549
0.12871237471699715,0.036047741770744324,-0.33430638164281845,0.4153965190052986,-0.3423684909939766,-0.4946982990950346,0.49755436554551125,0.0730857290327549
0.12871237471699715,0.036047741770744324,-0.33430638164281845,0.4153965190052986,-0.3423684909939766,-0.4946982990950346,0.49755436554551125,0.0730857290327549
0.12871237471699715,0.036047741770744324,-0.33430638164281845,0.4153965190052986,-0.3423684909939766,-0.4946982990950346,0.49755436554551125,0.0730857290327549
0.12871237471699715,0.036047741770744324,-0.33430638164281845,0.4153965190052986,-0.3423684909939766,-0.4946982990950346,0.49755436554551125,0.0730857290327549
0.3946725179751714,-0.706543559829394,0.32787007590134937,0.3007360113163789,0.3009413157900174,0.6618509255349636,0.5400438954432806,-0.09138141572475433
0.3946725179751714,-0.706543559829394,0.32787007590134937,0.3007360113163789,0.3009413157900174,0.6618509255349636,0.5400438954432806,-0.09138141572475433
0.12871237471699715,0.036047741770744324,-0.33430638164281845,0.4153965190052986,-0.3423684909939766,-0.4946982990950346,0.49755436554551125,0.0730857290327549
0.3946725179751714,-0.706543559829394,0.32787007590134937,0.3007360113163789,0.3009413157900174,0.6618509255349636,0.5400438954432806,-0.09138141572475433
0.3946725179751714,-0.706543559829394,0.32787007590134937,0.3007360113163789,0.3009413157900174,0.6618509255349636,0.5400438954432806,-0.09138141572475433
0.41058510169386864,-0.5561501011252403,0.6621995344758034,0.5707192867994308,-0.026415187865495682,1.0067643020302057,0.6097828969359398,0.06704115122556686
-0.3279996246099472,-0.161939537525177,0.634341162443161,0.21594141125679017,-0.06796041131019592,0.6434032902121544,0.23061037361621856,-0.3077098220586777
0.3163285205761592,0.003808963629934523,0.15586699710951912,-0.032444465491506785,0.3992380168702867,0.08122808320654763,0.23540546662277645,-0.2392905635966195
0.3163285205761592,0.003808963629934523,0.15586699710951912,-0.032444465491506785,0.3992380168702867,0.08122808320654763,0.23540546662277645,-0.2392905635966195
0.014801636338233948,-0.21275618970394133,0.6111514747142792,0.21900964379310608,0.009177008271217346,0.5195057168602943,0.5961821347475051,-0.12371083199977875
0.014801636338233948,-0.21275618970394133,0.6111514747142792,0.21900964379310608,0.009177008271217346,0.5195057168602943,0.5961821347475051,-0.12371083199977875
0.014801636338233948,-0.21275618970394133,0.6111514747142792,0.21900964379310608,0.009177008271217346,0.5195057168602943,0.5961821347475051,-0.12371083199977875
0.12871237471699715,0.036047741770744324,-0.33430638164281845,0.4153965190052986,-0.3423684909939766,-0.4946982990950346,0.49755436554551125,0.0730857290327549
0.12871237471699715,0.036047741770744324,-0.33430638164281845,0.4153965190052986,-0.3423684909939766,-0.4946982990950346,0.49755436554551125,0.0730857290327549
-0.6590576469898224,-0.5259442418813706,0.06819024085998535,0.4331709235906601,0.3327222794294357,0.29536711871623994,0.23677849471569062,0.17352340817451478
-0.5990318655967712,-0.21910410267966135,-0.31245636088507517,0.02658805251121521,-0.11291090292590004,0.07738580874034337,0.5729923077992031,0.8111051619052887
0.17970150113105773,0.11600648760795593,0.24229800701141357,0.27003118991851804,0.17868748307228088,0.045431551337242124,0.301771005988121,0.052530333399772644
0.17970150113105773,0.11600648760795593,0.24229800701141357,0.27003118991851804,0.17868748307228088,0.045431551337242124,0.301771005988121,0.052530333399772644
0.17970150113105773,0.11600648760795593,0.24229800701141357,0.27003118991851804,0.17868748307228088,0.045431551337242124,0.301771005988121,0.052530333399772644
-0.5990318655967712,-0.21910410267966135,-0.31245636088507517,0.02658805251121521,-0.11291090292590004,0.07738580874034337,0.5729923077992031,0.8111051619052887
0.5012949948961084,-0.1836579834873026,0.20684007081118497,0.34978160803968256,0.13148397478190335,0.6700263199481097,0.5694840008562262,-0.28445212272080506
0.44349613785743713,-0.07980905358607952,0.3844839815910046,0.0013727958385760968,-0.06069849775387691,0.46342450494949633,0.31014068768574643,-0.03644156799866603
0.31049272418022156,-0.4012655597180128,0.22464557364583015,-0.0022784490138292313,0.2265095766633749,0.07137862592935562,0.5556637216359377,0.08560889400541782
0.035141257776154414,-0.27036454611354405,-0.007814036475287544,-0.10778728955321842,0.22404660284519196,-0.15670878109004763,-0.12382229334778255,0.44759892258379197
0.17970150113105773,0.11600648760795593,0.24229800701141357,0.27003118991851804,0.17868748307228088,0.045431551337242124,0.301771005988121,0.052530333399772644
0.12871237471699715,0.036047741770744324,-0.33430638164281845,0.4153965190052986,-0.3423684909939766,-0.4946982990950346,0.49755436554551125,0.0730857290327549
-0.5990318655967712,-0.21910410267966135,-0.31245636088507517,0.02658805251121521,-0.11291090292590004,0.07738580874034337,0.5729923077992031,0.8111051619052887
-0.24891278520226479,-0.07559872418642044,0.0834946259856224,0.382994931191206,-0.12576404586434364,-0.040870917961001396,0.2853914238512516,0.47086674347519875
-0.24891278520226479,-0.07559872418642044,0.0834946259856224,0.382994931191206,-0.12576404586434364,-0.040870917961001396,0.2853914238512516,0.47086674347519875
0.12871237471699715,0.036047741770744324,-0.33430638164281845,0.4153965190052986,-0.3423684909939766,-0.4946982990950346,0.49755436554551125,0.0730857290327549
-0.5990318655967712,-0.21910410267966135,-0.31245636088507517,0.02658805251121521,-0.11291090292590004,0.07738580874034337,0.5729923077992031,0.8111051619052887
-0.5990318655967712,-0.21910410267966135,-0.31245636088507517,0.02658805251121521,-0.11291090292590004,0.07738580874034337,0.5729923077992031,0.8111051619052887
0.7779410779476166,0.5511933863162994,0.21106838434934616,0.5995280295610428,1.2443957850337029,-0.1249241977930069,-0.1949780061841011,0.5109774768352509
0.7779410779476166,0.5511933863162994,0.21106838434934616,0.5995280295610428,1.2443957850337029,-0.1249241977930069,-0.1949780061841011,0.5109774768352509
0.004124218598008156,-0.05081011541187763,0.04786307364702225,0.1423083357512951,0.29086242243647575,0.09551498852670193,0.00732063502073288,0.2918937560170889
0.27967771142721176,0.2813952565193176,0.533524177968502,0.911076046526432,0.25452907755970955,-0.13588223978877068,0.5252615474164486,-0.22638119384646416
0.015809856355190277,-0.8182518780231476,0.5145324766635895,-0.6987320631742477,0.11091364175081253,0.3071993365883827,0.5343812629580498,-0.3446863889694214
-0.09777173399925232,0.5019687356220351,0.5388665497303009,0.18937617871496412,0.22276078330145943,-0.21795009407732222,-0.5434687236944834,0.07302538388305241
0.12386816574467553,0.21880698535177442,0.5408501161469353,0.3374040789074368,-0.07568615012698704,-0.030209441979726154,-0.31329720218976337,0.16942989826202393
-0.09777173399925232,0.5019687356220351,0.5388665497303009,0.18937617871496412,0.22276078330145943,-0.21795009407732222,-0.5434687236944834,0.07302538388305241
0.12386816574467553,0.21880698535177442,0.5408501161469353,0.3374040789074368,-0.07568615012698704,-0.030209441979726154,-0.31329720218976337,0.16942989826202393
-0.07935383543372154,-0.14523058757185936,0.22703639417886734,-0.2828384339809418,0.9235455505549908,0.37819614820182323,-0.2973776049911976,1.01779780164361
-0.21084044575691224,0.12691530585289001,0.15393084585666655,0.4151467591524124,0.3792130768299103,-0.25955369770526887,0.10488108098506928,-0.061357854306697844
-0.21084044575691224,0.12691530585289001,0.15393084585666655,0.4151467591524124,0.3792130768299103,-0.25955369770526887,0.10488108098506928,-0.061357854306697844
0.4170335717499256,0.10227707400918007,0.7171818241477013,0.582986056804657,-0.4763841014355421,0.3162763435393572,-0.16141169890761375,-0.31072087213397026
0.4170335717499256,0.10227707400918007,0.7171818241477013,0.582986056804657,-0.4763841014355421,0.3162763435393572,-0.16141169890761375,-0.31072087213397026
-0.21084044575691224,0.12691530585289001,0.15393084585666655,0.4151467591524124,0.3792130768299103,-0.25955369770526887,0.10488108098506928,-0.061357854306697844
-0.07935383543372154,-0.14523058757185936,0.22703639417886734,-0.2828384339809418,0.9235455505549908,0.37819614820182323,-0.2973776049911976,1.01779780164361
0.26957036554813385,-0.3926181197166443,0.6032419502735138,0.22891936699549356,-0.1153176377216975,0.5529614016413689,-0.3145962059497833,-0.20381498336791992
-0.03458481033643087,0.1735324263572693,0.09486648937066396,0.2752227783203125,1.0092582901318867,0.6189995358387629,0.1019325852394104,-0.054410080115000405
-0.03458481033643087,0.1735324263572693,0.09486648937066396,0.2752227783203125,1.0092582901318867,0.6189995358387629,0.1019325852394104,-0.054410080115000405
0.26957036554813385,-0.3926181197166443,0.6032419502735138,0.22891936699549356,-0.1153176377216975,0.5529614016413689,-0.3145962059497833,-0.20381498336791992
-0.21084044575691224,0.12691530585289001,0.15393084585666655,0.4151467591524124,0.3792130768299103,-0.25955369770526887,0.10488108098506928,-0.061357854306697844
-0.03458481033643087,0.1735324263572693,0.09486648937066396,0.2752227783203125,1.0092582901318867,0.6189995358387629,0.1019325852394104,-0.054410080115000405
-0.09155675768852234,-0.7939174324274063,0.2903718600670497,0.4001412590344747,-0.23944754898548126,0.7484710166851679,0.23104718824227652,-0.18125065167744955
-0.07935383543372154,-0.14523058757185936,0.22703639417886734,-0.2828384339809418,0.9235455505549908,0.37819614820182323,-0.2973776049911976,1.01779780164361
-0.07935383543372154,-0.14523058757185936,0.22703639417886734,-0.2828384339809418,0.9235455505549908,0.37819614820182323,-0.2973776049911976,1.01779780164361
-0.07935383543372154,-0.14523058757185936,0.22703639417886734,-0.2828384339809418,0.9235455505549908,0.37819614820182323,-0.2973776049911976,1.01779780164361
-0.07935383543372154,-0.14523058757185936,0.22703639417886734,-0.2828384339809418,0.9235455505549908,0.37819614820182323,-0.2973776049911976,1.01779780164361
-0.07935383543372154,-0.14523058757185936,0.22703639417886734,-0.2828384339809418,0.9235455505549908,0.37819614820182323,-0.2973776049911976,1.01779780164361
-0.07935383543372154,-0.14523058757185936,0.22703639417886734,-0.2828384339809418,0.9235455505549908,0.37819614820182323,-0.2973776049911976,1.01779780164361
-0.21084044575691224,0.12691530585289001,0.15393084585666655,0.4151467591524124,0.3792130768299103,-0.25955369770526887,0.10488108098506928,-0.061357854306697844
0.03311777859926224,0.04806923866271973,0.07389375567436218,0.691468670964241,0.3492918536067009,0.03181995451450348,0.47073542326688766,-0.45966267585754395
-0.07935383543372154,-0.14523058757185936,0.22703639417886734,-0.2828384339809418,0.9235455505549908,0.37819614820182323,-0.2973776049911976,1.01779780164361
-0.07935383543372154,-0.14523058757185936,0.22703639417886734,-0.2828384339809418,0.9235455505549908,0.37819614820182323,-0.2973776049911976,1.01779780164361
-0.24891278520226479,-0.07559872418642044,0.0834946259856224,0.382994931191206,-0.12576404586434364,-0.040870917961001396,0.2853914238512516,0.47086674347519875
0.4170335717499256,0.10227707400918007,0.7171818241477013,0.582986056804657,-0.4763841014355421,0.3162763435393572,-0.16141169890761375,-0.31072087213397026
0.4170335717499256,0.10227707400918007,0.7171818241477013,0.582986056804657,-0.4763841014355421,0.3162763435393572,-0.16141169890761375,-0.31072087213397026
-0.24891278520226479,-0.07559872418642044,0.0834946259856224,0.382994931191206,-0.12576404586434364,-0.040870917961001396,0.2853914238512516,0.47086674347519875
-0.07935383543372154,-0.14523058757185936,0.22703639417886734,-0.2828384339809418,0.9235455505549908,0.37819614820182323,-0.2973776049911976,1.01779780164361
-0.07935383543372154,-0.14523058757185936,0.22703639417886734,-0.2828384339809418,0.9235455505549908,0.37819614820182323,-0.2973776049911976,1.01779780164361
0.4170335717499256,0.10227707400918007,0.7171818241477013,0.582986056804657,-0.4763841014355421,0.3162763435393572,-0.16141169890761375,-0.31072087213397026
0.4170335717499256,0.10227707400918007,0.7171818241477013,0.582986056804657,-0.4763841014355421,0.3162763435393572,-0.16141169890761375,-0.31072087213397026
-0.21084044575691224,0.12691530585289001,0.15393084585666655,0.4151467591524124,0.3792130768299103,-0.25955369770526887,0.10488108098506928,-0.061357854306697844
0.4170335717499256,0.10227707400918007,0.7171818241477013,0.582986056804657,-0.4763841014355421,0.3162763435393572,-0.16141169890761375,-0.31072087213397026
0.4170335717499256,0.10227707400918007,0.7171818241477013,0.582986056804657,-0.4763841014355421,0.3162763435393572,-0.16141169890761375,-0.31072087213397026
0.4170335717499256,0.10227707400918007,0.7171818241477013,0.582986056804657,-0.4763841014355421,0.3162763435393572,-0.16141169890761375,-0.31072087213397026
-0.03458481033643087,0.1735324263572693,0.09486648937066396,0.2752227783203125,1.0092582901318867,0.6189995358387629,0.1019325852394104,-0.054410080115000405
0.17970150113105773,0.11600648760795593,0.24229800701141357,0.27003118991851804,0.17868748307228088,0.045431551337242124,0.301771005988121,0.052530333399772644
0.12871237471699715,0.036047741770744324,-0.33430638164281845,0.4153965190052986,-0.3423684909939766,-0.4946982990950346,0.49755436554551125,0.0730857290327549
-0.5990318655967712,-0.21910410267966135,-0.31245636088507517,0.02658805251121521,-0.11291090292590004,0.07738580874034337,0.5729923077992031,0.8111051619052887
0.12871237471699715,0.036047741770744324,-0.33430638164281845,0.4153965190052986,-0.3423684909939766,-0.4946982990950346,0.49755436554551125,0.0730857290327549
-0.5990318655967712,-0.21910410267966135,-0.31245636088507517,0.02658805251121521,-0.11291090292590004,0.07738580874034337,0.5729923077992031,0.8111051619052887
-0.5990318655967712,-0.21910410267966135,-0.31245636088507517,0.02658805251121521,-0.11291090292590004,0.07738580874034337,0.5729923077992031,0.8111051619052887
0.17970150113105773,0.11600648760795593,0.24229800701141357,0.27003118991851804,0.17868748307228088,0.045431551337242124,0.301771005988121,0.052530333399772644
-0.03458481033643087,0.1735324263572693,0.09486648937066396,0.2752227783203125,1.0092582901318867,0.6189995358387629,0.1019325852394104,-0.054410080115000405
-0.03458481033643087,0.1735324263572693,0.09486648937066396,0.2752227783203125,1.0092582901318867,0.6189995358387629,0.1019325852394104,-0.054410080115000405
0.17970150113105773,0.11600648760795593,0.24229800701141357,0.27003118991851804,0.17868748307228088,0.045431551337242124,0.301771005988121,0.052530333399772644
0.12871237471699715,0.036047741770744324,-0.33430638164281845,0.4153965190052986,-0.3423684909939766,-0.4946982990950346,0.49755436554551125,0.0730857290327549
-0.5990318655967712,-0.21910410267966135,-0.31245636088507517,0.02658805251121521,-0.11291090292590004,0.07738580874034337,0.5729923077992031,0.8111051619052887
0.12871237471699715,0.036047741770744324,-0.33430638164281845,0.4153965190052986,-0.3423684909939766,-0.4946982990950346,0.49755436554551125,0.0730857290327549
-0.5990318655967712,-0.21910410267966135,-0.31245636088507517,0.02658805251121521,-0.11291090292590004,0.07738580874034337,0.5729923077992031,0.8111051619052887
-0.5990318655967712,-0.21910410267966135,-0.31245636088507517,0.02658805251121521,-0.11291090292590004,0.07738580874034337,0.5729923077992031,0.8111051619052887
0.17970150113105773,0.11600648760795593,0.24229800701141357,0.27003118991851804,0.17868748307228088,0.045431551337242124,0.301771005988121,0.052530333399772644
0.17970150113105773,0.11600648760795593,0.24229800701141357,0.27003118991851804,0.17868748307228088,0.045431551337242124,0.301771005988121,0.052530333399772644
0.12871237471699715,0.036047741770744324,-0.33430638164281845,0.4153965190052986,-0.3423684909939766,-0.4946982990950346,0.49755436554551125,0.0730857290327549
-0.5990318655967712,-0.21910410267966135,-0.31245636088507517,0.02658805251121521,-0.11291090292590004,0.07738580874034337,0.5729923077992031,0.8111051619052887
0.12871237471699715,0.036047741770744324,-0.33430638164281845,0.4153965190052986,-0.3423684909939766,-0.4946982990950346,0.49755436554551125,0.0730857290327549
-0.5990318655967712,-0.21910410267966135,-0.31245636088507517,0.02658805251121521,-0.11291090292590004,0.07738580874034337,0.5729923077992031,0.8111051619052887
-0.5990318655967712,-0.21910410267966135,-0.31245636088507517,0.02658805251121521,-0.11291090292590004,0.07738580874034337,0.5729923077992031,0.8111051619052887
0.17970150113105773,0.11600648760795593,0.24229800701141357,0.27003118991851804,0.17868748307228088,0.045431551337242124,0.301771005988121,0.052530333399772644
0.27967771142721176,0.2813952565193176,0.533524177968502,0.911076046526432,0.25452907755970955,-0.13588223978877068,0.5252615474164486,-0.22638119384646416
0.12871237471699715,0.036047741770744324,-0.33430638164281845,0.4153965190052986,-0.3423684909939766,-0.4946982990950346,0.49755436554551125,0.0730857290327549
0.12871237471699715,0.036047741770744324,-0.33430638164281845,0.4153965190052986,-0.3423684909939766,-0.4946982990950346,0.49755436554551125,0.0730857290327549
0.4170335717499256,0.10227707400918007,0.7171818241477013,0.582986056804657,-0.4763841014355421,0.3162763435393572,-0.16141169890761375,-0.31072087213397026
0.4170335717499256,0.10227707400918007,0.7171818241477013,0.582986056804657,-0.4763841014355421,0.3162763435393572,-0.16141169890761375,-0.31072087213397026
0.27967771142721176,0.2813952565193176,0.533524177968502,0.911076046526432,0.25452907755970955,-0.13588223978877068,0.5252615474164486,-0.22638119384646416
0.12871237471699715,0.036047741770744324,-0.33430638164281845,0.4153965190052986,-0.3423684909939766,-0.4946982990950346,0.49755436554551125,0.0730857290327549
-0.153969906270504,-0.9583482146263123,0.015604555606842041,0.733149666339159,-0.8464069068431854,0.5591304525732994,0.7229762375354767,-0.8076682686805725
-0.07935383543372154,-0.14523058757185936,0.22703639417886734,-0.2828384339809418,0.9235455505549908,0.37819614820182323,-0.2973776049911976,1.01779780164361
0.12871237471699715,0.036047741770744324,-0.33430638164281845,0.4153965190052986,-0.3423684909939766,-0.4946982990950346,0.49755436554551125,0.0730857290327549
-0.153969906270504,-0.9583482146263123,0.015604555606842041,0.733149666339159,-0.8464069068431854,0.5591304525732994,0.7229762375354767,-0.8076682686805725
0.4170335717499256,0.10227707400918007,0.7171818241477013,0.582986056804657,-0.4763841014355421,0.3162763435393572,-0.16141169890761375,-0.31072087213397026
0.4170335717499256,0.10227707400918007,0.7171818241477013,0.582986056804657,-0.4763841014355421,0.3162763435393572,-0.16141169890761375,-0.31072087213397026
-0.1588706374168396,-0.48388365904490155,0.33469265202681225,0.9739868541558584,-0.6984111467997233,0.25396544734636944,0.2886066486438115,0.29769933223724365
0.47510433197021484,0.1797981063524882,1.1993008255958557,-0.48670857151349384,-0.38319232563177746,0.22283609211444855,0.33502431213855743,0.9438564777374268
-0.1588706374168396,-0.48388365904490155,0.33469265202681225,0.9739868541558584,-0.6984111467997233,0.25396544734636944,0.2886066486438115,0.29769933223724365
0.1956129252910614,-0.12204857766628266,0.21362111568450928,0.5338422864675522,0.19731317162513734,0.5171851247549057,0.634647724032402,-0.2851094871759415
-0.1588706374168396,-0.48388365904490155,0.33469265202681225,0.9739868541558584,-0.6984111467997233,0.25396544734636944,0.2886066486438115,0.29769933223724365
0.47510433197021484,0.1797981063524882,1.1993008255958557,-0.48670857151349384,-0.38319232563177746,0.22283609211444855,0.33502431213855743,0.9438564777374268
0.1956129252910614,-0.12204857766628266,0.21362111568450928,0.5338422864675522,0.19731317162513734,0.5171851247549057,0.634647724032402,-0.2851094871759415
0.47510433197021484,0.1797981063524882,1.1993008255958557,-0.48670857151349384,-0.38319232563177746,0.22283609211444855,0.33502431213855743,0.9438564777374268
-0.1588706374168396,-0.48388365904490155,0.33469265202681225,0.9739868541558584,-0.6984111467997233,0.25396544734636944,0.2886066486438115,0.29769933223724365
-0.4605657458305359,-0.06911355257034302,0.5931912610928217,0.4148110548655192,-0.4389493713776271,0.4316265235344569,-0.9260788013537725,-0.1886049509048462
-0.4605657458305359,-0.06911355257034302,0.5931912610928217,0.4148110548655192,-0.4389493713776271,0.4316265235344569,-0.9260788013537725,-0.1886049509048462
0.2029683768749237,-0.05100281834602356,0.3903870224952698,-0.1576879620552063,0.12799155116081237,-0.27278956174850466,-0.5104738146066665,-0.1469777762889862
0.09146440029144287,0.3473243862390518,0.7245826423168182,0.21195556223392487,-0.2789861001074314,0.5610313601791859,0.5010331533849239,0.3822110928595066
0.17970150113105773,0.11600648760795593,0.24229800701141357,0.27003118991851804,0.17868748307228088,0.045431551337242124,0.301771005988121,0.052530333399772644
-0.1588706374168396,-0.48388365904490155,0.33469265202681225,0.9739868541558584,-0.6984111467997233,0.25396544734636944,0.2886066486438115,0.29769933223724365
0.47510433197021484,0.1797981063524882,1.1993008255958557,-0.48670857151349384,-0.38319232563177746,0.22283609211444855,0.33502431213855743,0.9438564777374268
0.17970150113105773,0.11600648760795593,0.24229800701141357,0.27003118991851804,0.17868748307228088,0.045431551337242124,0.301771005988121,0.052530333399772644
0.47510433197021484,0.1797981063524882,1.1993008255958557,-0.48670857151349384,-0.38319232563177746,0.22283609211444855,0.33502431213855743,0.9438564777374268
-0.1588706374168396,-0.48388365904490155,0.33469265202681225,0.9739868541558584,-0.6984111467997233,0.25396544734636944,0.2886066486438115,0.29769933223724365
0.17764552533626557,-0.007241436839103698,0.2408321887254715,0.4763718008995056,0.2978940337896347,0.28894697278738024,0.39871759712696075,-0.1791386902332306
0.17764552533626557,-0.007241436839103698,0.2408321887254715,0.4763718008995056,0.2978940337896347,0.28894697278738024,0.39871759712696075,-0.1791386902332306
0.5176974063118299,-0.09589498365918796,0.3816358521580696,0.6783352891604105,-0.051218065122763314,-0.09121377269426982,0.40957606211304665,0.07927176853020985
0.34560854484637576,0.13401693229873976,0.290147565305233,0.6921184857686361,-0.2030841882030169,0.1393868327140808,0.037139181047677994,-0.07398911813894908
0.6873434651643038,-0.2067761542275548,0.3565832208842039,0.20348197035491467,-0.15381970442831516,0.18356796633452177,0.2743001515045762,0.003990527242422104
0.6873434651643038,-0.2067761542275548,0.3565832208842039,0.20348197035491467,-0.15381970442831516,0.18356796633452177,0.2743001515045762,0.003990527242422104
0.6873434651643038,-0.2067761542275548,0.3565832208842039,0.20348197035491467,-0.15381970442831516,0.18356796633452177,0.2743001515045762,0.003990527242422104
-0.012473779420057932,-0.14401178186138472,0.9995381111900011,0.48992331077655155,-0.4025895992914836,-0.12083333482344945,0.056375931948423386,0.8639026706417402
0.6873434651643038,-0.2067761542275548,0.3565832208842039,0.20348197035491467,-0.15381970442831516,0.18356796633452177,0.2743001515045762,0.003990527242422104
0.6873434651643038,-0.2067761542275548,0.3565832208842039,0.20348197035491467,-0.15381970442831516,0.18356796633452177,0.2743001515045762,0.003990527242422104
0.17970150113105773,0.11600648760795593,0.24229800701141357,0.27003118991851804,0.17868748307228088,0.045431551337242124,0.301771005988121,0.052530333399772644
-0.4605657458305359,-0.06911355257034302,0.5931912610928217,0.4148110548655192,-0.4389493713776271,0.4316265235344569,-0.9260788013537725,-0.1886049509048462
0.27967771142721176,0.2813952565193176,0.533524177968502,0.911076046526432,0.25452907755970955,-0.13588223978877068,0.5252615474164486,-0.22638119384646416
-0.09777173399925232,0.5019687356220351,0.5388665497303009,0.18937617871496412,0.22276078330145943,-0.21795009407732222,-0.5434687236944834,0.07302538388305241
-0.1588706374168396,-0.48388365904490155,0.33469265202681225,0.9739868541558584,-0.6984111467997233,0.25396544734636944,0.2886066486438115,0.29769933223724365
-0.0032779042209897724,0.0538736241204398,0.06713272844042097,0.7634533217975071,-0.11143989648137774,1.0216523494039262,0.09805800233568464,-0.07893492920058114
-0.5561480075120926,-1.284817397594452,0.8076116740703583,0.522229015827179,-0.27841950207948685,-0.8294251337647438,0.7168572247028351,0.1014123260974884
-0.1588706374168396,-0.48388365904490155,0.33469265202681225,0.9739868541558584,-0.6984111467997233,0.25396544734636944,0.2886066486438115,0.29769933223724365
0.3199540562927723,0.122830118983984,0.10616330057382584,0.21462847292423248,-0.492990892380476,-0.05539192631840706,0.2734052203595638,0.11054960638284683
0.3199540562927723,0.122830118983984,0.10616330057382584,0.21462847292423248,-0.492990892380476,-0.05539192631840706,0.2734052203595638,0.11054960638284683
-0.1588706374168396,-0.48388365904490155,0.33469265202681225,0.9739868541558584,-0.6984111467997233,0.25396544734636944,0.2886066486438115,0.29769933223724365
-0.1588706374168396,-0.48388365904490155,0.33469265202681225,0.9739868541558584,-0.6984111467997233,0.25396544734636944,0.2886066486438115,0.29769933223724365
0.015809856355190277,-0.8182518780231476,0.5145324766635895,-0.6987320631742477,0.11091364175081253,0.3071993365883827,0.5343812629580498,-0.3446863889694214
0.22226173749991826,-0.640450228537832,0.5531368042741504,0.4619969576597214,0.007504995380129133,0.06635091240916934,0.12029800457613808,0.06253926455974579
-0.1588706374168396,-0.48388365904490155,0.33469265202681225,0.9739868541558584,-0.6984111467997233,0.25396544734636944,0.2886066486438115,0.29769933223724365
-0.0032779042209897724,0.0538736241204398,0.06713272844042097,0.7634533217975071,-0.11143989648137774,1.0216523494039262,0.09805800233568464,-0.07893492920058114
-0.0032779042209897724,0.0538736241204398,0.06713272844042097,0.7634533217975071,-0.11143989648137774,1.0216523494039262,0.09805800233568464,-0.07893492920058114
-0.1588706374168396,-0.48388365904490155,0.33469265202681225,0.9739868541558584,-0.6984111467997233,0.25396544734636944,0.2886066486438115,0.29769933223724365
-0.5561480075120926,-1.284817397594452,0.8076116740703583,0.522229015827179,-0.27841950207948685,-0.8294251337647438,0.7168572247028351,0.1014123260974884
0.47510433197021484,0.1797981063524882,1.1993008255958557,-0.48670857151349384,-0.38319232563177746,0.22283609211444855,0.33502431213855743,0.9438564777374268
0.47510433197021484,0.1797981063524882,1.1993008255958557,-0.48670857151349384,-0.38319232563177746,0.22283609211444855,0.33502431213855743,0.9438564777374268
-0.1588706374168396,-0.48388365904490155,0.33469265202681225,0.9739868541558584,-0.6984111467997233,0.25396544734636944,0.2886066486438115,0.29769933223724365
0.7779410779476166,0.5511933863162994,0.21106838434934616,0.5995280295610428,1.2443957850337029,-0.1249241977930069,-0.1949780061841011,0.5109774768352509
0.7779410779476166,0.5511933863162994,0.21106838434934616,0.5995280295610428,1.2443957850337029,-0.1249241977930069,-0.1949780061841011,0.5109774768352509
0.015809856355190277,-0.8182518780231476,0.5145324766635895,-0.6987320631742477,0.11091364175081253,0.3071993365883827,0.5343812629580498,-0.3446863889694214
0.7779410779476166,0.5511933863162994,0.21106838434934616,0.5995280295610428,1.2443957850337029,-0.1249241977930069,-0.1949780061841011,0.5109774768352509
0.7779410779476166,0.5511933863162994,0.21106838434934616,0.5995280295610428,1.2443957850337029,-0.1249241977930069,-0.1949780061841011,0.5109774768352509
0.17970150113105773,0.11600648760795593,0.24229800701141357,0.27003118991851804,0.17868748307228088,0.045431551337242124,0.301771005988121,0.052530333399772644
0.38313410580158236,-0.2971953243017197,0.32694393396377563,0.7353423595428467,0.2105153739452362,0.2219550684094429,-0.528109535574913,0.5655551433563233
0.5674926191568375,-0.14212220162153244,1.031427209575971,0.541909838716189,-0.12730565667152405,-0.3831363891561826,-0.4512346213062604,0.42437617977460224
0.17970150113105773,0.11600648760795593,0.24229800701141357,0.27003118991851804,0.17868748307228088,0.045431551337242124,0.301771005988121,0.052530333399772644
-0.1588706374168396,-0.48388365904490155,0.33469265202681225,0.9739868541558584,-0.6984111467997233,0.25396544734636944,0.2886066486438115,0.29769933223724365
-0.0032779042209897724,0.0538736241204398,0.06713272844042097,0.7634533217975071,-0.11143989648137774,1.0216523494039262,0.09805800233568464,-0.07893492920058114
0.47510433197021484,0.1797981063524882,1.1993008255958557,-0.48670857151349384,-0.38319232563177746,0.22283609211444855,0.33502431213855743,0.9438564777374268
-0.1588706374168396,-0.48388365904490155,0.33469265202681225,0.9739868541558584,-0.6984111467997233,0.25396544734636944,0.2886066486438115,0.29769933223724365
0.09146440029144287,0.3473243862390518,0.7245826423168182,0.21195556223392487,-0.2789861001074314,0.5610313601791859,0.5010331533849239,0.3822110928595066
0.4284675270318985,0.10521717667579651,0.09300731420516968,0.512277802824974,0.0091368168592453,0.38959130048751833,0.544102144241333,-0.17653777003288268
-0.1886858157813549,0.5694585293531418,0.6126031652092934,0.09737760201096535,-0.13172711431980133,-0.8580035232007504,0.05514265224337578,-0.0012798458337783813
0.17970150113105773,0.11600648760795593,0.24229800701141357,0.27003118991851804,0.17868748307228088,0.045431551337242124,0.301771005988121,0.052530333399772644
-0.1588706374168396,-0.48388365904490155,0.33469265202681225,0.9739868541558584,-0.6984111467997233,0.25396544734636944,0.2886066486438115,0.29769933223724365
-0.0032779042209897724,0.0538736241204398,0.06713272844042097,0.7634533217975071,-0.11143989648137774,1.0216523494039262,0.09805800233568464,-0.07893492920058114
0.47510433197021484,0.1797981063524882,1.1993008255958557,-0.48670857151349384,-0.38319232563177746,0.22283609211444855,0.33502431213855743,0.9438564777374268
-0.1588706374168396,-0.48388365904490155,0.33469265202681225,0.9739868541558584,-0.6984111467997233,0.25396544734636944,0.2886066486438115,0.29769933223724365
0.09146440029144287,0.3473243862390518,0.7245826423168182,0.21195556223392487,-0.2789861001074314,0.5610313601791859,0.5010331533849239,0.3822110928595066
0.5924438726570871,-0.2249548849132326,0.2597547537750668,0.044618621468544006,0.02112629347377353,0.7559555222590765,0.3934590352906121,-0.26175520155164933
0.7779410779476166,0.5511933863162994,0.21106838434934616,0.5995280295610428,1.2443957850337029,-0.1249241977930069,-0.1949780061841011,0.5109774768352509
0.7779410779476166,0.5511933863162994,0.21106838434934616,0.5995280295610428,1.2443957850337029,-0.1249241977930069,-0.1949780061841011,0.5109774768352509
0.7779410779476166,0.5511933863162994,0.21106838434934616,0.5995280295610428,1.2443957850337029,-0.1249241977930069,-0.1949780061841011,0.5109774768352509
0.7779410779476166,0.5511933863162994,0.21106838434934616,0.5995280295610428,1.2443957850337029,-0.1249241977930069,-0.1949780061841011,0.5109774768352509
0.7779410779476166,0.5511933863162994,0.21106838434934616,0.5995280295610428,1.2443957850337029,-0.1249241977930069,-0.1949780061841011,0.5109774768352509
0.6428643763065338,-0.032072779323373525,0.363937925015177,0.5840617695025035,-0.4247505622250693,-0.14295472098248346,0.5299804114869663,0.3470786362886429
0.30536122620105743,0.28353071957826614,0.42151034623384476,0.020416058599948883,-0.27875131741166115,0.11456841602921486,0.1506088636815548,-0.5663313269615173
0.2104233130812645,-0.3912288037439187,0.3508726929624875,0.2618400330344836,-0.32344915966192883,-0.3810664191842079,0.12767952804764113,0.1301450158158938
0.2104233130812645,-0.3912288037439187,0.3508726929624875,0.2618400330344836,-0.32344915966192883,-0.3810664191842079,0.12767952804764113,0.1301450158158938
-0.032722752541303635,0.07624011114239693,0.27668071910738945,0.30694323033094406,-0.2725784070789814,-0.0025644730776548386,0.6730469055473804,0.3412414528429508
-0.032722752541303635,0.07624011114239693,0.27668071910738945,0.30694323033094406,-0.2725784070789814,-0.0025644730776548386,0.6730469055473804,0.3412414528429508
0.2104233130812645,-0.3912288037439187,0.3508726929624875,0.2618400330344836,-0.32344915966192883,-0.3810664191842079,0.12767952804764113,0.1301450158158938
0.21977778204849788,0.11452555549996239,0.5973147302865982,-0.12921872735023499,-0.3116745852998325,-0.2086052873304912,0.04467297877584185,0.7528048775025776
0.2104233130812645,-0.3912288037439187,0.3508726929624875,0.2618400330344836,-0.32344915966192883,-0.3810664191842079,0.12767952804764113,0.1301450158158938
-0.032722752541303635,0.07624011114239693,0.27668071910738945,0.30694323033094406,-0.2725784070789814,-0.0025644730776548386,0.6730469055473804,0.3412414528429508
0.27967771142721176,0.2813952565193176,0.533524177968502,0.911076046526432,0.25452907755970955,-0.13588223978877068,0.5252615474164486,-0.22638119384646416
0.27967771142721176,0.2813952565193176,0.533524177968502,0.911076046526432,0.25452907755970955,-0.13588223978877068,0.5252615474164486,-0.22638119384646416
-0.0032779042209897724,0.0538736241204398,0.06713272844042097,0.7634533217975071,-0.11143989648137774,1.0216523494039262,0.09805800233568464,-0.07893492920058114
-0.1588706374168396,-0.48388365904490155,0.33469265202681225,0.9739868541558584,-0.6984111467997233,0.25396544734636944,0.2886066486438115,0.29769933223724365
-0.0032779042209897724,0.0538736241204398,0.06713272844042097,0.7634533217975071,-0.11143989648137774,1.0216523494039262,0.09805800233568464,-0.07893492920058114
-0.5561480075120926,-1.284817397594452,0.8076116740703583,0.522229015827179,-0.27841950207948685,-0.8294251337647438,0.7168572247028351,0.1014123260974884
0.17970150113105773,0.11600648760795593,0.24229800701141357,0.27003118991851804,0.17868748307228088,0.045431551337242124,0.301771005988121,0.052530333399772644
0.712535384297371,-0.05959072858095169,0.2773480027914047,0.10201030373573303,-0.46655344367027285,-0.4844082176685333,-0.1424329623579979,0.298980250954628
0.712535384297371,-0.05959072858095169,0.2773480027914047,0.10201030373573303,-0.46655344367027285,-0.4844082176685333,-0.1424329623579979,0.298980250954628
-0.1588706374168396,-0.48388365904490155,0.33469265202681225,0.9739868541558584,-0.6984111467997233,0.25396544734636944,0.2886066486438115,0.29769933223724365
0.17970150113105773,0.11600648760795593,0.24229800701141357,0.27003118991851804,0.17868748307228088,0.045431551337242124,0.301771005988121,0.052530333399772644
-0.5990318655967712,-0.21910410267966135,-0.31245636088507517,0.02658805251121521,-0.11291090292590004,0.07738580874034337,0.5729923077992031,0.8111051619052887
0.12871237471699715,0.036047741770744324,-0.33430638164281845,0.4153965190052986,-0.3423684909939766,-0.4946982990950346,0.49755436554551125,0.0730857290327549
0.17932621538639068,-0.3042065218091011,0.11185179352760315,0.4582603543996811,-0.14489476680755614,0.037131364643573764,0.19389086067676545,0.054331475496292116
0.2518802268637551,0.2614029480351342,0.17398947808477613,0.0074364542961120605,0.2995145469903946,-0.03377040061685774,0.0038807226551903617,-0.09445361627472772
0.2036232426762581,-0.10578981786966324,0.44908853868643445,0.1883614882826805,0.25816671301921207,0.052750904113054276,-0.2626250982284546,0.17775417367617288
0.29837433331542546,0.17741163240538704,0.2699732979138692,0.2410872048801846,0.19236559338039821,-0.14013109273380703,-0.03100611435042487,0.0023508667945861816
0.17970150113105773,0.11600648760795593,0.24229800701141357,0.27003118991851804,0.17868748307228088,0.045431551337242124,0.301771005988121,0.052530333399772644
-0.5990318655967712,-0.21910410267966135,-0.31245636088507517,0.02658805251121521,-0.11291090292590004,0.07738580874034337,0.5729923077992031,0.8111051619052887
-0.4605657458305359,-0.06911355257034302,0.5931912610928217,0.4148110548655192,-0.4389493713776271,0.4316265235344569,-0.9260788013537725,-0.1886049509048462
0.3516443818807602,-0.43617420962878634,-0.10983149920191083,0.28964534401893616,-0.2881214725119727,0.1273281584892954,0.013447218707629613,-0.001166386263711112
0.09146440029144287,0.3473243862390518,0.7245826423168182,0.21195556223392487,-0.2789861001074314,0.5610313601791859,0.5010331533849239,0.3822110928595066
0.27967771142721176,0.2813952565193176,0.533524177968502,0.911076046526432,0.25452907755970955,-0.13588223978877068,0.5252615474164486,-0.22638119384646416
0.27967771142721176,0.2813952565193176,0.533524177968502,0.911076046526432,0.25452907755970955,-0.13588223978877068,0.5252615474164486,-0.22638119384646416
0.27967771142721176,0.2813952565193176,0.533524177968502,0.911076046526432,0.25452907755970955,-0.13588223978877068,0.5252615474164486,-0.22638119384646416
0.04304279088973999,0.2911534309387207,0.01027333438396454,-0.09158545434474945,0.08206204175949097,-0.13839552104473113,-0.050691834092140196,0.09795352220535278
0.27967771142721176,0.2813952565193176,0.533524177968502,0.911076046526432,0.25452907755970955,-0.13588223978877068,0.5252615474164486,-0.22638119384646416
-0.1588706374168396,-0.48388365904490155,0.33469265202681225,0.9739868541558584,-0.6984111467997233,0.25396544734636944,0.2886066486438115,0.29769933223724365
-0.1588706374168396,-0.48388365904490155,0.33469265202681225,0.9739868541558584,-0.6984111467997233,0.25396544734636944,0.2886066486438115,0.29769933223724365
0.27967771142721176,0.2813952565193176,0.533524177968502,0.911076046526432,0.25452907755970955,-0.13588223978877068,0.5252615474164486,-0.22638119384646416
-0.1588706374168396,-0.48388365904490155,0.33469265202681225,0.9739868541558584,-0.6984111467997233,0.25396544734636944,0.2886066486438115,0.29769933223724365
0.27967771142721176,0.2813952565193176,0.533524177968502,0.911076046526432,0.25452907755970955,-0.13588223978877068,0.5252615474164486,-0.22638119384646416
-0.1588706374168396,-0.48388365904490155,0.33469265202681225,0.9739868541558584,-0.6984111467997233,0.25396544734636944,0.2886066486438115,0.29769933223724365
0.4170335717499256,0.10227707400918007,0.7171818241477013,0.582986056804657,-0.4763841014355421,0.3162763435393572,-0.16141169890761375,-0.31072087213397026
0.4170335717499256,0.10227707400918007,0.7171818241477013,0.582986056804657,-0.4763841014355421,0.3162763435393572,-0.16141169890761375,-0.31072087213397026
0.4170335717499256,0.10227707400918007,0.7171818241477013,0.582986056804657,-0.4763841014355421,0.3162763435393572,-0.16141169890761375,-0.31072087213397026
0.4170335717499256,0.10227707400918007,0.7171818241477013,0.582986056804657,-0.4763841014355421,0.3162763435393572,-0.16141169890761375,-0.31072087213397026
-0.1588706374168396,-0.48388365904490155,0.33469265202681225,0.9739868541558584,-0.6984111467997233,0.25396544734636944,0.2886066486438115,0.29769933223724365
-0.1588706374168396,-0.48388365904490155,0.33469265202681225,0.9739868541558584,-0.6984111467997233,0.25396544734636944,0.2886066486438115,0.29769933223724365
-0.20392664273579916,0.31618112325668335,0.1315990686416626,-0.4008557548125585,0.13358930250008902,0.8593993484973907,0.6643521785736084,0.5025883316993713
0.7779410779476166,0.5511933863162994,0.21106838434934616,0.5995280295610428,1.2443957850337029,-0.1249241977930069,-0.1949780061841011,0.5109774768352509
0.7779410779476166,0.5511933863162994,0.21106838434934616,0.5995280295610428,1.2443957850337029,-0.1249241977930069,-0.1949780061841011,0.5109774768352509
-0.153969906270504,-0.9583482146263123,0.015604555606842041,0.733149666339159,-0.8464069068431854,0.5591304525732994,0.7229762375354767,-0.8076682686805725
0.036924262841542564,-0.013140435020128885,0.30324406425158185,0.015880237023035686,0.23988303542137146,0.054465306301911674,-0.16001343230406442,0.5528573642174403
0.036924262841542564,-0.013140435020128885,0.30324406425158185,0.015880237023035686,0.23988303542137146,0.054465306301911674,-0.16001343230406442,0.5528573642174403
0.03311777859926224,0.04806923866271973,0.07389375567436218,0.691468670964241,0.3492918536067009,0.03181995451450348,0.47073542326688766,-0.45966267585754395
-0.06690141558647156,-1.2359731495380402,0.06246155500411987,0.5348002165555954,-0.6015139296650887,0.31861335784196854,-0.2152075543999672,0.8554357290267944
-0.06690141558647156,-1.2359731495380402,0.06246155500411987,0.5348002165555954,-0.6015139296650887,0.31861335784196854,-0.2152075543999672,0.8554357290267944
0.08873330801725388,0.6847113072872162,-0.10051962733268738,0.3472967743873596,0.3649606332182884,-0.5394275709986687,0.2649550065398216,0.9225757718086243
0.03311777859926224,0.04806923866271973,0.07389375567436218,0.691468670964241,0.3492918536067009,0.03181995451450348,0.47073542326688766,-0.45966267585754395
-0.06690141558647156,-1.2359731495380402,0.06246155500411987,0.5348002165555954,-0.6015139296650887,0.31861335784196854,-0.2152075543999672,0.8554357290267944
0.08873330801725388,0.6847113072872162,-0.10051962733268738,0.3472967743873596,0.3649606332182884,-0.5394275709986687,0.2649550065398216,0.9225757718086243
0.03311777859926224,0.04806923866271973,0.07389375567436218,0.691468670964241,0.3492918536067009,0.03181995451450348,0.47073542326688766,-0.45966267585754395
0.43136070668697357,-0.7882112264633179,0.08983871340751648,1.9350292086601257,-0.5121909379959106,0.09290464967489243,0.19864360243082047,0.11833852529525757
-0.06690141558647156,-1.2359731495380402,0.06246155500411987,0.5348002165555954,-0.6015139296650887,0.31861335784196854,-0.2152075543999672,0.8554357290267944
-0.19346031546592712,-0.28289010375738144,0.5549396276473999,0.6108374744653702,-0.6259836032986641,0.16231543570756912,0.3829198107123375,-0.14987152814865112
0.2694703681128366,-0.11355217014040266,0.41609794752938406,-0.20335311336176737,-0.2986437146152769,0.1491049900650978,0.36057567383561817,0.8171611321823937
0.349757378300031,0.16712849835554758,0.22506601611773172,0.21727601935466131,0.04228879511356354,0.04629376158118248,0.4690226788322131,0.30080820868412655
0.2694703681128366,-0.11355217014040266,0.41609794752938406,-0.20335311336176737,-0.2986437146152769,0.1491049900650978,0.36057567383561817,0.8171611321823937
0.349757378300031,0.16712849835554758,0.22506601611773172,0.21727601935466131,0.04228879511356354,0.04629376158118248,0.4690226788322131,0.30080820868412655
0.17970150113105773,0.11600648760795593,0.24229800701141357,0.27003118991851804,0.17868748307228088,0.045431551337242124,0.301771005988121,0.052530333399772644
0.17970150113105773,0.11600648760795593,0.24229800701141357,0.27003118991851804,0.17868748307228088,0.045431551337242124,0.301771005988121,0.052530333399772644
0.7779410779476166,0.5511933863162994,0.21106838434934616,0.5995280295610428,1.2443957850337029,-0.1249241977930069,-0.1949780061841011,0.5109774768352509
0.27967771142721176,0.2813952565193176,0.533524177968502,0.911076046526432,0.25452907755970955,-0.13588223978877068,0.5252615474164486,-0.22638119384646416
0.12871237471699715,0.036047741770744324,-0.33430638164281845,0.4153965190052986,-0.3423684909939766,-0.4946982990950346,0.49755436554551125,0.0730857290327549
0.12871237471699715,0.036047741770744324,-0.33430638164281845,0.4153965190052986,-0.3423684909939766,-0.4946982990950346,0.49755436554551125,0.0730857290327549
0.12871237471699715,0.036047741770744324,-0.33430638164281845,0.4153965190052986,-0.3423684909939766,-0.4946982990950346,0.49755436554551125,0.0730857290327549
0.12871237471699715,0.036047741770744324,-0.33430638164281845,0.4153965190052986,-0.3423684909939766,-0.4946982990950346,0.49755436554551125,0.0730857290327549
0.12871237471699715,0.036047741770744324,-0.33430638164281845,0.4153965190052986,-0.3423684909939766,-0.4946982990950346,0.49755436554551125,0.0730857290327549
0.12871237471699715,0.036047741770744324,-0.33430638164281845,0.4153965190052986,-0.3423684909939766,-0.4946982990950346,0.49755436554551125,0.0730857290327549
0.12871237471699715,0.036047741770744324,-0.33430638164281845,0.4153965190052986,-0.3423684909939766,-0.4946982990950346,0.49755436554551125,0.0730857290327549
0.12871237471699715,0.036047741770744324,-0.33430638164281845,0.4153965190052986,-0.3423684909939766,-0.4946982990950346,0.49755436554551125,0.0730857290327549
0.3657659242550532,-0.3922003557284673,0.494089017311732,0.12076689799626668,0.008687689900398254,0.38657209525505704,0.11168082058429718,-0.33576195935408276
0.12871237471699715,0.036047741770744324,-0.33430638164281845,0.4153965190052986,-0.3423684909939766,-0.4946982990950346,0.49755436554551125,0.0730857290327549
0.12871237471699715,0.036047741770744324,-0.33430638164281845,0.4153965190052986,-0.3423684909939766,-0.4946982990950346,0.49755436554551125,0.0730857290327549
0.12871237471699715,0.036047741770744324,-0.33430638164281845,0.4153965190052986,-0.3423684909939766,-0.4946982990950346,0.49755436554551125,0.0730857290327549
0.12871237471699715,0.036047741770744324,-0.33430638164281845,0.4153965190052986,-0.3423684909939766,-0.4946982990950346,0.49755436554551125,0.0730857290327549
0.4170335717499256,0.10227707400918007,0.7171818241477013,0.582986056804657,-0.4763841014355421,0.3162763435393572,-0.16141169890761375,-0.31072087213397026
0.4170335717499256,0.10227707400918007,0.7171818241477013,0.582986056804657,-0.4763841014355421,0.3162763435393572,-0.16141169890761375,-0.31072087213397026
-0.24891278520226479,-0.07559872418642044,0.0834946259856224,0.382994931191206,-0.12576404586434364,-0.040870917961001396,0.2853914238512516,0.47086674347519875
0.12871237471699715,0.036047741770744324,-0.33430638164281845,0.4153965190052986,-0.3423684909939766,-0.4946982990950346,0.49755436554551125,0.0730857290327549
0.12871237471699715,0.036047741770744324,-0.33430638164281845,0.4153965190052986,-0.3423684909939766,-0.4946982990950346,0.49755436554551125,0.0730857290327549
-0.5386125147342682,0.44736117124557495,0.11367540806531906,1.0007336810231209,-0.3257586248219013,-0.8399975262582302,1.2208490036427975,0.2671233266592026
-0.24891278520226479,-0.07559872418642044,0.0834946259856224,0.382994931191206,-0.12576404586434364,-0.040870917961001396,0.2853914238512516,0.47086674347519875
0.12871237471699715,0.036047741770744324,-0.33430638164281845,0.4153965190052986,-0.3423684909939766,-0.4946982990950346,0.49755436554551125,0.0730857290327549
0.27967771142721176,0.2813952565193176,0.533524177968502,0.911076046526432,0.25452907755970955,-0.13588223978877068,0.5252615474164486,-0.22638119384646416
0.17970150113105773,0.11600648760795593,0.24229800701141357,0.27003118991851804,0.17868748307228088,0.045431551337242124,0.301771005988121,0.052530333399772644
0.03311777859926224,0.04806923866271973,0.07389375567436218,0.691468670964241,0.3492918536067009,0.03181995451450348,0.47073542326688766,-0.45966267585754395
0.12871237471699715,0.036047741770744324,-0.33430638164281845,0.4153965190052986,-0.3423684909939766,-0.4946982990950346,0.49755436554551125,0.0730857290327549
-0.5990318655967712,-0.21910410267966135,-0.31245636088507517,0.02658805251121521,-0.11291090292590004,0.07738580874034337,0.5729923077992031,0.8111051619052887
0.7779410779476166,0.5511933863162994,0.21106838434934616,0.5995280295610428,1.2443957850337029,-0.1249241977930069,-0.1949780061841011,0.5109774768352509
-0.35003915429115295,-0.37867006957530974,0.23489243984222413,0.34819493293762205,0.35300593078136444,0.19416756331920623,0.2348991960287094,0.025159236788749696
-0.35003915429115295,-0.37867006957530974,0.23489243984222413,0.34819493293762205,0.35300593078136444,0.19416756331920623,0.2348991960287094,0.025159236788749696
0.26957036554813385,-0.3926181197166443,0.6032419502735138,0.22891936699549356,-0.1153176377216975,0.5529614016413689,-0.3145962059497833,-0.20381498336791992
0.12871237471699715,0.036047741770744324,-0.33430638164281845,0.4153965190052986,-0.3423684909939766,-0.4946982990950346,0.49755436554551125,0.0730857290327549
0.26957036554813385,-0.3926181197166443,0.6032419502735138,0.22891936699549356,-0.1153176377216975,0.5529614016413689,-0.3145962059497833,-0.20381498336791992
-0.26978401839733124,-0.2488372355699539,0.8371443241834641,0.2810570299625397,0.5917633146047592,0.026163363456726076,-0.34015742838382723,0.27839843928813934
0.26957036554813385,-0.3926181197166443,0.6032419502735138,0.22891936699549356,-0.1153176377216975,0.5529614016413689,-0.3145962059497833,-0.20381498336791992
-0.0992661565542221,0.07979747354984283,0.4529546409845352,1.1114940136671065,0.1637885183095932,-0.3012445792555809,0.1756747305393219,0.27169616520404816
0.26957036554813385,-0.3926181197166443,0.6032419502735138,0.22891936699549356,-0.1153176377216975,0.5529614016413689,-0.3145962059497833,-0.20381498336791992
0.1997543474038442,-0.6815272238519456,0.13471506701575386,0.48069166309303707,-0.07522123555342357,0.05853212376435598,0.0960647463798523,0.18735872705777487
-0.3609621226787567,-0.27435658872127533,0.3024791419506073,-0.05122157633304596,0.13375467658042908,0.18634549975395204,0.3675883889198303,0.44413078725337984
0.26957036554813385,-0.3926181197166443,0.6032419502735138,0.22891936699549356,-0.1153176377216975,0.5529614016413689,-0.3145962059497833,-0.20381498336791992
0.26957036554813385,-0.3926181197166443,0.6032419502735138,0.22891936699549356,-0.1153176377216975,0.5529614016413689,-0.3145962059497833,-0.20381498336791992
-0.0992661565542221,0.07979747354984283,0.4529546409845352,1.1114940136671065,0.1637885183095932,-0.3012445792555809,0.1756747305393219,0.27169616520404816
-0.0992661565542221,0.07979747354984283,0.4529546409845352,1.1114940136671065,0.1637885183095932,-0.3012445792555809,0.1756747305393219,0.27169616520404816
0.26957036554813385,-0.3926181197166443,0.6032419502735138,0.22891936699549356,-0.1153176377216975,0.5529614016413689,-0.3145962059497833,-0.20381498336791992
0.1997543474038442,-0.6815272238519456,0.13471506701575386,0.48069166309303707,-0.07522123555342357,0.05853212376435598,0.0960647463798523,0.18735872705777487
-0.3609621226787567,-0.27435658872127533,0.3024791419506073,-0.05122157633304596,0.13375467658042908,0.18634549975395204,0.3675883889198303,0.44413078725337984
0.26957036554813385,-0.3926181197166443,0.6032419502735138,0.22891936699549356,-0.1153176377216975,0.5529614016413689,-0.3145962059497833,-0.20381498336791992
0.26957036554813385,-0.3926181197166443,0.6032419502735138,0.22891936699549356,-0.1153176377216975,0.5529614016413689,-0.3145962059497833,-0.20381498336791992
-0.0992661565542221,0.07979747354984283,0.4529546409845352,1.1114940136671065,0.1637885183095932,-0.3012445792555809,0.1756747305393219,0.27169616520404816
0.12871237471699715,0.036047741770744324,-0.33430638164281845,0.4153965190052986,-0.3423684909939766,-0.4946982990950346,0.49755436554551125,0.0730857290327549
0.12871237471699715,0.036047741770744324,-0.33430638164281845,0.4153965190052986,-0.3423684909939766,-0.4946982990950346,0.49755436554551125,0.0730857290327549
-0.16385864093899727,0.14863552525639534,0.14733097702264786,0.17135956324636936,0.3737279362976551,0.1798039823770523,0.2882101759314537,0.3412951361387968
-0.0992661565542221,0.07979747354984283,0.4529546409845352,1.1114940136671065,0.1637885183095932,-0.3012445792555809,0.1756747305393219,0.27169616520404816
-0.21203511705001196,-0.12798901895682016,0.4213937272628148,0.30977733557422954,0.18591427554686865,0.4880816725393136,0.27741170426209766,0.5706067706147829
0.12871237471699715,0.036047741770744324,-0.33430638164281845,0.4153965190052986,-0.3423684909939766,-0.4946982990950346,0.49755436554551125,0.0730857290327549
0.6101384088397026,-0.01790005962053935,0.09876005848248799,0.09723426898320515,0.148718831439813,0.10209313035011292,0.4380068704485893,0.32730575899283093
-0.012921211123466492,-0.32914796769618987,0.5415596187114715,0.6096711248159409,0.008697226643562317,-0.01746157556772232,-0.1704850435256958,0.5173672705888748
-0.4187108539044857,-0.6275649927556515,0.6665898598730564,0.06853660196065903,0.09998031705617905,0.33571104519069195,-0.293774351477623,0.6310289651155472
0.26957036554813385,-0.3926181197166443,0.6032419502735138,0.22891936699549356,-0.1153176377216975,0.5529614016413689,-0.3145962059497833,-0.20381498336791992
0.13907108828425407,0.0748415756970644,-0.00862963404506445,-0.08767396584153175,0.1828504167497158,-0.05967516638338566,0.26162267103791237,0.2305317036807537
0.13907108828425407,0.0748415756970644,-0.00862963404506445,-0.08767396584153175,0.1828504167497158,-0.05967516638338566,0.26162267103791237,0.2305317036807537
0.4514797516167164,0.0535507146269083,0.4592211255803704,0.1817816160619259,0.4374133385717869,0.08782649599015713,-0.01605520211160183,0.2277316264808178
0.4514797516167164,0.0535507146269083,0.4592211255803704,0.1817816160619259,0.4374133385717869,0.08782649599015713,-0.01605520211160183,0.2277316264808178
0.26957036554813385,-0.3926181197166443,0.6032419502735138,0.22891936699549356,-0.1153176377216975,0.5529614016413689,-0.3145962059497833,-0.20381498336791992
0.12871237471699715,0.036047741770744324,-0.33430638164281845,0.4153965190052986,-0.3423684909939766,-0.4946982990950346,0.49755436554551125,0.0730857290327549
0.12871237471699715,0.036047741770744324,-0.33430638164281845,0.4153965190052986,-0.3423684909939766,-0.4946982990950346,0.49755436554551125,0.0730857290327549
0.12871237471699715,0.036047741770744324,-0.33430638164281845,0.4153965190052986,-0.3423684909939766,-0.4946982990950346,0.49755436554551125,0.0730857290327549
0.4514797516167164,0.0535507146269083,0.4592211255803704,0.1817816160619259,0.4374133385717869,0.08782649599015713,-0.01605520211160183,0.2277316264808178
0.4514797516167164,0.0535507146269083,0.4592211255803704,0.1817816160619259,0.4374133385717869,0.08782649599015713,-0.01605520211160183,0.2277316264808178
0.10054457783699036,-0.2859066009521484,-0.05826427787542343,0.6704889297485351,0.664373442530632,0.4488221719861031,0.522765189409256,-0.19048037230968476
0.12871237471699715,0.036047741770744324,-0.33430638164281845,0.4153965190052986,-0.3423684909939766,-0.4946982990950346,0.49755436554551125,0.0730857290327549
0.10054457783699036,-0.2859066009521484,-0.05826427787542343,0.6704889297485351,0.664373442530632,0.4488221719861031,0.522765189409256,-0.19048037230968476
0.10054457783699036,-0.2859066009521484,-0.05826427787542343,0.6704889297485351,0.664373442530632,0.4488221719861031,0.522765189409256,-0.19048037230968476
-0.12626004219055176,-0.42984857223927975,0.05427359789609909,0.34061084873974323,0.42889332585036755,0.014821205288171768,0.3560632709413767,0.4810315854847431
-0.4495236426591873,-0.2285228818655014,0.07830297350883483,-0.5532841473817826,0.47135513424873354,0.2217530518770218,-0.016314113140106203,0.5374780327081681
-0.4495236426591873,-0.2285228818655014,0.07830297350883483,-0.5532841473817826,0.47135513424873354,0.2217530518770218,-0.016314113140106203,0.5374780327081681
-0.4495236426591873,-0.2285228818655014,0.07830297350883483,-0.5532841473817826,0.47135513424873354,0.2217530518770218,-0.016314113140106203,0.5374780327081681
0.32166206538677217,-0.44598009288311,0.5225617229938507,0.2538826882839203,-0.008361223340034484,0.14298803806304933,0.4691029578447342,1.0008658200502396
0.32166206538677217,-0.44598009288311,0.5225617229938507,0.2538826882839203,-0.008361223340034484,0.14298803806304933,0.4691029578447342,1.0008658200502396
0.3308935798704624,-0.33123533613979816,0.5269443187862635,0.2789448592811823,-0.3197802007198334,-0.02201972622424364,0.2404138082638383,0.3384852483868599
0.3308935798704624,-0.33123533613979816,0.5269443187862635,0.2789448592811823,-0.3197802007198334,-0.02201972622424364,0.2404138082638383,0.3384852483868599
0.3308935798704624,-0.33123533613979816,0.5269443187862635,0.2789448592811823,-0.3197802007198334,-0.02201972622424364,0.2404138082638383,0.3384852483868599
0.10054457783699036,-0.2859066009521484,-0.05826427787542343,0.6704889297485351,0.664373442530632,0.4488221719861031,0.522765189409256,-0.19048037230968476
0.10054457783699036,-0.2859066009521484,-0.05826427787542343,0.6704889297485351,0.664373442530632,0.4488221719861031,0.522765189409256,-0.19048037230968476
0.10054457783699036,-0.2859066009521484,-0.05826427787542343,0.6704889297485351,0.664373442530632,0.4488221719861031,0.522765189409256,-0.19048037230968476
-0.010310562593596322,-0.04931365166391645,0.38103834646088736,0.25888059714010786,0.06796871551445552,0.4255849782909666,0.4242501812321799,0.7094054583992276
0.6101384088397026,-0.01790005962053935,0.09876005848248799,0.09723426898320515,0.148718831439813,0.10209313035011292,0.4380068704485893,0.32730575899283093
-0.012921211123466492,-0.32914796769618987,0.5415596187114715,0.6096711248159409,0.008697226643562317,-0.01746157556772232,-0.1704850435256958,0.5173672705888748
-0.4187108539044857,-0.6275649927556515,0.6665898598730564,0.06853660196065903,0.09998031705617905,0.33571104519069195,-0.293774351477623,0.6310289651155472
0.20311781764030457,-0.5373036473989486,0.1820959761738777,1.0505968451499939,0.09827925860881806,0.9793352320790291,0.271046108007431,-0.36425647139549255
-0.3609621226787567,-0.27435658872127533,0.3024791419506073,-0.05122157633304596,0.13375467658042908,0.18634549975395204,0.3675883889198303,0.44413078725337984
0.12871237471699715,0.036047741770744324,-0.33430638164281845,0.4153965190052986,-0.3423684909939766,-0.4946982990950346,0.49755436554551125,0.0730857290327549
-0.3609621226787567,-0.27435658872127533,0.3024791419506073,-0.05122157633304596,0.13375467658042908,0.18634549975395204,0.3675883889198303,0.44413078725337984
0.20311781764030457,-0.5373036473989486,0.1820959761738777,1.0505968451499939,0.09827925860881806,0.9793352320790291,0.271046108007431,-0.36425647139549255
0.32166206538677217,-0.44598009288311,0.5225617229938507,0.2538826882839203,-0.008361223340034484,0.14298803806304933,0.4691029578447342,1.0008658200502396
0.32166206538677217,-0.44598009288311,0.5225617229938507,0.2538826882839203,-0.008361223340034484,0.14298803806304933,0.4691029578447342,1.0008658200502396
0.0411967396736145,-0.4204157888889313,0.5877869963645935,0.37650700807571413,-0.01846032738685608,0.19085030257701874,0.2766277343034744,0.5536440551280976
0.17539402097463608,-0.3268905393779278,0.19466515630483627,0.5999222472310066,-0.33568697422742844,0.646365599706769,0.4455072619020939,0.16487035527825356
0.5925821997225285,-0.2458234652876854,0.3055022768676281,0.1930369958281517,-0.26414399594068527,0.0706288032233715,-0.3349252324551344,0.2847757525742054
0.3706640253464381,0.2941777805487315,-0.38367634018262226,0.515915130575498,-0.586417223016421,0.15230153997739157,-0.09438944359620412,0.39983510474363965
0.17539402097463608,-0.3268905393779278,0.19466515630483627,0.5999222472310066,-0.33568697422742844,0.646365599706769,0.4455072619020939,0.16487035527825356
0.1353834867477417,-0.5921290516853333,0.25791490574677783,0.6836171845595042,-0.060126893222332,0.032673812160889305,0.36321896811326343,0.13022208462158838
0.6258044665058454,-0.1324563684562842,0.12675388902425766,0.09401184817155202,0.16116057087977728,-0.03382860372463862,0.4806034987171491,0.1700888698299726
0.3657659242550532,-0.3922003557284673,0.494089017311732,0.12076689799626668,0.008687689900398254,0.38657209525505704,0.11168082058429718,-0.33576195935408276
-0.2167829622824987,-0.22121808802088103,-0.041905311246713005,0.15869349241256714,-0.2865944753090541,-0.00998689979314804,0.4489699900150299,0.1338757574558258
-0.2167829622824987,-0.22121808802088103,-0.041905311246713005,0.15869349241256714,-0.2865944753090541,-0.00998689979314804,0.4489699900150299,0.1338757574558258
-0.2167829622824987,-0.22121808802088103,-0.041905311246713005,0.15869349241256714,-0.2865944753090541,-0.00998689979314804,0.4489699900150299,0.1338757574558258
-0.2167829622824987,-0.22121808802088103,-0.041905311246713005,0.15869349241256714,-0.2865944753090541,-0.00998689979314804,0.4489699900150299,0.1338757574558258
0.12871237471699715,0.036047741770744324,-0.33430638164281845,0.4153965190052986,-0.3423684909939766,-0.4946982990950346,0.49755436554551125,0.0730857290327549
-0.30586573233207065,0.10415089627106984,0.18901032209396362,0.4499679406483968,-0.056239932775497437,0.24731427431106567,-0.11022707323233287,0.23755772411823273
-0.2167829622824987,-0.22121808802088103,-0.041905311246713005,0.15869349241256714,-0.2865944753090541,-0.00998689979314804,0.4489699900150299,0.1338757574558258
-0.2167829622824987,-0.22121808802088103,-0.041905311246713005,0.15869349241256714,-0.2865944753090541,-0.00998689979314804,0.4489699900150299,0.1338757574558258
-0.2167829622824987,-0.22121808802088103,-0.041905311246713005,0.15869349241256714,-0.2865944753090541,-0.00998689979314804,0.4489699900150299,0.1338757574558258
-0.2167829622824987,-0.22121808802088103,-0.041905311246713005,0.15869349241256714,-0.2865944753090541,-0.00998689979314804,0.4489699900150299,0.1338757574558258
0.17970150113105773,0.11600648760795593,0.24229800701141357,0.27003118991851804,0.17868748307228088,0.045431551337242124,0.301771005988121,0.052530333399772644
0.17970150113105773,0.11600648760795593,0.24229800701141357,0.27003118991851804,0.17868748307228088,0.045431551337242124,0.301771005988121,0.052530333399772644
-0.5990318655967712,-0.21910410267966135,-0.31245636088507517,0.02658805251121521,-0.11291090292590004,0.07738580874034337,0.5729923077992031,0.8111051619052887
0.12871237471699715,0.036047741770744324,-0.33430638164281845,0.4153965190052986,-0.3423684909939766,-0.4946982990950346,0.49755436554551125,0.0730857290327549
0.12871237471699715,0.036047741770744324,-0.33430638164281845,0.4153965190052986,-0.3423684909939766,-0.4946982990950346,0.49755436554551125,0.0730857290327549
0.12871237471699715,0.036047741770744324,-0.33430638164281845,0.4153965190052986,-0.3423684909939766,-0.4946982990950346,0.49755436554551125,0.0730857290327549
-0.5990318655967712,-0.21910410267966135,-0.31245636088507517,0.02658805251121521,-0.11291090292590004,0.07738580874034337,0.5729923077992031,0.8111051619052887
0.12871237471699715,0.036047741770744324,-0.33430638164281845,0.4153965190052986,-0.3423684909939766,-0.4946982990950346,0.49755436554551125,0.0730857290327549
0.12871237471699715,0.036047741770744324,-0.33430638164281845,0.4153965190052986,-0.3423684909939766,-0.4946982990950346,0.49755436554551125,0.0730857290327549
0.12871237471699715,0.036047741770744324,-0.33430638164281845,0.4153965190052986,-0.3423684909939766,-0.4946982990950346,0.49755436554551125,0.0730857290327549
0.12871237471699715,0.036047741770744324,-0.33430638164281845,0.4153965190052986,-0.3423684909939766,-0.4946982990950346,0.49755436554551125,0.0730857290327549
0.12871237471699715,0.036047741770744324,-0.33430638164281845,0.4153965190052986,-0.3423684909939766,-0.4946982990950346,0.49755436554551125,0.0730857290327549
0.17932621538639068,-0.3042065218091011,0.11185179352760315,0.4582603543996811,-0.14489476680755614,0.037131364643573764,0.19389086067676545,0.054331475496292116
0.12871237471699715,0.036047741770744324,-0.33430638164281845,0.4153965190052986,-0.3423684909939766,-0.4946982990950346,0.49755436554551125,0.0730857290327549
0.12871237471699715,0.036047741770744324,-0.33430638164281845,0.4153965190052986,-0.3423684909939766,-0.4946982990950346,0.49755436554551125,0.0730857290327549
0.12871237471699715,0.036047741770744324,-0.33430638164281845,0.4153965190052986,-0.3423684909939766,-0.4946982990950346,0.49755436554551125,0.0730857290327549
0.12871237471699715,0.036047741770744324,-0.33430638164281845,0.4153965190052986,-0.3423684909939766,-0.4946982990950346,0.49755436554551125,0.0730857290327549
0.12871237471699715,0.036047741770744324,-0.33430638164281845,0.4153965190052986,-0.3423684909939766,-0.4946982990950346,0.49755436554551125,0.0730857290327549
-0.4590994144479434,-0.014456763863563538,-0.00581956406434377,0.3872258911530177,-0.06735126674175262,0.12362667545676231,0.1347230797012647,0.0711545671025912
-0.4590994144479434,-0.014456763863563538,-0.00581956406434377,0.3872258911530177,-0.06735126674175262,0.12362667545676231,0.1347230797012647,0.0711545671025912
-0.4590994144479434,-0.014456763863563538,-0.00581956406434377,0.3872258911530177,-0.06735126674175262,0.12362667545676231,0.1347230797012647,0.0711545671025912
-0.4590994144479434,-0.014456763863563538,-0.00581956406434377,0.3872258911530177,-0.06735126674175262,0.12362667545676231,0.1347230797012647,0.0711545671025912
-0.4590994144479434,-0.014456763863563538,-0.00581956406434377,0.3872258911530177,-0.06735126674175262,0.12362667545676231,0.1347230797012647,0.0711545671025912
-0.4590994144479434,-0.014456763863563538,-0.00581956406434377,0.3872258911530177,-0.06735126674175262,0.12362667545676231,0.1347230797012647,0.0711545671025912
0.12871237471699715,0.036047741770744324,-0.33430638164281845,0.4153965190052986,-0.3423684909939766,-0.4946982990950346,0.49755436554551125,0.0730857290327549
0.12871237471699715,0.036047741770744324,-0.33430638164281845,0.4153965190052986,-0.3423684909939766,-0.4946982990950346,0.49755436554551125,0.0730857290327549
0.12871237471699715,0.036047741770744324,-0.33430638164281845,0.4153965190052986,-0.3423684909939766,-0.4946982990950346,0.49755436554551125,0.0730857290327549
0.12871237471699715,0.036047741770744324,-0.33430638164281845,0.4153965190052986,-0.3423684909939766,-0.4946982990950346,0.49755436554551125,0.0730857290327549
0.12871237471699715,0.036047741770744324,-0.33430638164281845,0.4153965190052986,-0.3423684909939766,-0.4946982990950346,0.49755436554551125,0.0730857290327549
0.12871237471699715,0.036047741770744324,-0.33430638164281845,0.4153965190052986,-0.3423684909939766,-0.4946982990950346,0.49755436554551125,0.0730857290327549
0.12871237471699715,0.036047741770744324,-0.33430638164281845,0.4153965190052986,-0.3423684909939766,-0.4946982990950346,0.49755436554551125,0.0730857290327549
0.031824735924601555,0.31955089792609215,0.5057973191142082,0.422000415623188,0.06106583774089813,-0.02936450019478798,-0.13433661684393883,0.15670952945947647
0.12871237471699715,0.036047741770744324,-0.33430638164281845,0.4153965190052986,-0.3423684909939766,-0.4946982990950346,0.49755436554551125,0.0730857290327549
0.12871237471699715,0.036047741770744324,-0.33430638164281845,0.4153965190052986,-0.3423684909939766,-0.4946982990950346,0.49755436554551125,0.0730857290327549
0.12871237471699715,0.036047741770744324,-0.33430638164281845,0.4153965190052986,-0.3423684909939766,-0.4946982990950346,0.49755436554551125,0.0730857290327549
-0.4590994144479434,-0.014456763863563538,-0.00581956406434377,0.3872258911530177,-0.06735126674175262,0.12362667545676231,0.1347230797012647,0.0711545671025912
0.036924262841542564,-0.013140435020128885,0.30324406425158185,0.015880237023035686,0.23988303542137146,0.054465306301911674,-0.16001343230406442,0.5528573642174403
0.036924262841542564,-0.013140435020128885,0.30324406425158185,0.015880237023035686,0.23988303542137146,0.054465306301911674,-0.16001343230406442,0.5528573642174403
0.10792018175125122,-0.08350617587566375,0.11122356057167053,0.4123408645391464,-0.14697861075401306,0.009470640122890473,0.03664065599441528,0.2110144764184952
0.10792018175125122,-0.08350617587566375,0.11122356057167053,0.4123408645391464,-0.14697861075401306,0.009470640122890473,0.03664065599441528,0.2110144764184952
0.10792018175125122,-0.08350617587566375,0.11122356057167053,0.4123408645391464,-0.14697861075401306,0.009470640122890473,0.03664065599441528,0.2110144764184952
0.12386816574467553,0.21880698535177442,0.5408501161469353,0.3374040789074368,-0.07568615012698704,-0.030209441979726154,-0.31329720218976337,0.16942989826202393
-0.12677775749138423,0.14429826608725957,0.5652136930397579,0.32582950804914745,-0.16072340309619904,-0.33305719814130236,-0.187133184501103,0.4900841074330466
-0.5990318655967712,-0.21910410267966135,-0.31245636088507517,0.02658805251121521,-0.11291090292590004,0.07738580874034337,0.5729923077992031,0.8111051619052887
-0.5990318655967712,-0.21910410267966135,-0.31245636088507517,0.02658805251121521,-0.11291090292590004,0.07738580874034337,0.5729923077992031,0.8111051619052887
-0.1833958998322487,-0.3694332242012024,0.47780459374189377,0.783335916697979,0.6501363441348076,0.28284033946692944,0.00957610085606575,0.38754821196198463
-0.5990318655967712,-0.21910410267966135,-0.31245636088507517,0.02658805251121521,-0.11291090292590004,0.07738580874034337,0.5729923077992031,0.8111051619052887
-0.1833958998322487,-0.3694332242012024,0.47780459374189377,0.783335916697979,0.6501363441348076,0.28284033946692944,0.00957610085606575,0.38754821196198463
0.03200911581516266,0.4940457172691822,0.4988705009222031,0.16578857749700546,0.13651424050331115,-0.19109460338950157,-0.35859374701976776,0.21994260400533677
-0.34849395602941513,-0.5139143839478493,-0.32927723228931427,0.1727902591228485,-0.7488789930939674,0.39361898973584175,0.6210026293992996,0.25885801017284393
-0.4590994144479434,-0.014456763863563538,-0.00581956406434377,0.3872258911530177,-0.06735126674175262,0.12362667545676231,0.1347230797012647,0.0711545671025912
-0.0426650515624455,-0.6216766770396914,0.4217305949756077,-0.121731379202434,0.12008053702967507,0.49739443191460203,-0.2598152096782412,-0.7443343954426902
0.12871237471699715,0.036047741770744324,-0.33430638164281845,0.4153965190052986,-0.3423684909939766,-0.4946982990950346,0.49755436554551125,0.0730857290327549
0.12871237471699715,0.036047741770744324,-0.33430638164281845,0.4153965190052986,-0.3423684909939766,-0.4946982990950346,0.49755436554551125,0.0730857290327549
0.12871237471699715,0.036047741770744324,-0.33430638164281845,0.4153965190052986,-0.3423684909939766,-0.4946982990950346,0.49755436554551125,0.0730857290327549
0.12871237471699715,0.036047741770744324,-0.33430638164281845,0.4153965190052986,-0.3423684909939766,-0.4946982990950346,0.49755436554551125,0.0730857290327549
0.12871237471699715,0.036047741770744324,-0.33430638164281845,0.4153965190052986,-0.3423684909939766,-0.4946982990950346,0.49755436554551125,0.0730857290327549
-0.4590994144479434,-0.014456763863563538,-0.00581956406434377,0.3872258911530177,-0.06735126674175262,0.12362667545676231,0.1347230797012647,0.0711545671025912
-0.15095534494944982,0.12415924668312073,0.7288209412779126,-0.2248548354421343,-0.1221390792301723,0.05063327508313315,-0.061208861214773994,-0.769105830362865
0.12871237471699715,0.036047741770744324,-0.33430638164281845,0.4153965190052986,-0.3423684909939766,-0.4946982990950346,0.49755436554551125,0.0730857290327549
0.12871237471699715,0.036047741770744324,-0.33430638164281845,0.4153965190052986,-0.3423684909939766,-0.4946982990950346,0.49755436554551125,0.0730857290327549
0.12871237471699715,0.036047741770744324,-0.33430638164281845,0.4153965190052986,-0.3423684909939766,-0.4946982990950346,0.49755436554551125,0.0730857290327549
-0.4590994144479434,-0.014456763863563538,-0.00581956406434377,0.3872258911530177,-0.06735126674175262,0.12362667545676231,0.1347230797012647,0.0711545671025912
-0.15095534494944982,0.12415924668312073,0.7288209412779126,-0.2248548354421343,-0.1221390792301723,0.05063327508313315,-0.061208861214773994,-0.769105830362865
0.12871237471699715,0.036047741770744324,-0.33430638164281845,0.4153965190052986,-0.3423684909939766,-0.4946982990950346,0.49755436554551125,0.0730857290327549
0.12871237471699715,0.036047741770744324,-0.33430638164281845,0.4153965190052986,-0.3423684909939766,-0.4946982990950346,0.49755436554551125,0.0730857290327549
-0.4590994144479434,-0.014456763863563538,-0.00581956406434377,0.3872258911530177,-0.06735126674175262,0.12362667545676231,0.1347230797012647,0.0711545671025912
-0.353563985654286,-0.30732251703739166,0.3020631841250828,-0.4418849263872419,0.17051910076822555,0.19589016267231532,0.06363047872270856,-0.22994157246180943
-0.4590994144479434,-0.014456763863563538,-0.00581956406434377,0.3872258911530177,-0.06735126674175262,0.12362667545676231,0.1347230797012647,0.0711545671025912
0.12871237471699715,0.036047741770744324,-0.33430638164281845,0.4153965190052986,-0.3423684909939766,-0.4946982990950346,0.49755436554551125,0.0730857290327549
0.12871237471699715,0.036047741770744324,-0.33430638164281845,0.4153965190052986,-0.3423684909939766,-0.4946982990950346,0.49755436554551125,0.0730857290327549
0.12871237471699715,0.036047741770744324,-0.33430638164281845,0.4153965190052986,-0.3423684909939766,-0.4946982990950346,0.49755436554551125,0.0730857290327549
0.12871237471699715,0.036047741770744324,-0.33430638164281845,0.4153965190052986,-0.3423684909939766,-0.4946982990950346,0.49755436554551125,0.0730857290327549
0.12871237471699715,0.036047741770744324,-0.33430638164281845,0.4153965190052986,-0.3423684909939766,-0.4946982990950346,0.49755436554551125,0.0730857290327549
0.12871237471699715,0.036047741770744324,-0.33430638164281845,0.4153965190052986,-0.3423684909939766,-0.4946982990950346,0.49755436554551125,0.0730857290327549
0.12871237471699715,0.036047741770744324,-0.33430638164281845,0.4153965190052986,-0.3423684909939766,-0.4946982990950346,0.49755436554551125,0.0730857290327549
-0.3181603066623211,-0.028603877872228622,0.2239433154463768,0.01577150821685791,-0.6030571684241295,-0.18457028083503246,-0.07308019325137138,0.18620206788182259
-0.3181603066623211,-0.028603877872228622,0.2239433154463768,0.01577150821685791,-0.6030571684241295,-0.18457028083503246,-0.07308019325137138,0.18620206788182259
-0.3181603066623211,-0.028603877872228622,0.2239433154463768,0.01577150821685791,-0.6030571684241295,-0.18457028083503246,-0.07308019325137138,0.18620206788182259
-0.3181603066623211,-0.028603877872228622,0.2239433154463768,0.01577150821685791,-0.6030571684241295,-0.18457028083503246,-0.07308019325137138,0.18620206788182259
-0.3181603066623211,-0.028603877872228622,0.2239433154463768,0.01577150821685791,-0.6030571684241295,-0.18457028083503246,-0.07308019325137138,0.18620206788182259
-0.3181603066623211,-0.028603877872228622,0.2239433154463768,0.01577150821685791,-0.6030571684241295,-0.18457028083503246,-0.07308019325137138,0.18620206788182259
-0.3181603066623211,-0.028603877872228622,0.2239433154463768,0.01577150821685791,-0.6030571684241295,-0.18457028083503246,-0.07308019325137138,0.18620206788182259
-0.3181603066623211,-0.028603877872228622,0.2239433154463768,0.01577150821685791,-0.6030571684241295,-0.18457028083503246,-0.07308019325137138,0.18620206788182259
-0.3181603066623211,-0.028603877872228622,0.2239433154463768,0.01577150821685791,-0.6030571684241295,-0.18457028083503246,-0.07308019325137138,0.18620206788182259
-0.3181603066623211,-0.028603877872228622,0.2239433154463768,0.01577150821685791,-0.6030571684241295,-0.18457028083503246,-0.07308019325137138,0.18620206788182259
-0.3181603066623211,-0.028603877872228622,0.2239433154463768,0.01577150821685791,-0.6030571684241295,-0.18457028083503246,-0.07308019325137138,0.18620206788182259
-0.3181603066623211,-0.028603877872228622,0.2239433154463768,0.01577150821685791,-0.6030571684241295,-0.18457028083503246,-0.07308019325137138,0.18620206788182259
-0.3181603066623211,-0.028603877872228622,0.2239433154463768,0.01577150821685791,-0.6030571684241295,-0.18457028083503246,-0.07308019325137138,0.18620206788182259
-0.3181603066623211,-0.028603877872228622,0.2239433154463768,0.01577150821685791,-0.6030571684241295,-0.18457028083503246,-0.07308019325137138,0.18620206788182259
-0.3181603066623211,-0.028603877872228622,0.2239433154463768,0.01577150821685791,-0.6030571684241295,-0.18457028083503246,-0.07308019325137138,0.18620206788182259
-0.3181603066623211,-0.028603877872228622,0.2239433154463768,0.01577150821685791,-0.6030571684241295,-0.18457028083503246,-0.07308019325137138,0.18620206788182259
-0.3181603066623211,-0.028603877872228622,0.2239433154463768,0.01577150821685791,-0.6030571684241295,-0.18457028083503246,-0.07308019325137138,0.18620206788182259
-0.3181603066623211,-0.028603877872228622,0.2239433154463768,0.01577150821685791,-0.6030571684241295,-0.18457028083503246,-0.07308019325137138,0.18620206788182259
-0.3181603066623211,-0.028603877872228622,0.2239433154463768,0.01577150821685791,-0.6030571684241295,-0.18457028083503246,-0.07308019325137138,0.18620206788182259
-0.3181603066623211,-0.028603877872228622,0.2239433154463768,0.01577150821685791,-0.6030571684241295,-0.18457028083503246,-0.07308019325137138,0.18620206788182259
-0.3181603066623211,-0.028603877872228622,0.2239433154463768,0.01577150821685791,-0.6030571684241295,-0.18457028083503246,-0.07308019325137138,0.18620206788182259
-0.3181603066623211,-0.028603877872228622,0.2239433154463768,0.01577150821685791,-0.6030571684241295,-0.18457028083503246,-0.07308019325137138,0.18620206788182259
-0.3181603066623211,-0.028603877872228622,0.2239433154463768,0.01577150821685791,-0.6030571684241295,-0.18457028083503246,-0.07308019325137138,0.18620206788182259
-0.3181603066623211,-0.028603877872228622,0.2239433154463768,0.01577150821685791,-0.6030571684241295,-0.18457028083503246,-0.07308019325137138,0.18620206788182259
-0.3181603066623211,-0.028603877872228622,0.2239433154463768,0.01577150821685791,-0.6030571684241295,-0.18457028083503246,-0.07308019325137138,0.18620206788182259
-0.3181603066623211,-0.028603877872228622,0.2239433154463768,0.01577150821685791,-0.6030571684241295,-0.18457028083503246,-0.07308019325137138,0.18620206788182259
-0.3181603066623211,-0.028603877872228622,0.2239433154463768,0.01577150821685791,-0.6030571684241295,-0.18457028083503246,-0.07308019325137138,0.18620206788182259
-0.3181603066623211,-0.028603877872228622,0.2239433154463768,0.01577150821685791,-0.6030571684241295,-0.18457028083503246,-0.07308019325137138,0.18620206788182259
-0.3181603066623211,-0.028603877872228622,0.2239433154463768,0.01577150821685791,-0.6030571684241295,-0.18457028083503246,-0.07308019325137138,0.18620206788182259
-0.3181603066623211,-0.028603877872228622,0.2239433154463768,0.01577150821685791,-0.6030571684241295,-0.18457028083503246,-0.07308019325137138,0.18620206788182259
-0.3181603066623211,-0.028603877872228622,0.2239433154463768,0.01577150821685791,-0.6030571684241295,-0.18457028083503246,-0.07308019325137138,0.18620206788182259
-0.3181603066623211,-0.028603877872228622,0.2239433154463768,0.01577150821685791,-0.6030571684241295,-0.18457028083503246,-0.07308019325137138,0.18620206788182259
-0.3181603066623211,-0.028603877872228622,0.2239433154463768,0.01577150821685791,-0.6030571684241295,-0.18457028083503246,-0.07308019325137138,0.18620206788182259
-0.3181603066623211,-0.028603877872228622,0.2239433154463768,0.01577150821685791,-0.6030571684241295,-0.18457028083503246,-0.07308019325137138,0.18620206788182259
-0.3181603066623211,-0.028603877872228622,0.2239433154463768,0.01577150821685791,-0.6030571684241295,-0.18457028083503246,-0.07308019325137138,0.18620206788182259
-0.3181603066623211,-0.028603877872228622,0.2239433154463768,0.01577150821685791,-0.6030571684241295,-0.18457028083503246,-0.07308019325137138,0.18620206788182259
-0.3181603066623211,-0.028603877872228622,0.2239433154463768,0.01577150821685791,-0.6030571684241295,-0.18457028083503246,-0.07308019325137138,0.18620206788182259
-0.3181603066623211,-0.028603877872228622,0.2239433154463768,0.01577150821685791,-0.6030571684241295,-0.18457028083503246,-0.07308019325137138,0.18620206788182259
-0.3181603066623211,-0.028603877872228622,0.2239433154463768,0.01577150821685791,-0.6030571684241295,-0.18457028083503246,-0.07308019325137138,0.18620206788182259
-0.3181603066623211,-0.028603877872228622,0.2239433154463768,0.01577150821685791,-0.6030571684241295,-0.18457028083503246,-0.07308019325137138,0.18620206788182259
-0.3181603066623211,-0.028603877872228622,0.2239433154463768,0.01577150821685791,-0.6030571684241295,-0.18457028083503246,-0.07308019325137138,0.18620206788182259
-0.3181603066623211,-0.028603877872228622,0.2239433154463768,0.01577150821685791,-0.6030571684241295,-0.18457028083503246,-0.07308019325137138,0.18620206788182259
-0.3181603066623211,-0.028603877872228622,0.2239433154463768,0.01577150821685791,-0.6030571684241295,-0.18457028083503246,-0.07308019325137138,0.18620206788182259
-0.3181603066623211,-0.028603877872228622,0.2239433154463768,0.01577150821685791,-0.6030571684241295,-0.18457028083503246,-0.07308019325137138,0.18620206788182259
-0.3181603066623211,-0.028603877872228622,0.2239433154463768,0.01577150821685791,-0.6030571684241295,-0.18457028083503246,-0.07308019325137138,0.18620206788182259
-0.3181603066623211,-0.028603877872228622,0.2239433154463768,0.01577150821685791,-0.6030571684241295,-0.18457028083503246,-0.07308019325137138,0.18620206788182259
-0.3181603066623211,-0.028603877872228622,0.2239433154463768,0.01577150821685791,-0.6030571684241295,-0.18457028083503246,-0.07308019325137138,0.18620206788182259
-0.3181603066623211,-0.028603877872228622,0.2239433154463768,0.01577150821685791,-0.6030571684241295,-0.18457028083503246,-0.07308019325137138,0.18620206788182259
-0.3181603066623211,-0.028603877872228622,0.2239433154463768,0.01577150821685791,-0.6030571684241295,-0.18457028083503246,-0.07308019325137138,0.18620206788182259
-0.3181603066623211,-0.028603877872228622,0.2239433154463768,0.01577150821685791,-0.6030571684241295,-0.18457028083503246,-0.07308019325137138,0.18620206788182259
-0.3181603066623211,-0.028603877872228622,0.2239433154463768,0.01577150821685791,-0.6030571684241295,-0.18457028083503246,-0.07308019325137138,0.18620206788182259
-0.3181603066623211,-0.028603877872228622,0.2239433154463768,0.01577150821685791,-0.6030571684241295,-0.18457028083503246,-0.07308019325137138,0.18620206788182259
-0.3181603066623211,-0.028603877872228622,0.2239433154463768,0.01577150821685791,-0.6030571684241295,-0.18457028083503246,-0.07308019325137138,0.18620206788182259
-0.3181603066623211,-0.028603877872228622,0.2239433154463768,0.01577150821685791,-0.6030571684241295,-0.18457028083503246,-0.07308019325137138,0.18620206788182259
-0.3181603066623211,-0.028603877872228622,0.2239433154463768,0.01577150821685791,-0.6030571684241295,-0.18457028083503246,-0.07308019325137138,0.18620206788182259
-0.3181603066623211,-0.028603877872228622,0.2239433154463768,0.01577150821685791,-0.6030571684241295,-0.18457028083503246,-0.07308019325137138,0.18620206788182259
-0.3181603066623211,-0.028603877872228622,0.2239433154463768,0.01577150821685791,-0.6030571684241295,-0.18457028083503246,-0.07308019325137138,0.18620206788182259
-0.3181603066623211,-0.028603877872228622,0.2239433154463768,0.01577150821685791,-0.6030571684241295,-0.18457028083503246,-0.07308019325137138,0.18620206788182259
-0.3181603066623211,-0.028603877872228622,0.2239433154463768,0.01577150821685791,-0.6030571684241295,-0.18457028083503246,-0.07308019325137138,0.18620206788182259
-0.3181603066623211,-0.028603877872228622,0.2239433154463768,0.01577150821685791,-0.6030571684241295,-0.18457028083503246,-0.07308019325137138,0.18620206788182259
-0.3181603066623211,-0.028603877872228622,0.2239433154463768,0.01577150821685791,-0.6030571684241295,-0.18457028083503246,-0.07308019325137138,0.18620206788182259
-0.3181603066623211,-0.028603877872228622,0.2239433154463768,0.01577150821685791,-0.6030571684241295,-0.18457028083503246,-0.07308019325137138,0.18620206788182259
-0.3181603066623211,-0.028603877872228622,0.2239433154463768,0.01577150821685791,-0.6030571684241295,-0.18457028083503246,-0.07308019325137138,0.18620206788182259
-0.3181603066623211,-0.028603877872228622,0.2239433154463768,0.01577150821685791,-0.6030571684241295,-0.18457028083503246,-0.07308019325137138,0.18620206788182259
-0.3181603066623211,-0.028603877872228622,0.2239433154463768,0.01577150821685791,-0.6030571684241295,-0.18457028083503246,-0.07308019325137138,0.18620206788182259
-0.3181603066623211,-0.028603877872228622,0.2239433154463768,0.01577150821685791,-0.6030571684241295,-0.18457028083503246,-0.07308019325137138,0.18620206788182259
-0.3181603066623211,-0.028603877872228622,0.2239433154463768,0.01577150821685791,-0.6030571684241295,-0.18457028083503246,-0.07308019325137138,0.18620206788182259
-0.3181603066623211,-0.028603877872228622,0.2239433154463768,0.01577150821685791,-0.6030571684241295,-0.18457028083503246,-0.07308019325137138,0.18620206788182259
-0.3181603066623211,-0.028603877872228622,0.2239433154463768,0.01577150821685791,-0.6030571684241295,-0.18457028083503246,-0.07308019325137138,0.18620206788182259
-0.3181603066623211,-0.028603877872228622,0.2239433154463768,0.01577150821685791,-0.6030571684241295,-0.18457028083503246,-0.07308019325137138,0.18620206788182259
-0.3181603066623211,-0.028603877872228622,0.2239433154463768,0.01577150821685791,-0.6030571684241295,-0.18457028083503246,-0.07308019325137138,0.18620206788182259
-0.3181603066623211,-0.028603877872228622,0.2239433154463768,0.01577150821685791,-0.6030571684241295,-0.18457028083503246,-0.07308019325137138,0.18620206788182259
-0.3181603066623211,-0.028603877872228622,0.2239433154463768,0.01577150821685791,-0.6030571684241295,-0.18457028083503246,-0.07308019325137138,0.18620206788182259
-0.3181603066623211,-0.028603877872228622,0.2239433154463768,0.01577150821685791,-0.6030571684241295,-0.18457028083503246,-0.07308019325137138,0.18620206788182259
-0.3181603066623211,-0.028603877872228622,0.2239433154463768,0.01577150821685791,-0.6030571684241295,-0.18457028083503246,-0.07308019325137138,0.18620206788182259
-0.3181603066623211,-0.028603877872228622,0.2239433154463768,0.01577150821685791,-0.6030571684241295,-0.18457028083503246,-0.07308019325137138,0.18620206788182259
-0.3181603066623211,-0.028603877872228622,0.2239433154463768,0.01577150821685791,-0.6030571684241295,-0.18457028083503246,-0.07308019325137138,0.18620206788182259
-0.3181603066623211,-0.028603877872228622,0.2239433154463768,0.01577150821685791,-0.6030571684241295,-0.18457028083503246,-0.07308019325137138,0.18620206788182259
-0.3181603066623211,-0.028603877872228622,0.2239433154463768,0.01577150821685791,-0.6030571684241295,-0.18457028083503246,-0.07308019325137138,0.18620206788182259
-0.3181603066623211,-0.028603877872228622,0.2239433154463768,0.01577150821685791,-0.6030571684241295,-0.18457028083503246,-0.07308019325137138,0.18620206788182259
-0.3181603066623211,-0.028603877872228622,0.2239433154463768,0.01577150821685791,-0.6030571684241295,-0.18457028083503246,-0.07308019325137138,0.18620206788182259
-0.3181603066623211,-0.028603877872228622,0.2239433154463768,0.01577150821685791,-0.6030571684241295,-0.18457028083503246,-0.07308019325137138,0.18620206788182259
-0.3181603066623211,-0.028603877872228622,0.2239433154463768,0.01577150821685791,-0.6030571684241295,-0.18457028083503246,-0.07308019325137138,0.18620206788182259
-0.3181603066623211,-0.028603877872228622,0.2239433154463768,0.01577150821685791,-0.6030571684241295,-0.18457028083503246,-0.07308019325137138,0.18620206788182259
-0.3181603066623211,-0.028603877872228622,0.2239433154463768,0.01577150821685791,-0.6030571684241295,-0.18457028083503246,-0.07308019325137138,0.18620206788182259
-0.3181603066623211,-0.028603877872228622,0.2239433154463768,0.01577150821685791,-0.6030571684241295,-0.18457028083503246,-0.07308019325137138,0.18620206788182259
-0.3181603066623211,-0.028603877872228622,0.2239433154463768,0.01577150821685791,-0.6030571684241295,-0.18457028083503246,-0.07308019325137138,0.18620206788182259
-0.3181603066623211,-0.028603877872228622,0.2239433154463768,0.01577150821685791,-0.6030571684241295,-0.18457028083503246,-0.07308019325137138,0.18620206788182259
-0.3181603066623211,-0.028603877872228622,0.2239433154463768,0.01577150821685791,-0.6030571684241295,-0.18457028083503246,-0.07308019325137138,0.18620206788182259
-0.3181603066623211,-0.028603877872228622,0.2239433154463768,0.01577150821685791,-0.6030571684241295,-0.18457028083503246,-0.07308019325137138,0.18620206788182259
-0.3181603066623211,-0.028603877872228622,0.2239433154463768,0.01577150821685791,-0.6030571684241295,-0.18457028083503246,-0.07308019325137138,0.18620206788182259
-0.3181603066623211,-0.028603877872228622,0.2239433154463768,0.01577150821685791,-0.6030571684241295,-0.18457028083503246,-0.07308019325137138,0.18620206788182259
-0.3181603066623211,-0.028603877872228622,0.2239433154463768,0.01577150821685791,-0.6030571684241295,-0.18457028083503246,-0.07308019325137138,0.18620206788182259
-0.3181603066623211,-0.028603877872228622,0.2239433154463768,0.01577150821685791,-0.6030571684241295,-0.18457028083503246,-0.07308019325137138,0.18620206788182259
-0.3181603066623211,-0.028603877872228622,0.2239433154463768,0.01577150821685791,-0.6030571684241295,-0.18457028083503246,-0.07308019325137138,0.18620206788182259
-0.3181603066623211,-0.028603877872228622,0.2239433154463768,0.01577150821685791,-0.6030571684241295,-0.18457028083503246,-0.07308019325137138,0.18620206788182259
-0.3181603066623211,-0.028603877872228622,0.2239433154463768,0.01577150821685791,-0.6030571684241295,-0.18457028083503246,-0.07308019325137138,0.18620206788182259
-0.3181603066623211,-0.028603877872228622,0.2239433154463768,0.01577150821685791,-0.6030571684241295,-0.18457028083503246,-0.07308019325137138,0.18620206788182259
-0.3181603066623211,-0.028603877872228622,0.2239433154463768,0.01577150821685791,-0.6030571684241295,-0.18457028083503246,-0.07308019325137138,0.18620206788182259
-0.3181603066623211,-0.028603877872228622,0.2239433154463768,0.01577150821685791,-0.6030571684241295,-0.18457028083503246,-0.07308019325137138,0.18620206788182259
-0.3181603066623211,-0.028603877872228622,0.2239433154463768,0.01577150821685791,-0.6030571684241295,-0.18457028083503246,-0.07308019325137138,0.18620206788182259
-0.3181603066623211,-0.028603877872228622,0.2239433154463768,0.01577150821685791,-0.6030571684241295,-0.18457028083503246,-0.07308019325137138,0.18620206788182259
-0.3181603066623211,-0.028603877872228622,0.2239433154463768,0.01577150821685791,-0.6030571684241295,-0.18457028083503246,-0.07308019325137138,0.18620206788182259
-0.3181603066623211,-0.028603877872228622,0.2239433154463768,0.01577150821685791,-0.6030571684241295,-0.18457028083503246,-0.07308019325137138,0.18620206788182259
-0.3181603066623211,-0.028603877872228622,0.2239433154463768,0.01577150821685791,-0.6030571684241295,-0.18457028083503246,-0.07308019325137138,0.18620206788182259
-0.3181603066623211,-0.028603877872228622,0.2239433154463768,0.01577150821685791,-0.6030571684241295,-0.18457028083503246,-0.07308019325137138,0.18620206788182259
-0.3181603066623211,-0.028603877872228622,0.2239433154463768,0.01577150821685791,-0.6030571684241295,-0.18457028083503246,-0.07308019325137138,0.18620206788182259
-0.3181603066623211,-0.028603877872228622,0.2239433154463768,0.01577150821685791,-0.6030571684241295,-0.18457028083503246,-0.07308019325137138,0.18620206788182259
-0.3181603066623211,-0.028603877872228622,0.2239433154463768,0.01577150821685791,-0.6030571684241295,-0.18457028083503246,-0.07308019325137138,0.18620206788182259
-0.3181603066623211,-0.028603877872228622,0.2239433154463768,0.01577150821685791,-0.6030571684241295,-0.18457028083503246,-0.07308019325137138,0.18620206788182259
-0.3181603066623211,-0.028603877872228622,0.2239433154463768,0.01577150821685791,-0.6030571684241295,-0.18457028083503246,-0.07308019325137138,0.18620206788182259
-0.3181603066623211,-0.028603877872228622,0.2239433154463768,0.01577150821685791,-0.6030571684241295,-0.18457028083503246,-0.07308019325137138,0.18620206788182259
-0.3181603066623211,-0.028603877872228622,0.2239433154463768,0.01577150821685791,-0.6030571684241295,-0.18457028083503246,-0.07308019325137138,0.18620206788182259
-0.3181603066623211,-0.028603877872228622,0.2239433154463768,0.01577150821685791,-0.6030571684241295,-0.18457028083503246,-0.07308019325137138,0.18620206788182259
-0.3181603066623211,-0.028603877872228622,0.2239433154463768,0.01577150821685791,-0.6030571684241295,-0.18457028083503246,-0.07308019325137138,0.18620206788182259
-0.3181603066623211,-0.028603877872228622,0.2239433154463768,0.01577150821685791,-0.6030571684241295,-0.18457028083503246,-0.07308019325137138,0.18620206788182259
-0.3181603066623211,-0.028603877872228622,0.2239433154463768,0.01577150821685791,-0.6030571684241295,-0.18457028083503246,-0.07308019325137138,0.18620206788182259
-0.3181603066623211,-0.028603877872228622,0.2239433154463768,0.01577150821685791,-0.6030571684241295,-0.18457028083503246,-0.07308019325137138,0.18620206788182259
-0.3181603066623211,-0.028603877872228622,0.2239433154463768,0.01577150821685791,-0.6030571684241295,-0.18457028083503246,-0.07308019325137138,0.18620206788182259
-0.3181603066623211,-0.028603877872228622,0.2239433154463768,0.01577150821685791,-0.6030571684241295,-0.18457028083503246,-0.07308019325137138,0.18620206788182259
-0.3181603066623211,-0.028603877872228622,0.2239433154463768,0.01577150821685791,-0.6030571684241295,-0.18457028083503246,-0.07308019325137138,0.18620206788182259
-0.3181603066623211,-0.028603877872228622,0.2239433154463768,0.01577150821685791,-0.6030571684241295,-0.18457028083503246,-0.07308019325137138,0.18620206788182259
-0.3181603066623211,-0.028603877872228622,0.2239433154463768,0.01577150821685791,-0.6030571684241295,-0.18457028083503246,-0.07308019325137138,0.18620206788182259
-0.3181603066623211,-0.028603877872228622,0.2239433154463768,0.01577150821685791,-0.6030571684241295,-0.18457028083503246,-0.07308019325137138,0.18620206788182259
-0.3181603066623211,-0.028603877872228622,0.2239433154463768,0.01577150821685791,-0.6030571684241295,-0.18457028083503246,-0.07308019325137138,0.18620206788182259
-0.3181603066623211,-0.028603877872228622,0.2239433154463768,0.01577150821685791,-0.6030571684241295,-0.18457028083503246,-0.07308019325137138,0.18620206788182259
-0.3181603066623211,-0.028603877872228622,0.2239433154463768,0.01577150821685791,-0.6030571684241295,-0.18457028083503246,-0.07308019325137138,0.18620206788182259
-0.3181603066623211,-0.028603877872228622,0.2239433154463768,0.01577150821685791,-0.6030571684241295,-0.18457028083503246,-0.07308019325137138,0.18620206788182259
-0.3181603066623211,-0.028603877872228622,0.2239433154463768,0.01577150821685791,-0.6030571684241295,-0.18457028083503246,-0.07308019325137138,0.18620206788182259
-0.3181603066623211,-0.028603877872228622,0.2239433154463768,0.01577150821685791,-0.6030571684241295,-0.18457028083503246,-0.07308019325137138,0.18620206788182259
-0.3181603066623211,-0.028603877872228622,0.2239433154463768,0.01577150821685791,-0.6030571684241295,-0.18457028083503246,-0.07308019325137138,0.18620206788182259
-0.3181603066623211,-0.028603877872228622,0.2239433154463768,0.01577150821685791,-0.6030571684241295,-0.18457028083503246,-0.07308019325137138,0.18620206788182259
-0.3181603066623211,-0.028603877872228622,0.2239433154463768,0.01577150821685791,-0.6030571684241295,-0.18457028083503246,-0.07308019325137138,0.18620206788182259
-0.3181603066623211,-0.028603877872228622,0.2239433154463768,0.01577150821685791,-0.6030571684241295,-0.18457028083503246,-0.07308019325137138,0.18620206788182259
-0.3181603066623211,-0.028603877872228622,0.2239433154463768,0.01577150821685791,-0.6030571684241295,-0.18457028083503246,-0.07308019325137138,0.18620206788182259
-0.3181603066623211,-0.028603877872228622,0.2239433154463768,0.01577150821685791,-0.6030571684241295,-0.18457028083503246,-0.07308019325137138,0.18620206788182259
-0.3181603066623211,-0.028603877872228622,0.2239433154463768,0.01577150821685791,-0.6030571684241295,-0.18457028083503246,-0.07308019325137138,0.18620206788182259
-0.3181603066623211,-0.028603877872228622,0.2239433154463768,0.01577150821685791,-0.6030571684241295,-0.18457028083503246,-0.07308019325137138,0.18620206788182259
-0.3181603066623211,-0.028603877872228622,0.2239433154463768,0.01577150821685791,-0.6030571684241295,-0.18457028083503246,-0.07308019325137138,0.18620206788182259
-0.3181603066623211,-0.028603877872228622,0.2239433154463768,0.01577150821685791,-0.6030571684241295,-0.18457028083503246,-0.07308019325137138,0.18620206788182259
-0.3181603066623211,-0.028603877872228622,0.2239433154463768,0.01577150821685791,-0.6030571684241295,-0.18457028083503246,-0.07308019325137138,0.18620206788182259
-0.3181603066623211,-0.028603877872228622,0.2239433154463768,0.01577150821685791,-0.6030571684241295,-0.18457028083503246,-0.07308019325137138,0.18620206788182259
-0.3181603066623211,-0.028603877872228622,0.2239433154463768,0.01577150821685791,-0.6030571684241295,-0.18457028083503246,-0.07308019325137138,0.18620206788182259
-0.3181603066623211,-0.028603877872228622,0.2239433154463768,0.01577150821685791,-0.6030571684241295,-0.18457028083503246,-0.07308019325137138,0.18620206788182259
-0.3181603066623211,-0.028603877872228622,0.2239433154463768,0.01577150821685791,-0.6030571684241295,-0.18457028083503246,-0.07308019325137138,0.18620206788182259
-0.3181603066623211,-0.028603877872228622,0.2239433154463768,0.01577150821685791,-0.6030571684241295,-0.18457028083503246,-0.07308019325137138,0.18620206788182259
-0.3181603066623211,-0.028603877872228622,0.2239433154463768,0.01577150821685791,-0.6030571684241295,-0.18457028083503246,-0.07308019325137138,0.18620206788182259
-0.3181603066623211,-0.028603877872228622,0.2239433154463768,0.01577150821685791,-0.6030571684241295,-0.18457028083503246,-0.07308019325137138,0.18620206788182259
-0.3181603066623211,-0.028603877872228622,0.2239433154463768,0.01577150821685791,-0.6030571684241295,-0.18457028083503246,-0.07308019325137138,0.18620206788182259
-0.3181603066623211,-0.028603877872228622,0.2239433154463768,0.01577150821685791,-0.6030571684241295,-0.18457028083503246,-0.07308019325137138,0.18620206788182259
-0.3181603066623211,-0.028603877872228622,0.2239433154463768,0.01577150821685791,-0.6030571684241295,-0.18457028083503246,-0.07308019325137138,0.18620206788182259
-0.3181603066623211,-0.028603877872228622,0.2239433154463768,0.01577150821685791,-0.6030571684241295,-0.18457028083503246,-0.07308019325137138,0.18620206788182259
0.03461654815408918,-0.21925613118542564,0.03454029063383738,0.046250247293048434,0.11597874595059289,0.3105991731087367,0.26737378703223336,0.028765378726853266
-0.3181603066623211,-0.028603877872228622,0.2239433154463768,0.01577150821685791,-0.6030571684241295,-0.18457028083503246,-0.07308019325137138,0.18620206788182259
-0.3181603066623211,-0.028603877872228622,0.2239433154463768,0.01577150821685791,-0.6030571684241295,-0.18457028083503246,-0.07308019325137138,0.18620206788182259
-0.3181603066623211,-0.028603877872228622,0.2239433154463768,0.01577150821685791,-0.6030571684241295,-0.18457028083503246,-0.07308019325137138,0.18620206788182259
-0.3181603066623211,-0.028603877872228622,0.2239433154463768,0.01577150821685791,-0.6030571684241295,-0.18457028083503246,-0.07308019325137138,0.18620206788182259
0.030844649920860927,0.05982366080085436,0.7703657758732637,0.16907761245965958,0.07594562321901321,0.018787809337178867,-0.3079859217007955,-0.31704490383466083
-0.3181603066623211,-0.028603877872228622,0.2239433154463768,0.01577150821685791,-0.6030571684241295,-0.18457028083503246,-0.07308019325137138,0.18620206788182259
-0.3181603066623211,-0.028603877872228622,0.2239433154463768,0.01577150821685791,-0.6030571684241295,-0.18457028083503246,-0.07308019325137138,0.18620206788182259
0.030844649920860927,0.05982366080085436,0.7703657758732637,0.16907761245965958,0.07594562321901321,0.018787809337178867,-0.3079859217007955,-0.31704490383466083
-0.3181603066623211,-0.028603877872228622,0.2239433154463768,0.01577150821685791,-0.6030571684241295,-0.18457028083503246,-0.07308019325137138,0.18620206788182259
-0.3181603066623211,-0.028603877872228622,0.2239433154463768,0.01577150821685791,-0.6030571684241295,-0.18457028083503246,-0.07308019325137138,0.18620206788182259
0.1920100599527359,-0.09135811775922775,0.5076860133558512,-0.32942098937928677,-0.3517680075019598,-0.03445231728255749,0.20788371935486794,0.7313663698732853
-0.3181603066623211,-0.028603877872228622,0.2239433154463768,0.01577150821685791,-0.6030571684241295,-0.18457028083503246,-0.07308019325137138,0.18620206788182259
-0.3181603066623211,-0.028603877872228622,0.2239433154463768,0.01577150821685791,-0.6030571684241295,-0.18457028083503246,-0.07308019325137138,0.18620206788182259
-0.3181603066623211,-0.028603877872228622,0.2239433154463768,0.01577150821685791,-0.6030571684241295,-0.18457028083503246,-0.07308019325137138,0.18620206788182259
-0.3181603066623211,-0.028603877872228622,0.2239433154463768,0.01577150821685791,-0.6030571684241295,-0.18457028083503246,-0.07308019325137138,0.18620206788182259
-0.3181603066623211,-0.028603877872228622,0.2239433154463768,0.01577150821685791,-0.6030571684241295,-0.18457028083503246,-0.07308019325137138,0.18620206788182259
-0.3181603066623211,-0.028603877872228622,0.2239433154463768,0.01577150821685791,-0.6030571684241295,-0.18457028083503246,-0.07308019325137138,0.18620206788182259
-0.3181603066623211,-0.028603877872228622,0.2239433154463768,0.01577150821685791,-0.6030571684241295,-0.18457028083503246,-0.07308019325137138,0.18620206788182259
-0.3181603066623211,-0.028603877872228622,0.2239433154463768,0.01577150821685791,-0.6030571684241295,-0.18457028083503246,-0.07308019325137138,0.18620206788182259
0.1920100599527359,-0.09135811775922775,0.5076860133558512,-0.32942098937928677,-0.3517680075019598,-0.03445231728255749,0.20788371935486794,0.7313663698732853
-0.3181603066623211,-0.028603877872228622,0.2239433154463768,0.01577150821685791,-0.6030571684241295,-0.18457028083503246,-0.07308019325137138,0.18620206788182259
-0.3181603066623211,-0.028603877872228622,0.2239433154463768,0.01577150821685791,-0.6030571684241295,-0.18457028083503246,-0.07308019325137138,0.18620206788182259
-0.3181603066623211,-0.028603877872228622,0.2239433154463768,0.01577150821685791,-0.6030571684241295,-0.18457028083503246,-0.07308019325137138,0.18620206788182259
-0.3181603066623211,-0.028603877872228622,0.2239433154463768,0.01577150821685791,-0.6030571684241295,-0.18457028083503246,-0.07308019325137138,0.18620206788182259
-0.3181603066623211,-0.028603877872228622,0.2239433154463768,0.01577150821685791,-0.6030571684241295,-0.18457028083503246,-0.07308019325137138,0.18620206788182259
-0.3181603066623211,-0.028603877872228622,0.2239433154463768,0.01577150821685791,-0.6030571684241295,-0.18457028083503246,-0.07308019325137138,0.18620206788182259
0.1920100599527359,-0.09135811775922775,0.5076860133558512,-0.32942098937928677,-0.3517680075019598,-0.03445231728255749,0.20788371935486794,0.7313663698732853
-0.3181603066623211,-0.028603877872228622,0.2239433154463768,0.01577150821685791,-0.6030571684241295,-0.18457028083503246,-0.07308019325137138,0.18620206788182259
-0.3181603066623211,-0.028603877872228622,0.2239433154463768,0.01577150821685791,-0.6030571684241295,-0.18457028083503246,-0.07308019325137138,0.18620206788182259
-0.3181603066623211,-0.028603877872228622,0.2239433154463768,0.01577150821685791,-0.6030571684241295,-0.18457028083503246,-0.07308019325137138,0.18620206788182259
-0.3181603066623211,-0.028603877872228622,0.2239433154463768,0.01577150821685791,-0.6030571684241295,-0.18457028083503246,-0.07308019325137138,0.18620206788182259
-0.3181603066623211,-0.028603877872228622,0.2239433154463768,0.01577150821685791,-0.6030571684241295,-0.18457028083503246,-0.07308019325137138,0.18620206788182259
-0.3181603066623211,-0.028603877872228622,0.2239433154463768,0.01577150821685791,-0.6030571684241295,-0.18457028083503246,-0.07308019325137138,0.18620206788182259
-0.3181603066623211,-0.028603877872228622,0.2239433154463768,0.01577150821685791,-0.6030571684241295,-0.18457028083503246,-0.07308019325137138,0.18620206788182259
-0.3181603066623211,-0.028603877872228622,0.2239433154463768,0.01577150821685791,-0.6030571684241295,-0.18457028083503246,-0.07308019325137138,0.18620206788182259
-0.3181603066623211,-0.028603877872228622,0.2239433154463768,0.01577150821685791,-0.6030571684241295,-0.18457028083503246,-0.07308019325137138,0.18620206788182259
-0.3181603066623211,-0.028603877872228622,0.2239433154463768,0.01577150821685791,-0.6030571684241295,-0.18457028083503246,-0.07308019325137138,0.18620206788182259
-0.3181603066623211,-0.028603877872228622,0.2239433154463768,0.01577150821685791,-0.6030571684241295,-0.18457028083503246,-0.07308019325137138,0.18620206788182259
-0.3181603066623211,-0.028603877872228622,0.2239433154463768,0.01577150821685791,-0.6030571684241295,-0.18457028083503246,-0.07308019325137138,0.18620206788182259
-0.3181603066623211,-0.028603877872228622,0.2239433154463768,0.01577150821685791,-0.6030571684241295,-0.18457028083503246,-0.07308019325137138,0.18620206788182259
-0.3181603066623211,-0.028603877872228622,0.2239433154463768,0.01577150821685791,-0.6030571684241295,-0.18457028083503246,-0.07308019325137138,0.18620206788182259
-0.3181603066623211,-0.028603877872228622,0.2239433154463768,0.01577150821685791,-0.6030571684241295,-0.18457028083503246,-0.07308019325137138,0.18620206788182259
-0.3181603066623211,-0.028603877872228622,0.2239433154463768,0.01577150821685791,-0.6030571684241295,-0.18457028083503246,-0.07308019325137138,0.18620206788182259
-0.3181603066623211,-0.028603877872228622,0.2239433154463768,0.01577150821685791,-0.6030571684241295,-0.18457028083503246,-0.07308019325137138,0.18620206788182259
-0.3181603066623211,-0.028603877872228622,0.2239433154463768,0.01577150821685791,-0.6030571684241295,-0.18457028083503246,-0.07308019325137138,0.18620206788182259
0.7779410779476166,0.5511933863162994,0.21106838434934616,0.5995280295610428,1.2443957850337029,-0.1249241977930069,-0.1949780061841011,0.5109774768352509
-0.3181603066623211,-0.028603877872228622,0.2239433154463768,0.01577150821685791,-0.6030571684241295,-0.18457028083503246,-0.07308019325137138,0.18620206788182259
-0.3181603066623211,-0.028603877872228622,0.2239433154463768,0.01577150821685791,-0.6030571684241295,-0.18457028083503246,-0.07308019325137138,0.18620206788182259
-0.3181603066623211,-0.028603877872228622,0.2239433154463768,0.01577150821685791,-0.6030571684241295,-0.18457028083503246,-0.07308019325137138,0.18620206788182259
-0.3181603066623211,-0.028603877872228622,0.2239433154463768,0.01577150821685791,-0.6030571684241295,-0.18457028083503246,-0.07308019325137138,0.18620206788182259
-0.3181603066623211,-0.028603877872228622,0.2239433154463768,0.01577150821685791,-0.6030571684241295,-0.18457028083503246,-0.07308019325137138,0.18620206788182259
-0.3181603066623211,-0.028603877872228622,0.2239433154463768,0.01577150821685791,-0.6030571684241295,-0.18457028083503246,-0.07308019325137138,0.18620206788182259
-0.3181603066623211,-0.028603877872228622,0.2239433154463768,0.01577150821685791,-0.6030571684241295,-0.18457028083503246,-0.07308019325137138,0.18620206788182259
-0.3181603066623211,-0.028603877872228622,0.2239433154463768,0.01577150821685791,-0.6030571684241295,-0.18457028083503246,-0.07308019325137138,0.18620206788182259
-0.3181603066623211,-0.028603877872228622,0.2239433154463768,0.01577150821685791,-0.6030571684241295,-0.18457028083503246,-0.07308019325137138,0.18620206788182259
-0.3181603066623211,-0.028603877872228622,0.2239433154463768,0.01577150821685791,-0.6030571684241295,-0.18457028083503246,-0.07308019325137138,0.18620206788182259
-0.3181603066623211,-0.028603877872228622,0.2239433154463768,0.01577150821685791,-0.6030571684241295,-0.18457028083503246,-0.07308019325137138,0.18620206788182259
-0.3181603066623211,-0.028603877872228622,0.2239433154463768,0.01577150821685791,-0.6030571684241295,-0.18457028083503246,-0.07308019325137138,0.18620206788182259
-0.3181603066623211,-0.028603877872228622,0.2239433154463768,0.01577150821685791,-0.6030571684241295,-0.18457028083503246,-0.07308019325137138,0.18620206788182259
-0.3181603066623211,-0.028603877872228622,0.2239433154463768,0.01577150821685791,-0.6030571684241295,-0.18457028083503246,-0.07308019325137138,0.18620206788182259
-0.3181603066623211,-0.028603877872228622,0.2239433154463768,0.01577150821685791,-0.6030571684241295,-0.18457028083503246,-0.07308019325137138,0.18620206788182259
-0.3181603066623211,-0.028603877872228622,0.2239433154463768,0.01577150821685791,-0.6030571684241295,-0.18457028083503246,-0.07308019325137138,0.18620206788182259
-0.3181603066623211,-0.028603877872228622,0.2239433154463768,0.01577150821685791,-0.6030571684241295,-0.18457028083503246,-0.07308019325137138,0.18620206788182259
-0.3181603066623211,-0.028603877872228622,0.2239433154463768,0.01577150821685791,-0.6030571684241295,-0.18457028083503246,-0.07308019325137138,0.18620206788182259
-0.3181603066623211,-0.028603877872228622,0.2239433154463768,0.01577150821685791,-0.6030571684241295,-0.18457028083503246,-0.07308019325137138,0.18620206788182259
-0.3181603066623211,-0.028603877872228622,0.2239433154463768,0.01577150821685791,-0.6030571684241295,-0.18457028083503246,-0.07308019325137138,0.18620206788182259
-0.3181603066623211,-0.028603877872228622,0.2239433154463768,0.01577150821685791,-0.6030571684241295,-0.18457028083503246,-0.07308019325137138,0.18620206788182259
-0.3181603066623211,-0.028603877872228622,0.2239433154463768,0.01577150821685791,-0.6030571684241295,-0.18457028083503246,-0.07308019325137138,0.18620206788182259
-0.3181603066623211,-0.028603877872228622,0.2239433154463768,0.01577150821685791,-0.6030571684241295,-0.18457028083503246,-0.07308019325137138,0.18620206788182259
-0.3181603066623211,-0.028603877872228622,0.2239433154463768,0.01577150821685791,-0.6030571684241295,-0.18457028083503246,-0.07308019325137138,0.18620206788182259
-0.3181603066623211,-0.028603877872228622,0.2239433154463768,0.01577150821685791,-0.6030571684241295,-0.18457028083503246,-0.07308019325137138,0.18620206788182259
-0.3181603066623211,-0.028603877872228622,0.2239433154463768,0.01577150821685791,-0.6030571684241295,-0.18457028083503246,-0.07308019325137138,0.18620206788182259
-0.3181603066623211,-0.028603877872228622,0.2239433154463768,0.01577150821685791,-0.6030571684241295,-0.18457028083503246,-0.07308019325137138,0.18620206788182259
-0.3181603066623211,-0.028603877872228622,0.2239433154463768,0.01577150821685791,-0.6030571684241295,-0.18457028083503246,-0.07308019325137138,0.18620206788182259
-0.3181603066623211,-0.028603877872228622,0.2239433154463768,0.01577150821685791,-0.6030571684241295,-0.18457028083503246,-0.07308019325137138,0.18620206788182259
-0.3181603066623211,-0.028603877872228622,0.2239433154463768,0.01577150821685791,-0.6030571684241295,-0.18457028083503246,-0.07308019325137138,0.18620206788182259
-0.3181603066623211,-0.028603877872228622,0.2239433154463768,0.01577150821685791,-0.6030571684241295,-0.18457028083503246,-0.07308019325137138,0.18620206788182259
-0.3181603066623211,-0.028603877872228622,0.2239433154463768,0.01577150821685791,-0.6030571684241295,-0.18457028083503246,-0.07308019325137138,0.18620206788182259
-0.3181603066623211,-0.028603877872228622,0.2239433154463768,0.01577150821685791,-0.6030571684241295,-0.18457028083503246,-0.07308019325137138,0.18620206788182259
-0.3181603066623211,-0.028603877872228622,0.2239433154463768,0.01577150821685791,-0.6030571684241295,-0.18457028083503246,-0.07308019325137138,0.18620206788182259
0.030844649920860927,0.05982366080085436,0.7703657758732637,0.16907761245965958,0.07594562321901321,0.018787809337178867,-0.3079859217007955,-0.31704490383466083
-0.3181603066623211,-0.028603877872228622,0.2239433154463768,0.01577150821685791,-0.6030571684241295,-0.18457028083503246,-0.07308019325137138,0.18620206788182259
-0.3181603066623211,-0.028603877872228622,0.2239433154463768,0.01577150821685791,-0.6030571684241295,-0.18457028083503246,-0.07308019325137138,0.18620206788182259
0.030844649920860927,0.05982366080085436,0.7703657758732637,0.16907761245965958,0.07594562321901321,0.018787809337178867,-0.3079859217007955,-0.31704490383466083
-0.3181603066623211,-0.028603877872228622,0.2239433154463768,0.01577150821685791,-0.6030571684241295,-0.18457028083503246,-0.07308019325137138,0.18620206788182259
-0.3181603066623211,-0.028603877872228622,0.2239433154463768,0.01577150821685791,-0.6030571684241295,-0.18457028083503246,-0.07308019325137138,0.18620206788182259
-0.3181603066623211,-0.028603877872228622,0.2239433154463768,0.01577150821685791,-0.6030571684241295,-0.18457028083503246,-0.07308019325137138,0.18620206788182259
-0.3181603066623211,-0.028603877872228622,0.2239433154463768,0.01577150821685791,-0.6030571684241295,-0.18457028083503246,-0.07308019325137138,0.18620206788182259
-0.3181603066623211,-0.028603877872228622,0.2239433154463768,0.01577150821685791,-0.6030571684241295,-0.18457028083503246,-0.07308019325137138,0.18620206788182259
-0.3181603066623211,-0.028603877872228622,0.2239433154463768,0.01577150821685791,-0.6030571684241295,-0.18457028083503246,-0.07308019325137138,0.18620206788182259
-0.3181603066623211,-0.028603877872228622,0.2239433154463768,0.01577150821685791,-0.6030571684241295,-0.18457028083503246,-0.07308019325137138,0.18620206788182259
-0.3181603066623211,-0.028603877872228622,0.2239433154463768,0.01577150821685791,-0.6030571684241295,-0.18457028083503246,-0.07308019325137138,0.18620206788182259
-0.3181603066623211,-0.028603877872228622,0.2239433154463768,0.01577150821685791,-0.6030571684241295,-0.18457028083503246,-0.07308019325137138,0.18620206788182259
-0.3181603066623211,-0.028603877872228622,0.2239433154463768,0.01577150821685791,-0.6030571684241295,-0.18457028083503246,-0.07308019325137138,0.18620206788182259
-0.3181603066623211,-0.028603877872228622,0.2239433154463768,0.01577150821685791,-0.6030571684241295,-0.18457028083503246,-0.07308019325137138,0.18620206788182259
-0.3181603066623211,-0.028603877872228622,0.2239433154463768,0.01577150821685791,-0.6030571684241295,-0.18457028083503246,-0.07308019325137138,0.18620206788182259
-0.3181603066623211,-0.028603877872228622,0.2239433154463768,0.01577150821685791,-0.6030571684241295,-0.18457028083503246,-0.07308019325137138,0.18620206788182259
-0.3181603066623211,-0.028603877872228622,0.2239433154463768,0.01577150821685791,-0.6030571684241295,-0.18457028083503246,-0.07308019325137138,0.18620206788182259
-0.3181603066623211,-0.028603877872228622,0.2239433154463768,0.01577150821685791,-0.6030571684241295,-0.18457028083503246,-0.07308019325137138,0.18620206788182259
-0.3181603066623211,-0.028603877872228622,0.2239433154463768,0.01577150821685791,-0.6030571684241295,-0.18457028083503246,-0.07308019325137138,0.18620206788182259
-0.3181603066623211,-0.028603877872228622,0.2239433154463768,0.01577150821685791,-0.6030571684241295,-0.18457028083503246,-0.07308019325137138,0.18620206788182259
-0.3181603066623211,-0.028603877872228622,0.2239433154463768,0.01577150821685791,-0.6030571684241295,-0.18457028083503246,-0.07308019325137138,0.18620206788182259
-0.3181603066623211,-0.028603877872228622,0.2239433154463768,0.01577150821685791,-0.6030571684241295,-0.18457028083503246,-0.07308019325137138,0.18620206788182259
-0.3181603066623211,-0.028603877872228622,0.2239433154463768,0.01577150821685791,-0.6030571684241295,-0.18457028083503246,-0.07308019325137138,0.18620206788182259
-0.3181603066623211,-0.028603877872228622,0.2239433154463768,0.01577150821685791,-0.6030571684241295,-0.18457028083503246,-0.07308019325137138,0.18620206788182259
-0.3181603066623211,-0.028603877872228622,0.2239433154463768,0.01577150821685791,-0.6030571684241295,-0.18457028083503246,-0.07308019325137138,0.18620206788182259
-0.3181603066623211,-0.028603877872228622,0.2239433154463768,0.01577150821685791,-0.6030571684241295,-0.18457028083503246,-0.07308019325137138,0.18620206788182259
-0.3181603066623211,-0.028603877872228622,0.2239433154463768,0.01577150821685791,-0.6030571684241295,-0.18457028083503246,-0.07308019325137138,0.18620206788182259
-0.3181603066623211,-0.028603877872228622,0.2239433154463768,0.01577150821685791,-0.6030571684241295,-0.18457028083503246,-0.07308019325137138,0.18620206788182259
-0.3181603066623211,-0.028603877872228622,0.2239433154463768,0.01577150821685791,-0.6030571684241295,-0.18457028083503246,-0.07308019325137138,0.18620206788182259
-0.3181603066623211,-0.028603877872228622,0.2239433154463768,0.01577150821685791,-0.6030571684241295,-0.18457028083503246,-0.07308019325137138,0.18620206788182259
-0.3181603066623211,-0.028603877872228622,0.2239433154463768,0.01577150821685791,-0.6030571684241295,-0.18457028083503246,-0.07308019325137138,0.18620206788182259
-0.3181603066623211,-0.028603877872228622,0.2239433154463768,0.01577150821685791,-0.6030571684241295,-0.18457028083503246,-0.07308019325137138,0.18620206788182259
-0.3181603066623211,-0.028603877872228622,0.2239433154463768,0.01577150821685791,-0.6030571684241295,-0.18457028083503246,-0.07308019325137138,0.18620206788182259
-0.3181603066623211,-0.028603877872228622,0.2239433154463768,0.01577150821685791,-0.6030571684241295,-0.18457028083503246,-0.07308019325137138,0.18620206788182259
-0.3181603066623211,-0.028603877872228622,0.2239433154463768,0.01577150821685791,-0.6030571684241295,-0.18457028083503246,-0.07308019325137138,0.18620206788182259
-0.3181603066623211,-0.028603877872228622,0.2239433154463768,0.01577150821685791,-0.6030571684241295,-0.18457028083503246,-0.07308019325137138,0.18620206788182259
-0.3181603066623211,-0.028603877872228622,0.2239433154463768,0.01577150821685791,-0.6030571684241295,-0.18457028083503246,-0.07308019325137138,0.18620206788182259
-0.3181603066623211,-0.028603877872228622,0.2239433154463768,0.01577150821685791,-0.6030571684241295,-0.18457028083503246,-0.07308019325137138,0.18620206788182259
-0.3181603066623211,-0.028603877872228622,0.2239433154463768,0.01577150821685791,-0.6030571684241295,-0.18457028083503246,-0.07308019325137138,0.18620206788182259
0.4170335717499256,0.10227707400918007,0.7171818241477013,0.582986056804657,-0.4763841014355421,0.3162763435393572,-0.16141169890761375,-0.31072087213397026
-0.3181603066623211,-0.028603877872228622,0.2239433154463768,0.01577150821685791,-0.6030571684241295,-0.18457028083503246,-0.07308019325137138,0.18620206788182259
-0.3181603066623211,-0.028603877872228622,0.2239433154463768,0.01577150821685791,-0.6030571684241295,-0.18457028083503246,-0.07308019325137138,0.18620206788182259
-0.3181603066623211,-0.028603877872228622,0.2239433154463768,0.01577150821685791,-0.6030571684241295,-0.18457028083503246,-0.07308019325137138,0.18620206788182259
-0.3181603066623211,-0.028603877872228622,0.2239433154463768,0.01577150821685791,-0.6030571684241295,-0.18457028083503246,-0.07308019325137138,0.18620206788182259
-0.3181603066623211,-0.028603877872228622,0.2239433154463768,0.01577150821685791,-0.6030571684241295,-0.18457028083503246,-0.07308019325137138,0.18620206788182259
-0.3181603066623211,-0.028603877872228622,0.2239433154463768,0.01577150821685791,-0.6030571684241295,-0.18457028083503246,-0.07308019325137138,0.18620206788182259
-0.3181603066623211,-0.028603877872228622,0.2239433154463768,0.01577150821685791,-0.6030571684241295,-0.18457028083503246,-0.07308019325137138,0.18620206788182259
-0.3181603066623211,-0.028603877872228622,0.2239433154463768,0.01577150821685791,-0.6030571684241295,-0.18457028083503246,-0.07308019325137138,0.18620206788182259
-0.3181603066623211,-0.028603877872228622,0.2239433154463768,0.01577150821685791,-0.6030571684241295,-0.18457028083503246,-0.07308019325137138,0.18620206788182259
-0.3181603066623211,-0.028603877872228622,0.2239433154463768,0.01577150821685791,-0.6030571684241295,-0.18457028083503246,-0.07308019325137138,0.18620206788182259
-0.3181603066623211,-0.028603877872228622,0.2239433154463768,0.01577150821685791,-0.6030571684241295,-0.18457028083503246,-0.07308019325137138,0.18620206788182259
-0.3181603066623211,-0.028603877872228622,0.2239433154463768,0.01577150821685791,-0.6030571684241295,-0.18457028083503246,-0.07308019325137138,0.18620206788182259
-0.3181603066623211,-0.028603877872228622,0.2239433154463768,0.01577150821685791,-0.6030571684241295,-0.18457028083503246,-0.07308019325137138,0.18620206788182259
-0.3181603066623211,-0.028603877872228622,0.2239433154463768,0.01577150821685791,-0.6030571684241295,-0.18457028083503246,-0.07308019325137138,0.18620206788182259
-0.3181603066623211,-0.028603877872228622,0.2239433154463768,0.01577150821685791,-0.6030571684241295,-0.18457028083503246,-0.07308019325137138,0.18620206788182259
-0.3181603066623211,-0.028603877872228622,0.2239433154463768,0.01577150821685791,-0.6030571684241295,-0.18457028083503246,-0.07308019325137138,0.18620206788182259
-0.3181603066623211,-0.028603877872228622,0.2239433154463768,0.01577150821685791,-0.6030571684241295,-0.18457028083503246,-0.07308019325137138,0.18620206788182259
-0.3181603066623211,-0.028603877872228622,0.2239433154463768,0.01577150821685791,-0.6030571684241295,-0.18457028083503246,-0.07308019325137138,0.18620206788182259
-0.3181603066623211,-0.028603877872228622,0.2239433154463768,0.01577150821685791,-0.6030571684241295,-0.18457028083503246,-0.07308019325137138,0.18620206788182259
-0.3181603066623211,-0.028603877872228622,0.2239433154463768,0.01577150821685791,-0.6030571684241295,-0.18457028083503246,-0.07308019325137138,0.18620206788182259
-0.3181603066623211,-0.028603877872228622,0.2239433154463768,0.01577150821685791,-0.6030571684241295,-0.18457028083503246,-0.07308019325137138,0.18620206788182259
-0.3181603066623211,-0.028603877872228622,0.2239433154463768,0.01577150821685791,-0.6030571684241295,-0.18457028083503246,-0.07308019325137138,0.18620206788182259
-0.3181603066623211,-0.028603877872228622,0.2239433154463768,0.01577150821685791,-0.6030571684241295,-0.18457028083503246,-0.07308019325137138,0.18620206788182259
-0.3181603066623211,-0.028603877872228622,0.2239433154463768,0.01577150821685791,-0.6030571684241295,-0.18457028083503246,-0.07308019325137138,0.18620206788182259
-0.3181603066623211,-0.028603877872228622,0.2239433154463768,0.01577150821685791,-0.6030571684241295,-0.18457028083503246,-0.07308019325137138,0.18620206788182259
-0.3181603066623211,-0.028603877872228622,0.2239433154463768,0.01577150821685791,-0.6030571684241295,-0.18457028083503246,-0.07308019325137138,0.18620206788182259
-0.3181603066623211,-0.028603877872228622,0.2239433154463768,0.01577150821685791,-0.6030571684241295,-0.18457028083503246,-0.07308019325137138,0.18620206788182259
-0.3181603066623211,-0.028603877872228622,0.2239433154463768,0.01577150821685791,-0.6030571684241295,-0.18457028083503246,-0.07308019325137138,0.18620206788182259
-0.3181603066623211,-0.028603877872228622,0.2239433154463768,0.01577150821685791,-0.6030571684241295,-0.18457028083503246,-0.07308019325137138,0.18620206788182259
-0.3181603066623211,-0.028603877872228622,0.2239433154463768,0.01577150821685791,-0.6030571684241295,-0.18457028083503246,-0.07308019325137138,0.18620206788182259
-0.3181603066623211,-0.028603877872228622,0.2239433154463768,0.01577150821685791,-0.6030571684241295,-0.18457028083503246,-0.07308019325137138,0.18620206788182259
0.7270676891009012,-0.4171850234270096,1.3310026129086812,-0.20271036028862,0.6701000283161799,1.341650014122327,-0.08938467999299367,0.09570993483066559
-0.3181603066623211,-0.028603877872228622,0.2239433154463768,0.01577150821685791,-0.6030571684241295,-0.18457028083503246,-0.07308019325137138,0.18620206788182259
-0.3181603066623211,-0.028603877872228622,0.2239433154463768,0.01577150821685791,-0.6030571684241295,-0.18457028083503246,-0.07308019325137138,0.18620206788182259
-0.3181603066623211,-0.028603877872228622,0.2239433154463768,0.01577150821685791,-0.6030571684241295,-0.18457028083503246,-0.07308019325137138,0.18620206788182259
-0.3181603066623211,-0.028603877872228622,0.2239433154463768,0.01577150821685791,-0.6030571684241295,-0.18457028083503246,-0.07308019325137138,0.18620206788182259
-0.3181603066623211,-0.028603877872228622,0.2239433154463768,0.01577150821685791,-0.6030571684241295,-0.18457028083503246,-0.07308019325137138,0.18620206788182259
-0.3181603066623211,-0.028603877872228622,0.2239433154463768,0.01577150821685791,-0.6030571684241295,-0.18457028083503246,-0.07308019325137138,0.18620206788182259
-0.3181603066623211,-0.028603877872228622,0.2239433154463768,0.01577150821685791,-0.6030571684241295,-0.18457028083503246,-0.07308019325137138,0.18620206788182259
-0.3181603066623211,-0.028603877872228622,0.2239433154463768,0.01577150821685791,-0.6030571684241295,-0.18457028083503246,-0.07308019325137138,0.18620206788182259
-0.3181603066623211,-0.028603877872228622,0.2239433154463768,0.01577150821685791,-0.6030571684241295,-0.18457028083503246,-0.07308019325137138,0.18620206788182259
-0.3181603066623211,-0.028603877872228622,0.2239433154463768,0.01577150821685791,-0.6030571684241295,-0.18457028083503246,-0.07308019325137138,0.18620206788182259
-0.3181603066623211,-0.028603877872228622,0.2239433154463768,0.01577150821685791,-0.6030571684241295,-0.18457028083503246,-0.07308019325137138,0.18620206788182259
-0.3181603066623211,-0.028603877872228622,0.2239433154463768,0.01577150821685791,-0.6030571684241295,-0.18457028083503246,-0.07308019325137138,0.18620206788182259
-0.3181603066623211,-0.028603877872228622,0.2239433154463768,0.01577150821685791,-0.6030571684241295,-0.18457028083503246,-0.07308019325137138,0.18620206788182259
-0.3181603066623211,-0.028603877872228622,0.2239433154463768,0.01577150821685791,-0.6030571684241295,-0.18457028083503246,-0.07308019325137138,0.18620206788182259
-0.3181603066623211,-0.028603877872228622,0.2239433154463768,0.01577150821685791,-0.6030571684241295,-0.18457028083503246,-0.07308019325137138,0.18620206788182259
-0.3181603066623211,-0.028603877872228622,0.2239433154463768,0.01577150821685791,-0.6030571684241295,-0.18457028083503246,-0.07308019325137138,0.18620206788182259
-0.3181603066623211,-0.028603877872228622,0.2239433154463768,0.01577150821685791,-0.6030571684241295,-0.18457028083503246,-0.07308019325137138,0.18620206788182259
-0.3181603066623211,-0.028603877872228622,0.2239433154463768,0.01577150821685791,-0.6030571684241295,-0.18457028083503246,-0.07308019325137138,0.18620206788182259
-0.3181603066623211,-0.028603877872228622,0.2239433154463768,0.01577150821685791,-0.6030571684241295,-0.18457028083503246,-0.07308019325137138,0.18620206788182259
-0.3181603066623211,-0.028603877872228622,0.2239433154463768,0.01577150821685791,-0.6030571684241295,-0.18457028083503246,-0.07308019325137138,0.18620206788182259
-0.3181603066623211,-0.028603877872228622,0.2239433154463768,0.01577150821685791,-0.6030571684241295,-0.18457028083503246,-0.07308019325137138,0.18620206788182259
-0.3181603066623211,-0.028603877872228622,0.2239433154463768,0.01577150821685791,-0.6030571684241295,-0.18457028083503246,-0.07308019325137138,0.18620206788182259
-0.3181603066623211,-0.028603877872228622,0.2239433154463768,0.01577150821685791,-0.6030571684241295,-0.18457028083503246,-0.07308019325137138,0.18620206788182259
-0.3181603066623211,-0.028603877872228622,0.2239433154463768,0.01577150821685791,-0.6030571684241295,-0.18457028083503246,-0.07308019325137138,0.18620206788182259
-0.3181603066623211,-0.028603877872228622,0.2239433154463768,0.01577150821685791,-0.6030571684241295,-0.18457028083503246,-0.07308019325137138,0.18620206788182259
-0.3181603066623211,-0.028603877872228622,0.2239433154463768,0.01577150821685791,-0.6030571684241295,-0.18457028083503246,-0.07308019325137138,0.18620206788182259
-0.3181603066623211,-0.028603877872228622,0.2239433154463768,0.01577150821685791,-0.6030571684241295,-0.18457028083503246,-0.07308019325137138,0.18620206788182259
-0.3181603066623211,-0.028603877872228622,0.2239433154463768,0.01577150821685791,-0.6030571684241295,-0.18457028083503246,-0.07308019325137138,0.18620206788182259
-0.3181603066623211,-0.028603877872228622,0.2239433154463768,0.01577150821685791,-0.6030571684241295,-0.18457028083503246,-0.07308019325137138,0.18620206788182259
-0.3181603066623211,-0.028603877872228622,0.2239433154463768,0.01577150821685791,-0.6030571684241295,-0.18457028083503246,-0.07308019325137138,0.18620206788182259
-0.3181603066623211,-0.028603877872228622,0.2239433154463768,0.01577150821685791,-0.6030571684241295,-0.18457028083503246,-0.07308019325137138,0.18620206788182259
-0.3181603066623211,-0.028603877872228622,0.2239433154463768,0.01577150821685791,-0.6030571684241295,-0.18457028083503246,-0.07308019325137138,0.18620206788182259
-0.3181603066623211,-0.028603877872228622,0.2239433154463768,0.01577150821685791,-0.6030571684241295,-0.18457028083503246,-0.07308019325137138,0.18620206788182259
-0.3181603066623211,-0.028603877872228622,0.2239433154463768,0.01577150821685791,-0.6030571684241295,-0.18457028083503246,-0.07308019325137138,0.18620206788182259
-0.3181603066623211,-0.028603877872228622,0.2239433154463768,0.01577150821685791,-0.6030571684241295,-0.18457028083503246,-0.07308019325137138,0.18620206788182259
-0.3181603066623211,-0.028603877872228622,0.2239433154463768,0.01577150821685791,-0.6030571684241295,-0.18457028083503246,-0.07308019325137138,0.18620206788182259
-0.3181603066623211,-0.028603877872228622,0.2239433154463768,0.01577150821685791,-0.6030571684241295,-0.18457028083503246,-0.07308019325137138,0.18620206788182259
-0.3181603066623211,-0.028603877872228622,0.2239433154463768,0.01577150821685791,-0.6030571684241295,-0.18457028083503246,-0.07308019325137138,0.18620206788182259
-0.3181603066623211,-0.028603877872228622,0.2239433154463768,0.01577150821685791,-0.6030571684241295,-0.18457028083503246,-0.07308019325137138,0.18620206788182259
-0.3181603066623211,-0.028603877872228622,0.2239433154463768,0.01577150821685791,-0.6030571684241295,-0.18457028083503246,-0.07308019325137138,0.18620206788182259
-0.3181603066623211,-0.028603877872228622,0.2239433154463768,0.01577150821685791,-0.6030571684241295,-0.18457028083503246,-0.07308019325137138,0.18620206788182259
-0.3181603066623211,-0.028603877872228622,0.2239433154463768,0.01577150821685791,-0.6030571684241295,-0.18457028083503246,-0.07308019325137138,0.18620206788182259
-0.3181603066623211,-0.028603877872228622,0.2239433154463768,0.01577150821685791,-0.6030571684241295,-0.18457028083503246,-0.07308019325137138,0.18620206788182259
-0.3181603066623211,-0.028603877872228622,0.2239433154463768,0.01577150821685791,-0.6030571684241295,-0.18457028083503246,-0.07308019325137138,0.18620206788182259
-0.3181603066623211,-0.028603877872228622,0.2239433154463768,0.01577150821685791,-0.6030571684241295,-0.18457028083503246,-0.07308019325137138,0.18620206788182259
-0.3181603066623211,-0.028603877872228622,0.2239433154463768,0.01577150821685791,-0.6030571684241295,-0.18457028083503246,-0.07308019325137138,0.18620206788182259
-0.3181603066623211,-0.028603877872228622,0.2239433154463768,0.01577150821685791,-0.6030571684241295,-0.18457028083503246,-0.07308019325137138,0.18620206788182259
-0.3181603066623211,-0.028603877872228622,0.2239433154463768,0.01577150821685791,-0.6030571684241295,-0.18457028083503246,-0.07308019325137138,0.18620206788182259
-0.3181603066623211,-0.028603877872228622,0.2239433154463768,0.01577150821685791,-0.6030571684241295,-0.18457028083503246,-0.07308019325137138,0.18620206788182259
-0.3181603066623211,-0.028603877872228622,0.2239433154463768,0.01577150821685791,-0.6030571684241295,-0.18457028083503246,-0.07308019325137138,0.18620206788182259
-0.3181603066623211,-0.028603877872228622,0.2239433154463768,0.01577150821685791,-0.6030571684241295,-0.18457028083503246,-0.07308019325137138,0.18620206788182259
-0.3181603066623211,-0.028603877872228622,0.2239433154463768,0.01577150821685791,-0.6030571684241295,-0.18457028083503246,-0.07308019325137138,0.18620206788182259
-0.3181603066623211,-0.028603877872228622,0.2239433154463768,0.01577150821685791,-0.6030571684241295,-0.18457028083503246,-0.07308019325137138,0.18620206788182259
-0.3181603066623211,-0.028603877872228622,0.2239433154463768,0.01577150821685791,-0.6030571684241295,-0.18457028083503246,-0.07308019325137138,0.18620206788182259
-0.3181603066623211,-0.028603877872228622,0.2239433154463768,0.01577150821685791,-0.6030571684241295,-0.18457028083503246,-0.07308019325137138,0.18620206788182259
-0.3181603066623211,-0.028603877872228622,0.2239433154463768,0.01577150821685791,-0.6030571684241295,-0.18457028083503246,-0.07308019325137138,0.18620206788182259
-0.3181603066623211,-0.028603877872228622,0.2239433154463768,0.01577150821685791,-0.6030571684241295,-0.18457028083503246,-0.07308019325137138,0.18620206788182259
-0.3181603066623211,-0.028603877872228622,0.2239433154463768,0.01577150821685791,-0.6030571684241295,-0.18457028083503246,-0.07308019325137138,0.18620206788182259
-0.3181603066623211,-0.028603877872228622,0.2239433154463768,0.01577150821685791,-0.6030571684241295,-0.18457028083503246,-0.07308019325137138,0.18620206788182259
-0.3181603066623211,-0.028603877872228622,0.2239433154463768,0.01577150821685791,-0.6030571684241295,-0.18457028083503246,-0.07308019325137138,0.18620206788182259
-0.3181603066623211,-0.028603877872228622,0.2239433154463768,0.01577150821685791,-0.6030571684241295,-0.18457028083503246,-0.07308019325137138,0.18620206788182259
-0.3181603066623211,-0.028603877872228622,0.2239433154463768,0.01577150821685791,-0.6030571684241295,-0.18457028083503246,-0.07308019325137138,0.18620206788182259
-0.3181603066623211,-0.028603877872228622,0.2239433154463768,0.01577150821685791,-0.6030571684241295,-0.18457028083503246,-0.07308019325137138,0.18620206788182259
-0.3181603066623211,-0.028603877872228622,0.2239433154463768,0.01577150821685791,-0.6030571684241295,-0.18457028083503246,-0.07308019325137138,0.18620206788182259
-0.3181603066623211,-0.028603877872228622,0.2239433154463768,0.01577150821685791,-0.6030571684241295,-0.18457028083503246,-0.07308019325137138,0.18620206788182259
-0.3181603066623211,-0.028603877872228622,0.2239433154463768,0.01577150821685791,-0.6030571684241295,-0.18457028083503246,-0.07308019325137138,0.18620206788182259
-0.3181603066623211,-0.028603877872228622,0.2239433154463768,0.01577150821685791,-0.6030571684241295,-0.18457028083503246,-0.07308019325137138,0.18620206788182259
-0.3181603066623211,-0.028603877872228622,0.2239433154463768,0.01577150821685791,-0.6030571684241295,-0.18457028083503246,-0.07308019325137138,0.18620206788182259
-0.3181603066623211,-0.028603877872228622,0.2239433154463768,0.01577150821685791,-0.6030571684241295,-0.18457028083503246,-0.07308019325137138,0.18620206788182259
-0.3181603066623211,-0.028603877872228622,0.2239433154463768,0.01577150821685791,-0.6030571684241295,-0.18457028083503246,-0.07308019325137138,0.18620206788182259
0.0411967396736145,-0.4204157888889313,0.5877869963645935,0.37650700807571413,-0.01846032738685608,0.19085030257701874,0.2766277343034744,0.5536440551280976
-0.3181603066623211,-0.028603877872228622,0.2239433154463768,0.01577150821685791,-0.6030571684241295,-0.18457028083503246,-0.07308019325137138,0.18620206788182259
-0.3181603066623211,-0.028603877872228622,0.2239433154463768,0.01577150821685791,-0.6030571684241295,-0.18457028083503246,-0.07308019325137138,0.18620206788182259
-0.06370291113853455,-0.35508843262990314,0.5915858248869578,0.2278019686539968,0.11829296251138051,0.5052001054088274,0.3698876624306043,0.4001802255709966
-0.3181603066623211,-0.028603877872228622,0.2239433154463768,0.01577150821685791,-0.6030571684241295,-0.18457028083503246,-0.07308019325137138,0.18620206788182259
-0.3181603066623211,-0.028603877872228622,0.2239433154463768,0.01577150821685791,-0.6030571684241295,-0.18457028083503246,-0.07308019325137138,0.18620206788182259
-0.2591565450032552,-0.12732427815596262,0.4254303574562073,0.4110410213470459,0.4725830902655919,0.33753792320688564,-0.1835492750008901,0.5904341687758764
-0.3181603066623211,-0.028603877872228622,0.2239433154463768,0.01577150821685791,-0.6030571684241295,-0.18457028083503246,-0.07308019325137138,0.18620206788182259
-0.3181603066623211,-0.028603877872228622,0.2239433154463768,0.01577150821685791,-0.6030571684241295,-0.18457028083503246,-0.07308019325137138,0.18620206788182259
-0.46678218245506287,0.23817192018032074,0.11195291082064311,0.45161519447962445,0.18606806298096976,0.000976084421078364,0.07087278614441554,-0.02804150680700938
-0.3181603066623211,-0.028603877872228622,0.2239433154463768,0.01577150821685791,-0.6030571684241295,-0.18457028083503246,-0.07308019325137138,0.18620206788182259
-0.3181603066623211,-0.028603877872228622,0.2239433154463768,0.01577150821685791,-0.6030571684241295,-0.18457028083503246,-0.07308019325137138,0.18620206788182259
-0.2546424508094788,-0.011944049596786499,0.44515901803970337,0.4109974980354309,0.3313189446926117,0.17033641189336776,0.08372594118118286,0.35339624285697935
-0.3181603066623211,-0.028603877872228622,0.2239433154463768,0.01577150821685791,-0.6030571684241295,-0.18457028083503246,-0.07308019325137138,0.18620206788182259
-0.3181603066623211,-0.028603877872228622,0.2239433154463768,0.01577150821685791,-0.6030571684241295,-0.18457028083503246,-0.07308019325137138,0.18620206788182259
-0.3181603066623211,-0.028603877872228622,0.2239433154463768,0.01577150821685791,-0.6030571684241295,-0.18457028083503246,-0.07308019325137138,0.18620206788182259
-0.3181603066623211,-0.028603877872228622,0.2239433154463768,0.01577150821685791,-0.6030571684241295,-0.18457028083503246,-0.07308019325137138,0.18620206788182259
-0.3181603066623211,-0.028603877872228622,0.2239433154463768,0.01577150821685791,-0.6030571684241295,-0.18457028083503246,-0.07308019325137138,0.18620206788182259
-0.3181603066623211,-0.028603877872228622,0.2239433154463768,0.01577150821685791,-0.6030571684241295,-0.18457028083503246,-0.07308019325137138,0.18620206788182259
-0.3181603066623211,-0.028603877872228622,0.2239433154463768,0.01577150821685791,-0.6030571684241295,-0.18457028083503246,-0.07308019325137138,0.18620206788182259
-0.3181603066623211,-0.028603877872228622,0.2239433154463768,0.01577150821685791,-0.6030571684241295,-0.18457028083503246,-0.07308019325137138,0.18620206788182259
-0.3181603066623211,-0.028603877872228622,0.2239433154463768,0.01577150821685791,-0.6030571684241295,-0.18457028083503246,-0.07308019325137138,0.18620206788182259
-0.3181603066623211,-0.028603877872228622,0.2239433154463768,0.01577150821685791,-0.6030571684241295,-0.18457028083503246,-0.07308019325137138,0.18620206788182259
-0.3181603066623211,-0.028603877872228622,0.2239433154463768,0.01577150821685791,-0.6030571684241295,-0.18457028083503246,-0.07308019325137138,0.18620206788182259
-0.3181603066623211,-0.028603877872228622,0.2239433154463768,0.01577150821685791,-0.6030571684241295,-0.18457028083503246,-0.07308019325137138,0.18620206788182259
-0.3181603066623211,-0.028603877872228622,0.2239433154463768,0.01577150821685791,-0.6030571684241295,-0.18457028083503246,-0.07308019325137138,0.18620206788182259
-0.3181603066623211,-0.028603877872228622,0.2239433154463768,0.01577150821685791,-0.6030571684241295,-0.18457028083503246,-0.07308019325137138,0.18620206788182259
-0.3181603066623211,-0.028603877872228622,0.2239433154463768,0.01577150821685791,-0.6030571684241295,-0.18457028083503246,-0.07308019325137138,0.18620206788182259
-0.3181603066623211,-0.028603877872228622,0.2239433154463768,0.01577150821685791,-0.6030571684241295,-0.18457028083503246,-0.07308019325137138,0.18620206788182259
-0.3181603066623211,-0.028603877872228622,0.2239433154463768,0.01577150821685791,-0.6030571684241295,-0.18457028083503246,-0.07308019325137138,0.18620206788182259
-0.3181603066623211,-0.028603877872228622,0.2239433154463768,0.01577150821685791,-0.6030571684241295,-0.18457028083503246,-0.07308019325137138,0.18620206788182259
-0.3181603066623211,-0.028603877872228622,0.2239433154463768,0.01577150821685791,-0.6030571684241295,-0.18457028083503246,-0.07308019325137138,0.18620206788182259
-0.3181603066623211,-0.028603877872228622,0.2239433154463768,0.01577150821685791,-0.6030571684241295,-0.18457028083503246,-0.07308019325137138,0.18620206788182259
-0.3181603066623211,-0.028603877872228622,0.2239433154463768,0.01577150821685791,-0.6030571684241295,-0.18457028083503246,-0.07308019325137138,0.18620206788182259
-0.3181603066623211,-0.028603877872228622,0.2239433154463768,0.01577150821685791,-0.6030571684241295,-0.18457028083503246,-0.07308019325137138,0.18620206788182259
-0.3181603066623211,-0.028603877872228622,0.2239433154463768,0.01577150821685791,-0.6030571684241295,-0.18457028083503246,-0.07308019325137138,0.18620206788182259
-0.3181603066623211,-0.028603877872228622,0.2239433154463768,0.01577150821685791,-0.6030571684241295,-0.18457028083503246,-0.07308019325137138,0.18620206788182259
-0.3181603066623211,-0.028603877872228622,0.2239433154463768,0.01577150821685791,-0.6030571684241295,-0.18457028083503246,-0.07308019325137138,0.18620206788182259
-0.3181603066623211,-0.028603877872228622,0.2239433154463768,0.01577150821685791,-0.6030571684241295,-0.18457028083503246,-0.07308019325137138,0.18620206788182259
-0.3181603066623211,-0.028603877872228622,0.2239433154463768,0.01577150821685791,-0.6030571684241295,-0.18457028083503246,-0.07308019325137138,0.18620206788182259
-0.3181603066623211,-0.028603877872228622,0.2239433154463768,0.01577150821685791,-0.6030571684241295,-0.18457028083503246,-0.07308019325137138,0.18620206788182259
-0.3181603066623211,-0.028603877872228622,0.2239433154463768,0.01577150821685791,-0.6030571684241295,-0.18457028083503246,-0.07308019325137138,0.18620206788182259
-0.3181603066623211,-0.028603877872228622,0.2239433154463768,0.01577150821685791,-0.6030571684241295,-0.18457028083503246,-0.07308019325137138,0.18620206788182259
-0.3181603066623211,-0.028603877872228622,0.2239433154463768,0.01577150821685791,-0.6030571684241295,-0.18457028083503246,-0.07308019325137138,0.18620206788182259
-0.3181603066623211,-0.028603877872228622,0.2239433154463768,0.01577150821685791,-0.6030571684241295,-0.18457028083503246,-0.07308019325137138,0.18620206788182259
-0.3181603066623211,-0.028603877872228622,0.2239433154463768,0.01577150821685791,-0.6030571684241295,-0.18457028083503246,-0.07308019325137138,0.18620206788182259
-0.3181603066623211,-0.028603877872228622,0.2239433154463768,0.01577150821685791,-0.6030571684241295,-0.18457028083503246,-0.07308019325137138,0.18620206788182259
-0.3181603066623211,-0.028603877872228622,0.2239433154463768,0.01577150821685791,-0.6030571684241295,-0.18457028083503246,-0.07308019325137138,0.18620206788182259
-0.3181603066623211,-0.028603877872228622,0.2239433154463768,0.01577150821685791,-0.6030571684241295,-0.18457028083503246,-0.07308019325137138,0.18620206788182259
0.4837538426121076,-0.033772689600785576,0.25777145971854526,0.12464893609285355,0.2730791320403417,0.007333828757206599,0.21024364978075027,-0.050341772536436714
-0.1344383309284846,-0.0902395894130071,0.34150177240371704,0.14474331587553024,0.15486926337083182,-0.21401931221286455,-0.175006831685702,-0.09539098168412845
-0.3181603066623211,-0.028603877872228622,0.2239433154463768,0.01577150821685791,-0.6030571684241295,-0.18457028083503246,-0.07308019325137138,0.18620206788182259
-0.3181603066623211,-0.028603877872228622,0.2239433154463768,0.01577150821685791,-0.6030571684241295,-0.18457028083503246,-0.07308019325137138,0.18620206788182259
-0.3181603066623211,-0.028603877872228622,0.2239433154463768,0.01577150821685791,-0.6030571684241295,-0.18457028083503246,-0.07308019325137138,0.18620206788182259
-0.3181603066623211,-0.028603877872228622,0.2239433154463768,0.01577150821685791,-0.6030571684241295,-0.18457028083503246,-0.07308019325137138,0.18620206788182259
-0.3181603066623211,-0.028603877872228622,0.2239433154463768,0.01577150821685791,-0.6030571684241295,-0.18457028083503246,-0.07308019325137138,0.18620206788182259
-0.3181603066623211,-0.028603877872228622,0.2239433154463768,0.01577150821685791,-0.6030571684241295,-0.18457028083503246,-0.07308019325137138,0.18620206788182259
-0.3181603066623211,-0.028603877872228622,0.2239433154463768,0.01577150821685791,-0.6030571684241295,-0.18457028083503246,-0.07308019325137138,0.18620206788182259
-0.3181603066623211,-0.028603877872228622,0.2239433154463768,0.01577150821685791,-0.6030571684241295,-0.18457028083503246,-0.07308019325137138,0.18620206788182259
-0.3181603066623211,-0.028603877872228622,0.2239433154463768,0.01577150821685791,-0.6030571684241295,-0.18457028083503246,-0.07308019325137138,0.18620206788182259
-0.3181603066623211,-0.028603877872228622,0.2239433154463768,0.01577150821685791,-0.6030571684241295,-0.18457028083503246,-0.07308019325137138,0.18620206788182259
0.10054457783699036,-0.2859066009521484,-0.05826427787542343,0.6704889297485351,0.664373442530632,0.4488221719861031,0.522765189409256,-0.19048037230968476
-0.027727546791235607,-0.2718132908145587,0.3379768555363019,0.19628380984067917,-0.0688080166776975,0.06009531766176224,0.04013282308975855,-0.057583739360173546
0.10054457783699036,-0.2859066009521484,-0.05826427787542343,0.6704889297485351,0.664373442530632,0.4488221719861031,0.522765189409256,-0.19048037230968476
0.10054457783699036,-0.2859066009521484,-0.05826427787542343,0.6704889297485351,0.664373442530632,0.4488221719861031,0.522765189409256,-0.19048037230968476
0.13612935245037078,-0.4124101251363754,0.6222257882356643,0.38732190430164337,-0.05135536789894104,0.05918808728456497,0.34950192272663116,0.15065253973007203
0.10054457783699036,-0.2859066009521484,-0.05826427787542343,0.6704889297485351,0.664373442530632,0.4488221719861031,0.522765189409256,-0.19048037230968476
-0.027727546791235607,-0.2718132908145587,0.3379768555363019,0.19628380984067917,-0.0688080166776975,0.06009531766176224,0.04013282308975855,-0.057583739360173546
-0.3181603066623211,-0.028603877872228622,0.2239433154463768,0.01577150821685791,-0.6030571684241295,-0.18457028083503246,-0.07308019325137138,0.18620206788182259
-0.3181603066623211,-0.028603877872228622,0.2239433154463768,0.01577150821685791,-0.6030571684241295,-0.18457028083503246,-0.07308019325137138,0.18620206788182259
-0.3181603066623211,-0.028603877872228622,0.2239433154463768,0.01577150821685791,-0.6030571684241295,-0.18457028083503246,-0.07308019325137138,0.18620206788182259
-0.3181603066623211,-0.028603877872228622,0.2239433154463768,0.01577150821685791,-0.6030571684241295,-0.18457028083503246,-0.07308019325137138,0.18620206788182259
-0.3181603066623211,-0.028603877872228622,0.2239433154463768,0.01577150821685791,-0.6030571684241295,-0.18457028083503246,-0.07308019325137138,0.18620206788182259
-0.3181603066623211,-0.028603877872228622,0.2239433154463768,0.01577150821685791,-0.6030571684241295,-0.18457028083503246,-0.07308019325137138,0.18620206788182259
-0.3181603066623211,-0.028603877872228622,0.2239433154463768,0.01577150821685791,-0.6030571684241295,-0.18457028083503246,-0.07308019325137138,0.18620206788182259
-0.3181603066623211,-0.028603877872228622,0.2239433154463768,0.01577150821685791,-0.6030571684241295,-0.18457028083503246,-0.07308019325137138,0.18620206788182259
-0.5438332408666611,-0.17861175239086152,-0.07101014256477356,-0.278153732419014,0.5535582363605499,0.17578315138816833,0.20248408615589142,0.8290707170963287
-0.3181603066623211,-0.028603877872228622,0.2239433154463768,0.01577150821685791,-0.6030571684241295,-0.18457028083503246,-0.07308019325137138,0.18620206788182259
-0.3181603066623211,-0.028603877872228622,0.2239433154463768,0.01577150821685791,-0.6030571684241295,-0.18457028083503246,-0.07308019325137138,0.18620206788182259
-0.5512278949220976,-0.1535850688815117,0.04258820911248525,-0.31774864842494327,0.5949750989675522,0.49264414608478546,0.3081012889742851,0.6297024438778559
-0.3181603066623211,-0.028603877872228622,0.2239433154463768,0.01577150821685791,-0.6030571684241295,-0.18457028083503246,-0.07308019325137138,0.18620206788182259
-0.3181603066623211,-0.028603877872228622,0.2239433154463768,0.01577150821685791,-0.6030571684241295,-0.18457028083503246,-0.07308019325137138,0.18620206788182259
-0.3181603066623211,-0.028603877872228622,0.2239433154463768,0.01577150821685791,-0.6030571684241295,-0.18457028083503246,-0.07308019325137138,0.18620206788182259
-0.3181603066623211,-0.028603877872228622,0.2239433154463768,0.01577150821685791,-0.6030571684241295,-0.18457028083503246,-0.07308019325137138,0.18620206788182259
-0.3181603066623211,-0.028603877872228622,0.2239433154463768,0.01577150821685791,-0.6030571684241295,-0.18457028083503246,-0.07308019325137138,0.18620206788182259
-0.3181603066623211,-0.028603877872228622,0.2239433154463768,0.01577150821685791,-0.6030571684241295,-0.18457028083503246,-0.07308019325137138,0.18620206788182259
-0.3181603066623211,-0.028603877872228622,0.2239433154463768,0.01577150821685791,-0.6030571684241295,-0.18457028083503246,-0.07308019325137138,0.18620206788182259
-0.3181603066623211,-0.028603877872228622,0.2239433154463768,0.01577150821685791,-0.6030571684241295,-0.18457028083503246,-0.07308019325137138,0.18620206788182259
-0.3181603066623211,-0.028603877872228622,0.2239433154463768,0.01577150821685791,-0.6030571684241295,-0.18457028083503246,-0.07308019325137138,0.18620206788182259
-0.3181603066623211,-0.028603877872228622,0.2239433154463768,0.01577150821685791,-0.6030571684241295,-0.18457028083503246,-0.07308019325137138,0.18620206788182259
-0.3181603066623211,-0.028603877872228622,0.2239433154463768,0.01577150821685791,-0.6030571684241295,-0.18457028083503246,-0.07308019325137138,0.18620206788182259
-0.3181603066623211,-0.028603877872228622,0.2239433154463768,0.01577150821685791,-0.6030571684241295,-0.18457028083503246,-0.07308019325137138,0.18620206788182259
-0.3181603066623211,-0.028603877872228622,0.2239433154463768,0.01577150821685791,-0.6030571684241295,-0.18457028083503246,-0.07308019325137138,0.18620206788182259
-0.3181603066623211,-0.028603877872228622,0.2239433154463768,0.01577150821685791,-0.6030571684241295,-0.18457028083503246,-0.07308019325137138,0.18620206788182259
0.046229938666025795,-0.4317338317632675,0.5089254205425581,-0.15802300721406937,0.18010416130224863,-0.3296740713218848,-0.161109060049057,0.4412841647863388
-0.3181603066623211,-0.028603877872228622,0.2239433154463768,0.01577150821685791,-0.6030571684241295,-0.18457028083503246,-0.07308019325137138,0.18620206788182259
-0.3181603066623211,-0.028603877872228622,0.2239433154463768,0.01577150821685791,-0.6030571684241295,-0.18457028083503246,-0.07308019325137138,0.18620206788182259
-0.3181603066623211,-0.028603877872228622,0.2239433154463768,0.01577150821685791,-0.6030571684241295,-0.18457028083503246,-0.07308019325137138,0.18620206788182259
-0.3181603066623211,-0.028603877872228622,0.2239433154463768,0.01577150821685791,-0.6030571684241295,-0.18457028083503246,-0.07308019325137138,0.18620206788182259
-0.3181603066623211,-0.028603877872228622,0.2239433154463768,0.01577150821685791,-0.6030571684241295,-0.18457028083503246,-0.07308019325137138,0.18620206788182259
-0.3181603066623211,-0.028603877872228622,0.2239433154463768,0.01577150821685791,-0.6030571684241295,-0.18457028083503246,-0.07308019325137138,0.18620206788182259
-0.3181603066623211,-0.028603877872228622,0.2239433154463768,0.01577150821685791,-0.6030571684241295,-0.18457028083503246,-0.07308019325137138,0.18620206788182259
-0.3181603066623211,-0.028603877872228622,0.2239433154463768,0.01577150821685791,-0.6030571684241295,-0.18457028083503246,-0.07308019325137138,0.18620206788182259
-0.3181603066623211,-0.028603877872228622,0.2239433154463768,0.01577150821685791,-0.6030571684241295,-0.18457028083503246,-0.07308019325137138,0.18620206788182259
-0.3181603066623211,-0.028603877872228622,0.2239433154463768,0.01577150821685791,-0.6030571684241295,-0.18457028083503246,-0.07308019325137138,0.18620206788182259
-0.3181603066623211,-0.028603877872228622,0.2239433154463768,0.01577150821685791,-0.6030571684241295,-0.18457028083503246,-0.07308019325137138,0.18620206788182259
-0.3181603066623211,-0.028603877872228622,0.2239433154463768,0.01577150821685791,-0.6030571684241295,-0.18457028083503246,-0.07308019325137138,0.18620206788182259
-0.3181603066623211,-0.028603877872228622,0.2239433154463768,0.01577150821685791,-0.6030571684241295,-0.18457028083503246,-0.07308019325137138,0.18620206788182259
-0.3181603066623211,-0.028603877872228622,0.2239433154463768,0.01577150821685791,-0.6030571684241295,-0.18457028083503246,-0.07308019325137138,0.18620206788182259
-0.3181603066623211,-0.028603877872228622,0.2239433154463768,0.01577150821685791,-0.6030571684241295,-0.18457028083503246,-0.07308019325137138,0.18620206788182259
-0.3181603066623211,-0.028603877872228622,0.2239433154463768,0.01577150821685791,-0.6030571684241295,-0.18457028083503246,-0.07308019325137138,0.18620206788182259
-0.3181603066623211,-0.028603877872228622,0.2239433154463768,0.01577150821685791,-0.6030571684241295,-0.18457028083503246,-0.07308019325137138,0.18620206788182259
-0.3181603066623211,-0.028603877872228622,0.2239433154463768,0.01577150821685791,-0.6030571684241295,-0.18457028083503246,-0.07308019325137138,0.18620206788182259
-0.3181603066623211,-0.028603877872228622,0.2239433154463768,0.01577150821685791,-0.6030571684241295,-0.18457028083503246,-0.07308019325137138,0.18620206788182259
-0.3181603066623211,-0.028603877872228622,0.2239433154463768,0.01577150821685791,-0.6030571684241295,-0.18457028083503246,-0.07308019325137138,0.18620206788182259
-0.3181603066623211,-0.028603877872228622,0.2239433154463768,0.01577150821685791,-0.6030571684241295,-0.18457028083503246,-0.07308019325137138,0.18620206788182259
-0.3181603066623211,-0.028603877872228622,0.2239433154463768,0.01577150821685791,-0.6030571684241295,-0.18457028083503246,-0.07308019325137138,0.18620206788182259
-0.3181603066623211,-0.028603877872228622,0.2239433154463768,0.01577150821685791,-0.6030571684241295,-0.18457028083503246,-0.07308019325137138,0.18620206788182259
-0.3181603066623211,-0.028603877872228622,0.2239433154463768,0.01577150821685791,-0.6030571684241295,-0.18457028083503246,-0.07308019325137138,0.18620206788182259
-0.3181603066623211,-0.028603877872228622,0.2239433154463768,0.01577150821685791,-0.6030571684241295,-0.18457028083503246,-0.07308019325137138,0.18620206788182259
-0.3181603066623211,-0.028603877872228622,0.2239433154463768,0.01577150821685791,-0.6030571684241295,-0.18457028083503246,-0.07308019325137138,0.18620206788182259
-0.3181603066623211,-0.028603877872228622,0.2239433154463768,0.01577150821685791,-0.6030571684241295,-0.18457028083503246,-0.07308019325137138,0.18620206788182259
-0.3181603066623211,-0.028603877872228622,0.2239433154463768,0.01577150821685791,-0.6030571684241295,-0.18457028083503246,-0.07308019325137138,0.18620206788182259
-0.3181603066623211,-0.028603877872228622,0.2239433154463768,0.01577150821685791,-0.6030571684241295,-0.18457028083503246,-0.07308019325137138,0.18620206788182259
-0.3181603066623211,-0.028603877872228622,0.2239433154463768,0.01577150821685791,-0.6030571684241295,-0.18457028083503246,-0.07308019325137138,0.18620206788182259
-0.35006797810395557,-0.3048916831612587,0.38721077889204025,0.08817975719769795,0.17356526603301367,-0.0580859420200189,0.05225600302219391,0.042766536275545754
-0.3181603066623211,-0.028603877872228622,0.2239433154463768,0.01577150821685791,-0.6030571684241295,-0.18457028083503246,-0.07308019325137138,0.18620206788182259
-0.3181603066623211,-0.028603877872228622,0.2239433154463768,0.01577150821685791,-0.6030571684241295,-0.18457028083503246,-0.07308019325137138,0.18620206788182259
-0.3181603066623211,-0.028603877872228622,0.2239433154463768,0.01577150821685791,-0.6030571684241295,-0.18457028083503246,-0.07308019325137138,0.18620206788182259
-0.3181603066623211,-0.028603877872228622,0.2239433154463768,0.01577150821685791,-0.6030571684241295,-0.18457028083503246,-0.07308019325137138,0.18620206788182259
-0.3181603066623211,-0.028603877872228622,0.2239433154463768,0.01577150821685791,-0.6030571684241295,-0.18457028083503246,-0.07308019325137138,0.18620206788182259
-0.3181603066623211,-0.028603877872228622,0.2239433154463768,0.01577150821685791,-0.6030571684241295,-0.18457028083503246,-0.07308019325137138,0.18620206788182259
-0.3181603066623211,-0.028603877872228622,0.2239433154463768,0.01577150821685791,-0.6030571684241295,-0.18457028083503246,-0.07308019325137138,0.18620206788182259
-0.3181603066623211,-0.028603877872228622,0.2239433154463768,0.01577150821685791,-0.6030571684241295,-0.18457028083503246,-0.07308019325137138,0.18620206788182259
-0.3181603066623211,-0.028603877872228622,0.2239433154463768,0.01577150821685791,-0.6030571684241295,-0.18457028083503246,-0.07308019325137138,0.18620206788182259
-0.3181603066623211,-0.028603877872228622,0.2239433154463768,0.01577150821685791,-0.6030571684241295,-0.18457028083503246,-0.07308019325137138,0.18620206788182259
-0.3181603066623211,-0.028603877872228622,0.2239433154463768,0.01577150821685791,-0.6030571684241295,-0.18457028083503246,-0.07308019325137138,0.18620206788182259
-0.3181603066623211,-0.028603877872228622,0.2239433154463768,0.01577150821685791,-0.6030571684241295,-0.18457028083503246,-0.07308019325137138,0.18620206788182259
-0.3181603066623211,-0.028603877872228622,0.2239433154463768,0.01577150821685791,-0.6030571684241295,-0.18457028083503246,-0.07308019325137138,0.18620206788182259
-0.3181603066623211,-0.028603877872228622,0.2239433154463768,0.01577150821685791,-0.6030571684241295,-0.18457028083503246,-0.07308019325137138,0.18620206788182259
-0.3181603066623211,-0.028603877872228622,0.2239433154463768,0.01577150821685791,-0.6030571684241295,-0.18457028083503246,-0.07308019325137138,0.18620206788182259
-0.3181603066623211,-0.028603877872228622,0.2239433154463768,0.01577150821685791,-0.6030571684241295,-0.18457028083503246,-0.07308019325137138,0.18620206788182259
-0.3181603066623211,-0.028603877872228622,0.2239433154463768,0.01577150821685791,-0.6030571684241295,-0.18457028083503246,-0.07308019325137138,0.18620206788182259
-0.3181603066623211,-0.028603877872228622,0.2239433154463768,0.01577150821685791,-0.6030571684241295,-0.18457028083503246,-0.07308019325137138,0.18620206788182259
-0.3181603066623211,-0.028603877872228622,0.2239433154463768,0.01577150821685791,-0.6030571684241295,-0.18457028083503246,-0.07308019325137138,0.18620206788182259
-0.3181603066623211,-0.028603877872228622,0.2239433154463768,0.01577150821685791,-0.6030571684241295,-0.18457028083503246,-0.07308019325137138,0.18620206788182259
-0.3181603066623211,-0.028603877872228622,0.2239433154463768,0.01577150821685791,-0.6030571684241295,-0.18457028083503246,-0.07308019325137138,0.18620206788182259
-0.3181603066623211,-0.028603877872228622,0.2239433154463768,0.01577150821685791,-0.6030571684241295,-0.18457028083503246,-0.07308019325137138,0.18620206788182259
-0.3181603066623211,-0.028603877872228622,0.2239433154463768,0.01577150821685791,-0.6030571684241295,-0.18457028083503246,-0.07308019325137138,0.18620206788182259
-0.3181603066623211,-0.028603877872228622,0.2239433154463768,0.01577150821685791,-0.6030571684241295,-0.18457028083503246,-0.07308019325137138,0.18620206788182259
-0.3181603066623211,-0.028603877872228622,0.2239433154463768,0.01577150821685791,-0.6030571684241295,-0.18457028083503246,-0.07308019325137138,0.18620206788182259
-0.3181603066623211,-0.028603877872228622,0.2239433154463768,0.01577150821685791,-0.6030571684241295,-0.18457028083503246,-0.07308019325137138,0.18620206788182259
-0.3181603066623211,-0.028603877872228622,0.2239433154463768,0.01577150821685791,-0.6030571684241295,-0.18457028083503246,-0.07308019325137138,0.18620206788182259
-0.3181603066623211,-0.028603877872228622,0.2239433154463768,0.01577150821685791,-0.6030571684241295,-0.18457028083503246,-0.07308019325137138,0.18620206788182259
-0.3181603066623211,-0.028603877872228622,0.2239433154463768,0.01577150821685791,-0.6030571684241295,-0.18457028083503246,-0.07308019325137138,0.18620206788182259
-0.3181603066623211,-0.028603877872228622,0.2239433154463768,0.01577150821685791,-0.6030571684241295,-0.18457028083503246,-0.07308019325137138,0.18620206788182259
-0.3181603066623211,-0.028603877872228622,0.2239433154463768,0.01577150821685791,-0.6030571684241295,-0.18457028083503246,-0.07308019325137138,0.18620206788182259
-0.3181603066623211,-0.028603877872228622,0.2239433154463768,0.01577150821685791,-0.6030571684241295,-0.18457028083503246,-0.07308019325137138,0.18620206788182259
-0.3181603066623211,-0.028603877872228622,0.2239433154463768,0.01577150821685791,-0.6030571684241295,-0.18457028083503246,-0.07308019325137138,0.18620206788182259
-0.3181603066623211,-0.028603877872228622,0.2239433154463768,0.01577150821685791,-0.6030571684241295,-0.18457028083503246,-0.07308019325137138,0.18620206788182259
-0.3181603066623211,-0.028603877872228622,0.2239433154463768,0.01577150821685791,-0.6030571684241295,-0.18457028083503246,-0.07308019325137138,0.18620206788182259
-0.3181603066623211,-0.028603877872228622,0.2239433154463768,0.01577150821685791,-0.6030571684241295,-0.18457028083503246,-0.07308019325137138,0.18620206788182259
-0.3181603066623211,-0.028603877872228622,0.2239433154463768,0.01577150821685791,-0.6030571684241295,-0.18457028083503246,-0.07308019325137138,0.18620206788182259
-0.3181603066623211,-0.028603877872228622,0.2239433154463768,0.01577150821685791,-0.6030571684241295,-0.18457028083503246,-0.07308019325137138,0.18620206788182259
-0.3181603066623211,-0.028603877872228622,0.2239433154463768,0.01577150821685791,-0.6030571684241295,-0.18457028083503246,-0.07308019325137138,0.18620206788182259
-0.3181603066623211,-0.028603877872228622,0.2239433154463768,0.01577150821685791,-0.6030571684241295,-0.18457028083503246,-0.07308019325137138,0.18620206788182259
-0.3181603066623211,-0.028603877872228622,0.2239433154463768,0.01577150821685791,-0.6030571684241295,-0.18457028083503246,-0.07308019325137138,0.18620206788182259
-0.3181603066623211,-0.028603877872228622,0.2239433154463768,0.01577150821685791,-0.6030571684241295,-0.18457028083503246,-0.07308019325137138,0.18620206788182259
-0.3181603066623211,-0.028603877872228622,0.2239433154463768,0.01577150821685791,-0.6030571684241295,-0.18457028083503246,-0.07308019325137138,0.18620206788182259
-0.3181603066623211,-0.028603877872228622,0.2239433154463768,0.01577150821685791,-0.6030571684241295,-0.18457028083503246,-0.07308019325137138,0.18620206788182259
-0.3181603066623211,-0.028603877872228622,0.2239433154463768,0.01577150821685791,-0.6030571684241295,-0.18457028083503246,-0.07308019325137138,0.18620206788182259
-0.3181603066623211,-0.028603877872228622,0.2239433154463768,0.01577150821685791,-0.6030571684241295,-0.18457028083503246,-0.07308019325137138,0.18620206788182259
-0.3181603066623211,-0.028603877872228622,0.2239433154463768,0.01577150821685791,-0.6030571684241295,-0.18457028083503246,-0.07308019325137138,0.18620206788182259
-0.3181603066623211,-0.028603877872228622,0.2239433154463768,0.01577150821685791,-0.6030571684241295,-0.18457028083503246,-0.07308019325137138,0.18620206788182259
-0.3181603066623211,-0.028603877872228622,0.2239433154463768,0.01577150821685791,-0.6030571684241295,-0.18457028083503246,-0.07308019325137138,0.18620206788182259
-0.3181603066623211,-0.028603877872228622,0.2239433154463768,0.01577150821685791,-0.6030571684241295,-0.18457028083503246,-0.07308019325137138,0.18620206788182259
-0.3181603066623211,-0.028603877872228622,0.2239433154463768,0.01577150821685791,-0.6030571684241295,-0.18457028083503246,-0.07308019325137138,0.18620206788182259
-0.3181603066623211,-0.028603877872228622,0.2239433154463768,0.01577150821685791,-0.6030571684241295,-0.18457028083503246,-0.07308019325137138,0.18620206788182259
-0.3181603066623211,-0.028603877872228622,0.2239433154463768,0.01577150821685791,-0.6030571684241295,-0.18457028083503246,-0.07308019325137138,0.18620206788182259
-0.3181603066623211,-0.028603877872228622,0.2239433154463768,0.01577150821685791,-0.6030571684241295,-0.18457028083503246,-0.07308019325137138,0.18620206788182259
-0.3181603066623211,-0.028603877872228622,0.2239433154463768,0.01577150821685791,-0.6030571684241295,-0.18457028083503246,-0.07308019325137138,0.18620206788182259
-0.3181603066623211,-0.028603877872228622,0.2239433154463768,0.01577150821685791,-0.6030571684241295,-0.18457028083503246,-0.07308019325137138,0.18620206788182259
-0.3181603066623211,-0.028603877872228622,0.2239433154463768,0.01577150821685791,-0.6030571684241295,-0.18457028083503246,-0.07308019325137138,0.18620206788182259
-0.3181603066623211,-0.028603877872228622,0.2239433154463768,0.01577150821685791,-0.6030571684241295,-0.18457028083503246,-0.07308019325137138,0.18620206788182259
-0.3181603066623211,-0.028603877872228622,0.2239433154463768,0.01577150821685791,-0.6030571684241295,-0.18457028083503246,-0.07308019325137138,0.18620206788182259
-0.3181603066623211,-0.028603877872228622,0.2239433154463768,0.01577150821685791,-0.6030571684241295,-0.18457028083503246,-0.07308019325137138,0.18620206788182259
-0.3181603066623211,-0.028603877872228622,0.2239433154463768,0.01577150821685791,-0.6030571684241295,-0.18457028083503246,-0.07308019325137138,0.18620206788182259
-0.3181603066623211,-0.028603877872228622,0.2239433154463768,0.01577150821685791,-0.6030571684241295,-0.18457028083503246,-0.07308019325137138,0.18620206788182259
-0.3181603066623211,-0.028603877872228622,0.2239433154463768,0.01577150821685791,-0.6030571684241295,-0.18457028083503246,-0.07308019325137138,0.18620206788182259
-0.3181603066623211,-0.028603877872228622,0.2239433154463768,0.01577150821685791,-0.6030571684241295,-0.18457028083503246,-0.07308019325137138,0.18620206788182259
-0.3181603066623211,-0.028603877872228622,0.2239433154463768,0.01577150821685791,-0.6030571684241295,-0.18457028083503246,-0.07308019325137138,0.18620206788182259
-0.3181603066623211,-0.028603877872228622,0.2239433154463768,0.01577150821685791,-0.6030571684241295,-0.18457028083503246,-0.07308019325137138,0.18620206788182259
-0.3181603066623211,-0.028603877872228622,0.2239433154463768,0.01577150821685791,-0.6030571684241295,-0.18457028083503246,-0.07308019325137138,0.18620206788182259
-0.3181603066623211,-0.028603877872228622,0.2239433154463768,0.01577150821685791,-0.6030571684241295,-0.18457028083503246,-0.07308019325137138,0.18620206788182259
-0.3181603066623211,-0.028603877872228622,0.2239433154463768,0.01577150821685791,-0.6030571684241295,-0.18457028083503246,-0.07308019325137138,0.18620206788182259
-0.3181603066623211,-0.028603877872228622,0.2239433154463768,0.01577150821685791,-0.6030571684241295,-0.18457028083503246,-0.07308019325137138,0.18620206788182259
-0.3181603066623211,-0.028603877872228622,0.2239433154463768,0.01577150821685791,-0.6030571684241295,-0.18457028083503246,-0.07308019325137138,0.18620206788182259
-0.3181603066623211,-0.028603877872228622,0.2239433154463768,0.01577150821685791,-0.6030571684241295,-0.18457028083503246,-0.07308019325137138,0.18620206788182259
-0.3181603066623211,-0.028603877872228622,0.2239433154463768,0.01577150821685791,-0.6030571684241295,-0.18457028083503246,-0.07308019325137138,0.18620206788182259
-0.3181603066623211,-0.028603877872228622,0.2239433154463768,0.01577150821685791,-0.6030571684241295,-0.18457028083503246,-0.07308019325137138,0.18620206788182259
-0.3181603066623211,-0.028603877872228622,0.2239433154463768,0.01577150821685791,-0.6030571684241295,-0.18457028083503246,-0.07308019325137138,0.18620206788182259
-0.3181603066623211,-0.028603877872228622,0.2239433154463768,0.01577150821685791,-0.6030571684241295,-0.18457028083503246,-0.07308019325137138,0.18620206788182259
-0.3181603066623211,-0.028603877872228622,0.2239433154463768,0.01577150821685791,-0.6030571684241295,-0.18457028083503246,-0.07308019325137138,0.18620206788182259
-0.3181603066623211,-0.028603877872228622,0.2239433154463768,0.01577150821685791,-0.6030571684241295,-0.18457028083503246,-0.07308019325137138,0.18620206788182259
-0.3609621226787567,-0.27435658872127533,0.3024791419506073,-0.05122157633304596,0.13375467658042908,0.18634549975395204,0.3675883889198303,0.44413078725337984
0.046229938666025795,-0.4317338317632675,0.5089254205425581,-0.15802300721406937,0.18010416130224863,-0.3296740713218848,-0.161109060049057,0.4412841647863388
-0.3181603066623211,-0.028603877872228622,0.2239433154463768,0.01577150821685791,-0.6030571684241295,-0.18457028083503246,-0.07308019325137138,0.18620206788182259
-0.3181603066623211,-0.028603877872228622,0.2239433154463768,0.01577150821685791,-0.6030571684241295,-0.18457028083503246,-0.07308019325137138,0.18620206788182259
-0.3181603066623211,-0.028603877872228622,0.2239433154463768,0.01577150821685791,-0.6030571684241295,-0.18457028083503246,-0.07308019325137138,0.18620206788182259
-0.3181603066623211,-0.028603877872228622,0.2239433154463768,0.01577150821685791,-0.6030571684241295,-0.18457028083503246,-0.07308019325137138,0.18620206788182259
-0.3181603066623211,-0.028603877872228622,0.2239433154463768,0.01577150821685791,-0.6030571684241295,-0.18457028083503246,-0.07308019325137138,0.18620206788182259
-0.3181603066623211,-0.028603877872228622,0.2239433154463768,0.01577150821685791,-0.6030571684241295,-0.18457028083503246,-0.07308019325137138,0.18620206788182259
-0.3181603066623211,-0.028603877872228622,0.2239433154463768,0.01577150821685791,-0.6030571684241295,-0.18457028083503246,-0.07308019325137138,0.18620206788182259
-0.3181603066623211,-0.028603877872228622,0.2239433154463768,0.01577150821685791,-0.6030571684241295,-0.18457028083503246,-0.07308019325137138,0.18620206788182259
-0.3181603066623211,-0.028603877872228622,0.2239433154463768,0.01577150821685791,-0.6030571684241295,-0.18457028083503246,-0.07308019325137138,0.18620206788182259
-0.3181603066623211,-0.028603877872228622,0.2239433154463768,0.01577150821685791,-0.6030571684241295,-0.18457028083503246,-0.07308019325137138,0.18620206788182259
-0.3181603066623211,-0.028603877872228622,0.2239433154463768,0.01577150821685791,-0.6030571684241295,-0.18457028083503246,-0.07308019325137138,0.18620206788182259
-0.3181603066623211,-0.028603877872228622,0.2239433154463768,0.01577150821685791,-0.6030571684241295,-0.18457028083503246,-0.07308019325137138,0.18620206788182259
-0.3181603066623211,-0.028603877872228622,0.2239433154463768,0.01577150821685791,-0.6030571684241295,-0.18457028083503246,-0.07308019325137138,0.18620206788182259
-0.3181603066623211,-0.028603877872228622,0.2239433154463768,0.01577150821685791,-0.6030571684241295,-0.18457028083503246,-0.07308019325137138,0.18620206788182259
-0.3181603066623211,-0.028603877872228622,0.2239433154463768,0.01577150821685791,-0.6030571684241295,-0.18457028083503246,-0.07308019325137138,0.18620206788182259
-0.3181603066623211,-0.028603877872228622,0.2239433154463768,0.01577150821685791,-0.6030571684241295,-0.18457028083503246,-0.07308019325137138,0.18620206788182259
-0.3181603066623211,-0.028603877872228622,0.2239433154463768,0.01577150821685791,-0.6030571684241295,-0.18457028083503246,-0.07308019325137138,0.18620206788182259
-0.3181603066623211,-0.028603877872228622,0.2239433154463768,0.01577150821685791,-0.6030571684241295,-0.18457028083503246,-0.07308019325137138,0.18620206788182259
-0.3181603066623211,-0.028603877872228622,0.2239433154463768,0.01577150821685791,-0.6030571684241295,-0.18457028083503246,-0.07308019325137138,0.18620206788182259
-0.3181603066623211,-0.028603877872228622,0.2239433154463768,0.01577150821685791,-0.6030571684241295,-0.18457028083503246,-0.07308019325137138,0.18620206788182259
-0.3181603066623211,-0.028603877872228622,0.2239433154463768,0.01577150821685791,-0.6030571684241295,-0.18457028083503246,-0.07308019325137138,0.18620206788182259
-0.3181603066623211,-0.028603877872228622,0.2239433154463768,0.01577150821685791,-0.6030571684241295,-0.18457028083503246,-0.07308019325137138,0.18620206788182259
-0.3181603066623211,-0.028603877872228622,0.2239433154463768,0.01577150821685791,-0.6030571684241295,-0.18457028083503246,-0.07308019325137138,0.18620206788182259
-0.3181603066623211,-0.028603877872228622,0.2239433154463768,0.01577150821685791,-0.6030571684241295,-0.18457028083503246,-0.07308019325137138,0.18620206788182259
-0.3181603066623211,-0.028603877872228622,0.2239433154463768,0.01577150821685791,-0.6030571684241295,-0.18457028083503246,-0.07308019325137138,0.18620206788182259
-0.3181603066623211,-0.028603877872228622,0.2239433154463768,0.01577150821685791,-0.6030571684241295,-0.18457028083503246,-0.07308019325137138,0.18620206788182259
-0.3181603066623211,-0.028603877872228622,0.2239433154463768,0.01577150821685791,-0.6030571684241295,-0.18457028083503246,-0.07308019325137138,0.18620206788182259
-0.3181603066623211,-0.028603877872228622,0.2239433154463768,0.01577150821685791,-0.6030571684241295,-0.18457028083503246,-0.07308019325137138,0.18620206788182259
-0.3181603066623211,-0.028603877872228622,0.2239433154463768,0.01577150821685791,-0.6030571684241295,-0.18457028083503246,-0.07308019325137138,0.18620206788182259
-0.3181603066623211,-0.028603877872228622,0.2239433154463768,0.01577150821685791,-0.6030571684241295,-0.18457028083503246,-0.07308019325137138,0.18620206788182259
-0.3181603066623211,-0.028603877872228622,0.2239433154463768,0.01577150821685791,-0.6030571684241295,-0.18457028083503246,-0.07308019325137138,0.18620206788182259
-0.3181603066623211,-0.028603877872228622,0.2239433154463768,0.01577150821685791,-0.6030571684241295,-0.18457028083503246,-0.07308019325137138,0.18620206788182259
-0.3181603066623211,-0.028603877872228622,0.2239433154463768,0.01577150821685791,-0.6030571684241295,-0.18457028083503246,-0.07308019325137138,0.18620206788182259
-0.3181603066623211,-0.028603877872228622,0.2239433154463768,0.01577150821685791,-0.6030571684241295,-0.18457028083503246,-0.07308019325137138,0.18620206788182259
-0.3181603066623211,-0.028603877872228622,0.2239433154463768,0.01577150821685791,-0.6030571684241295,-0.18457028083503246,-0.07308019325137138,0.18620206788182259
-0.3181603066623211,-0.028603877872228622,0.2239433154463768,0.01577150821685791,-0.6030571684241295,-0.18457028083503246,-0.07308019325137138,0.18620206788182259
-0.3181603066623211,-0.028603877872228622,0.2239433154463768,0.01577150821685791,-0.6030571684241295,-0.18457028083503246,-0.07308019325137138,0.18620206788182259
-0.3181603066623211,-0.028603877872228622,0.2239433154463768,0.01577150821685791,-0.6030571684241295,-0.18457028083503246,-0.07308019325137138,0.18620206788182259
-0.3181603066623211,-0.028603877872228622,0.2239433154463768,0.01577150821685791,-0.6030571684241295,-0.18457028083503246,-0.07308019325137138,0.18620206788182259
-0.3181603066623211,-0.028603877872228622,0.2239433154463768,0.01577150821685791,-0.6030571684241295,-0.18457028083503246,-0.07308019325137138,0.18620206788182259
-0.3181603066623211,-0.028603877872228622,0.2239433154463768,0.01577150821685791,-0.6030571684241295,-0.18457028083503246,-0.07308019325137138,0.18620206788182259
-0.3181603066623211,-0.028603877872228622,0.2239433154463768,0.01577150821685791,-0.6030571684241295,-0.18457028083503246,-0.07308019325137138,0.18620206788182259
-0.3181603066623211,-0.028603877872228622,0.2239433154463768,0.01577150821685791,-0.6030571684241295,-0.18457028083503246,-0.07308019325137138,0.18620206788182259
-0.3181603066623211,-0.028603877872228622,0.2239433154463768,0.01577150821685791,-0.6030571684241295,-0.18457028083503246,-0.07308019325137138,0.18620206788182259
-0.3181603066623211,-0.028603877872228622,0.2239433154463768,0.01577150821685791,-0.6030571684241295,-0.18457028083503246,-0.07308019325137138,0.18620206788182259
-0.3181603066623211,-0.028603877872228622,0.2239433154463768,0.01577150821685791,-0.6030571684241295,-0.18457028083503246,-0.07308019325137138,0.18620206788182259
-0.3181603066623211,-0.028603877872228622,0.2239433154463768,0.01577150821685791,-0.6030571684241295,-0.18457028083503246,-0.07308019325137138,0.18620206788182259
-0.3181603066623211,-0.028603877872228622,0.2239433154463768,0.01577150821685791,-0.6030571684241295,-0.18457028083503246,-0.07308019325137138,0.18620206788182259
-0.3181603066623211,-0.028603877872228622,0.2239433154463768,0.01577150821685791,-0.6030571684241295,-0.18457028083503246,-0.07308019325137138,0.18620206788182259
-0.3181603066623211,-0.028603877872228622,0.2239433154463768,0.01577150821685791,-0.6030571684241295,-0.18457028083503246,-0.07308019325137138,0.18620206788182259
-0.3181603066623211,-0.028603877872228622,0.2239433154463768,0.01577150821685791,-0.6030571684241295,-0.18457028083503246,-0.07308019325137138,0.18620206788182259
-0.3181603066623211,-0.028603877872228622,0.2239433154463768,0.01577150821685791,-0.6030571684241295,-0.18457028083503246,-0.07308019325137138,0.18620206788182259
-0.3181603066623211,-0.028603877872228622,0.2239433154463768,0.01577150821685791,-0.6030571684241295,-0.18457028083503246,-0.07308019325137138,0.18620206788182259
-0.3181603066623211,-0.028603877872228622,0.2239433154463768,0.01577150821685791,-0.6030571684241295,-0.18457028083503246,-0.07308019325137138,0.18620206788182259
-0.3181603066623211,-0.028603877872228622,0.2239433154463768,0.01577150821685791,-0.6030571684241295,-0.18457028083503246,-0.07308019325137138,0.18620206788182259
-0.3181603066623211,-0.028603877872228622,0.2239433154463768,0.01577150821685791,-0.6030571684241295,-0.18457028083503246,-0.07308019325137138,0.18620206788182259
0.1907250750809908,-0.16838807053864002,0.5067698769271374,-0.20045810751616955,-0.27726391330361366,0.11774482112377882,0.26847533881664276,0.5865732301026583
-0.3181603066623211,-0.028603877872228622,0.2239433154463768,0.01577150821685791,-0.6030571684241295,-0.18457028083503246,-0.07308019325137138,0.18620206788182259
-0.3181603066623211,-0.028603877872228622,0.2239433154463768,0.01577150821685791,-0.6030571684241295,-0.18457028083503246,-0.07308019325137138,0.18620206788182259
-0.3181603066623211,-0.028603877872228622,0.2239433154463768,0.01577150821685791,-0.6030571684241295,-0.18457028083503246,-0.07308019325137138,0.18620206788182259
-0.3181603066623211,-0.028603877872228622,0.2239433154463768,0.01577150821685791,-0.6030571684241295,-0.18457028083503246,-0.07308019325137138,0.18620206788182259
-0.3181603066623211,-0.028603877872228622,0.2239433154463768,0.01577150821685791,-0.6030571684241295,-0.18457028083503246,-0.07308019325137138,0.18620206788182259
-0.3181603066623211,-0.028603877872228622,0.2239433154463768,0.01577150821685791,-0.6030571684241295,-0.18457028083503246,-0.07308019325137138,0.18620206788182259
-0.3181603066623211,-0.028603877872228622,0.2239433154463768,0.01577150821685791,-0.6030571684241295,-0.18457028083503246,-0.07308019325137138,0.18620206788182259
-0.3181603066623211,-0.028603877872228622,0.2239433154463768,0.01577150821685791,-0.6030571684241295,-0.18457028083503246,-0.07308019325137138,0.18620206788182259
-0.3181603066623211,-0.028603877872228622,0.2239433154463768,0.01577150821685791,-0.6030571684241295,-0.18457028083503246,-0.07308019325137138,0.18620206788182259
-0.3181603066623211,-0.028603877872228622,0.2239433154463768,0.01577150821685791,-0.6030571684241295,-0.18457028083503246,-0.07308019325137138,0.18620206788182259
-0.3181603066623211,-0.028603877872228622,0.2239433154463768,0.01577150821685791,-0.6030571684241295,-0.18457028083503246,-0.07308019325137138,0.18620206788182259
-0.3181603066623211,-0.028603877872228622,0.2239433154463768,0.01577150821685791,-0.6030571684241295,-0.18457028083503246,-0.07308019325137138,0.18620206788182259
0.1329663906778608,-0.5159684462206704,0.2912973016500473,-0.1905363095658166,0.15457546710968018,-0.028411853526319777,-0.021242448261805942,0.4346293636730739
0.046229938666025795,-0.4317338317632675,0.5089254205425581,-0.15802300721406937,0.18010416130224863,-0.3296740713218848,-0.161109060049057,0.4412841647863388
-0.3181603066623211,-0.028603877872228622,0.2239433154463768,0.01577150821685791,-0.6030571684241295,-0.18457028083503246,-0.07308019325137138,0.18620206788182259
-0.3181603066623211,-0.028603877872228622,0.2239433154463768,0.01577150821685791,-0.6030571684241295,-0.18457028083503246,-0.07308019325137138,0.18620206788182259
-0.3181603066623211,-0.028603877872228622,0.2239433154463768,0.01577150821685791,-0.6030571684241295,-0.18457028083503246,-0.07308019325137138,0.18620206788182259
-0.3181603066623211,-0.028603877872228622,0.2239433154463768,0.01577150821685791,-0.6030571684241295,-0.18457028083503246,-0.07308019325137138,0.18620206788182259
-0.3181603066623211,-0.028603877872228622,0.2239433154463768,0.01577150821685791,-0.6030571684241295,-0.18457028083503246,-0.07308019325137138,0.18620206788182259
-0.3181603066623211,-0.028603877872228622,0.2239433154463768,0.01577150821685791,-0.6030571684241295,-0.18457028083503246,-0.07308019325137138,0.18620206788182259
-0.3181603066623211,-0.028603877872228622,0.2239433154463768,0.01577150821685791,-0.6030571684241295,-0.18457028083503246,-0.07308019325137138,0.18620206788182259
-0.3181603066623211,-0.028603877872228622,0.2239433154463768,0.01577150821685791,-0.6030571684241295,-0.18457028083503246,-0.07308019325137138,0.18620206788182259
-0.3181603066623211,-0.028603877872228622,0.2239433154463768,0.01577150821685791,-0.6030571684241295,-0.18457028083503246,-0.07308019325137138,0.18620206788182259
-0.3181603066623211,-0.028603877872228622,0.2239433154463768,0.01577150821685791,-0.6030571684241295,-0.18457028083503246,-0.07308019325137138,0.18620206788182259
-0.3181603066623211,-0.028603877872228622,0.2239433154463768,0.01577150821685791,-0.6030571684241295,-0.18457028083503246,-0.07308019325137138,0.18620206788182259
-0.3181603066623211,-0.028603877872228622,0.2239433154463768,0.01577150821685791,-0.6030571684241295,-0.18457028083503246,-0.07308019325137138,0.18620206788182259
-0.3181603066623211,-0.028603877872228622,0.2239433154463768,0.01577150821685791,-0.6030571684241295,-0.18457028083503246,-0.07308019325137138,0.18620206788182259
-0.3181603066623211,-0.028603877872228622,0.2239433154463768,0.01577150821685791,-0.6030571684241295,-0.18457028083503246,-0.07308019325137138,0.18620206788182259
-0.3181603066623211,-0.028603877872228622,0.2239433154463768,0.01577150821685791,-0.6030571684241295,-0.18457028083503246,-0.07308019325137138,0.18620206788182259
-0.3181603066623211,-0.028603877872228622,0.2239433154463768,0.01577150821685791,-0.6030571684241295,-0.18457028083503246,-0.07308019325137138,0.18620206788182259
-0.3181603066623211,-0.028603877872228622,0.2239433154463768,0.01577150821685791,-0.6030571684241295,-0.18457028083503246,-0.07308019325137138,0.18620206788182259
-0.3181603066623211,-0.028603877872228622,0.2239433154463768,0.01577150821685791,-0.6030571684241295,-0.18457028083503246,-0.07308019325137138,0.18620206788182259
-0.3181603066623211,-0.028603877872228622,0.2239433154463768,0.01577150821685791,-0.6030571684241295,-0.18457028083503246,-0.07308019325137138,0.18620206788182259
-0.3181603066623211,-0.028603877872228622,0.2239433154463768,0.01577150821685791,-0.6030571684241295,-0.18457028083503246,-0.07308019325137138,0.18620206788182259
-0.3181603066623211,-0.028603877872228622,0.2239433154463768,0.01577150821685791,-0.6030571684241295,-0.18457028083503246,-0.07308019325137138,0.18620206788182259
-0.3181603066623211,-0.028603877872228622,0.2239433154463768,0.01577150821685791,-0.6030571684241295,-0.18457028083503246,-0.07308019325137138,0.18620206788182259
-0.3181603066623211,-0.028603877872228622,0.2239433154463768,0.01577150821685791,-0.6030571684241295,-0.18457028083503246,-0.07308019325137138,0.18620206788182259
-0.3181603066623211,-0.028603877872228622,0.2239433154463768,0.01577150821685791,-0.6030571684241295,-0.18457028083503246,-0.07308019325137138,0.18620206788182259
-0.3181603066623211,-0.028603877872228622,0.2239433154463768,0.01577150821685791,-0.6030571684241295,-0.18457028083503246,-0.07308019325137138,0.18620206788182259
-0.3181603066623211,-0.028603877872228622,0.2239433154463768,0.01577150821685791,-0.6030571684241295,-0.18457028083503246,-0.07308019325137138,0.18620206788182259
-0.3181603066623211,-0.028603877872228622,0.2239433154463768,0.01577150821685791,-0.6030571684241295,-0.18457028083503246,-0.07308019325137138,0.18620206788182259
-0.3181603066623211,-0.028603877872228622,0.2239433154463768,0.01577150821685791,-0.6030571684241295,-0.18457028083503246,-0.07308019325137138,0.18620206788182259
-0.3181603066623211,-0.028603877872228622,0.2239433154463768,0.01577150821685791,-0.6030571684241295,-0.18457028083503246,-0.07308019325137138,0.18620206788182259
-0.3181603066623211,-0.028603877872228622,0.2239433154463768,0.01577150821685791,-0.6030571684241295,-0.18457028083503246,-0.07308019325137138,0.18620206788182259
-0.3181603066623211,-0.028603877872228622,0.2239433154463768,0.01577150821685791,-0.6030571684241295,-0.18457028083503246,-0.07308019325137138,0.18620206788182259
-0.3181603066623211,-0.028603877872228622,0.2239433154463768,0.01577150821685791,-0.6030571684241295,-0.18457028083503246,-0.07308019325137138,0.18620206788182259
0.1907250750809908,-0.16838807053864002,0.5067698769271374,-0.20045810751616955,-0.27726391330361366,0.11774482112377882,0.26847533881664276,0.5865732301026583
-0.3181603066623211,-0.028603877872228622,0.2239433154463768,0.01577150821685791,-0.6030571684241295,-0.18457028083503246,-0.07308019325137138,0.18620206788182259
-0.3181603066623211,-0.028603877872228622,0.2239433154463768,0.01577150821685791,-0.6030571684241295,-0.18457028083503246,-0.07308019325137138,0.18620206788182259
-0.3181603066623211,-0.028603877872228622,0.2239433154463768,0.01577150821685791,-0.6030571684241295,-0.18457028083503246,-0.07308019325137138,0.18620206788182259
-0.3181603066623211,-0.028603877872228622,0.2239433154463768,0.01577150821685791,-0.6030571684241295,-0.18457028083503246,-0.07308019325137138,0.18620206788182259
-0.3181603066623211,-0.028603877872228622,0.2239433154463768,0.01577150821685791,-0.6030571684241295,-0.18457028083503246,-0.07308019325137138,0.18620206788182259
-0.3181603066623211,-0.028603877872228622,0.2239433154463768,0.01577150821685791,-0.6030571684241295,-0.18457028083503246,-0.07308019325137138,0.18620206788182259
-0.3181603066623211,-0.028603877872228622,0.2239433154463768,0.01577150821685791,-0.6030571684241295,-0.18457028083503246,-0.07308019325137138,0.18620206788182259
-0.3181603066623211,-0.028603877872228622,0.2239433154463768,0.01577150821685791,-0.6030571684241295,-0.18457028083503246,-0.07308019325137138,0.18620206788182259
-0.3181603066623211,-0.028603877872228622,0.2239433154463768,0.01577150821685791,-0.6030571684241295,-0.18457028083503246,-0.07308019325137138,0.18620206788182259
-0.3181603066623211,-0.028603877872228622,0.2239433154463768,0.01577150821685791,-0.6030571684241295,-0.18457028083503246,-0.07308019325137138,0.18620206788182259
-0.3181603066623211,-0.028603877872228622,0.2239433154463768,0.01577150821685791,-0.6030571684241295,-0.18457028083503246,-0.07308019325137138,0.18620206788182259
-0.3181603066623211,-0.028603877872228622,0.2239433154463768,0.01577150821685791,-0.6030571684241295,-0.18457028083503246,-0.07308019325137138,0.18620206788182259
0.1329663906778608,-0.5159684462206704,0.2912973016500473,-0.1905363095658166,0.15457546710968018,-0.028411853526319777,-0.021242448261805942,0.4346293636730739
-0.3181603066623211,-0.028603877872228622,0.2239433154463768,0.01577150821685791,-0.6030571684241295,-0.18457028083503246,-0.07308019325137138,0.18620206788182259
-0.3181603066623211,-0.028603877872228622,0.2239433154463768,0.01577150821685791,-0.6030571684241295,-0.18457028083503246,-0.07308019325137138,0.18620206788182259
-0.3181603066623211,-0.028603877872228622,0.2239433154463768,0.01577150821685791,-0.6030571684241295,-0.18457028083503246,-0.07308019325137138,0.18620206788182259
-0.3181603066623211,-0.028603877872228622,0.2239433154463768,0.01577150821685791,-0.6030571684241295,-0.18457028083503246,-0.07308019325137138,0.18620206788182259
-0.3181603066623211,-0.028603877872228622,0.2239433154463768,0.01577150821685791,-0.6030571684241295,-0.18457028083503246,-0.07308019325137138,0.18620206788182259
-0.3181603066623211,-0.028603877872228622,0.2239433154463768,0.01577150821685791,-0.6030571684241295,-0.18457028083503246,-0.07308019325137138,0.18620206788182259
-0.3181603066623211,-0.028603877872228622,0.2239433154463768,0.01577150821685791,-0.6030571684241295,-0.18457028083503246,-0.07308019325137138,0.18620206788182259
-0.3181603066623211,-0.028603877872228622,0.2239433154463768,0.01577150821685791,-0.6030571684241295,-0.18457028083503246,-0.07308019325137138,0.18620206788182259
-0.3181603066623211,-0.028603877872228622,0.2239433154463768,0.01577150821685791,-0.6030571684241295,-0.18457028083503246,-0.07308019325137138,0.18620206788182259
-0.3181603066623211,-0.028603877872228622,0.2239433154463768,0.01577150821685791,-0.6030571684241295,-0.18457028083503246,-0.07308019325137138,0.18620206788182259
-0.3181603066623211,-0.028603877872228622,0.2239433154463768,0.01577150821685791,-0.6030571684241295,-0.18457028083503246,-0.07308019325137138,0.18620206788182259
-0.3181603066623211,-0.028603877872228622,0.2239433154463768,0.01577150821685791,-0.6030571684241295,-0.18457028083503246,-0.07308019325137138,0.18620206788182259
-0.3181603066623211,-0.028603877872228622,0.2239433154463768,0.01577150821685791,-0.6030571684241295,-0.18457028083503246,-0.07308019325137138,0.18620206788182259
-0.3181603066623211,-0.028603877872228622,0.2239433154463768,0.01577150821685791,-0.6030571684241295,-0.18457028083503246,-0.07308019325137138,0.18620206788182259
-0.3181603066623211,-0.028603877872228622,0.2239433154463768,0.01577150821685791,-0.6030571684241295,-0.18457028083503246,-0.07308019325137138,0.18620206788182259
-0.3181603066623211,-0.028603877872228622,0.2239433154463768,0.01577150821685791,-0.6030571684241295,-0.18457028083503246,-0.07308019325137138,0.18620206788182259
-0.3181603066623211,-0.028603877872228622,0.2239433154463768,0.01577150821685791,-0.6030571684241295,-0.18457028083503246,-0.07308019325137138,0.18620206788182259
-0.3181603066623211,-0.028603877872228622,0.2239433154463768,0.01577150821685791,-0.6030571684241295,-0.18457028083503246,-0.07308019325137138,0.18620206788182259
-0.3181603066623211,-0.028603877872228622,0.2239433154463768,0.01577150821685791,-0.6030571684241295,-0.18457028083503246,-0.07308019325137138,0.18620206788182259
-0.3181603066623211,-0.028603877872228622,0.2239433154463768,0.01577150821685791,-0.6030571684241295,-0.18457028083503246,-0.07308019325137138,0.18620206788182259
-0.3181603066623211,-0.028603877872228622,0.2239433154463768,0.01577150821685791,-0.6030571684241295,-0.18457028083503246,-0.07308019325137138,0.18620206788182259
-0.3181603066623211,-0.028603877872228622,0.2239433154463768,0.01577150821685791,-0.6030571684241295,-0.18457028083503246,-0.07308019325137138,0.18620206788182259
-0.3181603066623211,-0.028603877872228622,0.2239433154463768,0.01577150821685791,-0.6030571684241295,-0.18457028083503246,-0.07308019325137138,0.18620206788182259
-0.3181603066623211,-0.028603877872228622,0.2239433154463768,0.01577150821685791,-0.6030571684241295,-0.18457028083503246,-0.07308019325137138,0.18620206788182259
-0.3181603066623211,-0.028603877872228622,0.2239433154463768,0.01577150821685791,-0.6030571684241295,-0.18457028083503246,-0.07308019325137138,0.18620206788182259
-0.3181603066623211,-0.028603877872228622,0.2239433154463768,0.01577150821685791,-0.6030571684241295,-0.18457028083503246,-0.07308019325137138,0.18620206788182259
-0.3181603066623211,-0.028603877872228622,0.2239433154463768,0.01577150821685791,-0.6030571684241295,-0.18457028083503246,-0.07308019325137138,0.18620206788182259
-0.3181603066623211,-0.028603877872228622,0.2239433154463768,0.01577150821685791,-0.6030571684241295,-0.18457028083503246,-0.07308019325137138,0.18620206788182259
-0.3181603066623211,-0.028603877872228622,0.2239433154463768,0.01577150821685791,-0.6030571684241295,-0.18457028083503246,-0.07308019325137138,0.18620206788182259
-0.3181603066623211,-0.028603877872228622,0.2239433154463768,0.01577150821685791,-0.6030571684241295,-0.18457028083503246,-0.07308019325137138,0.18620206788182259
-0.3181603066623211,-0.028603877872228622,0.2239433154463768,0.01577150821685791,-0.6030571684241295,-0.18457028083503246,-0.07308019325137138,0.18620206788182259
-0.3181603066623211,-0.028603877872228622,0.2239433154463768,0.01577150821685791,-0.6030571684241295,-0.18457028083503246,-0.07308019325137138,0.18620206788182259
-0.3181603066623211,-0.028603877872228622,0.2239433154463768,0.01577150821685791,-0.6030571684241295,-0.18457028083503246,-0.07308019325137138,0.18620206788182259
-0.3181603066623211,-0.028603877872228622,0.2239433154463768,0.01577150821685791,-0.6030571684241295,-0.18457028083503246,-0.07308019325137138,0.18620206788182259
-0.3181603066623211,-0.028603877872228622,0.2239433154463768,0.01577150821685791,-0.6030571684241295,-0.18457028083503246,-0.07308019325137138,0.18620206788182259
-0.3181603066623211,-0.028603877872228622,0.2239433154463768,0.01577150821685791,-0.6030571684241295,-0.18457028083503246,-0.07308019325137138,0.18620206788182259
-0.3181603066623211,-0.028603877872228622,0.2239433154463768,0.01577150821685791,-0.6030571684241295,-0.18457028083503246,-0.07308019325137138,0.18620206788182259
-0.3181603066623211,-0.028603877872228622,0.2239433154463768,0.01577150821685791,-0.6030571684241295,-0.18457028083503246,-0.07308019325137138,0.18620206788182259
-0.3181603066623211,-0.028603877872228622,0.2239433154463768,0.01577150821685791,-0.6030571684241295,-0.18457028083503246,-0.07308019325137138,0.18620206788182259
-0.3181603066623211,-0.028603877872228622,0.2239433154463768,0.01577150821685791,-0.6030571684241295,-0.18457028083503246,-0.07308019325137138,0.18620206788182259
-0.3181603066623211,-0.028603877872228622,0.2239433154463768,0.01577150821685791,-0.6030571684241295,-0.18457028083503246,-0.07308019325137138,0.18620206788182259
-0.3181603066623211,-0.028603877872228622,0.2239433154463768,0.01577150821685791,-0.6030571684241295,-0.18457028083503246,-0.07308019325137138,0.18620206788182259
-0.3181603066623211,-0.028603877872228622,0.2239433154463768,0.01577150821685791,-0.6030571684241295,-0.18457028083503246,-0.07308019325137138,0.18620206788182259
-0.3181603066623211,-0.028603877872228622,0.2239433154463768,0.01577150821685791,-0.6030571684241295,-0.18457028083503246,-0.07308019325137138,0.18620206788182259
-0.3181603066623211,-0.028603877872228622,0.2239433154463768,0.01577150821685791,-0.6030571684241295,-0.18457028083503246,-0.07308019325137138,0.18620206788182259
-0.3181603066623211,-0.028603877872228622,0.2239433154463768,0.01577150821685791,-0.6030571684241295,-0.18457028083503246,-0.07308019325137138,0.18620206788182259
-0.3181603066623211,-0.028603877872228622,0.2239433154463768,0.01577150821685791,-0.6030571684241295,-0.18457028083503246,-0.07308019325137138,0.18620206788182259
-0.3181603066623211,-0.028603877872228622,0.2239433154463768,0.01577150821685791,-0.6030571684241295,-0.18457028083503246,-0.07308019325137138,0.18620206788182259
-0.3181603066623211,-0.028603877872228622,0.2239433154463768,0.01577150821685791,-0.6030571684241295,-0.18457028083503246,-0.07308019325137138,0.18620206788182259
-0.3181603066623211,-0.028603877872228622,0.2239433154463768,0.01577150821685791,-0.6030571684241295,-0.18457028083503246,-0.07308019325137138,0.18620206788182259
-0.3181603066623211,-0.028603877872228622,0.2239433154463768,0.01577150821685791,-0.6030571684241295,-0.18457028083503246,-0.07308019325137138,0.18620206788182259
-0.3181603066623211,-0.028603877872228622,0.2239433154463768,0.01577150821685791,-0.6030571684241295,-0.18457028083503246,-0.07308019325137138,0.18620206788182259
-0.3181603066623211,-0.028603877872228622,0.2239433154463768,0.01577150821685791,-0.6030571684241295,-0.18457028083503246,-0.07308019325137138,0.18620206788182259
-0.3181603066623211,-0.028603877872228622,0.2239433154463768,0.01577150821685791,-0.6030571684241295,-0.18457028083503246,-0.07308019325137138,0.18620206788182259
-0.3181603066623211,-0.028603877872228622,0.2239433154463768,0.01577150821685791,-0.6030571684241295,-0.18457028083503246,-0.07308019325137138,0.18620206788182259
-0.3181603066623211,-0.028603877872228622,0.2239433154463768,0.01577150821685791,-0.6030571684241295,-0.18457028083503246,-0.07308019325137138,0.18620206788182259
-0.3181603066623211,-0.028603877872228622,0.2239433154463768,0.01577150821685791,-0.6030571684241295,-0.18457028083503246,-0.07308019325137138,0.18620206788182259
-0.3181603066623211,-0.028603877872228622,0.2239433154463768,0.01577150821685791,-0.6030571684241295,-0.18457028083503246,-0.07308019325137138,0.18620206788182259
-0.3181603066623211,-0.028603877872228622,0.2239433154463768,0.01577150821685791,-0.6030571684241295,-0.18457028083503246,-0.07308019325137138,0.18620206788182259
-0.3181603066623211,-0.028603877872228622,0.2239433154463768,0.01577150821685791,-0.6030571684241295,-0.18457028083503246,-0.07308019325137138,0.18620206788182259
-0.3181603066623211,-0.028603877872228622,0.2239433154463768,0.01577150821685791,-0.6030571684241295,-0.18457028083503246,-0.07308019325137138,0.18620206788182259
-0.3181603066623211,-0.028603877872228622,0.2239433154463768,0.01577150821685791,-0.6030571684241295,-0.18457028083503246,-0.07308019325137138,0.18620206788182259
-0.3181603066623211,-0.028603877872228622,0.2239433154463768,0.01577150821685791,-0.6030571684241295,-0.18457028083503246,-0.07308019325137138,0.18620206788182259
-0.3181603066623211,-0.028603877872228622,0.2239433154463768,0.01577150821685791,-0.6030571684241295,-0.18457028083503246,-0.07308019325137138,0.18620206788182259
-0.3181603066623211,-0.028603877872228622,0.2239433154463768,0.01577150821685791,-0.6030571684241295,-0.18457028083503246,-0.07308019325137138,0.18620206788182259
-0.3181603066623211,-0.028603877872228622,0.2239433154463768,0.01577150821685791,-0.6030571684241295,-0.18457028083503246,-0.07308019325137138,0.18620206788182259
-0.3181603066623211,-0.028603877872228622,0.2239433154463768,0.01577150821685791,-0.6030571684241295,-0.18457028083503246,-0.07308019325137138,0.18620206788182259
-0.3181603066623211,-0.028603877872228622,0.2239433154463768,0.01577150821685791,-0.6030571684241295,-0.18457028083503246,-0.07308019325137138,0.18620206788182259
-0.3181603066623211,-0.028603877872228622,0.2239433154463768,0.01577150821685791,-0.6030571684241295,-0.18457028083503246,-0.07308019325137138,0.18620206788182259
-0.3181603066623211,-0.028603877872228622,0.2239433154463768,0.01577150821685791,-0.6030571684241295,-0.18457028083503246,-0.07308019325137138,0.18620206788182259
-0.3181603066623211,-0.028603877872228622,0.2239433154463768,0.01577150821685791,-0.6030571684241295,-0.18457028083503246,-0.07308019325137138,0.18620206788182259
-0.3181603066623211,-0.028603877872228622,0.2239433154463768,0.01577150821685791,-0.6030571684241295,-0.18457028083503246,-0.07308019325137138,0.18620206788182259
-0.3181603066623211,-0.028603877872228622,0.2239433154463768,0.01577150821685791,-0.6030571684241295,-0.18457028083503246,-0.07308019325137138,0.18620206788182259
-0.3181603066623211,-0.028603877872228622,0.2239433154463768,0.01577150821685791,-0.6030571684241295,-0.18457028083503246,-0.07308019325137138,0.18620206788182259
-0.3181603066623211,-0.028603877872228622,0.2239433154463768,0.01577150821685791,-0.6030571684241295,-0.18457028083503246,-0.07308019325137138,0.18620206788182259
-0.3181603066623211,-0.028603877872228622,0.2239433154463768,0.01577150821685791,-0.6030571684241295,-0.18457028083503246,-0.07308019325137138,0.18620206788182259
-0.3181603066623211,-0.028603877872228622,0.2239433154463768,0.01577150821685791,-0.6030571684241295,-0.18457028083503246,-0.07308019325137138,0.18620206788182259
-0.3181603066623211,-0.028603877872228622,0.2239433154463768,0.01577150821685791,-0.6030571684241295,-0.18457028083503246,-0.07308019325137138,0.18620206788182259
-0.3181603066623211,-0.028603877872228622,0.2239433154463768,0.01577150821685791,-0.6030571684241295,-0.18457028083503246,-0.07308019325137138,0.18620206788182259
-0.3181603066623211,-0.028603877872228622,0.2239433154463768,0.01577150821685791,-0.6030571684241295,-0.18457028083503246,-0.07308019325137138,0.18620206788182259
-0.3181603066623211,-0.028603877872228622,0.2239433154463768,0.01577150821685791,-0.6030571684241295,-0.18457028083503246,-0.07308019325137138,0.18620206788182259
-0.3181603066623211,-0.028603877872228622,0.2239433154463768,0.01577150821685791,-0.6030571684241295,-0.18457028083503246,-0.07308019325137138,0.18620206788182259
-0.3181603066623211,-0.028603877872228622,0.2239433154463768,0.01577150821685791,-0.6030571684241295,-0.18457028083503246,-0.07308019325137138,0.18620206788182259
-0.3181603066623211,-0.028603877872228622,0.2239433154463768,0.01577150821685791,-0.6030571684241295,-0.18457028083503246,-0.07308019325137138,0.18620206788182259
-0.3181603066623211,-0.028603877872228622,0.2239433154463768,0.01577150821685791,-0.6030571684241295,-0.18457028083503246,-0.07308019325137138,0.18620206788182259
-0.3181603066623211,-0.028603877872228622,0.2239433154463768,0.01577150821685791,-0.6030571684241295,-0.18457028083503246,-0.07308019325137138,0.18620206788182259
-0.3181603066623211,-0.028603877872228622,0.2239433154463768,0.01577150821685791,-0.6030571684241295,-0.18457028083503246,-0.07308019325137138,0.18620206788182259
-0.3181603066623211,-0.028603877872228622,0.2239433154463768,0.01577150821685791,-0.6030571684241295,-0.18457028083503246,-0.07308019325137138,0.18620206788182259
-0.3181603066623211,-0.028603877872228622,0.2239433154463768,0.01577150821685791,-0.6030571684241295,-0.18457028083503246,-0.07308019325137138,0.18620206788182259
-0.3181603066623211,-0.028603877872228622,0.2239433154463768,0.01577150821685791,-0.6030571684241295,-0.18457028083503246,-0.07308019325137138,0.18620206788182259
-0.3181603066623211,-0.028603877872228622,0.2239433154463768,0.01577150821685791,-0.6030571684241295,-0.18457028083503246,-0.07308019325137138,0.18620206788182259
-0.3181603066623211,-0.028603877872228622,0.2239433154463768,0.01577150821685791,-0.6030571684241295,-0.18457028083503246,-0.07308019325137138,0.18620206788182259
-0.3181603066623211,-0.028603877872228622,0.2239433154463768,0.01577150821685791,-0.6030571684241295,-0.18457028083503246,-0.07308019325137138,0.18620206788182259
-0.3181603066623211,-0.028603877872228622,0.2239433154463768,0.01577150821685791,-0.6030571684241295,-0.18457028083503246,-0.07308019325137138,0.18620206788182259
-0.3181603066623211,-0.028603877872228622,0.2239433154463768,0.01577150821685791,-0.6030571684241295,-0.18457028083503246,-0.07308019325137138,0.18620206788182259
-0.3181603066623211,-0.028603877872228622,0.2239433154463768,0.01577150821685791,-0.6030571684241295,-0.18457028083503246,-0.07308019325137138,0.18620206788182259
-0.3181603066623211,-0.028603877872228622,0.2239433154463768,0.01577150821685791,-0.6030571684241295,-0.18457028083503246,-0.07308019325137138,0.18620206788182259
-0.3181603066623211,-0.028603877872228622,0.2239433154463768,0.01577150821685791,-0.6030571684241295,-0.18457028083503246,-0.07308019325137138,0.18620206788182259
-0.3181603066623211,-0.028603877872228622,0.2239433154463768,0.01577150821685791,-0.6030571684241295,-0.18457028083503246,-0.07308019325137138,0.18620206788182259
-0.3181603066623211,-0.028603877872228622,0.2239433154463768,0.01577150821685791,-0.6030571684241295,-0.18457028083503246,-0.07308019325137138,0.18620206788182259
-0.3181603066623211,-0.028603877872228622,0.2239433154463768,0.01577150821685791,-0.6030571684241295,-0.18457028083503246,-0.07308019325137138,0.18620206788182259
-0.3181603066623211,-0.028603877872228622,0.2239433154463768,0.01577150821685791,-0.6030571684241295,-0.18457028083503246,-0.07308019325137138,0.18620206788182259
-0.3181603066623211,-0.028603877872228622,0.2239433154463768,0.01577150821685791,-0.6030571684241295,-0.18457028083503246,-0.07308019325137138,0.18620206788182259
-0.3181603066623211,-0.028603877872228622,0.2239433154463768,0.01577150821685791,-0.6030571684241295,-0.18457028083503246,-0.07308019325137138,0.18620206788182259
-0.3181603066623211,-0.028603877872228622,0.2239433154463768,0.01577150821685791,-0.6030571684241295,-0.18457028083503246,-0.07308019325137138,0.18620206788182259
-0.3181603066623211,-0.028603877872228622,0.2239433154463768,0.01577150821685791,-0.6030571684241295,-0.18457028083503246,-0.07308019325137138,0.18620206788182259
-0.3181603066623211,-0.028603877872228622,0.2239433154463768,0.01577150821685791,-0.6030571684241295,-0.18457028083503246,-0.07308019325137138,0.18620206788182259
-0.3181603066623211,-0.028603877872228622,0.2239433154463768,0.01577150821685791,-0.6030571684241295,-0.18457028083503246,-0.07308019325137138,0.18620206788182259
-0.3181603066623211,-0.028603877872228622,0.2239433154463768,0.01577150821685791,-0.6030571684241295,-0.18457028083503246,-0.07308019325137138,0.18620206788182259
-0.3181603066623211,-0.028603877872228622,0.2239433154463768,0.01577150821685791,-0.6030571684241295,-0.18457028083503246,-0.07308019325137138,0.18620206788182259
-0.3181603066623211,-0.028603877872228622,0.2239433154463768,0.01577150821685791,-0.6030571684241295,-0.18457028083503246,-0.07308019325137138,0.18620206788182259
-0.3181603066623211,-0.028603877872228622,0.2239433154463768,0.01577150821685791,-0.6030571684241295,-0.18457028083503246,-0.07308019325137138,0.18620206788182259
-0.3181603066623211,-0.028603877872228622,0.2239433154463768,0.01577150821685791,-0.6030571684241295,-0.18457028083503246,-0.07308019325137138,0.18620206788182259
-0.3181603066623211,-0.028603877872228622,0.2239433154463768,0.01577150821685791,-0.6030571684241295,-0.18457028083503246,-0.07308019325137138,0.18620206788182259
-0.3181603066623211,-0.028603877872228622,0.2239433154463768,0.01577150821685791,-0.6030571684241295,-0.18457028083503246,-0.07308019325137138,0.18620206788182259
-0.3181603066623211,-0.028603877872228622,0.2239433154463768,0.01577150821685791,-0.6030571684241295,-0.18457028083503246,-0.07308019325137138,0.18620206788182259
-0.3181603066623211,-0.028603877872228622,0.2239433154463768,0.01577150821685791,-0.6030571684241295,-0.18457028083503246,-0.07308019325137138,0.18620206788182259
-0.3181603066623211,-0.028603877872228622,0.2239433154463768,0.01577150821685791,-0.6030571684241295,-0.18457028083503246,-0.07308019325137138,0.18620206788182259
-0.3181603066623211,-0.028603877872228622,0.2239433154463768,0.01577150821685791,-0.6030571684241295,-0.18457028083503246,-0.07308019325137138,0.18620206788182259
-0.3181603066623211,-0.028603877872228622,0.2239433154463768,0.01577150821685791,-0.6030571684241295,-0.18457028083503246,-0.07308019325137138,0.18620206788182259
-0.3181603066623211,-0.028603877872228622,0.2239433154463768,0.01577150821685791,-0.6030571684241295,-0.18457028083503246,-0.07308019325137138,0.18620206788182259
-0.3181603066623211,-0.028603877872228622,0.2239433154463768,0.01577150821685791,-0.6030571684241295,-0.18457028083503246,-0.07308019325137138,0.18620206788182259
-0.3181603066623211,-0.028603877872228622,0.2239433154463768,0.01577150821685791,-0.6030571684241295,-0.18457028083503246,-0.07308019325137138,0.18620206788182259
-0.3181603066623211,-0.028603877872228622,0.2239433154463768,0.01577150821685791,-0.6030571684241295,-0.18457028083503246,-0.07308019325137138,0.18620206788182259
-0.3181603066623211,-0.028603877872228622,0.2239433154463768,0.01577150821685791,-0.6030571684241295,-0.18457028083503246,-0.07308019325137138,0.18620206788182259
-0.3181603066623211,-0.028603877872228622,0.2239433154463768,0.01577150821685791,-0.6030571684241295,-0.18457028083503246,-0.07308019325137138,0.18620206788182259
-0.3181603066623211,-0.028603877872228622,0.2239433154463768,0.01577150821685791,-0.6030571684241295,-0.18457028083503246,-0.07308019325137138,0.18620206788182259
-0.3181603066623211,-0.028603877872228622,0.2239433154463768,0.01577150821685791,-0.6030571684241295,-0.18457028083503246,-0.07308019325137138,0.18620206788182259
-0.3181603066623211,-0.028603877872228622,0.2239433154463768,0.01577150821685791,-0.6030571684241295,-0.18457028083503246,-0.07308019325137138,0.18620206788182259
-0.3181603066623211,-0.028603877872228622,0.2239433154463768,0.01577150821685791,-0.6030571684241295,-0.18457028083503246,-0.07308019325137138,0.18620206788182259
-0.3181603066623211,-0.028603877872228622,0.2239433154463768,0.01577150821685791,-0.6030571684241295,-0.18457028083503246,-0.07308019325137138,0.18620206788182259
-0.3181603066623211,-0.028603877872228622,0.2239433154463768,0.01577150821685791,-0.6030571684241295,-0.18457028083503246,-0.07308019325137138,0.18620206788182259
-0.3181603066623211,-0.028603877872228622,0.2239433154463768,0.01577150821685791,-0.6030571684241295,-0.18457028083503246,-0.07308019325137138,0.18620206788182259
-0.3181603066623211,-0.028603877872228622,0.2239433154463768,0.01577150821685791,-0.6030571684241295,-0.18457028083503246,-0.07308019325137138,0.18620206788182259
-0.3181603066623211,-0.028603877872228622,0.2239433154463768,0.01577150821685791,-0.6030571684241295,-0.18457028083503246,-0.07308019325137138,0.18620206788182259
-0.3181603066623211,-0.028603877872228622,0.2239433154463768,0.01577150821685791,-0.6030571684241295,-0.18457028083503246,-0.07308019325137138,0.18620206788182259
-0.3181603066623211,-0.028603877872228622,0.2239433154463768,0.01577150821685791,-0.6030571684241295,-0.18457028083503246,-0.07308019325137138,0.18620206788182259
-0.3181603066623211,-0.028603877872228622,0.2239433154463768,0.01577150821685791,-0.6030571684241295,-0.18457028083503246,-0.07308019325137138,0.18620206788182259
-0.3181603066623211,-0.028603877872228622,0.2239433154463768,0.01577150821685791,-0.6030571684241295,-0.18457028083503246,-0.07308019325137138,0.18620206788182259
-0.3181603066623211,-0.028603877872228622,0.2239433154463768,0.01577150821685791,-0.6030571684241295,-0.18457028083503246,-0.07308019325137138,0.18620206788182259
-0.3181603066623211,-0.028603877872228622,0.2239433154463768,0.01577150821685791,-0.6030571684241295,-0.18457028083503246,-0.07308019325137138,0.18620206788182259
-0.3181603066623211,-0.028603877872228622,0.2239433154463768,0.01577150821685791,-0.6030571684241295,-0.18457028083503246,-0.07308019325137138,0.18620206788182259
-0.3181603066623211,-0.028603877872228622,0.2239433154463768,0.01577150821685791,-0.6030571684241295,-0.18457028083503246,-0.07308019325137138,0.18620206788182259
-0.3181603066623211,-0.028603877872228622,0.2239433154463768,0.01577150821685791,-0.6030571684241295,-0.18457028083503246,-0.07308019325137138,0.18620206788182259
-0.3181603066623211,-0.028603877872228622,0.2239433154463768,0.01577150821685791,-0.6030571684241295,-0.18457028083503246,-0.07308019325137138,0.18620206788182259
-0.3181603066623211,-0.028603877872228622,0.2239433154463768,0.01577150821685791,-0.6030571684241295,-0.18457028083503246,-0.07308019325137138,0.18620206788182259
-0.3181603066623211,-0.028603877872228622,0.2239433154463768,0.01577150821685791,-0.6030571684241295,-0.18457028083503246,-0.07308019325137138,0.18620206788182259
-0.3181603066623211,-0.028603877872228622,0.2239433154463768,0.01577150821685791,-0.6030571684241295,-0.18457028083503246,-0.07308019325137138,0.18620206788182259
-0.3181603066623211,-0.028603877872228622,0.2239433154463768,0.01577150821685791,-0.6030571684241295,-0.18457028083503246,-0.07308019325137138,0.18620206788182259
-0.3181603066623211,-0.028603877872228622,0.2239433154463768,0.01577150821685791,-0.6030571684241295,-0.18457028083503246,-0.07308019325137138,0.18620206788182259
-0.3181603066623211,-0.028603877872228622,0.2239433154463768,0.01577150821685791,-0.6030571684241295,-0.18457028083503246,-0.07308019325137138,0.18620206788182259
-0.3181603066623211,-0.028603877872228622,0.2239433154463768,0.01577150821685791,-0.6030571684241295,-0.18457028083503246,-0.07308019325137138,0.18620206788182259
-0.3181603066623211,-0.028603877872228622,0.2239433154463768,0.01577150821685791,-0.6030571684241295,-0.18457028083503246,-0.07308019325137138,0.18620206788182259
-0.3181603066623211,-0.028603877872228622,0.2239433154463768,0.01577150821685791,-0.6030571684241295,-0.18457028083503246,-0.07308019325137138,0.18620206788182259
-0.3181603066623211,-0.028603877872228622,0.2239433154463768,0.01577150821685791,-0.6030571684241295,-0.18457028083503246,-0.07308019325137138,0.18620206788182259
-0.3181603066623211,-0.028603877872228622,0.2239433154463768,0.01577150821685791,-0.6030571684241295,-0.18457028083503246,-0.07308019325137138,0.18620206788182259
-0.3181603066623211,-0.028603877872228622,0.2239433154463768,0.01577150821685791,-0.6030571684241295,-0.18457028083503246,-0.07308019325137138,0.18620206788182259
-0.3181603066623211,-0.028603877872228622,0.2239433154463768,0.01577150821685791,-0.6030571684241295,-0.18457028083503246,-0.07308019325137138,0.18620206788182259
-0.3181603066623211,-0.028603877872228622,0.2239433154463768,0.01577150821685791,-0.6030571684241295,-0.18457028083503246,-0.07308019325137138,0.18620206788182259
-0.3181603066623211,-0.028603877872228622,0.2239433154463768,0.01577150821685791,-0.6030571684241295,-0.18457028083503246,-0.07308019325137138,0.18620206788182259
-0.3181603066623211,-0.028603877872228622,0.2239433154463768,0.01577150821685791,-0.6030571684241295,-0.18457028083503246,-0.07308019325137138,0.18620206788182259
-0.3181603066623211,-0.028603877872228622,0.2239433154463768,0.01577150821685791,-0.6030571684241295,-0.18457028083503246,-0.07308019325137138,0.18620206788182259
-0.3181603066623211,-0.028603877872228622,0.2239433154463768,0.01577150821685791,-0.6030571684241295,-0.18457028083503246,-0.07308019325137138,0.18620206788182259
-0.3181603066623211,-0.028603877872228622,0.2239433154463768,0.01577150821685791,-0.6030571684241295,-0.18457028083503246,-0.07308019325137138,0.18620206788182259
-0.3181603066623211,-0.028603877872228622,0.2239433154463768,0.01577150821685791,-0.6030571684241295,-0.18457028083503246,-0.07308019325137138,0.18620206788182259
-0.3181603066623211,-0.028603877872228622,0.2239433154463768,0.01577150821685791,-0.6030571684241295,-0.18457028083503246,-0.07308019325137138,0.18620206788182259
-0.3181603066623211,-0.028603877872228622,0.2239433154463768,0.01577150821685791,-0.6030571684241295,-0.18457028083503246,-0.07308019325137138,0.18620206788182259
-0.3181603066623211,-0.028603877872228622,0.2239433154463768,0.01577150821685791,-0.6030571684241295,-0.18457028083503246,-0.07308019325137138,0.18620206788182259
-0.3181603066623211,-0.028603877872228622,0.2239433154463768,0.01577150821685791,-0.6030571684241295,-0.18457028083503246,-0.07308019325137138,0.18620206788182259
-0.3181603066623211,-0.028603877872228622,0.2239433154463768,0.01577150821685791,-0.6030571684241295,-0.18457028083503246,-0.07308019325137138,0.18620206788182259
-0.3181603066623211,-0.028603877872228622,0.2239433154463768,0.01577150821685791,-0.6030571684241295,-0.18457028083503246,-0.07308019325137138,0.18620206788182259
-0.3181603066623211,-0.028603877872228622,0.2239433154463768,0.01577150821685791,-0.6030571684241295,-0.18457028083503246,-0.07308019325137138,0.18620206788182259
-0.3181603066623211,-0.028603877872228622,0.2239433154463768,0.01577150821685791,-0.6030571684241295,-0.18457028083503246,-0.07308019325137138,0.18620206788182259
-0.3181603066623211,-0.028603877872228622,0.2239433154463768,0.01577150821685791,-0.6030571684241295,-0.18457028083503246,-0.07308019325137138,0.18620206788182259
-0.3181603066623211,-0.028603877872228622,0.2239433154463768,0.01577150821685791,-0.6030571684241295,-0.18457028083503246,-0.07308019325137138,0.18620206788182259
-0.3181603066623211,-0.028603877872228622,0.2239433154463768,0.01577150821685791,-0.6030571684241295,-0.18457028083503246,-0.07308019325137138,0.18620206788182259
-0.3181603066623211,-0.028603877872228622,0.2239433154463768,0.01577150821685791,-0.6030571684241295,-0.18457028083503246,-0.07308019325137138,0.18620206788182259
-0.3181603066623211,-0.028603877872228622,0.2239433154463768,0.01577150821685791,-0.6030571684241295,-0.18457028083503246,-0.07308019325137138,0.18620206788182259
-0.3181603066623211,-0.028603877872228622,0.2239433154463768,0.01577150821685791,-0.6030571684241295,-0.18457028083503246,-0.07308019325137138,0.18620206788182259
-0.3181603066623211,-0.028603877872228622,0.2239433154463768,0.01577150821685791,-0.6030571684241295,-0.18457028083503246,-0.07308019325137138,0.18620206788182259
-0.3181603066623211,-0.028603877872228622,0.2239433154463768,0.01577150821685791,-0.6030571684241295,-0.18457028083503246,-0.07308019325137138,0.18620206788182259
-0.3181603066623211,-0.028603877872228622,0.2239433154463768,0.01577150821685791,-0.6030571684241295,-0.18457028083503246,-0.07308019325137138,0.18620206788182259
-0.3181603066623211,-0.028603877872228622,0.2239433154463768,0.01577150821685791,-0.6030571684241295,-0.18457028083503246,-0.07308019325137138,0.18620206788182259
-0.3181603066623211,-0.028603877872228622,0.2239433154463768,0.01577150821685791,-0.6030571684241295,-0.18457028083503246,-0.07308019325137138,0.18620206788182259
-0.3181603066623211,-0.028603877872228622,0.2239433154463768,0.01577150821685791,-0.6030571684241295,-0.18457028083503246,-0.07308019325137138,0.18620206788182259
-0.3181603066623211,-0.028603877872228622,0.2239433154463768,0.01577150821685791,-0.6030571684241295,-0.18457028083503246,-0.07308019325137138,0.18620206788182259
-0.3181603066623211,-0.028603877872228622,0.2239433154463768,0.01577150821685791,-0.6030571684241295,-0.18457028083503246,-0.07308019325137138,0.18620206788182259
-0.3181603066623211,-0.028603877872228622,0.2239433154463768,0.01577150821685791,-0.6030571684241295,-0.18457028083503246,-0.07308019325137138,0.18620206788182259
-0.3181603066623211,-0.028603877872228622,0.2239433154463768,0.01577150821685791,-0.6030571684241295,-0.18457028083503246,-0.07308019325137138,0.18620206788182259
-0.3181603066623211,-0.028603877872228622,0.2239433154463768,0.01577150821685791,-0.6030571684241295,-0.18457028083503246,-0.07308019325137138,0.18620206788182259
-0.3181603066623211,-0.028603877872228622,0.2239433154463768,0.01577150821685791,-0.6030571684241295,-0.18457028083503246,-0.07308019325137138,0.18620206788182259
-0.3181603066623211,-0.028603877872228622,0.2239433154463768,0.01577150821685791,-0.6030571684241295,-0.18457028083503246,-0.07308019325137138,0.18620206788182259
-0.3181603066623211,-0.028603877872228622,0.2239433154463768,0.01577150821685791,-0.6030571684241295,-0.18457028083503246,-0.07308019325137138,0.18620206788182259
-0.3181603066623211,-0.028603877872228622,0.2239433154463768,0.01577150821685791,-0.6030571684241295,-0.18457028083503246,-0.07308019325137138,0.18620206788182259
-0.3181603066623211,-0.028603877872228622,0.2239433154463768,0.01577150821685791,-0.6030571684241295,-0.18457028083503246,-0.07308019325137138,0.18620206788182259
-0.3181603066623211,-0.028603877872228622,0.2239433154463768,0.01577150821685791,-0.6030571684241295,-0.18457028083503246,-0.07308019325137138,0.18620206788182259
-0.3181603066623211,-0.028603877872228622,0.2239433154463768,0.01577150821685791,-0.6030571684241295,-0.18457028083503246,-0.07308019325137138,0.18620206788182259
-0.3181603066623211,-0.028603877872228622,0.2239433154463768,0.01577150821685791,-0.6030571684241295,-0.18457028083503246,-0.07308019325137138,0.18620206788182259
-0.3181603066623211,-0.028603877872228622,0.2239433154463768,0.01577150821685791,-0.6030571684241295,-0.18457028083503246,-0.07308019325137138,0.18620206788182259
-0.3181603066623211,-0.028603877872228622,0.2239433154463768,0.01577150821685791,-0.6030571684241295,-0.18457028083503246,-0.07308019325137138,0.18620206788182259
-0.3181603066623211,-0.028603877872228622,0.2239433154463768,0.01577150821685791,-0.6030571684241295,-0.18457028083503246,-0.07308019325137138,0.18620206788182259
-0.3181603066623211,-0.028603877872228622,0.2239433154463768,0.01577150821685791,-0.6030571684241295,-0.18457028083503246,-0.07308019325137138,0.18620206788182259
-0.3181603066623211,-0.028603877872228622,0.2239433154463768,0.01577150821685791,-0.6030571684241295,-0.18457028083503246,-0.07308019325137138,0.18620206788182259
-0.3181603066623211,-0.028603877872228622,0.2239433154463768,0.01577150821685791,-0.6030571684241295,-0.18457028083503246,-0.07308019325137138,0.18620206788182259
-0.3181603066623211,-0.028603877872228622,0.2239433154463768,0.01577150821685791,-0.6030571684241295,-0.18457028083503246,-0.07308019325137138,0.18620206788182259
-0.3181603066623211,-0.028603877872228622,0.2239433154463768,0.01577150821685791,-0.6030571684241295,-0.18457028083503246,-0.07308019325137138,0.18620206788182259
-0.3181603066623211,-0.028603877872228622,0.2239433154463768,0.01577150821685791,-0.6030571684241295,-0.18457028083503246,-0.07308019325137138,0.18620206788182259
-0.3181603066623211,-0.028603877872228622,0.2239433154463768,0.01577150821685791,-0.6030571684241295,-0.18457028083503246,-0.07308019325137138,0.18620206788182259
-0.3181603066623211,-0.028603877872228622,0.2239433154463768,0.01577150821685791,-0.6030571684241295,-0.18457028083503246,-0.07308019325137138,0.18620206788182259
-0.3181603066623211,-0.028603877872228622,0.2239433154463768,0.01577150821685791,-0.6030571684241295,-0.18457028083503246,-0.07308019325137138,0.18620206788182259
-0.3181603066623211,-0.028603877872228622,0.2239433154463768,0.01577150821685791,-0.6030571684241295,-0.18457028083503246,-0.07308019325137138,0.18620206788182259
-0.3181603066623211,-0.028603877872228622,0.2239433154463768,0.01577150821685791,-0.6030571684241295,-0.18457028083503246,-0.07308019325137138,0.18620206788182259
-0.3181603066623211,-0.028603877872228622,0.2239433154463768,0.01577150821685791,-0.6030571684241295,-0.18457028083503246,-0.07308019325137138,0.18620206788182259
-0.3181603066623211,-0.028603877872228622,0.2239433154463768,0.01577150821685791,-0.6030571684241295,-0.18457028083503246,-0.07308019325137138,0.18620206788182259
-0.3181603066623211,-0.028603877872228622,0.2239433154463768,0.01577150821685791,-0.6030571684241295,-0.18457028083503246,-0.07308019325137138,0.18620206788182259
-0.3181603066623211,-0.028603877872228622,0.2239433154463768,0.01577150821685791,-0.6030571684241295,-0.18457028083503246,-0.07308019325137138,0.18620206788182259
-0.3181603066623211,-0.028603877872228622,0.2239433154463768,0.01577150821685791,-0.6030571684241295,-0.18457028083503246,-0.07308019325137138,0.18620206788182259
-0.3181603066623211,-0.028603877872228622,0.2239433154463768,0.01577150821685791,-0.6030571684241295,-0.18457028083503246,-0.07308019325137138,0.18620206788182259
-0.3181603066623211,-0.028603877872228622,0.2239433154463768,0.01577150821685791,-0.6030571684241295,-0.18457028083503246,-0.07308019325137138,0.18620206788182259
-0.3181603066623211,-0.028603877872228622,0.2239433154463768,0.01577150821685791,-0.6030571684241295,-0.18457028083503246,-0.07308019325137138,0.18620206788182259
-0.3181603066623211,-0.028603877872228622,0.2239433154463768,0.01577150821685791,-0.6030571684241295,-0.18457028083503246,-0.07308019325137138,0.18620206788182259
-0.3181603066623211,-0.028603877872228622,0.2239433154463768,0.01577150821685791,-0.6030571684241295,-0.18457028083503246,-0.07308019325137138,0.18620206788182259
0.27154239018758136,-0.6272793461879095,0.13991622626781464,0.38571728269259137,0.39856574436028797,-0.7014063348372778,0.12781567374865213,0.47774853308995563
-0.3181603066623211,-0.028603877872228622,0.2239433154463768,0.01577150821685791,-0.6030571684241295,-0.18457028083503246,-0.07308019325137138,0.18620206788182259
-0.3181603066623211,-0.028603877872228622,0.2239433154463768,0.01577150821685791,-0.6030571684241295,-0.18457028083503246,-0.07308019325137138,0.18620206788182259
-0.3181603066623211,-0.028603877872228622,0.2239433154463768,0.01577150821685791,-0.6030571684241295,-0.18457028083503246,-0.07308019325137138,0.18620206788182259
-0.3181603066623211,-0.028603877872228622,0.2239433154463768,0.01577150821685791,-0.6030571684241295,-0.18457028083503246,-0.07308019325137138,0.18620206788182259
-0.3181603066623211,-0.028603877872228622,0.2239433154463768,0.01577150821685791,-0.6030571684241295,-0.18457028083503246,-0.07308019325137138,0.18620206788182259
-0.3181603066623211,-0.028603877872228622,0.2239433154463768,0.01577150821685791,-0.6030571684241295,-0.18457028083503246,-0.07308019325137138,0.18620206788182259
-0.3181603066623211,-0.028603877872228622,0.2239433154463768,0.01577150821685791,-0.6030571684241295,-0.18457028083503246,-0.07308019325137138,0.18620206788182259
-0.3181603066623211,-0.028603877872228622,0.2239433154463768,0.01577150821685791,-0.6030571684241295,-0.18457028083503246,-0.07308019325137138,0.18620206788182259
-0.3181603066623211,-0.028603877872228622,0.2239433154463768,0.01577150821685791,-0.6030571684241295,-0.18457028083503246,-0.07308019325137138,0.18620206788182259
-0.3181603066623211,-0.028603877872228622,0.2239433154463768,0.01577150821685791,-0.6030571684241295,-0.18457028083503246,-0.07308019325137138,0.18620206788182259
-0.3181603066623211,-0.028603877872228622,0.2239433154463768,0.01577150821685791,-0.6030571684241295,-0.18457028083503246,-0.07308019325137138,0.18620206788182259
-0.3181603066623211,-0.028603877872228622,0.2239433154463768,0.01577150821685791,-0.6030571684241295,-0.18457028083503246,-0.07308019325137138,0.18620206788182259
-0.3181603066623211,-0.028603877872228622,0.2239433154463768,0.01577150821685791,-0.6030571684241295,-0.18457028083503246,-0.07308019325137138,0.18620206788182259
-0.3181603066623211,-0.028603877872228622,0.2239433154463768,0.01577150821685791,-0.6030571684241295,-0.18457028083503246,-0.07308019325137138,0.18620206788182259
-0.3181603066623211,-0.028603877872228622,0.2239433154463768,0.01577150821685791,-0.6030571684241295,-0.18457028083503246,-0.07308019325137138,0.18620206788182259
-0.3181603066623211,-0.028603877872228622,0.2239433154463768,0.01577150821685791,-0.6030571684241295,-0.18457028083503246,-0.07308019325137138,0.18620206788182259
-0.3181603066623211,-0.028603877872228622,0.2239433154463768,0.01577150821685791,-0.6030571684241295,-0.18457028083503246,-0.07308019325137138,0.18620206788182259
-0.3181603066623211,-0.028603877872228622,0.2239433154463768,0.01577150821685791,-0.6030571684241295,-0.18457028083503246,-0.07308019325137138,0.18620206788182259
-0.3181603066623211,-0.028603877872228622,0.2239433154463768,0.01577150821685791,-0.6030571684241295,-0.18457028083503246,-0.07308019325137138,0.18620206788182259
-0.3181603066623211,-0.028603877872228622,0.2239433154463768,0.01577150821685791,-0.6030571684241295,-0.18457028083503246,-0.07308019325137138,0.18620206788182259
-0.3181603066623211,-0.028603877872228622,0.2239433154463768,0.01577150821685791,-0.6030571684241295,-0.18457028083503246,-0.07308019325137138,0.18620206788182259
-0.3181603066623211,-0.028603877872228622,0.2239433154463768,0.01577150821685791,-0.6030571684241295,-0.18457028083503246,-0.07308019325137138,0.18620206788182259
-0.3181603066623211,-0.028603877872228622,0.2239433154463768,0.01577150821685791,-0.6030571684241295,-0.18457028083503246,-0.07308019325137138,0.18620206788182259
-0.3181603066623211,-0.028603877872228622,0.2239433154463768,0.01577150821685791,-0.6030571684241295,-0.18457028083503246,-0.07308019325137138,0.18620206788182259
-0.3181603066623211,-0.028603877872228622,0.2239433154463768,0.01577150821685791,-0.6030571684241295,-0.18457028083503246,-0.07308019325137138,0.18620206788182259
-0.3181603066623211,-0.028603877872228622,0.2239433154463768,0.01577150821685791,-0.6030571684241295,-0.18457028083503246,-0.07308019325137138,0.18620206788182259
-0.3181603066623211,-0.028603877872228622,0.2239433154463768,0.01577150821685791,-0.6030571684241295,-0.18457028083503246,-0.07308019325137138,0.18620206788182259
-0.3181603066623211,-0.028603877872228622,0.2239433154463768,0.01577150821685791,-0.6030571684241295,-0.18457028083503246,-0.07308019325137138,0.18620206788182259
-0.3181603066623211,-0.028603877872228622,0.2239433154463768,0.01577150821685791,-0.6030571684241295,-0.18457028083503246,-0.07308019325137138,0.18620206788182259
-0.3181603066623211,-0.028603877872228622,0.2239433154463768,0.01577150821685791,-0.6030571684241295,-0.18457028083503246,-0.07308019325137138,0.18620206788182259
-0.3181603066623211,-0.028603877872228622,0.2239433154463768,0.01577150821685791,-0.6030571684241295,-0.18457028083503246,-0.07308019325137138,0.18620206788182259
-0.3181603066623211,-0.028603877872228622,0.2239433154463768,0.01577150821685791,-0.6030571684241295,-0.18457028083503246,-0.07308019325137138,0.18620206788182259
-0.3181603066623211,-0.028603877872228622,0.2239433154463768,0.01577150821685791,-0.6030571684241295,-0.18457028083503246,-0.07308019325137138,0.18620206788182259
-0.3181603066623211,-0.028603877872228622,0.2239433154463768,0.01577150821685791,-0.6030571684241295,-0.18457028083503246,-0.07308019325137138,0.18620206788182259
-0.3181603066623211,-0.028603877872228622,0.2239433154463768,0.01577150821685791,-0.6030571684241295,-0.18457028083503246,-0.07308019325137138,0.18620206788182259
-0.3181603066623211,-0.028603877872228622,0.2239433154463768,0.01577150821685791,-0.6030571684241295,-0.18457028083503246,-0.07308019325137138,0.18620206788182259
-0.3181603066623211,-0.028603877872228622,0.2239433154463768,0.01577150821685791,-0.6030571684241295,-0.18457028083503246,-0.07308019325137138,0.18620206788182259
-0.3181603066623211,-0.028603877872228622,0.2239433154463768,0.01577150821685791,-0.6030571684241295,-0.18457028083503246,-0.07308019325137138,0.18620206788182259
-0.3181603066623211,-0.028603877872228622,0.2239433154463768,0.01577150821685791,-0.6030571684241295,-0.18457028083503246,-0.07308019325137138,0.18620206788182259
-0.3181603066623211,-0.028603877872228622,0.2239433154463768,0.01577150821685791,-0.6030571684241295,-0.18457028083503246,-0.07308019325137138,0.18620206788182259
-0.3181603066623211,-0.028603877872228622,0.2239433154463768,0.01577150821685791,-0.6030571684241295,-0.18457028083503246,-0.07308019325137138,0.18620206788182259
-0.3181603066623211,-0.028603877872228622,0.2239433154463768,0.01577150821685791,-0.6030571684241295,-0.18457028083503246,-0.07308019325137138,0.18620206788182259
-0.3181603066623211,-0.028603877872228622,0.2239433154463768,0.01577150821685791,-0.6030571684241295,-0.18457028083503246,-0.07308019325137138,0.18620206788182259
-0.3181603066623211,-0.028603877872228622,0.2239433154463768,0.01577150821685791,-0.6030571684241295,-0.18457028083503246,-0.07308019325137138,0.18620206788182259
-0.3181603066623211,-0.028603877872228622,0.2239433154463768,0.01577150821685791,-0.6030571684241295,-0.18457028083503246,-0.07308019325137138,0.18620206788182259
-0.3181603066623211,-0.028603877872228622,0.2239433154463768,0.01577150821685791,-0.6030571684241295,-0.18457028083503246,-0.07308019325137138,0.18620206788182259
-0.3181603066623211,-0.028603877872228622,0.2239433154463768,0.01577150821685791,-0.6030571684241295,-0.18457028083503246,-0.07308019325137138,0.18620206788182259
-0.3181603066623211,-0.028603877872228622,0.2239433154463768,0.01577150821685791,-0.6030571684241295,-0.18457028083503246,-0.07308019325137138,0.18620206788182259
-0.3181603066623211,-0.028603877872228622,0.2239433154463768,0.01577150821685791,-0.6030571684241295,-0.18457028083503246,-0.07308019325137138,0.18620206788182259
-0.3181603066623211,-0.028603877872228622,0.2239433154463768,0.01577150821685791,-0.6030571684241295,-0.18457028083503246,-0.07308019325137138,0.18620206788182259
-0.3181603066623211,-0.028603877872228622,0.2239433154463768,0.01577150821685791,-0.6030571684241295,-0.18457028083503246,-0.07308019325137138,0.18620206788182259
-0.3181603066623211,-0.028603877872228622,0.2239433154463768,0.01577150821685791,-0.6030571684241295,-0.18457028083503246,-0.07308019325137138,0.18620206788182259
-0.3181603066623211,-0.028603877872228622,0.2239433154463768,0.01577150821685791,-0.6030571684241295,-0.18457028083503246,-0.07308019325137138,0.18620206788182259
-0.3181603066623211,-0.028603877872228622,0.2239433154463768,0.01577150821685791,-0.6030571684241295,-0.18457028083503246,-0.07308019325137138,0.18620206788182259
-0.3181603066623211,-0.028603877872228622,0.2239433154463768,0.01577150821685791,-0.6030571684241295,-0.18457028083503246,-0.07308019325137138,0.18620206788182259
-0.3181603066623211,-0.028603877872228622,0.2239433154463768,0.01577150821685791,-0.6030571684241295,-0.18457028083503246,-0.07308019325137138,0.18620206788182259
-0.3181603066623211,-0.028603877872228622,0.2239433154463768,0.01577150821685791,-0.6030571684241295,-0.18457028083503246,-0.07308019325137138,0.18620206788182259
-0.3181603066623211,-0.028603877872228622,0.2239433154463768,0.01577150821685791,-0.6030571684241295,-0.18457028083503246,-0.07308019325137138,0.18620206788182259
-0.3181603066623211,-0.028603877872228622,0.2239433154463768,0.01577150821685791,-0.6030571684241295,-0.18457028083503246,-0.07308019325137138,0.18620206788182259
-0.3181603066623211,-0.028603877872228622,0.2239433154463768,0.01577150821685791,-0.6030571684241295,-0.18457028083503246,-0.07308019325137138,0.18620206788182259
-0.3181603066623211,-0.028603877872228622,0.2239433154463768,0.01577150821685791,-0.6030571684241295,-0.18457028083503246,-0.07308019325137138,0.18620206788182259
-0.3181603066623211,-0.028603877872228622,0.2239433154463768,0.01577150821685791,-0.6030571684241295,-0.18457028083503246,-0.07308019325137138,0.18620206788182259
-0.3181603066623211,-0.028603877872228622,0.2239433154463768,0.01577150821685791,-0.6030571684241295,-0.18457028083503246,-0.07308019325137138,0.18620206788182259
-0.3181603066623211,-0.028603877872228622,0.2239433154463768,0.01577150821685791,-0.6030571684241295,-0.18457028083503246,-0.07308019325137138,0.18620206788182259
-0.3181603066623211,-0.028603877872228622,0.2239433154463768,0.01577150821685791,-0.6030571684241295,-0.18457028083503246,-0.07308019325137138,0.18620206788182259
-0.3181603066623211,-0.028603877872228622,0.2239433154463768,0.01577150821685791,-0.6030571684241295,-0.18457028083503246,-0.07308019325137138,0.18620206788182259
-0.3181603066623211,-0.028603877872228622,0.2239433154463768,0.01577150821685791,-0.6030571684241295,-0.18457028083503246,-0.07308019325137138,0.18620206788182259
-0.3181603066623211,-0.028603877872228622,0.2239433154463768,0.01577150821685791,-0.6030571684241295,-0.18457028083503246,-0.07308019325137138,0.18620206788182259
-0.3181603066623211,-0.028603877872228622,0.2239433154463768,0.01577150821685791,-0.6030571684241295,-0.18457028083503246,-0.07308019325137138,0.18620206788182259
-0.3181603066623211,-0.028603877872228622,0.2239433154463768,0.01577150821685791,-0.6030571684241295,-0.18457028083503246,-0.07308019325137138,0.18620206788182259
-0.3181603066623211,-0.028603877872228622,0.2239433154463768,0.01577150821685791,-0.6030571684241295,-0.18457028083503246,-0.07308019325137138,0.18620206788182259
-0.3181603066623211,-0.028603877872228622,0.2239433154463768,0.01577150821685791,-0.6030571684241295,-0.18457028083503246,-0.07308019325137138,0.18620206788182259
-0.3181603066623211,-0.028603877872228622,0.2239433154463768,0.01577150821685791,-0.6030571684241295,-0.18457028083503246,-0.07308019325137138,0.18620206788182259
-0.3181603066623211,-0.028603877872228622,0.2239433154463768,0.01577150821685791,-0.6030571684241295,-0.18457028083503246,-0.07308019325137138,0.18620206788182259
-0.3181603066623211,-0.028603877872228622,0.2239433154463768,0.01577150821685791,-0.6030571684241295,-0.18457028083503246,-0.07308019325137138,0.18620206788182259
-0.3181603066623211,-0.028603877872228622,0.2239433154463768,0.01577150821685791,-0.6030571684241295,-0.18457028083503246,-0.07308019325137138,0.18620206788182259
-0.3181603066623211,-0.028603877872228622,0.2239433154463768,0.01577150821685791,-0.6030571684241295,-0.18457028083503246,-0.07308019325137138,0.18620206788182259
-0.3181603066623211,-0.028603877872228622,0.2239433154463768,0.01577150821685791,-0.6030571684241295,-0.18457028083503246,-0.07308019325137138,0.18620206788182259
-0.3181603066623211,-0.028603877872228622,0.2239433154463768,0.01577150821685791,-0.6030571684241295,-0.18457028083503246,-0.07308019325137138,0.18620206788182259
-0.3181603066623211,-0.028603877872228622,0.2239433154463768,0.01577150821685791,-0.6030571684241295,-0.18457028083503246,-0.07308019325137138,0.18620206788182259
-0.3181603066623211,-0.028603877872228622,0.2239433154463768,0.01577150821685791,-0.6030571684241295,-0.18457028083503246,-0.07308019325137138,0.18620206788182259
-0.3181603066623211,-0.028603877872228622,0.2239433154463768,0.01577150821685791,-0.6030571684241295,-0.18457028083503246,-0.07308019325137138,0.18620206788182259
-0.3181603066623211,-0.028603877872228622,0.2239433154463768,0.01577150821685791,-0.6030571684241295,-0.18457028083503246,-0.07308019325137138,0.18620206788182259
-0.3181603066623211,-0.028603877872228622,0.2239433154463768,0.01577150821685791,-0.6030571684241295,-0.18457028083503246,-0.07308019325137138,0.18620206788182259
-0.3181603066623211,-0.028603877872228622,0.2239433154463768,0.01577150821685791,-0.6030571684241295,-0.18457028083503246,-0.07308019325137138,0.18620206788182259
-0.3181603066623211,-0.028603877872228622,0.2239433154463768,0.01577150821685791,-0.6030571684241295,-0.18457028083503246,-0.07308019325137138,0.18620206788182259
-0.3181603066623211,-0.028603877872228622,0.2239433154463768,0.01577150821685791,-0.6030571684241295,-0.18457028083503246,-0.07308019325137138,0.18620206788182259
-0.3181603066623211,-0.028603877872228622,0.2239433154463768,0.01577150821685791,-0.6030571684241295,-0.18457028083503246,-0.07308019325137138,0.18620206788182259
-0.3181603066623211,-0.028603877872228622,0.2239433154463768,0.01577150821685791,-0.6030571684241295,-0.18457028083503246,-0.07308019325137138,0.18620206788182259
-0.3181603066623211,-0.028603877872228622,0.2239433154463768,0.01577150821685791,-0.6030571684241295,-0.18457028083503246,-0.07308019325137138,0.18620206788182259
-0.3181603066623211,-0.028603877872228622,0.2239433154463768,0.01577150821685791,-0.6030571684241295,-0.18457028083503246,-0.07308019325137138,0.18620206788182259
-0.3181603066623211,-0.028603877872228622,0.2239433154463768,0.01577150821685791,-0.6030571684241295,-0.18457028083503246,-0.07308019325137138,0.18620206788182259
-0.3181603066623211,-0.028603877872228622,0.2239433154463768,0.01577150821685791,-0.6030571684241295,-0.18457028083503246,-0.07308019325137138,0.18620206788182259
-0.3181603066623211,-0.028603877872228622,0.2239433154463768,0.01577150821685791,-0.6030571684241295,-0.18457028083503246,-0.07308019325137138,0.18620206788182259
-0.3181603066623211,-0.028603877872228622,0.2239433154463768,0.01577150821685791,-0.6030571684241295,-0.18457028083503246,-0.07308019325137138,0.18620206788182259
-0.3181603066623211,-0.028603877872228622,0.2239433154463768,0.01577150821685791,-0.6030571684241295,-0.18457028083503246,-0.07308019325137138,0.18620206788182259
-0.3181603066623211,-0.028603877872228622,0.2239433154463768,0.01577150821685791,-0.6030571684241295,-0.18457028083503246,-0.07308019325137138,0.18620206788182259
-0.3181603066623211,-0.028603877872228622,0.2239433154463768,0.01577150821685791,-0.6030571684241295,-0.18457028083503246,-0.07308019325137138,0.18620206788182259
-0.3181603066623211,-0.028603877872228622,0.2239433154463768,0.01577150821685791,-0.6030571684241295,-0.18457028083503246,-0.07308019325137138,0.18620206788182259
-0.3181603066623211,-0.028603877872228622,0.2239433154463768,0.01577150821685791,-0.6030571684241295,-0.18457028083503246,-0.07308019325137138,0.18620206788182259
-0.3181603066623211,-0.028603877872228622,0.2239433154463768,0.01577150821685791,-0.6030571684241295,-0.18457028083503246,-0.07308019325137138,0.18620206788182259
-0.3181603066623211,-0.028603877872228622,0.2239433154463768,0.01577150821685791,-0.6030571684241295,-0.18457028083503246,-0.07308019325137138,0.18620206788182259
-0.3181603066623211,-0.028603877872228622,0.2239433154463768,0.01577150821685791,-0.6030571684241295,-0.18457028083503246,-0.07308019325137138,0.18620206788182259
-0.3181603066623211,-0.028603877872228622,0.2239433154463768,0.01577150821685791,-0.6030571684241295,-0.18457028083503246,-0.07308019325137138,0.18620206788182259
-0.3181603066623211,-0.028603877872228622,0.2239433154463768,0.01577150821685791,-0.6030571684241295,-0.18457028083503246,-0.07308019325137138,0.18620206788182259
-0.3181603066623211,-0.028603877872228622,0.2239433154463768,0.01577150821685791,-0.6030571684241295,-0.18457028083503246,-0.07308019325137138,0.18620206788182259
-0.3181603066623211,-0.028603877872228622,0.2239433154463768,0.01577150821685791,-0.6030571684241295,-0.18457028083503246,-0.07308019325137138,0.18620206788182259
-0.3181603066623211,-0.028603877872228622,0.2239433154463768,0.01577150821685791,-0.6030571684241295,-0.18457028083503246,-0.07308019325137138,0.18620206788182259
-0.3181603066623211,-0.028603877872228622,0.2239433154463768,0.01577150821685791,-0.6030571684241295,-0.18457028083503246,-0.07308019325137138,0.18620206788182259
-0.3181603066623211,-0.028603877872228622,0.2239433154463768,0.01577150821685791,-0.6030571684241295,-0.18457028083503246,-0.07308019325137138,0.18620206788182259
-0.3181603066623211,-0.028603877872228622,0.2239433154463768,0.01577150821685791,-0.6030571684241295,-0.18457028083503246,-0.07308019325137138,0.18620206788182259
-0.3181603066623211,-0.028603877872228622,0.2239433154463768,0.01577150821685791,-0.6030571684241295,-0.18457028083503246,-0.07308019325137138,0.18620206788182259
-0.3181603066623211,-0.028603877872228622,0.2239433154463768,0.01577150821685791,-0.6030571684241295,-0.18457028083503246,-0.07308019325137138,0.18620206788182259
-0.3181603066623211,-0.028603877872228622,0.2239433154463768,0.01577150821685791,-0.6030571684241295,-0.18457028083503246,-0.07308019325137138,0.18620206788182259
-0.3181603066623211,-0.028603877872228622,0.2239433154463768,0.01577150821685791,-0.6030571684241295,-0.18457028083503246,-0.07308019325137138,0.18620206788182259
-0.3181603066623211,-0.028603877872228622,0.2239433154463768,0.01577150821685791,-0.6030571684241295,-0.18457028083503246,-0.07308019325137138,0.18620206788182259
-0.3181603066623211,-0.028603877872228622,0.2239433154463768,0.01577150821685791,-0.6030571684241295,-0.18457028083503246,-0.07308019325137138,0.18620206788182259
-0.3181603066623211,-0.028603877872228622,0.2239433154463768,0.01577150821685791,-0.6030571684241295,-0.18457028083503246,-0.07308019325137138,0.18620206788182259
-0.3181603066623211,-0.028603877872228622,0.2239433154463768,0.01577150821685791,-0.6030571684241295,-0.18457028083503246,-0.07308019325137138,0.18620206788182259
-0.3181603066623211,-0.028603877872228622,0.2239433154463768,0.01577150821685791,-0.6030571684241295,-0.18457028083503246,-0.07308019325137138,0.18620206788182259
-0.3181603066623211,-0.028603877872228622,0.2239433154463768,0.01577150821685791,-0.6030571684241295,-0.18457028083503246,-0.07308019325137138,0.18620206788182259
-0.3181603066623211,-0.028603877872228622,0.2239433154463768,0.01577150821685791,-0.6030571684241295,-0.18457028083503246,-0.07308019325137138,0.18620206788182259
-0.3181603066623211,-0.028603877872228622,0.2239433154463768,0.01577150821685791,-0.6030571684241295,-0.18457028083503246,-0.07308019325137138,0.18620206788182259
-0.3181603066623211,-0.028603877872228622,0.2239433154463768,0.01577150821685791,-0.6030571684241295,-0.18457028083503246,-0.07308019325137138,0.18620206788182259
-0.3181603066623211,-0.028603877872228622,0.2239433154463768,0.01577150821685791,-0.6030571684241295,-0.18457028083503246,-0.07308019325137138,0.18620206788182259
-0.3181603066623211,-0.028603877872228622,0.2239433154463768,0.01577150821685791,-0.6030571684241295,-0.18457028083503246,-0.07308019325137138,0.18620206788182259
-0.3181603066623211,-0.028603877872228622,0.2239433154463768,0.01577150821685791,-0.6030571684241295,-0.18457028083503246,-0.07308019325137138,0.18620206788182259
-0.3181603066623211,-0.028603877872228622,0.2239433154463768,0.01577150821685791,-0.6030571684241295,-0.18457028083503246,-0.07308019325137138,0.18620206788182259
-0.3181603066623211,-0.028603877872228622,0.2239433154463768,0.01577150821685791,-0.6030571684241295,-0.18457028083503246,-0.07308019325137138,0.18620206788182259
-0.3181603066623211,-0.028603877872228622,0.2239433154463768,0.01577150821685791,-0.6030571684241295,-0.18457028083503246,-0.07308019325137138,0.18620206788182259
-0.3181603066623211,-0.028603877872228622,0.2239433154463768,0.01577150821685791,-0.6030571684241295,-0.18457028083503246,-0.07308019325137138,0.18620206788182259
-0.3181603066623211,-0.028603877872228622,0.2239433154463768,0.01577150821685791,-0.6030571684241295,-0.18457028083503246,-0.07308019325137138,0.18620206788182259
-0.3181603066623211,-0.028603877872228622,0.2239433154463768,0.01577150821685791,-0.6030571684241295,-0.18457028083503246,-0.07308019325137138,0.18620206788182259
-0.3181603066623211,-0.028603877872228622,0.2239433154463768,0.01577150821685791,-0.6030571684241295,-0.18457028083503246,-0.07308019325137138,0.18620206788182259
-0.3181603066623211,-0.028603877872228622,0.2239433154463768,0.01577150821685791,-0.6030571684241295,-0.18457028083503246,-0.07308019325137138,0.18620206788182259
-0.3181603066623211,-0.028603877872228622,0.2239433154463768,0.01577150821685791,-0.6030571684241295,-0.18457028083503246,-0.07308019325137138,0.18620206788182259
-0.3181603066623211,-0.028603877872228622,0.2239433154463768,0.01577150821685791,-0.6030571684241295,-0.18457028083503246,-0.07308019325137138,0.18620206788182259
-0.3181603066623211,-0.028603877872228622,0.2239433154463768,0.01577150821685791,-0.6030571684241295,-0.18457028083503246,-0.07308019325137138,0.18620206788182259
-0.3181603066623211,-0.028603877872228622,0.2239433154463768,0.01577150821685791,-0.6030571684241295,-0.18457028083503246,-0.07308019325137138,0.18620206788182259
-0.3181603066623211,-0.028603877872228622,0.2239433154463768,0.01577150821685791,-0.6030571684241295,-0.18457028083503246,-0.07308019325137138,0.18620206788182259
-0.3181603066623211,-0.028603877872228622,0.2239433154463768,0.01577150821685791,-0.6030571684241295,-0.18457028083503246,-0.07308019325137138,0.18620206788182259
-0.3181603066623211,-0.028603877872228622,0.2239433154463768,0.01577150821685791,-0.6030571684241295,-0.18457028083503246,-0.07308019325137138,0.18620206788182259
-0.3181603066623211,-0.028603877872228622,0.2239433154463768,0.01577150821685791,-0.6030571684241295,-0.18457028083503246,-0.07308019325137138,0.18620206788182259
-0.3181603066623211,-0.028603877872228622,0.2239433154463768,0.01577150821685791,-0.6030571684241295,-0.18457028083503246,-0.07308019325137138,0.18620206788182259
-0.3181603066623211,-0.028603877872228622,0.2239433154463768,0.01577150821685791,-0.6030571684241295,-0.18457028083503246,-0.07308019325137138,0.18620206788182259
-0.3181603066623211,-0.028603877872228622,0.2239433154463768,0.01577150821685791,-0.6030571684241295,-0.18457028083503246,-0.07308019325137138,0.18620206788182259
-0.3181603066623211,-0.028603877872228622,0.2239433154463768,0.01577150821685791,-0.6030571684241295,-0.18457028083503246,-0.07308019325137138,0.18620206788182259
-0.3181603066623211,-0.028603877872228622,0.2239433154463768,0.01577150821685791,-0.6030571684241295,-0.18457028083503246,-0.07308019325137138,0.18620206788182259
-0.3181603066623211,-0.028603877872228622,0.2239433154463768,0.01577150821685791,-0.6030571684241295,-0.18457028083503246,-0.07308019325137138,0.18620206788182259
-0.3181603066623211,-0.028603877872228622,0.2239433154463768,0.01577150821685791,-0.6030571684241295,-0.18457028083503246,-0.07308019325137138,0.18620206788182259
-0.3181603066623211,-0.028603877872228622,0.2239433154463768,0.01577150821685791,-0.6030571684241295,-0.18457028083503246,-0.07308019325137138,0.18620206788182259
-0.3181603066623211,-0.028603877872228622,0.2239433154463768,0.01577150821685791,-0.6030571684241295,-0.18457028083503246,-0.07308019325137138,0.18620206788182259
-0.3181603066623211,-0.028603877872228622,0.2239433154463768,0.01577150821685791,-0.6030571684241295,-0.18457028083503246,-0.07308019325137138,0.18620206788182259
-0.3181603066623211,-0.028603877872228622,0.2239433154463768,0.01577150821685791,-0.6030571684241295,-0.18457028083503246,-0.07308019325137138,0.18620206788182259
-0.3181603066623211,-0.028603877872228622,0.2239433154463768,0.01577150821685791,-0.6030571684241295,-0.18457028083503246,-0.07308019325137138,0.18620206788182259
-0.3181603066623211,-0.028603877872228622,0.2239433154463768,0.01577150821685791,-0.6030571684241295,-0.18457028083503246,-0.07308019325137138,0.18620206788182259
-0.3181603066623211,-0.028603877872228622,0.2239433154463768,0.01577150821685791,-0.6030571684241295,-0.18457028083503246,-0.07308019325137138,0.18620206788182259
-0.3181603066623211,-0.028603877872228622,0.2239433154463768,0.01577150821685791,-0.6030571684241295,-0.18457028083503246,-0.07308019325137138,0.18620206788182259
-0.3181603066623211,-0.028603877872228622,0.2239433154463768,0.01577150821685791,-0.6030571684241295,-0.18457028083503246,-0.07308019325137138,0.18620206788182259
-0.3181603066623211,-0.028603877872228622,0.2239433154463768,0.01577150821685791,-0.6030571684241295,-0.18457028083503246,-0.07308019325137138,0.18620206788182259
-0.3181603066623211,-0.028603877872228622,0.2239433154463768,0.01577150821685791,-0.6030571684241295,-0.18457028083503246,-0.07308019325137138,0.18620206788182259
-0.3181603066623211,-0.028603877872228622,0.2239433154463768,0.01577150821685791,-0.6030571684241295,-0.18457028083503246,-0.07308019325137138,0.18620206788182259
-0.3181603066623211,-0.028603877872228622,0.2239433154463768,0.01577150821685791,-0.6030571684241295,-0.18457028083503246,-0.07308019325137138,0.18620206788182259
-0.3181603066623211,-0.028603877872228622,0.2239433154463768,0.01577150821685791,-0.6030571684241295,-0.18457028083503246,-0.07308019325137138,0.18620206788182259
-0.3181603066623211,-0.028603877872228622,0.2239433154463768,0.01577150821685791,-0.6030571684241295,-0.18457028083503246,-0.07308019325137138,0.18620206788182259
-0.3181603066623211,-0.028603877872228622,0.2239433154463768,0.01577150821685791,-0.6030571684241295,-0.18457028083503246,-0.07308019325137138,0.18620206788182259
-0.3181603066623211,-0.028603877872228622,0.2239433154463768,0.01577150821685791,-0.6030571684241295,-0.18457028083503246,-0.07308019325137138,0.18620206788182259
-0.3181603066623211,-0.028603877872228622,0.2239433154463768,0.01577150821685791,-0.6030571684241295,-0.18457028083503246,-0.07308019325137138,0.18620206788182259
-0.3181603066623211,-0.028603877872228622,0.2239433154463768,0.01577150821685791,-0.6030571684241295,-0.18457028083503246,-0.07308019325137138,0.18620206788182259
-0.3181603066623211,-0.028603877872228622,0.2239433154463768,0.01577150821685791,-0.6030571684241295,-0.18457028083503246,-0.07308019325137138,0.18620206788182259
-0.3181603066623211,-0.028603877872228622,0.2239433154463768,0.01577150821685791,-0.6030571684241295,-0.18457028083503246,-0.07308019325137138,0.18620206788182259
-0.3181603066623211,-0.028603877872228622,0.2239433154463768,0.01577150821685791,-0.6030571684241295,-0.18457028083503246,-0.07308019325137138,0.18620206788182259
-0.3181603066623211,-0.028603877872228622,0.2239433154463768,0.01577150821685791,-0.6030571684241295,-0.18457028083503246,-0.07308019325137138,0.18620206788182259
-0.3181603066623211,-0.028603877872228622,0.2239433154463768,0.01577150821685791,-0.6030571684241295,-0.18457028083503246,-0.07308019325137138,0.18620206788182259
-0.3181603066623211,-0.028603877872228622,0.2239433154463768,0.01577150821685791,-0.6030571684241295,-0.18457028083503246,-0.07308019325137138,0.18620206788182259
-0.3181603066623211,-0.028603877872228622,0.2239433154463768,0.01577150821685791,-0.6030571684241295,-0.18457028083503246,-0.07308019325137138,0.18620206788182259
-0.3181603066623211,-0.028603877872228622,0.2239433154463768,0.01577150821685791,-0.6030571684241295,-0.18457028083503246,-0.07308019325137138,0.18620206788182259
-0.3181603066623211,-0.028603877872228622,0.2239433154463768,0.01577150821685791,-0.6030571684241295,-0.18457028083503246,-0.07308019325137138,0.18620206788182259
-0.3181603066623211,-0.028603877872228622,0.2239433154463768,0.01577150821685791,-0.6030571684241295,-0.18457028083503246,-0.07308019325137138,0.18620206788182259
-0.3181603066623211,-0.028603877872228622,0.2239433154463768,0.01577150821685791,-0.6030571684241295,-0.18457028083503246,-0.07308019325137138,0.18620206788182259
-0.3181603066623211,-0.028603877872228622,0.2239433154463768,0.01577150821685791,-0.6030571684241295,-0.18457028083503246,-0.07308019325137138,0.18620206788182259
-0.3181603066623211,-0.028603877872228622,0.2239433154463768,0.01577150821685791,-0.6030571684241295,-0.18457028083503246,-0.07308019325137138,0.18620206788182259
-0.3181603066623211,-0.028603877872228622,0.2239433154463768,0.01577150821685791,-0.6030571684241295,-0.18457028083503246,-0.07308019325137138,0.18620206788182259
-0.3181603066623211,-0.028603877872228622,0.2239433154463768,0.01577150821685791,-0.6030571684241295,-0.18457028083503246,-0.07308019325137138,0.18620206788182259
-0.3181603066623211,-0.028603877872228622,0.2239433154463768,0.01577150821685791,-0.6030571684241295,-0.18457028083503246,-0.07308019325137138,0.18620206788182259
-0.3181603066623211,-0.028603877872228622,0.2239433154463768,0.01577150821685791,-0.6030571684241295,-0.18457028083503246,-0.07308019325137138,0.18620206788182259
-0.3181603066623211,-0.028603877872228622,0.2239433154463768,0.01577150821685791,-0.6030571684241295,-0.18457028083503246,-0.07308019325137138,0.18620206788182259
-0.3181603066623211,-0.028603877872228622,0.2239433154463768,0.01577150821685791,-0.6030571684241295,-0.18457028083503246,-0.07308019325137138,0.18620206788182259
-0.3181603066623211,-0.028603877872228622,0.2239433154463768,0.01577150821685791,-0.6030571684241295,-0.18457028083503246,-0.07308019325137138,0.18620206788182259
-0.3181603066623211,-0.028603877872228622,0.2239433154463768,0.01577150821685791,-0.6030571684241295,-0.18457028083503246,-0.07308019325137138,0.18620206788182259
-0.3181603066623211,-0.028603877872228622,0.2239433154463768,0.01577150821685791,-0.6030571684241295,-0.18457028083503246,-0.07308019325137138,0.18620206788182259
-0.3181603066623211,-0.028603877872228622,0.2239433154463768,0.01577150821685791,-0.6030571684241295,-0.18457028083503246,-0.07308019325137138,0.18620206788182259
-0.3181603066623211,-0.028603877872228622,0.2239433154463768,0.01577150821685791,-0.6030571684241295,-0.18457028083503246,-0.07308019325137138,0.18620206788182259
-0.3181603066623211,-0.028603877872228622,0.2239433154463768,0.01577150821685791,-0.6030571684241295,-0.18457028083503246,-0.07308019325137138,0.18620206788182259
-0.3181603066623211,-0.028603877872228622,0.2239433154463768,0.01577150821685791,-0.6030571684241295,-0.18457028083503246,-0.07308019325137138,0.18620206788182259
-0.3181603066623211,-0.028603877872228622,0.2239433154463768,0.01577150821685791,-0.6030571684241295,-0.18457028083503246,-0.07308019325137138,0.18620206788182259
-0.3181603066623211,-0.028603877872228622,0.2239433154463768,0.01577150821685791,-0.6030571684241295,-0.18457028083503246,-0.07308019325137138,0.18620206788182259
-0.3181603066623211,-0.028603877872228622,0.2239433154463768,0.01577150821685791,-0.6030571684241295,-0.18457028083503246,-0.07308019325137138,0.18620206788182259
-0.3181603066623211,-0.028603877872228622,0.2239433154463768,0.01577150821685791,-0.6030571684241295,-0.18457028083503246,-0.07308019325137138,0.18620206788182259
-0.3181603066623211,-0.028603877872228622,0.2239433154463768,0.01577150821685791,-0.6030571684241295,-0.18457028083503246,-0.07308019325137138,0.18620206788182259
-0.3181603066623211,-0.028603877872228622,0.2239433154463768,0.01577150821685791,-0.6030571684241295,-0.18457028083503246,-0.07308019325137138,0.18620206788182259
-0.3181603066623211,-0.028603877872228622,0.2239433154463768,0.01577150821685791,-0.6030571684241295,-0.18457028083503246,-0.07308019325137138,0.18620206788182259
-0.3181603066623211,-0.028603877872228622,0.2239433154463768,0.01577150821685791,-0.6030571684241295,-0.18457028083503246,-0.07308019325137138,0.18620206788182259
-0.3181603066623211,-0.028603877872228622,0.2239433154463768,0.01577150821685791,-0.6030571684241295,-0.18457028083503246,-0.07308019325137138,0.18620206788182259
-0.3181603066623211,-0.028603877872228622,0.2239433154463768,0.01577150821685791,-0.6030571684241295,-0.18457028083503246,-0.07308019325137138,0.18620206788182259
-0.3181603066623211,-0.028603877872228622,0.2239433154463768,0.01577150821685791,-0.6030571684241295,-0.18457028083503246,-0.07308019325137138,0.18620206788182259
-0.3181603066623211,-0.028603877872228622,0.2239433154463768,0.01577150821685791,-0.6030571684241295,-0.18457028083503246,-0.07308019325137138,0.18620206788182259
-0.3181603066623211,-0.028603877872228622,0.2239433154463768,0.01577150821685791,-0.6030571684241295,-0.18457028083503246,-0.07308019325137138,0.18620206788182259
-0.3181603066623211,-0.028603877872228622,0.2239433154463768,0.01577150821685791,-0.6030571684241295,-0.18457028083503246,-0.07308019325137138,0.18620206788182259
-0.3181603066623211,-0.028603877872228622,0.2239433154463768,0.01577150821685791,-0.6030571684241295,-0.18457028083503246,-0.07308019325137138,0.18620206788182259
-0.3181603066623211,-0.028603877872228622,0.2239433154463768,0.01577150821685791,-0.6030571684241295,-0.18457028083503246,-0.07308019325137138,0.18620206788182259
-0.3181603066623211,-0.028603877872228622,0.2239433154463768,0.01577150821685791,-0.6030571684241295,-0.18457028083503246,-0.07308019325137138,0.18620206788182259
-0.3181603066623211,-0.028603877872228622,0.2239433154463768,0.01577150821685791,-0.6030571684241295,-0.18457028083503246,-0.07308019325137138,0.18620206788182259
-0.3181603066623211,-0.028603877872228622,0.2239433154463768,0.01577150821685791,-0.6030571684241295,-0.18457028083503246,-0.07308019325137138,0.18620206788182259
-0.3181603066623211,-0.028603877872228622,0.2239433154463768,0.01577150821685791,-0.6030571684241295,-0.18457028083503246,-0.07308019325137138,0.18620206788182259
-0.3181603066623211,-0.028603877872228622,0.2239433154463768,0.01577150821685791,-0.6030571684241295,-0.18457028083503246,-0.07308019325137138,0.18620206788182259
-0.3181603066623211,-0.028603877872228622,0.2239433154463768,0.01577150821685791,-0.6030571684241295,-0.18457028083503246,-0.07308019325137138,0.18620206788182259
-0.3181603066623211,-0.028603877872228622,0.2239433154463768,0.01577150821685791,-0.6030571684241295,-0.18457028083503246,-0.07308019325137138,0.18620206788182259
-0.3181603066623211,-0.028603877872228622,0.2239433154463768,0.01577150821685791,-0.6030571684241295,-0.18457028083503246,-0.07308019325137138,0.18620206788182259
-0.3181603066623211,-0.028603877872228622,0.2239433154463768,0.01577150821685791,-0.6030571684241295,-0.18457028083503246,-0.07308019325137138,0.18620206788182259
-0.3181603066623211,-0.028603877872228622,0.2239433154463768,0.01577150821685791,-0.6030571684241295,-0.18457028083503246,-0.07308019325137138,0.18620206788182259
-0.3181603066623211,-0.028603877872228622,0.2239433154463768,0.01577150821685791,-0.6030571684241295,-0.18457028083503246,-0.07308019325137138,0.18620206788182259
-0.3181603066623211,-0.028603877872228622,0.2239433154463768,0.01577150821685791,-0.6030571684241295,-0.18457028083503246,-0.07308019325137138,0.18620206788182259
-0.3181603066623211,-0.028603877872228622,0.2239433154463768,0.01577150821685791,-0.6030571684241295,-0.18457028083503246,-0.07308019325137138,0.18620206788182259
-0.3181603066623211,-0.028603877872228622,0.2239433154463768,0.01577150821685791,-0.6030571684241295,-0.18457028083503246,-0.07308019325137138,0.18620206788182259
-0.3181603066623211,-0.028603877872228622,0.2239433154463768,0.01577150821685791,-0.6030571684241295,-0.18457028083503246,-0.07308019325137138,0.18620206788182259
-0.3181603066623211,-0.028603877872228622,0.2239433154463768,0.01577150821685791,-0.6030571684241295,-0.18457028083503246,-0.07308019325137138,0.18620206788182259
-0.3181603066623211,-0.028603877872228622,0.2239433154463768,0.01577150821685791,-0.6030571684241295,-0.18457028083503246,-0.07308019325137138,0.18620206788182259
-0.3181603066623211,-0.028603877872228622,0.2239433154463768,0.01577150821685791,-0.6030571684241295,-0.18457028083503246,-0.07308019325137138,0.18620206788182259
-0.3181603066623211,-0.028603877872228622,0.2239433154463768,0.01577150821685791,-0.6030571684241295,-0.18457028083503246,-0.07308019325137138,0.18620206788182259
-0.3181603066623211,-0.028603877872228622,0.2239433154463768,0.01577150821685791,-0.6030571684241295,-0.18457028083503246,-0.07308019325137138,0.18620206788182259
-0.3181603066623211,-0.028603877872228622,0.2239433154463768,0.01577150821685791,-0.6030571684241295,-0.18457028083503246,-0.07308019325137138,0.18620206788182259
-0.3181603066623211,-0.028603877872228622,0.2239433154463768,0.01577150821685791,-0.6030571684241295,-0.18457028083503246,-0.07308019325137138,0.18620206788182259
-0.3181603066623211,-0.028603877872228622,0.2239433154463768,0.01577150821685791,-0.6030571684241295,-0.18457028083503246,-0.07308019325137138,0.18620206788182259
-0.3181603066623211,-0.028603877872228622,0.2239433154463768,0.01577150821685791,-0.6030571684241295,-0.18457028083503246,-0.07308019325137138,0.18620206788182259
-0.3181603066623211,-0.028603877872228622,0.2239433154463768,0.01577150821685791,-0.6030571684241295,-0.18457028083503246,-0.07308019325137138,0.18620206788182259
-0.3181603066623211,-0.028603877872228622,0.2239433154463768,0.01577150821685791,-0.6030571684241295,-0.18457028083503246,-0.07308019325137138,0.18620206788182259
-0.3181603066623211,-0.028603877872228622,0.2239433154463768,0.01577150821685791,-0.6030571684241295,-0.18457028083503246,-0.07308019325137138,0.18620206788182259
-0.3181603066623211,-0.028603877872228622,0.2239433154463768,0.01577150821685791,-0.6030571684241295,-0.18457028083503246,-0.07308019325137138,0.18620206788182259
-0.3181603066623211,-0.028603877872228622,0.2239433154463768,0.01577150821685791,-0.6030571684241295,-0.18457028083503246,-0.07308019325137138,0.18620206788182259
-0.3181603066623211,-0.028603877872228622,0.2239433154463768,0.01577150821685791,-0.6030571684241295,-0.18457028083503246,-0.07308019325137138,0.18620206788182259
-0.3181603066623211,-0.028603877872228622,0.2239433154463768,0.01577150821685791,-0.6030571684241295,-0.18457028083503246,-0.07308019325137138,0.18620206788182259
-0.3181603066623211,-0.028603877872228622,0.2239433154463768,0.01577150821685791,-0.6030571684241295,-0.18457028083503246,-0.07308019325137138,0.18620206788182259
-0.3181603066623211,-0.028603877872228622,0.2239433154463768,0.01577150821685791,-0.6030571684241295,-0.18457028083503246,-0.07308019325137138,0.18620206788182259
-0.3181603066623211,-0.028603877872228622,0.2239433154463768,0.01577150821685791,-0.6030571684241295,-0.18457028083503246,-0.07308019325137138,0.18620206788182259
-0.3181603066623211,-0.028603877872228622,0.2239433154463768,0.01577150821685791,-0.6030571684241295,-0.18457028083503246,-0.07308019325137138,0.18620206788182259
-0.3181603066623211,-0.028603877872228622,0.2239433154463768,0.01577150821685791,-0.6030571684241295,-0.18457028083503246,-0.07308019325137138,0.18620206788182259
-0.3181603066623211,-0.028603877872228622,0.2239433154463768,0.01577150821685791,-0.6030571684241295,-0.18457028083503246,-0.07308019325137138,0.18620206788182259
-0.3181603066623211,-0.028603877872228622,0.2239433154463768,0.01577150821685791,-0.6030571684241295,-0.18457028083503246,-0.07308019325137138,0.18620206788182259
-0.3181603066623211,-0.028603877872228622,0.2239433154463768,0.01577150821685791,-0.6030571684241295,-0.18457028083503246,-0.07308019325137138,0.18620206788182259
-0.3181603066623211,-0.028603877872228622,0.2239433154463768,0.01577150821685791,-0.6030571684241295,-0.18457028083503246,-0.07308019325137138,0.18620206788182259
-0.3181603066623211,-0.028603877872228622,0.2239433154463768,0.01577150821685791,-0.6030571684241295,-0.18457028083503246,-0.07308019325137138,0.18620206788182259
-0.3181603066623211,-0.028603877872228622,0.2239433154463768,0.01577150821685791,-0.6030571684241295,-0.18457028083503246,-0.07308019325137138,0.18620206788182259
-0.3181603066623211,-0.028603877872228622,0.2239433154463768,0.01577150821685791,-0.6030571684241295,-0.18457028083503246,-0.07308019325137138,0.18620206788182259
-0.3181603066623211,-0.028603877872228622,0.2239433154463768,0.01577150821685791,-0.6030571684241295,-0.18457028083503246,-0.07308019325137138,0.18620206788182259
-0.3181603066623211,-0.028603877872228622,0.2239433154463768,0.01577150821685791,-0.6030571684241295,-0.18457028083503246,-0.07308019325137138,0.18620206788182259
-0.3181603066623211,-0.028603877872228622,0.2239433154463768,0.01577150821685791,-0.6030571684241295,-0.18457028083503246,-0.07308019325137138,0.18620206788182259
-0.3181603066623211,-0.028603877872228622,0.2239433154463768,0.01577150821685791,-0.6030571684241295,-0.18457028083503246,-0.07308019325137138,0.18620206788182259
-0.3181603066623211,-0.028603877872228622,0.2239433154463768,0.01577150821685791,-0.6030571684241295,-0.18457028083503246,-0.07308019325137138,0.18620206788182259
-0.3181603066623211,-0.028603877872228622,0.2239433154463768,0.01577150821685791,-0.6030571684241295,-0.18457028083503246,-0.07308019325137138,0.18620206788182259
-0.3181603066623211,-0.028603877872228622,0.2239433154463768,0.01577150821685791,-0.6030571684241295,-0.18457028083503246,-0.07308019325137138,0.18620206788182259
-0.3181603066623211,-0.028603877872228622,0.2239433154463768,0.01577150821685791,-0.6030571684241295,-0.18457028083503246,-0.07308019325137138,0.18620206788182259
-0.3181603066623211,-0.028603877872228622,0.2239433154463768,0.01577150821685791,-0.6030571684241295,-0.18457028083503246,-0.07308019325137138,0.18620206788182259
-0.3181603066623211,-0.028603877872228622,0.2239433154463768,0.01577150821685791,-0.6030571684241295,-0.18457028083503246,-0.07308019325137138,0.18620206788182259
-0.3181603066623211,-0.028603877872228622,0.2239433154463768,0.01577150821685791,-0.6030571684241295,-0.18457028083503246,-0.07308019325137138,0.18620206788182259
-0.3181603066623211,-0.028603877872228622,0.2239433154463768,0.01577150821685791,-0.6030571684241295,-0.18457028083503246,-0.07308019325137138,0.18620206788182259
-0.3181603066623211,-0.028603877872228622,0.2239433154463768,0.01577150821685791,-0.6030571684241295,-0.18457028083503246,-0.07308019325137138,0.18620206788182259
-0.3181603066623211,-0.028603877872228622,0.2239433154463768,0.01577150821685791,-0.6030571684241295,-0.18457028083503246,-0.07308019325137138,0.18620206788182259
-0.3181603066623211,-0.028603877872228622,0.2239433154463768,0.01577150821685791,-0.6030571684241295,-0.18457028083503246,-0.07308019325137138,0.18620206788182259
-0.3181603066623211,-0.028603877872228622,0.2239433154463768,0.01577150821685791,-0.6030571684241295,-0.18457028083503246,-0.07308019325137138,0.18620206788182259
-0.3181603066623211,-0.028603877872228622,0.2239433154463768,0.01577150821685791,-0.6030571684241295,-0.18457028083503246,-0.07308019325137138,0.18620206788182259
-0.3181603066623211,-0.028603877872228622,0.2239433154463768,0.01577150821685791,-0.6030571684241295,-0.18457028083503246,-0.07308019325137138,0.18620206788182259
-0.3181603066623211,-0.028603877872228622,0.2239433154463768,0.01577150821685791,-0.6030571684241295,-0.18457028083503246,-0.07308019325137138,0.18620206788182259
-0.3181603066623211,-0.028603877872228622,0.2239433154463768,0.01577150821685791,-0.6030571684241295,-0.18457028083503246,-0.07308019325137138,0.18620206788182259
-0.3181603066623211,-0.028603877872228622,0.2239433154463768,0.01577150821685791,-0.6030571684241295,-0.18457028083503246,-0.07308019325137138,0.18620206788182259
-0.3181603066623211,-0.028603877872228622,0.2239433154463768,0.01577150821685791,-0.6030571684241295,-0.18457028083503246,-0.07308019325137138,0.18620206788182259
-0.3181603066623211,-0.028603877872228622,0.2239433154463768,0.01577150821685791,-0.6030571684241295,-0.18457028083503246,-0.07308019325137138,0.18620206788182259
-0.3181603066623211,-0.028603877872228622,0.2239433154463768,0.01577150821685791,-0.6030571684241295,-0.18457028083503246,-0.07308019325137138,0.18620206788182259
-0.3181603066623211,-0.028603877872228622,0.2239433154463768,0.01577150821685791,-0.6030571684241295,-0.18457028083503246,-0.07308019325137138,0.18620206788182259
-0.3181603066623211,-0.028603877872228622,0.2239433154463768,0.01577150821685791,-0.6030571684241295,-0.18457028083503246,-0.07308019325137138,0.18620206788182259
-0.3181603066623211,-0.028603877872228622,0.2239433154463768,0.01577150821685791,-0.6030571684241295,-0.18457028083503246,-0.07308019325137138,0.18620206788182259
-0.3181603066623211,-0.028603877872228622,0.2239433154463768,0.01577150821685791,-0.6030571684241295,-0.18457028083503246,-0.07308019325137138,0.18620206788182259
-0.3181603066623211,-0.028603877872228622,0.2239433154463768,0.01577150821685791,-0.6030571684241295,-0.18457028083503246,-0.07308019325137138,0.18620206788182259
-0.3181603066623211,-0.028603877872228622,0.2239433154463768,0.01577150821685791,-0.6030571684241295,-0.18457028083503246,-0.07308019325137138,0.18620206788182259
-0.3181603066623211,-0.028603877872228622,0.2239433154463768,0.01577150821685791,-0.6030571684241295,-0.18457028083503246,-0.07308019325137138,0.18620206788182259
-0.3181603066623211,-0.028603877872228622,0.2239433154463768,0.01577150821685791,-0.6030571684241295,-0.18457028083503246,-0.07308019325137138,0.18620206788182259
-0.3181603066623211,-0.028603877872228622,0.2239433154463768,0.01577150821685791,-0.6030571684241295,-0.18457028083503246,-0.07308019325137138,0.18620206788182259
-0.3181603066623211,-0.028603877872228622,0.2239433154463768,0.01577150821685791,-0.6030571684241295,-0.18457028083503246,-0.07308019325137138,0.18620206788182259
-0.3181603066623211,-0.028603877872228622,0.2239433154463768,0.01577150821685791,-0.6030571684241295,-0.18457028083503246,-0.07308019325137138,0.18620206788182259
-0.3181603066623211,-0.028603877872228622,0.2239433154463768,0.01577150821685791,-0.6030571684241295,-0.18457028083503246,-0.07308019325137138,0.18620206788182259
-0.3181603066623211,-0.028603877872228622,0.2239433154463768,0.01577150821685791,-0.6030571684241295,-0.18457028083503246,-0.07308019325137138,0.18620206788182259
-0.3181603066623211,-0.028603877872228622,0.2239433154463768,0.01577150821685791,-0.6030571684241295,-0.18457028083503246,-0.07308019325137138,0.18620206788182259
-0.3181603066623211,-0.028603877872228622,0.2239433154463768,0.01577150821685791,-0.6030571684241295,-0.18457028083503246,-0.07308019325137138,0.18620206788182259
-0.3181603066623211,-0.028603877872228622,0.2239433154463768,0.01577150821685791,-0.6030571684241295,-0.18457028083503246,-0.07308019325137138,0.18620206788182259
-0.3181603066623211,-0.028603877872228622,0.2239433154463768,0.01577150821685791,-0.6030571684241295,-0.18457028083503246,-0.07308019325137138,0.18620206788182259
-0.3181603066623211,-0.028603877872228622,0.2239433154463768,0.01577150821685791,-0.6030571684241295,-0.18457028083503246,-0.07308019325137138,0.18620206788182259
-0.3181603066623211,-0.028603877872228622,0.2239433154463768,0.01577150821685791,-0.6030571684241295,-0.18457028083503246,-0.07308019325137138,0.18620206788182259
-0.3181603066623211,-0.028603877872228622,0.2239433154463768,0.01577150821685791,-0.6030571684241295,-0.18457028083503246,-0.07308019325137138,0.18620206788182259
-0.3181603066623211,-0.028603877872228622,0.2239433154463768,0.01577150821685791,-0.6030571684241295,-0.18457028083503246,-0.07308019325137138,0.18620206788182259
-0.3181603066623211,-0.028603877872228622,0.2239433154463768,0.01577150821685791,-0.6030571684241295,-0.18457028083503246,-0.07308019325137138,0.18620206788182259
-0.3181603066623211,-0.028603877872228622,0.2239433154463768,0.01577150821685791,-0.6030571684241295,-0.18457028083503246,-0.07308019325137138,0.18620206788182259
-0.3181603066623211,-0.028603877872228622,0.2239433154463768,0.01577150821685791,-0.6030571684241295,-0.18457028083503246,-0.07308019325137138,0.18620206788182259
-0.3181603066623211,-0.028603877872228622,0.2239433154463768,0.01577150821685791,-0.6030571684241295,-0.18457028083503246,-0.07308019325137138,0.18620206788182259
-0.3181603066623211,-0.028603877872228622,0.2239433154463768,0.01577150821685791,-0.6030571684241295,-0.18457028083503246,-0.07308019325137138,0.18620206788182259
-0.3181603066623211,-0.028603877872228622,0.2239433154463768,0.01577150821685791,-0.6030571684241295,-0.18457028083503246,-0.07308019325137138,0.18620206788182259
-0.3181603066623211,-0.028603877872228622,0.2239433154463768,0.01577150821685791,-0.6030571684241295,-0.18457028083503246,-0.07308019325137138,0.18620206788182259
-0.3181603066623211,-0.028603877872228622,0.2239433154463768,0.01577150821685791,-0.6030571684241295,-0.18457028083503246,-0.07308019325137138,0.18620206788182259
-0.3181603066623211,-0.028603877872228622,0.2239433154463768,0.01577150821685791,-0.6030571684241295,-0.18457028083503246,-0.07308019325137138,0.18620206788182259
-0.3181603066623211,-0.028603877872228622,0.2239433154463768,0.01577150821685791,-0.6030571684241295,-0.18457028083503246,-0.07308019325137138,0.18620206788182259
-0.3181603066623211,-0.028603877872228622,0.2239433154463768,0.01577150821685791,-0.6030571684241295,-0.18457028083503246,-0.07308019325137138,0.18620206788182259
-0.3181603066623211,-0.028603877872228622,0.2239433154463768,0.01577150821685791,-0.6030571684241295,-0.18457028083503246,-0.07308019325137138,0.18620206788182259
-0.3181603066623211,-0.028603877872228622,0.2239433154463768,0.01577150821685791,-0.6030571684241295,-0.18457028083503246,-0.07308019325137138,0.18620206788182259
-0.3181603066623211,-0.028603877872228622,0.2239433154463768,0.01577150821685791,-0.6030571684241295,-0.18457028083503246,-0.07308019325137138,0.18620206788182259
-0.3181603066623211,-0.028603877872228622,0.2239433154463768,0.01577150821685791,-0.6030571684241295,-0.18457028083503246,-0.07308019325137138,0.18620206788182259
-0.3181603066623211,-0.028603877872228622,0.2239433154463768,0.01577150821685791,-0.6030571684241295,-0.18457028083503246,-0.07308019325137138,0.18620206788182259
-0.3181603066623211,-0.028603877872228622,0.2239433154463768,0.01577150821685791,-0.6030571684241295,-0.18457028083503246,-0.07308019325137138,0.18620206788182259
-0.3181603066623211,-0.028603877872228622,0.2239433154463768,0.01577150821685791,-0.6030571684241295,-0.18457028083503246,-0.07308019325137138,0.18620206788182259
-0.3181603066623211,-0.028603877872228622,0.2239433154463768,0.01577150821685791,-0.6030571684241295,-0.18457028083503246,-0.07308019325137138,0.18620206788182259
-0.3181603066623211,-0.028603877872228622,0.2239433154463768,0.01577150821685791,-0.6030571684241295,-0.18457028083503246,-0.07308019325137138,0.18620206788182259
-0.3181603066623211,-0.028603877872228622,0.2239433154463768,0.01577150821685791,-0.6030571684241295,-0.18457028083503246,-0.07308019325137138,0.18620206788182259
-0.3181603066623211,-0.028603877872228622,0.2239433154463768,0.01577150821685791,-0.6030571684241295,-0.18457028083503246,-0.07308019325137138,0.18620206788182259
-0.3181603066623211,-0.028603877872228622,0.2239433154463768,0.01577150821685791,-0.6030571684241295,-0.18457028083503246,-0.07308019325137138,0.18620206788182259
-0.3181603066623211,-0.028603877872228622,0.2239433154463768,0.01577150821685791,-0.6030571684241295,-0.18457028083503246,-0.07308019325137138,0.18620206788182259
-0.3181603066623211,-0.028603877872228622,0.2239433154463768,0.01577150821685791,-0.6030571684241295,-0.18457028083503246,-0.07308019325137138,0.18620206788182259
-0.3181603066623211,-0.028603877872228622,0.2239433154463768,0.01577150821685791,-0.6030571684241295,-0.18457028083503246,-0.07308019325137138,0.18620206788182259
-0.3181603066623211,-0.028603877872228622,0.2239433154463768,0.01577150821685791,-0.6030571684241295,-0.18457028083503246,-0.07308019325137138,0.18620206788182259
-0.3181603066623211,-0.028603877872228622,0.2239433154463768,0.01577150821685791,-0.6030571684241295,-0.18457028083503246,-0.07308019325137138,0.18620206788182259
-0.3181603066623211,-0.028603877872228622,0.2239433154463768,0.01577150821685791,-0.6030571684241295,-0.18457028083503246,-0.07308019325137138,0.18620206788182259
-0.3181603066623211,-0.028603877872228622,0.2239433154463768,0.01577150821685791,-0.6030571684241295,-0.18457028083503246,-0.07308019325137138,0.18620206788182259
-0.3181603066623211,-0.028603877872228622,0.2239433154463768,0.01577150821685791,-0.6030571684241295,-0.18457028083503246,-0.07308019325137138,0.18620206788182259
-0.3181603066623211,-0.028603877872228622,0.2239433154463768,0.01577150821685791,-0.6030571684241295,-0.18457028083503246,-0.07308019325137138,0.18620206788182259
-0.3181603066623211,-0.028603877872228622,0.2239433154463768,0.01577150821685791,-0.6030571684241295,-0.18457028083503246,-0.07308019325137138,0.18620206788182259
-0.3181603066623211,-0.028603877872228622,0.2239433154463768,0.01577150821685791,-0.6030571684241295,-0.18457028083503246,-0.07308019325137138,0.18620206788182259
-0.3181603066623211,-0.028603877872228622,0.2239433154463768,0.01577150821685791,-0.6030571684241295,-0.18457028083503246,-0.07308019325137138,0.18620206788182259
-0.3181603066623211,-0.028603877872228622,0.2239433154463768,0.01577150821685791,-0.6030571684241295,-0.18457028083503246,-0.07308019325137138,0.18620206788182259
-0.3181603066623211,-0.028603877872228622,0.2239433154463768,0.01577150821685791,-0.6030571684241295,-0.18457028083503246,-0.07308019325137138,0.18620206788182259
-0.3181603066623211,-0.028603877872228622,0.2239433154463768,0.01577150821685791,-0.6030571684241295,-0.18457028083503246,-0.07308019325137138,0.18620206788182259
-0.3181603066623211,-0.028603877872228622,0.2239433154463768,0.01577150821685791,-0.6030571684241295,-0.18457028083503246,-0.07308019325137138,0.18620206788182259
-0.3181603066623211,-0.028603877872228622,0.2239433154463768,0.01577150821685791,-0.6030571684241295,-0.18457028083503246,-0.07308019325137138,0.18620206788182259
-0.3181603066623211,-0.028603877872228622,0.2239433154463768,0.01577150821685791,-0.6030571684241295,-0.18457028083503246,-0.07308019325137138,0.18620206788182259
-0.3181603066623211,-0.028603877872228622,0.2239433154463768,0.01577150821685791,-0.6030571684241295,-0.18457028083503246,-0.07308019325137138,0.18620206788182259
-0.3181603066623211,-0.028603877872228622,0.2239433154463768,0.01577150821685791,-0.6030571684241295,-0.18457028083503246,-0.07308019325137138,0.18620206788182259
-0.3181603066623211,-0.028603877872228622,0.2239433154463768,0.01577150821685791,-0.6030571684241295,-0.18457028083503246,-0.07308019325137138,0.18620206788182259
-0.3181603066623211,-0.028603877872228622,0.2239433154463768,0.01577150821685791,-0.6030571684241295,-0.18457028083503246,-0.07308019325137138,0.18620206788182259
-0.3181603066623211,-0.028603877872228622,0.2239433154463768,0.01577150821685791,-0.6030571684241295,-0.18457028083503246,-0.07308019325137138,0.18620206788182259
-0.3181603066623211,-0.028603877872228622,0.2239433154463768,0.01577150821685791,-0.6030571684241295,-0.18457028083503246,-0.07308019325137138,0.18620206788182259
-0.3181603066623211,-0.028603877872228622,0.2239433154463768,0.01577150821685791,-0.6030571684241295,-0.18457028083503246,-0.07308019325137138,0.18620206788182259
-0.3181603066623211,-0.028603877872228622,0.2239433154463768,0.01577150821685791,-0.6030571684241295,-0.18457028083503246,-0.07308019325137138,0.18620206788182259
-0.3181603066623211,-0.028603877872228622,0.2239433154463768,0.01577150821685791,-0.6030571684241295,-0.18457028083503246,-0.07308019325137138,0.18620206788182259
-0.3181603066623211,-0.028603877872228622,0.2239433154463768,0.01577150821685791,-0.6030571684241295,-0.18457028083503246,-0.07308019325137138,0.18620206788182259
-0.3181603066623211,-0.028603877872228622,0.2239433154463768,0.01577150821685791,-0.6030571684241295,-0.18457028083503246,-0.07308019325137138,0.18620206788182259
-0.3181603066623211,-0.028603877872228622,0.2239433154463768,0.01577150821685791,-0.6030571684241295,-0.18457028083503246,-0.07308019325137138,0.18620206788182259
-0.3181603066623211,-0.028603877872228622,0.2239433154463768,0.01577150821685791,-0.6030571684241295,-0.18457028083503246,-0.07308019325137138,0.18620206788182259
-0.3181603066623211,-0.028603877872228622,0.2239433154463768,0.01577150821685791,-0.6030571684241295,-0.18457028083503246,-0.07308019325137138,0.18620206788182259
-0.3181603066623211,-0.028603877872228622,0.2239433154463768,0.01577150821685791,-0.6030571684241295,-0.18457028083503246,-0.07308019325137138,0.18620206788182259
-0.3181603066623211,-0.028603877872228622,0.2239433154463768,0.01577150821685791,-0.6030571684241295,-0.18457028083503246,-0.07308019325137138,0.18620206788182259
-0.3181603066623211,-0.028603877872228622,0.2239433154463768,0.01577150821685791,-0.6030571684241295,-0.18457028083503246,-0.07308019325137138,0.18620206788182259
-0.3181603066623211,-0.028603877872228622,0.2239433154463768,0.01577150821685791,-0.6030571684241295,-0.18457028083503246,-0.07308019325137138,0.18620206788182259
-0.3181603066623211,-0.028603877872228622,0.2239433154463768,0.01577150821685791,-0.6030571684241295,-0.18457028083503246,-0.07308019325137138,0.18620206788182259
-0.3181603066623211,-0.028603877872228622,0.2239433154463768,0.01577150821685791,-0.6030571684241295,-0.18457028083503246,-0.07308019325137138,0.18620206788182259
-0.3181603066623211,-0.028603877872228622,0.2239433154463768,0.01577150821685791,-0.6030571684241295,-0.18457028083503246,-0.07308019325137138,0.18620206788182259
-0.3181603066623211,-0.028603877872228622,0.2239433154463768,0.01577150821685791,-0.6030571684241295,-0.18457028083503246,-0.07308019325137138,0.18620206788182259
-0.3181603066623211,-0.028603877872228622,0.2239433154463768,0.01577150821685791,-0.6030571684241295,-0.18457028083503246,-0.07308019325137138,0.18620206788182259
-0.3181603066623211,-0.028603877872228622,0.2239433154463768,0.01577150821685791,-0.6030571684241295,-0.18457028083503246,-0.07308019325137138,0.18620206788182259
-0.3181603066623211,-0.028603877872228622,0.2239433154463768,0.01577150821685791,-0.6030571684241295,-0.18457028083503246,-0.07308019325137138,0.18620206788182259
-0.3181603066623211,-0.028603877872228622,0.2239433154463768,0.01577150821685791,-0.6030571684241295,-0.18457028083503246,-0.07308019325137138,0.18620206788182259
-0.3181603066623211,-0.028603877872228622,0.2239433154463768,0.01577150821685791,-0.6030571684241295,-0.18457028083503246,-0.07308019325137138,0.18620206788182259
-0.3181603066623211,-0.028603877872228622,0.2239433154463768,0.01577150821685791,-0.6030571684241295,-0.18457028083503246,-0.07308019325137138,0.18620206788182259
-0.3181603066623211,-0.028603877872228622,0.2239433154463768,0.01577150821685791,-0.6030571684241295,-0.18457028083503246,-0.07308019325137138,0.18620206788182259
-0.3181603066623211,-0.028603877872228622,0.2239433154463768,0.01577150821685791,-0.6030571684241295,-0.18457028083503246,-0.07308019325137138,0.18620206788182259
-0.3181603066623211,-0.028603877872228622,0.2239433154463768,0.01577150821685791,-0.6030571684241295,-0.18457028083503246,-0.07308019325137138,0.18620206788182259
-0.3181603066623211,-0.028603877872228622,0.2239433154463768,0.01577150821685791,-0.6030571684241295,-0.18457028083503246,-0.07308019325137138,0.18620206788182259
-0.3181603066623211,-0.028603877872228622,0.2239433154463768,0.01577150821685791,-0.6030571684241295,-0.18457028083503246,-0.07308019325137138,0.18620206788182259
-0.3181603066623211,-0.028603877872228622,0.2239433154463768,0.01577150821685791,-0.6030571684241295,-0.18457028083503246,-0.07308019325137138,0.18620206788182259
-0.3181603066623211,-0.028603877872228622,0.2239433154463768,0.01577150821685791,-0.6030571684241295,-0.18457028083503246,-0.07308019325137138,0.18620206788182259
-0.3181603066623211,-0.028603877872228622,0.2239433154463768,0.01577150821685791,-0.6030571684241295,-0.18457028083503246,-0.07308019325137138,0.18620206788182259
-0.3181603066623211,-0.028603877872228622,0.2239433154463768,0.01577150821685791,-0.6030571684241295,-0.18457028083503246,-0.07308019325137138,0.18620206788182259
-0.3181603066623211,-0.028603877872228622,0.2239433154463768,0.01577150821685791,-0.6030571684241295,-0.18457028083503246,-0.07308019325137138,0.18620206788182259
-0.3181603066623211,-0.028603877872228622,0.2239433154463768,0.01577150821685791,-0.6030571684241295,-0.18457028083503246,-0.07308019325137138,0.18620206788182259
-0.3181603066623211,-0.028603877872228622,0.2239433154463768,0.01577150821685791,-0.6030571684241295,-0.18457028083503246,-0.07308019325137138,0.18620206788182259
-0.3181603066623211,-0.028603877872228622,0.2239433154463768,0.01577150821685791,-0.6030571684241295,-0.18457028083503246,-0.07308019325137138,0.18620206788182259
-0.3181603066623211,-0.028603877872228622,0.2239433154463768,0.01577150821685791,-0.6030571684241295,-0.18457028083503246,-0.07308019325137138,0.18620206788182259
-0.3181603066623211,-0.028603877872228622,0.2239433154463768,0.01577150821685791,-0.6030571684241295,-0.18457028083503246,-0.07308019325137138,0.18620206788182259
-0.3181603066623211,-0.028603877872228622,0.2239433154463768,0.01577150821685791,-0.6030571684241295,-0.18457028083503246,-0.07308019325137138,0.18620206788182259
-0.3181603066623211,-0.028603877872228622,0.2239433154463768,0.01577150821685791,-0.6030571684241295,-0.18457028083503246,-0.07308019325137138,0.18620206788182259
-0.3181603066623211,-0.028603877872228622,0.2239433154463768,0.01577150821685791,-0.6030571684241295,-0.18457028083503246,-0.07308019325137138,0.18620206788182259
-0.3181603066623211,-0.028603877872228622,0.2239433154463768,0.01577150821685791,-0.6030571684241295,-0.18457028083503246,-0.07308019325137138,0.18620206788182259
-0.3181603066623211,-0.028603877872228622,0.2239433154463768,0.01577150821685791,-0.6030571684241295,-0.18457028083503246,-0.07308019325137138,0.18620206788182259
-0.3181603066623211,-0.028603877872228622,0.2239433154463768,0.01577150821685791,-0.6030571684241295,-0.18457028083503246,-0.07308019325137138,0.18620206788182259
-0.3181603066623211,-0.028603877872228622,0.2239433154463768,0.01577150821685791,-0.6030571684241295,-0.18457028083503246,-0.07308019325137138,0.18620206788182259
-0.3181603066623211,-0.028603877872228622,0.2239433154463768,0.01577150821685791,-0.6030571684241295,-0.18457028083503246,-0.07308019325137138,0.18620206788182259
-0.3181603066623211,-0.028603877872228622,0.2239433154463768,0.01577150821685791,-0.6030571684241295,-0.18457028083503246,-0.07308019325137138,0.18620206788182259
-0.3181603066623211,-0.028603877872228622,0.2239433154463768,0.01577150821685791,-0.6030571684241295,-0.18457028083503246,-0.07308019325137138,0.18620206788182259
-0.3181603066623211,-0.028603877872228622,0.2239433154463768,0.01577150821685791,-0.6030571684241295,-0.18457028083503246,-0.07308019325137138,0.18620206788182259
-0.3181603066623211,-0.028603877872228622,0.2239433154463768,0.01577150821685791,-0.6030571684241295,-0.18457028083503246,-0.07308019325137138,0.18620206788182259
-0.3181603066623211,-0.028603877872228622,0.2239433154463768,0.01577150821685791,-0.6030571684241295,-0.18457028083503246,-0.07308019325137138,0.18620206788182259
-0.3181603066623211,-0.028603877872228622,0.2239433154463768,0.01577150821685791,-0.6030571684241295,-0.18457028083503246,-0.07308019325137138,0.18620206788182259
-0.3181603066623211,-0.028603877872228622,0.2239433154463768,0.01577150821685791,-0.6030571684241295,-0.18457028083503246,-0.07308019325137138,0.18620206788182259
-0.3181603066623211,-0.028603877872228622,0.2239433154463768,0.01577150821685791,-0.6030571684241295,-0.18457028083503246,-0.07308019325137138,0.18620206788182259
-0.3181603066623211,-0.028603877872228622,0.2239433154463768,0.01577150821685791,-0.6030571684241295,-0.18457028083503246,-0.07308019325137138,0.18620206788182259
-0.3181603066623211,-0.028603877872228622,0.2239433154463768,0.01577150821685791,-0.6030571684241295,-0.18457028083503246,-0.07308019325137138,0.18620206788182259
-0.3181603066623211,-0.028603877872228622,0.2239433154463768,0.01577150821685791,-0.6030571684241295,-0.18457028083503246,-0.07308019325137138,0.18620206788182259
-0.3181603066623211,-0.028603877872228622,0.2239433154463768,0.01577150821685791,-0.6030571684241295,-0.18457028083503246,-0.07308019325137138,0.18620206788182259
-0.3181603066623211,-0.028603877872228622,0.2239433154463768,0.01577150821685791,-0.6030571684241295,-0.18457028083503246,-0.07308019325137138,0.18620206788182259
-0.3181603066623211,-0.028603877872228622,0.2239433154463768,0.01577150821685791,-0.6030571684241295,-0.18457028083503246,-0.07308019325137138,0.18620206788182259
-0.3181603066623211,-0.028603877872228622,0.2239433154463768,0.01577150821685791,-0.6030571684241295,-0.18457028083503246,-0.07308019325137138,0.18620206788182259
-0.3181603066623211,-0.028603877872228622,0.2239433154463768,0.01577150821685791,-0.6030571684241295,-0.18457028083503246,-0.07308019325137138,0.18620206788182259
-0.3181603066623211,-0.028603877872228622,0.2239433154463768,0.01577150821685791,-0.6030571684241295,-0.18457028083503246,-0.07308019325137138,0.18620206788182259
-0.3181603066623211,-0.028603877872228622,0.2239433154463768,0.01577150821685791,-0.6030571684241295,-0.18457028083503246,-0.07308019325137138,0.18620206788182259
-0.3181603066623211,-0.028603877872228622,0.2239433154463768,0.01577150821685791,-0.6030571684241295,-0.18457028083503246,-0.07308019325137138,0.18620206788182259
-0.3181603066623211,-0.028603877872228622,0.2239433154463768,0.01577150821685791,-0.6030571684241295,-0.18457028083503246,-0.07308019325137138,0.18620206788182259
-0.3181603066623211,-0.028603877872228622,0.2239433154463768,0.01577150821685791,-0.6030571684241295,-0.18457028083503246,-0.07308019325137138,0.18620206788182259
-0.3181603066623211,-0.028603877872228622,0.2239433154463768,0.01577150821685791,-0.6030571684241295,-0.18457028083503246,-0.07308019325137138,0.18620206788182259
-0.3181603066623211,-0.028603877872228622,0.2239433154463768,0.01577150821685791,-0.6030571684241295,-0.18457028083503246,-0.07308019325137138,0.18620206788182259
-0.3181603066623211,-0.028603877872228622,0.2239433154463768,0.01577150821685791,-0.6030571684241295,-0.18457028083503246,-0.07308019325137138,0.18620206788182259
-0.3181603066623211,-0.028603877872228622,0.2239433154463768,0.01577150821685791,-0.6030571684241295,-0.18457028083503246,-0.07308019325137138,0.18620206788182259
-0.3181603066623211,-0.028603877872228622,0.2239433154463768,0.01577150821685791,-0.6030571684241295,-0.18457028083503246,-0.07308019325137138,0.18620206788182259
-0.3181603066623211,-0.028603877872228622,0.2239433154463768,0.01577150821685791,-0.6030571684241295,-0.18457028083503246,-0.07308019325137138,0.18620206788182259
-0.3181603066623211,-0.028603877872228622,0.2239433154463768,0.01577150821685791,-0.6030571684241295,-0.18457028083503246,-0.07308019325137138,0.18620206788182259
-0.3181603066623211,-0.028603877872228622,0.2239433154463768,0.01577150821685791,-0.6030571684241295,-0.18457028083503246,-0.07308019325137138,0.18620206788182259
-0.3181603066623211,-0.028603877872228622,0.2239433154463768,0.01577150821685791,-0.6030571684241295,-0.18457028083503246,-0.07308019325137138,0.18620206788182259
-0.3181603066623211,-0.028603877872228622,0.2239433154463768,0.01577150821685791,-0.6030571684241295,-0.18457028083503246,-0.07308019325137138,0.18620206788182259
-0.3181603066623211,-0.028603877872228622,0.2239433154463768,0.01577150821685791,-0.6030571684241295,-0.18457028083503246,-0.07308019325137138,0.18620206788182259
-0.3181603066623211,-0.028603877872228622,0.2239433154463768,0.01577150821685791,-0.6030571684241295,-0.18457028083503246,-0.07308019325137138,0.18620206788182259
-0.3181603066623211,-0.028603877872228622,0.2239433154463768,0.01577150821685791,-0.6030571684241295,-0.18457028083503246,-0.07308019325137138,0.18620206788182259
-0.3181603066623211,-0.028603877872228622,0.2239433154463768,0.01577150821685791,-0.6030571684241295,-0.18457028083503246,-0.07308019325137138,0.18620206788182259
-0.3181603066623211,-0.028603877872228622,0.2239433154463768,0.01577150821685791,-0.6030571684241295,-0.18457028083503246,-0.07308019325137138,0.18620206788182259
-0.3181603066623211,-0.028603877872228622,0.2239433154463768,0.01577150821685791,-0.6030571684241295,-0.18457028083503246,-0.07308019325137138,0.18620206788182259
-0.3181603066623211,-0.028603877872228622,0.2239433154463768,0.01577150821685791,-0.6030571684241295,-0.18457028083503246,-0.07308019325137138,0.18620206788182259
-0.3181603066623211,-0.028603877872228622,0.2239433154463768,0.01577150821685791,-0.6030571684241295,-0.18457028083503246,-0.07308019325137138,0.18620206788182259
-0.3181603066623211,-0.028603877872228622,0.2239433154463768,0.01577150821685791,-0.6030571684241295,-0.18457028083503246,-0.07308019325137138,0.18620206788182259
-0.3181603066623211,-0.028603877872228622,0.2239433154463768,0.01577150821685791,-0.6030571684241295,-0.18457028083503246,-0.07308019325137138,0.18620206788182259
-0.3181603066623211,-0.028603877872228622,0.2239433154463768,0.01577150821685791,-0.6030571684241295,-0.18457028083503246,-0.07308019325137138,0.18620206788182259
-0.3181603066623211,-0.028603877872228622,0.2239433154463768,0.01577150821685791,-0.6030571684241295,-0.18457028083503246,-0.07308019325137138,0.18620206788182259
-0.3181603066623211,-0.028603877872228622,0.2239433154463768,0.01577150821685791,-0.6030571684241295,-0.18457028083503246,-0.07308019325137138,0.18620206788182259
-0.3181603066623211,-0.028603877872228622,0.2239433154463768,0.01577150821685791,-0.6030571684241295,-0.18457028083503246,-0.07308019325137138,0.18620206788182259
-0.3181603066623211,-0.028603877872228622,0.2239433154463768,0.01577150821685791,-0.6030571684241295,-0.18457028083503246,-0.07308019325137138,0.18620206788182259
-0.3181603066623211,-0.028603877872228622,0.2239433154463768,0.01577150821685791,-0.6030571684241295,-0.18457028083503246,-0.07308019325137138,0.18620206788182259
-0.3181603066623211,-0.028603877872228622,0.2239433154463768,0.01577150821685791,-0.6030571684241295,-0.18457028083503246,-0.07308019325137138,0.18620206788182259
-0.3181603066623211,-0.028603877872228622,0.2239433154463768,0.01577150821685791,-0.6030571684241295,-0.18457028083503246,-0.07308019325137138,0.18620206788182259
-0.3181603066623211,-0.028603877872228622,0.2239433154463768,0.01577150821685791,-0.6030571684241295,-0.18457028083503246,-0.07308019325137138,0.18620206788182259
-0.3181603066623211,-0.028603877872228622,0.2239433154463768,0.01577150821685791,-0.6030571684241295,-0.18457028083503246,-0.07308019325137138,0.18620206788182259
-0.3181603066623211,-0.028603877872228622,0.2239433154463768,0.01577150821685791,-0.6030571684241295,-0.18457028083503246,-0.07308019325137138,0.18620206788182259
-0.3181603066623211,-0.028603877872228622,0.2239433154463768,0.01577150821685791,-0.6030571684241295,-0.18457028083503246,-0.07308019325137138,0.18620206788182259
-0.3181603066623211,-0.028603877872228622,0.2239433154463768,0.01577150821685791,-0.6030571684241295,-0.18457028083503246,-0.07308019325137138,0.18620206788182259
-0.3181603066623211,-0.028603877872228622,0.2239433154463768,0.01577150821685791,-0.6030571684241295,-0.18457028083503246,-0.07308019325137138,0.18620206788182259
-0.3181603066623211,-0.028603877872228622,0.2239433154463768,0.01577150821685791,-0.6030571684241295,-0.18457028083503246,-0.07308019325137138,0.18620206788182259
-0.3181603066623211,-0.028603877872228622,0.2239433154463768,0.01577150821685791,-0.6030571684241295,-0.18457028083503246,-0.07308019325137138,0.18620206788182259
-0.3181603066623211,-0.028603877872228622,0.2239433154463768,0.01577150821685791,-0.6030571684241295,-0.18457028083503246,-0.07308019325137138,0.18620206788182259
-0.3181603066623211,-0.028603877872228622,0.2239433154463768,0.01577150821685791,-0.6030571684241295,-0.18457028083503246,-0.07308019325137138,0.18620206788182259
-0.3181603066623211,-0.028603877872228622,0.2239433154463768,0.01577150821685791,-0.6030571684241295,-0.18457028083503246,-0.07308019325137138,0.18620206788182259
-0.3181603066623211,-0.028603877872228622,0.2239433154463768,0.01577150821685791,-0.6030571684241295,-0.18457028083503246,-0.07308019325137138,0.18620206788182259
-0.3181603066623211,-0.028603877872228622,0.2239433154463768,0.01577150821685791,-0.6030571684241295,-0.18457028083503246,-0.07308019325137138,0.18620206788182259
-0.3181603066623211,-0.028603877872228622,0.2239433154463768,0.01577150821685791,-0.6030571684241295,-0.18457028083503246,-0.07308019325137138,0.18620206788182259
-0.3181603066623211,-0.028603877872228622,0.2239433154463768,0.01577150821685791,-0.6030571684241295,-0.18457028083503246,-0.07308019325137138,0.18620206788182259
-0.3181603066623211,-0.028603877872228622,0.2239433154463768,0.01577150821685791,-0.6030571684241295,-0.18457028083503246,-0.07308019325137138,0.18620206788182259
-0.3181603066623211,-0.028603877872228622,0.2239433154463768,0.01577150821685791,-0.6030571684241295,-0.18457028083503246,-0.07308019325137138,0.18620206788182259
-0.3181603066623211,-0.028603877872228622,0.2239433154463768,0.01577150821685791,-0.6030571684241295,-0.18457028083503246,-0.07308019325137138,0.18620206788182259
-0.3181603066623211,-0.028603877872228622,0.2239433154463768,0.01577150821685791,-0.6030571684241295,-0.18457028083503246,-0.07308019325137138,0.18620206788182259
-0.3181603066623211,-0.028603877872228622,0.2239433154463768,0.01577150821685791,-0.6030571684241295,-0.18457028083503246,-0.07308019325137138,0.18620206788182259
-0.3181603066623211,-0.028603877872228622,0.2239433154463768,0.01577150821685791,-0.6030571684241295,-0.18457028083503246,-0.07308019325137138,0.18620206788182259
-0.3181603066623211,-0.028603877872228622,0.2239433154463768,0.01577150821685791,-0.6030571684241295,-0.18457028083503246,-0.07308019325137138,0.18620206788182259
-0.3181603066623211,-0.028603877872228622,0.2239433154463768,0.01577150821685791,-0.6030571684241295,-0.18457028083503246,-0.07308019325137138,0.18620206788182259
-0.3181603066623211,-0.028603877872228622,0.2239433154463768,0.01577150821685791,-0.6030571684241295,-0.18457028083503246,-0.07308019325137138,0.18620206788182259
-0.3181603066623211,-0.028603877872228622,0.2239433154463768,0.01577150821685791,-0.6030571684241295,-0.18457028083503246,-0.07308019325137138,0.18620206788182259
-0.3181603066623211,-0.028603877872228622,0.2239433154463768,0.01577150821685791,-0.6030571684241295,-0.18457028083503246,-0.07308019325137138,0.18620206788182259
-0.3181603066623211,-0.028603877872228622,0.2239433154463768,0.01577150821685791,-0.6030571684241295,-0.18457028083503246,-0.07308019325137138,0.18620206788182259
-0.3181603066623211,-0.028603877872228622,0.2239433154463768,0.01577150821685791,-0.6030571684241295,-0.18457028083503246,-0.07308019325137138,0.18620206788182259
-0.3181603066623211,-0.028603877872228622,0.2239433154463768,0.01577150821685791,-0.6030571684241295,-0.18457028083503246,-0.07308019325137138,0.18620206788182259
-0.3181603066623211,-0.028603877872228622,0.2239433154463768,0.01577150821685791,-0.6030571684241295,-0.18457028083503246,-0.07308019325137138,0.18620206788182259
-0.3181603066623211,-0.028603877872228622,0.2239433154463768,0.01577150821685791,-0.6030571684241295,-0.18457028083503246,-0.07308019325137138,0.18620206788182259
-0.3181603066623211,-0.028603877872228622,0.2239433154463768,0.01577150821685791,-0.6030571684241295,-0.18457028083503246,-0.07308019325137138,0.18620206788182259
-0.3181603066623211,-0.028603877872228622,0.2239433154463768,0.01577150821685791,-0.6030571684241295,-0.18457028083503246,-0.07308019325137138,0.18620206788182259
-0.3181603066623211,-0.028603877872228622,0.2239433154463768,0.01577150821685791,-0.6030571684241295,-0.18457028083503246,-0.07308019325137138,0.18620206788182259
-0.3181603066623211,-0.028603877872228622,0.2239433154463768,0.01577150821685791,-0.6030571684241295,-0.18457028083503246,-0.07308019325137138,0.18620206788182259
-0.3181603066623211,-0.028603877872228622,0.2239433154463768,0.01577150821685791,-0.6030571684241295,-0.18457028083503246,-0.07308019325137138,0.18620206788182259
-0.3181603066623211,-0.028603877872228622,0.2239433154463768,0.01577150821685791,-0.6030571684241295,-0.18457028083503246,-0.07308019325137138,0.18620206788182259
-0.3181603066623211,-0.028603877872228622,0.2239433154463768,0.01577150821685791,-0.6030571684241295,-0.18457028083503246,-0.07308019325137138,0.18620206788182259
-0.3181603066623211,-0.028603877872228622,0.2239433154463768,0.01577150821685791,-0.6030571684241295,-0.18457028083503246,-0.07308019325137138,0.18620206788182259
-0.3181603066623211,-0.028603877872228622,0.2239433154463768,0.01577150821685791,-0.6030571684241295,-0.18457028083503246,-0.07308019325137138,0.18620206788182259
-0.3181603066623211,-0.028603877872228622,0.2239433154463768,0.01577150821685791,-0.6030571684241295,-0.18457028083503246,-0.07308019325137138,0.18620206788182259
-0.3181603066623211,-0.028603877872228622,0.2239433154463768,0.01577150821685791,-0.6030571684241295,-0.18457028083503246,-0.07308019325137138,0.18620206788182259
-0.3181603066623211,-0.028603877872228622,0.2239433154463768,0.01577150821685791,-0.6030571684241295,-0.18457028083503246,-0.07308019325137138,0.18620206788182259
-0.3181603066623211,-0.028603877872228622,0.2239433154463768,0.01577150821685791,-0.6030571684241295,-0.18457028083503246,-0.07308019325137138,0.18620206788182259
-0.3181603066623211,-0.028603877872228622,0.2239433154463768,0.01577150821685791,-0.6030571684241295,-0.18457028083503246,-0.07308019325137138,0.18620206788182259
-0.3181603066623211,-0.028603877872228622,0.2239433154463768,0.01577150821685791,-0.6030571684241295,-0.18457028083503246,-0.07308019325137138,0.18620206788182259
-0.3181603066623211,-0.028603877872228622,0.2239433154463768,0.01577150821685791,-0.6030571684241295,-0.18457028083503246,-0.07308019325137138,0.18620206788182259
-0.3181603066623211,-0.028603877872228622,0.2239433154463768,0.01577150821685791,-0.6030571684241295,-0.18457028083503246,-0.07308019325137138,0.18620206788182259
-0.3181603066623211,-0.028603877872228622,0.2239433154463768,0.01577150821685791,-0.6030571684241295,-0.18457028083503246,-0.07308019325137138,0.18620206788182259
-0.3181603066623211,-0.028603877872228622,0.2239433154463768,0.01577150821685791,-0.6030571684241295,-0.18457028083503246,-0.07308019325137138,0.18620206788182259
-0.3181603066623211,-0.028603877872228622,0.2239433154463768,0.01577150821685791,-0.6030571684241295,-0.18457028083503246,-0.07308019325137138,0.18620206788182259
-0.3181603066623211,-0.028603877872228622,0.2239433154463768,0.01577150821685791,-0.6030571684241295,-0.18457028083503246,-0.07308019325137138,0.18620206788182259
-0.3181603066623211,-0.028603877872228622,0.2239433154463768,0.01577150821685791,-0.6030571684241295,-0.18457028083503246,-0.07308019325137138,0.18620206788182259
-0.3181603066623211,-0.028603877872228622,0.2239433154463768,0.01577150821685791,-0.6030571684241295,-0.18457028083503246,-0.07308019325137138,0.18620206788182259
-0.3181603066623211,-0.028603877872228622,0.2239433154463768,0.01577150821685791,-0.6030571684241295,-0.18457028083503246,-0.07308019325137138,0.18620206788182259
-0.3181603066623211,-0.028603877872228622,0.2239433154463768,0.01577150821685791,-0.6030571684241295,-0.18457028083503246,-0.07308019325137138,0.18620206788182259
-0.3181603066623211,-0.028603877872228622,0.2239433154463768,0.01577150821685791,-0.6030571684241295,-0.18457028083503246,-0.07308019325137138,0.18620206788182259
-0.3181603066623211,-0.028603877872228622,0.2239433154463768,0.01577150821685791,-0.6030571684241295,-0.18457028083503246,-0.07308019325137138,0.18620206788182259
-0.3181603066623211,-0.028603877872228622,0.2239433154463768,0.01577150821685791,-0.6030571684241295,-0.18457028083503246,-0.07308019325137138,0.18620206788182259
-0.3181603066623211,-0.028603877872228622,0.2239433154463768,0.01577150821685791,-0.6030571684241295,-0.18457028083503246,-0.07308019325137138,0.18620206788182259
-0.3181603066623211,-0.028603877872228622,0.2239433154463768,0.01577150821685791,-0.6030571684241295,-0.18457028083503246,-0.07308019325137138,0.18620206788182259
-0.3181603066623211,-0.028603877872228622,0.2239433154463768,0.01577150821685791,-0.6030571684241295,-0.18457028083503246,-0.07308019325137138,0.18620206788182259
-0.3181603066623211,-0.028603877872228622,0.2239433154463768,0.01577150821685791,-0.6030571684241295,-0.18457028083503246,-0.07308019325137138,0.18620206788182259
-0.3181603066623211,-0.028603877872228622,0.2239433154463768,0.01577150821685791,-0.6030571684241295,-0.18457028083503246,-0.07308019325137138,0.18620206788182259
-0.3181603066623211,-0.028603877872228622,0.2239433154463768,0.01577150821685791,-0.6030571684241295,-0.18457028083503246,-0.07308019325137138,0.18620206788182259
-0.3181603066623211,-0.028603877872228622,0.2239433154463768,0.01577150821685791,-0.6030571684241295,-0.18457028083503246,-0.07308019325137138,0.18620206788182259
-0.3181603066623211,-0.028603877872228622,0.2239433154463768,0.01577150821685791,-0.6030571684241295,-0.18457028083503246,-0.07308019325137138,0.18620206788182259
-0.3181603066623211,-0.028603877872228622,0.2239433154463768,0.01577150821685791,-0.6030571684241295,-0.18457028083503246,-0.07308019325137138,0.18620206788182259
-0.3181603066623211,-0.028603877872228622,0.2239433154463768,0.01577150821685791,-0.6030571684241295,-0.18457028083503246,-0.07308019325137138,0.18620206788182259
-0.3181603066623211,-0.028603877872228622,0.2239433154463768,0.01577150821685791,-0.6030571684241295,-0.18457028083503246,-0.07308019325137138,0.18620206788182259
-0.3181603066623211,-0.028603877872228622,0.2239433154463768,0.01577150821685791,-0.6030571684241295,-0.18457028083503246,-0.07308019325137138,0.18620206788182259
-0.3181603066623211,-0.028603877872228622,0.2239433154463768,0.01577150821685791,-0.6030571684241295,-0.18457028083503246,-0.07308019325137138,0.18620206788182259
-0.3181603066623211,-0.028603877872228622,0.2239433154463768,0.01577150821685791,-0.6030571684241295,-0.18457028083503246,-0.07308019325137138,0.18620206788182259
-0.3181603066623211,-0.028603877872228622,0.2239433154463768,0.01577150821685791,-0.6030571684241295,-0.18457028083503246,-0.07308019325137138,0.18620206788182259
-0.3181603066623211,-0.028603877872228622,0.2239433154463768,0.01577150821685791,-0.6030571684241295,-0.18457028083503246,-0.07308019325137138,0.18620206788182259
-0.3181603066623211,-0.028603877872228622,0.2239433154463768,0.01577150821685791,-0.6030571684241295,-0.18457028083503246,-0.07308019325137138,0.18620206788182259
-0.3181603066623211,-0.028603877872228622,0.2239433154463768,0.01577150821685791,-0.6030571684241295,-0.18457028083503246,-0.07308019325137138,0.18620206788182259
-0.3181603066623211,-0.028603877872228622,0.2239433154463768,0.01577150821685791,-0.6030571684241295,-0.18457028083503246,-0.07308019325137138,0.18620206788182259
-0.3181603066623211,-0.028603877872228622,0.2239433154463768,0.01577150821685791,-0.6030571684241295,-0.18457028083503246,-0.07308019325137138,0.18620206788182259
-0.3181603066623211,-0.028603877872228622,0.2239433154463768,0.01577150821685791,-0.6030571684241295,-0.18457028083503246,-0.07308019325137138,0.18620206788182259
-0.3181603066623211,-0.028603877872228622,0.2239433154463768,0.01577150821685791,-0.6030571684241295,-0.18457028083503246,-0.07308019325137138,0.18620206788182259
-0.3181603066623211,-0.028603877872228622,0.2239433154463768,0.01577150821685791,-0.6030571684241295,-0.18457028083503246,-0.07308019325137138,0.18620206788182259
-0.3181603066623211,-0.028603877872228622,0.2239433154463768,0.01577150821685791,-0.6030571684241295,-0.18457028083503246,-0.07308019325137138,0.18620206788182259
-0.3181603066623211,-0.028603877872228622,0.2239433154463768,0.01577150821685791,-0.6030571684241295,-0.18457028083503246,-0.07308019325137138,0.18620206788182259
-0.3181603066623211,-0.028603877872228622,0.2239433154463768,0.01577150821685791,-0.6030571684241295,-0.18457028083503246,-0.07308019325137138,0.18620206788182259
-0.3181603066623211,-0.028603877872228622,0.2239433154463768,0.01577150821685791,-0.6030571684241295,-0.18457028083503246,-0.07308019325137138,0.18620206788182259
-0.3181603066623211,-0.028603877872228622,0.2239433154463768,0.01577150821685791,-0.6030571684241295,-0.18457028083503246,-0.07308019325137138,0.18620206788182259
-0.3181603066623211,-0.028603877872228622,0.2239433154463768,0.01577150821685791,-0.6030571684241295,-0.18457028083503246,-0.07308019325137138,0.18620206788182259
-0.3181603066623211,-0.028603877872228622,0.2239433154463768,0.01577150821685791,-0.6030571684241295,-0.18457028083503246,-0.07308019325137138,0.18620206788182259
-0.3181603066623211,-0.028603877872228622,0.2239433154463768,0.01577150821685791,-0.6030571684241295,-0.18457028083503246,-0.07308019325137138,0.18620206788182259
-0.3181603066623211,-0.028603877872228622,0.2239433154463768,0.01577150821685791,-0.6030571684241295,-0.18457028083503246,-0.07308019325137138,0.18620206788182259
-0.3181603066623211,-0.028603877872228622,0.2239433154463768,0.01577150821685791,-0.6030571684241295,-0.18457028083503246,-0.07308019325137138,0.18620206788182259
-0.3181603066623211,-0.028603877872228622,0.2239433154463768,0.01577150821685791,-0.6030571684241295,-0.18457028083503246,-0.07308019325137138,0.18620206788182259
-0.3181603066623211,-0.028603877872228622,0.2239433154463768,0.01577150821685791,-0.6030571684241295,-0.18457028083503246,-0.07308019325137138,0.18620206788182259
-0.3181603066623211,-0.028603877872228622,0.2239433154463768,0.01577150821685791,-0.6030571684241295,-0.18457028083503246,-0.07308019325137138,0.18620206788182259
-0.3181603066623211,-0.028603877872228622,0.2239433154463768,0.01577150821685791,-0.6030571684241295,-0.18457028083503246,-0.07308019325137138,0.18620206788182259
-0.3181603066623211,-0.028603877872228622,0.2239433154463768,0.01577150821685791,-0.6030571684241295,-0.18457028083503246,-0.07308019325137138,0.18620206788182259
-0.3181603066623211,-0.028603877872228622,0.2239433154463768,0.01577150821685791,-0.6030571684241295,-0.18457028083503246,-0.07308019325137138,0.18620206788182259
-0.3181603066623211,-0.028603877872228622,0.2239433154463768,0.01577150821685791,-0.6030571684241295,-0.18457028083503246,-0.07308019325137138,0.18620206788182259
-0.3181603066623211,-0.028603877872228622,0.2239433154463768,0.01577150821685791,-0.6030571684241295,-0.18457028083503246,-0.07308019325137138,0.18620206788182259
-0.3181603066623211,-0.028603877872228622,0.2239433154463768,0.01577150821685791,-0.6030571684241295,-0.18457028083503246,-0.07308019325137138,0.18620206788182259
-0.3181603066623211,-0.028603877872228622,0.2239433154463768,0.01577150821685791,-0.6030571684241295,-0.18457028083503246,-0.07308019325137138,0.18620206788182259
-0.3181603066623211,-0.028603877872228622,0.2239433154463768,0.01577150821685791,-0.6030571684241295,-0.18457028083503246,-0.07308019325137138,0.18620206788182259
-0.3181603066623211,-0.028603877872228622,0.2239433154463768,0.01577150821685791,-0.6030571684241295,-0.18457028083503246,-0.07308019325137138,0.18620206788182259
-0.3181603066623211,-0.028603877872228622,0.2239433154463768,0.01577150821685791,-0.6030571684241295,-0.18457028083503246,-0.07308019325137138,0.18620206788182259
-0.3181603066623211,-0.028603877872228622,0.2239433154463768,0.01577150821685791,-0.6030571684241295,-0.18457028083503246,-0.07308019325137138,0.18620206788182259
-0.3181603066623211,-0.028603877872228622,0.2239433154463768,0.01577150821685791,-0.6030571684241295,-0.18457028083503246,-0.07308019325137138,0.18620206788182259
-0.3181603066623211,-0.028603877872228622,0.2239433154463768,0.01577150821685791,-0.6030571684241295,-0.18457028083503246,-0.07308019325137138,0.18620206788182259
-0.3181603066623211,-0.028603877872228622,0.2239433154463768,0.01577150821685791,-0.6030571684241295,-0.18457028083503246,-0.07308019325137138,0.18620206788182259
-0.3181603066623211,-0.028603877872228622,0.2239433154463768,0.01577150821685791,-0.6030571684241295,-0.18457028083503246,-0.07308019325137138,0.18620206788182259
-0.3181603066623211,-0.028603877872228622,0.2239433154463768,0.01577150821685791,-0.6030571684241295,-0.18457028083503246,-0.07308019325137138,0.18620206788182259
-0.3181603066623211,-0.028603877872228622,0.2239433154463768,0.01577150821685791,-0.6030571684241295,-0.18457028083503246,-0.07308019325137138,0.18620206788182259
-0.3181603066623211,-0.028603877872228622,0.2239433154463768,0.01577150821685791,-0.6030571684241295,-0.18457028083503246,-0.07308019325137138,0.18620206788182259
-0.3181603066623211,-0.028603877872228622,0.2239433154463768,0.01577150821685791,-0.6030571684241295,-0.18457028083503246,-0.07308019325137138,0.18620206788182259
-0.3181603066623211,-0.028603877872228622,0.2239433154463768,0.01577150821685791,-0.6030571684241295,-0.18457028083503246,-0.07308019325137138,0.18620206788182259
-0.3181603066623211,-0.028603877872228622,0.2239433154463768,0.01577150821685791,-0.6030571684241295,-0.18457028083503246,-0.07308019325137138,0.18620206788182259
-0.3181603066623211,-0.028603877872228622,0.2239433154463768,0.01577150821685791,-0.6030571684241295,-0.18457028083503246,-0.07308019325137138,0.18620206788182259
-0.3181603066623211,-0.028603877872228622,0.2239433154463768,0.01577150821685791,-0.6030571684241295,-0.18457028083503246,-0.07308019325137138,0.18620206788182259
-0.3181603066623211,-0.028603877872228622,0.2239433154463768,0.01577150821685791,-0.6030571684241295,-0.18457028083503246,-0.07308019325137138,0.18620206788182259
-0.3181603066623211,-0.028603877872228622,0.2239433154463768,0.01577150821685791,-0.6030571684241295,-0.18457028083503246,-0.07308019325137138,0.18620206788182259
-0.3181603066623211,-0.028603877872228622,0.2239433154463768,0.01577150821685791,-0.6030571684241295,-0.18457028083503246,-0.07308019325137138,0.18620206788182259
-0.3181603066623211,-0.028603877872228622,0.2239433154463768,0.01577150821685791,-0.6030571684241295,-0.18457028083503246,-0.07308019325137138,0.18620206788182259
-0.3181603066623211,-0.028603877872228622,0.2239433154463768,0.01577150821685791,-0.6030571684241295,-0.18457028083503246,-0.07308019325137138,0.18620206788182259
-0.3181603066623211,-0.028603877872228622,0.2239433154463768,0.01577150821685791,-0.6030571684241295,-0.18457028083503246,-0.07308019325137138,0.18620206788182259
-0.3181603066623211,-0.028603877872228622,0.2239433154463768,0.01577150821685791,-0.6030571684241295,-0.18457028083503246,-0.07308019325137138,0.18620206788182259
-0.3181603066623211,-0.028603877872228622,0.2239433154463768,0.01577150821685791,-0.6030571684241295,-0.18457028083503246,-0.07308019325137138,0.18620206788182259
-0.3181603066623211,-0.028603877872228622,0.2239433154463768,0.01577150821685791,-0.6030571684241295,-0.18457028083503246,-0.07308019325137138,0.18620206788182259
-0.3181603066623211,-0.028603877872228622,0.2239433154463768,0.01577150821685791,-0.6030571684241295,-0.18457028083503246,-0.07308019325137138,0.18620206788182259
-0.3181603066623211,-0.028603877872228622,0.2239433154463768,0.01577150821685791,-0.6030571684241295,-0.18457028083503246,-0.07308019325137138,0.18620206788182259
-0.3181603066623211,-0.028603877872228622,0.2239433154463768,0.01577150821685791,-0.6030571684241295,-0.18457028083503246,-0.07308019325137138,0.18620206788182259
-0.3181603066623211,-0.028603877872228622,0.2239433154463768,0.01577150821685791,-0.6030571684241295,-0.18457028083503246,-0.07308019325137138,0.18620206788182259
-0.3181603066623211,-0.028603877872228622,0.2239433154463768,0.01577150821685791,-0.6030571684241295,-0.18457028083503246,-0.07308019325137138,0.18620206788182259
-0.3181603066623211,-0.028603877872228622,0.2239433154463768,0.01577150821685791,-0.6030571684241295,-0.18457028083503246,-0.07308019325137138,0.18620206788182259
-0.3181603066623211,-0.028603877872228622,0.2239433154463768,0.01577150821685791,-0.6030571684241295,-0.18457028083503246,-0.07308019325137138,0.18620206788182259
-0.3181603066623211,-0.028603877872228622,0.2239433154463768,0.01577150821685791,-0.6030571684241295,-0.18457028083503246,-0.07308019325137138,0.18620206788182259
-0.3181603066623211,-0.028603877872228622,0.2239433154463768,0.01577150821685791,-0.6030571684241295,-0.18457028083503246,-0.07308019325137138,0.18620206788182259
-0.3181603066623211,-0.028603877872228622,0.2239433154463768,0.01577150821685791,-0.6030571684241295,-0.18457028083503246,-0.07308019325137138,0.18620206788182259
-0.3181603066623211,-0.028603877872228622,0.2239433154463768,0.01577150821685791,-0.6030571684241295,-0.18457028083503246,-0.07308019325137138,0.18620206788182259
-0.3181603066623211,-0.028603877872228622,0.2239433154463768,0.01577150821685791,-0.6030571684241295,-0.18457028083503246,-0.07308019325137138,0.18620206788182259
-0.3181603066623211,-0.028603877872228622,0.2239433154463768,0.01577150821685791,-0.6030571684241295,-0.18457028083503246,-0.07308019325137138,0.18620206788182259
-0.3181603066623211,-0.028603877872228622,0.2239433154463768,0.01577150821685791,-0.6030571684241295,-0.18457028083503246,-0.07308019325137138,0.18620206788182259
-0.3181603066623211,-0.028603877872228622,0.2239433154463768,0.01577150821685791,-0.6030571684241295,-0.18457028083503246,-0.07308019325137138,0.18620206788182259
-0.3181603066623211,-0.028603877872228622,0.2239433154463768,0.01577150821685791,-0.6030571684241295,-0.18457028083503246,-0.07308019325137138,0.18620206788182259
-0.3181603066623211,-0.028603877872228622,0.2239433154463768,0.01577150821685791,-0.6030571684241295,-0.18457028083503246,-0.07308019325137138,0.18620206788182259
-0.3181603066623211,-0.028603877872228622,0.2239433154463768,0.01577150821685791,-0.6030571684241295,-0.18457028083503246,-0.07308019325137138,0.18620206788182259
-0.3181603066623211,-0.028603877872228622,0.2239433154463768,0.01577150821685791,-0.6030571684241295,-0.18457028083503246,-0.07308019325137138,0.18620206788182259
-0.3181603066623211,-0.028603877872228622,0.2239433154463768,0.01577150821685791,-0.6030571684241295,-0.18457028083503246,-0.07308019325137138,0.18620206788182259
-0.3181603066623211,-0.028603877872228622,0.2239433154463768,0.01577150821685791,-0.6030571684241295,-0.18457028083503246,-0.07308019325137138,0.18620206788182259
-0.3181603066623211,-0.028603877872228622,0.2239433154463768,0.01577150821685791,-0.6030571684241295,-0.18457028083503246,-0.07308019325137138,0.18620206788182259
-0.3181603066623211,-0.028603877872228622,0.2239433154463768,0.01577150821685791,-0.6030571684241295,-0.18457028083503246,-0.07308019325137138,0.18620206788182259
-0.3181603066623211,-0.028603877872228622,0.2239433154463768,0.01577150821685791,-0.6030571684241295,-0.18457028083503246,-0.07308019325137138,0.18620206788182259
-0.3181603066623211,-0.028603877872228622,0.2239433154463768,0.01577150821685791,-0.6030571684241295,-0.18457028083503246,-0.07308019325137138,0.18620206788182259
-0.3181603066623211,-0.028603877872228622,0.2239433154463768,0.01577150821685791,-0.6030571684241295,-0.18457028083503246,-0.07308019325137138,0.18620206788182259
-0.3181603066623211,-0.028603877872228622,0.2239433154463768,0.01577150821685791,-0.6030571684241295,-0.18457028083503246,-0.07308019325137138,0.18620206788182259
-0.3181603066623211,-0.028603877872228622,0.2239433154463768,0.01577150821685791,-0.6030571684241295,-0.18457028083503246,-0.07308019325137138,0.18620206788182259
-0.3181603066623211,-0.028603877872228622,0.2239433154463768,0.01577150821685791,-0.6030571684241295,-0.18457028083503246,-0.07308019325137138,0.18620206788182259
-0.3181603066623211,-0.028603877872228622,0.2239433154463768,0.01577150821685791,-0.6030571684241295,-0.18457028083503246,-0.07308019325137138,0.18620206788182259
-0.3181603066623211,-0.028603877872228622,0.2239433154463768,0.01577150821685791,-0.6030571684241295,-0.18457028083503246,-0.07308019325137138,0.18620206788182259
-0.3181603066623211,-0.028603877872228622,0.2239433154463768,0.01577150821685791,-0.6030571684241295,-0.18457028083503246,-0.07308019325137138,0.18620206788182259
-0.3181603066623211,-0.028603877872228622,0.2239433154463768,0.01577150821685791,-0.6030571684241295,-0.18457028083503246,-0.07308019325137138,0.18620206788182259
-0.3181603066623211,-0.028603877872228622,0.2239433154463768,0.01577150821685791,-0.6030571684241295,-0.18457028083503246,-0.07308019325137138,0.18620206788182259
-0.3181603066623211,-0.028603877872228622,0.2239433154463768,0.01577150821685791,-0.6030571684241295,-0.18457028083503246,-0.07308019325137138,0.18620206788182259
-0.3181603066623211,-0.028603877872228622,0.2239433154463768,0.01577150821685791,-0.6030571684241295,-0.18457028083503246,-0.07308019325137138,0.18620206788182259
-0.3181603066623211,-0.028603877872228622,0.2239433154463768,0.01577150821685791,-0.6030571684241295,-0.18457028083503246,-0.07308019325137138,0.18620206788182259
-0.3181603066623211,-0.028603877872228622,0.2239433154463768,0.01577150821685791,-0.6030571684241295,-0.18457028083503246,-0.07308019325137138,0.18620206788182259
-0.3181603066623211,-0.028603877872228622,0.2239433154463768,0.01577150821685791,-0.6030571684241295,-0.18457028083503246,-0.07308019325137138,0.18620206788182259
-0.3181603066623211,-0.028603877872228622,0.2239433154463768,0.01577150821685791,-0.6030571684241295,-0.18457028083503246,-0.07308019325137138,0.18620206788182259
-0.3181603066623211,-0.028603877872228622,0.2239433154463768,0.01577150821685791,-0.6030571684241295,-0.18457028083503246,-0.07308019325137138,0.18620206788182259
-0.3181603066623211,-0.028603877872228622,0.2239433154463768,0.01577150821685791,-0.6030571684241295,-0.18457028083503246,-0.07308019325137138,0.18620206788182259
-0.3181603066623211,-0.028603877872228622,0.2239433154463768,0.01577150821685791,-0.6030571684241295,-0.18457028083503246,-0.07308019325137138,0.18620206788182259
-0.3181603066623211,-0.028603877872228622,0.2239433154463768,0.01577150821685791,-0.6030571684241295,-0.18457028083503246,-0.07308019325137138,0.18620206788182259
-0.3181603066623211,-0.028603877872228622,0.2239433154463768,0.01577150821685791,-0.6030571684241295,-0.18457028083503246,-0.07308019325137138,0.18620206788182259
-0.3181603066623211,-0.028603877872228622,0.2239433154463768,0.01577150821685791,-0.6030571684241295,-0.18457028083503246,-0.07308019325137138,0.18620206788182259
-0.3181603066623211,-0.028603877872228622,0.2239433154463768,0.01577150821685791,-0.6030571684241295,-0.18457028083503246,-0.07308019325137138,0.18620206788182259
-0.3181603066623211,-0.028603877872228622,0.2239433154463768,0.01577150821685791,-0.6030571684241295,-0.18457028083503246,-0.07308019325137138,0.18620206788182259
-0.3181603066623211,-0.028603877872228622,0.2239433154463768,0.01577150821685791,-0.6030571684241295,-0.18457028083503246,-0.07308019325137138,0.18620206788182259
-0.3181603066623211,-0.028603877872228622,0.2239433154463768,0.01577150821685791,-0.6030571684241295,-0.18457028083503246,-0.07308019325137138,0.18620206788182259
-0.3181603066623211,-0.028603877872228622,0.2239433154463768,0.01577150821685791,-0.6030571684241295,-0.18457028083503246,-0.07308019325137138,0.18620206788182259
-0.3181603066623211,-0.028603877872228622,0.2239433154463768,0.01577150821685791,-0.6030571684241295,-0.18457028083503246,-0.07308019325137138,0.18620206788182259
-0.3181603066623211,-0.028603877872228622,0.2239433154463768,0.01577150821685791,-0.6030571684241295,-0.18457028083503246,-0.07308019325137138,0.18620206788182259
-0.3181603066623211,-0.028603877872228622,0.2239433154463768,0.01577150821685791,-0.6030571684241295,-0.18457028083503246,-0.07308019325137138,0.18620206788182259
-0.3181603066623211,-0.028603877872228622,0.2239433154463768,0.01577150821685791,-0.6030571684241295,-0.18457028083503246,-0.07308019325137138,0.18620206788182259
-0.3181603066623211,-0.028603877872228622,0.2239433154463768,0.01577150821685791,-0.6030571684241295,-0.18457028083503246,-0.07308019325137138,0.18620206788182259
-0.3181603066623211,-0.028603877872228622,0.2239433154463768,0.01577150821685791,-0.6030571684241295,-0.18457028083503246,-0.07308019325137138,0.18620206788182259
-0.3181603066623211,-0.028603877872228622,0.2239433154463768,0.01577150821685791,-0.6030571684241295,-0.18457028083503246,-0.07308019325137138,0.18620206788182259
-0.3181603066623211,-0.028603877872228622,0.2239433154463768,0.01577150821685791,-0.6030571684241295,-0.18457028083503246,-0.07308019325137138,0.18620206788182259
-0.3181603066623211,-0.028603877872228622,0.2239433154463768,0.01577150821685791,-0.6030571684241295,-0.18457028083503246,-0.07308019325137138,0.18620206788182259
-0.3181603066623211,-0.028603877872228622,0.2239433154463768,0.01577150821685791,-0.6030571684241295,-0.18457028083503246,-0.07308019325137138,0.18620206788182259
-0.3181603066623211,-0.028603877872228622,0.2239433154463768,0.01577150821685791,-0.6030571684241295,-0.18457028083503246,-0.07308019325137138,0.18620206788182259
-0.3181603066623211,-0.028603877872228622,0.2239433154463768,0.01577150821685791,-0.6030571684241295,-0.18457028083503246,-0.07308019325137138,0.18620206788182259
-0.3181603066623211,-0.028603877872228622,0.2239433154463768,0.01577150821685791,-0.6030571684241295,-0.18457028083503246,-0.07308019325137138,0.18620206788182259
-0.3181603066623211,-0.028603877872228622,0.2239433154463768,0.01577150821685791,-0.6030571684241295,-0.18457028083503246,-0.07308019325137138,0.18620206788182259
-0.3181603066623211,-0.028603877872228622,0.2239433154463768,0.01577150821685791,-0.6030571684241295,-0.18457028083503246,-0.07308019325137138,0.18620206788182259
-0.3181603066623211,-0.028603877872228622,0.2239433154463768,0.01577150821685791,-0.6030571684241295,-0.18457028083503246,-0.07308019325137138,0.18620206788182259
-0.3181603066623211,-0.028603877872228622,0.2239433154463768,0.01577150821685791,-0.6030571684241295,-0.18457028083503246,-0.07308019325137138,0.18620206788182259
-0.3181603066623211,-0.028603877872228622,0.2239433154463768,0.01577150821685791,-0.6030571684241295,-0.18457028083503246,-0.07308019325137138,0.18620206788182259
-0.3181603066623211,-0.028603877872228622,0.2239433154463768,0.01577150821685791,-0.6030571684241295,-0.18457028083503246,-0.07308019325137138,0.18620206788182259
-0.3181603066623211,-0.028603877872228622,0.2239433154463768,0.01577150821685791,-0.6030571684241295,-0.18457028083503246,-0.07308019325137138,0.18620206788182259
-0.3181603066623211,-0.028603877872228622,0.2239433154463768,0.01577150821685791,-0.6030571684241295,-0.18457028083503246,-0.07308019325137138,0.18620206788182259
-0.3181603066623211,-0.028603877872228622,0.2239433154463768,0.01577150821685791,-0.6030571684241295,-0.18457028083503246,-0.07308019325137138,0.18620206788182259
-0.3181603066623211,-0.028603877872228622,0.2239433154463768,0.01577150821685791,-0.6030571684241295,-0.18457028083503246,-0.07308019325137138,0.18620206788182259
-0.3181603066623211,-0.028603877872228622,0.2239433154463768,0.01577150821685791,-0.6030571684241295,-0.18457028083503246,-0.07308019325137138,0.18620206788182259
-0.3181603066623211,-0.028603877872228622,0.2239433154463768,0.01577150821685791,-0.6030571684241295,-0.18457028083503246,-0.07308019325137138,0.18620206788182259
-0.3181603066623211,-0.028603877872228622,0.2239433154463768,0.01577150821685791,-0.6030571684241295,-0.18457028083503246,-0.07308019325137138,0.18620206788182259
-0.3181603066623211,-0.028603877872228622,0.2239433154463768,0.01577150821685791,-0.6030571684241295,-0.18457028083503246,-0.07308019325137138,0.18620206788182259
-0.3181603066623211,-0.028603877872228622,0.2239433154463768,0.01577150821685791,-0.6030571684241295,-0.18457028083503246,-0.07308019325137138,0.18620206788182259
-0.3181603066623211,-0.028603877872228622,0.2239433154463768,0.01577150821685791,-0.6030571684241295,-0.18457028083503246,-0.07308019325137138,0.18620206788182259
-0.3181603066623211,-0.028603877872228622,0.2239433154463768,0.01577150821685791,-0.6030571684241295,-0.18457028083503246,-0.07308019325137138,0.18620206788182259
-0.3181603066623211,-0.028603877872228622,0.2239433154463768,0.01577150821685791,-0.6030571684241295,-0.18457028083503246,-0.07308019325137138,0.18620206788182259
-0.3181603066623211,-0.028603877872228622,0.2239433154463768,0.01577150821685791,-0.6030571684241295,-0.18457028083503246,-0.07308019325137138,0.18620206788182259
-0.3181603066623211,-0.028603877872228622,0.2239433154463768,0.01577150821685791,-0.6030571684241295,-0.18457028083503246,-0.07308019325137138,0.18620206788182259
-0.3181603066623211,-0.028603877872228622,0.2239433154463768,0.01577150821685791,-0.6030571684241295,-0.18457028083503246,-0.07308019325137138,0.18620206788182259
-0.3181603066623211,-0.028603877872228622,0.2239433154463768,0.01577150821685791,-0.6030571684241295,-0.18457028083503246,-0.07308019325137138,0.18620206788182259
-0.3181603066623211,-0.028603877872228622,0.2239433154463768,0.01577150821685791,-0.6030571684241295,-0.18457028083503246,-0.07308019325137138,0.18620206788182259
-0.3181603066623211,-0.028603877872228622,0.2239433154463768,0.01577150821685791,-0.6030571684241295,-0.18457028083503246,-0.07308019325137138,0.18620206788182259
-0.3181603066623211,-0.028603877872228622,0.2239433154463768,0.01577150821685791,-0.6030571684241295,-0.18457028083503246,-0.07308019325137138,0.18620206788182259
-0.3181603066623211,-0.028603877872228622,0.2239433154463768,0.01577150821685791,-0.6030571684241295,-0.18457028083503246,-0.07308019325137138,0.18620206788182259
-0.3181603066623211,-0.028603877872228622,0.2239433154463768,0.01577150821685791,-0.6030571684241295,-0.18457028083503246,-0.07308019325137138,0.18620206788182259
-0.3181603066623211,-0.028603877872228622,0.2239433154463768,0.01577150821685791,-0.6030571684241295,-0.18457028083503246,-0.07308019325137138,0.18620206788182259
-0.3181603066623211,-0.028603877872228622,0.2239433154463768,0.01577150821685791,-0.6030571684241295,-0.18457028083503246,-0.07308019325137138,0.18620206788182259
-0.3181603066623211,-0.028603877872228622,0.2239433154463768,0.01577150821685791,-0.6030571684241295,-0.18457028083503246,-0.07308019325137138,0.18620206788182259
-0.3181603066623211,-0.028603877872228622,0.2239433154463768,0.01577150821685791,-0.6030571684241295,-0.18457028083503246,-0.07308019325137138,0.18620206788182259
-0.3181603066623211,-0.028603877872228622,0.2239433154463768,0.01577150821685791,-0.6030571684241295,-0.18457028083503246,-0.07308019325137138,0.18620206788182259
-0.3181603066623211,-0.028603877872228622,0.2239433154463768,0.01577150821685791,-0.6030571684241295,-0.18457028083503246,-0.07308019325137138,0.18620206788182259
-0.3181603066623211,-0.028603877872228622,0.2239433154463768,0.01577150821685791,-0.6030571684241295,-0.18457028083503246,-0.07308019325137138,0.18620206788182259
-0.3181603066623211,-0.028603877872228622,0.2239433154463768,0.01577150821685791,-0.6030571684241295,-0.18457028083503246,-0.07308019325137138,0.18620206788182259
-0.3181603066623211,-0.028603877872228622,0.2239433154463768,0.01577150821685791,-0.6030571684241295,-0.18457028083503246,-0.07308019325137138,0.18620206788182259
-0.3181603066623211,-0.028603877872228622,0.2239433154463768,0.01577150821685791,-0.6030571684241295,-0.18457028083503246,-0.07308019325137138,0.18620206788182259
-0.3181603066623211,-0.028603877872228622,0.2239433154463768,0.01577150821685791,-0.6030571684241295,-0.18457028083503246,-0.07308019325137138,0.18620206788182259
-0.3181603066623211,-0.028603877872228622,0.2239433154463768,0.01577150821685791,-0.6030571684241295,-0.18457028083503246,-0.07308019325137138,0.18620206788182259
-0.3181603066623211,-0.028603877872228622,0.2239433154463768,0.01577150821685791,-0.6030571684241295,-0.18457028083503246,-0.07308019325137138,0.18620206788182259
-0.3181603066623211,-0.028603877872228622,0.2239433154463768,0.01577150821685791,-0.6030571684241295,-0.18457028083503246,-0.07308019325137138,0.18620206788182259
-0.3181603066623211,-0.028603877872228622,0.2239433154463768,0.01577150821685791,-0.6030571684241295,-0.18457028083503246,-0.07308019325137138,0.18620206788182259
-0.3181603066623211,-0.028603877872228622,0.2239433154463768,0.01577150821685791,-0.6030571684241295,-0.18457028083503246,-0.07308019325137138,0.18620206788182259
-0.3181603066623211,-0.028603877872228622,0.2239433154463768,0.01577150821685791,-0.6030571684241295,-0.18457028083503246,-0.07308019325137138,0.18620206788182259
-0.3181603066623211,-0.028603877872228622,0.2239433154463768,0.01577150821685791,-0.6030571684241295,-0.18457028083503246,-0.07308019325137138,0.18620206788182259
-0.3181603066623211,-0.028603877872228622,0.2239433154463768,0.01577150821685791,-0.6030571684241295,-0.18457028083503246,-0.07308019325137138,0.18620206788182259
-0.3181603066623211,-0.028603877872228622,0.2239433154463768,0.01577150821685791,-0.6030571684241295,-0.18457028083503246,-0.07308019325137138,0.18620206788182259
-0.3181603066623211,-0.028603877872228622,0.2239433154463768,0.01577150821685791,-0.6030571684241295,-0.18457028083503246,-0.07308019325137138,0.18620206788182259
-0.3181603066623211,-0.028603877872228622,0.2239433154463768,0.01577150821685791,-0.6030571684241295,-0.18457028083503246,-0.07308019325137138,0.18620206788182259
-0.3181603066623211,-0.028603877872228622,0.2239433154463768,0.01577150821685791,-0.6030571684241295,-0.18457028083503246,-0.07308019325137138,0.18620206788182259
-0.3181603066623211,-0.028603877872228622,0.2239433154463768,0.01577150821685791,-0.6030571684241295,-0.18457028083503246,-0.07308019325137138,0.18620206788182259
-0.3181603066623211,-0.028603877872228622,0.2239433154463768,0.01577150821685791,-0.6030571684241295,-0.18457028083503246,-0.07308019325137138,0.18620206788182259
-0.3181603066623211,-0.028603877872228622,0.2239433154463768,0.01577150821685791,-0.6030571684241295,-0.18457028083503246,-0.07308019325137138,0.18620206788182259
-0.3181603066623211,-0.028603877872228622,0.2239433154463768,0.01577150821685791,-0.6030571684241295,-0.18457028083503246,-0.07308019325137138,0.18620206788182259
-0.3181603066623211,-0.028603877872228622,0.2239433154463768,0.01577150821685791,-0.6030571684241295,-0.18457028083503246,-0.07308019325137138,0.18620206788182259
-0.3181603066623211,-0.028603877872228622,0.2239433154463768,0.01577150821685791,-0.6030571684241295,-0.18457028083503246,-0.07308019325137138,0.18620206788182259
-0.3181603066623211,-0.028603877872228622,0.2239433154463768,0.01577150821685791,-0.6030571684241295,-0.18457028083503246,-0.07308019325137138,0.18620206788182259
-0.3181603066623211,-0.028603877872228622,0.2239433154463768,0.01577150821685791,-0.6030571684241295,-0.18457028083503246,-0.07308019325137138,0.18620206788182259
-0.3181603066623211,-0.028603877872228622,0.2239433154463768,0.01577150821685791,-0.6030571684241295,-0.18457028083503246,-0.07308019325137138,0.18620206788182259
-0.3181603066623211,-0.028603877872228622,0.2239433154463768,0.01577150821685791,-0.6030571684241295,-0.18457028083503246,-0.07308019325137138,0.18620206788182259
-0.3181603066623211,-0.028603877872228622,0.2239433154463768,0.01577150821685791,-0.6030571684241295,-0.18457028083503246,-0.07308019325137138,0.18620206788182259
-0.3181603066623211,-0.028603877872228622,0.2239433154463768,0.01577150821685791,-0.6030571684241295,-0.18457028083503246,-0.07308019325137138,0.18620206788182259
-0.3181603066623211,-0.028603877872228622,0.2239433154463768,0.01577150821685791,-0.6030571684241295,-0.18457028083503246,-0.07308019325137138,0.18620206788182259
-0.3181603066623211,-0.028603877872228622,0.2239433154463768,0.01577150821685791,-0.6030571684241295,-0.18457028083503246,-0.07308019325137138,0.18620206788182259
-0.3181603066623211,-0.028603877872228622,0.2239433154463768,0.01577150821685791,-0.6030571684241295,-0.18457028083503246,-0.07308019325137138,0.18620206788182259
-0.3181603066623211,-0.028603877872228622,0.2239433154463768,0.01577150821685791,-0.6030571684241295,-0.18457028083503246,-0.07308019325137138,0.18620206788182259
-0.3181603066623211,-0.028603877872228622,0.2239433154463768,0.01577150821685791,-0.6030571684241295,-0.18457028083503246,-0.07308019325137138,0.18620206788182259
-0.3181603066623211,-0.028603877872228622,0.2239433154463768,0.01577150821685791,-0.6030571684241295,-0.18457028083503246,-0.07308019325137138,0.18620206788182259
-0.3181603066623211,-0.028603877872228622,0.2239433154463768,0.01577150821685791,-0.6030571684241295,-0.18457028083503246,-0.07308019325137138,0.18620206788182259
-0.3181603066623211,-0.028603877872228622,0.2239433154463768,0.01577150821685791,-0.6030571684241295,-0.18457028083503246,-0.07308019325137138,0.18620206788182259
-0.3181603066623211,-0.028603877872228622,0.2239433154463768,0.01577150821685791,-0.6030571684241295,-0.18457028083503246,-0.07308019325137138,0.18620206788182259
-0.3181603066623211,-0.028603877872228622,0.2239433154463768,0.01577150821685791,-0.6030571684241295,-0.18457028083503246,-0.07308019325137138,0.18620206788182259
-0.3181603066623211,-0.028603877872228622,0.2239433154463768,0.01577150821685791,-0.6030571684241295,-0.18457028083503246,-0.07308019325137138,0.18620206788182259
-0.3181603066623211,-0.028603877872228622,0.2239433154463768,0.01577150821685791,-0.6030571684241295,-0.18457028083503246,-0.07308019325137138,0.18620206788182259
-0.3181603066623211,-0.028603877872228622,0.2239433154463768,0.01577150821685791,-0.6030571684241295,-0.18457028083503246,-0.07308019325137138,0.18620206788182259
-0.3181603066623211,-0.028603877872228622,0.2239433154463768,0.01577150821685791,-0.6030571684241295,-0.18457028083503246,-0.07308019325137138,0.18620206788182259
-0.3181603066623211,-0.028603877872228622,0.2239433154463768,0.01577150821685791,-0.6030571684241295,-0.18457028083503246,-0.07308019325137138,0.18620206788182259
-0.3181603066623211,-0.028603877872228622,0.2239433154463768,0.01577150821685791,-0.6030571684241295,-0.18457028083503246,-0.07308019325137138,0.18620206788182259
-0.3181603066623211,-0.028603877872228622,0.2239433154463768,0.01577150821685791,-0.6030571684241295,-0.18457028083503246,-0.07308019325137138,0.18620206788182259
-0.3181603066623211,-0.028603877872228622,0.2239433154463768,0.01577150821685791,-0.6030571684241295,-0.18457028083503246,-0.07308019325137138,0.18620206788182259
-0.3181603066623211,-0.028603877872228622,0.2239433154463768,0.01577150821685791,-0.6030571684241295,-0.18457028083503246,-0.07308019325137138,0.18620206788182259
-0.3181603066623211,-0.028603877872228622,0.2239433154463768,0.01577150821685791,-0.6030571684241295,-0.18457028083503246,-0.07308019325137138,0.18620206788182259
-0.3181603066623211,-0.028603877872228622,0.2239433154463768,0.01577150821685791,-0.6030571684241295,-0.18457028083503246,-0.07308019325137138,0.18620206788182259
-0.3181603066623211,-0.028603877872228622,0.2239433154463768,0.01577150821685791,-0.6030571684241295,-0.18457028083503246,-0.07308019325137138,0.18620206788182259
-0.3181603066623211,-0.028603877872228622,0.2239433154463768,0.01577150821685791,-0.6030571684241295,-0.18457028083503246,-0.07308019325137138,0.18620206788182259
-0.3181603066623211,-0.028603877872228622,0.2239433154463768,0.01577150821685791,-0.6030571684241295,-0.18457028083503246,-0.07308019325137138,0.18620206788182259
-0.3181603066623211,-0.028603877872228622,0.2239433154463768,0.01577150821685791,-0.6030571684241295,-0.18457028083503246,-0.07308019325137138,0.18620206788182259
-0.3181603066623211,-0.028603877872228622,0.2239433154463768,0.01577150821685791,-0.6030571684241295,-0.18457028083503246,-0.07308019325137138,0.18620206788182259
-0.3181603066623211,-0.028603877872228622,0.2239433154463768,0.01577150821685791,-0.6030571684241295,-0.18457028083503246,-0.07308019325137138,0.18620206788182259
-0.3181603066623211,-0.028603877872228622,0.2239433154463768,0.01577150821685791,-0.6030571684241295,-0.18457028083503246,-0.07308019325137138,0.18620206788182259
-0.3181603066623211,-0.028603877872228622,0.2239433154463768,0.01577150821685791,-0.6030571684241295,-0.18457028083503246,-0.07308019325137138,0.18620206788182259
-0.3181603066623211,-0.028603877872228622,0.2239433154463768,0.01577150821685791,-0.6030571684241295,-0.18457028083503246,-0.07308019325137138,0.18620206788182259
-0.3181603066623211,-0.028603877872228622,0.2239433154463768,0.01577150821685791,-0.6030571684241295,-0.18457028083503246,-0.07308019325137138,0.18620206788182259
-0.3181603066623211,-0.028603877872228622,0.2239433154463768,0.01577150821685791,-0.6030571684241295,-0.18457028083503246,-0.07308019325137138,0.18620206788182259
-0.3181603066623211,-0.028603877872228622,0.2239433154463768,0.01577150821685791,-0.6030571684241295,-0.18457028083503246,-0.07308019325137138,0.18620206788182259
-0.3181603066623211,-0.028603877872228622,0.2239433154463768,0.01577150821685791,-0.6030571684241295,-0.18457028083503246,-0.07308019325137138,0.18620206788182259
-0.3181603066623211,-0.028603877872228622,0.2239433154463768,0.01577150821685791,-0.6030571684241295,-0.18457028083503246,-0.07308019325137138,0.18620206788182259
-0.3181603066623211,-0.028603877872228622,0.2239433154463768,0.01577150821685791,-0.6030571684241295,-0.18457028083503246,-0.07308019325137138,0.18620206788182259
-0.3181603066623211,-0.028603877872228622,0.2239433154463768,0.01577150821685791,-0.6030571684241295,-0.18457028083503246,-0.07308019325137138,0.18620206788182259
-0.3181603066623211,-0.028603877872228622,0.2239433154463768,0.01577150821685791,-0.6030571684241295,-0.18457028083503246,-0.07308019325137138,0.18620206788182259
-0.3181603066623211,-0.028603877872228622,0.2239433154463768,0.01577150821685791,-0.6030571684241295,-0.18457028083503246,-0.07308019325137138,0.18620206788182259
-0.3181603066623211,-0.028603877872228622,0.2239433154463768,0.01577150821685791,-0.6030571684241295,-0.18457028083503246,-0.07308019325137138,0.18620206788182259
-0.3181603066623211,-0.028603877872228622,0.2239433154463768,0.01577150821685791,-0.6030571684241295,-0.18457028083503246,-0.07308019325137138,0.18620206788182259
-0.3181603066623211,-0.028603877872228622,0.2239433154463768,0.01577150821685791,-0.6030571684241295,-0.18457028083503246,-0.07308019325137138,0.18620206788182259
-0.3181603066623211,-0.028603877872228622,0.2239433154463768,0.01577150821685791,-0.6030571684241295,-0.18457028083503246,-0.07308019325137138,0.18620206788182259
-0.3181603066623211,-0.028603877872228622,0.2239433154463768,0.01577150821685791,-0.6030571684241295,-0.18457028083503246,-0.07308019325137138,0.18620206788182259
-0.3181603066623211,-0.028603877872228622,0.2239433154463768,0.01577150821685791,-0.6030571684241295,-0.18457028083503246,-0.07308019325137138,0.18620206788182259
-0.3181603066623211,-0.028603877872228622,0.2239433154463768,0.01577150821685791,-0.6030571684241295,-0.18457028083503246,-0.07308019325137138,0.18620206788182259
-0.3181603066623211,-0.028603877872228622,0.2239433154463768,0.01577150821685791,-0.6030571684241295,-0.18457028083503246,-0.07308019325137138,0.18620206788182259
-0.3181603066623211,-0.028603877872228622,0.2239433154463768,0.01577150821685791,-0.6030571684241295,-0.18457028083503246,-0.07308019325137138,0.18620206788182259
-0.3181603066623211,-0.028603877872228622,0.2239433154463768,0.01577150821685791,-0.6030571684241295,-0.18457028083503246,-0.07308019325137138,0.18620206788182259
-0.3181603066623211,-0.028603877872228622,0.2239433154463768,0.01577150821685791,-0.6030571684241295,-0.18457028083503246,-0.07308019325137138,0.18620206788182259
-0.3181603066623211,-0.028603877872228622,0.2239433154463768,0.01577150821685791,-0.6030571684241295,-0.18457028083503246,-0.07308019325137138,0.18620206788182259
-0.3181603066623211,-0.028603877872228622,0.2239433154463768,0.01577150821685791,-0.6030571684241295,-0.18457028083503246,-0.07308019325137138,0.18620206788182259
-0.3181603066623211,-0.028603877872228622,0.2239433154463768,0.01577150821685791,-0.6030571684241295,-0.18457028083503246,-0.07308019325137138,0.18620206788182259
-0.3181603066623211,-0.028603877872228622,0.2239433154463768,0.01577150821685791,-0.6030571684241295,-0.18457028083503246,-0.07308019325137138,0.18620206788182259
-0.3181603066623211,-0.028603877872228622,0.2239433154463768,0.01577150821685791,-0.6030571684241295,-0.18457028083503246,-0.07308019325137138,0.18620206788182259
-0.3181603066623211,-0.028603877872228622,0.2239433154463768,0.01577150821685791,-0.6030571684241295,-0.18457028083503246,-0.07308019325137138,0.18620206788182259
-0.3181603066623211,-0.028603877872228622,0.2239433154463768,0.01577150821685791,-0.6030571684241295,-0.18457028083503246,-0.07308019325137138,0.18620206788182259
-0.3181603066623211,-0.028603877872228622,0.2239433154463768,0.01577150821685791,-0.6030571684241295,-0.18457028083503246,-0.07308019325137138,0.18620206788182259
-0.3181603066623211,-0.028603877872228622,0.2239433154463768,0.01577150821685791,-0.6030571684241295,-0.18457028083503246,-0.07308019325137138,0.18620206788182259
-0.3181603066623211,-0.028603877872228622,0.2239433154463768,0.01577150821685791,-0.6030571684241295,-0.18457028083503246,-0.07308019325137138,0.18620206788182259
-0.3181603066623211,-0.028603877872228622,0.2239433154463768,0.01577150821685791,-0.6030571684241295,-0.18457028083503246,-0.07308019325137138,0.18620206788182259
-0.3181603066623211,-0.028603877872228622,0.2239433154463768,0.01577150821685791,-0.6030571684241295,-0.18457028083503246,-0.07308019325137138,0.18620206788182259
-0.3181603066623211,-0.028603877872228622,0.2239433154463768,0.01577150821685791,-0.6030571684241295,-0.18457028083503246,-0.07308019325137138,0.18620206788182259
-0.3181603066623211,-0.028603877872228622,0.2239433154463768,0.01577150821685791,-0.6030571684241295,-0.18457028083503246,-0.07308019325137138,0.18620206788182259
-0.3181603066623211,-0.028603877872228622,0.2239433154463768,0.01577150821685791,-0.6030571684241295,-0.18457028083503246,-0.07308019325137138,0.18620206788182259
-0.3181603066623211,-0.028603877872228622,0.2239433154463768,0.01577150821685791,-0.6030571684241295,-0.18457028083503246,-0.07308019325137138,0.18620206788182259
-0.3181603066623211,-0.028603877872228622,0.2239433154463768,0.01577150821685791,-0.6030571684241295,-0.18457028083503246,-0.07308019325137138,0.18620206788182259
0.1881580310208457,-0.05052408150264195,0.4057696759700775,0.2325750184910638,-0.23225473931857518,0.03530861224446978,0.14290638906615122,0.2676306026322501
-0.3181603066623211,-0.028603877872228622,0.2239433154463768,0.01577150821685791,-0.6030571684241295,-0.18457028083503246,-0.07308019325137138,0.18620206788182259
-0.3181603066623211,-0.028603877872228622,0.2239433154463768,0.01577150821685791,-0.6030571684241295,-0.18457028083503246,-0.07308019325137138,0.18620206788182259
-0.3181603066623211,-0.028603877872228622,0.2239433154463768,0.01577150821685791,-0.6030571684241295,-0.18457028083503246,-0.07308019325137138,0.18620206788182259
-0.3181603066623211,-0.028603877872228622,0.2239433154463768,0.01577150821685791,-0.6030571684241295,-0.18457028083503246,-0.07308019325137138,0.18620206788182259
-0.3181603066623211,-0.028603877872228622,0.2239433154463768,0.01577150821685791,-0.6030571684241295,-0.18457028083503246,-0.07308019325137138,0.18620206788182259
-0.3181603066623211,-0.028603877872228622,0.2239433154463768,0.01577150821685791,-0.6030571684241295,-0.18457028083503246,-0.07308019325137138,0.18620206788182259
-0.3181603066623211,-0.028603877872228622,0.2239433154463768,0.01577150821685791,-0.6030571684241295,-0.18457028083503246,-0.07308019325137138,0.18620206788182259
-0.3181603066623211,-0.028603877872228622,0.2239433154463768,0.01577150821685791,-0.6030571684241295,-0.18457028083503246,-0.07308019325137138,0.18620206788182259
0.19001110891501108,0.016212140520413715,0.47064202692773605,0.161525535914633,-0.291880973511272,0.14031766851743063,0.30152519875102574,0.620744870768653
0.1920100599527359,-0.09135811775922775,0.5076860133558512,-0.32942098937928677,-0.3517680075019598,-0.03445231728255749,0.20788371935486794,0.7313663698732853
-0.3181603066623211,-0.028603877872228622,0.2239433154463768,0.01577150821685791,-0.6030571684241295,-0.18457028083503246,-0.07308019325137138,0.18620206788182259
-0.3181603066623211,-0.028603877872228622,0.2239433154463768,0.01577150821685791,-0.6030571684241295,-0.18457028083503246,-0.07308019325137138,0.18620206788182259
-0.3181603066623211,-0.028603877872228622,0.2239433154463768,0.01577150821685791,-0.6030571684241295,-0.18457028083503246,-0.07308019325137138,0.18620206788182259
-0.3181603066623211,-0.028603877872228622,0.2239433154463768,0.01577150821685791,-0.6030571684241295,-0.18457028083503246,-0.07308019325137138,0.18620206788182259
-0.3181603066623211,-0.028603877872228622,0.2239433154463768,0.01577150821685791,-0.6030571684241295,-0.18457028083503246,-0.07308019325137138,0.18620206788182259
-0.3181603066623211,-0.028603877872228622,0.2239433154463768,0.01577150821685791,-0.6030571684241295,-0.18457028083503246,-0.07308019325137138,0.18620206788182259
-0.3181603066623211,-0.028603877872228622,0.2239433154463768,0.01577150821685791,-0.6030571684241295,-0.18457028083503246,-0.07308019325137138,0.18620206788182259
-0.3181603066623211,-0.028603877872228622,0.2239433154463768,0.01577150821685791,-0.6030571684241295,-0.18457028083503246,-0.07308019325137138,0.18620206788182259
-0.3181603066623211,-0.028603877872228622,0.2239433154463768,0.01577150821685791,-0.6030571684241295,-0.18457028083503246,-0.07308019325137138,0.18620206788182259
-0.3181603066623211,-0.028603877872228622,0.2239433154463768,0.01577150821685791,-0.6030571684241295,-0.18457028083503246,-0.07308019325137138,0.18620206788182259
-0.3181603066623211,-0.028603877872228622,0.2239433154463768,0.01577150821685791,-0.6030571684241295,-0.18457028083503246,-0.07308019325137138,0.18620206788182259
-0.3181603066623211,-0.028603877872228622,0.2239433154463768,0.01577150821685791,-0.6030571684241295,-0.18457028083503246,-0.07308019325137138,0.18620206788182259
-0.3181603066623211,-0.028603877872228622,0.2239433154463768,0.01577150821685791,-0.6030571684241295,-0.18457028083503246,-0.07308019325137138,0.18620206788182259
-0.3181603066623211,-0.028603877872228622,0.2239433154463768,0.01577150821685791,-0.6030571684241295,-0.18457028083503246,-0.07308019325137138,0.18620206788182259
-0.3181603066623211,-0.028603877872228622,0.2239433154463768,0.01577150821685791,-0.6030571684241295,-0.18457028083503246,-0.07308019325137138,0.18620206788182259
-0.3181603066623211,-0.028603877872228622,0.2239433154463768,0.01577150821685791,-0.6030571684241295,-0.18457028083503246,-0.07308019325137138,0.18620206788182259
-0.3181603066623211,-0.028603877872228622,0.2239433154463768,0.01577150821685791,-0.6030571684241295,-0.18457028083503246,-0.07308019325137138,0.18620206788182259
-0.3181603066623211,-0.028603877872228622,0.2239433154463768,0.01577150821685791,-0.6030571684241295,-0.18457028083503246,-0.07308019325137138,0.18620206788182259
-0.3181603066623211,-0.028603877872228622,0.2239433154463768,0.01577150821685791,-0.6030571684241295,-0.18457028083503246,-0.07308019325137138,0.18620206788182259
-0.3181603066623211,-0.028603877872228622,0.2239433154463768,0.01577150821685791,-0.6030571684241295,-0.18457028083503246,-0.07308019325137138,0.18620206788182259
-0.3181603066623211,-0.028603877872228622,0.2239433154463768,0.01577150821685791,-0.6030571684241295,-0.18457028083503246,-0.07308019325137138,0.18620206788182259
-0.3181603066623211,-0.028603877872228622,0.2239433154463768,0.01577150821685791,-0.6030571684241295,-0.18457028083503246,-0.07308019325137138,0.18620206788182259
-0.3181603066623211,-0.028603877872228622,0.2239433154463768,0.01577150821685791,-0.6030571684241295,-0.18457028083503246,-0.07308019325137138,0.18620206788182259
-0.3181603066623211,-0.028603877872228622,0.2239433154463768,0.01577150821685791,-0.6030571684241295,-0.18457028083503246,-0.07308019325137138,0.18620206788182259
-0.3181603066623211,-0.028603877872228622,0.2239433154463768,0.01577150821685791,-0.6030571684241295,-0.18457028083503246,-0.07308019325137138,0.18620206788182259
-0.3181603066623211,-0.028603877872228622,0.2239433154463768,0.01577150821685791,-0.6030571684241295,-0.18457028083503246,-0.07308019325137138,0.18620206788182259
-0.3181603066623211,-0.028603877872228622,0.2239433154463768,0.01577150821685791,-0.6030571684241295,-0.18457028083503246,-0.07308019325137138,0.18620206788182259
-0.3181603066623211,-0.028603877872228622,0.2239433154463768,0.01577150821685791,-0.6030571684241295,-0.18457028083503246,-0.07308019325137138,0.18620206788182259
-0.3181603066623211,-0.028603877872228622,0.2239433154463768,0.01577150821685791,-0.6030571684241295,-0.18457028083503246,-0.07308019325137138,0.18620206788182259
-0.3181603066623211,-0.028603877872228622,0.2239433154463768,0.01577150821685791,-0.6030571684241295,-0.18457028083503246,-0.07308019325137138,0.18620206788182259
-0.3181603066623211,-0.028603877872228622,0.2239433154463768,0.01577150821685791,-0.6030571684241295,-0.18457028083503246,-0.07308019325137138,0.18620206788182259
-0.3181603066623211,-0.028603877872228622,0.2239433154463768,0.01577150821685791,-0.6030571684241295,-0.18457028083503246,-0.07308019325137138,0.18620206788182259
-0.3181603066623211,-0.028603877872228622,0.2239433154463768,0.01577150821685791,-0.6030571684241295,-0.18457028083503246,-0.07308019325137138,0.18620206788182259
-0.3181603066623211,-0.028603877872228622,0.2239433154463768,0.01577150821685791,-0.6030571684241295,-0.18457028083503246,-0.07308019325137138,0.18620206788182259
-0.3181603066623211,-0.028603877872228622,0.2239433154463768,0.01577150821685791,-0.6030571684241295,-0.18457028083503246,-0.07308019325137138,0.18620206788182259
-0.3181603066623211,-0.028603877872228622,0.2239433154463768,0.01577150821685791,-0.6030571684241295,-0.18457028083503246,-0.07308019325137138,0.18620206788182259
-0.3181603066623211,-0.028603877872228622,0.2239433154463768,0.01577150821685791,-0.6030571684241295,-0.18457028083503246,-0.07308019325137138,0.18620206788182259
-0.3181603066623211,-0.028603877872228622,0.2239433154463768,0.01577150821685791,-0.6030571684241295,-0.18457028083503246,-0.07308019325137138,0.18620206788182259
-0.3181603066623211,-0.028603877872228622,0.2239433154463768,0.01577150821685791,-0.6030571684241295,-0.18457028083503246,-0.07308019325137138,0.18620206788182259
-0.3181603066623211,-0.028603877872228622,0.2239433154463768,0.01577150821685791,-0.6030571684241295,-0.18457028083503246,-0.07308019325137138,0.18620206788182259
-0.3181603066623211,-0.028603877872228622,0.2239433154463768,0.01577150821685791,-0.6030571684241295,-0.18457028083503246,-0.07308019325137138,0.18620206788182259
-0.3181603066623211,-0.028603877872228622,0.2239433154463768,0.01577150821685791,-0.6030571684241295,-0.18457028083503246,-0.07308019325137138,0.18620206788182259
-0.3181603066623211,-0.028603877872228622,0.2239433154463768,0.01577150821685791,-0.6030571684241295,-0.18457028083503246,-0.07308019325137138,0.18620206788182259
-0.3181603066623211,-0.028603877872228622,0.2239433154463768,0.01577150821685791,-0.6030571684241295,-0.18457028083503246,-0.07308019325137138,0.18620206788182259
-0.3181603066623211,-0.028603877872228622,0.2239433154463768,0.01577150821685791,-0.6030571684241295,-0.18457028083503246,-0.07308019325137138,0.18620206788182259
-0.3181603066623211,-0.028603877872228622,0.2239433154463768,0.01577150821685791,-0.6030571684241295,-0.18457028083503246,-0.07308019325137138,0.18620206788182259
-0.3181603066623211,-0.028603877872228622,0.2239433154463768,0.01577150821685791,-0.6030571684241295,-0.18457028083503246,-0.07308019325137138,0.18620206788182259
-0.3181603066623211,-0.028603877872228622,0.2239433154463768,0.01577150821685791,-0.6030571684241295,-0.18457028083503246,-0.07308019325137138,0.18620206788182259
-0.3181603066623211,-0.028603877872228622,0.2239433154463768,0.01577150821685791,-0.6030571684241295,-0.18457028083503246,-0.07308019325137138,0.18620206788182259
-0.3181603066623211,-0.028603877872228622,0.2239433154463768,0.01577150821685791,-0.6030571684241295,-0.18457028083503246,-0.07308019325137138,0.18620206788182259
-0.3181603066623211,-0.028603877872228622,0.2239433154463768,0.01577150821685791,-0.6030571684241295,-0.18457028083503246,-0.07308019325137138,0.18620206788182259
-0.3181603066623211,-0.028603877872228622,0.2239433154463768,0.01577150821685791,-0.6030571684241295,-0.18457028083503246,-0.07308019325137138,0.18620206788182259
-0.3181603066623211,-0.028603877872228622,0.2239433154463768,0.01577150821685791,-0.6030571684241295,-0.18457028083503246,-0.07308019325137138,0.18620206788182259
-0.3181603066623211,-0.028603877872228622,0.2239433154463768,0.01577150821685791,-0.6030571684241295,-0.18457028083503246,-0.07308019325137138,0.18620206788182259
-0.3181603066623211,-0.028603877872228622,0.2239433154463768,0.01577150821685791,-0.6030571684241295,-0.18457028083503246,-0.07308019325137138,0.18620206788182259
-0.3181603066623211,-0.028603877872228622,0.2239433154463768,0.01577150821685791,-0.6030571684241295,-0.18457028083503246,-0.07308019325137138,0.18620206788182259
-0.3181603066623211,-0.028603877872228622,0.2239433154463768,0.01577150821685791,-0.6030571684241295,-0.18457028083503246,-0.07308019325137138,0.18620206788182259
-0.3181603066623211,-0.028603877872228622,0.2239433154463768,0.01577150821685791,-0.6030571684241295,-0.18457028083503246,-0.07308019325137138,0.18620206788182259
-0.3181603066623211,-0.028603877872228622,0.2239433154463768,0.01577150821685791,-0.6030571684241295,-0.18457028083503246,-0.07308019325137138,0.18620206788182259
-0.3181603066623211,-0.028603877872228622,0.2239433154463768,0.01577150821685791,-0.6030571684241295,-0.18457028083503246,-0.07308019325137138,0.18620206788182259
-0.3181603066623211,-0.028603877872228622,0.2239433154463768,0.01577150821685791,-0.6030571684241295,-0.18457028083503246,-0.07308019325137138,0.18620206788182259
-0.3181603066623211,-0.028603877872228622,0.2239433154463768,0.01577150821685791,-0.6030571684241295,-0.18457028083503246,-0.07308019325137138,0.18620206788182259
-0.3181603066623211,-0.028603877872228622,0.2239433154463768,0.01577150821685791,-0.6030571684241295,-0.18457028083503246,-0.07308019325137138,0.18620206788182259
-0.3181603066623211,-0.028603877872228622,0.2239433154463768,0.01577150821685791,-0.6030571684241295,-0.18457028083503246,-0.07308019325137138,0.18620206788182259
-0.3181603066623211,-0.028603877872228622,0.2239433154463768,0.01577150821685791,-0.6030571684241295,-0.18457028083503246,-0.07308019325137138,0.18620206788182259
-0.3181603066623211,-0.028603877872228622,0.2239433154463768,0.01577150821685791,-0.6030571684241295,-0.18457028083503246,-0.07308019325137138,0.18620206788182259
-0.3181603066623211,-0.028603877872228622,0.2239433154463768,0.01577150821685791,-0.6030571684241295,-0.18457028083503246,-0.07308019325137138,0.18620206788182259
-0.3181603066623211,-0.028603877872228622,0.2239433154463768,0.01577150821685791,-0.6030571684241295,-0.18457028083503246,-0.07308019325137138,0.18620206788182259
-0.3181603066623211,-0.028603877872228622,0.2239433154463768,0.01577150821685791,-0.6030571684241295,-0.18457028083503246,-0.07308019325137138,0.18620206788182259
-0.3181603066623211,-0.028603877872228622,0.2239433154463768,0.01577150821685791,-0.6030571684241295,-0.18457028083503246,-0.07308019325137138,0.18620206788182259
-0.3181603066623211,-0.028603877872228622,0.2239433154463768,0.01577150821685791,-0.6030571684241295,-0.18457028083503246,-0.07308019325137138,0.18620206788182259
-0.3181603066623211,-0.028603877872228622,0.2239433154463768,0.01577150821685791,-0.6030571684241295,-0.18457028083503246,-0.07308019325137138,0.18620206788182259
-0.3181603066623211,-0.028603877872228622,0.2239433154463768,0.01577150821685791,-0.6030571684241295,-0.18457028083503246,-0.07308019325137138,0.18620206788182259
-0.3181603066623211,-0.028603877872228622,0.2239433154463768,0.01577150821685791,-0.6030571684241295,-0.18457028083503246,-0.07308019325137138,0.18620206788182259
-0.3181603066623211,-0.028603877872228622,0.2239433154463768,0.01577150821685791,-0.6030571684241295,-0.18457028083503246,-0.07308019325137138,0.18620206788182259
-0.3181603066623211,-0.028603877872228622,0.2239433154463768,0.01577150821685791,-0.6030571684241295,-0.18457028083503246,-0.07308019325137138,0.18620206788182259
-0.3181603066623211,-0.028603877872228622,0.2239433154463768,0.01577150821685791,-0.6030571684241295,-0.18457028083503246,-0.07308019325137138,0.18620206788182259
-0.3181603066623211,-0.028603877872228622,0.2239433154463768,0.01577150821685791,-0.6030571684241295,-0.18457028083503246,-0.07308019325137138,0.18620206788182259
-0.3181603066623211,-0.028603877872228622,0.2239433154463768,0.01577150821685791,-0.6030571684241295,-0.18457028083503246,-0.07308019325137138,0.18620206788182259
-0.3181603066623211,-0.028603877872228622,0.2239433154463768,0.01577150821685791,-0.6030571684241295,-0.18457028083503246,-0.07308019325137138,0.18620206788182259
-0.3181603066623211,-0.028603877872228622,0.2239433154463768,0.01577150821685791,-0.6030571684241295,-0.18457028083503246,-0.07308019325137138,0.18620206788182259
-0.3181603066623211,-0.028603877872228622,0.2239433154463768,0.01577150821685791,-0.6030571684241295,-0.18457028083503246,-0.07308019325137138,0.18620206788182259
-0.3181603066623211,-0.028603877872228622,0.2239433154463768,0.01577150821685791,-0.6030571684241295,-0.18457028083503246,-0.07308019325137138,0.18620206788182259
-0.3181603066623211,-0.028603877872228622,0.2239433154463768,0.01577150821685791,-0.6030571684241295,-0.18457028083503246,-0.07308019325137138,0.18620206788182259
-0.3181603066623211,-0.028603877872228622,0.2239433154463768,0.01577150821685791,-0.6030571684241295,-0.18457028083503246,-0.07308019325137138,0.18620206788182259
-0.3181603066623211,-0.028603877872228622,0.2239433154463768,0.01577150821685791,-0.6030571684241295,-0.18457028083503246,-0.07308019325137138,0.18620206788182259
-0.3181603066623211,-0.028603877872228622,0.2239433154463768,0.01577150821685791,-0.6030571684241295,-0.18457028083503246,-0.07308019325137138,0.18620206788182259
-0.3181603066623211,-0.028603877872228622,0.2239433154463768,0.01577150821685791,-0.6030571684241295,-0.18457028083503246,-0.07308019325137138,0.18620206788182259
-0.3181603066623211,-0.028603877872228622,0.2239433154463768,0.01577150821685791,-0.6030571684241295,-0.18457028083503246,-0.07308019325137138,0.18620206788182259
-0.3181603066623211,-0.028603877872228622,0.2239433154463768,0.01577150821685791,-0.6030571684241295,-0.18457028083503246,-0.07308019325137138,0.18620206788182259
-0.3181603066623211,-0.028603877872228622,0.2239433154463768,0.01577150821685791,-0.6030571684241295,-0.18457028083503246,-0.07308019325137138,0.18620206788182259
-0.3181603066623211,-0.028603877872228622,0.2239433154463768,0.01577150821685791,-0.6030571684241295,-0.18457028083503246,-0.07308019325137138,0.18620206788182259
-0.3181603066623211,-0.028603877872228622,0.2239433154463768,0.01577150821685791,-0.6030571684241295,-0.18457028083503246,-0.07308019325137138,0.18620206788182259
-0.3181603066623211,-0.028603877872228622,0.2239433154463768,0.01577150821685791,-0.6030571684241295,-0.18457028083503246,-0.07308019325137138,0.18620206788182259
-0.3181603066623211,-0.028603877872228622,0.2239433154463768,0.01577150821685791,-0.6030571684241295,-0.18457028083503246,-0.07308019325137138,0.18620206788182259
-0.3181603066623211,-0.028603877872228622,0.2239433154463768,0.01577150821685791,-0.6030571684241295,-0.18457028083503246,-0.07308019325137138,0.18620206788182259
-0.3181603066623211,-0.028603877872228622,0.2239433154463768,0.01577150821685791,-0.6030571684241295,-0.18457028083503246,-0.07308019325137138,0.18620206788182259
-0.3181603066623211,-0.028603877872228622,0.2239433154463768,0.01577150821685791,-0.6030571684241295,-0.18457028083503246,-0.07308019325137138,0.18620206788182259
-0.3181603066623211,-0.028603877872228622,0.2239433154463768,0.01577150821685791,-0.6030571684241295,-0.18457028083503246,-0.07308019325137138,0.18620206788182259
-0.3181603066623211,-0.028603877872228622,0.2239433154463768,0.01577150821685791,-0.6030571684241295,-0.18457028083503246,-0.07308019325137138,0.18620206788182259
-0.3181603066623211,-0.028603877872228622,0.2239433154463768,0.01577150821685791,-0.6030571684241295,-0.18457028083503246,-0.07308019325137138,0.18620206788182259
-0.3181603066623211,-0.028603877872228622,0.2239433154463768,0.01577150821685791,-0.6030571684241295,-0.18457028083503246,-0.07308019325137138,0.18620206788182259
-0.3181603066623211,-0.028603877872228622,0.2239433154463768,0.01577150821685791,-0.6030571684241295,-0.18457028083503246,-0.07308019325137138,0.18620206788182259
-0.3181603066623211,-0.028603877872228622,0.2239433154463768,0.01577150821685791,-0.6030571684241295,-0.18457028083503246,-0.07308019325137138,0.18620206788182259
-0.3181603066623211,-0.028603877872228622,0.2239433154463768,0.01577150821685791,-0.6030571684241295,-0.18457028083503246,-0.07308019325137138,0.18620206788182259
-0.3181603066623211,-0.028603877872228622,0.2239433154463768,0.01577150821685791,-0.6030571684241295,-0.18457028083503246,-0.07308019325137138,0.18620206788182259
-0.3181603066623211,-0.028603877872228622,0.2239433154463768,0.01577150821685791,-0.6030571684241295,-0.18457028083503246,-0.07308019325137138,0.18620206788182259
-0.3181603066623211,-0.028603877872228622,0.2239433154463768,0.01577150821685791,-0.6030571684241295,-0.18457028083503246,-0.07308019325137138,0.18620206788182259
-0.3181603066623211,-0.028603877872228622,0.2239433154463768,0.01577150821685791,-0.6030571684241295,-0.18457028083503246,-0.07308019325137138,0.18620206788182259
-0.3181603066623211,-0.028603877872228622,0.2239433154463768,0.01577150821685791,-0.6030571684241295,-0.18457028083503246,-0.07308019325137138,0.18620206788182259
-0.3181603066623211,-0.028603877872228622,0.2239433154463768,0.01577150821685791,-0.6030571684241295,-0.18457028083503246,-0.07308019325137138,0.18620206788182259
-0.3181603066623211,-0.028603877872228622,0.2239433154463768,0.01577150821685791,-0.6030571684241295,-0.18457028083503246,-0.07308019325137138,0.18620206788182259
-0.3181603066623211,-0.028603877872228622,0.2239433154463768,0.01577150821685791,-0.6030571684241295,-0.18457028083503246,-0.07308019325137138,0.18620206788182259
-0.3181603066623211,-0.028603877872228622,0.2239433154463768,0.01577150821685791,-0.6030571684241295,-0.18457028083503246,-0.07308019325137138,0.18620206788182259
-0.3181603066623211,-0.028603877872228622,0.2239433154463768,0.01577150821685791,-0.6030571684241295,-0.18457028083503246,-0.07308019325137138,0.18620206788182259
-0.3181603066623211,-0.028603877872228622,0.2239433154463768,0.01577150821685791,-0.6030571684241295,-0.18457028083503246,-0.07308019325137138,0.18620206788182259
-0.3181603066623211,-0.028603877872228622,0.2239433154463768,0.01577150821685791,-0.6030571684241295,-0.18457028083503246,-0.07308019325137138,0.18620206788182259
-0.3181603066623211,-0.028603877872228622,0.2239433154463768,0.01577150821685791,-0.6030571684241295,-0.18457028083503246,-0.07308019325137138,0.18620206788182259
-0.3181603066623211,-0.028603877872228622,0.2239433154463768,0.01577150821685791,-0.6030571684241295,-0.18457028083503246,-0.07308019325137138,0.18620206788182259
-0.3181603066623211,-0.028603877872228622,0.2239433154463768,0.01577150821685791,-0.6030571684241295,-0.18457028083503246,-0.07308019325137138,0.18620206788182259
-0.3181603066623211,-0.028603877872228622,0.2239433154463768,0.01577150821685791,-0.6030571684241295,-0.18457028083503246,-0.07308019325137138,0.18620206788182259
-0.3181603066623211,-0.028603877872228622,0.2239433154463768,0.01577150821685791,-0.6030571684241295,-0.18457028083503246,-0.07308019325137138,0.18620206788182259
-0.3181603066623211,-0.028603877872228622,0.2239433154463768,0.01577150821685791,-0.6030571684241295,-0.18457028083503246,-0.07308019325137138,0.18620206788182259
-0.3181603066623211,-0.028603877872228622,0.2239433154463768,0.01577150821685791,-0.6030571684241295,-0.18457028083503246,-0.07308019325137138,0.18620206788182259
-0.3181603066623211,-0.028603877872228622,0.2239433154463768,0.01577150821685791,-0.6030571684241295,-0.18457028083503246,-0.07308019325137138,0.18620206788182259
-0.3181603066623211,-0.028603877872228622,0.2239433154463768,0.01577150821685791,-0.6030571684241295,-0.18457028083503246,-0.07308019325137138,0.18620206788182259
-0.3181603066623211,-0.028603877872228622,0.2239433154463768,0.01577150821685791,-0.6030571684241295,-0.18457028083503246,-0.07308019325137138,0.18620206788182259
-0.3181603066623211,-0.028603877872228622,0.2239433154463768,0.01577150821685791,-0.6030571684241295,-0.18457028083503246,-0.07308019325137138,0.18620206788182259
-0.3181603066623211,-0.028603877872228622,0.2239433154463768,0.01577150821685791,-0.6030571684241295,-0.18457028083503246,-0.07308019325137138,0.18620206788182259
-0.3181603066623211,-0.028603877872228622,0.2239433154463768,0.01577150821685791,-0.6030571684241295,-0.18457028083503246,-0.07308019325137138,0.18620206788182259
-0.3181603066623211,-0.028603877872228622,0.2239433154463768,0.01577150821685791,-0.6030571684241295,-0.18457028083503246,-0.07308019325137138,0.18620206788182259
-0.3181603066623211,-0.028603877872228622,0.2239433154463768,0.01577150821685791,-0.6030571684241295,-0.18457028083503246,-0.07308019325137138,0.18620206788182259
-0.3181603066623211,-0.028603877872228622,0.2239433154463768,0.01577150821685791,-0.6030571684241295,-0.18457028083503246,-0.07308019325137138,0.18620206788182259
-0.3181603066623211,-0.028603877872228622,0.2239433154463768,0.01577150821685791,-0.6030571684241295,-0.18457028083503246,-0.07308019325137138,0.18620206788182259
-0.3181603066623211,-0.028603877872228622,0.2239433154463768,0.01577150821685791,-0.6030571684241295,-0.18457028083503246,-0.07308019325137138,0.18620206788182259
-0.3181603066623211,-0.028603877872228622,0.2239433154463768,0.01577150821685791,-0.6030571684241295,-0.18457028083503246,-0.07308019325137138,0.18620206788182259
-0.3181603066623211,-0.028603877872228622,0.2239433154463768,0.01577150821685791,-0.6030571684241295,-0.18457028083503246,-0.07308019325137138,0.18620206788182259
-0.3181603066623211,-0.028603877872228622,0.2239433154463768,0.01577150821685791,-0.6030571684241295,-0.18457028083503246,-0.07308019325137138,0.18620206788182259
-0.3181603066623211,-0.028603877872228622,0.2239433154463768,0.01577150821685791,-0.6030571684241295,-0.18457028083503246,-0.07308019325137138,0.18620206788182259
-0.3181603066623211,-0.028603877872228622,0.2239433154463768,0.01577150821685791,-0.6030571684241295,-0.18457028083503246,-0.07308019325137138,0.18620206788182259
-0.3181603066623211,-0.028603877872228622,0.2239433154463768,0.01577150821685791,-0.6030571684241295,-0.18457028083503246,-0.07308019325137138,0.18620206788182259
-0.3181603066623211,-0.028603877872228622,0.2239433154463768,0.01577150821685791,-0.6030571684241295,-0.18457028083503246,-0.07308019325137138,0.18620206788182259
-0.3181603066623211,-0.028603877872228622,0.2239433154463768,0.01577150821685791,-0.6030571684241295,-0.18457028083503246,-0.07308019325137138,0.18620206788182259
-0.3181603066623211,-0.028603877872228622,0.2239433154463768,0.01577150821685791,-0.6030571684241295,-0.18457028083503246,-0.07308019325137138,0.18620206788182259
-0.3181603066623211,-0.028603877872228622,0.2239433154463768,0.01577150821685791,-0.6030571684241295,-0.18457028083503246,-0.07308019325137138,0.18620206788182259
-0.3181603066623211,-0.028603877872228622,0.2239433154463768,0.01577150821685791,-0.6030571684241295,-0.18457028083503246,-0.07308019325137138,0.18620206788182259
-0.3181603066623211,-0.028603877872228622,0.2239433154463768,0.01577150821685791,-0.6030571684241295,-0.18457028083503246,-0.07308019325137138,0.18620206788182259
-0.3181603066623211,-0.028603877872228622,0.2239433154463768,0.01577150821685791,-0.6030571684241295,-0.18457028083503246,-0.07308019325137138,0.18620206788182259
-0.3181603066623211,-0.028603877872228622,0.2239433154463768,0.01577150821685791,-0.6030571684241295,-0.18457028083503246,-0.07308019325137138,0.18620206788182259
-0.3181603066623211,-0.028603877872228622,0.2239433154463768,0.01577150821685791,-0.6030571684241295,-0.18457028083503246,-0.07308019325137138,0.18620206788182259
-0.3181603066623211,-0.028603877872228622,0.2239433154463768,0.01577150821685791,-0.6030571684241295,-0.18457028083503246,-0.07308019325137138,0.18620206788182259
-0.3181603066623211,-0.028603877872228622,0.2239433154463768,0.01577150821685791,-0.6030571684241295,-0.18457028083503246,-0.07308019325137138,0.18620206788182259
-0.3181603066623211,-0.028603877872228622,0.2239433154463768,0.01577150821685791,-0.6030571684241295,-0.18457028083503246,-0.07308019325137138,0.18620206788182259
-0.3181603066623211,-0.028603877872228622,0.2239433154463768,0.01577150821685791,-0.6030571684241295,-0.18457028083503246,-0.07308019325137138,0.18620206788182259
-0.3181603066623211,-0.028603877872228622,0.2239433154463768,0.01577150821685791,-0.6030571684241295,-0.18457028083503246,-0.07308019325137138,0.18620206788182259
-0.3181603066623211,-0.028603877872228622,0.2239433154463768,0.01577150821685791,-0.6030571684241295,-0.18457028083503246,-0.07308019325137138,0.18620206788182259
-0.3181603066623211,-0.028603877872228622,0.2239433154463768,0.01577150821685791,-0.6030571684241295,-0.18457028083503246,-0.07308019325137138,0.18620206788182259
-0.3181603066623211,-0.028603877872228622,0.2239433154463768,0.01577150821685791,-0.6030571684241295,-0.18457028083503246,-0.07308019325137138,0.18620206788182259
-0.3181603066623211,-0.028603877872228622,0.2239433154463768,0.01577150821685791,-0.6030571684241295,-0.18457028083503246,-0.07308019325137138,0.18620206788182259
-0.3181603066623211,-0.028603877872228622,0.2239433154463768,0.01577150821685791,-0.6030571684241295,-0.18457028083503246,-0.07308019325137138,0.18620206788182259
-0.3181603066623211,-0.028603877872228622,0.2239433154463768,0.01577150821685791,-0.6030571684241295,-0.18457028083503246,-0.07308019325137138,0.18620206788182259
-0.3181603066623211,-0.028603877872228622,0.2239433154463768,0.01577150821685791,-0.6030571684241295,-0.18457028083503246,-0.07308019325137138,0.18620206788182259
-0.3181603066623211,-0.028603877872228622,0.2239433154463768,0.01577150821685791,-0.6030571684241295,-0.18457028083503246,-0.07308019325137138,0.18620206788182259
-0.3181603066623211,-0.028603877872228622,0.2239433154463768,0.01577150821685791,-0.6030571684241295,-0.18457028083503246,-0.07308019325137138,0.18620206788182259
-0.3181603066623211,-0.028603877872228622,0.2239433154463768,0.01577150821685791,-0.6030571684241295,-0.18457028083503246,-0.07308019325137138,0.18620206788182259
-0.3181603066623211,-0.028603877872228622,0.2239433154463768,0.01577150821685791,-0.6030571684241295,-0.18457028083503246,-0.07308019325137138,0.18620206788182259
-0.3181603066623211,-0.028603877872228622,0.2239433154463768,0.01577150821685791,-0.6030571684241295,-0.18457028083503246,-0.07308019325137138,0.18620206788182259
-0.3181603066623211,-0.028603877872228622,0.2239433154463768,0.01577150821685791,-0.6030571684241295,-0.18457028083503246,-0.07308019325137138,0.18620206788182259
-0.3181603066623211,-0.028603877872228622,0.2239433154463768,0.01577150821685791,-0.6030571684241295,-0.18457028083503246,-0.07308019325137138,0.18620206788182259
-0.3181603066623211,-0.028603877872228622,0.2239433154463768,0.01577150821685791,-0.6030571684241295,-0.18457028083503246,-0.07308019325137138,0.18620206788182259
-0.3181603066623211,-0.028603877872228622,0.2239433154463768,0.01577150821685791,-0.6030571684241295,-0.18457028083503246,-0.07308019325137138,0.18620206788182259
-0.3181603066623211,-0.028603877872228622,0.2239433154463768,0.01577150821685791,-0.6030571684241295,-0.18457028083503246,-0.07308019325137138,0.18620206788182259
-0.3181603066623211,-0.028603877872228622,0.2239433154463768,0.01577150821685791,-0.6030571684241295,-0.18457028083503246,-0.07308019325137138,0.18620206788182259
-0.3181603066623211,-0.028603877872228622,0.2239433154463768,0.01577150821685791,-0.6030571684241295,-0.18457028083503246,-0.07308019325137138,0.18620206788182259
-0.3181603066623211,-0.028603877872228622,0.2239433154463768,0.01577150821685791,-0.6030571684241295,-0.18457028083503246,-0.07308019325137138,0.18620206788182259
-0.3181603066623211,-0.028603877872228622,0.2239433154463768,0.01577150821685791,-0.6030571684241295,-0.18457028083503246,-0.07308019325137138,0.18620206788182259
-0.3181603066623211,-0.028603877872228622,0.2239433154463768,0.01577150821685791,-0.6030571684241295,-0.18457028083503246,-0.07308019325137138,0.18620206788182259
-0.3181603066623211,-0.028603877872228622,0.2239433154463768,0.01577150821685791,-0.6030571684241295,-0.18457028083503246,-0.07308019325137138,0.18620206788182259
-0.3181603066623211,-0.028603877872228622,0.2239433154463768,0.01577150821685791,-0.6030571684241295,-0.18457028083503246,-0.07308019325137138,0.18620206788182259
-0.3181603066623211,-0.028603877872228622,0.2239433154463768,0.01577150821685791,-0.6030571684241295,-0.18457028083503246,-0.07308019325137138,0.18620206788182259
-0.3181603066623211,-0.028603877872228622,0.2239433154463768,0.01577150821685791,-0.6030571684241295,-0.18457028083503246,-0.07308019325137138,0.18620206788182259
-0.3181603066623211,-0.028603877872228622,0.2239433154463768,0.01577150821685791,-0.6030571684241295,-0.18457028083503246,-0.07308019325137138,0.18620206788182259
-0.3181603066623211,-0.028603877872228622,0.2239433154463768,0.01577150821685791,-0.6030571684241295,-0.18457028083503246,-0.07308019325137138,0.18620206788182259
-0.3181603066623211,-0.028603877872228622,0.2239433154463768,0.01577150821685791,-0.6030571684241295,-0.18457028083503246,-0.07308019325137138,0.18620206788182259
-0.3181603066623211,-0.028603877872228622,0.2239433154463768,0.01577150821685791,-0.6030571684241295,-0.18457028083503246,-0.07308019325137138,0.18620206788182259
-0.3181603066623211,-0.028603877872228622,0.2239433154463768,0.01577150821685791,-0.6030571684241295,-0.18457028083503246,-0.07308019325137138,0.18620206788182259
-0.3181603066623211,-0.028603877872228622,0.2239433154463768,0.01577150821685791,-0.6030571684241295,-0.18457028083503246,-0.07308019325137138,0.18620206788182259
-0.3181603066623211,-0.028603877872228622,0.2239433154463768,0.01577150821685791,-0.6030571684241295,-0.18457028083503246,-0.07308019325137138,0.18620206788182259
-0.3181603066623211,-0.028603877872228622,0.2239433154463768,0.01577150821685791,-0.6030571684241295,-0.18457028083503246,-0.07308019325137138,0.18620206788182259
-0.3181603066623211,-0.028603877872228622,0.2239433154463768,0.01577150821685791,-0.6030571684241295,-0.18457028083503246,-0.07308019325137138,0.18620206788182259
-0.3181603066623211,-0.028603877872228622,0.2239433154463768,0.01577150821685791,-0.6030571684241295,-0.18457028083503246,-0.07308019325137138,0.18620206788182259
-0.3181603066623211,-0.028603877872228622,0.2239433154463768,0.01577150821685791,-0.6030571684241295,-0.18457028083503246,-0.07308019325137138,0.18620206788182259
-0.3181603066623211,-0.028603877872228622,0.2239433154463768,0.01577150821685791,-0.6030571684241295,-0.18457028083503246,-0.07308019325137138,0.18620206788182259
-0.3181603066623211,-0.028603877872228622,0.2239433154463768,0.01577150821685791,-0.6030571684241295,-0.18457028083503246,-0.07308019325137138,0.18620206788182259
-0.3181603066623211,-0.028603877872228622,0.2239433154463768,0.01577150821685791,-0.6030571684241295,-0.18457028083503246,-0.07308019325137138,0.18620206788182259
-0.3181603066623211,-0.028603877872228622,0.2239433154463768,0.01577150821685791,-0.6030571684241295,-0.18457028083503246,-0.07308019325137138,0.18620206788182259
-0.3181603066623211,-0.028603877872228622,0.2239433154463768,0.01577150821685791,-0.6030571684241295,-0.18457028083503246,-0.07308019325137138,0.18620206788182259
-0.3181603066623211,-0.028603877872228622,0.2239433154463768,0.01577150821685791,-0.6030571684241295,-0.18457028083503246,-0.07308019325137138,0.18620206788182259
-0.3181603066623211,-0.028603877872228622,0.2239433154463768,0.01577150821685791,-0.6030571684241295,-0.18457028083503246,-0.07308019325137138,0.18620206788182259
-0.3181603066623211,-0.028603877872228622,0.2239433154463768,0.01577150821685791,-0.6030571684241295,-0.18457028083503246,-0.07308019325137138,0.18620206788182259
-0.3181603066623211,-0.028603877872228622,0.2239433154463768,0.01577150821685791,-0.6030571684241295,-0.18457028083503246,-0.07308019325137138,0.18620206788182259
-0.3181603066623211,-0.028603877872228622,0.2239433154463768,0.01577150821685791,-0.6030571684241295,-0.18457028083503246,-0.07308019325137138,0.18620206788182259
-0.3181603066623211,-0.028603877872228622,0.2239433154463768,0.01577150821685791,-0.6030571684241295,-0.18457028083503246,-0.07308019325137138,0.18620206788182259
-0.3181603066623211,-0.028603877872228622,0.2239433154463768,0.01577150821685791,-0.6030571684241295,-0.18457028083503246,-0.07308019325137138,0.18620206788182259
-0.3181603066623211,-0.028603877872228622,0.2239433154463768,0.01577150821685791,-0.6030571684241295,-0.18457028083503246,-0.07308019325137138,0.18620206788182259
-0.3181603066623211,-0.028603877872228622,0.2239433154463768,0.01577150821685791,-0.6030571684241295,-0.18457028083503246,-0.07308019325137138,0.18620206788182259
-0.3181603066623211,-0.028603877872228622,0.2239433154463768,0.01577150821685791,-0.6030571684241295,-0.18457028083503246,-0.07308019325137138,0.18620206788182259
-0.3181603066623211,-0.028603877872228622,0.2239433154463768,0.01577150821685791,-0.6030571684241295,-0.18457028083503246,-0.07308019325137138,0.18620206788182259
-0.3181603066623211,-0.028603877872228622,0.2239433154463768,0.01577150821685791,-0.6030571684241295,-0.18457028083503246,-0.07308019325137138,0.18620206788182259
-0.3181603066623211,-0.028603877872228622,0.2239433154463768,0.01577150821685791,-0.6030571684241295,-0.18457028083503246,-0.07308019325137138,0.18620206788182259
-0.3181603066623211,-0.028603877872228622,0.2239433154463768,0.01577150821685791,-0.6030571684241295,-0.18457028083503246,-0.07308019325137138,0.18620206788182259
-0.3181603066623211,-0.028603877872228622,0.2239433154463768,0.01577150821685791,-0.6030571684241295,-0.18457028083503246,-0.07308019325137138,0.18620206788182259
-0.3181603066623211,-0.028603877872228622,0.2239433154463768,0.01577150821685791,-0.6030571684241295,-0.18457028083503246,-0.07308019325137138,0.18620206788182259
-0.3181603066623211,-0.028603877872228622,0.2239433154463768,0.01577150821685791,-0.6030571684241295,-0.18457028083503246,-0.07308019325137138,0.18620206788182259
-0.3181603066623211,-0.028603877872228622,0.2239433154463768,0.01577150821685791,-0.6030571684241295,-0.18457028083503246,-0.07308019325137138,0.18620206788182259
-0.3181603066623211,-0.028603877872228622,0.2239433154463768,0.01577150821685791,-0.6030571684241295,-0.18457028083503246,-0.07308019325137138,0.18620206788182259
-0.3181603066623211,-0.028603877872228622,0.2239433154463768,0.01577150821685791,-0.6030571684241295,-0.18457028083503246,-0.07308019325137138,0.18620206788182259
-0.3181603066623211,-0.028603877872228622,0.2239433154463768,0.01577150821685791,-0.6030571684241295,-0.18457028083503246,-0.07308019325137138,0.18620206788182259
-0.3181603066623211,-0.028603877872228622,0.2239433154463768,0.01577150821685791,-0.6030571684241295,-0.18457028083503246,-0.07308019325137138,0.18620206788182259
-0.3181603066623211,-0.028603877872228622,0.2239433154463768,0.01577150821685791,-0.6030571684241295,-0.18457028083503246,-0.07308019325137138,0.18620206788182259
-0.3181603066623211,-0.028603877872228622,0.2239433154463768,0.01577150821685791,-0.6030571684241295,-0.18457028083503246,-0.07308019325137138,0.18620206788182259
-0.3181603066623211,-0.028603877872228622,0.2239433154463768,0.01577150821685791,-0.6030571684241295,-0.18457028083503246,-0.07308019325137138,0.18620206788182259
-0.3181603066623211,-0.028603877872228622,0.2239433154463768,0.01577150821685791,-0.6030571684241295,-0.18457028083503246,-0.07308019325137138,0.18620206788182259
-0.3181603066623211,-0.028603877872228622,0.2239433154463768,0.01577150821685791,-0.6030571684241295,-0.18457028083503246,-0.07308019325137138,0.18620206788182259
-0.3181603066623211,-0.028603877872228622,0.2239433154463768,0.01577150821685791,-0.6030571684241295,-0.18457028083503246,-0.07308019325137138,0.18620206788182259
-0.3181603066623211,-0.028603877872228622,0.2239433154463768,0.01577150821685791,-0.6030571684241295,-0.18457028083503246,-0.07308019325137138,0.18620206788182259
-0.3181603066623211,-0.028603877872228622,0.2239433154463768,0.01577150821685791,-0.6030571684241295,-0.18457028083503246,-0.07308019325137138,0.18620206788182259
-0.3181603066623211,-0.028603877872228622,0.2239433154463768,0.01577150821685791,-0.6030571684241295,-0.18457028083503246,-0.07308019325137138,0.18620206788182259
-0.3181603066623211,-0.028603877872228622,0.2239433154463768,0.01577150821685791,-0.6030571684241295,-0.18457028083503246,-0.07308019325137138,0.18620206788182259
-0.3181603066623211,-0.028603877872228622,0.2239433154463768,0.01577150821685791,-0.6030571684241295,-0.18457028083503246,-0.07308019325137138,0.18620206788182259
-0.3181603066623211,-0.028603877872228622,0.2239433154463768,0.01577150821685791,-0.6030571684241295,-0.18457028083503246,-0.07308019325137138,0.18620206788182259
-0.3181603066623211,-0.028603877872228622,0.2239433154463768,0.01577150821685791,-0.6030571684241295,-0.18457028083503246,-0.07308019325137138,0.18620206788182259
-0.3181603066623211,-0.028603877872228622,0.2239433154463768,0.01577150821685791,-0.6030571684241295,-0.18457028083503246,-0.07308019325137138,0.18620206788182259
-0.3181603066623211,-0.028603877872228622,0.2239433154463768,0.01577150821685791,-0.6030571684241295,-0.18457028083503246,-0.07308019325137138,0.18620206788182259
-0.3181603066623211,-0.028603877872228622,0.2239433154463768,0.01577150821685791,-0.6030571684241295,-0.18457028083503246,-0.07308019325137138,0.18620206788182259
-0.3181603066623211,-0.028603877872228622,0.2239433154463768,0.01577150821685791,-0.6030571684241295,-0.18457028083503246,-0.07308019325137138,0.18620206788182259
-0.3181603066623211,-0.028603877872228622,0.2239433154463768,0.01577150821685791,-0.6030571684241295,-0.18457028083503246,-0.07308019325137138,0.18620206788182259
-0.3181603066623211,-0.028603877872228622,0.2239433154463768,0.01577150821685791,-0.6030571684241295,-0.18457028083503246,-0.07308019325137138,0.18620206788182259
-0.3181603066623211,-0.028603877872228622,0.2239433154463768,0.01577150821685791,-0.6030571684241295,-0.18457028083503246,-0.07308019325137138,0.18620206788182259
-0.3181603066623211,-0.028603877872228622,0.2239433154463768,0.01577150821685791,-0.6030571684241295,-0.18457028083503246,-0.07308019325137138,0.18620206788182259
-0.3181603066623211,-0.028603877872228622,0.2239433154463768,0.01577150821685791,-0.6030571684241295,-0.18457028083503246,-0.07308019325137138,0.18620206788182259
-0.3181603066623211,-0.028603877872228622,0.2239433154463768,0.01577150821685791,-0.6030571684241295,-0.18457028083503246,-0.07308019325137138,0.18620206788182259
-0.3181603066623211,-0.028603877872228622,0.2239433154463768,0.01577150821685791,-0.6030571684241295,-0.18457028083503246,-0.07308019325137138,0.18620206788182259
-0.3181603066623211,-0.028603877872228622,0.2239433154463768,0.01577150821685791,-0.6030571684241295,-0.18457028083503246,-0.07308019325137138,0.18620206788182259
-0.3181603066623211,-0.028603877872228622,0.2239433154463768,0.01577150821685791,-0.6030571684241295,-0.18457028083503246,-0.07308019325137138,0.18620206788182259
-0.3181603066623211,-0.028603877872228622,0.2239433154463768,0.01577150821685791,-0.6030571684241295,-0.18457028083503246,-0.07308019325137138,0.18620206788182259
-0.3181603066623211,-0.028603877872228622,0.2239433154463768,0.01577150821685791,-0.6030571684241295,-0.18457028083503246,-0.07308019325137138,0.18620206788182259
-0.3181603066623211,-0.028603877872228622,0.2239433154463768,0.01577150821685791,-0.6030571684241295,-0.18457028083503246,-0.07308019325137138,0.18620206788182259
-0.3181603066623211,-0.028603877872228622,0.2239433154463768,0.01577150821685791,-0.6030571684241295,-0.18457028083503246,-0.07308019325137138,0.18620206788182259
-0.3181603066623211,-0.028603877872228622,0.2239433154463768,0.01577150821685791,-0.6030571684241295,-0.18457028083503246,-0.07308019325137138,0.18620206788182259
-0.3181603066623211,-0.028603877872228622,0.2239433154463768,0.01577150821685791,-0.6030571684241295,-0.18457028083503246,-0.07308019325137138,0.18620206788182259
-0.3181603066623211,-0.028603877872228622,0.2239433154463768,0.01577150821685791,-0.6030571684241295,-0.18457028083503246,-0.07308019325137138,0.18620206788182259
-0.3181603066623211,-0.028603877872228622,0.2239433154463768,0.01577150821685791,-0.6030571684241295,-0.18457028083503246,-0.07308019325137138,0.18620206788182259
-0.3181603066623211,-0.028603877872228622,0.2239433154463768,0.01577150821685791,-0.6030571684241295,-0.18457028083503246,-0.07308019325137138,0.18620206788182259
-0.3181603066623211,-0.028603877872228622,0.2239433154463768,0.01577150821685791,-0.6030571684241295,-0.18457028083503246,-0.07308019325137138,0.18620206788182259
-0.3181603066623211,-0.028603877872228622,0.2239433154463768,0.01577150821685791,-0.6030571684241295,-0.18457028083503246,-0.07308019325137138,0.18620206788182259
-0.3181603066623211,-0.028603877872228622,0.2239433154463768,0.01577150821685791,-0.6030571684241295,-0.18457028083503246,-0.07308019325137138,0.18620206788182259
-0.3181603066623211,-0.028603877872228622,0.2239433154463768,0.01577150821685791,-0.6030571684241295,-0.18457028083503246,-0.07308019325137138,0.18620206788182259
-0.3181603066623211,-0.028603877872228622,0.2239433154463768,0.01577150821685791,-0.6030571684241295,-0.18457028083503246,-0.07308019325137138,0.18620206788182259
-0.3181603066623211,-0.028603877872228622,0.2239433154463768,0.01577150821685791,-0.6030571684241295,-0.18457028083503246,-0.07308019325137138,0.18620206788182259
-0.3181603066623211,-0.028603877872228622,0.2239433154463768,0.01577150821685791,-0.6030571684241295,-0.18457028083503246,-0.07308019325137138,0.18620206788182259
-0.3181603066623211,-0.028603877872228622,0.2239433154463768,0.01577150821685791,-0.6030571684241295,-0.18457028083503246,-0.07308019325137138,0.18620206788182259
-0.3181603066623211,-0.028603877872228622,0.2239433154463768,0.01577150821685791,-0.6030571684241295,-0.18457028083503246,-0.07308019325137138,0.18620206788182259
-0.3181603066623211,-0.028603877872228622,0.2239433154463768,0.01577150821685791,-0.6030571684241295,-0.18457028083503246,-0.07308019325137138,0.18620206788182259
-0.3181603066623211,-0.028603877872228622,0.2239433154463768,0.01577150821685791,-0.6030571684241295,-0.18457028083503246,-0.07308019325137138,0.18620206788182259
-0.3181603066623211,-0.028603877872228622,0.2239433154463768,0.01577150821685791,-0.6030571684241295,-0.18457028083503246,-0.07308019325137138,0.18620206788182259
-0.3181603066623211,-0.028603877872228622,0.2239433154463768,0.01577150821685791,-0.6030571684241295,-0.18457028083503246,-0.07308019325137138,0.18620206788182259
-0.3181603066623211,-0.028603877872228622,0.2239433154463768,0.01577150821685791,-0.6030571684241295,-0.18457028083503246,-0.07308019325137138,0.18620206788182259
-0.3181603066623211,-0.028603877872228622,0.2239433154463768,0.01577150821685791,-0.6030571684241295,-0.18457028083503246,-0.07308019325137138,0.18620206788182259
-0.3181603066623211,-0.028603877872228622,0.2239433154463768,0.01577150821685791,-0.6030571684241295,-0.18457028083503246,-0.07308019325137138,0.18620206788182259
-0.3181603066623211,-0.028603877872228622,0.2239433154463768,0.01577150821685791,-0.6030571684241295,-0.18457028083503246,-0.07308019325137138,0.18620206788182259
-0.3181603066623211,-0.028603877872228622,0.2239433154463768,0.01577150821685791,-0.6030571684241295,-0.18457028083503246,-0.07308019325137138,0.18620206788182259
-0.3181603066623211,-0.028603877872228622,0.2239433154463768,0.01577150821685791,-0.6030571684241295,-0.18457028083503246,-0.07308019325137138,0.18620206788182259
-0.3181603066623211,-0.028603877872228622,0.2239433154463768,0.01577150821685791,-0.6030571684241295,-0.18457028083503246,-0.07308019325137138,0.18620206788182259
-0.3181603066623211,-0.028603877872228622,0.2239433154463768,0.01577150821685791,-0.6030571684241295,-0.18457028083503246,-0.07308019325137138,0.18620206788182259
-0.3181603066623211,-0.028603877872228622,0.2239433154463768,0.01577150821685791,-0.6030571684241295,-0.18457028083503246,-0.07308019325137138,0.18620206788182259
-0.3181603066623211,-0.028603877872228622,0.2239433154463768,0.01577150821685791,-0.6030571684241295,-0.18457028083503246,-0.07308019325137138,0.18620206788182259
-0.3181603066623211,-0.028603877872228622,0.2239433154463768,0.01577150821685791,-0.6030571684241295,-0.18457028083503246,-0.07308019325137138,0.18620206788182259
-0.3181603066623211,-0.028603877872228622,0.2239433154463768,0.01577150821685791,-0.6030571684241295,-0.18457028083503246,-0.07308019325137138,0.18620206788182259
-0.3181603066623211,-0.028603877872228622,0.2239433154463768,0.01577150821685791,-0.6030571684241295,-0.18457028083503246,-0.07308019325137138,0.18620206788182259
-0.3181603066623211,-0.028603877872228622,0.2239433154463768,0.01577150821685791,-0.6030571684241295,-0.18457028083503246,-0.07308019325137138,0.18620206788182259
-0.3181603066623211,-0.028603877872228622,0.2239433154463768,0.01577150821685791,-0.6030571684241295,-0.18457028083503246,-0.07308019325137138,0.18620206788182259
-0.3181603066623211,-0.028603877872228622,0.2239433154463768,0.01577150821685791,-0.6030571684241295,-0.18457028083503246,-0.07308019325137138,0.18620206788182259
-0.3181603066623211,-0.028603877872228622,0.2239433154463768,0.01577150821685791,-0.6030571684241295,-0.18457028083503246,-0.07308019325137138,0.18620206788182259
-0.3181603066623211,-0.028603877872228622,0.2239433154463768,0.01577150821685791,-0.6030571684241295,-0.18457028083503246,-0.07308019325137138,0.18620206788182259
-0.3181603066623211,-0.028603877872228622,0.2239433154463768,0.01577150821685791,-0.6030571684241295,-0.18457028083503246,-0.07308019325137138,0.18620206788182259
-0.3181603066623211,-0.028603877872228622,0.2239433154463768,0.01577150821685791,-0.6030571684241295,-0.18457028083503246,-0.07308019325137138,0.18620206788182259
-0.3181603066623211,-0.028603877872228622,0.2239433154463768,0.01577150821685791,-0.6030571684241295,-0.18457028083503246,-0.07308019325137138,0.18620206788182259
-0.3181603066623211,-0.028603877872228622,0.2239433154463768,0.01577150821685791,-0.6030571684241295,-0.18457028083503246,-0.07308019325137138,0.18620206788182259
-0.3181603066623211,-0.028603877872228622,0.2239433154463768,0.01577150821685791,-0.6030571684241295,-0.18457028083503246,-0.07308019325137138,0.18620206788182259
-0.3181603066623211,-0.028603877872228622,0.2239433154463768,0.01577150821685791,-0.6030571684241295,-0.18457028083503246,-0.07308019325137138,0.18620206788182259
-0.3181603066623211,-0.028603877872228622,0.2239433154463768,0.01577150821685791,-0.6030571684241295,-0.18457028083503246,-0.07308019325137138,0.18620206788182259
-0.3181603066623211,-0.028603877872228622,0.2239433154463768,0.01577150821685791,-0.6030571684241295,-0.18457028083503246,-0.07308019325137138,0.18620206788182259
-0.3181603066623211,-0.028603877872228622,0.2239433154463768,0.01577150821685791,-0.6030571684241295,-0.18457028083503246,-0.07308019325137138,0.18620206788182259
-0.3181603066623211,-0.028603877872228622,0.2239433154463768,0.01577150821685791,-0.6030571684241295,-0.18457028083503246,-0.07308019325137138,0.18620206788182259
-0.3181603066623211,-0.028603877872228622,0.2239433154463768,0.01577150821685791,-0.6030571684241295,-0.18457028083503246,-0.07308019325137138,0.18620206788182259
-0.3181603066623211,-0.028603877872228622,0.2239433154463768,0.01577150821685791,-0.6030571684241295,-0.18457028083503246,-0.07308019325137138,0.18620206788182259
-0.3181603066623211,-0.028603877872228622,0.2239433154463768,0.01577150821685791,-0.6030571684241295,-0.18457028083503246,-0.07308019325137138,0.18620206788182259
-0.3181603066623211,-0.028603877872228622,0.2239433154463768,0.01577150821685791,-0.6030571684241295,-0.18457028083503246,-0.07308019325137138,0.18620206788182259
-0.3181603066623211,-0.028603877872228622,0.2239433154463768,0.01577150821685791,-0.6030571684241295,-0.18457028083503246,-0.07308019325137138,0.18620206788182259
-0.3181603066623211,-0.028603877872228622,0.2239433154463768,0.01577150821685791,-0.6030571684241295,-0.18457028083503246,-0.07308019325137138,0.18620206788182259
-0.3181603066623211,-0.028603877872228622,0.2239433154463768,0.01577150821685791,-0.6030571684241295,-0.18457028083503246,-0.07308019325137138,0.18620206788182259
-0.3181603066623211,-0.028603877872228622,0.2239433154463768,0.01577150821685791,-0.6030571684241295,-0.18457028083503246,-0.07308019325137138,0.18620206788182259
-0.3181603066623211,-0.028603877872228622,0.2239433154463768,0.01577150821685791,-0.6030571684241295,-0.18457028083503246,-0.07308019325137138,0.18620206788182259
-0.3181603066623211,-0.028603877872228622,0.2239433154463768,0.01577150821685791,-0.6030571684241295,-0.18457028083503246,-0.07308019325137138,0.18620206788182259
-0.3181603066623211,-0.028603877872228622,0.2239433154463768,0.01577150821685791,-0.6030571684241295,-0.18457028083503246,-0.07308019325137138,0.18620206788182259
-0.3181603066623211,-0.028603877872228622,0.2239433154463768,0.01577150821685791,-0.6030571684241295,-0.18457028083503246,-0.07308019325137138,0.18620206788182259
-0.3181603066623211,-0.028603877872228622,0.2239433154463768,0.01577150821685791,-0.6030571684241295,-0.18457028083503246,-0.07308019325137138,0.18620206788182259
-0.3181603066623211,-0.028603877872228622,0.2239433154463768,0.01577150821685791,-0.6030571684241295,-0.18457028083503246,-0.07308019325137138,0.18620206788182259
-0.3181603066623211,-0.028603877872228622,0.2239433154463768,0.01577150821685791,-0.6030571684241295,-0.18457028083503246,-0.07308019325137138,0.18620206788182259
-0.3181603066623211,-0.028603877872228622,0.2239433154463768,0.01577150821685791,-0.6030571684241295,-0.18457028083503246,-0.07308019325137138,0.18620206788182259
-0.3181603066623211,-0.028603877872228622,0.2239433154463768,0.01577150821685791,-0.6030571684241295,-0.18457028083503246,-0.07308019325137138,0.18620206788182259
-0.3181603066623211,-0.028603877872228622,0.2239433154463768,0.01577150821685791,-0.6030571684241295,-0.18457028083503246,-0.07308019325137138,0.18620206788182259
-0.3181603066623211,-0.028603877872228622,0.2239433154463768,0.01577150821685791,-0.6030571684241295,-0.18457028083503246,-0.07308019325137138,0.18620206788182259
-0.3181603066623211,-0.028603877872228622,0.2239433154463768,0.01577150821685791,-0.6030571684241295,-0.18457028083503246,-0.07308019325137138,0.18620206788182259
-0.3181603066623211,-0.028603877872228622,0.2239433154463768,0.01577150821685791,-0.6030571684241295,-0.18457028083503246,-0.07308019325137138,0.18620206788182259
-0.3181603066623211,-0.028603877872228622,0.2239433154463768,0.01577150821685791,-0.6030571684241295,-0.18457028083503246,-0.07308019325137138,0.18620206788182259
-0.3181603066623211,-0.028603877872228622,0.2239433154463768,0.01577150821685791,-0.6030571684241295,-0.18457028083503246,-0.07308019325137138,0.18620206788182259
-0.3181603066623211,-0.028603877872228622,0.2239433154463768,0.01577150821685791,-0.6030571684241295,-0.18457028083503246,-0.07308019325137138,0.18620206788182259
-0.3181603066623211,-0.028603877872228622,0.2239433154463768,0.01577150821685791,-0.6030571684241295,-0.18457028083503246,-0.07308019325137138,0.18620206788182259
-0.3181603066623211,-0.028603877872228622,0.2239433154463768,0.01577150821685791,-0.6030571684241295,-0.18457028083503246,-0.07308019325137138,0.18620206788182259
-0.3181603066623211,-0.028603877872228622,0.2239433154463768,0.01577150821685791,-0.6030571684241295,-0.18457028083503246,-0.07308019325137138,0.18620206788182259
-0.3181603066623211,-0.028603877872228622,0.2239433154463768,0.01577150821685791,-0.6030571684241295,-0.18457028083503246,-0.07308019325137138,0.18620206788182259
-0.3181603066623211,-0.028603877872228622,0.2239433154463768,0.01577150821685791,-0.6030571684241295,-0.18457028083503246,-0.07308019325137138,0.18620206788182259
-0.3181603066623211,-0.028603877872228622,0.2239433154463768,0.01577150821685791,-0.6030571684241295,-0.18457028083503246,-0.07308019325137138,0.18620206788182259
-0.3181603066623211,-0.028603877872228622,0.2239433154463768,0.01577150821685791,-0.6030571684241295,-0.18457028083503246,-0.07308019325137138,0.18620206788182259
-0.3181603066623211,-0.028603877872228622,0.2239433154463768,0.01577150821685791,-0.6030571684241295,-0.18457028083503246,-0.07308019325137138,0.18620206788182259
-0.3181603066623211,-0.028603877872228622,0.2239433154463768,0.01577150821685791,-0.6030571684241295,-0.18457028083503246,-0.07308019325137138,0.18620206788182259
-0.3181603066623211,-0.028603877872228622,0.2239433154463768,0.01577150821685791,-0.6030571684241295,-0.18457028083503246,-0.07308019325137138,0.18620206788182259
-0.3181603066623211,-0.028603877872228622,0.2239433154463768,0.01577150821685791,-0.6030571684241295,-0.18457028083503246,-0.07308019325137138,0.18620206788182259
-0.3181603066623211,-0.028603877872228622,0.2239433154463768,0.01577150821685791,-0.6030571684241295,-0.18457028083503246,-0.07308019325137138,0.18620206788182259
-0.3181603066623211,-0.028603877872228622,0.2239433154463768,0.01577150821685791,-0.6030571684241295,-0.18457028083503246,-0.07308019325137138,0.18620206788182259
-0.3181603066623211,-0.028603877872228622,0.2239433154463768,0.01577150821685791,-0.6030571684241295,-0.18457028083503246,-0.07308019325137138,0.18620206788182259
-0.3181603066623211,-0.028603877872228622,0.2239433154463768,0.01577150821685791,-0.6030571684241295,-0.18457028083503246,-0.07308019325137138,0.18620206788182259
-0.3181603066623211,-0.028603877872228622,0.2239433154463768,0.01577150821685791,-0.6030571684241295,-0.18457028083503246,-0.07308019325137138,0.18620206788182259
-0.3181603066623211,-0.028603877872228622,0.2239433154463768,0.01577150821685791,-0.6030571684241295,-0.18457028083503246,-0.07308019325137138,0.18620206788182259
-0.3181603066623211,-0.028603877872228622,0.2239433154463768,0.01577150821685791,-0.6030571684241295,-0.18457028083503246,-0.07308019325137138,0.18620206788182259
-0.3181603066623211,-0.028603877872228622,0.2239433154463768,0.01577150821685791,-0.6030571684241295,-0.18457028083503246,-0.07308019325137138,0.18620206788182259
-0.3181603066623211,-0.028603877872228622,0.2239433154463768,0.01577150821685791,-0.6030571684241295,-0.18457028083503246,-0.07308019325137138,0.18620206788182259
-0.3181603066623211,-0.028603877872228622,0.2239433154463768,0.01577150821685791,-0.6030571684241295,-0.18457028083503246,-0.07308019325137138,0.18620206788182259
-0.3181603066623211,-0.028603877872228622,0.2239433154463768,0.01577150821685791,-0.6030571684241295,-0.18457028083503246,-0.07308019325137138,0.18620206788182259
-0.3181603066623211,-0.028603877872228622,0.2239433154463768,0.01577150821685791,-0.6030571684241295,-0.18457028083503246,-0.07308019325137138,0.18620206788182259
-0.3181603066623211,-0.028603877872228622,0.2239433154463768,0.01577150821685791,-0.6030571684241295,-0.18457028083503246,-0.07308019325137138,0.18620206788182259
-0.3181603066623211,-0.028603877872228622,0.2239433154463768,0.01577150821685791,-0.6030571684241295,-0.18457028083503246,-0.07308019325137138,0.18620206788182259
-0.3181603066623211,-0.028603877872228622,0.2239433154463768,0.01577150821685791,-0.6030571684241295,-0.18457028083503246,-0.07308019325137138,0.18620206788182259
-0.3181603066623211,-0.028603877872228622,0.2239433154463768,0.01577150821685791,-0.6030571684241295,-0.18457028083503246,-0.07308019325137138,0.18620206788182259
-0.3181603066623211,-0.028603877872228622,0.2239433154463768,0.01577150821685791,-0.6030571684241295,-0.18457028083503246,-0.07308019325137138,0.18620206788182259
-0.3181603066623211,-0.028603877872228622,0.2239433154463768,0.01577150821685791,-0.6030571684241295,-0.18457028083503246,-0.07308019325137138,0.18620206788182259
-0.3181603066623211,-0.028603877872228622,0.2239433154463768,0.01577150821685791,-0.6030571684241295,-0.18457028083503246,-0.07308019325137138,0.18620206788182259
-0.3181603066623211,-0.028603877872228622,0.2239433154463768,0.01577150821685791,-0.6030571684241295,-0.18457028083503246,-0.07308019325137138,0.18620206788182259
-0.3181603066623211,-0.028603877872228622,0.2239433154463768,0.01577150821685791,-0.6030571684241295,-0.18457028083503246,-0.07308019325137138,0.18620206788182259
-0.3181603066623211,-0.028603877872228622,0.2239433154463768,0.01577150821685791,-0.6030571684241295,-0.18457028083503246,-0.07308019325137138,0.18620206788182259
-0.3181603066623211,-0.028603877872228622,0.2239433154463768,0.01577150821685791,-0.6030571684241295,-0.18457028083503246,-0.07308019325137138,0.18620206788182259
-0.3181603066623211,-0.028603877872228622,0.2239433154463768,0.01577150821685791,-0.6030571684241295,-0.18457028083503246,-0.07308019325137138,0.18620206788182259
-0.3181603066623211,-0.028603877872228622,0.2239433154463768,0.01577150821685791,-0.6030571684241295,-0.18457028083503246,-0.07308019325137138,0.18620206788182259
-0.3181603066623211,-0.028603877872228622,0.2239433154463768,0.01577150821685791,-0.6030571684241295,-0.18457028083503246,-0.07308019325137138,0.18620206788182259
-0.3181603066623211,-0.028603877872228622,0.2239433154463768,0.01577150821685791,-0.6030571684241295,-0.18457028083503246,-0.07308019325137138,0.18620206788182259
-0.3181603066623211,-0.028603877872228622,0.2239433154463768,0.01577150821685791,-0.6030571684241295,-0.18457028083503246,-0.07308019325137138,0.18620206788182259
-0.3181603066623211,-0.028603877872228622,0.2239433154463768,0.01577150821685791,-0.6030571684241295,-0.18457028083503246,-0.07308019325137138,0.18620206788182259
-0.3181603066623211,-0.028603877872228622,0.2239433154463768,0.01577150821685791,-0.6030571684241295,-0.18457028083503246,-0.07308019325137138,0.18620206788182259
-0.3181603066623211,-0.028603877872228622,0.2239433154463768,0.01577150821685791,-0.6030571684241295,-0.18457028083503246,-0.07308019325137138,0.18620206788182259
-0.3181603066623211,-0.028603877872228622,0.2239433154463768,0.01577150821685791,-0.6030571684241295,-0.18457028083503246,-0.07308019325137138,0.18620206788182259
-0.3181603066623211,-0.028603877872228622,0.2239433154463768,0.01577150821685791,-0.6030571684241295,-0.18457028083503246,-0.07308019325137138,0.18620206788182259
-0.3181603066623211,-0.028603877872228622,0.2239433154463768,0.01577150821685791,-0.6030571684241295,-0.18457028083503246,-0.07308019325137138,0.18620206788182259
-0.3181603066623211,-0.028603877872228622,0.2239433154463768,0.01577150821685791,-0.6030571684241295,-0.18457028083503246,-0.07308019325137138,0.18620206788182259
-0.3181603066623211,-0.028603877872228622,0.2239433154463768,0.01577150821685791,-0.6030571684241295,-0.18457028083503246,-0.07308019325137138,0.18620206788182259
-0.3181603066623211,-0.028603877872228622,0.2239433154463768,0.01577150821685791,-0.6030571684241295,-0.18457028083503246,-0.07308019325137138,0.18620206788182259
-0.3181603066623211,-0.028603877872228622,0.2239433154463768,0.01577150821685791,-0.6030571684241295,-0.18457028083503246,-0.07308019325137138,0.18620206788182259
-0.3181603066623211,-0.028603877872228622,0.2239433154463768,0.01577150821685791,-0.6030571684241295,-0.18457028083503246,-0.07308019325137138,0.18620206788182259
-0.3181603066623211,-0.028603877872228622,0.2239433154463768,0.01577150821685791,-0.6030571684241295,-0.18457028083503246,-0.07308019325137138,0.18620206788182259
-0.3181603066623211,-0.028603877872228622,0.2239433154463768,0.01577150821685791,-0.6030571684241295,-0.18457028083503246,-0.07308019325137138,0.18620206788182259
-0.3181603066623211,-0.028603877872228622,0.2239433154463768,0.01577150821685791,-0.6030571684241295,-0.18457028083503246,-0.07308019325137138,0.18620206788182259
-0.3181603066623211,-0.028603877872228622,0.2239433154463768,0.01577150821685791,-0.6030571684241295,-0.18457028083503246,-0.07308019325137138,0.18620206788182259
-0.3181603066623211,-0.028603877872228622,0.2239433154463768,0.01577150821685791,-0.6030571684241295,-0.18457028083503246,-0.07308019325137138,0.18620206788182259
-0.3181603066623211,-0.028603877872228622,0.2239433154463768,0.01577150821685791,-0.6030571684241295,-0.18457028083503246,-0.07308019325137138,0.18620206788182259
-0.3181603066623211,-0.028603877872228622,0.2239433154463768,0.01577150821685791,-0.6030571684241295,-0.18457028083503246,-0.07308019325137138,0.18620206788182259
-0.3181603066623211,-0.028603877872228622,0.2239433154463768,0.01577150821685791,-0.6030571684241295,-0.18457028083503246,-0.07308019325137138,0.18620206788182259
-0.3181603066623211,-0.028603877872228622,0.2239433154463768,0.01577150821685791,-0.6030571684241295,-0.18457028083503246,-0.07308019325137138,0.18620206788182259
-0.3181603066623211,-0.028603877872228622,0.2239433154463768,0.01577150821685791,-0.6030571684241295,-0.18457028083503246,-0.07308019325137138,0.18620206788182259
-0.3181603066623211,-0.028603877872228622,0.2239433154463768,0.01577150821685791,-0.6030571684241295,-0.18457028083503246,-0.07308019325137138,0.18620206788182259
-0.3181603066623211,-0.028603877872228622,0.2239433154463768,0.01577150821685791,-0.6030571684241295,-0.18457028083503246,-0.07308019325137138,0.18620206788182259
-0.3181603066623211,-0.028603877872228622,0.2239433154463768,0.01577150821685791,-0.6030571684241295,-0.18457028083503246,-0.07308019325137138,0.18620206788182259
-0.3181603066623211,-0.028603877872228622,0.2239433154463768,0.01577150821685791,-0.6030571684241295,-0.18457028083503246,-0.07308019325137138,0.18620206788182259
-0.3181603066623211,-0.028603877872228622,0.2239433154463768,0.01577150821685791,-0.6030571684241295,-0.18457028083503246,-0.07308019325137138,0.18620206788182259
-0.3181603066623211,-0.028603877872228622,0.2239433154463768,0.01577150821685791,-0.6030571684241295,-0.18457028083503246,-0.07308019325137138,0.18620206788182259
-0.3181603066623211,-0.028603877872228622,0.2239433154463768,0.01577150821685791,-0.6030571684241295,-0.18457028083503246,-0.07308019325137138,0.18620206788182259
-0.3181603066623211,-0.028603877872228622,0.2239433154463768,0.01577150821685791,-0.6030571684241295,-0.18457028083503246,-0.07308019325137138,0.18620206788182259
-0.3181603066623211,-0.028603877872228622,0.2239433154463768,0.01577150821685791,-0.6030571684241295,-0.18457028083503246,-0.07308019325137138,0.18620206788182259
-0.3181603066623211,-0.028603877872228622,0.2239433154463768,0.01577150821685791,-0.6030571684241295,-0.18457028083503246,-0.07308019325137138,0.18620206788182259
-0.3181603066623211,-0.028603877872228622,0.2239433154463768,0.01577150821685791,-0.6030571684241295,-0.18457028083503246,-0.07308019325137138,0.18620206788182259
-0.3181603066623211,-0.028603877872228622,0.2239433154463768,0.01577150821685791,-0.6030571684241295,-0.18457028083503246,-0.07308019325137138,0.18620206788182259
-0.3181603066623211,-0.028603877872228622,0.2239433154463768,0.01577150821685791,-0.6030571684241295,-0.18457028083503246,-0.07308019325137138,0.18620206788182259
-0.3181603066623211,-0.028603877872228622,0.2239433154463768,0.01577150821685791,-0.6030571684241295,-0.18457028083503246,-0.07308019325137138,0.18620206788182259
-0.3181603066623211,-0.028603877872228622,0.2239433154463768,0.01577150821685791,-0.6030571684241295,-0.18457028083503246,-0.07308019325137138,0.18620206788182259
-0.3181603066623211,-0.028603877872228622,0.2239433154463768,0.01577150821685791,-0.6030571684241295,-0.18457028083503246,-0.07308019325137138,0.18620206788182259
-0.3181603066623211,-0.028603877872228622,0.2239433154463768,0.01577150821685791,-0.6030571684241295,-0.18457028083503246,-0.07308019325137138,0.18620206788182259
-0.3181603066623211,-0.028603877872228622,0.2239433154463768,0.01577150821685791,-0.6030571684241295,-0.18457028083503246,-0.07308019325137138,0.18620206788182259
-0.3181603066623211,-0.028603877872228622,0.2239433154463768,0.01577150821685791,-0.6030571684241295,-0.18457028083503246,-0.07308019325137138,0.18620206788182259
-0.3181603066623211,-0.028603877872228622,0.2239433154463768,0.01577150821685791,-0.6030571684241295,-0.18457028083503246,-0.07308019325137138,0.18620206788182259
-0.3181603066623211,-0.028603877872228622,0.2239433154463768,0.01577150821685791,-0.6030571684241295,-0.18457028083503246,-0.07308019325137138,0.18620206788182259
-0.3181603066623211,-0.028603877872228622,0.2239433154463768,0.01577150821685791,-0.6030571684241295,-0.18457028083503246,-0.07308019325137138,0.18620206788182259
-0.3181603066623211,-0.028603877872228622,0.2239433154463768,0.01577150821685791,-0.6030571684241295,-0.18457028083503246,-0.07308019325137138,0.18620206788182259
-0.3181603066623211,-0.028603877872228622,0.2239433154463768,0.01577150821685791,-0.6030571684241295,-0.18457028083503246,-0.07308019325137138,0.18620206788182259
-0.3181603066623211,-0.028603877872228622,0.2239433154463768,0.01577150821685791,-0.6030571684241295,-0.18457028083503246,-0.07308019325137138,0.18620206788182259
-0.3181603066623211,-0.028603877872228622,0.2239433154463768,0.01577150821685791,-0.6030571684241295,-0.18457028083503246,-0.07308019325137138,0.18620206788182259
-0.3181603066623211,-0.028603877872228622,0.2239433154463768,0.01577150821685791,-0.6030571684241295,-0.18457028083503246,-0.07308019325137138,0.18620206788182259
-0.3181603066623211,-0.028603877872228622,0.2239433154463768,0.01577150821685791,-0.6030571684241295,-0.18457028083503246,-0.07308019325137138,0.18620206788182259
-0.3181603066623211,-0.028603877872228622,0.2239433154463768,0.01577150821685791,-0.6030571684241295,-0.18457028083503246,-0.07308019325137138,0.18620206788182259
-0.3181603066623211,-0.028603877872228622,0.2239433154463768,0.01577150821685791,-0.6030571684241295,-0.18457028083503246,-0.07308019325137138,0.18620206788182259
-0.3181603066623211,-0.028603877872228622,0.2239433154463768,0.01577150821685791,-0.6030571684241295,-0.18457028083503246,-0.07308019325137138,0.18620206788182259
-0.3181603066623211,-0.028603877872228622,0.2239433154463768,0.01577150821685791,-0.6030571684241295,-0.18457028083503246,-0.07308019325137138,0.18620206788182259
-0.3181603066623211,-0.028603877872228622,0.2239433154463768,0.01577150821685791,-0.6030571684241295,-0.18457028083503246,-0.07308019325137138,0.18620206788182259
-0.3181603066623211,-0.028603877872228622,0.2239433154463768,0.01577150821685791,-0.6030571684241295,-0.18457028083503246,-0.07308019325137138,0.18620206788182259
-0.3181603066623211,-0.028603877872228622,0.2239433154463768,0.01577150821685791,-0.6030571684241295,-0.18457028083503246,-0.07308019325137138,0.18620206788182259
-0.3181603066623211,-0.028603877872228622,0.2239433154463768,0.01577150821685791,-0.6030571684241295,-0.18457028083503246,-0.07308019325137138,0.18620206788182259
-0.3181603066623211,-0.028603877872228622,0.2239433154463768,0.01577150821685791,-0.6030571684241295,-0.18457028083503246,-0.07308019325137138,0.18620206788182259
-0.3181603066623211,-0.028603877872228622,0.2239433154463768,0.01577150821685791,-0.6030571684241295,-0.18457028083503246,-0.07308019325137138,0.18620206788182259
-0.3181603066623211,-0.028603877872228622,0.2239433154463768,0.01577150821685791,-0.6030571684241295,-0.18457028083503246,-0.07308019325137138,0.18620206788182259
-0.3181603066623211,-0.028603877872228622,0.2239433154463768,0.01577150821685791,-0.6030571684241295,-0.18457028083503246,-0.07308019325137138,0.18620206788182259
-0.3181603066623211,-0.028603877872228622,0.2239433154463768,0.01577150821685791,-0.6030571684241295,-0.18457028083503246,-0.07308019325137138,0.18620206788182259
-0.3181603066623211,-0.028603877872228622,0.2239433154463768,0.01577150821685791,-0.6030571684241295,-0.18457028083503246,-0.07308019325137138,0.18620206788182259
-0.3181603066623211,-0.028603877872228622,0.2239433154463768,0.01577150821685791,-0.6030571684241295,-0.18457028083503246,-0.07308019325137138,0.18620206788182259
-0.3181603066623211,-0.028603877872228622,0.2239433154463768,0.01577150821685791,-0.6030571684241295,-0.18457028083503246,-0.07308019325137138,0.18620206788182259
-0.3181603066623211,-0.028603877872228622,0.2239433154463768,0.01577150821685791,-0.6030571684241295,-0.18457028083503246,-0.07308019325137138,0.18620206788182259
-0.3181603066623211,-0.028603877872228622,0.2239433154463768,0.01577150821685791,-0.6030571684241295,-0.18457028083503246,-0.07308019325137138,0.18620206788182259
-0.3181603066623211,-0.028603877872228622,0.2239433154463768,0.01577150821685791,-0.6030571684241295,-0.18457028083503246,-0.07308019325137138,0.18620206788182259
-0.3181603066623211,-0.028603877872228622,0.2239433154463768,0.01577150821685791,-0.6030571684241295,-0.18457028083503246,-0.07308019325137138,0.18620206788182259
-0.3181603066623211,-0.028603877872228622,0.2239433154463768,0.01577150821685791,-0.6030571684241295,-0.18457028083503246,-0.07308019325137138,0.18620206788182259
-0.3181603066623211,-0.028603877872228622,0.2239433154463768,0.01577150821685791,-0.6030571684241295,-0.18457028083503246,-0.07308019325137138,0.18620206788182259
-0.3181603066623211,-0.028603877872228622,0.2239433154463768,0.01577150821685791,-0.6030571684241295,-0.18457028083503246,-0.07308019325137138,0.18620206788182259
-0.3181603066623211,-0.028603877872228622,0.2239433154463768,0.01577150821685791,-0.6030571684241295,-0.18457028083503246,-0.07308019325137138,0.18620206788182259
-0.3181603066623211,-0.028603877872228622,0.2239433154463768,0.01577150821685791,-0.6030571684241295,-0.18457028083503246,-0.07308019325137138,0.18620206788182259
-0.3181603066623211,-0.028603877872228622,0.2239433154463768,0.01577150821685791,-0.6030571684241295,-0.18457028083503246,-0.07308019325137138,0.18620206788182259
-0.3181603066623211,-0.028603877872228622,0.2239433154463768,0.01577150821685791,-0.6030571684241295,-0.18457028083503246,-0.07308019325137138,0.18620206788182259
-0.3181603066623211,-0.028603877872228622,0.2239433154463768,0.01577150821685791,-0.6030571684241295,-0.18457028083503246,-0.07308019325137138,0.18620206788182259
-0.3181603066623211,-0.028603877872228622,0.2239433154463768,0.01577150821685791,-0.6030571684241295,-0.18457028083503246,-0.07308019325137138,0.18620206788182259
-0.3181603066623211,-0.028603877872228622,0.2239433154463768,0.01577150821685791,-0.6030571684241295,-0.18457028083503246,-0.07308019325137138,0.18620206788182259
-0.3181603066623211,-0.028603877872228622,0.2239433154463768,0.01577150821685791,-0.6030571684241295,-0.18457028083503246,-0.07308019325137138,0.18620206788182259
-0.3181603066623211,-0.028603877872228622,0.2239433154463768,0.01577150821685791,-0.6030571684241295,-0.18457028083503246,-0.07308019325137138,0.18620206788182259
-0.3181603066623211,-0.028603877872228622,0.2239433154463768,0.01577150821685791,-0.6030571684241295,-0.18457028083503246,-0.07308019325137138,0.18620206788182259
-0.3181603066623211,-0.028603877872228622,0.2239433154463768,0.01577150821685791,-0.6030571684241295,-0.18457028083503246,-0.07308019325137138,0.18620206788182259
-0.3181603066623211,-0.028603877872228622,0.2239433154463768,0.01577150821685791,-0.6030571684241295,-0.18457028083503246,-0.07308019325137138,0.18620206788182259
-0.3181603066623211,-0.028603877872228622,0.2239433154463768,0.01577150821685791,-0.6030571684241295,-0.18457028083503246,-0.07308019325137138,0.18620206788182259
-0.3181603066623211,-0.028603877872228622,0.2239433154463768,0.01577150821685791,-0.6030571684241295,-0.18457028083503246,-0.07308019325137138,0.18620206788182259
-0.3181603066623211,-0.028603877872228622,0.2239433154463768,0.01577150821685791,-0.6030571684241295,-0.18457028083503246,-0.07308019325137138,0.18620206788182259
-0.3181603066623211,-0.028603877872228622,0.2239433154463768,0.01577150821685791,-0.6030571684241295,-0.18457028083503246,-0.07308019325137138,0.18620206788182259
-0.3181603066623211,-0.028603877872228622,0.2239433154463768,0.01577150821685791,-0.6030571684241295,-0.18457028083503246,-0.07308019325137138,0.18620206788182259
-0.3181603066623211,-0.028603877872228622,0.2239433154463768,0.01577150821685791,-0.6030571684241295,-0.18457028083503246,-0.07308019325137138,0.18620206788182259
-0.3181603066623211,-0.028603877872228622,0.2239433154463768,0.01577150821685791,-0.6030571684241295,-0.18457028083503246,-0.07308019325137138,0.18620206788182259
-0.3181603066623211,-0.028603877872228622,0.2239433154463768,0.01577150821685791,-0.6030571684241295,-0.18457028083503246,-0.07308019325137138,0.18620206788182259
0.7779410779476166,0.5511933863162994,0.21106838434934616,0.5995280295610428,1.2443957850337029,-0.1249241977930069,-0.1949780061841011,0.5109774768352509
0.7779410779476166,0.5511933863162994,0.21106838434934616,0.5995280295610428,1.2443957850337029,-0.1249241977930069,-0.1949780061841011,0.5109774768352509
0.7779410779476166,0.5511933863162994,0.21106838434934616,0.5995280295610428,1.2443957850337029,-0.1249241977930069,-0.1949780061841011,0.5109774768352509
0.7779410779476166,0.5511933863162994,0.21106838434934616,0.5995280295610428,1.2443957850337029,-0.1249241977930069,-0.1949780061841011,0.5109774768352509
0.7779410779476166,0.5511933863162994,0.21106838434934616,0.5995280295610428,1.2443957850337029,-0.1249241977930069,-0.1949780061841011,0.5109774768352509
0.7779410779476166,0.5511933863162994,0.21106838434934616,0.5995280295610428,1.2443957850337029,-0.1249241977930069,-0.1949780061841011,0.5109774768352509
0.7779410779476166,0.5511933863162994,0.21106838434934616,0.5995280295610428,1.2443957850337029,-0.1249241977930069,-0.1949780061841011,0.5109774768352509
0.7779410779476166,0.5511933863162994,0.21106838434934616,0.5995280295610428,1.2443957850337029,-0.1249241977930069,-0.1949780061841011,0.5109774768352509
0.7779410779476166,0.5511933863162994,0.21106838434934616,0.5995280295610428,1.2443957850337029,-0.1249241977930069,-0.1949780061841011,0.5109774768352509
0.7779410779476166,0.5511933863162994,0.21106838434934616,0.5995280295610428,1.2443957850337029,-0.1249241977930069,-0.1949780061841011,0.5109774768352509
0.7779410779476166,0.5511933863162994,0.21106838434934616,0.5995280295610428,1.2443957850337029,-0.1249241977930069,-0.1949780061841011,0.5109774768352509
0.7779410779476166,0.5511933863162994,0.21106838434934616,0.5995280295610428,1.2443957850337029,-0.1249241977930069,-0.1949780061841011,0.5109774768352509
0.7779410779476166,0.5511933863162994,0.21106838434934616,0.5995280295610428,1.2443957850337029,-0.1249241977930069,-0.1949780061841011,0.5109774768352509
0.7779410779476166,0.5511933863162994,0.21106838434934616,0.5995280295610428,1.2443957850337029,-0.1249241977930069,-0.1949780061841011,0.5109774768352509
0.7779410779476166,0.5511933863162994,0.21106838434934616,0.5995280295610428,1.2443957850337029,-0.1249241977930069,-0.1949780061841011,0.5109774768352509
0.7779410779476166,0.5511933863162994,0.21106838434934616,0.5995280295610428,1.2443957850337029,-0.1249241977930069,-0.1949780061841011,0.5109774768352509
0.7779410779476166,0.5511933863162994,0.21106838434934616,0.5995280295610428,1.2443957850337029,-0.1249241977930069,-0.1949780061841011,0.5109774768352509
0.7779410779476166,0.5511933863162994,0.21106838434934616,0.5995280295610428,1.2443957850337029,-0.1249241977930069,-0.1949780061841011,0.5109774768352509
0.7779410779476166,0.5511933863162994,0.21106838434934616,0.5995280295610428,1.2443957850337029,-0.1249241977930069,-0.1949780061841011,0.5109774768352509
0.7779410779476166,0.5511933863162994,0.21106838434934616,0.5995280295610428,1.2443957850337029,-0.1249241977930069,-0.1949780061841011,0.5109774768352509
0.7779410779476166,0.5511933863162994,0.21106838434934616,0.5995280295610428,1.2443957850337029,-0.1249241977930069,-0.1949780061841011,0.5109774768352509
0.7779410779476166,0.5511933863162994,0.21106838434934616,0.5995280295610428,1.2443957850337029,-0.1249241977930069,-0.1949780061841011,0.5109774768352509
0.7779410779476166,0.5511933863162994,0.21106838434934616,0.5995280295610428,1.2443957850337029,-0.1249241977930069,-0.1949780061841011,0.5109774768352509
0.7779410779476166,0.5511933863162994,0.21106838434934616,0.5995280295610428,1.2443957850337029,-0.1249241977930069,-0.1949780061841011,0.5109774768352509
0.7779410779476166,0.5511933863162994,0.21106838434934616,0.5995280295610428,1.2443957850337029,-0.1249241977930069,-0.1949780061841011,0.5109774768352509
0.7779410779476166,0.5511933863162994,0.21106838434934616,0.5995280295610428,1.2443957850337029,-0.1249241977930069,-0.1949780061841011,0.5109774768352509
0.7779410779476166,0.5511933863162994,0.21106838434934616,0.5995280295610428,1.2443957850337029,-0.1249241977930069,-0.1949780061841011,0.5109774768352509
0.7779410779476166,0.5511933863162994,0.21106838434934616,0.5995280295610428,1.2443957850337029,-0.1249241977930069,-0.1949780061841011,0.5109774768352509
0.7779410779476166,0.5511933863162994,0.21106838434934616,0.5995280295610428,1.2443957850337029,-0.1249241977930069,-0.1949780061841011,0.5109774768352509
0.7779410779476166,0.5511933863162994,0.21106838434934616,0.5995280295610428,1.2443957850337029,-0.1249241977930069,-0.1949780061841011,0.5109774768352509
0.7779410779476166,0.5511933863162994,0.21106838434934616,0.5995280295610428,1.2443957850337029,-0.1249241977930069,-0.1949780061841011,0.5109774768352509
0.7779410779476166,0.5511933863162994,0.21106838434934616,0.5995280295610428,1.2443957850337029,-0.1249241977930069,-0.1949780061841011,0.5109774768352509
0.7779410779476166,0.5511933863162994,0.21106838434934616,0.5995280295610428,1.2443957850337029,-0.1249241977930069,-0.1949780061841011,0.5109774768352509
0.7779410779476166,0.5511933863162994,0.21106838434934616,0.5995280295610428,1.2443957850337029,-0.1249241977930069,-0.1949780061841011,0.5109774768352509
0.7779410779476166,0.5511933863162994,0.21106838434934616,0.5995280295610428,1.2443957850337029,-0.1249241977930069,-0.1949780061841011,0.5109774768352509
0.7779410779476166,0.5511933863162994,0.21106838434934616,0.5995280295610428,1.2443957850337029,-0.1249241977930069,-0.1949780061841011,0.5109774768352509
0.7779410779476166,0.5511933863162994,0.21106838434934616,0.5995280295610428,1.2443957850337029,-0.1249241977930069,-0.1949780061841011,0.5109774768352509
0.7779410779476166,0.5511933863162994,0.21106838434934616,0.5995280295610428,1.2443957850337029,-0.1249241977930069,-0.1949780061841011,0.5109774768352509
0.7779410779476166,0.5511933863162994,0.21106838434934616,0.5995280295610428,1.2443957850337029,-0.1249241977930069,-0.1949780061841011,0.5109774768352509
-0.3181603066623211,-0.028603877872228622,0.2239433154463768,0.01577150821685791,-0.6030571684241295,-0.18457028083503246,-0.07308019325137138,0.18620206788182259
-0.3181603066623211,-0.028603877872228622,0.2239433154463768,0.01577150821685791,-0.6030571684241295,-0.18457028083503246,-0.07308019325137138,0.18620206788182259
-0.3181603066623211,-0.028603877872228622,0.2239433154463768,0.01577150821685791,-0.6030571684241295,-0.18457028083503246,-0.07308019325137138,0.18620206788182259
-0.3181603066623211,-0.028603877872228622,0.2239433154463768,0.01577150821685791,-0.6030571684241295,-0.18457028083503246,-0.07308019325137138,0.18620206788182259
-0.3181603066623211,-0.028603877872228622,0.2239433154463768,0.01577150821685791,-0.6030571684241295,-0.18457028083503246,-0.07308019325137138,0.18620206788182259
-0.3181603066623211,-0.028603877872228622,0.2239433154463768,0.01577150821685791,-0.6030571684241295,-0.18457028083503246,-0.07308019325137138,0.18620206788182259
-0.3181603066623211,-0.028603877872228622,0.2239433154463768,0.01577150821685791,-0.6030571684241295,-0.18457028083503246,-0.07308019325137138,0.18620206788182259
-0.3181603066623211,-0.028603877872228622,0.2239433154463768,0.01577150821685791,-0.6030571684241295,-0.18457028083503246,-0.07308019325137138,0.18620206788182259
-0.3181603066623211,-0.028603877872228622,0.2239433154463768,0.01577150821685791,-0.6030571684241295,-0.18457028083503246,-0.07308019325137138,0.18620206788182259
-0.3181603066623211,-0.028603877872228622,0.2239433154463768,0.01577150821685791,-0.6030571684241295,-0.18457028083503246,-0.07308019325137138,0.18620206788182259
-0.3181603066623211,-0.028603877872228622,0.2239433154463768,0.01577150821685791,-0.6030571684241295,-0.18457028083503246,-0.07308019325137138,0.18620206788182259
-0.3181603066623211,-0.028603877872228622,0.2239433154463768,0.01577150821685791,-0.6030571684241295,-0.18457028083503246,-0.07308019325137138,0.18620206788182259
-0.3181603066623211,-0.028603877872228622,0.2239433154463768,0.01577150821685791,-0.6030571684241295,-0.18457028083503246,-0.07308019325137138,0.18620206788182259
-0.3181603066623211,-0.028603877872228622,0.2239433154463768,0.01577150821685791,-0.6030571684241295,-0.18457028083503246,-0.07308019325137138,0.18620206788182259
-0.3181603066623211,-0.028603877872228622,0.2239433154463768,0.01577150821685791,-0.6030571684241295,-0.18457028083503246,-0.07308019325137138,0.18620206788182259
-0.3181603066623211,-0.028603877872228622,0.2239433154463768,0.01577150821685791,-0.6030571684241295,-0.18457028083503246,-0.07308019325137138,0.18620206788182259
-0.3181603066623211,-0.028603877872228622,0.2239433154463768,0.01577150821685791,-0.6030571684241295,-0.18457028083503246,-0.07308019325137138,0.18620206788182259
-0.3181603066623211,-0.028603877872228622,0.2239433154463768,0.01577150821685791,-0.6030571684241295,-0.18457028083503246,-0.07308019325137138,0.18620206788182259
-0.3181603066623211,-0.028603877872228622,0.2239433154463768,0.01577150821685791,-0.6030571684241295,-0.18457028083503246,-0.07308019325137138,0.18620206788182259
-0.3181603066623211,-0.028603877872228622,0.2239433154463768,0.01577150821685791,-0.6030571684241295,-0.18457028083503246,-0.07308019325137138,0.18620206788182259
-0.3181603066623211,-0.028603877872228622,0.2239433154463768,0.01577150821685791,-0.6030571684241295,-0.18457028083503246,-0.07308019325137138,0.18620206788182259
-0.3181603066623211,-0.028603877872228622,0.2239433154463768,0.01577150821685791,-0.6030571684241295,-0.18457028083503246,-0.07308019325137138,0.18620206788182259
-0.3181603066623211,-0.028603877872228622,0.2239433154463768,0.01577150821685791,-0.6030571684241295,-0.18457028083503246,-0.07308019325137138,0.18620206788182259
-0.3181603066623211,-0.028603877872228622,0.2239433154463768,0.01577150821685791,-0.6030571684241295,-0.18457028083503246,-0.07308019325137138,0.18620206788182259
-0.3181603066623211,-0.028603877872228622,0.2239433154463768,0.01577150821685791,-0.6030571684241295,-0.18457028083503246,-0.07308019325137138,0.18620206788182259
-0.3181603066623211,-0.028603877872228622,0.2239433154463768,0.01577150821685791,-0.6030571684241295,-0.18457028083503246,-0.07308019325137138,0.18620206788182259
-0.3181603066623211,-0.028603877872228622,0.2239433154463768,0.01577150821685791,-0.6030571684241295,-0.18457028083503246,-0.07308019325137138,0.18620206788182259
-0.3181603066623211,-0.028603877872228622,0.2239433154463768,0.01577150821685791,-0.6030571684241295,-0.18457028083503246,-0.07308019325137138,0.18620206788182259
-0.3181603066623211,-0.028603877872228622,0.2239433154463768,0.01577150821685791,-0.6030571684241295,-0.18457028083503246,-0.07308019325137138,0.18620206788182259
-0.3181603066623211,-0.028603877872228622,0.2239433154463768,0.01577150821685791,-0.6030571684241295,-0.18457028083503246,-0.07308019325137138,0.18620206788182259
-0.3181603066623211,-0.028603877872228622,0.2239433154463768,0.01577150821685791,-0.6030571684241295,-0.18457028083503246,-0.07308019325137138,0.18620206788182259
-0.3181603066623211,-0.028603877872228622,0.2239433154463768,0.01577150821685791,-0.6030571684241295,-0.18457028083503246,-0.07308019325137138,0.18620206788182259
-0.3181603066623211,-0.028603877872228622,0.2239433154463768,0.01577150821685791,-0.6030571684241295,-0.18457028083503246,-0.07308019325137138,0.18620206788182259
-0.3181603066623211,-0.028603877872228622,0.2239433154463768,0.01577150821685791,-0.6030571684241295,-0.18457028083503246,-0.07308019325137138,0.18620206788182259
-0.3181603066623211,-0.028603877872228622,0.2239433154463768,0.01577150821685791,-0.6030571684241295,-0.18457028083503246,-0.07308019325137138,0.18620206788182259
-0.3181603066623211,-0.028603877872228622,0.2239433154463768,0.01577150821685791,-0.6030571684241295,-0.18457028083503246,-0.07308019325137138,0.18620206788182259
-0.3181603066623211,-0.028603877872228622,0.2239433154463768,0.01577150821685791,-0.6030571684241295,-0.18457028083503246,-0.07308019325137138,0.18620206788182259
-0.3181603066623211,-0.028603877872228622,0.2239433154463768,0.01577150821685791,-0.6030571684241295,-0.18457028083503246,-0.07308019325137138,0.18620206788182259
-0.3181603066623211,-0.028603877872228622,0.2239433154463768,0.01577150821685791,-0.6030571684241295,-0.18457028083503246,-0.07308019325137138,0.18620206788182259
-0.3181603066623211,-0.028603877872228622,0.2239433154463768,0.01577150821685791,-0.6030571684241295,-0.18457028083503246,-0.07308019325137138,0.18620206788182259
-0.3181603066623211,-0.028603877872228622,0.2239433154463768,0.01577150821685791,-0.6030571684241295,-0.18457028083503246,-0.07308019325137138,0.18620206788182259
-0.3181603066623211,-0.028603877872228622,0.2239433154463768,0.01577150821685791,-0.6030571684241295,-0.18457028083503246,-0.07308019325137138,0.18620206788182259
-0.3181603066623211,-0.028603877872228622,0.2239433154463768,0.01577150821685791,-0.6030571684241295,-0.18457028083503246,-0.07308019325137138,0.18620206788182259
-0.3181603066623211,-0.028603877872228622,0.2239433154463768,0.01577150821685791,-0.6030571684241295,-0.18457028083503246,-0.07308019325137138,0.18620206788182259
-0.3181603066623211,-0.028603877872228622,0.2239433154463768,0.01577150821685791,-0.6030571684241295,-0.18457028083503246,-0.07308019325137138,0.18620206788182259
-0.3181603066623211,-0.028603877872228622,0.2239433154463768,0.01577150821685791,-0.6030571684241295,-0.18457028083503246,-0.07308019325137138,0.18620206788182259
-0.3181603066623211,-0.028603877872228622,0.2239433154463768,0.01577150821685791,-0.6030571684241295,-0.18457028083503246,-0.07308019325137138,0.18620206788182259
-0.3181603066623211,-0.028603877872228622,0.2239433154463768,0.01577150821685791,-0.6030571684241295,-0.18457028083503246,-0.07308019325137138,0.18620206788182259
-0.3181603066623211,-0.028603877872228622,0.2239433154463768,0.01577150821685791,-0.6030571684241295,-0.18457028083503246,-0.07308019325137138,0.18620206788182259
-0.3181603066623211,-0.028603877872228622,0.2239433154463768,0.01577150821685791,-0.6030571684241295,-0.18457028083503246,-0.07308019325137138,0.18620206788182259
-0.3181603066623211,-0.028603877872228622,0.2239433154463768,0.01577150821685791,-0.6030571684241295,-0.18457028083503246,-0.07308019325137138,0.18620206788182259
-0.3181603066623211,-0.028603877872228622,0.2239433154463768,0.01577150821685791,-0.6030571684241295,-0.18457028083503246,-0.07308019325137138,0.18620206788182259
-0.3181603066623211,-0.028603877872228622,0.2239433154463768,0.01577150821685791,-0.6030571684241295,-0.18457028083503246,-0.07308019325137138,0.18620206788182259
-0.3181603066623211,-0.028603877872228622,0.2239433154463768,0.01577150821685791,-0.6030571684241295,-0.18457028083503246,-0.07308019325137138,0.18620206788182259
-0.3181603066623211,-0.028603877872228622,0.2239433154463768,0.01577150821685791,-0.6030571684241295,-0.18457028083503246,-0.07308019325137138,0.18620206788182259
-0.3181603066623211,-0.028603877872228622,0.2239433154463768,0.01577150821685791,-0.6030571684241295,-0.18457028083503246,-0.07308019325137138,0.18620206788182259
-0.3181603066623211,-0.028603877872228622,0.2239433154463768,0.01577150821685791,-0.6030571684241295,-0.18457028083503246,-0.07308019325137138,0.18620206788182259
-0.3181603066623211,-0.028603877872228622,0.2239433154463768,0.01577150821685791,-0.6030571684241295,-0.18457028083503246,-0.07308019325137138,0.18620206788182259
-0.3181603066623211,-0.028603877872228622,0.2239433154463768,0.01577150821685791,-0.6030571684241295,-0.18457028083503246,-0.07308019325137138,0.18620206788182259
-0.3181603066623211,-0.028603877872228622,0.2239433154463768,0.01577150821685791,-0.6030571684241295,-0.18457028083503246,-0.07308019325137138,0.18620206788182259
-0.3181603066623211,-0.028603877872228622,0.2239433154463768,0.01577150821685791,-0.6030571684241295,-0.18457028083503246,-0.07308019325137138,0.18620206788182259
-0.3181603066623211,-0.028603877872228622,0.2239433154463768,0.01577150821685791,-0.6030571684241295,-0.18457028083503246,-0.07308019325137138,0.18620206788182259
-0.3181603066623211,-0.028603877872228622,0.2239433154463768,0.01577150821685791,-0.6030571684241295,-0.18457028083503246,-0.07308019325137138,0.18620206788182259
-0.3181603066623211,-0.028603877872228622,0.2239433154463768,0.01577150821685791,-0.6030571684241295,-0.18457028083503246,-0.07308019325137138,0.18620206788182259
-0.3181603066623211,-0.028603877872228622,0.2239433154463768,0.01577150821685791,-0.6030571684241295,-0.18457028083503246,-0.07308019325137138,0.18620206788182259
-0.3181603066623211,-0.028603877872228622,0.2239433154463768,0.01577150821685791,-0.6030571684241295,-0.18457028083503246,-0.07308019325137138,0.18620206788182259
-0.3181603066623211,-0.028603877872228622,0.2239433154463768,0.01577150821685791,-0.6030571684241295,-0.18457028083503246,-0.07308019325137138,0.18620206788182259
-0.3181603066623211,-0.028603877872228622,0.2239433154463768,0.01577150821685791,-0.6030571684241295,-0.18457028083503246,-0.07308019325137138,0.18620206788182259
-0.3181603066623211,-0.028603877872228622,0.2239433154463768,0.01577150821685791,-0.6030571684241295,-0.18457028083503246,-0.07308019325137138,0.18620206788182259
-0.3181603066623211,-0.028603877872228622,0.2239433154463768,0.01577150821685791,-0.6030571684241295,-0.18457028083503246,-0.07308019325137138,0.18620206788182259
-0.3181603066623211,-0.028603877872228622,0.2239433154463768,0.01577150821685791,-0.6030571684241295,-0.18457028083503246,-0.07308019325137138,0.18620206788182259
-0.3181603066623211,-0.028603877872228622,0.2239433154463768,0.01577150821685791,-0.6030571684241295,-0.18457028083503246,-0.07308019325137138,0.18620206788182259
-0.3181603066623211,-0.028603877872228622,0.2239433154463768,0.01577150821685791,-0.6030571684241295,-0.18457028083503246,-0.07308019325137138,0.18620206788182259
-0.3181603066623211,-0.028603877872228622,0.2239433154463768,0.01577150821685791,-0.6030571684241295,-0.18457028083503246,-0.07308019325137138,0.18620206788182259
-0.3181603066623211,-0.028603877872228622,0.2239433154463768,0.01577150821685791,-0.6030571684241295,-0.18457028083503246,-0.07308019325137138,0.18620206788182259
-0.3181603066623211,-0.028603877872228622,0.2239433154463768,0.01577150821685791,-0.6030571684241295,-0.18457028083503246,-0.07308019325137138,0.18620206788182259
-0.3181603066623211,-0.028603877872228622,0.2239433154463768,0.01577150821685791,-0.6030571684241295,-0.18457028083503246,-0.07308019325137138,0.18620206788182259
-0.3181603066623211,-0.028603877872228622,0.2239433154463768,0.01577150821685791,-0.6030571684241295,-0.18457028083503246,-0.07308019325137138,0.18620206788182259
-0.3181603066623211,-0.028603877872228622,0.2239433154463768,0.01577150821685791,-0.6030571684241295,-0.18457028083503246,-0.07308019325137138,0.18620206788182259
-0.3181603066623211,-0.028603877872228622,0.2239433154463768,0.01577150821685791,-0.6030571684241295,-0.18457028083503246,-0.07308019325137138,0.18620206788182259
-0.3181603066623211,-0.028603877872228622,0.2239433154463768,0.01577150821685791,-0.6030571684241295,-0.18457028083503246,-0.07308019325137138,0.18620206788182259
-0.3181603066623211,-0.028603877872228622,0.2239433154463768,0.01577150821685791,-0.6030571684241295,-0.18457028083503246,-0.07308019325137138,0.18620206788182259
-0.3181603066623211,-0.028603877872228622,0.2239433154463768,0.01577150821685791,-0.6030571684241295,-0.18457028083503246,-0.07308019325137138,0.18620206788182259
-0.3181603066623211,-0.028603877872228622,0.2239433154463768,0.01577150821685791,-0.6030571684241295,-0.18457028083503246,-0.07308019325137138,0.18620206788182259
-0.3181603066623211,-0.028603877872228622,0.2239433154463768,0.01577150821685791,-0.6030571684241295,-0.18457028083503246,-0.07308019325137138,0.18620206788182259
-0.3181603066623211,-0.028603877872228622,0.2239433154463768,0.01577150821685791,-0.6030571684241295,-0.18457028083503246,-0.07308019325137138,0.18620206788182259
-0.3181603066623211,-0.028603877872228622,0.2239433154463768,0.01577150821685791,-0.6030571684241295,-0.18457028083503246,-0.07308019325137138,0.18620206788182259
-0.3181603066623211,-0.028603877872228622,0.2239433154463768,0.01577150821685791,-0.6030571684241295,-0.18457028083503246,-0.07308019325137138,0.18620206788182259
-0.3181603066623211,-0.028603877872228622,0.2239433154463768,0.01577150821685791,-0.6030571684241295,-0.18457028083503246,-0.07308019325137138,0.18620206788182259
-0.3181603066623211,-0.028603877872228622,0.2239433154463768,0.01577150821685791,-0.6030571684241295,-0.18457028083503246,-0.07308019325137138,0.18620206788182259
-0.3181603066623211,-0.028603877872228622,0.2239433154463768,0.01577150821685791,-0.6030571684241295,-0.18457028083503246,-0.07308019325137138,0.18620206788182259
-0.3181603066623211,-0.028603877872228622,0.2239433154463768,0.01577150821685791,-0.6030571684241295,-0.18457028083503246,-0.07308019325137138,0.18620206788182259
-0.3181603066623211,-0.028603877872228622,0.2239433154463768,0.01577150821685791,-0.6030571684241295,-0.18457028083503246,-0.07308019325137138,0.18620206788182259
-0.3181603066623211,-0.028603877872228622,0.2239433154463768,0.01577150821685791,-0.6030571684241295,-0.18457028083503246,-0.07308019325137138,0.18620206788182259
-0.3181603066623211,-0.028603877872228622,0.2239433154463768,0.01577150821685791,-0.6030571684241295,-0.18457028083503246,-0.07308019325137138,0.18620206788182259
-0.3181603066623211,-0.028603877872228622,0.2239433154463768,0.01577150821685791,-0.6030571684241295,-0.18457028083503246,-0.07308019325137138,0.18620206788182259
-0.3181603066623211,-0.028603877872228622,0.2239433154463768,0.01577150821685791,-0.6030571684241295,-0.18457028083503246,-0.07308019325137138,0.18620206788182259
-0.3181603066623211,-0.028603877872228622,0.2239433154463768,0.01577150821685791,-0.6030571684241295,-0.18457028083503246,-0.07308019325137138,0.18620206788182259
-0.3181603066623211,-0.028603877872228622,0.2239433154463768,0.01577150821685791,-0.6030571684241295,-0.18457028083503246,-0.07308019325137138,0.18620206788182259
-0.3181603066623211,-0.028603877872228622,0.2239433154463768,0.01577150821685791,-0.6030571684241295,-0.18457028083503246,-0.07308019325137138,0.18620206788182259
-0.3181603066623211,-0.028603877872228622,0.2239433154463768,0.01577150821685791,-0.6030571684241295,-0.18457028083503246,-0.07308019325137138,0.18620206788182259
-0.3181603066623211,-0.028603877872228622,0.2239433154463768,0.01577150821685791,-0.6030571684241295,-0.18457028083503246,-0.07308019325137138,0.18620206788182259
-0.3181603066623211,-0.028603877872228622,0.2239433154463768,0.01577150821685791,-0.6030571684241295,-0.18457028083503246,-0.07308019325137138,0.18620206788182259
-0.3181603066623211,-0.028603877872228622,0.2239433154463768,0.01577150821685791,-0.6030571684241295,-0.18457028083503246,-0.07308019325137138,0.18620206788182259
-0.3181603066623211,-0.028603877872228622,0.2239433154463768,0.01577150821685791,-0.6030571684241295,-0.18457028083503246,-0.07308019325137138,0.18620206788182259
-0.3181603066623211,-0.028603877872228622,0.2239433154463768,0.01577150821685791,-0.6030571684241295,-0.18457028083503246,-0.07308019325137138,0.18620206788182259
-0.3181603066623211,-0.028603877872228622,0.2239433154463768,0.01577150821685791,-0.6030571684241295,-0.18457028083503246,-0.07308019325137138,0.18620206788182259
-0.3181603066623211,-0.028603877872228622,0.2239433154463768,0.01577150821685791,-0.6030571684241295,-0.18457028083503246,-0.07308019325137138,0.18620206788182259
-0.3181603066623211,-0.028603877872228622,0.2239433154463768,0.01577150821685791,-0.6030571684241295,-0.18457028083503246,-0.07308019325137138,0.18620206788182259
-0.3181603066623211,-0.028603877872228622,0.2239433154463768,0.01577150821685791,-0.6030571684241295,-0.18457028083503246,-0.07308019325137138,0.18620206788182259
-0.3181603066623211,-0.028603877872228622,0.2239433154463768,0.01577150821685791,-0.6030571684241295,-0.18457028083503246,-0.07308019325137138,0.18620206788182259
-0.3181603066623211,-0.028603877872228622,0.2239433154463768,0.01577150821685791,-0.6030571684241295,-0.18457028083503246,-0.07308019325137138,0.18620206788182259
-0.3181603066623211,-0.028603877872228622,0.2239433154463768,0.01577150821685791,-0.6030571684241295,-0.18457028083503246,-0.07308019325137138,0.18620206788182259
-0.3181603066623211,-0.028603877872228622,0.2239433154463768,0.01577150821685791,-0.6030571684241295,-0.18457028083503246,-0.07308019325137138,0.18620206788182259
-0.3181603066623211,-0.028603877872228622,0.2239433154463768,0.01577150821685791,-0.6030571684241295,-0.18457028083503246,-0.07308019325137138,0.18620206788182259
-0.3181603066623211,-0.028603877872228622,0.2239433154463768,0.01577150821685791,-0.6030571684241295,-0.18457028083503246,-0.07308019325137138,0.18620206788182259
-0.3181603066623211,-0.028603877872228622,0.2239433154463768,0.01577150821685791,-0.6030571684241295,-0.18457028083503246,-0.07308019325137138,0.18620206788182259
-0.3181603066623211,-0.028603877872228622,0.2239433154463768,0.01577150821685791,-0.6030571684241295,-0.18457028083503246,-0.07308019325137138,0.18620206788182259
-0.3181603066623211,-0.028603877872228622,0.2239433154463768,0.01577150821685791,-0.6030571684241295,-0.18457028083503246,-0.07308019325137138,0.18620206788182259
-0.3181603066623211,-0.028603877872228622,0.2239433154463768,0.01577150821685791,-0.6030571684241295,-0.18457028083503246,-0.07308019325137138,0.18620206788182259
-0.3181603066623211,-0.028603877872228622,0.2239433154463768,0.01577150821685791,-0.6030571684241295,-0.18457028083503246,-0.07308019325137138,0.18620206788182259
-0.3181603066623211,-0.028603877872228622,0.2239433154463768,0.01577150821685791,-0.6030571684241295,-0.18457028083503246,-0.07308019325137138,0.18620206788182259
-0.3181603066623211,-0.028603877872228622,0.2239433154463768,0.01577150821685791,-0.6030571684241295,-0.18457028083503246,-0.07308019325137138,0.18620206788182259
-0.3181603066623211,-0.028603877872228622,0.2239433154463768,0.01577150821685791,-0.6030571684241295,-0.18457028083503246,-0.07308019325137138,0.18620206788182259
-0.3181603066623211,-0.028603877872228622,0.2239433154463768,0.01577150821685791,-0.6030571684241295,-0.18457028083503246,-0.07308019325137138,0.18620206788182259
-0.3181603066623211,-0.028603877872228622,0.2239433154463768,0.01577150821685791,-0.6030571684241295,-0.18457028083503246,-0.07308019325137138,0.18620206788182259
-0.3181603066623211,-0.028603877872228622,0.2239433154463768,0.01577150821685791,-0.6030571684241295,-0.18457028083503246,-0.07308019325137138,0.18620206788182259
-0.3181603066623211,-0.028603877872228622,0.2239433154463768,0.01577150821685791,-0.6030571684241295,-0.18457028083503246,-0.07308019325137138,0.18620206788182259
-0.3181603066623211,-0.028603877872228622,0.2239433154463768,0.01577150821685791,-0.6030571684241295,-0.18457028083503246,-0.07308019325137138,0.18620206788182259
-0.3181603066623211,-0.028603877872228622,0.2239433154463768,0.01577150821685791,-0.6030571684241295,-0.18457028083503246,-0.07308019325137138,0.18620206788182259
-0.3181603066623211,-0.028603877872228622,0.2239433154463768,0.01577150821685791,-0.6030571684241295,-0.18457028083503246,-0.07308019325137138,0.18620206788182259
-0.3181603066623211,-0.028603877872228622,0.2239433154463768,0.01577150821685791,-0.6030571684241295,-0.18457028083503246,-0.07308019325137138,0.18620206788182259
-0.3181603066623211,-0.028603877872228622,0.2239433154463768,0.01577150821685791,-0.6030571684241295,-0.18457028083503246,-0.07308019325137138,0.18620206788182259
-0.3181603066623211,-0.028603877872228622,0.2239433154463768,0.01577150821685791,-0.6030571684241295,-0.18457028083503246,-0.07308019325137138,0.18620206788182259
-0.3181603066623211,-0.028603877872228622,0.2239433154463768,0.01577150821685791,-0.6030571684241295,-0.18457028083503246,-0.07308019325137138,0.18620206788182259
-0.3181603066623211,-0.028603877872228622,0.2239433154463768,0.01577150821685791,-0.6030571684241295,-0.18457028083503246,-0.07308019325137138,0.18620206788182259
-0.3181603066623211,-0.028603877872228622,0.2239433154463768,0.01577150821685791,-0.6030571684241295,-0.18457028083503246,-0.07308019325137138,0.18620206788182259
-0.3181603066623211,-0.028603877872228622,0.2239433154463768,0.01577150821685791,-0.6030571684241295,-0.18457028083503246,-0.07308019325137138,0.18620206788182259
-0.3181603066623211,-0.028603877872228622,0.2239433154463768,0.01577150821685791,-0.6030571684241295,-0.18457028083503246,-0.07308019325137138,0.18620206788182259
-0.3181603066623211,-0.028603877872228622,0.2239433154463768,0.01577150821685791,-0.6030571684241295,-0.18457028083503246,-0.07308019325137138,0.18620206788182259
-0.3181603066623211,-0.028603877872228622,0.2239433154463768,0.01577150821685791,-0.6030571684241295,-0.18457028083503246,-0.07308019325137138,0.18620206788182259
-0.3181603066623211,-0.028603877872228622,0.2239433154463768,0.01577150821685791,-0.6030571684241295,-0.18457028083503246,-0.07308019325137138,0.18620206788182259
-0.3181603066623211,-0.028603877872228622,0.2239433154463768,0.01577150821685791,-0.6030571684241295,-0.18457028083503246,-0.07308019325137138,0.18620206788182259
-0.3181603066623211,-0.028603877872228622,0.2239433154463768,0.01577150821685791,-0.6030571684241295,-0.18457028083503246,-0.07308019325137138,0.18620206788182259
-0.3181603066623211,-0.028603877872228622,0.2239433154463768,0.01577150821685791,-0.6030571684241295,-0.18457028083503246,-0.07308019325137138,0.18620206788182259
-0.3181603066623211,-0.028603877872228622,0.2239433154463768,0.01577150821685791,-0.6030571684241295,-0.18457028083503246,-0.07308019325137138,0.18620206788182259
-0.3181603066623211,-0.028603877872228622,0.2239433154463768,0.01577150821685791,-0.6030571684241295,-0.18457028083503246,-0.07308019325137138,0.18620206788182259
-0.3181603066623211,-0.028603877872228622,0.2239433154463768,0.01577150821685791,-0.6030571684241295,-0.18457028083503246,-0.07308019325137138,0.18620206788182259
-0.3181603066623211,-0.028603877872228622,0.2239433154463768,0.01577150821685791,-0.6030571684241295,-0.18457028083503246,-0.07308019325137138,0.18620206788182259
-0.3181603066623211,-0.028603877872228622,0.2239433154463768,0.01577150821685791,-0.6030571684241295,-0.18457028083503246,-0.07308019325137138,0.18620206788182259
-0.3181603066623211,-0.028603877872228622,0.2239433154463768,0.01577150821685791,-0.6030571684241295,-0.18457028083503246,-0.07308019325137138,0.18620206788182259
-0.3181603066623211,-0.028603877872228622,0.2239433154463768,0.01577150821685791,-0.6030571684241295,-0.18457028083503246,-0.07308019325137138,0.18620206788182259
-0.3181603066623211,-0.028603877872228622,0.2239433154463768,0.01577150821685791,-0.6030571684241295,-0.18457028083503246,-0.07308019325137138,0.18620206788182259
-0.3181603066623211,-0.028603877872228622,0.2239433154463768,0.01577150821685791,-0.6030571684241295,-0.18457028083503246,-0.07308019325137138,0.18620206788182259
-0.3181603066623211,-0.028603877872228622,0.2239433154463768,0.01577150821685791,-0.6030571684241295,-0.18457028083503246,-0.07308019325137138,0.18620206788182259
-0.3181603066623211,-0.028603877872228622,0.2239433154463768,0.01577150821685791,-0.6030571684241295,-0.18457028083503246,-0.07308019325137138,0.18620206788182259
-0.3181603066623211,-0.028603877872228622,0.2239433154463768,0.01577150821685791,-0.6030571684241295,-0.18457028083503246,-0.07308019325137138,0.18620206788182259
-0.3181603066623211,-0.028603877872228622,0.2239433154463768,0.01577150821685791,-0.6030571684241295,-0.18457028083503246,-0.07308019325137138,0.18620206788182259
-0.3181603066623211,-0.028603877872228622,0.2239433154463768,0.01577150821685791,-0.6030571684241295,-0.18457028083503246,-0.07308019325137138,0.18620206788182259
-0.3181603066623211,-0.028603877872228622,0.2239433154463768,0.01577150821685791,-0.6030571684241295,-0.18457028083503246,-0.07308019325137138,0.18620206788182259
-0.3181603066623211,-0.028603877872228622,0.2239433154463768,0.01577150821685791,-0.6030571684241295,-0.18457028083503246,-0.07308019325137138,0.18620206788182259
-0.3181603066623211,-0.028603877872228622,0.2239433154463768,0.01577150821685791,-0.6030571684241295,-0.18457028083503246,-0.07308019325137138,0.18620206788182259
-0.3181603066623211,-0.028603877872228622,0.2239433154463768,0.01577150821685791,-0.6030571684241295,-0.18457028083503246,-0.07308019325137138,0.18620206788182259
-0.3181603066623211,-0.028603877872228622,0.2239433154463768,0.01577150821685791,-0.6030571684241295,-0.18457028083503246,-0.07308019325137138,0.18620206788182259
-0.3181603066623211,-0.028603877872228622,0.2239433154463768,0.01577150821685791,-0.6030571684241295,-0.18457028083503246,-0.07308019325137138,0.18620206788182259
-0.3181603066623211,-0.028603877872228622,0.2239433154463768,0.01577150821685791,-0.6030571684241295,-0.18457028083503246,-0.07308019325137138,0.18620206788182259
-0.3181603066623211,-0.028603877872228622,0.2239433154463768,0.01577150821685791,-0.6030571684241295,-0.18457028083503246,-0.07308019325137138,0.18620206788182259
-0.3181603066623211,-0.028603877872228622,0.2239433154463768,0.01577150821685791,-0.6030571684241295,-0.18457028083503246,-0.07308019325137138,0.18620206788182259
-0.3181603066623211,-0.028603877872228622,0.2239433154463768,0.01577150821685791,-0.6030571684241295,-0.18457028083503246,-0.07308019325137138,0.18620206788182259
-0.3181603066623211,-0.028603877872228622,0.2239433154463768,0.01577150821685791,-0.6030571684241295,-0.18457028083503246,-0.07308019325137138,0.18620206788182259
-0.3181603066623211,-0.028603877872228622,0.2239433154463768,0.01577150821685791,-0.6030571684241295,-0.18457028083503246,-0.07308019325137138,0.18620206788182259
-0.3181603066623211,-0.028603877872228622,0.2239433154463768,0.01577150821685791,-0.6030571684241295,-0.18457028083503246,-0.07308019325137138,0.18620206788182259
-0.3181603066623211,-0.028603877872228622,0.2239433154463768,0.01577150821685791,-0.6030571684241295,-0.18457028083503246,-0.07308019325137138,0.18620206788182259
-0.3181603066623211,-0.028603877872228622,0.2239433154463768,0.01577150821685791,-0.6030571684241295,-0.18457028083503246,-0.07308019325137138,0.18620206788182259
-0.3181603066623211,-0.028603877872228622,0.2239433154463768,0.01577150821685791,-0.6030571684241295,-0.18457028083503246,-0.07308019325137138,0.18620206788182259
-0.3181603066623211,-0.028603877872228622,0.2239433154463768,0.01577150821685791,-0.6030571684241295,-0.18457028083503246,-0.07308019325137138,0.18620206788182259
-0.3181603066623211,-0.028603877872228622,0.2239433154463768,0.01577150821685791,-0.6030571684241295,-0.18457028083503246,-0.07308019325137138,0.18620206788182259
-0.3181603066623211,-0.028603877872228622,0.2239433154463768,0.01577150821685791,-0.6030571684241295,-0.18457028083503246,-0.07308019325137138,0.18620206788182259
-0.3181603066623211,-0.028603877872228622,0.2239433154463768,0.01577150821685791,-0.6030571684241295,-0.18457028083503246,-0.07308019325137138,0.18620206788182259
-0.3181603066623211,-0.028603877872228622,0.2239433154463768,0.01577150821685791,-0.6030571684241295,-0.18457028083503246,-0.07308019325137138,0.18620206788182259
-0.3181603066623211,-0.028603877872228622,0.2239433154463768,0.01577150821685791,-0.6030571684241295,-0.18457028083503246,-0.07308019325137138,0.18620206788182259
-0.3181603066623211,-0.028603877872228622,0.2239433154463768,0.01577150821685791,-0.6030571684241295,-0.18457028083503246,-0.07308019325137138,0.18620206788182259
-0.3181603066623211,-0.028603877872228622,0.2239433154463768,0.01577150821685791,-0.6030571684241295,-0.18457028083503246,-0.07308019325137138,0.18620206788182259
-0.3181603066623211,-0.028603877872228622,0.2239433154463768,0.01577150821685791,-0.6030571684241295,-0.18457028083503246,-0.07308019325137138,0.18620206788182259
-0.3181603066623211,-0.028603877872228622,0.2239433154463768,0.01577150821685791,-0.6030571684241295,-0.18457028083503246,-0.07308019325137138,0.18620206788182259
-0.3181603066623211,-0.028603877872228622,0.2239433154463768,0.01577150821685791,-0.6030571684241295,-0.18457028083503246,-0.07308019325137138,0.18620206788182259
-0.3181603066623211,-0.028603877872228622,0.2239433154463768,0.01577150821685791,-0.6030571684241295,-0.18457028083503246,-0.07308019325137138,0.18620206788182259
-0.3181603066623211,-0.028603877872228622,0.2239433154463768,0.01577150821685791,-0.6030571684241295,-0.18457028083503246,-0.07308019325137138,0.18620206788182259
-0.3181603066623211,-0.028603877872228622,0.2239433154463768,0.01577150821685791,-0.6030571684241295,-0.18457028083503246,-0.07308019325137138,0.18620206788182259
-0.3181603066623211,-0.028603877872228622,0.2239433154463768,0.01577150821685791,-0.6030571684241295,-0.18457028083503246,-0.07308019325137138,0.18620206788182259
-0.3181603066623211,-0.028603877872228622,0.2239433154463768,0.01577150821685791,-0.6030571684241295,-0.18457028083503246,-0.07308019325137138,0.18620206788182259
-0.3181603066623211,-0.028603877872228622,0.2239433154463768,0.01577150821685791,-0.6030571684241295,-0.18457028083503246,-0.07308019325137138,0.18620206788182259
-0.3181603066623211,-0.028603877872228622,0.2239433154463768,0.01577150821685791,-0.6030571684241295,-0.18457028083503246,-0.07308019325137138,0.18620206788182259
-0.3181603066623211,-0.028603877872228622,0.2239433154463768,0.01577150821685791,-0.6030571684241295,-0.18457028083503246,-0.07308019325137138,0.18620206788182259
-0.3181603066623211,-0.028603877872228622,0.2239433154463768,0.01577150821685791,-0.6030571684241295,-0.18457028083503246,-0.07308019325137138,0.18620206788182259
-0.3181603066623211,-0.028603877872228622,0.2239433154463768,0.01577150821685791,-0.6030571684241295,-0.18457028083503246,-0.07308019325137138,0.18620206788182259
-0.3181603066623211,-0.028603877872228622,0.2239433154463768,0.01577150821685791,-0.6030571684241295,-0.18457028083503246,-0.07308019325137138,0.18620206788182259
-0.3181603066623211,-0.028603877872228622,0.2239433154463768,0.01577150821685791,-0.6030571684241295,-0.18457028083503246,-0.07308019325137138,0.18620206788182259
-0.3181603066623211,-0.028603877872228622,0.2239433154463768,0.01577150821685791,-0.6030571684241295,-0.18457028083503246,-0.07308019325137138,0.18620206788182259
-0.3181603066623211,-0.028603877872228622,0.2239433154463768,0.01577150821685791,-0.6030571684241295,-0.18457028083503246,-0.07308019325137138,0.18620206788182259
0.24660479426383972,0.34765625596046446,-0.4328653573989868,0.3410631239414215,0.45736036002635955,0.015085431933403014,-0.7794928669929504,0.5660981148481369
0.24660479426383972,0.34765625596046446,-0.4328653573989868,0.3410631239414215,0.45736036002635955,0.015085431933403014,-0.7794928669929504,0.5660981148481369
0.24660479426383972,0.34765625596046446,-0.4328653573989868,0.3410631239414215,0.45736036002635955,0.015085431933403014,-0.7794928669929504,0.5660981148481369
0.24660479426383972,0.34765625596046446,-0.4328653573989868,0.3410631239414215,0.45736036002635955,0.015085431933403014,-0.7794928669929504,0.5660981148481369
0.24660479426383972,0.34765625596046446,-0.4328653573989868,0.3410631239414215,0.45736036002635955,0.015085431933403014,-0.7794928669929504,0.5660981148481369
-0.013774036119381586,-0.05384313811858495,0.06321552644173305,0.33795136710007984,0.4288424178957939,0.09302106623848279,-0.15876021732886633,0.6020219276348749
-0.013774036119381586,-0.05384313811858495,0.06321552644173305,0.33795136710007984,0.4288424178957939,0.09302106623848279,-0.15876021732886633,0.6020219276348749
-0.013774036119381586,-0.05384313811858495,0.06321552644173305,0.33795136710007984,0.4288424178957939,0.09302106623848279,-0.15876021732886633,0.6020219276348749
-0.013774036119381586,-0.05384313811858495,0.06321552644173305,0.33795136710007984,0.4288424178957939,0.09302106623848279,-0.15876021732886633,0.6020219276348749
-0.013774036119381586,-0.05384313811858495,0.06321552644173305,0.33795136710007984,0.4288424178957939,0.09302106623848279,-0.15876021732886633,0.6020219276348749
-0.013774036119381586,-0.05384313811858495,0.06321552644173305,0.33795136710007984,0.4288424178957939,0.09302106623848279,-0.15876021732886633,0.6020219276348749
-0.013774036119381586,-0.05384313811858495,0.06321552644173305,0.33795136710007984,0.4288424178957939,0.09302106623848279,-0.15876021732886633,0.6020219276348749
-0.013774036119381586,-0.05384313811858495,0.06321552644173305,0.33795136710007984,0.4288424178957939,0.09302106623848279,-0.15876021732886633,0.6020219276348749
-0.013774036119381586,-0.05384313811858495,0.06321552644173305,0.33795136710007984,0.4288424178957939,0.09302106623848279,-0.15876021732886633,0.6020219276348749
-0.013774036119381586,-0.05384313811858495,0.06321552644173305,0.33795136710007984,0.4288424178957939,0.09302106623848279,-0.15876021732886633,0.6020219276348749
-0.013774036119381586,-0.05384313811858495,0.06321552644173305,0.33795136710007984,0.4288424178957939,0.09302106623848279,-0.15876021732886633,0.6020219276348749
-0.013774036119381586,-0.05384313811858495,0.06321552644173305,0.33795136710007984,0.4288424178957939,0.09302106623848279,-0.15876021732886633,0.6020219276348749
-0.013774036119381586,-0.05384313811858495,0.06321552644173305,0.33795136710007984,0.4288424178957939,0.09302106623848279,-0.15876021732886633,0.6020219276348749
-0.013774036119381586,-0.05384313811858495,0.06321552644173305,0.33795136710007984,0.4288424178957939,0.09302106623848279,-0.15876021732886633,0.6020219276348749
-0.013774036119381586,-0.05384313811858495,0.06321552644173305,0.33795136710007984,0.4288424178957939,0.09302106623848279,-0.15876021732886633,0.6020219276348749
-0.013774036119381586,-0.05384313811858495,0.06321552644173305,0.33795136710007984,0.4288424178957939,0.09302106623848279,-0.15876021732886633,0.6020219276348749
-0.013774036119381586,-0.05384313811858495,0.06321552644173305,0.33795136710007984,0.4288424178957939,0.09302106623848279,-0.15876021732886633,0.6020219276348749
-0.0032779042209897724,0.0538736241204398,0.06713272844042097,0.7634533217975071,-0.11143989648137774,1.0216523494039262,0.09805800233568464,-0.07893492920058114
0.24660479426383972,0.34765625596046446,-0.4328653573989868,0.3410631239414215,0.45736036002635955,0.015085431933403014,-0.7794928669929504,0.5660981148481369
-0.5561480075120926,-1.284817397594452,0.8076116740703583,0.522229015827179,-0.27841950207948685,-0.8294251337647438,0.7168572247028351,0.1014123260974884
0.24660479426383972,0.34765625596046446,-0.4328653573989868,0.3410631239414215,0.45736036002635955,0.015085431933403014,-0.7794928669929504,0.5660981148481369
0.3516443818807602,-0.43617420962878634,-0.10983149920191083,0.28964534401893616,-0.2881214725119727,0.1273281584892954,0.013447218707629613,-0.001166386263711112
-0.45647114515304565,0.7176649868488312,-0.046140074729919434,-0.26330186426639557,1.1549456417560577,0.1428302824497223,0.29636331647634506,-0.3153059110045433
0.7779410779476166,0.5511933863162994,0.21106838434934616,0.5995280295610428,1.2443957850337029,-0.1249241977930069,-0.1949780061841011,0.5109774768352509
0.7779410779476166,0.5511933863162994,0.21106838434934616,0.5995280295610428,1.2443957850337029,-0.1249241977930069,-0.1949780061841011,0.5109774768352509
0.7779410779476166,0.5511933863162994,0.21106838434934616,0.5995280295610428,1.2443957850337029,-0.1249241977930069,-0.1949780061841011,0.5109774768352509
0.7779410779476166,0.5511933863162994,0.21106838434934616,0.5995280295610428,1.2443957850337029,-0.1249241977930069,-0.1949780061841011,0.5109774768352509
0.7779410779476166,0.5511933863162994,0.21106838434934616,0.5995280295610428,1.2443957850337029,-0.1249241977930069,-0.1949780061841011,0.5109774768352509
0.7779410779476166,0.5511933863162994,0.21106838434934616,0.5995280295610428,1.2443957850337029,-0.1249241977930069,-0.1949780061841011,0.5109774768352509
0.17970150113105773,0.11600648760795593,0.24229800701141357,0.27003118991851804,0.17868748307228088,0.045431551337242124,0.301771005988121,0.052530333399772644
-0.5990318655967712,-0.21910410267966135,-0.31245636088507517,0.02658805251121521,-0.11291090292590004,0.07738580874034337,0.5729923077992031,0.8111051619052887
0.12871237471699715,0.036047741770744324,-0.33430638164281845,0.4153965190052986,-0.3423684909939766,-0.4946982990950346,0.49755436554551125,0.0730857290327549
0.17932621538639068,-0.3042065218091011,0.11185179352760315,0.4582603543996811,-0.14489476680755614,0.037131364643573764,0.19389086067676545,0.054331475496292116
0.2518802268637551,0.2614029480351342,0.17398947808477613,0.0074364542961120605,0.2995145469903946,-0.03377040061685774,0.0038807226551903617,-0.09445361627472772
0.2036232426762581,-0.10578981786966324,0.44908853868643445,0.1883614882826805,0.25816671301921207,0.052750904113054276,-0.2626250982284546,0.17775417367617288
0.29837433331542546,0.17741163240538704,0.2699732979138692,0.2410872048801846,0.19236559338039821,-0.14013109273380703,-0.03100611435042487,0.0023508667945861816
0.17970150113105773,0.11600648760795593,0.24229800701141357,0.27003118991851804,0.17868748307228088,0.045431551337242124,0.301771005988121,0.052530333399772644
-0.5990318655967712,-0.21910410267966135,-0.31245636088507517,0.02658805251121521,-0.11291090292590004,0.07738580874034337,0.5729923077992031,0.8111051619052887
0.2029683768749237,-0.05100281834602356,0.3903870224952698,-0.1576879620552063,0.12799155116081237,-0.27278956174850466,-0.5104738146066665,-0.1469777762889862
0.2029683768749237,-0.05100281834602356,0.3903870224952698,-0.1576879620552063,0.12799155116081237,-0.27278956174850466,-0.5104738146066665,-0.1469777762889862
0.2029683768749237,-0.05100281834602356,0.3903870224952698,-0.1576879620552063,0.12799155116081237,-0.27278956174850466,-0.5104738146066665,-0.1469777762889862
0.2029683768749237,-0.05100281834602356,0.3903870224952698,-0.1576879620552063,0.12799155116081237,-0.27278956174850466,-0.5104738146066665,-0.1469777762889862
0.2694703681128366,-0.11355217014040266,0.41609794752938406,-0.20335311336176737,-0.2986437146152769,0.1491049900650978,0.36057567383561817,0.8171611321823937
0.06890802457928658,-0.19444255158305168,0.39437250047922134,0.39760270342230797,0.2041662223637104,0.6135775465518236,-0.13066087290644646,0.418709397315979
0.06890802457928658,-0.19444255158305168,0.39437250047922134,0.39760270342230797,0.2041662223637104,0.6135775465518236,-0.13066087290644646,0.418709397315979
0.06890802457928658,-0.19444255158305168,0.39437250047922134,0.39760270342230797,0.2041662223637104,0.6135775465518236,-0.13066087290644646,0.418709397315979
0.2029683768749237,-0.05100281834602356,0.3903870224952698,-0.1576879620552063,0.12799155116081237,-0.27278956174850466,-0.5104738146066665,-0.1469777762889862
0.06890802457928658,-0.19444255158305168,0.39437250047922134,0.39760270342230797,0.2041662223637104,0.6135775465518236,-0.13066087290644646,0.418709397315979
0.2029683768749237,-0.05100281834602356,0.3903870224952698,-0.1576879620552063,0.12799155116081237,-0.27278956174850466,-0.5104738146066665,-0.1469777762889862
0.06890802457928658,-0.19444255158305168,0.39437250047922134,0.39760270342230797,0.2041662223637104,0.6135775465518236,-0.13066087290644646,0.418709397315979
0.2029683768749237,-0.05100281834602356,0.3903870224952698,-0.1576879620552063,0.12799155116081237,-0.27278956174850466,-0.5104738146066665,-0.1469777762889862
0.2694703681128366,-0.11355217014040266,0.41609794752938406,-0.20335311336176737,-0.2986437146152769,0.1491049900650978,0.36057567383561817,0.8171611321823937
0.18431742191314698,-0.08305287957191468,0.28450765162706376,-0.015523575246334076,0.060417309403419495,0.03767852634191513,0.014706359803676605,0.3191312916576862
0.006362938455172947,-0.14438453955309732,0.08303553078855787,-0.028630533388682773,0.07979414718491691,0.0010691604443958827,0.11150596823011126,0.2968167556183679
0.2029683768749237,-0.05100281834602356,0.3903870224952698,-0.1576879620552063,0.12799155116081237,-0.27278956174850466,-0.5104738146066665,-0.1469777762889862
0.2029683768749237,-0.05100281834602356,0.3903870224952698,-0.1576879620552063,0.12799155116081237,-0.27278956174850466,-0.5104738146066665,-0.1469777762889862
0.2029683768749237,-0.05100281834602356,0.3903870224952698,-0.1576879620552063,0.12799155116081237,-0.27278956174850466,-0.5104738146066665,-0.1469777762889862
0.2029683768749237,-0.05100281834602356,0.3903870224952698,-0.1576879620552063,0.12799155116081237,-0.27278956174850466,-0.5104738146066665,-0.1469777762889862
-0.13706742351253828,0.3782141258319219,0.0679090569416682,0.21352591117223105,0.006708348790804545,0.24632463107506433,0.8676104247570038,0.1980095530549685
0.17539402097463608,-0.3268905393779278,0.19466515630483627,0.5999222472310066,-0.33568697422742844,0.646365599706769,0.4455072619020939,0.16487035527825356
0.17539402097463608,-0.3268905393779278,0.19466515630483627,0.5999222472310066,-0.33568697422742844,0.646365599706769,0.4455072619020939,0.16487035527825356
0.17539402097463608,-0.3268905393779278,0.19466515630483627,0.5999222472310066,-0.33568697422742844,0.646365599706769,0.4455072619020939,0.16487035527825356
0.19771070778369904,-0.5168102942407131,0.21487242728471756,0.9928354173898697,-0.3942200280725956,0.8387271109968424,0.6327891275286674,0.08760792762041092
0.19771070778369904,-0.5168102942407131,0.21487242728471756,0.9928354173898697,-0.3942200280725956,0.8387271109968424,0.6327891275286674,0.08760792762041092
0.20311781764030457,-0.5373036473989486,0.1820959761738777,1.0505968451499939,0.09827925860881806,0.9793352320790291,0.271046108007431,-0.36425647139549255
0.20311781764030457,-0.5373036473989486,0.1820959761738777,1.0505968451499939,0.09827925860881806,0.9793352320790291,0.271046108007431,-0.36425647139549255
-0.05898882895708084,0.6153406202793121,0.018081706762313843,0.4165943503379822,-0.07958763241767883,-0.049400195479393005,0.6600161910057067,0.3097363501787186
0.17539402097463608,-0.3268905393779278,0.19466515630483627,0.5999222472310066,-0.33568697422742844,0.646365599706769,0.4455072619020939,0.16487035527825356
0.19771070778369904,-0.5168102942407131,0.21487242728471756,0.9928354173898697,-0.3942200280725956,0.8387271109968424,0.6327891275286674,0.08760792762041092
0.20311781764030457,-0.5373036473989486,0.1820959761738777,1.0505968451499939,0.09827925860881806,0.9793352320790291,0.271046108007431,-0.36425647139549255
0.3700740337371826,-0.37665897111097973,1.0653827786445618,1.48048531015714,0.7953562686840693,0.9928727696339289,0.5640516231457392,0.2642248272895813
-0.0032779042209897724,0.0538736241204398,0.06713272844042097,0.7634533217975071,-0.11143989648137774,1.0216523494039262,0.09805800233568464,-0.07893492920058114
-0.0032779042209897724,0.0538736241204398,0.06713272844042097,0.7634533217975071,-0.11143989648137774,1.0216523494039262,0.09805800233568464,-0.07893492920058114
-0.0032779042209897724,0.0538736241204398,0.06713272844042097,0.7634533217975071,-0.11143989648137774,1.0216523494039262,0.09805800233568464,-0.07893492920058114
0.7779410779476166,0.5511933863162994,0.21106838434934616,0.5995280295610428,1.2443957850337029,-0.1249241977930069,-0.1949780061841011,0.5109774768352509
0.7779410779476166,0.5511933863162994,0.21106838434934616,0.5995280295610428,1.2443957850337029,-0.1249241977930069,-0.1949780061841011,0.5109774768352509
0.7779410779476166,0.5511933863162994,0.21106838434934616,0.5995280295610428,1.2443957850337029,-0.1249241977930069,-0.1949780061841011,0.5109774768352509
0.7779410779476166,0.5511933863162994,0.21106838434934616,0.5995280295610428,1.2443957850337029,-0.1249241977930069,-0.1949780061841011,0.5109774768352509
0.7779410779476166,0.5511933863162994,0.21106838434934616,0.5995280295610428,1.2443957850337029,-0.1249241977930069,-0.1949780061841011,0.5109774768352509
0.7779410779476166,0.5511933863162994,0.21106838434934616,0.5995280295610428,1.2443957850337029,-0.1249241977930069,-0.1949780061841011,0.5109774768352509
0.7779410779476166,0.5511933863162994,0.21106838434934616,0.5995280295610428,1.2443957850337029,-0.1249241977930069,-0.1949780061841011,0.5109774768352509
0.7779410779476166,0.5511933863162994,0.21106838434934616,0.5995280295610428,1.2443957850337029,-0.1249241977930069,-0.1949780061841011,0.5109774768352509
0.7779410779476166,0.5511933863162994,0.21106838434934616,0.5995280295610428,1.2443957850337029,-0.1249241977930069,-0.1949780061841011,0.5109774768352509
0.7779410779476166,0.5511933863162994,0.21106838434934616,0.5995280295610428,1.2443957850337029,-0.1249241977930069,-0.1949780061841011,0.5109774768352509
0.7779410779476166,0.5511933863162994,0.21106838434934616,0.5995280295610428,1.2443957850337029,-0.1249241977930069,-0.1949780061841011,0.5109774768352509
0.7779410779476166,0.5511933863162994,0.21106838434934616,0.5995280295610428,1.2443957850337029,-0.1249241977930069,-0.1949780061841011,0.5109774768352509
0.7779410779476166,0.5511933863162994,0.21106838434934616,0.5995280295610428,1.2443957850337029,-0.1249241977930069,-0.1949780061841011,0.5109774768352509
0.7779410779476166,0.5511933863162994,0.21106838434934616,0.5995280295610428,1.2443957850337029,-0.1249241977930069,-0.1949780061841011,0.5109774768352509
0.7779410779476166,0.5511933863162994,0.21106838434934616,0.5995280295610428,1.2443957850337029,-0.1249241977930069,-0.1949780061841011,0.5109774768352509
0.7779410779476166,0.5511933863162994,0.21106838434934616,0.5995280295610428,1.2443957850337029,-0.1249241977930069,-0.1949780061841011,0.5109774768352509
0.5255347788333893,0.13792365789413452,0.07277703285217285,0.10733392089605331,-0.11676190793514252,-0.3228669688105583,0.3018121048808098,0.3331562876701355
0.5255347788333893,0.13792365789413452,0.07277703285217285,0.10733392089605331,-0.11676190793514252,-0.3228669688105583,0.3018121048808098,0.3331562876701355
0.7779410779476166,0.5511933863162994,0.21106838434934616,0.5995280295610428,1.2443957850337029,-0.1249241977930069,-0.1949780061841011,0.5109774768352509
0.2694703681128366,-0.11355217014040266,0.41609794752938406,-0.20335311336176737,-0.2986437146152769,0.1491049900650978,0.36057567383561817,0.8171611321823937
0.349757378300031,0.16712849835554758,0.22506601611773172,0.21727601935466131,0.04228879511356354,0.04629376158118248,0.4690226788322131,0.30080820868412655
0.6428643763065338,-0.032072779323373525,0.363937925015177,0.5840617695025035,-0.4247505622250693,-0.14295472098248346,0.5299804114869663,0.3470786362886429
0.712535384297371,-0.05959072858095169,0.2773480027914047,0.10201030373573303,-0.46655344367027285,-0.4844082176685333,-0.1424329623579979,0.298980250954628
0.712535384297371,-0.05959072858095169,0.2773480027914047,0.10201030373573303,-0.46655344367027285,-0.4844082176685333,-0.1424329623579979,0.298980250954628
0.5255347788333893,0.13792365789413452,0.07277703285217285,0.10733392089605331,-0.11676190793514252,-0.3228669688105583,0.3018121048808098,0.3331562876701355
0.5255347788333893,0.13792365789413452,0.07277703285217285,0.10733392089605331,-0.11676190793514252,-0.3228669688105583,0.3018121048808098,0.3331562876701355
-0.20392664273579916,0.31618112325668335,0.1315990686416626,-0.4008557548125585,0.13358930250008902,0.8593993484973907,0.6643521785736084,0.5025883316993713
0.08204871416091919,1.1115527749061584,0.30843907594680786,0.14506854116916656,0.368333600461483,-0.2879452258348465,-0.05358533561229706,-0.08852676674723625
0.08204871416091919,1.1115527749061584,0.30843907594680786,0.14506854116916656,0.368333600461483,-0.2879452258348465,-0.05358533561229706,-0.08852676674723625
0.7779410779476166,0.5511933863162994,0.21106838434934616,0.5995280295610428,1.2443957850337029,-0.1249241977930069,-0.1949780061841011,0.5109774768352509
0.7779410779476166,0.5511933863162994,0.21106838434934616,0.5995280295610428,1.2443957850337029,-0.1249241977930069,-0.1949780061841011,0.5109774768352509
0.7779410779476166,0.5511933863162994,0.21106838434934616,0.5995280295610428,1.2443957850337029,-0.1249241977930069,-0.1949780061841011,0.5109774768352509
0.5255347788333893,0.13792365789413452,0.07277703285217285,0.10733392089605331,-0.11676190793514252,-0.3228669688105583,0.3018121048808098,0.3331562876701355
0.5255347788333893,0.13792365789413452,0.07277703285217285,0.10733392089605331,-0.11676190793514252,-0.3228669688105583,0.3018121048808098,0.3331562876701355
0.08204871416091919,1.1115527749061584,0.30843907594680786,0.14506854116916656,0.368333600461483,-0.2879452258348465,-0.05358533561229706,-0.08852676674723625
-0.11734150846799214,-0.1973954439163208,0.9820480744043986,0.7659248014291128,0.039670899510383606,0.09294963379700978,-0.6902982046206793,0.03768892089525858
0.015809856355190277,-0.8182518780231476,0.5145324766635895,-0.6987320631742477,0.11091364175081253,0.3071993365883827,0.5343812629580498,-0.3446863889694214
-0.34548357129096985,0.7696110010147095,1.508923053741455,-0.2183145135641098,-0.31064632534980774,-0.23274798691272736,-0.023835837841033936,-0.12978488951921463
0.036924262841542564,-0.013140435020128885,0.30324406425158185,0.015880237023035686,0.23988303542137146,0.054465306301911674,-0.16001343230406442,0.5528573642174403
0.036924262841542564,-0.013140435020128885,0.30324406425158185,0.015880237023035686,0.23988303542137146,0.054465306301911674,-0.16001343230406442,0.5528573642174403
0.38313410580158236,-0.2971953243017197,0.32694393396377563,0.7353423595428467,0.2105153739452362,0.2219550684094429,-0.528109535574913,0.5655551433563233
0.38313410580158236,-0.2971953243017197,0.32694393396377563,0.7353423595428467,0.2105153739452362,0.2219550684094429,-0.528109535574913,0.5655551433563233
-0.03757500275969505,0.16908881440758705,0.8228072598576546,0.3768598660826683,0.04166141338646412,-0.029815254732966423,0.5192151889204979,0.24570268020033836
0.526649221777916,-0.48863133415579796,1.1342111229896545,0.0652894377708435,0.27439168095588684,-0.17691576480865479,-0.7002939879894257,0.36689019203186035
0.08204871416091919,1.1115527749061584,0.30843907594680786,0.14506854116916656,0.368333600461483,-0.2879452258348465,-0.05358533561229706,-0.08852676674723625
0.08873330801725388,0.6847113072872162,-0.10051962733268738,0.3472967743873596,0.3649606332182884,-0.5394275709986687,0.2649550065398216,0.9225757718086243
-0.0032779042209897724,0.0538736241204398,0.06713272844042097,0.7634533217975071,-0.11143989648137774,1.0216523494039262,0.09805800233568464,-0.07893492920058114
0.2104233130812645,-0.3912288037439187,0.3508726929624875,0.2618400330344836,-0.32344915966192883,-0.3810664191842079,0.12767952804764113,0.1301450158158938
0.2104233130812645,-0.3912288037439187,0.3508726929624875,0.2618400330344836,-0.32344915966192883,-0.3810664191842079,0.12767952804764113,0.1301450158158938
0.34560854484637576,0.13401693229873976,0.290147565305233,0.6921184857686361,-0.2030841882030169,0.1393868327140808,0.037139181047677994,-0.07398911813894908
0.2104233130812645,-0.3912288037439187,0.3508726929624875,0.2618400330344836,-0.32344915966192883,-0.3810664191842079,0.12767952804764113,0.1301450158158938
0.5176974063118299,-0.09589498365918796,0.3816358521580696,0.6783352891604105,-0.051218065122763314,-0.09121377269426982,0.40957606211304665,0.07927176853020985
0.35711273550987244,-0.10003240313380957,0.15867741033434868,0.23028753325343132,-0.10423565283417702,-0.23918371833860874,-0.5811248132959008,0.5517243910580873
0.5176974063118299,-0.09589498365918796,0.3816358521580696,0.6783352891604105,-0.051218065122763314,-0.09121377269426982,0.40957606211304665,0.07927176853020985
0.5176974063118299,-0.09589498365918796,0.3816358521580696,0.6783352891604105,-0.051218065122763314,-0.09121377269426982,0.40957606211304665,0.07927176853020985
0.35711273550987244,-0.10003240313380957,0.15867741033434868,0.23028753325343132,-0.10423565283417702,-0.23918371833860874,-0.5811248132959008,0.5517243910580873
0.2104233130812645,-0.3912288037439187,0.3508726929624875,0.2618400330344836,-0.32344915966192883,-0.3810664191842079,0.12767952804764113,0.1301450158158938
0.5176974063118299,-0.09589498365918796,0.3816358521580696,0.6783352891604105,-0.051218065122763314,-0.09121377269426982,0.40957606211304665,0.07927176853020985
0.511570543050766,-0.051109801046550274,0.3394181076437235,0.28547882102429867,-0.510407131165266,-0.16253681853413582,0.3111771494150162,0.3500125538557768
0.20500801077910832,-0.14228206340755736,0.4133979571717126,0.05540467585836138,-0.31255323546273367,-0.02962815122944968,0.21219623195273535,0.6858170734984534
0.712535384297371,-0.05959072858095169,0.2773480027914047,0.10201030373573303,-0.46655344367027285,-0.4844082176685333,-0.1424329623579979,0.298980250954628
0.5231990814208984,-0.18000020583470663,0.3467521071434021,0.19671374062697092,0.4397048701842626,-0.18600757916768393,-0.9683236132065455,0.33242224901914597
0.712535384297371,-0.05959072858095169,0.2773480027914047,0.10201030373573303,-0.46655344367027285,-0.4844082176685333,-0.1424329623579979,0.298980250954628
0.511570543050766,-0.051109801046550274,0.3394181076437235,0.28547882102429867,-0.510407131165266,-0.16253681853413582,0.3111771494150162,0.3500125538557768
0.7779410779476166,0.5511933863162994,0.21106838434934616,0.5995280295610428,1.2443957850337029,-0.1249241977930069,-0.1949780061841011,0.5109774768352509
0.7779410779476166,0.5511933863162994,0.21106838434934616,0.5995280295610428,1.2443957850337029,-0.1249241977930069,-0.1949780061841011,0.5109774768352509
0.7779410779476166,0.5511933863162994,0.21106838434934616,0.5995280295610428,1.2443957850337029,-0.1249241977930069,-0.1949780061841011,0.5109774768352509
0.7779410779476166,0.5511933863162994,0.21106838434934616,0.5995280295610428,1.2443957850337029,-0.1249241977930069,-0.1949780061841011,0.5109774768352509
0.7779410779476166,0.5511933863162994,0.21106838434934616,0.5995280295610428,1.2443957850337029,-0.1249241977930069,-0.1949780061841011,0.5109774768352509
0.7779410779476166,0.5511933863162994,0.21106838434934616,0.5995280295610428,1.2443957850337029,-0.1249241977930069,-0.1949780061841011,0.5109774768352509
0.7779410779476166,0.5511933863162994,0.21106838434934616,0.5995280295610428,1.2443957850337029,-0.1249241977930069,-0.1949780061841011,0.5109774768352509
0.7779410779476166,0.5511933863162994,0.21106838434934616,0.5995280295610428,1.2443957850337029,-0.1249241977930069,-0.1949780061841011,0.5109774768352509
0.6490310952067375,-0.022723093628883362,1.0834804773330688,0.1539367362856865,0.0281459279358387,0.9010477997362614,0.19845644757151604,0.269745409488678
0.8221830079952875,0.070983091990153,0.04319062829017639,0.58271557589372,0.42173166821400326,0.5427538777391115,0.13985505451758704,0.028982974588871002
0.0904050588607788,0.14458636939525604,0.29893833994865415,-0.0022193372249603273,-0.29364114105701444,-0.38107249736785886,0.6051231354475022,-0.15545180439949036
-0.47470325604081154,-1.1130190007388592,0.4575052186846733,0.355060450732708,-0.44520196691155434,0.3355083856731653,-0.15200048685073853,-0.04957161471247673
0.0904050588607788,0.14458636939525604,0.29893833994865415,-0.0022193372249603273,-0.29364114105701444,-0.38107249736785886,0.6051231354475022,-0.15545180439949036
0.09972750768065453,-0.685054998844862,0.3767116144299507,0.5469433069229126,-0.6838207133114338,-0.3424664940685034,0.04376950114965439,0.046272147446870804
0.7546611527601877,-0.7624516288439432,0.6906428933143616,1.4737431804339092,0.261857271194458,0.9634144057830175,0.4301059494415919,-0.04956533511479696
0.3165028691291809,0.069963139295578,0.7237715601921082,1.6385469138622284,0.5628960818052292,0.3513878881931305,0.43390110433101653,0.6089916944503784
0.3165028691291809,0.069963139295578,0.7237715601921082,1.6385469138622284,0.5628960818052292,0.3513878881931305,0.43390110433101653,0.6089916944503784
0.3165028691291809,0.069963139295578,0.7237715601921082,1.6385469138622284,0.5628960818052292,0.3513878881931305,0.43390110433101653,0.6089916944503784
0.7779410779476166,0.5511933863162994,0.21106838434934616,0.5995280295610428,1.2443957850337029,-0.1249241977930069,-0.1949780061841011,0.5109774768352509
0.7779410779476166,0.5511933863162994,0.21106838434934616,0.5995280295610428,1.2443957850337029,-0.1249241977930069,-0.1949780061841011,0.5109774768352509
0.7779410779476166,0.5511933863162994,0.21106838434934616,0.5995280295610428,1.2443957850337029,-0.1249241977930069,-0.1949780061841011,0.5109774768352509
0.7779410779476166,0.5511933863162994,0.21106838434934616,0.5995280295610428,1.2443957850337029,-0.1249241977930069,-0.1949780061841011,0.5109774768352509
0.7779410779476166,0.5511933863162994,0.21106838434934616,0.5995280295610428,1.2443957850337029,-0.1249241977930069,-0.1949780061841011,0.5109774768352509
0.7779410779476166,0.5511933863162994,0.21106838434934616,0.5995280295610428,1.2443957850337029,-0.1249241977930069,-0.1949780061841011,0.5109774768352509
0.7779410779476166,0.5511933863162994,0.21106838434934616,0.5995280295610428,1.2443957850337029,-0.1249241977930069,-0.1949780061841011,0.5109774768352509
0.7779410779476166,0.5511933863162994,0.21106838434934616,0.5995280295610428,1.2443957850337029,-0.1249241977930069,-0.1949780061841011,0.5109774768352509
0.7779410779476166,0.5511933863162994,0.21106838434934616,0.5995280295610428,1.2443957850337029,-0.1249241977930069,-0.1949780061841011,0.5109774768352509
0.7779410779476166,0.5511933863162994,0.21106838434934616,0.5995280295610428,1.2443957850337029,-0.1249241977930069,-0.1949780061841011,0.5109774768352509
0.7779410779476166,0.5511933863162994,0.21106838434934616,0.5995280295610428,1.2443957850337029,-0.1249241977930069,-0.1949780061841011,0.5109774768352509
0.7779410779476166,0.5511933863162994,0.21106838434934616,0.5995280295610428,1.2443957850337029,-0.1249241977930069,-0.1949780061841011,0.5109774768352509
0.2104233130812645,-0.3912288037439187,0.3508726929624875,0.2618400330344836,-0.32344915966192883,-0.3810664191842079,0.12767952804764113,0.1301450158158938
0.511570543050766,-0.051109801046550274,0.3394181076437235,0.28547882102429867,-0.510407131165266,-0.16253681853413582,0.3111771494150162,0.3500125538557768
0.712535384297371,-0.05959072858095169,0.2773480027914047,0.10201030373573303,-0.46655344367027285,-0.4844082176685333,-0.1424329623579979,0.298980250954628
0.712535384297371,-0.05959072858095169,0.2773480027914047,0.10201030373573303,-0.46655344367027285,-0.4844082176685333,-0.1424329623579979,0.298980250954628
0.5255347788333893,0.13792365789413452,0.07277703285217285,0.10733392089605331,-0.11676190793514252,-0.3228669688105583,0.3018121048808098,0.3331562876701355
0.5255347788333893,0.13792365789413452,0.07277703285217285,0.10733392089605331,-0.11676190793514252,-0.3228669688105583,0.3018121048808098,0.3331562876701355
0.27967771142721176,0.2813952565193176,0.533524177968502,0.911076046526432,0.25452907755970955,-0.13588223978877068,0.5252615474164486,-0.22638119384646416
0.015809856355190277,-0.8182518780231476,0.5145324766635895,-0.6987320631742477,0.11091364175081253,0.3071993365883827,0.5343812629580498,-0.3446863889694214
0.036924262841542564,-0.013140435020128885,0.30324406425158185,0.015880237023035686,0.23988303542137146,0.054465306301911674,-0.16001343230406442,0.5528573642174403
0.036924262841542564,-0.013140435020128885,0.30324406425158185,0.015880237023035686,0.23988303542137146,0.054465306301911674,-0.16001343230406442,0.5528573642174403
0.38313410580158236,-0.2971953243017197,0.32694393396377563,0.7353423595428467,0.2105153739452362,0.2219550684094429,-0.528109535574913,0.5655551433563233
0.03311777859926224,0.04806923866271973,0.07389375567436218,0.691468670964241,0.3492918536067009,0.03181995451450348,0.47073542326688766,-0.45966267585754395
0.349757378300031,0.16712849835554758,0.22506601611773172,0.21727601935466131,0.04228879511356354,0.04629376158118248,0.4690226788322131,0.30080820868412655
0.349757378300031,0.16712849835554758,0.22506601611773172,0.21727601935466131,0.04228879511356354,0.04629376158118248,0.4690226788322131,0.30080820868412655
0.6428643763065338,-0.032072779323373525,0.363937925015177,0.5840617695025035,-0.4247505622250693,-0.14295472098248346,0.5299804114869663,0.3470786362886429
0.712535384297371,-0.05959072858095169,0.2773480027914047,0.10201030373573303,-0.46655344367027285,-0.4844082176685333,-0.1424329623579979,0.298980250954628
0.712535384297371,-0.05959072858095169,0.2773480027914047,0.10201030373573303,-0.46655344367027285,-0.4844082176685333,-0.1424329623579979,0.298980250954628
0.27967771142721176,0.2813952565193176,0.533524177968502,0.911076046526432,0.25452907755970955,-0.13588223978877068,0.5252615474164486,-0.22638119384646416
-0.1588706374168396,-0.48388365904490155,0.33469265202681225,0.9739868541558584,-0.6984111467997233,0.25396544734636944,0.2886066486438115,0.29769933223724365
-0.1588706374168396,-0.48388365904490155,0.33469265202681225,0.9739868541558584,-0.6984111467997233,0.25396544734636944,0.2886066486438115,0.29769933223724365
0.27967771142721176,0.2813952565193176,0.533524177968502,0.911076046526432,0.25452907755970955,-0.13588223978877068,0.5252615474164486,-0.22638119384646416
-0.1588706374168396,-0.48388365904490155,0.33469265202681225,0.9739868541558584,-0.6984111467997233,0.25396544734636944,0.2886066486438115,0.29769933223724365
0.27967771142721176,0.2813952565193176,0.533524177968502,0.911076046526432,0.25452907755970955,-0.13588223978877068,0.5252615474164486,-0.22638119384646416
-0.1588706374168396,-0.48388365904490155,0.33469265202681225,0.9739868541558584,-0.6984111467997233,0.25396544734636944,0.2886066486438115,0.29769933223724365
0.4170335717499256,0.10227707400918007,0.7171818241477013,0.582986056804657,-0.4763841014355421,0.3162763435393572,-0.16141169890761375,-0.31072087213397026
0.4170335717499256,0.10227707400918007,0.7171818241477013,0.582986056804657,-0.4763841014355421,0.3162763435393572,-0.16141169890761375,-0.31072087213397026
0.4170335717499256,0.10227707400918007,0.7171818241477013,0.582986056804657,-0.4763841014355421,0.3162763435393572,-0.16141169890761375,-0.31072087213397026
0.4170335717499256,0.10227707400918007,0.7171818241477013,0.582986056804657,-0.4763841014355421,0.3162763435393572,-0.16141169890761375,-0.31072087213397026
-0.1588706374168396,-0.48388365904490155,0.33469265202681225,0.9739868541558584,-0.6984111467997233,0.25396544734636944,0.2886066486438115,0.29769933223724365
-0.1588706374168396,-0.48388365904490155,0.33469265202681225,0.9739868541558584,-0.6984111467997233,0.25396544734636944,0.2886066486438115,0.29769933223724365
-0.20392664273579916,0.31618112325668335,0.1315990686416626,-0.4008557548125585,0.13358930250008902,0.8593993484973907,0.6643521785736084,0.5025883316993713
0.7779410779476166,0.5511933863162994,0.21106838434934616,0.5995280295610428,1.2443957850337029,-0.1249241977930069,-0.1949780061841011,0.5109774768352509
0.7779410779476166,0.5511933863162994,0.21106838434934616,0.5995280295610428,1.2443957850337029,-0.1249241977930069,-0.1949780061841011,0.5109774768352509
-0.153969906270504,-0.9583482146263123,0.015604555606842041,0.733149666339159,-0.8464069068431854,0.5591304525732994,0.7229762375354767,-0.8076682686805725
-0.5561480075120926,-1.284817397594452,0.8076116740703583,0.522229015827179,-0.27841950207948685,-0.8294251337647438,0.7168572247028351,0.1014123260974884
0.9961882755160332,0.16721274703741074,0.8076218714316686,0.32270172735055286,-0.17805557698011398,0.25541165471076965,-0.2993263751268387,0.6632571096221606
0.7406756977240244,0.03708885610103607,0.7970061401526133,0.6748883798718452,0.2335576464732488,0.2510720466574033,-0.23083052784204483,0.43607422212759656
0.9151008315384388,0.20165031030774117,0.7447468712925911,0.5147145316004753,-0.30926501005887985,0.40251113660633564,0.30621451511979103,0.47353437915444374
0.9151008315384388,0.20165031030774117,0.7447468712925911,0.5147145316004753,-0.30926501005887985,0.40251113660633564,0.30621451511979103,0.47353437915444374
0.9151008315384388,0.20165031030774117,0.7447468712925911,0.5147145316004753,-0.30926501005887985,0.40251113660633564,0.30621451511979103,0.47353437915444374
0.9151008315384388,0.20165031030774117,0.7447468712925911,0.5147145316004753,-0.30926501005887985,0.40251113660633564,0.30621451511979103,0.47353437915444374
0.9961882755160332,0.16721274703741074,0.8076218714316686,0.32270172735055286,-0.17805557698011398,0.25541165471076965,-0.2993263751268387,0.6632571096221606
0.9961882755160332,0.16721274703741074,0.8076218714316686,0.32270172735055286,-0.17805557698011398,0.25541165471076965,-0.2993263751268387,0.6632571096221606
0.9961882755160332,0.16721274703741074,0.8076218714316686,0.32270172735055286,-0.17805557698011398,0.25541165471076965,-0.2993263751268387,0.6632571096221606
0.9961882755160332,0.16721274703741074,0.8076218714316686,0.32270172735055286,-0.17805557698011398,0.25541165471076965,-0.2993263751268387,0.6632571096221606
0.9961882755160332,0.16721274703741074,0.8076218714316686,0.32270172735055286,-0.17805557698011398,0.25541165471076965,-0.2993263751268387,0.6632571096221606
0.7406756977240244,0.03708885610103607,0.7970061401526133,0.6748883798718452,0.2335576464732488,0.2510720466574033,-0.23083052784204483,0.43607422212759656
0.8885493278503418,0.4953253311770303,1.3356721997261047,1.0818467480795724,0.5946561566420964,0.0985639329467501,-0.636806554027966,0.5750056803226471
-0.28328185975551606,-0.17992322146892548,0.826012271642685,0.6671613365411758,0.10037004351615905,0.25094222873449323,-0.6638185232877731,0.8549321085214615
-0.11182530969381332,-0.5291339866816998,0.10102642327547073,0.1640925034880638,0.44277793914079666,0.14880474098026752,0.30023855343461037,0.1279168426990509
-0.28328185975551606,-0.17992322146892548,0.826012271642685,0.6671613365411758,0.10037004351615905,0.25094222873449323,-0.6638185232877731,0.8549321085214615
0.6981555849313736,0.6118395954370499,0.35238311886787416,0.6076345086097718,-0.1434772789478302,0.21065316647291182,0.07063958644866944,0.023424616456031798
0.6981555849313736,0.6118395954370499,0.35238311886787416,0.6076345086097718,-0.1434772789478302,0.21065316647291182,0.07063958644866944,0.023424616456031798
0.6355708198887962,0.42237089787210735,0.9964137822389603,1.0203136886869157,0.7711962674345288,0.13909973204135895,-0.6223926012005124,0.503920738186155
-0.11182530969381332,-0.5291339866816998,0.10102642327547073,0.1640925034880638,0.44277793914079666,0.14880474098026752,0.30023855343461037,0.1279168426990509
0.7779410779476166,0.5511933863162994,0.21106838434934616,0.5995280295610428,1.2443957850337029,-0.1249241977930069,-0.1949780061841011,0.5109774768352509
0.7779410779476166,0.5511933863162994,0.21106838434934616,0.5995280295610428,1.2443957850337029,-0.1249241977930069,-0.1949780061841011,0.5109774768352509
0.7779410779476166,0.5511933863162994,0.21106838434934616,0.5995280295610428,1.2443957850337029,-0.1249241977930069,-0.1949780061841011,0.5109774768352509
0.7779410779476166,0.5511933863162994,0.21106838434934616,0.5995280295610428,1.2443957850337029,-0.1249241977930069,-0.1949780061841011,0.5109774768352509
0.7779410779476166,0.5511933863162994,0.21106838434934616,0.5995280295610428,1.2443957850337029,-0.1249241977930069,-0.1949780061841011,0.5109774768352509
0.7779410779476166,0.5511933863162994,0.21106838434934616,0.5995280295610428,1.2443957850337029,-0.1249241977930069,-0.1949780061841011,0.5109774768352509
0.7779410779476166,0.5511933863162994,0.21106838434934616,0.5995280295610428,1.2443957850337029,-0.1249241977930069,-0.1949780061841011,0.5109774768352509
0.7779410779476166,0.5511933863162994,0.21106838434934616,0.5995280295610428,1.2443957850337029,-0.1249241977930069,-0.1949780061841011,0.5109774768352509
0.7779410779476166,0.5511933863162994,0.21106838434934616,0.5995280295610428,1.2443957850337029,-0.1249241977930069,-0.1949780061841011,0.5109774768352509
0.7779410779476166,0.5511933863162994,0.21106838434934616,0.5995280295610428,1.2443957850337029,-0.1249241977930069,-0.1949780061841011,0.5109774768352509
0.7779410779476166,0.5511933863162994,0.21106838434934616,0.5995280295610428,1.2443957850337029,-0.1249241977930069,-0.1949780061841011,0.5109774768352509
0.7779410779476166,0.5511933863162994,0.21106838434934616,0.5995280295610428,1.2443957850337029,-0.1249241977930069,-0.1949780061841011,0.5109774768352509
0.7779410779476166,0.5511933863162994,0.21106838434934616,0.5995280295610428,1.2443957850337029,-0.1249241977930069,-0.1949780061841011,0.5109774768352509
0.7779410779476166,0.5511933863162994,0.21106838434934616,0.5995280295610428,1.2443957850337029,-0.1249241977930069,-0.1949780061841011,0.5109774768352509
0.7779410779476166,0.5511933863162994,0.21106838434934616,0.5995280295610428,1.2443957850337029,-0.1249241977930069,-0.1949780061841011,0.5109774768352509
-0.0032779042209897724,0.0538736241204398,0.06713272844042097,0.7634533217975071,-0.11143989648137774,1.0216523494039262,0.09805800233568464,-0.07893492920058114
-0.5561480075120926,-1.284817397594452,0.8076116740703583,0.522229015827179,-0.27841950207948685,-0.8294251337647438,0.7168572247028351,0.1014123260974884
-0.0032779042209897724,0.0538736241204398,0.06713272844042097,0.7634533217975071,-0.11143989648137774,1.0216523494039262,0.09805800233568464,-0.07893492920058114
0.17970150113105773,0.11600648760795593,0.24229800701141357,0.27003118991851804,0.17868748307228088,0.045431551337242124,0.301771005988121,0.052530333399772644
0.20145890755312784,-0.44471085497311186,0.019327031714575633,0.16503858353410447,0.07100453547069005,0.5847756692341396,0.32350972081933704,0.041152583701269965
0.20145890755312784,-0.44471085497311186,0.019327031714575633,0.16503858353410447,0.07100453547069005,0.5847756692341396,0.32350972081933704,0.041152583701269965
0.7779410779476166,0.5511933863162994,0.21106838434934616,0.5995280295610428,1.2443957850337029,-0.1249241977930069,-0.1949780061841011,0.5109774768352509
0.7779410779476166,0.5511933863162994,0.21106838434934616,0.5995280295610428,1.2443957850337029,-0.1249241977930069,-0.1949780061841011,0.5109774768352509
0.7779410779476166,0.5511933863162994,0.21106838434934616,0.5995280295610428,1.2443957850337029,-0.1249241977930069,-0.1949780061841011,0.5109774768352509
0.7779410779476166,0.5511933863162994,0.21106838434934616,0.5995280295610428,1.2443957850337029,-0.1249241977930069,-0.1949780061841011,0.5109774768352509
0.7779410779476166,0.5511933863162994,0.21106838434934616,0.5995280295610428,1.2443957850337029,-0.1249241977930069,-0.1949780061841011,0.5109774768352509
0.7779410779476166,0.5511933863162994,0.21106838434934616,0.5995280295610428,1.2443957850337029,-0.1249241977930069,-0.1949780061841011,0.5109774768352509
0.7779410779476166,0.5511933863162994,0.21106838434934616,0.5995280295610428,1.2443957850337029,-0.1249241977930069,-0.1949780061841011,0.5109774768352509
0.7779410779476166,0.5511933863162994,0.21106838434934616,0.5995280295610428,1.2443957850337029,-0.1249241977930069,-0.1949780061841011,0.5109774768352509
0.03311777859926224,0.04806923866271973,0.07389375567436218,0.691468670964241,0.3492918536067009,0.03181995451450348,0.47073542326688766,-0.45966267585754395
-0.06690141558647156,-1.2359731495380402,0.06246155500411987,0.5348002165555954,-0.6015139296650887,0.31861335784196854,-0.2152075543999672,0.8554357290267944
-0.7588653713464737,0.011423230171203613,0.6332718431949615,0.7712450996041298,0.00897526741027832,-0.061093058437108994,0.4854758381843567,0.13244351744651794
-0.0032779042209897724,0.0538736241204398,0.06713272844042097,0.7634533217975071,-0.11143989648137774,1.0216523494039262,0.09805800233568464,-0.07893492920058114
-0.0032779042209897724,0.0538736241204398,0.06713272844042097,0.7634533217975071,-0.11143989648137774,1.0216523494039262,0.09805800233568464,-0.07893492920058114
0.23734911531209946,-0.03585740178823471,0.1989230178296566,0.4967517387121916,0.005799323320388794,0.1685867989435792,0.49356663413345814,-0.5167029909789562
0.23734911531209946,-0.03585740178823471,0.1989230178296566,0.4967517387121916,0.005799323320388794,0.1685867989435792,0.49356663413345814,-0.5167029909789562
0.23734911531209946,-0.03585740178823471,0.1989230178296566,0.4967517387121916,0.005799323320388794,0.1685867989435792,0.49356663413345814,-0.5167029909789562
0.7779410779476166,0.5511933863162994,0.21106838434934616,0.5995280295610428,1.2443957850337029,-0.1249241977930069,-0.1949780061841011,0.5109774768352509
0.7779410779476166,0.5511933863162994,0.21106838434934616,0.5995280295610428,1.2443957850337029,-0.1249241977930069,-0.1949780061841011,0.5109774768352509
0.7779410779476166,0.5511933863162994,0.21106838434934616,0.5995280295610428,1.2443957850337029,-0.1249241977930069,-0.1949780061841011,0.5109774768352509
0.7779410779476166,0.5511933863162994,0.21106838434934616,0.5995280295610428,1.2443957850337029,-0.1249241977930069,-0.1949780061841011,0.5109774768352509
0.7779410779476166,0.5511933863162994,0.21106838434934616,0.5995280295610428,1.2443957850337029,-0.1249241977930069,-0.1949780061841011,0.5109774768352509
0.7779410779476166,0.5511933863162994,0.21106838434934616,0.5995280295610428,1.2443957850337029,-0.1249241977930069,-0.1949780061841011,0.5109774768352509
0.7779410779476166,0.5511933863162994,0.21106838434934616,0.5995280295610428,1.2443957850337029,-0.1249241977930069,-0.1949780061841011,0.5109774768352509
0.7779410779476166,0.5511933863162994,0.21106838434934616,0.5995280295610428,1.2443957850337029,-0.1249241977930069,-0.1949780061841011,0.5109774768352509
0.7779410779476166,0.5511933863162994,0.21106838434934616,0.5995280295610428,1.2443957850337029,-0.1249241977930069,-0.1949780061841011,0.5109774768352509
0.7779410779476166,0.5511933863162994,0.21106838434934616,0.5995280295610428,1.2443957850337029,-0.1249241977930069,-0.1949780061841011,0.5109774768352509
0.7779410779476166,0.5511933863162994,0.21106838434934616,0.5995280295610428,1.2443957850337029,-0.1249241977930069,-0.1949780061841011,0.5109774768352509
0.7779410779476166,0.5511933863162994,0.21106838434934616,0.5995280295610428,1.2443957850337029,-0.1249241977930069,-0.1949780061841011,0.5109774768352509
0.7779410779476166,0.5511933863162994,0.21106838434934616,0.5995280295610428,1.2443957850337029,-0.1249241977930069,-0.1949780061841011,0.5109774768352509
0.7779410779476166,0.5511933863162994,0.21106838434934616,0.5995280295610428,1.2443957850337029,-0.1249241977930069,-0.1949780061841011,0.5109774768352509
0.7779410779476166,0.5511933863162994,0.21106838434934616,0.5995280295610428,1.2443957850337029,-0.1249241977930069,-0.1949780061841011,0.5109774768352509
0.7779410779476166,0.5511933863162994,0.21106838434934616,0.5995280295610428,1.2443957850337029,-0.1249241977930069,-0.1949780061841011,0.5109774768352509
0.7779410779476166,0.5511933863162994,0.21106838434934616,0.5995280295610428,1.2443957850337029,-0.1249241977930069,-0.1949780061841011,0.5109774768352509
0.7779410779476166,0.5511933863162994,0.21106838434934616,0.5995280295610428,1.2443957850337029,-0.1249241977930069,-0.1949780061841011,0.5109774768352509
0.7779410779476166,0.5511933863162994,0.21106838434934616,0.5995280295610428,1.2443957850337029,-0.1249241977930069,-0.1949780061841011,0.5109774768352509
0.7779410779476166,0.5511933863162994,0.21106838434934616,0.5995280295610428,1.2443957850337029,-0.1249241977930069,-0.1949780061841011,0.5109774768352509
0.7779410779476166,0.5511933863162994,0.21106838434934616,0.5995280295610428,1.2443957850337029,-0.1249241977930069,-0.1949780061841011,0.5109774768352509
0.7779410779476166,0.5511933863162994,0.21106838434934616,0.5995280295610428,1.2443957850337029,-0.1249241977930069,-0.1949780061841011,0.5109774768352509
0.17970150113105773,0.11600648760795593,0.24229800701141357,0.27003118991851804,0.17868748307228088,0.045431551337242124,0.301771005988121,0.052530333399772644
-0.20655745267868042,-0.3580466479063034,-0.3959108293056488,0.164396208524704,0.1537286877632141,0.33522887229919435,0.41602117121219634,0.6051952511072158
-0.20655745267868042,-0.3580466479063034,-0.3959108293056488,0.164396208524704,0.1537286877632141,0.33522887229919435,0.41602117121219634,0.6051952511072158
0.7779410779476166,0.5511933863162994,0.21106838434934616,0.5995280295610428,1.2443957850337029,-0.1249241977930069,-0.1949780061841011,0.5109774768352509
0.7779410779476166,0.5511933863162994,0.21106838434934616,0.5995280295610428,1.2443957850337029,-0.1249241977930069,-0.1949780061841011,0.5109774768352509
0.7779410779476166,0.5511933863162994,0.21106838434934616,0.5995280295610428,1.2443957850337029,-0.1249241977930069,-0.1949780061841011,0.5109774768352509
0.7779410779476166,0.5511933863162994,0.21106838434934616,0.5995280295610428,1.2443957850337029,-0.1249241977930069,-0.1949780061841011,0.5109774768352509
0.7779410779476166,0.5511933863162994,0.21106838434934616,0.5995280295610428,1.2443957850337029,-0.1249241977930069,-0.1949780061841011,0.5109774768352509
0.7779410779476166,0.5511933863162994,0.21106838434934616,0.5995280295610428,1.2443957850337029,-0.1249241977930069,-0.1949780061841011,0.5109774768352509
0.03311777859926224,0.04806923866271973,0.07389375567436218,0.691468670964241,0.3492918536067009,0.03181995451450348,0.47073542326688766,-0.45966267585754395
-0.06690141558647156,-1.2359731495380402,0.06246155500411987,0.5348002165555954,-0.6015139296650887,0.31861335784196854,-0.2152075543999672,0.8554357290267944
-0.7588653713464737,0.011423230171203613,0.6332718431949615,0.7712450996041298,0.00897526741027832,-0.061093058437108994,0.4854758381843567,0.13244351744651794
-0.5561480075120926,-1.284817397594452,0.8076116740703583,0.522229015827179,-0.27841950207948685,-0.8294251337647438,0.7168572247028351,0.1014123260974884
0.22226173749991826,-0.640450228537832,0.5531368042741504,0.4619969576597214,0.007504995380129133,0.06635091240916934,0.12029800457613808,0.06253926455974579
0.7779410779476166,0.5511933863162994,0.21106838434934616,0.5995280295610428,1.2443957850337029,-0.1249241977930069,-0.1949780061841011,0.5109774768352509
0.7779410779476166,0.5511933863162994,0.21106838434934616,0.5995280295610428,1.2443957850337029,-0.1249241977930069,-0.1949780061841011,0.5109774768352509
0.7779410779476166,0.5511933863162994,0.21106838434934616,0.5995280295610428,1.2443957850337029,-0.1249241977930069,-0.1949780061841011,0.5109774768352509
0.7779410779476166,0.5511933863162994,0.21106838434934616,0.5995280295610428,1.2443957850337029,-0.1249241977930069,-0.1949780061841011,0.5109774768352509
0.7779410779476166,0.5511933863162994,0.21106838434934616,0.5995280295610428,1.2443957850337029,-0.1249241977930069,-0.1949780061841011,0.5109774768352509
0.7779410779476166,0.5511933863162994,0.21106838434934616,0.5995280295610428,1.2443957850337029,-0.1249241977930069,-0.1949780061841011,0.5109774768352509
-0.09381476044654846,-0.5369978745778402,0.5017571300268173,0.774330327908198,-0.18035552899042764,0.6086476792891821,-0.027245948712031048,-0.08848039309183757
0.3709709718823433,-0.2120994826157888,0.2857920601963997,0.2759330893556277,-0.5666780223449072,-0.20312083760897318,-0.08494144305586815,-0.0597569023569425
-0.09381476044654846,-0.5369978745778402,0.5017571300268173,0.774330327908198,-0.18035552899042764,0.6086476792891821,-0.027245948712031048,-0.08848039309183757
0.3709709718823433,-0.2120994826157888,0.2857920601963997,0.2759330893556277,-0.5666780223449072,-0.20312083760897318,-0.08494144305586815,-0.0597569023569425
0.3709709718823433,-0.2120994826157888,0.2857920601963997,0.2759330893556277,-0.5666780223449072,-0.20312083760897318,-0.08494144305586815,-0.0597569023569425
0.3709709718823433,-0.2120994826157888,0.2857920601963997,0.2759330893556277,-0.5666780223449072,-0.20312083760897318,-0.08494144305586815,-0.0597569023569425
0.3709709718823433,-0.2120994826157888,0.2857920601963997,0.2759330893556277,-0.5666780223449072,-0.20312083760897318,-0.08494144305586815,-0.0597569023569425
0.3709709718823433,-0.2120994826157888,0.2857920601963997,0.2759330893556277,-0.5666780223449072,-0.20312083760897318,-0.08494144305586815,-0.0597569023569425
0.3709709718823433,-0.2120994826157888,0.2857920601963997,0.2759330893556277,-0.5666780223449072,-0.20312083760897318,-0.08494144305586815,-0.0597569023569425
0.3709709718823433,-0.2120994826157888,0.2857920601963997,0.2759330893556277,-0.5666780223449072,-0.20312083760897318,-0.08494144305586815,-0.0597569023569425
0.3709709718823433,-0.2120994826157888,0.2857920601963997,0.2759330893556277,-0.5666780223449072,-0.20312083760897318,-0.08494144305586815,-0.0597569023569425
0.3709709718823433,-0.2120994826157888,0.2857920601963997,0.2759330893556277,-0.5666780223449072,-0.20312083760897318,-0.08494144305586815,-0.0597569023569425
0.3709709718823433,-0.2120994826157888,0.2857920601963997,0.2759330893556277,-0.5666780223449072,-0.20312083760897318,-0.08494144305586815,-0.0597569023569425
0.3709709718823433,-0.2120994826157888,0.2857920601963997,0.2759330893556277,-0.5666780223449072,-0.20312083760897318,-0.08494144305586815,-0.0597569023569425
0.3709709718823433,-0.2120994826157888,0.2857920601963997,0.2759330893556277,-0.5666780223449072,-0.20312083760897318,-0.08494144305586815,-0.0597569023569425
0.3709709718823433,-0.2120994826157888,0.2857920601963997,0.2759330893556277,-0.5666780223449072,-0.20312083760897318,-0.08494144305586815,-0.0597569023569425
0.3709709718823433,-0.2120994826157888,0.2857920601963997,0.2759330893556277,-0.5666780223449072,-0.20312083760897318,-0.08494144305586815,-0.0597569023569425
0.3709709718823433,-0.2120994826157888,0.2857920601963997,0.2759330893556277,-0.5666780223449072,-0.20312083760897318,-0.08494144305586815,-0.0597569023569425
0.3709709718823433,-0.2120994826157888,0.2857920601963997,0.2759330893556277,-0.5666780223449072,-0.20312083760897318,-0.08494144305586815,-0.0597569023569425
-0.09381476044654846,-0.5369978745778402,0.5017571300268173,0.774330327908198,-0.18035552899042764,0.6086476792891821,-0.027245948712031048,-0.08848039309183757
-0.31489749252796173,0.02923143406709035,0.6017361283302307,0.24776230421331194,0.3362129264407688,0.44484423100948334,0.3089376903242535,-0.0655733777417077
0.3709709718823433,-0.2120994826157888,0.2857920601963997,0.2759330893556277,-0.5666780223449072,-0.20312083760897318,-0.08494144305586815,-0.0597569023569425
0.3709709718823433,-0.2120994826157888,0.2857920601963997,0.2759330893556277,-0.5666780223449072,-0.20312083760897318,-0.08494144305586815,-0.0597569023569425
0.3709709718823433,-0.2120994826157888,0.2857920601963997,0.2759330893556277,-0.5666780223449072,-0.20312083760897318,-0.08494144305586815,-0.0597569023569425
0.3709709718823433,-0.2120994826157888,0.2857920601963997,0.2759330893556277,-0.5666780223449072,-0.20312083760897318,-0.08494144305586815,-0.0597569023569425
-0.09381476044654846,-0.5369978745778402,0.5017571300268173,0.774330327908198,-0.18035552899042764,0.6086476792891821,-0.027245948712031048,-0.08848039309183757
0.3709709718823433,-0.2120994826157888,0.2857920601963997,0.2759330893556277,-0.5666780223449072,-0.20312083760897318,-0.08494144305586815,-0.0597569023569425
0.3709709718823433,-0.2120994826157888,0.2857920601963997,0.2759330893556277,-0.5666780223449072,-0.20312083760897318,-0.08494144305586815,-0.0597569023569425
0.3709709718823433,-0.2120994826157888,0.2857920601963997,0.2759330893556277,-0.5666780223449072,-0.20312083760897318,-0.08494144305586815,-0.0597569023569425
0.3709709718823433,-0.2120994826157888,0.2857920601963997,0.2759330893556277,-0.5666780223449072,-0.20312083760897318,-0.08494144305586815,-0.0597569023569425
-0.09381476044654846,-0.5369978745778402,0.5017571300268173,0.774330327908198,-0.18035552899042764,0.6086476792891821,-0.027245948712031048,-0.08848039309183757
0.3709709718823433,-0.2120994826157888,0.2857920601963997,0.2759330893556277,-0.5666780223449072,-0.20312083760897318,-0.08494144305586815,-0.0597569023569425
-0.09381476044654846,-0.5369978745778402,0.5017571300268173,0.774330327908198,-0.18035552899042764,0.6086476792891821,-0.027245948712031048,-0.08848039309183757
0.3709709718823433,-0.2120994826157888,0.2857920601963997,0.2759330893556277,-0.5666780223449072,-0.20312083760897318,-0.08494144305586815,-0.0597569023569425
0.3709709718823433,-0.2120994826157888,0.2857920601963997,0.2759330893556277,-0.5666780223449072,-0.20312083760897318,-0.08494144305586815,-0.0597569023569425
0.3709709718823433,-0.2120994826157888,0.2857920601963997,0.2759330893556277,-0.5666780223449072,-0.20312083760897318,-0.08494144305586815,-0.0597569023569425
0.3709709718823433,-0.2120994826157888,0.2857920601963997,0.2759330893556277,-0.5666780223449072,-0.20312083760897318,-0.08494144305586815,-0.0597569023569425
0.3709709718823433,-0.2120994826157888,0.2857920601963997,0.2759330893556277,-0.5666780223449072,-0.20312083760897318,-0.08494144305586815,-0.0597569023569425
0.3709709718823433,-0.2120994826157888,0.2857920601963997,0.2759330893556277,-0.5666780223449072,-0.20312083760897318,-0.08494144305586815,-0.0597569023569425
0.3709709718823433,-0.2120994826157888,0.2857920601963997,0.2759330893556277,-0.5666780223449072,-0.20312083760897318,-0.08494144305586815,-0.0597569023569425
0.3709709718823433,-0.2120994826157888,0.2857920601963997,0.2759330893556277,-0.5666780223449072,-0.20312083760897318,-0.08494144305586815,-0.0597569023569425
0.3709709718823433,-0.2120994826157888,0.2857920601963997,0.2759330893556277,-0.5666780223449072,-0.20312083760897318,-0.08494144305586815,-0.0597569023569425
0.3709709718823433,-0.2120994826157888,0.2857920601963997,0.2759330893556277,-0.5666780223449072,-0.20312083760897318,-0.08494144305586815,-0.0597569023569425
0.3709709718823433,-0.2120994826157888,0.2857920601963997,0.2759330893556277,-0.5666780223449072,-0.20312083760897318,-0.08494144305586815,-0.0597569023569425
0.3709709718823433,-0.2120994826157888,0.2857920601963997,0.2759330893556277,-0.5666780223449072,-0.20312083760897318,-0.08494144305586815,-0.0597569023569425
0.3709709718823433,-0.2120994826157888,0.2857920601963997,0.2759330893556277,-0.5666780223449072,-0.20312083760897318,-0.08494144305586815,-0.0597569023569425
0.3709709718823433,-0.2120994826157888,0.2857920601963997,0.2759330893556277,-0.5666780223449072,-0.20312083760897318,-0.08494144305586815,-0.0597569023569425
0.3709709718823433,-0.2120994826157888,0.2857920601963997,0.2759330893556277,-0.5666780223449072,-0.20312083760897318,-0.08494144305586815,-0.0597569023569425
-0.21084044575691224,0.12691530585289001,0.15393084585666655,0.4151467591524124,0.3792130768299103,-0.25955369770526887,0.10488108098506928,-0.061357854306697844
0.23689454421401024,-0.08833348751068115,0.3680187202990055,0.1465101707726717,-0.17005166038870811,0.002508072182536125,-0.04937409237027168,0.12795255333185196
0.3709709718823433,-0.2120994826157888,0.2857920601963997,0.2759330893556277,-0.5666780223449072,-0.20312083760897318,-0.08494144305586815,-0.0597569023569425
0.3709709718823433,-0.2120994826157888,0.2857920601963997,0.2759330893556277,-0.5666780223449072,-0.20312083760897318,-0.08494144305586815,-0.0597569023569425
0.3709709718823433,-0.2120994826157888,0.2857920601963997,0.2759330893556277,-0.5666780223449072,-0.20312083760897318,-0.08494144305586815,-0.0597569023569425
-0.09381476044654846,-0.5369978745778402,0.5017571300268173,0.774330327908198,-0.18035552899042764,0.6086476792891821,-0.027245948712031048,-0.08848039309183757
0.3709709718823433,-0.2120994826157888,0.2857920601963997,0.2759330893556277,-0.5666780223449072,-0.20312083760897318,-0.08494144305586815,-0.0597569023569425
0.3709709718823433,-0.2120994826157888,0.2857920601963997,0.2759330893556277,-0.5666780223449072,-0.20312083760897318,-0.08494144305586815,-0.0597569023569425
0.3709709718823433,-0.2120994826157888,0.2857920601963997,0.2759330893556277,-0.5666780223449072,-0.20312083760897318,-0.08494144305586815,-0.0597569023569425
0.3709709718823433,-0.2120994826157888,0.2857920601963997,0.2759330893556277,-0.5666780223449072,-0.20312083760897318,-0.08494144305586815,-0.0597569023569425
-0.09381476044654846,-0.5369978745778402,0.5017571300268173,0.774330327908198,-0.18035552899042764,0.6086476792891821,-0.027245948712031048,-0.08848039309183757
0.3709709718823433,-0.2120994826157888,0.2857920601963997,0.2759330893556277,-0.5666780223449072,-0.20312083760897318,-0.08494144305586815,-0.0597569023569425
0.3709709718823433,-0.2120994826157888,0.2857920601963997,0.2759330893556277,-0.5666780223449072,-0.20312083760897318,-0.08494144305586815,-0.0597569023569425
0.3709709718823433,-0.2120994826157888,0.2857920601963997,0.2759330893556277,-0.5666780223449072,-0.20312083760897318,-0.08494144305586815,-0.0597569023569425
0.3709709718823433,-0.2120994826157888,0.2857920601963997,0.2759330893556277,-0.5666780223449072,-0.20312083760897318,-0.08494144305586815,-0.0597569023569425
-0.09381476044654846,-0.5369978745778402,0.5017571300268173,0.774330327908198,-0.18035552899042764,0.6086476792891821,-0.027245948712031048,-0.08848039309183757
0.3709709718823433,-0.2120994826157888,0.2857920601963997,0.2759330893556277,-0.5666780223449072,-0.20312083760897318,-0.08494144305586815,-0.0597569023569425
-0.09381476044654846,-0.5369978745778402,0.5017571300268173,0.774330327908198,-0.18035552899042764,0.6086476792891821,-0.027245948712031048,-0.08848039309183757
0.3709709718823433,-0.2120994826157888,0.2857920601963997,0.2759330893556277,-0.5666780223449072,-0.20312083760897318,-0.08494144305586815,-0.0597569023569425
0.3709709718823433,-0.2120994826157888,0.2857920601963997,0.2759330893556277,-0.5666780223449072,-0.20312083760897318,-0.08494144305586815,-0.0597569023569425
0.3709709718823433,-0.2120994826157888,0.2857920601963997,0.2759330893556277,-0.5666780223449072,-0.20312083760897318,-0.08494144305586815,-0.0597569023569425
0.3709709718823433,-0.2120994826157888,0.2857920601963997,0.2759330893556277,-0.5666780223449072,-0.20312083760897318,-0.08494144305586815,-0.0597569023569425
0.3709709718823433,-0.2120994826157888,0.2857920601963997,0.2759330893556277,-0.5666780223449072,-0.20312083760897318,-0.08494144305586815,-0.0597569023569425
0.3709709718823433,-0.2120994826157888,0.2857920601963997,0.2759330893556277,-0.5666780223449072,-0.20312083760897318,-0.08494144305586815,-0.0597569023569425
0.3709709718823433,-0.2120994826157888,0.2857920601963997,0.2759330893556277,-0.5666780223449072,-0.20312083760897318,-0.08494144305586815,-0.0597569023569425
0.3709709718823433,-0.2120994826157888,0.2857920601963997,0.2759330893556277,-0.5666780223449072,-0.20312083760897318,-0.08494144305586815,-0.0597569023569425
0.3709709718823433,-0.2120994826157888,0.2857920601963997,0.2759330893556277,-0.5666780223449072,-0.20312083760897318,-0.08494144305586815,-0.0597569023569425
0.3709709718823433,-0.2120994826157888,0.2857920601963997,0.2759330893556277,-0.5666780223449072,-0.20312083760897318,-0.08494144305586815,-0.0597569023569425
0.3709709718823433,-0.2120994826157888,0.2857920601963997,0.2759330893556277,-0.5666780223449072,-0.20312083760897318,-0.08494144305586815,-0.0597569023569425
0.3709709718823433,-0.2120994826157888,0.2857920601963997,0.2759330893556277,-0.5666780223449072,-0.20312083760897318,-0.08494144305586815,-0.0597569023569425
0.3709709718823433,-0.2120994826157888,0.2857920601963997,0.2759330893556277,-0.5666780223449072,-0.20312083760897318,-0.08494144305586815,-0.0597569023569425
0.3709709718823433,-0.2120994826157888,0.2857920601963997,0.2759330893556277,-0.5666780223449072,-0.20312083760897318,-0.08494144305586815,-0.0597569023569425
0.3709709718823433,-0.2120994826157888,0.2857920601963997,0.2759330893556277,-0.5666780223449072,-0.20312083760897318,-0.08494144305586815,-0.0597569023569425
-0.0032779042209897724,0.0538736241204398,0.06713272844042097,0.7634533217975071,-0.11143989648137774,1.0216523494039262,0.09805800233568464,-0.07893492920058114
-0.04129626229405403,-0.20756573975086212,0.1660727597773075,0.3139838743954897,-0.17611426301300526,0.17515141889452934,0.211111169308424,0.32813699543476105
0.3709709718823433,-0.2120994826157888,0.2857920601963997,0.2759330893556277,-0.5666780223449072,-0.20312083760897318,-0.08494144305586815,-0.0597569023569425
0.3709709718823433,-0.2120994826157888,0.2857920601963997,0.2759330893556277,-0.5666780223449072,-0.20312083760897318,-0.08494144305586815,-0.0597569023569425
0.3709709718823433,-0.2120994826157888,0.2857920601963997,0.2759330893556277,-0.5666780223449072,-0.20312083760897318,-0.08494144305586815,-0.0597569023569425
-0.09381476044654846,-0.5369978745778402,0.5017571300268173,0.774330327908198,-0.18035552899042764,0.6086476792891821,-0.027245948712031048,-0.08848039309183757
0.3709709718823433,-0.2120994826157888,0.2857920601963997,0.2759330893556277,-0.5666780223449072,-0.20312083760897318,-0.08494144305586815,-0.0597569023569425
0.3709709718823433,-0.2120994826157888,0.2857920601963997,0.2759330893556277,-0.5666780223449072,-0.20312083760897318,-0.08494144305586815,-0.0597569023569425
0.3709709718823433,-0.2120994826157888,0.2857920601963997,0.2759330893556277,-0.5666780223449072,-0.20312083760897318,-0.08494144305586815,-0.0597569023569425
0.3709709718823433,-0.2120994826157888,0.2857920601963997,0.2759330893556277,-0.5666780223449072,-0.20312083760897318,-0.08494144305586815,-0.0597569023569425
-0.09381476044654846,-0.5369978745778402,0.5017571300268173,0.774330327908198,-0.18035552899042764,0.6086476792891821,-0.027245948712031048,-0.08848039309183757
0.3709709718823433,-0.2120994826157888,0.2857920601963997,0.2759330893556277,-0.5666780223449072,-0.20312083760897318,-0.08494144305586815,-0.0597569023569425
0.3709709718823433,-0.2120994826157888,0.2857920601963997,0.2759330893556277,-0.5666780223449072,-0.20312083760897318,-0.08494144305586815,-0.0597569023569425
0.3709709718823433,-0.2120994826157888,0.2857920601963997,0.2759330893556277,-0.5666780223449072,-0.20312083760897318,-0.08494144305586815,-0.0597569023569425
0.3709709718823433,-0.2120994826157888,0.2857920601963997,0.2759330893556277,-0.5666780223449072,-0.20312083760897318,-0.08494144305586815,-0.0597569023569425
-0.09381476044654846,-0.5369978745778402,0.5017571300268173,0.774330327908198,-0.18035552899042764,0.6086476792891821,-0.027245948712031048,-0.08848039309183757
0.3709709718823433,-0.2120994826157888,0.2857920601963997,0.2759330893556277,-0.5666780223449072,-0.20312083760897318,-0.08494144305586815,-0.0597569023569425
-0.09381476044654846,-0.5369978745778402,0.5017571300268173,0.774330327908198,-0.18035552899042764,0.6086476792891821,-0.027245948712031048,-0.08848039309183757
0.3709709718823433,-0.2120994826157888,0.2857920601963997,0.2759330893556277,-0.5666780223449072,-0.20312083760897318,-0.08494144305586815,-0.0597569023569425
0.3709709718823433,-0.2120994826157888,0.2857920601963997,0.2759330893556277,-0.5666780223449072,-0.20312083760897318,-0.08494144305586815,-0.0597569023569425
0.3709709718823433,-0.2120994826157888,0.2857920601963997,0.2759330893556277,-0.5666780223449072,-0.20312083760897318,-0.08494144305586815,-0.0597569023569425
0.20434413850307465,0.040422841906547546,0.33960006572306156,0.22310174070298672,-0.3836703859269619,0.17889909073710442,0.10437546484172344,0.3100276440382004
0.3709709718823433,-0.2120994826157888,0.2857920601963997,0.2759330893556277,-0.5666780223449072,-0.20312083760897318,-0.08494144305586815,-0.0597569023569425
0.3709709718823433,-0.2120994826157888,0.2857920601963997,0.2759330893556277,-0.5666780223449072,-0.20312083760897318,-0.08494144305586815,-0.0597569023569425
0.3709709718823433,-0.2120994826157888,0.2857920601963997,0.2759330893556277,-0.5666780223449072,-0.20312083760897318,-0.08494144305586815,-0.0597569023569425
0.3709709718823433,-0.2120994826157888,0.2857920601963997,0.2759330893556277,-0.5666780223449072,-0.20312083760897318,-0.08494144305586815,-0.0597569023569425
0.3709709718823433,-0.2120994826157888,0.2857920601963997,0.2759330893556277,-0.5666780223449072,-0.20312083760897318,-0.08494144305586815,-0.0597569023569425
0.3709709718823433,-0.2120994826157888,0.2857920601963997,0.2759330893556277,-0.5666780223449072,-0.20312083760897318,-0.08494144305586815,-0.0597569023569425
0.3709709718823433,-0.2120994826157888,0.2857920601963997,0.2759330893556277,-0.5666780223449072,-0.20312083760897318,-0.08494144305586815,-0.0597569023569425
0.3709709718823433,-0.2120994826157888,0.2857920601963997,0.2759330893556277,-0.5666780223449072,-0.20312083760897318,-0.08494144305586815,-0.0597569023569425
0.3709709718823433,-0.2120994826157888,0.2857920601963997,0.2759330893556277,-0.5666780223449072,-0.20312083760897318,-0.08494144305586815,-0.0597569023569425
0.3709709718823433,-0.2120994826157888,0.2857920601963997,0.2759330893556277,-0.5666780223449072,-0.20312083760897318,-0.08494144305586815,-0.0597569023569425
0.3709709718823433,-0.2120994826157888,0.2857920601963997,0.2759330893556277,-0.5666780223449072,-0.20312083760897318,-0.08494144305586815,-0.0597569023569425
0.3709709718823433,-0.2120994826157888,0.2857920601963997,0.2759330893556277,-0.5666780223449072,-0.20312083760897318,-0.08494144305586815,-0.0597569023569425
0.3709709718823433,-0.2120994826157888,0.2857920601963997,0.2759330893556277,-0.5666780223449072,-0.20312083760897318,-0.08494144305586815,-0.0597569023569425
-0.35003915429115295,-0.37867006957530974,0.23489243984222413,0.34819493293762205,0.35300593078136444,0.19416756331920623,0.2348991960287094,0.025159236788749696
-0.16998076438903809,-0.6602100978295008,0.06549073259035747,0.1912673239906629,0.33685534944136936,0.08256001770496368,0.09714170545339584,0.5447639500101408
0.03639775142073631,-0.023231808096170425,0.4508182518184185,0.30669415928423405,-0.15115540102124214,-0.14925888553261757,0.22578005865216255,0.11267329007387161
0.3709709718823433,-0.2120994826157888,0.2857920601963997,0.2759330893556277,-0.5666780223449072,-0.20312083760897318,-0.08494144305586815,-0.0597569023569425
0.3709709718823433,-0.2120994826157888,0.2857920601963997,0.2759330893556277,-0.5666780223449072,-0.20312083760897318,-0.08494144305586815,-0.0597569023569425
-0.09381476044654846,-0.5369978745778402,0.5017571300268173,0.774330327908198,-0.18035552899042764,0.6086476792891821,-0.027245948712031048,-0.08848039309183757
0.3709709718823433,-0.2120994826157888,0.2857920601963997,0.2759330893556277,-0.5666780223449072,-0.20312083760897318,-0.08494144305586815,-0.0597569023569425
0.3709709718823433,-0.2120994826157888,0.2857920601963997,0.2759330893556277,-0.5666780223449072,-0.20312083760897318,-0.08494144305586815,-0.0597569023569425
0.3709709718823433,-0.2120994826157888,0.2857920601963997,0.2759330893556277,-0.5666780223449072,-0.20312083760897318,-0.08494144305586815,-0.0597569023569425
0.3709709718823433,-0.2120994826157888,0.2857920601963997,0.2759330893556277,-0.5666780223449072,-0.20312083760897318,-0.08494144305586815,-0.0597569023569425
0.3709709718823433,-0.2120994826157888,0.2857920601963997,0.2759330893556277,-0.5666780223449072,-0.20312083760897318,-0.08494144305586815,-0.0597569023569425
-0.09381476044654846,-0.5369978745778402,0.5017571300268173,0.774330327908198,-0.18035552899042764,0.6086476792891821,-0.027245948712031048,-0.08848039309183757
0.3709709718823433,-0.2120994826157888,0.2857920601963997,0.2759330893556277,-0.5666780223449072,-0.20312083760897318,-0.08494144305586815,-0.0597569023569425
0.3709709718823433,-0.2120994826157888,0.2857920601963997,0.2759330893556277,-0.5666780223449072,-0.20312083760897318,-0.08494144305586815,-0.0597569023569425
0.3709709718823433,-0.2120994826157888,0.2857920601963997,0.2759330893556277,-0.5666780223449072,-0.20312083760897318,-0.08494144305586815,-0.0597569023569425
0.3709709718823433,-0.2120994826157888,0.2857920601963997,0.2759330893556277,-0.5666780223449072,-0.20312083760897318,-0.08494144305586815,-0.0597569023569425
-0.0032779042209897724,0.0538736241204398,0.06713272844042097,0.7634533217975071,-0.11143989648137774,1.0216523494039262,0.09805800233568464,-0.07893492920058114
-0.5561480075120926,-1.284817397594452,0.8076116740703583,0.522229015827179,-0.27841950207948685,-0.8294251337647438,0.7168572247028351,0.1014123260974884
0.7779410779476166,0.5511933863162994,0.21106838434934616,0.5995280295610428,1.2443957850337029,-0.1249241977930069,-0.1949780061841011,0.5109774768352509
0.7779410779476166,0.5511933863162994,0.21106838434934616,0.5995280295610428,1.2443957850337029,-0.1249241977930069,-0.1949780061841011,0.5109774768352509
0.7779410779476166,0.5511933863162994,0.21106838434934616,0.5995280295610428,1.2443957850337029,-0.1249241977930069,-0.1949780061841011,0.5109774768352509
0.7779410779476166,0.5511933863162994,0.21106838434934616,0.5995280295610428,1.2443957850337029,-0.1249241977930069,-0.1949780061841011,0.5109774768352509
0.7779410779476166,0.5511933863162994,0.21106838434934616,0.5995280295610428,1.2443957850337029,-0.1249241977930069,-0.1949780061841011,0.5109774768352509
0.7779410779476166,0.5511933863162994,0.21106838434934616,0.5995280295610428,1.2443957850337029,-0.1249241977930069,-0.1949780061841011,0.5109774768352509
0.7779410779476166,0.5511933863162994,0.21106838434934616,0.5995280295610428,1.2443957850337029,-0.1249241977930069,-0.1949780061841011,0.5109774768352509
0.7779410779476166,0.5511933863162994,0.21106838434934616,0.5995280295610428,1.2443957850337029,-0.1249241977930069,-0.1949780061841011,0.5109774768352509
0.7779410779476166,0.5511933863162994,0.21106838434934616,0.5995280295610428,1.2443957850337029,-0.1249241977930069,-0.1949780061841011,0.5109774768352509
0.7779410779476166,0.5511933863162994,0.21106838434934616,0.5995280295610428,1.2443957850337029,-0.1249241977930069,-0.1949780061841011,0.5109774768352509
0.7779410779476166,0.5511933863162994,0.21106838434934616,0.5995280295610428,1.2443957850337029,-0.1249241977930069,-0.1949780061841011,0.5109774768352509
0.7779410779476166,0.5511933863162994,0.21106838434934616,0.5995280295610428,1.2443957850337029,-0.1249241977930069,-0.1949780061841011,0.5109774768352509
0.7779410779476166,0.5511933863162994,0.21106838434934616,0.5995280295610428,1.2443957850337029,-0.1249241977930069,-0.1949780061841011,0.5109774768352509
0.7779410779476166,0.5511933863162994,0.21106838434934616,0.5995280295610428,1.2443957850337029,-0.1249241977930069,-0.1949780061841011,0.5109774768352509
0.7779410779476166,0.5511933863162994,0.21106838434934616,0.5995280295610428,1.2443957850337029,-0.1249241977930069,-0.1949780061841011,0.5109774768352509
0.7779410779476166,0.5511933863162994,0.21106838434934616,0.5995280295610428,1.2443957850337029,-0.1249241977930069,-0.1949780061841011,0.5109774768352509
0.7779410779476166,0.5511933863162994,0.21106838434934616,0.5995280295610428,1.2443957850337029,-0.1249241977930069,-0.1949780061841011,0.5109774768352509
0.7779410779476166,0.5511933863162994,0.21106838434934616,0.5995280295610428,1.2443957850337029,-0.1249241977930069,-0.1949780061841011,0.5109774768352509
-0.09777173399925232,0.5019687356220351,0.5388665497303009,0.18937617871496412,0.22276078330145943,-0.21795009407732222,-0.5434687236944834,0.07302538388305241
0.46033523976802826,-0.9383301734924316,0.16526108980178833,0.8482949137687683,-0.9728129208087921,1.5386706218123436,0.26995762810111046,0.6013085842132568
-0.3050333460172017,-0.7988528807957967,-0.5211496750513712,1.059432476758957,0.7118983964125315,0.14685254295667013,-0.3160136391719182,0.12323302030563354
0.46814694106578825,-0.5448327511548996,0.11267717778682709,0.6136386722326279,0.1722247689962387,-0.4216639116406441,0.5194619476795197,-0.14214573800563812
0.46814694106578825,-0.5448327511548996,0.11267717778682709,0.6136386722326279,0.1722247689962387,-0.4216639116406441,0.5194619476795197,-0.14214573800563812
0.46814694106578825,-0.5448327511548996,0.11267717778682709,0.6136386722326279,0.1722247689962387,-0.4216639116406441,0.5194619476795197,-0.14214573800563812
0.46814694106578825,-0.5448327511548996,0.11267717778682709,0.6136386722326279,0.1722247689962387,-0.4216639116406441,0.5194619476795197,-0.14214573800563812
0.46814694106578825,-0.5448327511548996,0.11267717778682709,0.6136386722326279,0.1722247689962387,-0.4216639116406441,0.5194619476795197,-0.14214573800563812
0.46814694106578825,-0.5448327511548996,0.11267717778682709,0.6136386722326279,0.1722247689962387,-0.4216639116406441,0.5194619476795197,-0.14214573800563812
0.46814694106578825,-0.5448327511548996,0.11267717778682709,0.6136386722326279,0.1722247689962387,-0.4216639116406441,0.5194619476795197,-0.14214573800563812
0.46814694106578825,-0.5448327511548996,0.11267717778682709,0.6136386722326279,0.1722247689962387,-0.4216639116406441,0.5194619476795197,-0.14214573800563812
0.46814694106578825,-0.5448327511548996,0.11267717778682709,0.6136386722326279,0.1722247689962387,-0.4216639116406441,0.5194619476795197,-0.14214573800563812
0.46814694106578825,-0.5448327511548996,0.11267717778682709,0.6136386722326279,0.1722247689962387,-0.4216639116406441,0.5194619476795197,-0.14214573800563812
0.46814694106578825,-0.5448327511548996,0.11267717778682709,0.6136386722326279,0.1722247689962387,-0.4216639116406441,0.5194619476795197,-0.14214573800563812
0.12871237471699715,0.036047741770744324,-0.33430638164281845,0.4153965190052986,-0.3423684909939766,-0.4946982990950346,0.49755436554551125,0.0730857290327549
0.46814694106578825,-0.5448327511548996,0.11267717778682709,0.6136386722326279,0.1722247689962387,-0.4216639116406441,0.5194619476795197,-0.14214573800563812
0.46814694106578825,-0.5448327511548996,0.11267717778682709,0.6136386722326279,0.1722247689962387,-0.4216639116406441,0.5194619476795197,-0.14214573800563812
0.46814694106578825,-0.5448327511548996,0.11267717778682709,0.6136386722326279,0.1722247689962387,-0.4216639116406441,0.5194619476795197,-0.14214573800563812
0.46814694106578825,-0.5448327511548996,0.11267717778682709,0.6136386722326279,0.1722247689962387,-0.4216639116406441,0.5194619476795197,-0.14214573800563812
0.46814694106578825,-0.5448327511548996,0.11267717778682709,0.6136386722326279,0.1722247689962387,-0.4216639116406441,0.5194619476795197,-0.14214573800563812
0.46814694106578825,-0.5448327511548996,0.11267717778682709,0.6136386722326279,0.1722247689962387,-0.4216639116406441,0.5194619476795197,-0.14214573800563812
0.46814694106578825,-0.5448327511548996,0.11267717778682709,0.6136386722326279,0.1722247689962387,-0.4216639116406441,0.5194619476795197,-0.14214573800563812
0.46814694106578825,-0.5448327511548996,0.11267717778682709,0.6136386722326279,0.1722247689962387,-0.4216639116406441,0.5194619476795197,-0.14214573800563812
0.46814694106578825,-0.5448327511548996,0.11267717778682709,0.6136386722326279,0.1722247689962387,-0.4216639116406441,0.5194619476795197,-0.14214573800563812
0.29207881912589073,-0.49127331003546715,0.35800324007868767,0.7288681603968143,0.3537573330104351,-0.15139258839190006,0.4202890023589134,-0.457989614456892
-0.1337862809499105,0.2282727211713791,0.24634361267089844,-0.20627781748771667,-0.2025001992781957,0.7553780128558477,-0.7774185786644617,0.07898974418640137
-0.1337862809499105,0.2282727211713791,0.24634361267089844,-0.20627781748771667,-0.2025001992781957,0.7553780128558477,-0.7774185786644617,0.07898974418640137
0.036924262841542564,-0.013140435020128885,0.30324406425158185,0.015880237023035686,0.23988303542137146,0.054465306301911674,-0.16001343230406442,0.5528573642174403
0.036924262841542564,-0.013140435020128885,0.30324406425158185,0.015880237023035686,0.23988303542137146,0.054465306301911674,-0.16001343230406442,0.5528573642174403
0.46814694106578825,-0.5448327511548996,0.11267717778682709,0.6136386722326279,0.1722247689962387,-0.4216639116406441,0.5194619476795197,-0.14214573800563812
0.3657659242550532,-0.3922003557284673,0.494089017311732,0.12076689799626668,0.008687689900398254,0.38657209525505704,0.11168082058429718,-0.33576195935408276
0.06454849574300978,-0.4875481790966458,0.2292623221874237,0.4657969011200799,0.07185165584087372,-0.2457051095035341,0.17296316888597277,0.3366663141383065
0.22226173749991826,-0.640450228537832,0.5531368042741504,0.4619969576597214,0.007504995380129133,0.06635091240916934,0.12029800457613808,0.06253926455974579
0.06454849574300978,-0.4875481790966458,0.2292623221874237,0.4657969011200799,0.07185165584087372,-0.2457051095035341,0.17296316888597277,0.3366663141383065
0.22226173749991826,-0.640450228537832,0.5531368042741504,0.4619969576597214,0.007504995380129133,0.06635091240916934,0.12029800457613808,0.06253926455974579
0.22226173749991826,-0.640450228537832,0.5531368042741504,0.4619969576597214,0.007504995380129133,0.06635091240916934,0.12029800457613808,0.06253926455974579
0.26529596745967865,0.2631732275088628,0.6600229243437449,-0.12238018711407979,0.4512507418791453,0.8217156752943993,0.3916538804769516,0.3273518532514572
0.26529596745967865,0.2631732275088628,0.6600229243437449,-0.12238018711407979,0.4512507418791453,0.8217156752943993,0.3916538804769516,0.3273518532514572
0.12871237471699715,0.036047741770744324,-0.33430638164281845,0.4153965190052986,-0.3423684909939766,-0.4946982990950346,0.49755436554551125,0.0730857290327549
0.1997543474038442,-0.6815272238519456,0.13471506701575386,0.48069166309303707,-0.07522123555342357,0.05853212376435598,0.0960647463798523,0.18735872705777487
0.4347572674353917,-0.5122662335634232,-0.03544540206591288,0.566407784819603,-0.13051695128281912,0.4080833320816358,0.48594199617703754,-0.021896138787269592
0.3416711241006851,-0.7533918810742242,0.08772455368723188,0.760505565575191,-0.6812756764037269,-0.3249544958983149,0.14153186338288443,-0.048081089343343465
0.1997543474038442,-0.6815272238519456,0.13471506701575386,0.48069166309303707,-0.07522123555342357,0.05853212376435598,0.0960647463798523,0.18735872705777487
0.1997543474038442,-0.6815272238519456,0.13471506701575386,0.48069166309303707,-0.07522123555342357,0.05853212376435598,0.0960647463798523,0.18735872705777487
-0.0800773985683918,0.20537323132157326,0.39826538041234016,0.4208628982305527,0.09664825350046158,0.15451684407889843,0.11676705628633499,0.7670368738472462
0.3313361555337906,0.0637114554643631,0.658528345823288,0.5243027836084366,0.2045159012079239,-0.29975273460149765,-0.2145818442106247,0.6408311396837234
0.3313361555337906,0.0637114554643631,0.658528345823288,0.5243027836084366,0.2045159012079239,-0.29975273460149765,-0.2145818442106247,0.6408311396837234
0.3313361555337906,0.0637114554643631,0.658528345823288,0.5243027836084366,0.2045159012079239,-0.29975273460149765,-0.2145818442106247,0.6408311396837234
0.3313361555337906,0.0637114554643631,0.658528345823288,0.5243027836084366,0.2045159012079239,-0.29975273460149765,-0.2145818442106247,0.6408311396837234
-0.18491218611598015,0.1103595532476902,0.7652250304818153,0.17796805128455162,0.4946202263236046,-0.473805395886302,0.4002532847225666,0.01756322756409645
-0.18491218611598015,0.1103595532476902,0.7652250304818153,0.17796805128455162,0.4946202263236046,-0.473805395886302,0.4002532847225666,0.01756322756409645
-0.18491218611598015,0.1103595532476902,0.7652250304818153,0.17796805128455162,0.4946202263236046,-0.473805395886302,0.4002532847225666,0.01756322756409645
-0.3766610622406006,-0.30744829401373863,0.8877613767981529,-0.16375333815813065,0.13587075844407082,0.10648919083178043,0.14669956266880035,0.16323117166757584
-0.3766610622406006,-0.30744829401373863,0.8877613767981529,-0.16375333815813065,0.13587075844407082,0.10648919083178043,0.14669956266880035,0.16323117166757584
-0.3766610622406006,-0.30744829401373863,0.8877613767981529,-0.16375333815813065,0.13587075844407082,0.10648919083178043,0.14669956266880035,0.16323117166757584
-0.3766610622406006,-0.30744829401373863,0.8877613767981529,-0.16375333815813065,0.13587075844407082,0.10648919083178043,0.14669956266880035,0.16323117166757584
-0.3766610622406006,-0.30744829401373863,0.8877613767981529,-0.16375333815813065,0.13587075844407082,0.10648919083178043,0.14669956266880035,0.16323117166757584
-0.3766610622406006,-0.30744829401373863,0.8877613767981529,-0.16375333815813065,0.13587075844407082,0.10648919083178043,0.14669956266880035,0.16323117166757584
-0.3766610622406006,-0.30744829401373863,0.8877613767981529,-0.16375333815813065,0.13587075844407082,0.10648919083178043,0.14669956266880035,0.16323117166757584
-0.06156919524073601,-0.16803910955786705,0.932178221642971,0.284876212477684,0.25261329114437103,-0.15419974736869335,0.21581407636404037,0.11333808675408363
-0.06156919524073601,-0.16803910955786705,0.932178221642971,0.284876212477684,0.25261329114437103,-0.15419974736869335,0.21581407636404037,0.11333808675408363
-0.06156919524073601,-0.16803910955786705,0.932178221642971,0.284876212477684,0.25261329114437103,-0.15419974736869335,0.21581407636404037,0.11333808675408363
-0.06156919524073601,-0.16803910955786705,0.932178221642971,0.284876212477684,0.25261329114437103,-0.15419974736869335,0.21581407636404037,0.11333808675408363
-0.06156919524073601,-0.16803910955786705,0.932178221642971,0.284876212477684,0.25261329114437103,-0.15419974736869335,0.21581407636404037,0.11333808675408363
-0.06156919524073601,-0.16803910955786705,0.932178221642971,0.284876212477684,0.25261329114437103,-0.15419974736869335,0.21581407636404037,0.11333808675408363
-0.06156919524073601,-0.16803910955786705,0.932178221642971,0.284876212477684,0.25261329114437103,-0.15419974736869335,0.21581407636404037,0.11333808675408363
-0.06156919524073601,-0.16803910955786705,0.932178221642971,0.284876212477684,0.25261329114437103,-0.15419974736869335,0.21581407636404037,0.11333808675408363
-0.06156919524073601,-0.16803910955786705,0.932178221642971,0.284876212477684,0.25261329114437103,-0.15419974736869335,0.21581407636404037,0.11333808675408363
-0.06156919524073601,-0.16803910955786705,0.932178221642971,0.284876212477684,0.25261329114437103,-0.15419974736869335,0.21581407636404037,0.11333808675408363
-0.06039581820368767,0.03976120427250862,0.4469803050160408,0.6068950220942497,0.42313385754823685,0.10931878350675106,0.5778959728777409,0.6063575781881809
-0.06039581820368767,0.03976120427250862,0.4469803050160408,0.6068950220942497,0.42313385754823685,0.10931878350675106,0.5778959728777409,0.6063575781881809
-0.06039581820368767,0.03976120427250862,0.4469803050160408,0.6068950220942497,0.42313385754823685,0.10931878350675106,0.5778959728777409,0.6063575781881809
-0.06039581820368767,0.03976120427250862,0.4469803050160408,0.6068950220942497,0.42313385754823685,0.10931878350675106,0.5778959728777409,0.6063575781881809
-0.06873086839914322,-0.45772196849187213,0.7304062594970068,0.5593138486146927,0.02374778687953949,-0.0033338256180286407,0.11778011173009872,0.1449612999955813
-0.06873086839914322,-0.45772196849187213,0.7304062594970068,0.5593138486146927,0.02374778687953949,-0.0033338256180286407,0.11778011173009872,0.1449612999955813
0.06454849574300978,-0.4875481790966458,0.2292623221874237,0.4657969011200799,0.07185165584087372,-0.2457051095035341,0.17296316888597277,0.3366663141383065
-0.14949887778077806,-0.4252936052424567,0.90006337421281,0.5229055413178035,0.21384830560003007,-0.07089634346110481,0.17152708981718337,0.26593061217239927
0.06454849574300978,-0.4875481790966458,0.2292623221874237,0.4657969011200799,0.07185165584087372,-0.2457051095035341,0.17296316888597277,0.3366663141383065
0.22226173749991826,-0.640450228537832,0.5531368042741504,0.4619969576597214,0.007504995380129133,0.06635091240916934,0.12029800457613808,0.06253926455974579
0.17539402097463608,-0.3268905393779278,0.19466515630483627,0.5999222472310066,-0.33568697422742844,0.646365599706769,0.4455072619020939,0.16487035527825356
0.17539402097463608,-0.3268905393779278,0.19466515630483627,0.5999222472310066,-0.33568697422742844,0.646365599706769,0.4455072619020939,0.16487035527825356
0.319970041513443,0.28064098954200745,0.47252339124679565,-0.30770497024059296,-0.08566679805517197,0.5879868343472481,-1.0498353317379951,0.6290251314640045
0.319970041513443,0.28064098954200745,0.47252339124679565,-0.30770497024059296,-0.08566679805517197,0.5879868343472481,-1.0498353317379951,0.6290251314640045
-0.15917805433273316,-0.17161135077476503,0.11471504718065262,0.4660227417945862,0.37329165935516356,0.549383194744587,-0.18903951495885848,-0.45151165425777434
-0.15917805433273316,-0.17161135077476503,0.11471504718065262,0.4660227417945862,0.37329165935516356,0.549383194744587,-0.18903951495885848,-0.45151165425777434
-0.15917805433273316,-0.17161135077476503,0.11471504718065262,0.4660227417945862,0.37329165935516356,0.549383194744587,-0.18903951495885848,-0.45151165425777434
-0.15917805433273316,-0.17161135077476503,0.11471504718065262,0.4660227417945862,0.37329165935516356,0.549383194744587,-0.18903951495885848,-0.45151165425777434
-0.15917805433273316,-0.17161135077476503,0.11471504718065262,0.4660227417945862,0.37329165935516356,0.549383194744587,-0.18903951495885848,-0.45151165425777434
0.014801636338233948,-0.21275618970394133,0.6111514747142792,0.21900964379310608,0.009177008271217346,0.5195057168602943,0.5961821347475051,-0.12371083199977875
-0.15917805433273316,-0.17161135077476503,0.11471504718065262,0.4660227417945862,0.37329165935516356,0.549383194744587,-0.18903951495885848,-0.45151165425777434
-0.15917805433273316,-0.17161135077476503,0.11471504718065262,0.4660227417945862,0.37329165935516356,0.549383194744587,-0.18903951495885848,-0.45151165425777434
-0.07060233354568482,0.12647978365421295,-0.42683965563774107,0.1789667248725891,0.45371981263160704,-0.28981001675128937,0.7588902145624161,0.16167698204517364
0.17539402097463608,-0.3268905393779278,0.19466515630483627,0.5999222472310066,-0.33568697422742844,0.646365599706769,0.4455072619020939,0.16487035527825356
0.17539402097463608,-0.3268905393779278,0.19466515630483627,0.5999222472310066,-0.33568697422742844,0.646365599706769,0.4455072619020939,0.16487035527825356
0.17539402097463608,-0.3268905393779278,0.19466515630483627,0.5999222472310066,-0.33568697422742844,0.646365599706769,0.4455072619020939,0.16487035527825356
0.17539402097463608,-0.3268905393779278,0.19466515630483627,0.5999222472310066,-0.33568697422742844,0.646365599706769,0.4455072619020939,0.16487035527825356
0.0373508483171463,0.02604816605647405,-0.035309736927350364,-0.19303280611832938,-0.08936554193496704,0.522916259864966,-0.09807507942120235,0.3494480277101199
0.07865415215492248,0.12993339896202089,0.028627413511276244,0.06844246983528138,0.0563642680644989,0.746649207174778,0.23537609875202178,-0.08158491551876068
-0.20506505455289567,0.19443679920264653,0.1011414613042559,-0.07569837995937892,-0.05976836596216474,-0.39795345067977905,0.3036744509424482,0.6385265375886645
0.10478270905358451,0.20901027960436686,0.30081492236682345,0.062271797231265476,0.14916552603244781,0.15235634680305207,-0.06338998249598912,0.08514670814786639
0.12871237471699715,0.036047741770744324,-0.33430638164281845,0.4153965190052986,-0.3423684909939766,-0.4946982990950346,0.49755436554551125,0.0730857290327549
0.12871237471699715,0.036047741770744324,-0.33430638164281845,0.4153965190052986,-0.3423684909939766,-0.4946982990950346,0.49755436554551125,0.0730857290327549
0.12871237471699715,0.036047741770744324,-0.33430638164281845,0.4153965190052986,-0.3423684909939766,-0.4946982990950346,0.49755436554551125,0.0730857290327549
0.12871237471699715,0.036047741770744324,-0.33430638164281845,0.4153965190052986,-0.3423684909939766,-0.4946982990950346,0.49755436554551125,0.0730857290327549
-0.3279996246099472,-0.161939537525177,0.634341162443161,0.21594141125679017,-0.06796041131019592,0.6434032902121544,0.23061037361621856,-0.3077098220586777
0.17539402097463608,-0.3268905393779278,0.19466515630483627,0.5999222472310066,-0.33568697422742844,0.646365599706769,0.4455072619020939,0.16487035527825356
0.17539402097463608,-0.3268905393779278,0.19466515630483627,0.5999222472310066,-0.33568697422742844,0.646365599706769,0.4455072619020939,0.16487035527825356
-0.3279996246099472,-0.161939537525177,0.634341162443161,0.21594141125679017,-0.06796041131019592,0.6434032902121544,0.23061037361621856,-0.3077098220586777
0.7779410779476166,0.5511933863162994,0.21106838434934616,0.5995280295610428,1.2443957850337029,-0.1249241977930069,-0.1949780061841011,0.5109774768352509
0.7779410779476166,0.5511933863162994,0.21106838434934616,0.5995280295610428,1.2443957850337029,-0.1249241977930069,-0.1949780061841011,0.5109774768352509
0.12871237471699715,0.036047741770744324,-0.33430638164281845,0.4153965190052986,-0.3423684909939766,-0.4946982990950346,0.49755436554551125,0.0730857290327549
0.12871237471699715,0.036047741770744324,-0.33430638164281845,0.4153965190052986,-0.3423684909939766,-0.4946982990950346,0.49755436554551125,0.0730857290327549
0.12871237471699715,0.036047741770744324,-0.33430638164281845,0.4153965190052986,-0.3423684909939766,-0.4946982990950346,0.49755436554551125,0.0730857290327549
0.0066990479826927185,-0.16886976609627405,0.09527044743299484,0.4053816373149554,0.332288292547067,0.49372581268350285,0.02072699119647344,0.04940100759267807
0.10054457783699036,-0.2859066009521484,-0.05826427787542343,0.6704889297485351,0.664373442530632,0.4488221719861031,0.522765189409256,-0.19048037230968476
0.10054457783699036,-0.2859066009521484,-0.05826427787542343,0.6704889297485351,0.664373442530632,0.4488221719861031,0.522765189409256,-0.19048037230968476
0.10054457783699036,-0.2859066009521484,-0.05826427787542343,0.6704889297485351,0.664373442530632,0.4488221719861031,0.522765189409256,-0.19048037230968476
-0.44041032195091245,-0.04933682382106781,0.2985240757465363,0.4983088880777359,0.0464646115899086,0.5886202916502953,0.34030589163303376,0.6284206181764602
-0.44041032195091245,-0.04933682382106781,0.2985240757465363,0.4983088880777359,0.0464646115899086,0.5886202916502953,0.34030589163303376,0.6284206181764602
0.022375014424324036,-0.07152340114116669,-0.048089154064655304,0.5238485932350159,0.38588252663612366,0.17522236853837966,-0.19779130518436433,-0.27026565968990324
0.04634007066488266,-0.6776954531669617,0.6945573687553406,1.4001048803329468,-0.09639307111501694,0.18281348794698715,1.194762796163559,0.13363999128341675
-0.3720146914323171,1.4332242012023926,0.38223956028620404,0.5888493408759435,0.09458606938521068,-0.6972033878167471,-0.26698626577854156,0.6262609362602234
0.1864420361816883,-0.47350622341036797,-0.00039344653487205505,0.6062883883714676,0.522878747433424,0.2666532639414072,0.1631244644522667,-0.1095440648496151
0.1997543474038442,-0.6815272238519456,0.13471506701575386,0.48069166309303707,-0.07522123555342357,0.05853212376435598,0.0960647463798523,0.18735872705777487
0.29207881912589073,-0.49127331003546715,0.35800324007868767,0.7288681603968143,0.3537573330104351,-0.15139258839190006,0.4202890023589134,-0.457989614456892
0.12871237471699715,0.036047741770744324,-0.33430638164281845,0.4153965190052986,-0.3423684909939766,-0.4946982990950346,0.49755436554551125,0.0730857290327549
0.12871237471699715,0.036047741770744324,-0.33430638164281845,0.4153965190052986,-0.3423684909939766,-0.4946982990950346,0.49755436554551125,0.0730857290327549
0.12871237471699715,0.036047741770744324,-0.33430638164281845,0.4153965190052986,-0.3423684909939766,-0.4946982990950346,0.49755436554551125,0.0730857290327549
0.12871237471699715,0.036047741770744324,-0.33430638164281845,0.4153965190052986,-0.3423684909939766,-0.4946982990950346,0.49755436554551125,0.0730857290327549
0.10444861981603834,0.22623267769813538,0.270254072215822,-0.1649382644229465,0.2324934568670061,-0.012469756106535593,-0.05517689552572039,-0.11945987078878614
-0.13403582200407982,0.27998434379696846,0.6140949875116348,0.22807885706424713,-0.014332888647913933,-0.005401275120675564,-0.20077643729746342,0.12857749313116074
0.29207881912589073,-0.49127331003546715,0.35800324007868767,0.7288681603968143,0.3537573330104351,-0.15139258839190006,0.4202890023589134,-0.457989614456892
-0.356556037068367,-0.2114944040775299,0.16903416514396669,0.26989994645118714,-0.10712229311466218,0.11320945173501969,0.37086288034915926,0.4651791721582413
0.21922647101538523,-0.7096371650695801,0.3131473277296339,0.5904994798558099,-0.11550338140555791,0.19572550590549195,0.4654355262007032,0.24269030136721476
0.3657659242550532,-0.3922003557284673,0.494089017311732,0.12076689799626668,0.008687689900398254,0.38657209525505704,0.11168082058429718,-0.33576195935408276
-0.356556037068367,-0.2114944040775299,0.16903416514396669,0.26989994645118714,-0.10712229311466218,0.11320945173501969,0.37086288034915926,0.4651791721582413
0.21922647101538523,-0.7096371650695801,0.3131473277296339,0.5904994798558099,-0.11550338140555791,0.19572550590549195,0.4654355262007032,0.24269030136721476
0.12871237471699715,0.036047741770744324,-0.33430638164281845,0.4153965190052986,-0.3423684909939766,-0.4946982990950346,0.49755436554551125,0.0730857290327549
-0.356556037068367,-0.2114944040775299,0.16903416514396669,0.26989994645118714,-0.10712229311466218,0.11320945173501969,0.37086288034915926,0.4651791721582413
0.1353834867477417,-0.5921290516853333,0.25791490574677783,0.6836171845595042,-0.060126893222332,0.032673812160889305,0.36321896811326343,0.13022208462158838
-0.356556037068367,-0.2114944040775299,0.16903416514396669,0.26989994645118714,-0.10712229311466218,0.11320945173501969,0.37086288034915926,0.4651791721582413
-0.356556037068367,-0.2114944040775299,0.16903416514396669,0.26989994645118714,-0.10712229311466218,0.11320945173501969,0.37086288034915926,0.4651791721582413
0.1997543474038442,-0.6815272238519456,0.13471506701575386,0.48069166309303707,-0.07522123555342357,0.05853212376435598,0.0960647463798523,0.18735872705777487
0.29207881912589073,-0.49127331003546715,0.35800324007868767,0.7288681603968143,0.3537573330104351,-0.15139258839190006,0.4202890023589134,-0.457989614456892
0.12871237471699715,0.036047741770744324,-0.33430638164281845,0.4153965190052986,-0.3423684909939766,-0.4946982990950346,0.49755436554551125,0.0730857290327549
0.3514761733157294,-0.11563103646039963,0.05934306766305651,0.2917142851012094,0.35803383801664623,-0.26083372107573916,0.1086116795028959,0.43738751858472824
0.41430892050266266,0.033332335452238716,0.34966382881005603,-0.3369160667061806,-0.5100334137678146,0.1142098717391491,-0.3228054344654083,0.4422646885116895
0.052817055583000184,-0.03471187055110932,0.2758291751146317,0.5858582466840744,0.5170010477304459,0.6421891942620277,-0.24892403781414033,0.3864540696144104
-0.2998734513918559,0.21568627655506134,0.3049873361984889,0.27455415079991025,0.10736613223950069,0.010133267690738043,0.04373643050591151,0.07344912737607956
-0.2998734513918559,0.21568627655506134,0.3049873361984889,0.27455415079991025,0.10736613223950069,0.010133267690738043,0.04373643050591151,0.07344912737607956
-0.2998734513918559,0.21568627655506134,0.3049873361984889,0.27455415079991025,0.10736613223950069,0.010133267690738043,0.04373643050591151,0.07344912737607956
0.12871237471699715,0.036047741770744324,-0.33430638164281845,0.4153965190052986,-0.3423684909939766,-0.4946982990950346,0.49755436554551125,0.0730857290327549
0.12871237471699715,0.036047741770744324,-0.33430638164281845,0.4153965190052986,-0.3423684909939766,-0.4946982990950346,0.49755436554551125,0.0730857290327549
-0.2998734513918559,0.21568627655506134,0.3049873361984889,0.27455415079991025,0.10736613223950069,0.010133267690738043,0.04373643050591151,0.07344912737607956
-0.2998734513918559,0.21568627655506134,0.3049873361984889,0.27455415079991025,0.10736613223950069,0.010133267690738043,0.04373643050591151,0.07344912737607956
0.26020914018154145,-0.5239093750715256,0.05340917706489563,0.1048533409833908,0.02273230254650116,-0.16180563420057298,0.3732459217309952,-0.011659571528434753
0.1353834867477417,-0.5921290516853333,0.25791490574677783,0.6836171845595042,-0.060126893222332,0.032673812160889305,0.36321896811326343,0.13022208462158838
0.3176448221007983,-0.8415823678175608,0.32163242995738983,0.8433680633703867,-0.5100109602014223,-0.33310676986972493,-0.04297091066837311,0.08140408247709274
0.3176448221007983,-0.8415823678175608,0.32163242995738983,0.8433680633703867,-0.5100109602014223,-0.33310676986972493,-0.04297091066837311,0.08140408247709274
0.1353834867477417,-0.5921290516853333,0.25791490574677783,0.6836171845595042,-0.060126893222332,0.032673812160889305,0.36321896811326343,0.13022208462158838
-0.2998734513918559,0.21568627655506134,0.3049873361984889,0.27455415079991025,0.10736613223950069,0.010133267690738043,0.04373643050591151,0.07344912737607956
-0.2998734513918559,0.21568627655506134,0.3049873361984889,0.27455415079991025,0.10736613223950069,0.010133267690738043,0.04373643050591151,0.07344912737607956
0.26020914018154145,-0.5239093750715256,0.05340917706489563,0.1048533409833908,0.02273230254650116,-0.16180563420057298,0.3732459217309952,-0.011659571528434753
-0.16910630961259207,-0.18216059356927872,0.14112263917922974,0.5385319143533707,0.02514469375212987,0.24020147696137428,-0.08373628556728363,-0.020287375897169113
0.12871237471699715,0.036047741770744324,-0.33430638164281845,0.4153965190052986,-0.3423684909939766,-0.4946982990950346,0.49755436554551125,0.0730857290327549
0.12871237471699715,0.036047741770744324,-0.33430638164281845,0.4153965190052986,-0.3423684909939766,-0.4946982990950346,0.49755436554551125,0.0730857290327549
0.12871237471699715,0.036047741770744324,-0.33430638164281845,0.4153965190052986,-0.3423684909939766,-0.4946982990950346,0.49755436554551125,0.0730857290327549
-0.16910630961259207,-0.18216059356927872,0.14112263917922974,0.5385319143533707,0.02514469375212987,0.24020147696137428,-0.08373628556728363,-0.020287375897169113
-0.16910630961259207,-0.18216059356927872,0.14112263917922974,0.5385319143533707,0.02514469375212987,0.24020147696137428,-0.08373628556728363,-0.020287375897169113
0.1353834867477417,-0.5921290516853333,0.25791490574677783,0.6836171845595042,-0.060126893222332,0.032673812160889305,0.36321896811326343,0.13022208462158838
-0.2998734513918559,0.21568627655506134,0.3049873361984889,0.27455415079991025,0.10736613223950069,0.010133267690738043,0.04373643050591151,0.07344912737607956
-0.2998734513918559,0.21568627655506134,0.3049873361984889,0.27455415079991025,0.10736613223950069,0.010133267690738043,0.04373643050591151,0.07344912737607956
0.26020914018154145,-0.5239093750715256,0.05340917706489563,0.1048533409833908,0.02273230254650116,-0.16180563420057298,0.3732459217309952,-0.011659571528434753
0.12871237471699715,0.036047741770744324,-0.33430638164281845,0.4153965190052986,-0.3423684909939766,-0.4946982990950346,0.49755436554551125,0.0730857290327549
0.12871237471699715,0.036047741770744324,-0.33430638164281845,0.4153965190052986,-0.3423684909939766,-0.4946982990950346,0.49755436554551125,0.0730857290327549
0.12871237471699715,0.036047741770744324,-0.33430638164281845,0.4153965190052986,-0.3423684909939766,-0.4946982990950346,0.49755436554551125,0.0730857290327549
0.12871237471699715,0.036047741770744324,-0.33430638164281845,0.4153965190052986,-0.3423684909939766,-0.4946982990950346,0.49755436554551125,0.0730857290327549
0.12871237471699715,0.036047741770744324,-0.33430638164281845,0.4153965190052986,-0.3423684909939766,-0.4946982990950346,0.49755436554551125,0.0730857290327549
0.12871237471699715,0.036047741770744324,-0.33430638164281845,0.4153965190052986,-0.3423684909939766,-0.4946982990950346,0.49755436554551125,0.0730857290327549
0.12871237471699715,0.036047741770744324,-0.33430638164281845,0.4153965190052986,-0.3423684909939766,-0.4946982990950346,0.49755436554551125,0.0730857290327549
0.12871237471699715,0.036047741770744324,-0.33430638164281845,0.4153965190052986,-0.3423684909939766,-0.4946982990950346,0.49755436554551125,0.0730857290327549
0.12871237471699715,0.036047741770744324,-0.33430638164281845,0.4153965190052986,-0.3423684909939766,-0.4946982990950346,0.49755436554551125,0.0730857290327549
0.12871237471699715,0.036047741770744324,-0.33430638164281845,0.4153965190052986,-0.3423684909939766,-0.4946982990950346,0.49755436554551125,0.0730857290327549
0.12871237471699715,0.036047741770744324,-0.33430638164281845,0.4153965190052986,-0.3423684909939766,-0.4946982990950346,0.49755436554551125,0.0730857290327549
0.12871237471699715,0.036047741770744324,-0.33430638164281845,0.4153965190052986,-0.3423684909939766,-0.4946982990950346,0.49755436554551125,0.0730857290327549
0.04418818652629852,0.09873931854963303,0.46179162462552387,0.2409907653927803,0.21328291296958923,-0.22411412124832472,-0.08644341180721919,-0.24023475994666418
0.04418818652629852,0.09873931854963303,0.46179162462552387,0.2409907653927803,0.21328291296958923,-0.22411412124832472,-0.08644341180721919,-0.24023475994666418
0.04418818652629852,0.09873931854963303,0.46179162462552387,0.2409907653927803,0.21328291296958923,-0.22411412124832472,-0.08644341180721919,-0.24023475994666418
0.04418818652629852,0.09873931854963303,0.46179162462552387,0.2409907653927803,0.21328291296958923,-0.22411412124832472,-0.08644341180721919,-0.24023475994666418
0.11576929357316759,0.1991096105840471,0.4791083104080624,0.18009863959418404,0.26843424803680843,0.038161082400216,-0.03323680327998267,-0.26026883721351624
-0.5990318655967712,-0.21910410267966135,-0.31245636088507517,0.02658805251121521,-0.11291090292590004,0.07738580874034337,0.5729923077992031,0.8111051619052887
0.11576929357316759,0.1991096105840471,0.4791083104080624,0.18009863959418404,0.26843424803680843,0.038161082400216,-0.03323680327998267,-0.26026883721351624
-0.2998734513918559,0.21568627655506134,0.3049873361984889,0.27455415079991025,0.10736613223950069,0.010133267690738043,0.04373643050591151,0.07344912737607956
-0.2998734513918559,0.21568627655506134,0.3049873361984889,0.27455415079991025,0.10736613223950069,0.010133267690738043,0.04373643050591151,0.07344912737607956
-0.2998734513918559,0.21568627655506134,0.3049873361984889,0.27455415079991025,0.10736613223950069,0.010133267690738043,0.04373643050591151,0.07344912737607956
0.12871237471699715,0.036047741770744324,-0.33430638164281845,0.4153965190052986,-0.3423684909939766,-0.4946982990950346,0.49755436554551125,0.0730857290327549
0.12871237471699715,0.036047741770744324,-0.33430638164281845,0.4153965190052986,-0.3423684909939766,-0.4946982990950346,0.49755436554551125,0.0730857290327549
-0.2998734513918559,0.21568627655506134,0.3049873361984889,0.27455415079991025,0.10736613223950069,0.010133267690738043,0.04373643050591151,0.07344912737607956
-0.2998734513918559,0.21568627655506134,0.3049873361984889,0.27455415079991025,0.10736613223950069,0.010133267690738043,0.04373643050591151,0.07344912737607956
0.26020914018154145,-0.5239093750715256,0.05340917706489563,0.1048533409833908,0.02273230254650116,-0.16180563420057298,0.3732459217309952,-0.011659571528434753
0.1353834867477417,-0.5921290516853333,0.25791490574677783,0.6836171845595042,-0.060126893222332,0.032673812160889305,0.36321896811326343,0.13022208462158838
0.3176448221007983,-0.8415823678175608,0.32163242995738983,0.8433680633703867,-0.5100109602014223,-0.33310676986972493,-0.04297091066837311,0.08140408247709274
0.3176448221007983,-0.8415823678175608,0.32163242995738983,0.8433680633703867,-0.5100109602014223,-0.33310676986972493,-0.04297091066837311,0.08140408247709274
-0.2998734513918559,0.21568627655506134,0.3049873361984889,0.27455415079991025,0.10736613223950069,0.010133267690738043,0.04373643050591151,0.07344912737607956
-0.2998734513918559,0.21568627655506134,0.3049873361984889,0.27455415079991025,0.10736613223950069,0.010133267690738043,0.04373643050591151,0.07344912737607956
0.26020914018154145,-0.5239093750715256,0.05340917706489563,0.1048533409833908,0.02273230254650116,-0.16180563420057298,0.3732459217309952,-0.011659571528434753
0.1353834867477417,-0.5921290516853333,0.25791490574677783,0.6836171845595042,-0.060126893222332,0.032673812160889305,0.36321896811326343,0.13022208462158838
0.1997543474038442,-0.6815272238519456,0.13471506701575386,0.48069166309303707,-0.07522123555342357,0.05853212376435598,0.0960647463798523,0.18735872705777487
0.29207881912589073,-0.49127331003546715,0.35800324007868767,0.7288681603968143,0.3537573330104351,-0.15139258839190006,0.4202890023589134,-0.457989614456892
0.12871237471699715,0.036047741770744324,-0.33430638164281845,0.4153965190052986,-0.3423684909939766,-0.4946982990950346,0.49755436554551125,0.0730857290327549
-0.0795653909444809,0.12746907770633698,0.4332788536945979,-0.1253290507528517,0.5362429254584842,0.06202124721474118,-0.18471724622779423,-0.2644536594549815
0.12871237471699715,0.036047741770744324,-0.33430638164281845,0.4153965190052986,-0.3423684909939766,-0.4946982990950346,0.49755436554551125,0.0730857290327549
0.12871237471699715,0.036047741770744324,-0.33430638164281845,0.4153965190052986,-0.3423684909939766,-0.4946982990950346,0.49755436554551125,0.0730857290327549
0.12871237471699715,0.036047741770744324,-0.33430638164281845,0.4153965190052986,-0.3423684909939766,-0.4946982990950346,0.49755436554551125,0.0730857290327549
-0.4495236426591873,-0.2285228818655014,0.07830297350883483,-0.5532841473817826,0.47135513424873354,0.2217530518770218,-0.016314113140106203,0.5374780327081681
0.12871237471699715,0.036047741770744324,-0.33430638164281845,0.4153965190052986,-0.3423684909939766,-0.4946982990950346,0.49755436554551125,0.0730857290327549
0.12871237471699715,0.036047741770744324,-0.33430638164281845,0.4153965190052986,-0.3423684909939766,-0.4946982990950346,0.49755436554551125,0.0730857290327549
0.7779410779476166,0.5511933863162994,0.21106838434934616,0.5995280295610428,1.2443957850337029,-0.1249241977930069,-0.1949780061841011,0.5109774768352509
0.7779410779476166,0.5511933863162994,0.21106838434934616,0.5995280295610428,1.2443957850337029,-0.1249241977930069,-0.1949780061841011,0.5109774768352509
0.7779410779476166,0.5511933863162994,0.21106838434934616,0.5995280295610428,1.2443957850337029,-0.1249241977930069,-0.1949780061841011,0.5109774768352509
0.7779410779476166,0.5511933863162994,0.21106838434934616,0.5995280295610428,1.2443957850337029,-0.1249241977930069,-0.1949780061841011,0.5109774768352509
0.5554018646478653,-0.5856941908597946,0.005196574330329895,0.26842325925827026,-0.7386188179254531,0.059912662208080295,0.1607131063938141,0.1906512498855591
0.7779410779476166,0.5511933863162994,0.21106838434934616,0.5995280295610428,1.2443957850337029,-0.1249241977930069,-0.1949780061841011,0.5109774768352509
0.5554018646478653,-0.5856941908597946,0.005196574330329895,0.26842325925827026,-0.7386188179254531,0.059912662208080295,0.1607131063938141,0.1906512498855591
0.7779410779476166,0.5511933863162994,0.21106838434934616,0.5995280295610428,1.2443957850337029,-0.1249241977930069,-0.1949780061841011,0.5109774768352509
0.23253928497433662,-0.3621346168220043,0.3528900779783726,0.31901799887418747,-0.07058506458997726,0.23175178654491901,0.5189118720591068,-0.07166528701782227
0.23253928497433662,-0.3621346168220043,0.3528900779783726,0.31901799887418747,-0.07058506458997726,0.23175178654491901,0.5189118720591068,-0.07166528701782227
0.7779410779476166,0.5511933863162994,0.21106838434934616,0.5995280295610428,1.2443957850337029,-0.1249241977930069,-0.1949780061841011,0.5109774768352509
0.23253928497433662,-0.3621346168220043,0.3528900779783726,0.31901799887418747,-0.07058506458997726,0.23175178654491901,0.5189118720591068,-0.07166528701782227
0.7779410779476166,0.5511933863162994,0.21106838434934616,0.5995280295610428,1.2443957850337029,-0.1249241977930069,-0.1949780061841011,0.5109774768352509
0.5554018646478653,-0.5856941908597946,0.005196574330329895,0.26842325925827026,-0.7386188179254531,0.059912662208080295,0.1607131063938141,0.1906512498855591
0.7779410779476166,0.5511933863162994,0.21106838434934616,0.5995280295610428,1.2443957850337029,-0.1249241977930069,-0.1949780061841011,0.5109774768352509
0.7779410779476166,0.5511933863162994,0.21106838434934616,0.5995280295610428,1.2443957850337029,-0.1249241977930069,-0.1949780061841011,0.5109774768352509
0.7779410779476166,0.5511933863162994,0.21106838434934616,0.5995280295610428,1.2443957850337029,-0.1249241977930069,-0.1949780061841011,0.5109774768352509
0.7779410779476166,0.5511933863162994,0.21106838434934616,0.5995280295610428,1.2443957850337029,-0.1249241977930069,-0.1949780061841011,0.5109774768352509
0.7779410779476166,0.5511933863162994,0.21106838434934616,0.5995280295610428,1.2443957850337029,-0.1249241977930069,-0.1949780061841011,0.5109774768352509
0.7779410779476166,0.5511933863162994,0.21106838434934616,0.5995280295610428,1.2443957850337029,-0.1249241977930069,-0.1949780061841011,0.5109774768352509
0.7779410779476166,0.5511933863162994,0.21106838434934616,0.5995280295610428,1.2443957850337029,-0.1249241977930069,-0.1949780061841011,0.5109774768352509
0.7779410779476166,0.5511933863162994,0.21106838434934616,0.5995280295610428,1.2443957850337029,-0.1249241977930069,-0.1949780061841011,0.5109774768352509
0.7779410779476166,0.5511933863162994,0.21106838434934616,0.5995280295610428,1.2443957850337029,-0.1249241977930069,-0.1949780061841011,0.5109774768352509
0.7779410779476166,0.5511933863162994,0.21106838434934616,0.5995280295610428,1.2443957850337029,-0.1249241977930069,-0.1949780061841011,0.5109774768352509
0.7779410779476166,0.5511933863162994,0.21106838434934616,0.5995280295610428,1.2443957850337029,-0.1249241977930069,-0.1949780061841011,0.5109774768352509
0.7779410779476166,0.5511933863162994,0.21106838434934616,0.5995280295610428,1.2443957850337029,-0.1249241977930069,-0.1949780061841011,0.5109774768352509
0.7779410779476166,0.5511933863162994,0.21106838434934616,0.5995280295610428,1.2443957850337029,-0.1249241977930069,-0.1949780061841011,0.5109774768352509
0.7779410779476166,0.5511933863162994,0.21106838434934616,0.5995280295610428,1.2443957850337029,-0.1249241977930069,-0.1949780061841011,0.5109774768352509
0.7779410779476166,0.5511933863162994,0.21106838434934616,0.5995280295610428,1.2443957850337029,-0.1249241977930069,-0.1949780061841011,0.5109774768352509
0.7779410779476166,0.5511933863162994,0.21106838434934616,0.5995280295610428,1.2443957850337029,-0.1249241977930069,-0.1949780061841011,0.5109774768352509
0.7779410779476166,0.5511933863162994,0.21106838434934616,0.5995280295610428,1.2443957850337029,-0.1249241977930069,-0.1949780061841011,0.5109774768352509
0.7779410779476166,0.5511933863162994,0.21106838434934616,0.5995280295610428,1.2443957850337029,-0.1249241977930069,-0.1949780061841011,0.5109774768352509
0.7779410779476166,0.5511933863162994,0.21106838434934616,0.5995280295610428,1.2443957850337029,-0.1249241977930069,-0.1949780061841011,0.5109774768352509
0.7779410779476166,0.5511933863162994,0.21106838434934616,0.5995280295610428,1.2443957850337029,-0.1249241977930069,-0.1949780061841011,0.5109774768352509
0.7779410779476166,0.5511933863162994,0.21106838434934616,0.5995280295610428,1.2443957850337029,-0.1249241977930069,-0.1949780061841011,0.5109774768352509
0.7779410779476166,0.5511933863162994,0.21106838434934616,0.5995280295610428,1.2443957850337029,-0.1249241977930069,-0.1949780061841011,0.5109774768352509
0.7779410779476166,0.5511933863162994,0.21106838434934616,0.5995280295610428,1.2443957850337029,-0.1249241977930069,-0.1949780061841011,0.5109774768352509
0.7779410779476166,0.5511933863162994,0.21106838434934616,0.5995280295610428,1.2443957850337029,-0.1249241977930069,-0.1949780061841011,0.5109774768352509
0.7779410779476166,0.5511933863162994,0.21106838434934616,0.5995280295610428,1.2443957850337029,-0.1249241977930069,-0.1949780061841011,0.5109774768352509
0.7779410779476166,0.5511933863162994,0.21106838434934616,0.5995280295610428,1.2443957850337029,-0.1249241977930069,-0.1949780061841011,0.5109774768352509
0.7779410779476166,0.5511933863162994,0.21106838434934616,0.5995280295610428,1.2443957850337029,-0.1249241977930069,-0.1949780061841011,0.5109774768352509
0.7779410779476166,0.5511933863162994,0.21106838434934616,0.5995280295610428,1.2443957850337029,-0.1249241977930069,-0.1949780061841011,0.5109774768352509
0.6487394757568836,-0.4554799608886242,0.25547417625784874,0.4807528778910637,-0.17761687189340591,-0.15826296247541904,0.2893318310379982,0.1545314285904169
0.7779410779476166,0.5511933863162994,0.21106838434934616,0.5995280295610428,1.2443957850337029,-0.1249241977930069,-0.1949780061841011,0.5109774768352509
0.7779410779476166,0.5511933863162994,0.21106838434934616,0.5995280295610428,1.2443957850337029,-0.1249241977930069,-0.1949780061841011,0.5109774768352509
0.7779410779476166,0.5511933863162994,0.21106838434934616,0.5995280295610428,1.2443957850337029,-0.1249241977930069,-0.1949780061841011,0.5109774768352509
0.7779410779476166,0.5511933863162994,0.21106838434934616,0.5995280295610428,1.2443957850337029,-0.1249241977930069,-0.1949780061841011,0.5109774768352509
0.7779410779476166,0.5511933863162994,0.21106838434934616,0.5995280295610428,1.2443957850337029,-0.1249241977930069,-0.1949780061841011,0.5109774768352509
0.7779410779476166,0.5511933863162994,0.21106838434934616,0.5995280295610428,1.2443957850337029,-0.1249241977930069,-0.1949780061841011,0.5109774768352509
0.7779410779476166,0.5511933863162994,0.21106838434934616,0.5995280295610428,1.2443957850337029,-0.1249241977930069,-0.1949780061841011,0.5109774768352509
0.6487394757568836,-0.4554799608886242,0.25547417625784874,0.4807528778910637,-0.17761687189340591,-0.15826296247541904,0.2893318310379982,0.1545314285904169
0.15638932287693025,0.007348671555519104,0.510958018898964,-0.32863231301307677,-0.06638992875814438,0.024562202394008636,0.04349242001771927,0.752149498462677
0.6487394757568836,-0.4554799608886242,0.25547417625784874,0.4807528778910637,-0.17761687189340591,-0.15826296247541904,0.2893318310379982,0.1545314285904169
0.15638932287693025,0.007348671555519104,0.510958018898964,-0.32863231301307677,-0.06638992875814438,0.024562202394008636,0.04349242001771927,0.752149498462677
-0.0032779042209897724,0.0538736241204398,0.06713272844042097,0.7634533217975071,-0.11143989648137774,1.0216523494039262,0.09805800233568464,-0.07893492920058114
0.15638932287693025,0.007348671555519104,0.510958018898964,-0.32863231301307677,-0.06638992875814438,0.024562202394008636,0.04349242001771927,0.752149498462677
-0.0032779042209897724,0.0538736241204398,0.06713272844042097,0.7634533217975071,-0.11143989648137774,1.0216523494039262,0.09805800233568464,-0.07893492920058114
0.7779410779476166,0.5511933863162994,0.21106838434934616,0.5995280295610428,1.2443957850337029,-0.1249241977930069,-0.1949780061841011,0.5109774768352509
0.7779410779476166,0.5511933863162994,0.21106838434934616,0.5995280295610428,1.2443957850337029,-0.1249241977930069,-0.1949780061841011,0.5109774768352509
0.6487394757568836,-0.4554799608886242,0.25547417625784874,0.4807528778910637,-0.17761687189340591,-0.15826296247541904,0.2893318310379982,0.1545314285904169
0.7779410779476166,0.5511933863162994,0.21106838434934616,0.5995280295610428,1.2443957850337029,-0.1249241977930069,-0.1949780061841011,0.5109774768352509
0.7779410779476166,0.5511933863162994,0.21106838434934616,0.5995280295610428,1.2443957850337029,-0.1249241977930069,-0.1949780061841011,0.5109774768352509
0.6487394757568836,-0.4554799608886242,0.25547417625784874,0.4807528778910637,-0.17761687189340591,-0.15826296247541904,0.2893318310379982,0.1545314285904169
0.1997543474038442,-0.6815272238519456,0.13471506701575386,0.48069166309303707,-0.07522123555342357,0.05853212376435598,0.0960647463798523,0.18735872705777487
0.5554018646478653,-0.5856941908597946,0.005196574330329895,0.26842325925827026,-0.7386188179254531,0.059912662208080295,0.1607131063938141,0.1906512498855591
0.5554018646478653,-0.5856941908597946,0.005196574330329895,0.26842325925827026,-0.7386188179254531,0.059912662208080295,0.1607131063938141,0.1906512498855591
0.5554018646478653,-0.5856941908597946,0.005196574330329895,0.26842325925827026,-0.7386188179254531,0.059912662208080295,0.1607131063938141,0.1906512498855591
-0.0032779042209897724,0.0538736241204398,0.06713272844042097,0.7634533217975071,-0.11143989648137774,1.0216523494039262,0.09805800233568464,-0.07893492920058114
-0.5561480075120926,-1.284817397594452,0.8076116740703583,0.522229015827179,-0.27841950207948685,-0.8294251337647438,0.7168572247028351,0.1014123260974884
0.43136070668697357,-0.7882112264633179,0.08983871340751648,1.9350292086601257,-0.5121909379959106,0.09290464967489243,0.19864360243082047,0.11833852529525757
0.9754951894283295,-1.0872263014316559,0.4156070649623871,0.24948646128177643,0.7688548490405083,-0.9393855258822441,0.6676954552531242,0.48409754037857056
-0.7763549983501434,-0.9882685840129852,1.3979442417621613,-0.444086953997612,0.35270681232213974,0.7667168453335762,0.49365144222974777,0.6168960332870483
0.3296269476413727,-0.27219872921705246,-0.4980452358722687,-0.34815095365047455,-0.19445885717868805,0.14907769113779068,0.14554020017385483,0.2930651232600212
-0.7763549983501434,-0.9882685840129852,1.3979442417621613,-0.444086953997612,0.35270681232213974,0.7667168453335762,0.49365144222974777,0.6168960332870483
-0.7763549983501434,-0.9882685840129852,1.3979442417621613,-0.444086953997612,0.35270681232213974,0.7667168453335762,0.49365144222974777,0.6168960332870483
0.1247287280857563,0.020133081823587418,0.40341027826070786,0.34783635661005974,-0.42199357599020004,0.4969923812896013,0.11581714451313019,-0.25269175693392754
-0.1816264142592748,-0.02621719737847646,0.48475878437360126,-0.19634410738945007,-0.4985476831595103,0.2614505315820376,-0.024778306484222412,0.17538103461265564
-0.1816264142592748,-0.02621719737847646,0.48475878437360126,-0.19634410738945007,-0.4985476831595103,0.2614505315820376,-0.024778306484222412,0.17538103461265564
0.22728381554285684,0.08523232489824295,-0.10661719739437103,0.14590827624003092,0.3570037434498469,0.10645875955621402,0.018795480330785114,0.27734165638685226
0.11685304509268866,-0.05379370848337809,0.29954973691039616,0.14928002655506134,-0.14730827344788444,0.44251100056701237,-0.33776221838262344,0.5575117427441809
0.5394120166699091,0.6167123715082804,-0.6345258206129074,1.128328561782837,-0.70678182442983,0.7446461717287699,1.2493480642636616,0.11413298050562541
0.1997543474038442,-0.6815272238519456,0.13471506701575386,0.48069166309303707,-0.07522123555342357,0.05853212376435598,0.0960647463798523,0.18735872705777487
0.12871237471699715,0.036047741770744324,-0.33430638164281845,0.4153965190052986,-0.3423684909939766,-0.4946982990950346,0.49755436554551125,0.0730857290327549
0.5394120166699091,0.6167123715082804,-0.6345258206129074,1.128328561782837,-0.70678182442983,0.7446461717287699,1.2493480642636616,0.11413298050562541
0.5394120166699091,0.6167123715082804,-0.6345258206129074,1.128328561782837,-0.70678182442983,0.7446461717287699,1.2493480642636616,0.11413298050562541
0.5394120166699091,0.6167123715082804,-0.6345258206129074,1.128328561782837,-0.70678182442983,0.7446461717287699,1.2493480642636616,0.11413298050562541
0.2344474419951439,0.2760263495147228,-0.20736941881477833,0.056614698842167854,0.27849756367504597,0.5463885646313429,0.154422914609313,0.09738182183355093
0.5394120166699091,0.6167123715082804,-0.6345258206129074,1.128328561782837,-0.70678182442983,0.7446461717287699,1.2493480642636616,0.11413298050562541
0.5394120166699091,0.6167123715082804,-0.6345258206129074,1.128328561782837,-0.70678182442983,0.7446461717287699,1.2493480642636616,0.11413298050562541
0.11685304509268866,-0.05379370848337809,0.29954973691039616,0.14928002655506134,-0.14730827344788444,0.44251100056701237,-0.33776221838262344,0.5575117427441809
0.5394120166699091,0.6167123715082804,-0.6345258206129074,1.128328561782837,-0.70678182442983,0.7446461717287699,1.2493480642636616,0.11413298050562541
0.2344474419951439,0.2760263495147228,-0.20736941881477833,0.056614698842167854,0.27849756367504597,0.5463885646313429,0.154422914609313,0.09738182183355093
0.5394120166699091,0.6167123715082804,-0.6345258206129074,1.128328561782837,-0.70678182442983,0.7446461717287699,1.2493480642636616,0.11413298050562541
0.5394120166699091,0.6167123715082804,-0.6345258206129074,1.128328561782837,-0.70678182442983,0.7446461717287699,1.2493480642636616,0.11413298050562541
0.5394120166699091,0.6167123715082804,-0.6345258206129074,1.128328561782837,-0.70678182442983,0.7446461717287699,1.2493480642636616,0.11413298050562541
0.11685304509268866,-0.05379370848337809,0.29954973691039616,0.14928002655506134,-0.14730827344788444,0.44251100056701237,-0.33776221838262344,0.5575117427441809
0.5394120166699091,0.6167123715082804,-0.6345258206129074,1.128328561782837,-0.70678182442983,0.7446461717287699,1.2493480642636616,0.11413298050562541
0.11685304509268866,-0.05379370848337809,0.29954973691039616,0.14928002655506134,-0.14730827344788444,0.44251100056701237,-0.33776221838262344,0.5575117427441809
-0.007940337061882019,-0.31717347726225853,0.23998690396547318,0.2724579647183418,-0.005390666425228119,0.281684847548604,-0.15159999951720238,0.014198008924722672
0.5394120166699091,0.6167123715082804,-0.6345258206129074,1.128328561782837,-0.70678182442983,0.7446461717287699,1.2493480642636616,0.11413298050562541
0.5394120166699091,0.6167123715082804,-0.6345258206129074,1.128328561782837,-0.70678182442983,0.7446461717287699,1.2493480642636616,0.11413298050562541
0.2344474419951439,0.2760263495147228,-0.20736941881477833,0.056614698842167854,0.27849756367504597,0.5463885646313429,0.154422914609313,0.09738182183355093
0.5394120166699091,0.6167123715082804,-0.6345258206129074,1.128328561782837,-0.70678182442983,0.7446461717287699,1.2493480642636616,0.11413298050562541
0.11685304509268866,-0.05379370848337809,0.29954973691039616,0.14928002655506134,-0.14730827344788444,0.44251100056701237,-0.33776221838262344,0.5575117427441809
0.5394120166699091,0.6167123715082804,-0.6345258206129074,1.128328561782837,-0.70678182442983,0.7446461717287699,1.2493480642636616,0.11413298050562541
0.2344474419951439,0.2760263495147228,-0.20736941881477833,0.056614698842167854,0.27849756367504597,0.5463885646313429,0.154422914609313,0.09738182183355093
0.5394120166699091,0.6167123715082804,-0.6345258206129074,1.128328561782837,-0.70678182442983,0.7446461717287699,1.2493480642636616,0.11413298050562541
0.5394120166699091,0.6167123715082804,-0.6345258206129074,1.128328561782837,-0.70678182442983,0.7446461717287699,1.2493480642636616,0.11413298050562541
0.5394120166699091,0.6167123715082804,-0.6345258206129074,1.128328561782837,-0.70678182442983,0.7446461717287699,1.2493480642636616,0.11413298050562541
-0.007940337061882019,-0.31717347726225853,0.23998690396547318,0.2724579647183418,-0.005390666425228119,0.281684847548604,-0.15159999951720238,0.014198008924722672
0.5394120166699091,0.6167123715082804,-0.6345258206129074,1.128328561782837,-0.70678182442983,0.7446461717287699,1.2493480642636616,0.11413298050562541
-0.007940337061882019,-0.31717347726225853,0.23998690396547318,0.2724579647183418,-0.005390666425228119,0.281684847548604,-0.15159999951720238,0.014198008924722672
0.5394120166699091,0.6167123715082804,-0.6345258206129074,1.128328561782837,-0.70678182442983,0.7446461717287699,1.2493480642636616,0.11413298050562541
-0.08882714435458183,0.4022197611629963,-0.11476659029722214,0.10851193219423294,0.7035799436271191,0.039389124140143394,-0.15540331229567528,0.20877394825220108
0.11864054948091507,-0.29128147289156914,0.3357173427939415,-0.07269053906202316,0.04675918072462082,-0.3627855461090803,-0.30748147144913673,0.2712681256234646
0.5394120166699091,0.6167123715082804,-0.6345258206129074,1.128328561782837,-0.70678182442983,0.7446461717287699,1.2493480642636616,0.11413298050562541
0.5394120166699091,0.6167123715082804,-0.6345258206129074,1.128328561782837,-0.70678182442983,0.7446461717287699,1.2493480642636616,0.11413298050562541
0.5394120166699091,0.6167123715082804,-0.6345258206129074,1.128328561782837,-0.70678182442983,0.7446461717287699,1.2493480642636616,0.11413298050562541
0.22728381554285684,0.08523232489824295,-0.10661719739437103,0.14590827624003092,0.3570037434498469,0.10645875955621402,0.018795480330785114,0.27734165638685226
0.5394120166699091,0.6167123715082804,-0.6345258206129074,1.128328561782837,-0.70678182442983,0.7446461717287699,1.2493480642636616,0.11413298050562541
0.5394120166699091,0.6167123715082804,-0.6345258206129074,1.128328561782837,-0.70678182442983,0.7446461717287699,1.2493480642636616,0.11413298050562541
-0.007940337061882019,-0.31717347726225853,0.23998690396547318,0.2724579647183418,-0.005390666425228119,0.281684847548604,-0.15159999951720238,0.014198008924722672
0.14701604843139648,0.0016693361103534698,0.39661892503499985,0.08038073033094406,0.14881382510066032,-0.10541645996272564,-0.3916950784623623,0.04980013519525528
-0.007940337061882019,-0.31717347726225853,0.23998690396547318,0.2724579647183418,-0.005390666425228119,0.281684847548604,-0.15159999951720238,0.014198008924722672
-0.007940337061882019,-0.31717347726225853,0.23998690396547318,0.2724579647183418,-0.005390666425228119,0.281684847548604,-0.15159999951720238,0.014198008924722672
-0.007940337061882019,-0.31717347726225853,0.23998690396547318,0.2724579647183418,-0.005390666425228119,0.281684847548604,-0.15159999951720238,0.014198008924722672
0.5394120166699091,0.6167123715082804,-0.6345258206129074,1.128328561782837,-0.70678182442983,0.7446461717287699,1.2493480642636616,0.11413298050562541
-0.007940337061882019,-0.31717347726225853,0.23998690396547318,0.2724579647183418,-0.005390666425228119,0.281684847548604,-0.15159999951720238,0.014198008924722672
-0.007940337061882019,-0.31717347726225853,0.23998690396547318,0.2724579647183418,-0.005390666425228119,0.281684847548604,-0.15159999951720238,0.014198008924722672
-0.007940337061882019,-0.31717347726225853,0.23998690396547318,0.2724579647183418,-0.005390666425228119,0.281684847548604,-0.15159999951720238,0.014198008924722672
0.5394120166699091,0.6167123715082804,-0.6345258206129074,1.128328561782837,-0.70678182442983,0.7446461717287699,1.2493480642636616,0.11413298050562541
0.5394120166699091,0.6167123715082804,-0.6345258206129074,1.128328561782837,-0.70678182442983,0.7446461717287699,1.2493480642636616,0.11413298050562541
0.5394120166699091,0.6167123715082804,-0.6345258206129074,1.128328561782837,-0.70678182442983,0.7446461717287699,1.2493480642636616,0.11413298050562541
0.5394120166699091,0.6167123715082804,-0.6345258206129074,1.128328561782837,-0.70678182442983,0.7446461717287699,1.2493480642636616,0.11413298050562541
0.22728381554285684,0.08523232489824295,-0.10661719739437103,0.14590827624003092,0.3570037434498469,0.10645875955621402,0.018795480330785114,0.27734165638685226
0.5394120166699091,0.6167123715082804,-0.6345258206129074,1.128328561782837,-0.70678182442983,0.7446461717287699,1.2493480642636616,0.11413298050562541
0.11864054948091507,-0.29128147289156914,0.3357173427939415,-0.07269053906202316,0.04675918072462082,-0.3627855461090803,-0.30748147144913673,0.2712681256234646
0.14701604843139648,0.0016693361103534698,0.39661892503499985,0.08038073033094406,0.14881382510066032,-0.10541645996272564,-0.3916950784623623,0.04980013519525528
0.5394120166699091,0.6167123715082804,-0.6345258206129074,1.128328561782837,-0.70678182442983,0.7446461717287699,1.2493480642636616,0.11413298050562541
0.5394120166699091,0.6167123715082804,-0.6345258206129074,1.128328561782837,-0.70678182442983,0.7446461717287699,1.2493480642636616,0.11413298050562541
-0.08882714435458183,0.4022197611629963,-0.11476659029722214,0.10851193219423294,0.7035799436271191,0.039389124140143394,-0.15540331229567528,0.20877394825220108
0.5394120166699091,0.6167123715082804,-0.6345258206129074,1.128328561782837,-0.70678182442983,0.7446461717287699,1.2493480642636616,0.11413298050562541
0.5394120166699091,0.6167123715082804,-0.6345258206129074,1.128328561782837,-0.70678182442983,0.7446461717287699,1.2493480642636616,0.11413298050562541
0.5394120166699091,0.6167123715082804,-0.6345258206129074,1.128328561782837,-0.70678182442983,0.7446461717287699,1.2493480642636616,0.11413298050562541
0.5394120166699091,0.6167123715082804,-0.6345258206129074,1.128328561782837,-0.70678182442983,0.7446461717287699,1.2493480642636616,0.11413298050562541
0.5394120166699091,0.6167123715082804,-0.6345258206129074,1.128328561782837,-0.70678182442983,0.7446461717287699,1.2493480642636616,0.11413298050562541
0.3724556118249893,-0.008811116218566895,1.1831117272377014,0.6821476221084595,0.14964908361434937,-0.03170916810631752,0.21161334961652756,-0.6375971436500549
0.5394120166699091,0.6167123715082804,-0.6345258206129074,1.128328561782837,-0.70678182442983,0.7446461717287699,1.2493480642636616,0.11413298050562541
0.4167082839541965,0.3775642861922582,0.7007170286443498,0.24407748712433708,-0.0969363699356715,0.6537695700923601,0.09818024933338165,0.043222587969568044
0.4347572674353917,-0.5122662335634232,-0.03544540206591288,0.566407784819603,-0.13051695128281912,0.4080833320816358,0.48594199617703754,-0.021896138787269592
0.4347572674353917,-0.5122662335634232,-0.03544540206591288,0.566407784819603,-0.13051695128281912,0.4080833320816358,0.48594199617703754,-0.021896138787269592
0.36069306544959545,0.16388707794249058,0.4300011582672596,0.36678312346339226,0.03685665689408779,0.32970838341861963,-0.0921909548342228,-0.42281713150441647
0.5394120166699091,0.6167123715082804,-0.6345258206129074,1.128328561782837,-0.70678182442983,0.7446461717287699,1.2493480642636616,0.11413298050562541
-0.31489749252796173,0.02923143406709035,0.6017361283302307,0.24776230421331194,0.3362129264407688,0.44484423100948334,0.3089376903242535,-0.0655733777417077
0.3975086994469166,-0.03797673247754574,0.5830120705068111,0.2215263433754444,-0.10677283070981503,0.4761465275660157,-0.3220853768289089,-0.5904433112591505
0.5394120166699091,0.6167123715082804,-0.6345258206129074,1.128328561782837,-0.70678182442983,0.7446461717287699,1.2493480642636616,0.11413298050562541
-0.1816264142592748,-0.02621719737847646,0.48475878437360126,-0.19634410738945007,-0.4985476831595103,0.2614505315820376,-0.024778306484222412,0.17538103461265564
-0.1816264142592748,-0.02621719737847646,0.48475878437360126,-0.19634410738945007,-0.4985476831595103,0.2614505315820376,-0.024778306484222412,0.17538103461265564
0.5394120166699091,0.6167123715082804,-0.6345258206129074,1.128328561782837,-0.70678182442983,0.7446461717287699,1.2493480642636616,0.11413298050562541
-0.4258598774671555,0.19445454180240632,0.08871288895606995,0.1030761182308197,-0.009960958361625671,0.49456220418214797,0.16219741404056548,-0.10652565062046052
0.20348990261554717,-0.011002755165100098,-0.2903886526823044,-0.1420787453651428,0.11213700175285339,-0.11460598409175873,0.5198272347450257,0.20190577059984208
0.20348990261554717,-0.011002755165100098,-0.2903886526823044,-0.1420787453651428,0.11213700175285339,-0.11460598409175873,0.5198272347450257,0.20190577059984208
0.20348990261554717,-0.011002755165100098,-0.2903886526823044,-0.1420787453651428,0.11213700175285339,-0.11460598409175873,0.5198272347450257,0.20190577059984208
0.5394120166699091,0.6167123715082804,-0.6345258206129074,1.128328561782837,-0.70678182442983,0.7446461717287699,1.2493480642636616,0.11413298050562541
0.20348990261554717,-0.011002755165100098,-0.2903886526823044,-0.1420787453651428,0.11213700175285339,-0.11460598409175873,0.5198272347450257,0.20190577059984208
0.20348990261554717,-0.011002755165100098,-0.2903886526823044,-0.1420787453651428,0.11213700175285339,-0.11460598409175873,0.5198272347450257,0.20190577059984208
-0.4258598774671555,0.19445454180240632,0.08871288895606995,0.1030761182308197,-0.009960958361625671,0.49456220418214797,0.16219741404056548,-0.10652565062046052
0.20348990261554717,-0.011002755165100098,-0.2903886526823044,-0.1420787453651428,0.11213700175285339,-0.11460598409175873,0.5198272347450257,0.20190577059984208
0.20348990261554717,-0.011002755165100098,-0.2903886526823044,-0.1420787453651428,0.11213700175285339,-0.11460598409175873,0.5198272347450257,0.20190577059984208
0.20348990261554717,-0.011002755165100098,-0.2903886526823044,-0.1420787453651428,0.11213700175285339,-0.11460598409175873,0.5198272347450257,0.20190577059984208
0.20348990261554717,-0.011002755165100098,-0.2903886526823044,-0.1420787453651428,0.11213700175285339,-0.11460598409175873,0.5198272347450257,0.20190577059984208
0.5394120166699091,0.6167123715082804,-0.6345258206129074,1.128328561782837,-0.70678182442983,0.7446461717287699,1.2493480642636616,0.11413298050562541
0.5394120166699091,0.6167123715082804,-0.6345258206129074,1.128328561782837,-0.70678182442983,0.7446461717287699,1.2493480642636616,0.11413298050562541
0.5394120166699091,0.6167123715082804,-0.6345258206129074,1.128328561782837,-0.70678182442983,0.7446461717287699,1.2493480642636616,0.11413298050562541
0.5394120166699091,0.6167123715082804,-0.6345258206129074,1.128328561782837,-0.70678182442983,0.7446461717287699,1.2493480642636616,0.11413298050562541
-0.4258598774671555,0.19445454180240632,0.08871288895606995,0.1030761182308197,-0.009960958361625671,0.49456220418214797,0.16219741404056548,-0.10652565062046052
-0.0800773985683918,0.20537323132157326,0.39826538041234016,0.4208628982305527,0.09664825350046158,0.15451684407889843,0.11676705628633499,0.7670368738472462
0.5394120166699091,0.6167123715082804,-0.6345258206129074,1.128328561782837,-0.70678182442983,0.7446461717287699,1.2493480642636616,0.11413298050562541
0.5394120166699091,0.6167123715082804,-0.6345258206129074,1.128328561782837,-0.70678182442983,0.7446461717287699,1.2493480642636616,0.11413298050562541
-0.1816264142592748,-0.02621719737847646,0.48475878437360126,-0.19634410738945007,-0.4985476831595103,0.2614505315820376,-0.024778306484222412,0.17538103461265564
-0.1816264142592748,-0.02621719737847646,0.48475878437360126,-0.19634410738945007,-0.4985476831595103,0.2614505315820376,-0.024778306484222412,0.17538103461265564
0.5394120166699091,0.6167123715082804,-0.6345258206129074,1.128328561782837,-0.70678182442983,0.7446461717287699,1.2493480642636616,0.11413298050562541
0.5394120166699091,0.6167123715082804,-0.6345258206129074,1.128328561782837,-0.70678182442983,0.7446461717287699,1.2493480642636616,0.11413298050562541
0.5394120166699091,0.6167123715082804,-0.6345258206129074,1.128328561782837,-0.70678182442983,0.7446461717287699,1.2493480642636616,0.11413298050562541
0.03311777859926224,0.04806923866271973,0.07389375567436218,0.691468670964241,0.3492918536067009,0.03181995451450348,0.47073542326688766,-0.45966267585754395
0.8936993777751923,-0.2922574207186699,-0.03758442401885986,0.28590594232082367,-0.25141600519418716,-0.40489696711301804,-0.8348461464047432,-0.27975738048553467
0.7779410779476166,0.5511933863162994,0.21106838434934616,0.5995280295610428,1.2443957850337029,-0.1249241977930069,-0.1949780061841011,0.5109774768352509
-0.1816264142592748,-0.02621719737847646,0.48475878437360126,-0.19634410738945007,-0.4985476831595103,0.2614505315820376,-0.024778306484222412,0.17538103461265564
-0.1816264142592748,-0.02621719737847646,0.48475878437360126,-0.19634410738945007,-0.4985476831595103,0.2614505315820376,-0.024778306484222412,0.17538103461265564
-0.1816264142592748,-0.02621719737847646,0.48475878437360126,-0.19634410738945007,-0.4985476831595103,0.2614505315820376,-0.024778306484222412,0.17538103461265564
0.25132671371102333,0.02607128769159317,0.08378847688436508,0.8192160576581955,-0.3196932524442673,0.13729518838226795,-0.06636526435613632,0.26932889595627785
0.4198880881071091,0.005032530426979065,0.6509812533855438,0.6617839813232422,-0.06717553436756134,0.1320531561970711,0.40604149401187895,0.34685277938842773
0.04392653916563306,-0.8166621327400208,0.5615056604146957,0.72275082554136,0.06362208936895643,0.17711885167019709,-0.027810062680925642,-0.07944205616201673
0.7779410779476166,0.5511933863162994,0.21106838434934616,0.5995280295610428,1.2443957850337029,-0.1249241977930069,-0.1949780061841011,0.5109774768352509
-0.1816264142592748,-0.02621719737847646,0.48475878437360126,-0.19634410738945007,-0.4985476831595103,0.2614505315820376,-0.024778306484222412,0.17538103461265564
-0.1816264142592748,-0.02621719737847646,0.48475878437360126,-0.19634410738945007,-0.4985476831595103,0.2614505315820376,-0.024778306484222412,0.17538103461265564
-0.05659295320510864,0.01663455069065094,-0.11400838196277618,-0.09682244658470154,-0.042057910561561586,-0.029815077781677246,0.5535129934549332,0.22923307716846467
-0.05659295320510864,0.01663455069065094,-0.11400838196277618,-0.09682244658470154,-0.042057910561561586,-0.029815077781677246,0.5535129934549332,0.22923307716846467
0.03461654815408918,-0.21925613118542564,0.03454029063383738,0.046250247293048434,0.11597874595059289,0.3105991731087367,0.26737378703223336,0.028765378726853266
0.5176974063118299,-0.09589498365918796,0.3816358521580696,0.6783352891604105,-0.051218065122763314,-0.09121377269426982,0.40957606211304665,0.07927176853020985
0.34560854484637576,0.13401693229873976,0.290147565305233,0.6921184857686361,-0.2030841882030169,0.1393868327140808,0.037139181047677994,-0.07398911813894908
0.2104233130812645,-0.3912288037439187,0.3508726929624875,0.2618400330344836,-0.32344915966192883,-0.3810664191842079,0.12767952804764113,0.1301450158158938
0.2104233130812645,-0.3912288037439187,0.3508726929624875,0.2618400330344836,-0.32344915966192883,-0.3810664191842079,0.12767952804764113,0.1301450158158938
-0.032722752541303635,0.07624011114239693,0.27668071910738945,0.30694323033094406,-0.2725784070789814,-0.0025644730776548386,0.6730469055473804,0.3412414528429508
-0.032722752541303635,0.07624011114239693,0.27668071910738945,0.30694323033094406,-0.2725784070789814,-0.0025644730776548386,0.6730469055473804,0.3412414528429508
0.2104233130812645,-0.3912288037439187,0.3508726929624875,0.2618400330344836,-0.32344915966192883,-0.3810664191842079,0.12767952804764113,0.1301450158158938
0.21977778204849788,0.11452555549996239,0.5973147302865982,-0.12921872735023499,-0.3116745852998325,-0.2086052873304912,0.04467297877584185,0.7528048775025776
0.2104233130812645,-0.3912288037439187,0.3508726929624875,0.2618400330344836,-0.32344915966192883,-0.3810664191842079,0.12767952804764113,0.1301450158158938
-0.032722752541303635,0.07624011114239693,0.27668071910738945,0.30694323033094406,-0.2725784070789814,-0.0025644730776548386,0.6730469055473804,0.3412414528429508
0.03311777859926224,0.04806923866271973,0.07389375567436218,0.691468670964241,0.3492918536067009,0.03181995451450348,0.47073542326688766,-0.45966267585754395
-0.06690141558647156,-1.2359731495380402,0.06246155500411987,0.5348002165555954,-0.6015139296650887,0.31861335784196854,-0.2152075543999672,0.8554357290267944
-0.032722752541303635,0.07624011114239693,0.27668071910738945,0.30694323033094406,-0.2725784070789814,-0.0025644730776548386,0.6730469055473804,0.3412414528429508
0.659483573266438,-0.15136514071907317,0.4697157932179315,0.27854808952127186,-0.46096194216183256,-0.37025551604373114,-0.05019446036645344,0.20457284365381515
-0.032722752541303635,0.07624011114239693,0.27668071910738945,0.30694323033094406,-0.2725784070789814,-0.0025644730776548386,0.6730469055473804,0.3412414528429508
-0.032722752541303635,0.07624011114239693,0.27668071910738945,0.30694323033094406,-0.2725784070789814,-0.0025644730776548386,0.6730469055473804,0.3412414528429508
-0.032722752541303635,0.07624011114239693,0.27668071910738945,0.30694323033094406,-0.2725784070789814,-0.0025644730776548386,0.6730469055473804,0.3412414528429508
-0.012473779420057932,-0.14401178186138472,0.9995381111900011,0.48992331077655155,-0.4025895992914836,-0.12083333482344945,0.056375931948423386,0.8639026706417402
-0.012473779420057932,-0.14401178186138472,0.9995381111900011,0.48992331077655155,-0.4025895992914836,-0.12083333482344945,0.056375931948423386,0.8639026706417402
-0.032722752541303635,0.07624011114239693,0.27668071910738945,0.30694323033094406,-0.2725784070789814,-0.0025644730776548386,0.6730469055473804,0.3412414528429508
-0.032722752541303635,0.07624011114239693,0.27668071910738945,0.30694323033094406,-0.2725784070789814,-0.0025644730776548386,0.6730469055473804,0.3412414528429508
0.48046421507994336,0.015709254890680313,0.4613972529768944,0.3911896472175916,-0.5874536087115606,-0.5693473306794962,0.46889637783169746,0.44468197723229724
-0.032722752541303635,0.07624011114239693,0.27668071910738945,0.30694323033094406,-0.2725784070789814,-0.0025644730776548386,0.6730469055473804,0.3412414528429508
-0.032722752541303635,0.07624011114239693,0.27668071910738945,0.30694323033094406,-0.2725784070789814,-0.0025644730776548386,0.6730469055473804,0.3412414528429508
0.5042369323117393,0.21412724682262965,0.06408560488905225,0.6266382698501859,0.39782995198454174,-0.056486466101237705,0.47607805473463877,-0.12320199608802795
-0.12677775749138423,0.14429826608725957,0.5652136930397579,0.32582950804914745,-0.16072340309619904,-0.33305719814130236,-0.187133184501103,0.4900841074330466
0.2518802268637551,0.2614029480351342,0.17398947808477613,0.0074364542961120605,0.2995145469903946,-0.03377040061685774,0.0038807226551903617,-0.09445361627472772
0.031824735924601555,0.31955089792609215,0.5057973191142082,0.422000415623188,0.06106583774089813,-0.02936450019478798,-0.13433661684393883,0.15670952945947647
-0.0032779042209897724,0.0538736241204398,0.06713272844042097,0.7634533217975071,-0.11143989648137774,1.0216523494039262,0.09805800233568464,-0.07893492920058114
0.03311777859926224,0.04806923866271973,0.07389375567436218,0.691468670964241,0.3492918536067009,0.03181995451450348,0.47073542326688766,-0.45966267585754395
-0.06690141558647156,-1.2359731495380402,0.06246155500411987,0.5348002165555954,-0.6015139296650887,0.31861335784196854,-0.2152075543999672,0.8554357290267944
-0.7588653713464737,0.011423230171203613,0.6332718431949615,0.7712450996041298,0.00897526741027832,-0.061093058437108994,0.4854758381843567,0.13244351744651794
-0.0032779042209897724,0.0538736241204398,0.06713272844042097,0.7634533217975071,-0.11143989648137774,1.0216523494039262,0.09805800233568464,-0.07893492920058114
0.2694703681128366,-0.11355217014040266,0.41609794752938406,-0.20335311336176737,-0.2986437146152769,0.1491049900650978,0.36057567383561817,0.8171611321823937
0.03311777859926224,0.04806923866271973,0.07389375567436218,0.691468670964241,0.3492918536067009,0.03181995451450348,0.47073542326688766,-0.45966267585754395
-0.06690141558647156,-1.2359731495380402,0.06246155500411987,0.5348002165555954,-0.6015139296650887,0.31861335784196854,-0.2152075543999672,0.8554357290267944
-0.7588653713464737,0.011423230171203613,0.6332718431949615,0.7712450996041298,0.00897526741027832,-0.061093058437108994,0.4854758381843567,0.13244351744651794
0.3706640253464381,0.2941777805487315,-0.38367634018262226,0.515915130575498,-0.586417223016421,0.15230153997739157,-0.09438944359620412,0.39983510474363965
-0.12848518788814545,0.4979289745291074,0.517194944123427,0.2961341589689255,0.39974700411160785,0.5179442279040813,0.22665165116389593,-0.3051229789853096
0.0896526500582695,0.4657518242796262,0.5796112840374311,0.32358485956986743,0.22508759796619415,0.21299974992871284,0.4064415792624156,0.9822901214162508
0.0896526500582695,0.4657518242796262,0.5796112840374311,0.32358485956986743,0.22508759796619415,0.21299974992871284,0.4064415792624156,0.9822901214162508
0.0896526500582695,0.4657518242796262,0.5796112840374311,0.32358485956986743,0.22508759796619415,0.21299974992871284,0.4064415792624156,0.9822901214162508
-0.21367589384317398,-0.7707161456346512,0.03493685647845268,0.6434995383024216,-0.4021445959806442,0.7992975749075413,0.40978677198290825,-0.06076744198799133
0.3516443818807602,-0.43617420962878634,-0.10983149920191083,0.28964534401893616,-0.2881214725119727,0.1273281584892954,0.013447218707629613,-0.001166386263711112
-0.45647114515304565,0.7176649868488312,-0.046140074729919434,-0.26330186426639557,1.1549456417560577,0.1428302824497223,0.29636331647634506,-0.3153059110045433
0.3516443818807602,-0.43617420962878634,-0.10983149920191083,0.28964534401893616,-0.2881214725119727,0.1273281584892954,0.013447218707629613,-0.001166386263711112
-0.45647114515304565,0.7176649868488312,-0.046140074729919434,-0.26330186426639557,1.1549456417560577,0.1428302824497223,0.29636331647634506,-0.3153059110045433
0.3516443818807602,-0.43617420962878634,-0.10983149920191083,0.28964534401893616,-0.2881214725119727,0.1273281584892954,0.013447218707629613,-0.001166386263711112
-0.45647114515304565,0.7176649868488312,-0.046140074729919434,-0.26330186426639557,1.1549456417560577,0.1428302824497223,0.29636331647634506,-0.3153059110045433
-0.45647114515304565,0.7176649868488312,-0.046140074729919434,-0.26330186426639557,1.1549456417560577,0.1428302824497223,0.29636331647634506,-0.3153059110045433
0.2547069117426872,-0.14942328880230585,0.5558295672138532,0.573036623497804,-0.1424515595038732,0.49335945521791774,0.5996004777650038,0.03171531359354655
0.2547069117426872,-0.14942328880230585,0.5558295672138532,0.573036623497804,-0.1424515595038732,0.49335945521791774,0.5996004777650038,0.03171531359354655
-0.21110592409968376,-0.6166562400758266,0.03676912933588028,0.38557377457618713,-0.5511527843773365,0.49490329809486866,0.2886035330593586,0.2288188375532627
0.5042369323117393,0.21412724682262965,0.06408560488905225,0.6266382698501859,0.39782995198454174,-0.056486466101237705,0.47607805473463877,-0.12320199608802795
-0.3049047254025936,0.02080613747239113,-0.21147501096129417,0.5892185941338539,0.4075193703174591,0.2797707486897707,0.3460623063147068,-0.13478562980890274
1.1281676590442657,0.07333804454122271,-0.358542127268655,0.26267186232975553,0.1474065716777529,-0.08589567244052887,-0.031289439116205485,0.07181674667767116
0.13218572735786438,-0.0961589046886989,0.7303466796875,0.10144812507288796,-0.03288289265973227,0.1824710571340152,0.5782611859696252,0.9250925758055278
0.16453559324145317,-0.3873673193156719,0.33699987083673477,0.2021801397204399,-0.13421231880784035,-0.09368088841438293,0.4237079806625843,0.7003731466829777
0.13218572735786438,-0.0961589046886989,0.7303466796875,0.10144812507288796,-0.03288289265973227,0.1824710571340152,0.5782611859696252,0.9250925758055278
0.4501327760517597,-0.1858924962580204,0.6459219232201576,0.28770405799150467,-0.215272668749094,0.05509018152952194,-0.04241284355521202,-0.10162001475691795
-0.31852613389492035,-0.5373916953802109,0.25589008927345275,-0.11070523858070373,0.04961408376693725,0.1711580753326416,0.11120813190937043,0.16337818205356597
-0.31852613389492035,-0.5373916953802109,0.25589008927345275,-0.11070523858070373,0.04961408376693725,0.1711580753326416,0.11120813190937043,0.16337818205356597
0.20145890755312784,-0.44471085497311186,0.019327031714575633,0.16503858353410447,0.07100453547069005,0.5847756692341396,0.32350972081933704,0.041152583701269965
0.20145890755312784,-0.44471085497311186,0.019327031714575633,0.16503858353410447,0.07100453547069005,0.5847756692341396,0.32350972081933704,0.041152583701269965
-0.20655745267868042,-0.3580466479063034,-0.3959108293056488,0.164396208524704,0.1537286877632141,0.33522887229919435,0.41602117121219634,0.6051952511072158
-0.20655745267868042,-0.3580466479063034,-0.3959108293056488,0.164396208524704,0.1537286877632141,0.33522887229919435,0.41602117121219634,0.6051952511072158
-0.007458489388227463,-0.43880685791373253,-0.25143691152334213,0.4116882234811783,0.2749957703053951,0.34449278376996517,0.28338736668229103,0.36894738487899303
-0.007458489388227463,-0.43880685791373253,-0.25143691152334213,0.4116882234811783,0.2749957703053951,0.34449278376996517,0.28338736668229103,0.36894738487899303
-0.007458489388227463,-0.43880685791373253,-0.25143691152334213,0.4116882234811783,0.2749957703053951,0.34449278376996517,0.28338736668229103,0.36894738487899303
-0.007458489388227463,-0.43880685791373253,-0.25143691152334213,0.4116882234811783,0.2749957703053951,0.34449278376996517,0.28338736668229103,0.36894738487899303
-0.007458489388227463,-0.43880685791373253,-0.25143691152334213,0.4116882234811783,0.2749957703053951,0.34449278376996517,0.28338736668229103,0.36894738487899303
-0.007458489388227463,-0.43880685791373253,-0.25143691152334213,0.4116882234811783,0.2749957703053951,0.34449278376996517,0.28338736668229103,0.36894738487899303
-0.007458489388227463,-0.43880685791373253,-0.25143691152334213,0.4116882234811783,0.2749957703053951,0.34449278376996517,0.28338736668229103,0.36894738487899303
-0.007458489388227463,-0.43880685791373253,-0.25143691152334213,0.4116882234811783,0.2749957703053951,0.34449278376996517,0.28338736668229103,0.36894738487899303
-0.007458489388227463,-0.43880685791373253,-0.25143691152334213,0.4116882234811783,0.2749957703053951,0.34449278376996517,0.28338736668229103,0.36894738487899303
-0.007458489388227463,-0.43880685791373253,-0.25143691152334213,0.4116882234811783,0.2749957703053951,0.34449278376996517,0.28338736668229103,0.36894738487899303
-0.007458489388227463,-0.43880685791373253,-0.25143691152334213,0.4116882234811783,0.2749957703053951,0.34449278376996517,0.28338736668229103,0.36894738487899303
-0.007458489388227463,-0.43880685791373253,-0.25143691152334213,0.4116882234811783,0.2749957703053951,0.34449278376996517,0.28338736668229103,0.36894738487899303
-0.007458489388227463,-0.43880685791373253,-0.25143691152334213,0.4116882234811783,0.2749957703053951,0.34449278376996517,0.28338736668229103,0.36894738487899303
-0.007458489388227463,-0.43880685791373253,-0.25143691152334213,0.4116882234811783,0.2749957703053951,0.34449278376996517,0.28338736668229103,0.36894738487899303
-0.007458489388227463,-0.43880685791373253,-0.25143691152334213,0.4116882234811783,0.2749957703053951,0.34449278376996517,0.28338736668229103,0.36894738487899303
-0.007458489388227463,-0.43880685791373253,-0.25143691152334213,0.4116882234811783,0.2749957703053951,0.34449278376996517,0.28338736668229103,0.36894738487899303
-0.007458489388227463,-0.43880685791373253,-0.25143691152334213,0.4116882234811783,0.2749957703053951,0.34449278376996517,0.28338736668229103,0.36894738487899303
-0.007458489388227463,-0.43880685791373253,-0.25143691152334213,0.4116882234811783,0.2749957703053951,0.34449278376996517,0.28338736668229103,0.36894738487899303
-0.007458489388227463,-0.43880685791373253,-0.25143691152334213,0.4116882234811783,0.2749957703053951,0.34449278376996517,0.28338736668229103,0.36894738487899303
-0.007458489388227463,-0.43880685791373253,-0.25143691152334213,0.4116882234811783,0.2749957703053951,0.34449278376996517,0.28338736668229103,0.36894738487899303
-0.007458489388227463,-0.43880685791373253,-0.25143691152334213,0.4116882234811783,0.2749957703053951,0.34449278376996517,0.28338736668229103,0.36894738487899303
-0.007458489388227463,-0.43880685791373253,-0.25143691152334213,0.4116882234811783,0.2749957703053951,0.34449278376996517,0.28338736668229103,0.36894738487899303
-0.007458489388227463,-0.43880685791373253,-0.25143691152334213,0.4116882234811783,0.2749957703053951,0.34449278376996517,0.28338736668229103,0.36894738487899303
-0.007458489388227463,-0.43880685791373253,-0.25143691152334213,0.4116882234811783,0.2749957703053951,0.34449278376996517,0.28338736668229103,0.36894738487899303
-0.007458489388227463,-0.43880685791373253,-0.25143691152334213,0.4116882234811783,0.2749957703053951,0.34449278376996517,0.28338736668229103,0.36894738487899303
-0.007458489388227463,-0.43880685791373253,-0.25143691152334213,0.4116882234811783,0.2749957703053951,0.34449278376996517,0.28338736668229103,0.36894738487899303
-0.007458489388227463,-0.43880685791373253,-0.25143691152334213,0.4116882234811783,0.2749957703053951,0.34449278376996517,0.28338736668229103,0.36894738487899303
-0.007458489388227463,-0.43880685791373253,-0.25143691152334213,0.4116882234811783,0.2749957703053951,0.34449278376996517,0.28338736668229103,0.36894738487899303
-0.007458489388227463,-0.43880685791373253,-0.25143691152334213,0.4116882234811783,0.2749957703053951,0.34449278376996517,0.28338736668229103,0.36894738487899303
-0.007458489388227463,-0.43880685791373253,-0.25143691152334213,0.4116882234811783,0.2749957703053951,0.34449278376996517,0.28338736668229103,0.36894738487899303
-0.007458489388227463,-0.43880685791373253,-0.25143691152334213,0.4116882234811783,0.2749957703053951,0.34449278376996517,0.28338736668229103,0.36894738487899303
-0.007458489388227463,-0.43880685791373253,-0.25143691152334213,0.4116882234811783,0.2749957703053951,0.34449278376996517,0.28338736668229103,0.36894738487899303
0.26957036554813385,-0.3926181197166443,0.6032419502735138,0.22891936699549356,-0.1153176377216975,0.5529614016413689,-0.3145962059497833,-0.20381498336791992
0.7779410779476166,0.5511933863162994,0.21106838434934616,0.5995280295610428,1.2443957850337029,-0.1249241977930069,-0.1949780061841011,0.5109774768352509
0.7779410779476166,0.5511933863162994,0.21106838434934616,0.5995280295610428,1.2443957850337029,-0.1249241977930069,-0.1949780061841011,0.5109774768352509
0.7779410779476166,0.5511933863162994,0.21106838434934616,0.5995280295610428,1.2443957850337029,-0.1249241977930069,-0.1949780061841011,0.5109774768352509
0.7779410779476166,0.5511933863162994,0.21106838434934616,0.5995280295610428,1.2443957850337029,-0.1249241977930069,-0.1949780061841011,0.5109774768352509
0.7779410779476166,0.5511933863162994,0.21106838434934616,0.5995280295610428,1.2443957850337029,-0.1249241977930069,-0.1949780061841011,0.5109774768352509
0.7779410779476166,0.5511933863162994,0.21106838434934616,0.5995280295610428,1.2443957850337029,-0.1249241977930069,-0.1949780061841011,0.5109774768352509
0.7779410779476166,0.5511933863162994,0.21106838434934616,0.5995280295610428,1.2443957850337029,-0.1249241977930069,-0.1949780061841011,0.5109774768352509
0.7779410779476166,0.5511933863162994,0.21106838434934616,0.5995280295610428,1.2443957850337029,-0.1249241977930069,-0.1949780061841011,0.5109774768352509
0.7779410779476166,0.5511933863162994,0.21106838434934616,0.5995280295610428,1.2443957850337029,-0.1249241977930069,-0.1949780061841011,0.5109774768352509
0.7779410779476166,0.5511933863162994,0.21106838434934616,0.5995280295610428,1.2443957850337029,-0.1249241977930069,-0.1949780061841011,0.5109774768352509
0.7779410779476166,0.5511933863162994,0.21106838434934616,0.5995280295610428,1.2443957850337029,-0.1249241977930069,-0.1949780061841011,0.5109774768352509
0.7779410779476166,0.5511933863162994,0.21106838434934616,0.5995280295610428,1.2443957850337029,-0.1249241977930069,-0.1949780061841011,0.5109774768352509
0.7779410779476166,0.5511933863162994,0.21106838434934616,0.5995280295610428,1.2443957850337029,-0.1249241977930069,-0.1949780061841011,0.5109774768352509
0.7779410779476166,0.5511933863162994,0.21106838434934616,0.5995280295610428,1.2443957850337029,-0.1249241977930069,-0.1949780061841011,0.5109774768352509
0.7779410779476166,0.5511933863162994,0.21106838434934616,0.5995280295610428,1.2443957850337029,-0.1249241977930069,-0.1949780061841011,0.5109774768352509
0.7779410779476166,0.5511933863162994,0.21106838434934616,0.5995280295610428,1.2443957850337029,-0.1249241977930069,-0.1949780061841011,0.5109774768352509
0.7779410779476166,0.5511933863162994,0.21106838434934616,0.5995280295610428,1.2443957850337029,-0.1249241977930069,-0.1949780061841011,0.5109774768352509
0.7779410779476166,0.5511933863162994,0.21106838434934616,0.5995280295610428,1.2443957850337029,-0.1249241977930069,-0.1949780061841011,0.5109774768352509
0.7779410779476166,0.5511933863162994,0.21106838434934616,0.5995280295610428,1.2443957850337029,-0.1249241977930069,-0.1949780061841011,0.5109774768352509
0.7779410779476166,0.5511933863162994,0.21106838434934616,0.5995280295610428,1.2443957850337029,-0.1249241977930069,-0.1949780061841011,0.5109774768352509
0.7779410779476166,0.5511933863162994,0.21106838434934616,0.5995280295610428,1.2443957850337029,-0.1249241977930069,-0.1949780061841011,0.5109774768352509
0.7779410779476166,0.5511933863162994,0.21106838434934616,0.5995280295610428,1.2443957850337029,-0.1249241977930069,-0.1949780061841011,0.5109774768352509
0.7779410779476166,0.5511933863162994,0.21106838434934616,0.5995280295610428,1.2443957850337029,-0.1249241977930069,-0.1949780061841011,0.5109774768352509
0.7779410779476166,0.5511933863162994,0.21106838434934616,0.5995280295610428,1.2443957850337029,-0.1249241977930069,-0.1949780061841011,0.5109774768352509
0.7779410779476166,0.5511933863162994,0.21106838434934616,0.5995280295610428,1.2443957850337029,-0.1249241977930069,-0.1949780061841011,0.5109774768352509
0.7779410779476166,0.5511933863162994,0.21106838434934616,0.5995280295610428,1.2443957850337029,-0.1249241977930069,-0.1949780061841011,0.5109774768352509
0.7779410779476166,0.5511933863162994,0.21106838434934616,0.5995280295610428,1.2443957850337029,-0.1249241977930069,-0.1949780061841011,0.5109774768352509
0.7779410779476166,0.5511933863162994,0.21106838434934616,0.5995280295610428,1.2443957850337029,-0.1249241977930069,-0.1949780061841011,0.5109774768352509
0.7779410779476166,0.5511933863162994,0.21106838434934616,0.5995280295610428,1.2443957850337029,-0.1249241977930069,-0.1949780061841011,0.5109774768352509
0.7779410779476166,0.5511933863162994,0.21106838434934616,0.5995280295610428,1.2443957850337029,-0.1249241977930069,-0.1949780061841011,0.5109774768352509
0.7779410779476166,0.5511933863162994,0.21106838434934616,0.5995280295610428,1.2443957850337029,-0.1249241977930069,-0.1949780061841011,0.5109774768352509
0.7779410779476166,0.5511933863162994,0.21106838434934616,0.5995280295610428,1.2443957850337029,-0.1249241977930069,-0.1949780061841011,0.5109774768352509
0.7779410779476166,0.5511933863162994,0.21106838434934616,0.5995280295610428,1.2443957850337029,-0.1249241977930069,-0.1949780061841011,0.5109774768352509
0.7779410779476166,0.5511933863162994,0.21106838434934616,0.5995280295610428,1.2443957850337029,-0.1249241977930069,-0.1949780061841011,0.5109774768352509
0.7779410779476166,0.5511933863162994,0.21106838434934616,0.5995280295610428,1.2443957850337029,-0.1249241977930069,-0.1949780061841011,0.5109774768352509
0.7779410779476166,0.5511933863162994,0.21106838434934616,0.5995280295610428,1.2443957850337029,-0.1249241977930069,-0.1949780061841011,0.5109774768352509
0.7779410779476166,0.5511933863162994,0.21106838434934616,0.5995280295610428,1.2443957850337029,-0.1249241977930069,-0.1949780061841011,0.5109774768352509
0.7779410779476166,0.5511933863162994,0.21106838434934616,0.5995280295610428,1.2443957850337029,-0.1249241977930069,-0.1949780061841011,0.5109774768352509
0.7779410779476166,0.5511933863162994,0.21106838434934616,0.5995280295610428,1.2443957850337029,-0.1249241977930069,-0.1949780061841011,0.5109774768352509
0.7779410779476166,0.5511933863162994,0.21106838434934616,0.5995280295610428,1.2443957850337029,-0.1249241977930069,-0.1949780061841011,0.5109774768352509
0.7779410779476166,0.5511933863162994,0.21106838434934616,0.5995280295610428,1.2443957850337029,-0.1249241977930069,-0.1949780061841011,0.5109774768352509
0.7779410779476166,0.5511933863162994,0.21106838434934616,0.5995280295610428,1.2443957850337029,-0.1249241977930069,-0.1949780061841011,0.5109774768352509
0.7779410779476166,0.5511933863162994,0.21106838434934616,0.5995280295610428,1.2443957850337029,-0.1249241977930069,-0.1949780061841011,0.5109774768352509
0.7779410779476166,0.5511933863162994,0.21106838434934616,0.5995280295610428,1.2443957850337029,-0.1249241977930069,-0.1949780061841011,0.5109774768352509
0.7779410779476166,0.5511933863162994,0.21106838434934616,0.5995280295610428,1.2443957850337029,-0.1249241977930069,-0.1949780061841011,0.5109774768352509
0.7779410779476166,0.5511933863162994,0.21106838434934616,0.5995280295610428,1.2443957850337029,-0.1249241977930069,-0.1949780061841011,0.5109774768352509
0.7779410779476166,0.5511933863162994,0.21106838434934616,0.5995280295610428,1.2443957850337029,-0.1249241977930069,-0.1949780061841011,0.5109774768352509
0.7779410779476166,0.5511933863162994,0.21106838434934616,0.5995280295610428,1.2443957850337029,-0.1249241977930069,-0.1949780061841011,0.5109774768352509
0.7779410779476166,0.5511933863162994,0.21106838434934616,0.5995280295610428,1.2443957850337029,-0.1249241977930069,-0.1949780061841011,0.5109774768352509
0.7779410779476166,0.5511933863162994,0.21106838434934616,0.5995280295610428,1.2443957850337029,-0.1249241977930069,-0.1949780061841011,0.5109774768352509
0.7779410779476166,0.5511933863162994,0.21106838434934616,0.5995280295610428,1.2443957850337029,-0.1249241977930069,-0.1949780061841011,0.5109774768352509
0.7779410779476166,0.5511933863162994,0.21106838434934616,0.5995280295610428,1.2443957850337029,-0.1249241977930069,-0.1949780061841011,0.5109774768352509
0.7779410779476166,0.5511933863162994,0.21106838434934616,0.5995280295610428,1.2443957850337029,-0.1249241977930069,-0.1949780061841011,0.5109774768352509
0.7779410779476166,0.5511933863162994,0.21106838434934616,0.5995280295610428,1.2443957850337029,-0.1249241977930069,-0.1949780061841011,0.5109774768352509
0.7779410779476166,0.5511933863162994,0.21106838434934616,0.5995280295610428,1.2443957850337029,-0.1249241977930069,-0.1949780061841011,0.5109774768352509
0.7779410779476166,0.5511933863162994,0.21106838434934616,0.5995280295610428,1.2443957850337029,-0.1249241977930069,-0.1949780061841011,0.5109774768352509
0.7779410779476166,0.5511933863162994,0.21106838434934616,0.5995280295610428,1.2443957850337029,-0.1249241977930069,-0.1949780061841011,0.5109774768352509
0.7779410779476166,0.5511933863162994,0.21106838434934616,0.5995280295610428,1.2443957850337029,-0.1249241977930069,-0.1949780061841011,0.5109774768352509
0.7779410779476166,0.5511933863162994,0.21106838434934616,0.5995280295610428,1.2443957850337029,-0.1249241977930069,-0.1949780061841011,0.5109774768352509
0.7779410779476166,0.5511933863162994,0.21106838434934616,0.5995280295610428,1.2443957850337029,-0.1249241977930069,-0.1949780061841011,0.5109774768352509
0.7779410779476166,0.5511933863162994,0.21106838434934616,0.5995280295610428,1.2443957850337029,-0.1249241977930069,-0.1949780061841011,0.5109774768352509
0.7779410779476166,0.5511933863162994,0.21106838434934616,0.5995280295610428,1.2443957850337029,-0.1249241977930069,-0.1949780061841011,0.5109774768352509
0.7779410779476166,0.5511933863162994,0.21106838434934616,0.5995280295610428,1.2443957850337029,-0.1249241977930069,-0.1949780061841011,0.5109774768352509
0.7779410779476166,0.5511933863162994,0.21106838434934616,0.5995280295610428,1.2443957850337029,-0.1249241977930069,-0.1949780061841011,0.5109774768352509
0.7779410779476166,0.5511933863162994,0.21106838434934616,0.5995280295610428,1.2443957850337029,-0.1249241977930069,-0.1949780061841011,0.5109774768352509
0.7779410779476166,0.5511933863162994,0.21106838434934616,0.5995280295610428,1.2443957850337029,-0.1249241977930069,-0.1949780061841011,0.5109774768352509
0.7779410779476166,0.5511933863162994,0.21106838434934616,0.5995280295610428,1.2443957850337029,-0.1249241977930069,-0.1949780061841011,0.5109774768352509
0.7779410779476166,0.5511933863162994,0.21106838434934616,0.5995280295610428,1.2443957850337029,-0.1249241977930069,-0.1949780061841011,0.5109774768352509
0.7779410779476166,0.5511933863162994,0.21106838434934616,0.5995280295610428,1.2443957850337029,-0.1249241977930069,-0.1949780061841011,0.5109774768352509
0.7779410779476166,0.5511933863162994,0.21106838434934616,0.5995280295610428,1.2443957850337029,-0.1249241977930069,-0.1949780061841011,0.5109774768352509
0.7779410779476166,0.5511933863162994,0.21106838434934616,0.5995280295610428,1.2443957850337029,-0.1249241977930069,-0.1949780061841011,0.5109774768352509
0.7779410779476166,0.5511933863162994,0.21106838434934616,0.5995280295610428,1.2443957850337029,-0.1249241977930069,-0.1949780061841011,0.5109774768352509
0.7779410779476166,0.5511933863162994,0.21106838434934616,0.5995280295610428,1.2443957850337029,-0.1249241977930069,-0.1949780061841011,0.5109774768352509
0.7779410779476166,0.5511933863162994,0.21106838434934616,0.5995280295610428,1.2443957850337029,-0.1249241977930069,-0.1949780061841011,0.5109774768352509
0.7779410779476166,0.5511933863162994,0.21106838434934616,0.5995280295610428,1.2443957850337029,-0.1249241977930069,-0.1949780061841011,0.5109774768352509
0.7779410779476166,0.5511933863162994,0.21106838434934616,0.5995280295610428,1.2443957850337029,-0.1249241977930069,-0.1949780061841011,0.5109774768352509
0.7779410779476166,0.5511933863162994,0.21106838434934616,0.5995280295610428,1.2443957850337029,-0.1249241977930069,-0.1949780061841011,0.5109774768352509
0.7779410779476166,0.5511933863162994,0.21106838434934616,0.5995280295610428,1.2443957850337029,-0.1249241977930069,-0.1949780061841011,0.5109774768352509
0.7779410779476166,0.5511933863162994,0.21106838434934616,0.5995280295610428,1.2443957850337029,-0.1249241977930069,-0.1949780061841011,0.5109774768352509
0.7779410779476166,0.5511933863162994,0.21106838434934616,0.5995280295610428,1.2443957850337029,-0.1249241977930069,-0.1949780061841011,0.5109774768352509
0.7779410779476166,0.5511933863162994,0.21106838434934616,0.5995280295610428,1.2443957850337029,-0.1249241977930069,-0.1949780061841011,0.5109774768352509
0.7779410779476166,0.5511933863162994,0.21106838434934616,0.5995280295610428,1.2443957850337029,-0.1249241977930069,-0.1949780061841011,0.5109774768352509
0.7779410779476166,0.5511933863162994,0.21106838434934616,0.5995280295610428,1.2443957850337029,-0.1249241977930069,-0.1949780061841011,0.5109774768352509
0.7779410779476166,0.5511933863162994,0.21106838434934616,0.5995280295610428,1.2443957850337029,-0.1249241977930069,-0.1949780061841011,0.5109774768352509
0.7779410779476166,0.5511933863162994,0.21106838434934616,0.5995280295610428,1.2443957850337029,-0.1249241977930069,-0.1949780061841011,0.5109774768352509
0.7779410779476166,0.5511933863162994,0.21106838434934616,0.5995280295610428,1.2443957850337029,-0.1249241977930069,-0.1949780061841011,0.5109774768352509
0.7779410779476166,0.5511933863162994,0.21106838434934616,0.5995280295610428,1.2443957850337029,-0.1249241977930069,-0.1949780061841011,0.5109774768352509
0.7779410779476166,0.5511933863162994,0.21106838434934616,0.5995280295610428,1.2443957850337029,-0.1249241977930069,-0.1949780061841011,0.5109774768352509
0.7779410779476166,0.5511933863162994,0.21106838434934616,0.5995280295610428,1.2443957850337029,-0.1249241977930069,-0.1949780061841011,0.5109774768352509
0.7779410779476166,0.5511933863162994,0.21106838434934616,0.5995280295610428,1.2443957850337029,-0.1249241977930069,-0.1949780061841011,0.5109774768352509
0.7779410779476166,0.5511933863162994,0.21106838434934616,0.5995280295610428,1.2443957850337029,-0.1249241977930069,-0.1949780061841011,0.5109774768352509
0.7779410779476166,0.5511933863162994,0.21106838434934616,0.5995280295610428,1.2443957850337029,-0.1249241977930069,-0.1949780061841011,0.5109774768352509
0.7779410779476166,0.5511933863162994,0.21106838434934616,0.5995280295610428,1.2443957850337029,-0.1249241977930069,-0.1949780061841011,0.5109774768352509
0.7779410779476166,0.5511933863162994,0.21106838434934616,0.5995280295610428,1.2443957850337029,-0.1249241977930069,-0.1949780061841011,0.5109774768352509
0.7779410779476166,0.5511933863162994,0.21106838434934616,0.5995280295610428,1.2443957850337029,-0.1249241977930069,-0.1949780061841011,0.5109774768352509
0.7779410779476166,0.5511933863162994,0.21106838434934616,0.5995280295610428,1.2443957850337029,-0.1249241977930069,-0.1949780061841011,0.5109774768352509
-0.28806891043980914,-0.4754532376925151,-0.26422924051682156,-0.3237900560100873,0.14304770529270172,-0.5349851151307424,-0.27553411821524304,0.7249135375022888
0.7779410779476166,0.5511933863162994,0.21106838434934616,0.5995280295610428,1.2443957850337029,-0.1249241977930069,-0.1949780061841011,0.5109774768352509
0.7779410779476166,0.5511933863162994,0.21106838434934616,0.5995280295610428,1.2443957850337029,-0.1249241977930069,-0.1949780061841011,0.5109774768352509
0.7779410779476166,0.5511933863162994,0.21106838434934616,0.5995280295610428,1.2443957850337029,-0.1249241977930069,-0.1949780061841011,0.5109774768352509
0.7779410779476166,0.5511933863162994,0.21106838434934616,0.5995280295610428,1.2443957850337029,-0.1249241977930069,-0.1949780061841011,0.5109774768352509
0.7779410779476166,0.5511933863162994,0.21106838434934616,0.5995280295610428,1.2443957850337029,-0.1249241977930069,-0.1949780061841011,0.5109774768352509
0.7779410779476166,0.5511933863162994,0.21106838434934616,0.5995280295610428,1.2443957850337029,-0.1249241977930069,-0.1949780061841011,0.5109774768352509
0.7779410779476166,0.5511933863162994,0.21106838434934616,0.5995280295610428,1.2443957850337029,-0.1249241977930069,-0.1949780061841011,0.5109774768352509
0.7779410779476166,0.5511933863162994,0.21106838434934616,0.5995280295610428,1.2443957850337029,-0.1249241977930069,-0.1949780061841011,0.5109774768352509
0.7779410779476166,0.5511933863162994,0.21106838434934616,0.5995280295610428,1.2443957850337029,-0.1249241977930069,-0.1949780061841011,0.5109774768352509
0.7779410779476166,0.5511933863162994,0.21106838434934616,0.5995280295610428,1.2443957850337029,-0.1249241977930069,-0.1949780061841011,0.5109774768352509
0.7779410779476166,0.5511933863162994,0.21106838434934616,0.5995280295610428,1.2443957850337029,-0.1249241977930069,-0.1949780061841011,0.5109774768352509
0.7779410779476166,0.5511933863162994,0.21106838434934616,0.5995280295610428,1.2443957850337029,-0.1249241977930069,-0.1949780061841011,0.5109774768352509
0.7779410779476166,0.5511933863162994,0.21106838434934616,0.5995280295610428,1.2443957850337029,-0.1249241977930069,-0.1949780061841011,0.5109774768352509
0.7779410779476166,0.5511933863162994,0.21106838434934616,0.5995280295610428,1.2443957850337029,-0.1249241977930069,-0.1949780061841011,0.5109774768352509
0.7779410779476166,0.5511933863162994,0.21106838434934616,0.5995280295610428,1.2443957850337029,-0.1249241977930069,-0.1949780061841011,0.5109774768352509
0.7779410779476166,0.5511933863162994,0.21106838434934616,0.5995280295610428,1.2443957850337029,-0.1249241977930069,-0.1949780061841011,0.5109774768352509
0.7779410779476166,0.5511933863162994,0.21106838434934616,0.5995280295610428,1.2443957850337029,-0.1249241977930069,-0.1949780061841011,0.5109774768352509
0.7779410779476166,0.5511933863162994,0.21106838434934616,0.5995280295610428,1.2443957850337029,-0.1249241977930069,-0.1949780061841011,0.5109774768352509
0.7779410779476166,0.5511933863162994,0.21106838434934616,0.5995280295610428,1.2443957850337029,-0.1249241977930069,-0.1949780061841011,0.5109774768352509
0.7779410779476166,0.5511933863162994,0.21106838434934616,0.5995280295610428,1.2443957850337029,-0.1249241977930069,-0.1949780061841011,0.5109774768352509
0.7779410779476166,0.5511933863162994,0.21106838434934616,0.5995280295610428,1.2443957850337029,-0.1249241977930069,-0.1949780061841011,0.5109774768352509
0.7779410779476166,0.5511933863162994,0.21106838434934616,0.5995280295610428,1.2443957850337029,-0.1249241977930069,-0.1949780061841011,0.5109774768352509
0.7779410779476166,0.5511933863162994,0.21106838434934616,0.5995280295610428,1.2443957850337029,-0.1249241977930069,-0.1949780061841011,0.5109774768352509
0.7779410779476166,0.5511933863162994,0.21106838434934616,0.5995280295610428,1.2443957850337029,-0.1249241977930069,-0.1949780061841011,0.5109774768352509
0.7779410779476166,0.5511933863162994,0.21106838434934616,0.5995280295610428,1.2443957850337029,-0.1249241977930069,-0.1949780061841011,0.5109774768352509
0.7779410779476166,0.5511933863162994,0.21106838434934616,0.5995280295610428,1.2443957850337029,-0.1249241977930069,-0.1949780061841011,0.5109774768352509
0.7779410779476166,0.5511933863162994,0.21106838434934616,0.5995280295610428,1.2443957850337029,-0.1249241977930069,-0.1949780061841011,0.5109774768352509
0.7779410779476166,0.5511933863162994,0.21106838434934616,0.5995280295610428,1.2443957850337029,-0.1249241977930069,-0.1949780061841011,0.5109774768352509
0.7779410779476166,0.5511933863162994,0.21106838434934616,0.5995280295610428,1.2443957850337029,-0.1249241977930069,-0.1949780061841011,0.5109774768352509
0.7779410779476166,0.5511933863162994,0.21106838434934616,0.5995280295610428,1.2443957850337029,-0.1249241977930069,-0.1949780061841011,0.5109774768352509
0.7779410779476166,0.5511933863162994,0.21106838434934616,0.5995280295610428,1.2443957850337029,-0.1249241977930069,-0.1949780061841011,0.5109774768352509
0.7779410779476166,0.5511933863162994,0.21106838434934616,0.5995280295610428,1.2443957850337029,-0.1249241977930069,-0.1949780061841011,0.5109774768352509
0.7779410779476166,0.5511933863162994,0.21106838434934616,0.5995280295610428,1.2443957850337029,-0.1249241977930069,-0.1949780061841011,0.5109774768352509
0.7779410779476166,0.5511933863162994,0.21106838434934616,0.5995280295610428,1.2443957850337029,-0.1249241977930069,-0.1949780061841011,0.5109774768352509
-0.2924829572439194,-0.035586535930633545,0.5364997982978821,0.792067140340805,0.33593544363975525,0.2144598290324211,0.34056008607149124,-1.2088358998298645
-0.2924829572439194,-0.035586535930633545,0.5364997982978821,0.792067140340805,0.33593544363975525,0.2144598290324211,0.34056008607149124,-1.2088358998298645
-0.47470325604081154,-1.1130190007388592,0.4575052186846733,0.355060450732708,-0.44520196691155434,0.3355083856731653,-0.15200048685073853,-0.04957161471247673
0.4170335717499256,0.10227707400918007,0.7171818241477013,0.582986056804657,-0.4763841014355421,0.3162763435393572,-0.16141169890761375,-0.31072087213397026
0.7779410779476166,0.5511933863162994,0.21106838434934616,0.5995280295610428,1.2443957850337029,-0.1249241977930069,-0.1949780061841011,0.5109774768352509
0.7779410779476166,0.5511933863162994,0.21106838434934616,0.5995280295610428,1.2443957850337029,-0.1249241977930069,-0.1949780061841011,0.5109774768352509
0.7779410779476166,0.5511933863162994,0.21106838434934616,0.5995280295610428,1.2443957850337029,-0.1249241977930069,-0.1949780061841011,0.5109774768352509
0.7779410779476166,0.5511933863162994,0.21106838434934616,0.5995280295610428,1.2443957850337029,-0.1249241977930069,-0.1949780061841011,0.5109774768352509
0.7779410779476166,0.5511933863162994,0.21106838434934616,0.5995280295610428,1.2443957850337029,-0.1249241977930069,-0.1949780061841011,0.5109774768352509
0.7779410779476166,0.5511933863162994,0.21106838434934616,0.5995280295610428,1.2443957850337029,-0.1249241977930069,-0.1949780061841011,0.5109774768352509
0.7779410779476166,0.5511933863162994,0.21106838434934616,0.5995280295610428,1.2443957850337029,-0.1249241977930069,-0.1949780061841011,0.5109774768352509
0.7779410779476166,0.5511933863162994,0.21106838434934616,0.5995280295610428,1.2443957850337029,-0.1249241977930069,-0.1949780061841011,0.5109774768352509
0.7779410779476166,0.5511933863162994,0.21106838434934616,0.5995280295610428,1.2443957850337029,-0.1249241977930069,-0.1949780061841011,0.5109774768352509
0.7779410779476166,0.5511933863162994,0.21106838434934616,0.5995280295610428,1.2443957850337029,-0.1249241977930069,-0.1949780061841011,0.5109774768352509
0.7779410779476166,0.5511933863162994,0.21106838434934616,0.5995280295610428,1.2443957850337029,-0.1249241977930069,-0.1949780061841011,0.5109774768352509
0.7779410779476166,0.5511933863162994,0.21106838434934616,0.5995280295610428,1.2443957850337029,-0.1249241977930069,-0.1949780061841011,0.5109774768352509
0.7779410779476166,0.5511933863162994,0.21106838434934616,0.5995280295610428,1.2443957850337029,-0.1249241977930069,-0.1949780061841011,0.5109774768352509
0.7779410779476166,0.5511933863162994,0.21106838434934616,0.5995280295610428,1.2443957850337029,-0.1249241977930069,-0.1949780061841011,0.5109774768352509
0.7779410779476166,0.5511933863162994,0.21106838434934616,0.5995280295610428,1.2443957850337029,-0.1249241977930069,-0.1949780061841011,0.5109774768352509
0.7779410779476166,0.5511933863162994,0.21106838434934616,0.5995280295610428,1.2443957850337029,-0.1249241977930069,-0.1949780061841011,0.5109774768352509
0.7779410779476166,0.5511933863162994,0.21106838434934616,0.5995280295610428,1.2443957850337029,-0.1249241977930069,-0.1949780061841011,0.5109774768352509
0.7779410779476166,0.5511933863162994,0.21106838434934616,0.5995280295610428,1.2443957850337029,-0.1249241977930069,-0.1949780061841011,0.5109774768352509
0.7779410779476166,0.5511933863162994,0.21106838434934616,0.5995280295610428,1.2443957850337029,-0.1249241977930069,-0.1949780061841011,0.5109774768352509
0.7779410779476166,0.5511933863162994,0.21106838434934616,0.5995280295610428,1.2443957850337029,-0.1249241977930069,-0.1949780061841011,0.5109774768352509
0.7779410779476166,0.5511933863162994,0.21106838434934616,0.5995280295610428,1.2443957850337029,-0.1249241977930069,-0.1949780061841011,0.5109774768352509
0.7779410779476166,0.5511933863162994,0.21106838434934616,0.5995280295610428,1.2443957850337029,-0.1249241977930069,-0.1949780061841011,0.5109774768352509
0.7779410779476166,0.5511933863162994,0.21106838434934616,0.5995280295610428,1.2443957850337029,-0.1249241977930069,-0.1949780061841011,0.5109774768352509
0.7779410779476166,0.5511933863162994,0.21106838434934616,0.5995280295610428,1.2443957850337029,-0.1249241977930069,-0.1949780061841011,0.5109774768352509
0.7779410779476166,0.5511933863162994,0.21106838434934616,0.5995280295610428,1.2443957850337029,-0.1249241977930069,-0.1949780061841011,0.5109774768352509
0.7779410779476166,0.5511933863162994,0.21106838434934616,0.5995280295610428,1.2443957850337029,-0.1249241977930069,-0.1949780061841011,0.5109774768352509
0.09972750768065453,-0.685054998844862,0.3767116144299507,0.5469433069229126,-0.6838207133114338,-0.3424664940685034,0.04376950114965439,0.046272147446870804
0.4170335717499256,0.10227707400918007,0.7171818241477013,0.582986056804657,-0.4763841014355421,0.3162763435393572,-0.16141169890761375,-0.31072087213397026
0.3466903083026409,-0.3827134221792221,0.4783719703555107,0.05770358443260193,-0.020145755261182785,0.3579471241682768,-0.5847815200686455,-0.3653096854686737
0.4170335717499256,0.10227707400918007,0.7171818241477013,0.582986056804657,-0.4763841014355421,0.3162763435393572,-0.16141169890761375,-0.31072087213397026
-0.1067097932100296,0.17649974524974824,0.3803233325481415,1.5109121203422546,-0.5746561050415039,0.1643355146050453,0.6019664019346237,-0.29989512711763383
-0.5561480075120926,-1.284817397594452,0.8076116740703583,0.522229015827179,-0.27841950207948685,-0.8294251337647438,0.7168572247028351,0.1014123260974884
0.43136070668697357,-0.7882112264633179,0.08983871340751648,1.9350292086601257,-0.5121909379959106,0.09290464967489243,0.19864360243082047,0.11833852529525757
-0.2924829572439194,-0.035586535930633545,0.5364997982978821,0.792067140340805,0.33593544363975525,0.2144598290324211,0.34056008607149124,-1.2088358998298645
-0.2924829572439194,-0.035586535930633545,0.5364997982978821,0.792067140340805,0.33593544363975525,0.2144598290324211,0.34056008607149124,-1.2088358998298645
0.7176412559217877,0.058788064453336925,0.42285536726315814,0.20698551171355778,-0.03350084357791477,0.703223447004954,0.1579046994447708,0.24434001247088113
0.26957036554813385,-0.3926181197166443,0.6032419502735138,0.22891936699549356,-0.1153176377216975,0.5529614016413689,-0.3145962059497833,-0.20381498336791992
0.44645692594349384,-0.13412855379283428,0.3097160831093788,-0.08187800459563732,0.006570978090167046,0.24782841093838215,0.28825823217630386,0.22415700182318687
0.2849990555218288,0.0013822455491338456,0.32131171439375195,0.18965259194374084,-0.3758055099419185,-0.2687675410083362,-0.01944152052913393,0.35841318113463266
0.7473470990856489,0.13406509285171828,0.8399505093693733,0.6808928896983465,-0.4715107207496961,0.1187719355026881,0.1084211381773154,0.5159681265552839
-0.21084044575691224,0.12691530585289001,0.15393084585666655,0.4151467591524124,0.3792130768299103,-0.25955369770526887,0.10488108098506928,-0.061357854306697844
0.7473470990856489,0.13406509285171828,0.8399505093693733,0.6808928896983465,-0.4715107207496961,0.1187719355026881,0.1084211381773154,0.5159681265552839
0.7473470990856489,0.13406509285171828,0.8399505093693733,0.6808928896983465,-0.4715107207496961,0.1187719355026881,0.1084211381773154,0.5159681265552839
0.7473470990856489,0.13406509285171828,0.8399505093693733,0.6808928896983465,-0.4715107207496961,0.1187719355026881,0.1084211381773154,0.5159681265552839
0.58950474858284,-0.15682253117362657,0.5347437287370364,0.6848117411136627,0.042062525947888695,-0.43761418138941127,-0.16015967602531114,0.6564764827489853
0.12871237471699715,0.036047741770744324,-0.33430638164281845,0.4153965190052986,-0.3423684909939766,-0.4946982990950346,0.49755436554551125,0.0730857290327549
0.12871237471699715,0.036047741770744324,-0.33430638164281845,0.4153965190052986,-0.3423684909939766,-0.4946982990950346,0.49755436554551125,0.0730857290327549
0.58950474858284,-0.15682253117362657,0.5347437287370364,0.6848117411136627,0.042062525947888695,-0.43761418138941127,-0.16015967602531114,0.6564764827489853
-0.1833958998322487,-0.3694332242012024,0.47780459374189377,0.783335916697979,0.6501363441348076,0.28284033946692944,0.00957610085606575,0.38754821196198463
-0.5141221642494201,-0.11584119200706482,0.6042828738689423,0.24684737026691436,-0.021938025951385498,0.23896097987890244,0.12579595148563386,1.180371454358101
0.9333326444029808,-0.12303224578499794,0.5057451551159223,0.7216970374186834,0.012346113721529642,-0.36664730807145435,0.2533112478752931,0.3021187012394269
0.712535384297371,-0.05959072858095169,0.2773480027914047,0.10201030373573303,-0.46655344367027285,-0.4844082176685333,-0.1424329623579979,0.298980250954628
0.58950474858284,-0.15682253117362657,0.5347437287370364,0.6848117411136627,0.042062525947888695,-0.43761418138941127,-0.16015967602531114,0.6564764827489853
0.2810659892857075,-0.5781793259084225,0.5382614359259605,0.13538283482193947,-0.5084720477461815,0.2528345715254545,0.03020254150032997,0.156674075871706
0.58950474858284,-0.15682253117362657,0.5347437287370364,0.6848117411136627,0.042062525947888695,-0.43761418138941127,-0.16015967602531114,0.6564764827489853
0.2810659892857075,-0.5781793259084225,0.5382614359259605,0.13538283482193947,-0.5084720477461815,0.2528345715254545,0.03020254150032997,0.156674075871706
0.9333326444029808,-0.12303224578499794,0.5057451551159223,0.7216970374186834,0.012346113721529642,-0.36664730807145435,0.2533112478752931,0.3021187012394269
0.14701604843139648,0.0016693361103534698,0.39661892503499985,0.08038073033094406,0.14881382510066032,-0.10541645996272564,-0.3916950784623623,0.04980013519525528
0.14701604843139648,0.0016693361103534698,0.39661892503499985,0.08038073033094406,0.14881382510066032,-0.10541645996272564,-0.3916950784623623,0.04980013519525528
0.05373406708240509,0.043180251121521,0.37569316625595095,0.02697208374738693,-0.22181263864040374,0.24291227906942367,-0.05670428872108459,0.49591599181294443
0.5392739219324929,-0.1551328163061823,0.4055617238794054,0.30386311028684887,-0.37709673387663706,-0.3549038554940905,0.37925117143562864,0.313327642423766
0.0066990479826927185,-0.16886976609627405,0.09527044743299484,0.4053816373149554,0.332288292547067,0.49372581268350285,0.02072699119647344,0.04940100759267807
-0.15917805433273316,-0.17161135077476503,0.11471504718065262,0.4660227417945862,0.37329165935516356,0.549383194744587,-0.18903951495885848,-0.45151165425777434
0.12871237471699715,0.036047741770744324,-0.33430638164281845,0.4153965190052986,-0.3423684909939766,-0.4946982990950346,0.49755436554551125,0.0730857290327549
0.12871237471699715,0.036047741770744324,-0.33430638164281845,0.4153965190052986,-0.3423684909939766,-0.4946982990950346,0.49755436554551125,0.0730857290327549
0.12871237471699715,0.036047741770744324,-0.33430638164281845,0.4153965190052986,-0.3423684909939766,-0.4946982990950346,0.49755436554551125,0.0730857290327549
0.12871237471699715,0.036047741770744324,-0.33430638164281845,0.4153965190052986,-0.3423684909939766,-0.4946982990950346,0.49755436554551125,0.0730857290327549
0.12871237471699715,0.036047741770744324,-0.33430638164281845,0.4153965190052986,-0.3423684909939766,-0.4946982990950346,0.49755436554551125,0.0730857290327549
0.12871237471699715,0.036047741770744324,-0.33430638164281845,0.4153965190052986,-0.3423684909939766,-0.4946982990950346,0.49755436554551125,0.0730857290327549
-0.4495236426591873,-0.2285228818655014,0.07830297350883483,-0.5532841473817826,0.47135513424873354,0.2217530518770218,-0.016314113140106203,0.5374780327081681
-0.15917805433273316,-0.17161135077476503,0.11471504718065262,0.4660227417945862,0.37329165935516356,0.549383194744587,-0.18903951495885848,-0.45151165425777434
0.12871237471699715,0.036047741770744324,-0.33430638164281845,0.4153965190052986,-0.3423684909939766,-0.4946982990950346,0.49755436554551125,0.0730857290327549
0.12871237471699715,0.036047741770744324,-0.33430638164281845,0.4153965190052986,-0.3423684909939766,-0.4946982990950346,0.49755436554551125,0.0730857290327549
0.12871237471699715,0.036047741770744324,-0.33430638164281845,0.4153965190052986,-0.3423684909939766,-0.4946982990950346,0.49755436554551125,0.0730857290327549
0.12871237471699715,0.036047741770744324,-0.33430638164281845,0.4153965190052986,-0.3423684909939766,-0.4946982990950346,0.49755436554551125,0.0730857290327549
0.12871237471699715,0.036047741770744324,-0.33430638164281845,0.4153965190052986,-0.3423684909939766,-0.4946982990950346,0.49755436554551125,0.0730857290327549
0.12871237471699715,0.036047741770744324,-0.33430638164281845,0.4153965190052986,-0.3423684909939766,-0.4946982990950346,0.49755436554551125,0.0730857290327549
-0.15917805433273316,-0.17161135077476503,0.11471504718065262,0.4660227417945862,0.37329165935516356,0.549383194744587,-0.18903951495885848,-0.45151165425777434
-0.15917805433273316,-0.17161135077476503,0.11471504718065262,0.4660227417945862,0.37329165935516356,0.549383194744587,-0.18903951495885848,-0.45151165425777434
0.12871237471699715,0.036047741770744324,-0.33430638164281845,0.4153965190052986,-0.3423684909939766,-0.4946982990950346,0.49755436554551125,0.0730857290327549
0.12871237471699715,0.036047741770744324,-0.33430638164281845,0.4153965190052986,-0.3423684909939766,-0.4946982990950346,0.49755436554551125,0.0730857290327549
0.12871237471699715,0.036047741770744324,-0.33430638164281845,0.4153965190052986,-0.3423684909939766,-0.4946982990950346,0.49755436554551125,0.0730857290327549
0.12871237471699715,0.036047741770744324,-0.33430638164281845,0.4153965190052986,-0.3423684909939766,-0.4946982990950346,0.49755436554551125,0.0730857290327549
0.12871237471699715,0.036047741770744324,-0.33430638164281845,0.4153965190052986,-0.3423684909939766,-0.4946982990950346,0.49755436554551125,0.0730857290327549
-0.14983902871608734,-0.6264686673879624,1.0265482008457183,0.3497688263654709,0.04785844683647156,0.5087960436940193,-0.4705116242170334,0.7048842698335648
0.29002587745587033,0.00913205991188685,0.035509283343950905,0.10356148332357407,-0.11879773437976837,0.27162250007192296,0.02345917870601018,0.31943535059690475
0.26020914018154145,-0.5239093750715256,0.05340917706489563,0.1048533409833908,0.02273230254650116,-0.16180563420057298,0.3732459217309952,-0.011659571528434753
0.11049352586269379,-0.3432949725538492,0.2685551419854164,0.4725503772497177,0.04436463117599487,-0.12805861793458462,0.061482660472393036,-0.0439920499920845
0.27851947247982023,-0.3141577035188675,0.27105817198753357,0.6274254530668258,0.12000018060207367,-0.21246281117200852,0.2314700037240982,0.080082705616951
-0.34849395602941513,-0.5139143839478493,-0.32927723228931427,0.1727902591228485,-0.7488789930939674,0.39361898973584175,0.6210026293992996,0.25885801017284393
0.5160450140635172,-0.1521619272728761,-0.03010336806376775,0.744485874970754,-0.5973694448669752,-0.13622586677471796,0.6451502678294977,0.2583169067899386
0.5160450140635172,-0.1521619272728761,-0.03010336806376775,0.744485874970754,-0.5973694448669752,-0.13622586677471796,0.6451502678294977,0.2583169067899386
0.0021328121423721314,0.645377030968666,-0.32182729840278623,0.1718344807624817,0.17749688029289246,-0.08603821843862533,0.10348758697509766,-0.375093612074852
0.17539402097463608,-0.3268905393779278,0.19466515630483627,0.5999222472310066,-0.33568697422742844,0.646365599706769,0.4455072619020939,0.16487035527825356
0.17539402097463608,-0.3268905393779278,0.19466515630483627,0.5999222472310066,-0.33568697422742844,0.646365599706769,0.4455072619020939,0.16487035527825356
0.14701604843139648,0.0016693361103534698,0.39661892503499985,0.08038073033094406,0.14881382510066032,-0.10541645996272564,-0.3916950784623623,0.04980013519525528
0.41430892050266266,0.033332335452238716,0.34966382881005603,-0.3369160667061806,-0.5100334137678146,0.1142098717391491,-0.3228054344654083,0.4422646885116895
0.22728381554285684,0.08523232489824295,-0.10661719739437103,0.14590827624003092,0.3570037434498469,0.10645875955621402,0.018795480330785114,0.27734165638685226
0.14701604843139648,0.0016693361103534698,0.39661892503499985,0.08038073033094406,0.14881382510066032,-0.10541645996272564,-0.3916950784623623,0.04980013519525528
0.41430892050266266,0.033332335452238716,0.34966382881005603,-0.3369160667061806,-0.5100334137678146,0.1142098717391491,-0.3228054344654083,0.4422646885116895
0.41430892050266266,0.033332335452238716,0.34966382881005603,-0.3369160667061806,-0.5100334137678146,0.1142098717391491,-0.3228054344654083,0.4422646885116895
0.14701604843139648,0.0016693361103534698,0.39661892503499985,0.08038073033094406,0.14881382510066032,-0.10541645996272564,-0.3916950784623623,0.04980013519525528
0.41430892050266266,0.033332335452238716,0.34966382881005603,-0.3369160667061806,-0.5100334137678146,0.1142098717391491,-0.3228054344654083,0.4422646885116895
0.41430892050266266,0.033332335452238716,0.34966382881005603,-0.3369160667061806,-0.5100334137678146,0.1142098717391491,-0.3228054344654083,0.4422646885116895
0.22728381554285684,0.08523232489824295,-0.10661719739437103,0.14590827624003092,0.3570037434498469,0.10645875955621402,0.018795480330785114,0.27734165638685226
0.14701604843139648,0.0016693361103534698,0.39661892503499985,0.08038073033094406,0.14881382510066032,-0.10541645996272564,-0.3916950784623623,0.04980013519525528
0.41430892050266266,0.033332335452238716,0.34966382881005603,-0.3369160667061806,-0.5100334137678146,0.1142098717391491,-0.3228054344654083,0.4422646885116895
0.41430892050266266,0.033332335452238716,0.34966382881005603,-0.3369160667061806,-0.5100334137678146,0.1142098717391491,-0.3228054344654083,0.4422646885116895
0.26957036554813385,-0.3926181197166443,0.6032419502735138,0.22891936699549356,-0.1153176377216975,0.5529614016413689,-0.3145962059497833,-0.20381498336791992
0.37218758650124073,-0.16079276613891125,0.3453126586973667,0.044778069481253624,0.045406274497509,0.3474126309156418,0.49537153728306293,0.325538944453001
0.37218758650124073,-0.16079276613891125,0.3453126586973667,0.044778069481253624,0.045406274497509,0.3474126309156418,0.49537153728306293,0.325538944453001
0.12871237471699715,0.036047741770744324,-0.33430638164281845,0.4153965190052986,-0.3423684909939766,-0.4946982990950346,0.49755436554551125,0.0730857290327549
0.12871237471699715,0.036047741770744324,-0.33430638164281845,0.4153965190052986,-0.3423684909939766,-0.4946982990950346,0.49755436554551125,0.0730857290327549
0.34682847559452057,0.09974615871906281,0.24050271809101104,0.5242596685886383,0.40002227425575254,-0.09342028498649597,0.3791244298219681,-0.3552097171545029
0.1349644809961319,-0.24864201247692108,0.2606943428516388,0.306316140294075,0.13089180290699004,0.42792681604623795,0.32615765631198884,-0.26250537633895876
0.1349644809961319,-0.24864201247692108,0.2606943428516388,0.306316140294075,0.13089180290699004,0.42792681604623795,0.32615765631198884,-0.26250537633895876
0.1349644809961319,-0.24864201247692108,0.2606943428516388,0.306316140294075,0.13089180290699004,0.42792681604623795,0.32615765631198884,-0.26250537633895876
0.34682847559452057,0.09974615871906281,0.24050271809101104,0.5242596685886383,0.40002227425575254,-0.09342028498649597,0.3791244298219681,-0.3552097171545029
0.3706640253464381,0.2941777805487315,-0.38367634018262226,0.515915130575498,-0.586417223016421,0.15230153997739157,-0.09438944359620412,0.39983510474363965
0.49578671370233807,-0.00039129172052655904,0.22079375386238098,0.4659351812941687,0.1448294541665486,0.020223326981067657,0.4568472738776888,0.016436319266046797
0.49578671370233807,-0.00039129172052655904,0.22079375386238098,0.4659351812941687,0.1448294541665486,0.020223326981067657,0.4568472738776888,0.016436319266046797
0.49578671370233807,-0.00039129172052655904,0.22079375386238098,0.4659351812941687,0.1448294541665486,0.020223326981067657,0.4568472738776888,0.016436319266046797
-0.31489749252796173,0.02923143406709035,0.6017361283302307,0.24776230421331194,0.3362129264407688,0.44484423100948334,0.3089376903242535,-0.0655733777417077
0.18719589337706566,0.6039239875972271,0.04338688589632511,0.0791955254971981,0.24911131337285042,0.03418542258441448,0.41057997569441795,-0.15439374279230833
-0.31489749252796173,0.02923143406709035,0.6017361283302307,0.24776230421331194,0.3362129264407688,0.44484423100948334,0.3089376903242535,-0.0655733777417077
0.49578671370233807,-0.00039129172052655904,0.22079375386238098,0.4659351812941687,0.1448294541665486,0.020223326981067657,0.4568472738776888,0.016436319266046797
0.05408432831366857,-0.14085949088136354,0.02582971751689911,0.2667061984539032,-0.30876309672991437,0.43993466223279637,0.5942420785625776,0.10905222843090694
-0.21084044575691224,0.12691530585289001,0.15393084585666655,0.4151467591524124,0.3792130768299103,-0.25955369770526887,0.10488108098506928,-0.061357854306697844
-0.21084044575691224,0.12691530585289001,0.15393084585666655,0.4151467591524124,0.3792130768299103,-0.25955369770526887,0.10488108098506928,-0.061357854306697844
-0.21084044575691224,0.12691530585289001,0.15393084585666655,0.4151467591524124,0.3792130768299103,-0.25955369770526887,0.10488108098506928,-0.061357854306697844
-0.21084044575691224,0.12691530585289001,0.15393084585666655,0.4151467591524124,0.3792130768299103,-0.25955369770526887,0.10488108098506928,-0.061357854306697844
0.12871237471699715,0.036047741770744324,-0.33430638164281845,0.4153965190052986,-0.3423684909939766,-0.4946982990950346,0.49755436554551125,0.0730857290327549
0.12871237471699715,0.036047741770744324,-0.33430638164281845,0.4153965190052986,-0.3423684909939766,-0.4946982990950346,0.49755436554551125,0.0730857290327549
0.12871237471699715,0.036047741770744324,-0.33430638164281845,0.4153965190052986,-0.3423684909939766,-0.4946982990950346,0.49755436554551125,0.0730857290327549
0.12871237471699715,0.036047741770744324,-0.33430638164281845,0.4153965190052986,-0.3423684909939766,-0.4946982990950346,0.49755436554551125,0.0730857290327549
0.12871237471699715,0.036047741770744324,-0.33430638164281845,0.4153965190052986,-0.3423684909939766,-0.4946982990950346,0.49755436554551125,0.0730857290327549
0.12871237471699715,0.036047741770744324,-0.33430638164281845,0.4153965190052986,-0.3423684909939766,-0.4946982990950346,0.49755436554551125,0.0730857290327549
0.12871237471699715,0.036047741770744324,-0.33430638164281845,0.4153965190052986,-0.3423684909939766,-0.4946982990950346,0.49755436554551125,0.0730857290327549
0.13101000587145487,0.1465219325489468,-0.0842616789870792,-0.23620410594675276,-0.028559994366433885,0.06762987623612086,0.5617466751072142,0.9493828697337044
0.13101000587145487,0.1465219325489468,-0.0842616789870792,-0.23620410594675276,-0.028559994366433885,0.06762987623612086,0.5617466751072142,0.9493828697337044
0.13101000587145487,0.1465219325489468,-0.0842616789870792,-0.23620410594675276,-0.028559994366433885,0.06762987623612086,0.5617466751072142,0.9493828697337044
0.12871237471699715,0.036047741770744324,-0.33430638164281845,0.4153965190052986,-0.3423684909939766,-0.4946982990950346,0.49755436554551125,0.0730857290327549
0.12871237471699715,0.036047741770744324,-0.33430638164281845,0.4153965190052986,-0.3423684909939766,-0.4946982990950346,0.49755436554551125,0.0730857290327549
0.12871237471699715,0.036047741770744324,-0.33430638164281845,0.4153965190052986,-0.3423684909939766,-0.4946982990950346,0.49755436554551125,0.0730857290327549
0.17932621538639068,-0.3042065218091011,0.11185179352760315,0.4582603543996811,-0.14489476680755614,0.037131364643573764,0.19389086067676545,0.054331475496292116
0.2615922604288374,0.2475400141307286,-0.5571751424244472,-0.1700735092163086,0.16723263263702393,0.4102939771754401,0.10596511193684169,0.39029690836157116
-0.0183766313961574,0.17237654966967447,-0.17902247181960515,-0.07128896457808358,0.15003877452441625,0.5289096598114286,0.6180762818881443,0.31798285245895386
-0.0183766313961574,0.17237654966967447,-0.17902247181960515,-0.07128896457808358,0.15003877452441625,0.5289096598114286,0.6180762818881443,0.31798285245895386
0.2615922604288374,0.2475400141307286,-0.5571751424244472,-0.1700735092163086,0.16723263263702393,0.4102939771754401,0.10596511193684169,0.39029690836157116
0.036924262841542564,-0.013140435020128885,0.30324406425158185,0.015880237023035686,0.23988303542137146,0.054465306301911674,-0.16001343230406442,0.5528573642174403
-0.6818962246179581,-0.32922615110874176,0.2903595318396886,-0.14052785436312357,-0.18815337618192038,-0.2991962805390358,0.19696049392223358,0.4147024800380071
0.036924262841542564,-0.013140435020128885,0.30324406425158185,0.015880237023035686,0.23988303542137146,0.054465306301911674,-0.16001343230406442,0.5528573642174403
-0.1816264142592748,-0.02621719737847646,0.48475878437360126,-0.19634410738945007,-0.4985476831595103,0.2614505315820376,-0.024778306484222412,0.17538103461265564
-0.6818962246179581,-0.32922615110874176,0.2903595318396886,-0.14052785436312357,-0.18815337618192038,-0.2991962805390358,0.19696049392223358,0.4147024800380071
0.4015067100524902,-0.41446646451950075,0.08655608296394349,0.7477735936641693,-0.7099606096744537,1.0499648824334145,0.6330313712358475,-0.33107100129127504
0.4015067100524902,-0.41446646451950075,0.08655608296394349,0.7477735936641693,-0.7099606096744537,1.0499648824334145,0.6330313712358475,-0.33107100129127504
0.7779410779476166,0.5511933863162994,0.21106838434934616,0.5995280295610428,1.2443957850337029,-0.1249241977930069,-0.1949780061841011,0.5109774768352509
0.7779410779476166,0.5511933863162994,0.21106838434934616,0.5995280295610428,1.2443957850337029,-0.1249241977930069,-0.1949780061841011,0.5109774768352509
0.11346747229496638,-0.27365266780058545,0.1834080989162127,0.22891161094109216,-0.18998858829339346,-0.4460921014348666,0.14133395627141,0.37135541439056396
0.11346747229496638,-0.27365266780058545,0.1834080989162127,0.22891161094109216,-0.18998858829339346,-0.4460921014348666,0.14133395627141,0.37135541439056396
0.09477692594130833,-0.21257531394561133,0.16895040621360144,-0.022500174740950268,-0.4364326645930608,-0.36235032975673676,0.18141258135437965,0.3617270514369011
0.18203510642051696,-0.10950573682785034,0.010061895847320557,-0.19846825897693635,0.743960851430893,0.8173467248678208,-0.02348846197128296,-0.07286021113395691
0.11346747229496638,-0.27365266780058545,0.1834080989162127,0.22891161094109216,-0.18998858829339346,-0.4460921014348666,0.14133395627141,0.37135541439056396
0.11346747229496638,-0.27365266780058545,0.1834080989162127,0.22891161094109216,-0.18998858829339346,-0.4460921014348666,0.14133395627141,0.37135541439056396
0.11346747229496638,-0.27365266780058545,0.1834080989162127,0.22891161094109216,-0.18998858829339346,-0.4460921014348666,0.14133395627141,0.37135541439056396
0.11346747229496638,-0.27365266780058545,0.1834080989162127,0.22891161094109216,-0.18998858829339346,-0.4460921014348666,0.14133395627141,0.37135541439056396
0.11346747229496638,-0.27365266780058545,0.1834080989162127,0.22891161094109216,-0.18998858829339346,-0.4460921014348666,0.14133395627141,0.37135541439056396
0.11346747229496638,-0.27365266780058545,0.1834080989162127,0.22891161094109216,-0.18998858829339346,-0.4460921014348666,0.14133395627141,0.37135541439056396
0.18203510642051696,-0.10950573682785034,0.010061895847320557,-0.19846825897693635,0.743960851430893,0.8173467248678208,-0.02348846197128296,-0.07286021113395691
0.11346747229496638,-0.27365266780058545,0.1834080989162127,0.22891161094109216,-0.18998858829339346,-0.4460921014348666,0.14133395627141,0.37135541439056396
0.11346747229496638,-0.27365266780058545,0.1834080989162127,0.22891161094109216,-0.18998858829339346,-0.4460921014348666,0.14133395627141,0.37135541439056396
0.11346747229496638,-0.27365266780058545,0.1834080989162127,0.22891161094109216,-0.18998858829339346,-0.4460921014348666,0.14133395627141,0.37135541439056396
0.11346747229496638,-0.27365266780058545,0.1834080989162127,0.22891161094109216,-0.18998858829339346,-0.4460921014348666,0.14133395627141,0.37135541439056396
0.11346747229496638,-0.27365266780058545,0.1834080989162127,0.22891161094109216,-0.18998858829339346,-0.4460921014348666,0.14133395627141,0.37135541439056396
0.11346747229496638,-0.27365266780058545,0.1834080989162127,0.22891161094109216,-0.18998858829339346,-0.4460921014348666,0.14133395627141,0.37135541439056396
0.014916097124417623,-0.3832441369692485,0.4815138379732768,0.6768875097235044,-0.6037080710132917,0.16236741344134012,-0.056062597781419754,0.36075296501318616
0.18203510642051696,-0.10950573682785034,0.010061895847320557,-0.19846825897693635,0.743960851430893,0.8173467248678208,-0.02348846197128296,-0.07286021113395691
0.4301249831914902,-0.3508875497749874,0.40651674568653107,0.5523393090282168,-0.5093751762594495,-0.01624986103602818,0.1652567290834018,0.21139460802078247
0.4301249831914902,-0.3508875497749874,0.40651674568653107,0.5523393090282168,-0.5093751762594495,-0.01624986103602818,0.1652567290834018,0.21139460802078247
0.014916097124417623,-0.3832441369692485,0.4815138379732768,0.6768875097235044,-0.6037080710132917,0.16236741344134012,-0.056062597781419754,0.36075296501318616
0.18203510642051696,-0.10950573682785034,0.010061895847320557,-0.19846825897693635,0.743960851430893,0.8173467248678208,-0.02348846197128296,-0.07286021113395691
-0.0928007240096728,0.10676471889019012,0.640712060034275,0.21894762168327966,-0.16283065577348074,-0.31275545060634613,0.04705439880490303,0.42211542278528214
0.172713103890419,0.6930726081132889,0.06114746928215027,0.1283780664205551,-0.04181646704673767,-0.22787203639745712,0.2634210526943207,0.09706260561943054
0.172713103890419,0.6930726081132889,0.06114746928215027,0.1283780664205551,-0.04181646704673767,-0.22787203639745712,0.2634210526943207,0.09706260561943054
0.18203510642051696,-0.10950573682785034,0.010061895847320557,-0.19846825897693635,0.743960851430893,0.8173467248678208,-0.02348846197128296,-0.07286021113395691
0.4301249831914902,-0.3508875497749874,0.40651674568653107,0.5523393090282168,-0.5093751762594495,-0.01624986103602818,0.1652567290834018,0.21139460802078247
0.4301249831914902,-0.3508875497749874,0.40651674568653107,0.5523393090282168,-0.5093751762594495,-0.01624986103602818,0.1652567290834018,0.21139460802078247
0.172713103890419,0.6930726081132889,0.06114746928215027,0.1283780664205551,-0.04181646704673767,-0.22787203639745712,0.2634210526943207,0.09706260561943054
0.172713103890419,0.6930726081132889,0.06114746928215027,0.1283780664205551,-0.04181646704673767,-0.22787203639745712,0.2634210526943207,0.09706260561943054
0.18203510642051696,-0.10950573682785034,0.010061895847320557,-0.19846825897693635,0.743960851430893,0.8173467248678208,-0.02348846197128296,-0.07286021113395691
0.4301249831914902,-0.3508875497749874,0.40651674568653107,0.5523393090282168,-0.5093751762594495,-0.01624986103602818,0.1652567290834018,0.21139460802078247
0.4301249831914902,-0.3508875497749874,0.40651674568653107,0.5523393090282168,-0.5093751762594495,-0.01624986103602818,0.1652567290834018,0.21139460802078247
0.18203510642051696,-0.10950573682785034,0.010061895847320557,-0.19846825897693635,0.743960851430893,0.8173467248678208,-0.02348846197128296,-0.07286021113395691
0.11346747229496638,-0.27365266780058545,0.1834080989162127,0.22891161094109216,-0.18998858829339346,-0.4460921014348666,0.14133395627141,0.37135541439056396
0.11346747229496638,-0.27365266780058545,0.1834080989162127,0.22891161094109216,-0.18998858829339346,-0.4460921014348666,0.14133395627141,0.37135541439056396
0.11346747229496638,-0.27365266780058545,0.1834080989162127,0.22891161094109216,-0.18998858829339346,-0.4460921014348666,0.14133395627141,0.37135541439056396
0.11346747229496638,-0.27365266780058545,0.1834080989162127,0.22891161094109216,-0.18998858829339346,-0.4460921014348666,0.14133395627141,0.37135541439056396
0.11346747229496638,-0.27365266780058545,0.1834080989162127,0.22891161094109216,-0.18998858829339346,-0.4460921014348666,0.14133395627141,0.37135541439056396
0.26529596745967865,0.2631732275088628,0.6600229243437449,-0.12238018711407979,0.4512507418791453,0.8217156752943993,0.3916538804769516,0.3273518532514572
0.26957036554813385,-0.3926181197166443,0.6032419502735138,0.22891936699549356,-0.1153176377216975,0.5529614016413689,-0.3145962059497833,-0.20381498336791992
0.15902945895989737,-0.0979868620634079,-0.016355377932389576,0.0738150104880333,-0.5147997488578161,-0.2416351263721784,-0.12736098592480025,0.3029571498433749
0.18203510642051696,-0.10950573682785034,0.010061895847320557,-0.19846825897693635,0.743960851430893,0.8173467248678208,-0.02348846197128296,-0.07286021113395691
0.172713103890419,0.6930726081132889,0.06114746928215027,0.1283780664205551,-0.04181646704673767,-0.22787203639745712,0.2634210526943207,0.09706260561943054
0.014916097124417623,-0.3832441369692485,0.4815138379732768,0.6768875097235044,-0.6037080710132917,0.16236741344134012,-0.056062597781419754,0.36075296501318616
0.15902945895989737,-0.0979868620634079,-0.016355377932389576,0.0738150104880333,-0.5147997488578161,-0.2416351263721784,-0.12736098592480025,0.3029571498433749
0.15902945895989737,-0.0979868620634079,-0.016355377932389576,0.0738150104880333,-0.5147997488578161,-0.2416351263721784,-0.12736098592480025,0.3029571498433749
0.15902945895989737,-0.0979868620634079,-0.016355377932389576,0.0738150104880333,-0.5147997488578161,-0.2416351263721784,-0.12736098592480025,0.3029571498433749
0.014916097124417623,-0.3832441369692485,0.4815138379732768,0.6768875097235044,-0.6037080710132917,0.16236741344134012,-0.056062597781419754,0.36075296501318616
0.31526680663228035,-0.1564256213605404,0.08317355625331402,0.26727653853595257,-0.42980054020881653,-0.3166737724095583,0.18481528293341398,0.03905561938881874
0.31526680663228035,-0.1564256213605404,0.08317355625331402,0.26727653853595257,-0.42980054020881653,-0.3166737724095583,0.18481528293341398,0.03905561938881874
0.31526680663228035,-0.1564256213605404,0.08317355625331402,0.26727653853595257,-0.42980054020881653,-0.3166737724095583,0.18481528293341398,0.03905561938881874
0.014916097124417623,-0.3832441369692485,0.4815138379732768,0.6768875097235044,-0.6037080710132917,0.16236741344134012,-0.056062597781419754,0.36075296501318616
0.09477692594130833,-0.21257531394561133,0.16895040621360144,-0.022500174740950268,-0.4364326645930608,-0.36235032975673676,0.18141258135437965,0.3617270514369011
0.09477692594130833,-0.21257531394561133,0.16895040621360144,-0.022500174740950268,-0.4364326645930608,-0.36235032975673676,0.18141258135437965,0.3617270514369011
0.09477692594130833,-0.21257531394561133,0.16895040621360144,-0.022500174740950268,-0.4364326645930608,-0.36235032975673676,0.18141258135437965,0.3617270514369011
0.014916097124417623,-0.3832441369692485,0.4815138379732768,0.6768875097235044,-0.6037080710132917,0.16236741344134012,-0.056062597781419754,0.36075296501318616
0.2670774068683386,-0.24236696027219296,0.22215289436280727,0.1950401496142149,-0.3710252270102501,-0.40721017494797707,0.4163954583927989,0.0831330455839634
0.2670774068683386,-0.24236696027219296,0.22215289436280727,0.1950401496142149,-0.3710252270102501,-0.40721017494797707,0.4163954583927989,0.0831330455839634
0.2670774068683386,-0.24236696027219296,0.22215289436280727,0.1950401496142149,-0.3710252270102501,-0.40721017494797707,0.4163954583927989,0.0831330455839634
0.2707113077243169,0.3465106934309006,0.47594788670539856,0.6888077557086945,-0.5208288927872976,-0.027880899608135223,-0.5113432159026464,0.1787703956166903
0.18203510642051696,-0.10950573682785034,0.010061895847320557,-0.19846825897693635,0.743960851430893,0.8173467248678208,-0.02348846197128296,-0.07286021113395691
0.11346747229496638,-0.27365266780058545,0.1834080989162127,0.22891161094109216,-0.18998858829339346,-0.4460921014348666,0.14133395627141,0.37135541439056396
0.11346747229496638,-0.27365266780058545,0.1834080989162127,0.22891161094109216,-0.18998858829339346,-0.4460921014348666,0.14133395627141,0.37135541439056396
0.11346747229496638,-0.27365266780058545,0.1834080989162127,0.22891161094109216,-0.18998858829339346,-0.4460921014348666,0.14133395627141,0.37135541439056396
0.11346747229496638,-0.27365266780058545,0.1834080989162127,0.22891161094109216,-0.18998858829339346,-0.4460921014348666,0.14133395627141,0.37135541439056396
0.11346747229496638,-0.27365266780058545,0.1834080989162127,0.22891161094109216,-0.18998858829339346,-0.4460921014348666,0.14133395627141,0.37135541439056396
0.18203510642051696,-0.10950573682785034,0.010061895847320557,-0.19846825897693635,0.743960851430893,0.8173467248678208,-0.02348846197128296,-0.07286021113395691
0.14200311650832495,0.6782623156905174,0.017898870011170704,0.33012845863898593,0.2598763356606166,-0.06378739948074023,0.09918809433778127,0.12379096448421478
0.14200311650832495,0.6782623156905174,0.017898870011170704,0.33012845863898593,0.2598763356606166,-0.06378739948074023,0.09918809433778127,0.12379096448421478
0.13599079847335815,0.5523341856896877,-0.017234206199645996,0.12300856225192547,0.1815197803080082,0.1365599762648344,0.40781689435243607,0.00587542075663805
0.014916097124417623,-0.3832441369692485,0.4815138379732768,0.6768875097235044,-0.6037080710132917,0.16236741344134012,-0.056062597781419754,0.36075296501318616
0.1881580310208457,-0.05052408150264195,0.4057696759700775,0.2325750184910638,-0.23225473931857518,0.03530861224446978,0.14290638906615122,0.2676306026322501
0.2007298618555069,-0.32055042896951946,0.12998017881597793,0.3632366167647498,-0.3271101436444691,-0.02299654483795166,0.13863385894468852,-0.08644121672425951
0.2007298618555069,-0.32055042896951946,0.12998017881597793,0.3632366167647498,-0.3271101436444691,-0.02299654483795166,0.13863385894468852,-0.08644121672425951
0.2007298618555069,-0.32055042896951946,0.12998017881597793,0.3632366167647498,-0.3271101436444691,-0.02299654483795166,0.13863385894468852,-0.08644121672425951
0.18203510642051696,-0.10950573682785034,0.010061895847320557,-0.19846825897693635,0.743960851430893,0.8173467248678208,-0.02348846197128296,-0.07286021113395691
0.11346747229496638,-0.27365266780058545,0.1834080989162127,0.22891161094109216,-0.18998858829339346,-0.4460921014348666,0.14133395627141,0.37135541439056396
0.11346747229496638,-0.27365266780058545,0.1834080989162127,0.22891161094109216,-0.18998858829339346,-0.4460921014348666,0.14133395627141,0.37135541439056396
0.11346747229496638,-0.27365266780058545,0.1834080989162127,0.22891161094109216,-0.18998858829339346,-0.4460921014348666,0.14133395627141,0.37135541439056396
0.11346747229496638,-0.27365266780058545,0.1834080989162127,0.22891161094109216,-0.18998858829339346,-0.4460921014348666,0.14133395627141,0.37135541439056396
0.18203510642051696,-0.10950573682785034,0.010061895847320557,-0.19846825897693635,0.743960851430893,0.8173467248678208,-0.02348846197128296,-0.07286021113395691
0.14200311650832495,0.6782623156905174,0.017898870011170704,0.33012845863898593,0.2598763356606166,-0.06378739948074023,0.09918809433778127,0.12379096448421478
0.014916097124417623,-0.3832441369692485,0.4815138379732768,0.6768875097235044,-0.6037080710132917,0.16236741344134012,-0.056062597781419754,0.36075296501318616
0.5772555813193321,0.2000497907400131,0.2037515863776207,0.14970500022172928,-0.353055314719677,-0.05975350141525269,-0.30296081230044364,0.27326301485300064
0.5772555813193321,0.2000497907400131,0.2037515863776207,0.14970500022172928,-0.353055314719677,-0.05975350141525269,-0.30296081230044364,0.27326301485300064
0.5772555813193321,0.2000497907400131,0.2037515863776207,0.14970500022172928,-0.353055314719677,-0.05975350141525269,-0.30296081230044364,0.27326301485300064
0.38646568953990934,0.22035260498523712,0.3890021741390228,0.41097052693367003,-0.07687959969043731,0.6266206607222558,0.20520115196704863,0.3310785800218582
0.18203510642051696,-0.10950573682785034,0.010061895847320557,-0.19846825897693635,0.743960851430893,0.8173467248678208,-0.02348846197128296,-0.07286021113395691
0.14200311650832495,0.6782623156905174,0.017898870011170704,0.33012845863898593,0.2598763356606166,-0.06378739948074023,0.09918809433778127,0.12379096448421478
0.14200311650832495,0.6782623156905174,0.017898870011170704,0.33012845863898593,0.2598763356606166,-0.06378739948074023,0.09918809433778127,0.12379096448421478
0.14200311650832495,0.6782623156905174,0.017898870011170704,0.33012845863898593,0.2598763356606166,-0.06378739948074023,0.09918809433778127,0.12379096448421478
0.14200311650832495,0.6782623156905174,0.017898870011170704,0.33012845863898593,0.2598763356606166,-0.06378739948074023,0.09918809433778127,0.12379096448421478
0.18719589337706566,0.6039239875972271,0.04338688589632511,0.0791955254971981,0.24911131337285042,0.03418542258441448,0.41057997569441795,-0.15439374279230833
0.14200311650832495,0.6782623156905174,0.017898870011170704,0.33012845863898593,0.2598763356606166,-0.06378739948074023,0.09918809433778127,0.12379096448421478
0.14200311650832495,0.6782623156905174,0.017898870011170704,0.33012845863898593,0.2598763356606166,-0.06378739948074023,0.09918809433778127,0.12379096448421478
0.14200311650832495,0.6782623156905174,0.017898870011170704,0.33012845863898593,0.2598763356606166,-0.06378739948074023,0.09918809433778127,0.12379096448421478
0.14200311650832495,0.6782623156905174,0.017898870011170704,0.33012845863898593,0.2598763356606166,-0.06378739948074023,0.09918809433778127,0.12379096448421478
0.14200311650832495,0.6782623156905174,0.017898870011170704,0.33012845863898593,0.2598763356606166,-0.06378739948074023,0.09918809433778127,0.12379096448421478
0.14200311650832495,0.6782623156905174,0.017898870011170704,0.33012845863898593,0.2598763356606166,-0.06378739948074023,0.09918809433778127,0.12379096448421478
0.14200311650832495,0.6782623156905174,0.017898870011170704,0.33012845863898593,0.2598763356606166,-0.06378739948074023,0.09918809433778127,0.12379096448421478
0.14200311650832495,0.6782623156905174,0.017898870011170704,0.33012845863898593,0.2598763356606166,-0.06378739948074023,0.09918809433778127,0.12379096448421478
0.14200311650832495,0.6782623156905174,0.017898870011170704,0.33012845863898593,0.2598763356606166,-0.06378739948074023,0.09918809433778127,0.12379096448421478
0.1881580310208457,-0.05052408150264195,0.4057696759700775,0.2325750184910638,-0.23225473931857518,0.03530861224446978,0.14290638906615122,0.2676306026322501
0.18203510642051696,-0.10950573682785034,0.010061895847320557,-0.19846825897693635,0.743960851430893,0.8173467248678208,-0.02348846197128296,-0.07286021113395691
0.14200311650832495,0.6782623156905174,0.017898870011170704,0.33012845863898593,0.2598763356606166,-0.06378739948074023,0.09918809433778127,0.12379096448421478
0.14200311650832495,0.6782623156905174,0.017898870011170704,0.33012845863898593,0.2598763356606166,-0.06378739948074023,0.09918809433778127,0.12379096448421478
0.14200311650832495,0.6782623156905174,0.017898870011170704,0.33012845863898593,0.2598763356606166,-0.06378739948074023,0.09918809433778127,0.12379096448421478
0.014916097124417623,-0.3832441369692485,0.4815138379732768,0.6768875097235044,-0.6037080710132917,0.16236741344134012,-0.056062597781419754,0.36075296501318616
0.8405110742896795,-0.080645602196455,-0.0654993299394846,0.11722254380583763,-0.10855535231530666,-0.5220467001199722,-0.06943068746477365,0.3802738282829523
0.8405110742896795,-0.080645602196455,-0.0654993299394846,0.11722254380583763,-0.10855535231530666,-0.5220467001199722,-0.06943068746477365,0.3802738282829523
0.8405110742896795,-0.080645602196455,-0.0654993299394846,0.11722254380583763,-0.10855535231530666,-0.5220467001199722,-0.06943068746477365,0.3802738282829523
0.18203510642051696,-0.10950573682785034,0.010061895847320557,-0.19846825897693635,0.743960851430893,0.8173467248678208,-0.02348846197128296,-0.07286021113395691
0.14200311650832495,0.6782623156905174,0.017898870011170704,0.33012845863898593,0.2598763356606166,-0.06378739948074023,0.09918809433778127,0.12379096448421478
0.14200311650832495,0.6782623156905174,0.017898870011170704,0.33012845863898593,0.2598763356606166,-0.06378739948074023,0.09918809433778127,0.12379096448421478
0.14200311650832495,0.6782623156905174,0.017898870011170704,0.33012845863898593,0.2598763356606166,-0.06378739948074023,0.09918809433778127,0.12379096448421478
0.14200311650832495,0.6782623156905174,0.017898870011170704,0.33012845863898593,0.2598763356606166,-0.06378739948074023,0.09918809433778127,0.12379096448421478
0.14200311650832495,0.6782623156905174,0.017898870011170704,0.33012845863898593,0.2598763356606166,-0.06378739948074023,0.09918809433778127,0.12379096448421478
0.18203510642051696,-0.10950573682785034,0.010061895847320557,-0.19846825897693635,0.743960851430893,0.8173467248678208,-0.02348846197128296,-0.07286021113395691
0.14200311650832495,0.6782623156905174,0.017898870011170704,0.33012845863898593,0.2598763356606166,-0.06378739948074023,0.09918809433778127,0.12379096448421478
0.14200311650832495,0.6782623156905174,0.017898870011170704,0.33012845863898593,0.2598763356606166,-0.06378739948074023,0.09918809433778127,0.12379096448421478
0.014916097124417623,-0.3832441369692485,0.4815138379732768,0.6768875097235044,-0.6037080710132917,0.16236741344134012,-0.056062597781419754,0.36075296501318616
0.6886730309989717,-0.05238219598929087,0.0062386906809277,0.0012211501598358154,-0.07830095125569238,-0.5538347893291049,0.04339644561211268,0.4560332116153505
0.11525420678986444,0.30877875288327533,-0.031630282600720726,0.16043840679857466,0.3756653153234058,0.29959508942233193,0.561522051692009,-0.26429249429040486
0.6886730309989717,-0.05238219598929087,0.0062386906809277,0.0012211501598358154,-0.07830095125569238,-0.5538347893291049,0.04339644561211268,0.4560332116153505
0.6886730309989717,-0.05238219598929087,0.0062386906809277,0.0012211501598358154,-0.07830095125569238,-0.5538347893291049,0.04339644561211268,0.4560332116153505
0.18203510642051696,-0.10950573682785034,0.010061895847320557,-0.19846825897693635,0.743960851430893,0.8173467248678208,-0.02348846197128296,-0.07286021113395691
0.14200311650832495,0.6782623156905174,0.017898870011170704,0.33012845863898593,0.2598763356606166,-0.06378739948074023,0.09918809433778127,0.12379096448421478
0.14200311650832495,0.6782623156905174,0.017898870011170704,0.33012845863898593,0.2598763356606166,-0.06378739948074023,0.09918809433778127,0.12379096448421478
0.1881580310208457,-0.05052408150264195,0.4057696759700775,0.2325750184910638,-0.23225473931857518,0.03530861224446978,0.14290638906615122,0.2676306026322501
0.14200311650832495,0.6782623156905174,0.017898870011170704,0.33012845863898593,0.2598763356606166,-0.06378739948074023,0.09918809433778127,0.12379096448421478
0.14200311650832495,0.6782623156905174,0.017898870011170704,0.33012845863898593,0.2598763356606166,-0.06378739948074023,0.09918809433778127,0.12379096448421478
0.14200311650832495,0.6782623156905174,0.017898870011170704,0.33012845863898593,0.2598763356606166,-0.06378739948074023,0.09918809433778127,0.12379096448421478
0.18203510642051696,-0.10950573682785034,0.010061895847320557,-0.19846825897693635,0.743960851430893,0.8173467248678208,-0.02348846197128296,-0.07286021113395691
0.14200311650832495,0.6782623156905174,0.017898870011170704,0.33012845863898593,0.2598763356606166,-0.06378739948074023,0.09918809433778127,0.12379096448421478
0.14200311650832495,0.6782623156905174,0.017898870011170704,0.33012845863898593,0.2598763356606166,-0.06378739948074023,0.09918809433778127,0.12379096448421478
0.014916097124417623,-0.3832441369692485,0.4815138379732768,0.6768875097235044,-0.6037080710132917,0.16236741344134012,-0.056062597781419754,0.36075296501318616
0.7566100334127744,-0.06998774905999501,0.06141358448399438,0.2645726435714298,-0.03651485012637244,-0.36074785391489667,-0.10830909096532398,0.3329850352472729
0.7566100334127744,-0.06998774905999501,0.06141358448399438,0.2645726435714298,-0.03651485012637244,-0.36074785391489667,-0.10830909096532398,0.3329850352472729
0.7566100334127744,-0.06998774905999501,0.06141358448399438,0.2645726435714298,-0.03651485012637244,-0.36074785391489667,-0.10830909096532398,0.3329850352472729
0.18203510642051696,-0.10950573682785034,0.010061895847320557,-0.19846825897693635,0.743960851430893,0.8173467248678208,-0.02348846197128296,-0.07286021113395691
0.14200311650832495,0.6782623156905174,0.017898870011170704,0.33012845863898593,0.2598763356606166,-0.06378739948074023,0.09918809433778127,0.12379096448421478
0.14200311650832495,0.6782623156905174,0.017898870011170704,0.33012845863898593,0.2598763356606166,-0.06378739948074023,0.09918809433778127,0.12379096448421478
0.14200311650832495,0.6782623156905174,0.017898870011170704,0.33012845863898593,0.2598763356606166,-0.06378739948074023,0.09918809433778127,0.12379096448421478
0.14200311650832495,0.6782623156905174,0.017898870011170704,0.33012845863898593,0.2598763356606166,-0.06378739948074023,0.09918809433778127,0.12379096448421478
0.14200311650832495,0.6782623156905174,0.017898870011170704,0.33012845863898593,0.2598763356606166,-0.06378739948074023,0.09918809433778127,0.12379096448421478
0.14200311650832495,0.6782623156905174,0.017898870011170704,0.33012845863898593,0.2598763356606166,-0.06378739948074023,0.09918809433778127,0.12379096448421478
0.18203510642051696,-0.10950573682785034,0.010061895847320557,-0.19846825897693635,0.743960851430893,0.8173467248678208,-0.02348846197128296,-0.07286021113395691
0.172713103890419,0.6930726081132889,0.06114746928215027,0.1283780664205551,-0.04181646704673767,-0.22787203639745712,0.2634210526943207,0.09706260561943054
0.172713103890419,0.6930726081132889,0.06114746928215027,0.1283780664205551,-0.04181646704673767,-0.22787203639745712,0.2634210526943207,0.09706260561943054
0.172713103890419,0.6930726081132889,0.06114746928215027,0.1283780664205551,-0.04181646704673767,-0.22787203639745712,0.2634210526943207,0.09706260561943054
0.2167939469218254,0.09890007227659225,0.41467440500855446,-0.05181295983493328,-0.24099262431263924,0.044848847202956676,0.584806440398097,1.0152880642563105
0.014916097124417623,-0.3832441369692485,0.4815138379732768,0.6768875097235044,-0.6037080710132917,0.16236741344134012,-0.056062597781419754,0.36075296501318616
0.7055079191923141,-0.060867010719246335,-0.06680408782429165,0.05528683463732401,-0.11302951309416029,-0.6472989718119303,0.05179946207337909,0.34062370823489296
0.7055079191923141,-0.060867010719246335,-0.06680408782429165,0.05528683463732401,-0.11302951309416029,-0.6472989718119303,0.05179946207337909,0.34062370823489296
0.7055079191923141,-0.060867010719246335,-0.06680408782429165,0.05528683463732401,-0.11302951309416029,-0.6472989718119303,0.05179946207337909,0.34062370823489296
0.7055079191923141,-0.060867010719246335,-0.06680408782429165,0.05528683463732401,-0.11302951309416029,-0.6472989718119303,0.05179946207337909,0.34062370823489296
0.7055079191923141,-0.060867010719246335,-0.06680408782429165,0.05528683463732401,-0.11302951309416029,-0.6472989718119303,0.05179946207337909,0.34062370823489296
0.7055079191923141,-0.060867010719246335,-0.06680408782429165,0.05528683463732401,-0.11302951309416029,-0.6472989718119303,0.05179946207337909,0.34062370823489296
0.19001110891501108,0.016212140520413715,0.47064202692773605,0.161525535914633,-0.291880973511272,0.14031766851743063,0.30152519875102574,0.620744870768653
0.18203510642051696,-0.10950573682785034,0.010061895847320557,-0.19846825897693635,0.743960851430893,0.8173467248678208,-0.02348846197128296,-0.07286021113395691
0.14200311650832495,0.6782623156905174,0.017898870011170704,0.33012845863898593,0.2598763356606166,-0.06378739948074023,0.09918809433778127,0.12379096448421478
0.14200311650832495,0.6782623156905174,0.017898870011170704,0.33012845863898593,0.2598763356606166,-0.06378739948074023,0.09918809433778127,0.12379096448421478
0.14200311650832495,0.6782623156905174,0.017898870011170704,0.33012845863898593,0.2598763356606166,-0.06378739948074023,0.09918809433778127,0.12379096448421478
0.14200311650832495,0.6782623156905174,0.017898870011170704,0.33012845863898593,0.2598763356606166,-0.06378739948074023,0.09918809433778127,0.12379096448421478
0.14200311650832495,0.6782623156905174,0.017898870011170704,0.33012845863898593,0.2598763356606166,-0.06378739948074023,0.09918809433778127,0.12379096448421478
0.14200311650832495,0.6782623156905174,0.017898870011170704,0.33012845863898593,0.2598763356606166,-0.06378739948074023,0.09918809433778127,0.12379096448421478
0.14200311650832495,0.6782623156905174,0.017898870011170704,0.33012845863898593,0.2598763356606166,-0.06378739948074023,0.09918809433778127,0.12379096448421478
0.14200311650832495,0.6782623156905174,0.017898870011170704,0.33012845863898593,0.2598763356606166,-0.06378739948074023,0.09918809433778127,0.12379096448421478
0.14200311650832495,0.6782623156905174,0.017898870011170704,0.33012845863898593,0.2598763356606166,-0.06378739948074023,0.09918809433778127,0.12379096448421478
0.14200311650832495,0.6782623156905174,0.017898870011170704,0.33012845863898593,0.2598763356606166,-0.06378739948074023,0.09918809433778127,0.12379096448421478
0.14200311650832495,0.6782623156905174,0.017898870011170704,0.33012845863898593,0.2598763356606166,-0.06378739948074023,0.09918809433778127,0.12379096448421478
0.18203510642051696,-0.10950573682785034,0.010061895847320557,-0.19846825897693635,0.743960851430893,0.8173467248678208,-0.02348846197128296,-0.07286021113395691
0.14200311650832495,0.6782623156905174,0.017898870011170704,0.33012845863898593,0.2598763356606166,-0.06378739948074023,0.09918809433778127,0.12379096448421478
0.14200311650832495,0.6782623156905174,0.017898870011170704,0.33012845863898593,0.2598763356606166,-0.06378739948074023,0.09918809433778127,0.12379096448421478
0.14200311650832495,0.6782623156905174,0.017898870011170704,0.33012845863898593,0.2598763356606166,-0.06378739948074023,0.09918809433778127,0.12379096448421478
0.14200311650832495,0.6782623156905174,0.017898870011170704,0.33012845863898593,0.2598763356606166,-0.06378739948074023,0.09918809433778127,0.12379096448421478
0.14200311650832495,0.6782623156905174,0.017898870011170704,0.33012845863898593,0.2598763356606166,-0.06378739948074023,0.09918809433778127,0.12379096448421478
0.14200311650832495,0.6782623156905174,0.017898870011170704,0.33012845863898593,0.2598763356606166,-0.06378739948074023,0.09918809433778127,0.12379096448421478
0.14200311650832495,0.6782623156905174,0.017898870011170704,0.33012845863898593,0.2598763356606166,-0.06378739948074023,0.09918809433778127,0.12379096448421478
0.14200311650832495,0.6782623156905174,0.017898870011170704,0.33012845863898593,0.2598763356606166,-0.06378739948074023,0.09918809433778127,0.12379096448421478
0.14200311650832495,0.6782623156905174,0.017898870011170704,0.33012845863898593,0.2598763356606166,-0.06378739948074023,0.09918809433778127,0.12379096448421478
0.14200311650832495,0.6782623156905174,0.017898870011170704,0.33012845863898593,0.2598763356606166,-0.06378739948074023,0.09918809433778127,0.12379096448421478
0.14200311650832495,0.6782623156905174,0.017898870011170704,0.33012845863898593,0.2598763356606166,-0.06378739948074023,0.09918809433778127,0.12379096448421478
0.14200311650832495,0.6782623156905174,0.017898870011170704,0.33012845863898593,0.2598763356606166,-0.06378739948074023,0.09918809433778127,0.12379096448421478
0.14200311650832495,0.6782623156905174,0.017898870011170704,0.33012845863898593,0.2598763356606166,-0.06378739948074023,0.09918809433778127,0.12379096448421478
0.14200311650832495,0.6782623156905174,0.017898870011170704,0.33012845863898593,0.2598763356606166,-0.06378739948074023,0.09918809433778127,0.12379096448421478
0.14200311650832495,0.6782623156905174,0.017898870011170704,0.33012845863898593,0.2598763356606166,-0.06378739948074023,0.09918809433778127,0.12379096448421478
0.3346727378666401,0.26758400723338127,0.2120404615998268,-0.7294138744473457,0.15855042822659016,0.6617796290665865,0.19355588592588902,0.307370413094759
-0.061393678188323975,0.2275875061750412,0.19884918878475824,0.2599557265639305,-0.3444298853476842,-0.539449247221152,-0.1569852295021216,0.4902740841110547
0.26529596745967865,0.2631732275088628,0.6600229243437449,-0.12238018711407979,0.4512507418791453,0.8217156752943993,0.3916538804769516,0.3273518532514572
0.08584621921181679,-0.7164433859288692,0.15058421343564987,0.2411867119371891,0.16558095067739487,-0.05679294280707836,0.018033389002084732,-0.15118487179279327
0.08584621921181679,-0.7164433859288692,0.15058421343564987,0.2411867119371891,0.16558095067739487,-0.05679294280707836,0.018033389002084732,-0.15118487179279327
0.2167939469218254,0.09890007227659225,0.41467440500855446,-0.05181295983493328,-0.24099262431263924,0.044848847202956676,0.584806440398097,1.0152880642563105
0.015809856355190277,-0.8182518780231476,0.5145324766635895,-0.6987320631742477,0.11091364175081253,0.3071993365883827,0.5343812629580498,-0.3446863889694214
0.015809856355190277,-0.8182518780231476,0.5145324766635895,-0.6987320631742477,0.11091364175081253,0.3071993365883827,0.5343812629580498,-0.3446863889694214
0.015809856355190277,-0.8182518780231476,0.5145324766635895,-0.6987320631742477,0.11091364175081253,0.3071993365883827,0.5343812629580498,-0.3446863889694214
0.015809856355190277,-0.8182518780231476,0.5145324766635895,-0.6987320631742477,0.11091364175081253,0.3071993365883827,0.5343812629580498,-0.3446863889694214
0.19001110891501108,0.016212140520413715,0.47064202692773605,0.161525535914633,-0.291880973511272,0.14031766851743063,0.30152519875102574,0.620744870768653
0.07180378213524818,-0.42002641037106514,-0.0825285091996193,0.5488854572176933,-0.07553363591432571,0.551916940137744,0.3642665930092335,-0.14788826927542686
0.07180378213524818,-0.42002641037106514,-0.0825285091996193,0.5488854572176933,-0.07553363591432571,0.551916940137744,0.3642665930092335,-0.14788826927542686
0.14200311650832495,0.6782623156905174,0.017898870011170704,0.33012845863898593,0.2598763356606166,-0.06378739948074023,0.09918809433778127,0.12379096448421478
0.19945204444229603,0.10966507717967033,0.16830228082835674,0.35269916616380215,-0.23009803518652916,-0.12511882558465004,0.3762931888923049,-0.09316249378025532
0.19945204444229603,0.10966507717967033,0.16830228082835674,0.35269916616380215,-0.23009803518652916,-0.12511882558465004,0.3762931888923049,-0.09316249378025532
0.38646568953990934,0.22035260498523712,0.3890021741390228,0.41097052693367003,-0.07687959969043731,0.6266206607222558,0.20520115196704863,0.3310785800218582
0.18203510642051696,-0.10950573682785034,0.010061895847320557,-0.19846825897693635,0.743960851430893,0.8173467248678208,-0.02348846197128296,-0.07286021113395691
0.14200311650832495,0.6782623156905174,0.017898870011170704,0.33012845863898593,0.2598763356606166,-0.06378739948074023,0.09918809433778127,0.12379096448421478
0.14200311650832495,0.6782623156905174,0.017898870011170704,0.33012845863898593,0.2598763356606166,-0.06378739948074023,0.09918809433778127,0.12379096448421478
0.14200311650832495,0.6782623156905174,0.017898870011170704,0.33012845863898593,0.2598763356606166,-0.06378739948074023,0.09918809433778127,0.12379096448421478
0.14200311650832495,0.6782623156905174,0.017898870011170704,0.33012845863898593,0.2598763356606166,-0.06378739948074023,0.09918809433778127,0.12379096448421478
0.14200311650832495,0.6782623156905174,0.017898870011170704,0.33012845863898593,0.2598763356606166,-0.06378739948074023,0.09918809433778127,0.12379096448421478
0.14200311650832495,0.6782623156905174,0.017898870011170704,0.33012845863898593,0.2598763356606166,-0.06378739948074023,0.09918809433778127,0.12379096448421478
0.14200311650832495,0.6782623156905174,0.017898870011170704,0.33012845863898593,0.2598763356606166,-0.06378739948074023,0.09918809433778127,0.12379096448421478
0.14200311650832495,0.6782623156905174,0.017898870011170704,0.33012845863898593,0.2598763356606166,-0.06378739948074023,0.09918809433778127,0.12379096448421478
0.14200311650832495,0.6782623156905174,0.017898870011170704,0.33012845863898593,0.2598763356606166,-0.06378739948074023,0.09918809433778127,0.12379096448421478
0.14200311650832495,0.6782623156905174,0.017898870011170704,0.33012845863898593,0.2598763356606166,-0.06378739948074023,0.09918809433778127,0.12379096448421478
0.14200311650832495,0.6782623156905174,0.017898870011170704,0.33012845863898593,0.2598763356606166,-0.06378739948074023,0.09918809433778127,0.12379096448421478
0.14200311650832495,0.6782623156905174,0.017898870011170704,0.33012845863898593,0.2598763356606166,-0.06378739948074023,0.09918809433778127,0.12379096448421478
0.14200311650832495,0.6782623156905174,0.017898870011170704,0.33012845863898593,0.2598763356606166,-0.06378739948074023,0.09918809433778127,0.12379096448421478
0.18203510642051696,-0.10950573682785034,0.010061895847320557,-0.19846825897693635,0.743960851430893,0.8173467248678208,-0.02348846197128296,-0.07286021113395691
0.04921493927637736,-0.38824111968278885,0.3687138830622037,0.1325964257121086,-0.1116215040286382,-0.566807304819425,0.45010752355058986,0.43012531598409015
0.04921493927637736,-0.38824111968278885,0.3687138830622037,0.1325964257121086,-0.1116215040286382,-0.566807304819425,0.45010752355058986,0.43012531598409015
0.04921493927637736,-0.38824111968278885,0.3687138830622037,0.1325964257121086,-0.1116215040286382,-0.566807304819425,0.45010752355058986,0.43012531598409015
0.04921493927637736,-0.38824111968278885,0.3687138830622037,0.1325964257121086,-0.1116215040286382,-0.566807304819425,0.45010752355058986,0.43012531598409015
0.04921493927637736,-0.38824111968278885,0.3687138830622037,0.1325964257121086,-0.1116215040286382,-0.566807304819425,0.45010752355058986,0.43012531598409015
0.04921493927637736,-0.38824111968278885,0.3687138830622037,0.1325964257121086,-0.1116215040286382,-0.566807304819425,0.45010752355058986,0.43012531598409015
0.18203510642051696,-0.10950573682785034,0.010061895847320557,-0.19846825897693635,0.743960851430893,0.8173467248678208,-0.02348846197128296,-0.07286021113395691
0.19945204444229603,0.10966507717967033,0.16830228082835674,0.35269916616380215,-0.23009803518652916,-0.12511882558465004,0.3762931888923049,-0.09316249378025532
0.19945204444229603,0.10966507717967033,0.16830228082835674,0.35269916616380215,-0.23009803518652916,-0.12511882558465004,0.3762931888923049,-0.09316249378025532
0.19945204444229603,0.10966507717967033,0.16830228082835674,0.35269916616380215,-0.23009803518652916,-0.12511882558465004,0.3762931888923049,-0.09316249378025532
0.19945204444229603,0.10966507717967033,0.16830228082835674,0.35269916616380215,-0.23009803518652916,-0.12511882558465004,0.3762931888923049,-0.09316249378025532
0.19945204444229603,0.10966507717967033,0.16830228082835674,0.35269916616380215,-0.23009803518652916,-0.12511882558465004,0.3762931888923049,-0.09316249378025532
0.18203510642051696,-0.10950573682785034,0.010061895847320557,-0.19846825897693635,0.743960851430893,0.8173467248678208,-0.02348846197128296,-0.07286021113395691
0.14200311650832495,0.6782623156905174,0.017898870011170704,0.33012845863898593,0.2598763356606166,-0.06378739948074023,0.09918809433778127,0.12379096448421478
0.14200311650832495,0.6782623156905174,0.017898870011170704,0.33012845863898593,0.2598763356606166,-0.06378739948074023,0.09918809433778127,0.12379096448421478
0.014916097124417623,-0.3832441369692485,0.4815138379732768,0.6768875097235044,-0.6037080710132917,0.16236741344134012,-0.056062597781419754,0.36075296501318616
0.20437887062629065,-0.06930403411388397,0.1894076739748319,0.20180690536896387,-0.7963583817084631,-0.03788613776365916,0.1747411129375299,0.4409467702110608
0.20437887062629065,-0.06930403411388397,0.1894076739748319,0.20180690536896387,-0.7963583817084631,-0.03788613776365916,0.1747411129375299,0.4409467702110608
0.20437887062629065,-0.06930403411388397,0.1894076739748319,0.20180690536896387,-0.7963583817084631,-0.03788613776365916,0.1747411129375299,0.4409467702110608
0.18203510642051696,-0.10950573682785034,0.010061895847320557,-0.19846825897693635,0.743960851430893,0.8173467248678208,-0.02348846197128296,-0.07286021113395691
0.11346747229496638,-0.27365266780058545,0.1834080989162127,0.22891161094109216,-0.18998858829339346,-0.4460921014348666,0.14133395627141,0.37135541439056396
0.11346747229496638,-0.27365266780058545,0.1834080989162127,0.22891161094109216,-0.18998858829339346,-0.4460921014348666,0.14133395627141,0.37135541439056396
0.11346747229496638,-0.27365266780058545,0.1834080989162127,0.22891161094109216,-0.18998858829339346,-0.4460921014348666,0.14133395627141,0.37135541439056396
-0.12677775749138423,0.14429826608725957,0.5652136930397579,0.32582950804914745,-0.16072340309619904,-0.33305719814130236,-0.187133184501103,0.4900841074330466
0.051967052121957145,0.3856381302078565,-0.11724236110846202,0.153256264825662,0.5444613322615623,-0.02324311062693596,-0.24377584954102835,0.3423202261328697
0.37211740016937256,0.5422648986180624,0.5677038232485453,0.10866770148277283,-0.7950010548035303,0.5910803824663162,-0.6396457701921463,-0.1472228765487671
0.35926243166128796,0.2805822690327962,0.26870855689048767,0.5908788281182448,-0.4846009612083435,-0.24301442752281824,0.5268564373254776,-0.37875616798798245
0.37211740016937256,0.5422648986180624,0.5677038232485453,0.10866770148277283,-0.7950010548035303,0.5910803824663162,-0.6396457701921463,-0.1472228765487671
0.37211740016937256,0.5422648986180624,0.5677038232485453,0.10866770148277283,-0.7950010548035303,0.5910803824663162,-0.6396457701921463,-0.1472228765487671
0.37211740016937256,0.5422648986180624,0.5677038232485453,0.10866770148277283,-0.7950010548035303,0.5910803824663162,-0.6396457701921463,-0.1472228765487671
0.37211740016937256,0.5422648986180624,0.5677038232485453,0.10866770148277283,-0.7950010548035303,0.5910803824663162,-0.6396457701921463,-0.1472228765487671
0.24472889304161072,0.28497665375471115,0.48692406217257184,0.17881583919127783,0.003845706582069397,0.23841559266050658,-0.040591483314832054,0.3506125758091609
0.24472889304161072,0.28497665375471115,0.48692406217257184,0.17881583919127783,0.003845706582069397,0.23841559266050658,-0.040591483314832054,0.3506125758091609
0.24472889304161072,0.28497665375471115,0.48692406217257184,0.17881583919127783,0.003845706582069397,0.23841559266050658,-0.040591483314832054,0.3506125758091609
0.18580450117588043,0.44170756212302614,0.43922023475170135,0.4073019538606916,0.10587636487824577,0.041485240416867394,-0.1650080680847168,-0.021354002611977712
0.37211740016937256,0.5422648986180624,0.5677038232485453,0.10866770148277283,-0.7950010548035303,0.5910803824663162,-0.6396457701921463,-0.1472228765487671
0.37211740016937256,0.5422648986180624,0.5677038232485453,0.10866770148277283,-0.7950010548035303,0.5910803824663162,-0.6396457701921463,-0.1472228765487671
-0.1663057953119278,0.15226635932922364,0.6403287529945374,0.9562883675098419,-0.2216601252555847,0.6195769071578979,0.49767169952392576,-0.13850164115428926
-0.1663057953119278,0.15226635932922364,0.6403287529945374,0.9562883675098419,-0.2216601252555847,0.6195769071578979,0.49767169952392576,-0.13850164115428926
0.33416828513145447,-0.3212934136390686,1.0427661061286926,0.6864550769329071,-0.6889562994241715,0.5537268787622451,0.30832757651805875,0.1984549045562744
-0.1663057953119278,0.15226635932922364,0.6403287529945374,0.9562883675098419,-0.2216601252555847,0.6195769071578979,0.49767169952392576,-0.13850164115428926
-0.19516930729150772,-0.3394683077931404,0.2807655880848567,0.6836717774470648,-0.26508568227291107,0.631128275146087,0.2647312209010124,-0.4174535150329272
-0.19516930729150772,-0.3394683077931404,0.2807655880848567,0.6836717774470648,-0.26508568227291107,0.631128275146087,0.2647312209010124,-0.4174535150329272
-0.19516930729150772,-0.3394683077931404,0.2807655880848567,0.6836717774470648,-0.26508568227291107,0.631128275146087,0.2647312209010124,-0.4174535150329272
-0.19516930729150772,-0.3394683077931404,0.2807655880848567,0.6836717774470648,-0.26508568227291107,0.631128275146087,0.2647312209010124,-0.4174535150329272
-0.19516930729150772,-0.3394683077931404,0.2807655880848567,0.6836717774470648,-0.26508568227291107,0.631128275146087,0.2647312209010124,-0.4174535150329272
0.2518802268637551,0.2614029480351342,0.17398947808477613,0.0074364542961120605,0.2995145469903946,-0.03377040061685774,0.0038807226551903617,-0.09445361627472772
-0.19487013419469199,0.7165391445159912,0.9111963113149008,0.2363209823767344,-0.03944482902685801,0.6865373502175013,0.11540050804615021,0.48521608114242554
0.29837433331542546,0.17741163240538704,0.2699732979138692,0.2410872048801846,0.19236559338039821,-0.14013109273380703,-0.03100611435042487,0.0023508667945861816
0.26957036554813385,-0.3926181197166443,0.6032419502735138,0.22891936699549356,-0.1153176377216975,0.5529614016413689,-0.3145962059497833,-0.20381498336791992
0.26957036554813385,-0.3926181197166443,0.6032419502735138,0.22891936699549356,-0.1153176377216975,0.5529614016413689,-0.3145962059497833,-0.20381498336791992
0.26957036554813385,-0.3926181197166443,0.6032419502735138,0.22891936699549356,-0.1153176377216975,0.5529614016413689,-0.3145962059497833,-0.20381498336791992
0.26957036554813385,-0.3926181197166443,0.6032419502735138,0.22891936699549356,-0.1153176377216975,0.5529614016413689,-0.3145962059497833,-0.20381498336791992
0.2036232426762581,-0.10578981786966324,0.44908853868643445,0.1883614882826805,0.25816671301921207,0.052750904113054276,-0.2626250982284546,0.17775417367617288
0.05693301931023598,0.23942170850932598,0.5520696341991425,-0.2485179342329502,-0.03178085759282112,0.30936673656105995,0.5340298973023891,0.4982982724905014
0.1956129252910614,-0.12204857766628266,0.21362111568450928,0.5338422864675522,0.19731317162513734,0.5171851247549057,0.634647724032402,-0.2851094871759415
0.2518802268637551,0.2614029480351342,0.17398947808477613,0.0074364542961120605,0.2995145469903946,-0.03377040061685774,0.0038807226551903617,-0.09445361627472772
0.29837433331542546,0.17741163240538704,0.2699732979138692,0.2410872048801846,0.19236559338039821,-0.14013109273380703,-0.03100611435042487,0.0023508667945861816
1.121662586927414,-0.844483882188797,1.0533595383167267,-0.5107744783163071,-0.4532546177506447,0.06270087510347366,0.0008945092558860779,-0.13984915614128113
0.1956129252910614,-0.12204857766628266,0.21362111568450928,0.5338422864675522,0.19731317162513734,0.5171851247549057,0.634647724032402,-0.2851094871759415
0.2518802268637551,0.2614029480351342,0.17398947808477613,0.0074364542961120605,0.2995145469903946,-0.03377040061685774,0.0038807226551903617,-0.09445361627472772
0.19647480818358334,0.2417890266938643,0.29874174974181433,-0.2098948359489441,0.07769392972642725,0.03921272673390128,0.0527108988978646,0.2331693470478058
0.24472889304161072,0.28497665375471115,0.48692406217257184,0.17881583919127783,0.003845706582069397,0.23841559266050658,-0.040591483314832054,0.3506125758091609
0.24472889304161072,0.28497665375471115,0.48692406217257184,0.17881583919127783,0.003845706582069397,0.23841559266050658,-0.040591483314832054,0.3506125758091609
0.24472889304161072,0.28497665375471115,0.48692406217257184,0.17881583919127783,0.003845706582069397,0.23841559266050658,-0.040591483314832054,0.3506125758091609
-0.0905287613471349,-0.04089473436276118,0.3370856394370397,-0.044670903434356056,0.03546146179238955,0.23634164842466512,-0.2176049860815207,0.11182427654663722
-0.0905287613471349,-0.04089473436276118,0.3370856394370397,-0.044670903434356056,0.03546146179238955,0.23634164842466512,-0.2176049860815207,0.11182427654663722
-0.0905287613471349,-0.04089473436276118,0.3370856394370397,-0.044670903434356056,0.03546146179238955,0.23634164842466512,-0.2176049860815207,0.11182427654663722
-0.0905287613471349,-0.04089473436276118,0.3370856394370397,-0.044670903434356056,0.03546146179238955,0.23634164842466512,-0.2176049860815207,0.11182427654663722
-0.0905287613471349,-0.04089473436276118,0.3370856394370397,-0.044670903434356056,0.03546146179238955,0.23634164842466512,-0.2176049860815207,0.11182427654663722
-0.19745704862806532,0.45311858587794834,0.34786395066314274,-8.16997554567125e-05,0.10652554035186768,0.03798630916410022,-0.20314489636156294,0.017864460746447246
-0.0905287613471349,-0.04089473436276118,0.3370856394370397,-0.044670903434356056,0.03546146179238955,0.23634164842466512,-0.2176049860815207,0.11182427654663722
-0.19745704862806532,0.45311858587794834,0.34786395066314274,-8.16997554567125e-05,0.10652554035186768,0.03798630916410022,-0.20314489636156294,0.017864460746447246
-0.2675416401841424,0.005384968085722489,0.5208987214348533,0.10357427190650594,0.2213756347244436,-0.04915564913641323,-0.30366524105722253,0.4180114418268204
0.24472889304161072,0.28497665375471115,0.48692406217257184,0.17881583919127783,0.003845706582069397,0.23841559266050658,-0.040591483314832054,0.3506125758091609
0.050255286693573,-0.061029651761054994,0.3291336357593536,0.10806005001068116,0.175827232003212,0.0889689028263092,-0.15346101820468902,0.15551857203245162
-0.009779418508211771,0.12338511397441228,0.8597607066233953,-0.05895069738229116,0.23770063618818918,-0.20314529538154602,-0.144518181681633,0.07620313515265782
-0.19745704862806532,0.45311858587794834,0.34786395066314274,-8.16997554567125e-05,0.10652554035186768,0.03798630916410022,-0.20314489636156294,0.017864460746447246
-0.0905287613471349,-0.04089473436276118,0.3370856394370397,-0.044670903434356056,0.03546146179238955,0.23634164842466512,-0.2176049860815207,0.11182427654663722
-0.21265457818905512,0.18161704391241074,0.29240134606758755,-0.3691955755154292,0.7593245257933935,0.12952989091475806,-0.7082688386241595,0.17254828413327536
-0.4689587901035945,0.06045974294344584,0.767874593536059,0.0611137847105662,0.1745616818467776,0.04448613524436951,0.012985500196615854,0.1740331451098124
-0.4689587901035945,0.06045974294344584,0.767874593536059,0.0611137847105662,0.1745616818467776,0.04448613524436951,0.012985500196615854,0.1740331451098124
-0.21265457818905512,0.18161704391241074,0.29240134606758755,-0.3691955755154292,0.7593245257933935,0.12952989091475806,-0.7082688386241595,0.17254828413327536
-0.11218921840190887,0.46421946336825687,0.38828157881895703,0.4367716858784358,0.08327833314736684,-0.5397598147392273,-0.2519056871533394,0.09540560096502304
-0.19745704862806532,0.45311858587794834,0.34786395066314274,-8.16997554567125e-05,0.10652554035186768,0.03798630916410022,-0.20314489636156294,0.017864460746447246
