index,type,value,combination
0,_xmlXPathObject*,xmlXPathEval,xml	X	Path	Object*	xml	X	Path	Eval	
1,_xmlDoc*,loadXMLFile,xml	Doc*	load	X	M	L	File	
2,_xmlXPathObject*,xmlXPathEval,xml	X	Path	Object*	xml	X	Path	Eval	
3,i32,columnPosition,i32	column	Position	
4,i32,columnPosition,i32	column	Position	
5,i32,columnPosition,i32	column	Position	
6,i32,columnPosition,i32	column	Position	
7,_xmlXPathObject*,xmlXPathEval,xml	X	Path	Object*	xml	X	Path	Eval	
8,i32,xmlXPathIsNaN,i32	xml	X	Path	Is	Na	N	
9,_xmlXPathObject*,xmlXPathEval,xml	X	Path	Object*	xml	X	Path	Eval	
10,_xmlXPathObject*,xmlXPathEval,xml	X	Path	Object*	xml	X	Path	Eval	
11,_xmlXPathObject*,xmlXPathEval,xml	X	Path	Object*	xml	X	Path	Eval	
12,i32,hash_add,i32	hash	add	
13,i32,hash_add,i32	hash	add	
14,i32,hash_add,i32	hash	add	
15,i32,hash_add,i32	hash	add	
16,i64,strlen,i64	strlen	
17,_IO_FILE*,fopen,I	O	F	I	L	E*	fopen	
18,i32,ferror,i32	ferror	
19,i8*,malloc,i8*	malloc	
20,i32,open,i32	open	
21,i32,memcmp,i32	memcmp	
22,i32,memcmp,i32	memcmp	
23,i32,set_position,i32	set	position	
24,i32,set_position,i32	set	position	
25,t_transition*,uniquetransition,t	transition	uniquetransition	
26,i32,memcmp,i32	memcmp	
27,i32,utf8_utostr,i32	utf	utostr	
28,i8*,xmlGetProp,i8*	xml	Get	Prop	
29,_xmlDoc*,loadXMLFile,xml	Doc*	load	X	M	L	File	
30,_xmlXPathObject*,xmlXPathEval,xml	X	Path	Object*	xml	X	Path	Eval	
31,i32,getNumAttr,i32	get	Num	Attr	
32,i32,getNumAttr,i32	get	Num	Attr	
33,i32,getNumAttr,i32	get	Num	Attr	
34,i32,getNumAttr,i32	get	Num	Attr	
35,i32,getNumAttr,i32	get	Num	Attr	
36,_xmlXPathObject*,xmlXPathEval,xml	X	Path	Object*	xml	X	Path	Eval	
37,i32,xmlBufResize,i32	xml	Buf	Resize	
38,i8*,xmlStrchr,i8*	xml	Strchr	
39,i8*,xmlStrchr,i8*	xml	Strchr	
40,i32,xmlBufResize,i32	xml	Buf	Resize	
41,i32,xmlBufResize,i32	xml	Buf	Resize	
42,_xmlAttr*,xmlHasNsProp,xml	Attr*	xml	Has	Ns	Prop	
43,i8*,xmlNodeListGetString,i8*	xml	Node	List	Get	String	
44,i32,xmlStrlen,i32	xml	Strlen	
45,i8*,xmlStrcat,i8*	xml	Strcat	
46,i8*,xmlStrcat,i8*	xml	Strcat	
47,i32,xmlStrEqual,i32	xml	Str	Equal	
48,_xmlAttr*,xmlHasNsProp,xml	Attr*	xml	Has	Ns	Prop	
49,_xmlList*,xmlListCreate,xml	List*	xml	List	Create	
50,i32,xmlC14NIsXmlAttr,i32	xml	C14	N	Is	Xml	Attr	
51,i8*,xmlListSearch,i8*	xml	List	Search	
52,i32,xmlC14NIsXmlAttr,i32	xml	C14	N	Is	Xml	Attr	
53,i32,xmlStrEqual,i32	xml	Str	Equal	
54,i32,xmlStrEqual,i32	xml	Str	Equal	
55,i32,xmlStrEqual,i32	xml	Str	Equal	
56,i32,xmlStrlen,i32	xml	Strlen	
57,_xmlURI*,xmlParseURI,xml	U	R	I*	xml	Parse	U	R	I	
58,i32,xmlStrlen,i32	xml	Strlen	
59,i32,xmlStrcasecmp,i32	xml	Strcasecmp	
60,i32,xmlStrcasecmp,i32	xml	Strcasecmp	
61,i32,xmlStrlen,i32	xml	Strlen	
62,i32,xmlC14NCheckForRelativeNamespaces,i32	xml	C14	N	Check	For	Relative	Namespaces	
63,i32,xmlStrlen,i32	xml	Strlen	
64,i32,xmlC14NProcessNamespacesAxis,i32	xml	C14	N	Process	Namespaces	Axis	
65,i32,xmlC14NProcessNamespacesAxis,i32	xml	C14	N	Process	Namespaces	Axis	
66,i32,xmlC14NProcessNamespacesAxis,i32	xml	C14	N	Process	Namespaces	Axis	
67,i32,xmlStrlen,i32	xml	Strlen	
68,i8*,xmlC11NNormalizeString,i8*	xml	C11	N	Normalize	String	
69,i8*,xmlC11NNormalizeString,i8*	xml	C11	N	Normalize	String	
70,i8*,xmlC11NNormalizeString,i8*	xml	C11	N	Normalize	String	
71,_xmlC14NCtx*,xmlC14NNewCtx,xml	C14	N	Ctx*	xml	C14	N	New	Ctx	
72,i32,xmlC14NProcessNodeList,i32	xml	C14	N	Process	Node	List	
73,i32,xmlC14NProcessNodeList,i32	xml	C14	N	Process	Node	List	
74,_xmlOutputBuffer*,xmlAllocOutputBuffer,xml	Output	Buffer*	xml	Alloc	Output	Buffer	
75,i32,xmlC14NDocSaveTo,i32	xml	C14	N	Doc	Save	To	
76,i32,xmlC14NDocSaveTo,i32	xml	C14	N	Doc	Save	To	
77,i32,xmlC14NDocSaveTo,i32	xml	C14	N	Doc	Save	To	
78,_xmlOutputBuffer*,xmlOutputBufferCreateFilename,xml	Output	Buffer*	xml	Output	Buffer	Create	Filename	
79,i32,xmlC14NDocSaveTo,i32	xml	C14	N	Doc	Save	To	
80,i32,xmlC14NStrEqual,i32	xml	C14	N	Str	Equal	
81,i32,xmlC14NStrEqual,i32	xml	C14	N	Str	Equal	
82,i32,xmlC14NStrEqual,i32	xml	C14	N	Str	Equal	
83,i32,xmlC14NStrEqual,i32	xml	C14	N	Str	Equal	
84,i32,xmlC14NStrEqual,i32	xml	C14	N	Str	Equal	
85,i32,xmlC14NStrEqual,i32	xml	C14	N	Str	Equal	
86,i32,xmlC14NStrEqual,i32	xml	C14	N	Str	Equal	
87,i32,xmlStrEqual,i32	xml	Str	Equal	
88,i32,xmlStrEqual,i32	xml	Str	Equal	
89,_xmlList*,xmlListCreate,xml	List*	xml	List	Create	
90,i32,xmlC14NIsXmlNs,i32	xml	C14	N	Is	Xml	Ns	
91,_xmlNs*,xmlSearchNs,xml	Ns*	xml	Search	Ns	
92,i32,xmlC14NVisibleNsStackFind,i32	xml	C14	N	Visible	Ns	Stack	Find	
93,i32,xmlStrlen,i32	xml	Strlen	
94,i32,xmlC14NVisibleNsStackFind,i32	xml	C14	N	Visible	Ns	Stack	Find	
95,_xmlList*,xmlListCreate,xml	List*	xml	List	Create	
96,i32,xmlStrEqual,i32	xml	Str	Equal	
97,i32,xmlStrEqual,i32	xml	Str	Equal	
98,i32,xmlC14NIsXmlNs,i32	xml	C14	N	Is	Xml	Ns	
99,_xmlNs*,xmlSearchNs,xml	Ns*	xml	Search	Ns	
100,i32,xmlC14NVisibleNsStackFind,i32	xml	C14	N	Visible	Ns	Stack	Find	
101,i32,xmlStrlen,i32	xml	Strlen	
102,i32,xmlC14NIsXmlNs,i32	xml	C14	N	Is	Xml	Ns	
103,_xmlNs*,xmlSearchNs,xml	Ns*	xml	Search	Ns	
104,i32,xmlExcC14NVisibleNsStackFind,i32	xml	Exc	C14	N	Visible	Ns	Stack	Find	
105,i32,xmlStrlen,i32	xml	Strlen	
106,i32,xmlC14NIsXmlNs,i32	xml	C14	N	Is	Xml	Ns	
107,i32,xmlC14NVisibleNsStackFind,i32	xml	C14	N	Visible	Ns	Stack	Find	
108,i32,xmlStrlen,i32	xml	Strlen	
109,i32,xmlStrlen,i32	xml	Strlen	
110,i32,xmlStrlen,i32	xml	Strlen	
111,i32,xmlC14NVisibleNsStackFind,i32	xml	C14	N	Visible	Ns	Stack	Find	
112,i32,xmlC14NVisibleNsStackFind,i32	xml	C14	N	Visible	Ns	Stack	Find	
113,i32,xmlC14NIsXmlNs,i32	xml	C14	N	Is	Xml	Ns	
114,i32,xmlStrlen,i32	xml	Strlen	
115,i8*,xmlNodeListGetString,i8*	xml	Node	List	Get	String	
116,i8*,xmlC11NNormalizeString,i8*	xml	C11	N	Normalize	String	
117,_xmlAttr*,xmlHasNsProp,xml	Attr*	xml	Has	Ns	Prop	
118,i8*,xmlLoadFileContent,i8*	xml	Load	File	Content	
119,_xmlCatalog*,xmlCreateNewCatalog,xml	Catalog*	xml	Create	New	Catalog	
120,i32,xmlParseSGMLCatalog,i32	xml	Parse	S	G	M	L	Catalog	
121,_xmlParserCtxt*,xmlNewParserCtxt,xml	Parser	Ctxt*	xml	New	Parser	Ctxt	
122,_xmlParserInputBuffer*,xmlParserInputBufferCreateFilename,xml	Parser	Input	Buffer*	xml	Parser	Input	Buffer	Create	Filename	
123,_xmlParserInput*,xmlNewInputStream,xml	Parser	Input*	xml	New	Input	Stream	
124,i32,stat64,i32	stat	
125,i32,open64,i32	open	
126,i32,memcmp,i32	memcmp	
127,i32,memcmp,i32	memcmp	
128,i32,memcmp,i32	memcmp	
129,i32,xmlStrQEqual,i32	xml	Str	Q	Equal	
130,i32,xmlStrQEqual,i32	xml	Str	Q	Equal	
131,i32,xmlStrQEqual,i32	xml	Str	Q	Equal	
132,i32,xmlStrQEqual,i32	xml	Str	Q	Equal	
133,i8*,xmlDictAddQString,i8*	xml	Dict	Add	Q	String	
134,_xmlRMutex*,xmlNewRMutex,xml	R	Mutex*	xml	New	R	Mutex	
135,i32,__xmlInitializeDict,i32	xml	Initialize	Dict	
136,_xmlDict*,xmlDictCreate,xml	Dict*	xml	Dict	Create	
137,i32,__xmlInitializeDict,i32	xml	Initialize	Dict	
138,i32,__xmlInitializeDict,i32	xml	Initialize	Dict	
139,i32,memcmp,i32	memcmp	
140,i32,memcmp,i32	memcmp	
141,i32,memcmp,i32	memcmp	
142,i32,memcmp,i32	memcmp	
143,i8*,xmlDictAddString,i8*	xml	Dict	Add	String	
144,i32,xmlDictGrow,i32	xml	Dict	Grow	
145,i32,memcmp,i32	memcmp	
146,i32,strcmp,i32	strcmp	
147,i32,strcmp,i32	strcmp	
148,i32,strcmp,i32	strcmp	
149,i8*,xmlGetEncodingAlias,i8*	xml	Get	Encoding	Alias	
150,i32,strcmp,i32	strcmp	
151,i32,strcmp,i32	strcmp	
152,i32,strcmp,i32	strcmp	
153,i32,strcmp,i32	strcmp	
154,i32,strcmp,i32	strcmp	
155,i32,strcmp,i32	strcmp	
156,i32,strcmp,i32	strcmp	
157,i32,strcmp,i32	strcmp	
158,i32,strcmp,i32	strcmp	
159,i32,strcmp,i32	strcmp	
160,i32,strcmp,i32	strcmp	
161,i32,strcmp,i32	strcmp	
162,i32,strcmp,i32	strcmp	
163,i32,strcmp,i32	strcmp	
164,i32,strcmp,i32	strcmp	
165,i32,strcmp,i32	strcmp	
166,i32,strcmp,i32	strcmp	
167,i32,strcmp,i32	strcmp	
168,i32,strcmp,i32	strcmp	
169,i32,strcmp,i32	strcmp	
170,i32,strcmp,i32	strcmp	
171,i32,strcmp,i32	strcmp	
172,i32,strcmp,i32	strcmp	
173,i32,strcmp,i32	strcmp	
174,i32,strcmp,i32	strcmp	
175,i32,strcmp,i32	strcmp	
176,i32,strcmp,i32	strcmp	
177,i8*,xmlGetEncodingAlias,i8*	xml	Get	Encoding	Alias	
178,_xmlCharEncodingHandler*,xmlFindCharEncodingHandler,xml	Char	Encoding	Handler*	xml	Find	Char	Encoding	Handler	
179,_xmlCharEncodingHandler*,xmlFindCharEncodingHandler,xml	Char	Encoding	Handler*	xml	Find	Char	Encoding	Handler	
180,_xmlCharEncodingHandler*,xmlFindCharEncodingHandler,xml	Char	Encoding	Handler*	xml	Find	Char	Encoding	Handler	
181,_xmlCharEncodingHandler*,xmlFindCharEncodingHandler,xml	Char	Encoding	Handler*	xml	Find	Char	Encoding	Handler	
182,_xmlCharEncodingHandler*,xmlFindCharEncodingHandler,xml	Char	Encoding	Handler*	xml	Find	Char	Encoding	Handler	
183,_xmlCharEncodingHandler*,xmlFindCharEncodingHandler,xml	Char	Encoding	Handler*	xml	Find	Char	Encoding	Handler	
184,_xmlCharEncodingHandler*,xmlFindCharEncodingHandler,xml	Char	Encoding	Handler*	xml	Find	Char	Encoding	Handler	
185,_xmlCharEncodingHandler*,xmlFindCharEncodingHandler,xml	Char	Encoding	Handler*	xml	Find	Char	Encoding	Handler	
186,_xmlCharEncodingHandler*,xmlFindCharEncodingHandler,xml	Char	Encoding	Handler*	xml	Find	Char	Encoding	Handler	
187,_xmlCharEncodingHandler*,xmlFindCharEncodingHandler,xml	Char	Encoding	Handler*	xml	Find	Char	Encoding	Handler	
188,_xmlCharEncodingHandler*,xmlFindCharEncodingHandler,xml	Char	Encoding	Handler*	xml	Find	Char	Encoding	Handler	
189,_xmlCharEncodingHandler*,xmlFindCharEncodingHandler,xml	Char	Encoding	Handler*	xml	Find	Char	Encoding	Handler	
190,_xmlCharEncodingHandler*,xmlFindCharEncodingHandler,xml	Char	Encoding	Handler*	xml	Find	Char	Encoding	Handler	
191,_xmlCharEncodingHandler*,xmlFindCharEncodingHandler,xml	Char	Encoding	Handler*	xml	Find	Char	Encoding	Handler	
192,_xmlCharEncodingHandler*,xmlFindCharEncodingHandler,xml	Char	Encoding	Handler*	xml	Find	Char	Encoding	Handler	
193,_xmlCharEncodingHandler*,xmlFindCharEncodingHandler,xml	Char	Encoding	Handler*	xml	Find	Char	Encoding	Handler	
194,_xmlCharEncodingHandler*,xmlFindCharEncodingHandler,xml	Char	Encoding	Handler*	xml	Find	Char	Encoding	Handler	
195,_xmlCharEncodingHandler*,xmlFindCharEncodingHandler,xml	Char	Encoding	Handler*	xml	Find	Char	Encoding	Handler	
196,_xmlCharEncodingHandler*,xmlFindCharEncodingHandler,xml	Char	Encoding	Handler*	xml	Find	Char	Encoding	Handler	
197,_xmlCharEncodingHandler*,xmlFindCharEncodingHandler,xml	Char	Encoding	Handler*	xml	Find	Char	Encoding	Handler	
198,_xmlCharEncodingHandler*,xmlFindCharEncodingHandler,xml	Char	Encoding	Handler*	xml	Find	Char	Encoding	Handler	
199,_xmlCharEncodingHandler*,xmlFindCharEncodingHandler,xml	Char	Encoding	Handler*	xml	Find	Char	Encoding	Handler	
200,_xmlCharEncodingHandler*,xmlFindCharEncodingHandler,xml	Char	Encoding	Handler*	xml	Find	Char	Encoding	Handler	
201,_xmlCharEncodingHandler*,xmlFindCharEncodingHandler,xml	Char	Encoding	Handler*	xml	Find	Char	Encoding	Handler	
202,_xmlCharEncodingHandler*,xmlFindCharEncodingHandler,xml	Char	Encoding	Handler*	xml	Find	Char	Encoding	Handler	
203,_xmlCharEncodingHandler*,xmlFindCharEncodingHandler,xml	Char	Encoding	Handler*	xml	Find	Char	Encoding	Handler	
204,_xmlCharEncodingHandler*,xmlFindCharEncodingHandler,xml	Char	Encoding	Handler*	xml	Find	Char	Encoding	Handler	
205,i8*,xmlGetEncodingAlias,i8*	xml	Get	Encoding	Alias	
206,i32,strcmp,i32	strcmp	
207,i8*,iconv_open,i8*	iconv	open	
208,i8*,iconv_open,i8*	iconv	open	
209,i8*,iconv_open,i8*	iconv	open	
210,i8*,iconv_open,i8*	iconv	open	
211,i8*,iconv_open,i8*	iconv	open	
212,i8*,iconv_open,i8*	iconv	open	
213,i32,xmlParseCharEncoding,i32	xml	Parse	Char	Encoding	
214,i32,strcmp,i32	strcmp	
215,i8*,xmlGetCharEncodingName,i8*	xml	Get	Char	Encoding	Name	
216,i32*,__errno_location,i	errno	location	
217,i32*,__errno_location,i	errno	location	
218,i32*,__errno_location,i	errno	location	
219,i64,xmlBufUse,i64	xml	Buf	Use	
220,i64,xmlBufUse,i64	xml	Buf	Use	
221,i64,xmlBufUse,i64	xml	Buf	Use	
222,i64,xmlBufUse,i64	xml	Buf	Use	
223,i64,xmlBufAvail,i64	xmlBufAvail	
224,i64,xmlBufAvail,i64	xml	Buf	Avail	
225,i64,xmlBufUse,i64	xml	Buf	Use	
226,i64,xmlBufUse,i64	xml	Buf	Use	
227,i64,xmlBufAvail,i64	xml	Buf	Avail	
228,i64,xmlBufUse,i64	xml	Buf	Use	
229,i64,xmlBufAvail,i64	xmlBufAvail	
230,i64,xmlBufAvail,i64	xml	Buf	Avail	
231,i64,xmlBufAvail,i64	xml	Buf	Avail	
232,i64,xmlBufAvail,i64	xml	Buf	Avail	
233,i64,xmlBufUse,i64	xml	Buf	Use	
234,i64,xmlBufUse,i64	xml	Buf	Use	
235,i64,xmlBufUse,i64	xml	Buf	Use	
236,i64,xmlBufAvail,i64	xmlBufAvail	
237,i64,xmlBufAvail,i64	xml	Buf	Avail	
238,i32,xmlGetUTF8Char,i32	xml	Get	U	T	F8	Char	
239,i32,xmlBufGetAllocationScheme,i32	xml	Buf	Get	Allocation	Scheme	
240,i32,xmlGetUTF8Char,i32	xml	Get	U	T	F8	Char	
241,i32,iconv_close,i32	iconv	close	
242,i32,iconv_close,i32	iconv	close	
243,_xmlEntity*,xmlCreateEntity,xml	Entity*	xml	Create	Entity	
244,i32,xmlHashAddEntry,i32	xml	Hash	Add	Entry	
245,i32,xmlStrEqual,i32	xml	Str	Equal	
246,i32,xmlStrEqual,i32	xml	Str	Equal	
247,i32,xmlStrEqual,i32	xml	Str	Equal	
248,i32,xmlStrEqual,i32	xml	Str	Equal	
249,i32,xmlStrEqual,i32	xml	Str	Equal	
250,_xmlEntity*,xmlAddEntity,xml	Entity*	xml	Add	Entity	
251,_xmlEntity*,xmlAddEntity,xml	Entity*	xml	Add	Entity	
252,_xmlEntity*,xmlCreateEntity,xml	Entity*	xml	Create	Entity	
253,_xmlEntity*,xmlGetEntityFromTable,xml	Entity*	xml	Get	Entity	From	Table	
254,_xmlEntity*,xmlGetEntityFromTable,xml	Entity*	xml	Get	Entity	From	Table	
255,_xmlEntity*,xmlGetEntityFromTable,xml	Entity*	xml	Get	Entity	From	Table	
256,i8*,xmlStrstr,i8*	xml	Strstr	
257,i8*,xmlStrstr,i8*	xml	Strstr	
258,i8*,strchr,i8*	strchr	
259,i32,xmlStrlen,i32	xml	Strlen	
260,i32,xmlStrlen,i32	xml	Strlen	
261,i32,xmlStrlen,i32	xml	Strlen	
262,i32,xmlStrlen,i32	xml	Strlen	
263,i32,xmlStrcmp,i32	xml	Strcmp	
264,i32,xmlStrcmp,i32	xml	Strcmp	
265,i32,xmlStrcmp,i32	xml	Strcmp	
266,i32,xmlStrcmp,i32	xml	Strcmp	
267,_xmlDoc*,xmlParseFile,xml	Doc*	xml	Parse	File	
268,_xmlNode*,xmlDocGetRootElement,xml	Node*	xml	Doc	Get	Root	Element	
269,_xmlNs*,xmlSearchNsByHref,xml	Ns*	xml	Search	Ns	By	Href	
270,i32,xmlStrcmp,i32	xml	Strcmp	
271,i32,xmlIsBlankNode,i32	xml	Is	Blank	Node	
272,_xmlNode*,xmlDocGetRootElement,xml	Node*	xml	Doc	Get	Root	Element	
273,_xmlNode*,xmlDocGetRootElement,xml	Node*	xml	Doc	Get	Root	Element	
274,_xmlNs*,xmlSearchNsByHref,xml	Ns*	xml	Search	Ns	By	Href	
275,i32,xmlStrcmp,i32	xml	Strcmp	
276,_xmlNode*,xmlDocGetRootElement,xml	Node*	xml	Doc	Get	Root	Element	
277,i32,xmlStrcmp,i32	xml	Strcmp	
278,_xmlNs*,xmlSearchNsByHref,xml	Ns*	xml	Search	Ns	By	Href	
279,job*,parseJob,job	parse	Job	
280,gjob*,parseGjobFile,gjob	parse	Gjob	File	
281,i32,xmlStrcmp,i32	xml	Strcmp	
282,i32,xmlStrcmp,i32	xml	Strcmp	
283,i32,xmlStrEqual,i32	xml	Str	Equal	
284,i32,xmlStrEqual,i32	xml	Str	Equal	
285,i32,xmlStrEqual,i32	xml	Str	Equal	
286,_xmlHashTable*,xmlHashCreate,xml	Hash	Table*	xml	Hash	Create	
287,i32,xmlDictOwns,i32	xml	Dict	Owns	
288,i32,xmlDictOwns,i32	xml	Dict	Owns	
289,i32,xmlDictOwns,i32	xml	Dict	Owns	
290,i32,xmlStrEqual,i32	xml	Str	Equal	
291,i32,xmlStrEqual,i32	xml	Str	Equal	
292,i32,xmlStrEqual,i32	xml	Str	Equal	
293,i32,xmlStrEqual,i32	xml	Str	Equal	
294,i32,xmlStrEqual,i32	xml	Str	Equal	
295,i32,xmlStrEqual,i32	xml	Str	Equal	
296,i32,xmlDictOwns,i32	xml	Dict	Owns	
297,i32,xmlDictOwns,i32	xml	Dict	Owns	
298,i32,xmlDictOwns,i32	xml	Dict	Owns	
299,i32,xmlStrEqual,i32	xml	Str	Equal	
300,i32,xmlStrEqual,i32	xml	Str	Equal	
301,i32,xmlStrEqual,i32	xml	Str	Equal	
302,i32,xmlStrEqual,i32	xml	Str	Equal	
303,i32,xmlStrEqual,i32	xml	Str	Equal	
304,i32,xmlStrEqual,i32	xml	Str	Equal	
305,i32,xmlStrEqual,i32	xml	Str	Equal	
306,i32,xmlStrEqual,i32	xml	Str	Equal	
307,i32,xmlStrEqual,i32	xml	Str	Equal	
308,i32,xmlStrQEqual,i32	xml	Str	Q	Equal	
309,i32,xmlStrQEqual,i32	xml	Str	Q	Equal	
310,i32,xmlStrQEqual,i32	xml	Str	Q	Equal	
311,i32,xmlStrEqual,i32	xml	Str	Equal	
312,i32,xmlStrEqual,i32	xml	Str	Equal	
313,i32,xmlStrEqual,i32	xml	Str	Equal	
314,_xmlHashTable*,xmlHashCreate,xml	Hash	Table*	xml	Hash	Create	
315,i32,xmlStrcasecmp,i32	xml	Strcasecmp	
316,i32,xmlStrEqual,i32	xml	Str	Equal	
317,i32,xmlStrEqual,i32	xml	Str	Equal	
318,i32,xmlStrEqual,i32	xml	Str	Equal	
319,i32,htmlCheckAutoClose,i32	html	Check	Auto	Close	
320,i32,htmlAutoCloseTag,i32	html	Auto	Close	Tag	
321,i32,htmlAutoCloseTag,i32	html	Auto	Close	Tag	
322,i32,xmlStrEqual,i32	xml	Str	Equal	
323,i32,xmlStrEqual,i32	xml	Str	Equal	
324,_htmlEntityDesc*,htmlEntityValueLookup,html	Entity	Desc*	html	Entity	Value	Lookup	
325,_htmlEntityDesc*,htmlEntityValueLookup,html	Entity	Desc*	html	Entity	Value	Lookup	
326,i8*,htmlParseName,i8*	html	Parse	Name	
327,i32,xmlStrEqual,i32	xml	Str	Equal	
328,i32,xmlStrcasecmp,i32	xml	Strcasecmp	
329,i32,xmlStrcasecmp,i32	xml	Strcasecmp	
330,i32,xmlStrcasecmp,i32	xml	Strcasecmp	
331,i8*,xmlStrstr,i8*	xml	Strstr	
332,i8*,xmlStrstr,i8*	xml	Strstr	
333,i8*,xmlStrstr,i8*	xml	Strstr	
334,i8*,xmlStrstr,i8*	xml	Strstr	
335,i8*,xmlStrstr,i8*	xml	Strstr	
336,i8*,xmlStrstr,i8*	xml	Strstr	
337,i8*,xmlStrstr,i8*	xml	Strstr	
338,i32,xmlStrcasecmp,i32	xml	Strcasecmp	
339,i32,xmlStrcasecmp,i32	xml	Strcasecmp	
340,i32,xmlStrcasecmp,i32	xml	Strcasecmp	
341,i32,xmlStrcasecmp,i32	xml	Strcasecmp	
342,i32,xmlStrcasecmp,i32	xml	Strcasecmp	
343,i32,xmlStrcasecmp,i32	xml	Strcasecmp	
344,i32,xmlStrcasecmp,i32	xml	Strcasecmp	
345,i32,xmlStrcasecmp,i32	xml	Strcasecmp	
346,i32,xmlStrcasecmp,i32	xml	Strcasecmp	
347,i32,xmlStrcasecmp,i32	xml	Strcasecmp	
348,i8*,xmlStrcasestr,i8*	xml	Strcasestr	
349,i32,xmlStrcasecmp,i32	xml	Strcasecmp	
350,_xmlBuf*,xmlBufFromBuffer,xml	Buf*	xml	Buf	From	Buffer	
351,i64,htmlBufNodeDumpFormat,i64	html	Buf	Node	Dump	Format	
352,i32,xmlParseCharEncoding,i32	xml	Parse	Char	Encoding	
353,_xmlOutputBuffer*,xmlOutputBufferCreateFile,xml	Output	Buffer*	xml	Output	Buffer	Create	File	
354,i8*,htmlGetMetaEncoding,i8*	html	Get	Meta	Encoding	
355,i32,xmlParseCharEncoding,i32	xml	Parse	Char	Encoding	
356,_xmlOutputBuffer*,xmlAllocOutputBufferInternal,xml	Output	Buffer*	xml	Alloc	Output	Buffer	Internal	
357,i32,xmlStrEqual,i32	xml	Str	Equal	
358,i32,xmlStrEqual,i32	xml	Str	Equal	
359,i32,xmlStrEqual,i32	xml	Str	Equal	
360,i32,htmlIsBooleanAttr,i32	html	Is	Boolean	Attr	
361,i8*,xmlNodeListGetString,i8*	xml	Node	List	Get	String	
362,i32,xmlStrcasecmp,i32	xml	Strcasecmp	
363,i32,xmlStrcasecmp,i32	xml	Strcasecmp	
364,i32,xmlStrcasecmp,i32	xml	Strcasecmp	
365,i32,xmlStrcasecmp,i32	xml	Strcasecmp	
366,i32,xmlStrcasecmp,i32	xml	Strcasecmp	
367,i32,xmlStrEqual,i32	xml	Str	Equal	
368,i32,xmlStrEqual,i32	xml	Str	Equal	
369,i32,xmlStrcasecmp,i32	xml	Strcasecmp	
370,i32,xmlStrcasecmp,i32	xml	Strcasecmp	
371,i8*,xmlEncodeEntitiesReentrant,i8*	xml	Encode	Entities	Reentrant	
372,_htmlElemDesc*,htmlTagLookup,html	Elem	Desc*	html	Tag	Lookup	
373,_htmlElemDesc*,htmlTagLookup,html	Elem	Desc*	html	Tag	Lookup	
374,i32,xmlStrcmp,i32	xml	Strcmp	
375,i32,xmlStrcmp,i32	xml	Strcmp	
376,_htmlElemDesc*,htmlTagLookup,html	Elem	Desc*	html	Tag	Lookup	
377,_htmlElemDesc*,htmlTagLookup,html	Elem	Desc*	html	Tag	Lookup	
378,_htmlElemDesc*,htmlTagLookup,html	Elem	Desc*	html	Tag	Lookup	
379,_htmlElemDesc*,htmlTagLookup,html	Elem	Desc*	html	Tag	Lookup	
380,i32,xmlRegisterInputCallbacks,i32	xml	Register	Input	Callbacks	
381,_xmlDoc*,xmlReadMemory,xml	Doc*	xml	Read	Memory	
382,i32,xmlXIncludeProcess,i32	xml	X	Include	Process	
383,i32,strncmp,i32	strncmp	
384,i32,strncmp,i32	strncmp	
385,i32,strcmp,i32	strcmp	
386,i32,strcmp,i32	strcmp	
387,i32,strcmp,i32	strcmp	
388,i32,strcmp,i32	strcmp	
389,i32,strcmp,i32	strcmp	
390,i32,strcmp,i32	strcmp	
391,i32,strcmp,i32	strcmp	
392,i32,strcmp,i32	strcmp	
393,i32,strcmp,i32	strcmp	
394,i32,strcmp,i32	strcmp	
395,i32,strcmp,i32	strcmp	
396,i32,strcmp,i32	strcmp	
397,i32,strcmp,i32	strcmp	
398,i32,strcmp,i32	strcmp	
399,i32,strcmp,i32	strcmp	
400,i32,strcmp,i32	strcmp	
401,i32,strcmp,i32	strcmp	
402,i32,strcmp,i32	strcmp	
403,i32,strcmp,i32	strcmp	
404,i32,strcmp,i32	strcmp	
405,i32,strcmp,i32	strcmp	
406,i32,strcmp,i32	strcmp	
407,i32,strcmp,i32	strcmp	
408,i32,strcmp,i32	strcmp	
409,i32,strcmp,i32	strcmp	
410,i32,strcmp,i32	strcmp	
411,i32,strcmp,i32	strcmp	
412,i32,strcmp,i32	strcmp	
413,i32,strcmp,i32	strcmp	
414,i32,strcmp,i32	strcmp	
415,i32,strcmp,i32	strcmp	
416,i32,strcmp,i32	strcmp	
417,i32,strcmp,i32	strcmp	
418,i32,strcmp,i32	strcmp	
419,i32,strcmp,i32	strcmp	
420,i32,strcmp,i32	strcmp	
421,i32,strcmp,i32	strcmp	
422,i32,strcmp,i32	strcmp	
423,i32,strcmp,i32	strcmp	
424,i32,strcmp,i32	strcmp	
425,i32,strcmp,i32	strcmp	
426,i32,strcmp,i32	strcmp	
427,i32,strcmp,i32	strcmp	
428,i32,strcmp,i32	strcmp	
429,i32,strcmp,i32	strcmp	
430,i32,strcmp,i32	strcmp	
431,i32,strcmp,i32	strcmp	
432,i32,strcmp,i32	strcmp	
433,i32,strcmp,i32	strcmp	
434,i32,strcmp,i32	strcmp	
435,i32,strcmp,i32	strcmp	
436,i32,strcmp,i32	strcmp	
437,i32,strcmp,i32	strcmp	
438,i32,strcmp,i32	strcmp	
439,i32,strcmp,i32	strcmp	
440,i32,strcmp,i32	strcmp	
441,i32,strcmp,i32	strcmp	
442,i32,strcmp,i32	strcmp	
443,i32,strcmp,i32	strcmp	
444,i32,strcmp,i32	strcmp	
445,i32,strcmp,i32	strcmp	
446,i32,strcmp,i32	strcmp	
447,i32,strcmp,i32	strcmp	
448,i32,strcmp,i32	strcmp	
449,i32,strcmp,i32	strcmp	
450,i32,strcmp,i32	strcmp	
451,i32,strcmp,i32	strcmp	
452,i32,strcmp,i32	strcmp	
453,i32,strcmp,i32	strcmp	
454,i32,strcmp,i32	strcmp	
455,i32,strcmp,i32	strcmp	
456,i32,strcmp,i32	strcmp	
457,i32,strcmp,i32	strcmp	
458,i32,strcmp,i32	strcmp	
459,i32,strcmp,i32	strcmp	
460,i32,strcmp,i32	strcmp	
461,i32,strcmp,i32	strcmp	
462,i32,strcmp,i32	strcmp	
463,i32,strcmp,i32	strcmp	
464,i32,strcmp,i32	strcmp	
465,i32,xmlNanoFTPGetResponse,i32	xml	Nano	F	T	P	Get	Response	
466,i32,xmlNanoFTPGetResponse,i32	xml	Nano	F	T	P	Get	Response	
467,i32,xmlNanoFTPGetResponse,i32	xml	Nano	F	T	P	Get	Response	
468,i32,xmlNanoFTPGetResponse,i32	xml	Nano	F	T	P	Get	Response	
469,i32,xmlNanoFTPGetResponse,i32	xml	Nano	F	T	P	Get	Response	
470,i32,xmlNanoFTPGetResponse,i32	xml	Nano	F	T	P	Get	Response	
471,i32,xmlNanoFTPGetResponse,i32	xml	Nano	F	T	P	Get	Response	
472,i32,xmlNanoFTPGetResponse,i32	xml	Nano	F	T	P	Get	Response	
473,i32,xmlNanoFTPGetResponse,i32	xml	Nano	F	T	P	Get	Response	
474,i32,xmlNanoFTPGetResponse,i32	xml	Nano	F	T	P	Get	Response	
475,i32,xmlNanoFTPGetResponse,i32	xml	Nano	F	T	P	Get	Response	
476,i32,xmlNanoFTPGetResponse,i32	xml	Nano	F	T	P	Get	Response	
477,i32,xmlNanoFTPGetResponse,i32	xml	Nano	F	T	P	Get	Response	
478,i32,xmlNanoFTPConnect,i32	xml	Nano	F	T	P	Connect	
479,i32,__isoc99_sscanf,i32	isoc	sscanf	
480,i32,__isoc99_sscanf,i32	isoc	sscanf	
481,i32,connect,i32	connect	
482,i32,bind,i32	bind	
483,i32,listen,i32	listen	
484,i32,select,i32	select	
485,i32,select,i32	select	
486,i32,select,i32	select	
487,i32,socket,i32	socket	
488,i32,strncmp,i32	strncmp	
489,i32,xmlNanoFTPCwd,i32	xml	Nano	F	T	P	Cwd	
490,i32,xmlNanoFTPCwd,i32	xml	Nano	F	T	P	Cwd	
491,i32,xmlNanoFTPGetSocket,i32	xml	Nano	F	T	P	Get	Socket	
492,i32,select,i32	select	
493,i32,select,i32	select	
494,i32,select,i32	select	
495,i32,select,i32	select	
496,i32,strncmp,i32	strncmp	
497,i32,xmlNanoFTPConnect,i32	xml	Nano	F	T	P	Connect	
498,i32,xmlNanoFTPGetSocket,i32	xml	Nano	F	T	P	Get	Socket	
499,i8*,getenv,i8*	getenv	
500,i8*,getenv,i8*	getenv	
501,i8*,getenv,i8*	getenv	
502,i8*,getenv,i8*	getenv	
503,i8*,getenv,i8*	getenv	
504,_xmlURI*,xmlParseURIRaw,xml	U	R	I*	xml	Parse	U	R	I	Raw	
505,i8*,strchr,i8*	strchr	
506,_xmlURI*,xmlParseURIRaw,xml	U	R	I*	xml	Parse	U	R	I	Raw	
507,i32,strcmp,i32	strcmp	
508,i32,strcmp,i32	strcmp	
509,_xmlURI*,xmlParseURIRaw,xml	U	R	I*	xml	Parse	U	R	I	Raw	
510,i32,strcmp,i32	strcmp	
511,_xmlURI*,xmlParseURIRaw,xml	U	R	I*	xml	Parse	U	R	I	Raw	
512,i8*,xmlURIUnescapeString,i8*	xml	U	R	I	Unescape	String	
513,i32,xmlNanoFTPGetMore,i32	xml	Nano	F	T	P	Get	More	
514,i32,xmlNanoFTPGetMore,i32	xml	Nano	F	T	P	Get	More	
515,i32,have_ipv6,i32	have	ipv	
516,i32,getaddrinfo,i32	getaddrinfo	
517,i32,getaddrinfo,i32	getaddrinfo	
518,hostent*,gethostbyname,hostent	gethostbyname	
519,i32,connect,i32	connect	
520,i32,xmlNanoFTPGetResponse,i32	xml	Nano	F	T	P	Get	Response	
521,i32,getsockopt,i32	getsockopt	
522,i32,fcntl64,i32	fcntl	
523,i32,have_ipv6,i32	have	ipv	
524,i32,getaddrinfo,i32	getaddrinfo	
525,i32,have_ipv6,i32	have	ipv	
526,i32,xmlNanoHTTPConnectAttempt,i32	xml	Nano	H	T	T	P	Connect	Attempt	
527,hostent*,gethostbyname,hostent	gethostbyname	
528,i32,have_ipv6,i32	have	ipv	
529,i32,xmlNanoHTTPConnectAttempt,i32	xml	Nano	H	T	T	P	Connect	Attempt	
530,i32,xmlNanoHTTPRecv,i32	xml	Nano	H	T	T	P	Recv	
531,xmlNanoHTTPCtxt*,xmlNanoHTTPNewCtxt,xml	Nano	H	T	T	P	Ctxt*	xml	Nano	H	T	T	P	New	Ctxt	
532,xmlNanoHTTPCtxt*,xmlNanoHTTPNewCtxt,xml	Nano	H	T	T	P	Ctxt*	xml	Nano	H	T	T	P	New	Ctxt	
533,i32,strcmp,i32	strcmp	
534,i32,xmlNanoHTTPConnectHost,i32	xml	Nano	H	T	T	P	Connect	Host	
535,i8*,xmlNanoHTTPReadLine,i8*	xml	Nano	H	T	T	P	Read	Line	
536,i32,xmlNanoHTTPRecv,i32	xml	Nano	H	T	T	P	Recv	
537,i32,strcmp,i32	strcmp	
538,i64,write,i64	write	
539,i32,strcmp,i32	strcmp	
540,i64,write,i64	write	
541,i32,xmlNanoHTTPRecv,i32	xml	Nano	H	T	T	P	Recv	
542,i32,socket,i32	socket	
543,i8*,getenv,i8*	getenv	
544,i8*,getenv,i8*	getenv	
545,i8*,getenv,i8*	getenv	
546,_xmlURI*,xmlParseURIRaw,xml	U	R	I*	xml	Parse	U	R	I	Raw	
547,_xmlURI*,xmlParseURIRaw,xml	U	R	I*	xml	Parse	U	R	I	Raw	
548,i32,strcmp,i32	strcmp	
549,_xmlURI*,xmlParseURIRaw,xml	U	R	I*	xml	Parse	U	R	I	Raw	
550,i32,socket_errno,i32	socket	errno	
551,i32,poll,i32	poll	
552,i32*,__errno_location,i	errno	location	
553,i32,xmlNanoHTTPRecv,i32	xml	Nano	H	T	T	P	Recv	
554,i32,xmlNanoHTTPRecv,i32	xml	Nano	H	T	T	P	Recv	
555,i32,strncmp,i32	strncmp	
556,i32,xmlStrncasecmp,i32	xml	Strncasecmp	
557,i8*,xmlStrstr,i8*	xml	Strstr	
558,i32,xmlStrncasecmp,i32	xml	Strncasecmp	
559,i8*,xmlStrstr,i8*	xml	Strstr	
560,i32,xmlStrncasecmp,i32	xml	Strncasecmp	
561,i32,xmlStrncasecmp,i32	xml	Strncasecmp	
562,i32,xmlStrncasecmp,i32	xml	Strncasecmp	
563,i32,xmlStrncasecmp,i32	xml	Strncasecmp	
564,i32,socket,i32	socket	
565,i32,fcntl64,i32	fcntl	
566,i32,fcntl64,i32	fcntl	
567,i32,connect,i32	connect	
568,_xmlDoc*,xmlReadFile,xml	Doc*	xml	Read	File	
569,_xmlParserCtxt*,xmlNewParserCtxt,xml	Parser	Ctxt*	xml	New	Parser	Ctxt	
570,_xmlDoc*,xmlCtxtReadFile,xml	Doc*	xml	Ctxt	Read	File	
571,_xmlDoc*,xmlReadMemory,xml	Doc*	xml	Read	Memory	
572,i32,readPacket,i32	read	Packet	
573,_xmlParserCtxt*,xmlCreatePushParserCtxt,xml	Parser	Ctxt*	xml	Create	Push	Parser	Ctxt	
574,i32,readPacket,i32	read	Packet	
575,i32,readPacket,i32	read	Packet	
576,i32,xmlStreamCtxtAddState,i32	xml	Stream	Ctxt	Add	State	
577,i32,xmlStreamCtxtAddState,i32	xml	Stream	Ctxt	Add	State	
578,i32,xmlStreamCtxtAddState,i32	xml	Stream	Ctxt	Add	State	
579,i32,xmlStrEqual,i32	xml	Str	Equal	
580,i32,xmlStrEqual,i32	xml	Str	Equal	
581,i32,xmlStrEqual,i32	xml	Str	Equal	
582,i32,xmlStrEqual,i32	xml	Str	Equal	
583,_xmlPattern*,xmlNewPattern,xml	Pattern*	xml	New	Pattern	
584,i32,xmlReversePattern,i32	xml	Reverse	Pattern	
585,_xmlPattern*,xmlNewPattern,xml	Pattern*	xml	New	Pattern	
586,i8*,xmlTextReaderConstName,i8*	xml	Text	Reader	Const	Name	
587,i8*,xmlTextReaderConstValue,i8*	xml	Text	Reader	Const	Value	
588,i32,xmlStrlen,i32	xml	Strlen	
589,_xmlTextReader*,xmlReaderForFile,xml	Text	Reader*	xml	Reader	For	File	
590,i32,xmlTextReaderRead,i32	xml	Text	Reader	Read	
591,i32,xmlTextReaderRead,i32	xml	Text	Reader	Read	
592,i8*,xmlTextReaderConstName,i8*	xml	Text	Reader	Const	Name	
593,i8*,xmlTextReaderConstValue,i8*	xml	Text	Reader	Const	Value	
594,i32,xmlStrlen,i32	xml	Strlen	
595,_xmlTextReader*,xmlReaderForFile,xml	Text	Reader*	xml	Reader	For	File	
596,i32,xmlTextReaderRead,i32	xml	Text	Reader	Read	
597,i32,xmlTextReaderIsValid,i32	xml	Text	Reader	Is	Valid	
598,i32,xmlTextReaderRead,i32	xml	Text	Reader	Read	
599,_xmlTextReader*,xmlReaderForFile,xml	Text	Reader*	xml	Reader	For	File	
600,i32,xmlTextReaderPreservePattern,i32	xml	Text	Reader	Preserve	Pattern	
601,i32,xmlTextReaderRead,i32	xml	Text	Reader	Read	
602,i32,xmlTextReaderRead,i32	xml	Text	Reader	Read	
603,_xmlDoc*,extractFile,xml	Doc*	extract	File	
604,_xmlSchemaType*,xmlSchemaGetPredefinedType,xml	Schema	Type*	xml	Schema	Get	Predefined	Type	
605,_xmlSchemaType*,xmlSchemaGetPredefinedType,xml	Schema	Type*	xml	Schema	Get	Predefined	Type	
606,i32,xmlSchemaValPredefTypeNode,i32	xml	Schema	Val	Predef	Type	Node	
607,i32,xmlSchemaValPredefTypeNode,i32	xml	Schema	Val	Predef	Type	Node	
608,i32,xmlSchemaValPredefTypeNode,i32	xml	Schema	Val	Predef	Type	Node	
609,_xmlSchemaType*,xmlSchemaGetPredefinedType,xml	Schema	Type*	xml	Schema	Get	Predefined	Type	
610,_xmlSchemaFacet*,xmlSchemaNewFacet,xml	Schema	Facet*	xml	Schema	New	Facet	
611,i32,xmlStrEqual,i32	xml	Str	Equal	
612,i32,xmlStrEqual,i32	xml	Str	Equal	
613,i32,xmlStrEqual,i32	xml	Str	Equal	
614,i32,xmlStrEqual,i32	xml	Str	Equal	
615,i32,xmlStrEqual,i32	xml	Str	Equal	
616,i32,xmlStrEqual,i32	xml	Str	Equal	
617,i32,xmlStrEqual,i32	xml	Str	Equal	
618,i32,xmlStrEqual,i32	xml	Str	Equal	
619,i32,xmlStrEqual,i32	xml	Str	Equal	
620,i32,xmlStrEqual,i32	xml	Str	Equal	
621,i32,xmlStrEqual,i32	xml	Str	Equal	
622,i32,xmlStrEqual,i32	xml	Str	Equal	
623,i32,xmlSchemaCheckFacet,i32	xml	Schema	Check	Facet	
624,i32,xmlSchemaCheckFacet,i32	xml	Schema	Check	Facet	
625,_xmlSchemaType*,xmlSchemaGetPredefinedType,xml	Schema	Type*	xml	Schema	Get	Predefined	Type	
626,i32,xmlSchemaValPredefTypeNode,i32	xml	Schema	Val	Predef	Type	Node	
627,i32,xmlSchemaValPredefTypeNode,i32	xml	Schema	Val	Predef	Type	Node	
628,i32,xmlSchemaValPredefTypeNode,i32	xml	Schema	Val	Predef	Type	Node	
629,i32,xmlSchemaValPredefTypeNode,i32	xml	Schema	Val	Predef	Type	Node	
630,i32,xmlStrEqual,i32	xml	Str	Equal	
631,i32,xmlStrEqual,i32	xml	Str	Equal	
632,i32,xmlStrEqual,i32	xml	Str	Equal	
633,i32,xmlStrEqual,i32	xml	Str	Equal	
634,i32,xmlStrEqual,i32	xml	Str	Equal	
635,i32,xmlStrEqual,i32	xml	Str	Equal	
636,i32,xmlStrEqual,i32	xml	Str	Equal	
637,i8*,xmlRelaxNGNormalize,i8*	xml	Relax	N	G	Normalize	
638,i8*,xmlRelaxNGNormalize,i8*	xml	Relax	N	G	Normalize	
639,i32,xmlStrEqual,i32	xml	Str	Equal	
640,i8*,xmlRelaxNGNormalize,i8*	xml	Relax	N	G	Normalize	
641,i8*,xmlRelaxNGNormalize,i8*	xml	Relax	N	G	Normalize	
642,i8*,xmlHashLookup,i8*	xml	Hash	Lookup	
643,i32,xmlHashAddEntry,i32	xml	Hash	Add	Entry	
644,i32,xmlRelaxNGCompareElemDefLists,i32	xml	Relax	N	G	Compare	Elem	Def	Lists	
645,i32,xmlRelaxNGCompareElemDefLists,i32	xml	Relax	N	G	Compare	Elem	Def	Lists	
646,i32,xmlHashAddEntry2,i32	xml	Hash	Add	Entry2	
647,i32,xmlHashAddEntry2,i32	xml	Hash	Add	Entry2	
648,i32,xmlHashAddEntry2,i32	xml	Hash	Add	Entry2	
649,i32,xmlStrEqual,i32	xml	Str	Equal	
650,i32,xmlStrEqual,i32	xml	Str	Equal	
651,_xmlDoc*,xmlCopyDoc,xml	Doc*	xml	Copy	Doc	
652,_xmlNode*,xmlDocGetRootElement,xml	Node*	xml	Doc	Get	Root	Element	
653,_xmlDoc*,xmlReadFile,xml	Doc*	xml	Read	File	
654,_xmlDoc*,xmlReadFile,xml	Doc*	xml	Read	File	
655,_xmlDoc*,xmlReadFile,xml	Doc*	xml	Read	File	
656,_xmlNode*,xmlDocGetRootElement,xml	Node*	xml	Doc	Get	Root	Element	
657,_xmlRelaxNGDefine*,xmlRelaxNGNewDefine,xml	Relax	N	G	Define*	xml	Relax	N	G	New	Define	
658,_xmlRelaxNGValidState*,xmlRelaxNGNewValidState,xml	Relax	N	G	Valid	State*	xml	Relax	N	G	New	Valid	State	
659,i32,xmlRelaxNGValidateElementEnd,i32	xml	Relax	N	G	Validate	Element	End	
660,_xmlRegExecCtxt*,xmlRegNewExecCtxt,xml	Reg	Exec	Ctxt*	xml	Reg	New	Exec	Ctxt	
661,_xmlDoc*,xmlReadFile,xml	Doc*	xml	Read	File	
662,i32,xmlStrEqual,i32	xml	Str	Equal	
663,_xmlNode*,xmlDocGetRootElement,xml	Node*	xml	Doc	Get	Root	Element	
664,i8*,xmlGetProp,i8*	xml	Get	Prop	
665,i8*,xmlGetProp,i8*	xml	Get	Prop	
666,i32,xmlStrEqual,i32	xml	Str	Equal	
667,_xmlNode*,xmlDocGetRootElement,xml	Node*	xml	Doc	Get	Root	Element	
668,_xmlNode*,xmlDocGetRootElement,xml	Node*	xml	Doc	Get	Root	Element	
669,i32,strcmp,i32	strcmp	
670,i32,strcmp,i32	strcmp	
671,_xmlParserInput*,xmlNewStringInputStream,xml	Parser	Input*	xml	New	String	Input	Stream	
672,i32,checkTestFile,i32	check	Test	File	
673,i32,vsnprintf,i32	vsnprintf	
674,_xmlXPathCompExpr*,xmlXPathCompile,xml	X	Path	Comp	Expr*	xml	X	Path	Compile	
675,_xmlXPathObject*,xmlXPathCompiledEval,xml	X	Path	Object*	xml	X	Path	Compiled	Eval	
676,_xmlXPathCompExpr*,xmlXPathCompile,xml	X	Path	Comp	Expr*	xml	X	Path	Compile	
677,_xmlXPathObject*,xmlXPathCompiledEval,xml	X	Path	Object*	xml	X	Path	Compiled	Eval	
678,_xmlNode*,getNext,xml	Node*	get	Next	
679,_xmlBuffer*,xmlBufferCreate,xml	Buffer*	xml	Buffer	Create	
680,_xmlBuffer*,xmlBufferCreate,xml	Buffer*	xml	Buffer	Create	
681,i32,xmlMemUsed,i32	xml	Mem	Used	
682,i32,xmlMemUsed,i32	xml	Mem	Used	
683,_xmlBuffer*,xmlBufferCreate,xml	Buffer*	xml	Buffer	Create	
684,_xmlNode*,getNext,xml	Node*	get	Next	
685,i8*,xmlStrdup,i8*	xml	Strdup	
686,i8*,getString,i8*	get	String	
687,i8*,getString,i8*	get	String	
688,i8*,xmlStrdup,i8*	xml	Strdup	
689,_xmlBuffer*,xmlBufferCreate,xml	Buffer*	xml	Buffer	Create	
690,i8*,getString,i8*	get	String	
691,i8*,composeDir,i8*	compose	Dir	
692,_xmlNode*,getNext,xml	Node*	get	Next	
693,_xmlNode*,getNext,xml	Node*	get	Next	
694,_xmlNode*,getNext,xml	Node*	get	Next	
695,_xmlNode*,getNext,xml	Node*	get	Next	
696,_xmlNode*,getNext,xml	Node*	get	Next	
697,_xmlNode*,getNext,xml	Node*	get	Next	
698,_xmlBuffer*,xmlBufferCreate,xml	Buffer*	xml	Buffer	Create	
699,i32,stat64,i32	stat	
700,_xmlNode*,getNext,xml	Node*	get	Next	
701,_xmlNode*,getNext,xml	Node*	get	Next	
702,i8*,xmlGetProp,i8*	xml	Get	Prop	
703,i32,xmlMemUsed,i32	xml	Mem	Used	
704,i32,xmlMemUsed,i32	xml	Mem	Used	
705,i8*,xmlGetProp,i8*	xml	Get	Prop	
706,_xmlNode*,getNext,xml	Node*	get	Next	
707,_xmlNode*,getNext,xml	Node*	get	Next	
708,i32,xmlMemUsed,i32	xml	Mem	Used	
709,i32,xmlMemUsed,i32	xml	Mem	Used	
710,_xmlBuffer*,xmlBufferCreate,xml	Buffer*	xml	Buffer	Create	
711,i32,xmlMemUsed,i32	xml	Mem	Used	
712,i32,xmlMemUsed,i32	xml	Mem	Used	
713,i32,xmlMemUsed,i32	xml	Mem	Used	
714,i8*,getString,i8*	get	String	
715,_xmlDoc*,xmlReadFile,xml	Doc*	xml	Read	File	
716,i32,xmlStrEqual,i32	xml	Str	Equal	
717,_xmlNode*,xmlDocGetRootElement,xml	Node*	xml	Doc	Get	Root	Element	
718,i32,xmlStrEqual,i32	xml	Str	Equal	
719,_xmlNode*,xmlDocGetRootElement,xml	Node*	xml	Doc	Get	Root	Element	
720,_xmlNode*,xmlDocGetRootElement,xml	Node*	xml	Doc	Get	Root	Element	
721,_xmlDoc*,xmlReadFile,xml	Doc*	xml	Read	File	
722,i8*,getString,i8*	get	String	
723,i8*,getString,i8*	get	String	
724,_xmlDoc*,xmlReadFile,xml	Doc*	xml	Read	File	
725,i32,xmlStrEqual,i32	xml	Str	Equal	
726,_xmlNode*,xmlDocGetRootElement,xml	Node*	xml	Doc	Get	Root	Element	
727,i32,xmlStrEqual,i32	xml	Str	Equal	
728,_xmlNode*,xmlDocGetRootElement,xml	Node*	xml	Doc	Get	Root	Element	
729,_xmlNode*,xmlDocGetRootElement,xml	Node*	xml	Doc	Get	Root	Element	
730,_xmlDoc*,xmlReadFile,xml	Doc*	xml	Read	File	
731,_xmlDoc*,xmlReadFile,xml	Doc*	xml	Read	File	
732,i32,xmlStrEqual,i32	xml	Str	Equal	
733,_xmlNode*,xmlDocGetRootElement,xml	Node*	xml	Doc	Get	Root	Element	
734,i32,xmlStrEqual,i32	xml	Str	Equal	
735,_xmlNode*,xmlDocGetRootElement,xml	Node*	xml	Doc	Get	Root	Element	
736,_xmlNode*,xmlDocGetRootElement,xml	Node*	xml	Doc	Get	Root	Element	
737,_xmlDoc*,xmlReadFile,xml	Doc*	xml	Read	File	
738,i32,checkTestFile,i32	check	Test	File	
739,i32,xmlStrEqual,i32	xml	Str	Equal	
740,i32,xmlStrEqual,i32	xml	Str	Equal	
741,i32,xmlMemUsed,i32	xml	Mem	Used	
742,i32,xmlMemUsed,i32	xml	Mem	Used	
743,i32,checkTestFile,i32	check	Test	File	
744,i32,xmlStrEqual,i32	xml	Str	Equal	
745,i8*,strstr,i8*	strstr	
746,_xmlNode*,getNext,xml	Node*	get	Next	
747,i32,xmlStrEqual,i32	xml	Str	Equal	
748,i8*,strstr,i8*	strstr	
749,i32,xmlMemUsed,i32	xml	Mem	Used	
750,i32,xmlMemUsed,i32	xml	Mem	Used	
751,i8*,resultFilename,i8*	result	Filename	
752,i32,compareFiles,i32	compare	Files	
753,i8*,resultFilename,i8*	result	Filename	
754,_xmlDoc*,xmlParseFile,xml	Doc*	xml	Parse	File	
755,i8*,resultFilename,i8*	result	Filename	
756,i32,compareFiles,i32	compare	Files	
757,_xmlDoc*,xmlParseFile,xml	Doc*	xml	Parse	File	
758,i32,compareFiles,i32	compare	Files	
759,i8*,resultFilename,i8*	result	Filename	
760,i32,loadMem,i32	load	Mem	
761,i32,loadMem,i32	load	Mem	
762,_xmlDoc*,xmlReadMemory,xml	Doc*	xml	Read	Memory	
763,i32,compareFileMem,i32	compare	File	Mem	
764,_xmlDoc*,xmlReadFile,xml	Doc*	xml	Read	File	
765,i8*,resultFilename,i8*	result	Filename	
766,i32,compareFiles,i32	compare	Files	
767,_xmlDoc*,xmlReadFile,xml	Doc*	xml	Read	File	
768,i32,compareFiles,i32	compare	Files	
769,i8*,resultFilename,i8*	result	Filename	
770,_xmlDoc*,htmlReadFile,xml	Doc*	html	Read	File	
771,_xmlDoc*,htmlReadFile,xml	Doc*	html	Read	File	
772,i8*,xmlTextReaderConstName,i8*	xml	Text	Reader	Const	Name	
773,i8*,xmlTextReaderConstValue,i8*	xml	Text	Reader	Const	Value	
774,i32,xmlTextReaderRelaxNGValidate,i32	xml	Text	Reader	Relax	N	G	Validate	
775,i32,xmlTextReaderRelaxNGValidate,i32	xml	Text	Reader	Relax	N	G	Validate	
776,i32,xmlTextReaderRelaxNGValidate,i32	xml	Text	Reader	Relax	N	G	Validate	
777,i32,xmlTextReaderIsValid,i32	xml	Text	Reader	Is	Valid	
778,i32,xmlTextReaderRelaxNGValidate,i32	xml	Text	Reader	Relax	N	G	Validate	
779,i32,xmlTextReaderRelaxNGValidate,i32	xml	Text	Reader	Relax	N	G	Validate	
780,_xmlDoc*,xmlReadFile,xml	Doc*	xml	Read	File	
781,i32,loadMem,i32	load	Mem	
782,i32,checkTestFile,i32	check	Test	File	
783,_xmlXPathCompExpr*,xmlXPathCompile,xml	X	Path	Comp	Expr*	xml	X	Path	Compile	
784,i8*,resultFilename,i8*	result	Filename	
785,_IO_FILE*,fopen64,I	O	F	I	L	E*	fopen	
786,i8*,fgets,i8*	fgets	
787,i8*,resultFilename,i8*	result	Filename	
788,i32,xpathCommonTest,i32	xpath	Common	Test	
789,i32,xpathCommonTest,i32	xpath	Common	Test	
790,i8*,resultFilename,i8*	result	Filename	
791,i8*,resultFilename,i8*	result	Filename	
792,i32,vsnprintf,i32	vsnprintf	
793,i32,xmlParseURIReference,i32	xml	Parse	U	R	I	Reference	
794,i8*,resultFilename,i8*	result	Filename	
795,_IO_FILE*,fopen64,I	O	F	I	L	E*	fopen	
796,_IO_FILE*,fopen64,I	O	F	I	L	E*	fopen	
797,i8*,resultFilename,i8*	result	Filename	
798,i8*,fgets,i8*	fgets	
799,i32,compareFiles,i32	compare	Files	
800,i32,compareFiles,i32	compare	Files	
801,i8*,resultFilename,i8*	result	Filename	
802,i32,strcmp,i32	strcmp	
803,i32,strcmp,i32	strcmp	
804,i32,vsnprintf,i32	vsnprintf	
805,i32,strcmp,i32	strcmp	
806,i32,strcmp,i32	strcmp	
807,_xmlDoc*,xmlReadFile,xml	Doc*	xml	Read	File	
808,i32,xmlRegisterInputCallbacks,i32	xml	Register	Input	Callbacks	
809,i32,urip_checkURL,i32	urip	check	U	R	L	
810,_xmlDoc*,xmlReadFile,xml	Doc*	xml	Read	File	
811,i8*,resultFilename,i8*	result	Filename	
812,_IO_FILE*,fopen64,I	O	F	I	L	E*	fopen	
813,i32,compareFiles,i32	compare	Files	
814,i8*,resultFilename,i8*	result	Filename	
815,i32,compareFileMem,i32	compare	File	Mem	
816,_xmlSchema*,xmlSchemaParse,xml	Schema*	xml	Schema	Parse	
817,i32,schemasOneTest,i32	schemas	One	Test	
818,_xmlDoc*,xmlReadFile,xml	Doc*	xml	Read	File	
819,i8*,resultFilename,i8*	result	Filename	
820,_IO_FILE*,fopen64,I	O	F	I	L	E*	fopen	
821,i32,compareFiles,i32	compare	Files	
822,i8*,resultFilename,i8*	result	Filename	
823,i32,compareFileMem,i32	compare	File	Mem	
824,_xmlRelaxNG*,xmlRelaxNGParse,xml	Relax	N	G*	xml	Relax	N	G	Parse	
825,i32,strcmp,i32	strcmp	
826,i32,strcmp,i32	strcmp	
827,i32,strcmp,i32	strcmp	
828,i32,strcmp,i32	strcmp	
829,i32,strcmp,i32	strcmp	
830,_xmlTextReader*,xmlReaderForFile,xml	Text	Reader*	xml	Reader	For	File	
831,i32,streamProcessTest,i32	stream	Process	Test	
832,i32,xmlTextReaderNodeType,i32	xml	Text	Reader	Node	Type	
833,i32,xmlTextReaderNodeType,i32	xml	Text	Reader	Node	Type	
834,i32,xmlStreamPush,i32	xml	Stream	Push	
835,i32,xmlStreamPush,i32	xml	Stream	Push	
836,i32,xmlTextReaderNodeType,i32	xml	Text	Reader	Node	Type	
837,i32,xmlTextReaderIsEmptyElement,i32	xml	Text	Reader	Is	Empty	Element	
838,i32,xmlTextReaderNodeType,i32	xml	Text	Reader	Node	Type	
839,i32,xmlStreamPush,i32	xml	Stream	Push	
840,i32,checkTestFile,i32	check	Test	File	
841,i32,checkTestFile,i32	check	Test	File	
842,_IO_FILE*,fopen64,I	O	F	I	L	E*	fopen	
843,i8*,resultFilename,i8*	result	Filename	
844,_IO_FILE*,fopen64,I	O	F	I	L	E*	fopen	
845,i8*,fgets,i8*	fgets	
846,_xmlDoc*,xmlReadFile,xml	Doc*	xml	Read	File	
847,i32,xmlTextReaderRead,i32	xml	Text	Reader	Read	
848,i32,xmlTextReaderRead,i32	xml	Text	Reader	Read	
849,i8*,resultFilename,i8*	result	Filename	
850,_xmlDoc*,xmlReadFile,xml	Doc*	xml	Read	File	
851,_xmlNode*,xmlDocGetRootElement,xml	Node*	xml	Doc	Get	Root	Element	
852,i32,xmlStrEqual,i32	xml	Str	Equal	
853,i8*,xmlNodeGetContent,i8*	xml	Node	Get	Content	
854,_xmlXPathContext*,xmlXPathNewContext,xml	X	Path	Context*	xml	X	Path	New	Context	
855,i32,xmlXPathRegisterNs,i32	xml	X	Path	Register	Ns	
856,_xmlXPathObject*,xmlXPathEvalExpression,xml	X	Path	Object*	xml	X	Path	Eval	Expression	
857,_xmlDoc*,xmlReadFile,xml	Doc*	xml	Read	File	
858,_xmlNode*,xmlDocGetRootElement,xml	Node*	xml	Doc	Get	Root	Element	
859,i32,loadMem,i32	load	Mem	
860,i32,xmlC14NDocDumpMemory,i32	xml	C14	N	Doc	Dump	Memory	
861,i32,compareFileMem,i32	compare	File	Mem	
862,i32,checkTestFile,i32	check	Test	File	
863,i32,checkTestFile,i32	check	Test	File	
864,i32,checkTestFile,i32	check	Test	File	
865,i32,c14nRunTest,i32	c	n	Run	Test	
866,i32,checkTestFile,i32	check	Test	File	
867,i8*,resultFilename,i8*	result	Filename	
868,i8*,resultFilename,i8*	result	Filename	
869,i32,checkTestFile,i32	check	Test	File	
870,i8*,resultFilename,i8*	result	Filename	
871,i32,checkTestFile,i32	check	Test	File	
872,i8*,resultFilename,i8*	result	Filename	
873,i32,xmlMemUsed,i32	xml	Mem	Used	
874,i32,xmlMemUsed,i32	xml	Mem	Used	
875,i32,xmlMemUsed,i32	xml	Mem	Used	
876,i32,xmlMemUsed,i32	xml	Mem	Used	
877,i8*,resultFilename,i8*	result	Filename	
878,i8*,resultFilename,i8*	result	Filename	
879,i32,launchTests,i32	launch	Tests	
880,i32,strcmp,i32	strcmp	
881,i32,strcmp,i32	strcmp	
882,i8*,strstr,i8*	strstr	
883,i32,xmlStrlen,i32	xml	Strlen	
884,i32,xmlStrlen,i32	xml	Strlen	
885,i32,stat64,i32	stat	
886,i32,open64,i32	open	
887,i32,open64,i32	open	
888,i32,memcmp,i32	memcmp	
889,i32,stat64,i32	stat	
890,i32,open64,i32	open	
891,i32,memcmp,i32	memcmp	
892,i32,stat64,i32	stat	
893,i8*,malloc,i8*	malloc	
894,i32,open64,i32	open	
895,i32,snprintf,i32	snprintf	
896,_xmlParserCtxt*,xmlNewParserCtxt,xml	Parser	Ctxt*	xml	New	Parser	Ctxt	
897,_xmlDoc*,xmlCtxtReadFile,xml	Doc*	xml	Ctxt	Read	File	
898,_xmlParserCtxt*,xmlNewParserCtxt,xml	Parser	Ctxt*	xml	New	Parser	Ctxt	
899,_xmlDoc*,xmlCtxtReadFile,xml	Doc*	xml	Ctxt	Read	File	
900,_xmlDoc*,xmlReadFile,xml	Doc*	xml	Read	File	
901,_xmlDoc*,xmlReadFile,xml	Doc*	xml	Read	File	
902,i32,strcmp,i32	strcmp	
903,i32,checkTestFile,i32	check	Test	File	
904,i32,xmlStrEqual,i32	xml	Str	Equal	
905,i32,xmlStrEqual,i32	xml	Str	Equal	
906,i32,xmlStrEqual,i32	xml	Str	Equal	
907,i32,xmlStrEqual,i32	xml	Str	Equal	
908,i32,xmlStrEqual,i32	xml	Str	Equal	
909,i32,xmlStrEqual,i32	xml	Str	Equal	
910,i32,xmlStrEqual,i32	xml	Str	Equal	
911,i32,xmlStrEqual,i32	xml	Str	Equal	
912,i8*,xmlStrchr,i8*	xml	Strchr	
913,i32,xmlStrEqual,i32	xml	Str	Equal	
914,i32,xmlStrEqual,i32	xml	Str	Equal	
915,i32,xmlStrEqual,i32	xml	Str	Equal	
916,i32,xmlStrEqual,i32	xml	Str	Equal	
917,i32,xmlMemUsed,i32	xml	Mem	Used	
918,i32,xmlMemUsed,i32	xml	Mem	Used	
919,i8*,xmlGetProp,i8*	xml	Get	Prop	
920,i32,xmlStrEqual,i32	xml	Str	Equal	
921,i32,xmlStrEqual,i32	xml	Str	Equal	
922,i32,xmlconfTestItem,i32	xmlconf	Test	Item	
923,i8*,xmlGetProp,i8*	xml	Get	Prop	
924,i32,xmlStrEqual,i32	xml	Str	Equal	
925,i32,checkTestFile,i32	check	Test	File	
926,_xmlDoc*,xmlReadFile,xml	Doc*	xml	Read	File	
927,i32,stat64,i32	stat	
928,i32,xmlStrEqual,i32	xml	Str	Equal	
929,_xmlNode*,xmlDocGetRootElement,xml	Node*	xml	Doc	Get	Root	Element	
930,i32,strcmp,i32	strcmp	
931,_xmlDoc*,xmlNewDoc,xml	Doc*	xml	New	Doc	
932,_xmlDoc*,xmlNewDoc,xml	Doc*	xml	New	Doc	
933,i8*,xmlStrdup,i8*	xml	Strdup	
934,i32,xmlStrEqual,i32	xml	Str	Equal	
935,i8*,xmlStrdup,i8*	xml	Strdup	
936,i32,htmlIsBooleanAttr,i32	html	Is	Boolean	Attr	
937,i8*,xmlStrdup,i8*	xml	Strdup	
938,i8*,xmlStringDecodeEntities,i8*	xml	String	Decode	Entities	
939,i8*,xmlStrdup,i8*	xml	Strdup	
940,_xmlURI*,xmlParseURI,xml	U	R	I*	xml	Parse	U	R	I	
941,_xmlNs*,xmlNewNs,xml	Ns*	xml	New	Ns	
942,i8*,xmlStrdup,i8*	xml	Strdup	
943,i8*,xmlStrdup,i8*	xml	Strdup	
944,i8*,xmlStringDecodeEntities,i8*	xml	String	Decode	Entities	
945,i8*,xmlStringDecodeEntities,i8*	xml	String	Decode	Entities	
946,i8*,xmlStrdup,i8*	xml	Strdup	
947,_xmlURI*,xmlParseURI,xml	U	R	I*	xml	Parse	U	R	I	
948,_xmlNs*,xmlNewNs,xml	Ns*	xml	New	Ns	
949,i8*,xmlStrdup,i8*	xml	Strdup	
950,i8*,xmlStrdup,i8*	xml	Strdup	
951,i8*,xmlStringDecodeEntities,i8*	xml	String	Decode	Entities	
952,i32,xmlStrEqual,i32	xml	Str	Equal	
953,i32,xmlStrEqual,i32	xml	Str	Equal	
954,_xmlAttr*,xmlNewNsPropEatName,xml	Attr*	xml	New	Ns	Prop	Eat	Name	
955,i8*,xmlStringDecodeEntities,i8*	xml	String	Decode	Entities	
956,i8*,xmlValidNormalizeAttributeValue,i8*	xml	Valid	Normalize	Attribute	Value	
957,i32,xmlStrEqual,i32	xml	Str	Equal	
958,i32,xmlValidateNCName,i32	xml	Validate	N	C	Name	
959,i32,xmlIsID,i32	xml	Is	I	D	
960,i32,xmlIsRef,i32	xml	Is	Ref	
961,i8*,xmlStrdup,i8*	xml	Strdup	
962,_xmlElement*,xmlGetDtdQElementDesc,xml	Element*	xml	Get	Dtd	Q	Element	Desc	
963,_xmlElement*,xmlGetDtdQElementDesc,xml	Element*	xml	Get	Dtd	Q	Element	Desc	
964,_xmlAttribute*,xmlGetDtdQAttrDesc,xml	Attribute*	xml	Get	Dtd	Q	Attr	Desc	
965,_xmlAttribute*,xmlGetDtdQAttrDesc,xml	Attribute*	xml	Get	Dtd	Q	Attr	Desc	
966,i8*,xmlStrdup,i8*	xml	Strdup	
967,i32,xmlStrEqual,i32	xml	Str	Equal	
968,i32,xmlStrEqual,i32	xml	Str	Equal	
969,i32,xmlStrEqual,i32	xml	Str	Equal	
970,_xmlAttribute*,xmlGetDtdQAttrDesc,xml	Attribute*	xml	Get	Dtd	Q	Attr	Desc	
971,_xmlAttribute*,xmlGetDtdQAttrDesc,xml	Attribute*	xml	Get	Dtd	Q	Attr	Desc	
972,i8*,xmlBuildQName,i8*	xml	Build	Q	Name	
973,i32,xmlStrEqual,i32	xml	Str	Equal	
974,i8*,xmlBuildQName,i8*	xml	Build	Q	Name	
975,i8*,xmlBuildQName,i8*	xml	Build	Q	Name	
976,_xmlNode*,xmlNewDocNodeEatName,xml	Node*	xml	New	Doc	Node	Eat	Name	
977,_xmlNs*,xmlSearchNs,xml	Ns*	xml	Search	Ns	
978,_xmlNs*,xmlSearchNs,xml	Ns*	xml	Search	Ns	
979,_xmlNs*,xmlSearchNs,xml	Ns*	xml	Search	Ns	
980,i32,xmlValidateDtdFinal,i32	xml	Validate	Dtd	Final	
981,i32,xmlValidateDtdFinal,i32	xml	Validate	Dtd	Final	
982,_xmlNode*,xmlSAX2TextNode,xml	Node*	xml	S	A	X2	Text	Node	
983,_xmlNode*,xmlSAX2TextNode,xml	Node*	xml	S	A	X2	Text	Node	
984,_xmlNode*,xmlSAX2TextNode,xml	Node*	xml	S	A	X2	Text	Node	
985,i8*,xmlBuildQName,i8*	xml	Build	Q	Name	
986,i8*,xmlBuildQName,i8*	xml	Build	Q	Name	
987,i8*,xmlBuildQName,i8*	xml	Build	Q	Name	
988,i8*,xmlValidCtxtNormalizeAttributeValue,i8*	xml	Valid	Ctxt	Normalize	Attribute	Value	
989,i32,xmlValidateNCName,i32	xml	Validate	N	C	Name	
990,i32,xmlIsID,i32	xml	Is	I	D	
991,i32,xmlIsRef,i32	xml	Is	Ref	
992,i8*,xmlDictQLookup,i8*	xml	Dict	Q	Lookup	
993,_xmlNs*,xmlNewNs,xml	Ns*	xml	New	Ns	
994,i32,xmlStrEqual,i32	xml	Str	Equal	
995,_xmlNs*,xmlNewNs,xml	Ns*	xml	New	Ns	
996,i8*,xmlDictQLookup,i8*	xml	Dict	Q	Lookup	
997,i32,xmlValidateDtdFinal,i32	xml	Validate	Dtd	Final	
998,i32,xmlValidateDtdFinal,i32	xml	Validate	Dtd	Final	
999,_xmlNode*,xmlAddChild,xml	Node*	xml	Add	Child	
1000,i32,xmlDictOwns,i32	xml	Dict	Owns	
1001,i32,xmlTextConcat,i32	xml	Text	Concat	
1002,_xmlDtd*,xmlGetIntSubset,xml	Dtd*	xml	Get	Int	Subset	
1003,i32,xmlDictOwns,i32	xml	Dict	Owns	
1004,i8*,xmlBuildURI,i8*	xml	Build	U	R	I	
1005,i32,xmlParseCtxtExternalEntity,i32	xml	Parse	Ctxt	External	Entity	
1006,i8*,xmlStrchr,i8*	xml	Strchr	
1007,_xmlEntity*,xmlAddDocEntity,xml	Entity*	xml	Add	Doc	Entity	
1008,_xmlEntity*,xmlAddDocEntity,xml	Entity*	xml	Add	Doc	Entity	
1009,_xmlEntity*,xmlAddDocEntity,xml	Entity*	xml	Add	Doc	Entity	
1010,_xmlEntity*,xmlAddDocEntity,xml	Entity*	xml	Add	Doc	Entity	
1011,i32,xmlStrEqual,i32	xml	Str	Equal	
1012,_xmlAttribute*,xmlAddAttributeDecl,xml	Attribute*	xml	Add	Attribute	Decl	
1013,_xmlEntity*,xmlAddDocEntity,xml	Entity*	xml	Add	Doc	Entity	
1014,_xmlEntity*,xmlAddDocEntity,xml	Entity*	xml	Add	Doc	Entity	
1015,_xmlEntity*,xmlAddDocEntity,xml	Entity*	xml	Add	Doc	Entity	
1016,_xmlEntity*,xmlAddDocEntity,xml	Entity*	xml	Add	Doc	Entity	
1017,_xmlDoc*,xmlReadFile,xml	Doc*	xml	Read	File	
1018,_xmlDoc*,xmlReadFile,xml	Doc*	xml	Read	File	
1019,_xmlNode*,xmlDocGetRootElement,xml	Node*	xml	Doc	Get	Root	Element	
1020,i32,xmlStrEqual,i32	xml	Str	Equal	
1021,i32,xmlStrEqual,i32	xml	Str	Equal	
1022,i32,xmlStrEqual,i32	xml	Str	Equal	
1023,_xmlNode*,xmlDocGetRootElement,xml	Node*	xml	Doc	Get	Root	Element	
1024,i32,xmlStrEqual,i32	xml	Str	Equal	
1025,i32,xmlStrEqual,i32	xml	Str	Equal	
1026,i32,xmlStrEqual,i32	xml	Str	Equal	
1027,i32,xmlStrEqual,i32	xml	Str	Equal	
1028,i32,xmlStrEqual,i32	xml	Str	Equal	
1029,i8*,xmlNodeGetContent,i8*	xml	Node	Get	Content	
1030,i32,xmlStrEqual,i32	xml	Str	Equal	
1031,i32,xmlStrEqual,i32	xml	Str	Equal	
1032,i32,xmlStrEqual,i32	xml	Str	Equal	
1033,i32,xmlStrEqual,i32	xml	Str	Equal	
1034,i32,xmlStrEqual,i32	xml	Str	Equal	
1035,i8*,xmlGetNoNsProp,i8*	xml	Get	No	Ns	Prop	
1036,i8*,xmlGetNoNsProp,i8*	xml	Get	No	Ns	Prop	
1037,i8*,xmlGetNoNsProp,i8*	xml	Get	No	Ns	Prop	
1038,i8*,xmlGetNoNsProp,i8*	xml	Get	No	Ns	Prop	
1039,i8*,xmlGetNoNsProp,i8*	xml	Get	No	Ns	Prop	
1040,i8*,xmlGetNoNsProp,i8*	xml	Get	No	Ns	Prop	
1041,i32,xmlStrEqual,i32	xml	Str	Equal	
1042,i32,xmlStrEqual,i32	xml	Str	Equal	
1043,i32,xmlStrEqual,i32	xml	Str	Equal	
1044,i32,xmlStrEqual,i32	xml	Str	Equal	
1045,i32,xmlStrEqual,i32	xml	Str	Equal	
1046,i32,xmlStrEqual,i32	xml	Str	Equal	
1047,i32,xmlStrEqual,i32	xml	Str	Equal	
1048,_xmlXPathObject*,xmlXPathEval,xml	X	Path	Object*	xml	X	Path	Eval	
1049,i32,xmlStrEqual,i32	xml	Str	Equal	
1050,i32,xmlStrEqual,i32	xml	Str	Equal	
1051,i32,xmlStrEqual,i32	xml	Str	Equal	
1052,i8*,xmlGetNoNsProp,i8*	xml	Get	No	Ns	Prop	
1053,i32,xmlStrlen,i32	xml	Strlen	
1054,i32,xmlStrlen,i32	xml	Strlen	
1055,i8*,xmlGetNodePath,i8*	xml	Get	Node	Path	
1056,i8*,xmlGetNodePath,i8*	xml	Get	Node	Path	
1057,i8*,xmlGetNodePath,i8*	xml	Get	Node	Path	
1058,_xmlXPathObject*,xmlXPathCompiledEval,xml	X	Path	Object*	xml	X	Path	Compiled	Eval	
1059,i32,xmlXPathIsNaN,i32	xml	X	Path	Is	Na	N	
1060,_xmlNode*,xmlDocGetRootElement,xml	Node*	xml	Doc	Get	Root	Element	
1061,_xmlNode*,xmlDocGetRootElement,xml	Node*	xml	Doc	Get	Root	Element	
1062,i32,xmlPatternMatch,i32	xml	Pattern	Match	
1063,_xmlNode*,xmlDocGetRootElement,xml	Node*	xml	Doc	Get	Root	Element	
1064,i32,xmlPatternMatch,i32	xml	Pattern	Match	
1065,_xmlXPathCompExpr*,xmlXPathCtxtCompile,xml	X	Path	Comp	Expr*	xml	X	Path	Ctxt	Compile	
1066,_xmlPattern*,xmlPatterncompile,xml	Pattern*	xml	Patterncompile	
1067,i8*,xmlGetNoNsProp,i8*	xml	Get	No	Ns	Prop	
1068,_xmlSchematronRule*,xmlSchematronAddRule,xml	Schematron	Rule*	xml	Schematron	Add	Rule	
1069,i32,xmlStrEqual,i32	xml	Str	Equal	
1070,i32,xmlStrEqual,i32	xml	Str	Equal	
1071,i32,xmlStrEqual,i32	xml	Str	Equal	
1072,i32,xmlStrEqual,i32	xml	Str	Equal	
1073,i32,xmlStrEqual,i32	xml	Str	Equal	
1074,i8*,xmlGetNoNsProp,i8*	xml	Get	No	Ns	Prop	
1075,_xmlSchematronTest*,xmlSchematronAddTest,xml	Schematron	Test*	xml	Schematron	Add	Test	
1076,i32,xmlStrEqual,i32	xml	Str	Equal	
1077,i32,xmlStrEqual,i32	xml	Str	Equal	
1078,i32,xmlStrEqual,i32	xml	Str	Equal	
1079,i8*,xmlGetNoNsProp,i8*	xml	Get	No	Ns	Prop	
1080,_xmlSchematronTest*,xmlSchematronAddTest,xml	Schematron	Test*	xml	Schematron	Add	Test	
1081,i32,xmlStrEqual,i32	xml	Str	Equal	
1082,i32,xmlStrEqual,i32	xml	Str	Equal	
1083,i8*,xmlGetNoNsProp,i8*	xml	Get	No	Ns	Prop	
1084,_xmlSchematronPattern*,xmlSchematronAddPattern,xml	Schematron	Pattern*	xml	Schematron	Add	Pattern	
1085,i8*,xmlGetNoNsProp,i8*	xml	Get	No	Ns	Prop	
1086,i32,xmlStrEqual,i32	xml	Str	Equal	
1087,i32,xmlStrEqual,i32	xml	Str	Equal	
1088,i32,xmlStrEqual,i32	xml	Str	Equal	
1089,i32,xmlStrEqual,i32	xml	Str	Equal	
1090,i32,xmlStrEqual,i32	xml	Str	Equal	
1091,i32,xmlStrEqual,i32	xml	Str	Equal	
1092,i32,xmlStrEqual,i32	xml	Str	Equal	
1093,i32,xmlMemBlocks,i32	xml	Mem	Blocks	
1094,i32,xmlMemBlocks,i32	xml	Mem	Blocks	
1095,i32,xmlMemBlocks,i32	xml	Mem	Blocks	
1096,i32,xmlMemBlocks,i32	xml	Mem	Blocks	
1097,i32,xmlMemBlocks,i32	xml	Mem	Blocks	
1098,i32,xmlMemBlocks,i32	xml	Mem	Blocks	
1099,i32,xmlMemBlocks,i32	xml	Mem	Blocks	
1100,i32,xmlMemBlocks,i32	xml	Mem	Blocks	
1101,i32,xmlMemBlocks,i32	xml	Mem	Blocks	
1102,i32,xmlMemBlocks,i32	xml	Mem	Blocks	
1103,i32,xmlMemBlocks,i32	xml	Mem	Blocks	
1104,i32,xmlMemBlocks,i32	xml	Mem	Blocks	
1105,i32,xmlMemBlocks,i32	xml	Mem	Blocks	
1106,i32,xmlMemBlocks,i32	xml	Mem	Blocks	
1107,i32,xmlMemBlocks,i32	xml	Mem	Blocks	
1108,i32,xmlMemBlocks,i32	xml	Mem	Blocks	
1109,i32,xmlMemBlocks,i32	xml	Mem	Blocks	
1110,i32,xmlMemBlocks,i32	xml	Mem	Blocks	
1111,i32,xmlMemBlocks,i32	xml	Mem	Blocks	
1112,i32,xmlMemBlocks,i32	xml	Mem	Blocks	
1113,i32,xmlMemBlocks,i32	xml	Mem	Blocks	
1114,i32,xmlMemBlocks,i32	xml	Mem	Blocks	
1115,i32,xmlMemBlocks,i32	xml	Mem	Blocks	
1116,i32,xmlMemBlocks,i32	xml	Mem	Blocks	
1117,i32,xmlMemBlocks,i32	xml	Mem	Blocks	
1118,i32,xmlMemBlocks,i32	xml	Mem	Blocks	
1119,i32,xmlMemBlocks,i32	xml	Mem	Blocks	
1120,i32,xmlMemBlocks,i32	xml	Mem	Blocks	
1121,i32,xmlMemBlocks,i32	xml	Mem	Blocks	
1122,i32,xmlMemBlocks,i32	xml	Mem	Blocks	
1123,i32,xmlMemBlocks,i32	xml	Mem	Blocks	
1124,i32,xmlMemBlocks,i32	xml	Mem	Blocks	
1125,i32,xmlMemBlocks,i32	xml	Mem	Blocks	
1126,i32,xmlMemBlocks,i32	xml	Mem	Blocks	
1127,i32,xmlMemBlocks,i32	xml	Mem	Blocks	
1128,i32,xmlMemBlocks,i32	xml	Mem	Blocks	
1129,i32,xmlMemBlocks,i32	xml	Mem	Blocks	
1130,i32,xmlMemBlocks,i32	xml	Mem	Blocks	
1131,i32,xmlMemBlocks,i32	xml	Mem	Blocks	
1132,i32,xmlMemBlocks,i32	xml	Mem	Blocks	
1133,i32,xmlMemBlocks,i32	xml	Mem	Blocks	
1134,i32,xmlMemBlocks,i32	xml	Mem	Blocks	
1135,i32,xmlMemBlocks,i32	xml	Mem	Blocks	
1136,i32,xmlMemBlocks,i32	xml	Mem	Blocks	
1137,i32,xmlMemBlocks,i32	xml	Mem	Blocks	
1138,i32,xmlMemBlocks,i32	xml	Mem	Blocks	
1139,i32,xmlMemBlocks,i32	xml	Mem	Blocks	
1140,i32,xmlMemBlocks,i32	xml	Mem	Blocks	
1141,i32,xmlMemBlocks,i32	xml	Mem	Blocks	
1142,i32,xmlMemBlocks,i32	xml	Mem	Blocks	
1143,i32,xmlMemBlocks,i32	xml	Mem	Blocks	
1144,i32,xmlMemBlocks,i32	xml	Mem	Blocks	
1145,i32,xmlMemBlocks,i32	xml	Mem	Blocks	
1146,i32,xmlMemBlocks,i32	xml	Mem	Blocks	
1147,i32,xmlMemBlocks,i32	xml	Mem	Blocks	
1148,i32,xmlMemBlocks,i32	xml	Mem	Blocks	
1149,i32,xmlMemBlocks,i32	xml	Mem	Blocks	
1150,i32,xmlMemBlocks,i32	xml	Mem	Blocks	
1151,i32,xmlMemBlocks,i32	xml	Mem	Blocks	
1152,i32,xmlMemBlocks,i32	xml	Mem	Blocks	
1153,i32,xmlMemBlocks,i32	xml	Mem	Blocks	
1154,i32,xmlMemBlocks,i32	xml	Mem	Blocks	
1155,i32,xmlMemBlocks,i32	xml	Mem	Blocks	
1156,i32,xmlMemBlocks,i32	xml	Mem	Blocks	
1157,i32,xmlMemBlocks,i32	xml	Mem	Blocks	
1158,i32,xmlMemBlocks,i32	xml	Mem	Blocks	
1159,i32,xmlMemBlocks,i32	xml	Mem	Blocks	
1160,i32,xmlMemBlocks,i32	xml	Mem	Blocks	
1161,i32,xmlMemBlocks,i32	xml	Mem	Blocks	
1162,i32,xmlMemBlocks,i32	xml	Mem	Blocks	
1163,i32,xmlMemBlocks,i32	xml	Mem	Blocks	
1164,i32,xmlMemBlocks,i32	xml	Mem	Blocks	
1165,i32,xmlMemBlocks,i32	xml	Mem	Blocks	
1166,i32,xmlMemBlocks,i32	xml	Mem	Blocks	
1167,i32,xmlMemBlocks,i32	xml	Mem	Blocks	
1168,i32,xmlMemBlocks,i32	xml	Mem	Blocks	
1169,i32,xmlMemBlocks,i32	xml	Mem	Blocks	
1170,i32,xmlMemBlocks,i32	xml	Mem	Blocks	
1171,i32,xmlMemBlocks,i32	xml	Mem	Blocks	
1172,i32,xmlMemBlocks,i32	xml	Mem	Blocks	
1173,i32,xmlMemBlocks,i32	xml	Mem	Blocks	
1174,i32,xmlMemBlocks,i32	xml	Mem	Blocks	
1175,i32,xmlMemBlocks,i32	xml	Mem	Blocks	
1176,i32,xmlMemBlocks,i32	xml	Mem	Blocks	
1177,i32,xmlMemBlocks,i32	xml	Mem	Blocks	
1178,i32,xmlMemBlocks,i32	xml	Mem	Blocks	
1179,i32,xmlMemBlocks,i32	xml	Mem	Blocks	
1180,i32,xmlMemBlocks,i32	xml	Mem	Blocks	
1181,i32,xmlMemBlocks,i32	xml	Mem	Blocks	
1182,i32,xmlMemBlocks,i32	xml	Mem	Blocks	
1183,i32,xmlMemBlocks,i32	xml	Mem	Blocks	
1184,i32,xmlMemBlocks,i32	xml	Mem	Blocks	
1185,i32,xmlMemBlocks,i32	xml	Mem	Blocks	
1186,i32,xmlMemBlocks,i32	xml	Mem	Blocks	
1187,i32,xmlMemBlocks,i32	xml	Mem	Blocks	
1188,i32,xmlMemBlocks,i32	xml	Mem	Blocks	
1189,i32,xmlMemBlocks,i32	xml	Mem	Blocks	
1190,i32,xmlMemBlocks,i32	xml	Mem	Blocks	
1191,i32,xmlMemBlocks,i32	xml	Mem	Blocks	
1192,i32,xmlMemBlocks,i32	xml	Mem	Blocks	
1193,i32,xmlMemBlocks,i32	xml	Mem	Blocks	
1194,i32,xmlMemBlocks,i32	xml	Mem	Blocks	
1195,i32,xmlMemBlocks,i32	xml	Mem	Blocks	
1196,i32,xmlMemBlocks,i32	xml	Mem	Blocks	
1197,i32,xmlMemBlocks,i32	xml	Mem	Blocks	
1198,i32,xmlMemBlocks,i32	xml	Mem	Blocks	
1199,i32,xmlMemBlocks,i32	xml	Mem	Blocks	
1200,i32,xmlMemBlocks,i32	xml	Mem	Blocks	
1201,i32,xmlMemBlocks,i32	xml	Mem	Blocks	
1202,i32,xmlMemBlocks,i32	xml	Mem	Blocks	
1203,i32,xmlMemBlocks,i32	xml	Mem	Blocks	
1204,i32,xmlMemBlocks,i32	xml	Mem	Blocks	
1205,i32,xmlMemBlocks,i32	xml	Mem	Blocks	
1206,i32,xmlMemBlocks,i32	xml	Mem	Blocks	
1207,i32,xmlMemBlocks,i32	xml	Mem	Blocks	
1208,i32,xmlMemBlocks,i32	xml	Mem	Blocks	
1209,i32,xmlMemBlocks,i32	xml	Mem	Blocks	
1210,i32,xmlMemBlocks,i32	xml	Mem	Blocks	
1211,i32,xmlMemBlocks,i32	xml	Mem	Blocks	
1212,i32,xmlMemBlocks,i32	xml	Mem	Blocks	
1213,i32,xmlMemBlocks,i32	xml	Mem	Blocks	
1214,i32,xmlMemBlocks,i32	xml	Mem	Blocks	
1215,i32,xmlMemBlocks,i32	xml	Mem	Blocks	
1216,i32,xmlMemBlocks,i32	xml	Mem	Blocks	
1217,i32,xmlMemBlocks,i32	xml	Mem	Blocks	
1218,i32,xmlMemBlocks,i32	xml	Mem	Blocks	
1219,i32,xmlMemBlocks,i32	xml	Mem	Blocks	
1220,i32,xmlMemBlocks,i32	xml	Mem	Blocks	
1221,i32,xmlMemBlocks,i32	xml	Mem	Blocks	
1222,i32,xmlMemBlocks,i32	xml	Mem	Blocks	
1223,i32,xmlMemBlocks,i32	xml	Mem	Blocks	
1224,i32,xmlMemBlocks,i32	xml	Mem	Blocks	
1225,i32,xmlMemBlocks,i32	xml	Mem	Blocks	
1226,i32,xmlMemBlocks,i32	xml	Mem	Blocks	
1227,i32,xmlMemBlocks,i32	xml	Mem	Blocks	
1228,i32,xmlMemBlocks,i32	xml	Mem	Blocks	
1229,i32,xmlMemBlocks,i32	xml	Mem	Blocks	
1230,i32,xmlMemBlocks,i32	xml	Mem	Blocks	
1231,i32,xmlMemBlocks,i32	xml	Mem	Blocks	
1232,i32,xmlMemBlocks,i32	xml	Mem	Blocks	
1233,i32,xmlMemBlocks,i32	xml	Mem	Blocks	
1234,i32,xmlMemBlocks,i32	xml	Mem	Blocks	
1235,i32,xmlMemBlocks,i32	xml	Mem	Blocks	
1236,i32,xmlMemBlocks,i32	xml	Mem	Blocks	
1237,i32,xmlMemBlocks,i32	xml	Mem	Blocks	
1238,i32,xmlMemBlocks,i32	xml	Mem	Blocks	
1239,i32,xmlMemBlocks,i32	xml	Mem	Blocks	
1240,i32,xmlMemBlocks,i32	xml	Mem	Blocks	
1241,i32,xmlMemBlocks,i32	xml	Mem	Blocks	
1242,i32,xmlMemBlocks,i32	xml	Mem	Blocks	
1243,i32,xmlMemBlocks,i32	xml	Mem	Blocks	
1244,i32,xmlMemBlocks,i32	xml	Mem	Blocks	
1245,_xmlParserInput*,xmlNewIOInputStream,xml	Parser	Input*	xml	New	I	O	Input	Stream	
1246,i32,xmlMemBlocks,i32	xml	Mem	Blocks	
1247,i32,xmlMemBlocks,i32	xml	Mem	Blocks	
1248,i32,xmlMemBlocks,i32	xml	Mem	Blocks	
1249,i32,xmlMemBlocks,i32	xml	Mem	Blocks	
1250,_xmlSAXHandler*,gen_xmlSAXHandlerPtr,xml	S	A	X	Handler*	gen	xml	S	A	X	Handler	Ptr	
1251,i32,xmlMemBlocks,i32	xml	Mem	Blocks	
1252,i32,xmlMemBlocks,i32	xml	Mem	Blocks	
1253,_xmlSAXHandler*,gen_xmlSAXHandlerPtr,xml	S	A	X	Handler*	gen	xml	S	A	X	Handler	Ptr	
1254,i32,xmlMemBlocks,i32	xml	Mem	Blocks	
1255,i32,xmlMemBlocks,i32	xml	Mem	Blocks	
1256,_xmlParserCtxt*,gen_xmlParserCtxtPtr,xml	Parser	Ctxt*	gen	xml	Parser	Ctxt	Ptr	
1257,i32,xmlMemBlocks,i32	xml	Mem	Blocks	
1258,i32,xmlMemBlocks,i32	xml	Mem	Blocks	
1259,i32,xmlMemBlocks,i32	xml	Mem	Blocks	
1260,i32,xmlMemBlocks,i32	xml	Mem	Blocks	
1261,i32,xmlMemBlocks,i32	xml	Mem	Blocks	
1262,i32,xmlMemBlocks,i32	xml	Mem	Blocks	
1263,i32,xmlMemBlocks,i32	xml	Mem	Blocks	
1264,i32,xmlMemBlocks,i32	xml	Mem	Blocks	
1265,_xmlParserCtxt*,gen_xmlParserCtxtPtr,xml	Parser	Ctxt*	gen	xml	Parser	Ctxt	Ptr	
1266,i32,xmlMemBlocks,i32	xml	Mem	Blocks	
1267,i32,xmlMemBlocks,i32	xml	Mem	Blocks	
1268,i32,xmlMemBlocks,i32	xml	Mem	Blocks	
1269,i32,xmlMemBlocks,i32	xml	Mem	Blocks	
1270,i32,xmlMemBlocks,i32	xml	Mem	Blocks	
1271,i32,xmlMemBlocks,i32	xml	Mem	Blocks	
1272,_xmlParserCtxt*,gen_xmlParserCtxtPtr,xml	Parser	Ctxt*	gen	xml	Parser	Ctxt	Ptr	
1273,i32,xmlMemBlocks,i32	xml	Mem	Blocks	
1274,i32,xmlMemBlocks,i32	xml	Mem	Blocks	
1275,i32,xmlMemBlocks,i32	xml	Mem	Blocks	
1276,i32,xmlMemBlocks,i32	xml	Mem	Blocks	
1277,i32,xmlMemBlocks,i32	xml	Mem	Blocks	
1278,i32,xmlMemBlocks,i32	xml	Mem	Blocks	
1279,i32,xmlMemBlocks,i32	xml	Mem	Blocks	
1280,i32,xmlMemBlocks,i32	xml	Mem	Blocks	
1281,i32,xmlMemBlocks,i32	xml	Mem	Blocks	
1282,i32,xmlMemBlocks,i32	xml	Mem	Blocks	
1283,i32,xmlMemBlocks,i32	xml	Mem	Blocks	
1284,i32,xmlMemBlocks,i32	xml	Mem	Blocks	
1285,i32,xmlMemBlocks,i32	xml	Mem	Blocks	
1286,i32,xmlMemBlocks,i32	xml	Mem	Blocks	
1287,i32,xmlMemBlocks,i32	xml	Mem	Blocks	
1288,i32,xmlMemBlocks,i32	xml	Mem	Blocks	
1289,i32,xmlMemBlocks,i32	xml	Mem	Blocks	
1290,i32,xmlMemBlocks,i32	xml	Mem	Blocks	
1291,i32,strcmp,i32	strcmp	
1292,i32,xmlMemBlocks,i32	xml	Mem	Blocks	
1293,i32,xmlMemBlocks,i32	xml	Mem	Blocks	
1294,i32,xmlMemBlocks,i32	xml	Mem	Blocks	
1295,i32,xmlMemBlocks,i32	xml	Mem	Blocks	
1296,i32,xmlMemBlocks,i32	xml	Mem	Blocks	
1297,i32,xmlMemBlocks,i32	xml	Mem	Blocks	
1298,i32,xmlMemBlocks,i32	xml	Mem	Blocks	
1299,i32,xmlMemBlocks,i32	xml	Mem	Blocks	
1300,i32,xmlMemBlocks,i32	xml	Mem	Blocks	
1301,i32,xmlMemBlocks,i32	xml	Mem	Blocks	
1302,i32,xmlMemBlocks,i32	xml	Mem	Blocks	
1303,i32,xmlMemBlocks,i32	xml	Mem	Blocks	
1304,i32,xmlMemBlocks,i32	xml	Mem	Blocks	
1305,i32,xmlMemBlocks,i32	xml	Mem	Blocks	
1306,i32,xmlMemBlocks,i32	xml	Mem	Blocks	
1307,i32,xmlMemBlocks,i32	xml	Mem	Blocks	
1308,i32,xmlMemBlocks,i32	xml	Mem	Blocks	
1309,i32,xmlMemBlocks,i32	xml	Mem	Blocks	
1310,i32,xmlMemBlocks,i32	xml	Mem	Blocks	
1311,i32,xmlMemBlocks,i32	xml	Mem	Blocks	
1312,i32,xmlMemBlocks,i32	xml	Mem	Blocks	
1313,i32,xmlMemBlocks,i32	xml	Mem	Blocks	
1314,i32,xmlMemBlocks,i32	xml	Mem	Blocks	
1315,i32,xmlMemBlocks,i32	xml	Mem	Blocks	
1316,i32,xmlMemBlocks,i32	xml	Mem	Blocks	
1317,i32,xmlMemBlocks,i32	xml	Mem	Blocks	
1318,i32,xmlMemBlocks,i32	xml	Mem	Blocks	
1319,i32,xmlMemBlocks,i32	xml	Mem	Blocks	
1320,i32,xmlMemBlocks,i32	xml	Mem	Blocks	
1321,i32,xmlMemBlocks,i32	xml	Mem	Blocks	
1322,i32,xmlMemBlocks,i32	xml	Mem	Blocks	
1323,i32,xmlMemBlocks,i32	xml	Mem	Blocks	
1324,i32,xmlMemBlocks,i32	xml	Mem	Blocks	
1325,i32,xmlMemBlocks,i32	xml	Mem	Blocks	
1326,_xmlSAXHandler*,gen_xmlSAXHandlerPtr,xml	S	A	X	Handler*	gen	xml	S	A	X	Handler	Ptr	
1327,i32,xmlMemBlocks,i32	xml	Mem	Blocks	
1328,i32,xmlMemBlocks,i32	xml	Mem	Blocks	
1329,_xmlSAXHandler*,gen_xmlSAXHandlerPtr,xml	S	A	X	Handler*	gen	xml	S	A	X	Handler	Ptr	
1330,i32,xmlMemBlocks,i32	xml	Mem	Blocks	
1331,i32,xmlMemBlocks,i32	xml	Mem	Blocks	
1332,i32,xmlMemBlocks,i32	xml	Mem	Blocks	
1333,i32,xmlMemBlocks,i32	xml	Mem	Blocks	
1334,i32,xmlMemBlocks,i32	xml	Mem	Blocks	
1335,i32,xmlMemBlocks,i32	xml	Mem	Blocks	
1336,i32,xmlMemBlocks,i32	xml	Mem	Blocks	
1337,i32,xmlMemBlocks,i32	xml	Mem	Blocks	
1338,i32,xmlMemBlocks,i32	xml	Mem	Blocks	
1339,i32,xmlMemBlocks,i32	xml	Mem	Blocks	
1340,i32,xmlMemBlocks,i32	xml	Mem	Blocks	
1341,i32,xmlMemBlocks,i32	xml	Mem	Blocks	
1342,i32,xmlMemBlocks,i32	xml	Mem	Blocks	
1343,i32,xmlMemBlocks,i32	xml	Mem	Blocks	
1344,i32,xmlMemBlocks,i32	xml	Mem	Blocks	
1345,i32,xmlMemBlocks,i32	xml	Mem	Blocks	
1346,i32,xmlMemBlocks,i32	xml	Mem	Blocks	
1347,i32,xmlMemBlocks,i32	xml	Mem	Blocks	
1348,i32,xmlMemBlocks,i32	xml	Mem	Blocks	
1349,i32,xmlMemBlocks,i32	xml	Mem	Blocks	
1350,i32,xmlMemBlocks,i32	xml	Mem	Blocks	
1351,i32,xmlMemBlocks,i32	xml	Mem	Blocks	
1352,i32,xmlMemBlocks,i32	xml	Mem	Blocks	
1353,i32,xmlMemBlocks,i32	xml	Mem	Blocks	
1354,i32,xmlMemBlocks,i32	xml	Mem	Blocks	
1355,i32,xmlMemBlocks,i32	xml	Mem	Blocks	
1356,i32,xmlMemBlocks,i32	xml	Mem	Blocks	
1357,i32,xmlMemBlocks,i32	xml	Mem	Blocks	
1358,i32,xmlMemBlocks,i32	xml	Mem	Blocks	
1359,i32,xmlMemBlocks,i32	xml	Mem	Blocks	
1360,i32,xmlMemBlocks,i32	xml	Mem	Blocks	
1361,i32,xmlMemBlocks,i32	xml	Mem	Blocks	
1362,i32,xmlMemBlocks,i32	xml	Mem	Blocks	
1363,i32,xmlMemBlocks,i32	xml	Mem	Blocks	
1364,i32,xmlMemBlocks,i32	xml	Mem	Blocks	
1365,i32,xmlMemBlocks,i32	xml	Mem	Blocks	
1366,i32,xmlMemUsed,i32	xml	Mem	Used	
1367,i32,xmlMemBlocks,i32	xml	Mem	Blocks	
1368,i32,xmlMemBlocks,i32	xml	Mem	Blocks	
1369,i32,xmlMemBlocks,i32	xml	Mem	Blocks	
1370,i32,xmlMemBlocks,i32	xml	Mem	Blocks	
1371,i32,xmlMemBlocks,i32	xml	Mem	Blocks	
1372,i32,xmlMemBlocks,i32	xml	Mem	Blocks	
1373,i32,xmlMemBlocks,i32	xml	Mem	Blocks	
1374,i32,xmlMemBlocks,i32	xml	Mem	Blocks	
1375,i32,xmlMemBlocks,i32	xml	Mem	Blocks	
1376,i32,xmlMemBlocks,i32	xml	Mem	Blocks	
1377,i32,xmlMemBlocks,i32	xml	Mem	Blocks	
1378,i32,xmlMemBlocks,i32	xml	Mem	Blocks	
1379,i32,xmlMemBlocks,i32	xml	Mem	Blocks	
1380,i32,xmlMemBlocks,i32	xml	Mem	Blocks	
1381,i32,xmlMemBlocks,i32	xml	Mem	Blocks	
1382,i32,xmlMemBlocks,i32	xml	Mem	Blocks	
1383,i32,xmlMemBlocks,i32	xml	Mem	Blocks	
1384,i32,xmlMemBlocks,i32	xml	Mem	Blocks	
1385,i32,xmlMemBlocks,i32	xml	Mem	Blocks	
1386,i32,xmlMemBlocks,i32	xml	Mem	Blocks	
1387,i32,xmlMemBlocks,i32	xml	Mem	Blocks	
1388,i32,xmlMemBlocks,i32	xml	Mem	Blocks	
1389,i32,xmlMemBlocks,i32	xml	Mem	Blocks	
1390,i32,xmlMemBlocks,i32	xml	Mem	Blocks	
1391,i32,xmlMemBlocks,i32	xml	Mem	Blocks	
1392,i32,xmlMemBlocks,i32	xml	Mem	Blocks	
1393,i32,xmlMemBlocks,i32	xml	Mem	Blocks	
1394,i32,xmlMemBlocks,i32	xml	Mem	Blocks	
1395,i32,xmlMemBlocks,i32	xml	Mem	Blocks	
1396,i32,xmlMemBlocks,i32	xml	Mem	Blocks	
1397,i32,xmlMemBlocks,i32	xml	Mem	Blocks	
1398,i32,test_module,i32	test	module	
1399,i32,xmlMemBlocks,i32	xml	Mem	Blocks	
1400,i32,xmlMemBlocks,i32	xml	Mem	Blocks	
1401,i32,xmlMemBlocks,i32	xml	Mem	Blocks	
1402,i32,xmlMemBlocks,i32	xml	Mem	Blocks	
1403,i32,xmlMemBlocks,i32	xml	Mem	Blocks	
1404,i32,xmlMemBlocks,i32	xml	Mem	Blocks	
1405,i32,xmlMemBlocks,i32	xml	Mem	Blocks	
1406,i32,xmlMemBlocks,i32	xml	Mem	Blocks	
1407,i32,xmlMemBlocks,i32	xml	Mem	Blocks	
1408,i32,xmlMemBlocks,i32	xml	Mem	Blocks	
1409,i32,xmlMemBlocks,i32	xml	Mem	Blocks	
1410,i32,xmlMemBlocks,i32	xml	Mem	Blocks	
1411,i32,xmlMemBlocks,i32	xml	Mem	Blocks	
1412,i32,xmlMemBlocks,i32	xml	Mem	Blocks	
1413,i32,xmlMemBlocks,i32	xml	Mem	Blocks	
1414,i32,xmlMemBlocks,i32	xml	Mem	Blocks	
1415,i32,xmlMemBlocks,i32	xml	Mem	Blocks	
1416,i32,xmlMemBlocks,i32	xml	Mem	Blocks	
1417,i32,xmlMemBlocks,i32	xml	Mem	Blocks	
1418,i32,xmlMemBlocks,i32	xml	Mem	Blocks	
1419,i32,xmlMemBlocks,i32	xml	Mem	Blocks	
1420,i32,xmlMemBlocks,i32	xml	Mem	Blocks	
1421,i32,xmlMemBlocks,i32	xml	Mem	Blocks	
1422,i32,xmlMemBlocks,i32	xml	Mem	Blocks	
1423,i32,xmlMemBlocks,i32	xml	Mem	Blocks	
1424,i32,xmlMemBlocks,i32	xml	Mem	Blocks	
1425,i32,xmlMemBlocks,i32	xml	Mem	Blocks	
1426,i32,xmlMemBlocks,i32	xml	Mem	Blocks	
1427,i32,xmlMemBlocks,i32	xml	Mem	Blocks	
1428,i32,xmlMemBlocks,i32	xml	Mem	Blocks	
1429,i32,xmlMemBlocks,i32	xml	Mem	Blocks	
1430,i32,xmlMemBlocks,i32	xml	Mem	Blocks	
1431,i32,xmlMemBlocks,i32	xml	Mem	Blocks	
1432,i32,xmlMemBlocks,i32	xml	Mem	Blocks	
1433,i32,xmlMemBlocks,i32	xml	Mem	Blocks	
1434,i32,xmlMemBlocks,i32	xml	Mem	Blocks	
1435,i32,xmlMemBlocks,i32	xml	Mem	Blocks	
1436,i32,xmlMemBlocks,i32	xml	Mem	Blocks	
1437,i32,xmlMemBlocks,i32	xml	Mem	Blocks	
1438,i32,xmlMemBlocks,i32	xml	Mem	Blocks	
1439,i32,xmlMemBlocks,i32	xml	Mem	Blocks	
1440,i32,xmlMemBlocks,i32	xml	Mem	Blocks	
1441,i32,xmlMemBlocks,i32	xml	Mem	Blocks	
1442,i32,xmlMemBlocks,i32	xml	Mem	Blocks	
1443,i32,xmlMemBlocks,i32	xml	Mem	Blocks	
1444,i32,xmlMemBlocks,i32	xml	Mem	Blocks	
1445,i32,xmlMemBlocks,i32	xml	Mem	Blocks	
1446,i32,xmlMemBlocks,i32	xml	Mem	Blocks	
1447,i32,xmlMemBlocks,i32	xml	Mem	Blocks	
1448,i32,xmlMemBlocks,i32	xml	Mem	Blocks	
1449,i32,xmlMemBlocks,i32	xml	Mem	Blocks	
1450,i32,xmlMemBlocks,i32	xml	Mem	Blocks	
1451,i32,xmlMemBlocks,i32	xml	Mem	Blocks	
1452,i32,xmlMemBlocks,i32	xml	Mem	Blocks	
1453,i32,xmlMemBlocks,i32	xml	Mem	Blocks	
1454,i32,xmlMemBlocks,i32	xml	Mem	Blocks	
1455,i32,xmlMemBlocks,i32	xml	Mem	Blocks	
1456,i32,xmlMemBlocks,i32	xml	Mem	Blocks	
1457,i32,xmlMemBlocks,i32	xml	Mem	Blocks	
1458,i32,xmlMemBlocks,i32	xml	Mem	Blocks	
1459,i32,xmlMemBlocks,i32	xml	Mem	Blocks	
1460,i32,xmlMemBlocks,i32	xml	Mem	Blocks	
1461,i32,xmlMemBlocks,i32	xml	Mem	Blocks	
1462,i32,xmlMemBlocks,i32	xml	Mem	Blocks	
1463,i32,xmlMemBlocks,i32	xml	Mem	Blocks	
1464,i32,xmlMemBlocks,i32	xml	Mem	Blocks	
1465,i32,xmlMemBlocks,i32	xml	Mem	Blocks	
1466,i32,xmlMemBlocks,i32	xml	Mem	Blocks	
1467,i32,xmlMemBlocks,i32	xml	Mem	Blocks	
1468,i32,xmlMemBlocks,i32	xml	Mem	Blocks	
1469,_xmlNode*,xmlAddChild,xml	Node*	xml	Add	Child	
1470,i32,xmlMemBlocks,i32	xml	Mem	Blocks	
1471,i32,xmlMemBlocks,i32	xml	Mem	Blocks	
1472,_xmlNode*,xmlAddChildList,xml	Node*	xml	Add	Child	List	
1473,i32,xmlMemBlocks,i32	xml	Mem	Blocks	
1474,i32,xmlMemBlocks,i32	xml	Mem	Blocks	
1475,_xmlNode*,xmlAddNextSibling,xml	Node*	xml	Add	Next	Sibling	
1476,i32,xmlMemBlocks,i32	xml	Mem	Blocks	
1477,i32,xmlMemBlocks,i32	xml	Mem	Blocks	
1478,_xmlNode*,xmlAddPrevSibling,xml	Node*	xml	Add	Prev	Sibling	
1479,i32,xmlMemBlocks,i32	xml	Mem	Blocks	
1480,i32,xmlMemBlocks,i32	xml	Mem	Blocks	
1481,_xmlNode*,xmlAddSibling,xml	Node*	xml	Add	Sibling	
1482,i32,xmlMemBlocks,i32	xml	Mem	Blocks	
1483,i32,xmlMemBlocks,i32	xml	Mem	Blocks	
1484,i32,xmlMemBlocks,i32	xml	Mem	Blocks	
1485,i32,xmlMemBlocks,i32	xml	Mem	Blocks	
1486,i32,xmlMemBlocks,i32	xml	Mem	Blocks	
1487,i32,xmlMemBlocks,i32	xml	Mem	Blocks	
1488,i32,xmlMemBlocks,i32	xml	Mem	Blocks	
1489,i32,xmlMemBlocks,i32	xml	Mem	Blocks	
1490,i32,xmlMemBlocks,i32	xml	Mem	Blocks	
1491,i32,xmlMemBlocks,i32	xml	Mem	Blocks	
1492,i32,xmlMemBlocks,i32	xml	Mem	Blocks	
1493,i32,xmlMemBlocks,i32	xml	Mem	Blocks	
1494,i32,xmlMemBlocks,i32	xml	Mem	Blocks	
1495,i32,xmlMemBlocks,i32	xml	Mem	Blocks	
1496,i32,xmlMemBlocks,i32	xml	Mem	Blocks	
1497,i32,xmlMemBlocks,i32	xml	Mem	Blocks	
1498,i32,xmlMemBlocks,i32	xml	Mem	Blocks	
1499,i32,xmlMemBlocks,i32	xml	Mem	Blocks	
1500,i32,xmlMemBlocks,i32	xml	Mem	Blocks	
1501,i32,xmlMemBlocks,i32	xml	Mem	Blocks	
1502,i32,xmlMemBlocks,i32	xml	Mem	Blocks	
1503,i32,xmlMemBlocks,i32	xml	Mem	Blocks	
1504,i32,xmlMemBlocks,i32	xml	Mem	Blocks	
1505,i32,xmlMemBlocks,i32	xml	Mem	Blocks	
1506,i32,xmlMemBlocks,i32	xml	Mem	Blocks	
1507,i32,xmlMemBlocks,i32	xml	Mem	Blocks	
1508,i32,xmlMemBlocks,i32	xml	Mem	Blocks	
1509,i32,xmlMemBlocks,i32	xml	Mem	Blocks	
1510,i32,xmlMemBlocks,i32	xml	Mem	Blocks	
1511,i32,xmlMemBlocks,i32	xml	Mem	Blocks	
1512,i32,xmlMemBlocks,i32	xml	Mem	Blocks	
1513,i32,xmlMemBlocks,i32	xml	Mem	Blocks	
1514,i32,xmlMemBlocks,i32	xml	Mem	Blocks	
1515,i32,xmlMemBlocks,i32	xml	Mem	Blocks	
1516,i32,xmlMemBlocks,i32	xml	Mem	Blocks	
1517,i32,xmlMemBlocks,i32	xml	Mem	Blocks	
1518,i32,gen_xmlBufferAllocationScheme,i32	gen	xml	Buffer	Allocation	Scheme	
1519,_xmlBuffer*,gen_xmlBufferPtr,xml	Buffer*	gen	xml	Buffer	Ptr	
1520,i32,xmlMemBlocks,i32	xml	Mem	Blocks	
1521,i32,xmlMemBlocks,i32	xml	Mem	Blocks	
1522,i32,xmlMemBlocks,i32	xml	Mem	Blocks	
1523,i32,xmlMemBlocks,i32	xml	Mem	Blocks	
1524,i32,xmlMemBlocks,i32	xml	Mem	Blocks	
1525,i32,xmlMemBlocks,i32	xml	Mem	Blocks	
1526,i32,xmlMemBlocks,i32	xml	Mem	Blocks	
1527,i32,xmlMemBlocks,i32	xml	Mem	Blocks	
1528,i32,xmlMemBlocks,i32	xml	Mem	Blocks	
1529,i32,xmlMemBlocks,i32	xml	Mem	Blocks	
1530,i8*,xmlBuildQName,i8*	xml	Build	Q	Name	
1531,i8*,gen_const_xmlChar_ptr,i8*	gen	const	xml	Char	ptr	
1532,i8*,xmlBuildQName,i8*	xml	Build	Q	Name	
1533,i8*,xmlBuildQName,i8*	xml	Build	Q	Name	
1534,i8*,gen_xmlChar_ptr,i8*	gen	xml	Char	ptr	
1535,i8*,xmlBuildQName,i8*	xml	Build	Q	Name	
1536,i8*,gen_const_xmlChar_ptr,i8*	gen	const	xml	Char	ptr	
1537,i32,xmlMemBlocks,i32	xml	Mem	Blocks	
1538,i32,xmlMemBlocks,i32	xml	Mem	Blocks	
1539,i32,xmlMemBlocks,i32	xml	Mem	Blocks	
1540,i32,xmlMemBlocks,i32	xml	Mem	Blocks	
1541,i32,xmlMemBlocks,i32	xml	Mem	Blocks	
1542,i32,xmlMemBlocks,i32	xml	Mem	Blocks	
1543,i32,xmlMemBlocks,i32	xml	Mem	Blocks	
1544,i32,xmlMemBlocks,i32	xml	Mem	Blocks	
1545,_xmlNs*,xmlCopyNamespace,xml	Ns*	xml	Copy	Namespace	
1546,i32,xmlMemBlocks,i32	xml	Mem	Blocks	
1547,i32,xmlMemBlocks,i32	xml	Mem	Blocks	
1548,_xmlNs*,xmlCopyNamespaceList,xml	Ns*	xml	Copy	Namespace	List	
1549,i32,xmlMemBlocks,i32	xml	Mem	Blocks	
1550,i32,xmlMemBlocks,i32	xml	Mem	Blocks	
1551,i32,xmlMemBlocks,i32	xml	Mem	Blocks	
1552,i32,xmlMemBlocks,i32	xml	Mem	Blocks	
1553,i32,xmlMemBlocks,i32	xml	Mem	Blocks	
1554,i32,xmlMemBlocks,i32	xml	Mem	Blocks	
1555,i32,xmlMemBlocks,i32	xml	Mem	Blocks	
1556,i32,xmlMemBlocks,i32	xml	Mem	Blocks	
1557,i32,xmlMemBlocks,i32	xml	Mem	Blocks	
1558,i32,xmlMemBlocks,i32	xml	Mem	Blocks	
1559,i32,xmlMemBlocks,i32	xml	Mem	Blocks	
1560,i32,xmlMemBlocks,i32	xml	Mem	Blocks	
1561,i32,xmlMemBlocks,i32	xml	Mem	Blocks	
1562,i32,xmlMemBlocks,i32	xml	Mem	Blocks	
1563,_xmlNode*,gen_xmlNodePtr,xml	Node*	gen	xml	Node	Ptr	
1564,i32,xmlMemBlocks,i32	xml	Mem	Blocks	
1565,i32,xmlMemBlocks,i32	xml	Mem	Blocks	
1566,i32,xmlMemBlocks,i32	xml	Mem	Blocks	
1567,i32,xmlMemBlocks,i32	xml	Mem	Blocks	
1568,i32,xmlMemBlocks,i32	xml	Mem	Blocks	
1569,i32,xmlMemBlocks,i32	xml	Mem	Blocks	
1570,i32,xmlMemBlocks,i32	xml	Mem	Blocks	
1571,i32,xmlMemBlocks,i32	xml	Mem	Blocks	
1572,i32,xmlMemBlocks,i32	xml	Mem	Blocks	
1573,i32,xmlMemBlocks,i32	xml	Mem	Blocks	
1574,i32,xmlMemBlocks,i32	xml	Mem	Blocks	
1575,i32,xmlMemBlocks,i32	xml	Mem	Blocks	
1576,i32,xmlMemBlocks,i32	xml	Mem	Blocks	
1577,i32,xmlMemBlocks,i32	xml	Mem	Blocks	
1578,i32,xmlMemBlocks,i32	xml	Mem	Blocks	
1579,i32,xmlMemBlocks,i32	xml	Mem	Blocks	
1580,i32,xmlMemBlocks,i32	xml	Mem	Blocks	
1581,i32,xmlMemBlocks,i32	xml	Mem	Blocks	
1582,i32,xmlMemBlocks,i32	xml	Mem	Blocks	
1583,i32,xmlMemBlocks,i32	xml	Mem	Blocks	
1584,i32,xmlMemBlocks,i32	xml	Mem	Blocks	
1585,i32,xmlMemBlocks,i32	xml	Mem	Blocks	
1586,i32,xmlMemBlocks,i32	xml	Mem	Blocks	
1587,i32,xmlMemBlocks,i32	xml	Mem	Blocks	
1588,i32,xmlMemBlocks,i32	xml	Mem	Blocks	
1589,i32,xmlMemBlocks,i32	xml	Mem	Blocks	
1590,i32,xmlMemBlocks,i32	xml	Mem	Blocks	
1591,i32,xmlMemBlocks,i32	xml	Mem	Blocks	
1592,i32,xmlMemBlocks,i32	xml	Mem	Blocks	
1593,i32,xmlMemBlocks,i32	xml	Mem	Blocks	
1594,_xmlDoc*,gen_xmlDocPtr,xml	Doc*	gen	xml	Doc	Ptr	
1595,i32,xmlMemBlocks,i32	xml	Mem	Blocks	
1596,i32,xmlMemBlocks,i32	xml	Mem	Blocks	
1597,i32,xmlMemBlocks,i32	xml	Mem	Blocks	
1598,i32,xmlMemBlocks,i32	xml	Mem	Blocks	
1599,i32,xmlMemBlocks,i32	xml	Mem	Blocks	
1600,i32,xmlMemBlocks,i32	xml	Mem	Blocks	
1601,i32,xmlMemBlocks,i32	xml	Mem	Blocks	
1602,i32,xmlMemBlocks,i32	xml	Mem	Blocks	
1603,i32,xmlMemBlocks,i32	xml	Mem	Blocks	
1604,i32,xmlMemBlocks,i32	xml	Mem	Blocks	
1605,i32,xmlMemBlocks,i32	xml	Mem	Blocks	
1606,i32,xmlMemBlocks,i32	xml	Mem	Blocks	
1607,i32,xmlMemBlocks,i32	xml	Mem	Blocks	
1608,i32,xmlMemBlocks,i32	xml	Mem	Blocks	
1609,i32,xmlMemBlocks,i32	xml	Mem	Blocks	
1610,i32,xmlMemBlocks,i32	xml	Mem	Blocks	
1611,i32,xmlMemBlocks,i32	xml	Mem	Blocks	
1612,i32,xmlMemBlocks,i32	xml	Mem	Blocks	
1613,i32,xmlMemBlocks,i32	xml	Mem	Blocks	
1614,i32,xmlMemBlocks,i32	xml	Mem	Blocks	
1615,i32,xmlMemBlocks,i32	xml	Mem	Blocks	
1616,i32,xmlMemBlocks,i32	xml	Mem	Blocks	
1617,i32,xmlMemBlocks,i32	xml	Mem	Blocks	
1618,i32,xmlMemBlocks,i32	xml	Mem	Blocks	
1619,i32,xmlMemBlocks,i32	xml	Mem	Blocks	
1620,i32,xmlMemBlocks,i32	xml	Mem	Blocks	
1621,i32,xmlMemBlocks,i32	xml	Mem	Blocks	
1622,i32,xmlMemBlocks,i32	xml	Mem	Blocks	
1623,i32,xmlMemBlocks,i32	xml	Mem	Blocks	
1624,i32,xmlMemBlocks,i32	xml	Mem	Blocks	
1625,i32,xmlMemBlocks,i32	xml	Mem	Blocks	
1626,i32,xmlMemBlocks,i32	xml	Mem	Blocks	
1627,i32,xmlMemBlocks,i32	xml	Mem	Blocks	
1628,i32,xmlMemBlocks,i32	xml	Mem	Blocks	
1629,i32,xmlMemBlocks,i32	xml	Mem	Blocks	
1630,i32,xmlMemBlocks,i32	xml	Mem	Blocks	
1631,i32,xmlMemBlocks,i32	xml	Mem	Blocks	
1632,i32,xmlMemBlocks,i32	xml	Mem	Blocks	
1633,i32,xmlMemBlocks,i32	xml	Mem	Blocks	
1634,i32,xmlMemBlocks,i32	xml	Mem	Blocks	
1635,i32,xmlMemBlocks,i32	xml	Mem	Blocks	
1636,i32,xmlMemBlocks,i32	xml	Mem	Blocks	
1637,i32,xmlMemBlocks,i32	xml	Mem	Blocks	
1638,i32,xmlMemBlocks,i32	xml	Mem	Blocks	
1639,i32,xmlMemBlocks,i32	xml	Mem	Blocks	
1640,i32,xmlMemBlocks,i32	xml	Mem	Blocks	
1641,i32,xmlMemBlocks,i32	xml	Mem	Blocks	
1642,i32,xmlMemBlocks,i32	xml	Mem	Blocks	
1643,i32,xmlMemBlocks,i32	xml	Mem	Blocks	
1644,i32,xmlMemBlocks,i32	xml	Mem	Blocks	
1645,i32,xmlMemBlocks,i32	xml	Mem	Blocks	
1646,i32,xmlMemBlocks,i32	xml	Mem	Blocks	
1647,i32,xmlMemBlocks,i32	xml	Mem	Blocks	
1648,i32,xmlMemBlocks,i32	xml	Mem	Blocks	
1649,i32,xmlMemBlocks,i32	xml	Mem	Blocks	
1650,i32,xmlMemBlocks,i32	xml	Mem	Blocks	
1651,i32,xmlMemBlocks,i32	xml	Mem	Blocks	
1652,i32,xmlMemBlocks,i32	xml	Mem	Blocks	
1653,i32,xmlMemBlocks,i32	xml	Mem	Blocks	
1654,i32,xmlMemBlocks,i32	xml	Mem	Blocks	
1655,i32,xmlMemBlocks,i32	xml	Mem	Blocks	
1656,i32,xmlMemBlocks,i32	xml	Mem	Blocks	
1657,i32,xmlMemBlocks,i32	xml	Mem	Blocks	
1658,i32,xmlMemBlocks,i32	xml	Mem	Blocks	
1659,i32,xmlMemBlocks,i32	xml	Mem	Blocks	
1660,i32,xmlMemBlocks,i32	xml	Mem	Blocks	
1661,i32,xmlMemBlocks,i32	xml	Mem	Blocks	
1662,i32,xmlMemBlocks,i32	xml	Mem	Blocks	
1663,i32,xmlMemBlocks,i32	xml	Mem	Blocks	
1664,i32,xmlMemBlocks,i32	xml	Mem	Blocks	
1665,i32,xmlMemBlocks,i32	xml	Mem	Blocks	
1666,i32,xmlMemBlocks,i32	xml	Mem	Blocks	
1667,i32,xmlMemBlocks,i32	xml	Mem	Blocks	
1668,i32,xmlMemBlocks,i32	xml	Mem	Blocks	
1669,i32,xmlMemBlocks,i32	xml	Mem	Blocks	
1670,i32,xmlMemBlocks,i32	xml	Mem	Blocks	
1671,i32,xmlMemBlocks,i32	xml	Mem	Blocks	
1672,i32,xmlMemBlocks,i32	xml	Mem	Blocks	
1673,_xmlNs*,xmlNewNs,xml	Ns*	xml	New	Ns	
1674,_xmlNode*,gen_xmlNodePtr,xml	Node*	gen	xml	Node	Ptr	
1675,i32,xmlMemBlocks,i32	xml	Mem	Blocks	
1676,i32,xmlMemBlocks,i32	xml	Mem	Blocks	
1677,i32,xmlMemBlocks,i32	xml	Mem	Blocks	
1678,i32,xmlMemBlocks,i32	xml	Mem	Blocks	
1679,i32,xmlMemBlocks,i32	xml	Mem	Blocks	
1680,i32,xmlMemBlocks,i32	xml	Mem	Blocks	
1681,i32,xmlMemBlocks,i32	xml	Mem	Blocks	
1682,i32,xmlMemBlocks,i32	xml	Mem	Blocks	
1683,i32,xmlMemBlocks,i32	xml	Mem	Blocks	
1684,i32,xmlMemBlocks,i32	xml	Mem	Blocks	
1685,i32,xmlMemBlocks,i32	xml	Mem	Blocks	
1686,i32,xmlMemBlocks,i32	xml	Mem	Blocks	
1687,i32,xmlMemBlocks,i32	xml	Mem	Blocks	
1688,i32,xmlMemBlocks,i32	xml	Mem	Blocks	
1689,i32,xmlMemBlocks,i32	xml	Mem	Blocks	
1690,i32,xmlMemBlocks,i32	xml	Mem	Blocks	
1691,i32,xmlMemBlocks,i32	xml	Mem	Blocks	
1692,i32,xmlMemBlocks,i32	xml	Mem	Blocks	
1693,i32,xmlMemBlocks,i32	xml	Mem	Blocks	
1694,i32,xmlMemBlocks,i32	xml	Mem	Blocks	
1695,i32,xmlMemBlocks,i32	xml	Mem	Blocks	
1696,i32,xmlMemBlocks,i32	xml	Mem	Blocks	
1697,i32,xmlMemBlocks,i32	xml	Mem	Blocks	
1698,i32,xmlMemBlocks,i32	xml	Mem	Blocks	
1699,i32,xmlMemBlocks,i32	xml	Mem	Blocks	
1700,i32,xmlMemBlocks,i32	xml	Mem	Blocks	
1701,i32,xmlMemBlocks,i32	xml	Mem	Blocks	
1702,i32,xmlMemBlocks,i32	xml	Mem	Blocks	
1703,i32,xmlMemBlocks,i32	xml	Mem	Blocks	
1704,i32,xmlMemBlocks,i32	xml	Mem	Blocks	
1705,i32,xmlMemBlocks,i32	xml	Mem	Blocks	
1706,i32,xmlMemBlocks,i32	xml	Mem	Blocks	
1707,i32,xmlMemBlocks,i32	xml	Mem	Blocks	
1708,i32,xmlMemBlocks,i32	xml	Mem	Blocks	
1709,i32,xmlMemBlocks,i32	xml	Mem	Blocks	
1710,i32,xmlMemBlocks,i32	xml	Mem	Blocks	
1711,i32,xmlMemBlocks,i32	xml	Mem	Blocks	
1712,i32,xmlMemBlocks,i32	xml	Mem	Blocks	
1713,i32,xmlMemBlocks,i32	xml	Mem	Blocks	
1714,i32,xmlMemBlocks,i32	xml	Mem	Blocks	
1715,i32,xmlMemBlocks,i32	xml	Mem	Blocks	
1716,i32,xmlMemBlocks,i32	xml	Mem	Blocks	
1717,i32,xmlMemBlocks,i32	xml	Mem	Blocks	
1718,i32,xmlMemBlocks,i32	xml	Mem	Blocks	
1719,i32,xmlMemBlocks,i32	xml	Mem	Blocks	
1720,i32,xmlMemBlocks,i32	xml	Mem	Blocks	
1721,i32,xmlMemBlocks,i32	xml	Mem	Blocks	
1722,i32,xmlMemBlocks,i32	xml	Mem	Blocks	
1723,i32,xmlMemBlocks,i32	xml	Mem	Blocks	
1724,i32,xmlMemBlocks,i32	xml	Mem	Blocks	
1725,i32,xmlMemBlocks,i32	xml	Mem	Blocks	
1726,i32,xmlMemBlocks,i32	xml	Mem	Blocks	
1727,i32,xmlMemBlocks,i32	xml	Mem	Blocks	
1728,i32,xmlMemBlocks,i32	xml	Mem	Blocks	
1729,i32,xmlMemBlocks,i32	xml	Mem	Blocks	
1730,i32,xmlMemBlocks,i32	xml	Mem	Blocks	
1731,_xmlParserCtxt*,gen_htmlParserCtxtPtr,xml	Parser	Ctxt*	gen	html	Parser	Ctxt	Ptr	
1732,i32,xmlMemBlocks,i32	xml	Mem	Blocks	
1733,i32,xmlMemBlocks,i32	xml	Mem	Blocks	
1734,i32,xmlMemBlocks,i32	xml	Mem	Blocks	
1735,i32,xmlMemBlocks,i32	xml	Mem	Blocks	
1736,i32,xmlMemBlocks,i32	xml	Mem	Blocks	
1737,i32,xmlMemBlocks,i32	xml	Mem	Blocks	
1738,i32,xmlMemBlocks,i32	xml	Mem	Blocks	
1739,i32,xmlMemBlocks,i32	xml	Mem	Blocks	
1740,i32,xmlMemBlocks,i32	xml	Mem	Blocks	
1741,i32,xmlMemBlocks,i32	xml	Mem	Blocks	
1742,i32,xmlMemBlocks,i32	xml	Mem	Blocks	
1743,i32,xmlMemBlocks,i32	xml	Mem	Blocks	
1744,_xmlNode*,gen_xmlNodePtr_in,xml	Node*	gen	xml	Node	Ptr	in	
1745,_xmlNode*,gen_xmlNodePtr,xml	Node*	gen	xml	Node	Ptr	
1746,i32,xmlMemBlocks,i32	xml	Mem	Blocks	
1747,i32,xmlMemBlocks,i32	xml	Mem	Blocks	
1748,i32,xmlMemBlocks,i32	xml	Mem	Blocks	
1749,i32,xmlMemBlocks,i32	xml	Mem	Blocks	
1750,i32,xmlMemBlocks,i32	xml	Mem	Blocks	
1751,i32,xmlMemBlocks,i32	xml	Mem	Blocks	
1752,i32,xmlMemBlocks,i32	xml	Mem	Blocks	
1753,i32,xmlMemBlocks,i32	xml	Mem	Blocks	
1754,i32,xmlMemBlocks,i32	xml	Mem	Blocks	
1755,i32,xmlMemBlocks,i32	xml	Mem	Blocks	
1756,i32,xmlMemBlocks,i32	xml	Mem	Blocks	
1757,i32,xmlMemBlocks,i32	xml	Mem	Blocks	
1758,i32,xmlMemBlocks,i32	xml	Mem	Blocks	
1759,i32,xmlMemBlocks,i32	xml	Mem	Blocks	
1760,i32,xmlMemBlocks,i32	xml	Mem	Blocks	
1761,i32,xmlMemBlocks,i32	xml	Mem	Blocks	
1762,i32,xmlMemBlocks,i32	xml	Mem	Blocks	
1763,i32,xmlMemBlocks,i32	xml	Mem	Blocks	
1764,i32,xmlMemBlocks,i32	xml	Mem	Blocks	
1765,i32,xmlMemBlocks,i32	xml	Mem	Blocks	
1766,i32,xmlMemBlocks,i32	xml	Mem	Blocks	
1767,i32,xmlMemBlocks,i32	xml	Mem	Blocks	
1768,i32,xmlMemBlocks,i32	xml	Mem	Blocks	
1769,i32,xmlMemBlocks,i32	xml	Mem	Blocks	
1770,i32,xmlMemBlocks,i32	xml	Mem	Blocks	
1771,i32,xmlMemBlocks,i32	xml	Mem	Blocks	
1772,i32,xmlMemBlocks,i32	xml	Mem	Blocks	
1773,i32,xmlMemBlocks,i32	xml	Mem	Blocks	
1774,i32,xmlMemBlocks,i32	xml	Mem	Blocks	
1775,i32,xmlMemBlocks,i32	xml	Mem	Blocks	
1776,i32,xmlMemBlocks,i32	xml	Mem	Blocks	
1777,i32,xmlMemBlocks,i32	xml	Mem	Blocks	
1778,_xmlParserCtxt*,gen_htmlParserCtxtPtr,xml	Parser	Ctxt*	gen	html	Parser	Ctxt	Ptr	
1779,i32,xmlMemBlocks,i32	xml	Mem	Blocks	
1780,i32,xmlMemBlocks,i32	xml	Mem	Blocks	
1781,i32,xmlMemBlocks,i32	xml	Mem	Blocks	
1782,i32,xmlMemBlocks,i32	xml	Mem	Blocks	
1783,i32,xmlMemBlocks,i32	xml	Mem	Blocks	
1784,i32,xmlMemBlocks,i32	xml	Mem	Blocks	
1785,i32,xmlMemBlocks,i32	xml	Mem	Blocks	
1786,i32,xmlMemBlocks,i32	xml	Mem	Blocks	
1787,i32,xmlMemBlocks,i32	xml	Mem	Blocks	
1788,i32,xmlMemBlocks,i32	xml	Mem	Blocks	
1789,i32,xmlMemBlocks,i32	xml	Mem	Blocks	
1790,i32,xmlMemBlocks,i32	xml	Mem	Blocks	
1791,_xmlNode*,gen_xmlNodePtr_in,xml	Node*	gen	xml	Node	Ptr	in	
1792,i32,xmlMemBlocks,i32	xml	Mem	Blocks	
1793,i32,xmlMemBlocks,i32	xml	Mem	Blocks	
1794,i32,xmlMemBlocks,i32	xml	Mem	Blocks	
1795,i32,xmlMemBlocks,i32	xml	Mem	Blocks	
1796,i32,xmlMemBlocks,i32	xml	Mem	Blocks	
1797,i32,xmlMemBlocks,i32	xml	Mem	Blocks	
1798,i32,xmlMemBlocks,i32	xml	Mem	Blocks	
1799,i32,xmlMemBlocks,i32	xml	Mem	Blocks	
1800,i32,xmlMemBlocks,i32	xml	Mem	Blocks	
1801,i32,xmlMemBlocks,i32	xml	Mem	Blocks	
1802,i32,xmlMemBlocks,i32	xml	Mem	Blocks	
1803,i32,xmlMemBlocks,i32	xml	Mem	Blocks	
1804,i32,xmlMemBlocks,i32	xml	Mem	Blocks	
1805,i32,xmlMemBlocks,i32	xml	Mem	Blocks	
1806,i32,xmlMemBlocks,i32	xml	Mem	Blocks	
1807,i32,xmlMemBlocks,i32	xml	Mem	Blocks	
1808,i32,xmlMemBlocks,i32	xml	Mem	Blocks	
1809,i32,xmlMemBlocks,i32	xml	Mem	Blocks	
1810,i32,xmlMemBlocks,i32	xml	Mem	Blocks	
1811,i32,xmlMemBlocks,i32	xml	Mem	Blocks	
1812,i32,xmlMemBlocks,i32	xml	Mem	Blocks	
1813,i32,xmlMemBlocks,i32	xml	Mem	Blocks	
1814,i32,xmlMemBlocks,i32	xml	Mem	Blocks	
1815,i32,xmlMemBlocks,i32	xml	Mem	Blocks	
1816,i32,xmlMemBlocks,i32	xml	Mem	Blocks	
1817,i32,xmlMemBlocks,i32	xml	Mem	Blocks	
1818,i32,xmlMemBlocks,i32	xml	Mem	Blocks	
1819,i32,xmlMemBlocks,i32	xml	Mem	Blocks	
1820,i32,xmlMemBlocks,i32	xml	Mem	Blocks	
1821,i32,xmlMemBlocks,i32	xml	Mem	Blocks	
1822,i32,xmlMemBlocks,i32	xml	Mem	Blocks	
1823,i32,xmlMemBlocks,i32	xml	Mem	Blocks	
1824,i32,xmlMemBlocks,i32	xml	Mem	Blocks	
1825,i32,xmlMemBlocks,i32	xml	Mem	Blocks	
1826,i32,xmlMemBlocks,i32	xml	Mem	Blocks	
1827,i32,xmlMemBlocks,i32	xml	Mem	Blocks	
1828,i32,xmlMemBlocks,i32	xml	Mem	Blocks	
1829,i32,xmlMemBlocks,i32	xml	Mem	Blocks	
1830,i32,xmlMemBlocks,i32	xml	Mem	Blocks	
1831,i32,xmlMemBlocks,i32	xml	Mem	Blocks	
1832,i32,xmlMemBlocks,i32	xml	Mem	Blocks	
1833,i32,xmlMemBlocks,i32	xml	Mem	Blocks	
1834,i32,xmlMemBlocks,i32	xml	Mem	Blocks	
1835,i32,xmlMemBlocks,i32	xml	Mem	Blocks	
1836,i32,xmlMemBlocks,i32	xml	Mem	Blocks	
1837,i32,xmlMemBlocks,i32	xml	Mem	Blocks	
1838,i32,xmlMemBlocks,i32	xml	Mem	Blocks	
1839,i32,xmlMemBlocks,i32	xml	Mem	Blocks	
1840,i32,xmlMemBlocks,i32	xml	Mem	Blocks	
1841,i32,xmlMemBlocks,i32	xml	Mem	Blocks	
1842,i32,xmlMemBlocks,i32	xml	Mem	Blocks	
1843,i32,xmlMemBlocks,i32	xml	Mem	Blocks	
1844,i32,xmlMemBlocks,i32	xml	Mem	Blocks	
1845,i32,xmlMemBlocks,i32	xml	Mem	Blocks	
1846,i32,xmlMemBlocks,i32	xml	Mem	Blocks	
1847,i32,xmlMemBlocks,i32	xml	Mem	Blocks	
1848,i32,xmlMemBlocks,i32	xml	Mem	Blocks	
1849,i32,xmlMemBlocks,i32	xml	Mem	Blocks	
1850,i32,xmlMemBlocks,i32	xml	Mem	Blocks	
1851,i32,xmlMemBlocks,i32	xml	Mem	Blocks	
1852,i32,xmlMemBlocks,i32	xml	Mem	Blocks	
1853,i32,xmlMemBlocks,i32	xml	Mem	Blocks	
1854,i32,xmlMemBlocks,i32	xml	Mem	Blocks	
1855,i32,xmlMemBlocks,i32	xml	Mem	Blocks	
1856,i32,xmlMemBlocks,i32	xml	Mem	Blocks	
1857,i32,xmlMemBlocks,i32	xml	Mem	Blocks	
1858,i32,xmlMemBlocks,i32	xml	Mem	Blocks	
1859,i32,xmlMemBlocks,i32	xml	Mem	Blocks	
1860,i32,xmlMemBlocks,i32	xml	Mem	Blocks	
1861,i32,xmlMemBlocks,i32	xml	Mem	Blocks	
1862,i32,xmlMemBlocks,i32	xml	Mem	Blocks	
1863,i32,xmlMemBlocks,i32	xml	Mem	Blocks	
1864,i32,xmlMemBlocks,i32	xml	Mem	Blocks	
1865,i32,xmlMemBlocks,i32	xml	Mem	Blocks	
1866,i32,xmlMemBlocks,i32	xml	Mem	Blocks	
1867,i32,xmlMemBlocks,i32	xml	Mem	Blocks	
1868,i32,xmlMemBlocks,i32	xml	Mem	Blocks	
1869,i32,xmlMemBlocks,i32	xml	Mem	Blocks	
1870,i32,xmlMemBlocks,i32	xml	Mem	Blocks	
1871,i32,xmlMemBlocks,i32	xml	Mem	Blocks	
1872,i32,xmlMemBlocks,i32	xml	Mem	Blocks	
1873,i32,xmlMemBlocks,i32	xml	Mem	Blocks	
1874,i32,xmlMemBlocks,i32	xml	Mem	Blocks	
1875,i32,xmlMemBlocks,i32	xml	Mem	Blocks	
1876,i32,xmlMemBlocks,i32	xml	Mem	Blocks	
1877,i32,xmlMemBlocks,i32	xml	Mem	Blocks	
1878,i32,xmlMemBlocks,i32	xml	Mem	Blocks	
1879,i32,xmlMemBlocks,i32	xml	Mem	Blocks	
1880,i32,xmlMemBlocks,i32	xml	Mem	Blocks	
1881,i32,xmlMemBlocks,i32	xml	Mem	Blocks	
1882,i32,xmlMemBlocks,i32	xml	Mem	Blocks	
1883,i32,xmlMemBlocks,i32	xml	Mem	Blocks	
1884,i32,xmlMemBlocks,i32	xml	Mem	Blocks	
1885,i32,xmlMemBlocks,i32	xml	Mem	Blocks	
1886,i32,xmlMemBlocks,i32	xml	Mem	Blocks	
1887,i32,xmlMemBlocks,i32	xml	Mem	Blocks	
1888,i32,xmlMemBlocks,i32	xml	Mem	Blocks	
1889,i32,xmlMemBlocks,i32	xml	Mem	Blocks	
1890,i32,xmlMemBlocks,i32	xml	Mem	Blocks	
1891,i32,xmlMemBlocks,i32	xml	Mem	Blocks	
1892,i32,xmlMemBlocks,i32	xml	Mem	Blocks	
1893,i32,xmlMemBlocks,i32	xml	Mem	Blocks	
1894,i32,xmlMemBlocks,i32	xml	Mem	Blocks	
1895,i32,xmlMemBlocks,i32	xml	Mem	Blocks	
1896,i32,xmlMemBlocks,i32	xml	Mem	Blocks	
1897,i32,xmlMemBlocks,i32	xml	Mem	Blocks	
1898,i32,xmlMemBlocks,i32	xml	Mem	Blocks	
1899,i32,xmlMemBlocks,i32	xml	Mem	Blocks	
1900,i32,xmlMemBlocks,i32	xml	Mem	Blocks	
1901,i32,xmlMemBlocks,i32	xml	Mem	Blocks	
1902,i32,xmlMemBlocks,i32	xml	Mem	Blocks	
1903,i32,xmlMemBlocks,i32	xml	Mem	Blocks	
1904,i32,xmlMemBlocks,i32	xml	Mem	Blocks	
1905,i32,xmlMemBlocks,i32	xml	Mem	Blocks	
1906,i32,xmlMemBlocks,i32	xml	Mem	Blocks	
1907,i32,xmlMemBlocks,i32	xml	Mem	Blocks	
1908,i32,xmlMemBlocks,i32	xml	Mem	Blocks	
1909,i32,xmlMemBlocks,i32	xml	Mem	Blocks	
1910,i32,xmlMemBlocks,i32	xml	Mem	Blocks	
1911,i32,xmlMemBlocks,i32	xml	Mem	Blocks	
1912,i32,xmlMemBlocks,i32	xml	Mem	Blocks	
1913,i32,xmlMemBlocks,i32	xml	Mem	Blocks	
1914,i32,xmlMemBlocks,i32	xml	Mem	Blocks	
1915,i32,xmlMemBlocks,i32	xml	Mem	Blocks	
1916,i32,xmlMemBlocks,i32	xml	Mem	Blocks	
1917,i32,xmlMemBlocks,i32	xml	Mem	Blocks	
1918,i32,xmlMemBlocks,i32	xml	Mem	Blocks	
1919,i32,xmlMemBlocks,i32	xml	Mem	Blocks	
1920,i32,xmlMemBlocks,i32	xml	Mem	Blocks	
1921,i32,xmlMemBlocks,i32	xml	Mem	Blocks	
1922,i32,xmlMemBlocks,i32	xml	Mem	Blocks	
1923,i32,xmlMemBlocks,i32	xml	Mem	Blocks	
1924,i32,xmlMemBlocks,i32	xml	Mem	Blocks	
1925,i32,xmlMemBlocks,i32	xml	Mem	Blocks	
1926,i32,xmlMemBlocks,i32	xml	Mem	Blocks	
1927,i32,xmlMemBlocks,i32	xml	Mem	Blocks	
1928,i32,xmlMemBlocks,i32	xml	Mem	Blocks	
1929,i32,xmlMemBlocks,i32	xml	Mem	Blocks	
1930,i32,xmlMemBlocks,i32	xml	Mem	Blocks	
1931,i32,xmlMemBlocks,i32	xml	Mem	Blocks	
1932,i32,xmlMemBlocks,i32	xml	Mem	Blocks	
1933,i32,xmlMemBlocks,i32	xml	Mem	Blocks	
1934,i32,xmlMemBlocks,i32	xml	Mem	Blocks	
1935,i32,xmlMemBlocks,i32	xml	Mem	Blocks	
1936,i32,xmlMemBlocks,i32	xml	Mem	Blocks	
1937,i32,xmlMemBlocks,i32	xml	Mem	Blocks	
1938,i32,xmlMemBlocks,i32	xml	Mem	Blocks	
1939,i32,xmlMemBlocks,i32	xml	Mem	Blocks	
1940,i32,xmlMemBlocks,i32	xml	Mem	Blocks	
1941,i32,xmlMemBlocks,i32	xml	Mem	Blocks	
1942,i32,xmlMemBlocks,i32	xml	Mem	Blocks	
1943,i32,xmlMemBlocks,i32	xml	Mem	Blocks	
1944,i32,xmlMemBlocks,i32	xml	Mem	Blocks	
1945,i32,xmlMemBlocks,i32	xml	Mem	Blocks	
1946,i32,xmlMemBlocks,i32	xml	Mem	Blocks	
1947,i32,xmlMemBlocks,i32	xml	Mem	Blocks	
1948,i32,xmlMemBlocks,i32	xml	Mem	Blocks	
1949,i32,xmlMemBlocks,i32	xml	Mem	Blocks	
1950,i32,xmlMemBlocks,i32	xml	Mem	Blocks	
1951,i32,xmlMemBlocks,i32	xml	Mem	Blocks	
1952,i32,xmlMemBlocks,i32	xml	Mem	Blocks	
1953,i32,xmlMemBlocks,i32	xml	Mem	Blocks	
1954,i32,xmlMemBlocks,i32	xml	Mem	Blocks	
1955,i32,xmlMemBlocks,i32	xml	Mem	Blocks	
1956,i32,xmlMemBlocks,i32	xml	Mem	Blocks	
1957,i32,xmlMemBlocks,i32	xml	Mem	Blocks	
1958,i32,xmlMemBlocks,i32	xml	Mem	Blocks	
1959,i32,xmlMemBlocks,i32	xml	Mem	Blocks	
1960,i32,xmlMemBlocks,i32	xml	Mem	Blocks	
1961,i32,xmlMemBlocks,i32	xml	Mem	Blocks	
1962,i32,xmlMemBlocks,i32	xml	Mem	Blocks	
1963,i32,xmlMemBlocks,i32	xml	Mem	Blocks	
1964,i32,xmlMemBlocks,i32	xml	Mem	Blocks	
1965,i32,xmlMemBlocks,i32	xml	Mem	Blocks	
1966,i32,xmlMemBlocks,i32	xml	Mem	Blocks	
1967,i32,xmlMemBlocks,i32	xml	Mem	Blocks	
1968,i32,xmlMemBlocks,i32	xml	Mem	Blocks	
1969,i32,xmlMemBlocks,i32	xml	Mem	Blocks	
1970,i32,xmlMemBlocks,i32	xml	Mem	Blocks	
1971,i32,xmlMemBlocks,i32	xml	Mem	Blocks	
1972,i32,xmlMemBlocks,i32	xml	Mem	Blocks	
1973,i32,xmlMemBlocks,i32	xml	Mem	Blocks	
1974,i32,xmlMemBlocks,i32	xml	Mem	Blocks	
1975,i32,xmlMemBlocks,i32	xml	Mem	Blocks	
1976,i32,xmlMemBlocks,i32	xml	Mem	Blocks	
1977,i32,xmlMemBlocks,i32	xml	Mem	Blocks	
1978,i32,xmlMemBlocks,i32	xml	Mem	Blocks	
1979,i32,xmlMemBlocks,i32	xml	Mem	Blocks	
1980,i32,xmlMemBlocks,i32	xml	Mem	Blocks	
1981,i32,xmlMemBlocks,i32	xml	Mem	Blocks	
1982,i32,xmlMemBlocks,i32	xml	Mem	Blocks	
1983,i32,xmlMemBlocks,i32	xml	Mem	Blocks	
1984,i32,xmlMemBlocks,i32	xml	Mem	Blocks	
1985,i32,xmlMemBlocks,i32	xml	Mem	Blocks	
1986,i32,xmlMemBlocks,i32	xml	Mem	Blocks	
1987,i32,xmlMemBlocks,i32	xml	Mem	Blocks	
1988,i32,xmlMemBlocks,i32	xml	Mem	Blocks	
1989,i32,xmlMemBlocks,i32	xml	Mem	Blocks	
1990,i32,xmlMemBlocks,i32	xml	Mem	Blocks	
1991,i32,xmlMemBlocks,i32	xml	Mem	Blocks	
1992,i32,xmlMemBlocks,i32	xml	Mem	Blocks	
1993,i32,xmlMemBlocks,i32	xml	Mem	Blocks	
1994,i32,xmlMemBlocks,i32	xml	Mem	Blocks	
1995,i32,xmlMemBlocks,i32	xml	Mem	Blocks	
1996,i32,xmlMemBlocks,i32	xml	Mem	Blocks	
1997,i32,xmlMemBlocks,i32	xml	Mem	Blocks	
1998,i32,xmlMemBlocks,i32	xml	Mem	Blocks	
1999,i32,xmlMemBlocks,i32	xml	Mem	Blocks	
2000,i32,xmlMemBlocks,i32	xml	Mem	Blocks	
2001,i32,xmlMemBlocks,i32	xml	Mem	Blocks	
2002,i32,xmlMemBlocks,i32	xml	Mem	Blocks	
2003,i32,xmlMemBlocks,i32	xml	Mem	Blocks	
2004,i32,xmlMemBlocks,i32	xml	Mem	Blocks	
2005,i32,xmlMemBlocks,i32	xml	Mem	Blocks	
2006,i32,xmlMemBlocks,i32	xml	Mem	Blocks	
2007,i32,xmlMemBlocks,i32	xml	Mem	Blocks	
2008,i32,xmlMemBlocks,i32	xml	Mem	Blocks	
2009,i32,xmlMemBlocks,i32	xml	Mem	Blocks	
2010,i32,xmlMemBlocks,i32	xml	Mem	Blocks	
2011,i32,xmlMemBlocks,i32	xml	Mem	Blocks	
2012,i32,xmlMemBlocks,i32	xml	Mem	Blocks	
2013,i32,xmlMemBlocks,i32	xml	Mem	Blocks	
2014,i32,gen_int,i32	gen	int	
2015,i32,xmlMemBlocks,i32	xml	Mem	Blocks	
2016,i32,xmlMemBlocks,i32	xml	Mem	Blocks	
2017,i32,xmlMemBlocks,i32	xml	Mem	Blocks	
2018,i32,xmlMemBlocks,i32	xml	Mem	Blocks	
2019,i32,xmlMemBlocks,i32	xml	Mem	Blocks	
2020,i32,xmlMemBlocks,i32	xml	Mem	Blocks	
2021,i32,xmlMemBlocks,i32	xml	Mem	Blocks	
2022,i32,xmlMemBlocks,i32	xml	Mem	Blocks	
2023,i32,xmlMemBlocks,i32	xml	Mem	Blocks	
2024,i32,xmlMemBlocks,i32	xml	Mem	Blocks	
2025,i32,xmlMemBlocks,i32	xml	Mem	Blocks	
2026,i32,xmlMemBlocks,i32	xml	Mem	Blocks	
2027,i32,xmlMemBlocks,i32	xml	Mem	Blocks	
2028,i32,xmlMemBlocks,i32	xml	Mem	Blocks	
2029,i32,xmlMemBlocks,i32	xml	Mem	Blocks	
2030,i32,xmlMemBlocks,i32	xml	Mem	Blocks	
2031,i32,xmlMemBlocks,i32	xml	Mem	Blocks	
2032,i32,xmlMemBlocks,i32	xml	Mem	Blocks	
2033,i32,xmlMemBlocks,i32	xml	Mem	Blocks	
2034,i32,xmlMemBlocks,i32	xml	Mem	Blocks	
2035,i32,xmlMemBlocks,i32	xml	Mem	Blocks	
2036,i32,xmlMemBlocks,i32	xml	Mem	Blocks	
2037,i32,xmlMemBlocks,i32	xml	Mem	Blocks	
2038,i32,xmlMemBlocks,i32	xml	Mem	Blocks	
2039,i32,xmlMemBlocks,i32	xml	Mem	Blocks	
2040,i32,xmlMemBlocks,i32	xml	Mem	Blocks	
2041,i32,xmlMemBlocks,i32	xml	Mem	Blocks	
2042,i32,xmlMemBlocks,i32	xml	Mem	Blocks	
2043,i32,xmlMemBlocks,i32	xml	Mem	Blocks	
2044,i32,xmlMemBlocks,i32	xml	Mem	Blocks	
2045,i32,xmlMemBlocks,i32	xml	Mem	Blocks	
2046,i32,xmlMemBlocks,i32	xml	Mem	Blocks	
2047,i32,xmlMemBlocks,i32	xml	Mem	Blocks	
2048,i32,xmlMemBlocks,i32	xml	Mem	Blocks	
2049,i32,xmlMemBlocks,i32	xml	Mem	Blocks	
2050,i32,xmlMemBlocks,i32	xml	Mem	Blocks	
2051,i32,xmlMemBlocks,i32	xml	Mem	Blocks	
2052,i32,xmlMemBlocks,i32	xml	Mem	Blocks	
2053,i32,xmlMemBlocks,i32	xml	Mem	Blocks	
2054,i32,xmlMemBlocks,i32	xml	Mem	Blocks	
2055,i32,xmlMemBlocks,i32	xml	Mem	Blocks	
2056,i32,xmlMemBlocks,i32	xml	Mem	Blocks	
2057,i32,xmlMemBlocks,i32	xml	Mem	Blocks	
2058,i32,xmlMemBlocks,i32	xml	Mem	Blocks	
2059,i32,xmlMemBlocks,i32	xml	Mem	Blocks	
2060,i32,xmlMemBlocks,i32	xml	Mem	Blocks	
2061,i32,xmlMemBlocks,i32	xml	Mem	Blocks	
2062,i32,xmlMemBlocks,i32	xml	Mem	Blocks	
2063,i32,xmlMemBlocks,i32	xml	Mem	Blocks	
2064,i32,xmlMemBlocks,i32	xml	Mem	Blocks	
2065,i32,xmlMemBlocks,i32	xml	Mem	Blocks	
2066,i32,xmlMemBlocks,i32	xml	Mem	Blocks	
2067,i32,xmlMemBlocks,i32	xml	Mem	Blocks	
2068,i32,xmlMemBlocks,i32	xml	Mem	Blocks	
2069,i32,xmlMemBlocks,i32	xml	Mem	Blocks	
2070,i32,xmlMemBlocks,i32	xml	Mem	Blocks	
2071,i32,xmlMemBlocks,i32	xml	Mem	Blocks	
2072,i32,xmlMemBlocks,i32	xml	Mem	Blocks	
2073,i32,xmlMemBlocks,i32	xml	Mem	Blocks	
2074,i32,xmlMemBlocks,i32	xml	Mem	Blocks	
2075,i32,xmlMemBlocks,i32	xml	Mem	Blocks	
2076,i32,xmlMemBlocks,i32	xml	Mem	Blocks	
2077,i32,xmlMemBlocks,i32	xml	Mem	Blocks	
2078,i32,xmlMemBlocks,i32	xml	Mem	Blocks	
2079,i32,xmlMemBlocks,i32	xml	Mem	Blocks	
2080,i32,xmlMemBlocks,i32	xml	Mem	Blocks	
2081,i32,xmlMemBlocks,i32	xml	Mem	Blocks	
2082,i32,xmlMemBlocks,i32	xml	Mem	Blocks	
2083,i32,xmlMemBlocks,i32	xml	Mem	Blocks	
2084,i32,xmlMemBlocks,i32	xml	Mem	Blocks	
2085,i32,xmlMemBlocks,i32	xml	Mem	Blocks	
2086,i32,xmlMemBlocks,i32	xml	Mem	Blocks	
2087,i32,xmlMemBlocks,i32	xml	Mem	Blocks	
2088,i32,xmlMemBlocks,i32	xml	Mem	Blocks	
2089,i32,xmlMemBlocks,i32	xml	Mem	Blocks	
2090,i32,xmlMemBlocks,i32	xml	Mem	Blocks	
2091,i32,xmlMemBlocks,i32	xml	Mem	Blocks	
2092,i32,xmlMemBlocks,i32	xml	Mem	Blocks	
2093,i32,xmlMemBlocks,i32	xml	Mem	Blocks	
2094,i32,xmlMemBlocks,i32	xml	Mem	Blocks	
2095,i32,xmlMemBlocks,i32	xml	Mem	Blocks	
2096,i32,xmlMemBlocks,i32	xml	Mem	Blocks	
2097,i32,xmlMemBlocks,i32	xml	Mem	Blocks	
2098,i32,xmlMemBlocks,i32	xml	Mem	Blocks	
2099,i32,xmlMemBlocks,i32	xml	Mem	Blocks	
2100,i32,xmlMemBlocks,i32	xml	Mem	Blocks	
2101,i32,xmlMemBlocks,i32	xml	Mem	Blocks	
2102,i32,xmlMemBlocks,i32	xml	Mem	Blocks	
2103,i32,xmlMemBlocks,i32	xml	Mem	Blocks	
2104,i32,xmlMemBlocks,i32	xml	Mem	Blocks	
2105,i32,xmlMemBlocks,i32	xml	Mem	Blocks	
2106,i32,xmlMemBlocks,i32	xml	Mem	Blocks	
2107,i32,xmlMemBlocks,i32	xml	Mem	Blocks	
2108,i32,xmlMemBlocks,i32	xml	Mem	Blocks	
2109,i32,xmlMemBlocks,i32	xml	Mem	Blocks	
2110,i32,xmlMemBlocks,i32	xml	Mem	Blocks	
2111,i32,xmlMemBlocks,i32	xml	Mem	Blocks	
2112,i32,xmlMemBlocks,i32	xml	Mem	Blocks	
2113,i32,xmlMemBlocks,i32	xml	Mem	Blocks	
2114,i32,xmlMemBlocks,i32	xml	Mem	Blocks	
2115,i32,xmlMemBlocks,i32	xml	Mem	Blocks	
2116,i32,xmlMemBlocks,i32	xml	Mem	Blocks	
2117,i32,xmlMemBlocks,i32	xml	Mem	Blocks	
2118,i32,xmlMemBlocks,i32	xml	Mem	Blocks	
2119,i32,xmlMemBlocks,i32	xml	Mem	Blocks	
2120,i32,xmlMemBlocks,i32	xml	Mem	Blocks	
2121,i32,xmlMemBlocks,i32	xml	Mem	Blocks	
2122,i32,xmlMemBlocks,i32	xml	Mem	Blocks	
2123,i32,xmlMemBlocks,i32	xml	Mem	Blocks	
2124,i32,xmlMemBlocks,i32	xml	Mem	Blocks	
2125,i32,xmlMemBlocks,i32	xml	Mem	Blocks	
2126,i32,xmlMemBlocks,i32	xml	Mem	Blocks	
2127,i32,xmlMemBlocks,i32	xml	Mem	Blocks	
2128,i32,xmlMemBlocks,i32	xml	Mem	Blocks	
2129,i32,xmlMemBlocks,i32	xml	Mem	Blocks	
2130,i32,xmlMemBlocks,i32	xml	Mem	Blocks	
2131,i32,xmlMemBlocks,i32	xml	Mem	Blocks	
2132,i32,xmlMemBlocks,i32	xml	Mem	Blocks	
2133,i32,xmlMemBlocks,i32	xml	Mem	Blocks	
2134,i32,xmlMemBlocks,i32	xml	Mem	Blocks	
2135,i32,xmlMemBlocks,i32	xml	Mem	Blocks	
2136,i32,xmlMemBlocks,i32	xml	Mem	Blocks	
2137,i32,xmlMemBlocks,i32	xml	Mem	Blocks	
2138,i32,xmlMemBlocks,i32	xml	Mem	Blocks	
2139,i32,xmlMemBlocks,i32	xml	Mem	Blocks	
2140,i32,xmlMemBlocks,i32	xml	Mem	Blocks	
2141,i32,xmlMemBlocks,i32	xml	Mem	Blocks	
2142,i32,xmlMemBlocks,i32	xml	Mem	Blocks	
2143,i32,xmlMemBlocks,i32	xml	Mem	Blocks	
2144,i32,xmlMemBlocks,i32	xml	Mem	Blocks	
2145,i32,xmlMemBlocks,i32	xml	Mem	Blocks	
2146,i32,xmlMemBlocks,i32	xml	Mem	Blocks	
2147,i32,xmlMemBlocks,i32	xml	Mem	Blocks	
2148,i32,xmlMemBlocks,i32	xml	Mem	Blocks	
2149,i32,xmlMemBlocks,i32	xml	Mem	Blocks	
2150,i32,xmlMemBlocks,i32	xml	Mem	Blocks	
2151,i32,xmlMemBlocks,i32	xml	Mem	Blocks	
2152,i32,xmlMemBlocks,i32	xml	Mem	Blocks	
2153,i32,xmlMemBlocks,i32	xml	Mem	Blocks	
2154,i32,xmlMemBlocks,i32	xml	Mem	Blocks	
2155,i32,xmlMemBlocks,i32	xml	Mem	Blocks	
2156,i32,xmlMemBlocks,i32	xml	Mem	Blocks	
2157,i32,xmlMemBlocks,i32	xml	Mem	Blocks	
2158,i32,xmlMemBlocks,i32	xml	Mem	Blocks	
2159,i32,xmlMemBlocks,i32	xml	Mem	Blocks	
2160,i32,xmlMemBlocks,i32	xml	Mem	Blocks	
2161,i32,xmlMemBlocks,i32	xml	Mem	Blocks	
2162,i32,xmlMemBlocks,i32	xml	Mem	Blocks	
2163,i32,xmlMemBlocks,i32	xml	Mem	Blocks	
2164,i32,xmlMemBlocks,i32	xml	Mem	Blocks	
2165,i32,xmlMemBlocks,i32	xml	Mem	Blocks	
2166,i32,xmlMemBlocks,i32	xml	Mem	Blocks	
2167,i32,xmlMemBlocks,i32	xml	Mem	Blocks	
2168,i32,xmlMemBlocks,i32	xml	Mem	Blocks	
2169,i32,xmlMemBlocks,i32	xml	Mem	Blocks	
2170,i32,xmlMemBlocks,i32	xml	Mem	Blocks	
2171,i32,xmlMemBlocks,i32	xml	Mem	Blocks	
2172,i32,xmlMemBlocks,i32	xml	Mem	Blocks	
2173,i32,xmlMemBlocks,i32	xml	Mem	Blocks	
2174,i32,xmlMemBlocks,i32	xml	Mem	Blocks	
2175,i32,xmlMemBlocks,i32	xml	Mem	Blocks	
2176,i32,xmlMemBlocks,i32	xml	Mem	Blocks	
2177,i32,xmlMemBlocks,i32	xml	Mem	Blocks	
2178,i32,xmlMemBlocks,i32	xml	Mem	Blocks	
2179,i32,xmlMemBlocks,i32	xml	Mem	Blocks	
2180,i32,xmlMemBlocks,i32	xml	Mem	Blocks	
2181,i32,xmlMemBlocks,i32	xml	Mem	Blocks	
2182,i32,xmlMemBlocks,i32	xml	Mem	Blocks	
2183,i32,xmlMemBlocks,i32	xml	Mem	Blocks	
2184,i32,xmlMemBlocks,i32	xml	Mem	Blocks	
2185,i32,xmlMemBlocks,i32	xml	Mem	Blocks	
2186,i32,xmlMemBlocks,i32	xml	Mem	Blocks	
2187,i32,xmlMemBlocks,i32	xml	Mem	Blocks	
2188,i32,xmlMemBlocks,i32	xml	Mem	Blocks	
2189,i32,xmlMemBlocks,i32	xml	Mem	Blocks	
2190,i32,xmlMemBlocks,i32	xml	Mem	Blocks	
2191,i32,xmlMemBlocks,i32	xml	Mem	Blocks	
2192,i32,xmlMemBlocks,i32	xml	Mem	Blocks	
2193,i32,xmlMemBlocks,i32	xml	Mem	Blocks	
2194,i32,xmlMemBlocks,i32	xml	Mem	Blocks	
2195,i32,xmlMemBlocks,i32	xml	Mem	Blocks	
2196,i32,xmlMemBlocks,i32	xml	Mem	Blocks	
2197,i32,xmlMemBlocks,i32	xml	Mem	Blocks	
2198,i32,xmlMemBlocks,i32	xml	Mem	Blocks	
2199,i32,xmlMemBlocks,i32	xml	Mem	Blocks	
2200,i32,xmlMemBlocks,i32	xml	Mem	Blocks	
2201,i32,xmlMemBlocks,i32	xml	Mem	Blocks	
2202,i32,xmlMemBlocks,i32	xml	Mem	Blocks	
2203,i32,xmlMemBlocks,i32	xml	Mem	Blocks	
2204,i32,xmlMemBlocks,i32	xml	Mem	Blocks	
2205,i32,xmlMemBlocks,i32	xml	Mem	Blocks	
2206,i32,xmlMemBlocks,i32	xml	Mem	Blocks	
2207,i32,xmlMemBlocks,i32	xml	Mem	Blocks	
2208,i32,xmlMemBlocks,i32	xml	Mem	Blocks	
2209,i32,xmlMemBlocks,i32	xml	Mem	Blocks	
2210,i32,xmlMemBlocks,i32	xml	Mem	Blocks	
2211,i32,xmlMemBlocks,i32	xml	Mem	Blocks	
2212,i32,xmlMemBlocks,i32	xml	Mem	Blocks	
2213,i32,xmlMemBlocks,i32	xml	Mem	Blocks	
2214,i32,xmlMemBlocks,i32	xml	Mem	Blocks	
2215,i32,xmlMemBlocks,i32	xml	Mem	Blocks	
2216,i32,xmlMemBlocks,i32	xml	Mem	Blocks	
2217,i32,xmlMemBlocks,i32	xml	Mem	Blocks	
2218,i32,xmlMemBlocks,i32	xml	Mem	Blocks	
2219,i32,xmlMemBlocks,i32	xml	Mem	Blocks	
2220,i32,xmlMemBlocks,i32	xml	Mem	Blocks	
2221,i32,xmlMemBlocks,i32	xml	Mem	Blocks	
2222,i32,xmlMemBlocks,i32	xml	Mem	Blocks	
2223,i32,xmlMemBlocks,i32	xml	Mem	Blocks	
2224,i32,xmlMemBlocks,i32	xml	Mem	Blocks	
2225,i32,xmlMemBlocks,i32	xml	Mem	Blocks	
2226,i32,xmlMemBlocks,i32	xml	Mem	Blocks	
2227,i32,xmlMemBlocks,i32	xml	Mem	Blocks	
2228,i32,xmlMemBlocks,i32	xml	Mem	Blocks	
2229,i32,xmlMemBlocks,i32	xml	Mem	Blocks	
2230,i32,xmlMemBlocks,i32	xml	Mem	Blocks	
2231,i32,xmlMemBlocks,i32	xml	Mem	Blocks	
2232,i32,xmlMemBlocks,i32	xml	Mem	Blocks	
2233,i32,xmlMemBlocks,i32	xml	Mem	Blocks	
2234,i32,xmlMemBlocks,i32	xml	Mem	Blocks	
2235,i32,xmlMemBlocks,i32	xml	Mem	Blocks	
2236,i32,xmlMemBlocks,i32	xml	Mem	Blocks	
2237,i32,xmlMemBlocks,i32	xml	Mem	Blocks	
2238,i32,xmlMemBlocks,i32	xml	Mem	Blocks	
2239,i32,xmlMemBlocks,i32	xml	Mem	Blocks	
2240,i32,xmlMemBlocks,i32	xml	Mem	Blocks	
2241,i32,xmlMemBlocks,i32	xml	Mem	Blocks	
2242,i32,xmlMemBlocks,i32	xml	Mem	Blocks	
2243,i32,xmlMemBlocks,i32	xml	Mem	Blocks	
2244,i32,xmlMemBlocks,i32	xml	Mem	Blocks	
2245,i32,xmlMemBlocks,i32	xml	Mem	Blocks	
2246,i32,xmlMemBlocks,i32	xml	Mem	Blocks	
2247,i32,xmlMemBlocks,i32	xml	Mem	Blocks	
2248,i32,xmlMemBlocks,i32	xml	Mem	Blocks	
2249,i32,xmlMemBlocks,i32	xml	Mem	Blocks	
2250,i32,xmlMemBlocks,i32	xml	Mem	Blocks	
2251,i32,xmlMemBlocks,i32	xml	Mem	Blocks	
2252,i32,xmlMemBlocks,i32	xml	Mem	Blocks	
2253,i32,xmlMemBlocks,i32	xml	Mem	Blocks	
2254,i32,xmlMemBlocks,i32	xml	Mem	Blocks	
2255,i32,xmlMemBlocks,i32	xml	Mem	Blocks	
2256,i32,xmlMemBlocks,i32	xml	Mem	Blocks	
2257,i32,xmlMemBlocks,i32	xml	Mem	Blocks	
2258,i32,xmlMemBlocks,i32	xml	Mem	Blocks	
2259,i32,xmlMemBlocks,i32	xml	Mem	Blocks	
2260,i32,xmlMemBlocks,i32	xml	Mem	Blocks	
2261,i32,xmlMemBlocks,i32	xml	Mem	Blocks	
2262,i32,xmlMemBlocks,i32	xml	Mem	Blocks	
2263,i32,xmlMemBlocks,i32	xml	Mem	Blocks	
2264,i32,xmlMemBlocks,i32	xml	Mem	Blocks	
2265,i32,xmlMemBlocks,i32	xml	Mem	Blocks	
2266,i32,xmlMemBlocks,i32	xml	Mem	Blocks	
2267,i32,xmlMemBlocks,i32	xml	Mem	Blocks	
2268,i32,xmlMemBlocks,i32	xml	Mem	Blocks	
2269,i32,xmlMemBlocks,i32	xml	Mem	Blocks	
2270,i32,xmlMemBlocks,i32	xml	Mem	Blocks	
2271,i32,xmlMemBlocks,i32	xml	Mem	Blocks	
2272,i32,xmlMemBlocks,i32	xml	Mem	Blocks	
2273,i32,xmlMemBlocks,i32	xml	Mem	Blocks	
2274,i32,xmlMemBlocks,i32	xml	Mem	Blocks	
2275,i32,xmlMemBlocks,i32	xml	Mem	Blocks	
2276,i32,xmlMemBlocks,i32	xml	Mem	Blocks	
2277,i32,xmlMemBlocks,i32	xml	Mem	Blocks	
2278,i32,xmlMemBlocks,i32	xml	Mem	Blocks	
2279,i32,xmlMemBlocks,i32	xml	Mem	Blocks	
2280,i32,xmlMemBlocks,i32	xml	Mem	Blocks	
2281,i32,xmlMemBlocks,i32	xml	Mem	Blocks	
2282,i32,xmlMemBlocks,i32	xml	Mem	Blocks	
2283,i32,xmlMemBlocks,i32	xml	Mem	Blocks	
2284,i32,xmlMemBlocks,i32	xml	Mem	Blocks	
2285,i32,xmlMemBlocks,i32	xml	Mem	Blocks	
2286,i32,xmlMemBlocks,i32	xml	Mem	Blocks	
2287,i32,xmlMemBlocks,i32	xml	Mem	Blocks	
2288,i32,xmlMemBlocks,i32	xml	Mem	Blocks	
2289,i32,xmlMemBlocks,i32	xml	Mem	Blocks	
2290,i32,xmlMemBlocks,i32	xml	Mem	Blocks	
2291,i32,xmlMemBlocks,i32	xml	Mem	Blocks	
2292,i32,xmlMemBlocks,i32	xml	Mem	Blocks	
2293,i32,xmlMemBlocks,i32	xml	Mem	Blocks	
2294,i32,xmlMemBlocks,i32	xml	Mem	Blocks	
2295,i32,xmlMemBlocks,i32	xml	Mem	Blocks	
2296,i32,xmlMemBlocks,i32	xml	Mem	Blocks	
2297,i32,xmlMemBlocks,i32	xml	Mem	Blocks	
2298,i32,xmlMemBlocks,i32	xml	Mem	Blocks	
2299,i32,xmlMemBlocks,i32	xml	Mem	Blocks	
2300,i32,xmlMemBlocks,i32	xml	Mem	Blocks	
2301,i32,xmlMemBlocks,i32	xml	Mem	Blocks	
2302,i32,xmlMemBlocks,i32	xml	Mem	Blocks	
2303,i32,xmlMemBlocks,i32	xml	Mem	Blocks	
2304,i32,xmlMemBlocks,i32	xml	Mem	Blocks	
2305,i32,xmlMemBlocks,i32	xml	Mem	Blocks	
2306,i32,xmlMemBlocks,i32	xml	Mem	Blocks	
2307,i32,xmlMemBlocks,i32	xml	Mem	Blocks	
2308,i32,xmlMemBlocks,i32	xml	Mem	Blocks	
2309,i32,xmlMemBlocks,i32	xml	Mem	Blocks	
2310,i32,xmlMemBlocks,i32	xml	Mem	Blocks	
2311,i32,xmlMemBlocks,i32	xml	Mem	Blocks	
2312,i32,xmlMemBlocks,i32	xml	Mem	Blocks	
2313,i32,xmlMemBlocks,i32	xml	Mem	Blocks	
2314,i32,xmlMemBlocks,i32	xml	Mem	Blocks	
2315,i32,xmlMemBlocks,i32	xml	Mem	Blocks	
2316,i32,xmlMemBlocks,i32	xml	Mem	Blocks	
2317,i32,xmlMemBlocks,i32	xml	Mem	Blocks	
2318,i32,xmlMemBlocks,i32	xml	Mem	Blocks	
2319,i32,xmlMemBlocks,i32	xml	Mem	Blocks	
2320,i32,xmlMemBlocks,i32	xml	Mem	Blocks	
2321,i32,xmlMemBlocks,i32	xml	Mem	Blocks	
2322,i32,xmlMemBlocks,i32	xml	Mem	Blocks	
2323,i32,xmlMemBlocks,i32	xml	Mem	Blocks	
2324,i32,xmlMemBlocks,i32	xml	Mem	Blocks	
2325,i32,xmlMemBlocks,i32	xml	Mem	Blocks	
2326,i32,xmlMemBlocks,i32	xml	Mem	Blocks	
2327,i32,xmlMemBlocks,i32	xml	Mem	Blocks	
2328,i32,xmlMemBlocks,i32	xml	Mem	Blocks	
2329,i32,xmlMemBlocks,i32	xml	Mem	Blocks	
2330,i32,xmlMemBlocks,i32	xml	Mem	Blocks	
2331,i32,xmlMemBlocks,i32	xml	Mem	Blocks	
2332,i32,xmlMemBlocks,i32	xml	Mem	Blocks	
2333,i32,xmlMemBlocks,i32	xml	Mem	Blocks	
2334,i32,xmlMemBlocks,i32	xml	Mem	Blocks	
2335,i32,xmlMemBlocks,i32	xml	Mem	Blocks	
2336,i32,xmlMemBlocks,i32	xml	Mem	Blocks	
2337,i32,xmlMemBlocks,i32	xml	Mem	Blocks	
2338,i32,xmlMemBlocks,i32	xml	Mem	Blocks	
2339,i32,xmlMemBlocks,i32	xml	Mem	Blocks	
2340,i32,xmlMemBlocks,i32	xml	Mem	Blocks	
2341,i32,xmlMemBlocks,i32	xml	Mem	Blocks	
2342,i32,xmlMemBlocks,i32	xml	Mem	Blocks	
2343,i32,xmlMemBlocks,i32	xml	Mem	Blocks	
2344,i32,xmlMemBlocks,i32	xml	Mem	Blocks	
2345,i32,xmlMemBlocks,i32	xml	Mem	Blocks	
2346,i32,xmlMemBlocks,i32	xml	Mem	Blocks	
2347,i32,xmlMemBlocks,i32	xml	Mem	Blocks	
2348,i32,xmlMemBlocks,i32	xml	Mem	Blocks	
2349,i32,xmlMemBlocks,i32	xml	Mem	Blocks	
2350,i32,xmlMemBlocks,i32	xml	Mem	Blocks	
2351,i32,xmlMemBlocks,i32	xml	Mem	Blocks	
2352,i32,xmlMemBlocks,i32	xml	Mem	Blocks	
2353,i32,xmlMemBlocks,i32	xml	Mem	Blocks	
2354,i32,xmlMemBlocks,i32	xml	Mem	Blocks	
2355,i32,xmlMemBlocks,i32	xml	Mem	Blocks	
2356,i32,xmlMemBlocks,i32	xml	Mem	Blocks	
2357,i32,xmlMemBlocks,i32	xml	Mem	Blocks	
2358,i32,xmlMemBlocks,i32	xml	Mem	Blocks	
2359,i32,xmlMemBlocks,i32	xml	Mem	Blocks	
2360,i32,xmlMemBlocks,i32	xml	Mem	Blocks	
2361,i32,xmlMemBlocks,i32	xml	Mem	Blocks	
2362,i32,xmlMemBlocks,i32	xml	Mem	Blocks	
2363,i32,xmlMemBlocks,i32	xml	Mem	Blocks	
2364,i32,xmlMemBlocks,i32	xml	Mem	Blocks	
2365,i32,xmlMemBlocks,i32	xml	Mem	Blocks	
2366,i32,xmlMemBlocks,i32	xml	Mem	Blocks	
2367,i32,xmlMemBlocks,i32	xml	Mem	Blocks	
2368,i32,xmlMemBlocks,i32	xml	Mem	Blocks	
2369,i32,xmlMemBlocks,i32	xml	Mem	Blocks	
2370,i32,xmlMemBlocks,i32	xml	Mem	Blocks	
2371,i32,xmlMemBlocks,i32	xml	Mem	Blocks	
2372,i32,xmlMemBlocks,i32	xml	Mem	Blocks	
2373,i32,xmlMemBlocks,i32	xml	Mem	Blocks	
2374,i32,xmlMemBlocks,i32	xml	Mem	Blocks	
2375,i32,xmlMemBlocks,i32	xml	Mem	Blocks	
2376,i32,xmlMemBlocks,i32	xml	Mem	Blocks	
2377,i32,xmlMemBlocks,i32	xml	Mem	Blocks	
2378,i32,xmlMemBlocks,i32	xml	Mem	Blocks	
2379,i32,xmlMemBlocks,i32	xml	Mem	Blocks	
2380,i32,xmlMemBlocks,i32	xml	Mem	Blocks	
2381,i32,xmlMemBlocks,i32	xml	Mem	Blocks	
2382,i32,xmlMemBlocks,i32	xml	Mem	Blocks	
2383,i32,xmlMemBlocks,i32	xml	Mem	Blocks	
2384,i32,xmlMemBlocks,i32	xml	Mem	Blocks	
2385,i32,xmlMemBlocks,i32	xml	Mem	Blocks	
2386,i32,xmlMemBlocks,i32	xml	Mem	Blocks	
2387,i32,xmlMemBlocks,i32	xml	Mem	Blocks	
2388,i32,xmlMemBlocks,i32	xml	Mem	Blocks	
2389,i32,xmlMemBlocks,i32	xml	Mem	Blocks	
2390,i32,xmlMemBlocks,i32	xml	Mem	Blocks	
2391,i32,xmlMemBlocks,i32	xml	Mem	Blocks	
2392,i32,xmlMemBlocks,i32	xml	Mem	Blocks	
2393,i32,xmlMemBlocks,i32	xml	Mem	Blocks	
2394,i32,xmlMemBlocks,i32	xml	Mem	Blocks	
2395,i32,xmlMemBlocks,i32	xml	Mem	Blocks	
2396,i32,xmlMemBlocks,i32	xml	Mem	Blocks	
2397,i32,xmlMemBlocks,i32	xml	Mem	Blocks	
2398,i32,xmlMemBlocks,i32	xml	Mem	Blocks	
2399,i32,xmlMemBlocks,i32	xml	Mem	Blocks	
2400,i32,xmlMemBlocks,i32	xml	Mem	Blocks	
2401,i32,xmlMemBlocks,i32	xml	Mem	Blocks	
2402,i32,xmlMemBlocks,i32	xml	Mem	Blocks	
2403,i32,xmlMemBlocks,i32	xml	Mem	Blocks	
2404,i32,xmlMemBlocks,i32	xml	Mem	Blocks	
2405,i32,xmlMemBlocks,i32	xml	Mem	Blocks	
2406,i32,xmlMemBlocks,i32	xml	Mem	Blocks	
2407,i32,xmlMemBlocks,i32	xml	Mem	Blocks	
2408,i32,xmlMemBlocks,i32	xml	Mem	Blocks	
2409,i32,xmlMemBlocks,i32	xml	Mem	Blocks	
2410,i32,xmlMemBlocks,i32	xml	Mem	Blocks	
2411,i32,xmlMemBlocks,i32	xml	Mem	Blocks	
2412,i32,xmlMemBlocks,i32	xml	Mem	Blocks	
2413,i32,xmlMemBlocks,i32	xml	Mem	Blocks	
2414,i32,xmlMemBlocks,i32	xml	Mem	Blocks	
2415,i32,xmlMemBlocks,i32	xml	Mem	Blocks	
2416,i32,xmlMemBlocks,i32	xml	Mem	Blocks	
2417,i32,xmlMemBlocks,i32	xml	Mem	Blocks	
2418,i32,xmlMemBlocks,i32	xml	Mem	Blocks	
2419,i32,xmlMemBlocks,i32	xml	Mem	Blocks	
2420,i32,xmlMemBlocks,i32	xml	Mem	Blocks	
2421,i32,xmlMemBlocks,i32	xml	Mem	Blocks	
2422,i32,xmlMemBlocks,i32	xml	Mem	Blocks	
2423,i32,xmlMemBlocks,i32	xml	Mem	Blocks	
2424,i32,xmlMemBlocks,i32	xml	Mem	Blocks	
2425,i32,xmlMemBlocks,i32	xml	Mem	Blocks	
2426,i32,xmlMemBlocks,i32	xml	Mem	Blocks	
2427,i32,xmlMemBlocks,i32	xml	Mem	Blocks	
2428,i32,xmlMemBlocks,i32	xml	Mem	Blocks	
2429,i32,xmlMemBlocks,i32	xml	Mem	Blocks	
2430,i32,xmlMemBlocks,i32	xml	Mem	Blocks	
2431,i32,xmlMemBlocks,i32	xml	Mem	Blocks	
2432,i32,xmlMemBlocks,i32	xml	Mem	Blocks	
2433,i32,xmlMemBlocks,i32	xml	Mem	Blocks	
2434,i32,xmlMemBlocks,i32	xml	Mem	Blocks	
2435,i32,xmlMemBlocks,i32	xml	Mem	Blocks	
2436,i32,xmlMemBlocks,i32	xml	Mem	Blocks	
2437,i32,xmlMemBlocks,i32	xml	Mem	Blocks	
2438,i32,xmlMemBlocks,i32	xml	Mem	Blocks	
2439,i32,xmlMemBlocks,i32	xml	Mem	Blocks	
2440,i32,xmlMemBlocks,i32	xml	Mem	Blocks	
2441,i32,xmlMemBlocks,i32	xml	Mem	Blocks	
2442,i32,xmlMemBlocks,i32	xml	Mem	Blocks	
2443,i32,xmlMemBlocks,i32	xml	Mem	Blocks	
2444,i32,xmlMemBlocks,i32	xml	Mem	Blocks	
2445,i32,xmlMemBlocks,i32	xml	Mem	Blocks	
2446,i32,xmlMemBlocks,i32	xml	Mem	Blocks	
2447,i32,xmlMemBlocks,i32	xml	Mem	Blocks	
2448,i32,xmlMemBlocks,i32	xml	Mem	Blocks	
2449,i32,xmlMemBlocks,i32	xml	Mem	Blocks	
2450,i32,xmlMemBlocks,i32	xml	Mem	Blocks	
2451,i32,xmlMemBlocks,i32	xml	Mem	Blocks	
2452,i32,xmlMemBlocks,i32	xml	Mem	Blocks	
2453,i32,xmlMemBlocks,i32	xml	Mem	Blocks	
2454,i32,xmlMemBlocks,i32	xml	Mem	Blocks	
2455,i32,xmlMemBlocks,i32	xml	Mem	Blocks	
2456,i32,xmlMemBlocks,i32	xml	Mem	Blocks	
2457,i32,xmlMemBlocks,i32	xml	Mem	Blocks	
2458,i32,xmlMemBlocks,i32	xml	Mem	Blocks	
2459,i32,xmlMemBlocks,i32	xml	Mem	Blocks	
2460,i32,xmlMemBlocks,i32	xml	Mem	Blocks	
2461,i32,xmlMemBlocks,i32	xml	Mem	Blocks	
2462,i32,xmlMemBlocks,i32	xml	Mem	Blocks	
2463,i32,xmlMemBlocks,i32	xml	Mem	Blocks	
2464,i32,xmlMemBlocks,i32	xml	Mem	Blocks	
2465,i32,xmlMemBlocks,i32	xml	Mem	Blocks	
2466,i32,xmlMemBlocks,i32	xml	Mem	Blocks	
2467,i32,xmlMemBlocks,i32	xml	Mem	Blocks	
2468,i32,xmlMemBlocks,i32	xml	Mem	Blocks	
2469,i32,xmlMemBlocks,i32	xml	Mem	Blocks	
2470,i32,xmlMemBlocks,i32	xml	Mem	Blocks	
2471,i32,xmlMemBlocks,i32	xml	Mem	Blocks	
2472,i32,xmlMemBlocks,i32	xml	Mem	Blocks	
2473,i32,xmlMemBlocks,i32	xml	Mem	Blocks	
2474,i32,xmlMemBlocks,i32	xml	Mem	Blocks	
2475,i32,xmlMemBlocks,i32	xml	Mem	Blocks	
2476,i32,xmlMemBlocks,i32	xml	Mem	Blocks	
2477,i32,xmlMemBlocks,i32	xml	Mem	Blocks	
2478,i32,xmlMemBlocks,i32	xml	Mem	Blocks	
2479,i32,xmlMemBlocks,i32	xml	Mem	Blocks	
2480,i32,xmlMemBlocks,i32	xml	Mem	Blocks	
2481,i32,xmlMemBlocks,i32	xml	Mem	Blocks	
2482,i32,xmlMemBlocks,i32	xml	Mem	Blocks	
2483,i32,xmlMemBlocks,i32	xml	Mem	Blocks	
2484,i32,xmlMemBlocks,i32	xml	Mem	Blocks	
2485,i32,xmlMemBlocks,i32	xml	Mem	Blocks	
2486,i32,xmlMemBlocks,i32	xml	Mem	Blocks	
2487,i32,xmlMemBlocks,i32	xml	Mem	Blocks	
2488,i32,xmlMemBlocks,i32	xml	Mem	Blocks	
2489,i32,xmlMemBlocks,i32	xml	Mem	Blocks	
2490,i32,xmlMemBlocks,i32	xml	Mem	Blocks	
2491,i32,xmlMemBlocks,i32	xml	Mem	Blocks	
2492,i32,xmlMemBlocks,i32	xml	Mem	Blocks	
2493,i32,xmlMemBlocks,i32	xml	Mem	Blocks	
2494,i32,xmlMemBlocks,i32	xml	Mem	Blocks	
2495,i32,xmlMemBlocks,i32	xml	Mem	Blocks	
2496,i32,xmlMemBlocks,i32	xml	Mem	Blocks	
2497,i32,xmlMemBlocks,i32	xml	Mem	Blocks	
2498,i32,xmlMemBlocks,i32	xml	Mem	Blocks	
2499,i32,xmlMemBlocks,i32	xml	Mem	Blocks	
2500,i32,xmlMemBlocks,i32	xml	Mem	Blocks	
2501,i32,xmlMemBlocks,i32	xml	Mem	Blocks	
2502,i32,xmlMemBlocks,i32	xml	Mem	Blocks	
2503,i32,xmlMemBlocks,i32	xml	Mem	Blocks	
2504,i32,xmlMemBlocks,i32	xml	Mem	Blocks	
2505,i32,xmlMemBlocks,i32	xml	Mem	Blocks	
2506,i32,xmlMemBlocks,i32	xml	Mem	Blocks	
2507,i32,xmlMemBlocks,i32	xml	Mem	Blocks	
2508,i32,xmlMemBlocks,i32	xml	Mem	Blocks	
2509,i32,xmlMemBlocks,i32	xml	Mem	Blocks	
2510,i32,xmlMemBlocks,i32	xml	Mem	Blocks	
2511,i32,xmlMemBlocks,i32	xml	Mem	Blocks	
2512,i32,xmlMemBlocks,i32	xml	Mem	Blocks	
2513,i32,xmlMemBlocks,i32	xml	Mem	Blocks	
2514,i32,xmlMemBlocks,i32	xml	Mem	Blocks	
2515,i32,xmlMemBlocks,i32	xml	Mem	Blocks	
2516,i32,xmlMemBlocks,i32	xml	Mem	Blocks	
2517,i32,xmlMemBlocks,i32	xml	Mem	Blocks	
2518,i32,xmlMemBlocks,i32	xml	Mem	Blocks	
2519,i32,xmlMemBlocks,i32	xml	Mem	Blocks	
2520,i32,xmlMemBlocks,i32	xml	Mem	Blocks	
2521,i32,xmlMemBlocks,i32	xml	Mem	Blocks	
2522,i32,xmlMemBlocks,i32	xml	Mem	Blocks	
2523,i32,xmlMemBlocks,i32	xml	Mem	Blocks	
2524,i32,xmlMemBlocks,i32	xml	Mem	Blocks	
2525,i32,xmlMemBlocks,i32	xml	Mem	Blocks	
2526,i32,xmlMemBlocks,i32	xml	Mem	Blocks	
2527,i32,xmlMemBlocks,i32	xml	Mem	Blocks	
2528,i32,xmlMemBlocks,i32	xml	Mem	Blocks	
2529,i32,xmlMemBlocks,i32	xml	Mem	Blocks	
2530,i32,xmlMemBlocks,i32	xml	Mem	Blocks	
2531,i32,xmlMemBlocks,i32	xml	Mem	Blocks	
2532,i32,xmlMemBlocks,i32	xml	Mem	Blocks	
2533,i32,xmlMemBlocks,i32	xml	Mem	Blocks	
2534,i32,xmlMemBlocks,i32	xml	Mem	Blocks	
2535,i32,xmlMemBlocks,i32	xml	Mem	Blocks	
2536,i32,xmlMemBlocks,i32	xml	Mem	Blocks	
2537,i32,xmlMemBlocks,i32	xml	Mem	Blocks	
2538,i32,xmlMemBlocks,i32	xml	Mem	Blocks	
2539,i32,xmlMemBlocks,i32	xml	Mem	Blocks	
2540,i32,xmlMemBlocks,i32	xml	Mem	Blocks	
2541,i32,xmlMemBlocks,i32	xml	Mem	Blocks	
2542,i32,xmlMemBlocks,i32	xml	Mem	Blocks	
2543,i32,xmlMemBlocks,i32	xml	Mem	Blocks	
2544,i32,xmlMemBlocks,i32	xml	Mem	Blocks	
2545,i32,xmlMemBlocks,i32	xml	Mem	Blocks	
2546,i32,xmlMemBlocks,i32	xml	Mem	Blocks	
2547,i32,xmlMemBlocks,i32	xml	Mem	Blocks	
2548,i32,xmlMemBlocks,i32	xml	Mem	Blocks	
2549,i32,xmlMemBlocks,i32	xml	Mem	Blocks	
2550,i32,xmlMemBlocks,i32	xml	Mem	Blocks	
2551,i32,xmlMemBlocks,i32	xml	Mem	Blocks	
2552,i32,xmlMemBlocks,i32	xml	Mem	Blocks	
2553,i32,xmlMemBlocks,i32	xml	Mem	Blocks	
2554,i32,xmlMemBlocks,i32	xml	Mem	Blocks	
2555,i32,xmlMemBlocks,i32	xml	Mem	Blocks	
2556,i32,xmlMemBlocks,i32	xml	Mem	Blocks	
2557,i32,xmlMemBlocks,i32	xml	Mem	Blocks	
2558,i32,xmlMemBlocks,i32	xml	Mem	Blocks	
2559,i32,xmlMemBlocks,i32	xml	Mem	Blocks	
2560,i32,xmlMemBlocks,i32	xml	Mem	Blocks	
2561,i32,xmlMemBlocks,i32	xml	Mem	Blocks	
2562,i32,xmlMemBlocks,i32	xml	Mem	Blocks	
2563,i32,xmlMemBlocks,i32	xml	Mem	Blocks	
2564,i32,xmlMemBlocks,i32	xml	Mem	Blocks	
2565,i32,xmlMemBlocks,i32	xml	Mem	Blocks	
2566,i32,xmlMemBlocks,i32	xml	Mem	Blocks	
2567,i32,xmlMemBlocks,i32	xml	Mem	Blocks	
2568,i32,xmlMemBlocks,i32	xml	Mem	Blocks	
2569,i32,xmlMemBlocks,i32	xml	Mem	Blocks	
2570,i32,xmlMemBlocks,i32	xml	Mem	Blocks	
2571,i32,xmlMemBlocks,i32	xml	Mem	Blocks	
2572,i32,xmlMemBlocks,i32	xml	Mem	Blocks	
2573,i32,xmlMemBlocks,i32	xml	Mem	Blocks	
2574,i32,xmlMemBlocks,i32	xml	Mem	Blocks	
2575,i32,xmlMemBlocks,i32	xml	Mem	Blocks	
2576,i32,xmlMemBlocks,i32	xml	Mem	Blocks	
2577,i32,xmlMemBlocks,i32	xml	Mem	Blocks	
2578,i32,xmlMemBlocks,i32	xml	Mem	Blocks	
2579,i32,xmlMemBlocks,i32	xml	Mem	Blocks	
2580,i32,xmlMemBlocks,i32	xml	Mem	Blocks	
2581,i32,xmlMemBlocks,i32	xml	Mem	Blocks	
2582,i32,xmlMemBlocks,i32	xml	Mem	Blocks	
2583,i32,xmlMemBlocks,i32	xml	Mem	Blocks	
2584,i32,xmlMemBlocks,i32	xml	Mem	Blocks	
2585,i32,xmlMemBlocks,i32	xml	Mem	Blocks	
2586,i32,xmlMemBlocks,i32	xml	Mem	Blocks	
2587,i32,xmlMemBlocks,i32	xml	Mem	Blocks	
2588,i32,xmlMemBlocks,i32	xml	Mem	Blocks	
2589,i32,xmlMemBlocks,i32	xml	Mem	Blocks	
2590,i32,xmlMemBlocks,i32	xml	Mem	Blocks	
2591,i32,xmlMemBlocks,i32	xml	Mem	Blocks	
2592,i32,xmlMemBlocks,i32	xml	Mem	Blocks	
2593,i32,xmlMemBlocks,i32	xml	Mem	Blocks	
2594,i32,xmlMemBlocks,i32	xml	Mem	Blocks	
2595,i32,xmlMemBlocks,i32	xml	Mem	Blocks	
2596,i32,xmlMemBlocks,i32	xml	Mem	Blocks	
2597,i32,xmlMemBlocks,i32	xml	Mem	Blocks	
2598,i32,xmlMemBlocks,i32	xml	Mem	Blocks	
2599,i32,xmlMemBlocks,i32	xml	Mem	Blocks	
2600,i32,xmlMemBlocks,i32	xml	Mem	Blocks	
2601,i32,xmlMemBlocks,i32	xml	Mem	Blocks	
2602,i32,xmlMemBlocks,i32	xml	Mem	Blocks	
2603,i32,xmlMemBlocks,i32	xml	Mem	Blocks	
2604,i32,xmlMemBlocks,i32	xml	Mem	Blocks	
2605,i32,xmlMemBlocks,i32	xml	Mem	Blocks	
2606,i32,xmlMemBlocks,i32	xml	Mem	Blocks	
2607,i32,xmlMemBlocks,i32	xml	Mem	Blocks	
2608,i32,xmlMemBlocks,i32	xml	Mem	Blocks	
2609,i32,xmlMemBlocks,i32	xml	Mem	Blocks	
2610,i32,xmlMemBlocks,i32	xml	Mem	Blocks	
2611,i32,xmlMemBlocks,i32	xml	Mem	Blocks	
2612,i32,xmlMemBlocks,i32	xml	Mem	Blocks	
2613,i32,xmlMemBlocks,i32	xml	Mem	Blocks	
2614,i32,xmlMemBlocks,i32	xml	Mem	Blocks	
2615,i32,xmlMemBlocks,i32	xml	Mem	Blocks	
2616,i32,xmlMemBlocks,i32	xml	Mem	Blocks	
2617,i32,xmlMemBlocks,i32	xml	Mem	Blocks	
2618,i32,xmlMemBlocks,i32	xml	Mem	Blocks	
2619,i32,xmlMemBlocks,i32	xml	Mem	Blocks	
2620,i32,xmlMemBlocks,i32	xml	Mem	Blocks	
2621,i32,xmlMemBlocks,i32	xml	Mem	Blocks	
2622,i32,xmlMemBlocks,i32	xml	Mem	Blocks	
2623,i32,xmlMemBlocks,i32	xml	Mem	Blocks	
2624,i32,xmlMemBlocks,i32	xml	Mem	Blocks	
2625,i32,xmlMemBlocks,i32	xml	Mem	Blocks	
2626,i32,xmlMemBlocks,i32	xml	Mem	Blocks	
2627,i32,xmlMemBlocks,i32	xml	Mem	Blocks	
2628,i32,xmlMemBlocks,i32	xml	Mem	Blocks	
2629,i32,xmlMemBlocks,i32	xml	Mem	Blocks	
2630,i32,xmlMemBlocks,i32	xml	Mem	Blocks	
2631,i32,xmlMemBlocks,i32	xml	Mem	Blocks	
2632,i32,xmlMemBlocks,i32	xml	Mem	Blocks	
2633,i32,xmlMemBlocks,i32	xml	Mem	Blocks	
2634,i32,xmlMemBlocks,i32	xml	Mem	Blocks	
2635,i32,xmlMemBlocks,i32	xml	Mem	Blocks	
2636,i32,xmlMemBlocks,i32	xml	Mem	Blocks	
2637,i32,xmlMemBlocks,i32	xml	Mem	Blocks	
2638,i32,xmlMemBlocks,i32	xml	Mem	Blocks	
2639,i32,xmlMemBlocks,i32	xml	Mem	Blocks	
2640,i32,xmlMemBlocks,i32	xml	Mem	Blocks	
2641,i32,xmlMemBlocks,i32	xml	Mem	Blocks	
2642,i32,xmlMemBlocks,i32	xml	Mem	Blocks	
2643,i32,xmlMemBlocks,i32	xml	Mem	Blocks	
2644,i32,xmlMemBlocks,i32	xml	Mem	Blocks	
2645,i32,xmlMemBlocks,i32	xml	Mem	Blocks	
2646,i32,xmlMemBlocks,i32	xml	Mem	Blocks	
2647,i32,xmlMemBlocks,i32	xml	Mem	Blocks	
2648,i32,xmlMemBlocks,i32	xml	Mem	Blocks	
2649,i32,xmlMemBlocks,i32	xml	Mem	Blocks	
2650,i32,xmlMemBlocks,i32	xml	Mem	Blocks	
2651,i32,xmlMemBlocks,i32	xml	Mem	Blocks	
2652,i32,xmlMemBlocks,i32	xml	Mem	Blocks	
2653,i32,xmlMemBlocks,i32	xml	Mem	Blocks	
2654,i32,xmlMemBlocks,i32	xml	Mem	Blocks	
2655,i32,xmlMemBlocks,i32	xml	Mem	Blocks	
2656,i32,xmlMemBlocks,i32	xml	Mem	Blocks	
2657,i32,xmlMemBlocks,i32	xml	Mem	Blocks	
2658,i32,xmlMemBlocks,i32	xml	Mem	Blocks	
2659,i32,xmlMemBlocks,i32	xml	Mem	Blocks	
2660,i32,xmlMemBlocks,i32	xml	Mem	Blocks	
2661,i32,xmlMemBlocks,i32	xml	Mem	Blocks	
2662,i32,xmlMemBlocks,i32	xml	Mem	Blocks	
2663,i32,xmlMemBlocks,i32	xml	Mem	Blocks	
2664,i32,xmlMemBlocks,i32	xml	Mem	Blocks	
2665,i32,xmlMemBlocks,i32	xml	Mem	Blocks	
2666,i32,xmlMemBlocks,i32	xml	Mem	Blocks	
2667,i32,xmlMemBlocks,i32	xml	Mem	Blocks	
2668,i32,xmlMemBlocks,i32	xml	Mem	Blocks	
2669,i32,xmlMemBlocks,i32	xml	Mem	Blocks	
2670,i32,xmlMemBlocks,i32	xml	Mem	Blocks	
2671,i32,xmlMemBlocks,i32	xml	Mem	Blocks	
2672,i32,xmlMemBlocks,i32	xml	Mem	Blocks	
2673,i32,xmlMemBlocks,i32	xml	Mem	Blocks	
2674,i32,xmlMemBlocks,i32	xml	Mem	Blocks	
2675,i32,xmlMemBlocks,i32	xml	Mem	Blocks	
2676,i32,xmlMemBlocks,i32	xml	Mem	Blocks	
2677,i32,xmlMemBlocks,i32	xml	Mem	Blocks	
2678,i32,xmlMemBlocks,i32	xml	Mem	Blocks	
2679,i32,xmlMemBlocks,i32	xml	Mem	Blocks	
2680,i32,xmlMemBlocks,i32	xml	Mem	Blocks	
2681,i32,xmlMemBlocks,i32	xml	Mem	Blocks	
2682,i32,xmlMemBlocks,i32	xml	Mem	Blocks	
2683,i32,xmlMemBlocks,i32	xml	Mem	Blocks	
2684,i32,xmlMemBlocks,i32	xml	Mem	Blocks	
2685,i32,xmlMemBlocks,i32	xml	Mem	Blocks	
2686,i32,xmlMemBlocks,i32	xml	Mem	Blocks	
2687,i32,xmlMemBlocks,i32	xml	Mem	Blocks	
2688,i32,xmlMemBlocks,i32	xml	Mem	Blocks	
2689,i32,xmlMemBlocks,i32	xml	Mem	Blocks	
2690,i32,xmlMemBlocks,i32	xml	Mem	Blocks	
2691,i32,xmlMemBlocks,i32	xml	Mem	Blocks	
2692,i32,xmlMemBlocks,i32	xml	Mem	Blocks	
2693,i32,xmlMemBlocks,i32	xml	Mem	Blocks	
2694,i32,xmlMemBlocks,i32	xml	Mem	Blocks	
2695,i32,xmlMemBlocks,i32	xml	Mem	Blocks	
2696,i32,xmlMemBlocks,i32	xml	Mem	Blocks	
2697,i32,xmlMemBlocks,i32	xml	Mem	Blocks	
2698,i32,xmlMemBlocks,i32	xml	Mem	Blocks	
2699,i32,xmlMemBlocks,i32	xml	Mem	Blocks	
2700,i32,xmlMemBlocks,i32	xml	Mem	Blocks	
2701,i32,xmlMemBlocks,i32	xml	Mem	Blocks	
2702,i32,xmlMemBlocks,i32	xml	Mem	Blocks	
2703,i32,xmlMemBlocks,i32	xml	Mem	Blocks	
2704,i32,xmlMemBlocks,i32	xml	Mem	Blocks	
2705,i32,xmlMemBlocks,i32	xml	Mem	Blocks	
2706,i32,xmlMemBlocks,i32	xml	Mem	Blocks	
2707,i32,xmlMemBlocks,i32	xml	Mem	Blocks	
2708,i32,xmlMemBlocks,i32	xml	Mem	Blocks	
2709,i32,xmlMemBlocks,i32	xml	Mem	Blocks	
2710,i32,xmlMemBlocks,i32	xml	Mem	Blocks	
2711,i32,xmlMemBlocks,i32	xml	Mem	Blocks	
2712,i32,xmlMemBlocks,i32	xml	Mem	Blocks	
2713,i32,xmlMemBlocks,i32	xml	Mem	Blocks	
2714,i32,xmlMemBlocks,i32	xml	Mem	Blocks	
2715,i32,xmlMemBlocks,i32	xml	Mem	Blocks	
2716,i32,xmlMemBlocks,i32	xml	Mem	Blocks	
2717,i32,xmlMemBlocks,i32	xml	Mem	Blocks	
2718,i32,xmlMemBlocks,i32	xml	Mem	Blocks	
2719,i32,xmlMemBlocks,i32	xml	Mem	Blocks	
2720,i32,xmlMemBlocks,i32	xml	Mem	Blocks	
2721,i32,xmlMemBlocks,i32	xml	Mem	Blocks	
2722,i32,xmlMemBlocks,i32	xml	Mem	Blocks	
2723,i32,xmlMemBlocks,i32	xml	Mem	Blocks	
2724,i32,xmlMemBlocks,i32	xml	Mem	Blocks	
2725,i32,xmlMemBlocks,i32	xml	Mem	Blocks	
2726,i32,xmlMemBlocks,i32	xml	Mem	Blocks	
2727,i32,xmlMemBlocks,i32	xml	Mem	Blocks	
2728,i32,xmlMemBlocks,i32	xml	Mem	Blocks	
2729,i32,xmlMemBlocks,i32	xml	Mem	Blocks	
2730,i32,xmlMemBlocks,i32	xml	Mem	Blocks	
2731,i32,xmlMemBlocks,i32	xml	Mem	Blocks	
2732,i32,xmlMemBlocks,i32	xml	Mem	Blocks	
2733,i32,xmlMemBlocks,i32	xml	Mem	Blocks	
2734,i32,xmlMemBlocks,i32	xml	Mem	Blocks	
2735,i32,xmlMemBlocks,i32	xml	Mem	Blocks	
2736,i32,xmlMemBlocks,i32	xml	Mem	Blocks	
2737,i32,xmlMemBlocks,i32	xml	Mem	Blocks	
2738,i32,xmlMemBlocks,i32	xml	Mem	Blocks	
2739,i32,xmlMemBlocks,i32	xml	Mem	Blocks	
2740,i32,xmlMemBlocks,i32	xml	Mem	Blocks	
2741,i32,xmlMemBlocks,i32	xml	Mem	Blocks	
2742,i32,xmlMemBlocks,i32	xml	Mem	Blocks	
2743,i32,xmlMemBlocks,i32	xml	Mem	Blocks	
2744,i32,xmlMemBlocks,i32	xml	Mem	Blocks	
2745,i32,xmlMemBlocks,i32	xml	Mem	Blocks	
2746,i32,xmlMemBlocks,i32	xml	Mem	Blocks	
2747,i32,xmlMemBlocks,i32	xml	Mem	Blocks	
2748,i32,xmlMemBlocks,i32	xml	Mem	Blocks	
2749,i32,xmlMemBlocks,i32	xml	Mem	Blocks	
2750,i32,xmlMemBlocks,i32	xml	Mem	Blocks	
2751,i32,xmlMemBlocks,i32	xml	Mem	Blocks	
2752,i32,xmlMemBlocks,i32	xml	Mem	Blocks	
2753,i32,xmlMemBlocks,i32	xml	Mem	Blocks	
2754,i32,xmlMemBlocks,i32	xml	Mem	Blocks	
2755,i32,xmlMemBlocks,i32	xml	Mem	Blocks	
2756,i32,xmlMemBlocks,i32	xml	Mem	Blocks	
2757,i32,xmlMemBlocks,i32	xml	Mem	Blocks	
2758,i32,xmlMemBlocks,i32	xml	Mem	Blocks	
2759,i32,xmlMemBlocks,i32	xml	Mem	Blocks	
2760,i32,xmlMemBlocks,i32	xml	Mem	Blocks	
2761,i32,xmlMemBlocks,i32	xml	Mem	Blocks	
2762,i32,xmlMemBlocks,i32	xml	Mem	Blocks	
2763,i32,xmlMemBlocks,i32	xml	Mem	Blocks	
2764,i32,xmlMemBlocks,i32	xml	Mem	Blocks	
2765,i32,xmlMemBlocks,i32	xml	Mem	Blocks	
2766,i32,xmlMemBlocks,i32	xml	Mem	Blocks	
2767,i32,xmlMemBlocks,i32	xml	Mem	Blocks	
2768,i32,xmlMemBlocks,i32	xml	Mem	Blocks	
2769,i32,xmlMemBlocks,i32	xml	Mem	Blocks	
2770,i32,xmlMemBlocks,i32	xml	Mem	Blocks	
2771,i32,xmlMemBlocks,i32	xml	Mem	Blocks	
2772,i32,xmlMemBlocks,i32	xml	Mem	Blocks	
2773,i32,xmlMemBlocks,i32	xml	Mem	Blocks	
2774,i32,xmlMemBlocks,i32	xml	Mem	Blocks	
2775,_xmlTextWriter*,xmlNewTextWriter,xml	Text	Writer*	xml	New	Text	Writer	
2776,i32,xmlMemBlocks,i32	xml	Mem	Blocks	
2777,i32,xmlMemBlocks,i32	xml	Mem	Blocks	
2778,i32,xmlMemBlocks,i32	xml	Mem	Blocks	
2779,i32,xmlMemBlocks,i32	xml	Mem	Blocks	
2780,i32,xmlMemBlocks,i32	xml	Mem	Blocks	
2781,i32,xmlMemBlocks,i32	xml	Mem	Blocks	
2782,i32,xmlMemBlocks,i32	xml	Mem	Blocks	
2783,i32,xmlMemBlocks,i32	xml	Mem	Blocks	
2784,_xmlTextWriter*,xmlNewTextWriterPushParser,xml	Text	Writer*	xml	New	Text	Writer	Push	Parser	
2785,_xmlParserCtxt*,gen_xmlParserCtxtPtr,xml	Parser	Ctxt*	gen	xml	Parser	Ctxt	Ptr	
2786,i32,xmlMemBlocks,i32	xml	Mem	Blocks	
2787,i32,xmlMemBlocks,i32	xml	Mem	Blocks	
2788,i32,xmlMemBlocks,i32	xml	Mem	Blocks	
2789,i32,xmlMemBlocks,i32	xml	Mem	Blocks	
2790,i32,xmlMemBlocks,i32	xml	Mem	Blocks	
2791,i32,xmlMemBlocks,i32	xml	Mem	Blocks	
2792,i32,xmlMemBlocks,i32	xml	Mem	Blocks	
2793,i32,xmlMemBlocks,i32	xml	Mem	Blocks	
2794,i32,xmlMemBlocks,i32	xml	Mem	Blocks	
2795,i32,xmlMemBlocks,i32	xml	Mem	Blocks	
2796,i32,xmlMemBlocks,i32	xml	Mem	Blocks	
2797,i32,xmlMemBlocks,i32	xml	Mem	Blocks	
2798,i32,xmlMemBlocks,i32	xml	Mem	Blocks	
2799,i32,xmlMemBlocks,i32	xml	Mem	Blocks	
2800,i32,xmlMemBlocks,i32	xml	Mem	Blocks	
2801,i32,xmlMemBlocks,i32	xml	Mem	Blocks	
2802,i32,xmlMemBlocks,i32	xml	Mem	Blocks	
2803,i32,xmlMemBlocks,i32	xml	Mem	Blocks	
2804,i32,xmlMemBlocks,i32	xml	Mem	Blocks	
2805,i32,xmlMemBlocks,i32	xml	Mem	Blocks	
2806,i32,xmlMemBlocks,i32	xml	Mem	Blocks	
2807,i32,xmlMemBlocks,i32	xml	Mem	Blocks	
2808,i32,xmlMemBlocks,i32	xml	Mem	Blocks	
2809,i32,xmlMemBlocks,i32	xml	Mem	Blocks	
2810,i32,xmlMemBlocks,i32	xml	Mem	Blocks	
2811,i32,xmlMemBlocks,i32	xml	Mem	Blocks	
2812,i32,xmlMemBlocks,i32	xml	Mem	Blocks	
2813,i32,xmlMemBlocks,i32	xml	Mem	Blocks	
2814,i32,xmlMemBlocks,i32	xml	Mem	Blocks	
2815,i32,xmlMemBlocks,i32	xml	Mem	Blocks	
2816,i32,xmlMemBlocks,i32	xml	Mem	Blocks	
2817,i32,xmlMemBlocks,i32	xml	Mem	Blocks	
2818,i32,xmlMemBlocks,i32	xml	Mem	Blocks	
2819,i32,xmlMemBlocks,i32	xml	Mem	Blocks	
2820,i32,xmlMemBlocks,i32	xml	Mem	Blocks	
2821,i32,xmlMemBlocks,i32	xml	Mem	Blocks	
2822,i32,xmlMemBlocks,i32	xml	Mem	Blocks	
2823,i32,xmlMemBlocks,i32	xml	Mem	Blocks	
2824,i32,xmlMemBlocks,i32	xml	Mem	Blocks	
2825,i32,xmlMemBlocks,i32	xml	Mem	Blocks	
2826,i32,xmlMemBlocks,i32	xml	Mem	Blocks	
2827,i32,xmlMemBlocks,i32	xml	Mem	Blocks	
2828,i32,xmlMemBlocks,i32	xml	Mem	Blocks	
2829,i32,xmlMemBlocks,i32	xml	Mem	Blocks	
2830,i32,xmlMemBlocks,i32	xml	Mem	Blocks	
2831,i32,xmlMemBlocks,i32	xml	Mem	Blocks	
2832,i32,xmlMemBlocks,i32	xml	Mem	Blocks	
2833,i32,xmlMemBlocks,i32	xml	Mem	Blocks	
2834,i32,xmlMemBlocks,i32	xml	Mem	Blocks	
2835,i32,xmlMemBlocks,i32	xml	Mem	Blocks	
2836,i32,xmlMemBlocks,i32	xml	Mem	Blocks	
2837,i32,xmlMemBlocks,i32	xml	Mem	Blocks	
2838,i32,xmlMemBlocks,i32	xml	Mem	Blocks	
2839,i32,xmlMemBlocks,i32	xml	Mem	Blocks	
2840,i32,xmlMemBlocks,i32	xml	Mem	Blocks	
2841,i32,xmlMemBlocks,i32	xml	Mem	Blocks	
2842,i32,xmlMemBlocks,i32	xml	Mem	Blocks	
2843,i32,xmlMemBlocks,i32	xml	Mem	Blocks	
2844,i32,xmlMemBlocks,i32	xml	Mem	Blocks	
2845,i32,xmlMemBlocks,i32	xml	Mem	Blocks	
2846,i32,xmlMemBlocks,i32	xml	Mem	Blocks	
2847,i32,xmlMemBlocks,i32	xml	Mem	Blocks	
2848,i32,xmlMemBlocks,i32	xml	Mem	Blocks	
2849,i32,xmlMemBlocks,i32	xml	Mem	Blocks	
2850,i32,xmlMemBlocks,i32	xml	Mem	Blocks	
2851,i32,xmlMemBlocks,i32	xml	Mem	Blocks	
2852,i32,xmlMemBlocks,i32	xml	Mem	Blocks	
2853,i32,xmlMemBlocks,i32	xml	Mem	Blocks	
2854,i32,xmlMemBlocks,i32	xml	Mem	Blocks	
2855,i32,xmlMemBlocks,i32	xml	Mem	Blocks	
2856,i32,xmlMemBlocks,i32	xml	Mem	Blocks	
2857,i32,xmlMemBlocks,i32	xml	Mem	Blocks	
2858,i32,xmlMemBlocks,i32	xml	Mem	Blocks	
2859,i32,xmlMemBlocks,i32	xml	Mem	Blocks	
2860,i32,xmlMemBlocks,i32	xml	Mem	Blocks	
2861,i32,xmlMemBlocks,i32	xml	Mem	Blocks	
2862,i32,xmlMemBlocks,i32	xml	Mem	Blocks	
2863,i32,xmlMemBlocks,i32	xml	Mem	Blocks	
2864,i32,xmlMemBlocks,i32	xml	Mem	Blocks	
2865,i32,xmlMemBlocks,i32	xml	Mem	Blocks	
2866,i32,xmlMemBlocks,i32	xml	Mem	Blocks	
2867,i32,xmlMemBlocks,i32	xml	Mem	Blocks	
2868,i32,xmlMemBlocks,i32	xml	Mem	Blocks	
2869,i32,xmlMemBlocks,i32	xml	Mem	Blocks	
2870,i32,xmlMemBlocks,i32	xml	Mem	Blocks	
2871,i32,xmlMemBlocks,i32	xml	Mem	Blocks	
2872,i32,xmlMemBlocks,i32	xml	Mem	Blocks	
2873,i32,xmlMemBlocks,i32	xml	Mem	Blocks	
2874,i32,xmlMemBlocks,i32	xml	Mem	Blocks	
2875,i32,xmlMemBlocks,i32	xml	Mem	Blocks	
2876,i32,xmlMemBlocks,i32	xml	Mem	Blocks	
2877,i32,xmlMemBlocks,i32	xml	Mem	Blocks	
2878,i32,xmlMemBlocks,i32	xml	Mem	Blocks	
2879,i32,xmlMemBlocks,i32	xml	Mem	Blocks	
2880,i32,xmlMemBlocks,i32	xml	Mem	Blocks	
2881,i32,xmlMemBlocks,i32	xml	Mem	Blocks	
2882,i32,xmlMemBlocks,i32	xml	Mem	Blocks	
2883,i32,xmlMemBlocks,i32	xml	Mem	Blocks	
2884,i32,xmlMemBlocks,i32	xml	Mem	Blocks	
2885,i32,xmlMemBlocks,i32	xml	Mem	Blocks	
2886,i32,xmlMemBlocks,i32	xml	Mem	Blocks	
2887,i32,xmlMemBlocks,i32	xml	Mem	Blocks	
2888,i32,xmlMemBlocks,i32	xml	Mem	Blocks	
2889,i32,xmlMemBlocks,i32	xml	Mem	Blocks	
2890,i32,xmlMemBlocks,i32	xml	Mem	Blocks	
2891,i32,xmlMemBlocks,i32	xml	Mem	Blocks	
2892,i32,xmlMemBlocks,i32	xml	Mem	Blocks	
2893,i32,xmlMemBlocks,i32	xml	Mem	Blocks	
2894,i32,xmlMemBlocks,i32	xml	Mem	Blocks	
2895,i32,xmlMemBlocks,i32	xml	Mem	Blocks	
2896,i32,xmlMemBlocks,i32	xml	Mem	Blocks	
2897,i32,xmlMemBlocks,i32	xml	Mem	Blocks	
2898,i32,xmlMemBlocks,i32	xml	Mem	Blocks	
2899,i32,xmlMemBlocks,i32	xml	Mem	Blocks	
2900,i32,xmlMemBlocks,i32	xml	Mem	Blocks	
2901,i32,xmlMemBlocks,i32	xml	Mem	Blocks	
2902,i32,xmlMemBlocks,i32	xml	Mem	Blocks	
2903,i32,xmlMemBlocks,i32	xml	Mem	Blocks	
2904,i32,xmlMemBlocks,i32	xml	Mem	Blocks	
2905,i32,xmlMemBlocks,i32	xml	Mem	Blocks	
2906,i32,xmlMemBlocks,i32	xml	Mem	Blocks	
2907,i32,xmlMemBlocks,i32	xml	Mem	Blocks	
2908,i32,xmlMemBlocks,i32	xml	Mem	Blocks	
2909,i32,xmlMemBlocks,i32	xml	Mem	Blocks	
2910,i32,xmlMemBlocks,i32	xml	Mem	Blocks	
2911,i32,xmlMemBlocks,i32	xml	Mem	Blocks	
2912,i32,xmlMemBlocks,i32	xml	Mem	Blocks	
2913,i32,xmlMemBlocks,i32	xml	Mem	Blocks	
2914,i32,xmlMemBlocks,i32	xml	Mem	Blocks	
2915,i32,xmlMemBlocks,i32	xml	Mem	Blocks	
2916,i32,xmlMemBlocks,i32	xml	Mem	Blocks	
2917,i32,xmlMemBlocks,i32	xml	Mem	Blocks	
2918,i32,xmlMemBlocks,i32	xml	Mem	Blocks	
2919,i32,xmlMemBlocks,i32	xml	Mem	Blocks	
2920,i32,xmlMemBlocks,i32	xml	Mem	Blocks	
2921,i32,xmlMemBlocks,i32	xml	Mem	Blocks	
2922,i32,xmlMemBlocks,i32	xml	Mem	Blocks	
2923,i32,xmlMemBlocks,i32	xml	Mem	Blocks	
2924,i32,xmlMemBlocks,i32	xml	Mem	Blocks	
2925,i32,xmlMemBlocks,i32	xml	Mem	Blocks	
2926,i32,xmlMemBlocks,i32	xml	Mem	Blocks	
2927,i32,xmlMemBlocks,i32	xml	Mem	Blocks	
2928,i32,xmlMemBlocks,i32	xml	Mem	Blocks	
2929,i32,xmlMemBlocks,i32	xml	Mem	Blocks	
2930,i32,xmlMemBlocks,i32	xml	Mem	Blocks	
2931,i32,xmlMemBlocks,i32	xml	Mem	Blocks	
2932,i32,xmlMemBlocks,i32	xml	Mem	Blocks	
2933,i32,xmlMemBlocks,i32	xml	Mem	Blocks	
2934,i32,xmlMemBlocks,i32	xml	Mem	Blocks	
2935,i32,xmlMemBlocks,i32	xml	Mem	Blocks	
2936,i32,xmlMemBlocks,i32	xml	Mem	Blocks	
2937,i32,xmlMemBlocks,i32	xml	Mem	Blocks	
2938,i32,xmlMemBlocks,i32	xml	Mem	Blocks	
2939,i32,xmlMemBlocks,i32	xml	Mem	Blocks	
2940,i32,xmlMemBlocks,i32	xml	Mem	Blocks	
2941,i32,xmlMemBlocks,i32	xml	Mem	Blocks	
2942,i32,xmlMemBlocks,i32	xml	Mem	Blocks	
2943,i32,xmlMemBlocks,i32	xml	Mem	Blocks	
2944,i32,xmlMemBlocks,i32	xml	Mem	Blocks	
2945,i32,xmlMemBlocks,i32	xml	Mem	Blocks	
2946,i32,xmlMemBlocks,i32	xml	Mem	Blocks	
2947,i32,xmlMemBlocks,i32	xml	Mem	Blocks	
2948,i32,xmlMemBlocks,i32	xml	Mem	Blocks	
2949,i32,xmlMemBlocks,i32	xml	Mem	Blocks	
2950,i32,xmlMemBlocks,i32	xml	Mem	Blocks	
2951,i32,xmlMemBlocks,i32	xml	Mem	Blocks	
2952,i32,xmlMemBlocks,i32	xml	Mem	Blocks	
2953,i32,xmlMemBlocks,i32	xml	Mem	Blocks	
2954,i32,xmlMemBlocks,i32	xml	Mem	Blocks	
2955,i32,xmlMemBlocks,i32	xml	Mem	Blocks	
2956,i32,xmlMemBlocks,i32	xml	Mem	Blocks	
2957,i32,xmlMemBlocks,i32	xml	Mem	Blocks	
2958,i32,xmlMemBlocks,i32	xml	Mem	Blocks	
2959,i32,xmlMemBlocks,i32	xml	Mem	Blocks	
2960,i32,xmlMemBlocks,i32	xml	Mem	Blocks	
2961,i32,xmlMemBlocks,i32	xml	Mem	Blocks	
2962,i32,xmlMemBlocks,i32	xml	Mem	Blocks	
2963,i32,xmlMemBlocks,i32	xml	Mem	Blocks	
2964,i32,xmlMemBlocks,i32	xml	Mem	Blocks	
2965,i32,xmlMemBlocks,i32	xml	Mem	Blocks	
2966,i32,xmlMemBlocks,i32	xml	Mem	Blocks	
2967,i32,xmlMemBlocks,i32	xml	Mem	Blocks	
2968,i32,xmlMemBlocks,i32	xml	Mem	Blocks	
2969,i32,xmlMemBlocks,i32	xml	Mem	Blocks	
2970,i32,xmlMemBlocks,i32	xml	Mem	Blocks	
2971,i32,xmlMemBlocks,i32	xml	Mem	Blocks	
2972,i32,xmlMemBlocks,i32	xml	Mem	Blocks	
2973,i32,xmlMemBlocks,i32	xml	Mem	Blocks	
2974,i32,xmlMemBlocks,i32	xml	Mem	Blocks	
2975,i32,xmlMemBlocks,i32	xml	Mem	Blocks	
2976,i32,xmlMemBlocks,i32	xml	Mem	Blocks	
2977,i32,xmlMemBlocks,i32	xml	Mem	Blocks	
2978,i32,xmlMemBlocks,i32	xml	Mem	Blocks	
2979,i32,xmlMemBlocks,i32	xml	Mem	Blocks	
2980,i32,xmlMemBlocks,i32	xml	Mem	Blocks	
2981,i32,xmlMemBlocks,i32	xml	Mem	Blocks	
2982,i32,xmlMemBlocks,i32	xml	Mem	Blocks	
2983,i32,xmlMemBlocks,i32	xml	Mem	Blocks	
2984,i32,xmlMemBlocks,i32	xml	Mem	Blocks	
2985,i32,xmlMemBlocks,i32	xml	Mem	Blocks	
2986,i32,xmlMemBlocks,i32	xml	Mem	Blocks	
2987,i32,xmlMemBlocks,i32	xml	Mem	Blocks	
2988,i32,xmlMemBlocks,i32	xml	Mem	Blocks	
2989,i32,xmlMemBlocks,i32	xml	Mem	Blocks	
2990,i32,xmlMemBlocks,i32	xml	Mem	Blocks	
2991,i32,xmlMemBlocks,i32	xml	Mem	Blocks	
2992,i32,xmlMemBlocks,i32	xml	Mem	Blocks	
2993,i32,xmlMemBlocks,i32	xml	Mem	Blocks	
2994,i32,xmlMemBlocks,i32	xml	Mem	Blocks	
2995,i32,xmlMemBlocks,i32	xml	Mem	Blocks	
2996,i32,xmlMemBlocks,i32	xml	Mem	Blocks	
2997,i32,xmlMemBlocks,i32	xml	Mem	Blocks	
2998,i32,xmlMemBlocks,i32	xml	Mem	Blocks	
2999,i32,xmlMemBlocks,i32	xml	Mem	Blocks	
3000,i32,xmlMemBlocks,i32	xml	Mem	Blocks	
3001,i32,xmlMemBlocks,i32	xml	Mem	Blocks	
3002,i32,xmlMemBlocks,i32	xml	Mem	Blocks	
3003,i32,xmlMemBlocks,i32	xml	Mem	Blocks	
3004,i32,xmlMemBlocks,i32	xml	Mem	Blocks	
3005,i32,xmlMemBlocks,i32	xml	Mem	Blocks	
3006,i32,xmlMemBlocks,i32	xml	Mem	Blocks	
3007,i32,xmlMemBlocks,i32	xml	Mem	Blocks	
3008,i32,xmlMemBlocks,i32	xml	Mem	Blocks	
3009,i32,xmlMemBlocks,i32	xml	Mem	Blocks	
3010,i32,xmlMemBlocks,i32	xml	Mem	Blocks	
3011,i32,xmlMemBlocks,i32	xml	Mem	Blocks	
3012,i32,xmlMemBlocks,i32	xml	Mem	Blocks	
3013,i32,xmlMemBlocks,i32	xml	Mem	Blocks	
3014,i32,xmlMemBlocks,i32	xml	Mem	Blocks	
3015,i32,xmlMemBlocks,i32	xml	Mem	Blocks	
3016,i32,xmlMemBlocks,i32	xml	Mem	Blocks	
3017,i32,xmlMemBlocks,i32	xml	Mem	Blocks	
3018,i32,xmlMemBlocks,i32	xml	Mem	Blocks	
3019,i32,xmlMemBlocks,i32	xml	Mem	Blocks	
3020,i32,xmlMemBlocks,i32	xml	Mem	Blocks	
3021,i32,xmlMemBlocks,i32	xml	Mem	Blocks	
3022,i32,xmlMemBlocks,i32	xml	Mem	Blocks	
3023,i32,xmlMemBlocks,i32	xml	Mem	Blocks	
3024,i32,xmlMemBlocks,i32	xml	Mem	Blocks	
3025,i32,xmlMemBlocks,i32	xml	Mem	Blocks	
3026,i32,xmlMemBlocks,i32	xml	Mem	Blocks	
3027,i32,xmlMemBlocks,i32	xml	Mem	Blocks	
3028,i32,xmlMemBlocks,i32	xml	Mem	Blocks	
3029,i32,xmlMemBlocks,i32	xml	Mem	Blocks	
3030,i32,xmlMemBlocks,i32	xml	Mem	Blocks	
3031,i32,xmlMemBlocks,i32	xml	Mem	Blocks	
3032,i32,xmlMemBlocks,i32	xml	Mem	Blocks	
3033,i32,xmlMemBlocks,i32	xml	Mem	Blocks	
3034,i32,xmlMemBlocks,i32	xml	Mem	Blocks	
3035,i32,xmlMemBlocks,i32	xml	Mem	Blocks	
3036,i32,xmlMemBlocks,i32	xml	Mem	Blocks	
3037,i32,xmlMemBlocks,i32	xml	Mem	Blocks	
3038,i32,xmlMemBlocks,i32	xml	Mem	Blocks	
3039,i32,xmlMemBlocks,i32	xml	Mem	Blocks	
3040,i32,xmlMemBlocks,i32	xml	Mem	Blocks	
3041,i32,xmlMemBlocks,i32	xml	Mem	Blocks	
3042,i32,xmlMemBlocks,i32	xml	Mem	Blocks	
3043,i32,xmlMemBlocks,i32	xml	Mem	Blocks	
3044,i32,xmlMemBlocks,i32	xml	Mem	Blocks	
3045,i32,xmlMemBlocks,i32	xml	Mem	Blocks	
3046,i32,xmlMemBlocks,i32	xml	Mem	Blocks	
3047,i32,xmlMemBlocks,i32	xml	Mem	Blocks	
3048,i32,xmlMemBlocks,i32	xml	Mem	Blocks	
3049,i32,xmlMemBlocks,i32	xml	Mem	Blocks	
3050,i32,xmlMemBlocks,i32	xml	Mem	Blocks	
3051,i32,xmlMemBlocks,i32	xml	Mem	Blocks	
3052,i32,xmlMemBlocks,i32	xml	Mem	Blocks	
3053,i32,xmlMemBlocks,i32	xml	Mem	Blocks	
3054,i32,xmlMemBlocks,i32	xml	Mem	Blocks	
3055,i32,xmlMemBlocks,i32	xml	Mem	Blocks	
3056,i32,xmlMemBlocks,i32	xml	Mem	Blocks	
3057,i32,xmlMemBlocks,i32	xml	Mem	Blocks	
3058,i32,xmlMemBlocks,i32	xml	Mem	Blocks	
3059,i32,xmlMemBlocks,i32	xml	Mem	Blocks	
3060,i32,xmlMemBlocks,i32	xml	Mem	Blocks	
3061,i32,xmlMemBlocks,i32	xml	Mem	Blocks	
3062,i32,xmlMemBlocks,i32	xml	Mem	Blocks	
3063,i32,xmlMemBlocks,i32	xml	Mem	Blocks	
3064,i32,xmlMemBlocks,i32	xml	Mem	Blocks	
3065,i32,xmlMemBlocks,i32	xml	Mem	Blocks	
3066,i32,xmlMemBlocks,i32	xml	Mem	Blocks	
3067,i32,xmlMemBlocks,i32	xml	Mem	Blocks	
3068,i32,xmlMemBlocks,i32	xml	Mem	Blocks	
3069,i32,xmlMemBlocks,i32	xml	Mem	Blocks	
3070,i32,xmlMemBlocks,i32	xml	Mem	Blocks	
3071,i32,xmlMemBlocks,i32	xml	Mem	Blocks	
3072,i32,xmlMemBlocks,i32	xml	Mem	Blocks	
3073,i32,xmlMemBlocks,i32	xml	Mem	Blocks	
3074,i32,xmlMemBlocks,i32	xml	Mem	Blocks	
3075,i32,xmlMemBlocks,i32	xml	Mem	Blocks	
3076,i32,xmlMemBlocks,i32	xml	Mem	Blocks	
3077,i32,xmlMemBlocks,i32	xml	Mem	Blocks	
3078,i32,xmlMemBlocks,i32	xml	Mem	Blocks	
3079,i32,xmlMemBlocks,i32	xml	Mem	Blocks	
3080,i32,xmlMemBlocks,i32	xml	Mem	Blocks	
3081,i32,xmlMemBlocks,i32	xml	Mem	Blocks	
3082,i32,xmlMemBlocks,i32	xml	Mem	Blocks	
3083,i32,xmlMemBlocks,i32	xml	Mem	Blocks	
3084,i32,xmlMemBlocks,i32	xml	Mem	Blocks	
3085,i32,xmlMemBlocks,i32	xml	Mem	Blocks	
3086,i32,xmlMemBlocks,i32	xml	Mem	Blocks	
3087,i32,xmlMemBlocks,i32	xml	Mem	Blocks	
3088,i32,xmlMemBlocks,i32	xml	Mem	Blocks	
3089,i32,xmlMemBlocks,i32	xml	Mem	Blocks	
3090,i32,xmlMemBlocks,i32	xml	Mem	Blocks	
3091,i32,xmlMemBlocks,i32	xml	Mem	Blocks	
3092,i32,xmlMemBlocks,i32	xml	Mem	Blocks	
3093,i32,xmlMemBlocks,i32	xml	Mem	Blocks	
3094,i32,xmlMemBlocks,i32	xml	Mem	Blocks	
3095,i32,xmlMemBlocks,i32	xml	Mem	Blocks	
3096,i32,xmlMemBlocks,i32	xml	Mem	Blocks	
3097,i32,xmlMemBlocks,i32	xml	Mem	Blocks	
3098,i32,xmlMemBlocks,i32	xml	Mem	Blocks	
3099,i32,xmlMemBlocks,i32	xml	Mem	Blocks	
3100,i32,xmlMemBlocks,i32	xml	Mem	Blocks	
3101,i32,xmlMemBlocks,i32	xml	Mem	Blocks	
3102,i32,xmlMemBlocks,i32	xml	Mem	Blocks	
3103,i32,xmlMemBlocks,i32	xml	Mem	Blocks	
3104,i32,xmlMemBlocks,i32	xml	Mem	Blocks	
3105,i32,xmlMemBlocks,i32	xml	Mem	Blocks	
3106,i32,xmlMemBlocks,i32	xml	Mem	Blocks	
3107,i32,xmlMemBlocks,i32	xml	Mem	Blocks	
3108,i32,xmlMemBlocks,i32	xml	Mem	Blocks	
3109,i32,xmlMemBlocks,i32	xml	Mem	Blocks	
3110,i32,xmlMemBlocks,i32	xml	Mem	Blocks	
3111,i32,xmlMemBlocks,i32	xml	Mem	Blocks	
3112,i32,xmlMemBlocks,i32	xml	Mem	Blocks	
3113,i32,xmlMemBlocks,i32	xml	Mem	Blocks	
3114,i32,xmlMemBlocks,i32	xml	Mem	Blocks	
3115,i32,xmlMemBlocks,i32	xml	Mem	Blocks	
3116,i32,xmlMemBlocks,i32	xml	Mem	Blocks	
3117,i32,xmlMemBlocks,i32	xml	Mem	Blocks	
3118,i32,xmlMemBlocks,i32	xml	Mem	Blocks	
3119,i32,xmlMemBlocks,i32	xml	Mem	Blocks	
3120,i32,xmlMemBlocks,i32	xml	Mem	Blocks	
3121,i32,xmlMemBlocks,i32	xml	Mem	Blocks	
3122,i32,xmlMemBlocks,i32	xml	Mem	Blocks	
3123,i32,xmlMemBlocks,i32	xml	Mem	Blocks	
3124,i32,xmlMemBlocks,i32	xml	Mem	Blocks	
3125,i32,xmlMemBlocks,i32	xml	Mem	Blocks	
3126,i32,xmlMemBlocks,i32	xml	Mem	Blocks	
3127,i32,xmlMemBlocks,i32	xml	Mem	Blocks	
3128,i32,xmlMemBlocks,i32	xml	Mem	Blocks	
3129,i32,xmlMemBlocks,i32	xml	Mem	Blocks	
3130,i32,xmlMemBlocks,i32	xml	Mem	Blocks	
3131,i32,xmlMemBlocks,i32	xml	Mem	Blocks	
3132,i32,xmlMemBlocks,i32	xml	Mem	Blocks	
3133,i32,xmlMemBlocks,i32	xml	Mem	Blocks	
3134,i32,xmlMemBlocks,i32	xml	Mem	Blocks	
3135,i32,xmlMemBlocks,i32	xml	Mem	Blocks	
3136,i32,xmlMemBlocks,i32	xml	Mem	Blocks	
3137,i32,xmlMemBlocks,i32	xml	Mem	Blocks	
3138,i32,xmlMemBlocks,i32	xml	Mem	Blocks	
3139,i32,xmlMemBlocks,i32	xml	Mem	Blocks	
3140,i32,xmlMemBlocks,i32	xml	Mem	Blocks	
3141,i32,xmlMemBlocks,i32	xml	Mem	Blocks	
3142,i32,xmlMemBlocks,i32	xml	Mem	Blocks	
3143,i32,xmlMemBlocks,i32	xml	Mem	Blocks	
3144,i32,xmlMemBlocks,i32	xml	Mem	Blocks	
3145,i32,xmlMemBlocks,i32	xml	Mem	Blocks	
3146,i32,xmlMemBlocks,i32	xml	Mem	Blocks	
3147,i32,xmlMemBlocks,i32	xml	Mem	Blocks	
3148,i32,xmlMemBlocks,i32	xml	Mem	Blocks	
3149,i32,xmlMemBlocks,i32	xml	Mem	Blocks	
3150,i32,xmlMemBlocks,i32	xml	Mem	Blocks	
3151,i32,xmlMemBlocks,i32	xml	Mem	Blocks	
3152,i32,xmlMemBlocks,i32	xml	Mem	Blocks	
3153,i32,xmlMemBlocks,i32	xml	Mem	Blocks	
3154,i32,xmlMemBlocks,i32	xml	Mem	Blocks	
3155,i32,xmlMemBlocks,i32	xml	Mem	Blocks	
3156,i32,xmlMemBlocks,i32	xml	Mem	Blocks	
3157,i32,xmlMemBlocks,i32	xml	Mem	Blocks	
3158,i32,xmlMemBlocks,i32	xml	Mem	Blocks	
3159,i32,xmlMemBlocks,i32	xml	Mem	Blocks	
3160,i32,xmlMemBlocks,i32	xml	Mem	Blocks	
3161,i32,xmlMemBlocks,i32	xml	Mem	Blocks	
3162,i32,xmlMemBlocks,i32	xml	Mem	Blocks	
3163,i32,xmlMemBlocks,i32	xml	Mem	Blocks	
3164,i32,xmlMemBlocks,i32	xml	Mem	Blocks	
3165,i32,xmlMemBlocks,i32	xml	Mem	Blocks	
3166,i32,xmlMemBlocks,i32	xml	Mem	Blocks	
3167,i32,xmlMemBlocks,i32	xml	Mem	Blocks	
3168,i32,xmlMemBlocks,i32	xml	Mem	Blocks	
3169,i32,xmlMemBlocks,i32	xml	Mem	Blocks	
3170,i32,xmlMemBlocks,i32	xml	Mem	Blocks	
3171,i32,xmlMemBlocks,i32	xml	Mem	Blocks	
3172,i32,xmlMemBlocks,i32	xml	Mem	Blocks	
3173,i32,xmlMemBlocks,i32	xml	Mem	Blocks	
3174,i32,xmlMemBlocks,i32	xml	Mem	Blocks	
3175,i32,xmlMemBlocks,i32	xml	Mem	Blocks	
3176,i32,xmlMemBlocks,i32	xml	Mem	Blocks	
3177,i32,xmlMemBlocks,i32	xml	Mem	Blocks	
3178,i32,xmlMemBlocks,i32	xml	Mem	Blocks	
3179,i32,xmlMemBlocks,i32	xml	Mem	Blocks	
3180,i32,xmlMemBlocks,i32	xml	Mem	Blocks	
3181,i32,xmlMemBlocks,i32	xml	Mem	Blocks	
3182,i32,xmlMemBlocks,i32	xml	Mem	Blocks	
3183,i32,xmlMemBlocks,i32	xml	Mem	Blocks	
3184,i32,xmlMemBlocks,i32	xml	Mem	Blocks	
3185,i32,xmlMemBlocks,i32	xml	Mem	Blocks	
3186,i32,xmlMemBlocks,i32	xml	Mem	Blocks	
3187,i32,xmlMemBlocks,i32	xml	Mem	Blocks	
3188,i32,xmlMemBlocks,i32	xml	Mem	Blocks	
3189,i32,xmlMemBlocks,i32	xml	Mem	Blocks	
3190,i32,xmlMemBlocks,i32	xml	Mem	Blocks	
3191,i32,xmlMemBlocks,i32	xml	Mem	Blocks	
3192,i32,xmlMemBlocks,i32	xml	Mem	Blocks	
3193,i32,xmlMemBlocks,i32	xml	Mem	Blocks	
3194,i32,xmlMemBlocks,i32	xml	Mem	Blocks	
3195,i32,xmlMemBlocks,i32	xml	Mem	Blocks	
3196,i32,xmlMemBlocks,i32	xml	Mem	Blocks	
3197,i32,xmlMemBlocks,i32	xml	Mem	Blocks	
3198,i32,xmlMemBlocks,i32	xml	Mem	Blocks	
3199,i32,xmlMemBlocks,i32	xml	Mem	Blocks	
3200,i32,xmlMemBlocks,i32	xml	Mem	Blocks	
3201,i32,xmlMemBlocks,i32	xml	Mem	Blocks	
3202,i32,xmlMemBlocks,i32	xml	Mem	Blocks	
3203,i32,xmlMemBlocks,i32	xml	Mem	Blocks	
3204,i32,xmlMemBlocks,i32	xml	Mem	Blocks	
3205,i32,xmlMemBlocks,i32	xml	Mem	Blocks	
3206,i32,xmlMemBlocks,i32	xml	Mem	Blocks	
3207,i32,xmlMemBlocks,i32	xml	Mem	Blocks	
3208,i32,xmlMemBlocks,i32	xml	Mem	Blocks	
3209,i32,xmlMemBlocks,i32	xml	Mem	Blocks	
3210,i32,xmlMemBlocks,i32	xml	Mem	Blocks	
3211,i32,xmlMemBlocks,i32	xml	Mem	Blocks	
3212,i32,xmlMemBlocks,i32	xml	Mem	Blocks	
3213,i32,xmlMemBlocks,i32	xml	Mem	Blocks	
3214,i32,xmlMemBlocks,i32	xml	Mem	Blocks	
3215,i32,xmlMemBlocks,i32	xml	Mem	Blocks	
3216,i32,xmlMemBlocks,i32	xml	Mem	Blocks	
3217,i32,xmlMemBlocks,i32	xml	Mem	Blocks	
3218,i32,xmlMemBlocks,i32	xml	Mem	Blocks	
3219,i32,xmlMemBlocks,i32	xml	Mem	Blocks	
3220,i32,xmlMemBlocks,i32	xml	Mem	Blocks	
3221,i32,xmlMemBlocks,i32	xml	Mem	Blocks	
3222,i32,xmlMemBlocks,i32	xml	Mem	Blocks	
3223,i32,xmlMemBlocks,i32	xml	Mem	Blocks	
3224,i32,xmlMemBlocks,i32	xml	Mem	Blocks	
3225,i32,xmlMemBlocks,i32	xml	Mem	Blocks	
3226,i32,xmlMemBlocks,i32	xml	Mem	Blocks	
3227,i32,xmlMemBlocks,i32	xml	Mem	Blocks	
3228,i32,xmlMemBlocks,i32	xml	Mem	Blocks	
3229,i32,xmlMemBlocks,i32	xml	Mem	Blocks	
3230,i32,xmlMemBlocks,i32	xml	Mem	Blocks	
3231,i32,xmlMemBlocks,i32	xml	Mem	Blocks	
3232,i32,xmlMemBlocks,i32	xml	Mem	Blocks	
3233,i32,xmlMemBlocks,i32	xml	Mem	Blocks	
3234,i32,xmlMemBlocks,i32	xml	Mem	Blocks	
3235,i32,xmlMemBlocks,i32	xml	Mem	Blocks	
3236,i32,strcmp,i32	strcmp	
3237,i32,strcmp,i32	strcmp	
3238,i32,strcmp,i32	strcmp	
3239,i32,strcmp,i32	strcmp	
3240,i32,strcmp,i32	strcmp	
3241,i32,strcmp,i32	strcmp	
3242,i32,strcmp,i32	strcmp	
3243,i32,strcmp,i32	strcmp	
3244,i32,strcmp,i32	strcmp	
3245,i32,strcmp,i32	strcmp	
3246,i32,strcmp,i32	strcmp	
3247,i32,strcmp,i32	strcmp	
3248,i32,strcmp,i32	strcmp	
3249,i32,strcmp,i32	strcmp	
3250,i32,strcmp,i32	strcmp	
3251,i32,strcmp,i32	strcmp	
3252,i32,strcmp,i32	strcmp	
3253,i32,strcmp,i32	strcmp	
3254,i32,strcmp,i32	strcmp	
3255,i32,strcmp,i32	strcmp	
3256,i32,strcmp,i32	strcmp	
3257,i32,strcmp,i32	strcmp	
3258,i32,strcmp,i32	strcmp	
3259,i32,strcmp,i32	strcmp	
3260,i32,strcmp,i32	strcmp	
3261,i32,strcmp,i32	strcmp	
3262,i32,strcmp,i32	strcmp	
3263,i32,strcmp,i32	strcmp	
3264,i32,strcmp,i32	strcmp	
3265,i32,strcmp,i32	strcmp	
3266,i32,strcmp,i32	strcmp	
3267,i32,strcmp,i32	strcmp	
3268,i32,strcmp,i32	strcmp	
3269,i32,strcmp,i32	strcmp	
3270,i32,strcmp,i32	strcmp	
3271,i32,strcmp,i32	strcmp	
3272,i32,strcmp,i32	strcmp	
3273,i32,strcmp,i32	strcmp	
3274,i32,strcmp,i32	strcmp	
3275,i32,xmlMemBlocks,i32	xml	Mem	Blocks	
3276,i32,xmlMemBlocks,i32	xml	Mem	Blocks	
3277,i32,xmlMemBlocks,i32	xml	Mem	Blocks	
3278,i32,xmlMemBlocks,i32	xml	Mem	Blocks	
3279,i32,xmlMemBlocks,i32	xml	Mem	Blocks	
3280,i32,xmlMemBlocks,i32	xml	Mem	Blocks	
3281,i32,xmlMemBlocks,i32	xml	Mem	Blocks	
3282,i32,xmlMemBlocks,i32	xml	Mem	Blocks	
3283,i32,xmlMemBlocks,i32	xml	Mem	Blocks	
3284,i32,xmlMemBlocks,i32	xml	Mem	Blocks	
3285,i32,xmlMemBlocks,i32	xml	Mem	Blocks	
3286,i32,xmlMemBlocks,i32	xml	Mem	Blocks	
3287,i32,xmlMemBlocks,i32	xml	Mem	Blocks	
3288,i32,xmlMemBlocks,i32	xml	Mem	Blocks	
3289,i32,xmlMemBlocks,i32	xml	Mem	Blocks	
3290,i32,xmlMemBlocks,i32	xml	Mem	Blocks	
3291,i32,xmlMemBlocks,i32	xml	Mem	Blocks	
3292,i32,xmlMemBlocks,i32	xml	Mem	Blocks	
3293,i32,xmlMemBlocks,i32	xml	Mem	Blocks	
3294,i32,xmlMemBlocks,i32	xml	Mem	Blocks	
3295,i32,xmlMemBlocks,i32	xml	Mem	Blocks	
3296,i32,xmlMemBlocks,i32	xml	Mem	Blocks	
3297,i32,xmlMemBlocks,i32	xml	Mem	Blocks	
3298,i32,xmlMemBlocks,i32	xml	Mem	Blocks	
3299,i32,xmlMemBlocks,i32	xml	Mem	Blocks	
3300,i32,xmlMemBlocks,i32	xml	Mem	Blocks	
3301,i32,xmlMemBlocks,i32	xml	Mem	Blocks	
3302,i32,xmlMemBlocks,i32	xml	Mem	Blocks	
3303,i32,xmlMemBlocks,i32	xml	Mem	Blocks	
3304,i32,xmlMemBlocks,i32	xml	Mem	Blocks	
3305,i32,xmlMemBlocks,i32	xml	Mem	Blocks	
3306,i32,xmlMemBlocks,i32	xml	Mem	Blocks	
3307,i32,xmlMemBlocks,i32	xml	Mem	Blocks	
3308,i32,xmlMemBlocks,i32	xml	Mem	Blocks	
3309,i32,xmlMemBlocks,i32	xml	Mem	Blocks	
3310,i32,xmlMemBlocks,i32	xml	Mem	Blocks	
3311,i32,xmlMemBlocks,i32	xml	Mem	Blocks	
3312,i32,xmlMemBlocks,i32	xml	Mem	Blocks	
3313,i32,xmlMemBlocks,i32	xml	Mem	Blocks	
3314,i32,xmlMemBlocks,i32	xml	Mem	Blocks	
3315,i32,xmlMemBlocks,i32	xml	Mem	Blocks	
3316,i32,xmlMemBlocks,i32	xml	Mem	Blocks	
3317,i32,xmlMemBlocks,i32	xml	Mem	Blocks	
3318,i32,xmlMemBlocks,i32	xml	Mem	Blocks	
3319,i32,xmlMemBlocks,i32	xml	Mem	Blocks	
3320,i32,xmlMemBlocks,i32	xml	Mem	Blocks	
3321,i32,xmlMemBlocks,i32	xml	Mem	Blocks	
3322,i32,xmlMemBlocks,i32	xml	Mem	Blocks	
3323,i32,xmlMemBlocks,i32	xml	Mem	Blocks	
3324,i32,xmlMemBlocks,i32	xml	Mem	Blocks	
3325,i32,xmlMemBlocks,i32	xml	Mem	Blocks	
3326,i32,xmlMemBlocks,i32	xml	Mem	Blocks	
3327,i32,xmlMemBlocks,i32	xml	Mem	Blocks	
3328,i32,xmlMemBlocks,i32	xml	Mem	Blocks	
3329,i32,xmlMemBlocks,i32	xml	Mem	Blocks	
3330,i32,xmlMemBlocks,i32	xml	Mem	Blocks	
3331,i32,xmlMemBlocks,i32	xml	Mem	Blocks	
3332,i32,xmlMemBlocks,i32	xml	Mem	Blocks	
3333,i32,xmlMemBlocks,i32	xml	Mem	Blocks	
3334,i32,xmlMemBlocks,i32	xml	Mem	Blocks	
3335,i32,xmlMemBlocks,i32	xml	Mem	Blocks	
3336,i32,xmlMemBlocks,i32	xml	Mem	Blocks	
3337,i32,xmlMemBlocks,i32	xml	Mem	Blocks	
3338,i32,xmlMemBlocks,i32	xml	Mem	Blocks	
3339,i32,xmlMemBlocks,i32	xml	Mem	Blocks	
3340,i32,xmlMemBlocks,i32	xml	Mem	Blocks	
3341,i32,xmlMemBlocks,i32	xml	Mem	Blocks	
3342,i32,xmlMemBlocks,i32	xml	Mem	Blocks	
3343,i32,xmlMemBlocks,i32	xml	Mem	Blocks	
3344,i32,xmlMemBlocks,i32	xml	Mem	Blocks	
3345,i32,xmlMemBlocks,i32	xml	Mem	Blocks	
3346,i32,xmlMemBlocks,i32	xml	Mem	Blocks	
3347,i32,xmlMemBlocks,i32	xml	Mem	Blocks	
3348,i32,xmlMemBlocks,i32	xml	Mem	Blocks	
3349,i32,xmlMemBlocks,i32	xml	Mem	Blocks	
3350,i32,xmlMemBlocks,i32	xml	Mem	Blocks	
3351,i32,xmlMemBlocks,i32	xml	Mem	Blocks	
3352,i32,xmlMemBlocks,i32	xml	Mem	Blocks	
3353,i32,xmlMemBlocks,i32	xml	Mem	Blocks	
3354,i32,xmlMemBlocks,i32	xml	Mem	Blocks	
3355,i32,xmlMemBlocks,i32	xml	Mem	Blocks	
3356,i32,xmlMemBlocks,i32	xml	Mem	Blocks	
3357,i32,xmlMemBlocks,i32	xml	Mem	Blocks	
3358,i32,xmlMemBlocks,i32	xml	Mem	Blocks	
3359,i32,xmlMemBlocks,i32	xml	Mem	Blocks	
3360,i32,xmlMemBlocks,i32	xml	Mem	Blocks	
3361,i32,xmlMemBlocks,i32	xml	Mem	Blocks	
3362,i32,xmlMemBlocks,i32	xml	Mem	Blocks	
3363,i32,xmlMemBlocks,i32	xml	Mem	Blocks	
3364,i32,xmlMemBlocks,i32	xml	Mem	Blocks	
3365,i32,xmlMemBlocks,i32	xml	Mem	Blocks	
3366,i32,xmlMemBlocks,i32	xml	Mem	Blocks	
3367,i32,xmlMemBlocks,i32	xml	Mem	Blocks	
3368,i32,xmlMemBlocks,i32	xml	Mem	Blocks	
3369,i32,xmlMemBlocks,i32	xml	Mem	Blocks	
3370,i32,xmlMemBlocks,i32	xml	Mem	Blocks	
3371,i32,xmlMemBlocks,i32	xml	Mem	Blocks	
3372,i32,xmlMemBlocks,i32	xml	Mem	Blocks	
3373,i32,xmlMemBlocks,i32	xml	Mem	Blocks	
3374,i32,xmlMemBlocks,i32	xml	Mem	Blocks	
3375,i32,xmlMemBlocks,i32	xml	Mem	Blocks	
3376,i32,xmlMemBlocks,i32	xml	Mem	Blocks	
3377,i32,xmlMemBlocks,i32	xml	Mem	Blocks	
3378,i32,xmlMemBlocks,i32	xml	Mem	Blocks	
3379,i32,xmlMemBlocks,i32	xml	Mem	Blocks	
3380,i32,xmlMemBlocks,i32	xml	Mem	Blocks	
3381,i32,xmlMemBlocks,i32	xml	Mem	Blocks	
3382,i32,xmlMemBlocks,i32	xml	Mem	Blocks	
3383,i32,xmlMemBlocks,i32	xml	Mem	Blocks	
3384,i32,xmlMemBlocks,i32	xml	Mem	Blocks	
3385,i32,xmlMemBlocks,i32	xml	Mem	Blocks	
3386,i32,xmlMemBlocks,i32	xml	Mem	Blocks	
3387,i32,xmlMemBlocks,i32	xml	Mem	Blocks	
3388,i32,xmlMemBlocks,i32	xml	Mem	Blocks	
3389,i32,xmlMemBlocks,i32	xml	Mem	Blocks	
3390,i32,xmlMemBlocks,i32	xml	Mem	Blocks	
3391,i32,xmlMemBlocks,i32	xml	Mem	Blocks	
3392,i32,xmlMemBlocks,i32	xml	Mem	Blocks	
3393,i32,xmlMemBlocks,i32	xml	Mem	Blocks	
3394,i32,xmlMemBlocks,i32	xml	Mem	Blocks	
3395,i32,xmlMemBlocks,i32	xml	Mem	Blocks	
3396,i32,xmlMemBlocks,i32	xml	Mem	Blocks	
3397,i32,xmlMemBlocks,i32	xml	Mem	Blocks	
3398,i32,xmlMemBlocks,i32	xml	Mem	Blocks	
3399,i32,xmlMemBlocks,i32	xml	Mem	Blocks	
3400,i32,xmlMemBlocks,i32	xml	Mem	Blocks	
3401,i32,xmlMemBlocks,i32	xml	Mem	Blocks	
3402,i32,xmlMemBlocks,i32	xml	Mem	Blocks	
3403,i32,xmlMemBlocks,i32	xml	Mem	Blocks	
3404,i32,xmlMemBlocks,i32	xml	Mem	Blocks	
3405,i32,xmlMemBlocks,i32	xml	Mem	Blocks	
3406,i32,xmlMemBlocks,i32	xml	Mem	Blocks	
3407,i32,xmlMemBlocks,i32	xml	Mem	Blocks	
3408,i32,xmlMemBlocks,i32	xml	Mem	Blocks	
3409,i32,xmlMemBlocks,i32	xml	Mem	Blocks	
3410,i32,xmlMemBlocks,i32	xml	Mem	Blocks	
3411,i32,xmlMemBlocks,i32	xml	Mem	Blocks	
3412,i32,xmlMemBlocks,i32	xml	Mem	Blocks	
3413,i32,xmlMemBlocks,i32	xml	Mem	Blocks	
3414,i32,xmlMemBlocks,i32	xml	Mem	Blocks	
3415,i32,xmlMemBlocks,i32	xml	Mem	Blocks	
3416,i32,xmlMemBlocks,i32	xml	Mem	Blocks	
3417,i32,xmlMemBlocks,i32	xml	Mem	Blocks	
3418,i32,xmlMemBlocks,i32	xml	Mem	Blocks	
3419,i32,xmlMemBlocks,i32	xml	Mem	Blocks	
3420,i32,xmlMemBlocks,i32	xml	Mem	Blocks	
3421,i32,xmlMemBlocks,i32	xml	Mem	Blocks	
3422,i32,xmlMemBlocks,i32	xml	Mem	Blocks	
3423,i32,xmlMemBlocks,i32	xml	Mem	Blocks	
3424,i32,xmlMemBlocks,i32	xml	Mem	Blocks	
3425,i32,xmlMemBlocks,i32	xml	Mem	Blocks	
3426,i32,xmlMemBlocks,i32	xml	Mem	Blocks	
3427,i32,xmlMemBlocks,i32	xml	Mem	Blocks	
3428,i32,xmlMemBlocks,i32	xml	Mem	Blocks	
3429,i32,xmlMemBlocks,i32	xml	Mem	Blocks	
3430,i32,xmlMemBlocks,i32	xml	Mem	Blocks	
3431,i32,xmlMemBlocks,i32	xml	Mem	Blocks	
3432,i32,xmlMemBlocks,i32	xml	Mem	Blocks	
3433,i32,xmlMemBlocks,i32	xml	Mem	Blocks	
3434,i32,xmlMemBlocks,i32	xml	Mem	Blocks	
3435,i32,xmlMemBlocks,i32	xml	Mem	Blocks	
3436,i32,xmlMemBlocks,i32	xml	Mem	Blocks	
3437,i32,xmlMemBlocks,i32	xml	Mem	Blocks	
3438,i32,xmlMemBlocks,i32	xml	Mem	Blocks	
3439,i32,xmlMemBlocks,i32	xml	Mem	Blocks	
3440,i32,xmlMemBlocks,i32	xml	Mem	Blocks	
3441,i32,xmlMemBlocks,i32	xml	Mem	Blocks	
3442,i32,xmlMemBlocks,i32	xml	Mem	Blocks	
3443,i32,xmlMemBlocks,i32	xml	Mem	Blocks	
3444,i32,xmlMemBlocks,i32	xml	Mem	Blocks	
3445,i32,xmlMemBlocks,i32	xml	Mem	Blocks	
3446,i32,xmlMemBlocks,i32	xml	Mem	Blocks	
3447,i32,xmlMemBlocks,i32	xml	Mem	Blocks	
3448,i32,xmlMemBlocks,i32	xml	Mem	Blocks	
3449,i32,xmlMemBlocks,i32	xml	Mem	Blocks	
3450,i32,xmlMemBlocks,i32	xml	Mem	Blocks	
3451,i32,xmlMemBlocks,i32	xml	Mem	Blocks	
3452,i32,xmlMemBlocks,i32	xml	Mem	Blocks	
3453,i32,xmlMemBlocks,i32	xml	Mem	Blocks	
3454,i32,xmlMemBlocks,i32	xml	Mem	Blocks	
3455,i32,xmlMemBlocks,i32	xml	Mem	Blocks	
3456,i32,xmlMemBlocks,i32	xml	Mem	Blocks	
3457,i32,xmlMemBlocks,i32	xml	Mem	Blocks	
3458,i32,xmlMemBlocks,i32	xml	Mem	Blocks	
3459,i32,xmlMemBlocks,i32	xml	Mem	Blocks	
3460,i32,xmlMemBlocks,i32	xml	Mem	Blocks	
3461,i32,xmlMemBlocks,i32	xml	Mem	Blocks	
3462,i32,xmlMemBlocks,i32	xml	Mem	Blocks	
3463,i32,xmlMemBlocks,i32	xml	Mem	Blocks	
3464,i32,xmlMemBlocks,i32	xml	Mem	Blocks	
3465,i32,xmlMemBlocks,i32	xml	Mem	Blocks	
3466,i32,xmlMemBlocks,i32	xml	Mem	Blocks	
3467,i32,xmlMemBlocks,i32	xml	Mem	Blocks	
3468,i32,xmlMemBlocks,i32	xml	Mem	Blocks	
3469,i32,xmlMemBlocks,i32	xml	Mem	Blocks	
3470,i32,xmlMemBlocks,i32	xml	Mem	Blocks	
3471,i32,xmlMemBlocks,i32	xml	Mem	Blocks	
3472,i32,xmlMemBlocks,i32	xml	Mem	Blocks	
3473,i32,xmlMemBlocks,i32	xml	Mem	Blocks	
3474,i32,xmlMemBlocks,i32	xml	Mem	Blocks	
3475,_xmlAutomata*,xmlNewAutomata,xml	Automata*	xml	New	Automata	
3476,_xmlAutomata*,xmlNewAutomata,xml	Automata*	xml	New	Automata	
3477,_xmlAutomata*,xmlNewAutomata,xml	Automata*	xml	New	Automata	
3478,_xmlAutomata*,xmlNewAutomata,xml	Automata*	xml	New	Automata	
3479,_xmlAutomata*,xmlNewAutomata,xml	Automata*	xml	New	Automata	
3480,i32,xmlRegExecPushString,i32	xml	Reg	Exec	Push	String	
3481,i32,xmlRegExecPushString,i32	xml	Reg	Exec	Push	String	
3482,i32,xmlRegExecPushString,i32	xml	Reg	Exec	Push	String	
3483,i32,xmlRegExecPushString,i32	xml	Reg	Exec	Push	String	
3484,i32,xmlRegExecPushString,i32	xml	Reg	Exec	Push	String	
3485,i32,xmlRegExecPushString,i32	xml	Reg	Exec	Push	String	
3486,i32,xmlRegExecPushString,i32	xml	Reg	Exec	Push	String	
3487,i32,xmlRegExecPushString,i32	xml	Reg	Exec	Push	String	
3488,i32,xmlRegExecPushString,i32	xml	Reg	Exec	Push	String	
3489,i32,xmlRegExecPushString,i32	xml	Reg	Exec	Push	String	
3490,i32,xmlRegExecPushString,i32	xml	Reg	Exec	Push	String	
3491,i32,xmlRegExecPushString,i32	xml	Reg	Exec	Push	String	
3492,i32,xmlRegExecPushString,i32	xml	Reg	Exec	Push	String	
3493,i32,xmlRegExecPushString,i32	xml	Reg	Exec	Push	String	
3494,i32,xmlRegExecPushString,i32	xml	Reg	Exec	Push	String	
3495,i32,xmlRegExecPushString,i32	xml	Reg	Exec	Push	String	
3496,i32,xmlRegExecPushString,i32	xml	Reg	Exec	Push	String	
3497,_IO_FILE*,fopen64,I	O	F	I	L	E*	fopen	
3498,_xmlAutomata*,xmlNewAutomata,xml	Automata*	xml	New	Automata	
3499,i8*,fgets,i8*	fgets	
3500,_xmlAutomata*,xmlNewAutomata,xml	Automata*	xml	New	Automata	
3501,i32,xmlC14NDocDumpMemory,i32	xml	C14	N	Doc	Dump	Memory	
3502,i64,write,i64	write	
3503,i32,strcmp,i32	strcmp	
3504,i32,strcmp,i32	strcmp	
3505,i32,strcmp,i32	strcmp	
3506,i32,strcmp,i32	strcmp	
3507,i32,strcmp,i32	strcmp	
3508,i32,strcmp,i32	strcmp	
3509,_xmlDoc*,xmlReadFile,xml	Doc*	xml	Read	File	
3510,_xmlNode*,xmlDocGetRootElement,xml	Node*	xml	Doc	Get	Root	Element	
3511,i32,xmlStrEqual,i32	xml	Str	Equal	
3512,i8*,xmlNodeGetContent,i8*	xml	Node	Get	Content	
3513,_xmlXPathContext*,xmlXPathNewContext,xml	X	Path	Context*	xml	X	Path	New	Context	
3514,i32,xmlXPathRegisterNs,i32	xml	X	Path	Register	Ns	
3515,_xmlXPathObject*,xmlXPathEvalExpression,xml	X	Path	Object*	xml	X	Path	Eval	Expression	
3516,_xmlDoc*,xmlReadFile,xml	Doc*	xml	Read	File	
3517,_xmlNode*,xmlDocGetRootElement,xml	Node*	xml	Doc	Get	Root	Element	
3518,_xmlDoc*,xmlReadMemory,xml	Doc*	xml	Read	Memory	
3519,_xmlDoc*,xmlReadMemory,xml	Doc*	xml	Read	Memory	
3520,_xmlDoc*,xmlReadMemory,xml	Doc*	xml	Read	Memory	
3521,_xmlDoc*,xmlReadMemory,xml	Doc*	xml	Read	Memory	
3522,_xmlParserCtxt*,xmlNewParserCtxt,xml	Parser	Ctxt*	xml	New	Parser	Ctxt	
3523,i32,xmlCurrentChar,i32	xml	Current	Char	
3524,i32,xmlCurrentChar,i32	xml	Current	Char	
3525,i32,xmlCurrentChar,i32	xml	Current	Char	
3526,_xmlDoc*,xmlReadMemory,xml	Doc*	xml	Read	Memory	
3527,i32,xmlCurrentChar,i32	xml	Current	Char	
3528,_xmlDoc*,xmlReadMemory,xml	Doc*	xml	Read	Memory	
3529,i32,xmlCurrentChar,i32	xml	Current	Char	
3530,_xmlDoc*,xmlReadMemory,xml	Doc*	xml	Read	Memory	
3531,_xmlParserCtxt*,xmlNewParserCtxt,xml	Parser	Ctxt*	xml	New	Parser	Ctxt	
3532,_xmlParserInputBuffer*,xmlParserInputBufferCreateStatic,xml	Parser	Input	Buffer*	xml	Parser	Input	Buffer	Create	Static	
3533,_xmlParserInput*,xmlNewInputStream,xml	Parser	Input*	xml	New	Input	Stream	
3534,_xmlDoc*,xmlReadMemory,xml	Doc*	xml	Read	Memory	
3535,_xmlDoc*,xmlReadMemory,xml	Doc*	xml	Read	Memory	
3536,_xmlDoc*,xmlReadMemory,xml	Doc*	xml	Read	Memory	
3537,_xmlDoc*,xmlReadMemory,xml	Doc*	xml	Read	Memory	
3538,_xmlDict*,xmlDictCreateSub,xml	Dict*	xml	Dict	Create	Sub	
3539,i32,xmlDictOwns,i32	xml	Dict	Owns	
3540,i32,xmlDictOwns,i32	xml	Dict	Owns	
3541,i32,xmlDictOwns,i32	xml	Dict	Owns	
3542,i8*,xmlDictLookup,i8*	xml	Dict	Lookup	
3543,i8*,xmlDictLookup,i8*	xml	Dict	Lookup	
3544,i8*,xmlDictQLookup,i8*	xml	Dict	Q	Lookup	
3545,i8*,xmlDictQLookup,i8*	xml	Dict	Q	Lookup	
3546,_xmlDict*,xmlDictCreate,xml	Dict*	xml	Dict	Create	
3547,i32,xmlDictOwns,i32	xml	Dict	Owns	
3548,i8*,xmlDictLookup,i8*	xml	Dict	Lookup	
3549,i8*,xmlDictQLookup,i8*	xml	Dict	Q	Lookup	
3550,i32,run_test1,i32	run	test	
3551,_IO_FILE*,fopen64,I	O	F	I	L	E*	fopen	
3552,_IO_FILE*,fopen64,I	O	F	I	L	E*	fopen	
3553,_IO_FILE*,fopen64,I	O	F	I	L	E*	fopen	
3554,i32,strcmp,i32	strcmp	
3555,i32,strcmp,i32	strcmp	
3556,i32,strcmp,i32	strcmp	
3557,i32,strcmp,i32	strcmp	
3558,i32,strcmp,i32	strcmp	
3559,i32,strcmp,i32	strcmp	
3560,i32,strcmp,i32	strcmp	
3561,i32,strcmp,i32	strcmp	
3562,i32,strcmp,i32	strcmp	
3563,i32,strcmp,i32	strcmp	
3564,i32,strcmp,i32	strcmp	
3565,i32,strcmp,i32	strcmp	
3566,i32,strcmp,i32	strcmp	
3567,i32,strcmp,i32	strcmp	
3568,i32,strcmp,i32	strcmp	
3569,i32,strcmp,i32	strcmp	
3570,i32,strncmp,i32	strncmp	
3571,i32,strncmp,i32	strncmp	
3572,i32,strcmp,i32	strcmp	
3573,_xmlParserCtxt*,xmlNewParserCtxt,xml	Parser	Ctxt*	xml	New	Parser	Ctxt	
3574,_xmlDoc*,xmlCtxtReadFile,xml	Doc*	xml	Ctxt	Read	File	
3575,_xmlTextReader*,xmlReaderForFile,xml	Text	Reader*	xml	Reader	For	File	
3576,i32,xmlTextReaderRead,i32	xml	Text	Reader	Read	
3577,i32,xmlTextReaderRead,i32	xml	Text	Reader	Read	
3578,i32,strncmp,i32	strncmp	
3579,i32,strncmp,i32	strncmp	
3580,i32,launchTests,i32	launch	Tests	
3581,i64,strlen,i64	strlen	
3582,i64,strlen,i64	strlen	
3583,i32,strcmp,i32	strcmp	
3584,i32,strcmp,i32	strcmp	
3585,i32,strcmp,i32	strcmp	
3586,i32,strncmp,i32	strncmp	
3587,i32,strncmp,i32	strncmp	
3588,i64,strlen,i64	strlen	
3589,i32,check_time,i32	check	time	
3590,i32,vsnprintf,i32	vsnprintf	
3591,i64,clock,i64	clock	
3592,i32,xmlStrlen,i32	xml	Strlen	
3593,i32,xmlStrlen,i32	xml	Strlen	
3594,i32,xmlRegisterInputCallbacks,i32	xml	Register	Input	Callbacks	
3595,i32,xmlRegisterInputCallbacks,i32	xml	Register	Input	Callbacks	
3596,i32,xmlModuleSymbol,i32	xml	Module	Symbol	
3597,i8*,realloc,i8*	realloc	
3598,i64,strlen,i64	strlen	
3599,i32,memcmp,i32	memcmp	
3600,_IO_FILE*,fopen64,I	O	F	I	L	E*	fopen	
3601,i32,xmlTextReaderNodeType,i32	xml	Text	Reader	Node	Type	
3602,i32,xmlTextReaderNodeType,i32	xml	Text	Reader	Node	Type	
3603,i8*,xmlTextReaderConstValue,i8*	xml	Text	Reader	Const	Value	
3604,i32,xmlTextReaderNodeType,i32	xml	Text	Reader	Node	Type	
3605,i8*,xmlTextReaderConstName,i8*	xml	Text	Reader	Const	Name	
3606,i32,xmlTextReaderMoveToNextAttribute,i32	xml	Text	Reader	Move	To	Next	Attribute	
3607,i8*,xmlTextReaderConstName,i8*	xml	Text	Reader	Const	Name	
3608,i8*,xmlTextReaderConstName,i8*	xml	Text	Reader	Const	Name	
3609,i32,xmlTextReaderMoveToNextAttribute,i32	xml	Text	Reader	Move	To	Next	Attribute	
3610,i32,xmlTextReaderNodeType,i32	xml	Text	Reader	Node	Type	
3611,i8*,xmlTextReaderConstName,i8*	xml	Text	Reader	Const	Name	
3612,_xmlTextReader*,xmlNewTextReaderFilename,xml	Text	Reader*	xml	New	Text	Reader	Filename	
3613,i32,xmlTextReaderSetParserProp,i32	xml	Text	Reader	Set	Parser	Prop	
3614,i32,xmlTextReaderRead,i32	xml	Text	Reader	Read	
3615,i32,processNode,i32	process	Node	
3616,i32,xmlTextReaderRead,i32	xml	Text	Reader	Read	
3617,_xmlTextReader*,xmlNewTextReaderFilename,xml	Text	Reader*	xml	New	Text	Reader	Filename	
3618,i32,strcmp,i32	strcmp	
3619,i32,strcmp,i32	strcmp	
3620,i32,strcmp,i32	strcmp	
3621,i32,strcmp,i32	strcmp	
3622,i32,strcmp,i32	strcmp	
3623,i32,strcmp,i32	strcmp	
3624,i32,strcmp,i32	strcmp	
3625,i32,strcmp,i32	strcmp	
3626,i32,test_oom_handling,i32	test	oom	handling	
3627,i32,test_get_malloc_blocks_outstanding,i32	test	get	malloc	blocks	outstanding	
3628,i32,decrement_fail_alloc_counter,i32	decrement	fail	alloc	counter	
3629,i8*,xmlMemMalloc,i8*	xml	Mem	Malloc	
3630,i32,decrement_fail_alloc_counter,i32	decrement	fail	alloc	counter	
3631,i8*,xmlMemRealloc,i8*	xml	Mem	Realloc	
3632,i8*,test_malloc,i8*	test	malloc	
3633,i32,run_failing_each_malloc,i32	run	failing	each	malloc	
3634,i32,run_failing_each_malloc,i32	run	failing	each	malloc	
3635,i32,run_failing_each_malloc,i32	run	failing	each	malloc	
3636,i32,strcmp,i32	strcmp	
3637,i32,strcmp,i32	strcmp	
3638,i32,strcmp,i32	strcmp	
3639,i32,strcmp,i32	strcmp	
3640,i32,strcmp,i32	strcmp	
3641,i32,strcmp,i32	strcmp	
3642,i32,strcmp,i32	strcmp	
3643,i32,strcmp,i32	strcmp	
3644,i32,strcmp,i32	strcmp	
3645,i32,strcmp,i32	strcmp	
3646,i32,strcmp,i32	strcmp	
3647,i32,strcmp,i32	strcmp	
3648,i32,xmlTextReaderNodeType,i32	xml	Text	Reader	Node	Type	
3649,_xmlTextReader*,xmlNewTextReaderFilename,xml	Text	Reader*	xml	New	Text	Reader	Filename	
3650,i32,xmlTextReaderRead,i32	xml	Text	Reader	Read	
3651,i32,xmlTextReaderRead,i32	xml	Text	Reader	Read	
3652,i32,strncmp,i32	strncmp	
3653,i32,strncmp,i32	strncmp	
3654,i32,checkTestFile,i32	check	Test	File	
3655,i32,vsnprintf,i32	vsnprintf	
3656,i32,xmlStrlen,i32	xml	Strlen	
3657,i32,xmlStrlen,i32	xml	Strlen	
3658,i32,xmlRegisterInputCallbacks,i32	xml	Register	Input	Callbacks	
3659,i32,stat64,i32	stat	
3660,_xmlDoc*,xmlCtxtReadFile,xml	Doc*	xml	Ctxt	Read	File	
3661,_xmlDoc*,xmlCtxtReadFile,xml	Doc*	xml	Ctxt	Read	File	
3662,_xmlTextReader*,xmlReaderForFile,xml	Text	Reader*	xml	Reader	For	File	
3663,i32,xmlTextReaderRead,i32	xml	Text	Reader	Read	
3664,i32,xmlTextReaderRead,i32	xml	Text	Reader	Read	
3665,i32,checkTestFile,i32	check	Test	File	
3666,i8*,resultFilename,i8*	result	Filename	
3667,i8*,resultFilename,i8*	result	Filename	
3668,i32,checkTestFile,i32	check	Test	File	
3669,i8*,resultFilename,i8*	result	Filename	
3670,i32,checkTestFile,i32	check	Test	File	
3671,i8*,resultFilename,i8*	result	Filename	
3672,i32,xmlMemUsed,i32	xml	Mem	Used	
3673,i32,xmlMemUsed,i32	xml	Mem	Used	
3674,i32,xmlMemUsed,i32	xml	Mem	Used	
3675,i32,xmlMemUsed,i32	xml	Mem	Used	
3676,i8*,resultFilename,i8*	result	Filename	
3677,i8*,resultFilename,i8*	result	Filename	
3678,i32,launchTests,i32	launch	Tests	
3679,i32,strcmp,i32	strcmp	
3680,i32,strcmp,i32	strcmp	
3681,i8*,strstr,i8*	strstr	
3682,i8*,fgets,i8*	fgets	
3683,i32,xmlExpCtxtNbNodes,i32	xml	Exp	Ctxt	Nb	Nodes	
3684,_xmlExpNode*,xmlExpParse,xml	Exp	Node*	xml	Exp	Parse	
3685,i32,xmlExpSubsume,i32	xml	Exp	Subsume	
3686,i32,xmlExpSubsume,i32	xml	Exp	Subsume	
3687,i32,xmlExpSubsume,i32	xml	Exp	Subsume	
3688,i32,xmlExpSubsume,i32	xml	Exp	Subsume	
3689,i32,xmlExpCtxtNbNodes,i32	xml	Exp	Ctxt	Nb	Nodes	
3690,i32,xmlExpCtxtNbNodes,i32	xml	Exp	Ctxt	Nb	Nodes	
3691,i32,xmlExpCtxtNbNodes,i32	xml	Exp	Ctxt	Nb	Nodes	
3692,i32,xmlExpCtxtNbNodes,i32	xml	Exp	Ctxt	Nb	Nodes	
3693,i32,xmlExpCtxtNbNodes,i32	xml	Exp	Ctxt	Nb	Nodes	
3694,_xmlExpNode*,xmlExpParse,xml	Exp	Node*	xml	Exp	Parse	
3695,_xmlExpNode*,xmlExpExpDerive,xml	Exp	Node*	xml	Exp	Exp	Derive	
3696,i32,xmlExpIsNillable,i32	xml	Exp	Is	Nillable	
3697,i32,xmlRegexpExec,i32	xml	Regexp	Exec	
3698,i32,xmlExpIsNillable,i32	xml	Exp	Is	Nillable	
3699,i32,xmlExpGetLanguage,i32	xml	Exp	Get	Language	
3700,i32,xmlExpGetLanguage,i32	xml	Exp	Get	Language	
3701,_xmlExpNode*,xmlExpStringDerive,xml	Exp	Node*	xml	Exp	String	Derive	
3702,i32,xmlRegexpExec,i32	xml	Regexp	Exec	
3703,i32,strcmp,i32	strcmp	
3704,i32,strcmp,i32	strcmp	
3705,i32,strcmp,i32	strcmp	
3706,i32,strcmp,i32	strcmp	
3707,i32,strcmp,i32	strcmp	
3708,i32,strcmp,i32	strcmp	
3709,i32,strcmp,i32	strcmp	
3710,i32,strcmp,i32	strcmp	
3711,i32,strcmp,i32	strcmp	
3712,i32,strcmp,i32	strcmp	
3713,i32,strcmp,i32	strcmp	
3714,i32,strcmp,i32	strcmp	
3715,i32,strcmp,i32	strcmp	
3716,i32,strcmp,i32	strcmp	
3717,i32,strcmp,i32	strcmp	
3718,_IO_FILE*,fopen64,I	O	F	I	L	E*	fopen	
3719,i8*,fgets,i8*	fgets	
3720,_IO_FILE*,fopen64,I	O	F	I	L	E*	fopen	
3721,_xmlDoc*,xmlReadFile,xml	Doc*	xml	Read	File	
3722,i32,xmlRelaxNGValidateDoc,i32	xml	Relax	N	G	Validate	Doc	
3723,i32,xmlRelaxNGValidateDoc,i32	xml	Relax	N	G	Validate	Doc	
3724,i32,strcmp,i32	strcmp	
3725,i32,strcmp,i32	strcmp	
3726,i32,strcmp,i32	strcmp	
3727,i32,strcmp,i32	strcmp	
3728,i32,strcmp,i32	strcmp	
3729,i32,strcmp,i32	strcmp	
3730,i32,strcmp,i32	strcmp	
3731,i32,strcmp,i32	strcmp	
3732,i32,stat64,i32	stat	
3733,i32,open64,i32	open	
3734,i8*,mmap64,i8*	mmap	
3735,_IO_FILE*,fopen64,I	O	F	I	L	E*	fopen	
3736,_IO_FILE*,fopen64,I	O	F	I	L	E*	fopen	
3737,i32,xmlSAXUserParseFile,i32	xml	S	A	X	User	Parse	File	
3738,i32,xmlSAXUserParseFile,i32	xml	S	A	X	User	Parse	File	
3739,i32,xmlSAXUserParseFile,i32	xml	S	A	X	User	Parse	File	
3740,i32,strcmp,i32	strcmp	
3741,i32,strcmp,i32	strcmp	
3742,i32,strcmp,i32	strcmp	
3743,i32,strcmp,i32	strcmp	
3744,i32,strcmp,i32	strcmp	
3745,i32,strcmp,i32	strcmp	
3746,i32,strcmp,i32	strcmp	
3747,i32,strcmp,i32	strcmp	
3748,i32,strcmp,i32	strcmp	
3749,i32,strcmp,i32	strcmp	
3750,i32,strcmp,i32	strcmp	
3751,i32,strcmp,i32	strcmp	
3752,i32,strcmp,i32	strcmp	
3753,i32,strcmp,i32	strcmp	
3754,i32,strcmp,i32	strcmp	
3755,i32,strcmp,i32	strcmp	
3756,i32,strcmp,i32	strcmp	
3757,i32,strcmp,i32	strcmp	
3758,i32,strcmp,i32	strcmp	
3759,i32,strcmp,i32	strcmp	
3760,i32,strcmp,i32	strcmp	
3761,i32,strcmp,i32	strcmp	
3762,_xmlDoc*,xmlReadFile,xml	Doc*	xml	Read	File	
3763,i32,xmlSchemaValidateDoc,i32	xml	Schema	Validate	Doc	
3764,i32,xmlSchemaValidateDoc,i32	xml	Schema	Validate	Doc	
3765,i32,strcmp,i32	strcmp	
3766,i32,strcmp,i32	strcmp	
3767,i32,strcmp,i32	strcmp	
3768,i32,strcmp,i32	strcmp	
3769,i32,strcmp,i32	strcmp	
3770,i32,strcmp,i32	strcmp	
3771,i32,stat64,i32	stat	
3772,i32,open64,i32	open	
3773,i8*,mmap64,i8*	mmap	
3774,i8*,fgets,i8*	fgets	
3775,i32,xmlParseURIReference,i32	xml	Parse	U	R	I	Reference	
3776,i32,strcmp,i32	strcmp	
3777,i32,strcmp,i32	strcmp	
3778,i32,strcmp,i32	strcmp	
3779,i32,strcmp,i32	strcmp	
3780,i32,strcmp,i32	strcmp	
3781,i32,strcmp,i32	strcmp	
3782,i8*,ConvertInput,i8*	Convert	Input	
3783,i32,xmlTextWriterStartDocument,i32	xml	Text	Writer	Start	Document	
3784,i8*,ConvertInput,i8*	Convert	Input	
3785,i32,xmlTextWriterStartDocument,i32	xml	Text	Writer	Start	Document	
3786,i32,xmlTextWriterStartDocument,i32	xml	Text	Writer	Start	Document	
3787,i32,xmlTextWriterStartDocument,i32	xml	Text	Writer	Start	Document	
3788,i32,xmlTextWriterStartDocument,i32	xml	Text	Writer	Start	Document	
3789,i32,xmlTextWriterStartDocument,i32	xml	Text	Writer	Start	Document	
3790,i32,xmlTextWriterStartDocument,i32	xml	Text	Writer	Start	Document	
3791,i32,xmlTextWriterStartDocument,i32	xml	Text	Writer	Start	Document	
3792,i32,xmlTextWriterStartDocument,i32	xml	Text	Writer	Start	Document	
3793,i32,xmlTextWriterStartDocument,i32	xml	Text	Writer	Start	Document	
3794,i32,xmlTextWriterStartDocument,i32	xml	Text	Writer	Start	Document	
3795,i32,xmlTextWriterStartDocument,i32	xml	Text	Writer	Start	Document	
3796,i32,xmlTextWriterStartDocument,i32	xml	Text	Writer	Start	Document	
3797,i32,xmlTextWriterStartDocument,i32	xml	Text	Writer	Start	Document	
3798,i32,xmlTextWriterStartDocument,i32	xml	Text	Writer	Start	Document	
3799,i32,xmlTextWriterStartDocument,i32	xml	Text	Writer	Start	Document	
3800,i32,xmlTextWriterStartDocument,i32	xml	Text	Writer	Start	Document	
3801,i8*,ConvertInput,i8*	Convert	Input	
3802,_xmlCharEncodingHandler*,xmlFindCharEncodingHandler,xml	Char	Encoding	Handler*	xml	Find	Char	Encoding	Handler	
3803,i32,xmlTextWriterStartDocument,i32	xml	Text	Writer	Start	Document	
3804,i32,xmlTextWriterStartDocument,i32	xml	Text	Writer	Start	Document	
3805,i32,xmlTextWriterStartDocument,i32	xml	Text	Writer	Start	Document	
3806,i32,xmlTextWriterStartDocument,i32	xml	Text	Writer	Start	Document	
3807,i8*,ConvertInput,i8*	Convert	Input	
3808,i32,xmlTextWriterStartDocument,i32	xml	Text	Writer	Start	Document	
3809,i32,xmlTextWriterStartDocument,i32	xml	Text	Writer	Start	Document	
3810,i32,xmlTextWriterStartDocument,i32	xml	Text	Writer	Start	Document	
3811,i32,xmlTextWriterStartDocument,i32	xml	Text	Writer	Start	Document	
3812,i8*,ConvertInput,i8*	Convert	Input	
3813,i32,xmlTextWriterStartDocument,i32	xml	Text	Writer	Start	Document	
3814,i8*,ConvertInput,i8*	Convert	Input	
3815,i32,xmlTextWriterStartDocument,i32	xml	Text	Writer	Start	Document	
3816,i32,xmlTextWriterStartDocument,i32	xml	Text	Writer	Start	Document	
3817,i32,xmlTextWriterStartDocument,i32	xml	Text	Writer	Start	Document	
3818,i32,xmlTextWriterStartDocument,i32	xml	Text	Writer	Start	Document	
3819,i32,xmlTextWriterStartDocument,i32	xml	Text	Writer	Start	Document	
3820,i32,xmlTextWriterStartDocument,i32	xml	Text	Writer	Start	Document	
3821,i32,xmlTextWriterStartDocument,i32	xml	Text	Writer	Start	Document	
3822,i32,xmlTextWriterStartDocument,i32	xml	Text	Writer	Start	Document	
3823,i32,xmlTextWriterStartDocument,i32	xml	Text	Writer	Start	Document	
3824,i32,xmlTextWriterStartDocument,i32	xml	Text	Writer	Start	Document	
3825,i32,xmlTextWriterStartDocument,i32	xml	Text	Writer	Start	Document	
3826,i32,xmlTextWriterStartDocument,i32	xml	Text	Writer	Start	Document	
3827,i32,xmlTextWriterStartDocument,i32	xml	Text	Writer	Start	Document	
3828,i32,xmlTextWriterStartDocument,i32	xml	Text	Writer	Start	Document	
3829,i32,xmlTextWriterStartDocument,i32	xml	Text	Writer	Start	Document	
3830,_xmlBuffer*,xmlBufferCreate,xml	Buffer*	xml	Buffer	Create	
3831,_xmlTextWriter*,xmlNewTextWriterMemory,xml	Text	Writer*	xml	New	Text	Writer	Memory	
3832,i32,xmlTextWriterStartDocument,i32	xml	Text	Writer	Start	Document	
3833,i32,xmlTextWriterStartDocument,i32	xml	Text	Writer	Start	Document	
3834,i32,xmlTextWriterStartDocument,i32	xml	Text	Writer	Start	Document	
3835,i8*,ConvertInput,i8*	Convert	Input	
3836,i32,xmlTextWriterStartDocument,i32	xml	Text	Writer	Start	Document	
3837,i32,xmlTextWriterStartDocument,i32	xml	Text	Writer	Start	Document	
3838,i32,xmlTextWriterStartDocument,i32	xml	Text	Writer	Start	Document	
3839,i32,xmlTextWriterStartDocument,i32	xml	Text	Writer	Start	Document	
3840,i8*,ConvertInput,i8*	Convert	Input	
3841,i32,xmlTextWriterStartDocument,i32	xml	Text	Writer	Start	Document	
3842,i32,xmlTextWriterStartDocument,i32	xml	Text	Writer	Start	Document	
3843,i32,xmlTextWriterStartDocument,i32	xml	Text	Writer	Start	Document	
3844,i32,xmlTextWriterStartDocument,i32	xml	Text	Writer	Start	Document	
3845,i8*,ConvertInput,i8*	Convert	Input	
3846,i32,xmlTextWriterStartDocument,i32	xml	Text	Writer	Start	Document	
3847,i8*,ConvertInput,i8*	Convert	Input	
3848,i32,xmlTextWriterStartDocument,i32	xml	Text	Writer	Start	Document	
3849,i32,xmlTextWriterStartDocument,i32	xml	Text	Writer	Start	Document	
3850,i32,xmlTextWriterStartDocument,i32	xml	Text	Writer	Start	Document	
3851,i32,xmlTextWriterStartDocument,i32	xml	Text	Writer	Start	Document	
3852,i32,xmlTextWriterStartDocument,i32	xml	Text	Writer	Start	Document	
3853,i32,xmlTextWriterStartDocument,i32	xml	Text	Writer	Start	Document	
3854,i32,xmlTextWriterStartDocument,i32	xml	Text	Writer	Start	Document	
3855,i32,xmlTextWriterStartDocument,i32	xml	Text	Writer	Start	Document	
3856,i32,xmlTextWriterStartDocument,i32	xml	Text	Writer	Start	Document	
3857,i32,xmlTextWriterStartDocument,i32	xml	Text	Writer	Start	Document	
3858,i32,xmlTextWriterStartDocument,i32	xml	Text	Writer	Start	Document	
3859,i32,xmlTextWriterStartDocument,i32	xml	Text	Writer	Start	Document	
3860,i32,xmlTextWriterStartDocument,i32	xml	Text	Writer	Start	Document	
3861,i32,xmlTextWriterStartDocument,i32	xml	Text	Writer	Start	Document	
3862,i32,xmlTextWriterStartDocument,i32	xml	Text	Writer	Start	Document	
3863,_IO_FILE*,fopen,I	O	F	I	L	E*	fopen	
3864,_xmlTextWriter*,xmlNewTextWriterDoc,xml	Text	Writer*	xml	New	Text	Writer	Doc	
3865,i32,xmlTextWriterStartDocument,i32	xml	Text	Writer	Start	Document	
3866,i32,xmlTextWriterStartDocument,i32	xml	Text	Writer	Start	Document	
3867,i32,xmlTextWriterStartDocument,i32	xml	Text	Writer	Start	Document	
3868,i8*,ConvertInput,i8*	Convert	Input	
3869,i32,xmlTextWriterStartDocument,i32	xml	Text	Writer	Start	Document	
3870,i32,xmlTextWriterStartDocument,i32	xml	Text	Writer	Start	Document	
3871,i32,xmlTextWriterStartDocument,i32	xml	Text	Writer	Start	Document	
3872,i32,xmlTextWriterStartDocument,i32	xml	Text	Writer	Start	Document	
3873,i8*,ConvertInput,i8*	Convert	Input	
3874,i32,xmlTextWriterStartDocument,i32	xml	Text	Writer	Start	Document	
3875,i32,xmlTextWriterStartDocument,i32	xml	Text	Writer	Start	Document	
3876,i32,xmlTextWriterStartDocument,i32	xml	Text	Writer	Start	Document	
3877,i32,xmlTextWriterStartDocument,i32	xml	Text	Writer	Start	Document	
3878,i8*,ConvertInput,i8*	Convert	Input	
3879,i32,xmlTextWriterStartDocument,i32	xml	Text	Writer	Start	Document	
3880,i8*,ConvertInput,i8*	Convert	Input	
3881,i32,xmlTextWriterStartDocument,i32	xml	Text	Writer	Start	Document	
3882,i32,xmlTextWriterStartDocument,i32	xml	Text	Writer	Start	Document	
3883,i32,xmlTextWriterStartDocument,i32	xml	Text	Writer	Start	Document	
3884,_xmlTextWriter*,xmlNewTextWriterFilename,xml	Text	Writer*	xml	New	Text	Writer	Filename	
3885,i32,xmlTextWriterStartDocument,i32	xml	Text	Writer	Start	Document	
3886,i32,xmlTextWriterStartDocument,i32	xml	Text	Writer	Start	Document	
3887,i32,xmlTextWriterStartDocument,i32	xml	Text	Writer	Start	Document	
3888,i32,xmlTextWriterStartDocument,i32	xml	Text	Writer	Start	Document	
3889,i32,xmlTextWriterStartDocument,i32	xml	Text	Writer	Start	Document	
3890,i32,xmlTextWriterStartDocument,i32	xml	Text	Writer	Start	Document	
3891,i32,xmlTextWriterStartDocument,i32	xml	Text	Writer	Start	Document	
3892,i32,xmlTextWriterStartDocument,i32	xml	Text	Writer	Start	Document	
3893,i32,xmlTextWriterStartDocument,i32	xml	Text	Writer	Start	Document	
3894,i32,xmlTextWriterStartDocument,i32	xml	Text	Writer	Start	Document	
3895,i32,xmlTextWriterStartDocument,i32	xml	Text	Writer	Start	Document	
3896,i32,xmlTextWriterStartDocument,i32	xml	Text	Writer	Start	Document	
3897,i32,xmlTextWriterStartDocument,i32	xml	Text	Writer	Start	Document	
3898,_xmlDoc*,xmlNewDoc,xml	Doc*	xml	New	Doc	
3899,_xmlNode*,xmlNewDocNode,xml	Node*	xml	New	Doc	Node	
3900,_xmlTextWriter*,xmlNewTextWriterTree,xml	Text	Writer*	xml	New	Text	Writer	Tree	
3901,i32,xmlTextWriterStartDocument,i32	xml	Text	Writer	Start	Document	
3902,i32,xmlTextWriterStartDocument,i32	xml	Text	Writer	Start	Document	
3903,i8*,ConvertInput,i8*	Convert	Input	
3904,i32,xmlTextWriterStartDocument,i32	xml	Text	Writer	Start	Document	
3905,i32,xmlTextWriterStartDocument,i32	xml	Text	Writer	Start	Document	
3906,i32,xmlTextWriterStartDocument,i32	xml	Text	Writer	Start	Document	
3907,i32,xmlTextWriterStartDocument,i32	xml	Text	Writer	Start	Document	
3908,i32,xmlTextWriterStartDocument,i32	xml	Text	Writer	Start	Document	
3909,i8*,ConvertInput,i8*	Convert	Input	
3910,i32,xmlTextWriterStartDocument,i32	xml	Text	Writer	Start	Document	
3911,i32,xmlTextWriterStartDocument,i32	xml	Text	Writer	Start	Document	
3912,i32,xmlTextWriterStartDocument,i32	xml	Text	Writer	Start	Document	
3913,i32,xmlTextWriterStartDocument,i32	xml	Text	Writer	Start	Document	
3914,_IO_FILE*,fopen64,I	O	F	I	L	E*	fopen	
3915,i8*,fgets,i8*	fgets	
3916,i32,strcmp,i32	strcmp	
3917,i32,strcmp,i32	strcmp	
3918,i32,strcmp,i32	strcmp	
3919,i32,strcmp,i32	strcmp	
3920,i32,strcmp,i32	strcmp	
3921,i32,strcmp,i32	strcmp	
3922,i32,strcmp,i32	strcmp	
3923,i32,strcmp,i32	strcmp	
3924,i32,strcmp,i32	strcmp	
3925,i32,strcmp,i32	strcmp	
3926,i32,strcmp,i32	strcmp	
3927,i32,strcmp,i32	strcmp	
3928,i32,strcmp,i32	strcmp	
3929,i32,strcmp,i32	strcmp	
3930,i32,strcmp,i32	strcmp	
3931,i32,strcmp,i32	strcmp	
3932,i32,strcmp,i32	strcmp	
3933,i32,strcmp,i32	strcmp	
3934,_xmlXPathCompExpr*,xmlXPathCompile,xml	X	Path	Comp	Expr*	xml	X	Path	Compile	
3935,i8*,strcat,i8*	strcat	
3936,i64,trio_length,i64	trio	length	
3937,i8*,xmlSaveUriRealloc,i8*	xml	Save	Uri	Realloc	
3938,i8*,xmlSaveUriRealloc,i8*	xml	Save	Uri	Realloc	
3939,i8*,xmlSaveUriRealloc,i8*	xml	Save	Uri	Realloc	
3940,i8*,xmlSaveUriRealloc,i8*	xml	Save	Uri	Realloc	
3941,i8*,xmlSaveUriRealloc,i8*	xml	Save	Uri	Realloc	
3942,i8*,xmlSaveUriRealloc,i8*	xml	Save	Uri	Realloc	
3943,i8*,xmlSaveUriRealloc,i8*	xml	Save	Uri	Realloc	
3944,i8*,xmlSaveUriRealloc,i8*	xml	Save	Uri	Realloc	
3945,i8*,xmlSaveUriRealloc,i8*	xml	Save	Uri	Realloc	
3946,i8*,xmlSaveUriRealloc,i8*	xml	Save	Uri	Realloc	
3947,i8*,xmlSaveUriRealloc,i8*	xml	Save	Uri	Realloc	
3948,i32,xmlStrEqual,i32	xml	Str	Equal	
3949,i8*,xmlSaveUriRealloc,i8*	xml	Save	Uri	Realloc	
3950,i8*,xmlSaveUriRealloc,i8*	xml	Save	Uri	Realloc	
3951,i8*,xmlSaveUriRealloc,i8*	xml	Save	Uri	Realloc	
3952,i8*,xmlSaveUriRealloc,i8*	xml	Save	Uri	Realloc	
3953,i8*,xmlSaveUriRealloc,i8*	xml	Save	Uri	Realloc	
3954,i8*,xmlSaveUriRealloc,i8*	xml	Save	Uri	Realloc	
3955,i8*,xmlSaveUriRealloc,i8*	xml	Save	Uri	Realloc	
3956,i8*,xmlSaveUriRealloc,i8*	xml	Save	Uri	Realloc	
3957,i8*,xmlSaveUriRealloc,i8*	xml	Save	Uri	Realloc	
3958,i8*,xmlSaveUri,i8*	xml	Save	Uri	
3959,i32,is_hex,i32	is	hex	
3960,i32,is_hex,i32	is	hex	
3961,i32,xmlStrlen,i32	xml	Strlen	
3962,i32,xmlStrlen,i32	xml	Strlen	
3963,i8*,xmlSaveUriRealloc,i8*	xml	Save	Uri	Realloc	
3964,i8*,xmlStrchr,i8*	xml	Strchr	
3965,_xmlURI*,xmlCreateURI,xml	U	R	I*	xml	Create	U	R	I	
3966,i32,xmlParseURIReference,i32	xml	Parse	U	R	I	Reference	
3967,_xmlURI*,xmlCreateURI,xml	U	R	I*	xml	Create	U	R	I	
3968,i32,xmlParseURIReference,i32	xml	Parse	U	R	I	Reference	
3969,i32,xmlParseURIReference,i32	xml	Parse	U	R	I	Reference	
3970,i32,xmlStrcmp,i32	xml	Strcmp	
3971,i32,xmlStrcmp,i32	xml	Strcmp	
3972,i32,xmlStrEqual,i32	xml	Str	Equal	
3973,_xmlURI*,xmlParseURI,xml	U	R	I*	xml	Parse	U	R	I	
3974,i8*,xmlStrstr,i8*	xml	Strstr	
3975,i8*,xmlURIEscapeStr,i8*	xml	U	R	I	Escape	Str	
3976,_xmlURI*,xmlParseURI,xml	U	R	I*	xml	Parse	U	R	I	
3977,_xmlURI*,xmlParseURI,xml	U	R	I*	xml	Parse	U	R	I	
3978,i8*,xmlCanonicPath,i8*	xml	Canonic	Path	
3979,i32,xmlParse3986DecOctet,i32	xml	Parse3986	Dec	Octet	
3980,i32,xmlParse3986DecOctet,i32	xml	Parse3986	Dec	Octet	
3981,i32,xmlParse3986DecOctet,i32	xml	Parse3986	Dec	Octet	
3982,i32,xmlParse3986DecOctet,i32	xml	Parse3986	Dec	Octet	
3983,i32,xmlParse3986Userinfo,i32	xml	Parse3986	Userinfo	
3984,i32,xmlParse3986Userinfo,i32	xml	Parse3986	Userinfo	
3985,i32,xmlParse3986Userinfo,i32	xml	Parse3986	Userinfo	
3986,i32,xmlParse3986Segment,i32	xml	Parse3986	Segment	
3987,i32,xmlParse3986Segment,i32	xml	Parse3986	Segment	
3988,i32,xmlParse3986Segment,i32	xml	Parse3986	Segment	
3989,i32,xmlParse3986Segment,i32	xml	Parse3986	Segment	
3990,i32,xmlParse3986Segment,i32	xml	Parse3986	Segment	
3991,i32,xmlParse3986Segment,i32	xml	Parse3986	Segment	
3992,i32,xmlParse3986Segment,i32	xml	Parse3986	Segment	
3993,i32,xmlParse3986Authority,i32	xml	Parse3986	Authority	
3994,i32,xmlParse3986Authority,i32	xml	Parse3986	Authority	
3995,i32,xmlParse3986Authority,i32	xml	Parse3986	Authority	
3996,i32,xmlParse3986Authority,i32	xml	Parse3986	Authority	
3997,i32,xmlParse3986Authority,i32	xml	Parse3986	Authority	
3998,i32,xmlParse3986Authority,i32	xml	Parse3986	Authority	
3999,i32,xmlParse3986Authority,i32	xml	Parse3986	Authority	
4000,i32,xmlParse3986Authority,i32	xml	Parse3986	Authority	
4001,i32,xmlParse3986Authority,i32	xml	Parse3986	Authority	
4002,i32,xmlParse3986Authority,i32	xml	Parse3986	Authority	
4003,i32,xmlParse3986Scheme,i32	xml	Parse3986	Scheme	
4004,i32,xmlParse3986Scheme,i32	xml	Parse3986	Scheme	
4005,i32,xmlParse3986Scheme,i32	xml	Parse3986	Scheme	
4006,i32,xmlParse3986Scheme,i32	xml	Parse3986	Scheme	
4007,i32,xmlParse3986URI,i32	xml	Parse3986	U	R	I	
4008,i32,xmlParse3986URI,i32	xml	Parse3986	U	R	I	
4009,_xmlURI*,xmlCreateURI,xml	U	R	I*	xml	Create	U	R	I	
4010,i32,xmlParse3986URIReference,i32	xml	Parse3986	U	R	I	Reference	
4011,_xmlURI*,xmlCreateURI,xml	U	R	I*	xml	Create	U	R	I	
4012,i32,xmlParseURIReference,i32	xml	Parse	U	R	I	Reference	
4013,i32,xmlDictOwns,i32	xml	Dict	Owns	
4014,i32,xmlDictOwns,i32	xml	Dict	Owns	
4015,i32,xmlStrlen,i32	xmlStrlen	
4016,i32,xmlStrlen,i32	xmlStrlen	
4017,i8*,xmlSplitQName2,i8*	xml	Split	Q	Name2	
4018,i8*,xmlSplitQName2,i8*	xml	Split	Q	Name2	
4019,i8*,xmlSplitQName2,i8*	xml	Split	Q	Name2	
4020,i8*,xmlSplitQName2,i8*	xml	Split	Q	Name2	
4021,i8*,xmlSplitQName2,i8*	xml	Split	Q	Name2	
4022,i32,xmlHashAddEntry2,i32	xml	Hash	Add	Entry2	
4023,i8*,xmlSplitQName2,i8*	xml	Split	Q	Name2	
4024,i8*,xmlSplitQName2,i8*	xml	Split	Q	Name2	
4025,_xmlEnumeration*,xmlCreateEnumeration,xml	Enumeration*	xml	Create	Enumeration	
4026,i32,xmlDictOwns,i32	xml	Dict	Owns	
4027,i32,xmlDictOwns,i32	xml	Dict	Owns	
4028,i32,xmlDictOwns,i32	xml	Dict	Owns	
4029,i32,xmlDictOwns,i32	xml	Dict	Owns	
4030,i32,xmlValidateAttributeValueInternal,i32	xml	Validate	Attribute	Value	Internal	
4031,i32,xmlHashAddEntry3,i32	xml	Hash	Add	Entry3	
4032,_xmlElement*,xmlGetDtdElementDesc2,xml	Element*	xml	Get	Dtd	Element	Desc2	
4033,i32,xmlScanIDAttributeDecl,i32	xml	Scan	I	D	Attribute	Decl	
4034,i32,xmlStrEqual,i32	xml	Str	Equal	
4035,i32,xmlStrEqual,i32	xml	Str	Equal	
4036,i32,xmlStrEqual,i32	xml	Str	Equal	
4037,i32,xmlStrEqual,i32	xml	Str	Equal	
4038,i32,xmlHashAddEntry,i32	xml	Hash	Add	Entry	
4039,i32,xmlDictOwns,i32	xml	Dict	Owns	
4040,i32,xmlDictOwns,i32	xml	Dict	Owns	
4041,i32,xmlHashAddEntry,i32	xml	Hash	Add	Entry	
4042,i32,strcmp,i32	strcmp	
4043,i32,strcmp,i32	strcmp	
4044,i32,xmlStrEqual,i32	xml	Str	Equal	
4045,i32,xmlStrEqual,i32	xml	Str	Equal	
4046,i32,xmlStrEqual,i32	xml	Str	Equal	
4047,i8*,xmlNodeListGetString,i8*	xml	Node	List	Get	String	
4048,i8*,xmlBuildQName,i8*	xml	Build	Q	Name	
4049,i8*,xmlBuildQName,i8*	xml	Build	Q	Name	
4050,i8*,xmlBuildQName,i8*	xml	Build	Q	Name	
4051,i32,xmlRegexpIsDeterminist,i32	xml	Regexp	Is	Determinist	
4052,i32,xmlRegexpIsDeterminist,i32	xml	Regexp	Is	Determinist	
4053,i8*,xmlSplitQName3,i8*	xml	Split	Q	Name3	
4054,i8*,dlerror,i8*	dlerror	
4055,i8*,inet_ntop,i8*	inet	ntop	
4056,i8*,xmlTranscodeString,i8*	xml	Transcode	String	
4057,_xmlURI*,xmlParseURI,xml	U	R	I*	xml	Parse	U	R	I	
4058,i8*,xmlSaveUri,i8*	xml	Save	Uri	
4059,i32,xmlStrEqual,i32	xml	Str	Equal	
4060,i32,xmlStrEqual,i32	xml	Str	Equal	
4061,i32,xmlStrEqual,i32	xml	Str	Equal	
4062,i32,xmlStrEqual,i32	xml	Str	Equal	
4063,_xmlXPathContext*,xmlXPtrNewContext,xml	X	Path	Context*	xml	X	Ptr	New	Context	
4064,_xmlXPathObject*,xmlXPtrEval,xml	X	Path	Object*	xml	X	Ptr	Eval	
4065,i8*,xmlSaveUri,i8*	xml	Save	Uri	
4066,i8*,xmlGetNsProp,i8*	xml	Get	Ns	Prop	
4067,i8*,xmlBuildRelativeURI,i8*	xml	Build	Relative	U	R	I	
4068,i8*,xmlStrchr,i8*	xml	Strchr	
4069,i8*,xmlGetNsProp,i8*	xml	Get	Ns	Prop	
4070,i8*,xmlBuildRelativeURI,i8*	xml	Build	Relative	U	R	I	
4071,i32,xmlStrEqual,i32	xml	Str	Equal	
4072,i8*,xmlGetNsProp,i8*	xml	Get	Ns	Prop	
4073,i8*,xmlBuildURI,i8*	xml	Build	U	R	I	
4074,i8*,xmlGetNsProp,i8*	xml	Get	Ns	Prop	
4075,i8*,xmlGetNsProp,i8*	xml	Get	Ns	Prop	
4076,_xmlURI*,xmlParseURI,xml	U	R	I*	xml	Parse	U	R	I	
4077,i8*,xmlSaveUri,i8*	xml	Save	Uri	
4078,i32,xmlStrEqual,i32	xml	Str	Equal	
4079,_xmlParserInput*,xmlLoadExternalEntity,xml	Parser	Input*	xml	Load	External	Entity	
4080,i32,xmlParserInputBufferRead,i32	xml	Parser	Input	Buffer	Read	
4081,i32,xmlStringCurrentChar,i32	xml	String	Current	Char	
4082,i8*,xmlXIncludeGetProp,i8*	xml	X	Include	Get	Prop	
4083,i8*,xmlXIncludeGetProp,i8*	xml	X	Include	Get	Prop	
4084,i8*,xmlXIncludeGetProp,i8*	xml	X	Include	Get	Prop	
4085,i32,xmlStrEqual,i32	xml	Str	Equal	
4086,i32,xmlStrEqual,i32	xml	Str	Equal	
4087,i8*,xmlXIncludeGetProp,i8*	xml	X	Include	Get	Prop	
4088,i8*,xmlXIncludeGetProp,i8*	xml	X	Include	Get	Prop	
4089,i8*,xmlNodeGetBase,i8*	xml	Node	Get	Base	
4090,i8*,xmlBuildURI,i8*	xml	Build	U	R	I	
4091,i8*,xmlURIEscape,i8*	xml	U	R	I	Escape	
4092,i8*,xmlURIEscape,i8*	xml	U	R	I	Escape	
4093,i8*,xmlBuildURI,i8*	xml	Build	U	R	I	
4094,i8*,xmlXIncludeGetProp,i8*	xml	X	Include	Get	Prop	
4095,i8*,xmlXIncludeGetProp,i8*	xml	X	Include	Get	Prop	
4096,i8*,xmlNodeGetBase,i8*	xml	Node	Get	Base	
4097,i32,xmlXIncludeLoadDoc,i32	xml	X	Include	Load	Doc	
4098,i32,xmlStrEqual,i32	xml	Str	Equal	
4099,i32,xmlStrEqual,i32	xml	Str	Equal	
4100,i32,xmlStrEqual,i32	xml	Str	Equal	
4101,i32,xmlXIncludeLoadDoc,i32	xml	X	Include	Load	Doc	
4102,i32,xmlXIncludeLoadDoc,i32	xml	X	Include	Load	Doc	
4103,i8*,xmlBuildURI,i8*	xml	Build	U	R	I	
4104,i8*,xmlXIncludeGetProp,i8*	xml	X	Include	Get	Prop	
4105,i8*,xmlXIncludeGetProp,i8*	xml	X	Include	Get	Prop	
4106,i8*,xmlNodeGetBase,i8*	xml	Node	Get	Base	
4107,i32,xmlStrEqual,i32	xml	Str	Equal	
4108,i32,xmlStrEqual,i32	xml	Str	Equal	
4109,i32,xmlStrEqual,i32	xml	Str	Equal	
4110,i32,xmlStrEqual,i32	xml	Str	Equal	
4111,i32,xmlStrEqual,i32	xml	Str	Equal	
4112,i32,xmlStrEqual,i32	xml	Str	Equal	
4113,i32,xmlStrEqual,i32	xml	Str	Equal	
4114,i32,xmlStrEqual,i32	xml	Str	Equal	
4115,i32,xmlStrEqual,i32	xml	Str	Equal	
4116,i32,xmlStrEqual,i32	xml	Str	Equal	
4117,i32,xmlStrEqual,i32	xml	Str	Equal	
4118,i32,xmlStrEqual,i32	xml	Str	Equal	
4119,i32,xmlXIncludeTestNode,i32	xml	X	Include	Test	Node	
4120,i32,xmlXIncludeTestNode,i32	xml	X	Include	Test	Node	
4121,i32,xmlXIncludeTestNode,i32	xml	X	Include	Test	Node	
4122,i32,xmlXIncludeTestNode,i32	xml	X	Include	Test	Node	
4123,_xmlXIncludeCtxt*,xmlXIncludeNewContext,xml	X	Include	Ctxt*	xml	X	Include	New	Context	
4124,_xmlNode*,xmlDocGetRootElement,xml	Node*	xml	Doc	Get	Root	Element	
4125,_xmlXIncludeCtxt*,xmlXIncludeNewContext,xml	X	Include	Ctxt*	xml	X	Include	New	Context	
4126,i8*,xmlXIncludeGetProp,i8*	xml	X	Include	Get	Prop	
4127,i8*,xmlXIncludeGetProp,i8*	xml	X	Include	Get	Prop	
4128,i8*,xmlXIncludeGetProp,i8*	xml	X	Include	Get	Prop	
4129,i32,xmlStrEqual,i32	xml	Str	Equal	
4130,i32,xmlStrEqual,i32	xml	Str	Equal	
4131,i8*,xmlXIncludeGetProp,i8*	xml	X	Include	Get	Prop	
4132,i8*,xmlXIncludeGetProp,i8*	xml	X	Include	Get	Prop	
4133,i8*,xmlNodeGetBase,i8*	xml	Node	Get	Base	
4134,i8*,xmlBuildURI,i8*	xml	Build	U	R	I	
4135,i8*,xmlURIEscape,i8*	xml	U	R	I	Escape	
4136,i8*,xmlURIEscape,i8*	xml	U	R	I	Escape	
4137,i8*,xmlXIncludeGetProp,i8*	xml	X	Include	Get	Prop	
4138,i8*,xmlXIncludeGetProp,i8*	xml	X	Include	Get	Prop	
4139,i8*,xmlNodeGetBase,i8*	xml	Node	Get	Base	
4140,i8*,xmlBuildURI,i8*	xml	Build	U	R	I	
4141,_xmlURI*,xmlParseURI,xml	U	R	I*	xml	Parse	U	R	I	
4142,i8*,xmlSaveUri,i8*	xml	Save	Uri	
4143,i32,xmlStrEqual,i32	xml	Str	Equal	
4144,_xmlXIncludeRef*,xmlXIncludeNewRef,xml	X	Include	Ref*	xml	X	Include	New	Ref	
4145,i32,xmlStrEqual,i32	xml	Str	Equal	
4146,i32,xmlStrEqual,i32	xml	Str	Equal	
4147,i32,xmlStrEqual,i32	xml	Str	Equal	
4148,_xmlNs*,xmlSearchNs,xml	Ns*	xml	Search	Ns	
4149,i32,xmlStrEqual,i32	xml	Str	Equal	
4150,i32,xmlStrEqual,i32	xml	Str	Equal	
4151,i32,strcmp,i32	strcmp	
4152,i32,strcmp,i32	strcmp	
4153,i32,strcmp,i32	strcmp	
4154,i32,strcmp,i32	strcmp	
4155,i8*,xmlCatalogResolvePublic,i8*	xml	Catalog	Resolve	Public	
4156,i32,strcmp,i32	strcmp	
4157,i8*,xmlCatalogResolvePublic,i8*	xml	Catalog	Resolve	Public	
4158,i32,strcmp,i32	strcmp	
4159,i32,xmlCatalogAdd,i32	xml	Catalog	Add	
4160,i32,xmlCatalogAdd,i32	xml	Catalog	Add	
4161,i32,strcmp,i32	strcmp	
4162,i32,xmlCatalogAdd,i32	xml	Catalog	Add	
4163,i32,strcmp,i32	strcmp	
4164,i8*,xmlCatalogResolvePublic,i8*	xml	Catalog	Resolve	Public	
4165,i32,strcmp,i32	strcmp	
4166,i32,strcmp,i32	strcmp	
4167,i32,strcmp,i32	strcmp	
4168,i32,strcmp,i32	strcmp	
4169,i32,strcmp,i32	strcmp	
4170,i32,strcmp,i32	strcmp	
4171,i32,strcmp,i32	strcmp	
4172,i32,strcmp,i32	strcmp	
4173,i32,strcmp,i32	strcmp	
4174,i32,strcmp,i32	strcmp	
4175,i32,strcmp,i32	strcmp	
4176,i32,strcmp,i32	strcmp	
4177,i32,strcmp,i32	strcmp	
4178,i32,strcmp,i32	strcmp	
4179,i32,strcmp,i32	strcmp	
4180,i32,strcmp,i32	strcmp	
4181,i32,strcmp,i32	strcmp	
4182,i32,strcmp,i32	strcmp	
4183,i32,strcmp,i32	strcmp	
4184,i32,strcmp,i32	strcmp	
4185,i32,strcmp,i32	strcmp	
4186,i32,strcmp,i32	strcmp	
4187,i32,strcmp,i32	strcmp	
4188,i32,strcmp,i32	strcmp	
4189,i32,strcmp,i32	strcmp	
4190,i32,strcmp,i32	strcmp	
4191,i32,strcmp,i32	strcmp	
4192,i32,strcmp,i32	strcmp	
4193,i32,xmlLoadCatalog,i32	xml	Load	Catalog	
4194,i32,strcmp,i32	strcmp	
4195,i32,strcmp,i32	strcmp	
4196,i32,strcmp,i32	strcmp	
4197,i32,strcmp,i32	strcmp	
4198,i32,strcmp,i32	strcmp	
4199,i32,strcmp,i32	strcmp	
4200,i32,strcmp,i32	strcmp	
4201,i32,xmlLoadCatalog,i32	xml	Load	Catalog	
4202,i32,xmlCatalogIsEmpty,i32	xml	Catalog	Is	Empty	
4203,i32,xmlLoadCatalog,i32	xml	Load	Catalog	
4204,i32,xmlCatalogIsEmpty,i32	xml	Catalog	Is	Empty	
4205,_IO_FILE*,fopen64,I	O	F	I	L	E*	fopen	
4206,i32,xmlCatalogIsEmpty,i32	xml	Catalog	Is	Empty	
4207,_IO_FILE*,fopen64,I	O	F	I	L	E*	fopen	
4208,i32,strcmp,i32	strcmp	
4209,i32,strcmp,i32	strcmp	
4210,i32,xmlLoadCatalog,i32	xml	Load	Catalog	
4211,i32,strcmp,i32	strcmp	
4212,i32,strcmp,i32	strcmp	
4213,i32,xmlLoadCatalog,i32	xml	Load	Catalog	
4214,_xmlURI*,xmlParseURI,xml	U	R	I*	xml	Parse	U	R	I	
4215,i8*,xmlCatalogResolvePublic,i8*	xml	Catalog	Resolve	Public	
4216,i8*,xmlCatalogResolvePublic,i8*	xml	Catalog	Resolve	Public	
4217,i8*,xmlCatalogResolvePublic,i8*	xml	Catalog	Resolve	Public	
4218,_IO_FILE*,fopen64,I	O	F	I	L	E*	fopen	
4219,i8*,fgets,i8*	fgets	
4220,i8*,malloc,i8*	malloc	
4221,i32,ferror,i32	ferror	
4222,i32,fflush,i32	fflush	
4223,i32,fclose,i32	fclose	
4224,i32,fflush,i32	fflush	
4225,i32,fflush,i32	fflush	
4226,i32,xmlBufferAdd,i32	xml	Buffer	Add	
4227,i32,xmlStrncasecmp,i32	xml	Strncasecmp	
4228,i32,xmlStrncasecmp,i32	xml	Strncasecmp	
4229,i32,xmlBufGetAllocationScheme,i32	xml	Buf	Get	Allocation	Scheme	
4230,_xmlParserInputBuffer*,xmlAllocParserInputBuffer,xml	Parser	Input	Buffer*	xml	Alloc	Parser	Input	Buffer	
4231,i32*,__errno_location,i	errno	location	
4232,_xmlURI*,xmlParseURI,xml	U	R	I*	xml	Parse	U	R	I	
4233,i32,xmlStrEqual,i32	xml	Str	Equal	
4234,i32*,__errno_location,i	errno	location	
4235,i32*,__errno_location,i	errno	location	
4236,i32*,__errno_location,i	errno	location	
4237,_xmlOutputBuffer*,xmlAllocOutputBufferInternal,xml	Output	Buffer*	xml	Alloc	Output	Buffer	Internal	
4238,i32*,__errno_location,i	errno	location	
4239,i32*,__errno_location,i	errno	location	
4240,_xmlParserInputBuffer*,xmlAllocParserInputBuffer,xml	Parser	Input	Buffer*	xml	Alloc	Parser	Input	Buffer	
4241,i32*,__errno_location,i	errno	location	
4242,_xmlOutputBuffer*,xmlAllocOutputBufferInternal,xml	Output	Buffer*	xml	Alloc	Output	Buffer	Internal	
4243,i32*,__errno_location,i	errno	location	
4244,i32*,__errno_location,i	errno	location	
4245,i32*,__errno_location,i	errno	location	
4246,_xmlParserInputBuffer*,xmlAllocParserInputBuffer,xml	Parser	Input	Buffer*	xml	Alloc	Parser	Input	Buffer	
4247,i32*,__errno_location,i	errno	location	
4248,_xmlParserInputBuffer*,xmlAllocParserInputBuffer,xml	Parser	Input	Buffer*	xml	Alloc	Parser	Input	Buffer	
4249,i32,xmlBufAdd,i32	xml	Buf	Add	
4250,i32*,__errno_location,i	errno	location	
4251,i32*,__errno_location,i	errno	location	
4252,_xmlOutputBuffer*,xmlAllocOutputBufferInternal,xml	Output	Buffer*	xml	Alloc	Output	Buffer	Internal	
4253,i32*,__errno_location,i	errno	location	
4254,_xmlParserInputBuffer*,xmlAllocParserInputBuffer,xml	Parser	Input	Buffer*	xml	Alloc	Parser	Input	Buffer	
4255,i32*,__errno_location,i	errno	location	
4256,_xmlOutputBuffer*,xmlAllocOutputBufferInternal,xml	Output	Buffer*	xml	Alloc	Output	Buffer	Internal	
4257,i32*,__errno_location,i	errno	location	
4258,i32*,__errno_location,i	errno	location	
4259,i32*,__errno_location,i	errno	location	
4260,i32,xmlBufAdd,i32	xml	Buf	Add	
4261,i32*,__errno_location,i	errno	location	
4262,i32,xmlBufAdd,i32	xml	Buf	Add	
4263,i32*,__errno_location,i	errno	location	
4264,i64,xmlBufAvail,i64	xml	Buf	Avail	
4265,i32,xmlBufGrow,i32	xml	Buf	Grow	
4266,i32*,__errno_location,i	errno	location	
4267,i32*,__errno_location,i	errno	location	
4268,i32*,__errno_location,i	errno	location	
4269,i32,xmlBufGetAllocationScheme,i32	xml	Buf	Get	Allocation	Scheme	
4270,i32*,__errno_location,i	errno	location	
4271,i32*,__errno_location,i	errno	location	
4272,i32,xmlBufAdd,i32	xml	Buf	Add	
4273,i64,xmlBufUse,i64	xml	Buf	Use	
4274,i32,xmlBufAdd,i32	xml	Buf	Add	
4275,i32,xmlBufAdd,i32	xml	Buf	Add	
4276,i32,xmlBufAdd,i32	xml	Buf	Add	
4277,i32*,__errno_location,i	errno	location	
4278,i32,xmlBufAdd,i32	xml	Buf	Add	
4279,i32,xmlBufAdd,i32	xml	Buf	Add	
4280,i32,xmlBufAdd,i32	xml	Buf	Add	
4281,i32*,__errno_location,i	errno	location	
4282,i32*,__errno_location,i	errno	location	
4283,i32*,__errno_location,i	errno	location	
4284,i32*,__errno_location,i	errno	location	
4285,i32,xmlBufGetAllocationScheme,i32	xml	Buf	Get	Allocation	Scheme	
4286,i32*,__errno_location,i	errno	location	
4287,i32,xmlBufGrow,i32	xml	Buf	Grow	
4288,i64,xmlBufUse,i64	xml	Buf	Use	
4289,i32*,__errno_location,i	errno	location	
4290,i32*,__errno_location,i	errno	location	
4291,i64,xmlBufAvail,i64	xml	Buf	Avail	
4292,i32*,__errno_location,i	errno	location	
4293,i32*,__errno_location,i	errno	location	
4294,i32*,__errno_location,i	errno	location	
4295,i32*,__errno_location,i	errno	location	
4296,i32*,__errno_location,i	errno	location	
4297,i8*,getcwd,i8*	getcwd	
4298,i32*,__errno_location,i	errno	location	
4299,i32,xmlNanoHTTPReturnCode,i32	xml	Nano	H	T	T	P	Return	Code	
4300,i8*,xmlStrstr,i8*	xml	Strstr	
4301,i8*,xmlStrstr,i8*	xml	Strstr	
4302,i8*,xmlNanoHTTPEncoding,i8*	xml	Nano	H	T	T	P	Encoding	
4303,i32*,__errno_location,i	errno	location	
4304,_xmlCharEncodingHandler*,xmlFindCharEncodingHandler,xml	Char	Encoding	Handler*	xml	Find	Char	Encoding	Handler	
4305,i8*,xmlNanoHTTPRedir,i8*	xml	Nano	H	T	T	P	Redir	
4306,i32*,__errno_location,i	errno	location	
4307,i32,xmlStrncasecmp,i32	xml	Strncasecmp	
4308,i32,xmlStrncasecmp,i32	xml	Strncasecmp	
4309,i32*,__errno_location,i	errno	location	
4310,i32,xmlNoNetExists,i32	xml	No	Net	Exists	
4311,i32,xmlCatalogGetDefaults,i32	xml	Catalog	Get	Defaults	
4312,i32,xmlCatalogGetDefaults,i32	xml	Catalog	Get	Defaults	
4313,i32,xmlCatalogGetDefaults,i32	xml	Catalog	Get	Defaults	
4314,i32*,__errno_location,i	errno	location	
4315,i32,xmlCatalogGetDefaults,i32	xml	Catalog	Get	Defaults	
4316,i32,xmlCatalogGetDefaults,i32	xml	Catalog	Get	Defaults	
4317,i32,xmlNoNetExists,i32	xml	No	Net	Exists	
4318,i32,xmlCatalogGetDefaults,i32	xml	Catalog	Get	Defaults	
4319,i32,xmlCatalogGetDefaults,i32	xml	Catalog	Get	Defaults	
4320,i32,xmlCatalogGetDefaults,i32	xml	Catalog	Get	Defaults	
4321,i32,xmlCatalogGetDefaults,i32	xml	Catalog	Get	Defaults	
4322,i32*,__errno_location,i	errno	location	
4323,i32*,__errno_location,i	errno	location	
4324,i32*,__errno_location,i	errno	location	
4325,i32*,__errno_location,i	errno	location	
4326,i32,xmlNoNetExists,i32	xml	No	Net	Exists	
4327,i8*,xmlCanonicPath,i8*	xml	Canonic	Path	
4328,i32*,__errno_location,i	errno	location	
4329,i32*,__errno_location,i	errno	location	
4330,i32,xmlStrncasecmp,i32	xml	Strncasecmp	
4331,i32,xmlStrncasecmp,i32	xml	Strncasecmp	
4332,i32*,__errno_location,i	errno	location	
4333,i32*,__errno_location,i	errno	location	
4334,i32*,__errno_location,i	errno	location	
4335,i32,stat64,i32	stat	
4336,i32,close,i32	close	
4337,i32,strcmp,i32	strcmp	
4338,i32,xmlStrncasecmp,i32	xml	Strncasecmp	
4339,i32,xmlStrncasecmp,i32	xml	Strncasecmp	
4340,i32,xmlStrncasecmp,i32	xml	Strncasecmp	
4341,i32,xmlCheckFilename,i32	xml	Check	Filename	
4342,i8*,xmlFileOpen_real,i8*	xml	File	Open	real	
4343,i8*,xmlURIUnescapeString,i8*	xml	U	R	I	Unescape	String	
4344,i32,strcmp,i32	strcmp	
4345,i32,xmlStrncasecmp,i32	xml	Strncasecmp	
4346,i32,xmlStrncasecmp,i32	xml	Strncasecmp	
4347,i32,xmlSchemaValidateStream,i32	xml	Schema	Validate	Stream	
4348,i32,xmlSchemaValidateStream,i32	xml	Schema	Validate	Stream	
4349,_xmlParserInput*,xmlNewIOInputStream,xml	Parser	Input*	xml	New	I	O	Input	Stream	
4350,i8*,xmlTextReaderConstName,i8*	xml	Text	Reader	Const	Name	
4351,i8*,xmlTextReaderConstValue,i8*	xml	Text	Reader	Const	Value	
4352,i32,xmlTextReaderNodeType,i32	xml	Text	Reader	Node	Type	
4353,i32,xmlTextReaderNodeType,i32	xml	Text	Reader	Node	Type	
4354,i32,xmlStreamPush,i32	xml	Stream	Push	
4355,i32,xmlStreamPush,i32	xml	Stream	Push	
4356,i32,xmlTextReaderNodeType,i32	xml	Text	Reader	Node	Type	
4357,i32,xmlTextReaderIsEmptyElement,i32	xml	Text	Reader	Is	Empty	Element	
4358,i32,xmlTextReaderNodeType,i32	xml	Text	Reader	Node	Type	
4359,i32,xmlStreamPush,i32	xml	Stream	Push	
4360,i32,stat64,i32	stat	
4361,i32,open64,i32	open	
4362,i32,xmlStreamPush,i32	xml	Stream	Push	
4363,_xmlTextReader*,xmlReaderForMemory,xml	Text	Reader*	xml	Reader	For	Memory	
4364,i32,xmlStreamPush,i32	xml	Stream	Push	
4365,i32,xmlStreamPush,i32	xml	Stream	Push	
4366,i32,xmlStreamPush,i32	xml	Stream	Push	
4367,i32,xmlTextReaderIsValid,i32	xml	Text	Reader	Is	Valid	
4368,i32,xmlTextReaderIsValid,i32	xml	Text	Reader	Is	Valid	
4369,i32,xmlStreamPush,i32	xml	Stream	Push	
4370,i32,xmlStreamPush,i32	xml	Stream	Push	
4371,_xmlTextReader*,xmlReaderWalker,xml	Text	Reader*	xml	Reader	Walker	
4372,i32,xmlStreamPush,i32	xml	Stream	Push	
4373,i32,xmlStreamPush,i32	xml	Stream	Push	
4374,_xmlSaveCtxt*,xmlSaveToFd,xml	Save	Ctxt*	xml	Save	To	Fd	
4375,i32,xmlXPathIsNaN,i32	xml	X	Path	Is	Na	N	
4376,_xmlXPathContext*,xmlXPathNewContext,xml	X	Path	Context*	xml	X	Path	New	Context	
4377,_xmlXPathObject*,xmlXPathEval,xml	X	Path	Object*	xml	X	Path	Eval	
4378,_IO_FILE*,fopen64,I	O	F	I	L	E*	fopen	
4379,i32,stat64,i32	stat	
4380,i32,open64,i32	open	
4381,i8*,mmap64,i8*	mmap	
4382,_IO_FILE*,fopen64,I	O	F	I	L	E*	fopen	
4383,_xmlParserCtxt*,xmlNewParserCtxt,xml	Parser	Ctxt*	xml	New	Parser	Ctxt	
4384,i32,stat64,i32	stat	
4385,i32,open64,i32	open	
4386,i8*,mmap64,i8*	mmap	
4387,_xmlDtd*,xmlGetIntSubset,xml	Dtd*	xml	Get	Int	Subset	
4388,i32,xmlXIncludeProcessFlags,i32	xml	X	Include	Process	Flags	
4389,i32,xmlValidGetValidElements,i32	xml	Valid	Get	Valid	Elements	
4390,i32,xmlValidGetValidElements,i32	xml	Valid	Get	Valid	Elements	
4391,i32,xmlValidGetValidElements,i32	xml	Valid	Get	Valid	Elements	
4392,i32,htmlDocDump,i32	html	Doc	Dump	
4393,i32,xmlC14NDocDumpMemory,i32	xml	C14	N	Doc	Dump	Memory	
4394,i64,write,i64	write	
4395,i32,xmlC14NDocDumpMemory,i32	xml	C14	N	Doc	Dump	Memory	
4396,i64,write,i64	write	
4397,i32,xmlC14NDocDumpMemory,i32	xml	C14	N	Doc	Dump	Memory	
4398,i64,write,i64	write	
4399,i64,write,i64	write	
4400,i32,xmlSaveFormatFileEnc,i32	xml	Save	Format	File	Enc	
4401,i32,xmlSaveFormatFileEnc,i32	xml	Save	Format	File	Enc	
4402,i32,xmlDocDump,i32	xml	Doc	Dump	
4403,_xmlSaveCtxt*,xmlSaveToFd,xml	Save	Ctxt*	xml	Save	To	Fd	
4404,i64,xmlSaveDoc,i64	xml	Save	Doc	
4405,_xmlDtd*,xmlParseDTD,xml	Dtd*	xml	Parse	D	T	D	
4406,_xmlValidCtxt*,xmlNewValidCtxt,xml	Valid	Ctxt*	xml	New	Valid	Ctxt	
4407,i32,xmlValidateDtd,i32	xml	Validate	Dtd	
4408,_xmlValidCtxt*,xmlNewValidCtxt,xml	Valid	Ctxt*	xml	New	Valid	Ctxt	
4409,i32,xmlValidateDocument,i32	xml	Validate	Document	
4410,i32,xmlSchematronValidateDoc,i32	xml	Schematron	Validate	Doc	
4411,i32,xmlSchematronValidateDoc,i32	xml	Schematron	Validate	Doc	
4412,i32,xmlRelaxNGValidateDoc,i32	xml	Relax	N	G	Validate	Doc	
4413,i32,xmlRelaxNGValidateDoc,i32	xml	Relax	N	G	Validate	Doc	
4414,i32,xmlSchemaValidateDoc,i32	xml	Schema	Validate	Doc	
4415,i32,xmlSchemaValidateDoc,i32	xml	Schema	Validate	Doc	
4416,i32,xmlHasFeature,i32	xml	Has	Feature	
4417,i32,xmlHasFeature,i32	xml	Has	Feature	
4418,i32,xmlHasFeature,i32	xml	Has	Feature	
4419,i32,xmlHasFeature,i32	xml	Has	Feature	
4420,i32,xmlHasFeature,i32	xml	Has	Feature	
4421,i32,xmlHasFeature,i32	xml	Has	Feature	
4422,i32,xmlHasFeature,i32	xml	Has	Feature	
4423,i32,xmlHasFeature,i32	xml	Has	Feature	
4424,i32,xmlHasFeature,i32	xml	Has	Feature	
4425,i32,xmlHasFeature,i32	xml	Has	Feature	
4426,i32,xmlHasFeature,i32	xml	Has	Feature	
4427,i32,xmlHasFeature,i32	xml	Has	Feature	
4428,i32,xmlHasFeature,i32	xml	Has	Feature	
4429,i32,xmlHasFeature,i32	xml	Has	Feature	
4430,i32,xmlHasFeature,i32	xml	Has	Feature	
4431,i32,xmlHasFeature,i32	xml	Has	Feature	
4432,i32,xmlHasFeature,i32	xml	Has	Feature	
4433,i32,xmlHasFeature,i32	xml	Has	Feature	
4434,i32,xmlHasFeature,i32	xml	Has	Feature	
4435,i32,xmlHasFeature,i32	xml	Has	Feature	
4436,i32,xmlHasFeature,i32	xml	Has	Feature	
4437,i32,xmlHasFeature,i32	xml	Has	Feature	
4438,i32,xmlHasFeature,i32	xml	Has	Feature	
4439,i32,xmlHasFeature,i32	xml	Has	Feature	
4440,i32,xmlHasFeature,i32	xml	Has	Feature	
4441,i32,xmlHasFeature,i32	xml	Has	Feature	
4442,i32,xmlHasFeature,i32	xml	Has	Feature	
4443,i32,xmlHasFeature,i32	xml	Has	Feature	
4444,i32,xmlHasFeature,i32	xml	Has	Feature	
4445,i32,xmlHasFeature,i32	xml	Has	Feature	
4446,i32,xmlHasFeature,i32	xml	Has	Feature	
4447,i32,xmlHasFeature,i32	xml	Has	Feature	
4448,i8*,xmlStrdup,i8*	xml	Strdup	
4449,i32,strcmp,i32	strcmp	
4450,i32,strcmp,i32	strcmp	
4451,i32,strcmp,i32	strcmp	
4452,i32,strcmp,i32	strcmp	
4453,i32,strcmp,i32	strcmp	
4454,i32,strcmp,i32	strcmp	
4455,i32,strcmp,i32	strcmp	
4456,i32,strcmp,i32	strcmp	
4457,i32,strcmp,i32	strcmp	
4458,i32,strcmp,i32	strcmp	
4459,i32,strcmp,i32	strcmp	
4460,i32,strcmp,i32	strcmp	
4461,i32,strcmp,i32	strcmp	
4462,i32,strcmp,i32	strcmp	
4463,i32,strcmp,i32	strcmp	
4464,i32,strcmp,i32	strcmp	
4465,i32,strcmp,i32	strcmp	
4466,i32,strcmp,i32	strcmp	
4467,i32,strcmp,i32	strcmp	
4468,i32,strcmp,i32	strcmp	
4469,i32,strcmp,i32	strcmp	
4470,i32,strcmp,i32	strcmp	
4471,i32,strcmp,i32	strcmp	
4472,i32,strcmp,i32	strcmp	
4473,i32,strcmp,i32	strcmp	
4474,i32,strcmp,i32	strcmp	
4475,i32,strcmp,i32	strcmp	
4476,i32,strcmp,i32	strcmp	
4477,i32,strcmp,i32	strcmp	
4478,i32,strcmp,i32	strcmp	
4479,i32,strcmp,i32	strcmp	
4480,i32,strcmp,i32	strcmp	
4481,i32,strcmp,i32	strcmp	
4482,i32,strcmp,i32	strcmp	
4483,i32,strcmp,i32	strcmp	
4484,i32,strcmp,i32	strcmp	
4485,i32,strcmp,i32	strcmp	
4486,i32,strcmp,i32	strcmp	
4487,i32,strcmp,i32	strcmp	
4488,i32,strcmp,i32	strcmp	
4489,i32,strcmp,i32	strcmp	
4490,i32,strcmp,i32	strcmp	
4491,i32,strcmp,i32	strcmp	
4492,i32,strcmp,i32	strcmp	
4493,i32,strcmp,i32	strcmp	
4494,i32,strcmp,i32	strcmp	
4495,i32,strcmp,i32	strcmp	
4496,i32,strcmp,i32	strcmp	
4497,i32,strcmp,i32	strcmp	
4498,i32,strcmp,i32	strcmp	
4499,i32,strcmp,i32	strcmp	
4500,i32,strcmp,i32	strcmp	
4501,i32,strcmp,i32	strcmp	
4502,i32,strcmp,i32	strcmp	
4503,i32,strcmp,i32	strcmp	
4504,i32,strcmp,i32	strcmp	
4505,i32,strcmp,i32	strcmp	
4506,i32,strcmp,i32	strcmp	
4507,i32,strcmp,i32	strcmp	
4508,i32,strcmp,i32	strcmp	
4509,i32,strcmp,i32	strcmp	
4510,i32,strcmp,i32	strcmp	
4511,i32,strcmp,i32	strcmp	
4512,i32,strcmp,i32	strcmp	
4513,i32,strcmp,i32	strcmp	
4514,i32,strcmp,i32	strcmp	
4515,i32,strcmp,i32	strcmp	
4516,i32,strcmp,i32	strcmp	
4517,i32,strcmp,i32	strcmp	
4518,i32,strcmp,i32	strcmp	
4519,i32,strcmp,i32	strcmp	
4520,i32,strcmp,i32	strcmp	
4521,i32,strcmp,i32	strcmp	
4522,i32,strcmp,i32	strcmp	
4523,i32,strcmp,i32	strcmp	
4524,i32,strcmp,i32	strcmp	
4525,i32,strcmp,i32	strcmp	
4526,i32,strcmp,i32	strcmp	
4527,i32,strcmp,i32	strcmp	
4528,i32,strcmp,i32	strcmp	
4529,i32,strcmp,i32	strcmp	
4530,i32,strcmp,i32	strcmp	
4531,i32,strcmp,i32	strcmp	
4532,i32,strcmp,i32	strcmp	
4533,i32,strcmp,i32	strcmp	
4534,i32,strcmp,i32	strcmp	
4535,i32,strcmp,i32	strcmp	
4536,i32,strcmp,i32	strcmp	
4537,i32,strcmp,i32	strcmp	
4538,i32,strcmp,i32	strcmp	
4539,i32,strcmp,i32	strcmp	
4540,i32,strcmp,i32	strcmp	
4541,i32,strcmp,i32	strcmp	
4542,i32,strcmp,i32	strcmp	
4543,i32,strcmp,i32	strcmp	
4544,i32,strcmp,i32	strcmp	
4545,i32,__isoc99_sscanf,i32	isoc	sscanf	
4546,i32,strcmp,i32	strcmp	
4547,i32,strcmp,i32	strcmp	
4548,i32,strcmp,i32	strcmp	
4549,i32,strcmp,i32	strcmp	
4550,i32,strcmp,i32	strcmp	
4551,i32,strcmp,i32	strcmp	
4552,i32,strcmp,i32	strcmp	
4553,i32,strcmp,i32	strcmp	
4554,i32,strcmp,i32	strcmp	
4555,i32,strcmp,i32	strcmp	
4556,i32,strcmp,i32	strcmp	
4557,i32,strcmp,i32	strcmp	
4558,i32,strcmp,i32	strcmp	
4559,i32,strcmp,i32	strcmp	
4560,i32,strcmp,i32	strcmp	
4561,i32,strcmp,i32	strcmp	
4562,i32,strcmp,i32	strcmp	
4563,i32,strcmp,i32	strcmp	
4564,i32,strcmp,i32	strcmp	
4565,i32,strcmp,i32	strcmp	
4566,i32,strcmp,i32	strcmp	
4567,i32,strcmp,i32	strcmp	
4568,i32,strcmp,i32	strcmp	
4569,i32,strcmp,i32	strcmp	
4570,i32,strcmp,i32	strcmp	
4571,i32,strcmp,i32	strcmp	
4572,i32,strcmp,i32	strcmp	
4573,i32,strcmp,i32	strcmp	
4574,i32,strcmp,i32	strcmp	
4575,i32,strcmp,i32	strcmp	
4576,i32,strcmp,i32	strcmp	
4577,i32,strcmp,i32	strcmp	
4578,i32,strcmp,i32	strcmp	
4579,i32,strcmp,i32	strcmp	
4580,i8*,getenv,i8*	getenv	
4581,i8*,getenv,i8*	getenv	
4582,i8*,xmlMemMalloc,i8*	xml	Mem	Malloc	
4583,i32,xmlMemUsed,i32	xml	Mem	Used	
4584,i32,strcmp,i32	strcmp	
4585,i32,strcmp,i32	strcmp	
4586,i32,strcmp,i32	strcmp	
4587,i32,strcmp,i32	strcmp	
4588,i32,strcmp,i32	strcmp	
4589,i32,strcmp,i32	strcmp	
4590,i32,strcmp,i32	strcmp	
4591,i32,strcmp,i32	strcmp	
4592,i32,strcmp,i32	strcmp	
4593,i32,strcmp,i32	strcmp	
4594,i32,strcmp,i32	strcmp	
4595,i32,strcmp,i32	strcmp	
4596,i32,strcmp,i32	strcmp	
4597,i32,strcmp,i32	strcmp	
4598,i32,strcmp,i32	strcmp	
4599,i32,strcmp,i32	strcmp	
4600,i32,strcmp,i32	strcmp	
4601,i32,strcmp,i32	strcmp	
4602,i32,strcmp,i32	strcmp	
4603,i32,strcmp,i32	strcmp	
4604,i32,strcmp,i32	strcmp	
4605,i32,strcmp,i32	strcmp	
4606,i32,strcmp,i32	strcmp	
4607,i32,strcmp,i32	strcmp	
4608,i32,strcmp,i32	strcmp	
4609,i32,strcmp,i32	strcmp	
4610,i8*,xmlMemRealloc,i8*	xml	Mem	Realloc	
4611,i32,xmlMemUsed,i32	xml	Mem	Used	
4612,i8*,xmlMemoryStrdup,i8*	xml	Memory	Strdup	
4613,i32,xmlMemUsed,i32	xml	Mem	Used	
4614,i8*,xmlEncodeEntitiesReentrant,i8*	xml	Encode	Entities	Reentrant	
4615,i8*,fgets,i8*	fgets	
4616,i8*,malloc,i8*	malloc	
4617,i8*,getenv,i8*	getenv	
4618,i8*,getenv,i8*	getenv	
4619,i32,xmlRelaxNGValidatePushCData,i32	xml	Relax	N	G	Validate	Push	C	Data	
4620,i8*,xmlStrdup,i8*	xml	Strdup	
4621,i32,xmlRelaxNGValidatePopElement,i32	xml	Relax	N	G	Validate	Pop	Element	
4622,_xmlNode*,xmlTextReaderGetSuccessor,xml	Node*	xml	Text	Reader	Get	Successor	
4623,i32,xmlTextReaderPushData,i32	xml	Text	Reader	Push	Data	
4624,_xmlBuffer*,xmlBufferCreate,xml	Buffer*	xml	Buffer	Create	
4625,i32,xmlTextReaderPushData,i32	xml	Text	Reader	Push	Data	
4626,i32,xmlTextReaderPushData,i32	xml	Text	Reader	Push	Data	
4627,i32,xmlTextReaderPushData,i32	xml	Text	Reader	Push	Data	
4628,_xmlNode*,xmlTextReaderExpand,xml	Node*	xml	Text	Reader	Expand	
4629,i32,xmlStrEqual,i32	xml	Str	Equal	
4630,i32,xmlStrEqual,i32	xml	Str	Equal	
4631,_xmlNode*,xmlTextReaderExpand,xml	Node*	xml	Text	Reader	Expand	
4632,i32,xmlPatternMatch,i32	xml	Pattern	Match	
4633,i32,xmlSchemaIsValid,i32	xml	Schema	Is	Valid	
4634,i32,xmlTextReaderDoExpand,i32	xml	Text	Reader	Do	Expand	
4635,i32,xmlTextReaderRead,i32	xml	Text	Reader	Read	
4636,_xmlNode*,xmlTextReaderExpand,xml	Node*	xml	Text	Reader	Expand	
4637,i32,xmlNodeDump,i32	xml	Node	Dump	
4638,_xmlNode*,xmlTextReaderExpand,xml	Node*	xml	Text	Reader	Expand	
4639,i32,xmlNodeDump,i32	xml	Node	Dump	
4640,i32,xmlTextReaderDoExpand,i32	xml	Text	Reader	Do	Expand	
4641,i64,xmlBufUse,i64	xml	Buf	Use	
4642,i64,xmlBufUse,i64	xml	Buf	Use	
4643,_xmlParserInputBuffer*,xmlParserInputBufferCreateFilename,xml	Parser	Input	Buffer*	xml	Parser	Input	Buffer	Create	Filename	
4644,_xmlTextReader*,xmlNewTextReader,xml	Text	Reader*	xml	New	Text	Reader	
4645,i8*,xmlNodeListGetString,i8*	xml	Node	List	Get	String	
4646,i8*,xmlSplitQName2,i8*	xml	Split	Q	Name2	
4647,i32,xmlStrEqual,i32	xml	Str	Equal	
4648,i32,xmlStrEqual,i32	xml	Str	Equal	
4649,i32,xmlStrEqual,i32	xml	Str	Equal	
4650,i32,xmlStrEqual,i32	xml	Str	Equal	
4651,i32,xmlStrEqual,i32	xml	Str	Equal	
4652,i32,xmlStrEqual,i32	xml	Str	Equal	
4653,_xmlNs*,xmlSearchNs,xml	Ns*	xml	Search	Ns	
4654,i8*,xmlSplitQName2,i8*	xml	Split	Q	Name2	
4655,i32,xmlStrEqual,i32	xml	Str	Equal	
4656,i32,xmlStrEqual,i32	xml	Str	Equal	
4657,i32,xmlStrEqual,i32	xml	Str	Equal	
4658,i32,xmlStrEqual,i32	xml	Str	Equal	
4659,i32,xmlStrEqual,i32	xml	Str	Equal	
4660,i32,xmlStrEqual,i32	xml	Str	Equal	
4661,i8*,xmlSplitQName2,i8*	xml	Split	Q	Name2	
4662,i8*,xmlSplitQName2,i8*	xml	Split	Q	Name2	
4663,i32,xmlStrEqual,i32	xml	Str	Equal	
4664,i32,xmlStrEqual,i32	xml	Str	Equal	
4665,i32,xmlStrEqual,i32	xml	Str	Equal	
4666,i32,xmlStrEqual,i32	xml	Str	Equal	
4667,i32,xmlStrEqual,i32	xml	Str	Equal	
4668,i32,xmlIsBlankNode,i32	xml	Is	Blank	Node	
4669,i32,xmlNodeGetSpacePreserve,i32	xml	Node	Get	Space	Preserve	
4670,i8*,xmlNodeGetBase,i8*	xml	Node	Get	Base	
4671,i8*,xmlBufContent,i8*	xml	Buf	Content	
4672,i8*,xmlNodeGetLang,i8*	xml	Node	Get	Lang	
4673,_xmlPattern*,xmlPatterncompile,xml	Pattern*	xml	Patterncompile	
4674,i8*,xmlTextReaderBuildMessage,i8*	xml	Text	Reader	Build	Message	
4675,i8*,xmlTextReaderBuildMessage,i8*	xml	Text	Reader	Build	Message	
4676,i64,xmlGetLineNo,i64	xml	Get	Line	No	
4677,i32,xmlDictOwns,i32	xml	Dict	Owns	
4678,i32,xmlDictOwns,i32	xml	Dict	Owns	
4679,i64,xmlBufUse,i64	xml	Buf	Use	
4680,i32,xmlParserInputBufferRead,i32	xml	Parser	Input	Buffer	Read	
4681,i32,xmlBufGetAllocationScheme,i32	xml	Buf	Get	Allocation	Scheme	
4682,i64,xmlBufUse,i64	xml	Buf	Use	
4683,i32,xmlParserInputBufferRead,i32	xml	Parser	Input	Buffer	Read	
4684,i32,xmlParserInputBufferRead,i32	xml	Parser	Input	Buffer	Read	
4685,i64,xmlBufUse,i64	xml	Buf	Use	
4686,i32,xmlParserInputBufferRead,i32	xml	Parser	Input	Buffer	Read	
4687,i32,xmlParserInputBufferRead,i32	xml	Parser	Input	Buffer	Read	
4688,i32,xmlBufGetAllocationScheme,i32	xml	Buf	Get	Allocation	Scheme	
4689,i64,xmlBufUse,i64	xml	Buf	Use	
4690,i32,xmlParserInputBufferRead,i32	xml	Parser	Input	Buffer	Read	
4691,i32,xmlParserInputBufferRead,i32	xml	Parser	Input	Buffer	Read	
4692,i8*,xmlStrdup,i8*	xml	Strdup	
4693,i32,xmlRelaxNGValidatePushElement,i32	xml	Relax	N	G	Validate	Push	Element	
4694,i32,xmlRelaxNGValidatePushElement,i32	xml	Relax	N	G	Validate	Push	Element	
4695,i32,xmlStrEqual,i32	xml	Str	Equal	
4696,i32,xmlStrEqual,i32	xml	Str	Equal	
4697,i32,xmlSaveSwitchEncoding,i32	xml	Save	Switch	Encoding	
4698,i32,xmlParseCharEncoding,i32	xml	Parse	Char	Encoding	
4699,i32,xmlParseCharEncoding,i32	xml	Parse	Char	Encoding	
4700,i32,xmlParseCharEncoding,i32	xml	Parse	Char	Encoding	
4701,i32,xmlSaveSwitchEncoding,i32	xml	Save	Switch	Encoding	
4702,_xmlDtd*,xmlGetIntSubset,xml	Dtd*	xml	Get	Int	Subset	
4703,_xmlSaveCtxt*,xmlNewSaveCtxt,xml	Save	Ctxt*	xml	New	Save	Ctxt	
4704,_xmlSaveCtxt*,xmlNewSaveCtxt,xml	Save	Ctxt*	xml	New	Save	Ctxt	
4705,_xmlSaveCtxt*,xmlNewSaveCtxt,xml	Save	Ctxt*	xml	New	Save	Ctxt	
4706,_xmlCharEncodingHandler*,xmlFindCharEncodingHandler,xml	Char	Encoding	Handler*	xml	Find	Char	Encoding	Handler	
4707,_xmlOutputBuffer*,xmlOutputBufferCreateBuffer,xml	Output	Buffer*	xml	Output	Buffer	Create	Buffer	
4708,_xmlCharEncodingHandler*,xmlFindCharEncodingHandler,xml	Char	Encoding	Handler*	xml	Find	Char	Encoding	Handler	
4709,_xmlSaveCtxt*,xmlNewSaveCtxt,xml	Save	Ctxt*	xml	New	Save	Ctxt	
4710,i32,xmlDocContentDumpOutput,i32	xml	Doc	Content	Dump	Output	
4711,_xmlBuffer*,xmlBufferCreate,xml	Buffer*	xml	Buffer	Create	
4712,_xmlBuffer*,xmlBufferCreate,xml	Buffer*	xml	Buffer	Create	
4713,_xmlBuffer*,xmlBufferCreate,xml	Buffer*	xml	Buffer	Create	
4714,_xmlBuffer*,xmlBufferCreate,xml	Buffer*	xml	Buffer	Create	
4715,i32,xmlStrEqual,i32	xml	Str	Equal	
4716,i32,xmlStrEqual,i32	xml	Str	Equal	
4717,i32,xmlStrEqual,i32	xml	Str	Equal	
4718,i32,xmlStrEqual,i32	xml	Str	Equal	
4719,i32,xmlStrEqual,i32	xml	Str	Equal	
4720,i32,xmlStrEqual,i32	xml	Str	Equal	
4721,i32,xmlStrEqual,i32	xml	Str	Equal	
4722,_xmlSchemaParserCtxt*,xmlSchemaParserCtxtCreate,xml	Schema	Parser	Ctxt*	xml	Schema	Parser	Ctxt	Create	
4723,_xmlSchemaParserCtxt*,xmlSchemaParserCtxtCreate,xml	Schema	Parser	Ctxt*	xml	Schema	Parser	Ctxt	Create	
4724,_xmlSchemaParserCtxt*,xmlSchemaParserCtxtCreate,xml	Schema	Parser	Ctxt*	xml	Schema	Parser	Ctxt	Create	
4725,i32,xmlStrEqual,i32	xml	Str	Equal	
4726,i32,xmlStrEqual,i32	xml	Str	Equal	
4727,i32,xmlStrEqual,i32	xml	Str	Equal	
4728,i8*,xmlNodeGetContent,i8*	xml	Node	Get	Content	
4729,_xmlSchemaVal*,xmlSchemaNewValue,xml	Schema	Val*	xml	Schema	New	Value	
4730,_xmlSchemaParticle*,xmlSchemaAddParticle,xml	Schema	Particle*	xml	Schema	Add	Particle	
4731,_xmlSchemaParticle*,xmlSchemaAddParticle,xml	Schema	Particle*	xml	Schema	Add	Particle	
4732,_xmlSchemaVal*,xmlSchemaNewValue,xml	Schema	Val*	xml	Schema	New	Value	
4733,i32,xmlStrlen,i32	xml	Strlen	
4734,i32,xmlStrncmp,i32	xml	Strncmp	
4735,i32,xmlStrlen,i32	xml	Strlen	
4736,i32,xmlStrncasecmp,i32	xml	Strncasecmp	
4737,i32,xmlStrncmp,i32	xml	Strncmp	
4738,i32,(i32)* xmlUnicodeLookup,i32	i	xml	Unicode	Lookup	
4739,i32,(i32)* xmlUnicodeLookup,i32	i	xml	Unicode	Lookup	
4740,i32,strcmp,i32	strcmp	
4741,i32,strcmp,i32	strcmp	
4742,i32,xmlTextWriterEndAttribute,i32	xml	Text	Writer	End	Attribute	
4743,i32,xmlTextWriterEndAttribute,i32	xml	Text	Writer	End	Attribute	
4744,i32,xmlTextWriterStartElement,i32	xml	Text	Writer	Start	Element	
4745,_xmlLink*,xmlListFront,xml	Link*	xml	List	Front	
4746,i32,xmlTextWriterEndAttribute,i32	xml	Text	Writer	End	Attribute	
4747,i32,xmlTextWriterEndAttribute,i32	xml	Text	Writer	End	Attribute	
4748,i32,xmlTextWriterEndAttribute,i32	xml	Text	Writer	End	Attribute	
4749,i32,xmlTextWriterEndAttribute,i32	xml	Text	Writer	End	Attribute	
4750,i32,xmlTextWriterEndAttribute,i32	xml	Text	Writer	End	Attribute	
4751,i32,xmlTextWriterEndAttribute,i32	xml	Text	Writer	End	Attribute	
4752,_xmlLink*,xmlListFront,xml	Link*	xml	List	Front	
4753,i32,xmlTextWriterEndAttribute,i32	xml	Text	Writer	End	Attribute	
4754,i32,xmlTextWriterEndAttribute,i32	xml	Text	Writer	End	Attribute	
4755,i32,xmlTextWriterEndAttribute,i32	xml	Text	Writer	End	Attribute	
4756,i32,xmlTextWriterEndAttribute,i32	xml	Text	Writer	End	Attribute	
4757,i32,xmlTextWriterEndAttribute,i32	xml	Text	Writer	End	Attribute	
4758,i32,xmlTextWriterEndAttribute,i32	xml	Text	Writer	End	Attribute	
4759,i8*,xmlTextWriterVSprintf,i8*	xml	Text	Writer	V	Sprintf	
4760,_xmlLink*,xmlListFront,xml	Link*	xml	List	Front	
4761,i32,xmlTextWriterHandleStateDependencies,i32	xml	Text	Writer	Handle	State	Dependencies	
4762,i32,xmlTextWriterHandleStateDependencies,i32	xml	Text	Writer	Handle	State	Dependencies	
4763,i8*,xmlTextWriterVSprintf,i8*	xml	Text	Writer	V	Sprintf	
4764,_xmlLink*,xmlListFront,xml	Link*	xml	List	Front	
4765,i32,xmlTextWriterWriteRaw,i32	xml	Text	Writer	Write	Raw	
4766,i32,xmlOutputBufferWrite,i32	xml	Output	Buffer	Write	
4767,i32,xmlOutputBufferWrite,i32	xml	Output	Buffer	Write	
4768,_xmlLink*,xmlListFront,xml	Link*	xml	List	Front	
4769,i32,xmlTextWriterHandleStateDependencies,i32	xml	Text	Writer	Handle	State	Dependencies	
4770,i32,xmlTextWriterHandleStateDependencies,i32	xml	Text	Writer	Handle	State	Dependencies	
4771,i32,xmlOutputBufferWrite,i32	xml	Output	Buffer	Write	
4772,i32,xmlOutputBufferWrite,i32	xml	Output	Buffer	Write	
4773,_xmlLink*,xmlListFront,xml	Link*	xml	List	Front	
4774,i32,xmlTextWriterHandleStateDependencies,i32	xml	Text	Writer	Handle	State	Dependencies	
4775,i32,xmlTextWriterHandleStateDependencies,i32	xml	Text	Writer	Handle	State	Dependencies	
4776,_xmlLink*,xmlListFront,xml	Link*	xml	List	Front	
4777,i32,xmlTextWriterEndAttribute,i32	xml	Text	Writer	End	Attribute	
4778,i32,xmlTextWriterEndAttribute,i32	xml	Text	Writer	End	Attribute	
4779,i32,xmlTextWriterEndAttribute,i32	xml	Text	Writer	End	Attribute	
4780,i32,xmlTextWriterEndAttribute,i32	xml	Text	Writer	End	Attribute	
4781,i32,xmlTextWriterEndAttribute,i32	xml	Text	Writer	End	Attribute	
4782,i32,xmlStrcmp,i32	xml	Strcmp	
4783,i8*,xmlStrdup,i8*	xml	Strdup	
4784,i32,xmlTextWriterStartAttribute,i32	xml	Text	Writer	Start	Attribute	
4785,_xmlLink*,xmlListFront,xml	Link*	xml	List	Front	
4786,i32,xmlOutputBufferWrite,i32	xml	Output	Buffer	Write	
4787,i8*,xmlTextWriterVSprintf,i8*	xml	Text	Writer	V	Sprintf	
4788,i32,xmlTextWriterStartAttribute,i32	xml	Text	Writer	Start	Attribute	
4789,i32,xmlTextWriterStartAttribute,i32	xml	Text	Writer	Start	Attribute	
4790,i32,xmlTextWriterStartAttribute,i32	xml	Text	Writer	Start	Attribute	
4791,i8*,xmlTextWriterVSprintf,i8*	xml	Text	Writer	V	Sprintf	
4792,i32,xmlTextWriterStartAttributeNS,i32	xml	Text	Writer	Start	Attribute	N	S	
4793,i32,xmlTextWriterStartAttributeNS,i32	xml	Text	Writer	Start	Attribute	N	S	
4794,i32,xmlTextWriterStartAttributeNS,i32	xml	Text	Writer	Start	Attribute	N	S	
4795,i8*,xmlTextWriterVSprintf,i8*	xml	Text	Writer	V	Sprintf	
4796,i32,xmlTextWriterStartElement,i32	xml	Text	Writer	Start	Element	
4797,i32,xmlTextWriterStartElement,i32	xml	Text	Writer	Start	Element	
4798,i32,xmlTextWriterStartElement,i32	xml	Text	Writer	Start	Element	
4799,i8*,xmlTextWriterVSprintf,i8*	xml	Text	Writer	V	Sprintf	
4800,i32,xmlTextWriterStartElementNS,i32	xml	Text	Writer	Start	Element	N	S	
4801,i32,xmlTextWriterStartElementNS,i32	xml	Text	Writer	Start	Element	N	S	
4802,i32,xmlTextWriterStartElementNS,i32	xml	Text	Writer	Start	Element	N	S	
4803,i32,xmlStrcasecmp,i32	xml	Strcasecmp	
4804,_xmlLink*,xmlListFront,xml	Link*	xml	List	Front	
4805,i32,xmlTextWriterEndAttribute,i32	xml	Text	Writer	End	Attribute	
4806,i32,xmlTextWriterEndAttribute,i32	xml	Text	Writer	End	Attribute	
4807,i32,xmlTextWriterEndAttribute,i32	xml	Text	Writer	End	Attribute	
4808,i32,xmlTextWriterEndAttribute,i32	xml	Text	Writer	End	Attribute	
4809,i32,xmlTextWriterEndAttribute,i32	xml	Text	Writer	End	Attribute	
4810,_xmlLink*,xmlListFront,xml	Link*	xml	List	Front	
4811,i32,xmlOutputBufferWriteString,i32	xml	Output	Buffer	Write	String	
4812,i32,xmlOutputBufferWriteString,i32	xml	Output	Buffer	Write	String	
4813,_xmlOutputBuffer*,xmlOutputBufferCreateFilename,xml	Output	Buffer*	xml	Output	Buffer	Create	Filename	
4814,i8*,xmlTextWriterVSprintf,i8*	xml	Text	Writer	V	Sprintf	
4815,_xmlTextWriter*,xmlNewTextWriter,xml	Text	Writer*	xml	New	Text	Writer	
4816,i32,xmlTextWriterStartPI,i32	xml	Text	Writer	Start	P	I	
4817,i32,xmlTextWriterStartPI,i32	xml	Text	Writer	Start	P	I	
4818,i32,xmlTextWriterStartPI,i32	xml	Text	Writer	Start	P	I	
4819,_xmlLink*,xmlListFront,xml	Link*	xml	List	Front	
4820,i32,xmlTextWriterEndAttribute,i32	xml	Text	Writer	End	Attribute	
4821,i32,xmlTextWriterEndAttribute,i32	xml	Text	Writer	End	Attribute	
4822,i32,xmlTextWriterEndAttribute,i32	xml	Text	Writer	End	Attribute	
4823,i32,xmlTextWriterEndAttribute,i32	xml	Text	Writer	End	Attribute	
4824,_xmlLink*,xmlListFront,xml	Link*	xml	List	Front	
4825,i32,xmlOutputBufferWriteString,i32	xml	Output	Buffer	Write	String	
4826,i8*,xmlTextWriterVSprintf,i8*	xml	Text	Writer	V	Sprintf	
4827,i32,xmlTextWriterStartCDATA,i32	xml	Text	Writer	Start	C	D	A	T	A	
4828,i32,xmlTextWriterStartCDATA,i32	xml	Text	Writer	Start	C	D	A	T	A	
4829,i32,xmlTextWriterStartCDATA,i32	xml	Text	Writer	Start	C	D	A	T	A	
4830,i8*,xmlLinkGetData,i8*	xml	Link	Get	Data	
4831,_xmlLink*,xmlListFront,xml	Link*	xml	List	Front	
4832,i32,xmlOutputBufferWriteString,i32	xml	Output	Buffer	Write	String	
4833,i32,xmlOutputBufferWriteString,i32	xml	Output	Buffer	Write	String	
4834,i32,xmlOutputBufferWriteString,i32	xml	Output	Buffer	Write	String	
4835,i32,xmlOutputBufferWriteString,i32	xml	Output	Buffer	Write	String	
4836,_xmlOutputBuffer*,xmlOutputBufferCreateBuffer,xml	Output	Buffer*	xml	Output	Buffer	Create	Buffer	
4837,i32,xmlOutputBufferWriteString,i32	xml	Output	Buffer	Write	String	
4838,i32,xmlOutputBufferWriteString,i32	xml	Output	Buffer	Write	String	
4839,i32,xmlOutputBufferWriteString,i32	xml	Output	Buffer	Write	String	
4840,i32,xmlOutputBufferWriteString,i32	xml	Output	Buffer	Write	String	
4841,i32,xmlOutputBufferWriteString,i32	xml	Output	Buffer	Write	String	
4842,i32,xmlOutputBufferWriteString,i32	xml	Output	Buffer	Write	String	
4843,i32,xmlOutputBufferWriteString,i32	xml	Output	Buffer	Write	String	
4844,i32,xmlOutputBufferWriteString,i32	xml	Output	Buffer	Write	String	
4845,i32,xmlOutputBufferWriteString,i32	xml	Output	Buffer	Write	String	
4846,_xmlTextWriter*,xmlNewTextWriter,xml	Text	Writer*	xml	New	Text	Writer	
4847,_xmlLink*,xmlListFront,xml	Link*	xml	List	Front	
4848,i32,xmlOutputBufferWriteString,i32	xml	Output	Buffer	Write	String	
4849,i32,xmlOutputBufferWriteString,i32	xml	Output	Buffer	Write	String	
4850,i32,xmlOutputBufferWriteString,i32	xml	Output	Buffer	Write	String	
4851,i8*,xmlTextWriterVSprintf,i8*	xml	Text	Writer	V	Sprintf	
4852,i32,xmlTextWriterStartDTD,i32	xml	Text	Writer	Start	D	T	D	
4853,i32,xmlTextWriterStartDTD,i32	xml	Text	Writer	Start	D	T	D	
4854,i32,xmlTextWriterStartDTD,i32	xml	Text	Writer	Start	D	T	D	
4855,_xmlLink*,xmlListFront,xml	Link*	xml	List	Front	
4856,i32,xmlOutputBufferWriteString,i32	xml	Output	Buffer	Write	String	
4857,i32,xmlOutputBufferWriteString,i32	xml	Output	Buffer	Write	String	
4858,i32,xmlOutputBufferWriteString,i32	xml	Output	Buffer	Write	String	
4859,i32,xmlOutputBufferWriteString,i32	xml	Output	Buffer	Write	String	
4860,i32,xmlOutputBufferWriteString,i32	xml	Output	Buffer	Write	String	
4861,_xmlLink*,xmlListFront,xml	Link*	xml	List	Front	
4862,i32,xmlOutputBufferWriteString,i32	xml	Output	Buffer	Write	String	
4863,i32,xmlOutputBufferWriteString,i32	xml	Output	Buffer	Write	String	
4864,i8*,xmlTextWriterVSprintf,i8*	xml	Text	Writer	V	Sprintf	
4865,i32,xmlTextWriterStartDTDElement,i32	xml	Text	Writer	Start	D	T	D	Element	
4866,_xmlOutputBuffer*,xmlOutputBufferCreateIO,xml	Output	Buffer*	xml	Output	Buffer	Create	I	O	
4867,i32,xmlTextWriterStartDTDElement,i32	xml	Text	Writer	Start	D	T	D	Element	
4868,i32,xmlTextWriterStartDTDElement,i32	xml	Text	Writer	Start	D	T	D	Element	
4869,_xmlLink*,xmlListFront,xml	Link*	xml	List	Front	
4870,i32,xmlOutputBufferWriteString,i32	xml	Output	Buffer	Write	String	
4871,i32,xmlOutputBufferWriteString,i32	xml	Output	Buffer	Write	String	
4872,_xmlTextWriter*,xmlNewTextWriter,xml	Text	Writer*	xml	New	Text	Writer	
4873,i32,xmlOutputBufferWriteString,i32	xml	Output	Buffer	Write	String	
4874,i32,xmlOutputBufferWriteString,i32	xml	Output	Buffer	Write	String	
4875,i32,xmlOutputBufferWriteString,i32	xml	Output	Buffer	Write	String	
4876,_xmlLink*,xmlListFront,xml	Link*	xml	List	Front	
4877,i32,xmlOutputBufferWriteString,i32	xml	Output	Buffer	Write	String	
4878,i32,xmlOutputBufferWriteString,i32	xml	Output	Buffer	Write	String	
4879,i8*,xmlTextWriterVSprintf,i8*	xml	Text	Writer	V	Sprintf	
4880,i32,xmlTextWriterStartDTDAttlist,i32	xml	Text	Writer	Start	D	T	D	Attlist	
4881,i32,xmlTextWriterStartDTDAttlist,i32	xml	Text	Writer	Start	D	T	D	Attlist	
4882,i32,xmlTextWriterStartDTDAttlist,i32	xml	Text	Writer	Start	D	T	D	Attlist	
4883,_xmlLink*,xmlListFront,xml	Link*	xml	List	Front	
4884,i32,xmlOutputBufferWriteString,i32	xml	Output	Buffer	Write	String	
4885,i32,xmlOutputBufferWriteString,i32	xml	Output	Buffer	Write	String	
4886,i32,xmlOutputBufferWriteString,i32	xml	Output	Buffer	Write	String	
4887,i32,xmlOutputBufferWriteString,i32	xml	Output	Buffer	Write	String	
4888,i32,xmlOutputBufferWriteString,i32	xml	Output	Buffer	Write	String	
4889,i32,xmlOutputBufferWriteString,i32	xml	Output	Buffer	Write	String	
4890,_xmlLink*,xmlListFront,xml	Link*	xml	List	Front	
4891,i32,xmlOutputBufferWrite,i32	xml	Output	Buffer	Write	
4892,i32,xmlOutputBufferWrite,i32	xml	Output	Buffer	Write	
4893,i32,xmlOutputBufferWrite,i32	xml	Output	Buffer	Write	
4894,_xmlParserCtxt*,xmlCreatePushParserCtxt,xml	Parser	Ctxt*	xml	Create	Push	Parser	Ctxt	
4895,i8*,xmlTextWriterVSprintf,i8*	xml	Text	Writer	V	Sprintf	
4896,i32,xmlTextWriterStartDTDEntity,i32	xml	Text	Writer	Start	D	T	D	Entity	
4897,i32,xmlTextWriterStartDTDEntity,i32	xml	Text	Writer	Start	D	T	D	Entity	
4898,i32,xmlTextWriterStartDTDEntity,i32	xml	Text	Writer	Start	D	T	D	Entity	
4899,i32,xmlTextWriterStartDTDEntity,i32	xml	Text	Writer	Start	D	T	D	Entity	
4900,i32,xmlTextWriterStartDTDEntity,i32	xml	Text	Writer	Start	D	T	D	Entity	
4901,i32,xmlTextWriterStartDTDEntity,i32	xml	Text	Writer	Start	D	T	D	Entity	
4902,_xmlTextWriter*,xmlNewTextWriterPushParser,xml	Text	Writer*	xml	New	Text	Writer	Push	Parser	
4903,_xmlLink*,xmlListFront,xml	Link*	xml	List	Front	
4904,i32,xmlOutputBufferWriteString,i32	xml	Output	Buffer	Write	String	
4905,i32,xmlOutputBufferWriteString,i32	xml	Output	Buffer	Write	String	
4906,i32,xmlOutputBufferWriteString,i32	xml	Output	Buffer	Write	String	
4907,i32,xmlOutputBufferWriteString,i32	xml	Output	Buffer	Write	String	
4908,i32,xmlOutputBufferWriteString,i32	xml	Output	Buffer	Write	String	
4909,i32,xmlOutputBufferWriteString,i32	xml	Output	Buffer	Write	String	
4910,i32,xmlOutputBufferWriteString,i32	xml	Output	Buffer	Write	String	
4911,i32,xmlOutputBufferWriteString,i32	xml	Output	Buffer	Write	String	
4912,i32,xmlOutputBufferWriteString,i32	xml	Output	Buffer	Write	String	
4913,i32,xmlOutputBufferWriteString,i32	xml	Output	Buffer	Write	String	
4914,i32,xmlOutputBufferWriteString,i32	xml	Output	Buffer	Write	String	
4915,_xmlLink*,xmlListFront,xml	Link*	xml	List	Front	
4916,i32,xmlOutputBufferWriteString,i32	xml	Output	Buffer	Write	String	
4917,i32,xmlOutputBufferWriteString,i32	xml	Output	Buffer	Write	String	
4918,i32,xmlOutputBufferWriteString,i32	xml	Output	Buffer	Write	String	
4919,i32,xmlOutputBufferWriteString,i32	xml	Output	Buffer	Write	String	
4920,i32,xmlOutputBufferWriteString,i32	xml	Output	Buffer	Write	String	
4921,i32,xmlOutputBufferWriteString,i32	xml	Output	Buffer	Write	String	
4922,i32,xmlOutputBufferWriteString,i32	xml	Output	Buffer	Write	String	
4923,i32,xmlOutputBufferWriteString,i32	xml	Output	Buffer	Write	String	
4924,i32,xmlOutputBufferWriteString,i32	xml	Output	Buffer	Write	String	
4925,i32,xmlOutputBufferWriteString,i32	xml	Output	Buffer	Write	String	
4926,i32,xmlOutputBufferWriteString,i32	xml	Output	Buffer	Write	String	
4927,i32,xmlOutputBufferWriteString,i32	xml	Output	Buffer	Write	String	
4928,i32,xmlOutputBufferWriteString,i32	xml	Output	Buffer	Write	String	
4929,i32,xmlOutputBufferWriteString,i32	xml	Output	Buffer	Write	String	
4930,i32,xmlOutputBufferWriteString,i32	xml	Output	Buffer	Write	String	
4931,i32,xmlListEmpty,i32	xml	List	Empty	
4932,i32,xmlTextWriterWriteAttribute,i32	xml	Text	Writer	Write	Attribute	
4933,i32,xmlStrcmp,i32	xml	Strcmp	
4934,i32,xmlParseChunk,i32	xml	Parse	Chunk	
4935,i32,xmlParseChunk,i32	xml	Parse	Chunk	
4936,_xmlParserCtxt*,xmlCreatePushParserCtxt,xml	Parser	Ctxt*	xml	Create	Push	Parser	Ctxt	
4937,i32,vsnprintf,i32	vsnprintf	
4938,i32,vsnprintf,i32	vsnprintf	
4939,i32,vsnprintf,i32	vsnprintf	
4940,i32,vsnprintf,i32	vsnprintf	
4941,_xmlTextWriter*,xmlNewTextWriterPushParser,xml	Text	Writer*	xml	New	Text	Writer	Push	Parser	
4942,i32,xmlListSize,i32	xml	List	Size	
4943,i32,xmlListSize,i32	xml	List	Size	
4944,i32,xmlOutputBufferWriteString,i32	xml	Output	Buffer	Write	String	
4945,i32,xmlTextWriterOutputNSDecl,i32	xml	Text	Writer	Output	N	S	Decl	
4946,i32,xmlTextWriterOutputNSDecl,i32	xml	Text	Writer	Output	N	S	Decl	
4947,i8*,xmlLinkGetData,i8*	xml	Link	Get	Data	
4948,_xmlLink*,xmlListFront,xml	Link*	xml	List	Front	
4949,i32,xmlOutputBufferWriteString,i32	xml	Output	Buffer	Write	String	
4950,i32,xmlOutputBufferWriteString,i32	xml	Output	Buffer	Write	String	
4951,i32,xmlOutputBufferWriteString,i32	xml	Output	Buffer	Write	String	
4952,i32,xmlOutputBufferWriteString,i32	xml	Output	Buffer	Write	String	
4953,i32,xmlOutputBufferWriteString,i32	xml	Output	Buffer	Write	String	
4954,i32,xmlOutputBufferWriteString,i32	xml	Output	Buffer	Write	String	
4955,i32,xmlOutputBufferWriteString,i32	xml	Output	Buffer	Write	String	
4956,i32,xmlOutputBufferWriteString,i32	xml	Output	Buffer	Write	String	
4957,i32,xmlOutputBufferWriteString,i32	xml	Output	Buffer	Write	String	
4958,i32,xmlOutputBufferWriteString,i32	xml	Output	Buffer	Write	String	
4959,i32,xmlOutputBufferWriteString,i32	xml	Output	Buffer	Write	String	
4960,i32,xmlOutputBufferWriteString,i32	xml	Output	Buffer	Write	String	
4961,i32,xmlOutputBufferWriteString,i32	xml	Output	Buffer	Write	String	
4962,_xmlLink*,xmlListFront,xml	Link*	xml	List	Front	
4963,i32,xmlTextWriterEndElement,i32	xml	Text	Writer	End	Element	
4964,i32,xmlTextWriterEndElement,i32	xml	Text	Writer	End	Element	
4965,i32,xmlTextWriterEndElement,i32	xml	Text	Writer	End	Element	
4966,i32,xmlTextWriterEndElement,i32	xml	Text	Writer	End	Element	
4967,i32,xmlTextWriterEndElement,i32	xml	Text	Writer	End	Element	
4968,i32,xmlTextWriterEndElement,i32	xml	Text	Writer	End	Element	
4969,_xmlLink*,xmlListFront,xml	Link*	xml	List	Front	
4970,i32,xmlTextWriterOutputNSDecl,i32	xml	Text	Writer	Output	N	S	Decl	
4971,i32,xmlTextWriterOutputNSDecl,i32	xml	Text	Writer	Output	N	S	Decl	
4972,i32,xmlTextWriterOutputNSDecl,i32	xml	Text	Writer	Output	N	S	Decl	
4973,i32,xmlTextWriterOutputNSDecl,i32	xml	Text	Writer	Output	N	S	Decl	
4974,i32,xmlTextWriterOutputNSDecl,i32	xml	Text	Writer	Output	N	S	Decl	
4975,_xmlLink*,xmlListFront,xml	Link*	xml	List	Front	
4976,i32,xmlOutputBufferWriteString,i32	xml	Output	Buffer	Write	String	
4977,i32,xmlOutputBufferWriteString,i32	xml	Output	Buffer	Write	String	
4978,i8*,xmlTextWriterVSprintf,i8*	xml	Text	Writer	V	Sprintf	
4979,i32,xmlTextWriterStartComment,i32	xml	Text	Writer	Start	Comment	
4980,i32,xmlTextWriterStartComment,i32	xml	Text	Writer	Start	Comment	
4981,i32,xmlTextWriterStartComment,i32	xml	Text	Writer	Start	Comment	
4982,_xmlLink*,xmlListFront,xml	Link*	xml	List	Front	
4983,i32,xmlTextWriterEndAttribute,i32	xml	Text	Writer	End	Attribute	
4984,i32,xmlTextWriterEndAttribute,i32	xml	Text	Writer	End	Attribute	
4985,i32,xmlTextWriterEndAttribute,i32	xml	Text	Writer	End	Attribute	
4986,i32,xmlXPathIsNaN,i32	xml	X	Path	Is	Na	N	
4987,i32,xmlXPathGetSign,i32	xml	X	Path	Get	Sign	
4988,i32,wrap_cmp,i32	wrap	cmp	
4989,i64,libxml_domnode_binary_insertion_find,i64	libxml	domnode	binary	insertion	find	
4990,i32,wrap_cmp,i32	wrap	cmp	
4991,i32,wrap_cmp,i32	wrap	cmp	
4992,i32,wrap_cmp,i32	wrap	cmp	
4993,i32,wrap_cmp,i32	wrap	cmp	
4994,_xmlXPathObject*,valuePop,xml	X	Path	Object*	value	Pop	
4995,_xmlXPathObject*,valuePop,xml	X	Path	Object*	value	Pop	
4996,_xmlXPathObject*,valuePop,xml	X	Path	Object*	value	Pop	
4997,i8*,xmlXPathCastToString,i8*	xml	X	Path	Cast	To	String	
4998,i32,wrap_cmp,i32	wrap	cmp	
4999,i32,wrap_cmp,i32	wrap	cmp	
5000,i64,libxml_domnode_count_run,i64	libxml	domnode	count	run	
5001,i64,libxml_domnode_count_run,i64	libxml	domnode	count	run	
5002,i32,libxml_domnode_check_invariant,i32	libxml	domnode	check	invariant	
5003,i64,libxml_domnode_count_run,i64	libxml	domnode	count	run	
5004,i32,xmlPointerListAddSize,i32	xml	Pointer	List	Add	Size	
5005,i32,xmlPointerListAddSize,i32	xml	Pointer	List	Add	Size	
5006,i32,xmlPointerListAddSize,i32	xml	Pointer	List	Add	Size	
5007,i32,xmlPointerListAddSize,i32	xml	Pointer	List	Add	Size	
5008,i32,xmlPointerListAddSize,i32	xml	Pointer	List	Add	Size	
5009,_xmlXPathContext*,xmlXPathNewContext,xml	X	Path	Context*	xml	X	Path	New	Context	
5010,i32,register_namespaces,i32	register	namespaces	
5011,_xmlXPathObject*,xmlXPathEvalExpression,xml	X	Path	Object*	xml	X	Path	Eval	Expression	
5012,i8*,xmlStrdup,i8*	xml	Strdup	
5013,i8*,xmlStrdup,i8*	xml	Strdup	
5014,i8*,xmlStrdup,i8*	xml	Strdup	
5015,i8*,xmlStrdup,i8*	xml	Strdup	
5016,i32,xmlXPathRegisterNs,i32	xml	X	Path	Register	Ns	
5017,i32,execute_xpath_expression,i32	execute	xpath	expression	
5018,_xmlDoc*,xmlParseFile,xml	Doc*	xml	Parse	File	
5019,_xmlXPathContext*,xmlXPathNewContext,xml	X	Path	Context*	xml	X	Path	New	Context	
5020,_xmlXPathObject*,xmlXPathEvalExpression,xml	X	Path	Object*	xml	X	Path	Eval	Expression	
5021,i32,example4,i32	example	
5022,_xmlDoc*,xmlParseFile,xml	Doc*	xml	Parse	File	
5023,_xmlXPathContext*,xmlXPathNewContext,xml	X	Path	Context*	xml	X	Path	New	Context	
5024,_xmlXPathParserContext*,xmlXPathNewParserContext,xml	X	Path	Parser	Context*	xml	X	Path	New	Parser	Context	
5025,_xmlXPathObject*,valuePop,xml	X	Path	Object*	value	Pop	
5026,_xmlXPathObject*,valuePop,xml	X	Path	Object*	value	Pop	
5027,_xmlXPathObject*,valuePop,xml	X	Path	Object*	value	Pop	
5028,_xmlXPathObject*,xmlXPtrNewLocationSetNodeSet,xml	X	Path	Object*	xml	X	Ptr	New	Location	Set	Node	Set	
5029,_xmlXPathObject*,xmlXPtrNewLocationSetNodeSet,xml	X	Path	Object*	xml	X	Ptr	New	Location	Set	Node	Set	
5030,_xmlXPathObject*,xmlXPtrNewLocationSetNodeSet,xml	X	Path	Object*	xml	X	Ptr	New	Location	Set	Node	Set	
5031,_xmlXPathObject*,xmlXPtrNewLocationSetNodeSet,xml	X	Path	Object*	xml	X	Ptr	New	Location	Set	Node	Set	
5032,_xmlXPathObject*,xmlXPtrNewLocationSetNodeSet,xml	X	Path	Object*	xml	X	Ptr	New	Location	Set	Node	Set	
5033,_xmlLocationSet*,xmlXPtrLocationSetCreate,xml	Location	Set*	xml	X	Ptr	Location	Set	Create	
5034,_xmlXPathObject*,xmlXPtrNewLocationSetNodeSet,xml	X	Path	Object*	xml	X	Ptr	New	Location	Set	Node	Set	
5035,_xmlLocationSet*,xmlXPtrLocationSetCreate,xml	Location	Set*	xml	X	Ptr	Location	Set	Create	
5036,_xmlXPathObject*,xmlXPtrNewRangeNodeObject,xml	X	Path	Object*	xml	X	Ptr	New	Range	Node	Object	
5037,_xmlXPathObject*,valuePop,xml	X	Path	Object*	value	Pop	
5038,_xmlXPathObject*,xmlXPathNewNodeSet,xml	X	Path	Object*	xml	X	Path	New	Node	Set	
5039,i32,xmlXPtrCmpPoints,i32	xml	X	Ptr	Cmp	Points	
5040,_xmlLocationSet*,xmlXPtrLocationSetCreate,xml	Location	Set*	xml	X	Ptr	Location	Set	Create	
5041,_xmlXPathObject*,xmlXPtrNewLocationSetNodeSet,xml	X	Path	Object*	xml	X	Ptr	New	Location	Set	Node	Set	
5042,i32,xmlXPtrSearchString,i32	xml	X	Ptr	Search	String	
5043,i32,xmlXPtrAdvanceChar,i32	xml	X	Ptr	Advance	Char	
5044,i32,xmlXPtrAdvanceChar,i32	xml	X	Ptr	Advance	Char	
5045,i32,xmlXPtrSearchString,i32	xml	X	Ptr	Search	String	
5046,i32,xmlXPtrRangesEqual,i32	xml	X	Ptr	Ranges	Equal	
5047,_xmlLocationSet*,xmlXPtrLocationSetCreate,xml	Location	Set*	xml	X	Ptr	Location	Set	Create	
