index,type,value,combination
0,_xmlXPathObject*,null,xml	X	Path	Object*	null	
1,i32,3,i32	constant	
2,_xmlDoc*,null,xml	Doc*	null	
3,_xmlNodeSet*,null,xml	Node	Set*	null	
4,i32,1,i32	constant	
5,_xmlXPathObject*,null,xml	X	Path	Object*	null	
6,i32,1,i32	constant	
7,_xmlNode**,null,xml	Node**	null	
8,i32,0,i32	constant	
9,i32,0,i32	constant	
10,i32,0,i32	constant	
11,i32,0,i32	constant	
12,i32,3,i32	constant	
13,_xmlXPathObject*,null,xml	X	Path	Object*	null	
14,i32,0,i32	constant	
15,t_chset*,null,t	chset	null	
16,,common dso_local global t_chset* null,	constant	
17,t_chset*,null,t	chset	null	
18,i32,4,i32	constant	
19,_xmlXPathObject*,null,xml	X	Path	Object*	null	
20,i32,0,i32	constant	
21,i8*,null,i8*	null	
22,i32,4,i32	constant	
23,_xmlXPathObject*,null,xml	X	Path	Object*	null	
24,i32,0,i32	constant	
25,i8*,null,i8*	null	
26,i32,1,i32	constant	
27,_xmlXPathObject*,null,xml	X	Path	Object*	null	
28,_xmlNode**,null,xml	Node**	null	
29,_xmlNodeSet*,null,xml	Node	Set*	null	
30,i32,0,i32	constant	
31,i8*,null,i8*	null	
32,_xmlNode*,null,xml	Node*	null	
33,t_powerset*,null,t	powerset	null	
34,t_transition*,null,t	transition	null	
35,i32,256,i32	constant	
36,t_state*,null,t	state	null	
37,i32,0,i32	constant	
38,i32,0,i32	constant	
39,i32,1,i32	constant	
40,i32,100,i32	constant	
41,t_transition*,null,t	transition	null	
42,i32,256,i32	constant	
43,i32,256,i32	constant	
44,i32,0,i32	constant	
45,i32,0,i32	constant	
46,t_state*,null,t	state	null	
47,,common dso_local global t_state* null,	constant	
48,t_state*,null,t	state	null	
49,i32,0,i32	constant	
50,t_chset*,null,t	chset	null	
51,t_chset*,null,t	chset	null	
52,,common dso_local global t_state* null,	constant	
53,t_state*,null,t	state	null	
54,t_transition*,null,t	transition	null	
55,t_transition*,null,t	transition	null	
56,t_state*,null,t	state	null	
57,t_stategroup*,null,t	stategroup	null	
58,i32,0,i32	constant	
59,t_stategroup*,null,t	stategroup	null	
60,t_state*,null,t	state	null	
61,t_transition*,null,t	transition	null	
62,i32,0,i32	constant	
63,t_transition*,null,t	transition	null	
64,t_stategroup*,null,t	stategroup	null	
65,t_stategroup*,null,t	stategroup	null	
66,i32,0,i32	constant	
67,t_state*,null,t	state	null	
68,i32,1,i32	constant	
69,i32,0,i32	constant	
70,t_stategroup*,null,t	stategroup	null	
71,,common dso_local global t_state* null,	constant	
72,t_state*,null,t	state	null	
73,t_transition*,null,t	transition	null	
74,t_stategroup*,null,t	stategroup	null	
75,t_state*,null,t	state	null	
76,t_transition*,null,t	transition	null	
77,t_stategroup*,null,t	stategroup	null	
78,t_chset*,null,t	chset	null	
79,t_state*,null,t	state	null	
80,i64,0,i64	constant	
81,i64,32,i64	constant	
82,i64,16,i64	constant	
83,i64,8,i64	constant	
84,t_chset*,null,t	chset	null	
85,i32,0,i32	constant	
86,t_symlist*,null,t	symlist	null	
87,i8*,inttoptr (i64 -1 to i8*),i8*	constant	
88,t_symlist*,null,t	symlist	null	
89,i64,79,i64	constant	
90,i32,0,i32	constant	
91,t_state*,null,t	state	null	
92,t_chset*,null,t	chset	null	
93,t_transition*,null,t	transition	null	
94,,common dso_local global t_state* null,	constant	
95,t_state*,null,t	state	null	
96,i32,0,i32	constant	
97,i32,72,i32	constant	
98,t_transition*,null,t	transition	null	
99,i32,0,i32	constant	
100,,common dso_local global t_state* null,	constant	
101,t_state*,null,t	state	null	
102,i32,0,i32	constant	
103,i32,72,i32	constant	
104,t_chset*,null,t	chset	null	
105,,common dso_local global t_state* null,	constant	
106,t_state*,null,t	state	null	
107,t_transition*,null,t	transition	null	
108,i32,0,i32	constant	
109,i32,72,i32	constant	
110,,common dso_local global t_state* null,	constant	
111,t_state*,null,t	state	null	
112,t_transition*,null,t	transition	null	
113,i32,0,i32	constant	
114,i32,72,i32	constant	
115,i32,4,i32	constant	
116,_IO_FILE*,null,I	O	F	I	L	E*	null	
117,i32,0,i32	constant	
118,i8*,null,i8*	null	
119,i32,0,i32	constant	
120,i32,2048,i32	constant	
121,i32,0,i32	constant	
122,i32,0,i32	constant	
123,i32,0,i32	constant	
124,i8*,null,i8*	null	
125,i32,0,i32	constant	
126,i32,0,i32	constant	
127,i32,256,i32	constant	
128,i32,0,i32	constant	
129,i32,256,i32	constant	
130,i32,0,i32	constant	
131,i32,9,i32	constant	
132,i32,32,i32	constant	
133,t_transition*,null,t	transition	null	
134,t_transition*,null,t	transition	null	
135,t_state*,null,t	state	null	
136,t_transition*,null,t	transition	null	
137,t_transition*,null,t	transition	null	
138,t_state*,null,t	state	null	
139,t_state*,null,t	state	null	
140,t_state*,null,t	state	null	
141,t_state*,null,t	state	null	
142,t_transition*,null,t	transition	null	
143,t_state*,null,t	state	null	
144,t_transition*,null,t	transition	null	
145,t_transition*,null,t	transition	null	
146,t_state*,null,t	state	null	
147,t_state*,null,t	state	null	
148,i32,0,i32	constant	
149,i32,0,i32	constant	
150,i32,0,i32	constant	
151,t_powerset*,null,t	powerset	null	
152,i32,0,i32	constant	
153,i32,0,i32	constant	
154,t_state*,null,t	state	null	
155,t_state*,null,t	state	null	
156,i32,0,i32	constant	
157,t_transition*,null,t	transition	null	
158,i32,0,i32	constant	
159,t_state*,null,t	state	null	
160,t_state*,null,t	state	null	
161,t_state*,null,t	state	null	
162,i32,1,i32	constant	
163,i32,192,i32	constant	
164,i32,128,i32	constant	
165,i32,1,i32	constant	
166,i32,122,i32	constant	
167,i32,97,i32	constant	
168,i32,90,i32	constant	
169,i32,65,i32	constant	
170,i32,0,i32	constant	
171,t_symlist*,null,t	symlist	null	
172,i32,0,i32	constant	
173,t_chset*,null,t	chset	null	
174,i8*,inttoptr (i64 -1 to i8*),i8*	constant	
175,i32,10,i32	constant	
176,i32,0,i32	constant	
177,i32,0,i32	constant	
178,i32,9,i32	constant	
179,i32,32,i32	constant	
180,i32,57,i32	constant	
181,i32,48,i32	constant	
182,i8*,null,i8*	null	
183,_xmlDoc*,null,xml	Doc*	null	
184,_xmlNodeSet*,null,xml	Node	Set*	null	
185,i32,1,i32	constant	
186,_xmlXPathObject*,null,xml	X	Path	Object*	null	
187,i32,0,i32	constant	
188,_xmlNode**,null,xml	Node**	null	
189,t_chset*,null,t	chset	null	
190,i32,0,i32	constant	
191,i32,0,i32	constant	
192,,common dso_local global t_chset* null,	constant	
193,t_chset*,null,t	chset	null	
194,i32,0,i32	constant	
195,i32,-1,i32	constant	
196,i8*,inttoptr (i64 -1 to i8*),i8*	constant	
197,,common dso_local global t_chset* null,	constant	
198,t_chset*,null,t	chset	null	
199,i32,0,i32	constant	
200,i32,1,i32	constant	
201,_xmlXPathObject*,null,xml	X	Path	Object*	null	
202,_xmlNodeSet*,null,xml	Node	Set*	null	
203,i32,0,i32	constant	
204,_xmlNode**,null,xml	Node**	null	
205,i32,0,i32	constant	
206,i32,0,i32	constant	
207,_xmlBuf*,null,xml	Buf*	null	
208,i32,2147483647,i32	constant	
209,i32,2147483647,i32	constant	
210,i32,2,i32	constant	
211,i8*,null,i8*	null	
212,i32,0,i32	constant	
213,_xmlBuf*,null,xml	Buf*	null	
214,i32,2147483647,i32	constant	
215,i32,2147483647,i32	constant	
216,i32,2,i32	constant	
217,i8*,null,i8*	null	
218,i32,0,i32	constant	
219,i64,10,i64	constant	
220,i32,0,i32	constant	
221,i64,2147483647,i64	constant	
222,i64,2147483647,i64	constant	
223,i32,0,i32	constant	
224,_xmlBuf*,null,xml	Buf*	null	
225,i32,2147483647,i32	constant	
226,i32,2147483647,i32	constant	
227,i32,2,i32	constant	
228,i32,0,i32	constant	
229,_xmlBuf*,null,xml	Buf*	null	
230,i32,2147483647,i32	constant	
231,i32,2147483647,i32	constant	
232,i32,2,i32	constant	
233,i32,0,i32	constant	
234,_xmlBuf*,null,xml	Buf*	null	
235,i32,0,i32	constant	
236,_xmlBuf*,null,xml	Buf*	null	
237,i32,2147483647,i32	constant	
238,i32,2147483647,i32	constant	
239,i32,2,i32	constant	
240,i8*,null,i8*	null	
241,i8*,null,i8*	null	
242,i32,0,i32	constant	
243,i32,34,i32	constant	
244,_xmlBuffer*,null,xml	Buffer*	null	
245,_xmlBuf*,null,xml	Buf*	null	
246,i32,0,i32	constant	
247,_xmlBuf*,null,xml	Buf*	null	
248,i32,2147483647,i32	constant	
249,i32,2147483647,i32	constant	
250,_xmlBuffer*,null,xml	Buffer*	null	
251,i64,2147483647,i64	constant	
252,i64,2147483647,i64	constant	
253,_xmlBuf*,null,xml	Buf*	null	
254,i32,0,i32	constant	
255,_xmlBuf*,null,xml	Buf*	null	
256,i32,2147483647,i32	constant	
257,i32,2147483647,i32	constant	
258,i8*,null,i8*	null	
259,_xmlBuffer*,null,xml	Buffer*	null	
260,i32,0,i32	constant	
261,i32,0,i32	constant	
262,_xmlBuf*,null,xml	Buf*	null	
263,_xmlParserInput*,null,xml	Parser	Input*	null	
264,i32,2147483647,i32	constant	
265,i32,2147483647,i32	constant	
266,i32,0,i32	constant	
267,_xmlBuf*,null,xml	Buf*	null	
268,_xmlParserInput*,null,xml	Parser	Input*	null	
269,i32,2147483647,i32	constant	
270,i32,2147483647,i32	constant	
271,i32,0,i32	constant	
272,_xmlBuf*,null,xml	Buf*	null	
273,_xmlParserInput*,null,xml	Parser	Input*	null	
274,i32,2147483647,i32	constant	
275,i32,2147483647,i32	constant	
276,i8*,null,i8*	null	
277,_xmlBuf*,null,xml	Buf*	null	
278,i64,0,i64	constant	
279,i64,0,i64	constant	
280,i8*,null,i8*	null	
281,_xmlBuf*,null,xml	Buf*	null	
282,i32,2,i32	constant	
283,_xmlBuffer*,null,xml	Buffer*	null	
284,i32,0,i32	constant	
285,i64,0,i64	constant	
286,i8*,null,i8*	null	
287,_xmlBuf*,null,xml	Buf*	null	
288,i64,2147483647,i64	constant	
289,_xmlBuf*,null,xml	Buf*	null	
290,i32,0,i32	constant	
291,_xmlBuf*,null,xml	Buf*	null	
292,i32,2,i32	constant	
293,i32,3,i32	constant	
294,i32,0,i32	constant	
295,i32,1,i32	constant	
296,i32,4,i32	constant	
297,i32,2,i32	constant	
298,i32,5,i32	constant	
299,_xmlBuffer*,null,xml	Buffer*	null	
300,i32,3,i32	constant	
301,_xmlBuf*,null,xml	Buf*	null	
302,i32,3,i32	constant	
303,i8*,null,i8*	null	
304,i8*,null,i8*	null	
305,i32,2,i32	constant	
306,i32,0,i32	constant	
307,_xmlBuf*,null,xml	Buf*	null	
308,i8*,null,i8*	null	
309,i32,2147483647,i32	constant	
310,i32,2147483647,i32	constant	
311,i32,2,i32	constant	
312,i32,3,i32	constant	
313,i8*,null,i8*	null	
314,i64,2147483647,i64	constant	
315,i64,2147483647,i64	constant	
316,i32,0,i32	constant	
317,_xmlBuf*,null,xml	Buf*	null	
318,i32,2147483647,i32	constant	
319,i32,2147483647,i32	constant	
320,i64,0,i64	constant	
321,i32,2,i32	constant	
322,i8*,null,i8*	null	
323,i32,3,i32	constant	
324,i8*,null,i8*	null	
325,i32,3,i32	constant	
326,i64,2147483647,i64	constant	
327,i64,2147483647,i64	constant	
328,i32,0,i32	constant	
329,_xmlBuf*,null,xml	Buf*	null	
330,i32,2147483647,i32	constant	
331,i32,2147483647,i32	constant	
332,i32,2,i32	constant	
333,i32,5,i32	constant	
334,i64,10000000,i64	constant	
335,i64,10000000,i64	constant	
336,i64,2,i64	constant	
337,i64,10000000,i64	constant	
338,i8*,null,i8*	null	
339,i32,3,i32	constant	
340,i8*,null,i8*	null	
341,i8*,null,i8*	null	
342,i64,2147483647,i64	constant	
343,i64,2147483647,i64	constant	
344,i32,0,i32	constant	
345,_xmlBuf*,null,xml	Buf*	null	
346,i32,0,i32	constant	
347,i32,0,i32	constant	
348,_xmlBuf*,null,xml	Buf*	null	
349,i32,0,i32	constant	
350,i32,0,i32	constant	
351,_xmlBuf*,null,xml	Buf*	null	
352,i8*,null,i8*	null	
353,i32,2147483647,i32	constant	
354,i32,2147483647,i32	constant	
355,_IO_FILE*,null,I	O	F	I	L	E*	null	
356,i32,0,i32	constant	
357,_xmlBuf*,null,xml	Buf*	null	
358,i32,0,i32	constant	
359,_xmlBuf*,null,xml	Buf*	null	
360,i32,2147483647,i32	constant	
361,i32,2147483647,i32	constant	
362,i32,0,i32	constant	
363,_xmlBuf*,null,xml	Buf*	null	
364,i32,2147483647,i32	constant	
365,i32,2147483647,i32	constant	
366,i64,2147483647,i64	constant	
367,i64,2147483647,i64	constant	
368,i32,0,i32	constant	
369,_xmlBuf*,null,xml	Buf*	null	
370,i32,2147483647,i32	constant	
371,i32,2147483647,i32	constant	
372,i64,2147483647,i64	constant	
373,i64,2147483647,i64	constant	
374,i32,0,i32	constant	
375,_xmlBuf*,null,xml	Buf*	null	
376,i32,2147483647,i32	constant	
377,i32,2147483647,i32	constant	
378,i32,0,i32	constant	
379,_xmlBuf*,null,xml	Buf*	null	
380,i32,2147483647,i32	constant	
381,i32,2147483647,i32	constant	
382,i32,0,i32	constant	
383,_xmlBuf*,null,xml	Buf*	null	
384,i32,2147483647,i32	constant	
385,i32,2147483647,i32	constant	
386,i32,0,i32	constant	
387,_xmlBuf*,null,xml	Buf*	null	
388,i32,2147483647,i32	constant	
389,i32,2147483647,i32	constant	
390,i64,0,i64	constant	
391,i32,0,i32	constant	
392,_xmlBuf*,null,xml	Buf*	null	
393,i32,2147483647,i32	constant	
394,i32,2147483647,i32	constant	
395,i32,2,i32	constant	
396,i32,5,i32	constant	
397,i64,10000000,i64	constant	
398,i64,0,i64	constant	
399,i32,2147483647,i32	constant	
400,i64,4096,i64	constant	
401,i32,2147483647,i32	constant	
402,i8*,null,i8*	null	
403,i32,3,i32	constant	
404,i8*,null,i8*	null	
405,i8*,null,i8*	null	
406,i64,100,i64	constant	
407,i8*,null,i8*	null	
408,i8*,null,i8*	null	
409,i64,2147483647,i64	constant	
410,i64,2147483647,i64	constant	
411,i32,0,i32	constant	
412,_xmlBuf*,null,xml	Buf*	null	
413,i8*,null,i8*	null	
414,i32,2147483647,i32	constant	
415,i32,2147483647,i32	constant	
416,i32,2,i32	constant	
417,i32,-1,i32	constant	
418,i32,0,i32	constant	
419,i32,0,i32	constant	
420,i32,0,i32	constant	
421,i32,0,i32	constant	
422,i32,5,i32	constant	
423,i32,10000000,i32	constant	
424,i32,0,i32	constant	
425,i64,2147483647,i64	constant	
426,i64,2147483647,i64	constant	
427,i32,0,i32	constant	
428,_xmlBuf*,null,xml	Buf*	null	
429,i32,2147483647,i32	constant	
430,i32,2147483647,i32	constant	
431,i32,2,i32	constant	
432,i8*,null,i8*	null	
433,i32,-1,i32	constant	
434,i32,0,i32	constant	
435,i32,0,i32	constant	
436,_xmlBuf*,null,xml	Buf*	null	
437,i32,0,i32	constant	
438,i32,0,i32	constant	
439,i8*,null,i8*	null	
440,i32,3,i32	constant	
441,i64,2147483647,i64	constant	
442,i64,2147483647,i64	constant	
443,i32,5,i32	constant	
444,i32,10000000,i32	constant	
445,i32,0,i32	constant	
446,i64,2147483647,i64	constant	
447,i64,2147483647,i64	constant	
448,_xmlNode*,null,xml	Node*	null	
449,_xmlAttr*,null,xml	Attr*	null	
450,_xmlC14NCtx*,null,xml	C14	N	Ctx*	null	
451,i8*,null,i8*	null	
452,i32,0,i32	constant	
453,i32,"(i8*, _xmlNode*, %struct._xmlNode*)* null",i32	constant	
454,_xmlNode*,null,xml	Node*	null	
455,_xmlAttr*,null,xml	Attr*	null	
456,i8*,null,i8*	null	
457,i32,46,i32	constant	
458,i32,1,i32	constant	
459,i8*,null,i8*	null	
460,i8*,null,i8*	null	
461,i32,0,i32	constant	
462,i8*,null,i8*	null	
463,_xmlAttr*,null,xml	Attr*	null	
464,i32,1,i32	constant	
465,_xmlNode*,null,xml	Node*	null	
466,_xmlC14NCtx*,null,xml	C14	N	Ctx*	null	
467,_xmlList*,null,xml	List*	null	
468,_xmlAttr*,null,xml	Attr*	null	
469,i32,0,i32	constant	
470,i32,"(i8*, _xmlNode*, %struct._xmlNode*)* null",i32	constant	
471,_xmlNode*,null,xml	Node*	null	
472,i32,0,i32	constant	
473,i32,0,i32	constant	
474,i32,"(i8*, _xmlNode*, %struct._xmlNode*)* null",i32	constant	
475,_xmlNode*,null,xml	Node*	null	
476,_xmlAttr*,null,xml	Attr*	null	
477,i32,0,i32	constant	
478,i8*,null,i8*	null	
479,_xmlAttr*,null,xml	Attr*	null	
480,i32,0,i32	constant	
481,i32,"(i8*, _xmlNode*, %struct._xmlNode*)* null",i32	constant	
482,_xmlAttr*,null,xml	Attr*	null	
483,i32,0,i32	constant	
484,i32,0,i32	constant	
485,i32,0,i32	constant	
486,i32,"(i8*, _xmlNode*, %struct._xmlNode*)* null",i32	constant	
487,i32,0,i32	constant	
488,_xmlAttr*,null,xml	Attr*	null	
489,i32,0,i32	constant	
490,i32,0,i32	constant	
491,_xmlAttr*,null,xml	Attr*	null	
492,i32,0,i32	constant	
493,i32,0,i32	constant	
494,_xmlAttr*,null,xml	Attr*	null	
495,i32,0,i32	constant	
496,i32,0,i32	constant	
497,i32,"(i8*, _xmlNode*, %struct._xmlNode*)* null",i32	constant	
498,i32,0,i32	constant	
499,i32,0,i32	constant	
500,_xmlAttr*,null,xml	Attr*	null	
501,_xmlAttr*,null,xml	Attr*	null	
502,_xmlAttr*,null,xml	Attr*	null	
503,_xmlAttr*,null,xml	Attr*	null	
504,_xmlAttr*,null,xml	Attr*	null	
505,_xmlAttr*,null,xml	Attr*	null	
506,_xmlAttr*,null,xml	Attr*	null	
507,i32,1,i32	constant	
508,_xmlNode*,null,xml	Node*	null	
509,_xmlC14NCtx*,null,xml	C14	N	Ctx*	null	
510,_xmlNs*,null,xml	Ns*	null	
511,i32,0,i32	constant	
512,_xmlURI*,null,xml	U	R	I*	null	
513,i32,0,i32	constant	
514,i32,0,i32	constant	
515,i32,0,i32	constant	
516,i32,0,i32	constant	
517,i32,1,i32	constant	
518,_xmlNode*,null,xml	Node*	null	
519,_xmlC14NCtx*,null,xml	C14	N	Ctx*	null	
520,i32,0,i32	constant	
521,i32,0,i32	constant	
522,i32,0,i32	constant	
523,i32,0,i32	constant	
524,_xmlNs*,null,xml	Ns*	null	
525,i32,1,i32	constant	
526,i32,0,i32	constant	
527,i32,0,i32	constant	
528,i32,0,i32	constant	
529,i32,0,i32	constant	
530,_xmlNode*,null,xml	Node*	null	
531,i32,0,i32	constant	
532,i32,0,i32	constant	
533,i32,0,i32	constant	
534,_xmlNs*,null,xml	Ns*	null	
535,i32,0,i32	constant	
536,_xmlNode*,null,xml	Node*	null	
537,_xmlC14NCtx*,null,xml	C14	N	Ctx*	null	
538,i32,"(i8*, _xmlNode*, %struct._xmlNode*)* null",i32	constant	
539,i8*,null,i8*	null	
540,i32,0,i32	constant	
541,i8*,null,i8*	null	
542,i32,0,i32	constant	
543,i32,2,i32	constant	
544,i32,0,i32	constant	
545,i8*,null,i8*	null	
546,i8*,null,i8*	null	
547,i32,0,i32	constant	
548,i32,0,i32	constant	
549,i32,0,i32	constant	
550,i32,2,i32	constant	
551,i8*,null,i8*	null	
552,i8*,null,i8*	null	
553,i32,0,i32	constant	
554,_xmlNode*,null,xml	Node*	null	
555,_xmlC14NCtx*,null,xml	C14	N	Ctx*	null	
556,i32,0,i32	constant	
557,_xmlNode*,null,xml	Node*	null	
558,_xmlC14NCtx*,null,xml	C14	N	Ctx*	null	
559,_xmlC14NVisibleNsStack*,null,xml	C14	N	Visible	Ns	Stack*	null	
560,_xmlOutputBuffer*,null,xml	Output	Buffer*	null	
561,_xmlDoc*,null,xml	Doc*	null	
562,_xmlCharEncodingHandler*,null,xml	Char	Encoding	Handler*	null	
563,i32,1,i32	constant	
564,_xmlC14NCtx*,null,xml	C14	N	Ctx*	null	
565,_xmlC14NVisibleNsStack*,null,xml	C14	N	Visible	Ns	Stack*	null	
566,i32,1,i32	constant	
567,_xmlDoc*,null,xml	Doc*	null	
568,_xmlOutputBuffer*,null,xml	Output	Buffer*	null	
569,_xmlCharEncodingHandler*,null,xml	Char	Encoding	Handler*	null	
570,_xmlC14NCtx*,null,xml	C14	N	Ctx*	null	
571,_xmlNode*,null,xml	Node*	null	
572,i32,0,i32	constant	
573,i32,0,i32	constant	
574,i8**,null,i	null	
575,_xmlOutputBuffer*,null,xml	Output	Buffer*	null	
576,i32,0,i32	constant	
577,i32,0,i32	constant	
578,i32,0,i32	constant	
579,i8*,null,i8*	null	
580,i8*,null,i8*	null	
581,_xmlOutputBuffer*,null,xml	Output	Buffer*	null	
582,i32,0,i32	constant	
583,i8*,null,i8*	null	
584,i8*,null,i8*	null	
585,i32,0,i32	constant	
586,i8*,null,i8*	null	
587,i32,0,i32	constant	
588,i32,60,i32	constant	
589,i32,3,i32	constant	
590,i32,3,i32	constant	
591,i32,62,i32	constant	
592,i32,0,i32	constant	
593,i32,38,i32	constant	
594,i32,3,i32	constant	
595,i32,0,i32	constant	
596,i32,34,i32	constant	
597,i32,0,i32	constant	
598,i32,9,i32	constant	
599,i32,0,i32	constant	
600,i32,10,i32	constant	
601,i32,0,i32	constant	
602,i32,13,i32	constant	
603,i32,3,i32	constant	
604,i32,1,i32	constant	
605,i32,2,i32	constant	
606,_xmlC14NCtx*,null,xml	C14	N	Ctx*	null	
607,_xmlNode*,null,xml	Node*	null	
608,_xmlNodeSet*,null,xml	Node	Set*	null	
609,i32,18,i32	constant	
610,i32,2,i32	constant	
611,_xmlNode*,null,xml	Node*	null	
612,_xmlC14NVisibleNsStack*,null,xml	C14	N	Visible	Ns	Stack*	null	
613,_xmlC14NVisibleNsStack*,null,xml	C14	N	Visible	Ns	Stack*	null	
614,_xmlNs**,null,xml	Ns**	null	
615,_xmlNode**,null,xml	Node**	null	
616,_xmlC14NVisibleNsStack*,null,xml	C14	N	Visible	Ns	Stack*	null	
617,_xmlNode**,null,xml	Node**	null	
618,_xmlNs**,null,xml	Ns**	null	
619,_xmlNode**,null,xml	Node**	null	
620,_xmlNs**,null,xml	Ns**	null	
621,_xmlNode**,null,xml	Node**	null	
622,_xmlNs**,null,xml	Ns**	null	
623,_xmlNode**,null,xml	Node**	null	
624,_xmlNs**,null,xml	Ns**	null	
625,i8*,null,i8*	null	
626,i8*,null,i8*	null	
627,_xmlC14NVisibleNsStack*,null,xml	C14	N	Visible	Ns	Stack*	null	
628,_xmlC14NVisibleNsStack*,null,xml	C14	N	Visible	Ns	Stack*	null	
629,_xmlC14NVisibleNsStack*,null,xml	C14	N	Visible	Ns	Stack*	null	
630,_xmlC14NVisibleNsStack*,null,xml	C14	N	Visible	Ns	Stack*	null	
631,_xmlC14NVisibleNsStack*,null,xml	C14	N	Visible	Ns	Stack*	null	
632,i32,0,i32	constant	
633,i8*,null,i8*	null	
634,i32,0,i32	constant	
635,i8*,null,i8*	null	
636,i8,0,i	
637,_xmlC14NVisibleNsStack*,null,xml	C14	N	Visible	Ns	Stack*	null	
638,i8*,null,i8*	null	
639,_xmlNs*,null,xml	Ns*	null	
640,i8*,null,i8*	null	
641,_xmlNs*,null,xml	Ns*	null	
642,i32,0,i32	constant	
643,i32,0,i32	constant	
644,_xmlNs**,null,xml	Ns**	null	
645,i32,0,i32	constant	
646,i32,0,i32	constant	
647,_xmlNs*,null,xml	Ns*	null	
648,_xmlNs*,null,xml	Ns*	null	
649,_xmlC14NVisibleNsStack*,null,xml	C14	N	Visible	Ns	Stack*	null	
650,i8*,null,i8*	null	
651,_xmlNs*,null,xml	Ns*	null	
652,i8*,null,i8*	null	
653,_xmlNs*,null,xml	Ns*	null	
654,i32,0,i32	constant	
655,i32,0,i32	constant	
656,_xmlNs**,null,xml	Ns**	null	
657,i32,0,i32	constant	
658,i32,0,i32	constant	
659,_xmlNs*,null,xml	Ns*	null	
660,i32,0,i32	constant	
661,_xmlNs*,null,xml	Ns*	null	
662,i32,"(i8*, _xmlNode*, %struct._xmlNode*)* null",i32	constant	
663,_xmlNs*,null,xml	Ns*	null	
664,i32,0,i32	constant	
665,i32,0,i32	constant	
666,_xmlNs*,null,xml	Ns*	null	
667,_xmlNs*,null,xml	Ns*	null	
668,_xmlC14NCtx*,null,xml	C14	N	Ctx*	null	
669,_xmlNs*,null,xml	Ns*	null	
670,i8*,null,i8*	null	
671,i8*,null,i8*	null	
672,i32,1,i32	constant	
673,_xmlNode*,null,xml	Node*	null	
674,_xmlC14NCtx*,null,xml	C14	N	Ctx*	null	
675,_xmlList*,null,xml	List*	null	
676,_xmlNode*,null,xml	Node*	null	
677,_xmlNs*,null,xml	Ns*	null	
678,i32,0,i32	constant	
679,i32,"(i8*, _xmlNode*, %struct._xmlNode*)* null",i32	constant	
680,i32,0,i32	constant	
681,i32,0,i32	constant	
682,i32,0,i32	constant	
683,i32,0,i32	constant	
684,i32,0,i32	constant	
685,i32,0,i32	constant	
686,i32,0,i32	constant	
687,i32,1,i32	constant	
688,_xmlNode*,null,xml	Node*	null	
689,_xmlC14NCtx*,null,xml	C14	N	Ctx*	null	
690,i32,1,i32	constant	
691,_xmlList*,null,xml	List*	null	
692,i8**,null,i	null	
693,i8*,null,i8*	null	
694,i32,0,i32	constant	
695,i32,0,i32	constant	
696,i32,0,i32	constant	
697,i32,"(i8*, _xmlNode*, %struct._xmlNode*)* null",i32	constant	
698,i32,0,i32	constant	
699,_xmlNs*,null,xml	Ns*	null	
700,i32,0,i32	constant	
701,i32,0,i32	constant	
702,i32,0,i32	constant	
703,_xmlNs*,null,xml	Ns*	null	
704,i32,0,i32	constant	
705,_xmlNs*,null,xml	Ns*	null	
706,i32,0,i32	constant	
707,i32,"(i8*, _xmlNode*, %struct._xmlNode*)* null",i32	constant	
708,i32,0,i32	constant	
709,i32,0,i32	constant	
710,i32,0,i32	constant	
711,i32,0,i32	constant	
712,_xmlAttr*,null,xml	Attr*	null	
713,i32,0,i32	constant	
714,i32,"(i8*, _xmlNode*, %struct._xmlNode*)* null",i32	constant	
715,i32,0,i32	constant	
716,_xmlNs*,null,xml	Ns*	null	
717,i32,0,i32	constant	
718,i32,0,i32	constant	
719,i32,0,i32	constant	
720,i32,0,i32	constant	
721,i32,0,i32	constant	
722,_xmlNs*,null,xml	Ns*	null	
723,i32,0,i32	constant	
724,i32,0,i32	constant	
725,i32,0,i32	constant	
726,i32,0,i32	constant	
727,i32,0,i32	constant	
728,i32,0,i32	constant	
729,i32,0,i32	constant	
730,i32,0,i32	constant	
731,i32,0,i32	constant	
732,_xmlNs*,null,xml	Ns*	null	
733,i32,0,i32	constant	
734,_xmlAttr*,null,xml	Attr*	null	
735,_xmlAttr*,null,xml	Attr*	null	
736,_xmlNs*,null,xml	Ns*	null	
737,_xmlNs*,null,xml	Ns*	null	
738,i8*,null,i8*	null	
739,i8*,null,i8*	null	
740,i32,0,i32	constant	
741,_xmlC14NCtx*,null,xml	C14	N	Ctx*	null	
742,_xmlAttr*,null,xml	Attr*	null	
743,i32,0,i32	constant	
744,_xmlNs*,null,xml	Ns*	null	
745,i8*,null,i8*	null	
746,i8*,null,i8*	null	
747,i32,0,i32	constant	
748,i32,"(i8*, _xmlNode*, %struct._xmlNode*)* null",i32	constant	
749,_xmlNode*,null,xml	Node*	null	
750,_xmlAttr*,null,xml	Attr*	null	
751,i32,0,i32	constant	
752,i8*,null,i8*	null	
753,i8*,null,i8*	null	
754,i32,0,i32	constant	
755,i8*,null,i8*	null	
756,i32,32,i32	constant	
757,i8*,null,i8*	null	
758,_xmlCatalog*,null,xml	Catalog*	null	
759,i32,0,i32	constant	
760,_xmlCatalogEntry*,null,xml	Catalog	Entry*	null	
761,i32,1,i32	constant	
762,,internal global i32 0,	constant	
763,i32,0,i32	constant	
764,i8*,null,i8*	null	
765,i8*,null,i8*	null	
766,i8*,null,i8*	null	
767,i8*,null,i8*	null	
768,i8*,null,i8*	null	
769,_xmlCatalogEntry*,null,xml	Catalog	Entry*	null	
770,_xmlCatalog*,null,xml	Catalog*	null	
771,i32,2,i32	constant	
772,_xmlCatalog*,null,xml	Catalog*	null	
773,_xmlCatalogEntry*,null,xml	Catalog	Entry*	null	
774,_xmlHashTable*,null,xml	Hash	Table*	null	
775,_xmlHashTable*,null,xml	Hash	Table*	null	
776,_xmlCatalog*,null,xml	Catalog*	null	
777,_xmlCatalogEntry*,null,xml	Catalog	Entry*	null	
778,_xmlCatalogEntry*,null,xml	Catalog	Entry*	null	
779,_xmlCatalogEntry*,null,xml	Catalog	Entry*	null	
780,_xmlCatalogEntry*,null,xml	Catalog	Entry*	null	
781,i32,2,i32	constant	
782,_xmlCatalog*,null,xml	Catalog*	null	
783,,internal global i32 0,	constant	
784,i32,0,i32	constant	
785,_xmlParserCtxt*,null,xml	Parser	Ctxt*	null	
786,void,"(i8*, i8*, ...)** getelementptr inbounds (_xmlSAXHandlerV1, %struct._xmlSAXHandlerV1* @xmlDefaultSAXHandler, i32 0, i32 22)",void	constant	
787,void,"(i8*, i8*, ...)* null",void	constant	
788,_xmlParserInputBuffer*,null,xml	Parser	Input	Buffer*	null	
789,_xmlParserInput*,null,xml	Parser	Input*	null	
790,i8*,null,i8*	null	
791,i8*,null,i8*	null	
792,i8*,null,i8*	null	
793,i8*,null,i8*	null	
794,i32,0,i32	constant	
795,i8*,null,i8*	null	
796,i32,0,i32	constant	
797,i32,0,i32	constant	
798,i8*,null,i8*	null	
799,_xmlChRangeGroup*,null,xml	Ch	Range	Group*	null	
800,i32,65536,i32	constant	
801,i32,0,i32	constant	
802,i32,0,i32	constant	
803,i32,1,i32	constant	
804,i32,0,i32	constant	
805,i32,0,i32	constant	
806,i32,1,i32	constant	
807,i32,256,i32	constant	
808,_IO_FILE*,null,I	O	F	I	L	E*	null	
809,i8*,null,i8*	null	
810,i32,40,i32	constant	
811,i32,0,i32	constant	
812,i32,32,i32	constant	
813,i32,0,i32	constant	
814,_xmlDict*,null,xml	Dict*	null	
815,i64,128,i64	constant	
816,i64,128,i64	constant	
817,i64,128,i64	constant	
818,i64,128,i64	constant	
819,i64,128,i64	constant	
820,i32,0,i32	constant	
821,_xmlDictEntry*,null,xml	Dict	Entry*	null	
822,i32,0,i32	constant	
823,i32,0,i32	constant	
824,i8*,null,i8*	null	
825,_xmlDict*,null,xml	Dict*	null	
826,i8*,null,i8*	null	
827,i64,128,i64	constant	
828,i64,128,i64	constant	
829,i8*,null,i8*	null	
830,i32,0,i32	constant	
831,_xmlDictEntry*,null,xml	Dict	Entry*	null	
832,i32,0,i32	constant	
833,i32,0,i32	constant	
834,_xmlDict*,null,xml	Dict*	null	
835,i64,128,i64	constant	
836,i64,128,i64	constant	
837,i64,128,i64	constant	
838,i64,128,i64	constant	
839,i64,128,i64	constant	
840,i64,128,i64	constant	
841,i8*,null,i8*	null	
842,i32,0,i32	constant	
843,_xmlDictEntry*,null,xml	Dict	Entry*	null	
844,i32,0,i32	constant	
845,i32,0,i32	constant	
846,i8*,null,i8*	null	
847,_xmlDictEntry*,null,xml	Dict	Entry*	null	
848,_xmlDictEntry*,null,xml	Dict	Entry*	null	
849,_xmlDictEntry*,null,xml	Dict	Entry*	null	
850,i64,0,i64	constant	
851,i64,3,i64	constant	
852,i64,2730,i64	constant	
853,i8*,null,i8*	null	
854,_xmlDict*,null,xml	Dict*	null	
855,_xmlDictStrings*,null,xml	Dict	Strings*	null	
856,_xmlDict*,null,xml	Dict*	null	
857,_xmlDict*,null,xml	Dict*	null	
858,_xmlDict*,null,xml	Dict*	null	
859,_xmlDict*,null,xml	Dict*	null	
860,_xmlDict*,null,xml	Dict*	null	
861,_xmlDictStrings*,null,xml	Dict	Strings*	null	
862,,internal global i32 0,	constant	
863,i32,0,i32	constant	
864,_xmlRMutex*,null,xml	R	Mutex*	null	
865,,internal global i32 0,	constant	
866,i32,0,i32	constant	
867,,internal global i32 0,	constant	
868,i32,0,i32	constant	
869,_xmlDictStrings*,null,xml	Dict	Strings*	null	
870,i64,0,i64	constant	
871,_xmlDictStrings*,null,xml	Dict	Strings*	null	
872,i64,0,i64	constant	
873,i64,0,i64	constant	
874,i64,0,i64	constant	
875,i64,0,i64	constant	
876,_xmlDictStrings*,null,xml	Dict	Strings*	null	
877,i8*,null,i8*	null	
878,_xmlDictStrings*,null,xml	Dict	Strings*	null	
879,i64,0,i64	constant	
880,_xmlDictStrings*,null,xml	Dict	Strings*	null	
881,i64,0,i64	constant	
882,i64,0,i64	constant	
883,i64,0,i64	constant	
884,i64,0,i64	constant	
885,_xmlDictStrings*,null,xml	Dict	Strings*	null	
886,i8*,null,i8*	null	
887,i32,0,i32	constant	
888,i32,0,i32	constant	
889,i8*,null,i8*	null	
890,i32,10,i32	constant	
891,i32,0,i32	constant	
892,i32,10,i32	constant	
893,i32,10,i32	constant	
894,i32,0,i32	constant	
895,,internal global i32 0,	constant	
896,i32,0,i32	constant	
897,i32,0,i32	constant	
898,_xmlDict*,null,xml	Dict*	null	
899,_xmlDictEntry*,null,xml	Dict	Entry*	null	
900,_xmlDict*,null,xml	Dict*	null	
901,_xmlDict*,null,xml	Dict*	null	
902,,internal global i32 0,	constant	
903,i32,0,i32	constant	
904,i32,0,i32	constant	
905,_xmlDict*,null,xml	Dict*	null	
906,_xmlDict*,null,xml	Dict*	null	
907,i64,8,i64	constant	
908,i64,16384,i64	constant	
909,_xmlDictEntry*,null,xml	Dict	Entry*	null	
910,i64,128,i64	constant	
911,_xmlDictEntry*,null,xml	Dict	Entry*	null	
912,i32,0,i32	constant	
913,i32,1,i32	constant	
914,i32,0,i32	constant	
915,i64,128,i64	constant	
916,i32,0,i32	constant	
917,_xmlDictEntry*,null,xml	Dict	Entry*	null	
918,i64,0,i64	constant	
919,_xmlDictEntry*,null,xml	Dict	Entry*	null	
920,i32,1,i32	constant	
921,i32,0,i32	constant	
922,i64,128,i64	constant	
923,i32,0,i32	constant	
924,_xmlDict*,null,xml	Dict*	null	
925,,internal global i32 0,	constant	
926,i32,0,i32	constant	
927,i32,0,i32	constant	
928,i32,0,i32	constant	
929,_xmlDict*,null,xml	Dict*	null	
930,_xmlDictEntry*,null,xml	Dict	Entry*	null	
931,i32,0,i32	constant	
932,i32,0,i32	constant	
933,_xmlDictEntry*,null,xml	Dict	Entry*	null	
934,i32,0,i32	constant	
935,_xmlDictStrings*,null,xml	Dict	Strings*	null	
936,i8*,null,i8*	null	
937,_xmlDict*,null,xml	Dict*	null	
938,i32,0,i32	constant	
939,i64,0,i64	constant	
940,i32,1073741823,i32	constant	
941,i64,128,i64	constant	
942,i32,0,i32	constant	
943,_xmlDictEntry*,null,xml	Dict	Entry*	null	
944,i32,0,i32	constant	
945,i32,0,i32	constant	
946,_xmlDict*,null,xml	Dict*	null	
947,i64,128,i64	constant	
948,i64,128,i64	constant	
949,i64,128,i64	constant	
950,i64,128,i64	constant	
951,i64,128,i64	constant	
952,i32,0,i32	constant	
953,_xmlDictEntry*,null,xml	Dict	Entry*	null	
954,i32,0,i32	constant	
955,i32,0,i32	constant	
956,i8*,null,i8*	null	
957,_xmlDictEntry*,null,xml	Dict	Entry*	null	
958,_xmlDictEntry*,null,xml	Dict	Entry*	null	
959,_xmlDictEntry*,null,xml	Dict	Entry*	null	
960,i64,0,i64	constant	
961,i64,3,i64	constant	
962,i64,2730,i64	constant	
963,i32,0,i32	constant	
964,i8*,null,i8*	null	
965,_xmlDict*,null,xml	Dict*	null	
966,i32,0,i32	constant	
967,i64,0,i64	constant	
968,i32,1073741823,i32	constant	
969,i64,128,i64	constant	
970,i32,0,i32	constant	
971,_xmlDictEntry*,null,xml	Dict	Entry*	null	
972,i32,0,i32	constant	
973,,internal global i32 0,	constant	
974,i32,0,i32	constant	
975,,internal global i32 0,	constant	
976,i32,0,i32	constant	
977,,internal global i32 0,	constant	
978,i32,0,i32	constant	
979,,internal global i32 0,	constant	
980,i32,0,i32	constant	
981,,internal global i32 0,	constant	
982,i32,0,i32	constant	
983,,internal global i32 0,	constant	
984,i32,0,i32	constant	
985,,internal global i32 0,	constant	
986,i32,0,i32	constant	
987,,internal global i32 0,	constant	
988,i32,0,i32	constant	
989,,internal global i32 0,	constant	
990,i32,0,i32	constant	
991,,internal global i32 0,	constant	
992,i32,0,i32	constant	
993,i8*,null,i8*	null	
994,,internal global _xmlCharEncodingAlias* null,	constant	
995,_xmlCharEncodingAlias*,null,xml	Char	Encoding	Alias*	null	
996,i32,99,i32	constant	
997,i32,0,i32	constant	
998,i32,0,i32	constant	
999,,internal global i32 0,	constant	
1000,i32,0,i32	constant	
1001,i8*,null,i8*	null	
1002,i8*,null,i8*	null	
1003,i32,99,i32	constant	
1004,i32,0,i32	constant	
1005,,internal global _xmlCharEncodingAlias* null,	constant	
1006,_xmlCharEncodingAlias*,null,xml	Char	Encoding	Alias*	null	
1007,,internal global _xmlCharEncodingAlias* null,	constant	
1008,_xmlCharEncodingAlias*,null,xml	Char	Encoding	Alias*	null	
1009,,internal global i32 0,	constant	
1010,,internal global i32 0,	constant	
1011,i32,0,i32	constant	
1012,,internal global i32 0,	constant	
1013,i32,0,i32	constant	
1014,i8*,null,i8*	null	
1015,,internal global _xmlCharEncodingAlias* null,	constant	
1016,_xmlCharEncodingAlias*,null,xml	Char	Encoding	Alias*	null	
1017,,internal global i32 0,	constant	
1018,i32,0,i32	constant	
1019,i8*,null,i8*	null	
1020,i8*,null,i8*	null	
1021,i32,499,i32	constant	
1022,i32,0,i32	constant	
1023,i32,0,i32	constant	
1024,i32,0,i32	constant	
1025,i32,0,i32	constant	
1026,i32,0,i32	constant	
1027,i32,0,i32	constant	
1028,i32,0,i32	constant	
1029,i32,0,i32	constant	
1030,i32,0,i32	constant	
1031,i32,0,i32	constant	
1032,i32,0,i32	constant	
1033,i32,0,i32	constant	
1034,i32,0,i32	constant	
1035,i32,0,i32	constant	
1036,i32,0,i32	constant	
1037,i32,0,i32	constant	
1038,i32,0,i32	constant	
1039,i32,0,i32	constant	
1040,i32,0,i32	constant	
1041,i32,0,i32	constant	
1042,i32,0,i32	constant	
1043,i32,0,i32	constant	
1044,i32,0,i32	constant	
1045,i32,0,i32	constant	
1046,i32,0,i32	constant	
1047,i32,0,i32	constant	
1048,i32,0,i32	constant	
1049,i32,0,i32	constant	
1050,i8*,null,i8*	null	
1051,i8*,null,i8*	null	
1052,i32,499,i32	constant	
1053,i32,0,i32	constant	
1054,i8*,null,i8*	null	
1055,_xmlCharEncodingHandler*,null,xml	Char	Encoding	Handler*	null	
1056,,internal global _xmlCharEncodingHandler** null,	constant	
1057,_xmlCharEncodingHandler**,null,xml	Char	Encoding	Handler**	null	
1058,i32,18,i32	constant	
1059,i32,52,i32	constant	
1060,,internal global _xmlCharEncodingHandler** null,	constant	
1061,_xmlCharEncodingHandler**,null,xml	Char	Encoding	Handler**	null	
1062,,internal global _xmlCharEncodingHandler** null,	constant	
1063,_xmlCharEncodingHandler**,null,xml	Char	Encoding	Handler**	null	
1064,,internal global i32 0,	constant	
1065,i32,0,i32	constant	
1066,_xmlCharEncodingHandler*,null,xml	Char	Encoding	Handler*	null	
1067,i8*,null,i8*	null	
1068,,internal global _xmlCharEncodingHandler** null,	constant	
1069,_xmlCharEncodingHandler**,null,xml	Char	Encoding	Handler**	null	
1070,,internal global _xmlCharEncodingHandler** null,	constant	
1071,_xmlCharEncodingHandler**,null,xml	Char	Encoding	Handler**	null	
1072,_xmlCharEncodingHandler*,null,xml	Char	Encoding	Handler*	null	
1073,,internal global i32 0,	constant	
1074,i32,50,i32	constant	
1075,,internal global _xmlCharEncodingHandler** null,	constant	
1076,_xmlCharEncodingHandler**,null,xml	Char	Encoding	Handler**	null	
1077,_xmlCharEncodingHandler*,null,xml	Char	Encoding	Handler*	null	
1078,_xmlCharEncodingHandler*,null,xml	Char	Encoding	Handler*	null	
1079,_xmlCharEncodingHandler*,null,xml	Char	Encoding	Handler*	null	
1080,_xmlCharEncodingHandler*,null,xml	Char	Encoding	Handler*	null	
1081,_xmlCharEncodingHandler*,null,xml	Char	Encoding	Handler*	null	
1082,_xmlCharEncodingHandler*,null,xml	Char	Encoding	Handler*	null	
1083,_xmlCharEncodingHandler*,null,xml	Char	Encoding	Handler*	null	
1084,_xmlCharEncodingHandler*,null,xml	Char	Encoding	Handler*	null	
1085,_xmlCharEncodingHandler*,null,xml	Char	Encoding	Handler*	null	
1086,_xmlCharEncodingHandler*,null,xml	Char	Encoding	Handler*	null	
1087,_xmlCharEncodingHandler*,null,xml	Char	Encoding	Handler*	null	
1088,_xmlCharEncodingHandler*,null,xml	Char	Encoding	Handler*	null	
1089,_xmlCharEncodingHandler*,null,xml	Char	Encoding	Handler*	null	
1090,_xmlCharEncodingHandler*,null,xml	Char	Encoding	Handler*	null	
1091,_xmlCharEncodingHandler*,null,xml	Char	Encoding	Handler*	null	
1092,_xmlCharEncodingHandler*,null,xml	Char	Encoding	Handler*	null	
1093,_xmlCharEncodingHandler*,null,xml	Char	Encoding	Handler*	null	
1094,_xmlCharEncodingHandler*,null,xml	Char	Encoding	Handler*	null	
1095,_xmlCharEncodingHandler*,null,xml	Char	Encoding	Handler*	null	
1096,_xmlCharEncodingHandler*,null,xml	Char	Encoding	Handler*	null	
1097,_xmlCharEncodingHandler*,null,xml	Char	Encoding	Handler*	null	
1098,_xmlCharEncodingHandler*,null,xml	Char	Encoding	Handler*	null	
1099,_xmlCharEncodingHandler*,null,xml	Char	Encoding	Handler*	null	
1100,_xmlCharEncodingHandler*,null,xml	Char	Encoding	Handler*	null	
1101,_xmlCharEncodingHandler*,null,xml	Char	Encoding	Handler*	null	
1102,_xmlCharEncodingHandler*,null,xml	Char	Encoding	Handler*	null	
1103,_xmlCharEncodingHandler*,null,xml	Char	Encoding	Handler*	null	
1104,,internal global _xmlCharEncodingHandler** null,	constant	
1105,_xmlCharEncodingHandler**,null,xml	Char	Encoding	Handler**	null	
1106,i8*,null,i8*	null	
1107,i32,0,i32	constant	
1108,i8*,null,i8*	null	
1109,i32,99,i32	constant	
1110,i32,0,i32	constant	
1111,,internal global _xmlCharEncodingHandler** null,	constant	
1112,_xmlCharEncodingHandler**,null,xml	Char	Encoding	Handler**	null	
1113,i32,0,i32	constant	
1114,,internal global i32 0,	constant	
1115,i32,0,i32	constant	
1116,i8*,inttoptr (i64 -1 to i8*),i8*	constant	
1117,i8*,inttoptr (i64 -1 to i8*),i8*	constant	
1118,i8*,inttoptr (i64 -1 to i8*),i8*	constant	
1119,i8*,inttoptr (i64 -1 to i8*),i8*	constant	
1120,_xmlCharEncodingHandler*,null,xml	Char	Encoding	Handler*	null	
1121,i8*,inttoptr (i64 -1 to i8*),i8*	constant	
1122,i8*,inttoptr (i64 -1 to i8*),i8*	constant	
1123,i32,-1,i32	constant	
1124,i32,0,i32	constant	
1125,i8*,null,i8*	null	
1126,i8*,null,i8*	null	
1127,i32*,null,i	null	
1128,i32*,null,i	null	
1129,i8*,null,i8*	null	
1130,i32*,null,i	null	
1131,i32,-1,i32	constant	
1132,i64,0,i64	constant	
1133,i32,84,i32	constant	
1134,i32,7,i32	constant	
1135,i32,22,i32	constant	
1136,i64,5,i64	constant	
1137,i32,128,i32	constant	
1138,_xmlCharEncodingHandler*,null,xml	Char	Encoding	Handler*	null	
1139,_xmlBuffer*,null,xml	Buffer*	null	
1140,_xmlBuffer*,null,xml	Buffer*	null	
1141,i32,0,i32	constant	
1142,i32,180,i32	constant	
1143,i32,2,i32	constant	
1144,i32,"(i8*, i32*, i8*, i32*)* null",i32	constant	
1145,i8*,null,i8*	null	
1146,i32,-2,i32	constant	
1147,i32,-1,i32	constant	
1148,i32,-2,i32	constant	
1149,i32,-3,i32	constant	
1150,i32,-2,i32	constant	
1151,i32,-1,i32	constant	
1152,_xmlCharEncodingHandler*,null,xml	Char	Encoding	Handler*	null	
1153,_xmlParserInputBuffer*,null,xml	Parser	Input	Buffer*	null	
1154,_xmlBuf*,null,xml	Buf*	null	
1155,_xmlBuf*,null,xml	Buf*	null	
1156,i64,0,i64	constant	
1157,i32,0,i32	constant	
1158,i64,180,i64	constant	
1159,i64,2,i64	constant	
1160,i64,1,i64	constant	
1161,i64,360,i64	constant	
1162,i32,"(i8*, i32*, i8*, i32*)* null",i32	constant	
1163,i8*,null,i8*	null	
1164,i32,-2,i32	constant	
1165,i32,-1,i32	constant	
1166,i32,-2,i32	constant	
1167,i32,-3,i32	constant	
1168,i32,-2,i32	constant	
1169,i32,-1,i32	constant	
1170,_xmlCharEncodingHandler*,null,xml	Char	Encoding	Handler*	null	
1171,_xmlParserInputBuffer*,null,xml	Parser	Input	Buffer*	null	
1172,_xmlBuf*,null,xml	Buf*	null	
1173,_xmlBuf*,null,xml	Buf*	null	
1174,i64,0,i64	constant	
1175,i32,0,i32	constant	
1176,i64,65536,i64	constant	
1177,i64,0,i64	constant	
1178,i64,2,i64	constant	
1179,i64,0,i64	constant	
1180,i32,0,i32	constant	
1181,i64,131072,i64	constant	
1182,i32,"(i8*, i32*, i8*, i32*)* null",i32	constant	
1183,i8*,null,i8*	null	
1184,i32,-2,i32	constant	
1185,i32,-1,i32	constant	
1186,i32,-2,i32	constant	
1187,i32,-3,i32	constant	
1188,i32,0,i32	constant	
1189,i32*,null,i	null	
1190,i32*,null,i	null	
1191,i8*,null,i8*	null	
1192,_xmlCharEncodingHandler*,null,xml	Char	Encoding	Handler*	null	
1193,_xmlBuffer*,null,xml	Buffer*	null	
1194,_xmlBuffer*,null,xml	Buffer*	null	
1195,i32,0,i32	constant	
1196,i8*,null,i8*	null	
1197,i32,2,i32	constant	
1198,i32,"(i8*, i32*, i8*, i32*)* null",i32	constant	
1199,i8*,null,i8*	null	
1200,i32,-2,i32	constant	
1201,i32,-1,i32	constant	
1202,i32,-2,i32	constant	
1203,i32,-3,i32	constant	
1204,i32,1,i32	constant	
1205,_xmlCharEncodingHandler*,null,xml	Char	Encoding	Handler*	null	
1206,_xmlOutputBuffer*,null,xml	Output	Buffer*	null	
1207,_xmlBuf*,null,xml	Buf*	null	
1208,_xmlBuf*,null,xml	Buf*	null	
1209,i64,0,i64	constant	
1210,i32,128,i32	constant	
1211,i32,0,i32	constant	
1212,i32,"(i8*, i32*, i8*, i32*)* null",i32	constant	
1213,i32,-2,i32	constant	
1214,i32,0,i32	constant	
1215,i32,192,i32	constant	
1216,i8*,null,i8*	null	
1217,i64,0,i64	constant	
1218,i64,65536,i64	constant	
1219,i64,4,i64	constant	
1220,i64,262144,i64	constant	
1221,i32,"(i8*, i32*, i8*, i32*)* null",i32	constant	
1222,i32,0,i32	constant	
1223,i32,224,i32	constant	
1224,i8*,null,i8*	null	
1225,i32,-2,i32	constant	
1226,i32,-1,i32	constant	
1227,i32,0,i32	constant	
1228,i32,240,i32	constant	
1229,i32,248,i32	constant	
1230,i32,-2,i32	constant	
1231,i32,0,i32	constant	
1232,i32,0,i32	constant	
1233,i32,0,i32	constant	
1234,i32,0,i32	constant	
1235,i32,2,i32	constant	
1236,i32,0,i32	constant	
1237,i32,192,i32	constant	
1238,i32,128,i32	constant	
1239,_xmlCharEncodingHandler*,null,xml	Char	Encoding	Handler*	null	
1240,_xmlBuffer*,null,xml	Buffer*	null	
1241,i32,0,i32	constant	
1242,_xmlBuffer*,null,xml	Buffer*	null	
1243,i32,"(i8*, i32*, i8*, i32*)* null",i32	constant	
1244,i32,-2,i32	constant	
1245,i32,0,i32	constant	
1246,i8*,null,i8*	null	
1247,i32,0,i32	constant	
1248,i32,0,i32	constant	
1249,i32,4,i32	constant	
1250,i32,"(i8*, i32*, i8*, i32*)* null",i32	constant	
1251,i32,0,i32	constant	
1252,i32,128,i32	constant	
1253,i8*,null,i8*	null	
1254,i32,-2,i32	constant	
1255,i32,-1,i32	constant	
1256,i32,0,i32	constant	
1257,i32,-2,i32	constant	
1258,i32,0,i32	constant	
1259,i32,0,i32	constant	
1260,i32,0,i32	constant	
1261,i32,0,i32	constant	
1262,i32,2,i32	constant	
1263,_xmlCharEncodingHandler*,null,xml	Char	Encoding	Handler*	null	
1264,i8*,null,i8*	null	
1265,,internal global _xmlCharEncodingHandler** null,	constant	
1266,_xmlCharEncodingHandler**,null,xml	Char	Encoding	Handler**	null	
1267,,internal global i32 0,	constant	
1268,i32,0,i32	constant	
1269,i8*,null,i8*	null	
1270,i8*,null,i8*	null	
1271,i8*,null,i8*	null	
1272,i32,0,i32	constant	
1273,i8*,null,i8*	null	
1274,i32,0,i32	constant	
1275,i32,0,i32	constant	
1276,i8*,null,i8*	null	
1277,_xmlParserCtxt*,null,xml	Parser	Ctxt*	null	
1278,_xmlParserInput*,null,xml	Parser	Input*	null	
1279,_xmlCharEncodingHandler*,null,xml	Char	Encoding	Handler*	null	
1280,_xmlParserInputBuffer*,null,xml	Parser	Input	Buffer*	null	
1281,i64,0,i64	constant	
1282,i32,"(i8*, i32*, i8*, i32*)* null",i32	constant	
1283,i32,-1,i32	constant	
1284,i32,-2,i32	constant	
1285,i8*,null,i8*	null	
1286,i32,0,i32	constant	
1287,i32,32000,i32	constant	
1288,i32,0,i32	constant	
1289,i32,-2,i32	constant	
1290,i32*,null,i	null	
1291,i32*,null,i	null	
1292,i8*,null,i8*	null	
1293,i8*,null,i8*	null	
1294,i32,128,i32	constant	
1295,i32,128,i32	constant	
1296,i32,128,i32	constant	
1297,i32*,null,i	null	
1298,i32*,null,i	null	
1299,i8*,null,i8*	null	
1300,i8*,null,i8*	null	
1301,i32,0,i32	constant	
1302,i32*,null,i	null	
1303,i32*,null,i	null	
1304,i8*,null,i8*	null	
1305,i8*,null,i8*	null	
1306,i32,128,i32	constant	
1307,i32,192,i32	constant	
1308,i32,224,i32	constant	
1309,i32,240,i32	constant	
1310,i32,248,i32	constant	
1311,i32,0,i32	constant	
1312,i32,192,i32	constant	
1313,i32,128,i32	constant	
1314,i32,255,i32	constant	
1315,i32,2,i32	constant	
1316,i32,1,i32	constant	
1317,i64,5,i64	constant	
1318,,internal global i32 1,	constant	
1319,i32,0,i32	constant	
1320,i32,64512,i32	constant	
1321,i32,55296,i32	constant	
1322,,internal global i32 1,	constant	
1323,i32,0,i32	constant	
1324,i32,64512,i32	constant	
1325,i32,56320,i32	constant	
1326,i32,128,i32	constant	
1327,i32,2048,i32	constant	
1328,i32,65536,i32	constant	
1329,i32,-6,i32	constant	
1330,i32,0,i32	constant	
1331,i32*,null,i	null	
1332,i32*,null,i	null	
1333,i16*,null,i	null	
1334,i8*,null,i8*	null	
1335,i32,128,i32	constant	
1336,i32,192,i32	constant	
1337,i32,224,i32	constant	
1338,i32,240,i32	constant	
1339,i32,248,i32	constant	
1340,i32,0,i32	constant	
1341,i32,192,i32	constant	
1342,i32,128,i32	constant	
1343,i32,65536,i32	constant	
1344,,internal global i32 1,	constant	
1345,i32,0,i32	constant	
1346,i32,1114112,i32	constant	
1347,,internal global i32 1,	constant	
1348,i32,0,i32	constant	
1349,i8*,null,i8*	null	
1350,i32,2,i32	constant	
1351,i32,2,i32	constant	
1352,i32,1,i32	constant	
1353,,internal global i32 1,	constant	
1354,i32,0,i32	constant	
1355,i32,64512,i32	constant	
1356,i32,55296,i32	constant	
1357,,internal global i32 1,	constant	
1358,i32,0,i32	constant	
1359,i32,64512,i32	constant	
1360,i32,56320,i32	constant	
1361,i32,128,i32	constant	
1362,i32,2048,i32	constant	
1363,i32,65536,i32	constant	
1364,i32,-6,i32	constant	
1365,i32,0,i32	constant	
1366,i32*,null,i	null	
1367,i32*,null,i	null	
1368,i8*,null,i8*	null	
1369,i8*,null,i8*	null	
1370,i32,128,i32	constant	
1371,i32,192,i32	constant	
1372,i32,224,i32	constant	
1373,i32,240,i32	constant	
1374,i32,248,i32	constant	
1375,i32,0,i32	constant	
1376,i32,192,i32	constant	
1377,i32,128,i32	constant	
1378,i32,65536,i32	constant	
1379,,internal global i32 1,	constant	
1380,i32,0,i32	constant	
1381,i32,1114112,i32	constant	
1382,,internal global i32 1,	constant	
1383,i32,0,i32	constant	
1384,i8*,null,i8*	null	
1385,i32,4,i32	constant	
1386,i32,0,i32	constant	
1387,i32,0,i32	constant	
1388,i32,60,i32	constant	
1389,i32,0,i32	constant	
1390,i32,0,i32	constant	
1391,i32,60,i32	constant	
1392,i32,0,i32	constant	
1393,i32,0,i32	constant	
1394,i32,0,i32	constant	
1395,i32,0,i32	constant	
1396,i32,0,i32	constant	
1397,i32,60,i32	constant	
1398,i32,60,i32	constant	
1399,i32,0,i32	constant	
1400,i32,0,i32	constant	
1401,i32,0,i32	constant	
1402,i32,111,i32	constant	
1403,i32,76,i32	constant	
1404,i32,148,i32	constant	
1405,i32,167,i32	constant	
1406,i32,63,i32	constant	
1407,i32,60,i32	constant	
1408,i32,109,i32	constant	
1409,i32,120,i32	constant	
1410,i32,0,i32	constant	
1411,i32,60,i32	constant	
1412,i32,0,i32	constant	
1413,i32,63,i32	constant	
1414,i32,60,i32	constant	
1415,i32,0,i32	constant	
1416,i32,63,i32	constant	
1417,i32,0,i32	constant	
1418,i32,3,i32	constant	
1419,i32,187,i32	constant	
1420,i32,239,i32	constant	
1421,i32,191,i32	constant	
1422,i32,2,i32	constant	
1423,i32,255,i32	constant	
1424,i32,254,i32	constant	
1425,i32,254,i32	constant	
1426,i32,255,i32	constant	
1427,,internal global _xmlCharEncodingAlias* null,	constant	
1428,_xmlCharEncodingAlias*,null,xml	Char	Encoding	Alias*	null	
1429,,internal global i32 0,	constant	
1430,i8*,null,i8*	null	
1431,i8*,null,i8*	null	
1432,_xmlEntity*,null,xml	Entity*	null	
1433,_xmlDict*,null,xml	Dict*	null	
1434,i8*,null,i8*	null	
1435,i8*,null,i8*	null	
1436,i8*,null,i8*	null	
1437,i8*,null,i8*	null	
1438,i8*,null,i8*	null	
1439,i32,5,i32	constant	
1440,_xmlDict*,null,xml	Dict*	null	
1441,i8*,null,i8*	null	
1442,_xmlDtd*,null,xml	Dtd*	null	
1443,_xmlDoc*,null,xml	Doc*	null	
1444,i8*,null,i8*	null	
1445,i8*,null,i8*	null	
1446,_xmlHashTable*,null,xml	Hash	Table*	null	
1447,_xmlEntity*,null,xml	Entity*	null	
1448,i32,0,i32	constant	
1449,i8*,null,i8*	null	
1450,i32,0,i32	constant	
1451,i32,0,i32	constant	
1452,i32,0,i32	constant	
1453,i32,0,i32	constant	
1454,i32,0,i32	constant	
1455,_xmlDoc*,null,xml	Doc*	null	
1456,_xmlDtd*,null,xml	Dtd*	null	
1457,_xmlEntity*,null,xml	Entity*	null	
1458,_xmlNode*,null,xml	Node*	null	
1459,_xmlDoc*,null,xml	Doc*	null	
1460,_xmlDtd*,null,xml	Dtd*	null	
1461,_xmlEntity*,null,xml	Entity*	null	
1462,_xmlNode*,null,xml	Node*	null	
1463,_xmlDtd*,null,xml	Dtd*	null	
1464,_xmlDoc*,null,xml	Doc*	null	
1465,_xmlDoc*,null,xml	Doc*	null	
1466,_xmlEntity*,null,xml	Entity*	null	
1467,_xmlDoc*,null,xml	Doc*	null	
1468,i8*,null,i8*	null	
1469,_xmlDtd*,null,xml	Dtd*	null	
1470,_xmlEntity*,null,xml	Entity*	null	
1471,i8*,null,i8*	null	
1472,_xmlDtd*,null,xml	Dtd*	null	
1473,_xmlDoc*,null,xml	Doc*	null	
1474,i8*,null,i8*	null	
1475,_xmlDtd*,null,xml	Dtd*	null	
1476,_xmlDoc*,null,xml	Doc*	null	
1477,i8*,null,i8*	null	
1478,_xmlDtd*,null,xml	Dtd*	null	
1479,_xmlEntity*,null,xml	Entity*	null	
1480,i32,1,i32	constant	
1481,_xmlDtd*,null,xml	Dtd*	null	
1482,i8*,null,i8*	null	
1483,_xmlEntity*,null,xml	Entity*	null	
1484,i8*,null,i8*	null	
1485,_xmlDoc*,null,xml	Doc*	null	
1486,i32,13,i32	constant	
1487,i8*,null,i8*	null	
1488,i32,0,i32	constant	
1489,i64,100,i64	constant	
1490,i8*,null,i8*	null	
1491,i64,0,i64	constant	
1492,i32,60,i32	constant	
1493,i32,0,i32	constant	
1494,i32,0,i32	constant	
1495,i32,45,i32	constant	
1496,i32,45,i32	constant	
1497,i32,33,i32	constant	
1498,i8*,null,i8*	null	
1499,i64,100,i64	constant	
1500,i8*,null,i8*	null	
1501,i64,0,i64	constant	
1502,i32,62,i32	constant	
1503,i32,38,i32	constant	
1504,i32,123,i32	constant	
1505,i32,0,i32	constant	
1506,i32,0,i32	constant	
1507,i8*,null,i8*	null	
1508,i32,125,i32	constant	
1509,i64,100,i64	constant	
1510,i8*,null,i8*	null	
1511,i64,0,i64	constant	
1512,i32,128,i32	constant	
1513,i32,32,i32	constant	
1514,i32,13,i32	constant	
1515,i32,0,i32	constant	
1516,i32,9,i32	constant	
1517,i32,10,i32	constant	
1518,i32,128,i32	constant	
1519,i32,0,i32	constant	
1520,i8*,null,i8*	null	
1521,_xmlDoc*,null,xml	Doc*	null	
1522,i32,192,i32	constant	
1523,_xmlDoc*,null,xml	Doc*	null	
1524,i32,0,i32	constant	
1525,i32,224,i32	constant	
1526,i32,240,i32	constant	
1527,i32,248,i32	constant	
1528,i32,0,i32	constant	
1529,i32,256,i32	constant	
1530,i32,1,i32	constant	
1531,void,"(i8*, i8*, ...)* null",void	constant	
1532,_xmlParserInput*,null,xml	Parser	Input*	null	
1533,i8*,null,i8*	null	
1534,_xmlParserInput*,null,xml	Parser	Input*	null	
1535,i32,13,i32	constant	
1536,i32,10,i32	constant	
1537,i64,80,i64	constant	
1538,i32,13,i32	constant	
1539,i32,10,i32	constant	
1540,i32,13,i32	constant	
1541,i32,10,i32	constant	
1542,i32,10,i32	constant	
1543,i32,0,i32	constant	
1544,i64,80,i64	constant	
1545,i32,13,i32	constant	
1546,i32,0,i32	constant	
1547,i64,79,i64	constant	
1548,i32,0,i32	constant	
1549,i32,9,i32	constant	
1550,_xmlError*,null,xml	Error*	null	
1551,void,"(i8*, i8*, ...)* null",void	constant	
1552,i32,-1,i32	constant	
1553,i32,0,i32	constant	
1554,i32,1,i32	constant	
1555,_xmlNode*,null,xml	Node*	null	
1556,_xmlParserCtxt*,null,xml	Parser	Ctxt*	null	
1557,i8*,null,i8*	null	
1558,_xmlParserInput*,null,xml	Parser	Input*	null	
1559,i32,1,i32	constant	
1560,_xmlParserInput*,null,xml	Parser	Input*	null	
1561,i8*,null,i8*	null	
1562,i32,1,i32	constant	
1563,i32,0,i32	constant	
1564,i8*,null,i8*	null	
1565,i32,0,i32	constant	
1566,i32,17,i32	constant	
1567,i32,1,i32	constant	
1568,i32,4,i32	constant	
1569,i32,16,i32	constant	
1570,i32,19,i32	constant	
1571,i32,18,i32	constant	
1572,i8*,null,i8*	null	
1573,i8*,null,i8*	null	
1574,i32,10,i32	constant	
1575,i32,0,i32	constant	
1576,_xmlParserCtxt*,null,xml	Parser	Ctxt*	null	
1577,_xmlParserInput*,null,xml	Parser	Input*	null	
1578,i8*,null,i8*	null	
1579,i32,1,i32	constant	
1580,i32,0,i32	constant	
1581,i8*,null,i8*	null	
1582,i32,12,i32	constant	
1583,i32,100,i32	constant	
1584,i32,0,i32	constant	
1585,i32,1,i32	constant	
1586,,external dso_local global i32,	constant	
1587,i32,0,i32	constant	
1588,i32,5,i32	constant	
1589,i32,1,i32	constant	
1590,i32,3,i32	constant	
1591,i32,4,i32	constant	
1592,i32,23,i32	constant	
1593,i32,8,i32	constant	
1594,_xmlSAXHandler*,null,xml	S	A	X	Handler*	null	
1595,_xmlParserCtxt*,null,xml	Parser	Ctxt*	null	
1596,void,"(i8*, _xmlError*)* null",void	constant	
1597,i32,-554844497,i32	constant	
1598,void,"(i8*, _xmlError*)* null",void	constant	
1599,void,"(i8*, _xmlError*)* null",void	constant	
1600,void,"(i8*, _xmlError*)* null",void	constant	
1601,i8*,null,i8*	null	
1602,i8*,null,i8*	null	
1603,i32,-1,i32	constant	
1604,i32,-1,i32	constant	
1605,i32,64000,i32	constant	
1606,i8*,null,i8*	null	
1607,_xmlParserCtxt*,null,xml	Parser	Ctxt*	null	
1608,i8*,null,i8*	null	
1609,i8*,null,i8*	null	
1610,_xmlParserInput*,null,xml	Parser	Input*	null	
1611,i32,1,i32	constant	
1612,_xmlParserInput*,null,xml	Parser	Input*	null	
1613,i8*,null,i8*	null	
1614,_xmlNode*,null,xml	Node*	null	
1615,i8*,null,i8*	null	
1616,_xmlDoc*,null,xml	Doc*	null	
1617,i32,1,i32	constant	
1618,_xmlNode*,null,xml	Node*	null	
1619,i32,0,i32	constant	
1620,i32,10,i32	constant	
1621,_xmlNode*,null,xml	Node*	null	
1622,_xmlNode*,null,xml	Node*	null	
1623,i8*,null,i8*	null	
1624,_xmlDoc*,null,xml	Doc*	null	
1625,i32,1,i32	constant	
1626,_xmlNode*,null,xml	Node*	null	
1627,i32,65535,i32	constant	
1628,i32,0,i32	constant	
1629,i8*,null,i8*	null	
1630,_xmlNode*,null,xml	Node*	null	
1631,_xmlNode*,null,xml	Node*	null	
1632,_xmlNode*,null,xml	Node*	null	
1633,i32,19,i32	constant	
1634,i32,0,i32	constant	
1635,i32,-1,i32	constant	
1636,i32,20,i32	constant	
1637,_xmlNode*,null,xml	Node*	null	
1638,i32,19,i32	constant	
1639,_xmlDoc*,null,xml	Doc*	null	
1640,_xmlNode*,null,xml	Node*	null	
1641,i8*,null,i8*	null	
1642,i8*,null,i8*	null	
1643,i8*,null,i8*	null	
1644,i8*,null,i8*	null	
1645,,external dso_local global _xmlError,	constant	
1646,void,"(i8*, _xmlError*)* null",void	constant	
1647,void,"(i8*, i8*, ...)* null",void	constant	
1648,_xmlParserCtxt*,null,xml	Parser	Ctxt*	null	
1649,_xmlSAXHandler*,null,xml	S	A	X	Handler*	null	
1650,,external dso_local global void (i8*,	constant	
1651,void,"(i8*, _xmlError*)* null",void	constant	
1652,i32,1,i32	constant	
1653,void,"(i8*, i8*, ...)* null",void	constant	
1654,_xmlParserCtxt*,null,xml	Parser	Ctxt*	null	
1655,void,"(i8*, i8*, ...)* null",void	constant	
1656,,alloca i8*,	constant	
1657,,alloca i8*,	constant	
1658,,alloca i8*,	constant	
1659,,alloca i8*,	constant	
1660,void,"(i8*, i8*, ...)* bitcast (i32 (_IO_FILE*, i8*, ...)* @fprintf to void (i8*, i8*, ...)*)",void	constant	
1661,,alloca i8*,	constant	
1662,i32,2,i32	constant	
1663,i8*,null,i8*	null	
1664,_xmlParserCtxt*,null,xml	Parser	Ctxt*	null	
1665,i8*,null,i8*	null	
1666,_xmlParserInput*,null,xml	Parser	Input*	null	
1667,i32,1,i32	constant	
1668,i8*,null,i8*	null	
1669,i32,-1,i32	constant	
1670,i32,-1,i32	constant	
1671,i32,64000,i32	constant	
1672,i8*,null,i8*	null	
1673,i8*,null,i8*	null	
1674,_xmlParserCtxt*,null,xml	Parser	Ctxt*	null	
1675,_xmlParserInput*,null,xml	Parser	Input*	null	
1676,_xmlParserCtxt*,null,xml	Parser	Ctxt*	null	
1677,i8*,null,i8*	null	
1678,_xmlParserInput*,null,xml	Parser	Input*	null	
1679,i32,1,i32	constant	
1680,,external dso_local global i8*,	constant	
1681,i8*,null,i8*	null	
1682,i8*,null,i8*	null	
1683,i32,-1,i32	constant	
1684,i32,-1,i32	constant	
1685,i32,64000,i32	constant	
1686,i8*,null,i8*	null	
1687,i8*,null,i8*	null	
1688,_xmlParserCtxt*,null,xml	Parser	Ctxt*	null	
1689,_xmlParserInput*,null,xml	Parser	Input*	null	
1690,i32,58,i32	constant	
1691,i32,1,i32	constant	
1692,_xmlParserCtxt*,null,xml	Parser	Ctxt*	null	
1693,i32,1,i32	constant	
1694,i8*,null,i8*	null	
1695,,internal global i32 0,	constant	
1696,i32,0,i32	constant	
1697,i8*,null,i8*	null	
1698,i32,-1,i32	constant	
1699,i32,-1,i32	constant	
1700,i32,64000,i32	constant	
1701,i8*,null,i8*	null	
1702,i8*,null,i8*	null	
1703,_xmlParserInput*,null,xml	Parser	Input*	null	
1704,_xmlParserCtxt*,null,xml	Parser	Ctxt*	null	
1705,i32,58,i32	constant	
1706,i32,0,i32	constant	
1707,_xmlParserCtxt*,null,xml	Parser	Ctxt*	null	
1708,i32,1,i32	constant	
1709,i8*,null,i8*	null	
1710,i8*,null,i8*	null	
1711,i32,-1,i32	constant	
1712,i32,-1,i32	constant	
1713,i32,64000,i32	constant	
1714,i8*,null,i8*	null	
1715,i8*,null,i8*	null	
1716,_xmlParserCtxt*,null,xml	Parser	Ctxt*	null	
1717,i32*,"getelementptr inbounds (_xmlError, %struct._xmlError* @xmlLastError, i32 0, i32 1)",i	i	
1718,i32,0,i32	constant	
1719,_xmlError*,null,xml	Error*	null	
1720,i32,0,i32	constant	
1721,i8*,null,i8*	null	
1722,i8*,null,i8*	null	
1723,i8*,null,i8*	null	
1724,i8*,null,i8*	null	
1725,i8*,null,i8*	null	
1726,i32*,"getelementptr inbounds (_xmlError, %struct._xmlError* @xmlLastError, i32 0, i32 1)",i	i	
1727,i32,0,i32	constant	
1728,_xmlParserCtxt*,null,xml	Parser	Ctxt*	null	
1729,void,"(i8*, i8*, ...)** null",void	constant	
1730,i32,0,i32	constant	
1731,_xmlParserCtxt*,null,xml	Parser	Ctxt*	null	
1732,i32,0,i32	constant	
1733,_xmlError*,null,xml	Error*	null	
1734,_xmlError*,null,xml	Error*	null	
1735,i8*,null,i8*	null	
1736,i8*,null,i8*	null	
1737,i8*,null,i8*	null	
1738,i8*,null,i8*	null	
1739,i8*,null,i8*	null	
1740,job*,null,job	null	
1741,_xmlNode*,null,xml	Node*	null	
1742,i32,0,i32	constant	
1743,i8*,null,i8*	null	
1744,i32,0,i32	constant	
1745,i32,0,i32	constant	
1746,i32,0,i32	constant	
1747,job*,null,job	null	
1748,i8*,null,i8*	null	
1749,i8*,null,i8*	null	
1750,i8*,null,i8*	null	
1751,person*,null,person	null	
1752,_xmlDoc*,null,xml	Doc*	null	
1753,_xmlNode*,null,xml	Node*	null	
1754,_xmlNs*,null,xml	Ns*	null	
1755,i32,0,i32	constant	
1756,gjob*,null,gjob	null	
1757,i32,0,i32	constant	
1758,_xmlNode*,null,xml	Node*	null	
1759,_xmlNode*,null,xml	Node*	null	
1760,i32,0,i32	constant	
1761,_xmlNode*,null,xml	Node*	null	
1762,i32,0,i32	constant	
1763,job*,null,job	null	
1764,i32,500,i32	constant	
1765,gjob*,null,gjob	null	
1766,person*,null,person	null	
1767,_xmlNode*,null,xml	Node*	null	
1768,i32,0,i32	constant	
1769,i32,0,i32	constant	
1770,person*,null,person	null	
1771,i8*,null,i8*	null	
1772,i8*,null,i8*	null	
1773,i8*,null,i8*	null	
1774,i8*,null,i8*	null	
1775,i8*,null,i8*	null	
1776,i8*,null,i8*	null	
1777,i8*,null,i8*	null	
1778,,internal global _xmlMutex* null,	constant	
1779,_xmlMutex*,null,xml	Mutex*	null	
1780,,internal global _xmlMutex* null,	constant	
1781,_xmlMutex*,null,xml	Mutex*	null	
1782,void,"(i8*, i8*, ...)* null",void	constant	
1783,,internal global _xmlMutex* null,	constant	
1784,_xmlMutex*,null,xml	Mutex*	null	
1785,,internal global _xmlParserInputBuffer* (i8*,	constant	
1786,_xmlParserInputBuffer*,"(i8*, i32)* null",xml	Parser	Input	Buffer*	i	i	null	
1787,,internal global _xmlOutputBuffer* (i8*,	constant	
1788,_xmlOutputBuffer*,"(i8*, %struct._xmlCharEncodingHandler*, i32)* null","xml	Output	Buffer*	i	struct	xml	Char	Encoding	Handler*, i32)* null	"
1789,_xmlHashTable*,null,xml	Hash	Table*	null	
1790,i8*,null,i8*	null	
1791,i32,0,i32	constant	
1792,i8*,null,i8*	null	
1793,_xmlHashTable*,null,xml	Hash	Table*	null	
1794,i32,0,i32	constant	
1795,_xmlHashEntry*,null,xml	Hash	Entry*	null	
1796,i32,0,i32	constant	
1797,i32,0,i32	constant	
1798,i32,0,i32	constant	
1799,i8*,null,i8*	null	
1800,void,"(i8*, i8*)* null",void	constant	
1801,_xmlDict*,null,xml	Dict*	null	
1802,i8*,null,i8*	null	
1803,i8*,null,i8*	null	
1804,i8*,null,i8*	null	
1805,_xmlHashEntry*,null,xml	Hash	Entry*	null	
1806,_xmlHashEntry*,null,xml	Hash	Entry*	null	
1807,i8*,null,i8*	null	
1808,i8*,null,i8*	null	
1809,i32,0,i32	constant	
1810,i8*,null,i8*	null	
1811,i32,0,i32	constant	
1812,i8*,null,i8*	null	
1813,i32,0,i32	constant	
1814,i8*,null,i8*	null	
1815,i32,0,i32	constant	
1816,i8*,null,i8*	null	
1817,i32,0,i32	constant	
1818,i8*,null,i8*	null	
1819,i32,0,i32	constant	
1820,i32,0,i32	constant	
1821,_xmlHashTable*,null,xml	Hash	Table*	null	
1822,_xmlHashEntry*,null,xml	Hash	Entry*	null	
1823,_xmlHashTable*,null,xml	Hash	Table*	null	
1824,_xmlHashTable*,null,xml	Hash	Table*	null	
1825,i32,8,i32	constant	
1826,i32,16384,i32	constant	
1827,_xmlHashEntry*,null,xml	Hash	Entry*	null	
1828,_xmlHashEntry*,null,xml	Hash	Entry*	null	
1829,i32,0,i32	constant	
1830,i32,0,i32	constant	
1831,_xmlHashEntry*,null,xml	Hash	Entry*	null	
1832,i32,0,i32	constant	
1833,_xmlHashTable*,null,xml	Hash	Table*	null	
1834,_xmlHashEntry*,null,xml	Hash	Entry*	null	
1835,i32,0,i32	constant	
1836,i32,0,i32	constant	
1837,_xmlHashEntry*,null,xml	Hash	Entry*	null	
1838,i8*,null,i8*	null	
1839,void,"(i8*, i8*)* null",void	constant	
1840,_xmlDict*,null,xml	Dict*	null	
1841,i8*,null,i8*	null	
1842,i8*,null,i8*	null	
1843,i8*,null,i8*	null	
1844,i32,0,i32	constant	
1845,_xmlDict*,null,xml	Dict*	null	
1846,i8*,null,i8*	null	
1847,_xmlHashTable*,null,xml	Hash	Table*	null	
1848,_xmlDict*,null,xml	Dict*	null	
1849,i32,0,i32	constant	
1850,i8*,null,i8*	null	
1851,i32,0,i32	constant	
1852,i8*,null,i8*	null	
1853,i8*,null,i8*	null	
1854,i32,0,i32	constant	
1855,i8*,null,i8*	null	
1856,i8*,null,i8*	null	
1857,i32,0,i32	constant	
1858,_xmlDict*,null,xml	Dict*	null	
1859,_xmlHashEntry*,null,xml	Hash	Entry*	null	
1860,_xmlHashEntry*,null,xml	Hash	Entry*	null	
1861,i32,0,i32	constant	
1862,i32,0,i32	constant	
1863,i32,0,i32	constant	
1864,i32,0,i32	constant	
1865,i32,0,i32	constant	
1866,i32,0,i32	constant	
1867,_xmlHashEntry*,null,xml	Hash	Entry*	null	
1868,_xmlHashEntry*,null,xml	Hash	Entry*	null	
1869,_xmlDict*,null,xml	Dict*	null	
1870,_xmlHashEntry*,null,xml	Hash	Entry*	null	
1871,i64,0,i64	constant	
1872,i64,8,i64	constant	
1873,i8*,null,i8*	null	
1874,_xmlHashTable*,null,xml	Hash	Table*	null	
1875,_xmlDict*,null,xml	Dict*	null	
1876,i32,0,i32	constant	
1877,i8*,null,i8*	null	
1878,i32,0,i32	constant	
1879,i8*,null,i8*	null	
1880,i8*,null,i8*	null	
1881,i32,0,i32	constant	
1882,i8*,null,i8*	null	
1883,i8*,null,i8*	null	
1884,i32,0,i32	constant	
1885,_xmlDict*,null,xml	Dict*	null	
1886,_xmlHashEntry*,null,xml	Hash	Entry*	null	
1887,void,"(i8*, i8*)* null",void	constant	
1888,void,"(i8*, i8*)* null",void	constant	
1889,_xmlHashEntry*,null,xml	Hash	Entry*	null	
1890,i32,0,i32	constant	
1891,i32,0,i32	constant	
1892,i32,0,i32	constant	
1893,void,"(i8*, i8*)* null",void	constant	
1894,i32,0,i32	constant	
1895,i32,0,i32	constant	
1896,i32,0,i32	constant	
1897,void,"(i8*, i8*)* null",void	constant	
1898,_xmlHashEntry*,null,xml	Hash	Entry*	null	
1899,_xmlHashEntry*,null,xml	Hash	Entry*	null	
1900,_xmlDict*,null,xml	Dict*	null	
1901,_xmlHashEntry*,null,xml	Hash	Entry*	null	
1902,_xmlHashTable*,null,xml	Hash	Table*	null	
1903,i8*,null,i8*	null	
1904,i32,0,i32	constant	
1905,_xmlDict*,null,xml	Dict*	null	
1906,_xmlHashEntry*,null,xml	Hash	Entry*	null	
1907,_xmlHashEntry*,null,xml	Hash	Entry*	null	
1908,i32,0,i32	constant	
1909,i32,0,i32	constant	
1910,i32,0,i32	constant	
1911,_xmlHashTable*,null,xml	Hash	Table*	null	
1912,i8*,null,i8*	null	
1913,i32,0,i32	constant	
1914,_xmlHashEntry*,null,xml	Hash	Entry*	null	
1915,i32,0,i32	constant	
1916,i32,0,i32	constant	
1917,i32,0,i32	constant	
1918,_xmlHashTable*,null,xml	Hash	Table*	null	
1919,void,"(i8*, i8*, i8*, i8*, i8*)* null",void	constant	
1920,_xmlHashEntry*,null,xml	Hash	Entry*	null	
1921,i32,0,i32	constant	
1922,_xmlHashEntry*,null,xml	Hash	Entry*	null	
1923,i8*,null,i8*	null	
1924,void,"(i8*, i8*, i8*, i8*, i8*)* null",void	constant	
1925,i32,0,i32	constant	
1926,i8*,null,i8*	null	
1927,i32,0,i32	constant	
1928,_xmlHashTable*,null,xml	Hash	Table*	null	
1929,void,"(i8*, i8*, i8*, i8*, i8*)* null",void	constant	
1930,_xmlHashEntry*,null,xml	Hash	Entry*	null	
1931,i32,0,i32	constant	
1932,_xmlHashEntry*,null,xml	Hash	Entry*	null	
1933,i32,0,i32	constant	
1934,i8*,null,i8*	null	
1935,i32,0,i32	constant	
1936,i8*,null,i8*	null	
1937,i32,0,i32	constant	
1938,i8*,null,i8*	null	
1939,i8*,null,i8*	null	
1940,i8*,null,i8*	null	
1941,i32,0,i32	constant	
1942,_xmlHashTable*,null,xml	Hash	Table*	null	
1943,i8*,"(i8*, i8*)* null",i8*	constant	
1944,_xmlHashTable*,null,xml	Hash	Table*	null	
1945,_xmlHashEntry*,null,xml	Hash	Entry*	null	
1946,i32,0,i32	constant	
1947,_xmlHashEntry*,null,xml	Hash	Entry*	null	
1948,i32,0,i32	constant	
1949,_xmlParserCtxt*,null,xml	Parser	Ctxt*	null	
1950,i32,-1,i32	constant	
1951,_xmlParserCtxt*,null,xml	Parser	Ctxt*	null	
1952,_xmlParserCtxt*,null,xml	Parser	Ctxt*	null	
1953,,internal global i32 0,	constant	
1954,i32,0,i32	constant	
1955,i32,100,i32	constant	
1956,i32,0,i32	constant	
1957,i32,99,i32	constant	
1958,i8*,null,i8*	null	
1959,i8*,null,i8*	null	
1960,i64,92,i64	constant	
1961,i32,0,i32	constant	
1962,,internal global i32 0,	constant	
1963,i32,0,i32	constant	
1964,i32,100,i32	constant	
1965,i8**,null,i	null	
1966,i32,0,i32	constant	
1967,i8*,null,i8*	null	
1968,i32,0,i32	constant	
1969,_xmlNode*,null,xml	Node*	null	
1970,i32,0,i32	constant	
1971,i32,0,i32	constant	
1972,_xmlNode*,null,xml	Node*	null	
1973,i32,0,i32	constant	
1974,_xmlNode*,null,xml	Node*	null	
1975,_xmlNode*,null,xml	Node*	null	
1976,i32,0,i32	constant	
1977,i8*,null,i8*	null	
1978,i32,110,i32	constant	
1979,i32,111,i32	constant	
1980,i64,18,i64	constant	
1981,i32,0,i32	constant	
1982,i64,253,i64	constant	
1983,i32,0,i32	constant	
1984,i64,253,i64	constant	
1985,i32*,null,i	null	
1986,i32*,null,i	null	
1987,i8*,null,i8*	null	
1988,i8*,null,i8*	null	
1989,i32,128,i32	constant	
1990,i32,192,i32	constant	
1991,i32,224,i32	constant	
1992,i32,240,i32	constant	
1993,i32,248,i32	constant	
1994,i32,0,i32	constant	
1995,i32,192,i32	constant	
1996,i32,128,i32	constant	
1997,i32,128,i32	constant	
1998,_htmlEntityDesc*,null,html	Entity	Desc*	null	
1999,i8*,null,i8*	null	
2000,i32*,null,i	null	
2001,i32*,null,i	null	
2002,i8*,null,i8*	null	
2003,i32,128,i32	constant	
2004,i32,192,i32	constant	
2005,i32,224,i32	constant	
2006,i32,240,i32	constant	
2007,i32,248,i32	constant	
2008,i32,0,i32	constant	
2009,i32,192,i32	constant	
2010,i32,128,i32	constant	
2011,i32,128,i32	constant	
2012,i32,62,i32	constant	
2013,i32,60,i32	constant	
2014,i32,38,i32	constant	
2015,_htmlEntityDesc*,null,html	Entity	Desc*	null	
2016,_xmlDoc*,null,xml	Doc*	null	
2017,i8*,null,i8*	null	
2018,i8*,null,i8*	null	
2019,i8*,null,i8*	null	
2020,i8*,null,i8*	null	
2021,i64,250,i64	constant	
2022,i32,0,i32	constant	
2023,i32,122,i32	constant	
2024,i32,97,i32	constant	
2025,i32,90,i32	constant	
2026,i32,65,i32	constant	
2027,i32,58,i32	constant	
2028,i32,95,i32	constant	
2029,i32,122,i32	constant	
2030,i32,97,i32	constant	
2031,i32,90,i32	constant	
2032,i32,65,i32	constant	
2033,i32,57,i32	constant	
2034,i32,48,i32	constant	
2035,i32,45,i32	constant	
2036,i32,95,i32	constant	
2037,i32,46,i32	constant	
2038,i32,58,i32	constant	
2039,i32,128,i32	constant	
2040,i32,0,i32	constant	
2041,i8**,null,i	null	
2042,_xmlParserInput*,null,xml	Parser	Input*	null	
2043,_xmlParserCtxt*,null,xml	Parser	Ctxt*	null	
2044,i32,38,i32	constant	
2045,i8*,null,i8*	null	
2046,i64,250,i64	constant	
2047,i32,0,i32	constant	
2048,i32,59,i32	constant	
2049,i8**,null,i	null	
2050,_htmlEntityDesc*,null,html	Entity	Desc*	null	
2051,i8**,null,i	null	
2052,_xmlParserInput*,null,xml	Parser	Input*	null	
2053,_xmlParserCtxt*,null,xml	Parser	Ctxt*	null	
2054,i32,35,i32	constant	
2055,i32,38,i32	constant	
2056,i32,88,i32	constant	
2057,i32,120,i32	constant	
2058,i32,59,i32	constant	
2059,i32,57,i32	constant	
2060,i32,48,i32	constant	
2061,i32,102,i32	constant	
2062,i32,97,i32	constant	
2063,i32,70,i32	constant	
2064,i32,65,i32	constant	
2065,i32,59,i32	constant	
2066,i32,35,i32	constant	
2067,i32,38,i32	constant	
2068,i32,59,i32	constant	
2069,i32,57,i32	constant	
2070,i32,48,i32	constant	
2071,i32,59,i32	constant	
2072,i32,0,i32	constant	
2073,i32,256,i32	constant	
2074,i32,0,i32	constant	
2075,_xmlParserCtxt*,null,xml	Parser	Ctxt*	null	
2076,i32,-1,i32	constant	
2077,_xmlParserCtxt*,null,xml	Parser	Ctxt*	null	
2078,i8*,null,i8*	null	
2079,i32,0,i32	constant	
2080,i8*,null,i8*	null	
2081,i32,112,i32	constant	
2082,_xmlDoc*,null,xml	Doc*	null	
2083,_xmlOutputBuffer*,null,xml	Output	Buffer*	null	
2084,_xmlDtd*,null,xml	Dtd*	null	
2085,_xmlNode*,null,xml	Node*	null	
2086,_xmlAttr*,null,xml	Attr*	null	
2087,_xmlNode*,null,xml	Node*	null	
2088,i32,3,i32	constant	
2089,_xmlNode*,null,xml	Node*	null	
2090,i32,0,i32	constant	
2091,i32,0,i32	constant	
2092,i8*,null,i8*	null	
2093,i32,0,i32	constant	
2094,i8*,null,i8*	null	
2095,i32,0,i32	constant	
2096,i8*,null,i8*	null	
2097,i8*,null,i8*	null	
2098,i8*,null,i8*	null	
2099,i8*,null,i8*	null	
2100,i8*,null,i8*	null	
2101,i8*,null,i8*	null	
2102,i8*,null,i8*	null	
2103,i32,9,i32	constant	
2104,i32,32,i32	constant	
2105,_xmlDoc*,null,xml	Doc*	null	
2106,i32,0,i32	constant	
2107,i8*,null,i8*	null	
2108,_xmlNode*,null,xml	Node*	null	
2109,i8*,null,i8*	null	
2110,i32,1,i32	constant	
2111,i32,0,i32	constant	
2112,i32,0,i32	constant	
2113,i32,0,i32	constant	
2114,_xmlNode*,null,xml	Node*	null	
2115,_xmlNode*,null,xml	Node*	null	
2116,i8*,null,i8*	null	
2117,i32,1,i32	constant	
2118,i32,0,i32	constant	
2119,i32,0,i32	constant	
2120,_xmlNode*,null,xml	Node*	null	
2121,_xmlNode*,null,xml	Node*	null	
2122,_xmlNode*,null,xml	Node*	null	
2123,i8*,null,i8*	null	
2124,i32,1,i32	constant	
2125,i32,0,i32	constant	
2126,_xmlAttr*,null,xml	Attr*	null	
2127,_xmlNode*,null,xml	Node*	null	
2128,i32,3,i32	constant	
2129,_xmlNode*,null,xml	Node*	null	
2130,i32,0,i32	constant	
2131,i32,0,i32	constant	
2132,i8*,null,i8*	null	
2133,i32,0,i32	constant	
2134,i8*,null,i8*	null	
2135,i32,0,i32	constant	
2136,i8*,null,i8*	null	
2137,i32,0,i32	constant	
2138,_xmlNode*,null,xml	Node*	null	
2139,_xmlNode*,null,xml	Node*	null	
2140,i8*,null,i8*	null	
2141,_xmlNode*,null,xml	Node*	null	
2142,i8*,null,i8*	null	
2143,i8*,null,i8*	null	
2144,i8*,null,i8*	null	
2145,i32,0,i32	constant	
2146,_xmlNode*,null,xml	Node*	null	
2147,_xmlBuf*,null,xml	Buf*	null	
2148,_xmlOutputBuffer*,null,xml	Output	Buffer*	null	
2149,_xmlNode*,null,xml	Node*	null	
2150,_xmlBuffer*,null,xml	Buffer*	null	
2151,_xmlBuf*,null,xml	Buf*	null	
2152,i64,2147483647,i64	constant	
2153,i8*,null,i8*	null	
2154,i32,1,i32	constant	
2155,_xmlCharEncodingHandler*,null,xml	Char	Encoding	Handler*	null	
2156,_xmlCharEncodingHandler*,null,xml	Char	Encoding	Handler*	null	
2157,_xmlCharEncodingHandler*,null,xml	Char	Encoding	Handler*	null	
2158,_xmlOutputBuffer*,null,xml	Output	Buffer*	null	
2159,_xmlDoc*,null,xml	Doc*	null	
2160,i32*,null,i	null	
2161,i8**,null,i	null	
2162,_xmlDoc*,null,xml	Doc*	null	
2163,i8*,null,i8*	null	
2164,i32,1,i32	constant	
2165,_xmlCharEncodingHandler*,null,xml	Char	Encoding	Handler*	null	
2166,_xmlCharEncodingHandler*,null,xml	Char	Encoding	Handler*	null	
2167,_xmlCharEncodingHandler*,null,xml	Char	Encoding	Handler*	null	
2168,_xmlOutputBuffer*,null,xml	Output	Buffer*	null	
2169,_xmlBuf*,null,xml	Buf*	null	
2170,_xmlNode*,null,xml	Node*	null	
2171,i8*,null,i8*	null	
2172,i32,1,i32	constant	
2173,i32,0,i32	constant	
2174,i32,0,i32	constant	
2175,i32,0,i32	constant	
2176,_xmlAttr*,null,xml	Attr*	null	
2177,i8*,null,i8*	null	
2178,_xmlNs*,null,xml	Ns*	null	
2179,i32,0,i32	constant	
2180,_xmlNode*,null,xml	Node*	null	
2181,i8*,null,i8*	null	
2182,_xmlNode*,null,xml	Node*	null	
2183,_xmlNs*,null,xml	Ns*	null	
2184,_xmlNs*,null,xml	Ns*	null	
2185,i32,0,i32	constant	
2186,i32,0,i32	constant	
2187,i32,0,i32	constant	
2188,i32,0,i32	constant	
2189,i32,0,i32	constant	
2190,i32,32,i32	constant	
2191,_xmlNode*,null,xml	Node*	null	
2192,_xmlNode*,null,xml	Node*	null	
2193,i8*,null,i8*	null	
2194,i32,1,i32	constant	
2195,i32,0,i32	constant	
2196,_xmlOutputBuffer*,null,xml	Output	Buffer*	null	
2197,_xmlNode*,null,xml	Node*	null	
2198,i32,0,i32	constant	
2199,i32,14,i32	constant	
2200,i32,13,i32	constant	
2201,i32,9,i32	constant	
2202,i32,2,i32	constant	
2203,i32,3,i32	constant	
2204,i8*,null,i8*	null	
2205,i8*,"getelementptr inbounds ([0 x i8], [0 x i8]* @xmlStringText, i64 0, i64 0)",i8*	constant	
2206,i8*,"getelementptr inbounds ([0 x i8], [0 x i8]* @xmlStringTextNoenc, i64 0, i64 0)",i8*	constant	
2207,_xmlNode*,null,xml	Node*	null	
2208,i32,0,i32	constant	
2209,i32,0,i32	constant	
2210,i8*,null,i8*	null	
2211,i32,8,i32	constant	
2212,i8*,null,i8*	null	
2213,i32,7,i32	constant	
2214,i8*,null,i8*	null	
2215,i8*,null,i8*	null	
2216,_xmlNode*,null,xml	Node*	null	
2217,i32,5,i32	constant	
2218,i32,4,i32	constant	
2219,i8*,null,i8*	null	
2220,_xmlNs*,null,xml	Ns*	null	
2221,i8*,null,i8*	null	
2222,_xmlNs*,null,xml	Ns*	null	
2223,_xmlNs*,null,xml	Ns*	null	
2224,_xmlAttr*,null,xml	Attr*	null	
2225,i32,0,i32	constant	
2226,_htmlElemDesc*,null,html	Elem	Desc*	null	
2227,_xmlNode*,null,xml	Node*	null	
2228,i8,0,i	
2229,i32,0,i32	constant	
2230,i32,3,i32	constant	
2231,i32,5,i32	constant	
2232,_xmlNode*,null,xml	Node*	null	
2233,i8*,null,i8*	null	
2234,i32,112,i32	constant	
2235,i8*,null,i8*	null	
2236,i32,1,i32	constant	
2237,_xmlNode*,null,xml	Node*	null	
2238,i32,0,i32	constant	
2239,_htmlElemDesc*,null,html	Elem	Desc*	null	
2240,i32,0,i32	constant	
2241,i32,0,i32	constant	
2242,i8*,null,i8*	null	
2243,_xmlNs*,null,xml	Ns*	null	
2244,_xmlNode*,null,xml	Node*	null	
2245,i32,0,i32	constant	
2246,i8,0,i	
2247,_htmlElemDesc*,null,html	Elem	Desc*	null	
2248,i32,3,i32	constant	
2249,i32,5,i32	constant	
2250,_xmlNode*,null,xml	Node*	null	
2251,i8*,null,i8*	null	
2252,i32,112,i32	constant	
2253,i32,1,i32	constant	
2254,i8*,null,i8*	null	
2255,_xmlNode*,null,xml	Node*	null	
2256,i8,0,i	
2257,_htmlElemDesc*,null,html	Elem	Desc*	null	
2258,i32,0,i32	constant	
2259,i32,3,i32	constant	
2260,i32,5,i32	constant	
2261,i8*,null,i8*	null	
2262,i32,112,i32	constant	
2263,_xmlNode*,null,xml	Node*	null	
2264,i8,0,i	
2265,_htmlElemDesc*,null,html	Elem	Desc*	null	
2266,i32,0,i32	constant	
2267,i32,3,i32	constant	
2268,i32,5,i32	constant	
2269,i8*,null,i8*	null	
2270,i32,112,i32	constant	
2271,i8*,null,i8*	null	
2272,_xmlNs*,null,xml	Ns*	null	
2273,i8*,null,i8*	null	
2274,i32,1,i32	constant	
2275,i8,0,i	
2276,_htmlElemDesc*,null,html	Elem	Desc*	null	
2277,i32,0,i32	constant	
2278,_xmlNode*,null,xml	Node*	null	
2279,i32,3,i32	constant	
2280,i32,5,i32	constant	
2281,_xmlNode*,null,xml	Node*	null	
2282,i32,0,i32	constant	
2283,_xmlDoc*,null,xml	Doc*	null	
2284,i32,0,i32	constant	
2285,i32,0,i32	constant	
2286,i8*,null,i8*	null	
2287,i32,0,i32	constant	
2288,i8*,null,i8*	null	
2289,i8*,null,i8*	null	
2290,i32,0,i32	constant	
2291,i8*,null,i8*	null	
2292,i8*,null,i8*	null	
2293,,internal global i32 0,	constant	
2294,,internal global i32 0,	constant	
2295,i32,0,i32	constant	
2296,,internal global i32 0,	constant	
2297,i32,0,i32	constant	
2298,,internal global i32 0,	constant	
2299,i32,0,i32	constant	
2300,,internal global i32 0,	constant	
2301,i32,0,i32	constant	
2302,,internal global i32 0,	constant	
2303,i32,0,i32	constant	
2304,,internal global i32 0,	constant	
2305,i32,0,i32	constant	
2306,,internal global i32 0,	constant	
2307,i32,0,i32	constant	
2308,,internal global i32 0,	constant	
2309,i32,0,i32	constant	
2310,,internal global i32 0,	constant	
2311,i32,0,i32	constant	
2312,,internal global i32 0,	constant	
2313,i32,0,i32	constant	
2314,,internal global i32 0,	constant	
2315,i32,0,i32	constant	
2316,,internal global i32 0,	constant	
2317,i32,0,i32	constant	
2318,,internal global i32 0,	constant	
2319,i32,0,i32	constant	
2320,,internal global i32 0,	constant	
2321,i32,0,i32	constant	
2322,,internal global i32 0,	constant	
2323,i32,0,i32	constant	
2324,,internal global i32 0,	constant	
2325,i32,0,i32	constant	
2326,,internal global i32 0,	constant	
2327,i32,0,i32	constant	
2328,,internal global i32 0,	constant	
2329,i32,0,i32	constant	
2330,,internal global i32 0,	constant	
2331,i32,0,i32	constant	
2332,i8**,null,i	null	
2333,i32*,null,i	null	
2334,i32,1000,i32	constant	
2335,i32,0,i32	constant	
2336,i32,42,i32	constant	
2337,i8*,null,i8*	null	
2338,i8*,null,i8*	null	
2339,_xmlParserCtxt*,null,xml	Parser	Ctxt*	null	
2340,i32,0,i32	constant	
2341,i32,0,i32	constant	
2342,i32,0,i32	constant	
2343,i32,0,i32	constant	
2344,i32,0,i32	constant	
2345,i32,0,i32	constant	
2346,i32,0,i32	constant	
2347,i32,0,i32	constant	
2348,i32,0,i32	constant	
2349,i32,0,i32	constant	
2350,i32,0,i32	constant	
2351,i32,0,i32	constant	
2352,i32,0,i32	constant	
2353,i32,0,i32	constant	
2354,i32,0,i32	constant	
2355,i32,0,i32	constant	
2356,i32,0,i32	constant	
2357,i32,0,i32	constant	
2358,i32,0,i32	constant	
2359,i32,0,i32	constant	
2360,i32,0,i32	constant	
2361,i32,0,i32	constant	
2362,i32,0,i32	constant	
2363,i32,0,i32	constant	
2364,i32,0,i32	constant	
2365,i32,0,i32	constant	
2366,i32,0,i32	constant	
2367,i32,0,i32	constant	
2368,i32,0,i32	constant	
2369,i32,0,i32	constant	
2370,i32,0,i32	constant	
2371,i32,0,i32	constant	
2372,i32,0,i32	constant	
2373,i32,0,i32	constant	
2374,i32,0,i32	constant	
2375,i32,0,i32	constant	
2376,i32,0,i32	constant	
2377,i32,0,i32	constant	
2378,i32,0,i32	constant	
2379,i32,0,i32	constant	
2380,i8*,null,i8*	null	
2381,i8*,null,i8*	null	
2382,_xmlParserCtxt*,null,xml	Parser	Ctxt*	null	
2383,i32,0,i32	constant	
2384,i32,0,i32	constant	
2385,i32,0,i32	constant	
2386,void,"(i8*, i8*, ...)* null",void	constant	
2387,void,"(i8*, i8*, ...)* null",void	constant	
2388,i32,0,i32	constant	
2389,i32,0,i32	constant	
2390,i32,0,i32	constant	
2391,i32,0,i32	constant	
2392,i32,0,i32	constant	
2393,i32,0,i32	constant	
2394,i32,0,i32	constant	
2395,i32,0,i32	constant	
2396,i32,0,i32	constant	
2397,i32,0,i32	constant	
2398,i32,0,i32	constant	
2399,i32,0,i32	constant	
2400,i32,0,i32	constant	
2401,i32,0,i32	constant	
2402,i32,0,i32	constant	
2403,i32,0,i32	constant	
2404,i32,0,i32	constant	
2405,i32,0,i32	constant	
2406,i32,0,i32	constant	
2407,i32,0,i32	constant	
2408,i32,0,i32	constant	
2409,i32,0,i32	constant	
2410,i32,0,i32	constant	
2411,i32,0,i32	constant	
2412,i32,0,i32	constant	
2413,i32,0,i32	constant	
2414,i32,0,i32	constant	
2415,i32,0,i32	constant	
2416,i32,0,i32	constant	
2417,i32,0,i32	constant	
2418,i32,0,i32	constant	
2419,i32,0,i32	constant	
2420,i32,0,i32	constant	
2421,i32,0,i32	constant	
2422,i32,0,i32	constant	
2423,i32,0,i32	constant	
2424,i32,0,i32	constant	
2425,i32,0,i32	constant	
2426,i32,0,i32	constant	
2427,,internal global i32 0,	constant	
2428,i32,0,i32	constant	
2429,,internal global i32 0,	constant	
2430,i32,0,i32	constant	
2431,,internal global i32 0,	constant	
2432,i32,0,i32	constant	
2433,,internal global i32 0,	constant	
2434,i32,0,i32	constant	
2435,,internal global i32 0,	constant	
2436,i32,0,i32	constant	
2437,,internal global i32 0,	constant	
2438,i32,0,i32	constant	
2439,,internal global i32 0,	constant	
2440,i32,0,i32	constant	
2441,,internal global i32 0,	constant	
2442,i32,0,i32	constant	
2443,,internal global i32 0,	constant	
2444,i32,0,i32	constant	
2445,,internal global i32 0,	constant	
2446,i32,0,i32	constant	
2447,,internal global i32 0,	constant	
2448,i32,0,i32	constant	
2449,,internal global i32 0,	constant	
2450,i32,0,i32	constant	
2451,,internal global i32 1,	constant	
2452,i32,0,i32	constant	
2453,,internal global i32 0,	constant	
2454,i32,0,i32	constant	
2455,,internal global i32 0,	constant	
2456,i32,0,i32	constant	
2457,,internal global i32 0,	constant	
2458,i32,0,i32	constant	
2459,,internal global i32 0,	constant	
2460,i32,0,i32	constant	
2461,,internal global i32 0,	constant	
2462,i32,0,i32	constant	
2463,,internal global i32 0,	constant	
2464,i32,0,i32	constant	
2465,,internal global i32 0,	constant	
2466,i32,0,i32	constant	
2467,,internal global i32 0,	constant	
2468,i32,0,i32	constant	
2469,,internal global i32 0,	constant	
2470,i32,0,i32	constant	
2471,,internal global i32 0,	constant	
2472,i32,0,i32	constant	
2473,,internal global i32 0,	constant	
2474,i32,0,i32	constant	
2475,,internal global i32 0,	constant	
2476,i32,0,i32	constant	
2477,,internal global i32 0,	constant	
2478,i32,0,i32	constant	
2479,,internal global i8* null,	constant	
2480,i8*,null,i8*	null	
2481,,internal global i8* null,	constant	
2482,i8*,null,i8*	null	
2483,i32,0,i32	constant	
2484,,internal global i8* null,	constant	
2485,i8*,null,i8*	null	
2486,,internal global i8* null,	constant	
2487,i8*,null,i8*	null	
2488,i32,0,i32	constant	
2489,i32,3,i32	constant	
2490,i32,0,i32	constant	
2491,i32,2,i32	constant	
2492,,internal global i32 0,	constant	
2493,i32,1,i32	constant	
2494,i8*,null,i8*	null	
2495,i32,0,i32	constant	
2496,i32,2,i32	constant	
2497,i32,1,i32	constant	
2498,i8*,null,i8*	null	
2499,i32,0,i32	constant	
2500,i32,2,i32	constant	
2501,i32,1,i32	constant	
2502,,internal global i32 0,	constant	
2503,i32,2,i32	constant	
2504,i32,0,i32	constant	
2505,i32,0,i32	constant	
2506,i8*,null,i8*	null	
2507,i32,0,i32	constant	
2508,xmlNanoFTPCtxt*,null,xml	Nano	F	T	P	Ctxt*	null	
2509,i8*,null,i8*	null	
2510,i32,0,i32	constant	
2511,i32,0,i32	constant	
2512,i32,-1,i32	constant	
2513,xmlNanoFTPCtxt*,null,xml	Nano	F	T	P	Ctxt*	null	
2514,i8*,null,i8*	null	
2515,i32,0,i32	constant	
2516,i32,4,i32	constant	
2517,i32,2,i32	constant	
2518,i32,5,i32	constant	
2519,i32,-1,i32	constant	
2520,xmlNanoFTPCtxt*,null,xml	Nano	F	T	P	Ctxt*	null	
2521,i8*,null,i8*	null	
2522,i32,0,i32	constant	
2523,i32,4,i32	constant	
2524,i32,2,i32	constant	
2525,i32,5,i32	constant	
2526,xmlNanoFTPCtxt*,null,xml	Nano	F	T	P	Ctxt*	null	
2527,i32,10,i32	constant	
2528,i32,-1,i32	constant	
2529,i32,0,i32	constant	
2530,i32,10,i32	constant	
2531,i32,0,i32	constant	
2532,i32,2,i32	constant	
2533,i32,5,i32	constant	
2534,i32,0,i32	constant	
2535,i32,57,i32	constant	
2536,i32,48,i32	constant	
2537,i32,10,i32	constant	
2538,i32,1,i32	constant	
2539,i32,-1,i32	constant	
2540,i32,6,i32	constant	
2541,i32,-1,i32	constant	
2542,i32,6,i32	constant	
2543,i32,0,i32	constant	
2544,i32,10,i32	constant	
2545,i32,0,i32	constant	
2546,i32,0,i32	constant	
2547,i32,10,i32	constant	
2548,i32,0,i32	constant	
2549,i32,2,i32	constant	
2550,i32,-1,i32	constant	
2551,xmlNanoFTPCtxt*,null,xml	Nano	F	T	P	Ctxt*	null	
2552,i32,0,i32	constant	
2553,i32,0,i32	constant	
2554,i32,2,i32	constant	
2555,i32,-1,i32	constant	
2556,i32,0,i32	constant	
2557,i32,32,i32	constant	
2558,i32,57,i32	constant	
2559,i32,48,i32	constant	
2560,i32,13,i32	constant	
2561,i32,10,i32	constant	
2562,i32,32,i32	constant	
2563,i32,43,i32	constant	
2564,i32,13,i32	constant	
2565,i32,10,i32	constant	
2566,i32,32,i32	constant	
2567,i32,0,i32	constant	
2568,i32,32,i32	constant	
2569,i32,0,i32	constant	
2570,i32,10,i32	constant	
2571,i32,0,i32	constant	
2572,i32,32,i32	constant	
2573,i32,0,i32	constant	
2574,i32,57,i32	constant	
2575,i32,48,i32	constant	
2576,i32,32,i32	constant	
2577,i32,0,i32	constant	
2578,i32,32,i32	constant	
2579,i32,0,i32	constant	
2580,i32,10,i32	constant	
2581,i32,0,i32	constant	
2582,i32,32,i32	constant	
2583,i32,0,i32	constant	
2584,i32,32,i32	constant	
2585,i32,0,i32	constant	
2586,i32,10,i32	constant	
2587,i32,0,i32	constant	
2588,i32,32,i32	constant	
2589,i32,0,i32	constant	
2590,i32,57,i32	constant	
2591,i32,48,i32	constant	
2592,i32,32,i32	constant	
2593,i32,0,i32	constant	
2594,i32,32,i32	constant	
2595,i32,0,i32	constant	
2596,i32,3,i32	constant	
2597,i32,0,i32	constant	
2598,i32,32,i32	constant	
2599,i32,0,i32	constant	
2600,i32,57,i32	constant	
2601,i32,48,i32	constant	
2602,i32,32,i32	constant	
2603,i32,0,i32	constant	
2604,i32,0,i32	constant	
2605,i32,0,i32	constant	
2606,i32,58,i32	constant	
2607,i32,58,i32	constant	
2608,i32,57,i32	constant	
2609,i32,48,i32	constant	
2610,i32,58,i32	constant	
2611,i32,57,i32	constant	
2612,i32,48,i32	constant	
2613,i32,57,i32	constant	
2614,i32,48,i32	constant	
2615,i32,32,i32	constant	
2616,i32,0,i32	constant	
2617,i32,13,i32	constant	
2618,i32,10,i32	constant	
2619,i32,0,i32	constant	
2620,i32,150,i32	constant	
2621,i32,0,i32	constant	
2622,i32,13,i32	constant	
2623,i32,10,i32	constant	
2624,i32,13,i32	constant	
2625,i32,10,i32	constant	
2626,void,"(i8*, i8*, i8*, i8*, i8*, i64, i32, i32, i8*, i32, i32, i32)* null",void	constant	
2627,xmlNanoFTPCtxt*,null,xml	Nano	F	T	P	Ctxt*	null	
2628,i8*,null,i8*	null	
2629,i32,1,i32	constant	
2630,i32,-1,i32	constant	
2631,i32,47,i32	constant	
2632,i32,1,i32	constant	
2633,i32,-1,i32	constant	
2634,i32,0,i32	constant	
2635,i32,1,i32	constant	
2636,i32,0,i32	constant	
2637,i32,0,i32	constant	
2638,i32,0,i32	constant	
2639,i32,2,i32	constant	
2640,i32,0,i32	constant	
2641,i32,0,i32	constant	
2642,i32,0,i32	constant	
2643,i8*,null,i8*	null	
2644,i8*,null,i8*	null	
2645,i8*,null,i8*	null	
2646,i32,-1,i32	constant	
2647,i32,0,i32	constant	
2648,i32,2,i32	constant	
2649,i8*,null,i8*	null	
2650,i32,0,i32	constant	
2651,i32,1,i32	constant	
2652,xmlNanoFTPCtxt*,null,xml	Nano	F	T	P	Ctxt*	null	
2653,i8*,null,i8*	null	
2654,i8*,null,i8*	null	
2655,void,"(i8*, i8*, i32)* null",void	constant	
2656,i32,-1,i32	constant	
2657,i32,0,i32	constant	
2658,i32,0,i32	constant	
2659,i32,0,i32	constant	
2660,i32,2,i32	constant	
2661,,internal global i32 0,	constant	
2662,i32,0,i32	constant	
2663,i32,0,i32	constant	
2664,i32,0,i32	constant	
2665,i8*,null,i8*	null	
2666,i32,-1,i32	constant	
2667,i8*,null,i8*	null	
2668,i32,0,i32	constant	
2669,i32,0,i32	constant	
2670,i32,0,i32	constant	
2671,i8*,null,i8*	null	
2672,i32,0,i32	constant	
2673,xmlNanoFTPCtxt*,null,xml	Nano	F	T	P	Ctxt*	null	
2674,i32,0,i32	constant	
2675,i32,-1,i32	constant	
2676,xmlNanoFTPCtxt*,null,xml	Nano	F	T	P	Ctxt*	null	
2677,i32,-1,i32	constant	
2678,i32,0,i32	constant	
2679,i32,42,i32	constant	
2680,i8*,null,i8*	null	
2681,i32,-1,i32	constant	
2682,i8*,null,i8*	null	
2683,i8*,null,i8*	null	
2684,i8*,null,i8*	null	
2685,i8*,null,i8*	null	
2686,,internal global i8* null,	constant	
2687,i8*,null,i8*	null	
2688,,internal global i8* null,	constant	
2689,i8*,null,i8*	null	
2690,,internal global i8* null,	constant	
2691,i8*,null,i8*	null	
2692,,internal global i8* null,	constant	
2693,i8*,null,i8*	null	
2694,,internal global i8* null,	constant	
2695,i8*,null,i8*	null	
2696,,internal global i8* null,	constant	
2697,i8*,null,i8*	null	
2698,i8*,null,i8*	null	
2699,i8*,null,i8*	null	
2700,i8*,null,i8*	null	
2701,i8*,null,i8*	null	
2702,i8*,null,i8*	null	
2703,i8*,null,i8*	null	
2704,i8*,null,i8*	null	
2705,_xmlURI*,null,xml	U	R	I*	null	
2706,i8*,null,i8*	null	
2707,i8*,null,i8*	null	
2708,i8*,null,i8*	null	
2709,i32,0,i32	constant	
2710,i8*,null,i8*	null	
2711,i8*,null,i8*	null	
2712,i8*,null,i8*	null	
2713,xmlNanoFTPCtxt*,null,xml	Nano	F	T	P	Ctxt*	null	
2714,i8*,null,i8*	null	
2715,i8*,null,i8*	null	
2716,_xmlURI*,null,xml	U	R	I*	null	
2717,i8*,null,i8*	null	
2718,i8*,null,i8*	null	
2719,i32,0,i32	constant	
2720,i32,0,i32	constant	
2721,i32,0,i32	constant	
2722,i32,0,i32	constant	
2723,i8*,null,i8*	null	
2724,i8*,null,i8*	null	
2725,,internal global i8* null,	constant	
2726,i8*,null,i8*	null	
2727,i8*,null,i8*	null	
2728,i8*,null,i8*	null	
2729,_xmlURI*,null,xml	U	R	I*	null	
2730,i8*,null,i8*	null	
2731,i32,0,i32	constant	
2732,_xmlURI*,null,xml	U	R	I*	null	
2733,i32,0,i32	constant	
2734,xmlNanoFTPCtxt*,null,xml	Nano	F	T	P	Ctxt*	null	
2735,i8*,null,i8*	null	
2736,i8*,null,i8*	null	
2737,xmlNanoFTPCtxt*,null,xml	Nano	F	T	P	Ctxt*	null	
2738,i8*,null,i8*	null	
2739,i8*,null,i8*	null	
2740,i8*,null,i8*	null	
2741,i32,-1,i32	constant	
2742,i32,3,i32	constant	
2743,i32,57,i32	constant	
2744,i32,48,i32	constant	
2745,i32,57,i32	constant	
2746,i32,48,i32	constant	
2747,i32,57,i32	constant	
2748,i32,48,i32	constant	
2749,i32,45,i32	constant	
2750,i32,-1,i32	constant	
2751,xmlNanoFTPCtxt*,null,xml	Nano	F	T	P	Ctxt*	null	
2752,i32,1024,i32	constant	
2753,i32,0,i32	constant	
2754,i32,1024,i32	constant	
2755,i32,0,i32	constant	
2756,i32,0,i32	constant	
2757,i32,1024,i32	constant	
2758,i32,0,i32	constant	
2759,i32,0,i32	constant	
2760,i32,-1,i32	constant	
2761,xmlNanoFTPCtxt*,null,xml	Nano	F	T	P	Ctxt*	null	
2762,i32,0,i32	constant	
2763,i32,0,i32	constant	
2764,i32,0,i32	constant	
2765,i32,-1,i32	constant	
2766,i32,0,i32	constant	
2767,i32,10,i32	constant	
2768,i32,10,i32	constant	
2769,i32,13,i32	constant	
2770,i32,10,i32	constant	
2771,i32,13,i32	constant	
2772,i32,-1,i32	constant	
2773,i32,0,i32	constant	
2774,i32,-1,i32	constant	
2775,xmlNanoFTPCtxt*,null,xml	Nano	F	T	P	Ctxt*	null	
2776,i8*,null,i8*	null	
2777,i32,0,i32	constant	
2778,i8*,null,i8*	null	
2779,i32,0,i32	constant	
2780,i32,-1,i32	constant	
2781,xmlNanoFTPCtxt*,null,xml	Nano	F	T	P	Ctxt*	null	
2782,i32,0,i32	constant	
2783,xmlNanoFTPCtxt*,null,xml	Nano	F	T	P	Ctxt*	null	
2784,i8*,null,i8*	null	
2785,,internal global i8* null,	constant	
2786,i8*,null,i8*	null	
2787,,internal global i32 0,	constant	
2788,i32,0,i32	constant	
2789,i32,0,i32	constant	
2790,,internal global i8* null,	constant	
2791,i8*,null,i8*	null	
2792,i32,0,i32	constant	
2793,i32,0,i32	constant	
2794,addrinfo*,null,addrinfo	null	
2795,i32,10,i32	constant	
2796,i32,2,i32	constant	
2797,addrinfo*,null,addrinfo	null	
2798,addrinfo*,null,addrinfo	null	
2799,i64,128,i64	constant	
2800,addrinfo*,null,addrinfo	null	
2801,i32,10,i32	constant	
2802,,internal global i8* null,	constant	
2803,i8*,null,i8*	null	
2804,hostent*,null,hostent	null	
2805,i64,4,i64	constant	
2806,i32,-1,i32	constant	
2807,i32,0,i32	constant	
2808,i32,2,i32	constant	
2809,i32,0,i32	constant	
2810,i32,0,i32	constant	
2811,i32,0,i32	constant	
2812,i32,0,i32	constant	
2813,addrinfo*,null,addrinfo	null	
2814,i32,2,i32	constant	
2815,i64,16,i64	constant	
2816,i32,10,i32	constant	
2817,i32,0,i32	constant	
2818,i64,28,i64	constant	
2819,i32,-1,i32	constant	
2820,addrinfo*,null,addrinfo	null	
2821,hostent*,null,hostent	null	
2822,i8*,null,i8*	null	
2823,i32,2,i32	constant	
2824,i64,4,i64	constant	
2825,i32,10,i32	constant	
2826,i32,0,i32	constant	
2827,i64,16,i64	constant	
2828,i32,-1,i32	constant	
2829,i8**,null,i	null	
2830,i8**,null,i	null	
2831,i8**,null,i	null	
2832,i8*,null,i8*	null	
2833,i8*,null,i8*	null	
2834,i32,0,i32	constant	
2835,i32,0,i32	constant	
2836,i8*,null,i8*	null	
2837,i8*,null,i8*	null	
2838,i8*,null,i8*	null	
2839,i8*,null,i8*	null	
2840,xmlNanoHTTPCtxt*,null,xml	Nano	H	T	T	P	Ctxt*	null	
2841,xmlNanoHTTPCtxt*,null,xml	Nano	H	T	T	P	Ctxt*	null	
2842,i32,0,i32	constant	
2843,i8*,null,i8*	null	
2844,i8*,null,i8*	null	
2845,i8*,null,i8*	null	
2846,i8*,null,i8*	null	
2847,,internal global i8* null,	constant	
2848,i8*,null,i8*	null	
2849,i32,-1,i32	constant	
2850,i8*,null,i8*	null	
2851,i8*,null,i8*	null	
2852,i8*,null,i8*	null	
2853,i8*,null,i8*	null	
2854,i8**,null,i	null	
2855,i8*,null,i8*	null	
2856,i32,80,i32	constant	
2857,,internal global i8* null,	constant	
2858,i8*,null,i8*	null	
2859,i8*,null,i8*	null	
2860,,internal global i8* null,	constant	
2861,i8*,null,i8*	null	
2862,i32,80,i32	constant	
2863,i8*,null,i8*	null	
2864,i32,80,i32	constant	
2865,i8*,null,i8*	null	
2866,i8**,null,i	null	
2867,i8*,null,i8*	null	
2868,i8*,null,i8*	null	
2869,i8*,null,i8*	null	
2870,i8*,null,i8*	null	
2871,i32,0,i32	constant	
2872,i32,300,i32	constant	
2873,i8*,null,i8*	null	
2874,i32,400,i32	constant	
2875,i32,0,i32	constant	
2876,i32,0,i32	constant	
2877,i32,10,i32	constant	
2878,i8*,null,i8*	null	
2879,i8*,null,i8*	null	
2880,i8**,null,i	null	
2881,i8*,null,i8*	null	
2882,i8*,null,i8*	null	
2883,i8**,null,i	null	
2884,i8*,null,i8*	null	
2885,i8**,null,i	null	
2886,i8*,null,i8*	null	
2887,i8*,null,i8*	null	
2888,i32,0,i32	constant	
2889,i32,0,i32	constant	
2890,i8*,null,i8*	null	
2891,i8**,null,i	null	
2892,i32,0,i32	constant	
2893,i64,-1,i64	constant	
2894,i8*,null,i8*	null	
2895,i8*,null,i8*	null	
2896,i32,0,i32	constant	
2897,i32,0,i32	constant	
2898,i32,0,i32	constant	
2899,i64,-1,i64	constant	
2900,xmlNanoHTTPCtxt*,null,xml	Nano	H	T	T	P	Ctxt*	null	
2901,xmlNanoHTTPCtxt*,null,xml	Nano	H	T	T	P	Ctxt*	null	
2902,xmlNanoHTTPCtxt*,null,xml	Nano	H	T	T	P	Ctxt*	null	
2903,xmlNanoHTTPCtxt*,null,xml	Nano	H	T	T	P	Ctxt*	null	
2904,xmlNanoHTTPCtxt*,null,xml	Nano	H	T	T	P	Ctxt*	null	
2905,xmlNanoHTTPCtxt*,null,xml	Nano	H	T	T	P	Ctxt*	null	
2906,i32*,null,i	null	
2907,i8**,null,i	null	
2908,i8*,null,i8*	null	
2909,xmlNanoHTTPCtxt*,null,xml	Nano	H	T	T	P	Ctxt*	null	
2910,i32,0,i32	constant	
2911,i32,0,i32	constant	
2912,i32,0,i32	constant	
2913,i32,0,i32	constant	
2914,i32,-1,i32	constant	
2915,,internal global i32 0,	constant	
2916,i32,0,i32	constant	
2917,,internal global i8* null,	constant	
2918,i8*,null,i8*	null	
2919,i32,0,i32	constant	
2920,i32,42,i32	constant	
2921,i8*,null,i8*	null	
2922,i8*,null,i8*	null	
2923,i8*,null,i8*	null	
2924,,internal global i8* null,	constant	
2925,i8*,null,i8*	null	
2926,i8*,null,i8*	null	
2927,i8*,null,i8*	null	
2928,i8*,null,i8*	null	
2929,i8*,null,i8*	null	
2930,i8*,null,i8*	null	
2931,_xmlURI*,null,xml	U	R	I*	null	
2932,i8*,null,i8*	null	
2933,i8*,null,i8*	null	
2934,i32,91,i32	constant	
2935,i8*,null,i8*	null	
2936,i32,93,i32	constant	
2937,i32,2,i32	constant	
2938,i8*,null,i8*	null	
2939,i8*,null,i8*	null	
2940,i32,0,i32	constant	
2941,,internal global i8* null,	constant	
2942,i8*,null,i8*	null	
2943,i8*,null,i8*	null	
2944,i8*,null,i8*	null	
2945,_xmlURI*,null,xml	U	R	I*	null	
2946,i8*,null,i8*	null	
2947,i32,0,i32	constant	
2948,_xmlURI*,null,xml	U	R	I*	null	
2949,i32,0,i32	constant	
2950,xmlNanoHTTPCtxt*,null,xml	Nano	H	T	T	P	Ctxt*	null	
2951,xmlNanoHTTPCtxt*,null,xml	Nano	H	T	T	P	Ctxt*	null	
2952,i8*,null,i8*	null	
2953,i8*,null,i8*	null	
2954,i8*,null,i8*	null	
2955,i8*,null,i8*	null	
2956,i8*,null,i8*	null	
2957,i8*,null,i8*	null	
2958,i8*,null,i8*	null	
2959,i8*,null,i8*	null	
2960,i8*,null,i8*	null	
2961,i8*,null,i8*	null	
2962,i8*,null,i8*	null	
2963,i32,-1,i32	constant	
2964,i8*,null,i8*	null	
2965,i32,1,i32	constant	
2966,i32,0,i32	constant	
2967,i32,0,i32	constant	
2968,i32,0,i32	constant	
2969,i32,-1,i32	constant	
2970,i32,11,i32	constant	
2971,i32,0,i32	constant	
2972,i32,2,i32	constant	
2973,i32,0,i32	constant	
2974,i8*,null,i8*	null	
2975,i8*,null,i8*	null	
2976,i8*,null,i8*	null	
2977,i32,0,i32	constant	
2978,i32,0,i32	constant	
2979,i32,-1,i32	constant	
2980,i32,1,i32	constant	
2981,i32,4,i32	constant	
2982,i64,4095,i64	constant	
2983,i32,0,i32	constant	
2984,i32,-1,i32	constant	
2985,i32,10,i32	constant	
2986,i32,13,i32	constant	
2987,i8*,null,i8*	null	
2988,i32,0,i32	constant	
2989,i32,57,i32	constant	
2990,i32,48,i32	constant	
2991,i32,46,i32	constant	
2992,i32,57,i32	constant	
2993,i32,48,i32	constant	
2994,i32,57,i32	constant	
2995,i32,48,i32	constant	
2996,i32,9,i32	constant	
2997,i32,32,i32	constant	
2998,i32,9,i32	constant	
2999,i32,32,i32	constant	
3000,i32,57,i32	constant	
3001,i32,48,i32	constant	
3002,i32,57,i32	constant	
3003,i32,48,i32	constant	
3004,i32,9,i32	constant	
3005,i32,32,i32	constant	
3006,i32,0,i32	constant	
3007,i32,0,i32	constant	
3008,i32,9,i32	constant	
3009,i32,32,i32	constant	
3010,i8*,null,i8*	null	
3011,i32,9,i32	constant	
3012,i32,32,i32	constant	
3013,i32,0,i32	constant	
3014,i32,44,i32	constant	
3015,i32,59,i32	constant	
3016,i8*,null,i8*	null	
3017,i8*,null,i8*	null	
3018,i32,9,i32	constant	
3019,i32,32,i32	constant	
3020,i32,0,i32	constant	
3021,i32,44,i32	constant	
3022,i32,59,i32	constant	
3023,i8*,null,i8*	null	
3024,i32,0,i32	constant	
3025,i8*,null,i8*	null	
3026,i32,9,i32	constant	
3027,i32,32,i32	constant	
3028,i32,9,i32	constant	
3029,i32,32,i32	constant	
3030,i32,0,i32	constant	
3031,i32,44,i32	constant	
3032,i32,59,i32	constant	
3033,i8*,null,i8*	null	
3034,i8*,null,i8*	null	
3035,i32,9,i32	constant	
3036,i32,32,i32	constant	
3037,i32,0,i32	constant	
3038,i32,44,i32	constant	
3039,i32,59,i32	constant	
3040,i8*,null,i8*	null	
3041,i32,0,i32	constant	
3042,i32,9,i32	constant	
3043,i32,32,i32	constant	
3044,i8*,null,i8*	null	
3045,i32,47,i32	constant	
3046,i32,0,i32	constant	
3047,i32,9,i32	constant	
3048,i32,32,i32	constant	
3049,i8*,null,i8*	null	
3050,i32,0,i32	constant	
3051,i32,9,i32	constant	
3052,i32,32,i32	constant	
3053,i8*,null,i8*	null	
3054,i32,0,i32	constant	
3055,i32,10,i32	constant	
3056,i32,-1,i32	constant	
3057,i32,-1,i32	constant	
3058,i32,0,i32	constant	
3059,i32,-1,i32	constant	
3060,i32,4,i32	constant	
3061,_xmlDoc*,null,xml	Doc*	null	
3062,i32,2,i32	constant	
3063,_xmlParserCtxt*,null,xml	Parser	Ctxt*	null	
3064,_xmlDoc*,null,xml	Doc*	null	
3065,i32,0,i32	constant	
3066,i32,2,i32	constant	
3067,_xmlDoc*,null,xml	Doc*	null	
3068,i32,2,i32	constant	
3069,,internal global _IO_FILE* null,	constant	
3070,_IO_FILE*,null,I	O	F	I	L	E*	null	
3071,i32,0,i32	constant	
3072,_xmlParserCtxt*,null,xml	Parser	Ctxt*	null	
3073,i32,0,i32	constant	
3074,i32,0,i32	constant	
3075,i8*,null,i8*	null	
3076,i32,45,i32	constant	
3077,i32,105,i32	constant	
3078,i32,45,i32	constant	
3079,i32,73,i32	constant	
3080,i32,45,i32	constant	
3081,i32,120,i32	constant	
3082,i32,45,i32	constant	
3083,i32,88,i32	constant	
3084,i32,90,i32	constant	
3085,i32,65,i32	constant	
3086,i32,122,i32	constant	
3087,i32,97,i32	constant	
3088,i32,0,i32	constant	
3089,i32,90,i32	constant	
3090,i32,65,i32	constant	
3091,i32,122,i32	constant	
3092,i32,97,i32	constant	
3093,i64,4,i64	constant	
3094,i32,0,i32	constant	
3095,i64,8,i64	constant	
3096,i64,2,i64	constant	
3097,i32,0,i32	constant	
3098,i32,45,i32	constant	
3099,i32,57,i32	constant	
3100,i32,48,i32	constant	
3101,i32,90,i32	constant	
3102,i32,65,i32	constant	
3103,i32,122,i32	constant	
3104,i32,97,i32	constant	
3105,i64,4,i64	constant	
3106,i64,2,i64	constant	
3107,i64,8,i64	constant	
3108,i64,5,i64	constant	
3109,i64,3,i64	constant	
3110,i32,0,i32	constant	
3111,i32,45,i32	constant	
3112,i32,57,i32	constant	
3113,i32,48,i32	constant	
3114,i32,90,i32	constant	
3115,i32,65,i32	constant	
3116,i32,122,i32	constant	
3117,i32,97,i32	constant	
3118,i64,2,i64	constant	
3119,i64,8,i64	constant	
3120,i64,5,i64	constant	
3121,i64,4,i64	constant	
3122,i32,0,i32	constant	
3123,i32,45,i32	constant	
3124,i32,57,i32	constant	
3125,i32,48,i32	constant	
3126,i32,90,i32	constant	
3127,i32,65,i32	constant	
3128,i32,122,i32	constant	
3129,i32,97,i32	constant	
3130,i64,8,i64	constant	
3131,i64,5,i64	constant	
3132,i64,2,i64	constant	
3133,i32,0,i32	constant	
3134,i32,45,i32	constant	
3135,i32,90,i32	constant	
3136,i32,65,i32	constant	
3137,i32,122,i32	constant	
3138,i32,97,i32	constant	
3139,i64,8,i64	constant	
3140,i64,5,i64	constant	
3141,i32,0,i32	constant	
3142,i32,45,i32	constant	
3143,i32,57,i32	constant	
3144,i32,48,i32	constant	
3145,i32,57,i32	constant	
3146,i32,48,i32	constant	
3147,_xmlParserInput*,null,xml	Parser	Input*	null	
3148,_xmlParserCtxt*,null,xml	Parser	Ctxt*	null	
3149,_xmlParserInput**,null,xml	Parser	Input**	null	
3150,_xmlParserCtxt*,null,xml	Parser	Ctxt*	null	
3151,i32,0,i32	constant	
3152,i32,0,i32	constant	
3153,_xmlParserCtxt*,null,xml	Parser	Ctxt*	null	
3154,_xmlNode**,null,xml	Node**	null	
3155,,dso_local global i32 256,	constant	
3156,i32,524288,i32	constant	
3157,i32,0,i32	constant	
3158,_xmlParserCtxt*,null,xml	Parser	Ctxt*	null	
3159,i32,0,i32	constant	
3160,i32,0,i32	constant	
3161,_xmlParserCtxt*,null,xml	Parser	Ctxt*	null	
3162,i8**,null,i	null	
3163,i32,0,i32	constant	
3164,_xmlParserCtxt*,null,xml	Parser	Ctxt*	null	
3165,i32,0,i32	constant	
3166,i32,3,i32	constant	
3167,i32,1,i32	constant	
3168,i32,32,i32	constant	
3169,i32,0,i32	constant	
3170,_xmlParserCtxt*,null,xml	Parser	Ctxt*	null	
3171,i32,-1,i32	constant	
3172,_xmlParserCtxt*,null,xml	Parser	Ctxt*	null	
3173,_xmlParserCtxt*,null,xml	Parser	Ctxt*	null	
3174,i32,0,i32	constant	
3175,i32,0,i32	constant	
3176,_xmlParserCtxt*,null,xml	Parser	Ctxt*	null	
3177,i32,-1,i32	constant	
3178,_xmlParserCtxt*,null,xml	Parser	Ctxt*	null	
3179,i8*,null,i8*	null	
3180,i32,0,i32	constant	
3181,_xmlParserCtxt*,null,xml	Parser	Ctxt*	null	
3182,i32,-1,i32	constant	
3183,_xmlParserCtxt*,null,xml	Parser	Ctxt*	null	
3184,_xmlParserCtxt*,null,xml	Parser	Ctxt*	null	
3185,i32,0,i32	constant	
3186,i32,256,i32	constant	
3187,i32,20902,i32	constant	
3188,i32,10000,i32	constant	
3189,i32,20902,i32	constant	
3190,i32,100,i32	constant	
3191,i32,32,i32	constant	
3192,_xmlStreamComp*,null,xml	Stream	Comp*	null	
3193,_xmlStreamStep*,null,xml	Stream	Step*	null	
3194,_xmlDict*,null,xml	Dict*	null	
3195,_xmlStreamCtxt*,null,xml	Stream	Ctxt*	null	
3196,i32*,null,i	null	
3197,i32,0,i32	constant	
3198,_xmlStreamCtxt*,null,xml	Stream	Ctxt*	null	
3199,_xmlStreamCtxt*,null,xml	Stream	Ctxt*	null	
3200,i32,1,i32	constant	
3201,i8*,null,i8*	null	
3202,i8*,null,i8*	null	
3203,i32,32768,i32	constant	
3204,i32,0,i32	constant	
3205,i32,0,i32	constant	
3206,i32,1,i32	constant	
3207,i32,100,i32	constant	
3208,i32,1,i32	constant	
3209,i32,0,i32	constant	
3210,i32,4,i32	constant	
3211,i32,0,i32	constant	
3212,i32,0,i32	constant	
3213,i32,0,i32	constant	
3214,i32,1,i32	constant	
3215,i32,0,i32	constant	
3216,i32,2,i32	constant	
3217,i32,7,i32	constant	
3218,i32,0,i32	constant	
3219,i32,0,i32	constant	
3220,i32,-1,i32	constant	
3221,i32,1,i32	constant	
3222,i32,2,i32	constant	
3223,i32,16384,i32	constant	
3224,i32,0,i32	constant	
3225,i32,0,i32	constant	
3226,i32,65536,i32	constant	
3227,i32,0,i32	constant	
3228,i32,0,i32	constant	
3229,i32,0,i32	constant	
3230,i32,2,i32	constant	
3231,i32,65536,i32	constant	
3232,i32,0,i32	constant	
3233,i32,100,i32	constant	
3234,i32,100,i32	constant	
3235,i8*,null,i8*	null	
3236,i8*,null,i8*	null	
3237,i8*,null,i8*	null	
3238,i8*,null,i8*	null	
3239,i8*,null,i8*	null	
3240,i8*,null,i8*	null	
3241,i32,0,i32	constant	
3242,i32,0,i32	constant	
3243,i32,0,i32	constant	
3244,i32,0,i32	constant	
3245,i32,0,i32	constant	
3246,i32,0,i32	constant	
3247,i32,32,i32	constant	
3248,i32,0,i32	constant	
3249,i32,0,i32	constant	
3250,i32,1,i32	constant	
3251,_xmlPattern*,null,xml	Pattern*	null	
3252,i32,65536,i32	constant	
3253,i32,0,i32	constant	
3254,i32,0,i32	constant	
3255,i32,0,i32	constant	
3256,i32,4,i32	constant	
3257,i32,0,i32	constant	
3258,i32,7,i32	constant	
3259,i32,0,i32	constant	
3260,i32,1,i32	constant	
3261,i32,6,i32	constant	
3262,i32,0,i32	constant	
3263,i32,0,i32	constant	
3264,i32,6,i32	constant	
3265,i32,0,i32	constant	
3266,i32,2,i32	constant	
3267,i32,2,i32	constant	
3268,i32,100,i32	constant	
3269,i32,100,i32	constant	
3270,i8*,null,i8*	null	
3271,i8*,null,i8*	null	
3272,_xmlStepOp*,null,xml	Step	Op*	null	
3273,i8*,null,i8*	null	
3274,i8*,null,i8*	null	
3275,i8*,null,i8*	null	
3276,i8*,null,i8*	null	
3277,i32,0,i32	constant	
3278,i32,0,i32	constant	
3279,i32,0,i32	constant	
3280,i32,0,i32	constant	
3281,i32,32,i32	constant	
3282,i32,0,i32	constant	
3283,i32,0,i32	constant	
3284,i32,1,i32	constant	
3285,i32,65536,i32	constant	
3286,i32,0,i32	constant	
3287,i32,0,i32	constant	
3288,i32,0,i32	constant	
3289,i32,0,i32	constant	
3290,_xmlStreamCtxt*,null,xml	Stream	Ctxt*	null	
3291,_xmlStreamCtxt*,null,xml	Stream	Ctxt*	null	
3292,i32,0,i32	constant	
3293,i32,0,i32	constant	
3294,_xmlStreamCtxt*,null,xml	Stream	Ctxt*	null	
3295,_xmlStreamCtxt*,null,xml	Stream	Ctxt*	null	
3296,i32,16384,i32	constant	
3297,i32,0,i32	constant	
3298,_xmlPattern*,null,xml	Pattern*	null	
3299,i8*,null,i8*	null	
3300,_xmlPattern*,null,xml	Pattern*	null	
3301,i32,0,i32	constant	
3302,i32,124,i32	constant	
3303,i32,0,i32	constant	
3304,i32,0,i32	constant	
3305,i8*,null,i8*	null	
3306,_xmlPatParserContext*,null,xml	Pat	Parser	Context*	null	
3307,_xmlPattern*,null,xml	Pattern*	null	
3308,_xmlStreamComp*,null,xml	Stream	Comp*	null	
3309,_xmlDict*,null,xml	Dict*	null	
3310,_xmlPattern*,null,xml	Pattern*	null	
3311,i32,6,i32	constant	
3312,i32,0,i32	constant	
3313,i32,0,i32	constant	
3314,i8*,null,i8*	null	
3315,i32,1,i32	constant	
3316,i32,0,i32	constant	
3317,i32,0,i32	constant	
3318,i32,0,i32	constant	
3319,i32,256,i32	constant	
3320,i32,512,i32	constant	
3321,i32,0,i32	constant	
3322,i32,0,i32	constant	
3323,i32,512,i32	constant	
3324,i32,256,i32	constant	
3325,i32,0,i32	constant	
3326,i32,1,i32	constant	
3327,i32,0,i32	constant	
3328,i32,0,i32	constant	
3329,i8*,null,i8*	null	
3330,_xmlStepOp*,null,xml	Step	Op*	null	
3331,i32,1,i32	constant	
3332,i32,0,i32	constant	
3333,_xmlPattern*,null,xml	Pattern*	null	
3334,_xmlStreamComp*,null,xml	Stream	Comp*	null	
3335,_xmlDict*,null,xml	Dict*	null	
3336,_xmlPatParserContext*,null,xml	Pat	Parser	Context*	null	
3337,_xmlPattern*,null,xml	Pattern*	null	
3338,i8*,null,i8*	null	
3339,i8*,null,i8*	null	
3340,i8*,null,i8*	null	
3341,_xmlDict*,null,xml	Dict*	null	
3342,_xmlPattern*,null,xml	Pattern*	null	
3343,i8*,null,i8*	null	
3344,_xmlPatParserContext*,null,xml	Pat	Parser	Context*	null	
3345,i8**,null,i	null	
3346,i8*,null,i8*	null	
3347,i8*,null,i8*	null	
3348,i8*,null,i8*	null	
3349,i32,40,i32	constant	
3350,_xmlTextReader*,null,xml	Text	Reader*	null	
3351,i32,1,i32	constant	
3352,i32,0,i32	constant	
3353,i32,2,i32	constant	
3354,i8*,null,i8*	null	
3355,i8*,null,i8*	null	
3356,i32,40,i32	constant	
3357,_xmlTextReader*,null,xml	Text	Reader*	null	
3358,i32,1,i32	constant	
3359,i32,1,i32	constant	
3360,i32,0,i32	constant	
3361,i32,2,i32	constant	
3362,_xmlTextReader*,null,xml	Text	Reader*	null	
3363,i32,0,i32	constant	
3364,i32,1,i32	constant	
3365,i32,0,i32	constant	
3366,i32,3,i32	constant	
3367,_xmlDoc*,null,xml	Doc*	null	
3368,i32,2,i32	constant	
3369,_xmlRelaxNGParserCtxt*,null,xml	Relax	N	G	Parser	Ctxt*	null	
3370,i32,1,i32	constant	
3371,i32,0,i32	constant	
3372,i32,2,i32	constant	
3373,i32,0,i32	constant	
3374,i32,0,i32	constant	
3375,_xmlRelaxNGValidCtxt*,null,xml	Relax	N	G	Valid	Ctxt*	null	
3376,i32,8,i32	constant	
3377,i32,0,i32	constant	
3378,i32,1,i32	constant	
3379,i32,0,i32	constant	
3380,i32,2,i32	constant	
3381,i32,0,i32	constant	
3382,i32,0,i32	constant	
3383,_xmlRelaxNGValidState*,null,xml	Relax	N	G	Valid	State*	null	
3384,_xmlNode*,null,xml	Node*	null	
3385,_xmlNode*,null,xml	Node*	null	
3386,i8*,null,i8*	null	
3387,_xmlSchemaType*,null,xml	Schema	Type*	null	
3388,i8*,null,i8*	null	
3389,i8*,null,i8*	null	
3390,_xmlSchemaType*,null,xml	Schema	Type*	null	
3391,i32,2,i32	constant	
3392,i32,0,i32	constant	
3393,i32,0,i32	constant	
3394,i8*,null,i8*	null	
3395,i8*,null,i8*	null	
3396,_xmlSchemaType*,null,xml	Schema	Type*	null	
3397,_xmlSchemaFacet*,null,xml	Schema	Facet*	null	
3398,i32,0,i32	constant	
3399,i32,0,i32	constant	
3400,i32,0,i32	constant	
3401,i32,0,i32	constant	
3402,i32,0,i32	constant	
3403,i32,0,i32	constant	
3404,i32,0,i32	constant	
3405,i32,0,i32	constant	
3406,i32,0,i32	constant	
3407,i32,0,i32	constant	
3408,i32,0,i32	constant	
3409,i32,0,i32	constant	
3410,i32,0,i32	constant	
3411,i32,0,i32	constant	
3412,i8*,null,i8*	null	
3413,i8*,null,i8*	null	
3414,i8*,null,i8*	null	
3415,_xmlSchemaType*,null,xml	Schema	Type*	null	
3416,i8*,null,i8*	null	
3417,i32,0,i32	constant	
3418,_xmlSchemaVal*,null,xml	Schema	Val*	null	
3419,i32,0,i32	constant	
3420,_xmlSchemaVal*,null,xml	Schema	Val*	null	
3421,_xmlSchemaVal*,null,xml	Schema	Val*	null	
3422,i32,-2,i32	constant	
3423,i32,0,i32	constant	
3424,i8*,null,i8*	null	
3425,i32,0,i32	constant	
3426,i32,0,i32	constant	
3427,i8*,null,i8*	null	
3428,i32,0,i32	constant	
3429,i32,0,i32	constant	
3430,i32,0,i32	constant	
3431,i32,0,i32	constant	
3432,i32,0,i32	constant	
3433,i8*,null,i8*	null	
3434,i8*,null,i8*	null	
3435,i32,0,i32	constant	
3436,i8*,null,i8*	null	
3437,i8*,null,i8*	null	
3438,_xmlRelaxNGTypeLibrary*,null,xml	Relax	N	G	Type	Library*	null	
3439,i8*,null,i8*	null	
3440,i8*,null,i8*	null	
3441,,internal global _xmlHashTable* null,	constant	
3442,_xmlHashTable*,null,xml	Hash	Table*	null	
3443,i32,"(i8*, i8*, i8*, _xmlNode*, i8*, i8*, %struct._xmlNode*)* null",i32	constant	
3444,i32,"(i8*, i8*, i8*, i8**, _xmlNode*)* null",i32	constant	
3445,i8*,null,i8*	null	
3446,_xmlRelaxNGTypeLibrary*,null,xml	Relax	N	G	Type	Library*	null	
3447,i32,0,i32	constant	
3448,,internal global i32 0,	constant	
3449,i32,0,i32	constant	
3450,,internal global _xmlHashTable* null,	constant	
3451,_xmlHashTable*,null,xml	Hash	Table*	null	
3452,,internal global i32 0,	constant	
3453,i32,0,i32	constant	
3454,_xmlRelaxNGDefine*,null,xml	Relax	N	G	Define*	null	
3455,_xmlRelaxNGParserCtxt*,null,xml	Relax	N	G	Parser	Ctxt*	null	
3456,i32,20,i32	constant	
3457,i32,4,i32	constant	
3458,i32,-25,i32	constant	
3459,i32,64,i32	constant	
3460,i32,0,i32	constant	
3461,_xmlRelaxNGDefine*,null,xml	Relax	N	G	Define*	null	
3462,i32,0,i32	constant	
3463,i32,0,i32	constant	
3464,_xmlRelaxNGDefine*,null,xml	Relax	N	G	Define*	null	
3465,_xmlRelaxNGInterleaveGroup**,null,xml	Relax	N	G	Interleave	Group**	null	
3466,_xmlRelaxNGDefine*,null,xml	Relax	N	G	Define*	null	
3467,_xmlRelaxNGInterleaveGroup*,null,xml	Relax	N	G	Interleave	Group*	null	
3468,i32,3,i32	constant	
3469,_xmlRelaxNGPartition*,null,xml	Relax	N	G	Partition*	null	
3470,i32,0,i32	constant	
3471,i32,0,i32	constant	
3472,_xmlRelaxNGInterleaveGroup*,null,xml	Relax	N	G	Interleave	Group*	null	
3473,i32,0,i32	constant	
3474,i32,0,i32	constant	
3475,_xmlRelaxNGDefine*,null,xml	Relax	N	G	Define*	null	
3476,_xmlRelaxNGDefine**,null,xml	Relax	N	G	Define**	null	
3477,_xmlRelaxNGDefine*,null,xml	Relax	N	G	Define*	null	
3478,i32,3,i32	constant	
3479,i32,0,i32	constant	
3480,i32,4,i32	constant	
3481,i8*,null,i8*	null	
3482,i32,0,i32	constant	
3483,i8*,null,i8*	null	
3484,i32,0,i32	constant	
3485,i32,4,i32	constant	
3486,i32,0,i32	constant	
3487,i8*,null,i8*	null	
3488,_xmlRelaxNGDefine*,null,xml	Relax	N	G	Define*	null	
3489,_xmlRelaxNGParserCtxt*,null,xml	Relax	N	G	Parser	Ctxt*	null	
3490,i32,0,i32	constant	
3491,void,"(i8*, _xmlError*)* null",void	constant	
3492,i32,0,i32	constant	
3493,i32,1,i32	constant	
3494,i32,1,i32	constant	
3495,i32,2,i32	constant	
3496,_xmlRelaxNGInterleaveGroup**,null,xml	Relax	N	G	Interleave	Group**	null	
3497,i32,0,i32	constant	
3498,_xmlRelaxNGInterleaveGroup*,null,xml	Relax	N	G	Interleave	Group*	null	
3499,_xmlRelaxNGDefine**,null,xml	Relax	N	G	Define**	null	
3500,i8*,null,i8*	null	
3501,_xmlRelaxNGParserCtxt*,null,xml	Relax	N	G	Parser	Ctxt*	null	
3502,void,"(i8*, _xmlError*)* null",void	constant	
3503,_xmlNode*,null,xml	Node*	null	
3504,_xmlRelaxNGParserCtxt*,null,xml	Relax	N	G	Parser	Ctxt*	null	
3505,_xmlRelaxNG*,null,xml	Relax	N	G*	null	
3506,i32,0,i32	constant	
3507,i32,0,i32	constant	
3508,i32,1,i32	constant	
3509,_xmlNs*,null,xml	Ns*	null	
3510,_xmlNode*,null,xml	Node*	null	
3511,_xmlRelaxNGGrammar*,null,xml	Relax	N	G	Grammar*	null	
3512,_xmlRelaxNGGrammar*,null,xml	Relax	N	G	Grammar*	null	
3513,_xmlRelaxNGGrammar*,null,xml	Relax	N	G	Grammar*	null	
3514,_xmlRelaxNGGrammar*,null,xml	Relax	N	G	Grammar*	null	
3515,_xmlRelaxNGGrammar*,null,xml	Relax	N	G	Grammar*	null	
3516,_xmlRelaxNGGrammar*,null,xml	Relax	N	G	Grammar*	null	
3517,_xmlRelaxNGDefine*,null,xml	Relax	N	G	Define*	null	
3518,i32,128,i32	constant	
3519,i32,0,i32	constant	
3520,_xmlRelaxNGDefine*,null,xml	Relax	N	G	Define*	null	
3521,i32,-1,i32	constant	
3522,_xmlRelaxNGDefine*,null,xml	Relax	N	G	Define*	null	
3523,i8*,null,i8*	null	
3524,_xmlRelaxNGParserCtxt*,null,xml	Relax	N	G	Parser	Ctxt*	null	
3525,i32,0,i32	constant	
3526,i8*,null,i8*	null	
3527,_xmlRelaxNGParserCtxt*,null,xml	Relax	N	G	Parser	Ctxt*	null	
3528,_xmlDoc*,null,xml	Doc*	null	
3529,_xmlDoc*,null,xml	Doc*	null	
3530,_xmlRelaxNGParserCtxt*,null,xml	Relax	N	G	Parser	Ctxt*	null	
3531,_xmlRelaxNGDocument*,null,xml	Relax	N	G	Document*	null	
3532,_xmlRelaxNGParserCtxt*,null,xml	Relax	N	G	Parser	Ctxt*	null	
3533,i8*,null,i8*	null	
3534,_xmlRelaxNGDocument*,null,xml	Relax	N	G	Document*	null	
3535,_xmlHashTable*,null,xml	Hash	Table*	null	
3536,_xmlRelaxNGDocument*,null,xml	Relax	N	G	Document*	null	
3537,_xmlRelaxNGInclude*,null,xml	Relax	N	G	Include*	null	
3538,_xmlRelaxNGDocument**,null,xml	Relax	N	G	Document**	null	
3539,_xmlRelaxNGInclude**,null,xml	Relax	N	G	Include**	null	
3540,_xmlRelaxNGDefine**,null,xml	Relax	N	G	Define**	null	
3541,i32,0,i32	constant	
3542,_xmlDoc*,null,xml	Doc*	null	
3543,i8*,null,i8*	null	
3544,_xmlDoc*,null,xml	Doc*	null	
3545,_xmlRelaxNG*,null,xml	Relax	N	G*	null	
3546,_xmlRelaxNGDocument*,null,xml	Relax	N	G	Document*	null	
3547,_xmlRelaxNGInclude*,null,xml	Relax	N	G	Include*	null	
3548,_xmlNode*,null,xml	Node*	null	
3549,_xmlRelaxNGParserCtxt*,null,xml	Relax	N	G	Parser	Ctxt*	null	
3550,i8*,null,i8*	null	
3551,_xmlDoc*,null,xml	Doc*	null	
3552,i8*,null,i8*	null	
3553,_xmlDoc*,null,xml	Doc*	null	
3554,_xmlDoc*,null,xml	Doc*	null	
3555,_xmlDoc*,null,xml	Doc*	null	
3556,_xmlNode*,null,xml	Node*	null	
3557,i8*,null,i8*	null	
3558,_xmlRelaxNG*,null,xml	Relax	N	G*	null	
3559,_xmlHashTable*,null,xml	Hash	Table*	null	
3560,i32,0,i32	constant	
3561,_xmlRelaxNGDefine*,null,xml	Relax	N	G	Define*	null	
3562,_xmlRelaxNGGrammar*,null,xml	Relax	N	G	Grammar*	null	
3563,i32,20,i32	constant	
3564,_xmlRelaxNGDefine*,null,xml	Relax	N	G	Define*	null	
3565,i32,1,i32	constant	
3566,_xmlRelaxNGParserCtxt*,null,xml	Relax	N	G	Parser	Ctxt*	null	
3567,_xmlRelaxNGParserCtxt*,null,xml	Relax	N	G	Parser	Ctxt*	null	
3568,void,"(i8*, i8*, ...)** null",void	constant	
3569,void,"(i8*, i8*, ...)** null",void	constant	
3570,i8**,null,i	null	
3571,_xmlRelaxNGParserCtxt*,null,xml	Relax	N	G	Parser	Ctxt*	null	
3572,_xmlRelaxNGGrammar*,null,xml	Relax	N	G	Grammar*	null	
3573,i32,0,i32	constant	
3574,_xmlRelaxNGDefine*,null,xml	Relax	N	G	Define*	null	
3575,_IO_FILE*,null,I	O	F	I	L	E*	null	
3576,_xmlRelaxNG*,null,xml	Relax	N	G*	null	
3577,_xmlDoc*,null,xml	Doc*	null	
3578,i8*,null,i8*	null	
3579,_xmlRelaxNGGrammar*,null,xml	Relax	N	G	Grammar*	null	
3580,_IO_FILE*,null,I	O	F	I	L	E*	null	
3581,_xmlRelaxNG*,null,xml	Relax	N	G*	null	
3582,_xmlDoc*,null,xml	Doc*	null	
3583,_xmlRegExecCtxt**,null,xml	Reg	Exec	Ctxt**	null	
3584,_xmlRelaxNG*,null,xml	Relax	N	G*	null	
3585,_xmlRegExecCtxt**,null,xml	Reg	Exec	Ctxt**	null	
3586,_xmlRegExecCtxt**,null,xml	Reg	Exec	Ctxt**	null	
3587,_xmlRelaxNGGrammar*,null,xml	Relax	N	G	Grammar*	null	
3588,_xmlDoc*,null,xml	Doc*	null	
3589,_xmlRelaxNGDocument*,null,xml	Relax	N	G	Document*	null	
3590,_xmlRelaxNGValidCtxt*,null,xml	Relax	N	G	Valid	Ctxt*	null	
3591,_xmlRelaxNGDefine*,null,xml	Relax	N	G	Define*	null	
3592,i32,35,i32	constant	
3593,i32,0,i32	constant	
3594,_xmlRelaxNGValidCtxt*,null,xml	Relax	N	G	Valid	Ctxt*	null	
3595,_xmlRelaxNGDefine*,null,xml	Relax	N	G	Define*	null	
3596,_xmlRelaxNGValidCtxt*,null,xml	Relax	N	G	Valid	Ctxt*	null	
3597,_xmlRelaxNGInclude*,null,xml	Relax	N	G	Include*	null	
3598,i32,0,i32	constant	
3599,_xmlRelaxNGValidCtxt*,null,xml	Relax	N	G	Valid	Ctxt*	null	
3600,i32,4,i32	constant	
3601,i32,0,i32	constant	
3602,i32,1,i32	constant	
3603,i32,1,i32	constant	
3604,i32,0,i32	constant	
3605,_xmlRegexp*,null,xml	Regexp*	null	
3606,_xmlRelaxNGDefine**,null,xml	Relax	N	G	Define**	null	
3607,_xmlRegExecCtxt*,null,xml	Reg	Exec	Ctxt*	null	
3608,_xmlRelaxNGValidState*,null,xml	Relax	N	G	Valid	State*	null	
3609,_xmlRelaxNGDefine*,null,xml	Relax	N	G	Define*	null	
3610,i32,0,i32	constant	
3611,_xmlRelaxNGValidState*,null,xml	Relax	N	G	Valid	State*	null	
3612,i32,0,i32	constant	
3613,_xmlRelaxNGStates*,null,xml	Relax	N	G	States*	null	
3614,i32,0,i32	constant	
3615,i32,-1,i32	constant	
3616,i32,0,i32	constant	
3617,i32,0,i32	constant	
3618,i32,-1,i32	constant	
3619,i32,0,i32	constant	
3620,i32,-1,i32	constant	
3621,i32,1,i32	constant	
3622,i32,0,i32	constant	
3623,_xmlNode*,null,xml	Node*	null	
3624,_xmlRelaxNGValidCtxt*,null,xml	Relax	N	G	Valid	Ctxt*	null	
3625,_xmlRegExecCtxt*,null,xml	Reg	Exec	Ctxt*	null	
3626,_xmlRelaxNG*,null,xml	Relax	N	G*	null	
3627,_xmlRelaxNGDefine*,null,xml	Relax	N	G	Define*	null	
3628,_xmlRelaxNGGrammar*,null,xml	Relax	N	G	Grammar*	null	
3629,_xmlRegexp*,null,xml	Regexp*	null	
3630,_xmlRegExecCtxt*,null,xml	Reg	Exec	Ctxt*	null	
3631,_xmlNs*,null,xml	Ns*	null	
3632,i32,1,i32	constant	
3633,i32,0,i32	constant	
3634,i32,0,i32	constant	
3635,i32,0,i32	constant	
3636,i8*,null,i8*	null	
3637,_xmlRegExecCtxt*,null,xml	Reg	Exec	Ctxt*	null	
3638,_xmlRelaxNGValidCtxt*,null,xml	Relax	N	G	Valid	Ctxt*	null	
3639,i32,0,i32	constant	
3640,i32,32,i32	constant	
3641,_xmlRelaxNGGrammar*,null,xml	Relax	N	G	Grammar*	null	
3642,_xmlRelaxNGGrammar*,null,xml	Relax	N	G	Grammar*	null	
3643,_xmlRelaxNGGrammar*,null,xml	Relax	N	G	Grammar*	null	
3644,_xmlHashTable*,null,xml	Hash	Table*	null	
3645,_xmlHashTable*,null,xml	Hash	Table*	null	
3646,i32,0,i32	constant	
3647,_xmlRelaxNGDefine**,null,xml	Relax	N	G	Define**	null	
3648,_xmlRelaxNGDefine**,null,xml	Relax	N	G	Define**	null	
3649,_xmlRelaxNGDefine*,null,xml	Relax	N	G	Define*	null	
3650,_xmlRelaxNGDefine*,null,xml	Relax	N	G	Define*	null	
3651,_xmlRelaxNGDefine*,null,xml	Relax	N	G	Define*	null	
3652,i32,7,i32	constant	
3653,void,"(i8*, i8*)* null",void	constant	
3654,_xmlRelaxNGTypeLibrary*,null,xml	Relax	N	G	Type	Library*	null	
3655,i32,19,i32	constant	
3656,i8*,null,i8*	null	
3657,i32,17,i32	constant	
3658,i8*,null,i8*	null	
3659,i8*,null,i8*	null	
3660,i8*,null,i8*	null	
3661,i8*,null,i8*	null	
3662,_xmlRegexp*,null,xml	Regexp*	null	
3663,i8*,null,i8*	null	
3664,i32,5,i32	constant	
3665,i32,0,i32	constant	
3666,_xmlDict*,null,xml	Dict*	null	
3667,_xmlDoc*,null,xml	Doc*	null	
3668,_xmlDoc*,null,xml	Doc*	null	
3669,i32,0,i32	constant	
3670,_xmlNode*,null,xml	Node*	null	
3671,i8*,null,i8*	null	
3672,i8*,null,i8*	null	
3673,,internal global i32 0,	constant	
3674,i32,0,i32	constant	
3675,_xmlNode*,null,xml	Node*	null	
3676,i8*,null,i8*	null	
3677,_xmlNode*,null,xml	Node*	null	
3678,i8*,null,i8*	null	
3679,,internal global _IO_FILE* null,	constant	
3680,_IO_FILE*,null,I	O	F	I	L	E*	null	
3681,i32,0,i32	constant	
3682,i32,2,i32	constant	
3683,,internal global i32 0,	constant	
3684,,internal global i32 0,	constant	
3685,,internal global i32 0,	constant	
3686,,internal global i32 0,	constant	
3687,,internal global i32 0,	constant	
3688,,internal global i32 0,	constant	
3689,,internal global i32 0,	constant	
3690,,internal global i32 0,	constant	
3691,,internal global i32 0,	constant	
3692,i32,20,i32	constant	
3693,,internal global i32 0,	constant	
3694,,internal global i32 0,	constant	
3695,,internal global i32 0,	constant	
3696,,internal global i32 0,	constant	
3697,,internal global i32 0,	constant	
3698,i32,0,i32	constant	
3699,,internal global i32 0,	constant	
3700,i32,0,i32	constant	
3701,,internal global _IO_FILE* null,	constant	
3702,_IO_FILE*,null,I	O	F	I	L	E*	null	
3703,,internal global i32 0,	constant	
3704,i32,0,i32	constant	
3705,_xmlParserInput*,null,xml	Parser	Input*	null	
3706,i32,0,i32	constant	
3707,,internal global _IO_FILE* null,	constant	
3708,_IO_FILE*,null,I	O	F	I	L	E*	null	
3709,,internal global i32 0,	constant	
3710,i32,0,i32	constant	
3711,,internal global i32 0,	constant	
3712,i32,32768,i32	constant	
3713,,internal global i32 0,	constant	
3714,i32,32768,i32	constant	
3715,i8*,null,i8*	null	
3716,i8*,null,i8*	null	
3717,_xmlDoc*,null,xml	Doc*	null	
3718,_xmlNode*,null,xml	Node*	null	
3719,_xmlXPathCompExpr*,null,xml	X	Path	Comp	Expr*	null	
3720,_xmlXPathObject*,null,xml	X	Path	Object*	null	
3721,i32,1,i32	constant	
3722,_xmlNodeSet*,null,xml	Node	Set*	null	
3723,i32,0,i32	constant	
3724,_xmlNode**,null,xml	Node**	null	
3725,i8*,null,i8*	null	
3726,_xmlDoc*,null,xml	Doc*	null	
3727,_xmlNode*,null,xml	Node*	null	
3728,_xmlXPathCompExpr*,null,xml	X	Path	Comp	Expr*	null	
3729,_xmlXPathObject*,null,xml	X	Path	Object*	null	
3730,i32,4,i32	constant	
3731,_xmlNode*,null,xml	Node*	null	
3732,_xmlNode*,null,xml	Node*	null	
3733,_xmlBuffer*,null,xml	Buffer*	null	
3734,_xmlRelaxNG*,null,xml	Relax	N	G*	null	
3735,_xmlBuffer*,null,xml	Buffer*	null	
3736,_xmlRelaxNG*,null,xml	Relax	N	G*	null	
3737,,internal global i32 0,	constant	
3738,i32,0,i32	constant	
3739,_xmlBuffer*,null,xml	Buffer*	null	
3740,_xmlNode*,null,xml	Node*	null	
3741,_xmlNode*,null,xml	Node*	null	
3742,i8*,null,i8*	null	
3743,i8*,null,i8*	null	
3744,i8*,null,i8*	null	
3745,i8*,null,i8*	null	
3746,_xmlBuffer*,null,xml	Buffer*	null	
3747,i8*,null,i8*	null	
3748,i8*,null,i8*	null	
3749,_xmlNode*,null,xml	Node*	null	
3750,_xmlNode*,null,xml	Node*	null	
3751,_xmlNode*,null,xml	Node*	null	
3752,_xmlNode*,null,xml	Node*	null	
3753,_xmlNode*,null,xml	Node*	null	
3754,_xmlNode*,null,xml	Node*	null	
3755,_xmlBuffer*,null,xml	Buffer*	null	
3756,,internal global i32 0,	constant	
3757,i32,0,i32	constant	
3758,_xmlRelaxNG*,null,xml	Relax	N	G*	null	
3759,i32,-1,i32	constant	
3760,_xmlNode*,null,xml	Node*	null	
3761,_xmlNode*,null,xml	Node*	null	
3762,i8*,null,i8*	null	
3763,_xmlDoc*,null,xml	Doc*	null	
3764,i32,0,i32	constant	
3765,i32,0,i32	constant	
3766,,internal global i32 0,	constant	
3767,i32,0,i32	constant	
3768,i8*,null,i8*	null	
3769,_xmlNode*,null,xml	Node*	null	
3770,_xmlNode*,null,xml	Node*	null	
3771,i32,61440,i32	constant	
3772,i32,32768,i32	constant	
3773,_xmlDoc*,null,xml	Doc*	null	
3774,i32,0,i32	constant	
3775,i32,0,i32	constant	
3776,,internal global i32 0,	constant	
3777,i32,0,i32	constant	
3778,_xmlBuffer*,null,xml	Buffer*	null	
3779,_xmlRelaxNG*,null,xml	Relax	N	G*	null	
3780,i32,0,i32	constant	
3781,,internal global i32 0,	constant	
3782,i32,0,i32	constant	
3783,i8*,null,i8*	null	
3784,_xmlNode*,null,xml	Node*	null	
3785,_xmlDoc*,null,xml	Doc*	null	
3786,i32,0,i32	constant	
3787,_xmlNode*,null,xml	Node*	null	
3788,i8*,null,i8*	null	
3789,i32,0,i32	constant	
3790,_xmlNode*,null,xml	Node*	null	
3791,_xmlNode*,null,xml	Node*	null	
3792,i8*,null,i8*	null	
3793,_xmlDoc*,null,xml	Doc*	null	
3794,,internal global i32 0,	constant	
3795,i32,0,i32	constant	
3796,i8*,null,i8*	null	
3797,i8*,null,i8*	null	
3798,_xmlNode*,null,xml	Node*	null	
3799,_xmlDoc*,null,xml	Doc*	null	
3800,i32,0,i32	constant	
3801,_xmlNode*,null,xml	Node*	null	
3802,i32,0,i32	constant	
3803,_xmlNode*,null,xml	Node*	null	
3804,_xmlNode*,null,xml	Node*	null	
3805,_xmlDoc*,null,xml	Doc*	null	
3806,_xmlDoc*,null,xml	Doc*	null	
3807,i32,0,i32	constant	
3808,_xmlNode*,null,xml	Node*	null	
3809,i32,0,i32	constant	
3810,_xmlNode*,null,xml	Node*	null	
3811,_xmlNode*,null,xml	Node*	null	
3812,_xmlDoc*,null,xml	Doc*	null	
3813,i32,0,i32	constant	
3814,i8*,null,i8*	null	
3815,i8*,null,i8*	null	
3816,i32,0,i32	constant	
3817,i8*,null,i8*	null	
3818,_xmlDoc*,null,xml	Doc*	null	
3819,i32,0,i32	constant	
3820,i32,0,i32	constant	
3821,i32,0,i32	constant	
3822,i32,0,i32	constant	
3823,i32,0,i32	constant	
3824,i8*,null,i8*	null	
3825,i8*,null,i8*	null	
3826,i8*,null,i8*	null	
3827,_xmlSchemaValidCtxt*,null,xml	Schema	Valid	Ctxt*	null	
3828,_xmlDoc*,null,xml	Doc*	null	
3829,i32,0,i32	constant	
3830,i8*,null,i8*	null	
3831,i8*,null,i8*	null	
3832,i32,0,i32	constant	
3833,i8*,null,i8*	null	
3834,i32,0,i32	constant	
3835,_xmlSchema*,null,xml	Schema*	null	
3836,i8*,null,i8*	null	
3837,i32,0,i32	constant	
3838,_xmlNode*,null,xml	Node*	null	
3839,_xmlSchema*,null,xml	Schema*	null	
3840,i32,0,i32	constant	
3841,_xmlSchema*,null,xml	Schema*	null	
3842,i8*,null,i8*	null	
3843,i32,0,i32	constant	
3844,i8*,null,i8*	null	
3845,i8*,null,i8*	null	
3846,i8*,null,i8*	null	
3847,_xmlSchema*,null,xml	Schema*	null	
3848,,internal global i32 0,	constant	
3849,i32,0,i32	constant	
3850,,internal global i32 0,	constant	
3851,i32,0,i32	constant	
3852,,internal global i32 0,	constant	
3853,i32,0,i32	constant	
3854,i8*,null,i8*	null	
3855,i8*,null,i8*	null	
3856,i8*,null,i8*	null	
3857,,internal global i32 0,	constant	
3858,i32,0,i32	constant	
3859,,internal global i32 0,	constant	
3860,i32,0,i32	constant	
3861,,internal global i32 0,	constant	
3862,i32,0,i32	constant	
3863,,internal global i32 0,	constant	
3864,i32,0,i32	constant	
3865,,internal global i32 0,	constant	
3866,i32,0,i32	constant	
3867,i8**,null,i	null	
3868,i8*,null,i8*	null	
3869,i8*,null,i8*	null	
3870,,internal global i32 0,	constant	
3871,i32,0,i32	constant	
3872,,internal global i32 0,	constant	
3873,i32,0,i32	constant	
3874,i32,30,i32	constant	
3875,,internal global i32 0,	constant	
3876,i32,0,i32	constant	
3877,,internal global i32 0,	constant	
3878,i32,0,i32	constant	
3879,i32,30,i32	constant	
3880,,internal global i32 0,	constant	
3881,i32,0,i32	constant	
3882,i8*,null,i8*	null	
3883,,internal global i32 0,	constant	
3884,i32,0,i32	constant	
3885,,internal global i32 0,	constant	
3886,i32,0,i32	constant	
3887,,internal global i32 0,	constant	
3888,i32,0,i32	constant	
3889,,internal global i32 0,	constant	
3890,i32,0,i32	constant	
3891,,internal global i32 0,	constant	
3892,i32,0,i32	constant	
3893,,internal global i32 0,	constant	
3894,i32,0,i32	constant	
3895,i8*,null,i8*	null	
3896,i8*,null,i8*	null	
3897,i8**,null,i	null	
3898,i32,2,i32	constant	
3899,i8*,null,i8*	null	
3900,i8**,null,i	null	
3901,i32,0,i32	constant	
3902,i32,5,i32	constant	
3903,i8*,null,i8*	null	
3904,,internal global i32 0,	constant	
3905,i32,0,i32	constant	
3906,i8*,null,i8*	null	
3907,i8*,null,i8*	null	
3908,i8**,null,i	null	
3909,i8*,null,i8*	null	
3910,i8*,null,i8*	null	
3911,i32,0,i32	constant	
3912,i8*,null,i8*	null	
3913,,internal global _IO_FILE* null,	constant	
3914,_IO_FILE*,null,I	O	F	I	L	E*	null	
3915,i32,16777216,i32	constant	
3916,i32,0,i32	constant	
3917,i32,0,i32	constant	
3918,i32,27,i32	constant	
3919,i32,0,i32	constant	
3920,i32,16777216,i32	constant	
3921,i32,0,i32	constant	
3922,i32,512,i32	constant	
3923,i32,0,i32	constant	
3924,i32,0,i32	constant	
3925,i32,27,i32	constant	
3926,i32,0,i32	constant	
3927,i8*,null,i8*	null	
3928,_xmlDoc*,null,xml	Doc*	null	
3929,i8*,null,i8*	null	
3930,i32,0,i32	constant	
3931,_xmlDoc*,null,xml	Doc*	null	
3932,i32,0,i32	constant	
3933,i8*,null,i8*	null	
3934,i32,0,i32	constant	
3935,i32,16777216,i32	constant	
3936,i32,0,i32	constant	
3937,i32,0,i32	constant	
3938,i32,0,i32	constant	
3939,i32,1024,i32	constant	
3940,i32,16777216,i32	constant	
3941,i32,0,i32	constant	
3942,i32,16777216,i32	constant	
3943,i32,0,i32	constant	
3944,i32,16777216,i32	constant	
3945,i32,0,i32	constant	
3946,i32,1,i32	constant	
3947,i32,0,i32	constant	
3948,i32,16777216,i32	constant	
3949,i32,0,i32	constant	
3950,i32,1,i32	constant	
3951,i32,0,i32	constant	
3952,i8*,null,i8*	null	
3953,i8*,null,i8*	null	
3954,i8*,null,i8*	null	
3955,i32,1,i32	constant	
3956,i32,0,i32	constant	
3957,i32,0,i32	constant	
3958,_xmlDoc*,null,xml	Doc*	null	
3959,i32,0,i32	constant	
3960,i8*,null,i8*	null	
3961,i8*,null,i8*	null	
3962,_xmlDoc*,null,xml	Doc*	null	
3963,i8*,null,i8*	null	
3964,i32,0,i32	constant	
3965,_xmlDoc*,null,xml	Doc*	null	
3966,i32,0,i32	constant	
3967,i8*,null,i8*	null	
3968,i32,16777216,i32	constant	
3969,i32,0,i32	constant	
3970,i32,1024,i32	constant	
3971,i32,0,i32	constant	
3972,i8*,null,i8*	null	
3973,_xmlDoc*,null,xml	Doc*	null	
3974,i32,16777216,i32	constant	
3975,i32,0,i32	constant	
3976,_xmlDoc*,null,xml	Doc*	null	
3977,i8*,null,i8*	null	
3978,i32,0,i32	constant	
3979,i8*,null,i8*	null	
3980,i32,0,i32	constant	
3981,i32,16,i32	constant	
3982,i32,0,i32	constant	
3983,,internal global i32 0,	constant	
3984,i32,0,i32	constant	
3985,i8*,null,i8*	null	
3986,i8*,null,i8*	null	
3987,_xmlTextReader*,null,xml	Text	Reader*	null	
3988,i8*,null,i8*	null	
3989,i8*,null,i8*	null	
3990,_IO_FILE*,null,I	O	F	I	L	E*	null	
3991,i8*,null,i8*	null	
3992,i32,0,i32	constant	
3993,i8*,null,i8*	null	
3994,i32,1,i32	constant	
3995,i8*,null,i8*	null	
3996,_IO_FILE*,null,I	O	F	I	L	E*	null	
3997,i32,0,i32	constant	
3998,i8*,null,i8*	null	
3999,i32,1,i32	constant	
4000,_IO_FILE*,null,I	O	F	I	L	E*	null	
4001,i8*,null,i8*	null	
4002,i32,0,i32	constant	
4003,i8*,null,i8*	null	
4004,i32,0,i32	constant	
4005,_xmlDoc*,null,xml	Doc*	null	
4006,i32,0,i32	constant	
4007,i32,0,i32	constant	
4008,i32,0,i32	constant	
4009,i32,0,i32	constant	
4010,_xmlXPathCompExpr*,null,xml	X	Path	Comp	Expr*	null	
4011,i8*,null,i8*	null	
4012,,internal global _IO_FILE* null,	constant	
4013,_IO_FILE*,null,I	O	F	I	L	E*	null	
4014,_IO_FILE*,null,I	O	F	I	L	E*	null	
4015,i8*,null,i8*	null	
4016,i32,0,i32	constant	
4017,i32,9,i32	constant	
4018,i32,10,i32	constant	
4019,i32,32,i32	constant	
4020,i32,13,i32	constant	
4021,i32,0,i32	constant	
4022,i8*,null,i8*	null	
4023,i32,0,i32	constant	
4024,i8*,null,i8*	null	
4025,,internal global _xmlDoc* null,	constant	
4026,_xmlDoc*,null,xml	Doc*	null	
4027,i32,0,i32	constant	
4028,,internal global _xmlDoc* null,	constant	
4029,_xmlDoc*,null,xml	Doc*	null	
4030,i32,0,i32	constant	
4031,,internal global i32 0,	constant	
4032,i32,32768,i32	constant	
4033,,internal global _xmlDoc* null,	constant	
4034,_xmlDoc*,null,xml	Doc*	null	
4035,i8*,null,i8*	null	
4036,,internal global _IO_FILE* null,	constant	
4037,_IO_FILE*,null,I	O	F	I	L	E*	null	
4038,i8*,null,i8*	null	
4039,i32,0,i32	constant	
4040,i8*,null,i8*	null	
4041,i8*,null,i8*	null	
4042,i32,0,i32	constant	
4043,,internal global i32 0,	constant	
4044,i32,32768,i32	constant	
4045,i8*,null,i8*	null	
4046,i32,0,i32	constant	
4047,i8*,null,i8*	null	
4048,i8*,null,i8*	null	
4049,i8*,null,i8*	null	
4050,_IO_FILE*,null,I	O	F	I	L	E*	null	
4051,_IO_FILE*,null,I	O	F	I	L	E*	null	
4052,i8*,null,i8*	null	
4053,i8*,null,i8*	null	
4054,i32,0,i32	constant	
4055,i32,13,i32	constant	
4056,i32,10,i32	constant	
4057,i32,9,i32	constant	
4058,i32,32,i32	constant	
4059,i8*,null,i8*	null	
4060,i32,0,i32	constant	
4061,i8*,null,i8*	null	
4062,i32,0,i32	constant	
4063,i8*,null,i8*	null	
4064,,internal global i32 0,	constant	
4065,i32,32768,i32	constant	
4066,i32,0,i32	constant	
4067,i8*,null,i8*	null	
4068,i32,0,i32	constant	
4069,,internal global i32 0,	constant	
4070,i32,32768,i32	constant	
4071,i32,0,i32	constant	
4072,i8*,null,i8*	null	
4073,i32,0,i32	constant	
4074,i8*,null,i8*	null	
4075,i32,0,i32	constant	
4076,i8*,null,i8*	null	
4077,i8*,null,i8*	null	
4078,,internal global i32 0,	constant	
4079,_xmlDoc*,null,xml	Doc*	null	
4080,i32,0,i32	constant	
4081,i8*,null,i8*	null	
4082,,internal global i32 1,	constant	
4083,i32,1,i32	constant	
4084,i32,1,i32	constant	
4085,_xmlDoc*,null,xml	Doc*	null	
4086,i8*,null,i8*	null	
4087,_IO_FILE*,null,I	O	F	I	L	E*	null	
4088,i32,0,i32	constant	
4089,i32,0,i32	constant	
4090,i8*,null,i8*	null	
4091,i32,0,i32	constant	
4092,i8*,null,i8*	null	
4093,i8*,null,i8*	null	
4094,i32,0,i32	constant	
4095,i32,0,i32	constant	
4096,i32,5,i32	constant	
4097,i32,499,i32	constant	
4098,i32,95,i32	constant	
4099,i32,95,i32	constant	
4100,i32,95,i32	constant	
4101,_xmlParserInput*,null,xml	Parser	Input*	null	
4102,i32,95,i32	constant	
4103,i32,6,i32	constant	
4104,_xmlSchema*,null,xml	Schema*	null	
4105,i32,0,i32	constant	
4106,i32,13,i32	constant	
4107,i32,10,i32	constant	
4108,_xmlDoc*,null,xml	Doc*	null	
4109,i8*,null,i8*	null	
4110,_IO_FILE*,null,I	O	F	I	L	E*	null	
4111,i32,0,i32	constant	
4112,i32,0,i32	constant	
4113,i64,80,i64	constant	
4114,i8*,null,i8*	null	
4115,i32,0,i32	constant	
4116,i8*,null,i8*	null	
4117,i32,13,i32	constant	
4118,i32,10,i32	constant	
4119,i8*,null,i8*	null	
4120,i32,0,i32	constant	
4121,i32,13,i32	constant	
4122,i32,10,i32	constant	
4123,i32,5,i32	constant	
4124,i32,499,i32	constant	
4125,i32,95,i32	constant	
4126,i32,6,i32	constant	
4127,i32,10,i32	constant	
4128,i32,0,i32	constant	
4129,_xmlRelaxNG*,null,xml	Relax	N	G*	null	
4130,i32,0,i32	constant	
4131,i64,80,i64	constant	
4132,i32,13,i32	constant	
4133,i32,5,i32	constant	
4134,i32,499,i32	constant	
4135,i32,0,i32	constant	
4136,i32,0,i32	constant	
4137,i32,0,i32	constant	
4138,i32,0,i32	constant	
4139,i32,0,i32	constant	
4140,i32,95,i32	constant	
4141,i32,6,i32	constant	
4142,_xmlTextReader*,null,xml	Text	Reader*	null	
4143,i32,0,i32	constant	
4144,i32,1,i32	constant	
4145,i32,0,i32	constant	
4146,i32,0,i32	constant	
4147,i64,79,i64	constant	
4148,i32,0,i32	constant	
4149,i32,9,i32	constant	
4150,i32,1,i32	constant	
4151,i32,-1,i32	constant	
4152,i32,0,i32	constant	
4153,_xmlStreamCtxt*,null,xml	Stream	Ctxt*	null	
4154,i32,1,i32	constant	
4155,i32,0,i32	constant	
4156,i32,-1,i32	constant	
4157,i8*,null,i8*	null	
4158,i32,15,i32	constant	
4159,i32,0,i32	constant	
4160,i32,1,i32	constant	
4161,i32,0,i32	constant	
4162,i8*,null,i8*	null	
4163,i32,0,i32	constant	
4164,i32,0,i32	constant	
4165,_IO_FILE*,null,I	O	F	I	L	E*	null	
4166,i8*,null,i8*	null	
4167,_IO_FILE*,null,I	O	F	I	L	E*	null	
4168,i8*,null,i8*	null	
4169,i32,0,i32	constant	
4170,i32,13,i32	constant	
4171,i32,10,i32	constant	
4172,i32,9,i32	constant	
4173,i32,32,i32	constant	
4174,_xmlDoc*,null,xml	Doc*	null	
4175,i32,20,i32	constant	
4176,_xmlNs*,null,xml	Ns*	null	
4177,_xmlPattern*,null,xml	Pattern*	null	
4178,_xmlStreamCtxt*,null,xml	Stream	Ctxt*	null	
4179,i32,0,i32	constant	
4180,i32,1,i32	constant	
4181,i32,0,i32	constant	
4182,i32,0,i32	constant	
4183,i8*,null,i8*	null	
4184,_xmlDoc*,null,xml	Doc*	null	
4185,_xmlNode*,null,xml	Node*	null	
4186,i32,0,i32	constant	
4187,_xmlNode*,null,xml	Node*	null	
4188,_xmlNode*,null,xml	Node*	null	
4189,_xmlError*,null,xml	Error*	null	
4190,i8*,null,i8*	null	
4191,_xmlXPathContext*,null,xml	X	Path	Context*	null	
4192,_xmlNs*,null,xml	Ns*	null	
4193,i32,0,i32	constant	
4194,_xmlXPathObject*,null,xml	X	Path	Object*	null	
4195,i8*,null,i8*	null	
4196,i32,39,i32	constant	
4197,i32,39,i32	constant	
4198,i8**,null,i	null	
4199,i32,5,i32	constant	
4200,i32,1,i32	constant	
4201,i32,0,i32	constant	
4202,i64,8,i64	constant	
4203,i8**,null,i	null	
4204,i32,3,i32	constant	
4205,i32,4,i32	constant	
4206,i32,0,i32	constant	
4207,i32,44,i32	constant	
4208,i32,44,i32	constant	
4209,i32,23,i32	constant	
4210,i32,8,i32	constant	
4211,_xmlDoc*,null,xml	Doc*	null	
4212,_xmlNode*,null,xml	Node*	null	
4213,i8*,null,i8*	null	
4214,_xmlXPathObject*,null,xml	X	Path	Object*	null	
4215,i8*,null,i8*	null	
4216,i32,0,i32	constant	
4217,_xmlXPathObject*,null,xml	X	Path	Object*	null	
4218,i32,-1,i32	constant	
4219,i32,0,i32	constant	
4220,_xmlXPathObject*,null,xml	X	Path	Object*	null	
4221,i32,0,i32	constant	
4222,i8*,null,i8*	null	
4223,i32,0,i32	constant	
4224,i32,1,i32	constant	
4225,_xmlNode*,null,xml	Node*	null	
4226,i8*,null,i8*	null	
4227,_xmlXPathObject*,null,xml	X	Path	Object*	null	
4228,i8**,null,i	null	
4229,i8*,null,i8*	null	
4230,i32,0,i32	constant	
4231,i32,0,i32	constant	
4232,i32,0,i32	constant	
4233,i32,0,i32	constant	
4234,i8*,null,i8*	null	
4235,i8*,null,i8*	null	
4236,i8*,null,i8*	null	
4237,_xmlParserCtxt*,null,xml	Parser	Ctxt*	null	
4238,i8*,null,i8*	null	
4239,_xmlParserInput*,null,xml	Parser	Input*	null	
4240,i32,1,i32	constant	
4241,_xmlParserInput*,null,xml	Parser	Input*	null	
4242,i8*,null,i8*	null	
4243,i32,1,i32	constant	
4244,i32,0,i32	constant	
4245,i8*,null,i8*	null	
4246,i32,1,i32	constant	
4247,i32,0,i32	constant	
4248,i8*,null,i8*	null	
4249,i32,-1,i32	constant	
4250,i32,0,i32	constant	
4251,testDesc*,null,test	Desc*	null	
4252,i8*,null,i8*	null	
4253,i32,0,i32	constant	
4254,i8*,null,i8*	null	
4255,i8*,null,i8*	null	
4256,i8*,null,i8*	null	
4257,i8*,null,i8*	null	
4258,i32,0,i32	constant	
4259,i8*,null,i8*	null	
4260,i32,0,i32	constant	
4261,i8*,null,i8*	null	
4262,i32,0,i32	constant	
4263,,internal global i32 0,	constant	
4264,i32,0,i32	constant	
4265,i8*,null,i8*	null	
4266,i8*,null,i8*	null	
4267,i32,0,i32	constant	
4268,i8*,null,i8*	null	
4269,,internal global i32 0,	constant	
4270,i32,0,i32	constant	
4271,i32,0,i32	constant	
4272,,internal global i32 0,	constant	
4273,i32,0,i32	constant	
4274,,internal global i32 0,	constant	
4275,,internal global i32 0,	constant	
4276,i32,0,i32	constant	
4277,i32,0,i32	constant	
4278,i32,"(i8*, i8*, i8*, i32)* null",i32	constant	
4279,i8*,null,i8*	null	
4280,i32,0,i32	constant	
4281,i32,"(i8*, i8*, i8*, i32)* null",i32	constant	
4282,,internal global i32 0,	constant	
4283,i32,0,i32	constant	
4284,,internal global i32 0,	constant	
4285,i32,0,i32	constant	
4286,i32,-1,i32	constant	
4287,i32,0,i32	constant	
4288,i32,-1,i32	constant	
4289,i32,0,i32	constant	
4290,i8*,null,i8*	null	
4291,i32,10,i32	constant	
4292,i32,0,i32	constant	
4293,i32,-1,i32	constant	
4294,i32,0,i32	constant	
4295,_xmlParserCtxt*,null,xml	Parser	Ctxt*	null	
4296,_xmlParserInput*,null,xml	Parser	Input*	null	
4297,i8*,null,i8*	null	
4298,i32,1,i32	constant	
4299,i32,0,i32	constant	
4300,i8*,null,i8*	null	
4301,i32,12,i32	constant	
4302,i32,100,i32	constant	
4303,i8*,null,i8*	null	
4304,i32,47,i32	constant	
4305,i32,47,i32	constant	
4306,i8*,null,i8*	null	
4307,i8*,null,i8*	null	
4308,i32,-1,i32	constant	
4309,i32,61440,i32	constant	
4310,i32,32768,i32	constant	
4311,i32,0,i32	constant	
4312,i32,0,i32	constant	
4313,i32,0,i32	constant	
4314,i32,0,i32	constant	
4315,i32,0,i32	constant	
4316,i32,0,i32	constant	
4317,i32,0,i32	constant	
4318,i32,0,i32	constant	
4319,i32,0,i32	constant	
4320,i32,0,i32	constant	
4321,i32,0,i32	constant	
4322,i32,0,i32	constant	
4323,i32,0,i32	constant	
4324,i8*,null,i8*	null	
4325,i32,0,i32	constant	
4326,i32,0,i32	constant	
4327,,internal global i32 0,	constant	
4328,i32,0,i32	constant	
4329,,internal global i32 0,	constant	
4330,i32,0,i32	constant	
4331,,internal global i32 0,	constant	
4332,i32,0,i32	constant	
4333,,internal global i32 0,	constant	
4334,i32,0,i32	constant	
4335,i8*,null,i8*	null	
4336,i8*,null,i8*	null	
4337,,internal global i32 0,	constant	
4338,i32,0,i32	constant	
4339,i8*,null,i8*	null	
4340,i8*,null,i8*	null	
4341,,internal global i32 0,	constant	
4342,i32,0,i32	constant	
4343,i8*,null,i8*	null	
4344,i8*,null,i8*	null	
4345,,internal global i32 0,	constant	
4346,i32,0,i32	constant	
4347,,internal global i32 0,	constant	
4348,i32,0,i32	constant	
4349,i8*,null,i8*	null	
4350,i8*,null,i8*	null	
4351,i8*,null,i8*	null	
4352,,internal global i32 0,	constant	
4353,i32,0,i32	constant	
4354,,internal global i32 0,	constant	
4355,i32,0,i32	constant	
4356,i8*,null,i8*	null	
4357,,internal global _IO_FILE* null,	constant	
4358,_IO_FILE*,null,I	O	F	I	L	E*	null	
4359,,internal global i32 0,	constant	
4360,i32,0,i32	constant	
4361,,internal global i32 0,	constant	
4362,i32,32768,i32	constant	
4363,i8*,null,i8*	null	
4364,i32,3,i32	constant	
4365,i32,2,i32	constant	
4366,,internal global i32 0,	constant	
4367,i32,32768,i32	constant	
4368,i8*,null,i8*	null	
4369,_xmlParserCtxt*,null,xml	Parser	Ctxt*	null	
4370,_xmlDoc*,null,xml	Doc*	null	
4371,i32,8,i32	constant	
4372,i32,0,i32	constant	
4373,i32,0,i32	constant	
4374,_xmlParserCtxt*,null,xml	Parser	Ctxt*	null	
4375,_xmlDoc*,null,xml	Doc*	null	
4376,i32,8,i32	constant	
4377,i32,0,i32	constant	
4378,i32,0,i32	constant	
4379,_xmlDoc*,null,xml	Doc*	null	
4380,i32*,"getelementptr inbounds (_xmlError, %struct._xmlError* @xmlLastError, i32 0, i32 1)",i	i	
4381,i32,0,i32	constant	
4382,i32*,"getelementptr inbounds (_xmlError, %struct._xmlError* @xmlLastError, i32 0, i32 0)",i	i	
4383,i32,3,i32	constant	
4384,_xmlDoc*,null,xml	Doc*	null	
4385,i8*,null,i8*	null	
4386,i8*,null,i8*	null	
4387,i32,0,i32	constant	
4388,i8*,null,i8*	null	
4389,i8*,null,i8*	null	
4390,i32,0,i32	constant	
4391,i8*,null,i8*	null	
4392,i32,0,i32	constant	
4393,i8*,null,i8*	null	
4394,i32,0,i32	constant	
4395,i32,0,i32	constant	
4396,i32,0,i32	constant	
4397,i32,0,i32	constant	
4398,i32,0,i32	constant	
4399,i8*,null,i8*	null	
4400,i32,0,i32	constant	
4401,i32,0,i32	constant	
4402,i8*,null,i8*	null	
4403,i8*,null,i8*	null	
4404,i32,0,i32	constant	
4405,i32,0,i32	constant	
4406,i32,0,i32	constant	
4407,i32,0,i32	constant	
4408,i32,0,i32	constant	
4409,i8*,null,i8*	null	
4410,i8*,null,i8*	null	
4411,i8*,null,i8*	null	
4412,i8*,null,i8*	null	
4413,i8*,null,i8*	null	
4414,i8*,null,i8*	null	
4415,i8*,null,i8*	null	
4416,i8*,null,i8*	null	
4417,i8*,null,i8*	null	
4418,i32,1,i32	constant	
4419,i8*,null,i8*	null	
4420,_xmlNode*,null,xml	Node*	null	
4421,i32,1,i32	constant	
4422,i32,0,i32	constant	
4423,i32,0,i32	constant	
4424,i32,0,i32	constant	
4425,i32,0,i32	constant	
4426,i32,1,i32	constant	
4427,i32,0,i32	constant	
4428,i8*,null,i8*	null	
4429,_xmlNode*,null,xml	Node*	null	
4430,i32,1,i32	constant	
4431,i32,0,i32	constant	
4432,i32,0,i32	constant	
4433,_xmlDoc*,null,xml	Doc*	null	
4434,i32,-1,i32	constant	
4435,i32,0,i32	constant	
4436,_xmlNode*,null,xml	Node*	null	
4437,,internal global _IO_FILE* null,	constant	
4438,_IO_FILE*,null,I	O	F	I	L	E*	null	
4439,i32,0,i32	constant	
4440,i32,2,i32	constant	
4441,,internal global i32 0,	constant	
4442,,internal global i32 0,	constant	
4443,,internal global i32 0,	constant	
4444,i32,0,i32	constant	
4445,,internal global i32 0,	constant	
4446,i32,0,i32	constant	
4447,,internal global i32 0,	constant	
4448,i32,15,i32	constant	
4449,,internal global i32 0,	constant	
4450,i32,0,i32	constant	
4451,,internal global _IO_FILE* null,	constant	
4452,_IO_FILE*,null,I	O	F	I	L	E*	null	
4453,i32,61440,i32	constant	
4454,i32,32768,i32	constant	
4455,i8*,null,i8*	null	
4456,i8*,null,i8*	null	
4457,i32,1,i32	constant	
4458,i32,1,i32	constant	
4459,i32,0,i32	constant	
4460,i32,1,i32	constant	
4461,_xmlDoc*,null,xml	Doc*	null	
4462,i32,131072,i32	constant	
4463,i32,0,i32	constant	
4464,i8*,null,i8*	null	
4465,i32,0,i32	constant	
4466,_xmlParserCtxt*,null,xml	Parser	Ctxt*	null	
4467,_xmlDoc*,null,xml	Doc*	null	
4468,i32,0,i32	constant	
4469,i32,-1,i32	constant	
4470,i8*,null,i8*	null	
4471,_xmlDoc*,null,xml	Doc*	null	
4472,i8*,null,i8*	null	
4473,_xmlParserInput*,null,xml	Parser	Input*	null	
4474,i8*,null,i8*	null	
4475,_xmlParserCtxt*,null,xml	Parser	Ctxt*	null	
4476,i8*,null,i8*	null	
4477,i32,0,i32	constant	
4478,i32,0,i32	constant	
4479,_xmlDtd*,null,xml	Dtd*	null	
4480,_xmlDoc*,null,xml	Doc*	null	
4481,_xmlDoc*,null,xml	Doc*	null	
4482,i8*,null,i8*	null	
4483,i8*,null,i8*	null	
4484,_xmlParserInput**,null,xml	Parser	Input**	null	
4485,i32,-554844497,i32	constant	
4486,_xmlSAXHandler*,null,xml	S	A	X	Handler*	null	
4487,_xmlParserInput*,null,xml	Parser	Input*	null	
4488,i32,0,i32	constant	
4489,_xmlDoc*,null,xml	Doc*	null	
4490,i8*,null,i8*	null	
4491,i8*,null,i8*	null	
4492,_xmlDoc*,null,xml	Doc*	null	
4493,i32,0,i32	constant	
4494,i32,0,i32	constant	
4495,i32,0,i32	constant	
4496,i32,0,i32	constant	
4497,i8*,null,i8*	null	
4498,i32,0,i32	constant	
4499,i8*,null,i8*	null	
4500,i8*,null,i8*	null	
4501,i8*,null,i8*	null	
4502,i32,0,i32	constant	
4503,i32,0,i32	constant	
4504,i8*,null,i8*	null	
4505,i32,1,i32	constant	
4506,i8*,null,i8*	null	
4507,i8*,null,i8*	null	
4508,i32,0,i32	constant	
4509,i32,108,i32	constant	
4510,i32,109,i32	constant	
4511,i32,120,i32	constant	
4512,i32,0,i32	constant	
4513,i32,115,i32	constant	
4514,i32,110,i32	constant	
4515,i32,0,i32	constant	
4516,i8*,null,i8*	null	
4517,i8*,null,i8*	null	
4518,i32,0,i32	constant	
4519,_xmlURI*,null,xml	U	R	I*	null	
4520,void,"(i8*, i8*, ...)* null",void	constant	
4521,_xmlSAXHandler*,null,xml	S	A	X	Handler*	null	
4522,i8*,null,i8*	null	
4523,void,"(i8*, i8*, ...)* null",void	constant	
4524,_xmlSAXHandler*,null,xml	S	A	X	Handler*	null	
4525,i32,0,i32	constant	
4526,i32,0,i32	constant	
4527,_xmlNs*,null,xml	Ns*	null	
4528,_xmlDtd*,null,xml	Dtd*	null	
4529,_xmlDoc*,null,xml	Doc*	null	
4530,i8*,null,i8*	null	
4531,i8*,null,i8*	null	
4532,i32,0,i32	constant	
4533,i32,108,i32	constant	
4534,i32,109,i32	constant	
4535,i32,120,i32	constant	
4536,i8*,null,i8*	null	
4537,i32,0,i32	constant	
4538,i32,115,i32	constant	
4539,i32,110,i32	constant	
4540,i32,0,i32	constant	
4541,i8*,null,i8*	null	
4542,i8*,null,i8*	null	
4543,i32,0,i32	constant	
4544,i32,0,i32	constant	
4545,i32,0,i32	constant	
4546,_xmlURI*,null,xml	U	R	I*	null	
4547,i8*,null,i8*	null	
4548,i32,0,i32	constant	
4549,i32,0,i32	constant	
4550,_xmlNs*,null,xml	Ns*	null	
4551,_xmlDtd*,null,xml	Dtd*	null	
4552,_xmlDoc*,null,xml	Doc*	null	
4553,i8*,null,i8*	null	
4554,i8*,null,i8*	null	
4555,i8*,null,i8*	null	
4556,_xmlNs*,null,xml	Ns*	null	
4557,_xmlAttr*,null,xml	Attr*	null	
4558,_xmlNs*,null,xml	Ns*	null	
4559,i32,0,i32	constant	
4560,_xmlNs*,null,xml	Ns*	null	
4561,i32,0,i32	constant	
4562,i32,0,i32	constant	
4563,_xmlAttr*,null,xml	Attr*	null	
4564,i32,0,i32	constant	
4565,i32,0,i32	constant	
4566,_xmlNode*,null,xml	Node*	null	
4567,_xmlNode*,null,xml	Node*	null	
4568,i8*,null,i8*	null	
4569,_xmlNode*,null,xml	Node*	null	
4570,i32,0,i32	constant	
4571,i32,0,i32	constant	
4572,i32,0,i32	constant	
4573,_xmlDtd*,null,xml	Dtd*	null	
4574,_xmlDoc*,null,xml	Doc*	null	
4575,i32,0,i32	constant	
4576,i8*,null,i8*	null	
4577,i8*,null,i8*	null	
4578,i32,8,i32	constant	
4579,i32,0,i32	constant	
4580,i32,2,i32	constant	
4581,i32,0,i32	constant	
4582,i32,0,i32	constant	
4583,i32,0,i32	constant	
4584,i32,0,i32	constant	
4585,i32,0,i32	constant	
4586,_xmlParserCtxt*,null,xml	Parser	Ctxt*	null	
4587,i32,0,i32	constant	
4588,i32,-1,i32	constant	
4589,i32,0,i32	constant	
4590,i32,0,i32	constant	
4591,i8*,null,i8*	null	
4592,i8*,null,i8*	null	
4593,_xmlParserCtxt*,null,xml	Parser	Ctxt*	null	
4594,_xmlElement*,null,xml	Element*	null	
4595,_xmlElement*,null,xml	Element*	null	
4596,i32,1,i32	constant	
4597,_xmlDtd*,null,xml	Dtd*	null	
4598,i32,0,i32	constant	
4599,_xmlAttribute*,null,xml	Attribute*	null	
4600,i8*,null,i8*	null	
4601,_xmlAttribute*,null,xml	Attribute*	null	
4602,i8*,null,i8*	null	
4603,i8*,null,i8*	null	
4604,i8**,null,i	null	
4605,i8*,null,i8*	null	
4606,i32,0,i32	constant	
4607,_xmlParserCtxt*,null,xml	Parser	Ctxt*	null	
4608,i8*,null,i8*	null	
4609,_xmlAttribute*,null,xml	Attribute*	null	
4610,i8*,null,i8*	null	
4611,i32,0,i32	constant	
4612,i8*,null,i8*	null	
4613,i32,0,i32	constant	
4614,i8*,null,i8*	null	
4615,i32,0,i32	constant	
4616,i32,4,i32	constant	
4617,i32,0,i32	constant	
4618,_xmlAttribute*,null,xml	Attribute*	null	
4619,i8*,null,i8*	null	
4620,i8**,null,i	null	
4621,i8*,null,i8*	null	
4622,i32,0,i32	constant	
4623,i8*,null,i8*	null	
4624,i32,1,i32	constant	
4625,_xmlDoc*,null,xml	Doc*	null	
4626,i8*,null,i8*	null	
4627,i8*,null,i8*	null	
4628,_xmlDtd*,null,xml	Dtd*	null	
4629,i32,0,i32	constant	
4630,_xmlDtd*,null,xml	Dtd*	null	
4631,i8*,null,i8*	null	
4632,i8*,null,i8*	null	
4633,i8*,null,i8*	null	
4634,i8*,null,i8*	null	
4635,_xmlNode*,null,xml	Node*	null	
4636,i8*,null,i8*	null	
4637,_xmlNode*,null,xml	Node*	null	
4638,_xmlNode*,null,xml	Node*	null	
4639,i32,0,i32	constant	
4640,_xmlParserInput*,null,xml	Parser	Input*	null	
4641,i32,65535,i32	constant	
4642,_xmlNode*,null,xml	Node*	null	
4643,i32,1,i32	constant	
4644,i32,0,i32	constant	
4645,_xmlDtd*,null,xml	Dtd*	null	
4646,_xmlDtd*,null,xml	Dtd*	null	
4647,i8**,null,i	null	
4648,i32,0,i32	constant	
4649,i8*,null,i8*	null	
4650,i8*,null,i8*	null	
4651,i32,108,i32	constant	
4652,i32,109,i32	constant	
4653,i32,120,i32	constant	
4654,i32,115,i32	constant	
4655,i32,110,i32	constant	
4656,i32,0,i32	constant	
4657,_xmlParserCtxt*,null,xml	Parser	Ctxt*	null	
4658,_xmlNode*,null,xml	Node*	null	
4659,_xmlNs*,null,xml	Ns*	null	
4660,_xmlNs*,null,xml	Ns*	null	
4661,i8*,null,i8*	null	
4662,i32,-1,i32	constant	
4663,i8*,null,i8*	null	
4664,_xmlNs*,null,xml	Ns*	null	
4665,i8*,null,i8*	null	
4666,i32,0,i32	constant	
4667,i8**,null,i	null	
4668,_xmlParserCtxt*,null,xml	Parser	Ctxt*	null	
4669,i32,0,i32	constant	
4670,i8*,null,i8*	null	
4671,i8*,null,i8*	null	
4672,i8*,null,i8*	null	
4673,i32,108,i32	constant	
4674,i32,109,i32	constant	
4675,i32,120,i32	constant	
4676,i32,115,i32	constant	
4677,i32,110,i32	constant	
4678,i32,-1412623820,i32	constant	
4679,i32,0,i32	constant	
4680,i32,0,i32	constant	
4681,i32,0,i32	constant	
4682,i8*,null,i8*	null	
4683,i8*,null,i8*	null	
4684,i32,0,i32	constant	
4685,_xmlNode*,null,xml	Node*	null	
4686,i32,0,i32	constant	
4687,i32,0,i32	constant	
4688,_xmlDtd*,null,xml	Dtd*	null	
4689,_xmlDoc*,null,xml	Doc*	null	
4690,_xmlNode*,null,xml	Node*	null	
4691,_xmlNode*,null,xml	Node*	null	
4692,i32,0,i32	constant	
4693,i32,16,i32	constant	
4694,i32,65536,i32	constant	
4695,i32,0,i32	constant	
4696,i32,39,i32	constant	
4697,i32,34,i32	constant	
4698,i32,3,i32	constant	
4699,i32,33,i32	constant	
4700,i32,60,i32	constant	
4701,i32,32,i32	constant	
4702,i8*,null,i8*	null	
4703,_xmlAttr*,null,xml	Attr*	null	
4704,i32,0,i32	constant	
4705,_xmlAttr*,null,xml	Attr*	null	
4706,_xmlAttr*,null,xml	Attr*	null	
4707,,external dso_local global void (_xmlNode*)*,	constant	
4708,void,(_xmlNode*)* null,void	constant	
4709,,external dso_local global i32,	constant	
4710,i32,0,i32	constant	
4711,i32,0,i32	constant	
4712,_xmlAttr*,null,xml	Attr*	null	
4713,i32,0,i32	constant	
4714,i32,0,i32	constant	
4715,i32,0,i32	constant	
4716,_xmlNode*,null,xml	Node*	null	
4717,_xmlNode*,null,xml	Node*	null	
4718,_xmlNode*,null,xml	Node*	null	
4719,i8*,null,i8*	null	
4720,_xmlNode*,null,xml	Node*	null	
4721,i32,0,i32	constant	
4722,i32,0,i32	constant	
4723,i32,0,i32	constant	
4724,_xmlDtd*,null,xml	Dtd*	null	
4725,_xmlDoc*,null,xml	Doc*	null	
4726,i32,0,i32	constant	
4727,i8*,null,i8*	null	
4728,i32,0,i32	constant	
4729,_xmlHashTable*,null,xml	Hash	Table*	null	
4730,i8*,null,i8*	null	
4731,i32,1,i32	constant	
4732,i8*,null,i8*	null	
4733,i32,8,i32	constant	
4734,i32,0,i32	constant	
4735,i32,2,i32	constant	
4736,i32,0,i32	constant	
4737,i32,0,i32	constant	
4738,i32,0,i32	constant	
4739,i32,100,i32	constant	
4740,i32,105,i32	constant	
4741,i32,0,i32	constant	
4742,i8*,null,i8*	null	
4743,i32,0,i32	constant	
4744,i32,0,i32	constant	
4745,i8*,null,i8*	null	
4746,i32,0,i32	constant	
4747,i8*,null,i8*	null	
4748,i8*,null,i8*	null	
4749,i32,0,i32	constant	
4750,_xmlParserCtxt*,null,xml	Parser	Ctxt*	null	
4751,i32,-1,i32	constant	
4752,i8*,null,i8*	null	
4753,_xmlDtd*,null,xml	Dtd*	null	
4754,i32,0,i32	constant	
4755,_xmlDtd*,null,xml	Dtd*	null	
4756,i8*,null,i8*	null	
4757,i8*,null,i8*	null	
4758,i8*,null,i8*	null	
4759,i8*,null,i8*	null	
4760,_xmlParserCtxt*,null,xml	Parser	Ctxt*	null	
4761,i8*,null,i8*	null	
4762,i8*,null,i8*	null	
4763,i32,0,i32	constant	
4764,i8*,null,i8*	null	
4765,_xmlNode*,null,xml	Node*	null	
4766,i32,0,i32	constant	
4767,i8*,null,i8*	null	
4768,i8*,null,i8*	null	
4769,,external dso_local global void (_xmlNode*)*,	constant	
4770,void,(_xmlNode*)* null,void	constant	
4771,,external dso_local global i32,	constant	
4772,i32,0,i32	constant	
4773,i32,0,i32	constant	
4774,i8*,null,i8*	null	
4775,_xmlNode*,null,xml	Node*	null	
4776,i32,0,i32	constant	
4777,_xmlParserInput*,null,xml	Parser	Input*	null	
4778,i32,65535,i32	constant	
4779,_xmlNode*,null,xml	Node*	null	
4780,_xmlNs*,null,xml	Ns*	null	
4781,_xmlNs*,null,xml	Ns*	null	
4782,i8*,null,i8*	null	
4783,i32,0,i32	constant	
4784,i32,0,i32	constant	
4785,i32,0,i32	constant	
4786,_xmlDtd*,null,xml	Dtd*	null	
4787,_xmlDoc*,null,xml	Doc*	null	
4788,_xmlNode*,null,xml	Node*	null	
4789,i32,1,i32	constant	
4790,i32,0,i32	constant	
4791,i32,4,i32	constant	
4792,i32,0,i32	constant	
4793,_xmlNs*,null,xml	Ns*	null	
4794,i8*,null,i8*	null	
4795,i32,0,i32	constant	
4796,_xmlNs*,null,xml	Ns*	null	
4797,_xmlNs*,null,xml	Ns*	null	
4798,_xmlNs*,null,xml	Ns*	null	
4799,i8*,null,i8*	null	
4800,i32,0,i32	constant	
4801,i32,0,i32	constant	
4802,i8*,null,i8*	null	
4803,i8*,null,i8*	null	
4804,i32,0,i32	constant	
4805,i8*,null,i8*	null	
4806,i8*,null,i8*	null	
4807,i32,-1412623820,i32	constant	
4808,i32,0,i32	constant	
4809,i32,0,i32	constant	
4810,i32,0,i32	constant	
4811,i8*,null,i8*	null	
4812,_xmlNode*,null,xml	Node*	null	
4813,i32,0,i32	constant	
4814,i32,0,i32	constant	
4815,i32,0,i32	constant	
4816,_xmlDtd*,null,xml	Dtd*	null	
4817,_xmlDoc*,null,xml	Doc*	null	
4818,i8*,null,i8*	null	
4819,i32,35,i32	constant	
4820,_xmlNode*,null,xml	Node*	null	
4821,i8*,null,i8*	null	
4822,_xmlNode*,null,xml	Node*	null	
4823,_xmlNode*,null,xml	Node*	null	
4824,_xmlNode*,null,xml	Node*	null	
4825,_xmlNode*,null,xml	Node*	null	
4826,i32,3,i32	constant	
4827,i8*,"getelementptr inbounds ([0 x i8], [0 x i8]* @xmlStringText, i64 0, i64 0)",i8*	constant	
4828,i32,0,i32	constant	
4829,i32,0,i32	constant	
4830,i32,1,i32	constant	
4831,i32,0,i32	constant	
4832,i8*,null,i8*	null	
4833,i64,10000000,i64	constant	
4834,i32,524288,i32	constant	
4835,i32,0,i32	constant	
4836,_xmlParserInput*,null,xml	Parser	Input*	null	
4837,i8*,null,i8*	null	
4838,i64,-1,i64	constant	
4839,i64,9223372036854775807,i64	constant	
4840,i8*,null,i8*	null	
4841,i32,0,i32	constant	
4842,i32,0,i32	constant	
4843,_xmlNode*,null,xml	Node*	null	
4844,_xmlNode*,null,xml	Node*	null	
4845,_xmlNode*,null,xml	Node*	null	
4846,_xmlParserInput*,null,xml	Parser	Input*	null	
4847,i8*,null,i8*	null	
4848,_xmlParserInput*,null,xml	Parser	Input*	null	
4849,i8*,null,i8*	null	
4850,_xmlDoc*,null,xml	Doc*	null	
4851,i8*,null,i8*	null	
4852,i32,1,i32	constant	
4853,_xmlDoc*,null,xml	Doc*	null	
4854,_xmlParserCtxt*,null,xml	Parser	Ctxt*	null	
4855,_xmlDtd*,null,xml	Dtd*	null	
4856,_xmlDoc*,null,xml	Doc*	null	
4857,_xmlParserCtxt*,null,xml	Parser	Ctxt*	null	
4858,_xmlDtd*,null,xml	Dtd*	null	
4859,i8*,null,i8*	null	
4860,_xmlDoc*,null,xml	Doc*	null	
4861,_xmlDtd*,null,xml	Dtd*	null	
4862,i32,0,i32	constant	
4863,_xmlDtd*,null,xml	Dtd*	null	
4864,i8*,null,i8*	null	
4865,i8*,null,i8*	null	
4866,i8*,null,i8*	null	
4867,i32,0,i32	constant	
4868,i32,0,i32	constant	
4869,_xmlDoc*,null,xml	Doc*	null	
4870,i32,0,i32	constant	
4871,_xmlParserInput*,"(i8*, i8*, i8*)* null",xml	Parser	Input*	i	i	i	null	
4872,_xmlSAXHandler*,null,xml	S	A	X	Handler*	null	
4873,_xmlParserInput*,null,xml	Parser	Input*	null	
4874,_xmlParserInput**,null,xml	Parser	Input**	null	
4875,i32,4,i32	constant	
4876,i8*,null,i8*	null	
4877,i32,1,i32	constant	
4878,i8*,null,i8*	null	
4879,_xmlDict*,null,xml	Dict*	null	
4880,i32,0,i32	constant	
4881,i8*,null,i8*	null	
4882,_xmlParserInput*,null,xml	Parser	Input*	null	
4883,i8*,null,i8*	null	
4884,i8*,null,i8*	null	
4885,i8*,null,i8*	null	
4886,i32,0,i32	constant	
4887,_xmlEntity*,null,xml	Entity*	null	
4888,i32,1,i32	constant	
4889,_xmlDoc*,null,xml	Doc*	null	
4890,i32,2,i32	constant	
4891,_xmlEntity*,null,xml	Entity*	null	
4892,_xmlEntity*,null,xml	Entity*	null	
4893,_xmlEntity*,null,xml	Entity*	null	
4894,i32,0,i32	constant	
4895,i32,0,i32	constant	
4896,_xmlNode*,null,xml	Node*	null	
4897,i32,2,i32	constant	
4898,i32,0,i32	constant	
4899,i32,0,i32	constant	
4900,i8*,null,i8*	null	
4901,i8*,null,i8*	null	
4902,_xmlParserCtxt*,null,xml	Parser	Ctxt*	null	
4903,i8*,null,i8*	null	
4904,i32,-554844497,i32	constant	
4905,_xmlSAXHandler*,null,xml	S	A	X	Handler*	null	
4906,i8*,null,i8*	null	
4907,i32,1,i32	constant	
4908,i32,0,i32	constant	
4909,_xmlEntity*,null,xml	Entity*	null	
4910,i8*,null,i8*	null	
4911,i8*,null,i8*	null	
4912,_xmlEntity*,null,xml	Entity*	null	
4913,_xmlParserInput*,null,xml	Parser	Input*	null	
4914,i8*,null,i8*	null	
4915,i32,2,i32	constant	
4916,i32,0,i32	constant	
4917,_xmlEntity*,null,xml	Entity*	null	
4918,void,"(i8*, i8*, ...)* null",void	constant	
4919,_xmlSAXHandler*,null,xml	S	A	X	Handler*	null	
4920,i8*,null,i8*	null	
4921,i8*,null,i8*	null	
4922,_xmlEntity*,null,xml	Entity*	null	
4923,_xmlParserInput*,null,xml	Parser	Input*	null	
4924,i8*,null,i8*	null	
4925,_xmlDoc*,null,xml	Doc*	null	
4926,_xmlParserCtxt*,null,xml	Parser	Ctxt*	null	
4927,i32,0,i32	constant	
4928,i32,2,i32	constant	
4929,i32,1,i32	constant	
4930,i32,2,i32	constant	
4931,i32,0,i32	constant	
4932,i32,0,i32	constant	
4933,i32,0,i32	constant	
4934,_xmlAttribute*,null,xml	Attribute*	null	
4935,_xmlDtd*,null,xml	Dtd*	null	
4936,i8*,null,i8*	null	
4937,i8*,null,i8*	null	
4938,_xmlDoc*,null,xml	Doc*	null	
4939,_xmlParserCtxt*,null,xml	Parser	Ctxt*	null	
4940,i32,1,i32	constant	
4941,i32,2,i32	constant	
4942,_xmlElement*,null,xml	Element*	null	
4943,i32,0,i32	constant	
4944,i32,0,i32	constant	
4945,_xmlDtd*,null,xml	Dtd*	null	
4946,_xmlDoc*,null,xml	Doc*	null	
4947,_xmlDoc*,null,xml	Doc*	null	
4948,_xmlParserCtxt*,null,xml	Parser	Ctxt*	null	
4949,i8*,null,i8*	null	
4950,i8*,null,i8*	null	
4951,i32,1,i32	constant	
4952,i32,2,i32	constant	
4953,_xmlNotation*,null,xml	Notation*	null	
4954,i32,0,i32	constant	
4955,i32,0,i32	constant	
4956,_xmlDtd*,null,xml	Dtd*	null	
4957,i8*,null,i8*	null	
4958,i32,1,i32	constant	
4959,i32,0,i32	constant	
4960,_xmlEntity*,null,xml	Entity*	null	
4961,void,"(i8*, i8*, ...)* null",void	constant	
4962,_xmlSAXHandler*,null,xml	S	A	X	Handler*	null	
4963,i8*,null,i8*	null	
4964,i8*,null,i8*	null	
4965,_xmlEntity*,null,xml	Entity*	null	
4966,_xmlParserInput*,null,xml	Parser	Input*	null	
4967,i8*,null,i8*	null	
4968,i32,2,i32	constant	
4969,i32,0,i32	constant	
4970,_xmlEntity*,null,xml	Entity*	null	
4971,void,"(i8*, i8*, ...)* null",void	constant	
4972,_xmlSAXHandler*,null,xml	S	A	X	Handler*	null	
4973,i8*,null,i8*	null	
4974,i8*,null,i8*	null	
4975,_xmlEntity*,null,xml	Entity*	null	
4976,_xmlParserInput*,null,xml	Parser	Input*	null	
4977,i8*,null,i8*	null	
4978,i8*,null,i8*	null	
4979,i32,0,i32	constant	
4980,_xmlDoc*,null,xml	Doc*	null	
4981,_xmlDoc*,null,xml	Doc*	null	
4982,_xmlSchematronParserCtxt*,null,xml	Schematron	Parser	Ctxt*	null	
4983,i8*,null,i8*	null	
4984,_xmlDoc*,null,xml	Doc*	null	
4985,i8*,null,i8*	null	
4986,_xmlDoc*,null,xml	Doc*	null	
4987,_xmlDoc*,null,xml	Doc*	null	
4988,_xmlNode*,null,xml	Node*	null	
4989,i32,0,i32	constant	
4990,i32,0,i32	constant	
4991,i32,0,i32	constant	
4992,i32,0,i32	constant	
4993,_xmlNs*,null,xml	Ns*	null	
4994,i32,1,i32	constant	
4995,_xmlNode*,null,xml	Node*	null	
4996,_xmlSchematron*,null,xml	Schematron*	null	
4997,i32,0,i32	constant	
4998,i32,0,i32	constant	
4999,_xmlNs*,null,xml	Ns*	null	
5000,i32,1,i32	constant	
5001,_xmlNode*,null,xml	Node*	null	
5002,i32,0,i32	constant	
5003,i32,0,i32	constant	
5004,i32,0,i32	constant	
5005,_xmlNs*,null,xml	Ns*	null	
5006,i32,1,i32	constant	
5007,_xmlNode*,null,xml	Node*	null	
5008,i8*,null,i8*	null	
5009,i32,0,i32	constant	
5010,i32,0,i32	constant	
5011,_xmlNs*,null,xml	Ns*	null	
5012,i32,1,i32	constant	
5013,_xmlNode*,null,xml	Node*	null	
5014,i32,0,i32	constant	
5015,i32,0,i32	constant	
5016,i32,0,i32	constant	
5017,_xmlNs*,null,xml	Ns*	null	
5018,i32,1,i32	constant	
5019,_xmlNode*,null,xml	Node*	null	
5020,i32,0,i32	constant	
5021,i8*,null,i8*	null	
5022,i32,0,i32	constant	
5023,i8*,null,i8*	null	
5024,i8*,null,i8*	null	
5025,i8*,null,i8*	null	
5026,i8*,null,i8*	null	
5027,i8*,null,i8*	null	
5028,i32,0,i32	constant	
5029,i32,0,i32	constant	
5030,_xmlNs*,null,xml	Ns*	null	
5031,i32,1,i32	constant	
5032,_xmlNode*,null,xml	Node*	null	
5033,_xmlNode*,null,xml	Node*	null	
5034,i32,0,i32	constant	
5035,i32,0,i32	constant	
5036,i32,0,i32	constant	
5037,_xmlNs*,null,xml	Ns*	null	
5038,i32,1,i32	constant	
5039,_xmlNode*,null,xml	Node*	null	
5040,i32,0,i32	constant	
5041,i32,0,i32	constant	
5042,_xmlNs*,null,xml	Ns*	null	
5043,i32,1,i32	constant	
5044,_xmlNode*,null,xml	Node*	null	
5045,i32,0,i32	constant	
5046,i32,0,i32	constant	
5047,i32,0,i32	constant	
5048,_xmlSchematron*,null,xml	Schematron*	null	
5049,i32,0,i32	constant	
5050,i8*,null,i8*	null	
5051,_xmlNode*,null,xml	Node*	null	
5052,_xmlSchematronValidCtxt*,null,xml	Schematron	Valid	Ctxt*	null	
5053,_xmlXPathObject*,null,xml	X	Path	Object*	null	
5054,i32,1,i32	constant	
5055,i32,0,i32	constant	
5056,_xmlNodeSet*,null,xml	Node	Set*	null	
5057,_xmlNode*,null,xml	Node*	null	
5058,_xmlNode*,null,xml	Node*	null	
5059,_xmlNode*,null,xml	Node*	null	
5060,i32,3,i32	constant	
5061,i32,4,i32	constant	
5062,i32,0,i32	constant	
5063,i32,0,i32	constant	
5064,i32,0,i32	constant	
5065,_xmlNs*,null,xml	Ns*	null	
5066,i32,1,i32	constant	
5067,_xmlNode*,null,xml	Node*	null	
5068,i8*,null,i8*	null	
5069,_xmlNode*,null,xml	Node*	null	
5070,i8*,null,i8*	null	
5071,_xmlNs*,null,xml	Ns*	null	
5072,i8*,null,i8*	null	
5073,i32,0,i32	constant	
5074,i32,9,i32	constant	
5075,i32,13,i32	constant	
5076,i32,10,i32	constant	
5077,i32,32,i32	constant	
5078,i32,10,i32	constant	
5079,i32,32,i32	constant	
5080,i32,9,i32	constant	
5081,i32,13,i32	constant	
5082,i32,0,i32	constant	
5083,_xmlSchematronTest*,null,xml	Schematron	Test*	null	
5084,_xmlNode*,null,xml	Node*	null	
5085,_xmlSchematronValidCtxt*,null,xml	Schematron	Valid	Ctxt*	null	
5086,i32,1,i32	constant	
5087,i32,0,i32	constant	
5088,i32,4,i32	constant	
5089,i32,0,i32	constant	
5090,i32,2,i32	constant	
5091,i32,4,i32	constant	
5092,i32,0,i32	constant	
5093,i32,0,i32	constant	
5094,i32,0,i32	constant	
5095,i32,2,i32	constant	
5096,i32,0,i32	constant	
5097,i32,1,i32	constant	
5098,i8*,null,i8*	null	
5099,_xmlNode*,null,xml	Node*	null	
5100,i8*,null,i8*	null	
5101,i32,1,i32	constant	
5102,i32,8,i32	constant	
5103,i32,0,i32	constant	
5104,_xmlSchematronValidCtxt*,null,xml	Schematron	Valid	Ctxt*	null	
5105,void,"(i8*, _xmlError*)* null",void	constant	
5106,i32,1,i32	constant	
5107,_xmlSchematronPattern*,null,xml	Schematron	Pattern*	null	
5108,i8*,null,i8*	null	
5109,_xmlSchematronPattern*,null,xml	Schematron	Pattern*	null	
5110,_xmlSchematronValidCtxt*,null,xml	Schematron	Valid	Ctxt*	null	
5111,i32,8,i32	constant	
5112,i32,0,i32	constant	
5113,i32,1,i32	constant	
5114,i32,0,i32	constant	
5115,i32,4,i32	constant	
5116,i32,0,i32	constant	
5117,i8*,null,i8*	null	
5118,_xmlSchematronValidCtxt*,null,xml	Schematron	Valid	Ctxt*	null	
5119,_xmlSchematronValidCtxt*,null,xml	Schematron	Valid	Ctxt*	null	
5120,_xmlXPathContext*,null,xml	X	Path	Context*	null	
5121,i8*,null,i8*	null	
5122,i8*,null,i8*	null	
5123,_xmlSchematronValidCtxt*,null,xml	Schematron	Valid	Ctxt*	null	
5124,_xmlXPathContext*,null,xml	X	Path	Context*	null	
5125,_xmlDict*,null,xml	Dict*	null	
5126,_xmlNode*,null,xml	Node*	null	
5127,i32,17,i32	constant	
5128,i32,14,i32	constant	
5129,_xmlNode*,null,xml	Node*	null	
5130,i32,17,i32	constant	
5131,i32,14,i32	constant	
5132,_xmlNode*,null,xml	Node*	null	
5133,i32,9,i32	constant	
5134,_xmlNode*,null,xml	Node*	null	
5135,_xmlNode*,null,xml	Node*	null	
5136,_xmlXPathObject*,null,xml	X	Path	Object*	null	
5137,_xmlNodeSet*,null,xml	Node	Set*	null	
5138,i32,0,i32	constant	
5139,i32,0,i32	constant	
5140,i32,0,i32	constant	
5141,i8*,null,i8*	null	
5142,i32,0,i32	constant	
5143,i32,1,i32	constant	
5144,i32,0,i32	constant	
5145,i32,2,i32	constant	
5146,i32,0,i32	constant	
5147,i32,0,i32	constant	
5148,i32,0,i32	constant	
5149,_xmlSchematron*,null,xml	Schematron*	null	
5150,_xmlSchematronValidCtxt*,null,xml	Schematron	Valid	Ctxt*	null	
5151,_xmlDoc*,null,xml	Doc*	null	
5152,_xmlSchematronRule*,null,xml	Schematron	Rule*	null	
5153,_xmlNode*,null,xml	Node*	null	
5154,i32,1,i32	constant	
5155,i32,0,i32	constant	
5156,i32,0,i32	constant	
5157,_xmlNode*,null,xml	Node*	null	
5158,_xmlSchematronRule*,null,xml	Schematron	Rule*	null	
5159,i32,1,i32	constant	
5160,_xmlSchematronTest*,null,xml	Schematron	Test*	null	
5161,_xmlSchematronPattern*,null,xml	Schematron	Pattern*	null	
5162,_xmlNode*,null,xml	Node*	null	
5163,_xmlSchematronRule*,null,xml	Schematron	Rule*	null	
5164,i32,1,i32	constant	
5165,_xmlSchematronTest*,null,xml	Schematron	Test*	null	
5166,_xmlSchematronParserCtxt*,null,xml	Schematron	Parser	Ctxt*	null	
5167,_xmlSchematronParserCtxt*,null,xml	Schematron	Parser	Ctxt*	null	
5168,_xmlSchematronValidCtxt*,null,xml	Schematron	Valid	Ctxt*	null	
5169,_xmlNode*,null,xml	Node*	null	
5170,_xmlSchematronRule*,null,xml	Schematron	Rule*	null	
5171,_xmlSchematronParserCtxt*,null,xml	Schematron	Parser	Ctxt*	null	
5172,i8*,null,i8*	null	
5173,_xmlXPathCompExpr*,null,xml	X	Path	Comp	Expr*	null	
5174,_xmlSchematronTest*,null,xml	Schematron	Test*	null	
5175,_xmlSchematronTest*,null,xml	Schematron	Test*	null	
5176,_xmlSchematronTest*,null,xml	Schematron	Test*	null	
5177,_xmlSchematronTest*,null,xml	Schematron	Test*	null	
5178,i8*,null,i8*	null	
5179,_xmlXPathCompExpr*,null,xml	X	Path	Comp	Expr*	null	
5180,i8*,null,i8*	null	
5181,_xmlNode*,null,xml	Node*	null	
5182,_xmlSchematron*,null,xml	Schematron*	null	
5183,_xmlSchematronParserCtxt*,null,xml	Schematron	Parser	Ctxt*	null	
5184,i8*,null,i8*	null	
5185,_xmlPattern*,null,xml	Pattern*	null	
5186,_xmlSchematronRule*,null,xml	Schematron	Rule*	null	
5187,_xmlSchematronRule*,null,xml	Schematron	Rule*	null	
5188,_xmlSchematronRule*,null,xml	Schematron	Rule*	null	
5189,_xmlSchematronRule*,null,xml	Schematron	Rule*	null	
5190,_xmlSchematronRule*,null,xml	Schematron	Rule*	null	
5191,_xmlSchematronRule*,null,xml	Schematron	Rule*	null	
5192,_xmlSchematronTest*,null,xml	Schematron	Test*	null	
5193,i8*,null,i8*	null	
5194,_xmlPattern*,null,xml	Pattern*	null	
5195,i8*,null,i8*	null	
5196,i8*,null,i8*	null	
5197,_xmlNode*,null,xml	Node*	null	
5198,_xmlSchematron*,null,xml	Schematron*	null	
5199,_xmlSchematronParserCtxt*,null,xml	Schematron	Parser	Ctxt*	null	
5200,_xmlSchematronPattern*,null,xml	Schematron	Pattern*	null	
5201,_xmlSchematronPattern*,null,xml	Schematron	Pattern*	null	
5202,_xmlSchematronPattern*,null,xml	Schematron	Pattern*	null	
5203,_xmlSchematronPattern*,null,xml	Schematron	Pattern*	null	
5204,i8*,null,i8*	null	
5205,_xmlSchematron*,null,xml	Schematron*	null	
5206,_xmlSchematron*,null,xml	Schematron*	null	
5207,i32,0,i32	constant	
5208,_xmlDoc*,null,xml	Doc*	null	
5209,i8**,null,i	null	
5210,i8*,null,i8*	null	
5211,_xmlSchematronParserCtxt*,null,xml	Schematron	Parser	Ctxt*	null	
5212,_xmlXPathContext*,null,xml	X	Path	Context*	null	
5213,i32,0,i32	constant	
5214,i8*,null,i8*	null	
5215,_xmlSchematronParserCtxt*,null,xml	Schematron	Parser	Ctxt*	null	
5216,_xmlXPathContext*,null,xml	X	Path	Context*	null	
5217,_xmlDoc*,null,xml	Doc*	null	
5218,_xmlSchematronParserCtxt*,null,xml	Schematron	Parser	Ctxt*	null	
5219,_xmlXPathContext*,null,xml	X	Path	Context*	null	
5220,_xmlSchematronParserCtxt*,null,xml	Schematron	Parser	Ctxt*	null	
5221,i32,0,i32	constant	
5222,_xmlDoc*,null,xml	Doc*	null	
5223,_xmlXPathContext*,null,xml	X	Path	Context*	null	
5224,i8**,null,i	null	
5225,i8**,null,i	null	
5226,i8**,null,i	null	
5227,i32,2,i32	constant	
5228,i8**,null,i	null	
5229,_xmlNode*,null,xml	Node*	null	
5230,_xmlSchematronParserCtxt*,null,xml	Schematron	Parser	Ctxt*	null	
5231,i8*,null,i8*	null	
5232,i32,0,i32	constant	
5233,_xmlSchematronRule*,null,xml	Schematron	Rule*	null	
5234,i32,0,i32	constant	
5235,i32,0,i32	constant	
5236,_xmlNs*,null,xml	Ns*	null	
5237,i32,1,i32	constant	
5238,_xmlNode*,null,xml	Node*	null	
5239,_xmlNode*,null,xml	Node*	null	
5240,i32,0,i32	constant	
5241,i32,0,i32	constant	
5242,i32,0,i32	constant	
5243,_xmlNs*,null,xml	Ns*	null	
5244,i32,1,i32	constant	
5245,_xmlNode*,null,xml	Node*	null	
5246,i8*,null,i8*	null	
5247,i32,0,i32	constant	
5248,_xmlSchematronTest*,null,xml	Schematron	Test*	null	
5249,i32,0,i32	constant	
5250,i32,0,i32	constant	
5251,i32,0,i32	constant	
5252,_xmlNs*,null,xml	Ns*	null	
5253,i32,1,i32	constant	
5254,_xmlNode*,null,xml	Node*	null	
5255,i8*,null,i8*	null	
5256,i32,0,i32	constant	
5257,_xmlSchematronTest*,null,xml	Schematron	Test*	null	
5258,i32,0,i32	constant	
5259,i32,0,i32	constant	
5260,_xmlNs*,null,xml	Ns*	null	
5261,i32,1,i32	constant	
5262,_xmlNode*,null,xml	Node*	null	
5263,i32,0,i32	constant	
5264,_xmlNode*,null,xml	Node*	null	
5265,_xmlSchematronParserCtxt*,null,xml	Schematron	Parser	Ctxt*	null	
5266,i8*,null,i8*	null	
5267,_xmlSchematronPattern*,null,xml	Schematron	Pattern*	null	
5268,i8*,null,i8*	null	
5269,i32,0,i32	constant	
5270,i32,0,i32	constant	
5271,_xmlNs*,null,xml	Ns*	null	
5272,i32,1,i32	constant	
5273,_xmlNode*,null,xml	Node*	null	
5274,_xmlNode*,null,xml	Node*	null	
5275,i32,0,i32	constant	
5276,i32,0,i32	constant	
5277,i32,0,i32	constant	
5278,_xmlNs*,null,xml	Ns*	null	
5279,i32,1,i32	constant	
5280,_xmlNode*,null,xml	Node*	null	
5281,i32,0,i32	constant	
5282,i32,0,i32	constant	
5283,_xmlNs*,null,xml	Ns*	null	
5284,i32,1,i32	constant	
5285,_xmlNode*,null,xml	Node*	null	
5286,i32,0,i32	constant	
5287,i32,2,i32	constant	
5288,i32,5,i32	constant	
5289,i32,5,i32	constant	
5290,i32,2,i32	constant	
5291,i32,5,i32	constant	
5292,i32,5,i32	constant	
5293,i32,5,i32	constant	
5294,i32,1,i32	constant	
5295,,internal global _xmlNode* null,	constant	
5296,_xmlNode*,null,xml	Node*	null	
5297,i32,2,i32	constant	
5298,i32,5,i32	constant	
5299,i32,5,i32	constant	
5300,i32,1,i32	constant	
5301,i32,2,i32	constant	
5302,i32,3,i32	constant	
5303,i32,4,i32	constant	
5304,i32,2,i32	constant	
5305,i32,5,i32	constant	
5306,i32,5,i32	constant	
5307,i32,5,i32	constant	
5308,i32,5,i32	constant	
5309,i32,2,i32	constant	
5310,i32,5,i32	constant	
5311,i32,5,i32	constant	
5312,i32,5,i32	constant	
5313,i32,5,i32	constant	
5314,i32,5,i32	constant	
5315,i32,5,i32	constant	
5316,i32,1,i32	constant	
5317,i32,2,i32	constant	
5318,i32,3,i32	constant	
5319,i32,4,i32	constant	
5320,i32,2,i32	constant	
5321,i32,5,i32	constant	
5322,i32,2,i32	constant	
5323,i32,2,i32	constant	
5324,i32,5,i32	constant	
5325,i32,5,i32	constant	
5326,i32,2,i32	constant	
5327,i32,1,i32	constant	
5328,i32,2,i32	constant	
5329,i32,3,i32	constant	
5330,i32,2,i32	constant	
5331,i32,5,i32	constant	
5332,i32,5,i32	constant	
5333,i32,5,i32	constant	
5334,i32,2,i32	constant	
5335,,internal global _xmlNode* null,	constant	
5336,_xmlNode*,null,xml	Node*	null	
5337,i32,4,i32	constant	
5338,i32,2,i32	constant	
5339,i32,2,i32	constant	
5340,i32,5,i32	constant	
5341,i32,3,i32	constant	
5342,i32,2,i32	constant	
5343,i32,1,i32	constant	
5344,i32,2,i32	constant	
5345,i32,3,i32	constant	
5346,i32,4,i32	constant	
5347,i32,2,i32	constant	
5348,i32,5,i32	constant	
5349,i32,5,i32	constant	
5350,i32,3,i32	constant	
5351,i32,2,i32	constant	
5352,_xmlAttr*,null,xml	Attr*	null	
5353,i32,2,i32	constant	
5354,i32,5,i32	constant	
5355,i32,5,i32	constant	
5356,i32,5,i32	constant	
5357,i32,3,i32	constant	
5358,i32,2,i32	constant	
5359,,internal global i32 0,	constant	
5360,i32,0,i32	constant	
5361,i32,1,i32	constant	
5362,i32,0,i32	constant	
5363,i32,2,i32	constant	
5364,i32,3,i32	constant	
5365,i32,1,i32	constant	
5366,i32,2,i32	constant	
5367,i32,3,i32	constant	
5368,i32,2,i32	constant	
5369,i32,2,i32	constant	
5370,i32,1,i32	constant	
5371,i32,1,i32	constant	
5372,i32,2,i32	constant	
5373,i32,3,i32	constant	
5374,i32,4,i32	constant	
5375,i32,2,i32	constant	
5376,i32,2,i32	constant	
5377,i32,3,i32	constant	
5378,i32,1,i32	constant	
5379,i32,2,i32	constant	
5380,i32,2,i32	constant	
5381,i32,2,i32	constant	
5382,i32,3,i32	constant	
5383,i32,4,i32	constant	
5384,i32,2,i32	constant	
5385,i32,2,i32	constant	
5386,i32,2,i32	constant	
5387,i32,3,i32	constant	
5388,i32,1,i32	constant	
5389,i32,2,i32	constant	
5390,i32,3,i32	constant	
5391,i32,2,i32	constant	
5392,i32,3,i32	constant	
5393,i32,4,i32	constant	
5394,i32,2,i32	constant	
5395,i32,3,i32	constant	
5396,i32,2,i32	constant	
5397,i32,3,i32	constant	
5398,i32,2,i32	constant	
5399,i32,3,i32	constant	
5400,i32,1,i32	constant	
5401,i32,2,i32	constant	
5402,i32,2,i32	constant	
5403,i32,3,i32	constant	
5404,i32,4,i32	constant	
5405,i32,2,i32	constant	
5406,i32,3,i32	constant	
5407,i32,2,i32	constant	
5408,i32,3,i32	constant	
5409,i32,2,i32	constant	
5410,i32,2,i32	constant	
5411,i32,1,i32	constant	
5412,i32,2,i32	constant	
5413,i32,3,i32	constant	
5414,,internal global i32 0,	constant	
5415,i32,0,i32	constant	
5416,i32,4,i32	constant	
5417,i32,0,i32	constant	
5418,i32,4,i32	constant	
5419,i32,4,i32	constant	
5420,i32,4,i32	constant	
5421,i32,4,i32	constant	
5422,i32,4,i32	constant	
5423,i32,8,i32	constant	
5424,i32,4,i32	constant	
5425,i32,8,i32	constant	
5426,i32,8,i32	constant	
5427,i32,4,i32	constant	
5428,i32,4,i32	constant	
5429,i32,4,i32	constant	
5430,i32,4,i32	constant	
5431,i32,4,i32	constant	
5432,i32,4,i32	constant	
5433,i32,4,i32	constant	
5434,i32,2,i32	constant	
5435,i32,4,i32	constant	
5436,i32,8,i32	constant	
5437,i32,4,i32	constant	
5438,i32,8,i32	constant	
5439,,internal global i32 0,	constant	
5440,i32,0,i32	constant	
5441,i32,0,i32	constant	
5442,i32,1,i32	constant	
5443,i32,1,i32	constant	
5444,i32,1,i32	constant	
5445,i32,6,i32	constant	
5446,i32,6,i32	constant	
5447,i32,1,i32	constant	
5448,i32,1,i32	constant	
5449,i32,8,i32	constant	
5450,i32,1,i32	constant	
5451,i32,8,i32	constant	
5452,i32,1,i32	constant	
5453,i32,1,i32	constant	
5454,i32,1,i32	constant	
5455,i32,2,i32	constant	
5456,i32,4,i32	constant	
5457,i32,1,i32	constant	
5458,i32,2,i32	constant	
5459,i32,6,i32	constant	
5460,i32,8,i32	constant	
5461,,internal global i32 0,	constant	
5462,i32,0,i32	constant	
5463,i32,0,i32	constant	
5464,i32,3,i32	constant	
5465,i32,1,i32	constant	
5466,i32,3,i32	constant	
5467,i32,5,i32	constant	
5468,i32,2,i32	constant	
5469,i32,3,i32	constant	
5470,i32,4,i32	constant	
5471,i32,4,i32	constant	
5472,i32,6,i32	constant	
5473,i32,3,i32	constant	
5474,i32,5,i32	constant	
5475,i32,8,i32	constant	
5476,i32,4,i32	constant	
5477,i32,5,i32	constant	
5478,i32,3,i32	constant	
5479,i32,8,i32	constant	
5480,i32,4,i32	constant	
5481,i32,5,i32	constant	
5482,i32,3,i32	constant	
5483,i32,4,i32	constant	
5484,i32,4,i32	constant	
5485,i32,8,i32	constant	
5486,i32,4,i32	constant	
5487,i32,5,i32	constant	
5488,i32,3,i32	constant	
5489,i32,3,i32	constant	
5490,i32,4,i32	constant	
5491,i32,4,i32	constant	
5492,i32,8,i32	constant	
5493,i32,4,i32	constant	
5494,i32,3,i32	constant	
5495,i32,5,i32	constant	
5496,i32,3,i32	constant	
5497,i32,4,i32	constant	
5498,i32,2,i32	constant	
5499,i32,1,i32	constant	
5500,i32,2,i32	constant	
5501,i32,1,i32	constant	
5502,i32,2,i32	constant	
5503,i32,2,i32	constant	
5504,i32,1,i32	constant	
5505,i32,4,i32	constant	
5506,i32,2,i32	constant	
5507,i32,8,i32	constant	
5508,i32,4,i32	constant	
5509,i32,1,i32	constant	
5510,i32,3,i32	constant	
5511,i32,4,i32	constant	
5512,i32,4,i32	constant	
5513,i32,8,i32	constant	
5514,i32,4,i32	constant	
5515,i32,3,i32	constant	
5516,i32,3,i32	constant	
5517,i32,8,i32	constant	
5518,i32,4,i32	constant	
5519,_xmlParserInput*,null,xml	Parser	Input*	null	
5520,i32,4,i32	constant	
5521,i32,2,i32	constant	
5522,i32,3,i32	constant	
5523,i32,4,i32	constant	
5524,i32,5,i32	constant	
5525,i32,1,i32	constant	
5526,_xmlSAXHandler*,bitcast (%struct._xmlSAXHandlerV1* @xmlDefaultSAXHandler to %struct._xmlSAXHandler*),xml	S	A	X	Handler*	bitcast	struct	xml	S	A	X	Handler	V1* @xml	Default	S	A	X	Handler to %struct.	xml	S	A	X	Handler*)	
5527,i32,4,i32	constant	
5528,i32,2,i32	constant	
5529,i32,3,i32	constant	
5530,i32,4,i32	constant	
5531,i32,5,i32	constant	
5532,i32,1,i32	constant	
5533,i32,4,i32	constant	
5534,_xmlSAXHandler*,bitcast (%struct._xmlSAXHandlerV1* @xmlDefaultSAXHandler to %struct._xmlSAXHandler*),xml	S	A	X	Handler*	bitcast	struct	xml	S	A	X	Handler	V1* @xml	Default	S	A	X	Handler to %struct.	xml	S	A	X	Handler*)	
5535,i32,3,i32	constant	
5536,i32,4,i32	constant	
5537,i32,4,i32	constant	
5538,i32,4,i32	constant	
5539,_xmlParserCtxt*,null,xml	Parser	Ctxt*	null	
5540,i32,1,i32	constant	
5541,i32,5,i32	constant	
5542,i32,3,i32	constant	
5543,i32,5,i32	constant	
5544,i32,4,i32	constant	
5545,i32,5,i32	constant	
5546,i32,1,i32	constant	
5547,i32,5,i32	constant	
5548,i32,5,i32	constant	
5549,i32,5,i32	constant	
5550,i32,3,i32	constant	
5551,_xmlParserCtxt*,null,xml	Parser	Ctxt*	null	
5552,i32,8,i32	constant	
5553,i32,3,i32	constant	
5554,_xmlParserCtxt*,null,xml	Parser	Ctxt*	null	
5555,i32,4,i32	constant	
5556,i32,2,i32	constant	
5557,i32,3,i32	constant	
5558,i32,4,i32	constant	
5559,i32,5,i32	constant	
5560,i32,5,i32	constant	
5561,i32,1,i32	constant	
5562,i32,8,i32	constant	
5563,i32,3,i32	constant	
5564,i32,4,i32	constant	
5565,i32,4,i32	constant	
5566,i32,5,i32	constant	
5567,i32,1,i32	constant	
5568,i32,4,i32	constant	
5569,i32,4,i32	constant	
5570,i32,3,i32	constant	
5571,i32,1,i32	constant	
5572,i32,1,i32	constant	
5573,i32,1,i32	constant	
5574,i32,2,i32	constant	
5575,i32,1,i32	constant	
5576,i32,1,i32	constant	
5577,i32,3,i32	constant	
5578,i32,5,i32	constant	
5579,i32,1,i32	constant	
5580,i32,1,i32	constant	
5581,i32,4,i32	constant	
5582,i32,1,i32	constant	
5583,i32,4,i32	constant	
5584,i32,0,i32	constant	
5585,i32,4,i32	constant	
5586,i32,5,i32	constant	
5587,i32,8,i32	constant	
5588,i32,4,i32	constant	
5589,i32,5,i32	constant	
5590,i32,8,i32	constant	
5591,i32,4,i32	constant	
5592,i32,5,i32	constant	
5593,i32,4,i32	constant	
5594,i32,4,i32	constant	
5595,i32,8,i32	constant	
5596,i32,4,i32	constant	
5597,i32,5,i32	constant	
5598,i32,3,i32	constant	
5599,i32,5,i32	constant	
5600,i32,8,i32	constant	
5601,i32,4,i32	constant	
5602,i32,4,i32	constant	
5603,i32,2,i32	constant	
5604,i32,5,i32	constant	
5605,i32,5,i32	constant	
5606,i32,4,i32	constant	
5607,i32,4,i32	constant	
5608,i32,2,i32	constant	
5609,i32,5,i32	constant	
5610,i32,4,i32	constant	
5611,i32,2,i32	constant	
5612,i32,8,i32	constant	
5613,i32,2,i32	constant	
5614,i32,8,i32	constant	
5615,i32,4,i32	constant	
5616,i32,2,i32	constant	
5617,i32,8,i32	constant	
5618,i32,4,i32	constant	
5619,i32,3,i32	constant	
5620,i32,2,i32	constant	
5621,i32,4,i32	constant	
5622,i32,4,i32	constant	
5623,i32,4,i32	constant	
5624,i32,2,i32	constant	
5625,i32,4,i32	constant	
5626,i32,4,i32	constant	
5627,i32,4,i32	constant	
5628,i32,3,i32	constant	
5629,i32,2,i32	constant	
5630,i32,3,i32	constant	
5631,i32,8,i32	constant	
5632,_xmlSAXHandler*,bitcast (%struct._xmlSAXHandlerV1* @xmlDefaultSAXHandler to %struct._xmlSAXHandler*),xml	S	A	X	Handler*	bitcast	struct	xml	S	A	X	Handler	V1* @xml	Default	S	A	X	Handler to %struct.	xml	S	A	X	Handler*)	
5633,i32,2,i32	constant	
5634,i32,3,i32	constant	
5635,i32,4,i32	constant	
5636,i32,4,i32	constant	
5637,_xmlSAXHandler*,bitcast (%struct._xmlSAXHandlerV1* @xmlDefaultSAXHandler to %struct._xmlSAXHandler*),xml	S	A	X	Handler*	bitcast	struct	xml	S	A	X	Handler	V1* @xml	Default	S	A	X	Handler to %struct.	xml	S	A	X	Handler*)	
5638,i32,3,i32	constant	
5639,i32,4,i32	constant	
5640,i32,2,i32	constant	
5641,i32,3,i32	constant	
5642,i32,5,i32	constant	
5643,i32,8,i32	constant	
5644,i32,3,i32	constant	
5645,i32,4,i32	constant	
5646,i32,1,i32	constant	
5647,i32,3,i32	constant	
5648,i32,4,i32	constant	
5649,,internal global i32 0,	constant	
5650,i32,0,i32	constant	
5651,i32,4,i32	constant	
5652,i32,6,i32	constant	
5653,i32,4,i32	constant	
5654,i32,0,i32	constant	
5655,i32,6,i32	constant	
5656,i32,4,i32	constant	
5657,i32,3,i32	constant	
5658,i32,3,i32	constant	
5659,i32,1,i32	constant	
5660,i32,3,i32	constant	
5661,i32,3,i32	constant	
5662,i32,5,i32	constant	
5663,i32,3,i32	constant	
5664,i32,3,i32	constant	
5665,i32,3,i32	constant	
5666,i32,5,i32	constant	
5667,i32,4,i32	constant	
5668,i32,2,i32	constant	
5669,i32,4,i32	constant	
5670,i32,2,i32	constant	
5671,i32,4,i32	constant	
5672,i32,5,i32	constant	
5673,i32,5,i32	constant	
5674,i32,5,i32	constant	
5675,i32,0,i32	constant	
5676,i32,0,i32	constant	
5677,i32,6,i32	constant	
5678,i32,4,i32	constant	
5679,i32,4,i32	constant	
5680,i32,6,i32	constant	
5681,i32,4,i32	constant	
5682,i32,3,i32	constant	
5683,i32,2,i32	constant	
5684,i32,3,i32	constant	
5685,i32,5,i32	constant	
5686,i32,8,i32	constant	
5687,i32,3,i32	constant	
5688,i32,4,i32	constant	
5689,i32,4,i32	constant	
5690,i32,4,i32	constant	
5691,i32,4,i32	constant	
5692,i32,3,i32	constant	
5693,i32,1,i32	constant	
5694,i32,3,i32	constant	
5695,i32,8,i32	constant	
5696,i32,3,i32	constant	
5697,i32,3,i32	constant	
5698,i32,5,i32	constant	
5699,i32,3,i32	constant	
5700,i32,1,i32	constant	
5701,i32,3,i32	constant	
5702,i32,3,i32	constant	
5703,i32,1,i32	constant	
5704,i32,0,i32	constant	
5705,i32,3,i32	constant	
5706,i32,5,i32	constant	
5707,i32,1,i32	constant	
5708,i32,3,i32	constant	
5709,i32,5,i32	constant	
5710,i32,2,i32	constant	
5711,i32,3,i32	constant	
5712,i32,5,i32	constant	
5713,i32,4,i32	constant	
5714,i32,4,i32	constant	
5715,i32,4,i32	constant	
5716,i32,4,i32	constant	
5717,i32,3,i32	constant	
5718,i32,5,i32	constant	
5719,i32,4,i32	constant	
5720,i32,4,i32	constant	
5721,i32,4,i32	constant	
5722,i32,4,i32	constant	
5723,i32,4,i32	constant	
5724,i32,3,i32	constant	
5725,i32,8,i32	constant	
5726,i32,4,i32	constant	
5727,i32,3,i32	constant	
5728,i32,4,i32	constant	
5729,i32,4,i32	constant	
5730,i32,3,i32	constant	
5731,i32,1,i32	constant	
5732,i32,1,i32	constant	
5733,i32,3,i32	constant	
5734,i32,1,i32	constant	
5735,,internal global i32 0,	constant	
5736,i32,0,i32	constant	
5737,i32,0,i32	constant	
5738,i32,1,i32	constant	
5739,i32,1,i32	constant	
5740,i32,3,i32	constant	
5741,i32,1,i32	constant	
5742,i32,1,i32	constant	
5743,i32,1,i32	constant	
5744,i32,1,i32	constant	
5745,i32,1,i32	constant	
5746,i32,5,i32	constant	
5747,i32,5,i32	constant	
5748,i32,3,i32	constant	
5749,i32,1,i32	constant	
5750,i32,5,i32	constant	
5751,i32,5,i32	constant	
5752,i32,4,i32	constant	
5753,i32,4,i32	constant	
5754,i32,8,i32	constant	
5755,i32,4,i32	constant	
5756,i32,4,i32	constant	
5757,i32,1,i32	constant	
5758,i32,5,i32	constant	
5759,i32,5,i32	constant	
5760,i32,4,i32	constant	
5761,i32,1,i32	constant	
5762,,internal global i32 0,	constant	
5763,i32,0,i32	constant	
5764,i32,0,i32	constant	
5765,i32,2,i32	constant	
5766,i32,1,i32	constant	
5767,i32,2,i32	constant	
5768,i32,1,i32	constant	
5769,i32,1,i32	constant	
5770,i32,1,i32	constant	
5771,i32,1,i32	constant	
5772,i32,1,i32	constant	
5773,i32,1,i32	constant	
5774,i32,1,i32	constant	
5775,i32,1,i32	constant	
5776,i32,1,i32	constant	
5777,i32,4,i32	constant	
5778,i32,4,i32	constant	
5779,i32,4,i32	constant	
5780,i32,4,i32	constant	
5781,i32,3,i32	constant	
5782,i32,1,i32	constant	
5783,i32,4,i32	constant	
5784,i32,1,i32	constant	
5785,i32,4,i32	constant	
5786,i32,3,i32	constant	
5787,i32,1,i32	constant	
5788,i32,4,i32	constant	
5789,i32,3,i32	constant	
5790,i32,1,i32	constant	
5791,i32,5,i32	constant	
5792,i32,4,i32	constant	
5793,i32,1,i32	constant	
5794,i32,4,i32	constant	
5795,i32,3,i32	constant	
5796,i32,1,i32	constant	
5797,i32,4,i32	constant	
5798,,internal global i32 0,	constant	
5799,i32,0,i32	constant	
5800,i32,0,i32	constant	
5801,,internal global i32 0,	constant	
5802,i32,0,i32	constant	
5803,i32,0,i32	constant	
5804,i32,3,i32	constant	
5805,i32,4,i32	constant	
5806,i32,1,i32	constant	
5807,i32,4,i32	constant	
5808,,internal global i32 0,	constant	
5809,i32,0,i32	constant	
5810,i32,0,i32	constant	
5811,i32,3,i32	constant	
5812,i32,3,i32	constant	
5813,_xmlNode*,null,xml	Node*	null	
5814,i32,3,i32	constant	
5815,i32,3,i32	constant	
5816,_xmlNode*,null,xml	Node*	null	
5817,i32,3,i32	constant	
5818,i32,3,i32	constant	
5819,_xmlNode*,null,xml	Node*	null	
5820,i32,3,i32	constant	
5821,i32,3,i32	constant	
5822,_xmlNode*,null,xml	Node*	null	
5823,i32,3,i32	constant	
5824,i32,3,i32	constant	
5825,_xmlNode*,null,xml	Node*	null	
5826,i32,3,i32	constant	
5827,i32,4,i32	constant	
5828,i32,2,i32	constant	
5829,i32,5,i32	constant	
5830,i32,1,i32	constant	
5831,i32,1,i32	constant	
5832,i32,5,i32	constant	
5833,i32,1,i32	constant	
5834,i32,1,i32	constant	
5835,i32,1,i32	constant	
5836,i32,3,i32	constant	
5837,i32,5,i32	constant	
5838,i32,4,i32	constant	
5839,i32,3,i32	constant	
5840,i32,5,i32	constant	
5841,i32,4,i32	constant	
5842,i32,3,i32	constant	
5843,i32,4,i32	constant	
5844,i32,3,i32	constant	
5845,i32,5,i32	constant	
5846,i32,1,i32	constant	
5847,i32,3,i32	constant	
5848,i32,1,i32	constant	
5849,i32,3,i32	constant	
5850,i32,1,i32	constant	
5851,i32,3,i32	constant	
5852,i32,3,i32	constant	
5853,i32,1,i32	constant	
5854,i32,3,i32	constant	
5855,i32,3,i32	constant	
5856,i32,3,i32	constant	
5857,i32,4,i32	constant	
5858,,internal global i8* getelementptr inbounds ([16 x i8],	constant	
5859,i8*,null,i8*	null	
5860,i32,2,i32	constant	
5861,_xmlBuffer*,null,xml	Buffer*	null	
5862,i32,3,i32	constant	
5863,i32,3,i32	constant	
5864,i32,3,i32	constant	
5865,i32,5,i32	constant	
5866,i32,3,i32	constant	
5867,i32,4,i32	constant	
5868,i32,3,i32	constant	
5869,i32,5,i32	constant	
5870,i32,5,i32	constant	
5871,i32,5,i32	constant	
5872,i32,2,i32	constant	
5873,i32,4,i32	constant	
5874,i8*,null,i8*	null	
5875,i32,3,i32	constant	
5876,i32,4,i32	constant	
5877,i32,4,i32	constant	
5878,i32,1,i32	constant	
5879,i32,3,i32	constant	
5880,i32,2,i32	constant	
5881,i32,1,i32	constant	
5882,i32,2,i32	constant	
5883,i32,2,i32	constant	
5884,_xmlNs*,null,xml	Ns*	null	
5885,i32,4,i32	constant	
5886,i32,2,i32	constant	
5887,_xmlNs*,null,xml	Ns*	null	
5888,i32,3,i32	constant	
5889,i32,4,i32	constant	
5890,i32,3,i32	constant	
5891,i32,3,i32	constant	
5892,i32,2,i32	constant	
5893,i32,3,i32	constant	
5894,i32,2,i32	constant	
5895,i32,4,i32	constant	
5896,i32,5,i32	constant	
5897,i32,5,i32	constant	
5898,i32,5,i32	constant	
5899,i32,1,i32	constant	
5900,i32,4,i32	constant	
5901,i32,3,i32	constant	
5902,i32,4,i32	constant	
5903,i32,3,i32	constant	
5904,i32,4,i32	constant	
5905,_xmlNode*,null,xml	Node*	null	
5906,_xmlNode*,null,xml	Node*	null	
5907,i32,1,i32	constant	
5908,i32,4,i32	constant	
5909,i32,3,i32	constant	
5910,i32,1,i32	constant	
5911,i32,4,i32	constant	
5912,i32,3,i32	constant	
5913,i32,4,i32	constant	
5914,i32,4,i32	constant	
5915,i32,1,i32	constant	
5916,i32,3,i32	constant	
5917,i32,4,i32	constant	
5918,i32,1,i32	constant	
5919,i32,4,i32	constant	
5920,i32,3,i32	constant	
5921,i32,4,i32	constant	
5922,i32,5,i32	constant	
5923,i32,3,i32	constant	
5924,i32,4,i32	constant	
5925,i32,4,i32	constant	
5926,i32,4,i32	constant	
5927,i32,3,i32	constant	
5928,i32,2,i32	constant	
5929,i32,4,i32	constant	
5930,i32,4,i32	constant	
5931,i32,1,i32	constant	
5932,i32,2,i32	constant	
5933,i32,4,i32	constant	
5934,i32,4,i32	constant	
5935,i32,1,i32	constant	
5936,i32,2,i32	constant	
5937,i32,4,i32	constant	
5938,i32,4,i32	constant	
5939,i32,4,i32	constant	
5940,i32,1,i32	constant	
5941,i32,2,i32	constant	
5942,i32,4,i32	constant	
5943,i32,1,i32	constant	
5944,i32,2,i32	constant	
5945,i32,4,i32	constant	
5946,i32,3,i32	constant	
5947,i32,2,i32	constant	
5948,i32,4,i32	constant	
5949,i32,4,i32	constant	
5950,i32,1,i32	constant	
5951,i32,4,i32	constant	
5952,i32,3,i32	constant	
5953,_xmlDoc*,null,xml	Doc*	null	
5954,i32,2,i32	constant	
5955,i32,4,i32	constant	
5956,i32,3,i32	constant	
5957,i32,3,i32	constant	
5958,i32,1,i32	constant	
5959,i32,1,i32	constant	
5960,i32,4,i32	constant	
5961,i32,1,i32	constant	
5962,i32,1,i32	constant	
5963,i32,1,i32	constant	
5964,i32,5,i32	constant	
5965,i32,1,i32	constant	
5966,i32,1,i32	constant	
5967,i32,5,i32	constant	
5968,i32,5,i32	constant	
5969,i32,1,i32	constant	
5970,i32,5,i32	constant	
5971,i32,1,i32	constant	
5972,i32,5,i32	constant	
5973,i32,5,i32	constant	
5974,i32,1,i32	constant	
5975,i32,5,i32	constant	
5976,i32,1,i32	constant	
5977,i32,5,i32	constant	
5978,i32,5,i32	constant	
5979,i32,3,i32	constant	
5980,i32,1,i32	constant	
5981,i32,3,i32	constant	
5982,i32,4,i32	constant	
5983,i32,5,i32	constant	
5984,i32,4,i32	constant	
5985,i32,4,i32	constant	
5986,i32,5,i32	constant	
5987,i32,3,i32	constant	
5988,i32,2,i32	constant	
5989,i32,5,i32	constant	
5990,i32,5,i32	constant	
5991,i32,5,i32	constant	
5992,i32,5,i32	constant	
5993,i32,4,i32	constant	
5994,i32,5,i32	constant	
5995,i32,4,i32	constant	
5996,i32,4,i32	constant	
5997,i32,2,i32	constant	
5998,i32,5,i32	constant	
5999,i32,5,i32	constant	
6000,i32,5,i32	constant	
6001,i32,4,i32	constant	
6002,i32,2,i32	constant	
6003,i32,2,i32	constant	
6004,i32,5,i32	constant	
6005,i32,4,i32	constant	
6006,i32,5,i32	constant	
6007,i32,5,i32	constant	
6008,i32,4,i32	constant	
6009,i32,5,i32	constant	
6010,i32,5,i32	constant	
6011,i32,4,i32	constant	
6012,i32,2,i32	constant	
6013,i32,5,i32	constant	
6014,i32,5,i32	constant	
6015,i32,1,i32	constant	
6016,i32,5,i32	constant	
6017,i32,4,i32	constant	
6018,i32,5,i32	constant	
6019,i32,4,i32	constant	
6020,i32,4,i32	constant	
6021,i32,5,i32	constant	
6022,i32,5,i32	constant	
6023,i32,5,i32	constant	
6024,i32,2,i32	constant	
6025,i32,5,i32	constant	
6026,i32,2,i32	constant	
6027,i32,2,i32	constant	
6028,i32,3,i32	constant	
6029,i32,5,i32	constant	
6030,i32,5,i32	constant	
6031,_xmlNs*,null,xml	Ns*	null	
6032,_xmlNode*,null,xml	Node*	null	
6033,i32,3,i32	constant	
6034,i32,2,i32	constant	
6035,i32,5,i32	constant	
6036,i32,5,i32	constant	
6037,i32,3,i32	constant	
6038,i32,2,i32	constant	
6039,i32,2,i32	constant	
6040,i32,5,i32	constant	
6041,i32,5,i32	constant	
6042,i32,5,i32	constant	
6043,i32,3,i32	constant	
6044,i32,5,i32	constant	
6045,i32,5,i32	constant	
6046,i32,1,i32	constant	
6047,i32,4,i32	constant	
6048,i32,1,i32	constant	
6049,i32,5,i32	constant	
6050,i32,5,i32	constant	
6051,i32,3,i32	constant	
6052,i32,2,i32	constant	
6053,i32,5,i32	constant	
6054,i32,5,i32	constant	
6055,i32,5,i32	constant	
6056,i32,4,i32	constant	
6057,i32,3,i32	constant	
6058,i32,3,i32	constant	
6059,i32,5,i32	constant	
6060,i32,3,i32	constant	
6061,i32,5,i32	constant	
6062,i32,4,i32	constant	
6063,i32,3,i32	constant	
6064,i32,1,i32	constant	
6065,i32,3,i32	constant	
6066,i32,4,i32	constant	
6067,i32,3,i32	constant	
6068,i32,4,i32	constant	
6069,i32,4,i32	constant	
6070,i32,3,i32	constant	
6071,i32,2,i32	constant	
6072,i32,4,i32	constant	
6073,i32,3,i32	constant	
6074,i32,4,i32	constant	
6075,i32,4,i32	constant	
6076,i32,4,i32	constant	
6077,i32,1,i32	constant	
6078,i32,1,i32	constant	
6079,i32,1,i32	constant	
6080,i32,1,i32	constant	
6081,i32,1,i32	constant	
6082,i32,1,i32	constant	
6083,i32,1,i32	constant	
6084,i32,1,i32	constant	
6085,i32,4,i32	constant	
6086,i32,4,i32	constant	
6087,i32,1,i32	constant	
6088,i32,4,i32	constant	
6089,i32,3,i32	constant	
6090,i32,5,i32	constant	
6091,i32,3,i32	constant	
6092,i32,5,i32	constant	
6093,i32,3,i32	constant	
6094,i32,4,i32	constant	
6095,i32,4,i32	constant	
6096,i32,4,i32	constant	
6097,i32,3,i32	constant	
6098,i32,5,i32	constant	
6099,i32,4,i32	constant	
6100,i32,3,i32	constant	
6101,i32,5,i32	constant	
6102,_xmlParserCtxt*,null,xml	Parser	Ctxt*	null	
6103,i32,3,i32	constant	
6104,i32,5,i32	constant	
6105,i32,3,i32	constant	
6106,i32,4,i32	constant	
6107,i32,3,i32	constant	
6108,i32,4,i32	constant	
6109,i32,3,i32	constant	
6110,i32,2,i32	constant	
6111,i32,3,i32	constant	
6112,i32,3,i32	constant	
6113,_xmlNode*,null,xml	Node*	null	
6114,_xmlNode*,null,xml	Node*	null	
6115,i32,6,i32	constant	
6116,i32,4,i32	constant	
6117,i32,6,i32	constant	
6118,i32,4,i32	constant	
6119,i32,4,i32	constant	
6120,i32,2,i32	constant	
6121,i32,4,i32	constant	
6122,i32,4,i32	constant	
6123,i32,6,i32	constant	
6124,i32,4,i32	constant	
6125,i32,4,i32	constant	
6126,i32,2,i32	constant	
6127,i32,4,i32	constant	
6128,i32,6,i32	constant	
6129,i32,4,i32	constant	
6130,i32,4,i32	constant	
6131,i32,4,i32	constant	
6132,i32,2,i32	constant	
6133,i32,4,i32	constant	
6134,i32,4,i32	constant	
6135,i32,4,i32	constant	
6136,i32,4,i32	constant	
6137,i32,3,i32	constant	
6138,i32,5,i32	constant	
6139,i32,4,i32	constant	
6140,i32,3,i32	constant	
6141,i32,5,i32	constant	
6142,i32,4,i32	constant	
6143,i32,4,i32	constant	
6144,i32,4,i32	constant	
6145,i32,4,i32	constant	
6146,i32,3,i32	constant	
6147,i32,2,i32	constant	
6148,i32,0,i32	constant	
6149,i32,3,i32	constant	
6150,i32,2,i32	constant	
6151,i32,5,i32	constant	
6152,i32,5,i32	constant	
6153,i32,3,i32	constant	
6154,i32,3,i32	constant	
6155,i32,5,i32	constant	
6156,i32,5,i32	constant	
6157,_xmlParserCtxt*,null,xml	Parser	Ctxt*	null	
6158,i32,1,i32	constant	
6159,i32,5,i32	constant	
6160,i32,1,i32	constant	
6161,i32,5,i32	constant	
6162,i32,2,i32	constant	
6163,i32,1,i32	constant	
6164,i32,5,i32	constant	
6165,i32,1,i32	constant	
6166,i32,5,i32	constant	
6167,i32,4,i32	constant	
6168,i32,3,i32	constant	
6169,i32,5,i32	constant	
6170,i32,4,i32	constant	
6171,i32,3,i32	constant	
6172,i32,3,i32	constant	
6173,i32,3,i32	constant	
6174,_xmlNode*,null,xml	Node*	null	
6175,i32,3,i32	constant	
6176,i32,2,i32	constant	
6177,i32,5,i32	constant	
6178,i32,3,i32	constant	
6179,i32,3,i32	constant	
6180,i32,5,i32	constant	
6181,i32,5,i32	constant	
6182,i32,4,i32	constant	
6183,i32,5,i32	constant	
6184,i32,4,i32	constant	
6185,i32,5,i32	constant	
6186,i32,4,i32	constant	
6187,i32,5,i32	constant	
6188,i32,4,i32	constant	
6189,,internal global i32 0,	constant	
6190,i32,0,i32	constant	
6191,i32,3,i32	constant	
6192,i32,1,i32	constant	
6193,i32,0,i32	constant	
6194,i32,5,i32	constant	
6195,i32,5,i32	constant	
6196,i32,5,i32	constant	
6197,i32,5,i32	constant	
6198,i32,5,i32	constant	
6199,i32,1,i32	constant	
6200,i32,1,i32	constant	
6201,i32,4,i32	constant	
6202,i32,5,i32	constant	
6203,i32,2,i32	constant	
6204,i32,1,i32	constant	
6205,i32,1,i32	constant	
6206,i32,5,i32	constant	
6207,i32,0,i32	constant	
6208,i32,8,i32	constant	
6209,i32,5,i32	constant	
6210,i32,5,i32	constant	
6211,i32,4,i32	constant	
6212,,internal global i32 0,	constant	
6213,i32,0,i32	constant	
6214,i32,0,i32	constant	
6215,i32,1,i32	constant	
6216,i32,2,i32	constant	
6217,i32,3,i32	constant	
6218,i32,5,i32	constant	
6219,i32,5,i32	constant	
6220,i32,5,i32	constant	
6221,i32,4,i32	constant	
6222,i32,4,i32	constant	
6223,i32,5,i32	constant	
6224,i32,1,i32	constant	
6225,i32,2,i32	constant	
6226,i32,3,i32	constant	
6227,i32,5,i32	constant	
6228,i32,4,i32	constant	
6229,i32,1,i32	constant	
6230,i32,2,i32	constant	
6231,i32,4,i32	constant	
6232,i32,1,i32	constant	
6233,i32,3,i32	constant	
6234,i32,1,i32	constant	
6235,i32,5,i32	constant	
6236,i32,8,i32	constant	
6237,i32,4,i32	constant	
6238,i32,4,i32	constant	
6239,i32,3,i32	constant	
6240,i32,1,i32	constant	
6241,i32,3,i32	constant	
6242,i32,1,i32	constant	
6243,i32,3,i32	constant	
6244,i32,1,i32	constant	
6245,i32,3,i32	constant	
6246,i32,1,i32	constant	
6247,i32,3,i32	constant	
6248,i32,1,i32	constant	
6249,i32,3,i32	constant	
6250,i32,1,i32	constant	
6251,i32,3,i32	constant	
6252,i32,5,i32	constant	
6253,i32,5,i32	constant	
6254,i32,3,i32	constant	
6255,i32,5,i32	constant	
6256,i32,3,i32	constant	
6257,i32,5,i32	constant	
6258,i32,5,i32	constant	
6259,i32,5,i32	constant	
6260,i32,3,i32	constant	
6261,i32,5,i32	constant	
6262,i32,5,i32	constant	
6263,i32,4,i32	constant	
6264,i32,5,i32	constant	
6265,i32,8,i32	constant	
6266,i32,4,i32	constant	
6267,i32,3,i32	constant	
6268,i32,2,i32	constant	
6269,i32,4,i32	constant	
6270,i32,4,i32	constant	
6271,i32,4,i32	constant	
6272,i32,5,i32	constant	
6273,i32,4,i32	constant	
6274,i32,3,i32	constant	
6275,i32,2,i32	constant	
6276,i32,4,i32	constant	
6277,i32,5,i32	constant	
6278,i32,4,i32	constant	
6279,i32,5,i32	constant	
6280,i32,4,i32	constant	
6281,i32,4,i32	constant	
6282,i32,2,i32	constant	
6283,i32,4,i32	constant	
6284,i32,2,i32	constant	
6285,i32,1,i32	constant	
6286,i32,4,i32	constant	
6287,i32,1,i32	constant	
6288,i32,4,i32	constant	
6289,i32,1,i32	constant	
6290,i32,1,i32	constant	
6291,i32,4,i32	constant	
6292,i32,0,i32	constant	
6293,i32,2,i32	constant	
6294,i32,1,i32	constant	
6295,i32,2,i32	constant	
6296,i32,4,i32	constant	
6297,i32,3,i32	constant	
6298,i32,5,i32	constant	
6299,i32,5,i32	constant	
6300,i32,1,i32	constant	
6301,i32,4,i32	constant	
6302,i32,1,i32	constant	
6303,i32,1,i32	constant	
6304,i32,2,i32	constant	
6305,i32,4,i32	constant	
6306,i32,4,i32	constant	
6307,i32,8,i32	constant	
6308,i32,4,i32	constant	
6309,i32,4,i32	constant	
6310,i32,3,i32	constant	
6311,i32,3,i32	constant	
6312,i32,1,i32	constant	
6313,i32,4,i32	constant	
6314,i32,2,i32	constant	
6315,i32,4,i32	constant	
6316,i32,3,i32	constant	
6317,i32,5,i32	constant	
6318,i32,5,i32	constant	
6319,i32,2,i32	constant	
6320,i32,3,i32	constant	
6321,i32,4,i32	constant	
6322,i32,1,i32	constant	
6323,i32,4,i32	constant	
6324,i32,5,i32	constant	
6325,i32,2,i32	constant	
6326,i32,4,i32	constant	
6327,i32,2,i32	constant	
6328,i32,4,i32	constant	
6329,i32,2,i32	constant	
6330,i32,4,i32	constant	
6331,i32,3,i32	constant	
6332,i32,2,i32	constant	
6333,i32,4,i32	constant	
6334,i32,2,i32	constant	
6335,i32,4,i32	constant	
6336,i32,3,i32	constant	
6337,i32,2,i32	constant	
6338,i32,4,i32	constant	
6339,i32,1,i32	constant	
6340,i32,5,i32	constant	
6341,i32,5,i32	constant	
6342,i32,5,i32	constant	
6343,i32,2,i32	constant	
6344,i32,4,i32	constant	
6345,i32,1,i32	constant	
6346,i32,5,i32	constant	
6347,i32,3,i32	constant	
6348,i32,2,i32	constant	
6349,i32,4,i32	constant	
6350,i32,1,i32	constant	
6351,i32,2,i32	constant	
6352,i32,4,i32	constant	
6353,i32,5,i32	constant	
6354,i32,2,i32	constant	
6355,i32,4,i32	constant	
6356,i32,3,i32	constant	
6357,i32,2,i32	constant	
6358,i32,5,i32	constant	
6359,i32,2,i32	constant	
6360,i32,4,i32	constant	
6361,i32,3,i32	constant	
6362,i32,2,i32	constant	
6363,i32,4,i32	constant	
6364,i32,3,i32	constant	
6365,i32,5,i32	constant	
6366,i32,2,i32	constant	
6367,i32,5,i32	constant	
6368,i32,2,i32	constant	
6369,i32,4,i32	constant	
6370,i32,3,i32	constant	
6371,i32,5,i32	constant	
6372,i32,2,i32	constant	
6373,i32,5,i32	constant	
6374,i32,4,i32	constant	
6375,i32,2,i32	constant	
6376,i32,4,i32	constant	
6377,i32,3,i32	constant	
6378,i32,5,i32	constant	
6379,i32,2,i32	constant	
6380,i32,4,i32	constant	
6381,,internal global i32 0,	constant	
6382,i32,0,i32	constant	
6383,i32,8,i32	constant	
6384,i32,4,i32	constant	
6385,i32,1,i32	constant	
6386,i32,3,i32	constant	
6387,i32,0,i32	constant	
6388,i32,4,i32	constant	
6389,i32,4,i32	constant	
6390,i32,4,i32	constant	
6391,i32,4,i32	constant	
6392,i32,4,i32	constant	
6393,i32,3,i32	constant	
6394,i32,1,i32	constant	
6395,i32,3,i32	constant	
6396,i32,3,i32	constant	
6397,i32,3,i32	constant	
6398,i32,4,i32	constant	
6399,i32,3,i32	constant	
6400,i32,4,i32	constant	
6401,i32,3,i32	constant	
6402,i32,1,i32	constant	
6403,i32,4,i32	constant	
6404,,internal global i32 0,	constant	
6405,i32,0,i32	constant	
6406,i32,0,i32	constant	
6407,i32,1,i32	constant	
6408,i32,4,i32	constant	
6409,i32,4,i32	constant	
6410,i32,3,i32	constant	
6411,i32,1,i32	constant	
6412,,internal global i32 0,	constant	
6413,i32,0,i32	constant	
6414,i32,2,i32	constant	
6415,i32,8,i32	constant	
6416,i32,8,i32	constant	
6417,i32,2,i32	constant	
6418,i32,1,i32	constant	
6419,i32,4,i32	constant	
6420,i32,2,i32	constant	
6421,i32,8,i32	constant	
6422,i32,8,i32	constant	
6423,i32,2,i32	constant	
6424,i32,1,i32	constant	
6425,i32,4,i32	constant	
6426,i32,0,i32	constant	
6427,i32,2,i32	constant	
6428,i32,8,i32	constant	
6429,i32,8,i32	constant	
6430,i32,2,i32	constant	
6431,i32,1,i32	constant	
6432,i32,4,i32	constant	
6433,i32,8,i32	constant	
6434,i32,4,i32	constant	
6435,i32,3,i32	constant	
6436,i32,2,i32	constant	
6437,i32,4,i32	constant	
6438,i32,4,i32	constant	
6439,i32,5,i32	constant	
6440,i32,4,i32	constant	
6441,i32,3,i32	constant	
6442,i32,1,i32	constant	
6443,i32,4,i32	constant	
6444,i32,1,i32	constant	
6445,i32,2,i32	constant	
6446,i32,1,i32	constant	
6447,i32,6,i32	constant	
6448,i32,1,i32	constant	
6449,i32,4,i32	constant	
6450,i32,2,i32	constant	
6451,i32,2,i32	constant	
6452,i32,2,i32	constant	
6453,i32,4,i32	constant	
6454,i32,4,i32	constant	
6455,i32,2,i32	constant	
6456,i32,4,i32	constant	
6457,i32,4,i32	constant	
6458,i32,4,i32	constant	
6459,i32,0,i32	constant	
6460,i32,0,i32	constant	
6461,i32,2,i32	constant	
6462,i32,4,i32	constant	
6463,i32,6,i32	constant	
6464,i32,4,i32	constant	
6465,i32,2,i32	constant	
6466,i32,4,i32	constant	
6467,i32,4,i32	constant	
6468,i32,4,i32	constant	
6469,i32,4,i32	constant	
6470,i32,4,i32	constant	
6471,i32,1,i32	constant	
6472,i32,4,i32	constant	
6473,i32,4,i32	constant	
6474,i32,4,i32	constant	
6475,i32,8,i32	constant	
6476,i32,4,i32	constant	
6477,i32,2,i32	constant	
6478,i32,8,i32	constant	
6479,i32,4,i32	constant	
6480,i32,4,i32	constant	
6481,i32,8,i32	constant	
6482,i32,4,i32	constant	
6483,,internal global i32 0,	constant	
6484,i32,0,i32	constant	
6485,i32,0,i32	constant	
6486,i32,1,i32	constant	
6487,i32,2,i32	constant	
6488,i32,4,i32	constant	
6489,i32,1,i32	constant	
6490,i32,4,i32	constant	
6491,i32,4,i32	constant	
6492,i32,1,i32	constant	
6493,i32,1,i32	constant	
6494,,internal global i32 0,	constant	
6495,i32,0,i32	constant	
6496,i32,0,i32	constant	
6497,i32,1,i32	constant	
6498,i32,1,i32	constant	
6499,i32,1,i32	constant	
6500,i32,2,i32	constant	
6501,i32,1,i32	constant	
6502,i32,1,i32	constant	
6503,i32,1,i32	constant	
6504,i32,4,i32	constant	
6505,i32,1,i32	constant	
6506,i32,2,i32	constant	
6507,,internal global i32 0,	constant	
6508,i32,0,i32	constant	
6509,i32,0,i32	constant	
6510,i32,1,i32	constant	
6511,i32,1,i32	constant	
6512,i32,4,i32	constant	
6513,i32,1,i32	constant	
6514,,internal global i32 0,	constant	
6515,i32,0,i32	constant	
6516,i32,0,i32	constant	
6517,i32,0,i32	constant	
6518,i32,8,i32	constant	
6519,i32,8,i32	constant	
6520,i32,8,i32	constant	
6521,i32,5,i32	constant	
6522,i32,8,i32	constant	
6523,i32,4,i32	constant	
6524,i32,5,i32	constant	
6525,i32,1,i32	constant	
6526,i32,8,i32	constant	
6527,i32,4,i32	constant	
6528,i32,5,i32	constant	
6529,i32,4,i32	constant	
6530,i32,4,i32	constant	
6531,i32,8,i32	constant	
6532,i32,4,i32	constant	
6533,i32,5,i32	constant	
6534,i32,2,i32	constant	
6535,i32,4,i32	constant	
6536,i32,5,i32	constant	
6537,i32,8,i32	constant	
6538,i32,4,i32	constant	
6539,i32,5,i32	constant	
6540,i32,4,i32	constant	
6541,i32,1,i32	constant	
6542,i32,2,i32	constant	
6543,i32,4,i32	constant	
6544,i32,4,i32	constant	
6545,i32,8,i32	constant	
6546,i32,4,i32	constant	
6547,i32,5,i32	constant	
6548,i32,4,i32	constant	
6549,i32,4,i32	constant	
6550,i32,4,i32	constant	
6551,i32,8,i32	constant	
6552,i32,4,i32	constant	
6553,i32,5,i32	constant	
6554,i32,4,i32	constant	
6555,i32,4,i32	constant	
6556,i32,4,i32	constant	
6557,i32,4,i32	constant	
6558,i32,4,i32	constant	
6559,i32,4,i32	constant	
6560,i32,4,i32	constant	
6561,i32,4,i32	constant	
6562,i32,4,i32	constant	
6563,i32,4,i32	constant	
6564,i32,4,i32	constant	
6565,i32,3,i32	constant	
6566,i32,4,i32	constant	
6567,i32,4,i32	constant	
6568,i32,4,i32	constant	
6569,i32,5,i32	constant	
6570,i32,4,i32	constant	
6571,i32,4,i32	constant	
6572,i32,4,i32	constant	
6573,i32,4,i32	constant	
6574,i32,4,i32	constant	
6575,i32,4,i32	constant	
6576,i32,4,i32	constant	
6577,i32,5,i32	constant	
6578,i32,4,i32	constant	
6579,i32,5,i32	constant	
6580,i32,4,i32	constant	
6581,i32,4,i32	constant	
6582,i32,0,i32	constant	
6583,i32,4,i32	constant	
6584,i32,5,i32	constant	
6585,i32,5,i32	constant	
6586,i32,4,i32	constant	
6587,i32,1,i32	constant	
6588,i32,1,i32	constant	
6589,i32,1,i32	constant	
6590,i32,4,i32	constant	
6591,i32,4,i32	constant	
6592,i32,4,i32	constant	
6593,i32,4,i32	constant	
6594,i32,2,i32	constant	
6595,i32,4,i32	constant	
6596,i32,4,i32	constant	
6597,i32,5,i32	constant	
6598,i32,5,i32	constant	
6599,i32,4,i32	constant	
6600,i32,4,i32	constant	
6601,i32,4,i32	constant	
6602,i32,4,i32	constant	
6603,i32,4,i32	constant	
6604,i32,4,i32	constant	
6605,i32,1,i32	constant	
6606,i32,1,i32	constant	
6607,i32,4,i32	constant	
6608,i32,5,i32	constant	
6609,i32,4,i32	constant	
6610,i32,5,i32	constant	
6611,i32,4,i32	constant	
6612,i32,4,i32	constant	
6613,i32,5,i32	constant	
6614,i32,5,i32	constant	
6615,i32,4,i32	constant	
6616,i32,5,i32	constant	
6617,i32,5,i32	constant	
6618,i32,4,i32	constant	
6619,i32,4,i32	constant	
6620,i32,4,i32	constant	
6621,i32,4,i32	constant	
6622,i32,4,i32	constant	
6623,i32,4,i32	constant	
6624,i32,4,i32	constant	
6625,i32,4,i32	constant	
6626,i32,4,i32	constant	
6627,i32,4,i32	constant	
6628,i32,4,i32	constant	
6629,i32,3,i32	constant	
6630,i32,4,i32	constant	
6631,i32,3,i32	constant	
6632,i32,4,i32	constant	
6633,i32,5,i32	constant	
6634,i32,1,i32	constant	
6635,i32,4,i32	constant	
6636,i32,0,i32	constant	
6637,i32,4,i32	constant	
6638,i32,4,i32	constant	
6639,i32,4,i32	constant	
6640,i32,1,i32	constant	
6641,i32,4,i32	constant	
6642,i32,1,i32	constant	
6643,i32,4,i32	constant	
6644,i32,4,i32	constant	
6645,i32,4,i32	constant	
6646,i32,1,i32	constant	
6647,i32,5,i32	constant	
6648,i32,4,i32	constant	
6649,i32,4,i32	constant	
6650,i32,4,i32	constant	
6651,i32,1,i32	constant	
6652,i32,5,i32	constant	
6653,i32,2,i32	constant	
6654,i32,4,i32	constant	
6655,i32,4,i32	constant	
6656,i32,4,i32	constant	
6657,i32,2,i32	constant	
6658,i32,4,i32	constant	
6659,i32,1,i32	constant	
6660,i32,4,i32	constant	
6661,i32,3,i32	constant	
6662,i32,4,i32	constant	
6663,i32,8,i32	constant	
6664,i32,8,i32	constant	
6665,i32,4,i32	constant	
6666,i32,5,i32	constant	
6667,i32,4,i32	constant	
6668,i32,4,i32	constant	
6669,i32,4,i32	constant	
6670,,internal global i32 0,	constant	
6671,i32,0,i32	constant	
6672,i32,0,i32	constant	
6673,i32,1,i32	constant	
6674,i32,1,i32	constant	
6675,i32,3,i32	constant	
6676,i32,1,i32	constant	
6677,i32,1,i32	constant	
6678,i32,1,i32	constant	
6679,i32,1,i32	constant	
6680,i32,4,i32	constant	
6681,i32,1,i32	constant	
6682,i32,1,i32	constant	
6683,i32,1,i32	constant	
6684,i32,4,i32	constant	
6685,i32,2,i32	constant	
6686,i32,4,i32	constant	
6687,i32,1,i32	constant	
6688,i32,3,i32	constant	
6689,i32,4,i32	constant	
6690,i32,4,i32	constant	
6691,i32,1,i32	constant	
6692,i32,1,i32	constant	
6693,i32,1,i32	constant	
6694,i32,1,i32	constant	
6695,i32,1,i32	constant	
6696,i32,1,i32	constant	
6697,i32,1,i32	constant	
6698,i32,2,i32	constant	
6699,i32,2,i32	constant	
6700,i32,1,i32	constant	
6701,i32,2,i32	constant	
6702,i32,1,i32	constant	
6703,i32,2,i32	constant	
6704,i32,2,i32	constant	
6705,i32,1,i32	constant	
6706,i32,2,i32	constant	
6707,i32,1,i32	constant	
6708,i32,5,i32	constant	
6709,i32,3,i32	constant	
6710,i32,1,i32	constant	
6711,i32,5,i32	constant	
6712,i32,5,i32	constant	
6713,i32,3,i32	constant	
6714,i32,1,i32	constant	
6715,i32,5,i32	constant	
6716,i32,0,i32	constant	
6717,i32,1,i32	constant	
6718,i32,2,i32	constant	
6719,i32,1,i32	constant	
6720,i32,2,i32	constant	
6721,,internal global i32 0,	constant	
6722,i32,0,i32	constant	
6723,i32,4,i32	constant	
6724,i32,3,i32	constant	
6725,i32,4,i32	constant	
6726,i32,0,i32	constant	
6727,i32,4,i32	constant	
6728,i32,1,i32	constant	
6729,i32,1,i32	constant	
6730,i32,4,i32	constant	
6731,i32,1,i32	constant	
6732,i32,1,i32	constant	
6733,i32,3,i32	constant	
6734,,internal global i32 0,	constant	
6735,i32,0,i32	constant	
6736,i32,0,i32	constant	
6737,i32,2,i32	constant	
6738,i32,1,i32	constant	
6739,i32,1,i32	constant	
6740,i32,1,i32	constant	
6741,i32,1,i32	constant	
6742,i32,1,i32	constant	
6743,i32,1,i32	constant	
6744,i32,1,i32	constant	
6745,i32,1,i32	constant	
6746,i32,1,i32	constant	
6747,i32,1,i32	constant	
6748,i32,4,i32	constant	
6749,i32,4,i32	constant	
6750,i32,4,i32	constant	
6751,i32,4,i32	constant	
6752,i32,2,i32	constant	
6753,i32,4,i32	constant	
6754,i32,3,i32	constant	
6755,i32,4,i32	constant	
6756,i32,1,i32	constant	
6757,i32,1,i32	constant	
6758,i32,4,i32	constant	
6759,i32,1,i32	constant	
6760,i32,1,i32	constant	
6761,i32,1,i32	constant	
6762,i32,4,i32	constant	
6763,i32,1,i32	constant	
6764,i32,8,i32	constant	
6765,i32,4,i32	constant	
6766,i32,0,i32	constant	
6767,i32,1,i32	constant	
6768,i32,3,i32	constant	
6769,i32,1,i32	constant	
6770,i32,8,i32	constant	
6771,i32,1,i32	constant	
6772,i32,8,i32	constant	
6773,i32,4,i32	constant	
6774,i32,2,i32	constant	
6775,i32,3,i32	constant	
6776,,internal global i32 0,	constant	
6777,i32,0,i32	constant	
6778,i32,6,i32	constant	
6779,i32,4,i32	constant	
6780,i32,0,i32	constant	
6781,i32,1,i32	constant	
6782,i32,1,i32	constant	
6783,i32,1,i32	constant	
6784,i32,5,i32	constant	
6785,i32,5,i32	constant	
6786,i32,1,i32	constant	
6787,i32,1,i32	constant	
6788,i32,1,i32	constant	
6789,i32,4,i32	constant	
6790,i32,1,i32	constant	
6791,i32,4,i32	constant	
6792,i32,1,i32	constant	
6793,i32,4,i32	constant	
6794,i32,1,i32	constant	
6795,i32,1,i32	constant	
6796,i32,1,i32	constant	
6797,i32,1,i32	constant	
6798,i32,4,i32	constant	
6799,i32,1,i32	constant	
6800,i32,6,i32	constant	
6801,i32,4,i32	constant	
6802,i32,4,i32	constant	
6803,i32,5,i32	constant	
6804,i32,5,i32	constant	
6805,i32,1,i32	constant	
6806,i32,1,i32	constant	
6807,i32,4,i32	constant	
6808,i32,1,i32	constant	
6809,i32,5,i32	constant	
6810,i32,1,i32	constant	
6811,i32,3,i32	constant	
6812,i32,1,i32	constant	
6813,i32,5,i32	constant	
6814,i32,1,i32	constant	
6815,i32,3,i32	constant	
6816,i32,1,i32	constant	
6817,i32,1,i32	constant	
6818,i32,5,i32	constant	
6819,i32,1,i32	constant	
6820,i32,1,i32	constant	
6821,i32,4,i32	constant	
6822,i32,4,i32	constant	
6823,i32,5,i32	constant	
6824,i32,1,i32	constant	
6825,i32,4,i32	constant	
6826,i32,0,i32	constant	
6827,i32,1,i32	constant	
6828,i32,1,i32	constant	
6829,i32,5,i32	constant	
6830,i32,1,i32	constant	
6831,i32,2,i32	constant	
6832,i32,1,i32	constant	
6833,i32,6,i32	constant	
6834,i32,4,i32	constant	
6835,i32,1,i32	constant	
6836,i32,4,i32	constant	
6837,i32,5,i32	constant	
6838,i32,1,i32	constant	
6839,i32,2,i32	constant	
6840,i32,4,i32	constant	
6841,i32,4,i32	constant	
6842,i32,4,i32	constant	
6843,i32,1,i32	constant	
6844,i32,5,i32	constant	
6845,i32,4,i32	constant	
6846,i32,2,i32	constant	
6847,i32,2,i32	constant	
6848,i32,1,i32	constant	
6849,i32,5,i32	constant	
6850,i32,1,i32	constant	
6851,i32,1,i32	constant	
6852,i32,1,i32	constant	
6853,i32,1,i32	constant	
6854,i32,1,i32	constant	
6855,i32,5,i32	constant	
6856,,internal global i32 0,	constant	
6857,i32,0,i32	constant	
6858,i32,0,i32	constant	
6859,i32,4,i32	constant	
6860,i32,4,i32	constant	
6861,i32,4,i32	constant	
6862,i32,1,i32	constant	
6863,i32,1,i32	constant	
6864,i32,2,i32	constant	
6865,i32,3,i32	constant	
6866,i32,5,i32	constant	
6867,i32,5,i32	constant	
6868,i32,5,i32	constant	
6869,i32,5,i32	constant	
6870,i32,5,i32	constant	
6871,i32,5,i32	constant	
6872,i32,5,i32	constant	
6873,i32,5,i32	constant	
6874,i32,5,i32	constant	
6875,i32,5,i32	constant	
6876,i32,5,i32	constant	
6877,i32,4,i32	constant	
6878,i32,5,i32	constant	
6879,i32,5,i32	constant	
6880,i32,5,i32	constant	
6881,i32,5,i32	constant	
6882,,internal global i32 0,	constant	
6883,i32,0,i32	constant	
6884,i32,5,i32	constant	
6885,i32,5,i32	constant	
6886,i32,4,i32	constant	
6887,i32,5,i32	constant	
6888,i32,5,i32	constant	
6889,i32,4,i32	constant	
6890,i32,5,i32	constant	
6891,i32,5,i32	constant	
6892,i32,4,i32	constant	
6893,i32,5,i32	constant	
6894,i32,4,i32	constant	
6895,i32,0,i32	constant	
6896,i32,5,i32	constant	
6897,i32,5,i32	constant	
6898,i32,0,i32	constant	
6899,i32,5,i32	constant	
6900,i32,4,i32	constant	
6901,i32,4,i32	constant	
6902,i32,5,i32	constant	
6903,i32,5,i32	constant	
6904,i32,5,i32	constant	
6905,i32,5,i32	constant	
6906,i32,5,i32	constant	
6907,i32,5,i32	constant	
6908,i32,5,i32	constant	
6909,i32,4,i32	constant	
6910,i32,5,i32	constant	
6911,i32,4,i32	constant	
6912,i32,5,i32	constant	
6913,i32,4,i32	constant	
6914,i32,5,i32	constant	
6915,i32,4,i32	constant	
6916,i32,4,i32	constant	
6917,,internal global i32 0,	constant	
6918,i32,0,i32	constant	
6919,i32,0,i32	constant	
6920,i32,4,i32	constant	
6921,i32,4,i32	constant	
6922,i32,4,i32	constant	
6923,i32,4,i32	constant	
6924,i32,4,i32	constant	
6925,i32,4,i32	constant	
6926,i32,4,i32	constant	
6927,i32,4,i32	constant	
6928,i32,4,i32	constant	
6929,i32,4,i32	constant	
6930,i32,4,i32	constant	
6931,i32,4,i32	constant	
6932,i32,4,i32	constant	
6933,i32,4,i32	constant	
6934,i32,4,i32	constant	
6935,i32,0,i32	constant	
6936,i32,4,i32	constant	
6937,i32,4,i32	constant	
6938,i32,4,i32	constant	
6939,i32,4,i32	constant	
6940,i32,4,i32	constant	
6941,i32,4,i32	constant	
6942,i32,2,i32	constant	
6943,i32,4,i32	constant	
6944,i32,5,i32	constant	
6945,i32,5,i32	constant	
6946,i32,4,i32	constant	
6947,i32,4,i32	constant	
6948,i32,4,i32	constant	
6949,i32,5,i32	constant	
6950,i32,1,i32	constant	
6951,i32,4,i32	constant	
6952,i32,4,i32	constant	
6953,i32,4,i32	constant	
6954,i32,4,i32	constant	
6955,_IO_FILE*,null,I	O	F	I	L	E*	null	
6956,i32,4,i32	constant	
6957,i32,4,i32	constant	
6958,i32,4,i32	constant	
6959,i32,4,i32	constant	
6960,i32,4,i32	constant	
6961,i32,4,i32	constant	
6962,i32,4,i32	constant	
6963,i32,4,i32	constant	
6964,i32,4,i32	constant	
6965,i32,4,i32	constant	
6966,i32,4,i32	constant	
6967,i32,4,i32	constant	
6968,i32,4,i32	constant	
6969,i32,4,i32	constant	
6970,i32,2,i32	constant	
6971,i32,5,i32	constant	
6972,i32,4,i32	constant	
6973,i32,4,i32	constant	
6974,i32,4,i32	constant	
6975,i32,4,i32	constant	
6976,i32,4,i32	constant	
6977,i32,4,i32	constant	
6978,i32,4,i32	constant	
6979,i32,4,i32	constant	
6980,i32,4,i32	constant	
6981,i32,4,i32	constant	
6982,i32,4,i32	constant	
6983,_IO_FILE*,null,I	O	F	I	L	E*	null	
6984,i32,4,i32	constant	
6985,i32,4,i32	constant	
6986,i32,4,i32	constant	
6987,i32,2,i32	constant	
6988,i32,5,i32	constant	
6989,i32,4,i32	constant	
6990,i32,4,i32	constant	
6991,i32,4,i32	constant	
6992,i32,4,i32	constant	
6993,i32,4,i32	constant	
6994,i32,4,i32	constant	
6995,i32,4,i32	constant	
6996,i32,4,i32	constant	
6997,i32,4,i32	constant	
6998,i32,4,i32	constant	
6999,i32,4,i32	constant	
7000,i32,4,i32	constant	
7001,i32,4,i32	constant	
7002,i32,2,i32	constant	
7003,i32,5,i32	constant	
7004,i32,4,i32	constant	
7005,i32,4,i32	constant	
7006,i32,4,i32	constant	
7007,i32,0,i32	constant	
7008,i32,4,i32	constant	
7009,i32,4,i32	constant	
7010,i32,1,i32	constant	
7011,i32,4,i32	constant	
7012,i32,4,i32	constant	
7013,i32,4,i32	constant	
7014,i32,2,i32	constant	
7015,i32,4,i32	constant	
7016,i32,4,i32	constant	
7017,i32,4,i32	constant	
7018,i32,3,i32	constant	
7019,i32,4,i32	constant	
7020,i32,2,i32	constant	
7021,i32,4,i32	constant	
7022,i32,5,i32	constant	
7023,i32,4,i32	constant	
7024,i32,1,i32	constant	
7025,i32,4,i32	constant	
7026,i32,4,i32	constant	
7027,i32,4,i32	constant	
7028,i32,4,i32	constant	
7029,i32,4,i32	constant	
7030,i32,4,i32	constant	
7031,i32,4,i32	constant	
7032,i32,4,i32	constant	
7033,i32,4,i32	constant	
7034,i32,4,i32	constant	
7035,i32,4,i32	constant	
7036,i32,4,i32	constant	
7037,i32,2,i32	constant	
7038,i32,4,i32	constant	
7039,i32,4,i32	constant	
7040,i32,4,i32	constant	
7041,i32,4,i32	constant	
7042,i32,4,i32	constant	
7043,i32,4,i32	constant	
7044,i32,4,i32	constant	
7045,i32,4,i32	constant	
7046,i32,4,i32	constant	
7047,i32,4,i32	constant	
7048,i32,2,i32	constant	
7049,i32,4,i32	constant	
7050,i32,5,i32	constant	
7051,i32,4,i32	constant	
7052,i32,4,i32	constant	
7053,i32,0,i32	constant	
7054,i32,4,i32	constant	
7055,i32,4,i32	constant	
7056,i32,4,i32	constant	
7057,i32,1,i32	constant	
7058,i32,4,i32	constant	
7059,i32,4,i32	constant	
7060,i32,4,i32	constant	
7061,i32,2,i32	constant	
7062,i32,4,i32	constant	
7063,i32,4,i32	constant	
7064,i32,4,i32	constant	
7065,i32,3,i32	constant	
7066,i32,4,i32	constant	
7067,i32,2,i32	constant	
7068,i32,5,i32	constant	
7069,i32,4,i32	constant	
7070,i32,5,i32	constant	
7071,i32,5,i32	constant	
7072,i32,4,i32	constant	
7073,i32,4,i32	constant	
7074,i32,4,i32	constant	
7075,i32,4,i32	constant	
7076,i32,4,i32	constant	
7077,i32,5,i32	constant	
7078,i32,4,i32	constant	
7079,i32,4,i32	constant	
7080,i32,6,i32	constant	
7081,i32,4,i32	constant	
7082,i32,4,i32	constant	
7083,i32,4,i32	constant	
7084,i32,4,i32	constant	
7085,i32,4,i32	constant	
7086,i32,4,i32	constant	
7087,i32,4,i32	constant	
7088,i32,4,i32	constant	
7089,i32,4,i32	constant	
7090,i32,2,i32	constant	
7091,i32,4,i32	constant	
7092,i32,5,i32	constant	
7093,i32,4,i32	constant	
7094,i32,5,i32	constant	
7095,i32,5,i32	constant	
7096,i32,4,i32	constant	
7097,i32,2,i32	constant	
7098,i32,4,i32	constant	
7099,i32,4,i32	constant	
7100,i32,4,i32	constant	
7101,i32,4,i32	constant	
7102,i32,4,i32	constant	
7103,i32,4,i32	constant	
7104,i32,4,i32	constant	
7105,i32,4,i32	constant	
7106,i32,4,i32	constant	
7107,i32,4,i32	constant	
7108,i32,4,i32	constant	
7109,i32,4,i32	constant	
7110,i32,4,i32	constant	
7111,i32,4,i32	constant	
7112,i32,4,i32	constant	
7113,i32,4,i32	constant	
7114,i32,0,i32	constant	
7115,i32,2,i32	constant	
7116,i32,4,i32	constant	
7117,i32,5,i32	constant	
7118,i32,5,i32	constant	
7119,i32,5,i32	constant	
7120,i32,4,i32	constant	
7121,i32,4,i32	constant	
7122,i32,4,i32	constant	
7123,i32,4,i32	constant	
7124,i32,4,i32	constant	
7125,i32,4,i32	constant	
7126,i32,4,i32	constant	
7127,i32,4,i32	constant	
7128,i32,4,i32	constant	
7129,i32,4,i32	constant	
7130,i32,4,i32	constant	
7131,i32,4,i32	constant	
7132,i32,4,i32	constant	
7133,i32,2,i32	constant	
7134,i32,4,i32	constant	
7135,i32,4,i32	constant	
7136,i32,4,i32	constant	
7137,i32,4,i32	constant	
7138,i32,4,i32	constant	
7139,i32,4,i32	constant	
7140,,internal global i32 0,	constant	
7141,i32,0,i32	constant	
7142,i32,2,i32	constant	
7143,i32,5,i32	constant	
7144,i32,0,i32	constant	
7145,i32,2,i32	constant	
7146,_xmlTextWriter*,null,xml	Text	Writer*	null	
7147,i32,0,i32	constant	
7148,i32,6,i32	constant	
7149,i32,4,i32	constant	
7150,i32,3,i32	constant	
7151,i32,4,i32	constant	
7152,i32,3,i32	constant	
7153,i32,4,i32	constant	
7154,i32,1,i32	constant	
7155,_xmlTextWriter*,null,xml	Text	Writer*	null	
7156,_xmlParserCtxt*,null,xml	Parser	Ctxt*	null	
7157,i32,4,i32	constant	
7158,i32,3,i32	constant	
7159,i32,4,i32	constant	
7160,i32,2,i32	constant	
7161,i32,2,i32	constant	
7162,i32,2,i32	constant	
7163,i32,2,i32	constant	
7164,i32,2,i32	constant	
7165,i32,2,i32	constant	
7166,i32,3,i32	constant	
7167,i32,2,i32	constant	
7168,i32,2,i32	constant	
7169,i32,2,i32	constant	
7170,i32,4,i32	constant	
7171,i32,2,i32	constant	
7172,i32,2,i32	constant	
7173,i32,2,i32	constant	
7174,i32,2,i32	constant	
7175,i32,2,i32	constant	
7176,i32,2,i32	constant	
7177,i32,4,i32	constant	
7178,i32,2,i32	constant	
7179,i32,5,i32	constant	
7180,i32,2,i32	constant	
7181,i32,5,i32	constant	
7182,i32,2,i32	constant	
7183,i32,4,i32	constant	
7184,i32,2,i32	constant	
7185,i32,5,i32	constant	
7186,i32,2,i32	constant	
7187,i32,5,i32	constant	
7188,i32,5,i32	constant	
7189,i32,5,i32	constant	
7190,i32,2,i32	constant	
7191,i32,2,i32	constant	
7192,i32,2,i32	constant	
7193,i32,5,i32	constant	
7194,i32,5,i32	constant	
7195,i32,5,i32	constant	
7196,i32,2,i32	constant	
7197,i32,5,i32	constant	
7198,i32,2,i32	constant	
7199,i32,5,i32	constant	
7200,i32,2,i32	constant	
7201,i32,2,i32	constant	
7202,i32,4,i32	constant	
7203,i32,5,i32	constant	
7204,i32,2,i32	constant	
7205,i32,4,i32	constant	
7206,i32,4,i32	constant	
7207,i32,4,i32	constant	
7208,i32,2,i32	constant	
7209,i32,5,i32	constant	
7210,i32,2,i32	constant	
7211,i32,5,i32	constant	
7212,i32,5,i32	constant	
7213,i32,5,i32	constant	
7214,i32,0,i32	constant	
7215,i32,2,i32	constant	
7216,i32,5,i32	constant	
7217,i32,2,i32	constant	
7218,i32,5,i32	constant	
7219,i32,5,i32	constant	
7220,i32,1,i32	constant	
7221,i32,2,i32	constant	
7222,i32,2,i32	constant	
7223,i32,5,i32	constant	
7224,i32,5,i32	constant	
7225,i32,5,i32	constant	
7226,i32,5,i32	constant	
7227,i32,2,i32	constant	
7228,i32,4,i32	constant	
7229,i32,4,i32	constant	
7230,i32,4,i32	constant	
7231,i32,2,i32	constant	
7232,i32,4,i32	constant	
7233,i32,4,i32	constant	
7234,i32,4,i32	constant	
7235,i32,2,i32	constant	
7236,i32,5,i32	constant	
7237,i32,2,i32	constant	
7238,i32,5,i32	constant	
7239,i32,2,i32	constant	
7240,i32,5,i32	constant	
7241,i32,5,i32	constant	
7242,i32,5,i32	constant	
7243,i32,5,i32	constant	
7244,i32,2,i32	constant	
7245,i32,5,i32	constant	
7246,i32,5,i32	constant	
7247,i32,2,i32	constant	
7248,i32,2,i32	constant	
7249,i32,5,i32	constant	
7250,i32,5,i32	constant	
7251,_xmlParserCtxt*,null,xml	Parser	Ctxt*	null	
7252,i32,2,i32	constant	
7253,i32,4,i32	constant	
7254,i32,5,i32	constant	
7255,i32,5,i32	constant	
7256,i32,5,i32	constant	
7257,i32,5,i32	constant	
7258,i32,5,i32	constant	
7259,i32,2,i32	constant	
7260,i32,4,i32	constant	
7261,i32,5,i32	constant	
7262,i32,5,i32	constant	
7263,i32,5,i32	constant	
7264,i32,5,i32	constant	
7265,i32,2,i32	constant	
7266,i32,5,i32	constant	
7267,i32,5,i32	constant	
7268,i32,5,i32	constant	
7269,i32,2,i32	constant	
7270,i32,4,i32	constant	
7271,i32,5,i32	constant	
7272,i32,5,i32	constant	
7273,i32,2,i32	constant	
7274,i32,2,i32	constant	
7275,i32,5,i32	constant	
7276,i32,5,i32	constant	
7277,i32,5,i32	constant	
7278,i32,2,i32	constant	
7279,i32,5,i32	constant	
7280,i32,5,i32	constant	
7281,i32,2,i32	constant	
7282,i32,5,i32	constant	
7283,i32,5,i32	constant	
7284,i32,5,i32	constant	
7285,i32,5,i32	constant	
7286,i32,2,i32	constant	
7287,i32,5,i32	constant	
7288,i32,5,i32	constant	
7289,i32,2,i32	constant	
7290,i32,5,i32	constant	
7291,i32,2,i32	constant	
7292,i32,5,i32	constant	
7293,i32,4,i32	constant	
7294,i32,2,i32	constant	
7295,i32,5,i32	constant	
7296,i32,4,i32	constant	
7297,i32,0,i32	constant	
7298,i32,2,i32	constant	
7299,i32,5,i32	constant	
7300,,internal global i32 0,	constant	
7301,i32,0,i32	constant	
7302,i32,0,i32	constant	
7303,i32,4,i32	constant	
7304,i32,4,i32	constant	
7305,i32,1,i32	constant	
7306,i32,1,i32	constant	
7307,i32,1,i32	constant	
7308,i32,1,i32	constant	
7309,i32,4,i32	constant	
7310,i32,3,i32	constant	
7311,i32,3,i32	constant	
7312,i32,4,i32	constant	
7313,i32,4,i32	constant	
7314,i32,5,i32	constant	
7315,i32,5,i32	constant	
7316,i32,5,i32	constant	
7317,i32,5,i32	constant	
7318,i32,5,i32	constant	
7319,i32,3,i32	constant	
7320,i32,3,i32	constant	
7321,i32,1,i32	constant	
7322,i32,1,i32	constant	
7323,i32,1,i32	constant	
7324,i32,1,i32	constant	
7325,i32,1,i32	constant	
7326,i32,1,i32	constant	
7327,i32,4,i32	constant	
7328,i32,4,i32	constant	
7329,i32,4,i32	constant	
7330,i32,5,i32	constant	
7331,i32,5,i32	constant	
7332,i32,0,i32	constant	
7333,i32,5,i32	constant	
7334,i32,5,i32	constant	
7335,i32,1,i32	constant	
7336,i32,1,i32	constant	
7337,i32,5,i32	constant	
7338,i32,1,i32	constant	
7339,i32,1,i32	constant	
7340,i32,5,i32	constant	
7341,i32,4,i32	constant	
7342,i32,4,i32	constant	
7343,i32,3,i32	constant	
7344,i32,5,i32	constant	
7345,i32,1,i32	constant	
7346,i32,3,i32	constant	
7347,i32,5,i32	constant	
7348,i32,4,i32	constant	
7349,i32,3,i32	constant	
7350,i32,1,i32	constant	
7351,i32,2,i32	constant	
7352,i32,5,i32	constant	
7353,i32,5,i32	constant	
7354,,internal global i32 0,	constant	
7355,i32,0,i32	constant	
7356,i32,5,i32	constant	
7357,i32,0,i32	constant	
7358,i32,1,i32	constant	
7359,i32,1,i32	constant	
7360,i32,5,i32	constant	
7361,_xmlValidCtxt*,null,xml	Valid	Ctxt*	null	
7362,i32,1,i32	constant	
7363,i32,1,i32	constant	
7364,i32,4,i32	constant	
7365,i32,1,i32	constant	
7366,i32,4,i32	constant	
7367,i32,1,i32	constant	
7368,i32,4,i32	constant	
7369,i32,4,i32	constant	
7370,i32,1,i32	constant	
7371,i32,4,i32	constant	
7372,i32,1,i32	constant	
7373,i32,4,i32	constant	
7374,i32,1,i32	constant	
7375,i32,4,i32	constant	
7376,i32,2,i32	constant	
7377,i32,1,i32	constant	
7378,i32,4,i32	constant	
7379,i32,2,i32	constant	
7380,i32,2,i32	constant	
7381,i32,5,i32	constant	
7382,i32,4,i32	constant	
7383,i32,1,i32	constant	
7384,i32,1,i32	constant	
7385,i32,1,i32	constant	
7386,i32,1,i32	constant	
7387,i32,1,i32	constant	
7388,i32,1,i32	constant	
7389,i32,1,i32	constant	
7390,i32,4,i32	constant	
7391,i32,1,i32	constant	
7392,i32,1,i32	constant	
7393,i32,5,i32	constant	
7394,i32,1,i32	constant	
7395,i32,4,i32	constant	
7396,i32,2,i32	constant	
7397,i32,5,i32	constant	
7398,i32,5,i32	constant	
7399,i32,5,i32	constant	
7400,i32,1,i32	constant	
7401,i32,4,i32	constant	
7402,i32,1,i32	constant	
7403,i32,1,i32	constant	
7404,i32,0,i32	constant	
7405,i32,1,i32	constant	
7406,i32,4,i32	constant	
7407,i32,1,i32	constant	
7408,i32,1,i32	constant	
7409,i32,5,i32	constant	
7410,i32,1,i32	constant	
7411,i32,1,i32	constant	
7412,i32,4,i32	constant	
7413,i32,1,i32	constant	
7414,i32,4,i32	constant	
7415,i32,1,i32	constant	
7416,i32,1,i32	constant	
7417,i32,2,i32	constant	
7418,i32,1,i32	constant	
7419,i32,1,i32	constant	
7420,i32,1,i32	constant	
7421,i32,4,i32	constant	
7422,i32,3,i32	constant	
7423,i32,1,i32	constant	
7424,i32,1,i32	constant	
7425,i32,2,i32	constant	
7426,i32,5,i32	constant	
7427,i32,1,i32	constant	
7428,i32,4,i32	constant	
7429,i32,5,i32	constant	
7430,i32,4,i32	constant	
7431,i32,4,i32	constant	
7432,i32,4,i32	constant	
7433,i32,4,i32	constant	
7434,i32,5,i32	constant	
7435,i32,3,i32	constant	
7436,i32,1,i32	constant	
7437,i32,5,i32	constant	
7438,i32,6,i32	constant	
7439,i32,1,i32	constant	
7440,i32,3,i32	constant	
7441,i32,1,i32	constant	
7442,i32,3,i32	constant	
7443,i32,1,i32	constant	
7444,i32,3,i32	constant	
7445,i32,1,i32	constant	
7446,i32,3,i32	constant	
7447,i32,2,i32	constant	
7448,i32,5,i32	constant	
7449,i32,1,i32	constant	
7450,i32,3,i32	constant	
7451,i32,1,i32	constant	
7452,i32,3,i32	constant	
7453,i32,1,i32	constant	
7454,i32,3,i32	constant	
7455,i32,1,i32	constant	
7456,i32,3,i32	constant	
7457,i32,1,i32	constant	
7458,i32,3,i32	constant	
7459,i32,1,i32	constant	
7460,i32,3,i32	constant	
7461,i32,1,i32	constant	
7462,i32,3,i32	constant	
7463,i32,1,i32	constant	
7464,i32,3,i32	constant	
7465,i32,1,i32	constant	
7466,i32,3,i32	constant	
7467,i32,1,i32	constant	
7468,i32,3,i32	constant	
7469,i32,2,i32	constant	
7470,i32,5,i32	constant	
7471,i32,5,i32	constant	
7472,i32,1,i32	constant	
7473,i32,3,i32	constant	
7474,i32,1,i32	constant	
7475,i32,3,i32	constant	
7476,i32,1,i32	constant	
7477,i32,3,i32	constant	
7478,i32,2,i32	constant	
7479,i32,1,i32	constant	
7480,i32,3,i32	constant	
7481,i32,1,i32	constant	
7482,i32,3,i32	constant	
7483,i32,1,i32	constant	
7484,i32,3,i32	constant	
7485,i32,1,i32	constant	
7486,i32,1,i32	constant	
7487,i32,1,i32	constant	
7488,i32,4,i32	constant	
7489,i32,0,i32	constant	
7490,i32,1,i32	constant	
7491,i32,1,i32	constant	
7492,i32,3,i32	constant	
7493,i32,1,i32	constant	
7494,i32,1,i32	constant	
7495,i32,3,i32	constant	
7496,i32,1,i32	constant	
7497,i32,4,i32	constant	
7498,i32,2,i32	constant	
7499,i32,1,i32	constant	
7500,i32,1,i32	constant	
7501,i32,2,i32	constant	
7502,i32,1,i32	constant	
7503,i32,4,i32	constant	
7504,i32,1,i32	constant	
7505,i32,5,i32	constant	
7506,i32,1,i32	constant	
7507,i32,4,i32	constant	
7508,i32,1,i32	constant	
7509,i32,1,i32	constant	
7510,i32,1,i32	constant	
7511,i32,1,i32	constant	
7512,i32,1,i32	constant	
7513,i32,1,i32	constant	
7514,i32,2,i32	constant	
7515,i32,1,i32	constant	
7516,i32,1,i32	constant	
7517,i32,4,i32	constant	
7518,,internal global _xmlDoc* null,	constant	
7519,,internal global _xmlDoc* null,	constant	
7520,_xmlDoc*,null,xml	Doc*	null	
7521,i32,1,i32	constant	
7522,i32,1,i32	constant	
7523,i32,5,i32	constant	
7524,i32,5,i32	constant	
7525,i32,1,i32	constant	
7526,i32,5,i32	constant	
7527,i32,5,i32	constant	
7528,i32,1,i32	constant	
7529,i32,5,i32	constant	
7530,i32,5,i32	constant	
7531,i32,5,i32	constant	
7532,i32,1,i32	constant	
7533,i32,1,i32	constant	
7534,i32,2,i32	constant	
7535,i32,5,i32	constant	
7536,i32,1,i32	constant	
7537,i32,1,i32	constant	
7538,i32,1,i32	constant	
7539,i32,1,i32	constant	
7540,i32,4,i32	constant	
7541,i32,1,i32	constant	
7542,i32,4,i32	constant	
7543,i32,5,i32	constant	
7544,i32,1,i32	constant	
7545,i32,4,i32	constant	
7546,i32,1,i32	constant	
7547,i32,4,i32	constant	
7548,i32,1,i32	constant	
7549,i32,1,i32	constant	
7550,i32,4,i32	constant	
7551,i32,0,i32	constant	
7552,i32,1,i32	constant	
7553,i32,4,i32	constant	
7554,i32,1,i32	constant	
7555,i32,4,i32	constant	
7556,i32,1,i32	constant	
7557,i32,4,i32	constant	
7558,i32,1,i32	constant	
7559,i32,1,i32	constant	
7560,i32,1,i32	constant	
7561,i32,1,i32	constant	
7562,i32,1,i32	constant	
7563,i32,4,i32	constant	
7564,i32,1,i32	constant	
7565,i32,4,i32	constant	
7566,i32,2,i32	constant	
7567,i32,5,i32	constant	
7568,i32,5,i32	constant	
7569,i32,5,i32	constant	
7570,i32,1,i32	constant	
7571,i32,4,i32	constant	
7572,i32,1,i32	constant	
7573,i32,4,i32	constant	
7574,i32,4,i32	constant	
7575,i32,1,i32	constant	
7576,i32,5,i32	constant	
7577,i32,1,i32	constant	
7578,i32,1,i32	constant	
7579,i32,5,i32	constant	
7580,i32,5,i32	constant	
7581,i32,0,i32	constant	
7582,i32,1,i32	constant	
7583,i32,2,i32	constant	
7584,i32,1,i32	constant	
7585,i32,1,i32	constant	
7586,i32,8,i32	constant	
7587,i32,4,i32	constant	
7588,i32,4,i32	constant	
7589,,internal global i32 0,	constant	
7590,i32,0,i32	constant	
7591,i32,0,i32	constant	
7592,i32,5,i32	constant	
7593,i32,5,i32	constant	
7594,i32,1,i32	constant	
7595,i32,1,i32	constant	
7596,i32,1,i32	constant	
7597,i32,5,i32	constant	
7598,i32,1,i32	constant	
7599,i32,5,i32	constant	
7600,i32,0,i32	constant	
7601,i32,1,i32	constant	
7602,i32,4,i32	constant	
7603,i32,3,i32	constant	
7604,i32,1,i32	constant	
7605,i32,3,i32	constant	
7606,i32,3,i32	constant	
7607,i32,2,i32	constant	
7608,i32,5,i32	constant	
7609,i32,5,i32	constant	
7610,i32,5,i32	constant	
7611,i32,3,i32	constant	
7612,i32,4,i32	constant	
7613,i32,3,i32	constant	
7614,i32,4,i32	constant	
7615,i32,5,i32	constant	
7616,i32,3,i32	constant	
7617,i32,5,i32	constant	
7618,i32,3,i32	constant	
7619,i32,5,i32	constant	
7620,i32,3,i32	constant	
7621,i32,3,i32	constant	
7622,i32,5,i32	constant	
7623,i32,3,i32	constant	
7624,i32,5,i32	constant	
7625,_xmlDict*,null,xml	Dict*	null	
7626,i32,5,i32	constant	
7627,i32,1,i32	constant	
7628,i32,4,i32	constant	
7629,i32,1,i32	constant	
7630,,internal global i32 0,	constant	
7631,i32,0,i32	constant	
7632,i32,0,i32	constant	
7633,i32,0,i32	constant	
7634,i32,0,i32	constant	
7635,i32,0,i32	constant	
7636,i32,0,i32	constant	
7637,i32,0,i32	constant	
7638,i32,0,i32	constant	
7639,i32,0,i32	constant	
7640,i32,0,i32	constant	
7641,i32,0,i32	constant	
7642,i32,0,i32	constant	
7643,i32,0,i32	constant	
7644,i32,0,i32	constant	
7645,i32,0,i32	constant	
7646,i32,0,i32	constant	
7647,i32,0,i32	constant	
7648,i32,0,i32	constant	
7649,i32,0,i32	constant	
7650,i32,0,i32	constant	
7651,i32,0,i32	constant	
7652,i32,0,i32	constant	
7653,i32,0,i32	constant	
7654,i32,0,i32	constant	
7655,i32,0,i32	constant	
7656,i32,0,i32	constant	
7657,i32,0,i32	constant	
7658,i32,0,i32	constant	
7659,i32,0,i32	constant	
7660,i32,0,i32	constant	
7661,i32,0,i32	constant	
7662,i32,0,i32	constant	
7663,i32,0,i32	constant	
7664,i32,0,i32	constant	
7665,i32,0,i32	constant	
7666,i32,0,i32	constant	
7667,i32,0,i32	constant	
7668,i32,0,i32	constant	
7669,i32,0,i32	constant	
7670,i32,0,i32	constant	
7671,i32,0,i32	constant	
7672,i32,4,i32	constant	
7673,i32,0,i32	constant	
7674,i32,1,i32	constant	
7675,i32,4,i32	constant	
7676,i32,1,i32	constant	
7677,,internal global i32 0,	constant	
7678,i32,0,i32	constant	
7679,i32,1,i32	constant	
7680,i32,0,i32	constant	
7681,_xmlNode*,null,xml	Node*	null	
7682,i32,4,i32	constant	
7683,i32,1,i32	constant	
7684,i32,4,i32	constant	
7685,i32,1,i32	constant	
7686,i32,4,i32	constant	
7687,i32,1,i32	constant	
7688,i32,0,i32	constant	
7689,i32,4,i32	constant	
7690,i32,1,i32	constant	
7691,i32,4,i32	constant	
7692,i32,1,i32	constant	
7693,i32,4,i32	constant	
7694,i32,6,i32	constant	
7695,i32,4,i32	constant	
7696,i32,1,i32	constant	
7697,i32,1,i32	constant	
7698,_xmlDtd*,null,xml	Dtd*	null	
7699,,internal global _xmlDoc* null,	constant	
7700,_xmlDoc*,null,xml	Doc*	null	
7701,i32,4,i32	constant	
7702,i32,1,i32	constant	
7703,i32,4,i32	constant	
7704,i32,1,i32	constant	
7705,i32,4,i32	constant	
7706,i32,2,i32	constant	
7707,,internal global i32 0,	constant	
7708,i32,0,i32	constant	
7709,i32,0,i32	constant	
7710,i32,0,i32	constant	
7711,i32,1,i32	constant	
7712,i32,5,i32	constant	
7713,i32,5,i32	constant	
7714,i32,5,i32	constant	
7715,i32,0,i32	constant	
7716,i32,1,i32	constant	
7717,i32,2,i32	constant	
7718,i32,0,i32	constant	
7719,i32,0,i32	constant	
7720,i32,1,i32	constant	
7721,i32,5,i32	constant	
7722,i32,1,i32	constant	
7723,i32,5,i32	constant	
7724,i32,5,i32	constant	
7725,i32,0,i32	constant	
7726,i32,1,i32	constant	
7727,i32,5,i32	constant	
7728,_xmlTextWriter*,null,xml	Text	Writer*	null	
7729,i32,1,i32	constant	
7730,i32,5,i32	constant	
7731,i32,1,i32	constant	
7732,i32,5,i32	constant	
7733,i32,0,i32	constant	
7734,i32,1,i32	constant	
7735,i32,2,i32	constant	
7736,i32,5,i32	constant	
7737,i32,5,i32	constant	
7738,i32,5,i32	constant	
7739,_xmlTextReader*,null,xml	Text	Reader*	null	
7740,i32,2,i32	constant	
7741,i32,0,i32	constant	
7742,i32,1,i32	constant	
7743,i32,1,i32	constant	
7744,_xmlBuffer*,null,xml	Buffer*	null	
7745,i32,2,i32	constant	
7746,i32,5,i32	constant	
7747,i32,5,i32	constant	
7748,i32,0,i32	constant	
7749,i32,2,i32	constant	
7750,i32,5,i32	constant	
7751,_xmlList*,null,xml	List*	null	
7752,i32,5,i32	constant	
7753,i32,5,i32	constant	
7754,i32,5,i32	constant	
7755,i32,5,i32	constant	
7756,i32,0,i32	constant	
7757,i32,5,i32	constant	
7758,_xmlHashTable*,null,xml	Hash	Table*	null	
7759,i32,5,i32	constant	
7760,i32,3,i32	constant	
7761,i32,4,i32	constant	
7762,i32,0,i32	constant	
7763,i32,1,i32	constant	
7764,i32,2,i32	constant	
7765,i32,1,i32	constant	
7766,i32,3,i32	constant	
7767,_xmlXPathObject*,null,xml	X	Path	Object*	null	
7768,i32,8,i32	constant	
7769,i32,4,i32	constant	
7770,i32,14,i32	constant	
7771,,internal global _xmlDtd* null,	constant	
7772,_xmlDtd*,null,xml	Dtd*	null	
7773,i32,0,i32	constant	
7774,i32,8,i32	constant	
7775,,internal global i32 0,	constant	
7776,i32,0,i32	constant	
7777,_xmlOutputBuffer*,null,xml	Output	Buffer*	null	
7778,i32,0,i32	constant	
7779,i32,3,i32	constant	
7780,i32,1,i32	constant	
7781,i32,3,i32	constant	
7782,i32,0,i32	constant	
7783,i32,1,i32	constant	
7784,i32,2,i32	constant	
7785,i32,3,i32	constant	
7786,_xmlNode*,null,xml	Node*	null	
7787,,internal global _xmlDoc* null,	constant	
7788,_xmlDoc*,null,xml	Doc*	null	
7789,i32,3,i32	constant	
7790,i8*,null,i8*	null	
7791,i32,3,i32	constant	
7792,i32,3,i32	constant	
7793,i32,14,i32	constant	
7794,i32,0,i32	constant	
7795,i32,3,i32	constant	
7796,i32,1,i32	constant	
7797,i32,2,i32	constant	
7798,i32,3,i32	constant	
7799,i8*,null,i8*	null	
7800,i32,3,i32	constant	
7801,,internal global i32 0,	constant	
7802,i32,0,i32	constant	
7803,i32,0,i32	constant	
7804,i32,4,i32	constant	
7805,i32,0,i32	constant	
7806,i32,1,i32	constant	
7807,i32,2,i32	constant	
7808,i32,4,i32	constant	
7809,i32,2,i32	constant	
7810,i32,2,i32	constant	
7811,i32,2,i32	constant	
7812,i32,4,i32	constant	
7813,i32,2,i32	constant	
7814,i32,2,i32	constant	
7815,i32,4,i32	constant	
7816,i32,2,i32	constant	
7817,i32,3,i32	constant	
7818,i32,2,i32	constant	
7819,i32,4,i32	constant	
7820,i32,2,i32	constant	
7821,i32,4,i32	constant	
7822,i32,2,i32	constant	
7823,i32,4,i32	constant	
7824,i32,2,i32	constant	
7825,i32,3,i32	constant	
7826,i32,4,i32	constant	
7827,i32,2,i32	constant	
7828,i32,3,i32	constant	
7829,i32,4,i32	constant	
7830,i32,2,i32	constant	
7831,i32,3,i32	constant	
7832,i32,4,i32	constant	
7833,i32,2,i32	constant	
7834,i32,5,i32	constant	
7835,i32,3,i32	constant	
7836,i32,0,i32	constant	
7837,i32,2,i32	constant	
7838,i32,3,i32	constant	
7839,i32,1,i32	constant	
7840,i32,1,i32	constant	
7841,i32,3,i32	constant	
7842,i32,3,i32	constant	
7843,i32,1,i32	constant	
7844,i32,1,i32	constant	
7845,i32,3,i32	constant	
7846,i32,3,i32	constant	
7847,i32,1,i32	constant	
7848,,internal global _xmlNode* null,	constant	
7849,_xmlNode*,null,xml	Node*	null	
7850,i32,1,i32	constant	
7851,i32,1,i32	constant	
7852,i32,3,i32	constant	
7853,i32,3,i32	constant	
7854,i32,1,i32	constant	
7855,i32,1,i32	constant	
7856,i32,3,i32	constant	
7857,i32,3,i32	constant	
7858,i8*,null,i8*	null	
7859,i32,1,i32	constant	
7860,i32,1,i32	constant	
7861,i32,3,i32	constant	
7862,i32,3,i32	constant	
7863,,internal global _xmlDoc* null,	constant	
7864,i32,1,i32	constant	
7865,i32,1,i32	constant	
7866,i32,3,i32	constant	
7867,_xmlNode*,null,xml	Node*	null	
7868,,internal global _xmlDoc* null,	constant	
7869,_xmlDoc*,null,xml	Doc*	null	
7870,i32,3,i32	constant	
7871,i32,5,i32	constant	
7872,i32,1,i32	constant	
7873,i32,1,i32	constant	
7874,i32,3,i32	constant	
7875,i32,3,i32	constant	
7876,_xmlNode*,null,xml	Node*	null	
7877,i32,1,i32	constant	
7878,i32,1,i32	constant	
7879,i32,3,i32	constant	
7880,i32,3,i32	constant	
7881,,internal global _xmlNode* null,	constant	
7882,_xmlNode*,null,xml	Node*	null	
7883,i32,1,i32	constant	
7884,i32,1,i32	constant	
7885,i32,3,i32	constant	
7886,i32,3,i32	constant	
7887,i32,1,i32	constant	
7888,_xmlAttr*,null,xml	Attr*	null	
7889,i32,1,i32	constant	
7890,i32,1,i32	constant	
7891,i32,3,i32	constant	
7892,i32,3,i32	constant	
7893,_xmlEntity*,null,xml	Entity*	null	
7894,,internal global i32 0,	constant	
7895,i32,0,i32	constant	
7896,i32,0,i32	constant	
7897,_xmlElement*,null,xml	Element*	null	
7898,_xmlAttribute*,null,xml	Attribute*	null	
7899,i32,2,i32	constant	
7900,i32,2,i32	constant	
7901,i32,5,i32	constant	
7902,i32,4,i32	constant	
7903,i32,2,i32	constant	
7904,i32,5,i32	constant	
7905,i32,4,i32	constant	
7906,i32,2,i32	constant	
7907,i32,5,i32	constant	
7908,i32,2,i32	constant	
7909,i32,5,i32	constant	
7910,i32,5,i32	constant	
7911,i32,2,i32	constant	
7912,i32,2,i32	constant	
7913,,internal global i32 0,	constant	
7914,i32,0,i32	constant	
7915,i32,0,i32	constant	
7916,i32,1,i32	constant	
7917,i32,2,i32	constant	
7918,i32,1,i32	constant	
7919,i32,2,i32	constant	
7920,i32,1,i32	constant	
7921,i32,2,i32	constant	
7922,i32,1,i32	constant	
7923,i32,2,i32	constant	
7924,i32,4,i32	constant	
7925,i32,4,i32	constant	
7926,i32,1,i32	constant	
7927,i32,1,i32	constant	
7928,i32,3,i32	constant	
7929,i32,3,i32	constant	
7930,i32,1,i32	constant	
7931,i32,3,i32	constant	
7932,i32,3,i32	constant	
7933,i32,1,i32	constant	
7934,i32,3,i32	constant	
7935,i32,3,i32	constant	
7936,i32,4,i32	constant	
7937,,internal global _xmlNode* null,	constant	
7938,_xmlNode*,null,xml	Node*	null	
7939,i32,1,i32	constant	
7940,i32,4,i32	constant	
7941,i32,4,i32	constant	
7942,i32,4,i32	constant	
7943,i32,4,i32	constant	
7944,i32,1,i32	constant	
7945,i32,0,i32	constant	
7946,i32,1,i32	constant	
7947,,internal global i32 0,	constant	
7948,i32,0,i32	constant	
7949,i32,0,i32	constant	
7950,,internal global _xmlDoc* null,	constant	
7951,,internal global _xmlDoc* null,	constant	
7952,_xmlDoc*,null,xml	Doc*	null	
7953,i32,4,i32	constant	
7954,i32,5,i32	constant	
7955,i32,4,i32	constant	
7956,i32,5,i32	constant	
7957,i32,5,i32	constant	
7958,i32,5,i32	constant	
7959,,internal global _xmlDoc* null,	constant	
7960,,internal global _xmlDoc* null,	constant	
7961,_xmlDoc*,null,xml	Doc*	null	
7962,i32,4,i32	constant	
7963,i32,5,i32	constant	
7964,i32,4,i32	constant	
7965,i32,5,i32	constant	
7966,i32,5,i32	constant	
7967,i32,5,i32	constant	
7968,i32,0,i32	constant	
7969,i32,1,i32	constant	
7970,_xmlParserCtxt*,null,xml	Parser	Ctxt*	null	
7971,_xmlParserCtxt*,null,xml	Parser	Ctxt*	null	
7972,i32,3,i32	constant	
7973,i32,1,i32	constant	
7974,i32,3,i32	constant	
7975,i32,1,i32	constant	
7976,i32,4,i32	constant	
7977,i32,5,i32	constant	
7978,i32,1,i32	constant	
7979,i32,5,i32	constant	
7980,i32,1,i32	constant	
7981,i32,5,i32	constant	
7982,i32,4,i32	constant	
7983,i32,5,i32	constant	
7984,i32,4,i32	constant	
7985,i32,5,i32	constant	
7986,i32,5,i32	constant	
7987,i32,4,i32	constant	
7988,i32,5,i32	constant	
7989,i32,4,i32	constant	
7990,i32,5,i32	constant	
7991,i32,5,i32	constant	
7992,i32,5,i32	constant	
7993,_xmlElementContent*,null,xml	Element	Content*	null	
7994,,internal global i32 0,	constant	
7995,i32,0,i32	constant	
7996,_xmlElementContent*,null,xml	Element	Content*	null	
7997,i32,0,i32	constant	
7998,i32,2,i32	constant	
7999,i32,5,i32	constant	
8000,i32,3,i32	constant	
8001,i32,2,i32	constant	
8002,i32,5,i32	constant	
8003,i32,5,i32	constant	
8004,i32,3,i32	constant	
8005,i32,2,i32	constant	
8006,i32,5,i32	constant	
8007,i32,5,i32	constant	
8008,i32,5,i32	constant	
8009,i32,3,i32	constant	
8010,i32,2,i32	constant	
8011,i32,5,i32	constant	
8012,i32,32,i32	constant	
8013,i32,101,i32	constant	
8014,_xmlAutomata*,null,xml	Automata*	null	
8015,i32,32,i32	constant	
8016,_xmlAutomataState*,null,xml	Automata	State*	null	
8017,_xmlAutomataState*,null,xml	Automata	State*	null	
8018,i32,32,i32	constant	
8019,i32,102,i32	constant	
8020,_xmlAutomata*,null,xml	Automata*	null	
8021,_xmlAutomataState*,null,xml	Automata	State*	null	
8022,i32,32,i32	constant	
8023,i32,99,i32	constant	
8024,_xmlAutomata*,null,xml	Automata*	null	
8025,i32,32,i32	constant	
8026,_xmlAutomataState*,null,xml	Automata	State*	null	
8027,i32,32,i32	constant	
8028,_xmlAutomataState*,null,xml	Automata	State*	null	
8029,i32,32,i32	constant	
8030,i32,32,i32	constant	
8031,i32,45,i32	constant	
8032,i32,45,i32	constant	
8033,_xmlAutomata*,null,xml	Automata*	null	
8034,_xmlRegexp*,null,xml	Regexp*	null	
8035,i32,62,i32	constant	
8036,i32,61,i32	constant	
8037,_xmlRegexp*,null,xml	Regexp*	null	
8038,_xmlRegExecCtxt*,null,xml	Reg	Exec	Ctxt*	null	
8039,i32,0,i32	constant	
8040,i32,0,i32	constant	
8041,i32,1,i32	constant	
8042,i32,0,i32	constant	
8043,i32,-1,i32	constant	
8044,i32,0,i32	constant	
8045,i32,0,i32	constant	
8046,_xmlRegexp*,null,xml	Regexp*	null	
8047,_xmlRegExecCtxt*,null,xml	Reg	Exec	Ctxt*	null	
8048,_xmlRegexp*,null,xml	Regexp*	null	
8049,i32,57,i32	constant	
8050,i32,48,i32	constant	
8051,_xmlRegExecCtxt*,null,xml	Reg	Exec	Ctxt*	null	
8052,_xmlAutomata*,null,xml	Automata*	null	
8053,i32,1,i32	constant	
8054,i32,1,i32	constant	
8055,i32,0,i32	constant	
8056,i32,1,i32	constant	
8057,i32,0,i32	constant	
8058,i32,1,i32	constant	
8059,i32,0,i32	constant	
8060,i32,1,i32	constant	
8061,i32,0,i32	constant	
8062,i32,1,i32	constant	
8063,i32,0,i32	constant	
8064,i32,1,i32	constant	
8065,i32,0,i32	constant	
8066,i32,1,i32	constant	
8067,i32,0,i32	constant	
8068,i32,0,i32	constant	
8069,i32,1,i32	constant	
8070,i32,0,i32	constant	
8071,i32,1000,i32	constant	
8072,_IO_FILE*,null,I	O	F	I	L	E*	null	
8073,_xmlAutomata*,null,xml	Automata*	null	
8074,_xmlAutomataState*,null,xml	Automata	State*	null	
8075,i8*,null,i8*	null	
8076,i32,35,i32	constant	
8077,i32,0,i32	constant	
8078,i32,9,i32	constant	
8079,i32,10,i32	constant	
8080,i32,32,i32	constant	
8081,i32,13,i32	constant	
8082,i32,0,i32	constant	
8083,i32,32,i32	constant	
8084,i32,116,i32	constant	
8085,_xmlAutomata*,null,xml	Automata*	null	
8086,i32,32,i32	constant	
8087,_xmlAutomataState*,null,xml	Automata	State*	null	
8088,i32,32,i32	constant	
8089,_xmlAutomataState*,null,xml	Automata	State*	null	
8090,_xmlXPathObject*,null,xml	X	Path	Object*	null	
8091,i32,0,i32	constant	
8092,i8*,null,i8*	null	
8093,i64,-1,i64	constant	
8094,i8*,null,i8*	null	
8095,_xmlXPathObject*,null,xml	X	Path	Object*	null	
8096,i32,3,i32	constant	
8097,i32,0,i32	constant	
8098,i32,3,i32	constant	
8099,i32,0,i32	constant	
8100,i32,3,i32	constant	
8101,i32,0,i32	constant	
8102,i32,3,i32	constant	
8103,i32,0,i32	constant	
8104,i32,3,i32	constant	
8105,i32,0,i32	constant	
8106,i32,4,i32	constant	
8107,i32,3,i32	constant	
8108,i8**,null,i	null	
8109,i32,0,i32	constant	
8110,i32,4,i32	constant	
8111,i32,3,i32	constant	
8112,i8**,null,i	null	
8113,i32,-1,i32	constant	
8114,i32,0,i32	constant	
8115,i8*,null,i8*	null	
8116,i32,39,i32	constant	
8117,i32,39,i32	constant	
8118,i8**,null,i	null	
8119,i32,0,i32	constant	
8120,i64,8,i64	constant	
8121,i8**,null,i	null	
8122,i32,0,i32	constant	
8123,i32,44,i32	constant	
8124,i32,44,i32	constant	
8125,_xmlDoc*,null,xml	Doc*	null	
8126,_xmlNode*,null,xml	Node*	null	
8127,i32,0,i32	constant	
8128,_xmlNode*,null,xml	Node*	null	
8129,_xmlNode*,null,xml	Node*	null	
8130,i8*,null,i8*	null	
8131,_xmlXPathContext*,null,xml	X	Path	Context*	null	
8132,_xmlNs*,null,xml	Ns*	null	
8133,i32,0,i32	constant	
8134,_xmlXPathObject*,null,xml	X	Path	Object*	null	
8135,_xmlDoc*,null,xml	Doc*	null	
8136,_xmlNode*,null,xml	Node*	null	
8137,i8*,null,i8*	null	
8138,_xmlXPathObject*,null,xml	X	Path	Object*	null	
8139,i32,128,i32	constant	
8140,i32,30,i32	constant	
8141,i32,0,i32	constant	
8142,i32,128,i32	constant	
8143,i32,0,i32	constant	
8144,_xmlDoc*,null,xml	Doc*	null	
8145,,common dso_local global i32 0,	constant	
8146,i32,0,i32	constant	
8147,i32,128,i32	constant	
8148,i32,224,i32	constant	
8149,_xmlDoc*,null,xml	Doc*	null	
8150,,common dso_local global i32 0,	constant	
8151,i32,0,i32	constant	
8152,_xmlDoc*,null,xml	Doc*	null	
8153,,common dso_local global i32 0,	constant	
8154,i32,0,i32	constant	
8155,_xmlDoc*,null,xml	Doc*	null	
8156,_xmlParserCtxt*,null,xml	Parser	Ctxt*	null	
8157,,common dso_local global i32 0,	constant	
8158,i32,0,i32	constant	
8159,_xmlError*,null,xml	Error*	null	
8160,i8*,null,i8*	null	
8161,i32,0,i32	constant	
8162,i32,255,i32	constant	
8163,i32,0,i32	constant	
8164,i32,128,i32	constant	
8165,i32,0,i32	constant	
8166,,common dso_local global i32 0,	constant	
8167,i32,9,i32	constant	
8168,i32,0,i32	constant	
8169,i32,13,i32	constant	
8170,i32,1,i32	constant	
8171,i32,10,i32	constant	
8172,i32,1,i32	constant	
8173,i32,0,i32	constant	
8174,i32,255,i32	constant	
8175,i32,255,i32	constant	
8176,i32,128,i32	constant	
8177,i32,64,i32	constant	
8178,i32,0,i32	constant	
8179,i32,128,i32	constant	
8180,i32,0,i32	constant	
8181,,common dso_local global i32 0,	constant	
8182,i32,9,i32	constant	
8183,i32,0,i32	constant	
8184,i32,192,i32	constant	
8185,i32,128,i32	constant	
8186,i32,128,i32	constant	
8187,i32,0,i32	constant	
8188,,common dso_local global i32 0,	constant	
8189,i32,9,i32	constant	
8190,i32,128,i32	constant	
8191,i32,30,i32	constant	
8192,i32,0,i32	constant	
8193,i32,128,i32	constant	
8194,i32,0,i32	constant	
8195,,common dso_local global i32 0,	constant	
8196,i32,9,i32	constant	
8197,i32,255,i32	constant	
8198,i32,128,i32	constant	
8199,i32,224,i32	constant	
8200,,common dso_local global i32 0,	constant	
8201,i32,9,i32	constant	
8202,i32,2,i32	constant	
8203,,common dso_local global i32 0,	constant	
8204,i32,0,i32	constant	
8205,i32,0,i32	constant	
8206,i32,63,i32	constant	
8207,i32,255,i32	constant	
8208,i32,255,i32	constant	
8209,i32,6,i32	constant	
8210,i32,224,i32	constant	
8211,i32,240,i32	constant	
8212,,common dso_local global i32 0,	constant	
8213,i32,9,i32	constant	
8214,i32,192,i32	constant	
8215,i32,128,i32	constant	
8216,i32,0,i32	constant	
8217,i32,192,i32	constant	
8218,i32,128,i32	constant	
8219,,common dso_local global i32 0,	constant	
8220,i32,9,i32	constant	
8221,i32,0,i32	constant	
8222,i32,0,i32	constant	
8223,i32,0,i32	constant	
8224,i32,32,i32	constant	
8225,i32,224,i32	constant	
8226,i32,15,i32	constant	
8227,i32,0,i32	constant	
8228,,common dso_local global i32 0,	constant	
8229,i32,9,i32	constant	
8230,_xmlDoc*,null,xml	Doc*	null	
8231,,common dso_local global i32 0,	constant	
8232,i32,0,i32	constant	
8233,i32,63,i32	constant	
8234,i32,0,i32	constant	
8235,i32,63,i32	constant	
8236,i32,0,i32	constant	
8237,i32,63,i32	constant	
8238,i32,0,i32	constant	
8239,i32,63,i32	constant	
8240,i32,0,i32	constant	
8241,,common dso_local global i32 0,	constant	
8242,i32,9,i32	constant	
8243,i32,3,i32	constant	
8244,,common dso_local global i32 0,	constant	
8245,i32,0,i32	constant	
8246,i32,63,i32	constant	
8247,i32,255,i32	constant	
8248,i32,255,i32	constant	
8249,i32,6,i32	constant	
8250,i32,6,i32	constant	
8251,i32,0,i32	constant	
8252,i32,38,i32	constant	
8253,i32,0,i32	constant	
8254,i32,60,i32	constant	
8255,i32,240,i32	constant	
8256,i32,248,i32	constant	
8257,,common dso_local global i32 0,	constant	
8258,i32,9,i32	constant	
8259,_xmlDoc*,null,xml	Doc*	null	
8260,,common dso_local global i32 0,	constant	
8261,i32,0,i32	constant	
8262,i32,192,i32	constant	
8263,i32,128,i32	constant	
8264,i32,0,i32	constant	
8265,i32,192,i32	constant	
8266,i32,128,i32	constant	
8267,i32,192,i32	constant	
8268,i32,128,i32	constant	
8269,,common dso_local global i32 0,	constant	
8270,i32,9,i32	constant	
8271,i32,0,i32	constant	
8272,i32,48,i32	constant	
8273,i32,240,i32	constant	
8274,i32,7,i32	constant	
8275,i32,0,i32	constant	
8276,,common dso_local global i32 0,	constant	
8277,i32,9,i32	constant	
8278,i32,63,i32	constant	
8279,i32,63,i32	constant	
8280,i32,63,i32	constant	
8281,i32,63,i32	constant	
8282,i32,63,i32	constant	
8283,,common dso_local global i32 0,	constant	
8284,i32,9,i32	constant	
8285,i32,4,i32	constant	
8286,,common dso_local global i32 0,	constant	
8287,i32,0,i32	constant	
8288,i32,0,i32	constant	
8289,i32,128,i32	constant	
8290,i32,0,i32	constant	
8291,i32,32,i32	constant	
8292,i32,63,i32	constant	
8293,i32,0,i32	constant	
8294,i32,13,i32	constant	
8295,i32,0,i32	constant	
8296,i32,10,i32	constant	
8297,i32,0,i32	constant	
8298,i32,9,i32	constant	
8299,_xmlDoc*,null,xml	Doc*	null	
8300,,common dso_local global i32 0,	constant	
8301,i32,9,i32	constant	
8302,_xmlParserCtxt*,null,xml	Parser	Ctxt*	null	
8303,_xmlParserInputBuffer*,null,xml	Parser	Input	Buffer*	null	
8304,_xmlParserInput*,null,xml	Parser	Input*	null	
8305,_xmlDoc*,null,xml	Doc*	null	
8306,_xmlDoc*,null,xml	Doc*	null	
8307,i32,255,i32	constant	
8308,i32,255,i32	constant	
8309,i32,128,i32	constant	
8310,i32,64,i32	constant	
8311,i32,0,i32	constant	
8312,i32,128,i32	constant	
8313,i32,0,i32	constant	
8314,_xmlDoc*,null,xml	Doc*	null	
8315,,common dso_local global i32 0,	constant	
8316,i32,0,i32	constant	
8317,i32,0,i32	constant	
8318,i32,192,i32	constant	
8319,i32,128,i32	constant	
8320,i32,128,i32	constant	
8321,i32,0,i32	constant	
8322,_xmlDoc*,null,xml	Doc*	null	
8323,,common dso_local global i32 0,	constant	
8324,i32,0,i32	constant	
8325,i32,0,i32	constant	
8326,i32,10000,i32	constant	
8327,i32,0,i32	constant	
8328,i32,50,i32	constant	
8329,i8*,null,i8*	null	
8330,i32,0,i32	constant	
8331,i32,10000,i32	constant	
8332,i8*,null,i8*	null	
8333,i32,0,i32	constant	
8334,i32,50,i32	constant	
8335,i32,10000,i32	constant	
8336,i8*,null,i8*	null	
8337,i32,0,i32	constant	
8338,i32,10000,i32	constant	
8339,i8*,null,i8*	null	
8340,_xmlDict*,null,xml	Dict*	null	
8341,i32,10,i32	constant	
8342,i8*,null,i8*	null	
8343,i32,0,i32	constant	
8344,i32,10,i32	constant	
8345,i8*,null,i8*	null	
8346,i32,0,i32	constant	
8347,i32,10,i32	constant	
8348,i8*,null,i8*	null	
8349,i32,0,i32	constant	
8350,i32,10000,i32	constant	
8351,i8*,null,i8*	null	
8352,i8*,null,i8*	null	
8353,i32,0,i32	constant	
8354,i32,10000,i32	constant	
8355,i32,0,i32	constant	
8356,i32,0,i32	constant	
8357,i32,0,i32	constant	
8358,i32,10000,i32	constant	
8359,i32,0,i32	constant	
8360,i32,0,i32	constant	
8361,i32,10000,i32	constant	
8362,i32,0,i32	constant	
8363,i32,10000,i32	constant	
8364,i32,0,i32	constant	
8365,i32,10000,i32	constant	
8366,i32,58,i32	constant	
8367,i32,0,i32	constant	
8368,i32,10000,i32	constant	
8369,i32,58,i32	constant	
8370,_xmlDict*,null,xml	Dict*	null	
8371,i32,10,i32	constant	
8372,i8*,null,i8*	null	
8373,i32,0,i32	constant	
8374,i32,10,i32	constant	
8375,i8*,null,i8*	null	
8376,i32,0,i32	constant	
8377,i32,10,i32	constant	
8378,i8*,null,i8*	null	
8379,i32,0,i32	constant	
8380,i32,10000,i32	constant	
8381,i8*,null,i8*	null	
8382,i8*,null,i8*	null	
8383,i32,0,i32	constant	
8384,i32,10000,i32	constant	
8385,i32,0,i32	constant	
8386,i32,0,i32	constant	
8387,i32,10000,i32	constant	
8388,i32,0,i32	constant	
8389,i32,10000,i32	constant	
8390,i32,58,i32	constant	
8391,i8*,null,i8*	null	
8392,i32,0,i32	constant	
8393,i8*,null,i8*	null	
8394,i32,0,i32	constant	
8395,i32,9900,i32	constant	
8396,i8*,null,i8*	null	
8397,i32,0,i32	constant	
8398,i32,50,i32	constant	
8399,i32,0,i32	constant	
8400,i32,10000,i32	constant	
8401,i32,0,i32	constant	
8402,i32,50,i32	constant	
8403,i8*,null,i8*	null	
8404,i32,0,i32	constant	
8405,i32,10000,i32	constant	
8406,i8*,null,i8*	null	
8407,i32,0,i32	constant	
8408,i32,50,i32	constant	
8409,i8*,null,i8*	null	
8410,i8*,null,i8*	null	
8411,i32,0,i32	constant	
8412,i32,9900,i32	constant	
8413,i8*,null,i8*	null	
8414,i32,0,i32	constant	
8415,i32,50,i32	constant	
8416,i8*,null,i8*	null	
8417,i8*,null,i8*	null	
8418,i8*,null,i8*	null	
8419,i8*,null,i8*	null	
8420,i8**,null,i	null	
8421,i8*,null,i8*	null	
8422,i8*,null,i8*	null	
8423,i32,0,i32	constant	
8424,i32,30,i32	constant	
8425,,internal global i32 0,	constant	
8426,i32,0,i32	constant	
8427,_IO_FILE*,null,I	O	F	I	L	E*	null	
8428,i32,0,i32	constant	
8429,i32,0,i32	constant	
8430,_xmlDoc*,null,xml	Doc*	null	
8431,,internal global i32 0,	constant	
8432,i32,0,i32	constant	
8433,_IO_FILE*,null,I	O	F	I	L	E*	null	
8434,i32,0,i32	constant	
8435,i32,0,i32	constant	
8436,_xmlDoc*,null,xml	Doc*	null	
8437,_xmlDoc*,null,xml	Doc*	null	
8438,,internal global i32 0,	constant	
8439,i32,0,i32	constant	
8440,_xmlDoc*,null,xml	Doc*	null	
8441,,internal global i32 0,	constant	
8442,i32,0,i32	constant	
8443,_IO_FILE*,null,I	O	F	I	L	E*	null	
8444,i32,0,i32	constant	
8445,i32,0,i32	constant	
8446,_xmlDoc*,null,xml	Doc*	null	
8447,,internal global i32 0,	constant	
8448,i32,0,i32	constant	
8449,,internal global i32 0,	constant	
8450,i32,0,i32	constant	
8451,,internal global i32 0,	constant	
8452,i32,0,i32	constant	
8453,,internal global i8* null,	constant	
8454,i8*,null,i8*	null	
8455,i32,0,i32	constant	
8456,i32,0,i32	constant	
8457,i32,0,i32	constant	
8458,i32,0,i32	constant	
8459,i32,0,i32	constant	
8460,i32,0,i32	constant	
8461,i32,0,i32	constant	
8462,i32,0,i32	constant	
8463,i32,0,i32	constant	
8464,i32,0,i32	constant	
8465,i32,0,i32	constant	
8466,i32,0,i32	constant	
8467,i32,0,i32	constant	
8468,i32,0,i32	constant	
8469,i32,1,i32	constant	
8470,i32,0,i32	constant	
8471,i32,0,i32	constant	
8472,i32,45,i32	constant	
8473,,internal global i32 0,	constant	
8474,i32,0,i32	constant	
8475,i32,100,i32	constant	
8476,,internal global i32 0,	constant	
8477,,internal global i32 0,	constant	
8478,i32,0,i32	constant	
8479,,internal global i32 0,	constant	
8480,i32,0,i32	constant	
8481,i32,0,i32	constant	
8482,i32,0,i32	constant	
8483,i8*,null,i8*	null	
8484,i32,0,i32	constant	
8485,i8*,null,i8*	null	
8486,i64,4,i64	constant	
8487,i32,0,i32	constant	
8488,_xmlParserCtxt*,null,xml	Parser	Ctxt*	null	
8489,_xmlDoc*,null,xml	Doc*	null	
8490,i32,0,i32	constant	
8491,i32,0,i32	constant	
8492,i32,0,i32	constant	
8493,_xmlTextReader*,null,xml	Text	Reader*	null	
8494,i32,1,i32	constant	
8495,i32,0,i32	constant	
8496,i32,0,i32	constant	
8497,i32,0,i32	constant	
8498,i32,0,i32	constant	
8499,i32,0,i32	constant	
8500,,dso_local global i32 0,	constant	
8501,i32,0,i32	constant	
8502,testDesc*,null,test	Desc*	null	
8503,i64,12,i64	constant	
8504,i64,1,i64	constant	
8505,i32,0,i32	constant	
8506,i32,-1,i32	constant	
8507,i64,0,i64	constant	
8508,i32,0,i32	constant	
8509,i8*,null,i8*	null	
8510,,internal global i32 0,	constant	
8511,i32,0,i32	constant	
8512,i8*,null,i8*	null	
8513,i32,0,i32	constant	
8514,,internal global i32 0,	constant	
8515,i32,0,i32	constant	
8516,,internal global i32 0,	constant	
8517,,internal global i32 0,	constant	
8518,i32,0,i32	constant	
8519,,internal global i32 0,	constant	
8520,i32,0,i32	constant	
8521,i32,0,i32	constant	
8522,,internal global i32 0,	constant	
8523,i32,0,i32	constant	
8524,i32,44,i32	constant	
8525,i32,55,i32	constant	
8526,i32,50,i32	constant	
8527,i32,79,i32	constant	
8528,i32,90,i32	constant	
8529,i32,85,i32	constant	
8530,i32,154,i32	constant	
8531,i32,165,i32	constant	
8532,i32,160,i32	constant	
8533,i32,181,i32	constant	
8534,i32,178,i32	constant	
8535,i32,183,i32	constant	
8536,i32,189,i32	constant	
8537,i32,191,i32	constant	
8538,i32,200,i32	constant	
8539,i32,195,i32	constant	
8540,i32,206,i32	constant	
8541,i32,203,i32	constant	
8542,i32,216,i32	constant	
8543,i32,215,i32	constant	
8544,i32,219,i32	constant	
8545,i32,231,i32	constant	
8546,i32,242,i32	constant	
8547,i32,237,i32	constant	
8548,,internal global i32 0,	constant	
8549,i32,0,i32	constant	
8550,i32,0,i32	constant	
8551,,internal global i32 0,	constant	
8552,i32,0,i32	constant	
8553,i32,0,i32	constant	
8554,,internal global i32 0,	constant	
8555,i32,0,i32	constant	
8556,,internal global i32 0,	constant	
8557,i32,0,i32	constant	
8558,,internal global i32 0,	constant	
8559,,internal global i32 0,	constant	
8560,i32,4096,i32	constant	
8561,i32,0,i32	constant	
8562,i32,0,i32	constant	
8563,i32,0,i32	constant	
8564,i32,0,i32	constant	
8565,i32,"(i8*, i64, i32, i32)* null",i32	constant	
8566,,internal global i32 0,	constant	
8567,i32,0,i32	constant	
8568,,internal global i32 0,	constant	
8569,i32,0,i32	constant	
8570,i32,0,i32	constant	
8571,i8*,null,i8*	null	
8572,i8*,null,i8*	null	
8573,,internal global i32 0,	constant	
8574,i32,0,i32	constant	
8575,,internal global i32 0,	constant	
8576,,internal global i32 0,	constant	
8577,i32,2,i32	constant	
8578,,internal global i32 0,	constant	
8579,,internal global i32 0,	constant	
8580,i32,1,i32	constant	
8581,i32,4096,i32	constant	
8582,,dso_local global i64 0,	constant	
8583,,dso_local global i64 67108864,	constant	
8584,,dso_local global i64 0,	constant	
8585,,common dso_local global i64 0,	constant	
8586,i32,0,i32	constant	
8587,i8*,null,i8*	null	
8588,i32,0,i32	constant	
8589,i8*,null,i8*	null	
8590,i8*,null,i8*	null	
8591,i32,0,i32	constant	
8592,i8*,null,i8*	null	
8593,i8*,null,i8*	null	
8594,,internal global i32 0,	constant	
8595,i32,1,i32	constant	
8596,i32,0,i32	constant	
8597,,internal global i32 0,	constant	
8598,i32,0,i32	constant	
8599,,internal global i32 0,	constant	
8600,,internal global i32 0,	constant	
8601,i32,2,i32	constant	
8602,,internal global i32 0,	constant	
8603,,internal global i32 0,	constant	
8604,i32,1,i32	constant	
8605,i32,4096,i32	constant	
8606,,dso_local global i64 0,	constant	
8607,,dso_local global i64 67108864,	constant	
8608,,internal global i32 0,	constant	
8609,i32,32768,i32	constant	
8610,,internal global i32 0,	constant	
8611,i32,32768,i32	constant	
8612,_xmlParserInput*,null,xml	Parser	Input*	null	
8613,i32,13,i32	constant	
8614,i32,10,i32	constant	
8615,i64,80,i64	constant	
8616,i32,13,i32	constant	
8617,i32,10,i32	constant	
8618,i32,13,i32	constant	
8619,i32,10,i32	constant	
8620,i32,10,i32	constant	
8621,i32,0,i32	constant	
8622,i64,80,i64	constant	
8623,i32,13,i32	constant	
8624,i32,0,i32	constant	
8625,i64,79,i64	constant	
8626,i32,0,i32	constant	
8627,i32,9,i32	constant	
8628,_xmlError*,null,xml	Error*	null	
8629,i32,5,i32	constant	
8630,i32,1,i32	constant	
8631,i32,3,i32	constant	
8632,i32,4,i32	constant	
8633,i32,23,i32	constant	
8634,i32,8,i32	constant	
8635,i32,-1,i32	constant	
8636,i32,0,i32	constant	
8637,i32,1,i32	constant	
8638,_xmlNode*,null,xml	Node*	null	
8639,_xmlParserCtxt*,null,xml	Parser	Ctxt*	null	
8640,i8*,null,i8*	null	
8641,_xmlParserInput*,null,xml	Parser	Input*	null	
8642,i32,1,i32	constant	
8643,_xmlParserInput*,null,xml	Parser	Input*	null	
8644,i8*,null,i8*	null	
8645,i32,1,i32	constant	
8646,i32,0,i32	constant	
8647,i8*,null,i8*	null	
8648,i32,1,i32	constant	
8649,i32,0,i32	constant	
8650,i8*,null,i8*	null	
8651,i32,-1,i32	constant	
8652,i32,0,i32	constant	
8653,,internal global i64 0,	constant	
8654,i64,1000000,i64	constant	
8655,i32,-1,i32	constant	
8656,i32,0,i32	constant	
8657,i32,-1,i32	constant	
8658,i32,0,i32	constant	
8659,i8*,null,i8*	null	
8660,i32,10,i32	constant	
8661,i32,0,i32	constant	
8662,i32,-1,i32	constant	
8663,i32,0,i32	constant	
8664,_xmlParserCtxt*,null,xml	Parser	Ctxt*	null	
8665,_xmlParserInput*,null,xml	Parser	Input*	null	
8666,i8*,null,i8*	null	
8667,i32,1,i32	constant	
8668,i32,0,i32	constant	
8669,i8*,null,i8*	null	
8670,i32,12,i32	constant	
8671,i32,100,i32	constant	
8672,i32,0,i32	constant	
8673,i32,0,i32	constant	
8674,_xmlModule*,null,xml	Module*	null	
8675,i32,0,i32	constant	
8676,i32,()* null,i32	constant	
8677,i64,0,i64	constant	
8678,i8*,null,i8*	null	
8679,i64,1,i64	constant	
8680,i32,32,i32	constant	
8681,i32,0,i32	constant	
8682,i64,0,i64	constant	
8683,_IO_FILE*,null,I	O	F	I	L	E*	null	
8684,,dso_local global i32 0,	constant	
8685,i32,0,i32	constant	
8686,i32,1,i32	constant	
8687,i32,3,i32	constant	
8688,i8*,null,i8*	null	
8689,buffer*,null,buffer	null	
8690,i32,1,i32	constant	
8691,i8*,null,i8*	null	
8692,i32,1,i32	constant	
8693,i8*,null,i8*	null	
8694,i8*,null,i8*	null	
8695,i32,-1,i32	constant	
8696,i32,3,i32	constant	
8697,i8*,null,i8*	null	
8698,i32,2,i32	constant	
8699,i32,3,i32	constant	
8700,,dso_local global i32 0,	constant	
8701,i32,0,i32	constant	
8702,,dso_local global i32 0,	constant	
8703,i32,0,i32	constant	
8704,buffer*,null,buffer	null	
8705,i32,0,i32	constant	
8706,_xmlTextReader*,null,xml	Text	Reader*	null	
8707,,dso_local global i32 0,	constant	
8708,i32,0,i32	constant	
8709,i32,-1,i32	constant	
8710,i32,1,i32	constant	
8711,i32,0,i32	constant	
8712,i32,-1,i32	constant	
8713,,dso_local global i32 0,	constant	
8714,i32,0,i32	constant	
8715,i32,0,i32	constant	
8716,i32,1,i32	constant	
8717,i32,0,i32	constant	
8718,,dso_local global i32 0,	constant	
8719,i32,0,i32	constant	
8720,i32,1,i32	constant	
8721,i32,0,i32	constant	
8722,i32,0,i32	constant	
8723,_xmlTextReader*,null,xml	Text	Reader*	null	
8724,i32,1,i32	constant	
8725,i32,0,i32	constant	
8726,i32,0,i32	constant	
8727,i32,0,i32	constant	
8728,i32,0,i32	constant	
8729,i32,0,i32	constant	
8730,i32,0,i32	constant	
8731,i32,0,i32	constant	
8732,i32,0,i32	constant	
8733,,dso_local global i32 0,	constant	
8734,i32,0,i32	constant	
8735,i32,1,i32	constant	
8736,i32,45,i32	constant	
8737,i32,0,i32	constant	
8738,i32,0,i32	constant	
8739,buffer*,null,buffer	null	
8740,i64,0,i64	constant	
8741,i8*,null,i8*	null	
8742,i32,0,i32	constant	
8743,i64,0,i64	constant	
8744,i8*,null,i8*	null	
8745,i32,0,i32	constant	
8746,i64,0,i64	constant	
8747,i8*,null,i8*	null	
8748,i8*,null,i8*	null	
8749,i8*,null,i8*	null	
8750,i8*,null,i8*	null	
8751,i8*,null,i8*	null	
8752,i32,0,i32	constant	
8753,i32,0,i32	constant	
8754,i32,0,i32	constant	
8755,i32,0,i32	constant	
8756,i32,0,i32	constant	
8757,i32,0,i32	constant	
8758,,internal global i32 2147483647,	constant	
8759,i32,0,i32	constant	
8760,,internal global i32 0,	constant	
8761,,internal global i32 1,	constant	
8762,i32,1,i32	constant	
8763,i32,0,i32	constant	
8764,i32,0,i32	constant	
8765,i32,0,i32	constant	
8766,i32,0,i32	constant	
8767,i32,0,i32	constant	
8768,i32,0,i32	constant	
8769,i32,0,i32	constant	
8770,i32,0,i32	constant	
8771,i32,0,i32	constant	
8772,i32,0,i32	constant	
8773,i32,0,i32	constant	
8774,i32,0,i32	constant	
8775,,internal global i32 0,	constant	
8776,i32,0,i32	constant	
8777,i32,1,i32	constant	
8778,i32,45,i32	constant	
8779,,internal global i32 0,	constant	
8780,i32,0,i32	constant	
8781,i32,1,i32	constant	
8782,,internal global i32 0,	constant	
8783,i32,0,i32	constant	
8784,_xmlTextReader*,null,xml	Text	Reader*	null	
8785,,internal global i32 0,	constant	
8786,i32,0,i32	constant	
8787,i32,1,i32	constant	
8788,,internal global i32 0,	constant	
8789,i32,0,i32	constant	
8790,i32,0,i32	constant	
8791,,internal global i32 0,	constant	
8792,i32,0,i32	constant	
8793,i32,0,i32	constant	
8794,i8*,null,i8*	null	
8795,i32,0,i32	constant	
8796,i8*,null,i8*	null	
8797,i8*,null,i8*	null	
8798,i32,0,i32	constant	
8799,i8*,null,i8*	null	
8800,i8*,null,i8*	null	
8801,,internal global i32 0,	constant	
8802,,internal global i32 0,	constant	
8803,i32,1000001,i32	constant	
8804,,internal global i32 0,	constant	
8805,i32,1000000,i32	constant	
8806,,internal global i32 0,	constant	
8807,i32,100000,i32	constant	
8808,i32,0,i32	constant	
8809,i32,0,i32	constant	
8810,,internal global i32 0,	constant	
8811,i32,32768,i32	constant	
8812,,internal global i32 0,	constant	
8813,i32,32768,i32	constant	
8814,_xmlParserInput*,null,xml	Parser	Input*	null	
8815,i32,13,i32	constant	
8816,i32,10,i32	constant	
8817,i64,80,i64	constant	
8818,i32,13,i32	constant	
8819,i32,10,i32	constant	
8820,i32,13,i32	constant	
8821,i32,10,i32	constant	
8822,i32,10,i32	constant	
8823,i32,0,i32	constant	
8824,i64,80,i64	constant	
8825,i32,13,i32	constant	
8826,i32,0,i32	constant	
8827,i64,79,i64	constant	
8828,i32,0,i32	constant	
8829,i32,9,i32	constant	
8830,_xmlError*,null,xml	Error*	null	
8831,i32,5,i32	constant	
8832,i32,1,i32	constant	
8833,i32,3,i32	constant	
8834,i32,4,i32	constant	
8835,i32,23,i32	constant	
8836,i32,8,i32	constant	
8837,i32,-1,i32	constant	
8838,i32,0,i32	constant	
8839,i32,1,i32	constant	
8840,_xmlNode*,null,xml	Node*	null	
8841,_xmlParserCtxt*,null,xml	Parser	Ctxt*	null	
8842,i8*,null,i8*	null	
8843,_xmlParserInput*,null,xml	Parser	Input*	null	
8844,i32,1,i32	constant	
8845,_xmlParserInput*,null,xml	Parser	Input*	null	
8846,i8*,null,i8*	null	
8847,i32,1,i32	constant	
8848,i32,0,i32	constant	
8849,i8*,null,i8*	null	
8850,i32,1,i32	constant	
8851,i32,0,i32	constant	
8852,i8*,null,i8*	null	
8853,i32,-1,i32	constant	
8854,i32,0,i32	constant	
8855,i32,-1,i32	constant	
8856,i32,0,i32	constant	
8857,i32,-1,i32	constant	
8858,i32,0,i32	constant	
8859,i8*,null,i8*	null	
8860,i32,10,i32	constant	
8861,i32,0,i32	constant	
8862,i32,-1,i32	constant	
8863,i32,0,i32	constant	
8864,_xmlParserCtxt*,null,xml	Parser	Ctxt*	null	
8865,_xmlParserInput*,null,xml	Parser	Input*	null	
8866,i8*,null,i8*	null	
8867,i32,1,i32	constant	
8868,i32,0,i32	constant	
8869,i8*,null,i8*	null	
8870,i32,12,i32	constant	
8871,i32,100,i32	constant	
8872,i32,0,i32	constant	
8873,i8*,null,i8*	null	
8874,i32,47,i32	constant	
8875,i32,47,i32	constant	
8876,i8*,null,i8*	null	
8877,i8*,null,i8*	null	
8878,i32,-1,i32	constant	
8879,i32,61440,i32	constant	
8880,i32,32768,i32	constant	
8881,i32,89,i32	constant	
8882,_xmlDoc*,null,xml	Doc*	null	
8883,_xmlDoc*,null,xml	Doc*	null	
8884,_xmlTextReader*,null,xml	Text	Reader*	null	
8885,i32,1,i32	constant	
8886,i32,0,i32	constant	
8887,testDesc*,null,test	Desc*	null	
8888,i8*,null,i8*	null	
8889,i32,0,i32	constant	
8890,i8*,null,i8*	null	
8891,i8*,null,i8*	null	
8892,i8*,null,i8*	null	
8893,i8*,null,i8*	null	
8894,i32,0,i32	constant	
8895,i8*,null,i8*	null	
8896,i32,0,i32	constant	
8897,i8*,null,i8*	null	
8898,i32,0,i32	constant	
8899,,internal global i32 0,	constant	
8900,i32,0,i32	constant	
8901,i8*,null,i8*	null	
8902,i8*,null,i8*	null	
8903,i32,0,i32	constant	
8904,i8*,null,i8*	null	
8905,,internal global i32 0,	constant	
8906,i32,0,i32	constant	
8907,i32,0,i32	constant	
8908,,internal global i32 0,	constant	
8909,i32,0,i32	constant	
8910,,internal global i32 0,	constant	
8911,,internal global i32 0,	constant	
8912,i32,0,i32	constant	
8913,i32,0,i32	constant	
8914,i32,"(i8*, i8*, i8*, i32)* null",i32	constant	
8915,i8*,null,i8*	null	
8916,i32,0,i32	constant	
8917,i32,"(i8*, i8*, i8*, i32)* null",i32	constant	
8918,,internal global i32 0,	constant	
8919,i32,0,i32	constant	
8920,,internal global i32 0,	constant	
8921,i32,0,i32	constant	
8922,i8*,null,i8*	null	
8923,i32,0,i32	constant	
8924,i32,9,i32	constant	
8925,i32,10,i32	constant	
8926,i32,32,i32	constant	
8927,i32,13,i32	constant	
8928,i32,0,i32	constant	
8929,i32,35,i32	constant	
8930,i32,62,i32	constant	
8931,i32,61,i32	constant	
8932,_xmlExpNode*,null,xml	Exp	Node*	null	
8933,i32,0,i32	constant	
8934,_xmlExpNode*,null,xml	Exp	Node*	null	
8935,_xmlExpNode*,null,xml	Exp	Node*	null	
8936,i32,48,i32	constant	
8937,i32,49,i32	constant	
8938,_xmlExpNode*,null,xml	Exp	Node*	null	
8939,i32,1,i32	constant	
8940,i32,-1,i32	constant	
8941,i32,1,i32	constant	
8942,i32,0,i32	constant	
8943,i32,-1,i32	constant	
8944,i32,0,i32	constant	
8945,i32,0,i32	constant	
8946,i32,-1,i32	constant	
8947,i32,1,i32	constant	
8948,i32,1,i32	constant	
8949,i32,-1,i32	constant	
8950,i32,0,i32	constant	
8951,_xmlExpNode*,null,xml	Exp	Node*	null	
8952,i32,0,i32	constant	
8953,_xmlExpNode*,null,xml	Exp	Node*	null	
8954,_xmlExpNode*,null,xml	Exp	Node*	null	
8955,i32,0,i32	constant	
8956,_xmlExpNode*,null,xml	Exp	Node*	null	
8957,i32,1,i32	constant	
8958,i32,1,i32	constant	
8959,i32,0,i32	constant	
8960,_xmlExpNode*,null,xml	Exp	Node*	null	
8961,i32,0,i32	constant	
8962,i32,1,i32	constant	
8963,i32,0,i32	constant	
8964,,internal global i32 0,	constant	
8965,i32,0,i32	constant	
8966,i32,45,i32	constant	
8967,i32,0,i32	constant	
8968,i32,0,i32	constant	
8969,i32,0,i32	constant	
8970,i32,0,i32	constant	
8971,i32,0,i32	constant	
8972,i32,0,i32	constant	
8973,i32,0,i32	constant	
8974,i32,0,i32	constant	
8975,i32,0,i32	constant	
8976,i32,0,i32	constant	
8977,i32,999999,i32	constant	
8978,i32,0,i32	constant	
8979,i8*,null,i8*	null	
8980,i32,0,i32	constant	
8981,i32,0,i32	constant	
8982,i32,1,i32	constant	
8983,i32,0,i32	constant	
8984,i32,0,i32	constant	
8985,i32,45,i32	constant	
8986,i32,0,i32	constant	
8987,i32,1,i32	constant	
8988,i8*,null,i8*	null	
8989,_xmlExpNode*,null,xml	Exp	Node*	null	
8990,,internal global i32 0,	constant	
8991,i32,0,i32	constant	
8992,_xmlExpNode*,null,xml	Exp	Node*	null	
8993,i32,1,i32	constant	
8994,i32,0,i32	constant	
8995,i32,0,i32	constant	
8996,i32,45,i32	constant	
8997,i32,0,i32	constant	
8998,i32,1,i32	constant	
8999,i8*,null,i8*	null	
9000,_xmlRegexp*,null,xml	Regexp*	null	
9001,,internal global i32 0,	constant	
9002,i32,0,i32	constant	
9003,_xmlRegexp*,null,xml	Regexp*	null	
9004,_xmlExpCtxt*,null,xml	Exp	Ctxt*	null	
9005,_IO_FILE*,null,I	O	F	I	L	E*	null	
9006,i8*,null,i8*	null	
9007,i32,0,i32	constant	
9008,i32,9,i32	constant	
9009,i32,10,i32	constant	
9010,i32,32,i32	constant	
9011,i32,13,i32	constant	
9012,i32,0,i32	constant	
9013,i32,35,i32	constant	
9014,i32,62,i32	constant	
9015,i32,61,i32	constant	
9016,_xmlRegexp*,null,xml	Regexp*	null	
9017,_xmlRegexp*,null,xml	Regexp*	null	
9018,_xmlRegexp*,null,xml	Regexp*	null	
9019,_xmlRegexp*,null,xml	Regexp*	null	
9020,_xmlRegexp*,null,xml	Regexp*	null	
9021,_xmlRegexp*,null,xml	Regexp*	null	
9022,_IO_FILE*,null,I	O	F	I	L	E*	null	
9023,_xmlRelaxNG*,null,xml	Relax	N	G*	null	
9024,,internal global i32 0,	constant	
9025,i32,0,i32	constant	
9026,,internal global i32 0,	constant	
9027,i32,0,i32	constant	
9028,_xmlDoc*,null,xml	Doc*	null	
9029,i32,0,i32	constant	
9030,i32,0,i32	constant	
9031,_xmlRelaxNG*,null,xml	Relax	N	G*	null	
9032,i32,0,i32	constant	
9033,i32,0,i32	constant	
9034,i32,0,i32	constant	
9035,i32,0,i32	constant	
9036,i32,0,i32	constant	
9037,i32,0,i32	constant	
9038,i32,0,i32	constant	
9039,i32,0,i32	constant	
9040,i32,0,i32	constant	
9041,i32,1,i32	constant	
9042,i32,45,i32	constant	
9043,_xmlRelaxNG*,null,xml	Relax	N	G*	null	
9044,,internal global i32 0,	constant	
9045,i32,0,i32	constant	
9046,i32,0,i32	constant	
9047,i32,0,i32	constant	
9048,i8*,inttoptr (i64 -1 to i8*),i8*	constant	
9049,,internal global i32 0,	constant	
9050,i32,0,i32	constant	
9051,,internal global i32 0,	constant	
9052,i32,0,i32	constant	
9053,,internal global i32 0,	constant	
9054,i32,0,i32	constant	
9055,_IO_FILE*,null,I	O	F	I	L	E*	null	
9056,i32,0,i32	constant	
9057,i32,0,i32	constant	
9058,_IO_FILE*,null,I	O	F	I	L	E*	null	
9059,i32,0,i32	constant	
9060,,internal global i32 0,	constant	
9061,i32,0,i32	constant	
9062,i32,0,i32	constant	
9063,i32,0,i32	constant	
9064,,internal global i32 0,	constant	
9065,i32,0,i32	constant	
9066,,internal global i32 0,	constant	
9067,i32,0,i32	constant	
9068,,internal global i32 0,	constant	
9069,i32,0,i32	constant	
9070,i32,0,i32	constant	
9071,,internal global i32 0,	constant	
9072,i32,0,i32	constant	
9073,i32,99,i32	constant	
9074,,internal global i32 0,	constant	
9075,i32,0,i32	constant	
9076,,internal global i32 0,	constant	
9077,i32,0,i32	constant	
9078,i32,0,i32	constant	
9079,,internal global i32 0,	constant	
9080,i32,0,i32	constant	
9081,i32,100,i32	constant	
9082,i32,0,i32	constant	
9083,i32,0,i32	constant	
9084,i32,0,i32	constant	
9085,i32,0,i32	constant	
9086,i32,0,i32	constant	
9087,i32,0,i32	constant	
9088,i32,0,i32	constant	
9089,i32,0,i32	constant	
9090,i32,0,i32	constant	
9091,i32,0,i32	constant	
9092,i32,0,i32	constant	
9093,i32,0,i32	constant	
9094,i32,0,i32	constant	
9095,i32,0,i32	constant	
9096,i32,0,i32	constant	
9097,i32,0,i32	constant	
9098,i32,0,i32	constant	
9099,i32,0,i32	constant	
9100,i32,0,i32	constant	
9101,i32,0,i32	constant	
9102,i32,0,i32	constant	
9103,i32,0,i32	constant	
9104,i32,0,i32	constant	
9105,,internal global i32 0,	constant	
9106,i32,0,i32	constant	
9107,i32,1,i32	constant	
9108,i32,45,i32	constant	
9109,,internal global i32 0,	constant	
9110,i32,0,i32	constant	
9111,,internal global i32 0,	constant	
9112,i32,0,i32	constant	
9113,,internal global i32 0,	constant	
9114,i32,0,i32	constant	
9115,,internal global i32 0,	constant	
9116,i32,0,i32	constant	
9117,,internal global i32 0,	constant	
9118,i32,0,i32	constant	
9119,,internal global i32 0,	constant	
9120,i32,0,i32	constant	
9121,i8*,null,i8*	null	
9122,i8*,null,i8*	null	
9123,,internal global i32 0,	constant	
9124,i32,0,i32	constant	
9125,i8*,null,i8*	null	
9126,i8*,null,i8*	null	
9127,,internal global i32 0,	constant	
9128,i32,0,i32	constant	
9129,i8*,null,i8*	null	
9130,i8*,null,i8*	null	
9131,,internal global i32 0,	constant	
9132,i32,0,i32	constant	
9133,,internal global i32 0,	constant	
9134,i32,0,i32	constant	
9135,i8*,null,i8*	null	
9136,i8*,null,i8*	null	
9137,i8*,null,i8*	null	
9138,,internal global i32 0,	constant	
9139,i32,0,i32	constant	
9140,,internal global i32 0,	constant	
9141,i32,0,i32	constant	
9142,i8*,null,i8*	null	
9143,,internal global i32 0,	constant	
9144,i32,0,i32	constant	
9145,,internal global i32 0,	constant	
9146,i32,0,i32	constant	
9147,i8*,null,i8*	null	
9148,i8*,null,i8*	null	
9149,i8*,null,i8*	null	
9150,,internal global i32 0,	constant	
9151,i32,0,i32	constant	
9152,,internal global i32 0,	constant	
9153,i32,0,i32	constant	
9154,,internal global i32 0,	constant	
9155,i32,0,i32	constant	
9156,,internal global i32 0,	constant	
9157,i32,0,i32	constant	
9158,,internal global i32 0,	constant	
9159,i32,0,i32	constant	
9160,i8**,null,i	null	
9161,i8*,null,i8*	null	
9162,i8*,null,i8*	null	
9163,,internal global i32 0,	constant	
9164,i32,0,i32	constant	
9165,,internal global i32 0,	constant	
9166,i32,0,i32	constant	
9167,i32,30,i32	constant	
9168,,internal global i32 0,	constant	
9169,i32,0,i32	constant	
9170,,internal global i32 0,	constant	
9171,i32,0,i32	constant	
9172,i32,30,i32	constant	
9173,,internal global i32 0,	constant	
9174,i32,0,i32	constant	
9175,i8*,null,i8*	null	
9176,,internal global i32 0,	constant	
9177,i32,0,i32	constant	
9178,,internal global i32 0,	constant	
9179,i32,0,i32	constant	
9180,,internal global i32 0,	constant	
9181,i32,0,i32	constant	
9182,,internal global i32 0,	constant	
9183,i32,0,i32	constant	
9184,,internal global i32 0,	constant	
9185,i32,0,i32	constant	
9186,,internal global i32 0,	constant	
9187,i32,0,i32	constant	
9188,i8*,null,i8*	null	
9189,i8*,null,i8*	null	
9190,i8**,null,i	null	
9191,i32,2,i32	constant	
9192,i8*,null,i8*	null	
9193,i8**,null,i	null	
9194,i32,0,i32	constant	
9195,i32,5,i32	constant	
9196,i8*,null,i8*	null	
9197,,internal global i32 0,	constant	
9198,i32,0,i32	constant	
9199,i8*,null,i8*	null	
9200,i8*,null,i8*	null	
9201,,internal global i32 0,	constant	
9202,i32,0,i32	constant	
9203,_xmlSchema*,null,xml	Schema*	null	
9204,_xmlDoc*,null,xml	Doc*	null	
9205,i32,0,i32	constant	
9206,i32,0,i32	constant	
9207,_xmlSchema*,null,xml	Schema*	null	
9208,i32,0,i32	constant	
9209,i32,0,i32	constant	
9210,i32,0,i32	constant	
9211,i32,0,i32	constant	
9212,i32,0,i32	constant	
9213,i32,0,i32	constant	
9214,i32,0,i32	constant	
9215,i32,1,i32	constant	
9216,i32,45,i32	constant	
9217,_xmlSchema*,null,xml	Schema*	null	
9218,,internal global i32 0,	constant	
9219,i32,0,i32	constant	
9220,i32,0,i32	constant	
9221,i32,0,i32	constant	
9222,i8*,inttoptr (i64 -1 to i8*),i8*	constant	
9223,i8*,null,i8*	null	
9224,i32,0,i32	constant	
9225,i32,13,i32	constant	
9226,i32,10,i32	constant	
9227,i32,9,i32	constant	
9228,i32,32,i32	constant	
9229,i8*,null,i8*	null	
9230,,internal global i8* null,	constant	
9231,i8*,null,i8*	null	
9232,i32,0,i32	constant	
9233,,internal global i32 0,	constant	
9234,i32,0,i32	constant	
9235,i8*,null,i8*	null	
9236,i8*,null,i8*	null	
9237,i8*,null,i8*	null	
9238,i8*,null,i8*	null	
9239,i8*,null,i8*	null	
9240,i32,0,i32	constant	
9241,i8*,null,i8*	null	
9242,i8*,null,i8*	null	
9243,i8*,null,i8*	null	
9244,i8*,null,i8*	null	
9245,i32,0,i32	constant	
9246,,internal global i32 0,	constant	
9247,i32,0,i32	constant	
9248,i8*,null,i8*	null	
9249,i8*,null,i8*	null	
9250,i8*,null,i8*	null	
9251,i8*,null,i8*	null	
9252,i32,1,i32	constant	
9253,i32,0,i32	constant	
9254,i32,0,i32	constant	
9255,,internal global i8* null,	constant	
9256,i8*,null,i8*	null	
9257,i8*,null,i8*	null	
9258,i32,1,i32	constant	
9259,i32,0,i32	constant	
9260,i32,0,i32	constant	
9261,i8*,null,i8*	null	
9262,i32,1,i32	constant	
9263,i32,0,i32	constant	
9264,i32,0,i32	constant	
9265,i8*,null,i8*	null	
9266,i8*,null,i8*	null	
9267,i32,0,i32	constant	
9268,i8*,null,i8*	null	
9269,i32,0,i32	constant	
9270,i32,0,i32	constant	
9271,i32,0,i32	constant	
9272,i32,0,i32	constant	
9273,i32,0,i32	constant	
9274,i32,0,i32	constant	
9275,i32,0,i32	constant	
9276,i32,0,i32	constant	
9277,i32,0,i32	constant	
9278,i32,0,i32	constant	
9279,i32,0,i32	constant	
9280,i32,0,i32	constant	
9281,i32,0,i32	constant	
9282,i32,0,i32	constant	
9283,i32,0,i32	constant	
9284,i32,0,i32	constant	
9285,i8*,null,i8*	null	
9286,i8*,null,i8*	null	
9287,_xmlCharEncodingHandler*,null,xml	Char	Encoding	Handler*	null	
9288,i8*,null,i8*	null	
9289,i8*,null,i8*	null	
9290,i32,0,i32	constant	
9291,i32,1,i32	constant	
9292,i32,0,i32	constant	
9293,i32,0,i32	constant	
9294,i32,0,i32	constant	
9295,i32,0,i32	constant	
9296,i32,0,i32	constant	
9297,i8*,null,i8*	null	
9298,i32,0,i32	constant	
9299,i32,0,i32	constant	
9300,i32,0,i32	constant	
9301,i32,0,i32	constant	
9302,i8*,null,i8*	null	
9303,i32,0,i32	constant	
9304,i8*,null,i8*	null	
9305,i32,0,i32	constant	
9306,i32,0,i32	constant	
9307,i32,0,i32	constant	
9308,i32,0,i32	constant	
9309,i32,0,i32	constant	
9310,i32,0,i32	constant	
9311,i32,0,i32	constant	
9312,i32,0,i32	constant	
9313,i32,0,i32	constant	
9314,i32,0,i32	constant	
9315,i32,0,i32	constant	
9316,i32,0,i32	constant	
9317,i32,0,i32	constant	
9318,i32,0,i32	constant	
9319,i32,0,i32	constant	
9320,_xmlBuffer*,null,xml	Buffer*	null	
9321,_xmlTextWriter*,null,xml	Text	Writer*	null	
9322,i32,0,i32	constant	
9323,i32,0,i32	constant	
9324,i32,0,i32	constant	
9325,i8*,null,i8*	null	
9326,i32,0,i32	constant	
9327,i32,0,i32	constant	
9328,i32,0,i32	constant	
9329,i32,0,i32	constant	
9330,i8*,null,i8*	null	
9331,i32,0,i32	constant	
9332,i32,0,i32	constant	
9333,i32,0,i32	constant	
9334,i32,0,i32	constant	
9335,i8*,null,i8*	null	
9336,i32,0,i32	constant	
9337,i8*,null,i8*	null	
9338,i32,0,i32	constant	
9339,i32,0,i32	constant	
9340,i32,0,i32	constant	
9341,i32,0,i32	constant	
9342,i32,0,i32	constant	
9343,i32,0,i32	constant	
9344,i32,0,i32	constant	
9345,i32,0,i32	constant	
9346,i32,0,i32	constant	
9347,i32,0,i32	constant	
9348,i32,0,i32	constant	
9349,i32,0,i32	constant	
9350,i32,0,i32	constant	
9351,i32,0,i32	constant	
9352,i32,0,i32	constant	
9353,_IO_FILE*,null,I	O	F	I	L	E*	null	
9354,_xmlTextWriter*,null,xml	Text	Writer*	null	
9355,i32,0,i32	constant	
9356,i32,0,i32	constant	
9357,i32,0,i32	constant	
9358,i8*,null,i8*	null	
9359,i32,0,i32	constant	
9360,i32,0,i32	constant	
9361,i32,0,i32	constant	
9362,i32,0,i32	constant	
9363,i8*,null,i8*	null	
9364,i32,0,i32	constant	
9365,i32,0,i32	constant	
9366,i32,0,i32	constant	
9367,i32,0,i32	constant	
9368,i8*,null,i8*	null	
9369,i32,0,i32	constant	
9370,i8*,null,i8*	null	
9371,i32,0,i32	constant	
9372,i32,0,i32	constant	
9373,i32,0,i32	constant	
9374,_xmlTextWriter*,null,xml	Text	Writer*	null	
9375,i32,0,i32	constant	
9376,i32,0,i32	constant	
9377,i32,0,i32	constant	
9378,i32,0,i32	constant	
9379,i32,0,i32	constant	
9380,i32,0,i32	constant	
9381,i32,0,i32	constant	
9382,i32,0,i32	constant	
9383,i32,0,i32	constant	
9384,i32,0,i32	constant	
9385,i32,0,i32	constant	
9386,i32,0,i32	constant	
9387,i32,0,i32	constant	
9388,_xmlDoc*,null,xml	Doc*	null	
9389,_xmlNode*,null,xml	Node*	null	
9390,_xmlTextWriter*,null,xml	Text	Writer*	null	
9391,i32,0,i32	constant	
9392,i32,0,i32	constant	
9393,i8*,null,i8*	null	
9394,i32,0,i32	constant	
9395,i32,0,i32	constant	
9396,i32,0,i32	constant	
9397,i32,0,i32	constant	
9398,i32,0,i32	constant	
9399,i8*,null,i8*	null	
9400,i32,0,i32	constant	
9401,i32,0,i32	constant	
9402,i32,0,i32	constant	
9403,i32,0,i32	constant	
9404,_IO_FILE*,null,I	O	F	I	L	E*	null	
9405,i8*,null,i8*	null	
9406,i32,0,i32	constant	
9407,i32,9,i32	constant	
9408,i32,10,i32	constant	
9409,i32,32,i32	constant	
9410,i32,13,i32	constant	
9411,i32,0,i32	constant	
9412,i32,0,i32	constant	
9413,i32,0,i32	constant	
9414,i32,0,i32	constant	
9415,i32,0,i32	constant	
9416,i32,0,i32	constant	
9417,i32,0,i32	constant	
9418,i32,0,i32	constant	
9419,i32,0,i32	constant	
9420,i32,0,i32	constant	
9421,i32,0,i32	constant	
9422,i32,0,i32	constant	
9423,i32,0,i32	constant	
9424,i32,0,i32	constant	
9425,i32,0,i32	constant	
9426,i32,0,i32	constant	
9427,i32,0,i32	constant	
9428,,internal global i32 0,	constant	
9429,i32,0,i32	constant	
9430,,internal global i32 0,	constant	
9431,i32,0,i32	constant	
9432,,internal global _xmlDoc* null,	constant	
9433,_xmlDoc*,null,xml	Doc*	null	
9434,i8*,null,i8*	null	
9435,i32,1,i32	constant	
9436,i32,0,i32	constant	
9437,i32,0,i32	constant	
9438,i32,45,i32	constant	
9439,i32,0,i32	constant	
9440,i32,0,i32	constant	
9441,,internal global _xmlDoc* null,	constant	
9442,_xmlDoc*,null,xml	Doc*	null	
9443,,internal global i32 0,	constant	
9444,i32,0,i32	constant	
9445,,internal global i32 0,	constant	
9446,i32,0,i32	constant	
9447,_xmlXPathCompExpr*,null,xml	X	Path	Comp	Expr*	null	
9448,,internal global i32 0,	constant	
9449,i32,0,i32	constant	
9450,i8*,null,i8*	null	
9451,i8*,null,i8*	null	
9452,i8*,null,i8*	null	
9453,i8*,null,i8*	null	
9454,i8**,null,i	null	
9455,i8*,null,i8*	null	
9456,i32,58,i32	constant	
9457,i32,58,i32	constant	
9458,i32,0,i32	constant	
9459,i32,0,i32	constant	
9460,i8*,null,i8*	null	
9461,i8*,null,i8*	null	
9462,i8*,null,i8*	null	
9463,i8*,null,i8*	null	
9464,i32*,null,i	null	
9465,i32,58,i32	constant	
9466,i32,58,i32	constant	
9467,i32,0,i32	constant	
9468,i32,0,i32	constant	
9469,i8*,null,i8*	null	
9470,i32,0,i32	constant	
9471,i32,32,i32	constant	
9472,_xmlNode*,null,xml	Node*	null	
9473,i32,1,i32	constant	
9474,i32,2,i32	constant	
9475,_xmlDoc*,null,xml	Doc*	null	
9476,i32,7,i32	constant	
9477,i32,4,i32	constant	
9478,i32,1,i32	constant	
9479,i32,2,i32	constant	
9480,i32,0,i32	constant	
9481,i32,1,i32	constant	
9482,i32,8,i32	constant	
9483,i32,0,i32	constant	
9484,i64,0,i64	constant	
9485,i64,0,i64	constant	
9486,i8*,null,i8*	null	
9487,i8*,null,i8*	null	
9488,i8*,null,i8*	null	
9489,i8*,null,i8*	null	
9490,i8*,null,i8*	null	
9491,i8*,null,i8*	null	
9492,i8*,null,i8*	null	
9493,i8*,null,i8*	null	
9494,_xmlURI*,null,xml	U	R	I*	null	
9495,i32,1048576,i32	constant	
9496,i8*,null,i8*	null	
9497,_xmlURI*,null,xml	U	R	I*	null	
9498,i8*,null,i8*	null	
9499,i8*,null,i8*	null	
9500,i32,0,i32	constant	
9501,i32,0,i32	constant	
9502,i32,80,i32	constant	
9503,i8*,null,i8*	null	
9504,i32,0,i32	constant	
9505,i32,80,i32	constant	
9506,i8*,null,i8*	null	
9507,i8*,null,i8*	null	
9508,i32,0,i32	constant	
9509,i32,0,i32	constant	
9510,i32,3,i32	constant	
9511,i32,80,i32	constant	
9512,i8*,null,i8*	null	
9513,i32,41,i32	constant	
9514,i32,40,i32	constant	
9515,i32,39,i32	constant	
9516,i32,42,i32	constant	
9517,i32,126,i32	constant	
9518,i32,33,i32	constant	
9519,i32,46,i32	constant	
9520,i32,95,i32	constant	
9521,i32,45,i32	constant	
9522,i32,57,i32	constant	
9523,i32,48,i32	constant	
9524,i32,90,i32	constant	
9525,i32,65,i32	constant	
9526,i32,122,i32	constant	
9527,i32,97,i32	constant	
9528,i32,93,i32	constant	
9529,i32,91,i32	constant	
9530,i32,44,i32	constant	
9531,i32,36,i32	constant	
9532,i32,43,i32	constant	
9533,i32,61,i32	constant	
9534,i32,38,i32	constant	
9535,i32,64,i32	constant	
9536,i32,58,i32	constant	
9537,i32,63,i32	constant	
9538,i32,47,i32	constant	
9539,i32,59,i32	constant	
9540,i32,16,i32	constant	
9541,i32,9,i32	constant	
9542,i32,16,i32	constant	
9543,i32,9,i32	constant	
9544,i32,-1,i32	constant	
9545,i8*,null,i8*	null	
9546,i32,0,i32	constant	
9547,i32,3,i32	constant	
9548,i32,80,i32	constant	
9549,i8*,null,i8*	null	
9550,i8*,null,i8*	null	
9551,i32,0,i32	constant	
9552,i32,0,i32	constant	
9553,i32,3,i32	constant	
9554,i32,80,i32	constant	
9555,i8*,null,i8*	null	
9556,i32,41,i32	constant	
9557,i32,40,i32	constant	
9558,i32,39,i32	constant	
9559,i32,42,i32	constant	
9560,i32,126,i32	constant	
9561,i32,33,i32	constant	
9562,i32,46,i32	constant	
9563,i32,95,i32	constant	
9564,i32,45,i32	constant	
9565,i32,57,i32	constant	
9566,i32,48,i32	constant	
9567,i32,90,i32	constant	
9568,i32,65,i32	constant	
9569,i32,122,i32	constant	
9570,i32,97,i32	constant	
9571,i32,58,i32	constant	
9572,i32,59,i32	constant	
9573,i32,61,i32	constant	
9574,i32,38,i32	constant	
9575,i32,36,i32	constant	
9576,i32,43,i32	constant	
9577,i32,44,i32	constant	
9578,i32,16,i32	constant	
9579,i32,9,i32	constant	
9580,i32,16,i32	constant	
9581,i32,9,i32	constant	
9582,i32,0,i32	constant	
9583,i32,3,i32	constant	
9584,i32,80,i32	constant	
9585,i8*,null,i8*	null	
9586,i8*,null,i8*	null	
9587,i32,0,i32	constant	
9588,i32,0,i32	constant	
9589,i32,80,i32	constant	
9590,i8*,null,i8*	null	
9591,i32,0,i32	constant	
9592,i32,0,i32	constant	
9593,i32,10,i32	constant	
9594,i32,80,i32	constant	
9595,i8*,null,i8*	null	
9596,i8*,null,i8*	null	
9597,i32,0,i32	constant	
9598,i32,3,i32	constant	
9599,i32,80,i32	constant	
9600,i8*,null,i8*	null	
9601,i32,0,i32	constant	
9602,i32,0,i32	constant	
9603,i32,3,i32	constant	
9604,i32,80,i32	constant	
9605,i8*,null,i8*	null	
9606,i32,41,i32	constant	
9607,i32,40,i32	constant	
9608,i32,39,i32	constant	
9609,i32,42,i32	constant	
9610,i32,126,i32	constant	
9611,i32,33,i32	constant	
9612,i32,46,i32	constant	
9613,i32,95,i32	constant	
9614,i32,45,i32	constant	
9615,i32,57,i32	constant	
9616,i32,48,i32	constant	
9617,i32,90,i32	constant	
9618,i32,65,i32	constant	
9619,i32,122,i32	constant	
9620,i32,97,i32	constant	
9621,i32,59,i32	constant	
9622,i32,44,i32	constant	
9623,i32,36,i32	constant	
9624,i32,38,i32	constant	
9625,i32,64,i32	constant	
9626,i32,58,i32	constant	
9627,i32,43,i32	constant	
9628,i32,61,i32	constant	
9629,i32,16,i32	constant	
9630,i32,9,i32	constant	
9631,i32,16,i32	constant	
9632,i32,9,i32	constant	
9633,i8*,null,i8*	null	
9634,i32,0,i32	constant	
9635,i32,3,i32	constant	
9636,i32,80,i32	constant	
9637,i8*,null,i8*	null	
9638,i8*,null,i8*	null	
9639,i8*,null,i8*	null	
9640,i32,47,i32	constant	
9641,i32,122,i32	constant	
9642,i32,97,i32	constant	
9643,i32,90,i32	constant	
9644,i32,65,i32	constant	
9645,i32,58,i32	constant	
9646,i32,0,i32	constant	
9647,i32,0,i32	constant	
9648,i32,3,i32	constant	
9649,i32,80,i32	constant	
9650,i8*,null,i8*	null	
9651,i32,0,i32	constant	
9652,i32,0,i32	constant	
9653,i32,3,i32	constant	
9654,i32,80,i32	constant	
9655,i8*,null,i8*	null	
9656,i32,47,i32	constant	
9657,i32,41,i32	constant	
9658,i32,40,i32	constant	
9659,i32,39,i32	constant	
9660,i32,42,i32	constant	
9661,i32,126,i32	constant	
9662,i32,33,i32	constant	
9663,i32,46,i32	constant	
9664,i32,95,i32	constant	
9665,i32,45,i32	constant	
9666,i32,57,i32	constant	
9667,i32,48,i32	constant	
9668,i32,90,i32	constant	
9669,i32,65,i32	constant	
9670,i32,122,i32	constant	
9671,i32,97,i32	constant	
9672,i32,38,i32	constant	
9673,i32,64,i32	constant	
9674,i32,59,i32	constant	
9675,i32,36,i32	constant	
9676,i32,43,i32	constant	
9677,i32,61,i32	constant	
9678,i32,44,i32	constant	
9679,i32,16,i32	constant	
9680,i32,9,i32	constant	
9681,i32,16,i32	constant	
9682,i32,9,i32	constant	
9683,i8*,null,i8*	null	
9684,i32,0,i32	constant	
9685,i32,1,i32	constant	
9686,i32,80,i32	constant	
9687,i8*,null,i8*	null	
9688,i32,0,i32	constant	
9689,i32,0,i32	constant	
9690,i32,1,i32	constant	
9691,i32,80,i32	constant	
9692,i8*,null,i8*	null	
9693,i8*,null,i8*	null	
9694,i32,0,i32	constant	
9695,i32,3,i32	constant	
9696,i32,80,i32	constant	
9697,i8*,null,i8*	null	
9698,i32,0,i32	constant	
9699,i32,0,i32	constant	
9700,i32,3,i32	constant	
9701,i32,80,i32	constant	
9702,i8*,null,i8*	null	
9703,i32,93,i32	constant	
9704,i32,91,i32	constant	
9705,i32,44,i32	constant	
9706,i32,36,i32	constant	
9707,i32,43,i32	constant	
9708,i32,61,i32	constant	
9709,i32,38,i32	constant	
9710,i32,64,i32	constant	
9711,i32,58,i32	constant	
9712,i32,63,i32	constant	
9713,i32,47,i32	constant	
9714,i32,59,i32	constant	
9715,i32,41,i32	constant	
9716,i32,40,i32	constant	
9717,i32,39,i32	constant	
9718,i32,42,i32	constant	
9719,i32,126,i32	constant	
9720,i32,33,i32	constant	
9721,i32,46,i32	constant	
9722,i32,95,i32	constant	
9723,i32,45,i32	constant	
9724,i32,57,i32	constant	
9725,i32,48,i32	constant	
9726,i32,90,i32	constant	
9727,i32,65,i32	constant	
9728,i32,122,i32	constant	
9729,i32,97,i32	constant	
9730,i32,16,i32	constant	
9731,i32,9,i32	constant	
9732,i32,16,i32	constant	
9733,i32,9,i32	constant	
9734,i8*,null,i8*	null	
9735,i32,0,i32	constant	
9736,i32,3,i32	constant	
9737,i32,80,i32	constant	
9738,i8*,null,i8*	null	
9739,i32,0,i32	constant	
9740,i32,0,i32	constant	
9741,i32,3,i32	constant	
9742,i32,80,i32	constant	
9743,i8*,null,i8*	null	
9744,i32,93,i32	constant	
9745,i32,91,i32	constant	
9746,i32,44,i32	constant	
9747,i32,36,i32	constant	
9748,i32,43,i32	constant	
9749,i32,61,i32	constant	
9750,i32,38,i32	constant	
9751,i32,64,i32	constant	
9752,i32,58,i32	constant	
9753,i32,63,i32	constant	
9754,i32,47,i32	constant	
9755,i32,59,i32	constant	
9756,i32,41,i32	constant	
9757,i32,40,i32	constant	
9758,i32,39,i32	constant	
9759,i32,42,i32	constant	
9760,i32,126,i32	constant	
9761,i32,33,i32	constant	
9762,i32,46,i32	constant	
9763,i32,95,i32	constant	
9764,i32,45,i32	constant	
9765,i32,57,i32	constant	
9766,i32,48,i32	constant	
9767,i32,90,i32	constant	
9768,i32,65,i32	constant	
9769,i32,122,i32	constant	
9770,i32,97,i32	constant	
9771,i32,16,i32	constant	
9772,i32,9,i32	constant	
9773,i32,16,i32	constant	
9774,i32,9,i32	constant	
9775,i32,0,i32	constant	
9776,i32,80,i32	constant	
9777,i8*,null,i8*	null	
9778,i8*,null,i8*	null	
9779,_xmlURI*,null,xml	U	R	I*	null	
9780,i8*,null,i8*	null	
9781,i8*,null,i8*	null	
9782,i8*,null,i8*	null	
9783,i8*,null,i8*	null	
9784,i8*,null,i8*	null	
9785,i8*,null,i8*	null	
9786,i8*,null,i8*	null	
9787,i8*,null,i8*	null	
9788,i8*,null,i8*	null	
9789,_xmlURI*,null,xml	U	R	I*	null	
9790,i8*,null,i8*	null	
9791,i8*,null,i8*	null	
9792,i8*,null,i8*	null	
9793,i8*,null,i8*	null	
9794,i8*,null,i8*	null	
9795,i8*,null,i8*	null	
9796,i8*,null,i8*	null	
9797,i8*,null,i8*	null	
9798,i8*,null,i8*	null	
9799,i8*,null,i8*	null	
9800,i32,47,i32	constant	
9801,i32,0,i32	constant	
9802,i32,0,i32	constant	
9803,i32,47,i32	constant	
9804,i32,46,i32	constant	
9805,i32,47,i32	constant	
9806,i32,0,i32	constant	
9807,i32,46,i32	constant	
9808,i32,47,i32	constant	
9809,i32,0,i32	constant	
9810,i32,47,i32	constant	
9811,i32,47,i32	constant	
9812,i32,47,i32	constant	
9813,i32,0,i32	constant	
9814,i32,0,i32	constant	
9815,i32,47,i32	constant	
9816,i32,0,i32	constant	
9817,i32,46,i32	constant	
9818,i32,46,i32	constant	
9819,i32,46,i32	constant	
9820,i32,46,i32	constant	
9821,i32,0,i32	constant	
9822,i32,47,i32	constant	
9823,i32,0,i32	constant	
9824,i32,0,i32	constant	
9825,i32,47,i32	constant	
9826,i32,47,i32	constant	
9827,i32,47,i32	constant	
9828,i32,46,i32	constant	
9829,i32,46,i32	constant	
9830,i32,47,i32	constant	
9831,i32,0,i32	constant	
9832,i32,47,i32	constant	
9833,i32,0,i32	constant	
9834,i32,57,i32	constant	
9835,i32,48,i32	constant	
9836,i32,102,i32	constant	
9837,i32,97,i32	constant	
9838,i32,70,i32	constant	
9839,i32,65,i32	constant	
9840,i8*,null,i8*	null	
9841,i32,0,i32	constant	
9842,i32,0,i32	constant	
9843,i8*,null,i8*	null	
9844,i8*,null,i8*	null	
9845,i32,0,i32	constant	
9846,i32,0,i32	constant	
9847,i32,0,i32	constant	
9848,i32,37,i32	constant	
9849,i32,2,i32	constant	
9850,i32,57,i32	constant	
9851,i32,48,i32	constant	
9852,i32,102,i32	constant	
9853,i32,97,i32	constant	
9854,i32,70,i32	constant	
9855,i32,65,i32	constant	
9856,i32,57,i32	constant	
9857,i32,48,i32	constant	
9858,i32,102,i32	constant	
9859,i32,97,i32	constant	
9860,i32,70,i32	constant	
9861,i32,65,i32	constant	
9862,i8*,null,i8*	null	
9863,i32,0,i32	constant	
9864,i32,0,i32	constant	
9865,i8*,null,i8*	null	
9866,i32,0,i32	constant	
9867,i32,0,i32	constant	
9868,i32,3,i32	constant	
9869,i8*,null,i8*	null	
9870,i8*,null,i8*	null	
9871,i32,41,i32	constant	
9872,i32,40,i32	constant	
9873,i32,39,i32	constant	
9874,i32,42,i32	constant	
9875,i32,126,i32	constant	
9876,i32,33,i32	constant	
9877,i32,46,i32	constant	
9878,i32,95,i32	constant	
9879,i32,45,i32	constant	
9880,i32,57,i32	constant	
9881,i32,48,i32	constant	
9882,i32,90,i32	constant	
9883,i32,65,i32	constant	
9884,i32,122,i32	constant	
9885,i32,97,i32	constant	
9886,i32,64,i32	constant	
9887,i32,9,i32	constant	
9888,i32,9,i32	constant	
9889,i8*,null,i8*	null	
9890,_xmlURI*,null,xml	U	R	I*	null	
9891,i32,0,i32	constant	
9892,_xmlURI*,null,xml	U	R	I*	null	
9893,i8*,null,i8*	null	
9894,i8*,null,i8*	null	
9895,i8*,null,i8*	null	
9896,i8*,null,i8*	null	
9897,i8*,null,i8*	null	
9898,i8*,null,i8*	null	
9899,i8*,null,i8*	null	
9900,i8*,null,i8*	null	
9901,i8*,null,i8*	null	
9902,i32,0,i32	constant	
9903,i8*,null,i8*	null	
9904,i8*,null,i8*	null	
9905,i8*,null,i8*	null	
9906,i8*,null,i8*	null	
9907,i8*,null,i8*	null	
9908,i8*,null,i8*	null	
9909,i8*,null,i8*	null	
9910,i8*,null,i8*	null	
9911,i8*,null,i8*	null	
9912,i8*,null,i8*	null	
9913,i8,0,i	
9914,_xmlURI*,null,xml	U	R	I*	null	
9915,i32,-1,i32	constant	
9916,i32,0,i32	constant	
9917,i8*,null,i8*	null	
9918,_xmlURI*,null,xml	U	R	I*	null	
9919,i8*,null,i8*	null	
9920,_xmlURI*,null,xml	U	R	I*	null	
9921,i32,-1,i32	constant	
9922,i32,0,i32	constant	
9923,_xmlURI*,null,xml	U	R	I*	null	
9924,_xmlURI*,null,xml	U	R	I*	null	
9925,i8*,null,i8*	null	
9926,_xmlURI*,null,xml	U	R	I*	null	
9927,i8*,null,i8*	null	
9928,i8*,null,i8*	null	
9929,i8*,null,i8*	null	
9930,i8*,null,i8*	null	
9931,i8*,null,i8*	null	
9932,i8*,null,i8*	null	
9933,i8*,null,i8*	null	
9934,i8*,null,i8*	null	
9935,i8*,null,i8*	null	
9936,i8*,null,i8*	null	
9937,i8*,null,i8*	null	
9938,i8*,null,i8*	null	
9939,i8*,null,i8*	null	
9940,i8*,null,i8*	null	
9941,i8*,null,i8*	null	
9942,i8*,null,i8*	null	
9943,i8*,null,i8*	null	
9944,i8*,null,i8*	null	
9945,i8*,null,i8*	null	
9946,i8*,null,i8*	null	
9947,i8*,null,i8*	null	
9948,i8*,null,i8*	null	
9949,i8*,null,i8*	null	
9950,i8*,null,i8*	null	
9951,i8*,null,i8*	null	
9952,i8*,null,i8*	null	
9953,i8*,null,i8*	null	
9954,i32,47,i32	constant	
9955,i8*,null,i8*	null	
9956,i8*,null,i8*	null	
9957,i8*,null,i8*	null	
9958,i8*,null,i8*	null	
9959,i8*,null,i8*	null	
9960,i32,0,i32	constant	
9961,i32,47,i32	constant	
9962,i32,0,i32	constant	
9963,i32,0,i32	constant	
9964,i32,0,i32	constant	
9965,i32,0,i32	constant	
9966,i8*,null,i8*	null	
9967,i8*,null,i8*	null	
9968,i32,0,i32	constant	
9969,i32,0,i32	constant	
9970,i8**,null,i	null	
9971,_xmlURI*,null,xml	U	R	I*	null	
9972,_xmlURI*,null,xml	U	R	I*	null	
9973,_xmlURI*,null,xml	U	R	I*	null	
9974,i32,90,i32	constant	
9975,i32,65,i32	constant	
9976,i32,122,i32	constant	
9977,i32,97,i32	constant	
9978,i32,0,i32	constant	
9979,i8*,null,i8*	null	
9980,i32,57,i32	constant	
9981,i32,48,i32	constant	
9982,i32,90,i32	constant	
9983,i32,65,i32	constant	
9984,i32,122,i32	constant	
9985,i32,97,i32	constant	
9986,_xmlURI*,null,xml	U	R	I*	null	
9987,i32,46,i32	constant	
9988,i32,0,i32	constant	
9989,i32,46,i32	constant	
9990,i32,45,i32	constant	
9991,i32,43,i32	constant	
9992,i32,0,i32	constant	
9993,i8*,null,i8*	null	
9994,_xmlURI*,null,xml	U	R	I*	null	
9995,_xmlURI*,null,xml	U	R	I*	null	
9996,i32,46,i32	constant	
9997,i32,0,i32	constant	
9998,i8*,null,i8*	null	
9999,i8*,null,i8*	null	
10000,i8*,null,i8*	null	
10001,i32,0,i32	constant	
10002,i32,0,i32	constant	
10003,i32,0,i32	constant	
10004,i8*,null,i8*	null	
10005,i8*,null,i8*	null	
10006,i8*,null,i8*	null	
10007,i8*,null,i8*	null	
10008,i32,47,i32	constant	
10009,i8*,null,i8*	null	
10010,i32,0,i32	constant	
10011,i32,47,i32	constant	
10012,i32,47,i32	constant	
10013,i32,46,i32	constant	
10014,i32,47,i32	constant	
10015,i32,46,i32	constant	
10016,i32,47,i32	constant	
10017,i32,47,i32	constant	
10018,i32,0,i32	constant	
10019,i32,0,i32	constant	
10020,i32,47,i32	constant	
10021,i32,47,i32	constant	
10022,i32,0,i32	constant	
10023,i32,1,i32	constant	
10024,i32,0,i32	constant	
10025,i32,0,i32	constant	
10026,i32,47,i32	constant	
10027,i32,0,i32	constant	
10028,i32,0,i32	constant	
10029,i32,47,i32	constant	
10030,i32,0,i32	constant	
10031,i8*,null,i8*	null	
10032,i8*,null,i8*	null	
10033,i32,0,i32	constant	
10034,i8*,null,i8*	null	
10035,i32,1,i32	constant	
10036,i32,0,i32	constant	
10037,i8*,null,i8*	null	
10038,i32,47,i32	constant	
10039,i32,47,i32	constant	
10040,i32,0,i32	constant	
10041,_xmlURI*,null,xml	U	R	I*	null	
10042,_xmlURI*,null,xml	U	R	I*	null	
10043,i8*,null,i8*	null	
10044,i32,47,i32	constant	
10045,i32,47,i32	constant	
10046,i32,47,i32	constant	
10047,_xmlURI*,null,xml	U	R	I*	null	
10048,i8*,null,i8*	null	
10049,i32,20,i32	constant	
10050,i32,0,i32	constant	
10051,i32,90,i32	constant	
10052,i32,65,i32	constant	
10053,i32,122,i32	constant	
10054,i32,97,i32	constant	
10055,i8*,null,i8*	null	
10056,_xmlURI*,null,xml	U	R	I*	null	
10057,i8**,null,i	null	
10058,i32,63,i32	constant	
10059,i32,47,i32	constant	
10060,i32,64,i32	constant	
10061,i32,58,i32	constant	
10062,i32,39,i32	constant	
10063,i32,61,i32	constant	
10064,i32,59,i32	constant	
10065,i32,44,i32	constant	
10066,i32,43,i32	constant	
10067,i32,42,i32	constant	
10068,i32,41,i32	constant	
10069,i32,40,i32	constant	
10070,i32,38,i32	constant	
10071,i32,36,i32	constant	
10072,i32,33,i32	constant	
10073,i32,70,i32	constant	
10074,i32,65,i32	constant	
10075,i32,102,i32	constant	
10076,i32,97,i32	constant	
10077,i32,57,i32	constant	
10078,i32,48,i32	constant	
10079,i32,70,i32	constant	
10080,i32,65,i32	constant	
10081,i32,102,i32	constant	
10082,i32,97,i32	constant	
10083,i32,57,i32	constant	
10084,i32,48,i32	constant	
10085,i32,37,i32	constant	
10086,i32,126,i32	constant	
10087,i32,95,i32	constant	
10088,i32,46,i32	constant	
10089,i32,45,i32	constant	
10090,i32,57,i32	constant	
10091,i32,48,i32	constant	
10092,i32,90,i32	constant	
10093,i32,65,i32	constant	
10094,i32,122,i32	constant	
10095,i32,97,i32	constant	
10096,i8*,null,i8*	null	
10097,_xmlURI*,null,xml	U	R	I*	null	
10098,i8*,null,i8*	null	
10099,i32,93,i32	constant	
10100,i32,91,i32	constant	
10101,i32,96,i32	constant	
10102,i32,93,i32	constant	
10103,i32,91,i32	constant	
10104,i32,94,i32	constant	
10105,i32,92,i32	constant	
10106,i32,124,i32	constant	
10107,i32,125,i32	constant	
10108,i32,123,i32	constant	
10109,i32,1,i32	constant	
10110,i32,0,i32	constant	
10111,_xmlURI*,null,xml	U	R	I*	null	
10112,i32,37,i32	constant	
10113,_xmlURI*,null,xml	U	R	I*	null	
10114,i8*,null,i8*	null	
10115,i32,2,i32	constant	
10116,i32,0,i32	constant	
10117,i8**,null,i	null	
10118,i32,63,i32	constant	
10119,i32,47,i32	constant	
10120,i32,64,i32	constant	
10121,i32,58,i32	constant	
10122,i32,39,i32	constant	
10123,i32,61,i32	constant	
10124,i32,59,i32	constant	
10125,i32,44,i32	constant	
10126,i32,43,i32	constant	
10127,i32,42,i32	constant	
10128,i32,41,i32	constant	
10129,i32,40,i32	constant	
10130,i32,38,i32	constant	
10131,i32,36,i32	constant	
10132,i32,33,i32	constant	
10133,i32,70,i32	constant	
10134,i32,65,i32	constant	
10135,i32,102,i32	constant	
10136,i32,97,i32	constant	
10137,i32,57,i32	constant	
10138,i32,48,i32	constant	
10139,i32,70,i32	constant	
10140,i32,65,i32	constant	
10141,i32,102,i32	constant	
10142,i32,97,i32	constant	
10143,i32,57,i32	constant	
10144,i32,48,i32	constant	
10145,i32,37,i32	constant	
10146,i32,126,i32	constant	
10147,i32,95,i32	constant	
10148,i32,46,i32	constant	
10149,i32,45,i32	constant	
10150,i32,57,i32	constant	
10151,i32,48,i32	constant	
10152,i32,90,i32	constant	
10153,i32,65,i32	constant	
10154,i32,122,i32	constant	
10155,i32,97,i32	constant	
10156,i32,96,i32	constant	
10157,i32,93,i32	constant	
10158,i32,91,i32	constant	
10159,i32,94,i32	constant	
10160,i32,92,i32	constant	
10161,i32,124,i32	constant	
10162,i32,125,i32	constant	
10163,i32,123,i32	constant	
10164,i32,1,i32	constant	
10165,i32,0,i32	constant	
10166,_xmlURI*,null,xml	U	R	I*	null	
10167,i32,37,i32	constant	
10168,_xmlURI*,null,xml	U	R	I*	null	
10169,i8*,null,i8*	null	
10170,i32,2,i32	constant	
10171,i32,0,i32	constant	
10172,i8*,null,i8*	null	
10173,i32,57,i32	constant	
10174,i32,48,i32	constant	
10175,_xmlURI*,null,xml	U	R	I*	null	
10176,i32,57,i32	constant	
10177,i32,48,i32	constant	
10178,_xmlURI*,null,xml	U	R	I*	null	
10179,i32,70,i32	constant	
10180,i32,65,i32	constant	
10181,i32,102,i32	constant	
10182,i32,97,i32	constant	
10183,i32,57,i32	constant	
10184,i32,48,i32	constant	
10185,i32,70,i32	constant	
10186,i32,65,i32	constant	
10187,i32,102,i32	constant	
10188,i32,97,i32	constant	
10189,i32,57,i32	constant	
10190,i32,48,i32	constant	
10191,i32,37,i32	constant	
10192,i32,126,i32	constant	
10193,i32,95,i32	constant	
10194,i32,46,i32	constant	
10195,i32,45,i32	constant	
10196,i32,57,i32	constant	
10197,i32,48,i32	constant	
10198,i32,90,i32	constant	
10199,i32,65,i32	constant	
10200,i32,122,i32	constant	
10201,i32,97,i32	constant	
10202,i32,58,i32	constant	
10203,i32,39,i32	constant	
10204,i32,61,i32	constant	
10205,i32,59,i32	constant	
10206,i32,44,i32	constant	
10207,i32,43,i32	constant	
10208,i32,42,i32	constant	
10209,i32,41,i32	constant	
10210,i32,40,i32	constant	
10211,i32,38,i32	constant	
10212,i32,36,i32	constant	
10213,i32,33,i32	constant	
10214,i32,37,i32	constant	
10215,i32,64,i32	constant	
10216,_xmlURI*,null,xml	U	R	I*	null	
10217,i8*,null,i8*	null	
10218,i32,2,i32	constant	
10219,i32,0,i32	constant	
10220,i8*,null,i8*	null	
10221,i32,57,i32	constant	
10222,i32,48,i32	constant	
10223,i32,57,i32	constant	
10224,i32,48,i32	constant	
10225,i32,57,i32	constant	
10226,i32,48,i32	constant	
10227,i32,57,i32	constant	
10228,i32,48,i32	constant	
10229,i32,48,i32	constant	
10230,i32,57,i32	constant	
10231,i32,48,i32	constant	
10232,i32,57,i32	constant	
10233,i32,48,i32	constant	
10234,i32,49,i32	constant	
10235,i32,48,i32	constant	
10236,i32,50,i32	constant	
10237,i32,57,i32	constant	
10238,i32,48,i32	constant	
10239,i32,52,i32	constant	
10240,i32,53,i32	constant	
10241,i32,50,i32	constant	
10242,i32,53,i32	constant	
10243,i32,48,i32	constant	
10244,i32,91,i32	constant	
10245,i32,0,i32	constant	
10246,i32,93,i32	constant	
10247,i32,93,i32	constant	
10248,i32,57,i32	constant	
10249,i32,48,i32	constant	
10250,i32,0,i32	constant	
10251,i32,46,i32	constant	
10252,i32,0,i32	constant	
10253,i32,46,i32	constant	
10254,i32,0,i32	constant	
10255,i32,46,i32	constant	
10256,i32,0,i32	constant	
10257,i32,39,i32	constant	
10258,i32,61,i32	constant	
10259,i32,59,i32	constant	
10260,i32,44,i32	constant	
10261,i32,43,i32	constant	
10262,i32,42,i32	constant	
10263,i32,41,i32	constant	
10264,i32,40,i32	constant	
10265,i32,38,i32	constant	
10266,i32,36,i32	constant	
10267,i32,33,i32	constant	
10268,i32,70,i32	constant	
10269,i32,65,i32	constant	
10270,i32,102,i32	constant	
10271,i32,97,i32	constant	
10272,i32,57,i32	constant	
10273,i32,48,i32	constant	
10274,i32,70,i32	constant	
10275,i32,65,i32	constant	
10276,i32,102,i32	constant	
10277,i32,97,i32	constant	
10278,i32,57,i32	constant	
10279,i32,48,i32	constant	
10280,i32,37,i32	constant	
10281,i32,126,i32	constant	
10282,i32,95,i32	constant	
10283,i32,46,i32	constant	
10284,i32,45,i32	constant	
10285,i32,57,i32	constant	
10286,i32,48,i32	constant	
10287,i32,90,i32	constant	
10288,i32,65,i32	constant	
10289,i32,122,i32	constant	
10290,i32,97,i32	constant	
10291,i32,37,i32	constant	
10292,_xmlURI*,null,xml	U	R	I*	null	
10293,i8*,null,i8*	null	
10294,i8*,null,i8*	null	
10295,i32,2,i32	constant	
10296,i32,0,i32	constant	
10297,i32,64,i32	constant	
10298,i32,0,i32	constant	
10299,i32,0,i32	constant	
10300,i32,58,i32	constant	
10301,i32,0,i32	constant	
10302,i32,64,i32	constant	
10303,i32,58,i32	constant	
10304,i32,39,i32	constant	
10305,i32,61,i32	constant	
10306,i32,59,i32	constant	
10307,i32,44,i32	constant	
10308,i32,43,i32	constant	
10309,i32,42,i32	constant	
10310,i32,41,i32	constant	
10311,i32,40,i32	constant	
10312,i32,38,i32	constant	
10313,i32,36,i32	constant	
10314,i32,33,i32	constant	
10315,i32,70,i32	constant	
10316,i32,65,i32	constant	
10317,i32,102,i32	constant	
10318,i32,97,i32	constant	
10319,i32,57,i32	constant	
10320,i32,48,i32	constant	
10321,i32,70,i32	constant	
10322,i32,65,i32	constant	
10323,i32,102,i32	constant	
10324,i32,97,i32	constant	
10325,i32,57,i32	constant	
10326,i32,48,i32	constant	
10327,i32,37,i32	constant	
10328,i32,126,i32	constant	
10329,i32,95,i32	constant	
10330,i32,46,i32	constant	
10331,i32,45,i32	constant	
10332,i32,57,i32	constant	
10333,i32,48,i32	constant	
10334,i32,90,i32	constant	
10335,i32,65,i32	constant	
10336,i32,122,i32	constant	
10337,i32,97,i32	constant	
10338,i32,0,i32	constant	
10339,i32,64,i32	constant	
10340,i32,58,i32	constant	
10341,i32,39,i32	constant	
10342,i32,61,i32	constant	
10343,i32,59,i32	constant	
10344,i32,44,i32	constant	
10345,i32,43,i32	constant	
10346,i32,42,i32	constant	
10347,i32,41,i32	constant	
10348,i32,40,i32	constant	
10349,i32,38,i32	constant	
10350,i32,36,i32	constant	
10351,i32,33,i32	constant	
10352,i32,70,i32	constant	
10353,i32,65,i32	constant	
10354,i32,102,i32	constant	
10355,i32,97,i32	constant	
10356,i32,57,i32	constant	
10357,i32,48,i32	constant	
10358,i32,70,i32	constant	
10359,i32,65,i32	constant	
10360,i32,102,i32	constant	
10361,i32,97,i32	constant	
10362,i32,57,i32	constant	
10363,i32,48,i32	constant	
10364,i32,37,i32	constant	
10365,i32,126,i32	constant	
10366,i32,95,i32	constant	
10367,i32,46,i32	constant	
10368,i32,45,i32	constant	
10369,i32,57,i32	constant	
10370,i32,48,i32	constant	
10371,i32,90,i32	constant	
10372,i32,65,i32	constant	
10373,i32,122,i32	constant	
10374,i32,97,i32	constant	
10375,i32,37,i32	constant	
10376,i32,47,i32	constant	
10377,i32,0,i32	constant	
10378,_xmlURI*,null,xml	U	R	I*	null	
10379,i8*,null,i8*	null	
10380,i32,2,i32	constant	
10381,i32,0,i32	constant	
10382,i32,47,i32	constant	
10383,i32,0,i32	constant	
10384,i32,47,i32	constant	
10385,i32,0,i32	constant	
10386,_xmlURI*,null,xml	U	R	I*	null	
10387,i8*,null,i8*	null	
10388,i32,2,i32	constant	
10389,i32,0,i32	constant	
10390,i32,0,i32	constant	
10391,i32,47,i32	constant	
10392,i32,0,i32	constant	
10393,_xmlURI*,null,xml	U	R	I*	null	
10394,i8*,null,i8*	null	
10395,i32,2,i32	constant	
10396,i32,0,i32	constant	
10397,i32,0,i32	constant	
10398,i32,47,i32	constant	
10399,i32,0,i32	constant	
10400,_xmlURI*,null,xml	U	R	I*	null	
10401,i8*,null,i8*	null	
10402,i32,2,i32	constant	
10403,i32,0,i32	constant	
10404,i32,47,i32	constant	
10405,i32,47,i32	constant	
10406,i32,0,i32	constant	
10407,i8*,null,i8*	null	
10408,i32,0,i32	constant	
10409,i32,47,i32	constant	
10410,i32,0,i32	constant	
10411,i32,64,i32	constant	
10412,i32,58,i32	constant	
10413,i32,39,i32	constant	
10414,i32,61,i32	constant	
10415,i32,59,i32	constant	
10416,i32,44,i32	constant	
10417,i32,43,i32	constant	
10418,i32,42,i32	constant	
10419,i32,41,i32	constant	
10420,i32,40,i32	constant	
10421,i32,38,i32	constant	
10422,i32,36,i32	constant	
10423,i32,33,i32	constant	
10424,i32,70,i32	constant	
10425,i32,65,i32	constant	
10426,i32,102,i32	constant	
10427,i32,97,i32	constant	
10428,i32,57,i32	constant	
10429,i32,48,i32	constant	
10430,i32,70,i32	constant	
10431,i32,65,i32	constant	
10432,i32,102,i32	constant	
10433,i32,97,i32	constant	
10434,i32,57,i32	constant	
10435,i32,48,i32	constant	
10436,i32,37,i32	constant	
10437,i32,126,i32	constant	
10438,i32,95,i32	constant	
10439,i32,46,i32	constant	
10440,i32,45,i32	constant	
10441,i32,57,i32	constant	
10442,i32,48,i32	constant	
10443,i32,90,i32	constant	
10444,i32,65,i32	constant	
10445,i32,122,i32	constant	
10446,i32,97,i32	constant	
10447,i32,0,i32	constant	
10448,_xmlURI*,null,xml	U	R	I*	null	
10449,i8*,null,i8*	null	
10450,i32,47,i32	constant	
10451,i32,47,i32	constant	
10452,i32,0,i32	constant	
10453,i32,0,i32	constant	
10454,i32,47,i32	constant	
10455,i32,0,i32	constant	
10456,i32,64,i32	constant	
10457,i32,58,i32	constant	
10458,i32,39,i32	constant	
10459,i32,61,i32	constant	
10460,i32,59,i32	constant	
10461,i32,44,i32	constant	
10462,i32,43,i32	constant	
10463,i32,42,i32	constant	
10464,i32,41,i32	constant	
10465,i32,40,i32	constant	
10466,i32,38,i32	constant	
10467,i32,36,i32	constant	
10468,i32,33,i32	constant	
10469,i32,70,i32	constant	
10470,i32,65,i32	constant	
10471,i32,102,i32	constant	
10472,i32,97,i32	constant	
10473,i32,57,i32	constant	
10474,i32,48,i32	constant	
10475,i32,70,i32	constant	
10476,i32,65,i32	constant	
10477,i32,102,i32	constant	
10478,i32,97,i32	constant	
10479,i32,57,i32	constant	
10480,i32,48,i32	constant	
10481,i32,37,i32	constant	
10482,i32,126,i32	constant	
10483,i32,95,i32	constant	
10484,i32,46,i32	constant	
10485,i32,45,i32	constant	
10486,i32,57,i32	constant	
10487,i32,48,i32	constant	
10488,i32,90,i32	constant	
10489,i32,65,i32	constant	
10490,i32,122,i32	constant	
10491,i32,97,i32	constant	
10492,i32,0,i32	constant	
10493,_xmlURI*,null,xml	U	R	I*	null	
10494,i8*,null,i8*	null	
10495,i32,63,i32	constant	
10496,i32,0,i32	constant	
10497,i32,35,i32	constant	
10498,i32,0,i32	constant	
10499,i32,0,i32	constant	
10500,i32,0,i32	constant	
10501,i32,58,i32	constant	
10502,i32,0,i32	constant	
10503,i32,63,i32	constant	
10504,i32,0,i32	constant	
10505,i32,35,i32	constant	
10506,i32,0,i32	constant	
10507,i32,0,i32	constant	
10508,i8*,null,i8*	null	
10509,i32,0,i32	constant	
10510,i32,0,i32	constant	
10511,i8*,null,i8*	null	
10512,_xmlURI*,null,xml	U	R	I*	null	
10513,i32,0,i32	constant	
10514,i8*,null,i8*	null	
10515,_xmlURI*,null,xml	U	R	I*	null	
10516,i32,0,i32	constant	
10517,i32,0,i32	constant	
10518,_xmlElementContent*,null,xml	Element	Content*	null	
10519,_xmlDoc*,null,xml	Doc*	null	
10520,_xmlElementContent*,null,xml	Element	Content*	null	
10521,i8*,null,i8*	null	
10522,_xmlDict*,null,xml	Dict*	null	
10523,i8*,null,i8*	null	
10524,_xmlDict*,null,xml	Dict*	null	
10525,_xmlElementContent*,null,xml	Element	Content*	null	
10526,_xmlValidCtxt*,null,xml	Valid	Ctxt*	null	
10527,_xmlElementContent*,null,xml	Element	Content*	null	
10528,_xmlElementContent*,null,xml	Element	Content*	null	
10529,_xmlElementContent*,null,xml	Element	Content*	null	
10530,_xmlElementContent*,null,xml	Element	Content*	null	
10531,i8*,null,i8*	null	
10532,_xmlDict*,null,xml	Dict*	null	
10533,i8*,null,i8*	null	
10534,_xmlDict*,null,xml	Dict*	null	
10535,_xmlElementContent*,null,xml	Element	Content*	null	
10536,_xmlElementContent*,null,xml	Element	Content*	null	
10537,i32,-1412623820,i32	constant	
10538,i32,-1412623819,i32	constant	
10539,_xmlDoc*,null,xml	Doc*	null	
10540,_xmlElementContent*,null,xml	Element	Content*	null	
10541,i64,250,i64	constant	
10542,i64,0,i64	constant	
10543,_xmlElementContent*,null,xml	Element	Content*	null	
10544,_xmlDict*,null,xml	Dict*	null	
10545,i32,0,i32	constant	
10546,i8*,null,i8*	null	
10547,i32,0,i32	constant	
10548,i8*,null,i8*	null	
10549,i8*,null,i8*	null	
10550,i8*,null,i8*	null	
10551,i8*,null,i8*	null	
10552,_xmlElementContent*,null,xml	Element	Content*	null	
10553,i32,0,i32	constant	
10554,i8*,null,i8*	null	
10555,i32,4,i32	constant	
10556,i32,3,i32	constant	
10557,i32,4,i32	constant	
10558,i32,3,i32	constant	
10559,i32,1,i32	constant	
10560,i32,4,i32	constant	
10561,i32,3,i32	constant	
10562,i32,3,i32	constant	
10563,i32,4,i32	constant	
10564,i32,1,i32	constant	
10565,i32,0,i32	constant	
10566,_xmlElementContent*,null,xml	Element	Content*	null	
10567,i32,50,i32	constant	
10568,i32,46,i32	constant	
10569,i32,4,i32	constant	
10570,i32,0,i32	constant	
10571,i8*,null,i8*	null	
10572,i8*,null,i8*	null	
10573,i32,4,i32	constant	
10574,i32,3,i32	constant	
10575,i32,50,i32	constant	
10576,i32,46,i32	constant	
10577,i32,4,i32	constant	
10578,i32,4,i32	constant	
10579,i32,1,i32	constant	
10580,i32,2,i32	constant	
10581,i32,4,i32	constant	
10582,i32,3,i32	constant	
10583,i32,50,i32	constant	
10584,i32,46,i32	constant	
10585,i32,4,i32	constant	
10586,i32,3,i32	constant	
10587,i32,1,i32	constant	
10588,i32,2,i32	constant	
10589,i32,0,i32	constant	
10590,_xmlElement*,null,xml	Element*	null	
10591,i8*,null,i8*	null	
10592,i8*,null,i8*	null	
10593,_xmlRegexp*,null,xml	Regexp*	null	
10594,_xmlDtd*,null,xml	Dtd*	null	
10595,i8*,null,i8*	null	
10596,_xmlElementContent*,null,xml	Element	Content*	null	
10597,_xmlElementContent*,null,xml	Element	Content*	null	
10598,_xmlElementContent*,null,xml	Element	Content*	null	
10599,_xmlElementContent*,null,xml	Element	Content*	null	
10600,i8*,null,i8*	null	
10601,_xmlHashTable*,null,xml	Hash	Table*	null	
10602,_xmlDoc*,null,xml	Doc*	null	
10603,_xmlHashTable*,null,xml	Hash	Table*	null	
10604,i8*,null,i8*	null	
10605,i8*,null,i8*	null	
10606,_xmlDtd*,null,xml	Dtd*	null	
10607,_xmlDoc*,null,xml	Doc*	null	
10608,i32,0,i32	constant	
10609,_xmlElement*,null,xml	Element*	null	
10610,_xmlElement*,null,xml	Element*	null	
10611,i32,0,i32	constant	
10612,i8*,null,i8*	null	
10613,i8*,null,i8*	null	
10614,i8*,null,i8*	null	
10615,_xmlElement*,null,xml	Element*	null	
10616,i8*,null,i8*	null	
10617,_xmlValidCtxt*,null,xml	Valid	Ctxt*	null	
10618,i8*,null,i8*	null	
10619,i8*,null,i8*	null	
10620,i8*,null,i8*	null	
10621,i8*,null,i8*	null	
10622,i32,0,i32	constant	
10623,i8*,null,i8*	null	
10624,i32,-1412623820,i32	constant	
10625,_xmlValidCtxt*,null,xml	Valid	Ctxt*	null	
10626,i32,-1412623820,i32	constant	
10627,i32,-1412623819,i32	constant	
10628,i32,-1412623819,i32	constant	
10629,_xmlElementContent*,null,xml	Element	Content*	null	
10630,_xmlNode*,null,xml	Node*	null	
10631,i8*,null,i8*	null	
10632,i64,250,i64	constant	
10633,i64,0,i64	constant	
10634,_xmlElement*,null,xml	Element*	null	
10635,i8*,null,i8*	null	
10636,i8*,null,i8*	null	
10637,_xmlElement*,null,xml	Element*	null	
10638,_xmlBuffer*,null,xml	Buffer*	null	
10639,i8*,null,i8*	null	
10640,i8*,null,i8*	null	
10641,i8*,null,i8*	null	
10642,i8*,null,i8*	null	
10643,_xmlHashTable*,null,xml	Hash	Table*	null	
10644,_xmlBuffer*,null,xml	Buffer*	null	
10645,_xmlEnumeration*,null,xml	Enumeration*	null	
10646,i8*,null,i8*	null	
10647,_xmlEnumeration*,null,xml	Enumeration*	null	
10648,_xmlEnumeration*,null,xml	Enumeration*	null	
10649,i8*,null,i8*	null	
10650,_xmlEnumeration*,null,xml	Enumeration*	null	
10651,_xmlEnumeration*,null,xml	Enumeration*	null	
10652,_xmlEnumeration*,null,xml	Enumeration*	null	
10653,_xmlEnumeration*,null,xml	Enumeration*	null	
10654,_xmlBuffer*,null,xml	Buffer*	null	
10655,_xmlEnumeration*,null,xml	Enumeration*	null	
10656,_xmlElement*,null,xml	Element*	null	
10657,_xmlAttribute*,null,xml	Attribute*	null	
10658,i32,2,i32	constant	
10659,i32,0,i32	constant	
10660,i32,0,i32	constant	
10661,i32,1,i32	constant	
10662,_xmlAttribute*,null,xml	Attribute*	null	
10663,_xmlDoc*,null,xml	Doc*	null	
10664,_xmlEnumeration*,null,xml	Enumeration*	null	
10665,_xmlDict*,null,xml	Dict*	null	
10666,i32,0,i32	constant	
10667,i8*,null,i8*	null	
10668,i32,0,i32	constant	
10669,i8*,null,i8*	null	
10670,i32,0,i32	constant	
10671,i8*,null,i8*	null	
10672,i8*,null,i8*	null	
10673,i32,0,i32	constant	
10674,i8*,null,i8*	null	
10675,i8*,null,i8*	null	
10676,i8*,null,i8*	null	
10677,i8*,null,i8*	null	
10678,_xmlDtd*,null,xml	Dtd*	null	
10679,i8*,null,i8*	null	
10680,i8*,null,i8*	null	
10681,_xmlDoc*,null,xml	Doc*	null	
10682,i8*,null,i8*	null	
10683,i32,0,i32	constant	
10684,_xmlValidCtxt*,null,xml	Valid	Ctxt*	null	
10685,_xmlDoc*,null,xml	Doc*	null	
10686,_xmlDtd*,null,xml	Dtd*	null	
10687,i8*,null,i8*	null	
10688,_xmlAttribute*,null,xml	Attribute*	null	
10689,_xmlHashTable*,null,xml	Hash	Table*	null	
10690,_xmlHashTable*,null,xml	Hash	Table*	null	
10691,_xmlAttribute*,null,xml	Attribute*	null	
10692,_xmlDict*,null,xml	Dict*	null	
10693,i8*,null,i8*	null	
10694,_xmlDict*,null,xml	Dict*	null	
10695,i32,0,i32	constant	
10696,_xmlElement*,null,xml	Element*	null	
10697,i32,2,i32	constant	
10698,i32,0,i32	constant	
10699,_xmlValidCtxt*,null,xml	Valid	Ctxt*	null	
10700,i32,0,i32	constant	
10701,i8*,null,i8*	null	
10702,i32,0,i32	constant	
10703,_xmlAttribute*,null,xml	Attribute*	null	
10704,i32,0,i32	constant	
10705,i32,0,i32	constant	
10706,i8*,null,i8*	null	
10707,_xmlAttribute*,null,xml	Attribute*	null	
10708,_xmlAttribute*,null,xml	Attribute*	null	
10709,_xmlNode*,null,xml	Node*	null	
10710,_xmlAttribute*,null,xml	Attribute*	null	
10711,i8*,null,i8*	null	
10712,i8*,null,i8*	null	
10713,i8*,null,i8*	null	
10714,i8*,null,i8*	null	
10715,_xmlAttribute*,null,xml	Attribute*	null	
10716,_xmlBuffer*,null,xml	Buffer*	null	
10717,i8*,null,i8*	null	
10718,i8*,null,i8*	null	
10719,_xmlHashTable*,null,xml	Hash	Table*	null	
10720,_xmlBuffer*,null,xml	Buffer*	null	
10721,_xmlNotation*,null,xml	Notation*	null	
10722,i8*,null,i8*	null	
10723,i8*,null,i8*	null	
10724,i8*,null,i8*	null	
10725,_xmlValidCtxt*,null,xml	Valid	Ctxt*	null	
10726,_xmlDtd*,null,xml	Dtd*	null	
10727,i8*,null,i8*	null	
10728,i8*,null,i8*	null	
10729,i8*,null,i8*	null	
10730,_xmlHashTable*,null,xml	Hash	Table*	null	
10731,_xmlDoc*,null,xml	Doc*	null	
10732,_xmlHashTable*,null,xml	Hash	Table*	null	
10733,_xmlNotation*,null,xml	Notation*	null	
10734,i8*,null,i8*	null	
10735,i8*,null,i8*	null	
10736,i32,-1412623820,i32	constant	
10737,i32,0,i32	constant	
10738,i32,-1412623819,i32	constant	
10739,i64,250,i64	constant	
10740,i64,0,i64	constant	
10741,_xmlNotation*,null,xml	Notation*	null	
10742,i8*,null,i8*	null	
10743,i8*,null,i8*	null	
10744,i8*,null,i8*	null	
10745,_xmlNotation*,null,xml	Notation*	null	
10746,_xmlBuffer*,null,xml	Buffer*	null	
10747,i8*,null,i8*	null	
10748,i8*,null,i8*	null	
10749,_xmlHashTable*,null,xml	Hash	Table*	null	
10750,_xmlBuffer*,null,xml	Buffer*	null	
10751,_xmlID*,null,xml	I	D*	null	
10752,_xmlDoc*,null,xml	Doc*	null	
10753,i8*,null,i8*	null	
10754,i32,0,i32	constant	
10755,_xmlDict*,null,xml	Dict*	null	
10756,i8*,null,i8*	null	
10757,i8*,null,i8*	null	
10758,i32,0,i32	constant	
10759,_xmlDict*,null,xml	Dict*	null	
10760,i8*,null,i8*	null	
10761,_xmlDoc*,null,xml	Doc*	null	
10762,i8*,null,i8*	null	
10763,_xmlAttr*,null,xml	Attr*	null	
10764,_xmlHashTable*,null,xml	Hash	Table*	null	
10765,_xmlHashTable*,null,xml	Hash	Table*	null	
10766,_xmlID*,null,xml	I	D*	null	
10767,i32,0,i32	constant	
10768,_xmlValidCtxt*,null,xml	Valid	Ctxt*	null	
10769,_xmlDict*,null,xml	Dict*	null	
10770,i32,0,i32	constant	
10771,_xmlValidCtxt*,null,xml	Valid	Ctxt*	null	
10772,_xmlAttr*,null,xml	Attr*	null	
10773,i8*,null,i8*	null	
10774,_xmlAttr*,null,xml	Attr*	null	
10775,i8*,null,i8*	null	
10776,_xmlNs*,null,xml	Ns*	null	
10777,i32,0,i32	constant	
10778,i32,0,i32	constant	
10779,_xmlDoc*,null,xml	Doc*	null	
10780,_xmlDtd*,null,xml	Dtd*	null	
10781,_xmlDtd*,null,xml	Dtd*	null	
10782,i32,13,i32	constant	
10783,i32,13,i32	constant	
10784,i32,0,i32	constant	
10785,i32,0,i32	constant	
10786,i32,0,i32	constant	
10787,_xmlNode*,null,xml	Node*	null	
10788,_xmlNode*,null,xml	Node*	null	
10789,i8*,null,i8*	null	
10790,_xmlNs*,null,xml	Ns*	null	
10791,i8*,null,i8*	null	
10792,_xmlNs*,null,xml	Ns*	null	
10793,i8*,null,i8*	null	
10794,i8*,null,i8*	null	
10795,_xmlDtd*,null,xml	Dtd*	null	
10796,_xmlAttribute*,null,xml	Attribute*	null	
10797,i32,2,i32	constant	
10798,_xmlAttribute*,null,xml	Attribute*	null	
10799,_xmlDoc*,null,xml	Doc*	null	
10800,_xmlAttr*,null,xml	Attr*	null	
10801,_xmlHashTable*,null,xml	Hash	Table*	null	
10802,i8*,null,i8*	null	
10803,_xmlID*,null,xml	I	D*	null	
10804,_xmlDoc*,null,xml	Doc*	null	
10805,i8*,null,i8*	null	
10806,_xmlHashTable*,null,xml	Hash	Table*	null	
10807,_xmlID*,null,xml	I	D*	null	
10808,_xmlAttr*,null,xml	Attr*	null	
10809,_xmlDoc*,null,xml	Doc*	null	
10810,i8*,null,i8*	null	
10811,_xmlAttr*,null,xml	Attr*	null	
10812,_xmlHashTable*,null,xml	Hash	Table*	null	
10813,_xmlHashTable*,null,xml	Hash	Table*	null	
10814,_xmlRef*,null,xml	Ref*	null	
10815,i32,0,i32	constant	
10816,_xmlValidCtxt*,null,xml	Valid	Ctxt*	null	
10817,_xmlDtd*,null,xml	Dtd*	null	
10818,i8*,null,i8*	null	
10819,_xmlDoc*,null,xml	Doc*	null	
10820,i32,0,i32	constant	
10821,_xmlHashTable*,null,xml	Hash	Table*	null	
10822,_xmlHashTable*,null,xml	Hash	Table*	null	
10823,i8*,null,i8*	null	
10824,i32,0,i32	constant	
10825,_xmlElement*,null,xml	Element*	null	
10826,_xmlElement*,null,xml	Element*	null	
10827,i8*,null,i8*	null	
10828,i8*,null,i8*	null	
10829,_xmlDtd*,null,xml	Dtd*	null	
10830,i8*,null,i8*	null	
10831,_xmlHashTable*,null,xml	Hash	Table*	null	
10832,i8*,null,i8*	null	
10833,i8*,null,i8*	null	
10834,i8*,null,i8*	null	
10835,_xmlValidCtxt*,null,xml	Valid	Ctxt*	null	
10836,_xmlElementContent*,null,xml	Element	Content*	null	
10837,i8*,null,i8*	null	
10838,i32,-1412623820,i32	constant	
10839,i32,-1412623819,i32	constant	
10840,i64,250,i64	constant	
10841,i64,0,i64	constant	
10842,i32,1,i32	constant	
10843,i32,3,i32	constant	
10844,i32,1,i32	constant	
10845,i32,4,i32	constant	
10846,i32,3,i32	constant	
10847,i8*,null,i8*	null	
10848,i32,4,i32	constant	
10849,i32,1,i32	constant	
10850,_xmlElement*,null,xml	Element*	null	
10851,_xmlValidCtxt*,null,xml	Valid	Ctxt*	null	
10852,i32,15,i32	constant	
10853,i32,4,i32	constant	
10854,_xmlRegexp*,null,xml	Regexp*	null	
10855,i32,0,i32	constant	
10856,_xmlAutomata*,null,xml	Automata*	null	
10857,i32,1,i32	constant	
10858,_xmlValidCtxt*,null,xml	Valid	Ctxt*	null	
10859,_xmlValidState*,null,xml	Valid	State*	null	
10860,_xmlNode**,null,xml	Node**	null	
10861,_xmlDoc*,null,xml	Doc*	null	
10862,i8*,null,i8*	null	
10863,i8*,null,i8*	null	
10864,_xmlElementContent*,null,xml	Element	Content*	null	
10865,i8*,null,i8*	null	
10866,i8*,null,i8*	null	
10867,_xmlDict*,null,xml	Dict*	null	
10868,_xmlDict*,null,xml	Dict*	null	
10869,i8*,null,i8*	null	
10870,,internal global i8* null,	constant	
10871,i8*,null,i8*	null	
10872,i8*,null,i8*	null	
10873,i8*,null,i8*	null	
10874,_xmlXIncludeCtxt*,null,xml	X	Include	Ctxt*	null	
10875,_xmlXIncludeCtxt*,null,xml	X	Include	Ctxt*	null	
10876,_xmlURI*,null,xml	U	R	I*	null	
10877,i8*,null,i8*	null	
10878,_xmlXIncludeRef*,null,xml	X	Include	Ref*	null	
10879,_xmlXIncludeRef**,null,xml	X	Include	Ref**	null	
10880,i8*,null,i8*	null	
10881,i8*,null,i8*	null	
10882,i8*,null,i8*	null	
10883,_xmlXIncludeRef**,null,xml	X	Include	Ref**	null	
10884,i8*,null,i8*	null	
10885,i32,35,i32	constant	
10886,i32,0,i32	constant	
10887,i32,0,i32	constant	
10888,_xmlDoc*,null,xml	Doc*	null	
10889,i32,0,i32	constant	
10890,i32,0,i32	constant	
10891,_xmlDoc*,null,xml	Doc*	null	
10892,i8*,null,i8*	null	
10893,_xmlDoc*,null,xml	Doc*	null	
10894,i8*,null,i8*	null	
10895,i32,0,i32	constant	
10896,i32,0,i32	constant	
10897,i32,0,i32	constant	
10898,i8*,null,i8*	null	
10899,_xmlDoc*,null,xml	Doc*	null	
10900,_xmlDoc*,null,xml	Doc*	null	
10901,_xmlXPathContext*,null,xml	X	Path	Context*	null	
10902,_xmlXPathObject*,null,xml	X	Path	Object*	null	
10903,_xmlNodeSet*,null,xml	Node	Set*	null	
10904,i32,0,i32	constant	
10905,_xmlNodeSet*,null,xml	Node	Set*	null	
10906,i32,0,i32	constant	
10907,_xmlNode*,null,xml	Node*	null	
10908,_xmlDoc*,null,xml	Doc*	null	
10909,i8*,null,i8*	null	
10910,_xmlDoc*,null,xml	Doc*	null	
10911,i32,262144,i32	constant	
10912,i32,0,i32	constant	
10913,i32,262144,i32	constant	
10914,i32,0,i32	constant	
10915,i8*,null,i8*	null	
10916,i8*,null,i8*	null	
10917,i8*,null,i8*	null	
10918,i8*,null,i8*	null	
10919,_xmlNode*,null,xml	Node*	null	
10920,i32,1,i32	constant	
10921,i8*,null,i8*	null	
10922,i32,0,i32	constant	
10923,i8*,null,i8*	null	
10924,i8*,null,i8*	null	
10925,i8*,null,i8*	null	
10926,_xmlDoc*,null,xml	Doc*	null	
10927,i32,1,i32	constant	
10928,i32,0,i32	constant	
10929,i8*,null,i8*	null	
10930,_xmlURI*,null,xml	U	R	I*	null	
10931,i8*,null,i8*	null	
10932,i8*,null,i8*	null	
10933,i32,0,i32	constant	
10934,i32,0,i32	constant	
10935,_xmlNode*,null,xml	Node*	null	
10936,_xmlXIncludeRef*,null,xml	X	Include	Ref*	null	
10937,i8*,null,i8*	null	
10938,i32,0,i32	constant	
10939,i32,-1,i32	constant	
10940,_xmlParserInput*,null,xml	Parser	Input*	null	
10941,_xmlParserInputBuffer*,null,xml	Parser	Input	Buffer*	null	
10942,_xmlCharEncodingHandler*,null,xml	Char	Encoding	Handler*	null	
10943,i32,0,i32	constant	
10944,i32,0,i32	constant	
10945,i32,256,i32	constant	
10946,_xmlXIncludeRef*,null,xml	X	Include	Ref*	null	
10947,_xmlDoc*,null,xml	Doc*	null	
10948,_xmlXIncludeCtxt*,null,xml	X	Include	Ctxt*	null	
10949,i32,0,i32	constant	
10950,_xmlNode*,null,xml	Node*	null	
10951,i8*,null,i8*	null	
10952,i8*,null,i8*	null	
10953,i8*,null,i8*	null	
10954,i32,0,i32	constant	
10955,i32,0,i32	constant	
10956,i8*,null,i8*	null	
10957,i8*,null,i8*	null	
10958,i8*,null,i8*	null	
10959,i8*,null,i8*	null	
10960,i8*,null,i8*	null	
10961,i8*,null,i8*	null	
10962,i8*,null,i8*	null	
10963,i8*,null,i8*	null	
10964,i8*,null,i8*	null	
10965,i8*,null,i8*	null	
10966,_xmlXPathObject*,null,xml	X	Path	Object*	null	
10967,i8*,null,i8*	null	
10968,i8*,null,i8*	null	
10969,i32,1,i32	constant	
10970,i32,0,i32	constant	
10971,i32,0,i32	constant	
10972,_xmlNode*,null,xml	Node*	null	
10973,i32,1,i32	constant	
10974,_xmlNs*,null,xml	Ns*	null	
10975,i32,0,i32	constant	
10976,i32,0,i32	constant	
10977,i32,0,i32	constant	
10978,i32,0,i32	constant	
10979,i32,0,i32	constant	
10980,i8*,null,i8*	null	
10981,i8*,null,i8*	null	
10982,i8*,null,i8*	null	
10983,i8*,null,i8*	null	
10984,_xmlXIncludeCtxt*,null,xml	X	Include	Ctxt*	null	
10985,i32,0,i32	constant	
10986,i32,18,i32	constant	
10987,_xmlNode*,null,xml	Node*	null	
10988,_xmlNode*,null,xml	Node*	null	
10989,_xmlXPathObject*,null,xml	X	Path	Object*	null	
10990,_xmlNode*,null,xml	Node*	null	
10991,i32,1,i32	constant	
10992,_xmlNode*,null,xml	Node*	null	
10993,i32,1,i32	constant	
10994,i32,0,i32	constant	
10995,i32,1,i32	constant	
10996,i32,32768,i32	constant	
10997,i32,0,i32	constant	
10998,_xmlNode*,null,xml	Node*	null	
10999,_xmlNode*,null,xml	Node*	null	
11000,_xmlNode*,null,xml	Node*	null	
11001,_xmlNode*,null,xml	Node*	null	
11002,i32,1,i32	constant	
11003,_xmlNs*,null,xml	Ns*	null	
11004,i32,0,i32	constant	
11005,i32,0,i32	constant	
11006,i32,0,i32	constant	
11007,i32,0,i32	constant	
11008,i32,0,i32	constant	
11009,_xmlNode*,null,xml	Node*	null	
11010,i32,1,i32	constant	
11011,_xmlNs*,null,xml	Ns*	null	
11012,i32,0,i32	constant	
11013,i32,0,i32	constant	
11014,i32,0,i32	constant	
11015,i32,0,i32	constant	
11016,i32,0,i32	constant	
11017,i32,1,i32	constant	
11018,_xmlXIncludeRef*,null,xml	X	Include	Ref*	null	
11019,i32,0,i32	constant	
11020,_xmlNode*,null,xml	Node*	null	
11021,i32,1,i32	constant	
11022,_xmlNs*,null,xml	Ns*	null	
11023,i32,0,i32	constant	
11024,i32,0,i32	constant	
11025,i32,0,i32	constant	
11026,i32,18,i32	constant	
11027,_xmlNode*,null,xml	Node*	null	
11028,_xmlDoc*,null,xml	Doc*	null	
11029,_xmlXIncludeCtxt*,null,xml	X	Include	Ctxt*	null	
11030,i8*,null,i8*	null	
11031,i32,0,i32	constant	
11032,i8*,null,i8*	null	
11033,i32,1,i32	constant	
11034,_xmlNode*,null,xml	Node*	null	
11035,_xmlNode*,null,xml	Node*	null	
11036,i32,17,i32	constant	
11037,i32,19,i32	constant	
11038,i32,20,i32	constant	
11039,i32,0,i32	constant	
11040,_xmlNode*,null,xml	Node*	null	
11041,i32,0,i32	constant	
11042,_xmlNode*,null,xml	Node*	null	
11043,_xmlNode*,null,xml	Node*	null	
11044,i32,0,i32	constant	
11045,_xmlNode*,null,xml	Node*	null	
11046,_xmlNode*,null,xml	Node*	null	
11047,_xmlXPathObject*,null,xml	X	Path	Object*	null	
11048,i32,0,i32	constant	
11049,i8*,null,i8*	null	
11050,_xmlXIncludeCtxt*,null,xml	X	Include	Ctxt*	null	
11051,i32,0,i32	constant	
11052,i32,18,i32	constant	
11053,_xmlNode*,null,xml	Node*	null	
11054,_xmlDoc*,null,xml	Doc*	null	
11055,_xmlXIncludeCtxt*,null,xml	X	Include	Ctxt*	null	
11056,i32,0,i32	constant	
11057,i32,0,i32	constant	
11058,_xmlDoc*,null,xml	Doc*	null	
11059,_xmlNode*,null,xml	Node*	null	
11060,_xmlXIncludeRef**,null,xml	X	Include	Ref**	null	
11061,i32,18,i32	constant	
11062,_xmlNode*,null,xml	Node*	null	
11063,_xmlDoc*,null,xml	Doc*	null	
11064,_xmlXIncludeCtxt*,null,xml	X	Include	Ctxt*	null	
11065,i32,0,i32	constant	
11066,i32,0,i32	constant	
11067,i32,18,i32	constant	
11068,_xmlNode*,null,xml	Node*	null	
11069,_xmlXIncludeCtxt*,null,xml	X	Include	Ctxt*	null	
11070,_xmlDoc*,null,xml	Doc*	null	
11071,i32,0,i32	constant	
11072,i32,0,i32	constant	
11073,_xmlXIncludeRef**,null,xml	X	Include	Ref**	null	
11074,_xmlDoc*,null,xml	Doc*	null	
11075,_xmlXIncludeCtxt*,null,xml	X	Include	Ctxt*	null	
11076,i32,40,i32	constant	
11077,i8**,null,i	null	
11078,i8**,null,i	null	
11079,i8**,null,i	null	
11080,i32,0,i32	constant	
11081,i32,0,i32	constant	
11082,i8*,null,i8*	null	
11083,_xmlXIncludeCtxt*,null,xml	X	Include	Ctxt*	null	
11084,i32,0,i32	constant	
11085,i8**,null,i	null	
11086,_xmlXIncludeRef*,null,xml	X	Include	Ref*	null	
11087,i8**,null,i	null	
11088,i32,0,i32	constant	
11089,i8*,null,i8*	null	
11090,_xmlXIncludeRef**,null,xml	X	Include	Ref**	null	
11091,_xmlNode**,null,xml	Node**	null	
11092,i8**,null,i	null	
11093,i8*,null,i8*	null	
11094,_xmlXIncludeCtxt*,null,xml	X	Include	Ctxt*	null	
11095,_xmlNode*,null,xml	Node*	null	
11096,i8*,null,i8*	null	
11097,i8*,null,i8*	null	
11098,i32,0,i32	constant	
11099,i32,35,i32	constant	
11100,i8*,null,i8*	null	
11101,i32,0,i32	constant	
11102,i32,0,i32	constant	
11103,i8*,null,i8*	null	
11104,i8*,null,i8*	null	
11105,i8*,null,i8*	null	
11106,i8*,null,i8*	null	
11107,i8*,null,i8*	null	
11108,i8*,null,i8*	null	
11109,i8*,null,i8*	null	
11110,i8*,null,i8*	null	
11111,i8*,null,i8*	null	
11112,i8*,null,i8*	null	
11113,_xmlURI*,null,xml	U	R	I*	null	
11114,i8*,null,i8*	null	
11115,i8*,null,i8*	null	
11116,i32,0,i32	constant	
11117,i8*,null,i8*	null	
11118,i8*,null,i8*	null	
11119,i8*,null,i8*	null	
11120,i8*,null,i8*	null	
11121,i32,1,i32	constant	
11122,i32,0,i32	constant	
11123,i32,1,i32	constant	
11124,i32,0,i32	constant	
11125,i8*,null,i8*	null	
11126,i8*,null,i8*	null	
11127,i32,1,i32	constant	
11128,i32,0,i32	constant	
11129,i32,0,i32	constant	
11130,_xmlXIncludeRef*,null,xml	X	Include	Ref*	null	
11131,_xmlNode*,null,xml	Node*	null	
11132,_xmlDoc*,null,xml	Doc*	null	
11133,i32,13,i32	constant	
11134,_xmlDoc*,null,xml	Doc*	null	
11135,_xmlNs*,null,xml	Ns*	null	
11136,i32,0,i32	constant	
11137,i8*,null,i8*	null	
11138,i32,0,i32	constant	
11139,i32,0,i32	constant	
11140,i8*,null,i8*	null	
11141,_xmlNs*,null,xml	Ns*	null	
11142,i32,0,i32	constant	
11143,i32,0,i32	constant	
11144,i8*,null,i8*	null	
11145,i8*,null,i8*	null	
11146,i8*,null,i8*	null	
11147,i32,9,i32	constant	
11148,i32,32,i32	constant	
11149,i32,9,i32	constant	
11150,i32,32,i32	constant	
11151,i32,13,i32	constant	
11152,i32,10,i32	constant	
11153,i32,0,i32	constant	
11154,i32,0,i32	constant	
11155,i32,9,i32	constant	
11156,i32,32,i32	constant	
11157,i32,0,i32	constant	
11158,i32,13,i32	constant	
11159,i32,10,i32	constant	
11160,i32,0,i32	constant	
11161,i32,0,i32	constant	
11162,i32,9,i32	constant	
11163,i32,32,i32	constant	
11164,i32,39,i32	constant	
11165,i32,39,i32	constant	
11166,i32,0,i32	constant	
11167,i32,39,i32	constant	
11168,i32,34,i32	constant	
11169,i32,34,i32	constant	
11170,i32,0,i32	constant	
11171,i32,34,i32	constant	
11172,i32,9,i32	constant	
11173,i32,32,i32	constant	
11174,i32,0,i32	constant	
11175,i32,0,i32	constant	
11176,i32,0,i32	constant	
11177,i32,0,i32	constant	
11178,i32,0,i32	constant	
11179,i32,0,i32	constant	
11180,i32,1,i32	constant	
11181,i8*,null,i8*	null	
11182,i32,0,i32	constant	
11183,i32,0,i32	constant	
11184,i32,1,i32	constant	
11185,i8*,null,i8*	null	
11186,i32,0,i32	constant	
11187,,internal global i32 0,	constant	
11188,i32,0,i32	constant	
11189,i32,0,i32	constant	
11190,i32,2,i32	constant	
11191,i32,0,i32	constant	
11192,i32,3,i32	constant	
11193,i8*,null,i8*	null	
11194,i32,0,i32	constant	
11195,i32,0,i32	constant	
11196,i32,2,i32	constant	
11197,i32,0,i32	constant	
11198,i32,3,i32	constant	
11199,i8*,null,i8*	null	
11200,i32,0,i32	constant	
11201,i32,0,i32	constant	
11202,i32,0,i32	constant	
11203,i32,1,i32	constant	
11204,i32,0,i32	constant	
11205,i32,0,i32	constant	
11206,i32,0,i32	constant	
11207,i32,2,i32	constant	
11208,i8*,null,i8*	null	
11209,i32,0,i32	constant	
11210,i32,0,i32	constant	
11211,i32,0,i32	constant	
11212,i32,0,i32	constant	
11213,i32,0,i32	constant	
11214,i32,0,i32	constant	
11215,,internal global i32 0,	constant	
11216,i32,0,i32	constant	
11217,i32,0,i32	constant	
11218,i32,1,i32	constant	
11219,i32,0,i32	constant	
11220,i32,45,i32	constant	
11221,i32,0,i32	constant	
11222,i32,0,i32	constant	
11223,i32,0,i32	constant	
11224,i32,0,i32	constant	
11225,i32,0,i32	constant	
11226,i32,0,i32	constant	
11227,i32,0,i32	constant	
11228,i32,0,i32	constant	
11229,i32,0,i32	constant	
11230,i32,0,i32	constant	
11231,i32,0,i32	constant	
11232,i32,0,i32	constant	
11233,i32,0,i32	constant	
11234,i32,0,i32	constant	
11235,i32,0,i32	constant	
11236,i32,0,i32	constant	
11237,i32,0,i32	constant	
11238,,internal global i32 0,	constant	
11239,i32,0,i32	constant	
11240,i32,0,i32	constant	
11241,i32,0,i32	constant	
11242,i32,1,i32	constant	
11243,i32,0,i32	constant	
11244,i32,0,i32	constant	
11245,,internal global i32 0,	constant	
11246,i32,0,i32	constant	
11247,i32,0,i32	constant	
11248,i32,0,i32	constant	
11249,i32,1,i32	constant	
11250,,internal global i32 0,	constant	
11251,i32,0,i32	constant	
11252,i32,1,i32	constant	
11253,i32,45,i32	constant	
11254,,internal global i32 0,	constant	
11255,i32,0,i32	constant	
11256,i32,0,i32	constant	
11257,,internal global i32 0,	constant	
11258,i32,0,i32	constant	
11259,,internal global i32 0,	constant	
11260,i32,0,i32	constant	
11261,,internal global i32 0,	constant	
11262,i32,0,i32	constant	
11263,i32,1,i32	constant	
11264,i32,0,i32	constant	
11265,i32,45,i32	constant	
11266,i32,0,i32	constant	
11267,i32,0,i32	constant	
11268,i32,0,i32	constant	
11269,i32,0,i32	constant	
11270,,internal global i32 0,	constant	
11271,i32,0,i32	constant	
11272,i32,0,i32	constant	
11273,i32,0,i32	constant	
11274,_xmlCatalog*,null,xml	Catalog*	null	
11275,,internal global i32 0,	constant	
11276,i32,0,i32	constant	
11277,_xmlCatalog*,null,xml	Catalog*	null	
11278,_xmlCatalog*,null,xml	Catalog*	null	
11279,i32,0,i32	constant	
11280,_xmlCatalog*,null,xml	Catalog*	null	
11281,,internal global i32 0,	constant	
11282,i32,0,i32	constant	
11283,,internal global i32 0,	constant	
11284,i32,0,i32	constant	
11285,i32,0,i32	constant	
11286,_xmlCatalog*,null,xml	Catalog*	null	
11287,i32,0,i32	constant	
11288,,internal global i32 0,	constant	
11289,i32,0,i32	constant	
11290,i32,0,i32	constant	
11291,_IO_FILE*,null,I	O	F	I	L	E*	null	
11292,_xmlCatalog*,null,xml	Catalog*	null	
11293,,internal global i32 0,	constant	
11294,i32,0,i32	constant	
11295,i32,0,i32	constant	
11296,_IO_FILE*,null,I	O	F	I	L	E*	null	
11297,i32,0,i32	constant	
11298,i32,0,i32	constant	
11299,i32,0,i32	constant	
11300,i8*,null,i8*	null	
11301,i32,0,i32	constant	
11302,i32,0,i32	constant	
11303,i32,0,i32	constant	
11304,i32,0,i32	constant	
11305,,internal global i32 0,	constant	
11306,i32,0,i32	constant	
11307,i32,1,i32	constant	
11308,_xmlURI*,null,xml	U	R	I*	null	
11309,i8*,null,i8*	null	
11310,i8*,null,i8*	null	
11311,i8*,null,i8*	null	
11312,,internal global i32 0,	constant	
11313,i32,0,i32	constant	
11314,,internal global i32 0,	constant	
11315,i32,0,i32	constant	
11316,,internal global i32 0,	constant	
11317,i32,0,i32	constant	
11318,,internal global i32 0,	constant	
11319,i32,0,i32	constant	
11320,,internal global i32 0,	constant	
11321,i32,0,i32	constant	
11322,i32,0,i32	constant	
11323,,internal global i8* null,	constant	
11324,i8*,null,i8*	null	
11325,,internal global i32 0,	constant	
11326,i32,0,i32	constant	
11327,_IO_FILE*,null,I	O	F	I	L	E*	null	
11328,i8*,null,i8*	null	
11329,i8*,null,i8*	null	
11330,i8*,null,i8*	null	
11331,i8*,null,i8*	null	
11332,,external dso_local global _IO_FILE*,	constant	
11333,_IO_FILE*,null,I	O	F	I	L	E*	null	
11334,i8*,null,i8*	null	
11335,i8*,null,i8*	null	
11336,i32,0,i32	constant	
11337,i8*,null,i8*	null	
11338,i8*,null,i8*	null	
11339,i32,0,i32	constant	
11340,i32,0,i32	constant	
11341,i8*,null,i8*	null	
11342,,external dso_local global _IO_FILE*,	constant	
11343,,external dso_local global _IO_FILE*,	constant	
11344,i32,0,i32	constant	
11345,,external dso_local global _IO_FILE*,	constant	
11346,i32,-1,i32	constant	
11347,i32,0,i32	constant	
11348,i8*,null,i8*	null	
11349,i32,-1,i32	constant	
11350,i32,0,i32	constant	
11351,i32,0,i32	constant	
11352,i8*,null,i8*	null	
11353,i8*,null,i8*	null	
11354,i32,0,i32	constant	
11355,i8*,null,i8*	null	
11356,xmlIOHTTPWriteCtxt_*,null,xml	I	O	H	T	T	P	Write	Ctxt	*	null	
11357,i8*,null,i8*	null	
11358,i8*,null,i8*	null	
11359,i32,0,i32	constant	
11360,i8*,null,i8*	null	
11361,i8*,null,i8*	null	
11362,i8*,null,i8*	null	
11363,xmlIOHTTPWriteCtxt_*,null,xml	I	O	H	T	T	P	Write	Ctxt	*	null	
11364,i32,0,i32	constant	
11365,i32,0,i32	constant	
11366,i8*,null,i8*	null	
11367,xmlIOHTTPWriteCtxt_*,null,xml	I	O	H	T	T	P	Write	Ctxt	*	null	
11368,i8*,null,i8*	null	
11369,i8*,null,i8*	null	
11370,i32,0,i32	constant	
11371,i32,300,i32	constant	
11372,i32,0,i32	constant	
11373,i32,200,i32	constant	
11374,i32,0,i32	constant	
11375,i32,0,i32	constant	
11376,i8*,null,i8*	null	
11377,,internal global i32 0,	constant	
11378,i32,15,i32	constant	
11379,,internal global i32 0,	constant	
11380,i32,15,i32	constant	
11381,,internal global i32 0,	constant	
11382,i32,0,i32	constant	
11383,,internal global i32 0,	constant	
11384,i32,0,i32	constant	
11385,,internal global i32 0,	constant	
11386,i32,0,i32	constant	
11387,_xmlParserInputBuffer*,null,xml	Parser	Input	Buffer*	null	
11388,_xmlBuf*,null,xml	Buf*	null	
11389,_xmlCharEncodingHandler*,null,xml	Char	Encoding	Handler*	null	
11390,_xmlOutputBuffer*,null,xml	Output	Buffer*	null	
11391,_xmlBuf*,null,xml	Buf*	null	
11392,i32,1,i32	constant	
11393,_xmlCharEncodingHandler*,null,xml	Char	Encoding	Handler*	null	
11394,_xmlBuf*,null,xml	Buf*	null	
11395,_xmlOutputBuffer*,null,xml	Output	Buffer*	null	
11396,_xmlBuf*,null,xml	Buf*	null	
11397,_xmlCharEncodingHandler*,null,xml	Char	Encoding	Handler*	null	
11398,_xmlBuf*,null,xml	Buf*	null	
11399,_xmlParserInputBuffer*,null,xml	Parser	Input	Buffer*	null	
11400,_xmlBuf*,null,xml	Buf*	null	
11401,_xmlCharEncodingHandler*,null,xml	Char	Encoding	Handler*	null	
11402,i32,(i8*)* null,i32	constant	
11403,_xmlBuf*,null,xml	Buf*	null	
11404,_xmlOutputBuffer*,null,xml	Output	Buffer*	null	
11405,i32,"(i8*, i8*, i32)* null",i32	constant	
11406,i32,(i8*)* null,i32	constant	
11407,_xmlBuf*,null,xml	Buf*	null	
11408,_xmlCharEncodingHandler*,null,xml	Char	Encoding	Handler*	null	
11409,_xmlBuf*,null,xml	Buf*	null	
11410,i32,0,i32	constant	
11411,i32,0,i32	constant	
11412,,internal global i32 0,	constant	
11413,i32,0,i32	constant	
11414,i8*,null,i8*	null	
11415,i8*,null,i8*	null	
11416,i32,0,i32	constant	
11417,i32,(i8*)* null,i32	constant	
11418,i32,0,i32	constant	
11419,i8*,null,i8*	null	
11420,i8*,null,i8*	null	
11421,_xmlParserInputBuffer*,null,xml	Parser	Input	Buffer*	null	
11422,,external dso_local global _xmlParserInputBuffer* (i8*,	constant	
11423,_xmlParserInputBuffer*,"(i8*, i32)* null",xml	Parser	Input	Buffer*	i	i	null	
11424,i32,0,i32	constant	
11425,,internal global i32 0,	constant	
11426,i32,0,i32	constant	
11427,i8*,null,i8*	null	
11428,i32,0,i32	constant	
11429,_xmlURI*,null,xml	U	R	I*	null	
11430,i8*,null,i8*	null	
11431,i32,0,i32	constant	
11432,i32,13,i32	constant	
11433,i8*,null,i8*	null	
11434,i32,0,i32	constant	
11435,i32,(i8*)* null,i32	constant	
11436,i32,0,i32	constant	
11437,i8*,null,i8*	null	
11438,i32,11,i32	constant	
11439,i8*,null,i8*	null	
11440,i32,0,i32	constant	
11441,i32,(i8*)* null,i32	constant	
11442,i32,0,i32	constant	
11443,i32,9,i32	constant	
11444,i8*,null,i8*	null	
11445,i8*,null,i8*	null	
11446,_xmlOutputBuffer*,null,xml	Output	Buffer*	null	
11447,i32,74,i32	constant	
11448,,external dso_local global _xmlOutputBuffer* (i8*,	constant	
11449,_xmlOutputBuffer*,"(i8*, %struct._xmlCharEncodingHandler*, i32)* null","xml	Output	Buffer*	i	struct	xml	Char	Encoding	Handler*, i32)* null	"
11450,i32,16,i32	constant	
11451,,internal global i32 0,	constant	
11452,i32,0,i32	constant	
11453,_IO_FILE*,null,I	O	F	I	L	E*	null	
11454,_xmlParserInputBuffer*,null,xml	Parser	Input	Buffer*	null	
11455,i32,125,i32	constant	
11456,,internal global i32 0,	constant	
11457,i32,0,i32	constant	
11458,_IO_FILE*,null,I	O	F	I	L	E*	null	
11459,_xmlOutputBuffer*,null,xml	Output	Buffer*	null	
11460,i32,10,i32	constant	
11461,_xmlBuffer*,null,xml	Buffer*	null	
11462,_xmlBuf*,null,xml	Buf*	null	
11463,_xmlOutputBuffer*,null,xml	Output	Buffer*	null	
11464,i32,35,i32	constant	
11465,_xmlBuf*,null,xml	Buf*	null	
11466,_xmlOutputBuffer*,null,xml	Output	Buffer*	null	
11467,i32,33,i32	constant	
11468,i32,0,i32	constant	
11469,_xmlParserInputBuffer*,null,xml	Parser	Input	Buffer*	null	
11470,i32,17,i32	constant	
11471,i32,0,i32	constant	
11472,i8*,null,i8*	null	
11473,_xmlParserInputBuffer*,null,xml	Parser	Input	Buffer*	null	
11474,i32,0,i32	constant	
11475,i32,14,i32	constant	
11476,i32,0,i32	constant	
11477,i8*,null,i8*	null	
11478,_xmlParserInputBuffer*,null,xml	Parser	Input	Buffer*	null	
11479,_xmlBuf*,null,xml	Buf*	null	
11480,_xmlCharEncodingHandler*,null,xml	Char	Encoding	Handler*	null	
11481,i32,27,i32	constant	
11482,i32,0,i32	constant	
11483,_xmlOutputBuffer*,null,xml	Output	Buffer*	null	
11484,i32,115,i32	constant	
11485,i32,"(i8*, i8*, i32)* null",i32	constant	
11486,_xmlParserInputBuffer*,null,xml	Parser	Input	Buffer*	null	
11487,i32,4,i32	constant	
11488,i32,"(i8*, i8*, i32)* null",i32	constant	
11489,_xmlOutputBuffer*,null,xml	Output	Buffer*	null	
11490,i32,22,i32	constant	
11491,,external dso_local global _xmlParserInputBuffer* (i8*,	constant	
11492,_xmlParserInputBuffer*,"(i8*, i32)* null",xml	Parser	Input	Buffer*	i	i	null	
11493,i32,5,i32	constant	
11494,,external dso_local global _xmlOutputBuffer* (i8*,	constant	
11495,_xmlOutputBuffer*,"(i8*, %struct._xmlCharEncodingHandler*, i32)* null","xml	Output	Buffer*	i	struct	xml	Char	Encoding	Handler*, i32)* null	"
11496,i32,21,i32	constant	
11497,i32,0,i32	constant	
11498,i32,0,i32	constant	
11499,_xmlParserInputBuffer*,null,xml	Parser	Input	Buffer*	null	
11500,_xmlCharEncodingHandler*,null,xml	Char	Encoding	Handler*	null	
11501,_xmlBuf*,null,xml	Buf*	null	
11502,i32,0,i32	constant	
11503,i32,0,i32	constant	
11504,i32,24,i32	constant	
11505,i32,0,i32	constant	
11506,i32,31,i32	constant	
11507,i32,0,i32	constant	
11508,_xmlParserInputBuffer*,null,xml	Parser	Input	Buffer*	null	
11509,i32,4,i32	constant	
11510,i32,4000,i32	constant	
11511,i64,0,i64	constant	
11512,i32,0,i32	constant	
11513,i32,90,i32	constant	
11514,i32,"(i8*, i8*, i32)* null",i32	constant	
11515,i32,0,i32	constant	
11516,i32,0,i32	constant	
11517,i32,-1,i32	constant	
11518,i32,36,i32	constant	
11519,_xmlCharEncodingHandler*,null,xml	Char	Encoding	Handler*	null	
11520,_xmlBuf*,null,xml	Buf*	null	
11521,i32,0,i32	constant	
11522,i32,0,i32	constant	
11523,i32,23,i32	constant	
11524,i32,0,i32	constant	
11525,_xmlParserInputBuffer*,null,xml	Parser	Input	Buffer*	null	
11526,i32,"(i8*, i8*, i32)* null",i32	constant	
11527,i32,2,i32	constant	
11528,i32,19,i32	constant	
11529,i32,0,i32	constant	
11530,_xmlOutputBuffer*,null,xml	Output	Buffer*	null	
11531,i32,0,i32	constant	
11532,i32,0,i32	constant	
11533,i32,16000,i32	constant	
11534,i32,2,i32	constant	
11535,_xmlCharEncodingHandler*,null,xml	Char	Encoding	Handler*	null	
11536,_xmlBuf*,null,xml	Buf*	null	
11537,i32,0,i32	constant	
11538,i64,4000,i64	constant	
11539,i32,-3,i32	constant	
11540,i32,0,i32	constant	
11541,i32,0,i32	constant	
11542,i32,8,i32	constant	
11543,i32,0,i32	constant	
11544,i32,0,i32	constant	
11545,i32,4000,i32	constant	
11546,i32,"(i8*, i8*, i32)* null",i32	constant	
11547,_xmlCharEncodingHandler*,null,xml	Char	Encoding	Handler*	null	
11548,i32,0,i32	constant	
11549,i32,0,i32	constant	
11550,i32,0,i32	constant	
11551,i32,37,i32	constant	
11552,i32,0,i32	constant	
11553,i32,12,i32	constant	
11554,i32,60,i32	constant	
11555,i64,4,i64	constant	
11556,i32,62,i32	constant	
11557,i64,4,i64	constant	
11558,i32,38,i32	constant	
11559,i64,5,i64	constant	
11560,i32,13,i32	constant	
11561,i64,5,i64	constant	
11562,i32,28,i32	constant	
11563,i32,38,i32	constant	
11564,i8*,null,i8*	null	
11565,i32,0,i32	constant	
11566,_xmlOutputBuffer*,null,xml	Output	Buffer*	null	
11567,_xmlBuf*,null,xml	Buf*	null	
11568,i32,2,i32	constant	
11569,i32,0,i32	constant	
11570,i32,0,i32	constant	
11571,i32,"(i8*, i32*, i8*, i32*)* null",i32	constant	
11572,i32,20,i32	constant	
11573,i32,40,i32	constant	
11574,i32,0,i32	constant	
11575,_xmlCharEncodingHandler*,null,xml	Char	Encoding	Handler*	null	
11576,_xmlBuf*,null,xml	Buf*	null	
11577,i32,0,i32	constant	
11578,i32,0,i32	constant	
11579,i64,4000,i64	constant	
11580,i32,39,i32	constant	
11581,i32,-3,i32	constant	
11582,i32,0,i32	constant	
11583,i32,0,i32	constant	
11584,i32,0,i32	constant	
11585,i32,0,i32	constant	
11586,i32,0,i32	constant	
11587,i32,4000,i32	constant	
11588,i32,"(i8*, i8*, i32)* null",i32	constant	
11589,_xmlCharEncodingHandler*,null,xml	Char	Encoding	Handler*	null	
11590,i32,0,i32	constant	
11591,i32,95,i32	constant	
11592,i32,0,i32	constant	
11593,i32,0,i32	constant	
11594,i64,4000,i64	constant	
11595,i32,0,i32	constant	
11596,i32,0,i32	constant	
11597,i32,25,i32	constant	
11598,i32,0,i32	constant	
11599,_xmlOutputBuffer*,null,xml	Output	Buffer*	null	
11600,i8*,null,i8*	null	
11601,i32,0,i32	constant	
11602,i32,6,i32	constant	
11603,i32,0,i32	constant	
11604,_xmlOutputBuffer*,null,xml	Output	Buffer*	null	
11605,_xmlCharEncodingHandler*,null,xml	Char	Encoding	Handler*	null	
11606,_xmlBuf*,null,xml	Buf*	null	
11607,i32,0,i32	constant	
11608,i32,0,i32	constant	
11609,_xmlCharEncodingHandler*,null,xml	Char	Encoding	Handler*	null	
11610,_xmlBuf*,null,xml	Buf*	null	
11611,i32,"(i8*, i8*, i32)* null",i32	constant	
11612,i32,0,i32	constant	
11613,i32,1,i32	constant	
11614,i32,"(i8*, i8*, i32)* null",i32	constant	
11615,i32,0,i32	constant	
11616,i32,0,i32	constant	
11617,i32,32,i32	constant	
11618,,internal global i32 0,	constant	
11619,i32,0,i32	constant	
11620,i8*,null,i8*	null	
11621,i32,47,i32	constant	
11622,i32,47,i32	constant	
11623,i32,34,i32	constant	
11624,i8*,null,i8*	null	
11625,i32,30,i32	constant	
11626,_xmlParserInputBuffer*,null,xml	Parser	Input	Buffer*	null	
11627,_xmlParserInput*,null,xml	Parser	Input*	null	
11628,,alloca i32,	constant	
11629,i8*,null,i8*	null	
11630,i32,400,i32	constant	
11631,i8*,null,i8*	null	
11632,i8*,null,i8*	null	
11633,i8*,null,i8*	null	
11634,i8*,null,i8*	null	
11635,i32,29,i32	constant	
11636,_xmlCharEncodingHandler*,null,xml	Char	Encoding	Handler*	null	
11637,i8*,null,i8*	null	
11638,i8*,null,i8*	null	
11639,i8*,null,i8*	null	
11640,i8*,null,i8*	null	
11641,i32,3,i32	constant	
11642,i8*,null,i8*	null	
11643,i32,0,i32	constant	
11644,i32,0,i32	constant	
11645,i32,110,i32	constant	
11646,i32,0,i32	constant	
11647,i32,0,i32	constant	
11648,i8*,null,i8*	null	
11649,_xmlParserCtxt*,null,xml	Parser	Ctxt*	null	
11650,i32,3,i32	constant	
11651,i32,2,i32	constant	
11652,i32,18,i32	constant	
11653,i8*,null,i8*	null	
11654,i32,3,i32	constant	
11655,i32,1,i32	constant	
11656,i8*,null,i8*	null	
11657,i8*,null,i8*	null	
11658,i32,0,i32	constant	
11659,i8*,null,i8*	null	
11660,i8*,null,i8*	null	
11661,_xmlParserCtxt*,null,xml	Parser	Ctxt*	null	
11662,i32,3,i32	constant	
11663,i32,2,i32	constant	
11664,i8*,null,i8*	null	
11665,i32,3,i32	constant	
11666,i32,1,i32	constant	
11667,i32,88,i32	constant	
11668,i8*,null,i8*	null	
11669,i32,106,i32	constant	
11670,i32,2048,i32	constant	
11671,i32,0,i32	constant	
11672,_xmlParserCtxt*,null,xml	Parser	Ctxt*	null	
11673,i8*,null,i8*	null	
11674,i8*,null,i8*	null	
11675,i8*,null,i8*	null	
11676,i8*,null,i8*	null	
11677,i8*,null,i8*	null	
11678,i32,111,i32	constant	
11679,i32,110,i32	constant	
11680,i32,0,i32	constant	
11681,i8*,null,i8*	null	
11682,i8*,null,i8*	null	
11683,i32,101,i32	constant	
11684,i8*,null,i8*	null	
11685,i32,98,i32	constant	
11686,i8*,null,i8*	null	
11687,i32,0,i32	constant	
11688,i32,0,i32	constant	
11689,i8*,null,i8*	null	
11690,i8*,null,i8*	null	
11691,i32,115,i32	constant	
11692,i32,114,i32	constant	
11693,i32,97,i32	constant	
11694,i32,1500,i32	constant	
11695,i64,57,i64	constant	
11696,i32,0,i32	constant	
11697,_xmlParserCtxt*,null,xml	Parser	Ctxt*	null	
11698,i32,-1,i32	constant	
11699,_xmlSAXHandler*,null,xml	S	A	X	Handler*	null	
11700,_xmlParserCtxt*,null,xml	Parser	Ctxt*	null	
11701,i32,0,i32	constant	
11702,i32,-554844497,i32	constant	
11703,,internal global i32 0,	constant	
11704,i32,0,i32	constant	
11705,i32,0,i32	constant	
11706,,internal global i32 0,	constant	
11707,i32,0,i32	constant	
11708,,internal global i32 0,	constant	
11709,i32,0,i32	constant	
11710,,internal global i32 0,	constant	
11711,i32,0,i32	constant	
11712,i32,0,i32	constant	
11713,i8*,null,i8*	null	
11714,i32,-1,i32	constant	
11715,i32,61440,i32	constant	
11716,i32,16384,i32	constant	
11717,i32,0,i32	constant	
11718,i32,0,i32	constant	
11719,i32,0,i32	constant	
11720,i32,0,i32	constant	
11721,i8*,null,i8*	null	
11722,i32,0,i32	constant	
11723,i32,0,i32	constant	
11724,i32,0,i32	constant	
11725,i32,0,i32	constant	
11726,i32,0,i32	constant	
11727,,external dso_local global _IO_FILE*,	constant	
11728,_IO_FILE*,null,I	O	F	I	L	E*	null	
11729,i8*,null,i8*	null	
11730,i8*,null,i8*	null	
11731,i32,0,i32	constant	
11732,i32,0,i32	constant	
11733,i32,0,i32	constant	
11734,,internal global i32 0,	constant	
11735,i32,0,i32	constant	
11736,i8*,null,i8*	null	
11737,i8*,null,i8*	null	
11738,,internal global i32 0,	constant	
11739,i32,0,i32	constant	
11740,,internal global i32 0,	constant	
11741,i32,0,i32	constant	
11742,i8*,null,i8*	null	
11743,i8*,null,i8*	null	
11744,i8*,null,i8*	null	
11745,,internal global i32 0,	constant	
11746,i32,0,i32	constant	
11747,,internal global i32 0,	constant	
11748,i32,0,i32	constant	
11749,i8*,null,i8*	null	
11750,,internal global i32 0,	constant	
11751,i32,0,i32	constant	
11752,,internal global i32 0,	constant	
11753,i32,0,i32	constant	
11754,i8*,null,i8*	null	
11755,i8*,null,i8*	null	
11756,i8*,null,i8*	null	
11757,,internal global i32 0,	constant	
11758,i32,0,i32	constant	
11759,,internal global i32 0,	constant	
11760,i32,0,i32	constant	
11761,,internal global i32 0,	constant	
11762,i32,0,i32	constant	
11763,,internal global i32 0,	constant	
11764,i32,0,i32	constant	
11765,,internal global i32 0,	constant	
11766,i32,0,i32	constant	
11767,i8**,null,i	null	
11768,i8*,null,i8*	null	
11769,i8*,null,i8*	null	
11770,,internal global i32 0,	constant	
11771,i32,0,i32	constant	
11772,,internal global i32 0,	constant	
11773,i32,0,i32	constant	
11774,i32,30,i32	constant	
11775,,internal global i32 0,	constant	
11776,i32,0,i32	constant	
11777,,internal global i32 0,	constant	
11778,i32,0,i32	constant	
11779,i32,30,i32	constant	
11780,,internal global i32 0,	constant	
11781,i32,0,i32	constant	
11782,i8*,null,i8*	null	
11783,,internal global i32 0,	constant	
11784,i32,0,i32	constant	
11785,,internal global i32 0,	constant	
11786,i32,0,i32	constant	
11787,,internal global i32 0,	constant	
11788,i32,0,i32	constant	
11789,,internal global i32 0,	constant	
11790,i32,0,i32	constant	
11791,,internal global i32 0,	constant	
11792,i32,0,i32	constant	
11793,,internal global i32 0,	constant	
11794,i32,0,i32	constant	
11795,i8*,null,i8*	null	
11796,i8*,null,i8*	null	
11797,i8**,null,i	null	
11798,i32,2,i32	constant	
11799,i8*,null,i8*	null	
11800,i8**,null,i	null	
11801,i32,0,i32	constant	
11802,i32,5,i32	constant	
11803,i8*,null,i8*	null	
11804,,internal global i32 0,	constant	
11805,i32,0,i32	constant	
11806,i8*,null,i8*	null	
11807,i8*,null,i8*	null	
11808,,internal global i32 0,	constant	
11809,i32,0,i32	constant	
11810,,internal global i32 0,	constant	
11811,i32,0,i32	constant	
11812,_xmlParserInputBuffer*,null,xml	Parser	Input	Buffer*	null	
11813,,internal global _xmlSchema* null,	constant	
11814,_xmlSchema*,null,xml	Schema*	null	
11815,,internal global i32 0,	constant	
11816,i32,0,i32	constant	
11817,i32,0,i32	constant	
11818,i32,0,i32	constant	
11819,_xmlParserCtxt*,null,xml	Parser	Ctxt*	null	
11820,_xmlParserInput*,null,xml	Parser	Input*	null	
11821,_xmlDoc*,null,xml	Doc*	null	
11822,_xmlParserCtxt*,null,xml	Parser	Ctxt*	null	
11823,,internal global i32 0,	constant	
11824,i32,0,i32	constant	
11825,i8*,null,i8*	null	
11826,i8*,null,i8*	null	
11827,,internal global _xmlPattern* null,	constant	
11828,_xmlPattern*,null,xml	Pattern*	null	
11829,i32,1,i32	constant	
11830,i32,-1,i32	constant	
11831,i32,0,i32	constant	
11832,,internal global _xmlStreamCtxt* null,	constant	
11833,_xmlStreamCtxt*,null,xml	Stream	Ctxt*	null	
11834,i32,1,i32	constant	
11835,i32,0,i32	constant	
11836,i32,-1,i32	constant	
11837,i8*,null,i8*	null	
11838,i8*,null,i8*	null	
11839,i32,15,i32	constant	
11840,i32,0,i32	constant	
11841,i32,1,i32	constant	
11842,i32,0,i32	constant	
11843,i8*,null,i8*	null	
11844,,internal global i32 0,	constant	
11845,i32,0,i32	constant	
11846,i32,0,i32	constant	
11847,i32,0,i32	constant	
11848,i8*,null,i8*	null	
11849,i8*,inttoptr (i64 -1 to i8*),i8*	constant	
11850,,internal global i8* null,	constant	
11851,i8*,null,i8*	null	
11852,,internal global _xmlPattern* null,	constant	
11853,_xmlPattern*,null,xml	Pattern*	null	
11854,,internal global _xmlPattern* null,	constant	
11855,_xmlPattern*,null,xml	Pattern*	null	
11856,,internal global _xmlStreamCtxt* null,	constant	
11857,_xmlStreamCtxt*,null,xml	Stream	Ctxt*	null	
11858,i32,0,i32	constant	
11859,_xmlTextReader*,null,xml	Text	Reader*	null	
11860,,internal global i32 0,	constant	
11861,i32,0,i32	constant	
11862,,internal global i32 0,	constant	
11863,i32,0,i32	constant	
11864,,internal global i8* null,	constant	
11865,i8*,null,i8*	null	
11866,,internal global i32 0,	constant	
11867,i32,0,i32	constant	
11868,,internal global i32 0,	constant	
11869,i32,0,i32	constant	
11870,i32,0,i32	constant	
11871,,internal global i32 0,	constant	
11872,i32,0,i32	constant	
11873,,internal global i32 0,	constant	
11874,i32,0,i32	constant	
11875,,internal global i8* null,	constant	
11876,i8*,null,i8*	null	
11877,,internal global i32 0,	constant	
11878,i32,0,i32	constant	
11879,,internal global i32 0,	constant	
11880,i32,0,i32	constant	
11881,i32,0,i32	constant	
11882,,internal global i32 0,	constant	
11883,i32,0,i32	constant	
11884,,internal global i32 0,	constant	
11885,i32,0,i32	constant	
11886,,internal global i32 0,	constant	
11887,i32,0,i32	constant	
11888,,internal global i32 0,	constant	
11889,i32,0,i32	constant	
11890,i32,1,i32	constant	
11891,,internal global i32 0,	constant	
11892,i32,0,i32	constant	
11893,,internal global _xmlPattern* null,	constant	
11894,_xmlPattern*,null,xml	Pattern*	null	
11895,,internal global i32 0,	constant	
11896,i32,0,i32	constant	
11897,,internal global i32 0,	constant	
11898,i32,0,i32	constant	
11899,,internal global i8* null,	constant	
11900,i8*,null,i8*	null	
11901,,internal global i32 0,	constant	
11902,i32,0,i32	constant	
11903,,internal global i32 0,	constant	
11904,i32,0,i32	constant	
11905,i32,1,i32	constant	
11906,,internal global i8* null,	constant	
11907,i8*,null,i8*	null	
11908,,internal global i8* null,	constant	
11909,i8*,null,i8*	null	
11910,i32,1,i32	constant	
11911,i32,0,i32	constant	
11912,,internal global _xmlStreamCtxt* null,	constant	
11913,_xmlStreamCtxt*,null,xml	Stream	Ctxt*	null	
11914,,internal global i32 0,	constant	
11915,i32,0,i32	constant	
11916,i32,20,i32	constant	
11917,_xmlNs*,null,xml	Ns*	null	
11918,,internal global i8* null,	constant	
11919,i8*,null,i8*	null	
11920,,internal global _xmlPattern* null,	constant	
11921,_xmlPattern*,null,xml	Pattern*	null	
11922,,internal global _xmlPattern* null,	constant	
11923,_xmlPattern*,null,xml	Pattern*	null	
11924,,internal global _xmlStreamCtxt* null,	constant	
11925,_xmlStreamCtxt*,null,xml	Stream	Ctxt*	null	
11926,i32,0,i32	constant	
11927,_xmlTextReader*,null,xml	Text	Reader*	null	
11928,,internal global i32 0,	constant	
11929,i32,0,i32	constant	
11930,,internal global i32 0,	constant	
11931,i32,0,i32	constant	
11932,i32,1,i32	constant	
11933,,internal global i32 0,	constant	
11934,i32,0,i32	constant	
11935,,internal global _xmlPattern* null,	constant	
11936,_xmlPattern*,null,xml	Pattern*	null	
11937,,internal global i32 0,	constant	
11938,i32,0,i32	constant	
11939,,internal global i32 0,	constant	
11940,i32,0,i32	constant	
11941,i32,0,i32	constant	
11942,,internal global _xmlStreamCtxt* null,	constant	
11943,_xmlStreamCtxt*,null,xml	Stream	Ctxt*	null	
11944,i32,0,i32	constant	
11945,_xmlNodeSet*,null,xml	Node	Set*	null	
11946,_xmlSaveCtxt*,null,xml	Save	Ctxt*	null	
11947,i32,0,i32	constant	
11948,i32,0,i32	constant	
11949,_xmlXPathContext*,null,xml	X	Path	Context*	null	
11950,_xmlXPathObject*,null,xml	X	Path	Object*	null	
11951,,internal global i32 0,	constant	
11952,i32,0,i32	constant	
11953,,internal global i32 0,	constant	
11954,i32,0,i32	constant	
11955,i8*,null,i8*	null	
11956,,internal global i32 0,	constant	
11957,i32,0,i32	constant	
11958,,internal global i32 0,	constant	
11959,i32,0,i32	constant	
11960,,internal global i32 0,	constant	
11961,i32,0,i32	constant	
11962,_IO_FILE*,null,I	O	F	I	L	E*	null	
11963,i32,0,i32	constant	
11964,i32,0,i32	constant	
11965,,internal global i32 0,	constant	
11966,i32,0,i32	constant	
11967,,internal global i32 0,	constant	
11968,i32,0,i32	constant	
11969,i32,0,i32	constant	
11970,i32,0,i32	constant	
11971,i8*,inttoptr (i64 -1 to i8*),i8*	constant	
11972,,internal global i32 0,	constant	
11973,i32,0,i32	constant	
11974,,internal global i32 0,	constant	
11975,i32,0,i32	constant	
11976,i32,0,i32	constant	
11977,i32,45,i32	constant	
11978,,external dso_local global _IO_FILE*,	constant	
11979,_IO_FILE*,null,I	O	F	I	L	E*	null	
11980,i32,0,i32	constant	
11981,i32,0,i32	constant	
11982,i32,0,i32	constant	
11983,,external dso_local global _IO_FILE*,	constant	
11984,,internal global i32 0,	constant	
11985,i32,0,i32	constant	
11986,i32,0,i32	constant	
11987,i32,45,i32	constant	
11988,_IO_FILE*,null,I	O	F	I	L	E*	null	
11989,_xmlParserCtxt*,null,xml	Parser	Ctxt*	null	
11990,,internal global i32 0,	constant	
11991,i32,0,i32	constant	
11992,_xmlParserCtxt*,null,xml	Parser	Ctxt*	null	
11993,_xmlParserCtxt*,null,xml	Parser	Ctxt*	null	
11994,_xmlParserCtxt*,null,xml	Parser	Ctxt*	null	
11995,,internal global i32 0,	constant	
11996,i32,0,i32	constant	
11997,i32,0,i32	constant	
11998,i32,0,i32	constant	
11999,i8*,inttoptr (i64 -1 to i8*),i8*	constant	
12000,i8*,null,i8*	null	
12001,_xmlParserCtxt*,null,xml	Parser	Ctxt*	null	
12002,,internal global i32 0,	constant	
12003,i32,0,i32	constant	
12004,_xmlParserCtxt*,null,xml	Parser	Ctxt*	null	
12005,i32,0,i32	constant	
12006,_xmlParserCtxt*,null,xml	Parser	Ctxt*	null	
12007,i32,0,i32	constant	
12008,_xmlParserCtxt*,null,xml	Parser	Ctxt*	null	
12009,,internal global i32 0,	constant	
12010,i32,64,i32	constant	
12011,_xmlParserCtxt*,null,xml	Parser	Ctxt*	null	
12012,,internal global i32 0,	constant	
12013,i32,0,i32	constant	
12014,_xmlDoc*,null,xml	Doc*	null	
12015,,internal global i32 0,	constant	
12016,i32,0,i32	constant	
12017,,internal global i32 0,	constant	
12018,i32,0,i32	constant	
12019,,internal global i32 0,	constant	
12020,i32,0,i32	constant	
12021,_xmlDtd*,null,xml	Dtd*	null	
12022,,internal global i32 0,	constant	
12023,i32,0,i32	constant	
12024,,internal global i32 0,	constant	
12025,i32,0,i32	constant	
12026,,internal global i32 0,	constant	
12027,i32,0,i32	constant	
12028,i32,0,i32	constant	
12029,,internal global i32 0,	constant	
12030,i32,0,i32	constant	
12031,,internal global i32 0,	constant	
12032,i32,0,i32	constant	
12033,i32,58,i32	constant	
12034,i32,32,i32	constant	
12035,,internal global i8* null,	constant	
12036,i8*,null,i8*	null	
12037,,internal global i32 0,	constant	
12038,i32,0,i32	constant	
12039,,internal global i32 0,	constant	
12040,i32,0,i32	constant	
12041,,internal global i32 0,	constant	
12042,i32,0,i32	constant	
12043,i32,58,i32	constant	
12044,i32,32,i32	constant	
12045,i32,0,i32	constant	
12046,,internal global i32 0,	constant	
12047,i32,0,i32	constant	
12048,,internal global i32 0,	constant	
12049,i32,0,i32	constant	
12050,,internal global i32 0,	constant	
12051,i32,0,i32	constant	
12052,,internal global i32 0,	constant	
12053,i32,0,i32	constant	
12054,,internal global i32 0,	constant	
12055,i32,0,i32	constant	
12056,_xmlNode*,null,xml	Node*	null	
12057,_xmlNode*,null,xml	Node*	null	
12058,_xmlNode*,null,xml	Node*	null	
12059,_xmlNode*,null,xml	Node*	null	
12060,i32,0,i32	constant	
12061,i32,0,i32	constant	
12062,i8*,null,i8*	null	
12063,,internal global i32 0,	constant	
12064,i32,0,i32	constant	
12065,,internal global i32 0,	constant	
12066,i32,0,i32	constant	
12067,,internal global i32 0,	constant	
12068,i32,0,i32	constant	
12069,,internal global i32 0,	constant	
12070,i32,0,i32	constant	
12071,,internal global i32 0,	constant	
12072,i32,0,i32	constant	
12073,,internal global i32 0,	constant	
12074,i32,0,i32	constant	
12075,,internal global i32 0,	constant	
12076,i32,0,i32	constant	
12077,,internal global i32 0,	constant	
12078,i32,0,i32	constant	
12079,,internal global i8* null,	constant	
12080,i8*,null,i8*	null	
12081,,internal global i8* null,	constant	
12082,i8*,null,i8*	null	
12083,,internal global i32 0,	constant	
12084,i32,1,i32	constant	
12085,,internal global i8* null,	constant	
12086,i8*,null,i8*	null	
12087,,internal global i8* null,	constant	
12088,i8*,null,i8*	null	
12089,,internal global i32 0,	constant	
12090,i32,1,i32	constant	
12091,,internal global i8* null,	constant	
12092,i8*,null,i8*	null	
12093,,internal global i8* null,	constant	
12094,i8*,null,i8*	null	
12095,,external dso_local global _IO_FILE*,	constant	
12096,_IO_FILE*,null,I	O	F	I	L	E*	null	
12097,i32,0,i32	constant	
12098,,internal global i8* null,	constant	
12099,i8*,null,i8*	null	
12100,,internal global i32 0,	constant	
12101,i32,0,i32	constant	
12102,,internal global i32 0,	constant	
12103,i32,0,i32	constant	
12104,,internal global i32 0,	constant	
12105,i32,0,i32	constant	
12106,i32,0,i32	constant	
12107,i64,-1,i64	constant	
12108,,internal global i32 0,	constant	
12109,i32,0,i32	constant	
12110,i32,0,i32	constant	
12111,i64,-1,i64	constant	
12112,,internal global i32 0,	constant	
12113,i32,0,i32	constant	
12114,i32,0,i32	constant	
12115,i64,-1,i64	constant	
12116,,internal global i32 0,	constant	
12117,i32,0,i32	constant	
12118,,internal global i8* null,	constant	
12119,i8*,null,i8*	null	
12120,,internal global i32 0,	constant	
12121,i32,1,i32	constant	
12122,,internal global i32 0,	constant	
12123,i32,1,i32	constant	
12124,i8*,null,i8*	null	
12125,i64,-1,i64	constant	
12126,,internal global i32 0,	constant	
12127,i32,0,i32	constant	
12128,,internal global i8* null,	constant	
12129,i8*,null,i8*	null	
12130,,internal global i32 0,	constant	
12131,i32,0,i32	constant	
12132,,internal global i8* null,	constant	
12133,i8*,null,i8*	null	
12134,,internal global i32 0,	constant	
12135,i32,1,i32	constant	
12136,,internal global i8* null,	constant	
12137,i8*,null,i8*	null	
12138,,internal global i8* null,	constant	
12139,i8*,null,i8*	null	
12140,i32,0,i32	constant	
12141,,internal global i8* null,	constant	
12142,i8*,null,i8*	null	
12143,,internal global i32 0,	constant	
12144,i32,1,i32	constant	
12145,,internal global i8* null,	constant	
12146,i8*,null,i8*	null	
12147,i32,0,i32	constant	
12148,,internal global i8* null,	constant	
12149,i8*,null,i8*	null	
12150,,internal global i8* null,	constant	
12151,i8*,null,i8*	null	
12152,,external dso_local global _IO_FILE*,	constant	
12153,_IO_FILE*,null,I	O	F	I	L	E*	null	
12154,i32,0,i32	constant	
12155,,internal global i8* null,	constant	
12156,i8*,null,i8*	null	
12157,,internal global i32 0,	constant	
12158,i32,1,i32	constant	
12159,,internal global i32 0,	constant	
12160,i32,2,i32	constant	
12161,,internal global i32 0,	constant	
12162,i32,0,i32	constant	
12163,,internal global i8* null,	constant	
12164,i8*,null,i8*	null	
12165,_xmlSaveCtxt*,null,xml	Save	Ctxt*	null	
12166,i64,0,i64	constant	
12167,,internal global i8* null,	constant	
12168,i8*,null,i8*	null	
12169,i8*,null,i8*	null	
12170,,internal global i32 0,	constant	
12171,i32,0,i32	constant	
12172,,internal global i32 0,	constant	
12173,i32,0,i32	constant	
12174,,internal global i32 0,	constant	
12175,i32,0,i32	constant	
12176,i32,0,i32	constant	
12177,,internal global i8* null,	constant	
12178,i8*,null,i8*	null	
12179,,external dso_local global _IO_FILE*,	constant	
12180,_IO_FILE*,null,I	O	F	I	L	E*	null	
12181,,internal global i8* null,	constant	
12182,i8*,null,i8*	null	
12183,i32,47,i32	constant	
12184,,internal global i8* null,	constant	
12185,i8*,null,i8*	null	
12186,,internal global i8* null,	constant	
12187,i8*,null,i8*	null	
12188,,internal global i32 0,	constant	
12189,i32,0,i32	constant	
12190,,internal global i32 0,	constant	
12191,i32,0,i32	constant	
12192,,internal global i8* null,	constant	
12193,i8*,null,i8*	null	
12194,,internal global i32 0,	constant	
12195,i32,0,i32	constant	
12196,,internal global i32 0,	constant	
12197,i32,0,i32	constant	
12198,_xmlDtd*,null,xml	Dtd*	null	
12199,,internal global i8* null,	constant	
12200,i8*,null,i8*	null	
12201,_xmlValidCtxt*,null,xml	Valid	Ctxt*	null	
12202,,internal global i32 0,	constant	
12203,i32,0,i32	constant	
12204,,internal global i32 0,	constant	
12205,i32,0,i32	constant	
12206,i32,0,i32	constant	
12207,,internal global i8* null,	constant	
12208,i8*,null,i8*	null	
12209,_xmlSAXHandler*,null,xml	S	A	X	Handler*	null	
12210,_xmlParserCtxt*,null,xml	Parser	Ctxt*	null	
12211,,internal global i32 0,	constant	
12212,i32,0,i32	constant	
12213,,internal global i32 0,	constant	
12214,i32,0,i32	constant	
12215,,internal global i32 0,	constant	
12216,i32,0,i32	constant	
12217,_xmlValidCtxt*,null,xml	Valid	Ctxt*	null	
12218,,internal global i32 0,	constant	
12219,i32,0,i32	constant	
12220,,internal global i32 0,	constant	
12221,i32,0,i32	constant	
12222,i32,0,i32	constant	
12223,,internal global i32 0,	constant	
12224,i32,0,i32	constant	
12225,,internal global i32 0,	constant	
12226,i32,0,i32	constant	
12227,,internal global _xmlSchematron* null,	constant	
12228,_xmlSchematron*,null,xml	Schematron*	null	
12229,,internal global i32 0,	constant	
12230,i32,0,i32	constant	
12231,,internal global i32 0,	constant	
12232,i32,0,i32	constant	
12233,,internal global i32 0,	constant	
12234,i32,0,i32	constant	
12235,,internal global i32 0,	constant	
12236,i32,0,i32	constant	
12237,i32,0,i32	constant	
12238,i32,0,i32	constant	
12239,,internal global i32 0,	constant	
12240,i32,0,i32	constant	
12241,,internal global i32 0,	constant	
12242,i32,0,i32	constant	
12243,,internal global _xmlParserInput* (i8*,	constant	
12244,_xmlParserInput*,"(i8*, i8*, %struct._xmlParserCtxt*)* null",xml	Parser	Input*	i	i	struct	xml	Parser	Ctxt*)* null	
12245,,internal global _xmlRelaxNG* null,	constant	
12246,_xmlRelaxNG*,null,xml	Relax	N	G*	null	
12247,,internal global i32 0,	constant	
12248,i32,0,i32	constant	
12249,,internal global i32 0,	constant	
12250,i32,0,i32	constant	
12251,i32,0,i32	constant	
12252,_xmlParserInput*,null,xml	Parser	Input*	null	
12253,i32,0,i32	constant	
12254,,internal global i32 0,	constant	
12255,i32,0,i32	constant	
12256,,internal global i32 0,	constant	
12257,i32,0,i32	constant	
12258,void,"(i8*, i8*, ...)* null",void	constant	
12259,,internal global _xmlSchema* null,	constant	
12260,_xmlSchema*,null,xml	Schema*	null	
12261,,internal global i32 0,	constant	
12262,i32,0,i32	constant	
12263,,internal global i32 0,	constant	
12264,i32,0,i32	constant	
12265,i32,0,i32	constant	
12266,i32,0,i32	constant	
12267,void,"(i8*, i8*, ...)* null",void	constant	
12268,,internal global i32 0,	constant	
12269,i32,0,i32	constant	
12270,,internal global i32 0,	constant	
12271,i32,0,i32	constant	
12272,,internal global i32 0,	constant	
12273,i32,0,i32	constant	
12274,,internal global i32 0,	constant	
12275,i32,0,i32	constant	
12276,,internal global i32 0,	constant	
12277,i32,0,i32	constant	
12278,,internal global i32 0,	constant	
12279,i32,0,i32	constant	
12280,,internal global i32 0,	constant	
12281,i32,0,i32	constant	
12282,,internal global i32 0,	constant	
12283,i32,0,i32	constant	
12284,,internal global i32 0,	constant	
12285,i32,0,i32	constant	
12286,i32,0,i32	constant	
12287,i32,0,i32	constant	
12288,i32,0,i32	constant	
12289,i32,0,i32	constant	
12290,i32,0,i32	constant	
12291,i32,0,i32	constant	
12292,i32,0,i32	constant	
12293,i32,0,i32	constant	
12294,i32,0,i32	constant	
12295,i32,0,i32	constant	
12296,i32,0,i32	constant	
12297,i32,0,i32	constant	
12298,i32,0,i32	constant	
12299,i32,0,i32	constant	
12300,i32,0,i32	constant	
12301,i32,0,i32	constant	
12302,i32,0,i32	constant	
12303,i32,0,i32	constant	
12304,i32,0,i32	constant	
12305,i8*,null,i8*	null	
12306,i32,0,i32	constant	
12307,i32,0,i32	constant	
12308,i32,0,i32	constant	
12309,i32,0,i32	constant	
12310,i32,0,i32	constant	
12311,i32,0,i32	constant	
12312,i32,0,i32	constant	
12313,i32,0,i32	constant	
12314,i32,0,i32	constant	
12315,i32,0,i32	constant	
12316,i8*,null,i8*	null	
12317,i32,0,i32	constant	
12318,i32,0,i32	constant	
12319,i32,0,i32	constant	
12320,,internal global i32 0,	constant	
12321,i8*,null,i8*	null	
12322,i8*,null,i8*	null	
12323,_xmlParserInput*,null,xml	Parser	Input*	null	
12324,i8*,null,i8*	null	
12325,void,"(i8*, i8*, ...)* null",void	constant	
12326,i64,2171757396,i64	constant	
12327,i32,1,i32	constant	
12328,i32,0,i32	constant	
12329,void,"(i8*, i8*, ...)* null",void	constant	
12330,i32,45,i32	constant	
12331,i32,0,i32	constant	
12332,i32,0,i32	constant	
12333,i32,0,i32	constant	
12334,i32,0,i32	constant	
12335,i32,0,i32	constant	
12336,i32,0,i32	constant	
12337,i32,0,i32	constant	
12338,i32,0,i32	constant	
12339,,internal global i32 0,	constant	
12340,i32,0,i32	constant	
12341,i32,0,i32	constant	
12342,i32,0,i32	constant	
12343,i32,0,i32	constant	
12344,i32,0,i32	constant	
12345,i32,0,i32	constant	
12346,i32,0,i32	constant	
12347,i32,0,i32	constant	
12348,i32,0,i32	constant	
12349,i32,0,i32	constant	
12350,i32,0,i32	constant	
12351,i32,0,i32	constant	
12352,i32,0,i32	constant	
12353,i32,0,i32	constant	
12354,i32,0,i32	constant	
12355,i32,0,i32	constant	
12356,i32,0,i32	constant	
12357,i32,0,i32	constant	
12358,i32,0,i32	constant	
12359,i32,0,i32	constant	
12360,i32,0,i32	constant	
12361,i32,0,i32	constant	
12362,i32,0,i32	constant	
12363,i32,0,i32	constant	
12364,i32,0,i32	constant	
12365,i32,0,i32	constant	
12366,i32,0,i32	constant	
12367,i32,0,i32	constant	
12368,i8*,null,i8*	null	
12369,i32,0,i32	constant	
12370,i32,0,i32	constant	
12371,i32,0,i32	constant	
12372,i32,0,i32	constant	
12373,i32,0,i32	constant	
12374,i32,0,i32	constant	
12375,i32,0,i32	constant	
12376,i32,0,i32	constant	
12377,i32,0,i32	constant	
12378,i32,0,i32	constant	
12379,i32,0,i32	constant	
12380,i32,0,i32	constant	
12381,i32,0,i32	constant	
12382,i32,0,i32	constant	
12383,i32,0,i32	constant	
12384,i32,0,i32	constant	
12385,i32,0,i32	constant	
12386,i32,0,i32	constant	
12387,i32,0,i32	constant	
12388,i32,0,i32	constant	
12389,i32,0,i32	constant	
12390,i32,0,i32	constant	
12391,i32,0,i32	constant	
12392,i32,0,i32	constant	
12393,,internal global i32 0,	constant	
12394,i32,0,i32	constant	
12395,i32,0,i32	constant	
12396,i32,0,i32	constant	
12397,i32,0,i32	constant	
12398,i32,0,i32	constant	
12399,i32,0,i32	constant	
12400,i32,0,i32	constant	
12401,i32,0,i32	constant	
12402,i32,0,i32	constant	
12403,i32,0,i32	constant	
12404,void,"(i8*, i8*, ...)* null",void	constant	
12405,i32,0,i32	constant	
12406,i32,0,i32	constant	
12407,i32,0,i32	constant	
12408,i32,0,i32	constant	
12409,i32,0,i32	constant	
12410,void,"(i8*, i8*, ...)* null",void	constant	
12411,i32,0,i32	constant	
12412,i32,0,i32	constant	
12413,i32,0,i32	constant	
12414,i32,0,i32	constant	
12415,i32,0,i32	constant	
12416,i8*,null,i8*	null	
12417,i32,0,i32	constant	
12418,i32,0,i32	constant	
12419,i32,0,i32	constant	
12420,i32,0,i32	constant	
12421,i32,0,i32	constant	
12422,i32,0,i32	constant	
12423,i32,0,i32	constant	
12424,i8*,null,i8*	null	
12425,i32,0,i32	constant	
12426,i32,0,i32	constant	
12427,i32,0,i32	constant	
12428,i32,0,i32	constant	
12429,i32,0,i32	constant	
12430,i32,0,i32	constant	
12431,i32,0,i32	constant	
12432,i32,0,i32	constant	
12433,i32,0,i32	constant	
12434,i32,0,i32	constant	
12435,i32,1,i32	constant	
12436,i32,0,i32	constant	
12437,i32,0,i32	constant	
12438,i32,0,i32	constant	
12439,i32,0,i32	constant	
12440,i8*,null,i8*	null	
12441,,internal global i32 0,	constant	
12442,i32,1,i32	constant	
12443,i32,0,i32	constant	
12444,i32,0,i32	constant	
12445,i32,0,i32	constant	
12446,i32,0,i32	constant	
12447,i32,0,i32	constant	
12448,i32,0,i32	constant	
12449,i32,0,i32	constant	
12450,i32,0,i32	constant	
12451,i32,0,i32	constant	
12452,i32,0,i32	constant	
12453,i32,0,i32	constant	
12454,i32,0,i32	constant	
12455,i32,0,i32	constant	
12456,i32,0,i32	constant	
12457,i32,0,i32	constant	
12458,i32,0,i32	constant	
12459,i32,0,i32	constant	
12460,i32,0,i32	constant	
12461,i32,0,i32	constant	
12462,i32,0,i32	constant	
12463,i32,0,i32	constant	
12464,i32,0,i32	constant	
12465,i32,0,i32	constant	
12466,i32,0,i32	constant	
12467,i32,0,i32	constant	
12468,i32,0,i32	constant	
12469,i32,0,i32	constant	
12470,i32,0,i32	constant	
12471,i32,0,i32	constant	
12472,i32,0,i32	constant	
12473,,internal global i32 0,	constant	
12474,i32,0,i32	constant	
12475,,internal global i32 0,	constant	
12476,i32,0,i32	constant	
12477,i8*,null,i8*	null	
12478,,internal global i32 0,	constant	
12479,i32,0,i32	constant	
12480,,internal global i32 0,	constant	
12481,i32,0,i32	constant	
12482,i8*,null,i8*	null	
12483,,internal global i32 0,	constant	
12484,i32,0,i32	constant	
12485,,internal global i32 0,	constant	
12486,i32,0,i32	constant	
12487,,internal global i32 0,	constant	
12488,i32,0,i32	constant	
12489,,internal global i32 0,	constant	
12490,i32,0,i32	constant	
12491,,internal global i32 0,	constant	
12492,i32,0,i32	constant	
12493,,internal global i32 0,	constant	
12494,i32,0,i32	constant	
12495,,internal global i32 0,	constant	
12496,i32,0,i32	constant	
12497,,internal global i8* null,	constant	
12498,i8*,null,i8*	null	
12499,,internal global i32 0,	constant	
12500,i32,0,i32	constant	
12501,,internal global i32 0,	constant	
12502,i32,0,i32	constant	
12503,,internal global _xmlSchematron* null,	constant	
12504,_xmlSchematron*,null,xml	Schematron*	null	
12505,,internal global i32 0,	constant	
12506,i32,0,i32	constant	
12507,,internal global i32 0,	constant	
12508,i32,0,i32	constant	
12509,,internal global i8* null,	constant	
12510,i8*,null,i8*	null	
12511,,internal global i32 0,	constant	
12512,i32,0,i32	constant	
12513,,internal global i32 0,	constant	
12514,i32,0,i32	constant	
12515,,internal global _xmlRelaxNG* null,	constant	
12516,_xmlRelaxNG*,null,xml	Relax	N	G*	null	
12517,,internal global i32 0,	constant	
12518,i32,0,i32	constant	
12519,,internal global i8* null,	constant	
12520,i8*,null,i8*	null	
12521,,internal global i32 0,	constant	
12522,i32,0,i32	constant	
12523,,internal global i32 0,	constant	
12524,i32,0,i32	constant	
12525,,internal global _xmlSchema* null,	constant	
12526,_xmlSchema*,null,xml	Schema*	null	
12527,,internal global i32 0,	constant	
12528,i32,0,i32	constant	
12529,i8*,null,i8*	null	
12530,,internal global i8* null,	constant	
12531,i8*,null,i8*	null	
12532,,internal global i32 0,	constant	
12533,i32,0,i32	constant	
12534,,internal global _xmlPattern* null,	constant	
12535,_xmlPattern*,null,xml	Pattern*	null	
12536,,internal global i32 0,	constant	
12537,i32,1,i32	constant	
12538,i32,0,i32	constant	
12539,i32,0,i32	constant	
12540,i32,0,i32	constant	
12541,i32,0,i32	constant	
12542,i32,0,i32	constant	
12543,i32,0,i32	constant	
12544,i32,0,i32	constant	
12545,i32,0,i32	constant	
12546,i32,0,i32	constant	
12547,i32,0,i32	constant	
12548,i32,0,i32	constant	
12549,i32,0,i32	constant	
12550,i32,0,i32	constant	
12551,i32,0,i32	constant	
12552,i32,0,i32	constant	
12553,i32,0,i32	constant	
12554,i32,0,i32	constant	
12555,i32,0,i32	constant	
12556,i32,0,i32	constant	
12557,i32,0,i32	constant	
12558,i32,0,i32	constant	
12559,i32,0,i32	constant	
12560,i32,0,i32	constant	
12561,i32,0,i32	constant	
12562,i32,0,i32	constant	
12563,,internal global i32 0,	constant	
12564,i32,0,i32	constant	
12565,,internal global i32 0,	constant	
12566,i32,0,i32	constant	
12567,i32,0,i32	constant	
12568,i32,45,i32	constant	
12569,,internal global i32 0,	constant	
12570,i32,0,i32	constant	
12571,,internal global i32 0,	constant	
12572,,internal global i32 0,	constant	
12573,i32,0,i32	constant	
12574,,internal global i32 0,	constant	
12575,i32,0,i32	constant	
12576,_xmlParserCtxt*,null,xml	Parser	Ctxt*	null	
12577,_xmlParserCtxt*,null,xml	Parser	Ctxt*	null	
12578,,internal global i32 0,	constant	
12579,i32,0,i32	constant	
12580,,internal global i32 0,	constant	
12581,i32,0,i32	constant	
12582,,internal global i32 0,	constant	
12583,i32,0,i32	constant	
12584,,internal global i32 0,	constant	
12585,i32,0,i32	constant	
12586,,internal global i32 0,	constant	
12587,i32,0,i32	constant	
12588,,internal global i32 0,	constant	
12589,i32,0,i32	constant	
12590,,internal global i32 0,	constant	
12591,i32,0,i32	constant	
12592,,internal global i32 0,	constant	
12593,i32,0,i32	constant	
12594,,internal global i32 0,	constant	
12595,i32,0,i32	constant	
12596,i32,0,i32	constant	
12597,,internal global i32 0,	constant	
12598,i32,0,i32	constant	
12599,i32,0,i32	constant	
12600,,internal global _xmlSchematron* null,	constant	
12601,_xmlSchematron*,null,xml	Schematron*	null	
12602,,internal global _xmlRelaxNG* null,	constant	
12603,_xmlRelaxNG*,null,xml	Relax	N	G*	null	
12604,,internal global _xmlSchema* null,	constant	
12605,_xmlSchema*,null,xml	Schema*	null	
12606,i8*,null,i8*	null	
12607,,internal global _xmlPattern* null,	constant	
12608,_xmlPattern*,null,xml	Pattern*	null	
12609,,internal global i32 0,	constant	
12610,i8*,null,i8*	null	
12611,,internal global i32 0,	constant	
12612,i8*,null,i8*	null	
12613,_xmlParserInput*,null,xml	Parser	Input*	null	
12614,i8*,null,i8*	null	
12615,_xmlParserInput*,null,xml	Parser	Input*	null	
12616,i32,13,i32	constant	
12617,i32,10,i32	constant	
12618,i32,13,i32	constant	
12619,i32,10,i32	constant	
12620,i32,0,i32	constant	
12621,i32,80,i32	constant	
12622,i32,13,i32	constant	
12623,i32,10,i32	constant	
12624,i32,0,i32	constant	
12625,i32,79,i32	constant	
12626,i32,13,i32	constant	
12627,i32,10,i32	constant	
12628,i32,0,i32	constant	
12629,i32,13,i32	constant	
12630,i32,10,i32	constant	
12631,i32,0,i32	constant	
12632,i32,80,i32	constant	
12633,i32,1,i32	constant	
12634,i8*,null,i8*	null	
12635,_xmlParserInput*,null,xml	Parser	Input*	null	
12636,i32,1,i32	constant	
12637,i8*,null,i8*	null	
12638,_xmlParserInput*,null,xml	Parser	Input*	null	
12639,i32,1,i32	constant	
12640,i8*,null,i8*	null	
12641,i32,1,i32	constant	
12642,i8*,null,i8*	null	
12643,i8*,null,i8*	null	
12644,i8*,null,i8*	null	
12645,i8*,null,i8*	null	
12646,,external dso_local global _IO_FILE*,	constant	
12647,,internal global i32 0,	constant	
12648,i32,0,i32	constant	
12649,,internal global i32 0,	constant	
12650,i32,0,i32	constant	
12651,,internal global i32 0,	constant	
12652,i32,0,i32	constant	
12653,,internal global i32 0,	constant	
12654,i32,0,i32	constant	
12655,i8*,null,i8*	null	
12656,i8*,null,i8*	null	
12657,,internal global i32 0,	constant	
12658,i32,0,i32	constant	
12659,i8*,null,i8*	null	
12660,i8*,null,i8*	null	
12661,void,(i8*)* null,void	constant	
12662,i8*,(i64)* null,i8*	constant	
12663,i8*,"(i8*, i64)* null",i8*	constant	
12664,i8*,(i8*)* null,i8*	constant	
12665,void,(i8*)** null,void	constant	
12666,i8*,(i64)** null,i8*	constant	
12667,i8*,"(i8*, i64)** null",i8*	constant	
12668,i8*,(i8*)** null,i8*	constant	
12669,void,(i8*)* null,void	constant	
12670,i8*,(i64)* null,i8*	constant	
12671,i8*,(i64)* null,i8*	constant	
12672,i8*,"(i8*, i64)* null",i8*	constant	
12673,i8*,(i8*)* null,i8*	constant	
12674,void,(i8*)** null,void	constant	
12675,i8*,(i64)** null,i8*	constant	
12676,i8*,(i64)** null,i8*	constant	
12677,i8*,"(i8*, i64)** null",i8*	constant	
12678,i8*,(i8*)** null,i8*	constant	
12679,,internal global i32 0,	constant	
12680,i32,0,i32	constant	
12681,memnod*,null,memnod	null	
12682,,internal global i64 0,	constant	
12683,,internal global i64 0,	constant	
12684,,internal global i8* null,	constant	
12685,,internal global i32 0,	constant	
12686,i32,0,i32	constant	
12687,memnod*,null,memnod	null	
12688,,internal global i64 0,	constant	
12689,,internal global i64 0,	constant	
12690,,internal global i8* null,	constant	
12691,i8*,null,i8*	null	
12692,,internal global i32 0,	constant	
12693,i32,0,i32	constant	
12694,i32,23205,i32	constant	
12695,memnod*,null,memnod	null	
12696,,internal global i8* null,	constant	
12697,,internal global i64 0,	constant	
12698,,internal global i64 0,	constant	
12699,i8*,null,i8*	null	
12700,i8*,inttoptr (i64 -1 to i8*),i8*	constant	
12701,,internal global i8* null,	constant	
12702,i32,23205,i32	constant	
12703,,internal global i32 0,	constant	
12704,i32,0,i32	constant	
12705,memnod*,null,memnod	null	
12706,,internal global i64 0,	constant	
12707,,internal global i64 0,	constant	
12708,,internal global i8* null,	constant	
12709,i64,0,i64	constant	
12710,_IO_FILE*,null,I	O	F	I	L	E*	null	
12711,_IO_FILE*,null,I	O	F	I	L	E*	null	
12712,_IO_FILE*,null,I	O	F	I	L	E*	null	
12713,_IO_FILE*,null,I	O	F	I	L	E*	null	
12714,_IO_FILE*,null,I	O	F	I	L	E*	null	
12715,_IO_FILE*,null,I	O	F	I	L	E*	null	
12716,_IO_FILE*,null,I	O	F	I	L	E*	null	
12717,,internal global i32 0,	constant	
12718,i32,0,i32	constant	
12719,i8*,null,i8*	null	
12720,i8*,null,i8*	null	
12721,,internal global i32 0,	constant	
12722,i32,0,i32	constant	
12723,_xmlModule*,null,xml	Module*	null	
12724,_xmlModule*,null,xml	Module*	null	
12725,i8*,null,i8*	null	
12726,i32,1,i32	constant	
12727,i32,1,i32	constant	
12728,_xmlParserCtxt*,null,xml	Parser	Ctxt*	null	
12729,i32,2,i32	constant	
12730,_xmlRelaxNGValidCtxt*,null,xml	Relax	N	G	Valid	Ctxt*	null	
12731,_xmlNode*,null,xml	Node*	null	
12732,i32,1,i32	constant	
12733,i32,1,i32	constant	
12734,i32,1,i32	constant	
12735,_xmlParserCtxt*,null,xml	Parser	Ctxt*	null	
12736,i8*,null,i8*	null	
12737,_xmlNs*,null,xml	Ns*	null	
12738,i8*,null,i8*	null	
12739,i32,2,i32	constant	
12740,_xmlRelaxNGValidCtxt*,null,xml	Relax	N	G	Valid	Ctxt*	null	
12741,_xmlNode*,null,xml	Node*	null	
12742,i32,1,i32	constant	
12743,i32,5,i32	constant	
12744,_xmlSAXHandler*,null,xml	S	A	X	Handler*	null	
12745,_xmlNode*,null,xml	Node*	null	
12746,_xmlEntity*,"(i8*, i8*)* null",xml	Entity*	i	i	null	
12747,_xmlNode*,null,xml	Node*	null	
12748,i32,17,i32	constant	
12749,_xmlNode*,null,xml	Node*	null	
12750,i32,1,i32	constant	
12751,i32,3,i32	constant	
12752,i32,4,i32	constant	
12753,_xmlNode*,null,xml	Node*	null	
12754,i32,1,i32	constant	
12755,_xmlNode*,null,xml	Node*	null	
12756,i32,1,i32	constant	
12757,i32,0,i32	constant	
12758,_xmlNode*,null,xml	Node*	null	
12759,i32,2,i32	constant	
12760,i32,0,i32	constant	
12761,i32,17,i32	constant	
12762,_xmlNode*,null,xml	Node*	null	
12763,_xmlNode*,null,xml	Node*	null	
12764,_xmlNode*,null,xml	Node*	null	
12765,_xmlNode*,null,xml	Node*	null	
12766,_xmlParserCtxt*,null,xml	Parser	Ctxt*	null	
12767,_xmlNode*,null,xml	Node*	null	
12768,_xmlTextReader*,null,xml	Text	Reader*	null	
12769,i32,-1,i32	constant	
12770,_xmlNode*,null,xml	Node*	null	
12771,i32,3,i32	constant	
12772,i32,0,i32	constant	
12773,i32,3,i32	constant	
12774,i32,18,i32	constant	
12775,_xmlNode*,null,xml	Node*	null	
12776,_xmlBuffer*,null,xml	Buffer*	null	
12777,_xmlNode*,null,xml	Node*	null	
12778,_xmlTextReader*,null,xml	Text	Reader*	null	
12779,_xmlDoc*,null,xml	Doc*	null	
12780,_xmlParserCtxt*,null,xml	Parser	Ctxt*	null	
12781,i32,0,i32	constant	
12782,i32,0,i32	constant	
12783,_xmlNode*,null,xml	Node*	null	
12784,i32,3,i32	constant	
12785,i32,5,i32	constant	
12786,_xmlNode*,null,xml	Node*	null	
12787,_xmlDoc*,null,xml	Doc*	null	
12788,_xmlNode*,null,xml	Node*	null	
12789,_xmlDoc*,null,xml	Doc*	null	
12790,_xmlNode*,null,xml	Node*	null	
12791,_xmlNode*,null,xml	Node*	null	
12792,i32,3,i32	constant	
12793,_xmlNode*,null,xml	Node*	null	
12794,_xmlNode*,null,xml	Node*	null	
12795,i32,0,i32	constant	
12796,i32,0,i32	constant	
12797,i32,4,i32	constant	
12798,_xmlNode*,null,xml	Node*	null	
12799,i32,5,i32	constant	
12800,_xmlNode*,null,xml	Node*	null	
12801,i32,3,i32	constant	
12802,_xmlNode*,null,xml	Node*	null	
12803,i32,14,i32	constant	
12804,i32,9,i32	constant	
12805,i32,13,i32	constant	
12806,_xmlNode*,null,xml	Node*	null	
12807,i32,-1,i32	constant	
12808,i32,0,i32	constant	
12809,_xmlNode*,null,xml	Node*	null	
12810,i32,0,i32	constant	
12811,i32,4,i32	constant	
12812,_xmlNode*,null,xml	Node*	null	
12813,i32,5,i32	constant	
12814,i32,19,i32	constant	
12815,i32,14,i32	constant	
12816,_xmlNode*,null,xml	Node*	null	
12817,i32,0,i32	constant	
12818,i32,1,i32	constant	
12819,i32,1,i32	constant	
12820,_xmlNode*,null,xml	Node*	null	
12821,i32,1,i32	constant	
12822,i32,0,i32	constant	
12823,i32,0,i32	constant	
12824,i32,0,i32	constant	
12825,i32,1,i32	constant	
12826,i32,0,i32	constant	
12827,i32,4,i32	constant	
12828,i32,0,i32	constant	
12829,i32,0,i32	constant	
12830,i32,0,i32	constant	
12831,i32,0,i32	constant	
12832,_xmlNode*,null,xml	Node*	null	
12833,i32,14,i32	constant	
12834,i32,2,i32	constant	
12835,i32,0,i32	constant	
12836,i32,0,i32	constant	
12837,i32,1,i32	constant	
12838,i32,1,i32	constant	
12839,_xmlNode*,null,xml	Node*	null	
12840,i32,1,i32	constant	
12841,i32,0,i32	constant	
12842,i32,1,i32	constant	
12843,i32,0,i32	constant	
12844,i32,0,i32	constant	
12845,i32,4,i32	constant	
12846,i32,0,i32	constant	
12847,_xmlNode*,null,xml	Node*	null	
12848,i32,9,i32	constant	
12849,i32,21,i32	constant	
12850,i32,13,i32	constant	
12851,i32,3,i32	constant	
12852,i32,0,i32	constant	
12853,i32,0,i32	constant	
12854,_xmlNode*,null,xml	Node*	null	
12855,i32,0,i32	constant	
12856,i32,0,i32	constant	
12857,i32,14,i32	constant	
12858,i32,2,i32	constant	
12859,i32,0,i32	constant	
12860,i32,0,i32	constant	
12861,i32,0,i32	constant	
12862,i32,0,i32	constant	
12863,_xmlNode*,null,xml	Node*	null	
12864,i32,2,i32	constant	
12865,i32,0,i32	constant	
12866,_xmlNode*,null,xml	Node*	null	
12867,_xmlNode*,null,xml	Node*	null	
12868,i32,3,i32	constant	
12869,i32,4,i32	constant	
12870,_xmlNode*,null,xml	Node*	null	
12871,_xmlNode*,null,xml	Node*	null	
12872,i32,0,i32	constant	
12873,i32,1,i32	constant	
12874,_xmlNs*,null,xml	Ns*	null	
12875,i32,0,i32	constant	
12876,i32,0,i32	constant	
12877,_xmlXIncludeCtxt*,null,xml	X	Include	Ctxt*	null	
12878,_xmlNode*,null,xml	Node*	null	
12879,i32,19,i32	constant	
12880,_xmlNode*,null,xml	Node*	null	
12881,i32,20,i32	constant	
12882,_xmlNode*,null,xml	Node*	null	
12883,_xmlNode*,null,xml	Node*	null	
12884,i32,5,i32	constant	
12885,i32,1,i32	constant	
12886,_xmlParserCtxt*,null,xml	Parser	Ctxt*	null	
12887,_xmlSAXHandler*,null,xml	S	A	X	Handler*	null	
12888,_xmlNode*,null,xml	Node*	null	
12889,_xmlEntity*,"(i8*, i8*)* null",xml	Entity*	i	i	null	
12890,_xmlNode*,null,xml	Node*	null	
12891,i32,17,i32	constant	
12892,_xmlNode*,null,xml	Node*	null	
12893,_xmlNode*,null,xml	Node*	null	
12894,i32,5,i32	constant	
12895,i32,0,i32	constant	
12896,_xmlParserCtxt*,null,xml	Parser	Ctxt*	null	
12897,_xmlNode*,null,xml	Node*	null	
12898,i32,17,i32	constant	
12899,_xmlNode*,null,xml	Node*	null	
12900,_xmlNode*,null,xml	Node*	null	
12901,i32,0,i32	constant	
12902,i32,1,i32	constant	
12903,i32,2,i32	constant	
12904,i32,4,i32	constant	
12905,i32,3,i32	constant	
12906,i32,4,i32	constant	
12907,i32,2,i32	constant	
12908,i32,0,i32	constant	
12909,i32,4,i32	constant	
12910,i32,1,i32	constant	
12911,i32,4,i32	constant	
12912,i32,0,i32	constant	
12913,_xmlSchemaValidCtxt*,null,xml	Schema	Valid	Ctxt*	null	
12914,i32,0,i32	constant	
12915,_xmlTextReader*,null,xml	Text	Reader*	null	
12916,_xmlNode*,null,xml	Node*	null	
12917,_xmlTextReader*,null,xml	Text	Reader*	null	
12918,_xmlDoc*,null,xml	Doc*	null	
12919,_xmlParserCtxt*,null,xml	Parser	Ctxt*	null	
12920,i32,0,i32	constant	
12921,_xmlTextReader*,null,xml	Text	Reader*	null	
12922,_xmlDoc*,null,xml	Doc*	null	
12923,i32,1,i32	constant	
12924,_xmlNode*,null,xml	Node*	null	
12925,i32,4,i32	constant	
12926,i32,2,i32	constant	
12927,i32,1,i32	constant	
12928,i32,0,i32	constant	
12929,i32,1,i32	constant	
12930,_xmlNode*,null,xml	Node*	null	
12931,_xmlNode*,null,xml	Node*	null	
12932,i32,-1,i32	constant	
12933,_xmlNode*,null,xml	Node*	null	
12934,i32,14,i32	constant	
12935,i32,-1,i32	constant	
12936,_xmlNode*,null,xml	Node*	null	
12937,_xmlTextReader*,null,xml	Text	Reader*	null	
12938,_xmlNode*,null,xml	Node*	null	
12939,i8*,null,i8*	null	
12940,i32,-1,i32	constant	
12941,_xmlTextReader*,null,xml	Text	Reader*	null	
12942,i32,2,i32	constant	
12943,_xmlNode*,null,xml	Node*	null	
12944,_xmlNode*,null,xml	Node*	null	
12945,i32,4,i32	constant	
12946,_xmlNode*,null,xml	Node*	null	
12947,i32,1,i32	constant	
12948,i32,2,i32	constant	
12949,_xmlNode*,null,xml	Node*	null	
12950,_xmlNode*,null,xml	Node*	null	
12951,i32,9,i32	constant	
12952,i32,2,i32	constant	
12953,_xmlNode*,null,xml	Node*	null	
12954,_xmlNode*,null,xml	Node*	null	
12955,i32,4,i32	constant	
12956,i32,14,i32	constant	
12957,i32,19,i32	constant	
12958,i32,5,i32	constant	
12959,_xmlNode*,null,xml	Node*	null	
12960,i32,2,i32	constant	
12961,_xmlNode*,null,xml	Node*	null	
12962,_xmlNode*,null,xml	Node*	null	
12963,i32,9,i32	constant	
12964,i32,13,i32	constant	
12965,i32,19,i32	constant	
12966,i32,20,i32	constant	
12967,_xmlTextReader*,null,xml	Text	Reader*	null	
12968,_xmlDoc*,null,xml	Doc*	null	
12969,i32,2,i32	constant	
12970,_xmlNode*,null,xml	Node*	null	
12971,_xmlNode*,null,xml	Node*	null	
12972,_xmlParserInputBuffer*,null,xml	Parser	Input	Buffer*	null	
12973,_xmlTextReader*,null,xml	Text	Reader*	null	
12974,_xmlBuf*,null,xml	Buf*	null	
12975,_xmlSAXHandler*,null,xml	S	A	X	Handler*	null	
12976,i32,-554844497,i32	constant	
12977,i64,4,i64	constant	
12978,i64,4,i64	constant	
12979,_xmlParserCtxt*,null,xml	Parser	Ctxt*	null	
12980,_xmlParserInputBuffer*,null,xml	Parser	Input	Buffer*	null	
12981,_xmlTextReader*,null,xml	Text	Reader*	null	
12982,i8*,null,i8*	null	
12983,i8*,null,i8*	null	
12984,i8*,null,i8*	null	
12985,i8*,null,i8*	null	
12986,_xmlTextReader*,null,xml	Text	Reader*	null	
12987,_xmlRelaxNG*,null,xml	Relax	N	G*	null	
12988,_xmlRelaxNGValidCtxt*,null,xml	Relax	N	G	Valid	Ctxt*	null	
12989,i32,0,i32	constant	
12990,_xmlSchemaSAXPlug*,null,xml	Schema	S	A	X	Plug*	null	
12991,_xmlSchemaValidCtxt*,null,xml	Schema	Valid	Ctxt*	null	
12992,i32,0,i32	constant	
12993,_xmlSchema*,null,xml	Schema*	null	
12994,_xmlXIncludeCtxt*,null,xml	X	Include	Ctxt*	null	
12995,_xmlPattern**,null,xml	Pattern**	null	
12996,_xmlPattern*,null,xml	Pattern*	null	
12997,_xmlNode*,null,xml	Node*	null	
12998,_xmlParserCtxt*,null,xml	Parser	Ctxt*	null	
12999,_xmlDoc*,null,xml	Doc*	null	
13000,i32,0,i32	constant	
13001,_xmlValidState*,null,xml	Valid	State*	null	
13002,i32,0,i32	constant	
13003,i32,2,i32	constant	
13004,i32,0,i32	constant	
13005,_xmlSAXHandler*,null,xml	S	A	X	Handler*	null	
13006,i32,1,i32	constant	
13007,i32,0,i32	constant	
13008,_xmlParserInputBuffer*,null,xml	Parser	Input	Buffer*	null	
13009,_xmlBuf*,null,xml	Buf*	null	
13010,_xmlNode**,null,xml	Node**	null	
13011,_xmlDict*,null,xml	Dict*	null	
13012,_xmlTextReader*,null,xml	Text	Reader*	null	
13013,_xmlParserCtxt*,null,xml	Parser	Ctxt*	null	
13014,_xmlDoc*,null,xml	Doc*	null	
13015,i32,0,i32	constant	
13016,i32,1,i32	constant	
13017,i32,0,i32	constant	
13018,_xmlParserInputBuffer*,null,xml	Parser	Input	Buffer*	null	
13019,_xmlTextReader*,null,xml	Text	Reader*	null	
13020,_xmlNode*,null,xml	Node*	null	
13021,_xmlNode*,null,xml	Node*	null	
13022,i32,1,i32	constant	
13023,_xmlNs*,null,xml	Ns*	null	
13024,_xmlNs*,null,xml	Ns*	null	
13025,_xmlAttr*,null,xml	Attr*	null	
13026,i32,0,i32	constant	
13027,_xmlAttr*,null,xml	Attr*	null	
13028,i8*,null,i8*	null	
13029,i8*,null,i8*	null	
13030,_xmlTextReader*,null,xml	Text	Reader*	null	
13031,_xmlNode*,null,xml	Node*	null	
13032,_xmlNode*,null,xml	Node*	null	
13033,i32,1,i32	constant	
13034,i8*,null,i8*	null	
13035,i32,0,i32	constant	
13036,_xmlNs*,null,xml	Ns*	null	
13037,i8*,null,i8*	null	
13038,i32,0,i32	constant	
13039,_xmlNs*,null,xml	Ns*	null	
13040,i32,0,i32	constant	
13041,i8*,null,i8*	null	
13042,_xmlNs*,null,xml	Ns*	null	
13043,i8*,null,i8*	null	
13044,i8*,null,i8*	null	
13045,_xmlTextReader*,null,xml	Text	Reader*	null	
13046,_xmlNode*,null,xml	Node*	null	
13047,_xmlNode*,null,xml	Node*	null	
13048,i32,1,i32	constant	
13049,i32,0,i32	constant	
13050,i32,0,i32	constant	
13051,_xmlNs*,null,xml	Ns*	null	
13052,i8*,null,i8*	null	
13053,i8*,null,i8*	null	
13054,i32,0,i32	constant	
13055,i8*,null,i8*	null	
13056,_xmlTextReader*,null,xml	Text	Reader*	null	
13057,_xmlNode*,null,xml	Node*	null	
13058,_xmlParserCtxt*,null,xml	Parser	Ctxt*	null	
13059,_xmlDoc*,null,xml	Doc*	null	
13060,i32,0,i32	constant	
13061,i32,1,i32	constant	
13062,i32,0,i32	constant	
13063,_xmlTextReader*,null,xml	Text	Reader*	null	
13064,_xmlNode*,null,xml	Node*	null	
13065,_xmlNs*,null,xml	Ns*	null	
13066,_xmlTextReader*,null,xml	Text	Reader*	null	
13067,_xmlNode*,null,xml	Node*	null	
13068,i32,1,i32	constant	
13069,_xmlNs*,null,xml	Ns*	null	
13070,_xmlNs*,null,xml	Ns*	null	
13071,_xmlAttr*,null,xml	Attr*	null	
13072,i32,0,i32	constant	
13073,_xmlAttr*,null,xml	Attr*	null	
13074,i8*,null,i8*	null	
13075,_xmlTextReader*,null,xml	Text	Reader*	null	
13076,_xmlNode*,null,xml	Node*	null	
13077,i32,1,i32	constant	
13078,i8*,null,i8*	null	
13079,i32,0,i32	constant	
13080,_xmlNs*,null,xml	Ns*	null	
13081,i8*,null,i8*	null	
13082,_xmlAttr*,null,xml	Attr*	null	
13083,i32,0,i32	constant	
13084,i8*,null,i8*	null	
13085,_xmlNs*,null,xml	Ns*	null	
13086,i32,0,i32	constant	
13087,_xmlNs*,null,xml	Ns*	null	
13088,i32,0,i32	constant	
13089,i8*,null,i8*	null	
13090,_xmlAttr*,null,xml	Attr*	null	
13091,i32,0,i32	constant	
13092,i32,0,i32	constant	
13093,_xmlNs*,null,xml	Ns*	null	
13094,i8*,null,i8*	null	
13095,i8*,null,i8*	null	
13096,i8*,null,i8*	null	
13097,i8*,null,i8*	null	
13098,i8*,null,i8*	null	
13099,i8*,null,i8*	null	
13100,_xmlTextReader*,null,xml	Text	Reader*	null	
13101,_xmlNode*,null,xml	Node*	null	
13102,i32,1,i32	constant	
13103,i32,0,i32	constant	
13104,i32,0,i32	constant	
13105,_xmlNs*,null,xml	Ns*	null	
13106,i8*,null,i8*	null	
13107,i8*,null,i8*	null	
13108,i32,0,i32	constant	
13109,i8*,null,i8*	null	
13110,_xmlAttr*,null,xml	Attr*	null	
13111,i32,0,i32	constant	
13112,_xmlNs*,null,xml	Ns*	null	
13113,i32,0,i32	constant	
13114,_xmlTextReader*,null,xml	Text	Reader*	null	
13115,_xmlNode*,null,xml	Node*	null	
13116,i32,1,i32	constant	
13117,_xmlNs*,null,xml	Ns*	null	
13118,_xmlAttr*,null,xml	Attr*	null	
13119,_xmlTextReader*,null,xml	Text	Reader*	null	
13120,_xmlNode*,null,xml	Node*	null	
13121,i32,1,i32	constant	
13122,_xmlNode*,null,xml	Node*	null	
13123,i32,18,i32	constant	
13124,_xmlNs*,null,xml	Ns*	null	
13125,_xmlAttr*,null,xml	Attr*	null	
13126,i32,2,i32	constant	
13127,_xmlNode*,null,xml	Node*	null	
13128,_xmlTextReader*,null,xml	Text	Reader*	null	
13129,_xmlNode*,null,xml	Node*	null	
13130,i32,1,i32	constant	
13131,_xmlNode*,null,xml	Node*	null	
13132,_xmlTextReader*,null,xml	Text	Reader*	null	
13133,_xmlNode*,null,xml	Node*	null	
13134,_xmlNode*,null,xml	Node*	null	
13135,i32,2,i32	constant	
13136,_xmlNode*,null,xml	Node*	null	
13137,i32,18,i32	constant	
13138,_xmlNode*,null,xml	Node*	null	
13139,i8*,null,i8*	null	
13140,_xmlNode*,null,xml	Node*	null	
13141,_xmlTextReader*,null,xml	Text	Reader*	null	
13142,_xmlDoc*,null,xml	Doc*	null	
13143,_xmlParserCtxt*,null,xml	Parser	Ctxt*	null	
13144,_xmlDoc*,null,xml	Doc*	null	
13145,i8*,null,i8*	null	
13146,_xmlTextReader*,null,xml	Text	Reader*	null	
13147,_xmlNode*,null,xml	Node*	null	
13148,_xmlNode*,null,xml	Node*	null	
13149,i32,1,i32	constant	
13150,i32,2,i32	constant	
13151,i32,4,i32	constant	
13152,_xmlAttr*,null,xml	Attr*	null	
13153,_xmlNs*,null,xml	Ns*	null	
13154,_xmlTextReader*,null,xml	Text	Reader*	null	
13155,_xmlNode*,null,xml	Node*	null	
13156,_xmlNode*,null,xml	Node*	null	
13157,i32,2,i32	constant	
13158,i32,4,i32	constant	
13159,i32,0,i32	constant	
13160,i32,0,i32	constant	
13161,_xmlNode*,null,xml	Node*	null	
13162,_xmlTextReader*,null,xml	Text	Reader*	null	
13163,i32,1,i32	constant	
13164,_xmlNode*,null,xml	Node*	null	
13165,_xmlNode*,null,xml	Node*	null	
13166,i32,2,i32	constant	
13167,_xmlDoc*,null,xml	Doc*	null	
13168,i32,0,i32	constant	
13169,i32,1,i32	constant	
13170,i32,0,i32	constant	
13171,_xmlNode*,null,xml	Node*	null	
13172,_xmlTextReader*,null,xml	Text	Reader*	null	
13173,_xmlNode*,null,xml	Node*	null	
13174,i32,18,i32	constant	
13175,i8*,null,i8*	null	
13176,i32,1,i32	constant	
13177,i32,2,i32	constant	
13178,_xmlNode*,null,xml	Node*	null	
13179,_xmlTextReader*,null,xml	Text	Reader*	null	
13180,_xmlNode*,null,xml	Node*	null	
13181,i32,18,i32	constant	
13182,i8*,null,i8*	null	
13183,i32,1,i32	constant	
13184,i32,2,i32	constant	
13185,_xmlNode*,null,xml	Node*	null	
13186,_xmlTextReader*,null,xml	Text	Reader*	null	
13187,_xmlNode*,null,xml	Node*	null	
13188,_xmlNs*,null,xml	Ns*	null	
13189,i8*,null,i8*	null	
13190,i8*,null,i8*	null	
13191,_xmlNode*,null,xml	Node*	null	
13192,_xmlTextReader*,null,xml	Text	Reader*	null	
13193,_xmlNode*,null,xml	Node*	null	
13194,_xmlNs*,null,xml	Ns*	null	
13195,i8*,null,i8*	null	
13196,i8*,null,i8*	null	
13197,_xmlNode*,null,xml	Node*	null	
13198,_xmlTextReader*,null,xml	Text	Reader*	null	
13199,_xmlNode*,null,xml	Node*	null	
13200,i32,18,i32	constant	
13201,i8*,null,i8*	null	
13202,i32,1,i32	constant	
13203,i32,2,i32	constant	
13204,i8*,null,i8*	null	
13205,_xmlNs*,null,xml	Ns*	null	
13206,_xmlNode*,null,xml	Node*	null	
13207,_xmlTextReader*,null,xml	Text	Reader*	null	
13208,_xmlNode*,null,xml	Node*	null	
13209,i32,18,i32	constant	
13210,i8*,null,i8*	null	
13211,i32,1,i32	constant	
13212,i32,2,i32	constant	
13213,i8*,null,i8*	null	
13214,_xmlNs*,null,xml	Ns*	null	
13215,_xmlNode*,null,xml	Node*	null	
13216,_xmlTextReader*,null,xml	Text	Reader*	null	
13217,_xmlNode*,null,xml	Node*	null	
13218,i32,18,i32	constant	
13219,i32,1,i32	constant	
13220,i32,2,i32	constant	
13221,_xmlNs*,null,xml	Ns*	null	
13222,_xmlNode*,null,xml	Node*	null	
13223,_xmlTextReader*,null,xml	Text	Reader*	null	
13224,_xmlNode*,null,xml	Node*	null	
13225,i32,18,i32	constant	
13226,i32,1,i32	constant	
13227,i32,2,i32	constant	
13228,_xmlNs*,null,xml	Ns*	null	
13229,_xmlNode*,null,xml	Node*	null	
13230,_xmlTextReader*,null,xml	Text	Reader*	null	
13231,_xmlNode*,null,xml	Node*	null	
13232,_xmlTextReader*,null,xml	Text	Reader*	null	
13233,i8*,null,i8*	null	
13234,_xmlTextReader*,null,xml	Text	Reader*	null	
13235,_xmlNode*,null,xml	Node*	null	
13236,_xmlNode*,null,xml	Node*	null	
13237,i32,2,i32	constant	
13238,i32,18,i32	constant	
13239,_xmlTextReader*,null,xml	Text	Reader*	null	
13240,_xmlNode*,null,xml	Node*	null	
13241,_xmlNode*,null,xml	Node*	null	
13242,i32,1,i32	constant	
13243,_xmlNs*,null,xml	Ns*	null	
13244,_xmlAttr*,null,xml	Attr*	null	
13245,_xmlTextReader*,null,xml	Text	Reader*	null	
13246,_xmlNode*,null,xml	Node*	null	
13247,_xmlNode*,null,xml	Node*	null	
13248,_xmlTextReader*,null,xml	Text	Reader*	null	
13249,_xmlNode*,null,xml	Node*	null	
13250,_xmlNode*,null,xml	Node*	null	
13251,_xmlNode*,null,xml	Node*	null	
13252,i8*,null,i8*	null	
13253,_xmlTextReader*,null,xml	Text	Reader*	null	
13254,_xmlNode*,null,xml	Node*	null	
13255,_xmlNode*,null,xml	Node*	null	
13256,_xmlNode*,null,xml	Node*	null	
13257,i32,3,i32	constant	
13258,_xmlNode*,null,xml	Node*	null	
13259,_xmlBuf*,null,xml	Buf*	null	
13260,_xmlBuf*,null,xml	Buf*	null	
13261,i8*,null,i8*	null	
13262,_xmlTextReader*,null,xml	Text	Reader*	null	
13263,_xmlTextReader*,null,xml	Text	Reader*	null	
13264,_xmlTextReader*,null,xml	Text	Reader*	null	
13265,_xmlNode*,null,xml	Node*	null	
13266,_xmlTextReader*,null,xml	Text	Reader*	null	
13267,_xmlNode*,null,xml	Node*	null	
13268,i8*,null,i8*	null	
13269,_xmlTextReader*,null,xml	Text	Reader*	null	
13270,_xmlTextReader*,null,xml	Text	Reader*	null	
13271,_xmlParserCtxt*,null,xml	Parser	Ctxt*	null	
13272,_xmlTextReader*,null,xml	Text	Reader*	null	
13273,i32,0,i32	constant	
13274,i32,0,i32	constant	
13275,i32,0,i32	constant	
13276,i32,0,i32	constant	
13277,i32,4,i32	constant	
13278,i32,0,i32	constant	
13279,i32,0,i32	constant	
13280,i32,0,i32	constant	
13281,_xmlParserCtxt*,null,xml	Parser	Ctxt*	null	
13282,_xmlTextReader*,null,xml	Text	Reader*	null	
13283,i32,0,i32	constant	
13284,i32,0,i32	constant	
13285,i32,4,i32	constant	
13286,i32,0,i32	constant	
13287,_xmlParserCtxt*,null,xml	Parser	Ctxt*	null	
13288,_xmlTextReader*,null,xml	Text	Reader*	null	
13289,_xmlParserInput*,null,xml	Parser	Input*	null	
13290,_xmlParserCtxt*,null,xml	Parser	Ctxt*	null	
13291,_xmlTextReader*,null,xml	Text	Reader*	null	
13292,_xmlParserInput*,null,xml	Parser	Input*	null	
13293,_xmlTextReader*,null,xml	Text	Reader*	null	
13294,_xmlNode*,null,xml	Node*	null	
13295,_xmlTextReader*,null,xml	Text	Reader*	null	
13296,_xmlNode*,null,xml	Node*	null	
13297,_xmlNode*,null,xml	Node*	null	
13298,i32,14,i32	constant	
13299,i32,9,i32	constant	
13300,_xmlNode*,null,xml	Node*	null	
13301,i32,1,i32	constant	
13302,i8*,null,i8*	null	
13303,_xmlTextReader*,null,xml	Text	Reader*	null	
13304,_xmlPattern*,null,xml	Pattern*	null	
13305,i32,0,i32	constant	
13306,_xmlPattern**,null,xml	Pattern**	null	
13307,_xmlPattern**,null,xml	Pattern**	null	
13308,_xmlTextReader*,null,xml	Text	Reader*	null	
13309,_xmlDoc*,null,xml	Doc*	null	
13310,_xmlDoc*,null,xml	Doc*	null	
13311,_xmlParserCtxt*,null,xml	Parser	Ctxt*	null	
13312,void,"(i8*, i8*, i32, i8*)* null",void	constant	
13313,i8*,null,i8*	null	
13314,void,"(i8*, i8*, i32, i8*)* null",void	constant	
13315,i8*,null,i8*	null	
13316,void,"(i8*, _xmlError*)* null",void	constant	
13317,_xmlTextReader*,null,xml	Text	Reader*	null	
13318,_xmlRelaxNG*,null,xml	Relax	N	G*	null	
13319,_xmlRelaxNG*,null,xml	Relax	N	G*	null	
13320,_xmlRelaxNGValidCtxt*,null,xml	Relax	N	G	Valid	Ctxt*	null	
13321,i32,0,i32	constant	
13322,i32,0,i32	constant	
13323,_xmlRelaxNG*,null,xml	Relax	N	G*	null	
13324,_xmlRelaxNGValidCtxt*,null,xml	Relax	N	G	Valid	Ctxt*	null	
13325,i32,0,i32	constant	
13326,_xmlRelaxNGValidCtxt*,null,xml	Relax	N	G	Valid	Ctxt*	null	
13327,void,"(i8*, i8*, i32, i8*)* null",void	constant	
13328,void,"(i8*, _xmlError*)* null",void	constant	
13329,i64*,null,i	null	
13330,i8**,null,i	null	
13331,i8*,null,i8*	null	
13332,i8**,null,i	null	
13333,i64*,null,i	null	
13334,_xmlParserInput*,null,xml	Parser	Input*	null	
13335,_xmlParserCtxt*,null,xml	Parser	Ctxt*	null	
13336,i8**,null,i	null	
13337,i64*,null,i	null	
13338,_xmlNode*,null,xml	Node*	null	
13339,i64*,null,i	null	
13340,i64,0,i64	constant	
13341,i8**,null,i	null	
13342,i8*,null,i8*	null	
13343,_xmlDoc*,null,xml	Doc*	null	
13344,_xmlTextReader*,null,xml	Text	Reader*	null	
13345,_xmlSchema*,null,xml	Schema*	null	
13346,_xmlSchemaSAXPlug*,null,xml	Schema	S	A	X	Plug*	null	
13347,_xmlSchemaValidCtxt*,null,xml	Schema	Valid	Ctxt*	null	
13348,i32,0,i32	constant	
13349,_xmlSchema*,null,xml	Schema*	null	
13350,i32,0,i32	constant	
13351,_xmlSchemaSAXPlug*,null,xml	Schema	S	A	X	Plug*	null	
13352,_xmlSchemaValidCtxt*,null,xml	Schema	Valid	Ctxt*	null	
13353,i32,0,i32	constant	
13354,_xmlSchema*,null,xml	Schema*	null	
13355,_xmlSchemaValidCtxt*,null,xml	Schema	Valid	Ctxt*	null	
13356,_xmlSchemaSAXPlug*,null,xml	Schema	S	A	X	Plug*	null	
13357,_xmlParserCtxt*,null,xml	Parser	Ctxt*	null	
13358,_xmlTextReader*,null,xml	Text	Reader*	null	
13359,void,"(i8*, i8*, i32, i8*)* null",void	constant	
13360,void,"(i8*, _xmlError*)* null",void	constant	
13361,i32,14,i32	constant	
13362,_xmlTextReader*,null,xml	Text	Reader*	null	
13363,_xmlRelaxNGValidCtxt*,null,xml	Relax	N	G	Valid	Ctxt*	null	
13364,i8*,null,i8*	null	
13365,_xmlRelaxNGValidCtxt*,null,xml	Relax	N	G	Valid	Ctxt*	null	
13366,i8*,null,i8*	null	
13367,i32,0,i32	constant	
13368,_xmlParserCtxt*,null,xml	Parser	Ctxt*	null	
13369,_xmlRelaxNGValidCtxt*,null,xml	Relax	N	G	Valid	Ctxt*	null	
13370,i32,0,i32	constant	
13371,_xmlRelaxNG*,null,xml	Relax	N	G*	null	
13372,_xmlRelaxNGValidCtxt*,null,xml	Relax	N	G	Valid	Ctxt*	null	
13373,i8*,null,i8*	null	
13374,i8*,null,i8*	null	
13375,void,"(i8*, i8*, i32, i8*)* null",void	constant	
13376,i32,18,i32	constant	
13377,void,"(i8*, _xmlError*)* null",void	constant	
13378,_xmlRelaxNG*,null,xml	Relax	N	G*	null	
13379,_xmlRelaxNGValidCtxt*,null,xml	Relax	N	G	Valid	Ctxt*	null	
13380,void,"(i8*, i8*, i32, i8*)* null",void	constant	
13381,void,"(i8*, _xmlError*)* null",void	constant	
13382,i32,2,i32	constant	
13383,_xmlTextReader*,null,xml	Text	Reader*	null	
13384,_xmlSchemaValidCtxt*,null,xml	Schema	Valid	Ctxt*	null	
13385,i8*,null,i8*	null	
13386,_xmlSchemaValidCtxt*,null,xml	Schema	Valid	Ctxt*	null	
13387,i8*,null,i8*	null	
13388,i32,0,i32	constant	
13389,_xmlParserCtxt*,null,xml	Parser	Ctxt*	null	
13390,_xmlSchemaSAXPlug*,null,xml	Schema	S	A	X	Plug*	null	
13391,_xmlSchemaValidCtxt*,null,xml	Schema	Valid	Ctxt*	null	
13392,i32,0,i32	constant	
13393,_xmlNode*,null,xml	Node*	null	
13394,_xmlSchema*,null,xml	Schema*	null	
13395,_xmlSchemaValidCtxt*,null,xml	Schema	Valid	Ctxt*	null	
13396,i8*,null,i8*	null	
13397,i32,5,i32	constant	
13398,i8*,null,i8*	null	
13399,void,"(i8*, i8*, i32, i8*)* null",void	constant	
13400,_xmlSchema*,null,xml	Schema*	null	
13401,_xmlSchemaValidCtxt*,null,xml	Schema	Valid	Ctxt*	null	
13402,_xmlSchemaSAXPlug*,null,xml	Schema	S	A	X	Plug*	null	
13403,_xmlSchemaSAXPlug*,null,xml	Schema	S	A	X	Plug*	null	
13404,void,"(i8*, i8*, i32, i8*)* null",void	constant	
13405,void,"(i8*, _xmlError*)* null",void	constant	
13406,,external dso_local global void (_xmlNode*)*,	constant	
13407,void,(_xmlNode*)* null,void	constant	
13408,,external dso_local global i32,	constant	
13409,i32,0,i32	constant	
13410,i32,1,i32	constant	
13411,i32,19,i32	constant	
13412,i32,20,i32	constant	
13413,_xmlAttr*,null,xml	Attr*	null	
13414,i32,1,i32	constant	
13415,i32,19,i32	constant	
13416,_xmlTextReader*,null,xml	Text	Reader*	null	
13417,_xmlNode*,null,xml	Node*	null	
13418,_xmlNode*,null,xml	Node*	null	
13419,i32,20,i32	constant	
13420,i32,5,i32	constant	
13421,i32,0,i32	constant	
13422,_xmlDict*,null,xml	Dict*	null	
13423,i8*,null,i8*	null	
13424,i32,1,i32	constant	
13425,i32,19,i32	constant	
13426,i32,20,i32	constant	
13427,_xmlNs*,null,xml	Ns*	null	
13428,i32,3,i32	constant	
13429,i32,8,i32	constant	
13430,i32,0,i32	constant	
13431,_xmlDict*,null,xml	Dict*	null	
13432,i8*,null,i8*	null	
13433,i32,1,i32	constant	
13434,i32,3,i32	constant	
13435,_xmlParserCtxt*,null,xml	Parser	Ctxt*	null	
13436,_xmlTextReader*,null,xml	Text	Reader*	null	
13437,i32,100,i32	constant	
13438,_xmlDoc*,null,xml	Doc*	null	
13439,,external dso_local global void (_xmlNode*)*,	constant	
13440,void,(_xmlNode*)* null,void	constant	
13441,,external dso_local global i32,	constant	
13442,i32,0,i32	constant	
13443,i8*,null,i8*	null	
13444,i8*,null,i8*	null	
13445,_xmlDtd*,null,xml	Dtd*	null	
13446,_xmlDtd*,null,xml	Dtd*	null	
13447,_xmlNode*,null,xml	Node*	null	
13448,i8*,null,i8*	null	
13449,i8*,null,i8*	null	
13450,i8*,null,i8*	null	
13451,_xmlNs*,null,xml	Ns*	null	
13452,i8*,null,i8*	null	
13453,_xmlDict*,null,xml	Dict*	null	
13454,i32,0,i32	constant	
13455,_xmlNode**,null,xml	Node**	null	
13456,_xmlNode**,null,xml	Node**	null	
13457,i32,0,i32	constant	
13458,i32,0,i32	constant	
13459,void,"(i8*, i8*, i8**)* null",void	constant	
13460,_xmlTextReader*,null,xml	Text	Reader*	null	
13461,_xmlParserInput*,null,xml	Parser	Input*	null	
13462,_xmlNode*,null,xml	Node*	null	
13463,i32,47,i32	constant	
13464,i8*,null,i8*	null	
13465,i32,62,i32	constant	
13466,_xmlTextReader*,null,xml	Text	Reader*	null	
13467,void,"(i8*, i8*)* null",void	constant	
13468,_xmlTextReader*,null,xml	Text	Reader*	null	
13469,void,"(i8*, i8*, i8*, i8*, i32, i8**, i32, i32, i8**)* null",void	constant	
13470,_xmlTextReader*,null,xml	Text	Reader*	null	
13471,_xmlParserInput*,null,xml	Parser	Input*	null	
13472,_xmlNode*,null,xml	Node*	null	
13473,i32,47,i32	constant	
13474,i8*,null,i8*	null	
13475,i32,62,i32	constant	
13476,_xmlTextReader*,null,xml	Text	Reader*	null	
13477,void,"(i8*, i8*, i8*, i8*)* null",void	constant	
13478,_xmlTextReader*,null,xml	Text	Reader*	null	
13479,void,"(i8*, i8*, i32)* null",void	constant	
13480,_xmlTextReader*,null,xml	Text	Reader*	null	
13481,void,"(i8*, i8*, i32)* null",void	constant	
13482,_xmlTextReader*,null,xml	Text	Reader*	null	
13483,_xmlBuf*,null,xml	Buf*	null	
13484,_xmlParserInputBuffer*,null,xml	Parser	Input	Buffer*	null	
13485,i32,-1,i32	constant	
13486,i32,3,i32	constant	
13487,i32,0,i32	constant	
13488,i32,2,i32	constant	
13489,i32,0,i32	constant	
13490,i32,0,i32	constant	
13491,_xmlDoc*,null,xml	Doc*	null	
13492,i32,0,i32	constant	
13493,i32,0,i32	constant	
13494,i32,0,i32	constant	
13495,i32,0,i32	constant	
13496,i32,1,i32	constant	
13497,i32,2,i32	constant	
13498,i32,4096,i32	constant	
13499,i64,512,i64	constant	
13500,i32,0,i32	constant	
13501,i32,3,i32	constant	
13502,i32,5,i32	constant	
13503,i32,0,i32	constant	
13504,i32,0,i32	constant	
13505,i32,0,i32	constant	
13506,i32,1,i32	constant	
13507,i32,1,i32	constant	
13508,_xmlParserCtxt*,null,xml	Parser	Ctxt*	null	
13509,i8*,null,i8*	null	
13510,_xmlNs*,null,xml	Ns*	null	
13511,i8*,null,i8*	null	
13512,i32,2,i32	constant	
13513,_xmlRelaxNGValidCtxt*,null,xml	Relax	N	G	Valid	Ctxt*	null	
13514,_xmlNode*,null,xml	Node*	null	
13515,i32,0,i32	constant	
13516,_xmlNode*,null,xml	Node*	null	
13517,i32,1,i32	constant	
13518,_xmlRegexp*,null,xml	Regexp*	null	
13519,_xmlAutomataState**,null,xml	Automata	State**	null	
13520,i32*,null,i	null	
13521,_xmlRegExecCtxt*,null,xml	Reg	Exec	Ctxt*	null	
13522,i32*,null,i	null	
13523,i32,0,i32	constant	
13524,i32*,null,i	null	
13525,_xmlRegExecCtxt*,null,xml	Reg	Exec	Ctxt*	null	
13526,_xmlRegExecRollback*,null,xml	Reg	Exec	Rollback*	null	
13527,i32*,null,i	null	
13528,i32*,null,i	null	
13529,i32*,null,i	null	
13530,_xmlRegInputToken*,null,xml	Reg	Input	Token*	null	
13531,i8*,null,i8*	null	
13532,i8*,null,i8*	null	
13533,_xmlRegExecCtxt*,null,xml	Reg	Exec	Ctxt*	null	
13534,_xmlRegexp*,null,xml	Regexp*	null	
13535,i32,0,i32	constant	
13536,i32*,null,i	null	
13537,i8*,null,i8*	null	
13538,i32,2,i32	constant	
13539,i32,0,i32	constant	
13540,i8*,null,i8*	null	
13541,_xmlAutomata*,null,xml	Automata*	null	
13542,i32,0,i32	constant	
13543,i8*,null,i8*	null	
13544,i32,0,i32	constant	
13545,i32,1,i32	constant	
13546,i32,2,i32	constant	
13547,i32*,null,i	null	
13548,i8*,null,i8*	null	
13549,i32,0,i32	constant	
13550,i32,1193047,i32	constant	
13551,i32,0,i32	constant	
13552,i8*,null,i8*	null	
13553,i8*,null,i8*	null	
13554,i32,0,i32	constant	
13555,_xmlRegAtom*,null,xml	Reg	Atom*	null	
13556,i32,0,i32	constant	
13557,_xmlRegAtom*,null,xml	Reg	Atom*	null	
13558,i32,0,i32	constant	
13559,i32,1193046,i32	constant	
13560,i32,0,i32	constant	
13561,i32,0,i32	constant	
13562,_xmlRegAtom*,null,xml	Reg	Atom*	null	
13563,i8*,null,i8*	null	
13564,i32,0,i32	constant	
13565,i32,0,i32	constant	
13566,i32,0,i32	constant	
13567,i32,0,i32	constant	
13568,i32,0,i32	constant	
13569,i32,1,i32	constant	
13570,i32,0,i32	constant	
13571,i32,0,i32	constant	
13572,i32,0,i32	constant	
13573,i32,1,i32	constant	
13574,i32,1,i32	constant	
13575,i32,0,i32	constant	
13576,i8*,null,i8*	null	
13577,i32,0,i32	constant	
13578,i32,0,i32	constant	
13579,i32,1,i32	constant	
13580,i32,0,i32	constant	
13581,i32,0,i32	constant	
13582,i32,0,i32	constant	
13583,i32,1,i32	constant	
13584,_xmlRegAtom*,null,xml	Reg	Atom*	null	
13585,void,"(_xmlRegExecCtxt*, i8*, i8*, i8*)* null",void	constant	
13586,i8*,null,i8*	null	
13587,i32,1,i32	constant	
13588,i32,0,i32	constant	
13589,i32,0,i32	constant	
13590,i32,0,i32	constant	
13591,i32,1193046,i32	constant	
13592,_xmlAutomataState*,null,xml	Automata	State*	null	
13593,i32,4,i32	constant	
13594,i8*,null,i8*	null	
13595,_xmlRegAtom*,null,xml	Reg	Atom*	null	
13596,_xmlRegInputToken*,null,xml	Reg	Input	Token*	null	
13597,i32,0,i32	constant	
13598,i32,0,i32	constant	
13599,i32,0,i32	constant	
13600,_xmlAutomataState*,null,xml	Automata	State*	null	
13601,i32,1,i32	constant	
13602,i32,0,i32	constant	
13603,i32,4,i32	constant	
13604,i8*,null,i8*	null	
13605,i32,0,i32	constant	
13606,_xmlRegInputToken*,null,xml	Reg	Input	Token*	null	
13607,i32,0,i32	constant	
13608,i32,2,i32	constant	
13609,_xmlRegExecCtxt*,null,xml	Reg	Exec	Ctxt*	null	
13610,_xmlRegexp*,null,xml	Regexp*	null	
13611,i32,0,i32	constant	
13612,i8*,null,i8*	null	
13613,i32,0,i32	constant	
13614,i8*,null,i8*	null	
13615,i32,0,i32	constant	
13616,i32,93,i32	constant	
13617,i32,93,i32	constant	
13618,i32,62,i32	constant	
13619,i32,2,i32	constant	
13620,i32,18,i32	constant	
13621,i32,1,i32	constant	
13622,_xmlNode*,null,xml	Node*	null	
13623,i32,3,i32	constant	
13624,i32,4,i32	constant	
13625,i32,5,i32	constant	
13626,i8*,null,i8*	null	
13627,_xmlNs*,null,xml	Ns*	null	
13628,_xmlNs*,null,xml	Ns*	null	
13629,_xmlAttr*,null,xml	Attr*	null	
13630,i8*,null,i8*	null	
13631,i32,1,i32	constant	
13632,i32,4,i32	constant	
13633,i32,0,i32	constant	
13634,_xmlNode*,null,xml	Node*	null	
13635,i32,2,i32	constant	
13636,i32,2,i32	constant	
13637,i8*,null,i8*	null	
13638,i32,1,i32	constant	
13639,_xmlNode*,null,xml	Node*	null	
13640,i32,1,i32	constant	
13641,i32,0,i32	constant	
13642,i32,0,i32	constant	
13643,i32,1,i32	constant	
13644,,external dso_local global i32,	constant	
13645,i32,0,i32	constant	
13646,i8*,null,i8*	null	
13647,_xmlNs*,null,xml	Ns*	null	
13648,i32,2,i32	constant	
13649,i32,13,i32	constant	
13650,i32,9,i32	constant	
13651,i8*,null,i8*	null	
13652,i8*,null,i8*	null	
13653,i32,1,i32	constant	
13654,i32,13,i32	constant	
13655,i32,32,i32	constant	
13656,i32,0,i32	constant	
13657,i32,16,i32	constant	
13658,i32,0,i32	constant	
13659,i32,64,i32	constant	
13660,i32,0,i32	constant	
13661,i8*,null,i8*	null	
13662,i8*,null,i8*	null	
13663,i8*,null,i8*	null	
13664,i8*,null,i8*	null	
13665,i8*,null,i8*	null	
13666,_xmlBuf*,null,xml	Buf*	null	
13667,_xmlCharEncodingHandler*,null,xml	Char	Encoding	Handler*	null	
13668,i32,0,i32	constant	
13669,i32,1,i32	constant	
13670,i32,0,i32	constant	
13671,i8*,null,i8*	null	
13672,i32,9,i32	constant	
13673,i32,32,i32	constant	
13674,i32,0,i32	constant	
13675,i32,16,i32	constant	
13676,i32,0,i32	constant	
13677,i8*,null,i8*	null	
13678,i8*,null,i8*	null	
13679,_xmlBuf*,null,xml	Buf*	null	
13680,_xmlCharEncodingHandler*,null,xml	Char	Encoding	Handler*	null	
13681,i32,2,i32	constant	
13682,i32,0,i32	constant	
13683,i32,1,i32	constant	
13684,i32,0,i32	constant	
13685,i32,22,i32	constant	
13686,i32,0,i32	constant	
13687,,alloca i32,	constant	
13688,,alloca i32,	constant	
13689,i32,2,i32	constant	
13690,i32,0,i32	constant	
13691,i8*,null,i8*	null	
13692,i8*,null,i8*	null	
13693,i32,16,i32	constant	
13694,i32,0,i32	constant	
13695,i32,8,i32	constant	
13696,i32,0,i32	constant	
13697,_xmlDtd*,null,xml	Dtd*	null	
13698,i32,0,i32	constant	
13699,_xmlNode*,null,xml	Node*	null	
13700,_xmlNode*,null,xml	Node*	null	
13701,i32,0,i32	constant	
13702,i8*,null,i8*	null	
13703,i32,0,i32	constant	
13704,_xmlSaveCtxt*,null,xml	Save	Ctxt*	null	
13705,_xmlOutputBuffer*,null,xml	Output	Buffer*	null	
13706,_xmlSaveCtxt*,null,xml	Save	Ctxt*	null	
13707,_xmlOutputBuffer*,null,xml	Output	Buffer*	null	
13708,_xmlSaveCtxt*,null,xml	Save	Ctxt*	null	
13709,i8*,null,i8*	null	
13710,_xmlCharEncodingHandler*,null,xml	Char	Encoding	Handler*	null	
13711,_xmlOutputBuffer*,null,xml	Output	Buffer*	null	
13712,_xmlCharEncodingHandler*,null,xml	Char	Encoding	Handler*	null	
13713,_xmlSaveCtxt*,null,xml	Save	Ctxt*	null	
13714,_xmlOutputBuffer*,null,xml	Output	Buffer*	null	
13715,_xmlDoc*,null,xml	Doc*	null	
13716,_xmlSaveCtxt*,null,xml	Save	Ctxt*	null	
13717,i32,0,i32	constant	
13718,_xmlNode*,null,xml	Node*	null	
13719,_xmlSaveCtxt*,null,xml	Save	Ctxt*	null	
13720,_xmlSaveCtxt*,null,xml	Save	Ctxt*	null	
13721,_xmlOutputBuffer*,null,xml	Output	Buffer*	null	
13722,_xmlSaveCtxt*,null,xml	Save	Ctxt*	null	
13723,_xmlSaveCtxt*,null,xml	Save	Ctxt*	null	
13724,_xmlSaveCtxt*,null,xml	Save	Ctxt*	null	
13725,i8*,null,i8*	null	
13726,i32,0,i32	constant	
13727,i32,10,i32	constant	
13728,i32,13,i32	constant	
13729,i32,9,i32	constant	
13730,i32,34,i32	constant	
13731,i32,60,i32	constant	
13732,i32,62,i32	constant	
13733,i32,38,i32	constant	
13734,_xmlDoc*,null,xml	Doc*	null	
13735,i32,128,i32	constant	
13736,i8*,null,i8*	null	
13737,i32,192,i32	constant	
13738,_xmlDoc*,null,xml	Doc*	null	
13739,i32,224,i32	constant	
13740,i32,240,i32	constant	
13741,i32,248,i32	constant	
13742,i32,0,i32	constant	
13743,i32,256,i32	constant	
13744,i32,1,i32	constant	
13745,_xmlSaveCtxt*,null,xml	Save	Ctxt*	null	
13746,i8*,null,i8*	null	
13747,_xmlOutputBuffer*,null,xml	Output	Buffer*	null	
13748,_xmlSaveCtxt*,null,xml	Save	Ctxt*	null	
13749,i8*,null,i8*	null	
13750,_xmlCharEncodingHandler*,null,xml	Char	Encoding	Handler*	null	
13751,i32,4,i32	constant	
13752,i32,0,i32	constant	
13753,i32,4,i32	constant	
13754,i32,0,i32	constant	
13755,i32,1,i32	constant	
13756,i32,0,i32	constant	
13757,i32,128,i32	constant	
13758,i32,0,i32	constant	
13759,_xmlBuffer*,null,xml	Buffer*	null	
13760,_xmlBuffer*,null,xml	Buffer*	null	
13761,_xmlBuffer*,null,xml	Buffer*	null	
13762,_xmlBuffer*,null,xml	Buffer*	null	
13763,i8*,null,i8*	null	
13764,i8*,null,i8*	null	
13765,i8*,null,i8*	null	
13766,i32,0,i32	constant	
13767,i32,0,i32	constant	
13768,i32,0,i32	constant	
13769,i8*,null,i8*	null	
13770,_xmlOutputBuffer*,null,xml	Output	Buffer*	null	
13771,_xmlNs*,null,xml	Ns*	null	
13772,i8*,null,i8*	null	
13773,i32,18,i32	constant	
13774,i32,0,i32	constant	
13775,i32,2,i32	constant	
13776,_xmlSaveCtxt*,null,xml	Save	Ctxt*	null	
13777,i32,0,i32	constant	
13778,i8*,null,i8*	null	
13779,i32,0,i32	constant	
13780,i32,0,i32	constant	
13781,_xmlNs*,null,xml	Ns*	null	
13782,_xmlNode*,null,xml	Node*	null	
13783,i32,19,i32	constant	
13784,i32,20,i32	constant	
13785,i32,9,i32	constant	
13786,i32,13,i32	constant	
13787,i32,16,i32	constant	
13788,i32,0,i32	constant	
13789,_xmlDoc*,null,xml	Doc*	null	
13790,i32,18,i32	constant	
13791,i32,13,i32	constant	
13792,i32,32,i32	constant	
13793,i32,0,i32	constant	
13794,i32,64,i32	constant	
13795,i32,0,i32	constant	
13796,i32,14,i32	constant	
13797,i32,11,i32	constant	
13798,i32,15,i32	constant	
13799,i32,16,i32	constant	
13800,i32,17,i32	constant	
13801,i32,3,i32	constant	
13802,i8*,null,i8*	null	
13803,i8*,"getelementptr inbounds ([0 x i8], [0 x i8]* @xmlStringTextNoenc, i64 0, i64 0)",i8*	constant	
13804,i32,7,i32	constant	
13805,i8*,null,i8*	null	
13806,i8*,null,i8*	null	
13807,i32,2,i32	constant	
13808,i32,2,i32	constant	
13809,i32,8,i32	constant	
13810,i8*,null,i8*	null	
13811,i32,5,i32	constant	
13812,i32,4,i32	constant	
13813,i8*,null,i8*	null	
13814,_xmlSchemaParserCtxt*,null,xml	Schema	Parser	Ctxt*	null	
13815,i32,0,i32	constant	
13816,i8*,null,i8*	null	
13817,_xmlSchemaParserCtxt*,null,xml	Schema	Parser	Ctxt*	null	
13818,_xmlDoc*,null,xml	Doc*	null	
13819,_xmlSchemaParserCtxt*,null,xml	Schema	Parser	Ctxt*	null	
13820,_xmlSchemaParserCtxt*,null,xml	Schema	Parser	Ctxt*	null	
13821,i32,0,i32	constant	
13822,_xmlDoc*,null,xml	Doc*	null	
13823,_xmlSchemaValidCtxt*,null,xml	Schema	Valid	Ctxt*	null	
13824,_xmlSchemaConstructionCtxt*,null,xml	Schema	Construction	Ctxt*	null	
13825,i32,0,i32	constant	
13826,_xmlSchemaItemList*,null,xml	Schema	Item	List*	null	
13827,_xmlSchemaType*,null,xml	Schema	Type*	null	
13828,_xmlSchemaFacet*,null,xml	Schema	Facet*	null	
13829,_xmlSchemaParserCtxt*,null,xml	Schema	Parser	Ctxt*	null	
13830,i32,1,i32	constant	
13831,_xmlSchemaType*,null,xml	Schema	Type*	null	
13832,i32,0,i32	constant	
13833,_xmlSchemaParserCtxt*,null,xml	Schema	Parser	Ctxt*	null	
13834,i32,0,i32	constant	
13835,i32,0,i32	constant	
13836,i32,0,i32	constant	
13837,i32,0,i32	constant	
13838,i8*,null,i8*	null	
13839,_xmlSchemaVal*,null,xml	Schema	Val*	null	
13840,i32,0,i32	constant	
13841,_xmlRegexp*,null,xml	Regexp*	null	
13842,i32,0,i32	constant	
13843,i32,1004,i32	constant	
13844,i32,0,i32	constant	
13845,i32,0,i32	constant	
13846,i32,0,i32	constant	
13847,i32,0,i32	constant	
13848,i32,1004,i32	constant	
13849,i32,0,i32	constant	
13850,i32,0,i32	constant	
13851,i32,0,i32	constant	
13852,i32,0,i32	constant	
13853,_xmlSchemaParserCtxt*,null,xml	Schema	Parser	Ctxt*	null	
13854,i32,0,i32	constant	
13855,_xmlSchemaParserCtxt*,null,xml	Schema	Parser	Ctxt*	null	
13856,i32,0,i32	constant	
13857,_xmlSchemaVal**,null,xml	Schema	Val**	null	
13858,_xmlSchemaVal*,null,xml	Schema	Val*	null	
13859,_xmlSchemaVal**,null,xml	Schema	Val**	null	
13860,i32,2097152,i32	constant	
13861,i32,0,i32	constant	
13862,i32,0,i32	constant	
13863,i8*,null,i8*	null	
13864,i32,256,i32	constant	
13865,i32,0,i32	constant	
13866,i32,46,i32	constant	
13867,i32,1,i32	constant	
13868,i8*,null,i8*	null	
13869,i32,268435456,i32	constant	
13870,i32,0,i32	constant	
13871,i32,0,i32	constant	
13872,i32,0,i32	constant	
13873,i32,1,i32	constant	
13874,_xmlSchemaType*,null,xml	Schema	Type*	null	
13875,i32,1,i32	constant	
13876,_xmlSchemaType*,null,xml	Schema	Type*	null	
13877,i32,2,i32	constant	
13878,i32,0,i32	constant	
13879,i32,1,i32	constant	
13880,i32,0,i32	constant	
13881,i32,0,i32	constant	
13882,i32,0,i32	constant	
13883,i32,64,i32	constant	
13884,i32,0,i32	constant	
13885,i32,134217728,i32	constant	
13886,i32,0,i32	constant	
13887,i32,0,i32	constant	
13888,i32,0,i32	constant	
13889,i32,0,i32	constant	
13890,i32,64,i32	constant	
13891,i32,0,i32	constant	
13892,i32,0,i32	constant	
13893,i32,0,i32	constant	
13894,i32,64,i32	constant	
13895,i32,0,i32	constant	
13896,i8*,null,i8*	null	
13897,i32,268435456,i32	constant	
13898,i32,0,i32	constant	
13899,i32,0,i32	constant	
13900,i32,0,i32	constant	
13901,i32,32,i32	constant	
13902,_xmlSchemaValidCtxt*,null,xml	Schema	Valid	Ctxt*	null	
13903,_xmlSchemaVal*,null,xml	Schema	Val*	null	
13904,_xmlSchemaParserCtxt*,null,xml	Schema	Parser	Ctxt*	null	
13905,_xmlSchemaPSVIIDCNode**,null,xml	Schema	P	S	V	I	I	D	C	Node**	null	
13906,_xmlSchemaPSVIIDCKey**,null,xml	Schema	P	S	V	I	I	D	C	Key**	null	
13907,_xmlSchemaIDCStateObj*,null,xml	Schema	I	D	C	State	Obj*	null	
13908,_xmlSchemaIDCStateObj*,null,xml	Schema	I	D	C	State	Obj*	null	
13909,_xmlSchemaIDCAug*,null,xml	Schema	I	D	C	Aug*	null	
13910,_xmlSchemaIDCAug*,null,xml	Schema	I	D	C	Aug*	null	
13911,_xmlSchemaAttrInfo**,null,xml	Schema	Attr	Info**	null	
13912,i32,0,i32	constant	
13913,_xmlSchemaNodeInfo**,null,xml	Schema	Node	Info**	null	
13914,_xmlSchemaNodeInfo*,null,xml	Schema	Node	Info*	null	
13915,_xmlSchemaItemList*,null,xml	Schema	Item	List*	null	
13916,_xmlDict*,null,xml	Dict*	null	
13917,i8*,null,i8*	null	
13918,_xmlSchemaFacet*,null,xml	Schema	Facet*	null	
13919,_xmlSchemaItemList*,null,xml	Schema	Item	List*	null	
13920,i8**,null,i	null	
13921,_xmlSchemaBucket*,null,xml	Schema	Bucket*	null	
13922,_xmlSchemaItemList*,null,xml	Schema	Item	List*	null	
13923,_xmlSchemaItemList*,null,xml	Schema	Item	List*	null	
13924,_xmlSchemaSchemaRelation*,null,xml	Schema	Schema	Relation*	null	
13925,_xmlSchemaSchemaRelation*,null,xml	Schema	Schema	Relation*	null	
13926,_xmlDoc*,null,xml	Doc*	null	
13927,i32,0,i32	constant	
13928,i32,1,i32	constant	
13929,_xmlSchema*,null,xml	Schema*	null	
13930,_xmlSchemaAnnot*,null,xml	Schema	Annot*	null	
13931,_xmlSchemaAnnot*,null,xml	Schema	Annot*	null	
13932,_xmlSchemaAnnot*,null,xml	Schema	Annot*	null	
13933,_xmlSchemaWildcardNs*,null,xml	Schema	Wildcard	Ns*	null	
13934,_xmlSchemaWildcard*,null,xml	Schema	Wildcard*	null	
13935,_xmlSchemaAnnot*,null,xml	Schema	Annot*	null	
13936,_xmlSchemaWildcardNs*,null,xml	Schema	Wildcard	Ns*	null	
13937,_xmlSchemaWildcardNs*,null,xml	Schema	Wildcard	Ns*	null	
13938,_xmlSchemaTypeLink*,null,xml	Schema	Type	Link*	null	
13939,_xmlSchemaFacet*,null,xml	Schema	Facet*	null	
13940,_xmlSchemaVal*,null,xml	Schema	Val*	null	
13941,_xmlRegexp*,null,xml	Regexp*	null	
13942,_xmlSchemaAnnot*,null,xml	Schema	Annot*	null	
13943,_xmlSchemaType*,null,xml	Schema	Type*	null	
13944,_xmlSchemaAnnot*,null,xml	Schema	Annot*	null	
13945,_xmlSchemaFacet*,null,xml	Schema	Facet*	null	
13946,_xmlSchemaFacet*,null,xml	Schema	Facet*	null	
13947,i8*,null,i8*	null	
13948,_xmlSchemaTypeLink*,null,xml	Schema	Type	Link*	null	
13949,_xmlSchemaFacetLink*,null,xml	Schema	Facet	Link*	null	
13950,_xmlSchemaFacetLink*,null,xml	Schema	Facet	Link*	null	
13951,_xmlRegexp*,null,xml	Regexp*	null	
13952,_xmlSchema*,null,xml	Schema*	null	
13953,i8*,null,i8*	null	
13954,_xmlHashTable*,null,xml	Hash	Table*	null	
13955,_xmlHashTable*,null,xml	Hash	Table*	null	
13956,_xmlHashTable*,null,xml	Hash	Table*	null	
13957,_xmlHashTable*,null,xml	Hash	Table*	null	
13958,_xmlHashTable*,null,xml	Hash	Table*	null	
13959,_xmlHashTable*,null,xml	Hash	Table*	null	
13960,_xmlHashTable*,null,xml	Hash	Table*	null	
13961,_xmlHashTable*,null,xml	Hash	Table*	null	
13962,i8*,null,i8*	null	
13963,_xmlSchemaAnnot*,null,xml	Schema	Annot*	null	
13964,_xmlSchemaElement*,null,xml	Schema	Element*	null	
13965,i32,2,i32	constant	
13966,i32,0,i32	constant	
13967,i8*,null,i8*	null	
13968,i32,1,i32	constant	
13969,i32,0,i32	constant	
13970,i32,16,i32	constant	
13971,i32,0,i32	constant	
13972,i32,8,i32	constant	
13973,i32,0,i32	constant	
13974,i32,4,i32	constant	
13975,i32,0,i32	constant	
13976,i32,8,i32	constant	
13977,i32,0,i32	constant	
13978,i32,4,i32	constant	
13979,i32,0,i32	constant	
13980,i32,16,i32	constant	
13981,i32,0,i32	constant	
13982,i32,1,i32	constant	
13983,i32,0,i32	constant	
13984,i8*,null,i8*	null	
13985,i8*,null,i8*	null	
13986,i8*,null,i8*	null	
13987,_xmlSchemaType*,null,xml	Schema	Type*	null	
13988,i8*,null,i8*	null	
13989,i8*,null,i8*	null	
13990,_xmlSchemaAnnot*,null,xml	Schema	Annot*	null	
13991,i8*,null,i8*	null	
13992,_xmlSchemaType*,null,xml	Schema	Type*	null	
13993,i8*,null,i8*	null	
13994,i8*,null,i8*	null	
13995,i8*,null,i8*	null	
13996,i8*,null,i8*	null	
13997,i8*,null,i8*	null	
13998,_xmlSchemaAnnot*,null,xml	Schema	Annot*	null	
13999,i32,5,i32	constant	
14000,_xmlSchemaType*,null,xml	Schema	Type*	null	
14001,_IO_FILE*,null,I	O	F	I	L	E*	null	
14002,_xmlSchema*,null,xml	Schema*	null	
14003,i8*,null,i8*	null	
14004,i8*,null,i8*	null	
14005,_xmlSchemaAnnot*,null,xml	Schema	Annot*	null	
14006,_xmlSchemaItemList*,null,xml	Schema	Item	List*	null	
14007,_xmlSchemaItemList*,null,xml	Schema	Item	List*	null	
14008,_xmlHashTable*,null,xml	Hash	Table*	null	
14009,_xmlSchemaRedef*,null,xml	Schema	Redef*	null	
14010,_xmlDict*,null,xml	Dict*	null	
14011,_xmlSchemaParserCtxt*,null,xml	Schema	Parser	Ctxt*	null	
14012,_xmlSchemaItemList*,null,xml	Schema	Item	List*	null	
14013,_xmlSchemaVal*,null,xml	Schema	Val*	null	
14014,_xmlSchemaVal*,null,xml	Schema	Val*	null	
14015,i8*,null,i8*	null	
14016,i8*,null,i8*	null	
14017,i8*,null,i8*	null	
14018,i8*,null,i8*	null	
14019,i8*,null,i8*	null	
14020,,internal global i32 0,	constant	
14021,i32,0,i32	constant	
14022,i8*,null,i8*	null	
14023,i32,1,i32	constant	
14024,_xmlSchemaType*,null,xml	Schema	Type*	null	
14025,i8*,null,i8*	null	
14026,i32,0,i32	constant	
14027,i32,10,i32	constant	
14028,i32,9,i32	constant	
14029,i32,13,i32	constant	
14030,i32,0,i32	constant	
14031,i32,10,i32	constant	
14032,i32,9,i32	constant	
14033,i32,13,i32	constant	
14034,i32,0,i32	constant	
14035,i8*,null,i8*	null	
14036,i32,32,i32	constant	
14037,i32,0,i32	constant	
14038,_xmlSchemaVal*,null,xml	Schema	Val*	null	
14039,_xmlSchemaType*,null,xml	Schema	Type*	null	
14040,_xmlSchemaParticle*,null,xml	Schema	Particle*	null	
14041,,internal global i32 0,	constant	
14042,i32,0,i32	constant	
14043,_xmlSchemaParticle*,null,xml	Schema	Particle*	null	
14044,_xmlSchemaModelGroup*,null,xml	Schema	Model	Group*	null	
14045,_xmlSchemaParticle*,null,xml	Schema	Particle*	null	
14046,_xmlSchemaWildcard*,null,xml	Schema	Wildcard*	null	
14047,_xmlSchemaWildcard*,null,xml	Schema	Wildcard*	null	
14048,,internal global i32 0,	constant	
14049,i32,0,i32	constant	
14050,_xmlSchemaType*,null,xml	Schema	Type*	null	
14051,i32,1,i32	constant	
14052,i32,1006,i32	constant	
14053,i32,1008,i32	constant	
14054,i32,1009,i32	constant	
14055,i32,1011,i32	constant	
14056,i32,1010,i32	constant	
14057,i32,1006,i32	constant	
14058,i32,1007,i32	constant	
14059,i32,1008,i32	constant	
14060,i32,1004,i32	constant	
14061,i32,1005,i32	constant	
14062,i32,1006,i32	constant	
14063,i32,1008,i32	constant	
14064,i32,1007,i32	constant	
14065,i32,1002,i32	constant	
14066,i32,1003,i32	constant	
14067,i32,1000,i32	constant	
14068,i32,1001,i32	constant	
14069,i32,1006,i32	constant	
14070,i32,1007,i32	constant	
14071,i32,1008,i32	constant	
14072,i32,1002,i32	constant	
14073,i32,1003,i32	constant	
14074,i32,1000,i32	constant	
14075,i32,1001,i32	constant	
14076,,internal global i32 0,	constant	
14077,i32,0,i32	constant	
14078,_xmlSchemaVal*,null,xml	Schema	Val*	null	
14079,_xmlSchemaVal*,null,xml	Schema	Val*	null	
14080,_xmlSchemaVal*,null,xml	Schema	Val*	null	
14081,_xmlSchemaVal*,null,xml	Schema	Val*	null	
14082,i32,15,i32	constant	
14083,_xmlSchemaVal*,null,xml	Schema	Val*	null	
14084,i32,1,i32	constant	
14085,_xmlSchemaVal*,null,xml	Schema	Val*	null	
14086,_xmlSchemaVal*,null,xml	Schema	Val*	null	
14087,i8*,null,i8*	null	
14088,i8*,null,i8*	null	
14089,i32,0,i32	constant	
14090,i8*,null,i8*	null	
14091,i8*,null,i8*	null	
14092,i32,0,i32	constant	
14093,i32,0,i32	constant	
14094,i8*,null,i8*	null	
14095,i8*,null,i8*	null	
14096,i8,0,i	
14097,i8*,null,i8*	null	
14098,i8*,null,i8*	null	
14099,i8*,null,i8*	null	
14100,i32,0,i32	constant	
14101,i32,0,i32	constant	
14102,i32,58,i32	constant	
14103,i8,0,i	
14104,i32,0,i32	constant	
14105,i8*,null,i8*	null	
14106,i8*,null,i8*	null	
14107,i8*,null,i8*	null	
14108,i8*,null,i8*	null	
14109,i32,0,i32	constant	
14110,i32,0,i32	constant	
14111,i32,0,i32	constant	
14112,i8*,null,i8*	null	
14113,i8*,null,i8*	null	
14114,i32,-1,i32	constant	
14115,i32,0,i32	constant	
14116,i32,0,i32	constant	
14117,i32,0,i32	constant	
14118,i8*,null,i8*	null	
14119,i32,0,i32	constant	
14120,i8*,null,i8*	null	
14121,i8*,null,i8*	null	
14122,i32,0,i32	constant	
14123,i32,0,i32	constant	
14124,i32,0,i32	constant	
14125,i8*,null,i8*	null	
14126,i8*,null,i8*	null	
14127,i32,0,i32	constant	
14128,i32,0,i32	constant	
14129,i32,0,i32	constant	
14130,i8*,null,i8*	null	
14131,i32,0,i32	constant	
14132,i32,0,i32	constant	
14133,i32,0,i32	constant	
14134,i32,0,i32	constant	
14135,i8*,null,i8*	null	
14136,i32,0,i32	constant	
14137,i32,0,i32	constant	
14138,i8*,null,i8*	null	
14139,i32,0,i32	constant	
14140,i8*,null,i8*	null	
14141,i32,0,i32	constant	
14142,i8*,null,i8*	null	
14143,i8*,null,i8*	null	
14144,i8*,null,i8*	null	
14145,i32,0,i32	constant	
14146,i32,0,i32	constant	
14147,i8*,null,i8*	null	
14148,i8*,null,i8*	null	
14149,i8*,null,i8*	null	
14150,i8*,null,i8*	null	
14151,i8*,null,i8*	null	
14152,i32,0,i32	constant	
14153,i8*,null,i8*	null	
14154,i8*,null,i8*	null	
14155,i8*,null,i8*	null	
14156,i8*,null,i8*	null	
14157,i8*,null,i8*	null	
14158,i32,128,i32	constant	
14159,i32,64,i32	constant	
14160,i32,0,i32	constant	
14161,i32,0,i32	constant	
14162,i32,0,i32	constant	
14163,i8*,null,i8*	null	
14164,i8*,null,i8*	null	
14165,i8*,null,i8*	null	
14166,i32,0,i32	constant	
14167,i32,128,i32	constant	
14168,i32,0,i32	constant	
14169,i32,192,i32	constant	
14170,i32,128,i32	constant	
14171,i32,224,i32	constant	
14172,i32,192,i32	constant	
14173,i32,128,i32	constant	
14174,i32,240,i32	constant	
14175,i32,192,i32	constant	
14176,i32,128,i32	constant	
14177,i32,248,i32	constant	
14178,i32,240,i32	constant	
14179,i8*,null,i8*	null	
14180,i32,0,i32	constant	
14181,i8*,null,i8*	null	
14182,i32*,null,i	null	
14183,i32,1,i32	constant	
14184,i32,128,i32	constant	
14185,i32,0,i32	constant	
14186,i32,2,i32	constant	
14187,i32,192,i32	constant	
14188,i32,128,i32	constant	
14189,i32,224,i32	constant	
14190,i32,3,i32	constant	
14191,i32,192,i32	constant	
14192,i32,128,i32	constant	
14193,i32,240,i32	constant	
14194,i32,4,i32	constant	
14195,i32,192,i32	constant	
14196,i32,128,i32	constant	
14197,i32,248,i32	constant	
14198,i32,240,i32	constant	
14199,i32*,null,i	null	
14200,i8*,null,i8*	null	
14201,i8,0,i	
14202,i32,128,i32	constant	
14203,i32,0,i32	constant	
14204,i32,224,i32	constant	
14205,i32,192,i32	constant	
14206,i32,192,i32	constant	
14207,i32,128,i32	constant	
14208,i32,240,i32	constant	
14209,i32,224,i32	constant	
14210,i32,192,i32	constant	
14211,i32,128,i32	constant	
14212,i32,192,i32	constant	
14213,i32,128,i32	constant	
14214,i32,248,i32	constant	
14215,i32,240,i32	constant	
14216,i32,192,i32	constant	
14217,i32,128,i32	constant	
14218,i32,192,i32	constant	
14219,i32,128,i32	constant	
14220,i32,192,i32	constant	
14221,i32,128,i32	constant	
14222,i8*,null,i8*	null	
14223,i32,0,i32	constant	
14224,i32,0,i32	constant	
14225,i8,0,i	
14226,i32,128,i32	constant	
14227,i32,0,i32	constant	
14228,i32,128,i32	constant	
14229,i32,0,i32	constant	
14230,i32,0,i32	constant	
14231,i32,0,i32	constant	
14232,i8*,null,i8*	null	
14233,i8*,null,i8*	null	
14234,i32,0,i32	constant	
14235,i8*,null,i8*	null	
14236,i8*,null,i8*	null	
14237,i32,0,i32	constant	
14238,i32,0,i32	constant	
14239,i32,0,i32	constant	
14240,i32,128,i32	constant	
14241,i32,0,i32	constant	
14242,i32,192,i32	constant	
14243,i32,128,i32	constant	
14244,i32,0,i32	constant	
14245,i32,192,i32	constant	
14246,i32,128,i32	constant	
14247,i8*,null,i8*	null	
14248,i8*,null,i8*	null	
14249,i8*,null,i8*	null	
14250,i32,0,i32	constant	
14251,i32,0,i32	constant	
14252,i32,128,i32	constant	
14253,i32,0,i32	constant	
14254,i32,192,i32	constant	
14255,i32,128,i32	constant	
14256,i32,0,i32	constant	
14257,i32,192,i32	constant	
14258,i32,128,i32	constant	
14259,i8*,null,i8*	null	
14260,i32,0,i32	constant	
14261,i32,0,i32	constant	
14262,i32,0,i32	constant	
14263,i32,128,i32	constant	
14264,i32,0,i32	constant	
14265,i32,0,i32	constant	
14266,i32,192,i32	constant	
14267,i32,128,i32	constant	
14268,i32,0,i32	constant	
14269,i32,192,i32	constant	
14270,i32,128,i32	constant	
14271,i32,1791,i32	constant	
14272,i32,1536,i32	constant	
14273,i32,65023,i32	constant	
14274,i32,64336,i32	constant	
14275,i32,65279,i32	constant	
14276,i32,65136,i32	constant	
14277,i32,1423,i32	constant	
14278,i32,1328,i32	constant	
14279,i32,8703,i32	constant	
14280,i32,8592,i32	constant	
14281,i32,127,i32	constant	
14282,i32,0,i32	constant	
14283,i32,2559,i32	constant	
14284,i32,2432,i32	constant	
14285,i32,9631,i32	constant	
14286,i32,9600,i32	constant	
14287,i32,12591,i32	constant	
14288,i32,12544,i32	constant	
14289,i32,12735,i32	constant	
14290,i32,12704,i32	constant	
14291,i32,9599,i32	constant	
14292,i32,9472,i32	constant	
14293,i32,10495,i32	constant	
14294,i32,10240,i32	constant	
14295,i32,5983,i32	constant	
14296,i32,5952,i32	constant	
14297,i32,119039,i32	constant	
14298,i32,118784,i32	constant	
14299,i32,13311,i32	constant	
14300,i32,13056,i32	constant	
14301,i32,65103,i32	constant	
14302,i32,65072,i32	constant	
14303,i32,64255,i32	constant	
14304,i32,63744,i32	constant	
14305,i32,195103,i32	constant	
14306,i32,194560,i32	constant	
14307,i32,12031,i32	constant	
14308,i32,11904,i32	constant	
14309,i32,12351,i32	constant	
14310,i32,12288,i32	constant	
14311,i32,40959,i32	constant	
14312,i32,19968,i32	constant	
14313,i32,19903,i32	constant	
14314,i32,13312,i32	constant	
14315,i32,173791,i32	constant	
14316,i32,131072,i32	constant	
14317,i32,5119,i32	constant	
14318,i32,5024,i32	constant	
14319,i32,879,i32	constant	
14320,i32,768,i32	constant	
14321,i32,8447,i32	constant	
14322,i32,8400,i32	constant	
14323,i32,65071,i32	constant	
14324,i32,65056,i32	constant	
14325,i32,8447,i32	constant	
14326,i32,8400,i32	constant	
14327,i32,9279,i32	constant	
14328,i32,9216,i32	constant	
14329,i32,8399,i32	constant	
14330,i32,8352,i32	constant	
14331,i32,67647,i32	constant	
14332,i32,67584,i32	constant	
14333,i32,1279,i32	constant	
14334,i32,1024,i32	constant	
14335,i32,1327,i32	constant	
14336,i32,1280,i32	constant	
14337,i32,66639,i32	constant	
14338,i32,66560,i32	constant	
14339,i32,2431,i32	constant	
14340,i32,2304,i32	constant	
14341,i32,10175,i32	constant	
14342,i32,9984,i32	constant	
14343,i32,9471,i32	constant	
14344,i32,9312,i32	constant	
14345,i32,13055,i32	constant	
14346,i32,12800,i32	constant	
14347,i32,4991,i32	constant	
14348,i32,4608,i32	constant	
14349,i32,8303,i32	constant	
14350,i32,8192,i32	constant	
14351,i32,9727,i32	constant	
14352,i32,9632,i32	constant	
14353,i32,4351,i32	constant	
14354,i32,4256,i32	constant	
14355,i32,66383,i32	constant	
14356,i32,66352,i32	constant	
14357,i32,1023,i32	constant	
14358,i32,880,i32	constant	
14359,i32,8191,i32	constant	
14360,i32,7936,i32	constant	
14361,i32,1023,i32	constant	
14362,i32,880,i32	constant	
14363,i32,2815,i32	constant	
14364,i32,2688,i32	constant	
14365,i32,2687,i32	constant	
14366,i32,2560,i32	constant	
14367,i32,65519,i32	constant	
14368,i32,65280,i32	constant	
14369,i32,12687,i32	constant	
14370,i32,12592,i32	constant	
14371,i32,4607,i32	constant	
14372,i32,4352,i32	constant	
14373,i32,55215,i32	constant	
14374,i32,44032,i32	constant	
14375,i32,5951,i32	constant	
14376,i32,5920,i32	constant	
14377,i32,1535,i32	constant	
14378,i32,1424,i32	constant	
14379,i32,56319,i32	constant	
14380,i32,56192,i32	constant	
14381,i32,56191,i32	constant	
14382,i32,55296,i32	constant	
14383,i32,12447,i32	constant	
14384,i32,12352,i32	constant	
14385,i32,687,i32	constant	
14386,i32,592,i32	constant	
14387,i32,12287,i32	constant	
14388,i32,12272,i32	constant	
14389,i32,12703,i32	constant	
14390,i32,12688,i32	constant	
14391,i32,12255,i32	constant	
14392,i32,12032,i32	constant	
14393,i32,3327,i32	constant	
14394,i32,3200,i32	constant	
14395,i32,12543,i32	constant	
14396,i32,12448,i32	constant	
14397,i32,12799,i32	constant	
14398,i32,12784,i32	constant	
14399,i32,6143,i32	constant	
14400,i32,6016,i32	constant	
14401,i32,6655,i32	constant	
14402,i32,6624,i32	constant	
14403,i32,3839,i32	constant	
14404,i32,3712,i32	constant	
14405,i32,255,i32	constant	
14406,i32,128,i32	constant	
14407,i32,383,i32	constant	
14408,i32,256,i32	constant	
14409,i32,591,i32	constant	
14410,i32,384,i32	constant	
14411,i32,7935,i32	constant	
14412,i32,7680,i32	constant	
14413,i32,8527,i32	constant	
14414,i32,8448,i32	constant	
14415,i32,6479,i32	constant	
14416,i32,6400,i32	constant	
14417,i32,65791,i32	constant	
14418,i32,65664,i32	constant	
14419,i32,65663,i32	constant	
14420,i32,65536,i32	constant	
14421,i32,57343,i32	constant	
14422,i32,56320,i32	constant	
14423,i32,3455,i32	constant	
14424,i32,3328,i32	constant	
14425,i32,120831,i32	constant	
14426,i32,119808,i32	constant	
14427,i32,8959,i32	constant	
14428,i32,8704,i32	constant	
14429,i32,10223,i32	constant	
14430,i32,10176,i32	constant	
14431,i32,10751,i32	constant	
14432,i32,10624,i32	constant	
14433,i32,9983,i32	constant	
14434,i32,9728,i32	constant	
14435,i32,11263,i32	constant	
14436,i32,11008,i32	constant	
14437,i32,9215,i32	constant	
14438,i32,8960,i32	constant	
14439,i32,6319,i32	constant	
14440,i32,6144,i32	constant	
14441,i32,119295,i32	constant	
14442,i32,119040,i32	constant	
14443,i32,4255,i32	constant	
14444,i32,4096,i32	constant	
14445,i32,8591,i32	constant	
14446,i32,8528,i32	constant	
14447,i32,5791,i32	constant	
14448,i32,5760,i32	constant	
14449,i32,66351,i32	constant	
14450,i32,66304,i32	constant	
14451,i32,9311,i32	constant	
14452,i32,9280,i32	constant	
14453,i32,2943,i32	constant	
14454,i32,2816,i32	constant	
14455,i32,66735,i32	constant	
14456,i32,66688,i32	constant	
14457,i32,7551,i32	constant	
14458,i32,7424,i32	constant	
14459,i32,63743,i32	constant	
14460,i32,57344,i32	constant	
14461,i32,1048575,i32	constant	
14462,i32,983040,i32	constant	
14463,i32,1114111,i32	constant	
14464,i32,1048576,i32	constant	
14465,i32,63743,i32	constant	
14466,i32,57344,i32	constant	
14467,i32,5887,i32	constant	
14468,i32,5792,i32	constant	
14469,i32,66687,i32	constant	
14470,i32,66640,i32	constant	
14471,i32,3583,i32	constant	
14472,i32,3456,i32	constant	
14473,i32,65135,i32	constant	
14474,i32,65104,i32	constant	
14475,i32,767,i32	constant	
14476,i32,688,i32	constant	
14477,i32,65535,i32	constant	
14478,i32,65520,i32	constant	
14479,i32,8351,i32	constant	
14480,i32,8304,i32	constant	
14481,i32,10239,i32	constant	
14482,i32,10224,i32	constant	
14483,i32,10623,i32	constant	
14484,i32,10496,i32	constant	
14485,i32,11007,i32	constant	
14486,i32,10752,i32	constant	
14487,i32,1048575,i32	constant	
14488,i32,983040,i32	constant	
14489,i32,1114111,i32	constant	
14490,i32,1048576,i32	constant	
14491,i32,1871,i32	constant	
14492,i32,1792,i32	constant	
14493,i32,5919,i32	constant	
14494,i32,5888,i32	constant	
14495,i32,6015,i32	constant	
14496,i32,5984,i32	constant	
14497,i32,917631,i32	constant	
14498,i32,917504,i32	constant	
14499,i32,6527,i32	constant	
14500,i32,6480,i32	constant	
14501,i32,119647,i32	constant	
14502,i32,119552,i32	constant	
14503,i32,3071,i32	constant	
14504,i32,2944,i32	constant	
14505,i32,3199,i32	constant	
14506,i32,3072,i32	constant	
14507,i32,1983,i32	constant	
14508,i32,1920,i32	constant	
14509,i32,3711,i32	constant	
14510,i32,3584,i32	constant	
14511,i32,4095,i32	constant	
14512,i32,3840,i32	constant	
14513,i32,66463,i32	constant	
14514,i32,66432,i32	constant	
14515,i32,5759,i32	constant	
14516,i32,5120,i32	constant	
14517,i32,65039,i32	constant	
14518,i32,65024,i32	constant	
14519,i32,917999,i32	constant	
14520,i32,917760,i32	constant	
14521,i32,42191,i32	constant	
14522,i32,42128,i32	constant	
14523,i32,42127,i32	constant	
14524,i32,40960,i32	constant	
14525,i32,19967,i32	constant	
14526,i32,19904,i32	constant	
14527,i32,(i32)* null,i32	constant	
14528,i32,31,i32	constant	
14529,i32,0,i32	constant	
14530,i32,159,i32	constant	
14531,i32,127,i32	constant	
14532,i32,57344,i32	constant	
14533,i32,63743,i32	constant	
14534,i32,983040,i32	constant	
14535,i32,1048573,i32	constant	
14536,i32,1048576,i32	constant	
14537,i32,1114109,i32	constant	
14538,i32,55296,i32	constant	
14539,i32,56192,i32	constant	
14540,i32,56191,i32	constant	
14541,i32,56320,i32	constant	
14542,i32,56319,i32	constant	
14543,i32,57343,i32	constant	
14544,i32,1161,i32	constant	
14545,i32,1160,i32	constant	
14546,i32,1758,i32	constant	
14547,i32,8416,i32	constant	
14548,i32,8413,i32	constant	
14549,i32,8420,i32	constant	
14550,i32,8418,i32	constant	
14551,i32,5872,i32	constant	
14552,i32,5870,i32	constant	
14553,i32,8579,i32	constant	
14554,i32,8544,i32	constant	
14555,i32,12295,i32	constant	
14556,i32,12329,i32	constant	
14557,i32,12321,i32	constant	
14558,i32,12346,i32	constant	
14559,i32,12344,i32	constant	
14560,i32,66378,i32	constant	
14561,i32,95,i32	constant	
14562,i32,8256,i32	constant	
14563,i32,8255,i32	constant	
14564,i32,8276,i32	constant	
14565,i32,12539,i32	constant	
14566,i32,65076,i32	constant	
14567,i32,65075,i32	constant	
14568,i32,65103,i32	constant	
14569,i32,65101,i32	constant	
14570,i32,65343,i32	constant	
14571,i32,65381,i32	constant	
14572,i32,187,i32	constant	
14573,i32,8217,i32	constant	
14574,i32,8221,i32	constant	
14575,i32,8250,i32	constant	
14576,i32,171,i32	constant	
14577,i32,8216,i32	constant	
14578,i32,8220,i32	constant	
14579,i32,8219,i32	constant	
14580,i32,8223,i32	constant	
14581,i32,8249,i32	constant	
14582,i32,8232,i32	constant	
14583,i32,8233,i32	constant	
14584,i32,32,i32	constant	
14585,i32,160,i32	constant	
14586,i32,5760,i32	constant	
14587,i32,6158,i32	constant	
14588,i32,8202,i32	constant	
14589,i32,8192,i32	constant	
14590,i32,8239,i32	constant	
14591,i32,8287,i32	constant	
14592,i32,12288,i32	constant	
14593,i32,(i32)* null,i32	constant	
14594,i8*,null,i8*	null	
14595,xmlUnicodeNameTable*,null,xml	Unicode	Name	Table*	null	
14596,i32,0,i32	constant	
14597,i32,1,i32	constant	
14598,i32,0,i32	constant	
14599,i32,0,i32	constant	
14600,i32,65855,i32	constant	
14601,i32,65792,i32	constant	
14602,i32,64335,i32	constant	
14603,i32,64256,i32	constant	
14604,_xmlTextWriterStackEntry*,null,xml	Text	Writer	Stack	Entry*	null	
14605,i8*,null,i8*	null	
14606,i32,0,i32	constant	
14607,i32,0,i32	constant	
14608,i32,0,i32	constant	
14609,i32,0,i32	constant	
14610,i8*,null,i8*	null	
14611,_xmlTextWriter*,null,xml	Text	Writer*	null	
14612,i8*,null,i8*	null	
14613,i32,0,i32	constant	
14614,i8*,null,i8*	null	
14615,_xmlTextWriterNsStackEntry*,null,xml	Text	Writer	Ns	Stack	Entry*	null	
14616,i8*,null,i8*	null	
14617,i8*,null,i8*	null	
14618,_xmlTextWriter*,null,xml	Text	Writer*	null	
14619,_xmlLink*,null,xml	Link*	null	
14620,_xmlTextWriterStackEntry*,null,xml	Text	Writer	Stack	Entry*	null	
14621,i32,0,i32	constant	
14622,i32,0,i32	constant	
14623,i32,0,i32	constant	
14624,i32,0,i32	constant	
14625,i32,0,i32	constant	
14626,i32,0,i32	constant	
14627,i32,0,i32	constant	
14628,i32,0,i32	constant	
14629,i32,0,i32	constant	
14630,i32,0,i32	constant	
14631,_xmlTextWriter*,null,xml	Text	Writer*	null	
14632,_xmlLink*,null,xml	Link*	null	
14633,_xmlTextWriterStackEntry*,null,xml	Text	Writer	Stack	Entry*	null	
14634,i32,0,i32	constant	
14635,i32,0,i32	constant	
14636,i32,0,i32	constant	
14637,i32,0,i32	constant	
14638,i32,0,i32	constant	
14639,i32,0,i32	constant	
14640,i32,0,i32	constant	
14641,i32,0,i32	constant	
14642,i32,0,i32	constant	
14643,i32,0,i32	constant	
14644,_xmlTextWriter*,null,xml	Text	Writer*	null	
14645,i8*,null,i8*	null	
14646,_xmlTextWriter*,null,xml	Text	Writer*	null	
14647,_xmlTextWriter*,null,xml	Text	Writer*	null	
14648,i32,0,i32	constant	
14649,i8*,null,i8*	null	
14650,_xmlLink*,null,xml	Link*	null	
14651,i32,0,i32	constant	
14652,i32,0,i32	constant	
14653,i8*,null,i8*	null	
14654,i32,0,i32	constant	
14655,i8*,null,i8*	null	
14656,_xmlTextWriter*,null,xml	Text	Writer*	null	
14657,i8*,null,i8*	null	
14658,_xmlTextWriter*,null,xml	Text	Writer*	null	
14659,i8*,null,i8*	null	
14660,i8*,null,i8*	null	
14661,_xmlTextWriter*,null,xml	Text	Writer*	null	
14662,_xmlLink*,null,xml	Link*	null	
14663,_xmlTextWriterStackEntry*,null,xml	Text	Writer	Stack	Entry*	null	
14664,i8*,null,i8*	null	
14665,i32,0,i32	constant	
14666,i8*,null,i8*	null	
14667,i32,0,i32	constant	
14668,_xmlOutputBuffer*,null,xml	Output	Buffer*	null	
14669,i32,0,i32	constant	
14670,i32,3,i32	constant	
14671,i32,0,i32	constant	
14672,i32,0,i32	constant	
14673,i32,3,i32	constant	
14674,i32,0,i32	constant	
14675,i32,2,i32	constant	
14676,i32,0,i32	constant	
14677,i32,72,i32	constant	
14678,i32,-1,i32	constant	
14679,_xmlTextWriter*,null,xml	Text	Writer*	null	
14680,i32,-1,i32	constant	
14681,i32,0,i32	constant	
14682,i32,0,i32	constant	
14683,i32,0,i32	constant	
14684,i8*,null,i8*	null	
14685,_xmlTextWriter*,null,xml	Text	Writer*	null	
14686,_xmlLink*,null,xml	Link*	null	
14687,_xmlTextWriterStackEntry*,null,xml	Text	Writer	Stack	Entry*	null	
14688,i32,0,i32	constant	
14689,i32,0,i32	constant	
14690,i32,0,i32	constant	
14691,i32,0,i32	constant	
14692,i8*,null,i8*	null	
14693,_xmlOutputBuffer*,null,xml	Output	Buffer*	null	
14694,i32,-1,i32	constant	
14695,i32,-1,i32	constant	
14696,i32,0,i32	constant	
14697,i32,0,i32	constant	
14698,i8*,null,i8*	null	
14699,_xmlTextWriter*,null,xml	Text	Writer*	null	
14700,_xmlLink*,null,xml	Link*	null	
14701,_xmlTextWriterStackEntry*,null,xml	Text	Writer	Stack	Entry*	null	
14702,i32,0,i32	constant	
14703,i32,0,i32	constant	
14704,i32,0,i32	constant	
14705,i32,0,i32	constant	
14706,i8*,null,i8*	null	
14707,_xmlTextWriter*,null,xml	Text	Writer*	null	
14708,_xmlLink*,null,xml	Link*	null	
14709,_xmlTextWriterStackEntry*,null,xml	Text	Writer	Stack	Entry*	null	
14710,i32,0,i32	constant	
14711,i32,0,i32	constant	
14712,i32,0,i32	constant	
14713,i32,0,i32	constant	
14714,i32,0,i32	constant	
14715,i32,0,i32	constant	
14716,i8*,null,i8*	null	
14717,_xmlTextWriter*,null,xml	Text	Writer*	null	
14718,i8*,null,i8*	null	
14719,i8*,null,i8*	null	
14720,_xmlTextWriter*,null,xml	Text	Writer*	null	
14721,_xmlTextWriterNsStackEntry*,null,xml	Text	Writer	Ns	Stack	Entry*	null	
14722,i32,0,i32	constant	
14723,i8*,null,i8*	null	
14724,_xmlTextWriterNsStackEntry*,null,xml	Text	Writer	Ns	Stack	Entry*	null	
14725,i8*,null,i8*	null	
14726,i8*,null,i8*	null	
14727,i32,0,i32	constant	
14728,_xmlTextWriter*,null,xml	Text	Writer*	null	
14729,_xmlLink*,null,xml	Link*	null	
14730,_xmlTextWriterStackEntry*,null,xml	Text	Writer	Stack	Entry*	null	
14731,i32,0,i32	constant	
14732,_xmlList*,null,xml	List*	null	
14733,_xmlTextWriter*,null,xml	Text	Writer*	null	
14734,i8*,null,i8*	null	
14735,i32,0,i32	constant	
14736,i32,0,i32	constant	
14737,i32,0,i32	constant	
14738,_xmlList*,null,xml	List*	null	
14739,_xmlTextWriter*,null,xml	Text	Writer*	null	
14740,i8*,null,i8*	null	
14741,i32,0,i32	constant	
14742,i8*,null,i8*	null	
14743,_xmlTextWriter*,null,xml	Text	Writer*	null	
14744,i32,0,i32	constant	
14745,i32,0,i32	constant	
14746,i32,0,i32	constant	
14747,i8*,null,i8*	null	
14748,_xmlTextWriter*,null,xml	Text	Writer*	null	
14749,i8*,null,i8*	null	
14750,i32,-1,i32	constant	
14751,i8*,null,i8*	null	
14752,i32,-1,i32	constant	
14753,i32,-1,i32	constant	
14754,_xmlTextWriter*,null,xml	Text	Writer*	null	
14755,i8*,null,i8*	null	
14756,i32,0,i32	constant	
14757,i8*,null,i8*	null	
14758,_xmlTextWriter*,null,xml	Text	Writer*	null	
14759,i32,0,i32	constant	
14760,i32,-1,i32	constant	
14761,i32,-1,i32	constant	
14762,i32,0,i32	constant	
14763,i8*,null,i8*	null	
14764,_xmlTextWriter*,null,xml	Text	Writer*	null	
14765,i32,0,i32	constant	
14766,_xmlLink*,null,xml	Link*	null	
14767,_xmlTextWriterStackEntry*,null,xml	Text	Writer	Stack	Entry*	null	
14768,i32,0,i32	constant	
14769,i32,0,i32	constant	
14770,i32,0,i32	constant	
14771,_xmlTextWriterStackEntry*,null,xml	Text	Writer	Stack	Entry*	null	
14772,i8*,null,i8*	null	
14773,i32,0,i32	constant	
14774,i32,0,i32	constant	
14775,_xmlTextWriter*,null,xml	Text	Writer*	null	
14776,_xmlLink*,null,xml	Link*	null	
14777,_xmlTextWriterStackEntry*,null,xml	Text	Writer	Stack	Entry*	null	
14778,i32,0,i32	constant	
14779,i32,0,i32	constant	
14780,i32,0,i32	constant	
14781,_xmlOutputBuffer*,null,xml	Output	Buffer*	null	
14782,_xmlTextWriter*,null,xml	Text	Writer*	null	
14783,i8*,null,i8*	null	
14784,_xmlTextWriter*,null,xml	Text	Writer*	null	
14785,i32,-1,i32	constant	
14786,i8*,null,i8*	null	
14787,i32,-1,i32	constant	
14788,i32,-1,i32	constant	
14789,_xmlTextWriter*,null,xml	Text	Writer*	null	
14790,_xmlLink*,null,xml	Link*	null	
14791,_xmlTextWriterStackEntry*,null,xml	Text	Writer	Stack	Entry*	null	
14792,i32,0,i32	constant	
14793,i32,0,i32	constant	
14794,i32,0,i32	constant	
14795,_xmlTextWriterStackEntry*,null,xml	Text	Writer	Stack	Entry*	null	
14796,i32,0,i32	constant	
14797,_xmlTextWriter*,null,xml	Text	Writer*	null	
14798,_xmlLink*,null,xml	Link*	null	
14799,_xmlTextWriterStackEntry*,null,xml	Text	Writer	Stack	Entry*	null	
14800,i32,0,i32	constant	
14801,_xmlTextWriter*,null,xml	Text	Writer*	null	
14802,i8*,null,i8*	null	
14803,i32,-1,i32	constant	
14804,i8*,null,i8*	null	
14805,i32,-1,i32	constant	
14806,i32,-1,i32	constant	
14807,i32,0,i32	constant	
14808,i8*,null,i8*	null	
14809,_xmlTextWriter*,null,xml	Text	Writer*	null	
14810,i8*,null,i8*	null	
14811,_xmlLink*,null,xml	Link*	null	
14812,_xmlTextWriterStackEntry*,null,xml	Text	Writer	Stack	Entry*	null	
14813,i8*,null,i8*	null	
14814,i32,0,i32	constant	
14815,i32,0,i32	constant	
14816,i8*,null,i8*	null	
14817,i8*,null,i8*	null	
14818,i32,0,i32	constant	
14819,i32,0,i32	constant	
14820,i32,0,i32	constant	
14821,_xmlOutputBuffer*,null,xml	Output	Buffer*	null	
14822,i32,0,i32	constant	
14823,i32,0,i32	constant	
14824,i32,0,i32	constant	
14825,i8*,null,i8*	null	
14826,i8*,null,i8*	null	
14827,i32,0,i32	constant	
14828,i32,0,i32	constant	
14829,i32,0,i32	constant	
14830,i32,0,i32	constant	
14831,i32,0,i32	constant	
14832,i32,0,i32	constant	
14833,i32,0,i32	constant	
14834,i32,0,i32	constant	
14835,_xmlTextWriter*,null,xml	Text	Writer*	null	
14836,_xmlTextWriter*,null,xml	Text	Writer*	null	
14837,i32,1,i32	constant	
14838,i32,0,i32	constant	
14839,_xmlLink*,null,xml	Link*	null	
14840,_xmlTextWriterStackEntry*,null,xml	Text	Writer	Stack	Entry*	null	
14841,i32,0,i32	constant	
14842,i32,0,i32	constant	
14843,i32,0,i32	constant	
14844,i32,0,i32	constant	
14845,_xmlTextWriter*,null,xml	Text	Writer*	null	
14846,i8*,null,i8*	null	
14847,i32,-1,i32	constant	
14848,i8*,null,i8*	null	
14849,i32,-1,i32	constant	
14850,i32,-1,i32	constant	
14851,i32,0,i32	constant	
14852,i8*,null,i8*	null	
14853,_xmlTextWriter*,null,xml	Text	Writer*	null	
14854,_xmlLink*,null,xml	Link*	null	
14855,_xmlTextWriterStackEntry*,null,xml	Text	Writer	Stack	Entry*	null	
14856,i32,0,i32	constant	
14857,i32,0,i32	constant	
14858,i32,0,i32	constant	
14859,_xmlTextWriterStackEntry*,null,xml	Text	Writer	Stack	Entry*	null	
14860,i8*,null,i8*	null	
14861,i32,0,i32	constant	
14862,i32,0,i32	constant	
14863,i32,0,i32	constant	
14864,i32,0,i32	constant	
14865,_xmlTextWriter*,null,xml	Text	Writer*	null	
14866,_xmlLink*,null,xml	Link*	null	
14867,_xmlParserCtxt*,null,xml	Parser	Ctxt*	null	
14868,_xmlTextWriterStackEntry*,null,xml	Text	Writer	Stack	Entry*	null	
14869,i32,0,i32	constant	
14870,i32,0,i32	constant	
14871,i32,0,i32	constant	
14872,_xmlTextWriter*,null,xml	Text	Writer*	null	
14873,i8*,null,i8*	null	
14874,i8*,null,i8*	null	
14875,i32,-1,i32	constant	
14876,_xmlOutputBuffer*,null,xml	Output	Buffer*	null	
14877,i32,-1,i32	constant	
14878,i32,-1,i32	constant	
14879,i32,0,i32	constant	
14880,i8*,null,i8*	null	
14881,_xmlTextWriter*,null,xml	Text	Writer*	null	
14882,_xmlLink*,null,xml	Link*	null	
14883,_xmlTextWriterStackEntry*,null,xml	Text	Writer	Stack	Entry*	null	
14884,i32,0,i32	constant	
14885,i32,0,i32	constant	
14886,i32,0,i32	constant	
14887,_xmlTextWriterStackEntry*,null,xml	Text	Writer	Stack	Entry*	null	
14888,_xmlTextWriter*,null,xml	Text	Writer*	null	
14889,i8*,null,i8*	null	
14890,i32,0,i32	constant	
14891,i32,0,i32	constant	
14892,i32,0,i32	constant	
14893,i32,0,i32	constant	
14894,_xmlTextWriter*,null,xml	Text	Writer*	null	
14895,_xmlLink*,null,xml	Link*	null	
14896,_xmlTextWriterStackEntry*,null,xml	Text	Writer	Stack	Entry*	null	
14897,i32,0,i32	constant	
14898,i32,0,i32	constant	
14899,i32,0,i32	constant	
14900,_xmlTextWriter*,null,xml	Text	Writer*	null	
14901,i8*,null,i8*	null	
14902,i8*,null,i8*	null	
14903,i32,-1,i32	constant	
14904,i32,-1,i32	constant	
14905,i32,-1,i32	constant	
14906,i32,0,i32	constant	
14907,i8*,null,i8*	null	
14908,_xmlTextWriter*,null,xml	Text	Writer*	null	
14909,_xmlLink*,null,xml	Link*	null	
14910,_xmlTextWriterStackEntry*,null,xml	Text	Writer	Stack	Entry*	null	
14911,i32,0,i32	constant	
14912,i32,0,i32	constant	
14913,i32,0,i32	constant	
14914,_xmlTextWriterStackEntry*,null,xml	Text	Writer	Stack	Entry*	null	
14915,i8*,null,i8*	null	
14916,i32,0,i32	constant	
14917,i32,0,i32	constant	
14918,i32,0,i32	constant	
14919,i32,0,i32	constant	
14920,i32,0,i32	constant	
14921,i32,0,i32	constant	
14922,i32,0,i32	constant	
14923,_xmlTextWriter*,null,xml	Text	Writer*	null	
14924,_xmlLink*,null,xml	Link*	null	
14925,_xmlTextWriterStackEntry*,null,xml	Text	Writer	Stack	Entry*	null	
14926,i32,0,i32	constant	
14927,i32,0,i32	constant	
14928,i32,0,i32	constant	
14929,i32,0,i32	constant	
14930,_xmlParserCtxt*,null,xml	Parser	Ctxt*	null	
14931,_xmlTextWriter*,null,xml	Text	Writer*	null	
14932,i8*,null,i8*	null	
14933,i8*,null,i8*	null	
14934,i8*,null,i8*	null	
14935,i8*,null,i8*	null	
14936,i8*,null,i8*	null	
14937,i32,0,i32	constant	
14938,i8*,null,i8*	null	
14939,i8*,null,i8*	null	
14940,i8*,null,i8*	null	
14941,i32,0,i32	constant	
14942,i8*,null,i8*	null	
14943,i32,-1,i32	constant	
14944,_xmlDoc*,null,xml	Doc*	null	
14945,i32,-1,i32	constant	
14946,i32,-1,i32	constant	
14947,i8*,null,i8*	null	
14948,i8*,null,i8*	null	
14949,i8*,null,i8*	null	
14950,i32,0,i32	constant	
14951,i32,-1,i32	constant	
14952,i32,0,i32	constant	
14953,i32,-1,i32	constant	
14954,_xmlTextWriter*,null,xml	Text	Writer*	null	
14955,_xmlTextWriter*,null,xml	Text	Writer*	null	
14956,_xmlLink*,null,xml	Link*	null	
14957,_xmlTextWriterStackEntry*,null,xml	Text	Writer	Stack	Entry*	null	
14958,i8*,null,i8*	null	
14959,i8*,null,i8*	null	
14960,i8*,null,i8*	null	
14961,i32,0,i32	constant	
14962,i32,0,i32	constant	
14963,i32,0,i32	constant	
14964,i32,0,i32	constant	
14965,i8*,null,i8*	null	
14966,i8*,null,i8*	null	
14967,i32,0,i32	constant	
14968,i32,0,i32	constant	
14969,i32,0,i32	constant	
14970,i32,0,i32	constant	
14971,i32,0,i32	constant	
14972,i8*,null,i8*	null	
14973,i32,0,i32	constant	
14974,_xmlDoc**,null,xml	Doc**	null	
14975,i32,0,i32	constant	
14976,i32,0,i32	constant	
14977,i8*,null,i8*	null	
14978,_xmlTextWriter*,null,xml	Text	Writer*	null	
14979,_xmlLink*,null,xml	Link*	null	
14980,_xmlTextWriterStackEntry*,null,xml	Text	Writer	Stack	Entry*	null	
14981,i32,0,i32	constant	
14982,i32,0,i32	constant	
14983,i32,0,i32	constant	
14984,i32,0,i32	constant	
14985,i32,0,i32	constant	
14986,i32,0,i32	constant	
14987,i32,0,i32	constant	
14988,i8*,null,i8*	null	
14989,i32,0,i32	constant	
14990,i32,0,i32	constant	
14991,i32,0,i32	constant	
14992,i32,0,i32	constant	
14993,i8*,null,i8*	null	
14994,i8*,null,i8*	null	
14995,i32,0,i32	constant	
14996,i32,0,i32	constant	
14997,i32,0,i32	constant	
14998,i32,0,i32	constant	
14999,i32,0,i32	constant	
15000,i32,0,i32	constant	
15001,_xmlTextWriter*,null,xml	Text	Writer*	null	
15002,_xmlOutputBuffer*,null,xml	Output	Buffer*	null	
15003,_xmlTextWriterStackEntry*,null,xml	Text	Writer	Stack	Entry*	null	
15004,i8*,null,i8*	null	
15005,i8*,null,i8*	null	
15006,i8*,null,i8*	null	
15007,i32,0,i32	constant	
15008,_xmlTextWriterNsStackEntry*,null,xml	Text	Writer	Ns	Stack	Entry*	null	
15009,_xmlTextWriterNsStackEntry*,null,xml	Text	Writer	Ns	Stack	Entry*	null	
15010,i32,0,i32	constant	
15011,_xmlDoc*,null,xml	Doc*	null	
15012,_xmlTextWriterNsStackEntry*,null,xml	Text	Writer	Ns	Stack	Entry*	null	
15013,i8*,null,i8*	null	
15014,i8*,null,i8*	null	
15015,i8*,null,i8*	null	
15016,i8*,null,i8*	null	
15017,i32,0,i32	constant	
15018,i32,0,i32	constant	
15019,i32,0,i32	constant	
15020,_xmlParserCtxt*,null,xml	Parser	Ctxt*	null	
15021,i8*,null,i8*	null	
15022,i32,0,i32	constant	
15023,i32,8192,i32	constant	
15024,i32,8192,i32	constant	
15025,i32,8192,i32	constant	
15026,i32,1,i32	constant	
15027,i8*,null,i8*	null	
15028,i32,0,i32	constant	
15029,_xmlDoc*,null,xml	Doc*	null	
15030,_xmlDoc*,null,xml	Doc*	null	
15031,void,"(i8*, i8*, ...)* null",void	constant	
15032,_xmlSAXHandler*,null,xml	S	A	X	Handler*	null	
15033,_xmlDoc*,null,xml	Doc*	null	
15034,_xmlDoc*,null,xml	Doc*	null	
15035,_xmlNode*,null,xml	Node*	null	
15036,i8*,null,i8*	null	
15037,void,"(i8*, i8*, ...)* null",void	constant	
15038,_xmlSAXHandler*,null,xml	S	A	X	Handler*	null	
15039,i8*,null,i8*	null	
15040,_xmlDoc*,null,xml	Doc*	null	
15041,i8*,null,i8*	null	
15042,_xmlParserInput*,null,xml	Parser	Input*	null	
15043,i8*,null,i8*	null	
15044,i32,0,i32	constant	
15045,_xmlTextWriter*,null,xml	Text	Writer*	null	
15046,_xmlTextWriter*,null,xml	Text	Writer*	null	
15047,i8*,null,i8*	null	
15048,_xmlTextWriter*,null,xml	Text	Writer*	null	
15049,i8*,null,i8*	null	
15050,i8*,null,i8*	null	
15051,i32,34,i32	constant	
15052,i32,39,i32	constant	
15053,_xmlTextWriter*,null,xml	Text	Writer*	null	
15054,i32,1,i32	constant	
15055,i32,1,i32	constant	
15056,i32,-1,i32	constant	
15057,_xmlTextWriter*,null,xml	Text	Writer*	null	
15058,_xmlTextWriterStackEntry*,null,xml	Text	Writer	Stack	Entry*	null	
15059,_xmlTextWriterStackEntry*,null,xml	Text	Writer	Stack	Entry*	null	
15060,i32,0,i32	constant	
15061,i32,0,i32	constant	
15062,i32,0,i32	constant	
15063,_xmlTextWriter*,null,xml	Text	Writer*	null	
15064,_xmlOutputBuffer*,null,xml	Output	Buffer*	null	
15065,_xmlList*,null,xml	List*	null	
15066,_xmlList*,null,xml	List*	null	
15067,_xmlParserCtxt*,null,xml	Parser	Ctxt*	null	
15068,i32,0,i32	constant	
15069,_xmlDoc*,null,xml	Doc*	null	
15070,_xmlDoc*,null,xml	Doc*	null	
15071,i8*,null,i8*	null	
15072,_xmlOutputBuffer*,null,xml	Output	Buffer*	null	
15073,_xmlTextWriter*,null,xml	Text	Writer*	null	
15074,i8*,null,i8*	null	
15075,_xmlLink*,null,xml	Link*	null	
15076,i8*,null,i8*	null	
15077,_xmlCharEncodingHandler*,null,xml	Char	Encoding	Handler*	null	
15078,_xmlCharEncodingHandler*,null,xml	Char	Encoding	Handler*	null	
15079,_xmlBuf*,null,xml	Buf*	null	
15080,i8*,null,i8*	null	
15081,_xmlDoc*,null,xml	Doc*	null	
15082,i32,0,i32	constant	
15083,i32,0,i32	constant	
15084,i8*,null,i8*	null	
15085,i32,0,i32	constant	
15086,i32,0,i32	constant	
15087,_xmlCharEncodingHandler*,null,xml	Char	Encoding	Handler*	null	
15088,i32,0,i32	constant	
15089,i32,0,i32	constant	
15090,i32,0,i32	constant	
15091,i32,0,i32	constant	
15092,i8*,null,i8*	null	
15093,i32,0,i32	constant	
15094,i32,0,i32	constant	
15095,i32,0,i32	constant	
15096,i32,0,i32	constant	
15097,i32,0,i32	constant	
15098,_xmlTextWriter*,null,xml	Text	Writer*	null	
15099,_xmlLink*,null,xml	Link*	null	
15100,_xmlTextWriterStackEntry*,null,xml	Text	Writer	Stack	Entry*	null	
15101,i32,0,i32	constant	
15102,i32,0,i32	constant	
15103,i32,0,i32	constant	
15104,i32,0,i32	constant	
15105,i32,0,i32	constant	
15106,i32,0,i32	constant	
15107,i32,0,i32	constant	
15108,_xmlTextWriter*,null,xml	Text	Writer*	null	
15109,_xmlLink*,null,xml	Link*	null	
15110,_xmlTextWriterStackEntry*,null,xml	Text	Writer	Stack	Entry*	null	
15111,i32,0,i32	constant	
15112,i32,0,i32	constant	
15113,i32,0,i32	constant	
15114,i32,0,i32	constant	
15115,_xmlTextWriterStackEntry*,null,xml	Text	Writer	Stack	Entry*	null	
15116,i32,0,i32	constant	
15117,i32,0,i32	constant	
15118,i32,0,i32	constant	
15119,_xmlTextWriter*,null,xml	Text	Writer*	null	
15120,_xmlLink*,null,xml	Link*	null	
15121,_xmlTextWriterStackEntry*,null,xml	Text	Writer	Stack	Entry*	null	
15122,i32,0,i32	constant	
15123,i32,0,i32	constant	
15124,i32,0,i32	constant	
15125,_xmlTextWriter*,null,xml	Text	Writer*	null	
15126,i8*,null,i8*	null	
15127,i32,0,i32	constant	
15128,i32,0,i32	constant	
15129,i32,0,i32	constant	
15130,i32,0,i32	constant	
15131,i8*,null,i8*	null	
15132,_xmlTextWriter*,null,xml	Text	Writer*	null	
15133,_xmlLink*,null,xml	Link*	null	
15134,_xmlTextWriterStackEntry*,null,xml	Text	Writer	Stack	Entry*	null	
15135,i32,0,i32	constant	
15136,i32,0,i32	constant	
15137,i32,0,i32	constant	
15138,i32,0,i32	constant	
15139,_xmlXPathCompExpr*,null,xml	X	Path	Comp	Expr*	null	
15140,_xmlDict*,null,xml	Dict*	null	
15141,i8*,null,i8*	null	
15142,i32,12,i32	constant	
15143,i8*,null,i8*	null	
15144,i32,0,i32	constant	
15145,i8*,null,i8*	null	
15146,i32,12,i32	constant	
15147,_xmlXPathStepOp*,null,xml	X	Path	Step	Op*	null	
15148,_xmlPattern*,null,xml	Pattern*	null	
15149,i8*,null,i8*	null	
15150,i32,25,i32	constant	
15151,_xmlNode*,null,xml	Node*	null	
15152,i32,9,i32	constant	
15153,i32,13,i32	constant	
15154,i32,2,i32	constant	
15155,i32,25,i32	constant	
15156,_xmlNodeSet*,null,xml	Node	Set*	null	
15157,_xmlNodeSet*,null,xml	Node	Set*	null	
15158,i32,0,i32	constant	
15159,i32,25,i32	constant	
15160,_xmlNode*,null,xml	Node*	null	
15161,i32,0,i32	constant	
15162,_xmlNodeSet*,null,xml	Node	Set*	null	
15163,i32,25,i32	constant	
15164,_xmlLocationSet*,null,xml	Location	Set*	null	
15165,i32,0,i32	constant	
15166,_IO_FILE*,null,I	O	F	I	L	E*	null	
15167,i32,25,i32	constant	
15168,_xmlXPathObject*,null,xml	X	Path	Object*	null	
15169,i32,0,i32	constant	
15170,i32,0,i32	constant	
15171,i32,0,i32	constant	
15172,i8*,null,i8*	null	
15173,i32,0,i32	constant	
15174,i32,0,i32	constant	
15175,i32,0,i32	constant	
15176,i32,25,i32	constant	
15177,_xmlXPathStepOp*,null,xml	X	Path	Step	Op*	null	
15178,i32,0,i32	constant	
15179,i32,0,i32	constant	
15180,i32,0,i32	constant	
15181,i32,0,i32	constant	
15182,i32,1,i32	constant	
15183,i32,2,i32	constant	
15184,i32,3,i32	constant	
15185,i32,0,i32	constant	
15186,i32,1,i32	constant	
15187,i8*,null,i8*	null	
15188,i8*,null,i8*	null	
15189,i8*,null,i8*	null	
15190,i8*,null,i8*	null	
15191,i32,0,i32	constant	
15192,i32,0,i32	constant	
15193,_xmlXPathCompExpr*,null,xml	X	Path	Comp	Expr*	null	
15194,_IO_FILE*,null,I	O	F	I	L	E*	null	
15195,i32,25,i32	constant	
15196,i32,0,i32	constant	
15197,_xmlXPathContextCache*,null,xml	X	Path	Context	Cache*	null	
15198,_xmlXPathContextCache*,null,xml	X	Path	Context	Cache*	null	
15199,_xmlPointerList*,null,xml	Pointer	List*	null	
15200,_xmlPointerList*,null,xml	Pointer	List*	null	
15201,_xmlPointerList*,null,xml	Pointer	List*	null	
15202,_xmlPointerList*,null,xml	Pointer	List*	null	
15203,_xmlPointerList*,null,xml	Pointer	List*	null	
15204,i64,1,i64	constant	
15205,i64,2,i64	constant	
15206,_xmlXPathContext*,null,xml	X	Path	Context*	null	
15207,i32,0,i32	constant	
15208,i8*,null,i8*	null	
15209,i8*,null,i8*	null	
15210,i32,0,i32	constant	
15211,i32,0,i32	constant	
15212,i32,0,i32	constant	
15213,i8*,null,i8*	null	
15214,i32,0,i32	constant	
15215,i64,2,i64	constant	
15216,i32,0,i32	constant	
15217,i64,2,i64	constant	
15218,i32,0,i32	constant	
15219,i32,0,i32	constant	
15220,_xmlXPathParserContext*,null,xml	X	Path	Parser	Context*	null	
15221,i32,0,i32	constant	
15222,_xmlXPathObject*,null,xml	X	Path	Object*	null	
15223,_xmlXPathParserContext*,null,xml	X	Path	Parser	Context*	null	
15224,i32,1000000,i32	constant	
15225,_xmlXPathObject**,null,xml	X	Path	Object**	null	
15226,_xmlXPathObject*,null,xml	X	Path	Object*	null	
15227,_xmlXPathParserContext*,null,xml	X	Path	Parser	Context*	null	
15228,i32,2,i32	constant	
15229,_xmlXPathObject*,null,xml	X	Path	Object*	null	
15230,_xmlXPathParserContext*,null,xml	X	Path	Parser	Context*	null	
15231,i32,3,i32	constant	
15232,_xmlXPathObject*,null,xml	X	Path	Object*	null	
15233,_xmlXPathParserContext*,null,xml	X	Path	Parser	Context*	null	
15234,_xmlXPathParserContext*,null,xml	X	Path	Parser	Context*	null	
15235,_xmlXPathObject*,null,xml	X	Path	Object*	null	
15236,_xmlXPathParserContext*,null,xml	X	Path	Parser	Context*	null	
15237,i32,2,i32	constant	
15238,i32,9,i32	constant	
15239,i32,1,i32	constant	
15240,_xmlXPathObject*,null,xml	X	Path	Object*	null	
15241,_xmlXPathParserContext*,null,xml	X	Path	Parser	Context*	null	
15242,i32,2,i32	constant	
15243,_xmlXPathObject*,null,xml	X	Path	Object*	null	
15244,_xmlXPathParserContext*,null,xml	X	Path	Parser	Context*	null	
15245,_xmlXPathParserContext*,null,xml	X	Path	Parser	Context*	null	
15246,i32,8,i32	constant	
15247,_xmlXPathParserContext*,null,xml	X	Path	Parser	Context*	null	
15248,_xmlDoc*,null,xml	Doc*	null	
15249,_xmlNode*,null,xml	Node*	null	
15250,i32,1,i32	constant	
15251,_xmlNode*,null,xml	Node*	null	
15252,_xmlNode*,null,xml	Node*	null	
15253,_xmlNode*,null,xml	Node*	null	
15254,_xmlNode*,null,xml	Node*	null	
15255,_xmlNode*,null,xml	Node*	null	
15256,_xmlNode*,null,xml	Node*	null	
15257,_xmlNode*,null,xml	Node*	null	
15258,i32,2,i32	constant	
15259,i32,2,i32	constant	
15260,i32,0,i32	constant	
15261,i32,0,i32	constant	
15262,_xmlNode*,null,xml	Node*	null	
15263,_xmlNode*,null,xml	Node*	null	
15264,i32,0,i32	constant	
15265,i32,1,i32	constant	
15266,i32,18,i32	constant	
15267,i32,18,i32	constant	
15268,i32,1,i32	constant	
15269,i32,1,i32	constant	
15270,i64,0,i64	constant	
15271,i32,0,i32	constant	
15272,i64,0,i64	constant	
15273,i64,0,i64	constant	
15274,i32,0,i32	constant	
15275,i64,0,i64	constant	
15276,i32,1,i32	constant	
15277,i32,2,i32	constant	
15278,i32,2,i32	constant	
15279,i32,2,i32	constant	
15280,i32,4,i32	constant	
15281,i32,0,i32	constant	
15282,i32,0,i32	constant	
15283,i32,0,i32	constant	
15284,i32,0,i32	constant	
15285,i32,0,i32	constant	
15286,i32,0,i32	constant	
15287,i64,0,i64	constant	
15288,i64,64,i64	constant	
15289,_xmlNode**,null,xml	Node**	null	
15290,i32,0,i32	constant	
15291,i32,1,i32	constant	
15292,i64,0,i64	constant	
15293,i64,0,i64	constant	
15294,_xmlNode**,null,xml	Node**	null	
15295,i32,0,i32	constant	
15296,i32,1,i32	constant	
15297,i64,0,i64	constant	
15298,i64,0,i64	constant	
15299,_xmlNode**,null,xml	Node**	null	
15300,i32,0,i32	constant	
15301,i32,1,i32	constant	
15302,i64,0,i64	constant	
15303,i64,0,i64	constant	
15304,i32,0,i32	constant	
15305,_xmlNode**,null,xml	Node**	null	
15306,i32,0,i32	constant	
15307,i32,1,i32	constant	
15308,i64,0,i64	constant	
15309,i64,0,i64	constant	
15310,,internal global i32 0,	constant	
15311,i32,0,i32	constant	
15312,_xmlXPathObject*,null,xml	X	Path	Object*	null	
15313,i32,9,i32	constant	
15314,i32,1,i32	constant	
15315,i32,0,i32	constant	
15316,_xmlNodeSet*,null,xml	Node	Set*	null	
15317,_xmlNodeSet*,null,xml	Node	Set*	null	
15318,i32,7,i32	constant	
15319,i8*,null,i8*	null	
15320,i32,4,i32	constant	
15321,i8*,null,i8*	null	
15322,_xmlXPathObject*,null,xml	X	Path	Object*	null	
15323,i8*,null,i8*	null	
15324,_xmlXPathContext*,null,xml	X	Path	Context*	null	
15325,_xmlNodeSet*,null,xml	Node	Set*	null	
15326,i32,0,i32	constant	
15327,i32,40,i32	constant	
15328,_xmlPointerList*,null,xml	Pointer	List*	null	
15329,i32,-1,i32	constant	
15330,_xmlPointerList*,null,xml	Pointer	List*	null	
15331,_xmlPointerList*,null,xml	Pointer	List*	null	
15332,i8*,null,i8*	null	
15333,_xmlPointerList*,null,xml	Pointer	List*	null	
15334,i32,-1,i32	constant	
15335,_xmlPointerList*,null,xml	Pointer	List*	null	
15336,_xmlPointerList*,null,xml	Pointer	List*	null	
15337,_xmlPointerList*,null,xml	Pointer	List*	null	
15338,i32,-1,i32	constant	
15339,_xmlPointerList*,null,xml	Pointer	List*	null	
15340,_xmlPointerList*,null,xml	Pointer	List*	null	
15341,_xmlPointerList*,null,xml	Pointer	List*	null	
15342,i32,-1,i32	constant	
15343,_xmlPointerList*,null,xml	Pointer	List*	null	
15344,_xmlPointerList*,null,xml	Pointer	List*	null	
15345,i8*,null,i8*	null	
15346,_xmlPointerList*,null,xml	Pointer	List*	null	
15347,i32,-1,i32	constant	
15348,_xmlPointerList*,null,xml	Pointer	List*	null	
15349,_xmlPointerList*,null,xml	Pointer	List*	null	
15350,_xmlNodeSet*,null,xml	Node	Set*	null	
15351,i32,1,i32	constant	
15352,_xmlNode*,null,xml	Node*	null	
15353,i32,18,i32	constant	
15354,i32,1,i32	constant	
15355,_xmlNode*,null,xml	Node*	null	
15356,i32,18,i32	constant	
15357,_xmlNodeSet*,null,xml	Node	Set*	null	
15358,_xmlXPathObject*,null,xml	X	Path	Object*	null	
15359,_xmlXPathObject*,null,xml	X	Path	Object*	null	
15360,_xmlXPathObject*,null,xml	X	Path	Object*	null	
15361,_xmlXPathContext*,null,xml	X	Path	Context*	null	
15362,i8*,null,i8*	null	
15363,void,"(i8*, _xmlError*)* null",void	constant	
15364,i8*,null,i8*	null	
15365,i32,25,i32	constant	
15366,i32,0,i32	constant	
15367,_xmlXPathParserContext*,null,xml	X	Path	Parser	Context*	null	
15368,_xmlXPathContext*,null,xml	X	Path	Context*	null	
15369,void,"(i8*, _xmlError*)* null",void	constant	
15370,i32,64,i32	constant	
15371,i32,6,i32	constant	
15372,i64,1,i64	constant	
15373,_xmlXPathContext*,null,xml	X	Path	Context*	null	
15374,i32,0,i32	constant	
15375,i8*,null,i8*	null	
15376,_xmlXPathObject*,null,xml	X	Path	Object*	null	
15377,_xmlXPathContext*,null,xml	X	Path	Context*	null	
15378,i8*,null,i8*	null	
15379,i8*,null,i8*	null	
15380,i8*,null,i8*	null	
15381,i32,32,i32	constant	
15382,i32,0,i32	constant	
15383,i8*,null,i8*	null	
15384,i8*,null,i8*	null	
15385,i32,0,i32	constant	
15386,_IO_FILE*,null,I	O	F	I	L	E*	null	
15387,_xmlNodeSet*,null,xml	Node	Set*	null	
15388,_xmlNode*,null,xml	Node*	null	
15389,i32,18,i32	constant	
15390,_xmlNs*,null,xml	Ns*	null	
15391,i32,1,i32	constant	
15392,_xmlNs*,null,xml	Ns*	null	
15393,i32,4,i32	constant	
15394,i32,3,i32	constant	
15395,i32,0,i32	constant	
15396,i32,3,i32	constant	
15397,i8*,null,i8*	null	
15398,i8*,null,i8*	null	
15399,i8*,null,i8*	null	
15400,_xmlDoc*,null,xml	Doc*	null	
15401,_xmlXPathContext*,null,xml	X	Path	Context*	null	
15402,_xmlXPathObject*,null,xml	X	Path	Object*	null	
15403,i8*,null,i8*	null	
15404,_xmlNodeSet*,null,xml	Node	Set*	null	
15405,i32,0,i32	constant	
15406,_xmlNode*,null,xml	Node*	null	
15407,i32,18,i32	constant	
15408,i32,4,i32	constant	
15409,i32,0,i32	constant	
15410,i8*,null,i8*	null	
15411,i8*,null,i8*	null	
15412,i8*,null,i8*	null	
15413,i8*,null,i8*	null	
15414,_xmlDoc*,null,xml	Doc*	null	
15415,_xmlXPathObject**,null,xml	X	Path	Object**	null	
15416,_xmlXPathObject**,null,xml	X	Path	Object**	null	
15417,i32,32,i32	constant	
15418,_xmlXPathContext*,null,xml	X	Path	Context*	null	
15419,i8*,null,i8*	null	
15420,_xmlXPathContext*,null,xml	X	Path	Context*	null	
15421,_xmlXPathParserContext*,null,xml	X	Path	Parser	Context*	null	
15422,_xmlXPathObject*,null,xml	X	Path	Object*	null	
15423,i32,1,i32	constant	
15424,i32,7,i32	constant	
15425,_xmlXPathObject*,null,xml	X	Path	Object*	null	
15426,_xmlXPathObject*,null,xml	X	Path	Object*	null	
15427,i32,1,i32	constant	
15428,i32,1,i32	constant	
15429,_xmlXPathObject*,null,xml	X	Path	Object*	null	
15430,i32,0,i32	constant	
15431,i32,0,i32	constant	
15432,i32,0,i32	constant	
15433,i32,0,i32	constant	
15434,_xmlXPathParserContext*,null,xml	X	Path	Parser	Context*	null	
15435,_xmlNode*,null,xml	Node*	null	
15436,i32,0,i32	constant	
15437,i32,0,i32	constant	
15438,_xmlXPathParserContext*,null,xml	X	Path	Parser	Context*	null	
15439,_xmlNode*,null,xml	Node*	null	
15440,i32,1,i32	constant	
15441,i32,1,i32	constant	
15442,_xmlXPathParserContext*,null,xml	X	Path	Parser	Context*	null	
15443,_xmlXPathObject*,null,xml	X	Path	Object*	null	
15444,i32,7,i32	constant	
15445,i32,1,i32	constant	
15446,i32,1,i32	constant	
15447,_xmlXPathObject*,null,xml	X	Path	Object*	null	
15448,_xmlLocationSet*,null,xml	Location	Set*	null	
15449,_xmlLocationSet*,null,xml	Location	Set*	null	
15450,_xmlXPathObject*,null,xml	X	Path	Object*	null	
15451,_xmlNode*,null,xml	Node*	null	
15452,i32,2,i32	constant	
15453,_xmlXPathObject*,null,xml	X	Path	Object*	null	
15454,i32,1,i32	constant	
15455,i32,1,i32	constant	
15456,_xmlXPathParserContext*,null,xml	X	Path	Parser	Context*	null	
15457,_xmlXPathObject*,null,xml	X	Path	Object*	null	
15458,i32,7,i32	constant	
15459,i32,1,i32	constant	
15460,i32,1,i32	constant	
15461,_xmlXPathObject*,null,xml	X	Path	Object*	null	
15462,_xmlLocationSet*,null,xml	Location	Set*	null	
15463,_xmlLocationSet*,null,xml	Location	Set*	null	
15464,_xmlXPathObject*,null,xml	X	Path	Object*	null	
15465,_xmlNode*,null,xml	Node*	null	
15466,i32,2,i32	constant	
15467,i8*,null,i8*	null	
15468,_xmlXPathObject*,null,xml	X	Path	Object*	null	
15469,i32,1,i32	constant	
15470,i32,1,i32	constant	
15471,_xmlXPathParserContext*,null,xml	X	Path	Parser	Context*	null	
15472,_xmlXPathObject*,null,xml	X	Path	Object*	null	
15473,i32,7,i32	constant	
15474,i32,1,i32	constant	
15475,i32,1,i32	constant	
15476,_xmlXPathObject*,null,xml	X	Path	Object*	null	
15477,_xmlLocationSet*,null,xml	Location	Set*	null	
15478,i32,1,i32	constant	
15479,i32,1,i32	constant	
15480,_xmlXPathParserContext*,null,xml	X	Path	Parser	Context*	null	
15481,_xmlXPathObject*,null,xml	X	Path	Object*	null	
15482,i32,7,i32	constant	
15483,i32,1,i32	constant	
15484,i32,1,i32	constant	
15485,_xmlXPathObject*,null,xml	X	Path	Object*	null	
15486,_xmlLocationSet*,null,xml	Location	Set*	null	
15487,_xmlXPathParserContext*,null,xml	X	Path	Parser	Context*	null	
15488,i32,1,i32	constant	
15489,i32,1,i32	constant	
15490,_xmlXPathParserContext*,null,xml	X	Path	Parser	Context*	null	
15491,i32,1,i32	constant	
15492,_xmlXPathObject*,null,xml	X	Path	Object*	null	
15493,i32,0,i32	constant	
15494,_xmlXPathObject*,null,xml	X	Path	Object*	null	
15495,_xmlXPathObject*,null,xml	X	Path	Object*	null	
15496,_xmlXPathObject*,null,xml	X	Path	Object*	null	
15497,i32,6,i32	constant	
15498,i8*,null,i8*	null	
15499,i32,4,i32	constant	
15500,i32,2,i32	constant	
15501,i32,4,i32	constant	
15502,i32,3,i32	constant	
15503,_xmlXPathObject*,null,xml	X	Path	Object*	null	
15504,_xmlXPathObject*,null,xml	X	Path	Object*	null	
15505,i32,3,i32	constant	
15506,i32,3,i32	constant	
15507,_xmlXPathObject*,null,xml	X	Path	Object*	null	
15508,_xmlXPathObject*,null,xml	X	Path	Object*	null	
15509,i32,4,i32	constant	
15510,_xmlXPathObject*,null,xml	X	Path	Object*	null	
15511,_xmlXPathObject*,null,xml	X	Path	Object*	null	
15512,i32,7,i32	constant	
15513,i32,1,i32	constant	
15514,i32,-1,i32	constant	
15515,_xmlLocationSet*,null,xml	Location	Set*	null	
15516,_xmlNodeSet*,null,xml	Node	Set*	null	
15517,i32,1,i32	constant	
15518,_xmlXPathObject*,null,xml	X	Path	Object*	null	
15519,i32,1,i32	constant	
15520,_xmlXPathObject*,null,xml	X	Path	Object*	null	
15521,i32,0,i32	constant	
15522,i32,0,i32	constant	
15523,_xmlXPathObject*,null,xml	X	Path	Object*	null	
15524,i32,0,i32	constant	
15525,i32,0,i32	constant	
15526,_xmlXPathObject*,null,xml	X	Path	Object*	null	
15527,i32,0,i32	constant	
15528,i32,1,i32	constant	
15529,_xmlXPathObject*,null,xml	X	Path	Object*	null	
15530,_xmlXPathObject*,null,xml	X	Path	Object*	null	
15531,_xmlXPathObject*,null,xml	X	Path	Object*	null	
15532,_xmlXPathObject*,null,xml	X	Path	Object*	null	
15533,i32,6,i32	constant	
15534,_xmlNode*,null,xml	Node*	null	
15535,_xmlNode*,null,xml	Node*	null	
15536,i32,0,i32	constant	
15537,i32,0,i32	constant	
15538,_xmlXPathObject*,null,xml	X	Path	Object*	null	
15539,_xmlXPathObject*,null,xml	X	Path	Object*	null	
15540,_xmlXPathObject*,null,xml	X	Path	Object*	null	
15541,i32,5,i32	constant	
15542,i32,5,i32	constant	
15543,_xmlXPathObject*,null,xml	X	Path	Object*	null	
15544,_xmlXPathObject*,null,xml	X	Path	Object*	null	
15545,_xmlNode*,null,xml	Node*	null	
15546,i32,5,i32	constant	
15547,_xmlXPathObject*,null,xml	X	Path	Object*	null	
15548,_xmlNode*,null,xml	Node*	null	
15549,_xmlXPathObject*,null,xml	X	Path	Object*	null	
15550,i32,5,i32	constant	
15551,i32,5,i32	constant	
15552,_xmlXPathObject*,null,xml	X	Path	Object*	null	
15553,_xmlNode*,null,xml	Node*	null	
15554,_xmlNode*,null,xml	Node*	null	
15555,_xmlXPathObject*,null,xml	X	Path	Object*	null	
15556,_xmlNode*,null,xml	Node*	null	
15557,_xmlXPathObject*,null,xml	X	Path	Object*	null	
15558,_xmlNode*,null,xml	Node*	null	
15559,_xmlXPathObject*,null,xml	X	Path	Object*	null	
15560,i32,0,i32	constant	
15561,_xmlXPathObject*,null,xml	X	Path	Object*	null	
15562,_xmlLocationSet*,null,xml	Location	Set*	null	
15563,_xmlXPathObject*,null,xml	X	Path	Object*	null	
15564,_xmlXPathObject**,null,xml	X	Path	Object**	null	
15565,_xmlXPathObject*,null,xml	X	Path	Object*	null	
15566,_xmlLocationSet*,null,xml	Location	Set*	null	
15567,i32,0,i32	constant	
15568,i32,0,i32	constant	
15569,_xmlXPathObject**,null,xml	X	Path	Object**	null	
15570,_xmlXPathObject**,null,xml	X	Path	Object**	null	
15571,_xmlLocationSet*,null,xml	Location	Set*	null	
15572,_xmlLocationSet*,null,xml	Location	Set*	null	
15573,_xmlLocationSet*,null,xml	Location	Set*	null	
15574,_xmlXPathObject*,null,xml	X	Path	Object*	null	
15575,i32,0,i32	constant	
15576,i32,0,i32	constant	
15577,_xmlLocationSet*,null,xml	Location	Set*	null	
15578,_xmlLocationSet*,null,xml	Location	Set*	null	
15579,_xmlXPathObject**,null,xml	X	Path	Object**	null	
15580,_xmlXPathObject*,null,xml	X	Path	Object*	null	
15581,_xmlNode*,null,xml	Node*	null	
15582,_xmlXPathObject*,null,xml	X	Path	Object*	null	
15583,_xmlNodeSet*,null,xml	Node	Set*	null	
15584,_xmlLocationSet*,null,xml	Location	Set*	null	
15585,_xmlXPathObject*,null,xml	X	Path	Object*	null	
