index,type,value,combination,label
0,_xmlXPathObject*,,xml	X	Path	Object*	null	,0
1,i32,3,i32	constant	,1
2,_xmlDoc*,,xml	Doc*	null	,2
3,_xmlNodeSet*,,xml	Node	Set*	null	,3
4,i32,1,i32	constant	,1
5,_xmlXPathObject*,,xml	X	Path	Object*	null	,0
6,i32,1,i32	constant	,1
7,_xmlNode**,,xml	Node**	null	,4
8,i32,0,i32	constant	,1
9,i32,0,i32	constant	,1
10,i32,0,i32	constant	,1
11,i32,0,i32	constant	,1
12,i32,3,i32	constant	,1
13,_xmlXPathObject*,,xml	X	Path	Object*	null	,0
14,i32,0,i32	constant	,1
15,t_chset*,,t	chset	null	,5
16,,common dso_local global t_chset* null,	constant	,6
17,t_chset*,,t	chset	null	,5
18,i32,4,i32	constant	,1
19,_xmlXPathObject*,,xml	X	Path	Object*	null	,0
20,i32,0,i32	constant	,1
21,i8*,,i8*	null	,7
22,i32,4,i32	constant	,1
23,_xmlXPathObject*,,xml	X	Path	Object*	null	,0
24,i32,0,i32	constant	,1
25,i8*,,i8*	null	,7
26,i32,1,i32	constant	,1
27,_xmlXPathObject*,,xml	X	Path	Object*	null	,0
28,_xmlNode**,,xml	Node**	null	,4
29,_xmlNodeSet*,,xml	Node	Set*	null	,3
30,i32,0,i32	constant	,1
31,i8*,,i8*	null	,7
32,_xmlNode*,,xml	Node*	null	,8
33,t_powerset*,,t	powerset	null	,-1
34,t_transition*,,t	transition	null	,9
35,i32,256,i32	constant	,1
36,t_state*,,t	state	null	,10
37,i32,0,i32	constant	,1
38,i32,0,i32	constant	,1
39,i32,1,i32	constant	,1
40,i32,100,i32	constant	,1
41,t_transition*,,t	transition	null	,9
42,i32,256,i32	constant	,1
43,i32,256,i32	constant	,1
44,i32,0,i32	constant	,1
45,i32,0,i32	constant	,1
46,t_state*,,t	state	null	,10
47,,common dso_local global t_state* null,	constant	,6
48,t_state*,,t	state	null	,10
49,i32,0,i32	constant	,1
50,t_chset*,,t	chset	null	,5
51,t_chset*,,t	chset	null	,5
52,,common dso_local global t_state* null,	constant	,6
53,t_state*,,t	state	null	,10
54,t_transition*,,t	transition	null	,9
55,t_transition*,,t	transition	null	,9
56,t_state*,,t	state	null	,10
57,t_stategroup*,,t	stategroup	null	,11
58,i32,0,i32	constant	,1
59,t_stategroup*,,t	stategroup	null	,11
60,t_state*,,t	state	null	,10
61,t_transition*,,t	transition	null	,9
62,i32,0,i32	constant	,1
63,t_transition*,,t	transition	null	,9
64,t_stategroup*,,t	stategroup	null	,11
65,t_stategroup*,,t	stategroup	null	,11
66,i32,0,i32	constant	,1
67,t_state*,,t	state	null	,10
68,i32,1,i32	constant	,1
69,i32,0,i32	constant	,1
70,t_stategroup*,,t	stategroup	null	,11
71,,common dso_local global t_state* null,	constant	,6
72,t_state*,,t	state	null	,10
73,t_transition*,,t	transition	null	,9
74,t_stategroup*,,t	stategroup	null	,11
75,t_state*,,t	state	null	,10
76,t_transition*,,t	transition	null	,9
77,t_stategroup*,,t	stategroup	null	,11
78,t_chset*,,t	chset	null	,5
79,t_state*,,t	state	null	,10
80,i64,0,i64	constant	,12
81,i64,32,i64	constant	,12
82,i64,16,i64	constant	,12
83,i64,8,i64	constant	,12
84,t_chset*,,t	chset	null	,5
85,i32,0,i32	constant	,1
86,t_symlist*,,t	symlist	null	,-1
87,i8*,inttoptr (i64 -1 to i8*),i8*	constant	,13
88,t_symlist*,,t	symlist	null	,-1
89,i64,79,i64	constant	,12
90,i32,0,i32	constant	,1
91,t_state*,,t	state	null	,10
92,t_chset*,,t	chset	null	,5
93,t_transition*,,t	transition	null	,9
94,,common dso_local global t_state* null,	constant	,6
95,t_state*,,t	state	null	,10
96,i32,0,i32	constant	,1
97,i32,72,i32	constant	,1
98,t_transition*,,t	transition	null	,9
99,i32,0,i32	constant	,1
100,,common dso_local global t_state* null,	constant	,6
101,t_state*,,t	state	null	,10
102,i32,0,i32	constant	,1
103,i32,72,i32	constant	,1
104,t_chset*,,t	chset	null	,5
105,,common dso_local global t_state* null,	constant	,6
106,t_state*,,t	state	null	,10
107,t_transition*,,t	transition	null	,9
108,i32,0,i32	constant	,1
109,i32,72,i32	constant	,1
110,,common dso_local global t_state* null,	constant	,6
111,t_state*,,t	state	null	,10
112,t_transition*,,t	transition	null	,9
113,i32,0,i32	constant	,1
114,i32,72,i32	constant	,1
115,i32,4,i32	constant	,1
116,_IO_FILE*,,I	O	F	I	L	E*	null	,14
117,i32,0,i32	constant	,1
118,i8*,,i8*	null	,7
119,i32,0,i32	constant	,1
120,i32,2048,i32	constant	,1
121,i32,0,i32	constant	,1
122,i32,0,i32	constant	,1
123,i32,0,i32	constant	,1
124,i8*,,i8*	null	,7
125,i32,0,i32	constant	,1
126,i32,0,i32	constant	,1
127,i32,256,i32	constant	,1
128,i32,0,i32	constant	,1
129,i32,256,i32	constant	,1
130,i32,0,i32	constant	,1
131,i32,9,i32	constant	,1
132,i32,32,i32	constant	,1
133,t_transition*,,t	transition	null	,9
134,t_transition*,,t	transition	null	,9
135,t_state*,,t	state	null	,10
136,t_transition*,,t	transition	null	,9
137,t_transition*,,t	transition	null	,9
138,t_state*,,t	state	null	,10
139,t_state*,,t	state	null	,10
140,t_state*,,t	state	null	,10
141,t_state*,,t	state	null	,10
142,t_transition*,,t	transition	null	,9
143,t_state*,,t	state	null	,10
144,t_transition*,,t	transition	null	,9
145,t_transition*,,t	transition	null	,9
146,t_state*,,t	state	null	,10
147,t_state*,,t	state	null	,10
148,i32,0,i32	constant	,1
149,i32,0,i32	constant	,1
150,i32,0,i32	constant	,1
151,t_powerset*,,t	powerset	null	,-1
152,i32,0,i32	constant	,1
153,i32,0,i32	constant	,1
154,t_state*,,t	state	null	,10
155,t_state*,,t	state	null	,10
156,i32,0,i32	constant	,1
157,t_transition*,,t	transition	null	,9
158,i32,0,i32	constant	,1
159,t_state*,,t	state	null	,10
160,t_state*,,t	state	null	,10
161,t_state*,,t	state	null	,10
162,i32,1,i32	constant	,1
163,i32,192,i32	constant	,1
164,i32,128,i32	constant	,1
165,i32,1,i32	constant	,1
166,i32,122,i32	constant	,1
167,i32,97,i32	constant	,1
168,i32,90,i32	constant	,1
169,i32,65,i32	constant	,1
170,i32,0,i32	constant	,1
171,t_symlist*,,t	symlist	null	,-1
172,i32,0,i32	constant	,1
173,t_chset*,,t	chset	null	,5
174,i8*,inttoptr (i64 -1 to i8*),i8*	constant	,13
175,i32,10,i32	constant	,1
176,i32,0,i32	constant	,1
177,i32,0,i32	constant	,1
178,i32,9,i32	constant	,1
179,i32,32,i32	constant	,1
180,i32,57,i32	constant	,1
181,i32,48,i32	constant	,1
182,i8*,,i8*	null	,7
183,_xmlDoc*,,xml	Doc*	null	,2
184,_xmlNodeSet*,,xml	Node	Set*	null	,3
185,i32,1,i32	constant	,1
186,_xmlXPathObject*,,xml	X	Path	Object*	null	,0
187,i32,0,i32	constant	,1
188,_xmlNode**,,xml	Node**	null	,4
189,t_chset*,,t	chset	null	,5
190,i32,0,i32	constant	,1
191,i32,0,i32	constant	,1
192,,common dso_local global t_chset* null,	constant	,6
193,t_chset*,,t	chset	null	,5
194,i32,0,i32	constant	,1
195,i32,-1,i32	constant	,1
196,i8*,inttoptr (i64 -1 to i8*),i8*	constant	,13
197,,common dso_local global t_chset* null,	constant	,6
198,t_chset*,,t	chset	null	,5
199,i32,0,i32	constant	,1
200,i32,1,i32	constant	,1
201,_xmlXPathObject*,,xml	X	Path	Object*	null	,0
202,_xmlNodeSet*,,xml	Node	Set*	null	,3
203,i32,0,i32	constant	,1
204,_xmlNode**,,xml	Node**	null	,4
205,i32,0,i32	constant	,1
206,i32,0,i32	constant	,1
207,_xmlBuf*,,xml	Buf*	null	,15
208,i32,2147483647,i32	constant	,1
209,i32,2147483647,i32	constant	,1
210,i32,2,i32	constant	,1
211,i8*,,i8*	null	,7
212,i32,0,i32	constant	,1
213,_xmlBuf*,,xml	Buf*	null	,15
214,i32,2147483647,i32	constant	,1
215,i32,2147483647,i32	constant	,1
216,i32,2,i32	constant	,1
217,i8*,,i8*	null	,7
218,i32,0,i32	constant	,1
219,i64,10,i64	constant	,12
220,i32,0,i32	constant	,1
221,i64,2147483647,i64	constant	,12
222,i64,2147483647,i64	constant	,12
223,i32,0,i32	constant	,1
224,_xmlBuf*,,xml	Buf*	null	,15
225,i32,2147483647,i32	constant	,1
226,i32,2147483647,i32	constant	,1
227,i32,2,i32	constant	,1
228,i32,0,i32	constant	,1
229,_xmlBuf*,,xml	Buf*	null	,15
230,i32,2147483647,i32	constant	,1
231,i32,2147483647,i32	constant	,1
232,i32,2,i32	constant	,1
233,i32,0,i32	constant	,1
234,_xmlBuf*,,xml	Buf*	null	,15
235,i32,0,i32	constant	,1
236,_xmlBuf*,,xml	Buf*	null	,15
237,i32,2147483647,i32	constant	,1
238,i32,2147483647,i32	constant	,1
239,i32,2,i32	constant	,1
240,i8*,,i8*	null	,7
241,i8*,,i8*	null	,7
242,i32,0,i32	constant	,1
243,i32,34,i32	constant	,1
244,_xmlBuffer*,,xml	Buffer*	null	,16
245,_xmlBuf*,,xml	Buf*	null	,15
246,i32,0,i32	constant	,1
247,_xmlBuf*,,xml	Buf*	null	,15
248,i32,2147483647,i32	constant	,1
249,i32,2147483647,i32	constant	,1
250,_xmlBuffer*,,xml	Buffer*	null	,16
251,i64,2147483647,i64	constant	,12
252,i64,2147483647,i64	constant	,12
253,_xmlBuf*,,xml	Buf*	null	,15
254,i32,0,i32	constant	,1
255,_xmlBuf*,,xml	Buf*	null	,15
256,i32,2147483647,i32	constant	,1
257,i32,2147483647,i32	constant	,1
258,i8*,,i8*	null	,7
259,_xmlBuffer*,,xml	Buffer*	null	,16
260,i32,0,i32	constant	,1
261,i32,0,i32	constant	,1
262,_xmlBuf*,,xml	Buf*	null	,15
263,_xmlParserInput*,,xml	Parser	Input*	null	,17
264,i32,2147483647,i32	constant	,1
265,i32,2147483647,i32	constant	,1
266,i32,0,i32	constant	,1
267,_xmlBuf*,,xml	Buf*	null	,15
268,_xmlParserInput*,,xml	Parser	Input*	null	,17
269,i32,2147483647,i32	constant	,1
270,i32,2147483647,i32	constant	,1
271,i32,0,i32	constant	,1
272,_xmlBuf*,,xml	Buf*	null	,15
273,_xmlParserInput*,,xml	Parser	Input*	null	,17
274,i32,2147483647,i32	constant	,1
275,i32,2147483647,i32	constant	,1
276,i8*,,i8*	null	,7
277,_xmlBuf*,,xml	Buf*	null	,15
278,i64,0,i64	constant	,12
279,i64,0,i64	constant	,12
280,i8*,,i8*	null	,7
281,_xmlBuf*,,xml	Buf*	null	,15
282,i32,2,i32	constant	,1
283,_xmlBuffer*,,xml	Buffer*	null	,16
284,i32,0,i32	constant	,1
285,i64,0,i64	constant	,12
286,i8*,,i8*	null	,7
287,_xmlBuf*,,xml	Buf*	null	,15
288,i64,2147483647,i64	constant	,12
289,_xmlBuf*,,xml	Buf*	null	,15
290,i32,0,i32	constant	,1
291,_xmlBuf*,,xml	Buf*	null	,15
292,i32,2,i32	constant	,1
293,i32,3,i32	constant	,1
294,i32,0,i32	constant	,1
295,i32,1,i32	constant	,1
296,i32,4,i32	constant	,1
297,i32,2,i32	constant	,1
298,i32,5,i32	constant	,1
299,_xmlBuffer*,,xml	Buffer*	null	,16
300,i32,3,i32	constant	,1
301,_xmlBuf*,,xml	Buf*	null	,15
302,i32,3,i32	constant	,1
303,i8*,,i8*	null	,7
304,i8*,,i8*	null	,7
305,i32,2,i32	constant	,1
306,i32,0,i32	constant	,1
307,_xmlBuf*,,xml	Buf*	null	,15
308,i8*,,i8*	null	,7
309,i32,2147483647,i32	constant	,1
310,i32,2147483647,i32	constant	,1
311,i32,2,i32	constant	,1
312,i32,3,i32	constant	,1
313,i8*,,i8*	null	,7
314,i64,2147483647,i64	constant	,12
315,i64,2147483647,i64	constant	,12
316,i32,0,i32	constant	,1
317,_xmlBuf*,,xml	Buf*	null	,15
318,i32,2147483647,i32	constant	,1
319,i32,2147483647,i32	constant	,1
320,i64,0,i64	constant	,12
321,i32,2,i32	constant	,1
322,i8*,,i8*	null	,7
323,i32,3,i32	constant	,1
324,i8*,,i8*	null	,7
325,i32,3,i32	constant	,1
326,i64,2147483647,i64	constant	,12
327,i64,2147483647,i64	constant	,12
328,i32,0,i32	constant	,1
329,_xmlBuf*,,xml	Buf*	null	,15
330,i32,2147483647,i32	constant	,1
331,i32,2147483647,i32	constant	,1
332,i32,2,i32	constant	,1
333,i32,5,i32	constant	,1
334,i64,10000000,i64	constant	,12
335,i64,10000000,i64	constant	,12
336,i64,2,i64	constant	,12
337,i64,10000000,i64	constant	,12
338,i8*,,i8*	null	,7
339,i32,3,i32	constant	,1
340,i8*,,i8*	null	,7
341,i8*,,i8*	null	,7
342,i64,2147483647,i64	constant	,12
343,i64,2147483647,i64	constant	,12
344,i32,0,i32	constant	,1
345,_xmlBuf*,,xml	Buf*	null	,15
346,i32,0,i32	constant	,1
347,i32,0,i32	constant	,1
348,_xmlBuf*,,xml	Buf*	null	,15
349,i32,0,i32	constant	,1
350,i32,0,i32	constant	,1
351,_xmlBuf*,,xml	Buf*	null	,15
352,i8*,,i8*	null	,7
353,i32,2147483647,i32	constant	,1
354,i32,2147483647,i32	constant	,1
355,_IO_FILE*,,I	O	F	I	L	E*	null	,14
356,i32,0,i32	constant	,1
357,_xmlBuf*,,xml	Buf*	null	,15
358,i32,0,i32	constant	,1
359,_xmlBuf*,,xml	Buf*	null	,15
360,i32,2147483647,i32	constant	,1
361,i32,2147483647,i32	constant	,1
362,i32,0,i32	constant	,1
363,_xmlBuf*,,xml	Buf*	null	,15
364,i32,2147483647,i32	constant	,1
365,i32,2147483647,i32	constant	,1
366,i64,2147483647,i64	constant	,12
367,i64,2147483647,i64	constant	,12
368,i32,0,i32	constant	,1
369,_xmlBuf*,,xml	Buf*	null	,15
370,i32,2147483647,i32	constant	,1
371,i32,2147483647,i32	constant	,1
372,i64,2147483647,i64	constant	,12
373,i64,2147483647,i64	constant	,12
374,i32,0,i32	constant	,1
375,_xmlBuf*,,xml	Buf*	null	,15
376,i32,2147483647,i32	constant	,1
377,i32,2147483647,i32	constant	,1
378,i32,0,i32	constant	,1
379,_xmlBuf*,,xml	Buf*	null	,15
380,i32,2147483647,i32	constant	,1
381,i32,2147483647,i32	constant	,1
382,i32,0,i32	constant	,1
383,_xmlBuf*,,xml	Buf*	null	,15
384,i32,2147483647,i32	constant	,1
385,i32,2147483647,i32	constant	,1
386,i32,0,i32	constant	,1
387,_xmlBuf*,,xml	Buf*	null	,15
388,i32,2147483647,i32	constant	,1
389,i32,2147483647,i32	constant	,1
390,i64,0,i64	constant	,12
391,i32,0,i32	constant	,1
392,_xmlBuf*,,xml	Buf*	null	,15
393,i32,2147483647,i32	constant	,1
394,i32,2147483647,i32	constant	,1
395,i32,2,i32	constant	,1
396,i32,5,i32	constant	,1
397,i64,10000000,i64	constant	,12
398,i64,0,i64	constant	,12
399,i32,2147483647,i32	constant	,1
400,i64,4096,i64	constant	,12
401,i32,2147483647,i32	constant	,1
402,i8*,,i8*	null	,7
403,i32,3,i32	constant	,1
404,i8*,,i8*	null	,7
405,i8*,,i8*	null	,7
406,i64,100,i64	constant	,12
407,i8*,,i8*	null	,7
408,i8*,,i8*	null	,7
409,i64,2147483647,i64	constant	,12
410,i64,2147483647,i64	constant	,12
411,i32,0,i32	constant	,1
412,_xmlBuf*,,xml	Buf*	null	,15
413,i8*,,i8*	null	,7
414,i32,2147483647,i32	constant	,1
415,i32,2147483647,i32	constant	,1
416,i32,2,i32	constant	,1
417,i32,-1,i32	constant	,1
418,i32,0,i32	constant	,1
419,i32,0,i32	constant	,1
420,i32,0,i32	constant	,1
421,i32,0,i32	constant	,1
422,i32,5,i32	constant	,1
423,i32,10000000,i32	constant	,1
424,i32,0,i32	constant	,1
425,i64,2147483647,i64	constant	,12
426,i64,2147483647,i64	constant	,12
427,i32,0,i32	constant	,1
428,_xmlBuf*,,xml	Buf*	null	,15
429,i32,2147483647,i32	constant	,1
430,i32,2147483647,i32	constant	,1
431,i32,2,i32	constant	,1
432,i8*,,i8*	null	,7
433,i32,-1,i32	constant	,1
434,i32,0,i32	constant	,1
435,i32,0,i32	constant	,1
436,_xmlBuf*,,xml	Buf*	null	,15
437,i32,0,i32	constant	,1
438,i32,0,i32	constant	,1
439,i8*,,i8*	null	,7
440,i32,3,i32	constant	,1
441,i64,2147483647,i64	constant	,12
442,i64,2147483647,i64	constant	,12
443,i32,5,i32	constant	,1
444,i32,10000000,i32	constant	,1
445,i32,0,i32	constant	,1
446,i64,2147483647,i64	constant	,12
447,i64,2147483647,i64	constant	,12
448,_xmlNode*,,xml	Node*	null	,8
449,_xmlAttr*,,xml	Attr*	null	,18
450,_xmlC14NCtx*,,xml	C14	N	Ctx*	null	,19
451,i8*,,i8*	null	,7
452,i32,0,i32	constant	,1
453,i32,"(i8*, _xmlNode*, %struct._xmlNode*)* null",i32	constant	,1
454,_xmlNode*,,xml	Node*	null	,8
455,_xmlAttr*,,xml	Attr*	null	,18
456,i8*,,i8*	null	,7
457,i32,46,i32	constant	,1
458,i32,1,i32	constant	,1
459,i8*,,i8*	null	,7
460,i8*,,i8*	null	,7
461,i32,0,i32	constant	,1
462,i8*,,i8*	null	,7
463,_xmlAttr*,,xml	Attr*	null	,18
464,i32,1,i32	constant	,1
465,_xmlNode*,,xml	Node*	null	,8
466,_xmlC14NCtx*,,xml	C14	N	Ctx*	null	,19
467,_xmlList*,,xml	List*	null	,20
468,_xmlAttr*,,xml	Attr*	null	,18
469,i32,0,i32	constant	,1
470,i32,"(i8*, _xmlNode*, %struct._xmlNode*)* null",i32	constant	,1
471,_xmlNode*,,xml	Node*	null	,8
472,i32,0,i32	constant	,1
473,i32,0,i32	constant	,1
474,i32,"(i8*, _xmlNode*, %struct._xmlNode*)* null",i32	constant	,1
475,_xmlNode*,,xml	Node*	null	,8
476,_xmlAttr*,,xml	Attr*	null	,18
477,i32,0,i32	constant	,1
478,i8*,,i8*	null	,7
479,_xmlAttr*,,xml	Attr*	null	,18
480,i32,0,i32	constant	,1
481,i32,"(i8*, _xmlNode*, %struct._xmlNode*)* null",i32	constant	,1
482,_xmlAttr*,,xml	Attr*	null	,18
483,i32,0,i32	constant	,1
484,i32,0,i32	constant	,1
485,i32,0,i32	constant	,1
486,i32,"(i8*, _xmlNode*, %struct._xmlNode*)* null",i32	constant	,1
487,i32,0,i32	constant	,1
488,_xmlAttr*,,xml	Attr*	null	,18
489,i32,0,i32	constant	,1
490,i32,0,i32	constant	,1
491,_xmlAttr*,,xml	Attr*	null	,18
492,i32,0,i32	constant	,1
493,i32,0,i32	constant	,1
494,_xmlAttr*,,xml	Attr*	null	,18
495,i32,0,i32	constant	,1
496,i32,0,i32	constant	,1
497,i32,"(i8*, _xmlNode*, %struct._xmlNode*)* null",i32	constant	,1
498,i32,0,i32	constant	,1
499,i32,0,i32	constant	,1
500,_xmlAttr*,,xml	Attr*	null	,18
501,_xmlAttr*,,xml	Attr*	null	,18
502,_xmlAttr*,,xml	Attr*	null	,18
503,_xmlAttr*,,xml	Attr*	null	,18
504,_xmlAttr*,,xml	Attr*	null	,18
505,_xmlAttr*,,xml	Attr*	null	,18
506,_xmlAttr*,,xml	Attr*	null	,18
507,i32,1,i32	constant	,1
508,_xmlNode*,,xml	Node*	null	,8
509,_xmlC14NCtx*,,xml	C14	N	Ctx*	null	,19
510,_xmlNs*,,xml	Ns*	null	,21
511,i32,0,i32	constant	,1
512,_xmlURI*,,xml	U	R	I*	null	,22
513,i32,0,i32	constant	,1
514,i32,0,i32	constant	,1
515,i32,0,i32	constant	,1
516,i32,0,i32	constant	,1
517,i32,1,i32	constant	,1
518,_xmlNode*,,xml	Node*	null	,8
519,_xmlC14NCtx*,,xml	C14	N	Ctx*	null	,19
520,i32,0,i32	constant	,1
521,i32,0,i32	constant	,1
522,i32,0,i32	constant	,1
523,i32,0,i32	constant	,1
524,_xmlNs*,,xml	Ns*	null	,21
525,i32,1,i32	constant	,1
526,i32,0,i32	constant	,1
527,i32,0,i32	constant	,1
528,i32,0,i32	constant	,1
529,i32,0,i32	constant	,1
530,_xmlNode*,,xml	Node*	null	,8
531,i32,0,i32	constant	,1
532,i32,0,i32	constant	,1
533,i32,0,i32	constant	,1
534,_xmlNs*,,xml	Ns*	null	,21
535,i32,0,i32	constant	,1
536,_xmlNode*,,xml	Node*	null	,8
537,_xmlC14NCtx*,,xml	C14	N	Ctx*	null	,19
538,i32,"(i8*, _xmlNode*, %struct._xmlNode*)* null",i32	constant	,1
539,i8*,,i8*	null	,7
540,i32,0,i32	constant	,1
541,i8*,,i8*	null	,7
542,i32,0,i32	constant	,1
543,i32,2,i32	constant	,1
544,i32,0,i32	constant	,1
545,i8*,,i8*	null	,7
546,i8*,,i8*	null	,7
547,i32,0,i32	constant	,1
548,i32,0,i32	constant	,1
549,i32,0,i32	constant	,1
550,i32,2,i32	constant	,1
551,i8*,,i8*	null	,7
552,i8*,,i8*	null	,7
553,i32,0,i32	constant	,1
554,_xmlNode*,,xml	Node*	null	,8
555,_xmlC14NCtx*,,xml	C14	N	Ctx*	null	,19
556,i32,0,i32	constant	,1
557,_xmlNode*,,xml	Node*	null	,8
558,_xmlC14NCtx*,,xml	C14	N	Ctx*	null	,19
559,_xmlC14NVisibleNsStack*,,xml	C14	N	Visible	Ns	Stack*	null	,23
560,_xmlOutputBuffer*,,xml	Output	Buffer*	null	,24
561,_xmlDoc*,,xml	Doc*	null	,2
562,_xmlCharEncodingHandler*,,xml	Char	Encoding	Handler*	null	,25
563,i32,1,i32	constant	,1
564,_xmlC14NCtx*,,xml	C14	N	Ctx*	null	,19
565,_xmlC14NVisibleNsStack*,,xml	C14	N	Visible	Ns	Stack*	null	,23
566,i32,1,i32	constant	,1
567,_xmlDoc*,,xml	Doc*	null	,2
568,_xmlOutputBuffer*,,xml	Output	Buffer*	null	,24
569,_xmlCharEncodingHandler*,,xml	Char	Encoding	Handler*	null	,25
570,_xmlC14NCtx*,,xml	C14	N	Ctx*	null	,19
571,_xmlNode*,,xml	Node*	null	,8
572,i32,0,i32	constant	,1
573,i32,0,i32	constant	,1
574,i8**,,i	null	,26
575,_xmlOutputBuffer*,,xml	Output	Buffer*	null	,24
576,i32,0,i32	constant	,1
577,i32,0,i32	constant	,1
578,i32,0,i32	constant	,1
579,i8*,,i8*	null	,7
580,i8*,,i8*	null	,7
581,_xmlOutputBuffer*,,xml	Output	Buffer*	null	,24
582,i32,0,i32	constant	,1
583,i8*,,i8*	null	,7
584,i8*,,i8*	null	,7
585,i32,0,i32	constant	,1
586,i8*,,i8*	null	,7
587,i32,0,i32	constant	,1
588,i32,60,i32	constant	,1
589,i32,3,i32	constant	,1
590,i32,3,i32	constant	,1
591,i32,62,i32	constant	,1
592,i32,0,i32	constant	,1
593,i32,38,i32	constant	,1
594,i32,3,i32	constant	,1
595,i32,0,i32	constant	,1
596,i32,34,i32	constant	,1
597,i32,0,i32	constant	,1
598,i32,9,i32	constant	,1
599,i32,0,i32	constant	,1
600,i32,10,i32	constant	,1
601,i32,0,i32	constant	,1
602,i32,13,i32	constant	,1
603,i32,3,i32	constant	,1
604,i32,1,i32	constant	,1
605,i32,2,i32	constant	,1
606,_xmlC14NCtx*,,xml	C14	N	Ctx*	null	,19
607,_xmlNode*,,xml	Node*	null	,8
608,_xmlNodeSet*,,xml	Node	Set*	null	,3
609,i32,18,i32	constant	,1
610,i32,2,i32	constant	,1
611,_xmlNode*,,xml	Node*	null	,8
612,_xmlC14NVisibleNsStack*,,xml	C14	N	Visible	Ns	Stack*	null	,23
613,_xmlC14NVisibleNsStack*,,xml	C14	N	Visible	Ns	Stack*	null	,23
614,_xmlNs**,,xml	Ns**	null	,27
615,_xmlNode**,,xml	Node**	null	,4
616,_xmlC14NVisibleNsStack*,,xml	C14	N	Visible	Ns	Stack*	null	,23
617,_xmlNode**,,xml	Node**	null	,4
618,_xmlNs**,,xml	Ns**	null	,27
619,_xmlNode**,,xml	Node**	null	,4
620,_xmlNs**,,xml	Ns**	null	,27
621,_xmlNode**,,xml	Node**	null	,4
622,_xmlNs**,,xml	Ns**	null	,27
623,_xmlNode**,,xml	Node**	null	,4
624,_xmlNs**,,xml	Ns**	null	,27
625,i8*,,i8*	null	,7
626,i8*,,i8*	null	,7
627,_xmlC14NVisibleNsStack*,,xml	C14	N	Visible	Ns	Stack*	null	,23
628,_xmlC14NVisibleNsStack*,,xml	C14	N	Visible	Ns	Stack*	null	,23
629,_xmlC14NVisibleNsStack*,,xml	C14	N	Visible	Ns	Stack*	null	,23
630,_xmlC14NVisibleNsStack*,,xml	C14	N	Visible	Ns	Stack*	null	,23
631,_xmlC14NVisibleNsStack*,,xml	C14	N	Visible	Ns	Stack*	null	,23
632,i32,0,i32	constant	,1
633,i8*,,i8*	null	,7
634,i32,0,i32	constant	,1
635,i8*,,i8*	null	,7
636,i8,0,i	,28
637,_xmlC14NVisibleNsStack*,,xml	C14	N	Visible	Ns	Stack*	null	,23
638,i8*,,i8*	null	,7
639,_xmlNs*,,xml	Ns*	null	,21
640,i8*,,i8*	null	,7
641,_xmlNs*,,xml	Ns*	null	,21
642,i32,0,i32	constant	,1
643,i32,0,i32	constant	,1
644,_xmlNs**,,xml	Ns**	null	,27
645,i32,0,i32	constant	,1
646,i32,0,i32	constant	,1
647,_xmlNs*,,xml	Ns*	null	,21
648,_xmlNs*,,xml	Ns*	null	,21
649,_xmlC14NVisibleNsStack*,,xml	C14	N	Visible	Ns	Stack*	null	,23
650,i8*,,i8*	null	,7
651,_xmlNs*,,xml	Ns*	null	,21
652,i8*,,i8*	null	,7
653,_xmlNs*,,xml	Ns*	null	,21
654,i32,0,i32	constant	,1
655,i32,0,i32	constant	,1
656,_xmlNs**,,xml	Ns**	null	,27
657,i32,0,i32	constant	,1
658,i32,0,i32	constant	,1
659,_xmlNs*,,xml	Ns*	null	,21
660,i32,0,i32	constant	,1
661,_xmlNs*,,xml	Ns*	null	,21
662,i32,"(i8*, _xmlNode*, %struct._xmlNode*)* null",i32	constant	,1
663,_xmlNs*,,xml	Ns*	null	,21
664,i32,0,i32	constant	,1
665,i32,0,i32	constant	,1
666,_xmlNs*,,xml	Ns*	null	,21
667,_xmlNs*,,xml	Ns*	null	,21
668,_xmlC14NCtx*,,xml	C14	N	Ctx*	null	,19
669,_xmlNs*,,xml	Ns*	null	,21
670,i8*,,i8*	null	,7
671,i8*,,i8*	null	,7
672,i32,1,i32	constant	,1
673,_xmlNode*,,xml	Node*	null	,8
674,_xmlC14NCtx*,,xml	C14	N	Ctx*	null	,19
675,_xmlList*,,xml	List*	null	,20
676,_xmlNode*,,xml	Node*	null	,8
677,_xmlNs*,,xml	Ns*	null	,21
678,i32,0,i32	constant	,1
679,i32,"(i8*, _xmlNode*, %struct._xmlNode*)* null",i32	constant	,1
680,i32,0,i32	constant	,1
681,i32,0,i32	constant	,1
682,i32,0,i32	constant	,1
683,i32,0,i32	constant	,1
684,i32,0,i32	constant	,1
685,i32,0,i32	constant	,1
686,i32,0,i32	constant	,1
687,i32,1,i32	constant	,1
688,_xmlNode*,,xml	Node*	null	,8
689,_xmlC14NCtx*,,xml	C14	N	Ctx*	null	,19
690,i32,1,i32	constant	,1
691,_xmlList*,,xml	List*	null	,20
692,i8**,,i	null	,26
693,i8*,,i8*	null	,7
694,i32,0,i32	constant	,1
695,i32,0,i32	constant	,1
696,i32,0,i32	constant	,1
697,i32,"(i8*, _xmlNode*, %struct._xmlNode*)* null",i32	constant	,1
698,i32,0,i32	constant	,1
699,_xmlNs*,,xml	Ns*	null	,21
700,i32,0,i32	constant	,1
701,i32,0,i32	constant	,1
702,i32,0,i32	constant	,1
703,_xmlNs*,,xml	Ns*	null	,21
704,i32,0,i32	constant	,1
705,_xmlNs*,,xml	Ns*	null	,21
706,i32,0,i32	constant	,1
707,i32,"(i8*, _xmlNode*, %struct._xmlNode*)* null",i32	constant	,1
708,i32,0,i32	constant	,1
709,i32,0,i32	constant	,1
710,i32,0,i32	constant	,1
711,i32,0,i32	constant	,1
712,_xmlAttr*,,xml	Attr*	null	,18
713,i32,0,i32	constant	,1
714,i32,"(i8*, _xmlNode*, %struct._xmlNode*)* null",i32	constant	,1
715,i32,0,i32	constant	,1
716,_xmlNs*,,xml	Ns*	null	,21
717,i32,0,i32	constant	,1
718,i32,0,i32	constant	,1
719,i32,0,i32	constant	,1
720,i32,0,i32	constant	,1
721,i32,0,i32	constant	,1
722,_xmlNs*,,xml	Ns*	null	,21
723,i32,0,i32	constant	,1
724,i32,0,i32	constant	,1
725,i32,0,i32	constant	,1
726,i32,0,i32	constant	,1
727,i32,0,i32	constant	,1
728,i32,0,i32	constant	,1
729,i32,0,i32	constant	,1
730,i32,0,i32	constant	,1
731,i32,0,i32	constant	,1
732,_xmlNs*,,xml	Ns*	null	,21
733,i32,0,i32	constant	,1
734,_xmlAttr*,,xml	Attr*	null	,18
735,_xmlAttr*,,xml	Attr*	null	,18
736,_xmlNs*,,xml	Ns*	null	,21
737,_xmlNs*,,xml	Ns*	null	,21
738,i8*,,i8*	null	,7
739,i8*,,i8*	null	,7
740,i32,0,i32	constant	,1
741,_xmlC14NCtx*,,xml	C14	N	Ctx*	null	,19
742,_xmlAttr*,,xml	Attr*	null	,18
743,i32,0,i32	constant	,1
744,_xmlNs*,,xml	Ns*	null	,21
745,i8*,,i8*	null	,7
746,i8*,,i8*	null	,7
747,i32,0,i32	constant	,1
748,i32,"(i8*, _xmlNode*, %struct._xmlNode*)* null",i32	constant	,1
749,_xmlNode*,,xml	Node*	null	,8
750,_xmlAttr*,,xml	Attr*	null	,18
751,i32,0,i32	constant	,1
752,i8*,,i8*	null	,7
753,i8*,,i8*	null	,7
754,i32,0,i32	constant	,1
755,i8*,,i8*	null	,7
756,i32,32,i32	constant	,1
757,i8*,,i8*	null	,7
758,_xmlCatalog*,,xml	Catalog*	null	,29
759,i32,0,i32	constant	,1
760,_xmlCatalogEntry*,,xml	Catalog	Entry*	null	,30
761,i32,1,i32	constant	,1
762,,internal global i32 0,	constant	,6
763,i32,0,i32	constant	,1
764,i8*,,i8*	null	,7
765,i8*,,i8*	null	,7
766,i8*,,i8*	null	,7
767,i8*,,i8*	null	,7
768,i8*,,i8*	null	,7
769,_xmlCatalogEntry*,,xml	Catalog	Entry*	null	,30
770,_xmlCatalog*,,xml	Catalog*	null	,29
771,i32,2,i32	constant	,1
772,_xmlCatalog*,,xml	Catalog*	null	,29
773,_xmlCatalogEntry*,,xml	Catalog	Entry*	null	,30
774,_xmlHashTable*,,xml	Hash	Table*	null	,31
775,_xmlHashTable*,,xml	Hash	Table*	null	,31
776,_xmlCatalog*,,xml	Catalog*	null	,29
777,_xmlCatalogEntry*,,xml	Catalog	Entry*	null	,30
778,_xmlCatalogEntry*,,xml	Catalog	Entry*	null	,30
779,_xmlCatalogEntry*,,xml	Catalog	Entry*	null	,30
780,_xmlCatalogEntry*,,xml	Catalog	Entry*	null	,30
781,i32,2,i32	constant	,1
782,_xmlCatalog*,,xml	Catalog*	null	,29
783,,internal global i32 0,	constant	,6
784,i32,0,i32	constant	,1
785,_xmlParserCtxt*,,xml	Parser	Ctxt*	null	,32
786,void,"(i8*, i8*, ...)** getelementptr inbounds (_xmlSAXHandlerV1, %struct._xmlSAXHandlerV1* @xmlDefaultSAXHandler, i32 0, i32 22)",void	constant	,33
787,void,"(i8*, i8*, ...)* null",void	constant	,33
788,_xmlParserInputBuffer*,,xml	Parser	Input	Buffer*	null	,34
789,_xmlParserInput*,,xml	Parser	Input*	null	,17
790,i8*,,i8*	null	,7
791,i8*,,i8*	null	,7
792,i8*,,i8*	null	,7
793,i8*,,i8*	null	,7
794,i32,0,i32	constant	,1
795,i8*,,i8*	null	,7
796,i32,0,i32	constant	,1
797,i32,0,i32	constant	,1
798,i8*,,i8*	null	,7
799,_xmlChRangeGroup*,,xml	Ch	Range	Group*	null	,-1
800,i32,65536,i32	constant	,1
801,i32,0,i32	constant	,1
802,i32,0,i32	constant	,1
803,i32,1,i32	constant	,1
804,i32,0,i32	constant	,1
805,i32,0,i32	constant	,1
806,i32,1,i32	constant	,1
807,i32,256,i32	constant	,1
808,_IO_FILE*,,I	O	F	I	L	E*	null	,14
809,i8*,,i8*	null	,7
810,i32,40,i32	constant	,1
811,i32,0,i32	constant	,1
812,i32,32,i32	constant	,1
813,i32,0,i32	constant	,1
814,_xmlDict*,,xml	Dict*	null	,35
815,i64,128,i64	constant	,12
816,i64,128,i64	constant	,12
817,i64,128,i64	constant	,12
818,i64,128,i64	constant	,12
819,i64,128,i64	constant	,12
820,i32,0,i32	constant	,1
821,_xmlDictEntry*,,xml	Dict	Entry*	null	,36
822,i32,0,i32	constant	,1
823,i32,0,i32	constant	,1
824,i8*,,i8*	null	,7
825,_xmlDict*,,xml	Dict*	null	,35
826,i8*,,i8*	null	,7
827,i64,128,i64	constant	,12
828,i64,128,i64	constant	,12
829,i8*,,i8*	null	,7
830,i32,0,i32	constant	,1
831,_xmlDictEntry*,,xml	Dict	Entry*	null	,36
832,i32,0,i32	constant	,1
833,i32,0,i32	constant	,1
834,_xmlDict*,,xml	Dict*	null	,35
835,i64,128,i64	constant	,12
836,i64,128,i64	constant	,12
837,i64,128,i64	constant	,12
838,i64,128,i64	constant	,12
839,i64,128,i64	constant	,12
840,i64,128,i64	constant	,12
841,i8*,,i8*	null	,7
842,i32,0,i32	constant	,1
843,_xmlDictEntry*,,xml	Dict	Entry*	null	,36
844,i32,0,i32	constant	,1
845,i32,0,i32	constant	,1
846,i8*,,i8*	null	,7
847,_xmlDictEntry*,,xml	Dict	Entry*	null	,36
848,_xmlDictEntry*,,xml	Dict	Entry*	null	,36
849,_xmlDictEntry*,,xml	Dict	Entry*	null	,36
850,i64,0,i64	constant	,12
851,i64,3,i64	constant	,12
852,i64,2730,i64	constant	,12
853,i8*,,i8*	null	,7
854,_xmlDict*,,xml	Dict*	null	,35
855,_xmlDictStrings*,,xml	Dict	Strings*	null	,37
856,_xmlDict*,,xml	Dict*	null	,35
857,_xmlDict*,,xml	Dict*	null	,35
858,_xmlDict*,,xml	Dict*	null	,35
859,_xmlDict*,,xml	Dict*	null	,35
860,_xmlDict*,,xml	Dict*	null	,35
861,_xmlDictStrings*,,xml	Dict	Strings*	null	,37
862,,internal global i32 0,	constant	,6
863,i32,0,i32	constant	,1
864,_xmlRMutex*,,xml	R	Mutex*	null	,-1
865,,internal global i32 0,	constant	,6
866,i32,0,i32	constant	,1
867,,internal global i32 0,	constant	,6
868,i32,0,i32	constant	,1
869,_xmlDictStrings*,,xml	Dict	Strings*	null	,37
870,i64,0,i64	constant	,12
871,_xmlDictStrings*,,xml	Dict	Strings*	null	,37
872,i64,0,i64	constant	,12
873,i64,0,i64	constant	,12
874,i64,0,i64	constant	,12
875,i64,0,i64	constant	,12
876,_xmlDictStrings*,,xml	Dict	Strings*	null	,37
877,i8*,,i8*	null	,7
878,_xmlDictStrings*,,xml	Dict	Strings*	null	,37
879,i64,0,i64	constant	,12
880,_xmlDictStrings*,,xml	Dict	Strings*	null	,37
881,i64,0,i64	constant	,12
882,i64,0,i64	constant	,12
883,i64,0,i64	constant	,12
884,i64,0,i64	constant	,12
885,_xmlDictStrings*,,xml	Dict	Strings*	null	,37
886,i8*,,i8*	null	,7
887,i32,0,i32	constant	,1
888,i32,0,i32	constant	,1
889,i8*,,i8*	null	,7
890,i32,10,i32	constant	,1
891,i32,0,i32	constant	,1
892,i32,10,i32	constant	,1
893,i32,10,i32	constant	,1
894,i32,0,i32	constant	,1
895,,internal global i32 0,	constant	,6
896,i32,0,i32	constant	,1
897,i32,0,i32	constant	,1
898,_xmlDict*,,xml	Dict*	null	,35
899,_xmlDictEntry*,,xml	Dict	Entry*	null	,36
900,_xmlDict*,,xml	Dict*	null	,35
901,_xmlDict*,,xml	Dict*	null	,35
902,,internal global i32 0,	constant	,6
903,i32,0,i32	constant	,1
904,i32,0,i32	constant	,1
905,_xmlDict*,,xml	Dict*	null	,35
906,_xmlDict*,,xml	Dict*	null	,35
907,i64,8,i64	constant	,12
908,i64,16384,i64	constant	,12
909,_xmlDictEntry*,,xml	Dict	Entry*	null	,36
910,i64,128,i64	constant	,12
911,_xmlDictEntry*,,xml	Dict	Entry*	null	,36
912,i32,0,i32	constant	,1
913,i32,1,i32	constant	,1
914,i32,0,i32	constant	,1
915,i64,128,i64	constant	,12
916,i32,0,i32	constant	,1
917,_xmlDictEntry*,,xml	Dict	Entry*	null	,36
918,i64,0,i64	constant	,12
919,_xmlDictEntry*,,xml	Dict	Entry*	null	,36
920,i32,1,i32	constant	,1
921,i32,0,i32	constant	,1
922,i64,128,i64	constant	,12
923,i32,0,i32	constant	,1
924,_xmlDict*,,xml	Dict*	null	,35
925,,internal global i32 0,	constant	,6
926,i32,0,i32	constant	,1
927,i32,0,i32	constant	,1
928,i32,0,i32	constant	,1
929,_xmlDict*,,xml	Dict*	null	,35
930,_xmlDictEntry*,,xml	Dict	Entry*	null	,36
931,i32,0,i32	constant	,1
932,i32,0,i32	constant	,1
933,_xmlDictEntry*,,xml	Dict	Entry*	null	,36
934,i32,0,i32	constant	,1
935,_xmlDictStrings*,,xml	Dict	Strings*	null	,37
936,i8*,,i8*	null	,7
937,_xmlDict*,,xml	Dict*	null	,35
938,i32,0,i32	constant	,1
939,i64,0,i64	constant	,12
940,i32,1073741823,i32	constant	,1
941,i64,128,i64	constant	,12
942,i32,0,i32	constant	,1
943,_xmlDictEntry*,,xml	Dict	Entry*	null	,36
944,i32,0,i32	constant	,1
945,i32,0,i32	constant	,1
946,_xmlDict*,,xml	Dict*	null	,35
947,i64,128,i64	constant	,12
948,i64,128,i64	constant	,12
949,i64,128,i64	constant	,12
950,i64,128,i64	constant	,12
951,i64,128,i64	constant	,12
952,i32,0,i32	constant	,1
953,_xmlDictEntry*,,xml	Dict	Entry*	null	,36
954,i32,0,i32	constant	,1
955,i32,0,i32	constant	,1
956,i8*,,i8*	null	,7
957,_xmlDictEntry*,,xml	Dict	Entry*	null	,36
958,_xmlDictEntry*,,xml	Dict	Entry*	null	,36
959,_xmlDictEntry*,,xml	Dict	Entry*	null	,36
960,i64,0,i64	constant	,12
961,i64,3,i64	constant	,12
962,i64,2730,i64	constant	,12
963,i32,0,i32	constant	,1
964,i8*,,i8*	null	,7
965,_xmlDict*,,xml	Dict*	null	,35
966,i32,0,i32	constant	,1
967,i64,0,i64	constant	,12
968,i32,1073741823,i32	constant	,1
969,i64,128,i64	constant	,12
970,i32,0,i32	constant	,1
971,_xmlDictEntry*,,xml	Dict	Entry*	null	,36
972,i32,0,i32	constant	,1
973,,internal global i32 0,	constant	,6
974,i32,0,i32	constant	,1
975,,internal global i32 0,	constant	,6
976,i32,0,i32	constant	,1
977,,internal global i32 0,	constant	,6
978,i32,0,i32	constant	,1
979,,internal global i32 0,	constant	,6
980,i32,0,i32	constant	,1
981,,internal global i32 0,	constant	,6
982,i32,0,i32	constant	,1
983,,internal global i32 0,	constant	,6
984,i32,0,i32	constant	,1
985,,internal global i32 0,	constant	,6
986,i32,0,i32	constant	,1
987,,internal global i32 0,	constant	,6
988,i32,0,i32	constant	,1
989,,internal global i32 0,	constant	,6
990,i32,0,i32	constant	,1
991,,internal global i32 0,	constant	,6
992,i32,0,i32	constant	,1
993,i8*,,i8*	null	,7
994,,internal global _xmlCharEncodingAlias* null,	constant	,6
995,_xmlCharEncodingAlias*,,xml	Char	Encoding	Alias*	null	,-1
996,i32,99,i32	constant	,1
997,i32,0,i32	constant	,1
998,i32,0,i32	constant	,1
999,,internal global i32 0,	constant	,6
1000,i32,0,i32	constant	,1
1001,i8*,,i8*	null	,7
1002,i8*,,i8*	null	,7
1003,i32,99,i32	constant	,1
1004,i32,0,i32	constant	,1
1005,,internal global _xmlCharEncodingAlias* null,	constant	,6
1006,_xmlCharEncodingAlias*,,xml	Char	Encoding	Alias*	null	,-1
1007,,internal global _xmlCharEncodingAlias* null,	constant	,6
1008,_xmlCharEncodingAlias*,,xml	Char	Encoding	Alias*	null	,-1
1009,,internal global i32 0,	constant	,6
1010,,internal global i32 0,	constant	,6
1011,i32,0,i32	constant	,1
1012,,internal global i32 0,	constant	,6
1013,i32,0,i32	constant	,1
1014,i8*,,i8*	null	,7
1015,,internal global _xmlCharEncodingAlias* null,	constant	,6
1016,_xmlCharEncodingAlias*,,xml	Char	Encoding	Alias*	null	,-1
1017,,internal global i32 0,	constant	,6
1018,i32,0,i32	constant	,1
1019,i8*,,i8*	null	,7
1020,i8*,,i8*	null	,7
1021,i32,499,i32	constant	,1
1022,i32,0,i32	constant	,1
1023,i32,0,i32	constant	,1
1024,i32,0,i32	constant	,1
1025,i32,0,i32	constant	,1
1026,i32,0,i32	constant	,1
1027,i32,0,i32	constant	,1
1028,i32,0,i32	constant	,1
1029,i32,0,i32	constant	,1
1030,i32,0,i32	constant	,1
1031,i32,0,i32	constant	,1
1032,i32,0,i32	constant	,1
1033,i32,0,i32	constant	,1
1034,i32,0,i32	constant	,1
1035,i32,0,i32	constant	,1
1036,i32,0,i32	constant	,1
1037,i32,0,i32	constant	,1
1038,i32,0,i32	constant	,1
1039,i32,0,i32	constant	,1
1040,i32,0,i32	constant	,1
1041,i32,0,i32	constant	,1
1042,i32,0,i32	constant	,1
1043,i32,0,i32	constant	,1
1044,i32,0,i32	constant	,1
1045,i32,0,i32	constant	,1
1046,i32,0,i32	constant	,1
1047,i32,0,i32	constant	,1
1048,i32,0,i32	constant	,1
1049,i32,0,i32	constant	,1
1050,i8*,,i8*	null	,7
1051,i8*,,i8*	null	,7
1052,i32,499,i32	constant	,1
1053,i32,0,i32	constant	,1
1054,i8*,,i8*	null	,7
1055,_xmlCharEncodingHandler*,,xml	Char	Encoding	Handler*	null	,25
1056,,internal global _xmlCharEncodingHandler** null,	constant	,6
1057,_xmlCharEncodingHandler**,,xml	Char	Encoding	Handler**	null	,38
1058,i32,18,i32	constant	,1
1059,i32,52,i32	constant	,1
1060,,internal global _xmlCharEncodingHandler** null,	constant	,6
1061,_xmlCharEncodingHandler**,,xml	Char	Encoding	Handler**	null	,38
1062,,internal global _xmlCharEncodingHandler** null,	constant	,6
1063,_xmlCharEncodingHandler**,,xml	Char	Encoding	Handler**	null	,38
1064,,internal global i32 0,	constant	,6
1065,i32,0,i32	constant	,1
1066,_xmlCharEncodingHandler*,,xml	Char	Encoding	Handler*	null	,25
1067,i8*,,i8*	null	,7
1068,,internal global _xmlCharEncodingHandler** null,	constant	,6
1069,_xmlCharEncodingHandler**,,xml	Char	Encoding	Handler**	null	,38
1070,,internal global _xmlCharEncodingHandler** null,	constant	,6
1071,_xmlCharEncodingHandler**,,xml	Char	Encoding	Handler**	null	,38
1072,_xmlCharEncodingHandler*,,xml	Char	Encoding	Handler*	null	,25
1073,,internal global i32 0,	constant	,6
1074,i32,50,i32	constant	,1
1075,,internal global _xmlCharEncodingHandler** null,	constant	,6
1076,_xmlCharEncodingHandler**,,xml	Char	Encoding	Handler**	null	,38
1077,_xmlCharEncodingHandler*,,xml	Char	Encoding	Handler*	null	,25
1078,_xmlCharEncodingHandler*,,xml	Char	Encoding	Handler*	null	,25
1079,_xmlCharEncodingHandler*,,xml	Char	Encoding	Handler*	null	,25
1080,_xmlCharEncodingHandler*,,xml	Char	Encoding	Handler*	null	,25
1081,_xmlCharEncodingHandler*,,xml	Char	Encoding	Handler*	null	,25
1082,_xmlCharEncodingHandler*,,xml	Char	Encoding	Handler*	null	,25
1083,_xmlCharEncodingHandler*,,xml	Char	Encoding	Handler*	null	,25
1084,_xmlCharEncodingHandler*,,xml	Char	Encoding	Handler*	null	,25
1085,_xmlCharEncodingHandler*,,xml	Char	Encoding	Handler*	null	,25
1086,_xmlCharEncodingHandler*,,xml	Char	Encoding	Handler*	null	,25
1087,_xmlCharEncodingHandler*,,xml	Char	Encoding	Handler*	null	,25
1088,_xmlCharEncodingHandler*,,xml	Char	Encoding	Handler*	null	,25
1089,_xmlCharEncodingHandler*,,xml	Char	Encoding	Handler*	null	,25
1090,_xmlCharEncodingHandler*,,xml	Char	Encoding	Handler*	null	,25
1091,_xmlCharEncodingHandler*,,xml	Char	Encoding	Handler*	null	,25
1092,_xmlCharEncodingHandler*,,xml	Char	Encoding	Handler*	null	,25
1093,_xmlCharEncodingHandler*,,xml	Char	Encoding	Handler*	null	,25
1094,_xmlCharEncodingHandler*,,xml	Char	Encoding	Handler*	null	,25
1095,_xmlCharEncodingHandler*,,xml	Char	Encoding	Handler*	null	,25
1096,_xmlCharEncodingHandler*,,xml	Char	Encoding	Handler*	null	,25
1097,_xmlCharEncodingHandler*,,xml	Char	Encoding	Handler*	null	,25
1098,_xmlCharEncodingHandler*,,xml	Char	Encoding	Handler*	null	,25
1099,_xmlCharEncodingHandler*,,xml	Char	Encoding	Handler*	null	,25
1100,_xmlCharEncodingHandler*,,xml	Char	Encoding	Handler*	null	,25
1101,_xmlCharEncodingHandler*,,xml	Char	Encoding	Handler*	null	,25
1102,_xmlCharEncodingHandler*,,xml	Char	Encoding	Handler*	null	,25
1103,_xmlCharEncodingHandler*,,xml	Char	Encoding	Handler*	null	,25
1104,,internal global _xmlCharEncodingHandler** null,	constant	,6
1105,_xmlCharEncodingHandler**,,xml	Char	Encoding	Handler**	null	,38
1106,i8*,,i8*	null	,7
1107,i32,0,i32	constant	,1
1108,i8*,,i8*	null	,7
1109,i32,99,i32	constant	,1
1110,i32,0,i32	constant	,1
1111,,internal global _xmlCharEncodingHandler** null,	constant	,6
1112,_xmlCharEncodingHandler**,,xml	Char	Encoding	Handler**	null	,38
1113,i32,0,i32	constant	,1
1114,,internal global i32 0,	constant	,6
1115,i32,0,i32	constant	,1
1116,i8*,inttoptr (i64 -1 to i8*),i8*	constant	,13
1117,i8*,inttoptr (i64 -1 to i8*),i8*	constant	,13
1118,i8*,inttoptr (i64 -1 to i8*),i8*	constant	,13
1119,i8*,inttoptr (i64 -1 to i8*),i8*	constant	,13
1120,_xmlCharEncodingHandler*,,xml	Char	Encoding	Handler*	null	,25
1121,i8*,inttoptr (i64 -1 to i8*),i8*	constant	,13
1122,i8*,inttoptr (i64 -1 to i8*),i8*	constant	,13
1123,i32,-1,i32	constant	,1
1124,i32,0,i32	constant	,1
1125,i8*,,i8*	null	,7
1126,i8*,,i8*	null	,7
1127,i32*,,i	null	,26
1128,i32*,,i	null	,26
1129,i8*,,i8*	null	,7
1130,i32*,,i	null	,26
1131,i32,-1,i32	constant	,1
1132,i64,0,i64	constant	,12
1133,i32,84,i32	constant	,1
1134,i32,7,i32	constant	,1
1135,i32,22,i32	constant	,1
1136,i64,5,i64	constant	,12
1137,i32,128,i32	constant	,1
1138,_xmlCharEncodingHandler*,,xml	Char	Encoding	Handler*	null	,25
1139,_xmlBuffer*,,xml	Buffer*	null	,16
1140,_xmlBuffer*,,xml	Buffer*	null	,16
1141,i32,0,i32	constant	,1
1142,i32,180,i32	constant	,1
1143,i32,2,i32	constant	,1
1144,i32,"(i8*, i32*, i8*, i32*)* null",i32	constant	,1
1145,i8*,,i8*	null	,7
1146,i32,-2,i32	constant	,1
1147,i32,-1,i32	constant	,1
1148,i32,-2,i32	constant	,1
1149,i32,-3,i32	constant	,1
1150,i32,-2,i32	constant	,1
1151,i32,-1,i32	constant	,1
1152,_xmlCharEncodingHandler*,,xml	Char	Encoding	Handler*	null	,25
1153,_xmlParserInputBuffer*,,xml	Parser	Input	Buffer*	null	,34
1154,_xmlBuf*,,xml	Buf*	null	,15
1155,_xmlBuf*,,xml	Buf*	null	,15
1156,i64,0,i64	constant	,12
1157,i32,0,i32	constant	,1
1158,i64,180,i64	constant	,12
1159,i64,2,i64	constant	,12
1160,i64,1,i64	constant	,12
1161,i64,360,i64	constant	,12
1162,i32,"(i8*, i32*, i8*, i32*)* null",i32	constant	,1
1163,i8*,,i8*	null	,7
1164,i32,-2,i32	constant	,1
1165,i32,-1,i32	constant	,1
1166,i32,-2,i32	constant	,1
1167,i32,-3,i32	constant	,1
1168,i32,-2,i32	constant	,1
1169,i32,-1,i32	constant	,1
1170,_xmlCharEncodingHandler*,,xml	Char	Encoding	Handler*	null	,25
1171,_xmlParserInputBuffer*,,xml	Parser	Input	Buffer*	null	,34
1172,_xmlBuf*,,xml	Buf*	null	,15
1173,_xmlBuf*,,xml	Buf*	null	,15
1174,i64,0,i64	constant	,12
1175,i32,0,i32	constant	,1
1176,i64,65536,i64	constant	,12
1177,i64,0,i64	constant	,12
1178,i64,2,i64	constant	,12
1179,i64,0,i64	constant	,12
1180,i32,0,i32	constant	,1
1181,i64,131072,i64	constant	,12
1182,i32,"(i8*, i32*, i8*, i32*)* null",i32	constant	,1
1183,i8*,,i8*	null	,7
1184,i32,-2,i32	constant	,1
1185,i32,-1,i32	constant	,1
1186,i32,-2,i32	constant	,1
1187,i32,-3,i32	constant	,1
1188,i32,0,i32	constant	,1
1189,i32*,,i	null	,26
1190,i32*,,i	null	,26
1191,i8*,,i8*	null	,7
1192,_xmlCharEncodingHandler*,,xml	Char	Encoding	Handler*	null	,25
1193,_xmlBuffer*,,xml	Buffer*	null	,16
1194,_xmlBuffer*,,xml	Buffer*	null	,16
1195,i32,0,i32	constant	,1
1196,i8*,,i8*	null	,7
1197,i32,2,i32	constant	,1
1198,i32,"(i8*, i32*, i8*, i32*)* null",i32	constant	,1
1199,i8*,,i8*	null	,7
1200,i32,-2,i32	constant	,1
1201,i32,-1,i32	constant	,1
1202,i32,-2,i32	constant	,1
1203,i32,-3,i32	constant	,1
1204,i32,1,i32	constant	,1
1205,_xmlCharEncodingHandler*,,xml	Char	Encoding	Handler*	null	,25
1206,_xmlOutputBuffer*,,xml	Output	Buffer*	null	,24
1207,_xmlBuf*,,xml	Buf*	null	,15
1208,_xmlBuf*,,xml	Buf*	null	,15
1209,i64,0,i64	constant	,12
1210,i32,128,i32	constant	,1
1211,i32,0,i32	constant	,1
1212,i32,"(i8*, i32*, i8*, i32*)* null",i32	constant	,1
1213,i32,-2,i32	constant	,1
1214,i32,0,i32	constant	,1
1215,i32,192,i32	constant	,1
1216,i8*,,i8*	null	,7
1217,i64,0,i64	constant	,12
1218,i64,65536,i64	constant	,12
1219,i64,4,i64	constant	,12
1220,i64,262144,i64	constant	,12
1221,i32,"(i8*, i32*, i8*, i32*)* null",i32	constant	,1
1222,i32,0,i32	constant	,1
1223,i32,224,i32	constant	,1
1224,i8*,,i8*	null	,7
1225,i32,-2,i32	constant	,1
1226,i32,-1,i32	constant	,1
1227,i32,0,i32	constant	,1
1228,i32,240,i32	constant	,1
1229,i32,248,i32	constant	,1
1230,i32,-2,i32	constant	,1
1231,i32,0,i32	constant	,1
1232,i32,0,i32	constant	,1
1233,i32,0,i32	constant	,1
1234,i32,0,i32	constant	,1
1235,i32,2,i32	constant	,1
1236,i32,0,i32	constant	,1
1237,i32,192,i32	constant	,1
1238,i32,128,i32	constant	,1
1239,_xmlCharEncodingHandler*,,xml	Char	Encoding	Handler*	null	,25
1240,_xmlBuffer*,,xml	Buffer*	null	,16
1241,i32,0,i32	constant	,1
1242,_xmlBuffer*,,xml	Buffer*	null	,16
1243,i32,"(i8*, i32*, i8*, i32*)* null",i32	constant	,1
1244,i32,-2,i32	constant	,1
1245,i32,0,i32	constant	,1
1246,i8*,,i8*	null	,7
1247,i32,0,i32	constant	,1
1248,i32,0,i32	constant	,1
1249,i32,4,i32	constant	,1
1250,i32,"(i8*, i32*, i8*, i32*)* null",i32	constant	,1
1251,i32,0,i32	constant	,1
1252,i32,128,i32	constant	,1
1253,i8*,,i8*	null	,7
1254,i32,-2,i32	constant	,1
1255,i32,-1,i32	constant	,1
1256,i32,0,i32	constant	,1
1257,i32,-2,i32	constant	,1
1258,i32,0,i32	constant	,1
1259,i32,0,i32	constant	,1
1260,i32,0,i32	constant	,1
1261,i32,0,i32	constant	,1
1262,i32,2,i32	constant	,1
1263,_xmlCharEncodingHandler*,,xml	Char	Encoding	Handler*	null	,25
1264,i8*,,i8*	null	,7
1265,,internal global _xmlCharEncodingHandler** null,	constant	,6
1266,_xmlCharEncodingHandler**,,xml	Char	Encoding	Handler**	null	,38
1267,,internal global i32 0,	constant	,6
1268,i32,0,i32	constant	,1
1269,i8*,,i8*	null	,7
1270,i8*,,i8*	null	,7
1271,i8*,,i8*	null	,7
1272,i32,0,i32	constant	,1
1273,i8*,,i8*	null	,7
1274,i32,0,i32	constant	,1
1275,i32,0,i32	constant	,1
1276,i8*,,i8*	null	,7
1277,_xmlParserCtxt*,,xml	Parser	Ctxt*	null	,32
1278,_xmlParserInput*,,xml	Parser	Input*	null	,17
1279,_xmlCharEncodingHandler*,,xml	Char	Encoding	Handler*	null	,25
1280,_xmlParserInputBuffer*,,xml	Parser	Input	Buffer*	null	,34
1281,i64,0,i64	constant	,12
1282,i32,"(i8*, i32*, i8*, i32*)* null",i32	constant	,1
1283,i32,-1,i32	constant	,1
1284,i32,-2,i32	constant	,1
1285,i8*,,i8*	null	,7
1286,i32,0,i32	constant	,1
1287,i32,32000,i32	constant	,1
1288,i32,0,i32	constant	,1
1289,i32,-2,i32	constant	,1
1290,i32*,,i	null	,26
1291,i32*,,i	null	,26
1292,i8*,,i8*	null	,7
1293,i8*,,i8*	null	,7
1294,i32,128,i32	constant	,1
1295,i32,128,i32	constant	,1
1296,i32,128,i32	constant	,1
1297,i32*,,i	null	,26
1298,i32*,,i	null	,26
1299,i8*,,i8*	null	,7
1300,i8*,,i8*	null	,7
1301,i32,0,i32	constant	,1
1302,i32*,,i	null	,26
1303,i32*,,i	null	,26
1304,i8*,,i8*	null	,7
1305,i8*,,i8*	null	,7
1306,i32,128,i32	constant	,1
1307,i32,192,i32	constant	,1
1308,i32,224,i32	constant	,1
1309,i32,240,i32	constant	,1
1310,i32,248,i32	constant	,1
1311,i32,0,i32	constant	,1
1312,i32,192,i32	constant	,1
1313,i32,128,i32	constant	,1
1314,i32,255,i32	constant	,1
1315,i32,2,i32	constant	,1
1316,i32,1,i32	constant	,1
1317,i64,5,i64	constant	,12
1318,,internal global i32 1,	constant	,6
1319,i32,0,i32	constant	,1
1320,i32,64512,i32	constant	,1
1321,i32,55296,i32	constant	,1
1322,,internal global i32 1,	constant	,6
1323,i32,0,i32	constant	,1
1324,i32,64512,i32	constant	,1
1325,i32,56320,i32	constant	,1
1326,i32,128,i32	constant	,1
1327,i32,2048,i32	constant	,1
1328,i32,65536,i32	constant	,1
1329,i32,-6,i32	constant	,1
1330,i32,0,i32	constant	,1
1331,i32*,,i	null	,26
1332,i32*,,i	null	,26
1333,i16*,,i	null	,26
1334,i8*,,i8*	null	,7
1335,i32,128,i32	constant	,1
1336,i32,192,i32	constant	,1
1337,i32,224,i32	constant	,1
1338,i32,240,i32	constant	,1
1339,i32,248,i32	constant	,1
1340,i32,0,i32	constant	,1
1341,i32,192,i32	constant	,1
1342,i32,128,i32	constant	,1
1343,i32,65536,i32	constant	,1
1344,,internal global i32 1,	constant	,6
1345,i32,0,i32	constant	,1
1346,i32,1114112,i32	constant	,1
1347,,internal global i32 1,	constant	,6
1348,i32,0,i32	constant	,1
1349,i8*,,i8*	null	,7
1350,i32,2,i32	constant	,1
1351,i32,2,i32	constant	,1
1352,i32,1,i32	constant	,1
1353,,internal global i32 1,	constant	,6
1354,i32,0,i32	constant	,1
1355,i32,64512,i32	constant	,1
1356,i32,55296,i32	constant	,1
1357,,internal global i32 1,	constant	,6
1358,i32,0,i32	constant	,1
1359,i32,64512,i32	constant	,1
1360,i32,56320,i32	constant	,1
1361,i32,128,i32	constant	,1
1362,i32,2048,i32	constant	,1
1363,i32,65536,i32	constant	,1
1364,i32,-6,i32	constant	,1
1365,i32,0,i32	constant	,1
1366,i32*,,i	null	,26
1367,i32*,,i	null	,26
1368,i8*,,i8*	null	,7
1369,i8*,,i8*	null	,7
1370,i32,128,i32	constant	,1
1371,i32,192,i32	constant	,1
1372,i32,224,i32	constant	,1
1373,i32,240,i32	constant	,1
1374,i32,248,i32	constant	,1
1375,i32,0,i32	constant	,1
1376,i32,192,i32	constant	,1
1377,i32,128,i32	constant	,1
1378,i32,65536,i32	constant	,1
1379,,internal global i32 1,	constant	,6
1380,i32,0,i32	constant	,1
1381,i32,1114112,i32	constant	,1
1382,,internal global i32 1,	constant	,6
1383,i32,0,i32	constant	,1
1384,i8*,,i8*	null	,7
1385,i32,4,i32	constant	,1
1386,i32,0,i32	constant	,1
1387,i32,0,i32	constant	,1
1388,i32,60,i32	constant	,1
1389,i32,0,i32	constant	,1
1390,i32,0,i32	constant	,1
1391,i32,60,i32	constant	,1
1392,i32,0,i32	constant	,1
1393,i32,0,i32	constant	,1
1394,i32,0,i32	constant	,1
1395,i32,0,i32	constant	,1
1396,i32,0,i32	constant	,1
1397,i32,60,i32	constant	,1
1398,i32,60,i32	constant	,1
1399,i32,0,i32	constant	,1
1400,i32,0,i32	constant	,1
1401,i32,0,i32	constant	,1
1402,i32,111,i32	constant	,1
1403,i32,76,i32	constant	,1
1404,i32,148,i32	constant	,1
1405,i32,167,i32	constant	,1
1406,i32,63,i32	constant	,1
1407,i32,60,i32	constant	,1
1408,i32,109,i32	constant	,1
1409,i32,120,i32	constant	,1
1410,i32,0,i32	constant	,1
1411,i32,60,i32	constant	,1
1412,i32,0,i32	constant	,1
1413,i32,63,i32	constant	,1
1414,i32,60,i32	constant	,1
1415,i32,0,i32	constant	,1
1416,i32,63,i32	constant	,1
1417,i32,0,i32	constant	,1
1418,i32,3,i32	constant	,1
1419,i32,187,i32	constant	,1
1420,i32,239,i32	constant	,1
1421,i32,191,i32	constant	,1
1422,i32,2,i32	constant	,1
1423,i32,255,i32	constant	,1
1424,i32,254,i32	constant	,1
1425,i32,254,i32	constant	,1
1426,i32,255,i32	constant	,1
1427,,internal global _xmlCharEncodingAlias* null,	constant	,6
1428,_xmlCharEncodingAlias*,,xml	Char	Encoding	Alias*	null	,-1
1429,,internal global i32 0,	constant	,6
1430,i8*,,i8*	null	,7
1431,i8*,,i8*	null	,7
1432,_xmlEntity*,,xml	Entity*	null	,39
1433,_xmlDict*,,xml	Dict*	null	,35
1434,i8*,,i8*	null	,7
1435,i8*,,i8*	null	,7
1436,i8*,,i8*	null	,7
1437,i8*,,i8*	null	,7
1438,i8*,,i8*	null	,7
1439,i32,5,i32	constant	,1
1440,_xmlDict*,,xml	Dict*	null	,35
1441,i8*,,i8*	null	,7
1442,_xmlDtd*,,xml	Dtd*	null	,40
1443,_xmlDoc*,,xml	Doc*	null	,2
1444,i8*,,i8*	null	,7
1445,i8*,,i8*	null	,7
1446,_xmlHashTable*,,xml	Hash	Table*	null	,31
1447,_xmlEntity*,,xml	Entity*	null	,39
1448,i32,0,i32	constant	,1
1449,i8*,,i8*	null	,7
1450,i32,0,i32	constant	,1
1451,i32,0,i32	constant	,1
1452,i32,0,i32	constant	,1
1453,i32,0,i32	constant	,1
1454,i32,0,i32	constant	,1
1455,_xmlDoc*,,xml	Doc*	null	,2
1456,_xmlDtd*,,xml	Dtd*	null	,40
1457,_xmlEntity*,,xml	Entity*	null	,39
1458,_xmlNode*,,xml	Node*	null	,8
1459,_xmlDoc*,,xml	Doc*	null	,2
1460,_xmlDtd*,,xml	Dtd*	null	,40
1461,_xmlEntity*,,xml	Entity*	null	,39
1462,_xmlNode*,,xml	Node*	null	,8
1463,_xmlDtd*,,xml	Dtd*	null	,40
1464,_xmlDoc*,,xml	Doc*	null	,2
1465,_xmlDoc*,,xml	Doc*	null	,2
1466,_xmlEntity*,,xml	Entity*	null	,39
1467,_xmlDoc*,,xml	Doc*	null	,2
1468,i8*,,i8*	null	,7
1469,_xmlDtd*,,xml	Dtd*	null	,40
1470,_xmlEntity*,,xml	Entity*	null	,39
1471,i8*,,i8*	null	,7
1472,_xmlDtd*,,xml	Dtd*	null	,40
1473,_xmlDoc*,,xml	Doc*	null	,2
1474,i8*,,i8*	null	,7
1475,_xmlDtd*,,xml	Dtd*	null	,40
1476,_xmlDoc*,,xml	Doc*	null	,2
1477,i8*,,i8*	null	,7
1478,_xmlDtd*,,xml	Dtd*	null	,40
1479,_xmlEntity*,,xml	Entity*	null	,39
1480,i32,1,i32	constant	,1
1481,_xmlDtd*,,xml	Dtd*	null	,40
1482,i8*,,i8*	null	,7
1483,_xmlEntity*,,xml	Entity*	null	,39
1484,i8*,,i8*	null	,7
1485,_xmlDoc*,,xml	Doc*	null	,2
1486,i32,13,i32	constant	,1
1487,i8*,,i8*	null	,7
1488,i32,0,i32	constant	,1
1489,i64,100,i64	constant	,12
1490,i8*,,i8*	null	,7
1491,i64,0,i64	constant	,12
1492,i32,60,i32	constant	,1
1493,i32,0,i32	constant	,1
1494,i32,0,i32	constant	,1
1495,i32,45,i32	constant	,1
1496,i32,45,i32	constant	,1
1497,i32,33,i32	constant	,1
1498,i8*,,i8*	null	,7
1499,i64,100,i64	constant	,12
1500,i8*,,i8*	null	,7
1501,i64,0,i64	constant	,12
1502,i32,62,i32	constant	,1
1503,i32,38,i32	constant	,1
1504,i32,123,i32	constant	,1
1505,i32,0,i32	constant	,1
1506,i32,0,i32	constant	,1
1507,i8*,,i8*	null	,7
1508,i32,125,i32	constant	,1
1509,i64,100,i64	constant	,12
1510,i8*,,i8*	null	,7
1511,i64,0,i64	constant	,12
1512,i32,128,i32	constant	,1
1513,i32,32,i32	constant	,1
1514,i32,13,i32	constant	,1
1515,i32,0,i32	constant	,1
1516,i32,9,i32	constant	,1
1517,i32,10,i32	constant	,1
1518,i32,128,i32	constant	,1
1519,i32,0,i32	constant	,1
1520,i8*,,i8*	null	,7
1521,_xmlDoc*,,xml	Doc*	null	,2
1522,i32,192,i32	constant	,1
1523,_xmlDoc*,,xml	Doc*	null	,2
1524,i32,0,i32	constant	,1
1525,i32,224,i32	constant	,1
1526,i32,240,i32	constant	,1
1527,i32,248,i32	constant	,1
1528,i32,0,i32	constant	,1
1529,i32,256,i32	constant	,1
1530,i32,1,i32	constant	,1
1531,void,"(i8*, i8*, ...)* null",void	constant	,33
1532,_xmlParserInput*,,xml	Parser	Input*	null	,17
1533,i8*,,i8*	null	,7
1534,_xmlParserInput*,,xml	Parser	Input*	null	,17
1535,i32,13,i32	constant	,1
1536,i32,10,i32	constant	,1
1537,i64,80,i64	constant	,12
1538,i32,13,i32	constant	,1
1539,i32,10,i32	constant	,1
1540,i32,13,i32	constant	,1
1541,i32,10,i32	constant	,1
1542,i32,10,i32	constant	,1
1543,i32,0,i32	constant	,1
1544,i64,80,i64	constant	,12
1545,i32,13,i32	constant	,1
1546,i32,0,i32	constant	,1
1547,i64,79,i64	constant	,12
1548,i32,0,i32	constant	,1
1549,i32,9,i32	constant	,1
1550,_xmlError*,,xml	Error*	null	,41
1551,void,"(i8*, i8*, ...)* null",void	constant	,33
1552,i32,-1,i32	constant	,1
1553,i32,0,i32	constant	,1
1554,i32,1,i32	constant	,1
1555,_xmlNode*,,xml	Node*	null	,8
1556,_xmlParserCtxt*,,xml	Parser	Ctxt*	null	,32
1557,i8*,,i8*	null	,7
1558,_xmlParserInput*,,xml	Parser	Input*	null	,17
1559,i32,1,i32	constant	,1
1560,_xmlParserInput*,,xml	Parser	Input*	null	,17
1561,i8*,,i8*	null	,7
1562,i32,1,i32	constant	,1
1563,i32,0,i32	constant	,1
1564,i8*,,i8*	null	,7
1565,i32,0,i32	constant	,1
1566,i32,17,i32	constant	,1
1567,i32,1,i32	constant	,1
1568,i32,4,i32	constant	,1
1569,i32,16,i32	constant	,1
1570,i32,19,i32	constant	,1
1571,i32,18,i32	constant	,1
1572,i8*,,i8*	null	,7
1573,i8*,,i8*	null	,7
1574,i32,10,i32	constant	,1
1575,i32,0,i32	constant	,1
1576,_xmlParserCtxt*,,xml	Parser	Ctxt*	null	,32
1577,_xmlParserInput*,,xml	Parser	Input*	null	,17
1578,i8*,,i8*	null	,7
1579,i32,1,i32	constant	,1
1580,i32,0,i32	constant	,1
1581,i8*,,i8*	null	,7
1582,i32,12,i32	constant	,1
1583,i32,100,i32	constant	,1
1584,i32,0,i32	constant	,1
1585,i32,1,i32	constant	,1
1586,,external dso_local global i32,	constant	,6
1587,i32,0,i32	constant	,1
1588,i32,5,i32	constant	,1
1589,i32,1,i32	constant	,1
1590,i32,3,i32	constant	,1
1591,i32,4,i32	constant	,1
1592,i32,23,i32	constant	,1
1593,i32,8,i32	constant	,1
1594,_xmlSAXHandler*,,xml	S	A	X	Handler*	null	,42
1595,_xmlParserCtxt*,,xml	Parser	Ctxt*	null	,32
1596,void,"(i8*, _xmlError*)* null",void	constant	,33
1597,i32,-554844497,i32	constant	,1
1598,void,"(i8*, _xmlError*)* null",void	constant	,33
1599,void,"(i8*, _xmlError*)* null",void	constant	,33
1600,void,"(i8*, _xmlError*)* null",void	constant	,33
1601,i8*,,i8*	null	,7
1602,i8*,,i8*	null	,7
1603,i32,-1,i32	constant	,1
1604,i32,-1,i32	constant	,1
1605,i32,64000,i32	constant	,1
1606,i8*,,i8*	null	,7
1607,_xmlParserCtxt*,,xml	Parser	Ctxt*	null	,32
1608,i8*,,i8*	null	,7
1609,i8*,,i8*	null	,7
1610,_xmlParserInput*,,xml	Parser	Input*	null	,17
1611,i32,1,i32	constant	,1
1612,_xmlParserInput*,,xml	Parser	Input*	null	,17
1613,i8*,,i8*	null	,7
1614,_xmlNode*,,xml	Node*	null	,8
1615,i8*,,i8*	null	,7
1616,_xmlDoc*,,xml	Doc*	null	,2
1617,i32,1,i32	constant	,1
1618,_xmlNode*,,xml	Node*	null	,8
1619,i32,0,i32	constant	,1
1620,i32,10,i32	constant	,1
1621,_xmlNode*,,xml	Node*	null	,8
1622,_xmlNode*,,xml	Node*	null	,8
1623,i8*,,i8*	null	,7
1624,_xmlDoc*,,xml	Doc*	null	,2
1625,i32,1,i32	constant	,1
1626,_xmlNode*,,xml	Node*	null	,8
1627,i32,65535,i32	constant	,1
1628,i32,0,i32	constant	,1
1629,i8*,,i8*	null	,7
1630,_xmlNode*,,xml	Node*	null	,8
1631,_xmlNode*,,xml	Node*	null	,8
1632,_xmlNode*,,xml	Node*	null	,8
1633,i32,19,i32	constant	,1
1634,i32,0,i32	constant	,1
1635,i32,-1,i32	constant	,1
1636,i32,20,i32	constant	,1
1637,_xmlNode*,,xml	Node*	null	,8
1638,i32,19,i32	constant	,1
1639,_xmlDoc*,,xml	Doc*	null	,2
1640,_xmlNode*,,xml	Node*	null	,8
1641,i8*,,i8*	null	,7
1642,i8*,,i8*	null	,7
1643,i8*,,i8*	null	,7
1644,i8*,,i8*	null	,7
1645,,external dso_local global _xmlError,	constant	,6
1646,void,"(i8*, _xmlError*)* null",void	constant	,33
1647,void,"(i8*, i8*, ...)* null",void	constant	,33
1648,_xmlParserCtxt*,,xml	Parser	Ctxt*	null	,32
1649,_xmlSAXHandler*,,xml	S	A	X	Handler*	null	,42
1650,,external dso_local global void (i8*,	constant	,6
1651,void,"(i8*, _xmlError*)* null",void	constant	,33
1652,i32,1,i32	constant	,1
1653,void,"(i8*, i8*, ...)* null",void	constant	,33
1654,_xmlParserCtxt*,,xml	Parser	Ctxt*	null	,32
1655,void,"(i8*, i8*, ...)* null",void	constant	,33
1656,,alloca i8*,	constant	,6
1657,,alloca i8*,	constant	,6
1658,,alloca i8*,	constant	,6
1659,,alloca i8*,	constant	,6
1660,void,"(i8*, i8*, ...)* bitcast (i32 (_IO_FILE*, i8*, ...)* @fprintf to void (i8*, i8*, ...)*)",void	constant	,33
1661,,alloca i8*,	constant	,6
1662,i32,2,i32	constant	,1
1663,i8*,,i8*	null	,7
1664,_xmlParserCtxt*,,xml	Parser	Ctxt*	null	,32
1665,i8*,,i8*	null	,7
1666,_xmlParserInput*,,xml	Parser	Input*	null	,17
1667,i32,1,i32	constant	,1
1668,i8*,,i8*	null	,7
1669,i32,-1,i32	constant	,1
1670,i32,-1,i32	constant	,1
1671,i32,64000,i32	constant	,1
1672,i8*,,i8*	null	,7
1673,i8*,,i8*	null	,7
1674,_xmlParserCtxt*,,xml	Parser	Ctxt*	null	,32
1675,_xmlParserInput*,,xml	Parser	Input*	null	,17
1676,_xmlParserCtxt*,,xml	Parser	Ctxt*	null	,32
1677,i8*,,i8*	null	,7
1678,_xmlParserInput*,,xml	Parser	Input*	null	,17
1679,i32,1,i32	constant	,1
1680,,external dso_local global i8*,	constant	,6
1681,i8*,,i8*	null	,7
1682,i8*,,i8*	null	,7
1683,i32,-1,i32	constant	,1
1684,i32,-1,i32	constant	,1
1685,i32,64000,i32	constant	,1
1686,i8*,,i8*	null	,7
1687,i8*,,i8*	null	,7
1688,_xmlParserCtxt*,,xml	Parser	Ctxt*	null	,32
1689,_xmlParserInput*,,xml	Parser	Input*	null	,17
1690,i32,58,i32	constant	,1
1691,i32,1,i32	constant	,1
1692,_xmlParserCtxt*,,xml	Parser	Ctxt*	null	,32
1693,i32,1,i32	constant	,1
1694,i8*,,i8*	null	,7
1695,,internal global i32 0,	constant	,6
1696,i32,0,i32	constant	,1
1697,i8*,,i8*	null	,7
1698,i32,-1,i32	constant	,1
1699,i32,-1,i32	constant	,1
1700,i32,64000,i32	constant	,1
1701,i8*,,i8*	null	,7
1702,i8*,,i8*	null	,7
1703,_xmlParserInput*,,xml	Parser	Input*	null	,17
1704,_xmlParserCtxt*,,xml	Parser	Ctxt*	null	,32
1705,i32,58,i32	constant	,1
1706,i32,0,i32	constant	,1
1707,_xmlParserCtxt*,,xml	Parser	Ctxt*	null	,32
1708,i32,1,i32	constant	,1
1709,i8*,,i8*	null	,7
1710,i8*,,i8*	null	,7
1711,i32,-1,i32	constant	,1
1712,i32,-1,i32	constant	,1
1713,i32,64000,i32	constant	,1
1714,i8*,,i8*	null	,7
1715,i8*,,i8*	null	,7
1716,_xmlParserCtxt*,,xml	Parser	Ctxt*	null	,32
1717,i32*,"getelementptr inbounds (_xmlError, %struct._xmlError* @xmlLastError, i32 0, i32 1)",i	i	,28
1718,i32,0,i32	constant	,1
1719,_xmlError*,,xml	Error*	null	,41
1720,i32,0,i32	constant	,1
1721,i8*,,i8*	null	,7
1722,i8*,,i8*	null	,7
1723,i8*,,i8*	null	,7
1724,i8*,,i8*	null	,7
1725,i8*,,i8*	null	,7
1726,i32*,"getelementptr inbounds (_xmlError, %struct._xmlError* @xmlLastError, i32 0, i32 1)",i	i	,28
1727,i32,0,i32	constant	,1
1728,_xmlParserCtxt*,,xml	Parser	Ctxt*	null	,32
1729,void,"(i8*, i8*, ...)** null",void	constant	,33
1730,i32,0,i32	constant	,1
1731,_xmlParserCtxt*,,xml	Parser	Ctxt*	null	,32
1732,i32,0,i32	constant	,1
1733,_xmlError*,,xml	Error*	null	,41
1734,_xmlError*,,xml	Error*	null	,41
1735,i8*,,i8*	null	,7
1736,i8*,,i8*	null	,7
1737,i8*,,i8*	null	,7
1738,i8*,,i8*	null	,7
1739,i8*,,i8*	null	,7
1740,job*,,job	null	,-1
1741,_xmlNode*,,xml	Node*	null	,8
1742,i32,0,i32	constant	,1
1743,i8*,,i8*	null	,7
1744,i32,0,i32	constant	,1
1745,i32,0,i32	constant	,1
1746,i32,0,i32	constant	,1
1747,job*,,job	null	,-1
1748,i8*,,i8*	null	,7
1749,i8*,,i8*	null	,7
1750,i8*,,i8*	null	,7
1751,person*,,person	null	,-1
1752,_xmlDoc*,,xml	Doc*	null	,2
1753,_xmlNode*,,xml	Node*	null	,8
1754,_xmlNs*,,xml	Ns*	null	,21
1755,i32,0,i32	constant	,1
1756,gjob*,,gjob	null	,-1
1757,i32,0,i32	constant	,1
1758,_xmlNode*,,xml	Node*	null	,8
1759,_xmlNode*,,xml	Node*	null	,8
1760,i32,0,i32	constant	,1
1761,_xmlNode*,,xml	Node*	null	,8
1762,i32,0,i32	constant	,1
1763,job*,,job	null	,-1
1764,i32,500,i32	constant	,1
1765,gjob*,,gjob	null	,-1
1766,person*,,person	null	,-1
1767,_xmlNode*,,xml	Node*	null	,8
1768,i32,0,i32	constant	,1
1769,i32,0,i32	constant	,1
1770,person*,,person	null	,-1
1771,i8*,,i8*	null	,7
1772,i8*,,i8*	null	,7
1773,i8*,,i8*	null	,7
1774,i8*,,i8*	null	,7
1775,i8*,,i8*	null	,7
1776,i8*,,i8*	null	,7
1777,i8*,,i8*	null	,7
1778,,internal global _xmlMutex* null,	constant	,6
1779,_xmlMutex*,,xml	Mutex*	null	,-1
1780,,internal global _xmlMutex* null,	constant	,6
1781,_xmlMutex*,,xml	Mutex*	null	,-1
1782,void,"(i8*, i8*, ...)* null",void	constant	,33
1783,,internal global _xmlMutex* null,	constant	,6
1784,_xmlMutex*,,xml	Mutex*	null	,-1
1785,,internal global _xmlParserInputBuffer* (i8*,	constant	,6
1786,_xmlParserInputBuffer*,"(i8*, i32)* null",xml	Parser	Input	Buffer*	i	i	null	,-1
1787,,internal global _xmlOutputBuffer* (i8*,	constant	,6
1788,_xmlOutputBuffer*,"(i8*, %struct._xmlCharEncodingHandler*, i32)* null","xml	Output	Buffer*	i	struct	xml	Char	Encoding	Handler*, i32)* null	",-1
1789,_xmlHashTable*,,xml	Hash	Table*	null	,31
1790,i8*,,i8*	null	,7
1791,i32,0,i32	constant	,1
1792,i8*,,i8*	null	,7
1793,_xmlHashTable*,,xml	Hash	Table*	null	,31
1794,i32,0,i32	constant	,1
1795,_xmlHashEntry*,,xml	Hash	Entry*	null	,43
1796,i32,0,i32	constant	,1
1797,i32,0,i32	constant	,1
1798,i32,0,i32	constant	,1
1799,i8*,,i8*	null	,7
1800,void,"(i8*, i8*)* null",void	constant	,33
1801,_xmlDict*,,xml	Dict*	null	,35
1802,i8*,,i8*	null	,7
1803,i8*,,i8*	null	,7
1804,i8*,,i8*	null	,7
1805,_xmlHashEntry*,,xml	Hash	Entry*	null	,43
1806,_xmlHashEntry*,,xml	Hash	Entry*	null	,43
1807,i8*,,i8*	null	,7
1808,i8*,,i8*	null	,7
1809,i32,0,i32	constant	,1
1810,i8*,,i8*	null	,7
1811,i32,0,i32	constant	,1
1812,i8*,,i8*	null	,7
1813,i32,0,i32	constant	,1
1814,i8*,,i8*	null	,7
1815,i32,0,i32	constant	,1
1816,i8*,,i8*	null	,7
1817,i32,0,i32	constant	,1
1818,i8*,,i8*	null	,7
1819,i32,0,i32	constant	,1
1820,i32,0,i32	constant	,1
1821,_xmlHashTable*,,xml	Hash	Table*	null	,31
1822,_xmlHashEntry*,,xml	Hash	Entry*	null	,43
1823,_xmlHashTable*,,xml	Hash	Table*	null	,31
1824,_xmlHashTable*,,xml	Hash	Table*	null	,31
1825,i32,8,i32	constant	,1
1826,i32,16384,i32	constant	,1
1827,_xmlHashEntry*,,xml	Hash	Entry*	null	,43
1828,_xmlHashEntry*,,xml	Hash	Entry*	null	,43
1829,i32,0,i32	constant	,1
1830,i32,0,i32	constant	,1
1831,_xmlHashEntry*,,xml	Hash	Entry*	null	,43
1832,i32,0,i32	constant	,1
1833,_xmlHashTable*,,xml	Hash	Table*	null	,31
1834,_xmlHashEntry*,,xml	Hash	Entry*	null	,43
1835,i32,0,i32	constant	,1
1836,i32,0,i32	constant	,1
1837,_xmlHashEntry*,,xml	Hash	Entry*	null	,43
1838,i8*,,i8*	null	,7
1839,void,"(i8*, i8*)* null",void	constant	,33
1840,_xmlDict*,,xml	Dict*	null	,35
1841,i8*,,i8*	null	,7
1842,i8*,,i8*	null	,7
1843,i8*,,i8*	null	,7
1844,i32,0,i32	constant	,1
1845,_xmlDict*,,xml	Dict*	null	,35
1846,i8*,,i8*	null	,7
1847,_xmlHashTable*,,xml	Hash	Table*	null	,31
1848,_xmlDict*,,xml	Dict*	null	,35
1849,i32,0,i32	constant	,1
1850,i8*,,i8*	null	,7
1851,i32,0,i32	constant	,1
1852,i8*,,i8*	null	,7
1853,i8*,,i8*	null	,7
1854,i32,0,i32	constant	,1
1855,i8*,,i8*	null	,7
1856,i8*,,i8*	null	,7
1857,i32,0,i32	constant	,1
1858,_xmlDict*,,xml	Dict*	null	,35
1859,_xmlHashEntry*,,xml	Hash	Entry*	null	,43
1860,_xmlHashEntry*,,xml	Hash	Entry*	null	,43
1861,i32,0,i32	constant	,1
1862,i32,0,i32	constant	,1
1863,i32,0,i32	constant	,1
1864,i32,0,i32	constant	,1
1865,i32,0,i32	constant	,1
1866,i32,0,i32	constant	,1
1867,_xmlHashEntry*,,xml	Hash	Entry*	null	,43
1868,_xmlHashEntry*,,xml	Hash	Entry*	null	,43
1869,_xmlDict*,,xml	Dict*	null	,35
1870,_xmlHashEntry*,,xml	Hash	Entry*	null	,43
1871,i64,0,i64	constant	,12
1872,i64,8,i64	constant	,12
1873,i8*,,i8*	null	,7
1874,_xmlHashTable*,,xml	Hash	Table*	null	,31
1875,_xmlDict*,,xml	Dict*	null	,35
1876,i32,0,i32	constant	,1
1877,i8*,,i8*	null	,7
1878,i32,0,i32	constant	,1
1879,i8*,,i8*	null	,7
1880,i8*,,i8*	null	,7
1881,i32,0,i32	constant	,1
1882,i8*,,i8*	null	,7
1883,i8*,,i8*	null	,7
1884,i32,0,i32	constant	,1
1885,_xmlDict*,,xml	Dict*	null	,35
1886,_xmlHashEntry*,,xml	Hash	Entry*	null	,43
1887,void,"(i8*, i8*)* null",void	constant	,33
1888,void,"(i8*, i8*)* null",void	constant	,33
1889,_xmlHashEntry*,,xml	Hash	Entry*	null	,43
1890,i32,0,i32	constant	,1
1891,i32,0,i32	constant	,1
1892,i32,0,i32	constant	,1
1893,void,"(i8*, i8*)* null",void	constant	,33
1894,i32,0,i32	constant	,1
1895,i32,0,i32	constant	,1
1896,i32,0,i32	constant	,1
1897,void,"(i8*, i8*)* null",void	constant	,33
1898,_xmlHashEntry*,,xml	Hash	Entry*	null	,43
1899,_xmlHashEntry*,,xml	Hash	Entry*	null	,43
1900,_xmlDict*,,xml	Dict*	null	,35
1901,_xmlHashEntry*,,xml	Hash	Entry*	null	,43
1902,_xmlHashTable*,,xml	Hash	Table*	null	,31
1903,i8*,,i8*	null	,7
1904,i32,0,i32	constant	,1
1905,_xmlDict*,,xml	Dict*	null	,35
1906,_xmlHashEntry*,,xml	Hash	Entry*	null	,43
1907,_xmlHashEntry*,,xml	Hash	Entry*	null	,43
1908,i32,0,i32	constant	,1
1909,i32,0,i32	constant	,1
1910,i32,0,i32	constant	,1
1911,_xmlHashTable*,,xml	Hash	Table*	null	,31
1912,i8*,,i8*	null	,7
1913,i32,0,i32	constant	,1
1914,_xmlHashEntry*,,xml	Hash	Entry*	null	,43
1915,i32,0,i32	constant	,1
1916,i32,0,i32	constant	,1
1917,i32,0,i32	constant	,1
1918,_xmlHashTable*,,xml	Hash	Table*	null	,31
1919,void,"(i8*, i8*, i8*, i8*, i8*)* null",void	constant	,33
1920,_xmlHashEntry*,,xml	Hash	Entry*	null	,43
1921,i32,0,i32	constant	,1
1922,_xmlHashEntry*,,xml	Hash	Entry*	null	,43
1923,i8*,,i8*	null	,7
1924,void,"(i8*, i8*, i8*, i8*, i8*)* null",void	constant	,33
1925,i32,0,i32	constant	,1
1926,i8*,,i8*	null	,7
1927,i32,0,i32	constant	,1
1928,_xmlHashTable*,,xml	Hash	Table*	null	,31
1929,void,"(i8*, i8*, i8*, i8*, i8*)* null",void	constant	,33
1930,_xmlHashEntry*,,xml	Hash	Entry*	null	,43
1931,i32,0,i32	constant	,1
1932,_xmlHashEntry*,,xml	Hash	Entry*	null	,43
1933,i32,0,i32	constant	,1
1934,i8*,,i8*	null	,7
1935,i32,0,i32	constant	,1
1936,i8*,,i8*	null	,7
1937,i32,0,i32	constant	,1
1938,i8*,,i8*	null	,7
1939,i8*,,i8*	null	,7
1940,i8*,,i8*	null	,7
1941,i32,0,i32	constant	,1
1942,_xmlHashTable*,,xml	Hash	Table*	null	,31
1943,i8*,"(i8*, i8*)* null",i8*	constant	,13
1944,_xmlHashTable*,,xml	Hash	Table*	null	,31
1945,_xmlHashEntry*,,xml	Hash	Entry*	null	,43
1946,i32,0,i32	constant	,1
1947,_xmlHashEntry*,,xml	Hash	Entry*	null	,43
1948,i32,0,i32	constant	,1
1949,_xmlParserCtxt*,,xml	Parser	Ctxt*	null	,32
1950,i32,-1,i32	constant	,1
1951,_xmlParserCtxt*,,xml	Parser	Ctxt*	null	,32
1952,_xmlParserCtxt*,,xml	Parser	Ctxt*	null	,32
1953,,internal global i32 0,	constant	,6
1954,i32,0,i32	constant	,1
1955,i32,100,i32	constant	,1
1956,i32,0,i32	constant	,1
1957,i32,99,i32	constant	,1
1958,i8*,,i8*	null	,7
1959,i8*,,i8*	null	,7
1960,i64,92,i64	constant	,12
1961,i32,0,i32	constant	,1
1962,,internal global i32 0,	constant	,6
1963,i32,0,i32	constant	,1
1964,i32,100,i32	constant	,1
1965,i8**,,i	null	,26
1966,i32,0,i32	constant	,1
1967,i8*,,i8*	null	,7
1968,i32,0,i32	constant	,1
1969,_xmlNode*,,xml	Node*	null	,8
1970,i32,0,i32	constant	,1
1971,i32,0,i32	constant	,1
1972,_xmlNode*,,xml	Node*	null	,8
1973,i32,0,i32	constant	,1
1974,_xmlNode*,,xml	Node*	null	,8
1975,_xmlNode*,,xml	Node*	null	,8
1976,i32,0,i32	constant	,1
1977,i8*,,i8*	null	,7
1978,i32,110,i32	constant	,1
1979,i32,111,i32	constant	,1
1980,i64,18,i64	constant	,12
1981,i32,0,i32	constant	,1
1982,i64,253,i64	constant	,12
1983,i32,0,i32	constant	,1
1984,i64,253,i64	constant	,12
1985,i32*,,i	null	,26
1986,i32*,,i	null	,26
1987,i8*,,i8*	null	,7
1988,i8*,,i8*	null	,7
1989,i32,128,i32	constant	,1
1990,i32,192,i32	constant	,1
1991,i32,224,i32	constant	,1
1992,i32,240,i32	constant	,1
1993,i32,248,i32	constant	,1
1994,i32,0,i32	constant	,1
1995,i32,192,i32	constant	,1
1996,i32,128,i32	constant	,1
1997,i32,128,i32	constant	,1
1998,_htmlEntityDesc*,,html	Entity	Desc*	null	,-1
1999,i8*,,i8*	null	,7
2000,i32*,,i	null	,26
2001,i32*,,i	null	,26
2002,i8*,,i8*	null	,7
2003,i32,128,i32	constant	,1
2004,i32,192,i32	constant	,1
2005,i32,224,i32	constant	,1
2006,i32,240,i32	constant	,1
2007,i32,248,i32	constant	,1
2008,i32,0,i32	constant	,1
2009,i32,192,i32	constant	,1
2010,i32,128,i32	constant	,1
2011,i32,128,i32	constant	,1
2012,i32,62,i32	constant	,1
2013,i32,60,i32	constant	,1
2014,i32,38,i32	constant	,1
2015,_htmlEntityDesc*,,html	Entity	Desc*	null	,-1
2016,_xmlDoc*,,xml	Doc*	null	,2
2017,i8*,,i8*	null	,7
2018,i8*,,i8*	null	,7
2019,i8*,,i8*	null	,7
2020,i8*,,i8*	null	,7
2021,i64,250,i64	constant	,12
2022,i32,0,i32	constant	,1
2023,i32,122,i32	constant	,1
2024,i32,97,i32	constant	,1
2025,i32,90,i32	constant	,1
2026,i32,65,i32	constant	,1
2027,i32,58,i32	constant	,1
2028,i32,95,i32	constant	,1
2029,i32,122,i32	constant	,1
2030,i32,97,i32	constant	,1
2031,i32,90,i32	constant	,1
2032,i32,65,i32	constant	,1
2033,i32,57,i32	constant	,1
2034,i32,48,i32	constant	,1
2035,i32,45,i32	constant	,1
2036,i32,95,i32	constant	,1
2037,i32,46,i32	constant	,1
2038,i32,58,i32	constant	,1
2039,i32,128,i32	constant	,1
2040,i32,0,i32	constant	,1
2041,i8**,,i	null	,26
2042,_xmlParserInput*,,xml	Parser	Input*	null	,17
2043,_xmlParserCtxt*,,xml	Parser	Ctxt*	null	,32
2044,i32,38,i32	constant	,1
2045,i8*,,i8*	null	,7
2046,i64,250,i64	constant	,12
2047,i32,0,i32	constant	,1
2048,i32,59,i32	constant	,1
2049,i8**,,i	null	,26
2050,_htmlEntityDesc*,,html	Entity	Desc*	null	,-1
2051,i8**,,i	null	,26
2052,_xmlParserInput*,,xml	Parser	Input*	null	,17
2053,_xmlParserCtxt*,,xml	Parser	Ctxt*	null	,32
2054,i32,35,i32	constant	,1
2055,i32,38,i32	constant	,1
2056,i32,88,i32	constant	,1
2057,i32,120,i32	constant	,1
2058,i32,59,i32	constant	,1
2059,i32,57,i32	constant	,1
2060,i32,48,i32	constant	,1
2061,i32,102,i32	constant	,1
2062,i32,97,i32	constant	,1
2063,i32,70,i32	constant	,1
2064,i32,65,i32	constant	,1
2065,i32,59,i32	constant	,1
2066,i32,35,i32	constant	,1
2067,i32,38,i32	constant	,1
2068,i32,59,i32	constant	,1
2069,i32,57,i32	constant	,1
2070,i32,48,i32	constant	,1
2071,i32,59,i32	constant	,1
2072,i32,0,i32	constant	,1
2073,i32,256,i32	constant	,1
2074,i32,0,i32	constant	,1
2075,_xmlParserCtxt*,,xml	Parser	Ctxt*	null	,32
2076,i32,-1,i32	constant	,1
2077,_xmlParserCtxt*,,xml	Parser	Ctxt*	null	,32
2078,i8*,,i8*	null	,7
2079,i32,0,i32	constant	,1
2080,i8*,,i8*	null	,7
2081,i32,112,i32	constant	,1
2082,_xmlDoc*,,xml	Doc*	null	,2
2083,_xmlOutputBuffer*,,xml	Output	Buffer*	null	,24
2084,_xmlDtd*,,xml	Dtd*	null	,40
2085,_xmlNode*,,xml	Node*	null	,8
2086,_xmlAttr*,,xml	Attr*	null	,18
2087,_xmlNode*,,xml	Node*	null	,8
2088,i32,3,i32	constant	,1
2089,_xmlNode*,,xml	Node*	null	,8
2090,i32,0,i32	constant	,1
2091,i32,0,i32	constant	,1
2092,i8*,,i8*	null	,7
2093,i32,0,i32	constant	,1
2094,i8*,,i8*	null	,7
2095,i32,0,i32	constant	,1
2096,i8*,,i8*	null	,7
2097,i8*,,i8*	null	,7
2098,i8*,,i8*	null	,7
2099,i8*,,i8*	null	,7
2100,i8*,,i8*	null	,7
2101,i8*,,i8*	null	,7
2102,i8*,,i8*	null	,7
2103,i32,9,i32	constant	,1
2104,i32,32,i32	constant	,1
2105,_xmlDoc*,,xml	Doc*	null	,2
2106,i32,0,i32	constant	,1
2107,i8*,,i8*	null	,7
2108,_xmlNode*,,xml	Node*	null	,8
2109,i8*,,i8*	null	,7
2110,i32,1,i32	constant	,1
2111,i32,0,i32	constant	,1
2112,i32,0,i32	constant	,1
2113,i32,0,i32	constant	,1
2114,_xmlNode*,,xml	Node*	null	,8
2115,_xmlNode*,,xml	Node*	null	,8
2116,i8*,,i8*	null	,7
2117,i32,1,i32	constant	,1
2118,i32,0,i32	constant	,1
2119,i32,0,i32	constant	,1
2120,_xmlNode*,,xml	Node*	null	,8
2121,_xmlNode*,,xml	Node*	null	,8
2122,_xmlNode*,,xml	Node*	null	,8
2123,i8*,,i8*	null	,7
2124,i32,1,i32	constant	,1
2125,i32,0,i32	constant	,1
2126,_xmlAttr*,,xml	Attr*	null	,18
2127,_xmlNode*,,xml	Node*	null	,8
2128,i32,3,i32	constant	,1
2129,_xmlNode*,,xml	Node*	null	,8
2130,i32,0,i32	constant	,1
2131,i32,0,i32	constant	,1
2132,i8*,,i8*	null	,7
2133,i32,0,i32	constant	,1
2134,i8*,,i8*	null	,7
2135,i32,0,i32	constant	,1
2136,i8*,,i8*	null	,7
2137,i32,0,i32	constant	,1
2138,_xmlNode*,,xml	Node*	null	,8
2139,_xmlNode*,,xml	Node*	null	,8
2140,i8*,,i8*	null	,7
2141,_xmlNode*,,xml	Node*	null	,8
2142,i8*,,i8*	null	,7
2143,i8*,,i8*	null	,7
2144,i8*,,i8*	null	,7
2145,i32,0,i32	constant	,1
2146,_xmlNode*,,xml	Node*	null	,8
2147,_xmlBuf*,,xml	Buf*	null	,15
2148,_xmlOutputBuffer*,,xml	Output	Buffer*	null	,24
2149,_xmlNode*,,xml	Node*	null	,8
2150,_xmlBuffer*,,xml	Buffer*	null	,16
2151,_xmlBuf*,,xml	Buf*	null	,15
2152,i64,2147483647,i64	constant	,12
2153,i8*,,i8*	null	,7
2154,i32,1,i32	constant	,1
2155,_xmlCharEncodingHandler*,,xml	Char	Encoding	Handler*	null	,25
2156,_xmlCharEncodingHandler*,,xml	Char	Encoding	Handler*	null	,25
2157,_xmlCharEncodingHandler*,,xml	Char	Encoding	Handler*	null	,25
2158,_xmlOutputBuffer*,,xml	Output	Buffer*	null	,24
2159,_xmlDoc*,,xml	Doc*	null	,2
2160,i32*,,i	null	,26
2161,i8**,,i	null	,26
2162,_xmlDoc*,,xml	Doc*	null	,2
2163,i8*,,i8*	null	,7
2164,i32,1,i32	constant	,1
2165,_xmlCharEncodingHandler*,,xml	Char	Encoding	Handler*	null	,25
2166,_xmlCharEncodingHandler*,,xml	Char	Encoding	Handler*	null	,25
2167,_xmlCharEncodingHandler*,,xml	Char	Encoding	Handler*	null	,25
2168,_xmlOutputBuffer*,,xml	Output	Buffer*	null	,24
2169,_xmlBuf*,,xml	Buf*	null	,15
2170,_xmlNode*,,xml	Node*	null	,8
2171,i8*,,i8*	null	,7
2172,i32,1,i32	constant	,1
2173,i32,0,i32	constant	,1
2174,i32,0,i32	constant	,1
2175,i32,0,i32	constant	,1
2176,_xmlAttr*,,xml	Attr*	null	,18
2177,i8*,,i8*	null	,7
2178,_xmlNs*,,xml	Ns*	null	,21
2179,i32,0,i32	constant	,1
2180,_xmlNode*,,xml	Node*	null	,8
2181,i8*,,i8*	null	,7
2182,_xmlNode*,,xml	Node*	null	,8
2183,_xmlNs*,,xml	Ns*	null	,21
2184,_xmlNs*,,xml	Ns*	null	,21
2185,i32,0,i32	constant	,1
2186,i32,0,i32	constant	,1
2187,i32,0,i32	constant	,1
2188,i32,0,i32	constant	,1
2189,i32,0,i32	constant	,1
2190,i32,32,i32	constant	,1
2191,_xmlNode*,,xml	Node*	null	,8
2192,_xmlNode*,,xml	Node*	null	,8
2193,i8*,,i8*	null	,7
2194,i32,1,i32	constant	,1
2195,i32,0,i32	constant	,1
2196,_xmlOutputBuffer*,,xml	Output	Buffer*	null	,24
2197,_xmlNode*,,xml	Node*	null	,8
2198,i32,0,i32	constant	,1
2199,i32,14,i32	constant	,1
2200,i32,13,i32	constant	,1
2201,i32,9,i32	constant	,1
2202,i32,2,i32	constant	,1
2203,i32,3,i32	constant	,1
2204,i8*,,i8*	null	,7
2205,i8*,"getelementptr inbounds ([0 x i8], [0 x i8]* @xmlStringText, i64 0, i64 0)",i8*	constant	,13
2206,i8*,"getelementptr inbounds ([0 x i8], [0 x i8]* @xmlStringTextNoenc, i64 0, i64 0)",i8*	constant	,13
2207,_xmlNode*,,xml	Node*	null	,8
2208,i32,0,i32	constant	,1
2209,i32,0,i32	constant	,1
2210,i8*,,i8*	null	,7
2211,i32,8,i32	constant	,1
2212,i8*,,i8*	null	,7
2213,i32,7,i32	constant	,1
2214,i8*,,i8*	null	,7
2215,i8*,,i8*	null	,7
2216,_xmlNode*,,xml	Node*	null	,8
2217,i32,5,i32	constant	,1
2218,i32,4,i32	constant	,1
2219,i8*,,i8*	null	,7
2220,_xmlNs*,,xml	Ns*	null	,21
2221,i8*,,i8*	null	,7
2222,_xmlNs*,,xml	Ns*	null	,21
2223,_xmlNs*,,xml	Ns*	null	,21
2224,_xmlAttr*,,xml	Attr*	null	,18
2225,i32,0,i32	constant	,1
2226,_htmlElemDesc*,,html	Elem	Desc*	null	,44
2227,_xmlNode*,,xml	Node*	null	,8
2228,i8,0,i	,28
2229,i32,0,i32	constant	,1
2230,i32,3,i32	constant	,1
2231,i32,5,i32	constant	,1
2232,_xmlNode*,,xml	Node*	null	,8
2233,i8*,,i8*	null	,7
2234,i32,112,i32	constant	,1
2235,i8*,,i8*	null	,7
2236,i32,1,i32	constant	,1
2237,_xmlNode*,,xml	Node*	null	,8
2238,i32,0,i32	constant	,1
2239,_htmlElemDesc*,,html	Elem	Desc*	null	,44
2240,i32,0,i32	constant	,1
2241,i32,0,i32	constant	,1
2242,i8*,,i8*	null	,7
2243,_xmlNs*,,xml	Ns*	null	,21
2244,_xmlNode*,,xml	Node*	null	,8
2245,i32,0,i32	constant	,1
2246,i8,0,i	,28
2247,_htmlElemDesc*,,html	Elem	Desc*	null	,44
2248,i32,3,i32	constant	,1
2249,i32,5,i32	constant	,1
2250,_xmlNode*,,xml	Node*	null	,8
2251,i8*,,i8*	null	,7
2252,i32,112,i32	constant	,1
2253,i32,1,i32	constant	,1
2254,i8*,,i8*	null	,7
2255,_xmlNode*,,xml	Node*	null	,8
2256,i8,0,i	,28
2257,_htmlElemDesc*,,html	Elem	Desc*	null	,44
2258,i32,0,i32	constant	,1
2259,i32,3,i32	constant	,1
2260,i32,5,i32	constant	,1
2261,i8*,,i8*	null	,7
2262,i32,112,i32	constant	,1
2263,_xmlNode*,,xml	Node*	null	,8
2264,i8,0,i	,28
2265,_htmlElemDesc*,,html	Elem	Desc*	null	,44
2266,i32,0,i32	constant	,1
2267,i32,3,i32	constant	,1
2268,i32,5,i32	constant	,1
2269,i8*,,i8*	null	,7
2270,i32,112,i32	constant	,1
2271,i8*,,i8*	null	,7
2272,_xmlNs*,,xml	Ns*	null	,21
2273,i8*,,i8*	null	,7
2274,i32,1,i32	constant	,1
2275,i8,0,i	,28
2276,_htmlElemDesc*,,html	Elem	Desc*	null	,44
2277,i32,0,i32	constant	,1
2278,_xmlNode*,,xml	Node*	null	,8
2279,i32,3,i32	constant	,1
2280,i32,5,i32	constant	,1
2281,_xmlNode*,,xml	Node*	null	,8
2282,i32,0,i32	constant	,1
2283,_xmlDoc*,,xml	Doc*	null	,2
2284,i32,0,i32	constant	,1
2285,i32,0,i32	constant	,1
2286,i8*,,i8*	null	,7
2287,i32,0,i32	constant	,1
2288,i8*,,i8*	null	,7
2289,i8*,,i8*	null	,7
2290,i32,0,i32	constant	,1
2291,i8*,,i8*	null	,7
2292,i8*,,i8*	null	,7
2293,,internal global i32 0,	constant	,6
2294,,internal global i32 0,	constant	,6
2295,i32,0,i32	constant	,1
2296,,internal global i32 0,	constant	,6
2297,i32,0,i32	constant	,1
2298,,internal global i32 0,	constant	,6
2299,i32,0,i32	constant	,1
2300,,internal global i32 0,	constant	,6
2301,i32,0,i32	constant	,1
2302,,internal global i32 0,	constant	,6
2303,i32,0,i32	constant	,1
2304,,internal global i32 0,	constant	,6
2305,i32,0,i32	constant	,1
2306,,internal global i32 0,	constant	,6
2307,i32,0,i32	constant	,1
2308,,internal global i32 0,	constant	,6
2309,i32,0,i32	constant	,1
2310,,internal global i32 0,	constant	,6
2311,i32,0,i32	constant	,1
2312,,internal global i32 0,	constant	,6
2313,i32,0,i32	constant	,1
2314,,internal global i32 0,	constant	,6
2315,i32,0,i32	constant	,1
2316,,internal global i32 0,	constant	,6
2317,i32,0,i32	constant	,1
2318,,internal global i32 0,	constant	,6
2319,i32,0,i32	constant	,1
2320,,internal global i32 0,	constant	,6
2321,i32,0,i32	constant	,1
2322,,internal global i32 0,	constant	,6
2323,i32,0,i32	constant	,1
2324,,internal global i32 0,	constant	,6
2325,i32,0,i32	constant	,1
2326,,internal global i32 0,	constant	,6
2327,i32,0,i32	constant	,1
2328,,internal global i32 0,	constant	,6
2329,i32,0,i32	constant	,1
2330,,internal global i32 0,	constant	,6
2331,i32,0,i32	constant	,1
2332,i8**,,i	null	,26
2333,i32*,,i	null	,26
2334,i32,1000,i32	constant	,1
2335,i32,0,i32	constant	,1
2336,i32,42,i32	constant	,1
2337,i8*,,i8*	null	,7
2338,i8*,,i8*	null	,7
2339,_xmlParserCtxt*,,xml	Parser	Ctxt*	null	,32
2340,i32,0,i32	constant	,1
2341,i32,0,i32	constant	,1
2342,i32,0,i32	constant	,1
2343,i32,0,i32	constant	,1
2344,i32,0,i32	constant	,1
2345,i32,0,i32	constant	,1
2346,i32,0,i32	constant	,1
2347,i32,0,i32	constant	,1
2348,i32,0,i32	constant	,1
2349,i32,0,i32	constant	,1
2350,i32,0,i32	constant	,1
2351,i32,0,i32	constant	,1
2352,i32,0,i32	constant	,1
2353,i32,0,i32	constant	,1
2354,i32,0,i32	constant	,1
2355,i32,0,i32	constant	,1
2356,i32,0,i32	constant	,1
2357,i32,0,i32	constant	,1
2358,i32,0,i32	constant	,1
2359,i32,0,i32	constant	,1
2360,i32,0,i32	constant	,1
2361,i32,0,i32	constant	,1
2362,i32,0,i32	constant	,1
2363,i32,0,i32	constant	,1
2364,i32,0,i32	constant	,1
2365,i32,0,i32	constant	,1
2366,i32,0,i32	constant	,1
2367,i32,0,i32	constant	,1
2368,i32,0,i32	constant	,1
2369,i32,0,i32	constant	,1
2370,i32,0,i32	constant	,1
2371,i32,0,i32	constant	,1
2372,i32,0,i32	constant	,1
2373,i32,0,i32	constant	,1
2374,i32,0,i32	constant	,1
2375,i32,0,i32	constant	,1
2376,i32,0,i32	constant	,1
2377,i32,0,i32	constant	,1
2378,i32,0,i32	constant	,1
2379,i32,0,i32	constant	,1
2380,i8*,,i8*	null	,7
2381,i8*,,i8*	null	,7
2382,_xmlParserCtxt*,,xml	Parser	Ctxt*	null	,32
2383,i32,0,i32	constant	,1
2384,i32,0,i32	constant	,1
2385,i32,0,i32	constant	,1
2386,void,"(i8*, i8*, ...)* null",void	constant	,33
2387,void,"(i8*, i8*, ...)* null",void	constant	,33
2388,i32,0,i32	constant	,1
2389,i32,0,i32	constant	,1
2390,i32,0,i32	constant	,1
2391,i32,0,i32	constant	,1
2392,i32,0,i32	constant	,1
2393,i32,0,i32	constant	,1
2394,i32,0,i32	constant	,1
2395,i32,0,i32	constant	,1
2396,i32,0,i32	constant	,1
2397,i32,0,i32	constant	,1
2398,i32,0,i32	constant	,1
2399,i32,0,i32	constant	,1
2400,i32,0,i32	constant	,1
2401,i32,0,i32	constant	,1
2402,i32,0,i32	constant	,1
2403,i32,0,i32	constant	,1
2404,i32,0,i32	constant	,1
2405,i32,0,i32	constant	,1
2406,i32,0,i32	constant	,1
2407,i32,0,i32	constant	,1
2408,i32,0,i32	constant	,1
2409,i32,0,i32	constant	,1
2410,i32,0,i32	constant	,1
2411,i32,0,i32	constant	,1
2412,i32,0,i32	constant	,1
2413,i32,0,i32	constant	,1
2414,i32,0,i32	constant	,1
2415,i32,0,i32	constant	,1
2416,i32,0,i32	constant	,1
2417,i32,0,i32	constant	,1
2418,i32,0,i32	constant	,1
2419,i32,0,i32	constant	,1
2420,i32,0,i32	constant	,1
2421,i32,0,i32	constant	,1
2422,i32,0,i32	constant	,1
2423,i32,0,i32	constant	,1
2424,i32,0,i32	constant	,1
2425,i32,0,i32	constant	,1
2426,i32,0,i32	constant	,1
2427,,internal global i32 0,	constant	,6
2428,i32,0,i32	constant	,1
2429,,internal global i32 0,	constant	,6
2430,i32,0,i32	constant	,1
2431,,internal global i32 0,	constant	,6
2432,i32,0,i32	constant	,1
2433,,internal global i32 0,	constant	,6
2434,i32,0,i32	constant	,1
2435,,internal global i32 0,	constant	,6
2436,i32,0,i32	constant	,1
2437,,internal global i32 0,	constant	,6
2438,i32,0,i32	constant	,1
2439,,internal global i32 0,	constant	,6
2440,i32,0,i32	constant	,1
2441,,internal global i32 0,	constant	,6
2442,i32,0,i32	constant	,1
2443,,internal global i32 0,	constant	,6
2444,i32,0,i32	constant	,1
2445,,internal global i32 0,	constant	,6
2446,i32,0,i32	constant	,1
2447,,internal global i32 0,	constant	,6
2448,i32,0,i32	constant	,1
2449,,internal global i32 0,	constant	,6
2450,i32,0,i32	constant	,1
2451,,internal global i32 1,	constant	,6
2452,i32,0,i32	constant	,1
2453,,internal global i32 0,	constant	,6
2454,i32,0,i32	constant	,1
2455,,internal global i32 0,	constant	,6
2456,i32,0,i32	constant	,1
2457,,internal global i32 0,	constant	,6
2458,i32,0,i32	constant	,1
2459,,internal global i32 0,	constant	,6
2460,i32,0,i32	constant	,1
2461,,internal global i32 0,	constant	,6
2462,i32,0,i32	constant	,1
2463,,internal global i32 0,	constant	,6
2464,i32,0,i32	constant	,1
2465,,internal global i32 0,	constant	,6
2466,i32,0,i32	constant	,1
2467,,internal global i32 0,	constant	,6
2468,i32,0,i32	constant	,1
2469,,internal global i32 0,	constant	,6
2470,i32,0,i32	constant	,1
2471,,internal global i32 0,	constant	,6
2472,i32,0,i32	constant	,1
2473,,internal global i32 0,	constant	,6
2474,i32,0,i32	constant	,1
2475,,internal global i32 0,	constant	,6
2476,i32,0,i32	constant	,1
2477,,internal global i32 0,	constant	,6
2478,i32,0,i32	constant	,1
2479,,internal global i8* null,	constant	,6
2480,i8*,,i8*	null	,7
2481,,internal global i8* null,	constant	,6
2482,i8*,,i8*	null	,7
2483,i32,0,i32	constant	,1
2484,,internal global i8* null,	constant	,6
2485,i8*,,i8*	null	,7
2486,,internal global i8* null,	constant	,6
2487,i8*,,i8*	null	,7
2488,i32,0,i32	constant	,1
2489,i32,3,i32	constant	,1
2490,i32,0,i32	constant	,1
2491,i32,2,i32	constant	,1
2492,,internal global i32 0,	constant	,6
2493,i32,1,i32	constant	,1
2494,i8*,,i8*	null	,7
2495,i32,0,i32	constant	,1
2496,i32,2,i32	constant	,1
2497,i32,1,i32	constant	,1
2498,i8*,,i8*	null	,7
2499,i32,0,i32	constant	,1
2500,i32,2,i32	constant	,1
2501,i32,1,i32	constant	,1
2502,,internal global i32 0,	constant	,6
2503,i32,2,i32	constant	,1
2504,i32,0,i32	constant	,1
2505,i32,0,i32	constant	,1
2506,i8*,,i8*	null	,7
2507,i32,0,i32	constant	,1
2508,xmlNanoFTPCtxt*,,xml	Nano	F	T	P	Ctxt*	null	,45
2509,i8*,,i8*	null	,7
2510,i32,0,i32	constant	,1
2511,i32,0,i32	constant	,1
2512,i32,-1,i32	constant	,1
2513,xmlNanoFTPCtxt*,,xml	Nano	F	T	P	Ctxt*	null	,45
2514,i8*,,i8*	null	,7
2515,i32,0,i32	constant	,1
2516,i32,4,i32	constant	,1
2517,i32,2,i32	constant	,1
2518,i32,5,i32	constant	,1
2519,i32,-1,i32	constant	,1
2520,xmlNanoFTPCtxt*,,xml	Nano	F	T	P	Ctxt*	null	,45
2521,i8*,,i8*	null	,7
2522,i32,0,i32	constant	,1
2523,i32,4,i32	constant	,1
2524,i32,2,i32	constant	,1
2525,i32,5,i32	constant	,1
2526,xmlNanoFTPCtxt*,,xml	Nano	F	T	P	Ctxt*	null	,45
2527,i32,10,i32	constant	,1
2528,i32,-1,i32	constant	,1
2529,i32,0,i32	constant	,1
2530,i32,10,i32	constant	,1
2531,i32,0,i32	constant	,1
2532,i32,2,i32	constant	,1
2533,i32,5,i32	constant	,1
2534,i32,0,i32	constant	,1
2535,i32,57,i32	constant	,1
2536,i32,48,i32	constant	,1
2537,i32,10,i32	constant	,1
2538,i32,1,i32	constant	,1
2539,i32,-1,i32	constant	,1
2540,i32,6,i32	constant	,1
2541,i32,-1,i32	constant	,1
2542,i32,6,i32	constant	,1
2543,i32,0,i32	constant	,1
2544,i32,10,i32	constant	,1
2545,i32,0,i32	constant	,1
2546,i32,0,i32	constant	,1
2547,i32,10,i32	constant	,1
2548,i32,0,i32	constant	,1
2549,i32,2,i32	constant	,1
2550,i32,-1,i32	constant	,1
2551,xmlNanoFTPCtxt*,,xml	Nano	F	T	P	Ctxt*	null	,45
2552,i32,0,i32	constant	,1
2553,i32,0,i32	constant	,1
2554,i32,2,i32	constant	,1
2555,i32,-1,i32	constant	,1
2556,i32,0,i32	constant	,1
2557,i32,32,i32	constant	,1
2558,i32,57,i32	constant	,1
2559,i32,48,i32	constant	,1
2560,i32,13,i32	constant	,1
2561,i32,10,i32	constant	,1
2562,i32,32,i32	constant	,1
2563,i32,43,i32	constant	,1
2564,i32,13,i32	constant	,1
2565,i32,10,i32	constant	,1
2566,i32,32,i32	constant	,1
2567,i32,0,i32	constant	,1
2568,i32,32,i32	constant	,1
2569,i32,0,i32	constant	,1
2570,i32,10,i32	constant	,1
2571,i32,0,i32	constant	,1
2572,i32,32,i32	constant	,1
2573,i32,0,i32	constant	,1
2574,i32,57,i32	constant	,1
2575,i32,48,i32	constant	,1
2576,i32,32,i32	constant	,1
2577,i32,0,i32	constant	,1
2578,i32,32,i32	constant	,1
2579,i32,0,i32	constant	,1
2580,i32,10,i32	constant	,1
2581,i32,0,i32	constant	,1
2582,i32,32,i32	constant	,1
2583,i32,0,i32	constant	,1
2584,i32,32,i32	constant	,1
2585,i32,0,i32	constant	,1
2586,i32,10,i32	constant	,1
2587,i32,0,i32	constant	,1
2588,i32,32,i32	constant	,1
2589,i32,0,i32	constant	,1
2590,i32,57,i32	constant	,1
2591,i32,48,i32	constant	,1
2592,i32,32,i32	constant	,1
2593,i32,0,i32	constant	,1
2594,i32,32,i32	constant	,1
2595,i32,0,i32	constant	,1
2596,i32,3,i32	constant	,1
2597,i32,0,i32	constant	,1
2598,i32,32,i32	constant	,1
2599,i32,0,i32	constant	,1
2600,i32,57,i32	constant	,1
2601,i32,48,i32	constant	,1
2602,i32,32,i32	constant	,1
2603,i32,0,i32	constant	,1
2604,i32,0,i32	constant	,1
2605,i32,0,i32	constant	,1
2606,i32,58,i32	constant	,1
2607,i32,58,i32	constant	,1
2608,i32,57,i32	constant	,1
2609,i32,48,i32	constant	,1
2610,i32,58,i32	constant	,1
2611,i32,57,i32	constant	,1
2612,i32,48,i32	constant	,1
2613,i32,57,i32	constant	,1
2614,i32,48,i32	constant	,1
2615,i32,32,i32	constant	,1
2616,i32,0,i32	constant	,1
2617,i32,13,i32	constant	,1
2618,i32,10,i32	constant	,1
2619,i32,0,i32	constant	,1
2620,i32,150,i32	constant	,1
2621,i32,0,i32	constant	,1
2622,i32,13,i32	constant	,1
2623,i32,10,i32	constant	,1
2624,i32,13,i32	constant	,1
2625,i32,10,i32	constant	,1
2626,void,"(i8*, i8*, i8*, i8*, i8*, i64, i32, i32, i8*, i32, i32, i32)* null",void	constant	,33
2627,xmlNanoFTPCtxt*,,xml	Nano	F	T	P	Ctxt*	null	,45
2628,i8*,,i8*	null	,7
2629,i32,1,i32	constant	,1
2630,i32,-1,i32	constant	,1
2631,i32,47,i32	constant	,1
2632,i32,1,i32	constant	,1
2633,i32,-1,i32	constant	,1
2634,i32,0,i32	constant	,1
2635,i32,1,i32	constant	,1
2636,i32,0,i32	constant	,1
2637,i32,0,i32	constant	,1
2638,i32,0,i32	constant	,1
2639,i32,2,i32	constant	,1
2640,i32,0,i32	constant	,1
2641,i32,0,i32	constant	,1
2642,i32,0,i32	constant	,1
2643,i8*,,i8*	null	,7
2644,i8*,,i8*	null	,7
2645,i8*,,i8*	null	,7
2646,i32,-1,i32	constant	,1
2647,i32,0,i32	constant	,1
2648,i32,2,i32	constant	,1
2649,i8*,,i8*	null	,7
2650,i32,0,i32	constant	,1
2651,i32,1,i32	constant	,1
2652,xmlNanoFTPCtxt*,,xml	Nano	F	T	P	Ctxt*	null	,45
2653,i8*,,i8*	null	,7
2654,i8*,,i8*	null	,7
2655,void,"(i8*, i8*, i32)* null",void	constant	,33
2656,i32,-1,i32	constant	,1
2657,i32,0,i32	constant	,1
2658,i32,0,i32	constant	,1
2659,i32,0,i32	constant	,1
2660,i32,2,i32	constant	,1
2661,,internal global i32 0,	constant	,6
2662,i32,0,i32	constant	,1
2663,i32,0,i32	constant	,1
2664,i32,0,i32	constant	,1
2665,i8*,,i8*	null	,7
2666,i32,-1,i32	constant	,1
2667,i8*,,i8*	null	,7
2668,i32,0,i32	constant	,1
2669,i32,0,i32	constant	,1
2670,i32,0,i32	constant	,1
2671,i8*,,i8*	null	,7
2672,i32,0,i32	constant	,1
2673,xmlNanoFTPCtxt*,,xml	Nano	F	T	P	Ctxt*	null	,45
2674,i32,0,i32	constant	,1
2675,i32,-1,i32	constant	,1
2676,xmlNanoFTPCtxt*,,xml	Nano	F	T	P	Ctxt*	null	,45
2677,i32,-1,i32	constant	,1
2678,i32,0,i32	constant	,1
2679,i32,42,i32	constant	,1
2680,i8*,,i8*	null	,7
2681,i32,-1,i32	constant	,1
2682,i8*,,i8*	null	,7
2683,i8*,,i8*	null	,7
2684,i8*,,i8*	null	,7
2685,i8*,,i8*	null	,7
2686,,internal global i8* null,	constant	,6
2687,i8*,,i8*	null	,7
2688,,internal global i8* null,	constant	,6
2689,i8*,,i8*	null	,7
2690,,internal global i8* null,	constant	,6
2691,i8*,,i8*	null	,7
2692,,internal global i8* null,	constant	,6
2693,i8*,,i8*	null	,7
2694,,internal global i8* null,	constant	,6
2695,i8*,,i8*	null	,7
2696,,internal global i8* null,	constant	,6
2697,i8*,,i8*	null	,7
2698,i8*,,i8*	null	,7
2699,i8*,,i8*	null	,7
2700,i8*,,i8*	null	,7
2701,i8*,,i8*	null	,7
2702,i8*,,i8*	null	,7
2703,i8*,,i8*	null	,7
2704,i8*,,i8*	null	,7
2705,_xmlURI*,,xml	U	R	I*	null	,22
2706,i8*,,i8*	null	,7
2707,i8*,,i8*	null	,7
2708,i8*,,i8*	null	,7
2709,i32,0,i32	constant	,1
2710,i8*,,i8*	null	,7
2711,i8*,,i8*	null	,7
2712,i8*,,i8*	null	,7
2713,xmlNanoFTPCtxt*,,xml	Nano	F	T	P	Ctxt*	null	,45
2714,i8*,,i8*	null	,7
2715,i8*,,i8*	null	,7
2716,_xmlURI*,,xml	U	R	I*	null	,22
2717,i8*,,i8*	null	,7
2718,i8*,,i8*	null	,7
2719,i32,0,i32	constant	,1
2720,i32,0,i32	constant	,1
2721,i32,0,i32	constant	,1
2722,i32,0,i32	constant	,1
2723,i8*,,i8*	null	,7
2724,i8*,,i8*	null	,7
2725,,internal global i8* null,	constant	,6
2726,i8*,,i8*	null	,7
2727,i8*,,i8*	null	,7
2728,i8*,,i8*	null	,7
2729,_xmlURI*,,xml	U	R	I*	null	,22
2730,i8*,,i8*	null	,7
2731,i32,0,i32	constant	,1
2732,_xmlURI*,,xml	U	R	I*	null	,22
2733,i32,0,i32	constant	,1
2734,xmlNanoFTPCtxt*,,xml	Nano	F	T	P	Ctxt*	null	,45
2735,i8*,,i8*	null	,7
2736,i8*,,i8*	null	,7
2737,xmlNanoFTPCtxt*,,xml	Nano	F	T	P	Ctxt*	null	,45
2738,i8*,,i8*	null	,7
2739,i8*,,i8*	null	,7
2740,i8*,,i8*	null	,7
2741,i32,-1,i32	constant	,1
2742,i32,3,i32	constant	,1
2743,i32,57,i32	constant	,1
2744,i32,48,i32	constant	,1
2745,i32,57,i32	constant	,1
2746,i32,48,i32	constant	,1
2747,i32,57,i32	constant	,1
2748,i32,48,i32	constant	,1
2749,i32,45,i32	constant	,1
2750,i32,-1,i32	constant	,1
2751,xmlNanoFTPCtxt*,,xml	Nano	F	T	P	Ctxt*	null	,45
2752,i32,1024,i32	constant	,1
2753,i32,0,i32	constant	,1
2754,i32,1024,i32	constant	,1
2755,i32,0,i32	constant	,1
2756,i32,0,i32	constant	,1
2757,i32,1024,i32	constant	,1
2758,i32,0,i32	constant	,1
2759,i32,0,i32	constant	,1
2760,i32,-1,i32	constant	,1
2761,xmlNanoFTPCtxt*,,xml	Nano	F	T	P	Ctxt*	null	,45
2762,i32,0,i32	constant	,1
2763,i32,0,i32	constant	,1
2764,i32,0,i32	constant	,1
2765,i32,-1,i32	constant	,1
2766,i32,0,i32	constant	,1
2767,i32,10,i32	constant	,1
2768,i32,10,i32	constant	,1
2769,i32,13,i32	constant	,1
2770,i32,10,i32	constant	,1
2771,i32,13,i32	constant	,1
2772,i32,-1,i32	constant	,1
2773,i32,0,i32	constant	,1
2774,i32,-1,i32	constant	,1
2775,xmlNanoFTPCtxt*,,xml	Nano	F	T	P	Ctxt*	null	,45
2776,i8*,,i8*	null	,7
2777,i32,0,i32	constant	,1
2778,i8*,,i8*	null	,7
2779,i32,0,i32	constant	,1
2780,i32,-1,i32	constant	,1
2781,xmlNanoFTPCtxt*,,xml	Nano	F	T	P	Ctxt*	null	,45
2782,i32,0,i32	constant	,1
2783,xmlNanoFTPCtxt*,,xml	Nano	F	T	P	Ctxt*	null	,45
2784,i8*,,i8*	null	,7
2785,,internal global i8* null,	constant	,6
2786,i8*,,i8*	null	,7
2787,,internal global i32 0,	constant	,6
2788,i32,0,i32	constant	,1
2789,i32,0,i32	constant	,1
2790,,internal global i8* null,	constant	,6
2791,i8*,,i8*	null	,7
2792,i32,0,i32	constant	,1
2793,i32,0,i32	constant	,1
2794,addrinfo*,,addrinfo	null	,46
2795,i32,10,i32	constant	,1
2796,i32,2,i32	constant	,1
2797,addrinfo*,,addrinfo	null	,46
2798,addrinfo*,,addrinfo	null	,46
2799,i64,128,i64	constant	,12
2800,addrinfo*,,addrinfo	null	,46
2801,i32,10,i32	constant	,1
2802,,internal global i8* null,	constant	,6
2803,i8*,,i8*	null	,7
2804,hostent*,,hostent	null	,-1
2805,i64,4,i64	constant	,12
2806,i32,-1,i32	constant	,1
2807,i32,0,i32	constant	,1
2808,i32,2,i32	constant	,1
2809,i32,0,i32	constant	,1
2810,i32,0,i32	constant	,1
2811,i32,0,i32	constant	,1
2812,i32,0,i32	constant	,1
2813,addrinfo*,,addrinfo	null	,46
2814,i32,2,i32	constant	,1
2815,i64,16,i64	constant	,12
2816,i32,10,i32	constant	,1
2817,i32,0,i32	constant	,1
2818,i64,28,i64	constant	,12
2819,i32,-1,i32	constant	,1
2820,addrinfo*,,addrinfo	null	,46
2821,hostent*,,hostent	null	,-1
2822,i8*,,i8*	null	,7
2823,i32,2,i32	constant	,1
2824,i64,4,i64	constant	,12
2825,i32,10,i32	constant	,1
2826,i32,0,i32	constant	,1
2827,i64,16,i64	constant	,12
2828,i32,-1,i32	constant	,1
2829,i8**,,i	null	,26
2830,i8**,,i	null	,26
2831,i8**,,i	null	,26
2832,i8*,,i8*	null	,7
2833,i8*,,i8*	null	,7
2834,i32,0,i32	constant	,1
2835,i32,0,i32	constant	,1
2836,i8*,,i8*	null	,7
2837,i8*,,i8*	null	,7
2838,i8*,,i8*	null	,7
2839,i8*,,i8*	null	,7
2840,xmlNanoHTTPCtxt*,,xml	Nano	H	T	T	P	Ctxt*	null	,47
2841,xmlNanoHTTPCtxt*,,xml	Nano	H	T	T	P	Ctxt*	null	,47
2842,i32,0,i32	constant	,1
2843,i8*,,i8*	null	,7
2844,i8*,,i8*	null	,7
2845,i8*,,i8*	null	,7
2846,i8*,,i8*	null	,7
2847,,internal global i8* null,	constant	,6
2848,i8*,,i8*	null	,7
2849,i32,-1,i32	constant	,1
2850,i8*,,i8*	null	,7
2851,i8*,,i8*	null	,7
2852,i8*,,i8*	null	,7
2853,i8*,,i8*	null	,7
2854,i8**,,i	null	,26
2855,i8*,,i8*	null	,7
2856,i32,80,i32	constant	,1
2857,,internal global i8* null,	constant	,6
2858,i8*,,i8*	null	,7
2859,i8*,,i8*	null	,7
2860,,internal global i8* null,	constant	,6
2861,i8*,,i8*	null	,7
2862,i32,80,i32	constant	,1
2863,i8*,,i8*	null	,7
2864,i32,80,i32	constant	,1
2865,i8*,,i8*	null	,7
2866,i8**,,i	null	,26
2867,i8*,,i8*	null	,7
2868,i8*,,i8*	null	,7
2869,i8*,,i8*	null	,7
2870,i8*,,i8*	null	,7
2871,i32,0,i32	constant	,1
2872,i32,300,i32	constant	,1
2873,i8*,,i8*	null	,7
2874,i32,400,i32	constant	,1
2875,i32,0,i32	constant	,1
2876,i32,0,i32	constant	,1
2877,i32,10,i32	constant	,1
2878,i8*,,i8*	null	,7
2879,i8*,,i8*	null	,7
2880,i8**,,i	null	,26
2881,i8*,,i8*	null	,7
2882,i8*,,i8*	null	,7
2883,i8**,,i	null	,26
2884,i8*,,i8*	null	,7
2885,i8**,,i	null	,26
2886,i8*,,i8*	null	,7
2887,i8*,,i8*	null	,7
2888,i32,0,i32	constant	,1
2889,i32,0,i32	constant	,1
2890,i8*,,i8*	null	,7
2891,i8**,,i	null	,26
2892,i32,0,i32	constant	,1
2893,i64,-1,i64	constant	,12
2894,i8*,,i8*	null	,7
2895,i8*,,i8*	null	,7
2896,i32,0,i32	constant	,1
2897,i32,0,i32	constant	,1
2898,i32,0,i32	constant	,1
2899,i64,-1,i64	constant	,12
2900,xmlNanoHTTPCtxt*,,xml	Nano	H	T	T	P	Ctxt*	null	,47
2901,xmlNanoHTTPCtxt*,,xml	Nano	H	T	T	P	Ctxt*	null	,47
2902,xmlNanoHTTPCtxt*,,xml	Nano	H	T	T	P	Ctxt*	null	,47
2903,xmlNanoHTTPCtxt*,,xml	Nano	H	T	T	P	Ctxt*	null	,47
2904,xmlNanoHTTPCtxt*,,xml	Nano	H	T	T	P	Ctxt*	null	,47
2905,xmlNanoHTTPCtxt*,,xml	Nano	H	T	T	P	Ctxt*	null	,47
2906,i32*,,i	null	,26
2907,i8**,,i	null	,26
2908,i8*,,i8*	null	,7
2909,xmlNanoHTTPCtxt*,,xml	Nano	H	T	T	P	Ctxt*	null	,47
2910,i32,0,i32	constant	,1
2911,i32,0,i32	constant	,1
2912,i32,0,i32	constant	,1
2913,i32,0,i32	constant	,1
2914,i32,-1,i32	constant	,1
2915,,internal global i32 0,	constant	,6
2916,i32,0,i32	constant	,1
2917,,internal global i8* null,	constant	,6
2918,i8*,,i8*	null	,7
2919,i32,0,i32	constant	,1
2920,i32,42,i32	constant	,1
2921,i8*,,i8*	null	,7
2922,i8*,,i8*	null	,7
2923,i8*,,i8*	null	,7
2924,,internal global i8* null,	constant	,6
2925,i8*,,i8*	null	,7
2926,i8*,,i8*	null	,7
2927,i8*,,i8*	null	,7
2928,i8*,,i8*	null	,7
2929,i8*,,i8*	null	,7
2930,i8*,,i8*	null	,7
2931,_xmlURI*,,xml	U	R	I*	null	,22
2932,i8*,,i8*	null	,7
2933,i8*,,i8*	null	,7
2934,i32,91,i32	constant	,1
2935,i8*,,i8*	null	,7
2936,i32,93,i32	constant	,1
2937,i32,2,i32	constant	,1
2938,i8*,,i8*	null	,7
2939,i8*,,i8*	null	,7
2940,i32,0,i32	constant	,1
2941,,internal global i8* null,	constant	,6
2942,i8*,,i8*	null	,7
2943,i8*,,i8*	null	,7
2944,i8*,,i8*	null	,7
2945,_xmlURI*,,xml	U	R	I*	null	,22
2946,i8*,,i8*	null	,7
2947,i32,0,i32	constant	,1
2948,_xmlURI*,,xml	U	R	I*	null	,22
2949,i32,0,i32	constant	,1
2950,xmlNanoHTTPCtxt*,,xml	Nano	H	T	T	P	Ctxt*	null	,47
2951,xmlNanoHTTPCtxt*,,xml	Nano	H	T	T	P	Ctxt*	null	,47
2952,i8*,,i8*	null	,7
2953,i8*,,i8*	null	,7
2954,i8*,,i8*	null	,7
2955,i8*,,i8*	null	,7
2956,i8*,,i8*	null	,7
2957,i8*,,i8*	null	,7
2958,i8*,,i8*	null	,7
2959,i8*,,i8*	null	,7
2960,i8*,,i8*	null	,7
2961,i8*,,i8*	null	,7
2962,i8*,,i8*	null	,7
2963,i32,-1,i32	constant	,1
2964,i8*,,i8*	null	,7
2965,i32,1,i32	constant	,1
2966,i32,0,i32	constant	,1
2967,i32,0,i32	constant	,1
2968,i32,0,i32	constant	,1
2969,i32,-1,i32	constant	,1
2970,i32,11,i32	constant	,1
2971,i32,0,i32	constant	,1
2972,i32,2,i32	constant	,1
2973,i32,0,i32	constant	,1
2974,i8*,,i8*	null	,7
2975,i8*,,i8*	null	,7
2976,i8*,,i8*	null	,7
2977,i32,0,i32	constant	,1
2978,i32,0,i32	constant	,1
2979,i32,-1,i32	constant	,1
2980,i32,1,i32	constant	,1
2981,i32,4,i32	constant	,1
2982,i64,4095,i64	constant	,12
2983,i32,0,i32	constant	,1
2984,i32,-1,i32	constant	,1
2985,i32,10,i32	constant	,1
2986,i32,13,i32	constant	,1
2987,i8*,,i8*	null	,7
2988,i32,0,i32	constant	,1
2989,i32,57,i32	constant	,1
2990,i32,48,i32	constant	,1
2991,i32,46,i32	constant	,1
2992,i32,57,i32	constant	,1
2993,i32,48,i32	constant	,1
2994,i32,57,i32	constant	,1
2995,i32,48,i32	constant	,1
2996,i32,9,i32	constant	,1
2997,i32,32,i32	constant	,1
2998,i32,9,i32	constant	,1
2999,i32,32,i32	constant	,1
3000,i32,57,i32	constant	,1
3001,i32,48,i32	constant	,1
3002,i32,57,i32	constant	,1
3003,i32,48,i32	constant	,1
3004,i32,9,i32	constant	,1
3005,i32,32,i32	constant	,1
3006,i32,0,i32	constant	,1
3007,i32,0,i32	constant	,1
3008,i32,9,i32	constant	,1
3009,i32,32,i32	constant	,1
3010,i8*,,i8*	null	,7
3011,i32,9,i32	constant	,1
3012,i32,32,i32	constant	,1
3013,i32,0,i32	constant	,1
3014,i32,44,i32	constant	,1
3015,i32,59,i32	constant	,1
3016,i8*,,i8*	null	,7
3017,i8*,,i8*	null	,7
3018,i32,9,i32	constant	,1
3019,i32,32,i32	constant	,1
3020,i32,0,i32	constant	,1
3021,i32,44,i32	constant	,1
3022,i32,59,i32	constant	,1
3023,i8*,,i8*	null	,7
3024,i32,0,i32	constant	,1
3025,i8*,,i8*	null	,7
3026,i32,9,i32	constant	,1
3027,i32,32,i32	constant	,1
3028,i32,9,i32	constant	,1
3029,i32,32,i32	constant	,1
3030,i32,0,i32	constant	,1
3031,i32,44,i32	constant	,1
3032,i32,59,i32	constant	,1
3033,i8*,,i8*	null	,7
3034,i8*,,i8*	null	,7
3035,i32,9,i32	constant	,1
3036,i32,32,i32	constant	,1
3037,i32,0,i32	constant	,1
3038,i32,44,i32	constant	,1
3039,i32,59,i32	constant	,1
3040,i8*,,i8*	null	,7
3041,i32,0,i32	constant	,1
3042,i32,9,i32	constant	,1
3043,i32,32,i32	constant	,1
3044,i8*,,i8*	null	,7
3045,i32,47,i32	constant	,1
3046,i32,0,i32	constant	,1
3047,i32,9,i32	constant	,1
3048,i32,32,i32	constant	,1
3049,i8*,,i8*	null	,7
3050,i32,0,i32	constant	,1
3051,i32,9,i32	constant	,1
3052,i32,32,i32	constant	,1
3053,i8*,,i8*	null	,7
3054,i32,0,i32	constant	,1
3055,i32,10,i32	constant	,1
3056,i32,-1,i32	constant	,1
3057,i32,-1,i32	constant	,1
3058,i32,0,i32	constant	,1
3059,i32,-1,i32	constant	,1
3060,i32,4,i32	constant	,1
3061,_xmlDoc*,,xml	Doc*	null	,2
3062,i32,2,i32	constant	,1
3063,_xmlParserCtxt*,,xml	Parser	Ctxt*	null	,32
3064,_xmlDoc*,,xml	Doc*	null	,2
3065,i32,0,i32	constant	,1
3066,i32,2,i32	constant	,1
3067,_xmlDoc*,,xml	Doc*	null	,2
3068,i32,2,i32	constant	,1
3069,,internal global _IO_FILE* null,	constant	,6
3070,_IO_FILE*,,I	O	F	I	L	E*	null	,14
3071,i32,0,i32	constant	,1
3072,_xmlParserCtxt*,,xml	Parser	Ctxt*	null	,32
3073,i32,0,i32	constant	,1
3074,i32,0,i32	constant	,1
3075,i8*,,i8*	null	,7
3076,i32,45,i32	constant	,1
3077,i32,105,i32	constant	,1
3078,i32,45,i32	constant	,1
3079,i32,73,i32	constant	,1
3080,i32,45,i32	constant	,1
3081,i32,120,i32	constant	,1
3082,i32,45,i32	constant	,1
3083,i32,88,i32	constant	,1
3084,i32,90,i32	constant	,1
3085,i32,65,i32	constant	,1
3086,i32,122,i32	constant	,1
3087,i32,97,i32	constant	,1
3088,i32,0,i32	constant	,1
3089,i32,90,i32	constant	,1
3090,i32,65,i32	constant	,1
3091,i32,122,i32	constant	,1
3092,i32,97,i32	constant	,1
3093,i64,4,i64	constant	,12
3094,i32,0,i32	constant	,1
3095,i64,8,i64	constant	,12
3096,i64,2,i64	constant	,12
3097,i32,0,i32	constant	,1
3098,i32,45,i32	constant	,1
3099,i32,57,i32	constant	,1
3100,i32,48,i32	constant	,1
3101,i32,90,i32	constant	,1
3102,i32,65,i32	constant	,1
3103,i32,122,i32	constant	,1
3104,i32,97,i32	constant	,1
3105,i64,4,i64	constant	,12
3106,i64,2,i64	constant	,12
3107,i64,8,i64	constant	,12
3108,i64,5,i64	constant	,12
3109,i64,3,i64	constant	,12
3110,i32,0,i32	constant	,1
3111,i32,45,i32	constant	,1
3112,i32,57,i32	constant	,1
3113,i32,48,i32	constant	,1
3114,i32,90,i32	constant	,1
3115,i32,65,i32	constant	,1
3116,i32,122,i32	constant	,1
3117,i32,97,i32	constant	,1
3118,i64,2,i64	constant	,12
3119,i64,8,i64	constant	,12
3120,i64,5,i64	constant	,12
3121,i64,4,i64	constant	,12
3122,i32,0,i32	constant	,1
3123,i32,45,i32	constant	,1
3124,i32,57,i32	constant	,1
3125,i32,48,i32	constant	,1
3126,i32,90,i32	constant	,1
3127,i32,65,i32	constant	,1
3128,i32,122,i32	constant	,1
3129,i32,97,i32	constant	,1
3130,i64,8,i64	constant	,12
3131,i64,5,i64	constant	,12
3132,i64,2,i64	constant	,12
3133,i32,0,i32	constant	,1
3134,i32,45,i32	constant	,1
3135,i32,90,i32	constant	,1
3136,i32,65,i32	constant	,1
3137,i32,122,i32	constant	,1
3138,i32,97,i32	constant	,1
3139,i64,8,i64	constant	,12
3140,i64,5,i64	constant	,12
3141,i32,0,i32	constant	,1
3142,i32,45,i32	constant	,1
3143,i32,57,i32	constant	,1
3144,i32,48,i32	constant	,1
3145,i32,57,i32	constant	,1
3146,i32,48,i32	constant	,1
3147,_xmlParserInput*,,xml	Parser	Input*	null	,17
3148,_xmlParserCtxt*,,xml	Parser	Ctxt*	null	,32
3149,_xmlParserInput**,,xml	Parser	Input**	null	,-1
3150,_xmlParserCtxt*,,xml	Parser	Ctxt*	null	,32
3151,i32,0,i32	constant	,1
3152,i32,0,i32	constant	,1
3153,_xmlParserCtxt*,,xml	Parser	Ctxt*	null	,32
3154,_xmlNode**,,xml	Node**	null	,4
3155,,dso_local global i32 256,	constant	,6
3156,i32,524288,i32	constant	,1
3157,i32,0,i32	constant	,1
3158,_xmlParserCtxt*,,xml	Parser	Ctxt*	null	,32
3159,i32,0,i32	constant	,1
3160,i32,0,i32	constant	,1
3161,_xmlParserCtxt*,,xml	Parser	Ctxt*	null	,32
3162,i8**,,i	null	,26
3163,i32,0,i32	constant	,1
3164,_xmlParserCtxt*,,xml	Parser	Ctxt*	null	,32
3165,i32,0,i32	constant	,1
3166,i32,3,i32	constant	,1
3167,i32,1,i32	constant	,1
3168,i32,32,i32	constant	,1
3169,i32,0,i32	constant	,1
3170,_xmlParserCtxt*,,xml	Parser	Ctxt*	null	,32
3171,i32,-1,i32	constant	,1
3172,_xmlParserCtxt*,,xml	Parser	Ctxt*	null	,32
3173,_xmlParserCtxt*,,xml	Parser	Ctxt*	null	,32
3174,i32,0,i32	constant	,1
3175,i32,0,i32	constant	,1
3176,_xmlParserCtxt*,,xml	Parser	Ctxt*	null	,32
3177,i32,-1,i32	constant	,1
3178,_xmlParserCtxt*,,xml	Parser	Ctxt*	null	,32
3179,i8*,,i8*	null	,7
3180,i32,0,i32	constant	,1
3181,_xmlParserCtxt*,,xml	Parser	Ctxt*	null	,32
3182,i32,-1,i32	constant	,1
3183,_xmlParserCtxt*,,xml	Parser	Ctxt*	null	,32
3184,_xmlParserCtxt*,,xml	Parser	Ctxt*	null	,32
3185,i32,0,i32	constant	,1
3186,i32,256,i32	constant	,1
3187,i32,20902,i32	constant	,1
3188,i32,10000,i32	constant	,1
3189,i32,20902,i32	constant	,1
3190,i32,100,i32	constant	,1
3191,i32,32,i32	constant	,1
3192,_xmlStreamComp*,,xml	Stream	Comp*	null	,-1
3193,_xmlStreamStep*,,xml	Stream	Step*	null	,-1
3194,_xmlDict*,,xml	Dict*	null	,35
3195,_xmlStreamCtxt*,,xml	Stream	Ctxt*	null	,48
3196,i32*,,i	null	,26
3197,i32,0,i32	constant	,1
3198,_xmlStreamCtxt*,,xml	Stream	Ctxt*	null	,48
3199,_xmlStreamCtxt*,,xml	Stream	Ctxt*	null	,48
3200,i32,1,i32	constant	,1
3201,i8*,,i8*	null	,7
3202,i8*,,i8*	null	,7
3203,i32,32768,i32	constant	,1
3204,i32,0,i32	constant	,1
3205,i32,0,i32	constant	,1
3206,i32,1,i32	constant	,1
3207,i32,100,i32	constant	,1
3208,i32,1,i32	constant	,1
3209,i32,0,i32	constant	,1
3210,i32,4,i32	constant	,1
3211,i32,0,i32	constant	,1
3212,i32,0,i32	constant	,1
3213,i32,0,i32	constant	,1
3214,i32,1,i32	constant	,1
3215,i32,0,i32	constant	,1
3216,i32,2,i32	constant	,1
3217,i32,7,i32	constant	,1
3218,i32,0,i32	constant	,1
3219,i32,0,i32	constant	,1
3220,i32,-1,i32	constant	,1
3221,i32,1,i32	constant	,1
3222,i32,2,i32	constant	,1
3223,i32,16384,i32	constant	,1
3224,i32,0,i32	constant	,1
3225,i32,0,i32	constant	,1
3226,i32,65536,i32	constant	,1
3227,i32,0,i32	constant	,1
3228,i32,0,i32	constant	,1
3229,i32,0,i32	constant	,1
3230,i32,2,i32	constant	,1
3231,i32,65536,i32	constant	,1
3232,i32,0,i32	constant	,1
3233,i32,100,i32	constant	,1
3234,i32,100,i32	constant	,1
3235,i8*,,i8*	null	,7
3236,i8*,,i8*	null	,7
3237,i8*,,i8*	null	,7
3238,i8*,,i8*	null	,7
3239,i8*,,i8*	null	,7
3240,i8*,,i8*	null	,7
3241,i32,0,i32	constant	,1
3242,i32,0,i32	constant	,1
3243,i32,0,i32	constant	,1
3244,i32,0,i32	constant	,1
3245,i32,0,i32	constant	,1
3246,i32,0,i32	constant	,1
3247,i32,32,i32	constant	,1
3248,i32,0,i32	constant	,1
3249,i32,0,i32	constant	,1
3250,i32,1,i32	constant	,1
3251,_xmlPattern*,,xml	Pattern*	null	,49
3252,i32,65536,i32	constant	,1
3253,i32,0,i32	constant	,1
3254,i32,0,i32	constant	,1
3255,i32,0,i32	constant	,1
3256,i32,4,i32	constant	,1
3257,i32,0,i32	constant	,1
3258,i32,7,i32	constant	,1
3259,i32,0,i32	constant	,1
3260,i32,1,i32	constant	,1
3261,i32,6,i32	constant	,1
3262,i32,0,i32	constant	,1
3263,i32,0,i32	constant	,1
3264,i32,6,i32	constant	,1
3265,i32,0,i32	constant	,1
3266,i32,2,i32	constant	,1
3267,i32,2,i32	constant	,1
3268,i32,100,i32	constant	,1
3269,i32,100,i32	constant	,1
3270,i8*,,i8*	null	,7
3271,i8*,,i8*	null	,7
3272,_xmlStepOp*,,xml	Step	Op*	null	,-1
3273,i8*,,i8*	null	,7
3274,i8*,,i8*	null	,7
3275,i8*,,i8*	null	,7
3276,i8*,,i8*	null	,7
3277,i32,0,i32	constant	,1
3278,i32,0,i32	constant	,1
3279,i32,0,i32	constant	,1
3280,i32,0,i32	constant	,1
3281,i32,32,i32	constant	,1
3282,i32,0,i32	constant	,1
3283,i32,0,i32	constant	,1
3284,i32,1,i32	constant	,1
3285,i32,65536,i32	constant	,1
3286,i32,0,i32	constant	,1
3287,i32,0,i32	constant	,1
3288,i32,0,i32	constant	,1
3289,i32,0,i32	constant	,1
3290,_xmlStreamCtxt*,,xml	Stream	Ctxt*	null	,48
3291,_xmlStreamCtxt*,,xml	Stream	Ctxt*	null	,48
3292,i32,0,i32	constant	,1
3293,i32,0,i32	constant	,1
3294,_xmlStreamCtxt*,,xml	Stream	Ctxt*	null	,48
3295,_xmlStreamCtxt*,,xml	Stream	Ctxt*	null	,48
3296,i32,16384,i32	constant	,1
3297,i32,0,i32	constant	,1
3298,_xmlPattern*,,xml	Pattern*	null	,49
3299,i8*,,i8*	null	,7
3300,_xmlPattern*,,xml	Pattern*	null	,49
3301,i32,0,i32	constant	,1
3302,i32,124,i32	constant	,1
3303,i32,0,i32	constant	,1
3304,i32,0,i32	constant	,1
3305,i8*,,i8*	null	,7
3306,_xmlPatParserContext*,,xml	Pat	Parser	Context*	null	,-1
3307,_xmlPattern*,,xml	Pattern*	null	,49
3308,_xmlStreamComp*,,xml	Stream	Comp*	null	,-1
3309,_xmlDict*,,xml	Dict*	null	,35
3310,_xmlPattern*,,xml	Pattern*	null	,49
3311,i32,6,i32	constant	,1
3312,i32,0,i32	constant	,1
3313,i32,0,i32	constant	,1
3314,i8*,,i8*	null	,7
3315,i32,1,i32	constant	,1
3316,i32,0,i32	constant	,1
3317,i32,0,i32	constant	,1
3318,i32,0,i32	constant	,1
3319,i32,256,i32	constant	,1
3320,i32,512,i32	constant	,1
3321,i32,0,i32	constant	,1
3322,i32,0,i32	constant	,1
3323,i32,512,i32	constant	,1
3324,i32,256,i32	constant	,1
3325,i32,0,i32	constant	,1
3326,i32,1,i32	constant	,1
3327,i32,0,i32	constant	,1
3328,i32,0,i32	constant	,1
3329,i8*,,i8*	null	,7
3330,_xmlStepOp*,,xml	Step	Op*	null	,-1
3331,i32,1,i32	constant	,1
3332,i32,0,i32	constant	,1
3333,_xmlPattern*,,xml	Pattern*	null	,49
3334,_xmlStreamComp*,,xml	Stream	Comp*	null	,-1
3335,_xmlDict*,,xml	Dict*	null	,35
3336,_xmlPatParserContext*,,xml	Pat	Parser	Context*	null	,-1
3337,_xmlPattern*,,xml	Pattern*	null	,49
3338,i8*,,i8*	null	,7
3339,i8*,,i8*	null	,7
3340,i8*,,i8*	null	,7
3341,_xmlDict*,,xml	Dict*	null	,35
3342,_xmlPattern*,,xml	Pattern*	null	,49
3343,i8*,,i8*	null	,7
3344,_xmlPatParserContext*,,xml	Pat	Parser	Context*	null	,-1
3345,i8**,,i	null	,26
3346,i8*,,i8*	null	,7
3347,i8*,,i8*	null	,7
3348,i8*,,i8*	null	,7
3349,i32,40,i32	constant	,1
3350,_xmlTextReader*,,xml	Text	Reader*	null	,50
3351,i32,1,i32	constant	,1
3352,i32,0,i32	constant	,1
3353,i32,2,i32	constant	,1
3354,i8*,,i8*	null	,7
3355,i8*,,i8*	null	,7
3356,i32,40,i32	constant	,1
3357,_xmlTextReader*,,xml	Text	Reader*	null	,50
3358,i32,1,i32	constant	,1
3359,i32,1,i32	constant	,1
3360,i32,0,i32	constant	,1
3361,i32,2,i32	constant	,1
3362,_xmlTextReader*,,xml	Text	Reader*	null	,50
3363,i32,0,i32	constant	,1
3364,i32,1,i32	constant	,1
3365,i32,0,i32	constant	,1
3366,i32,3,i32	constant	,1
3367,_xmlDoc*,,xml	Doc*	null	,2
3368,i32,2,i32	constant	,1
3369,_xmlRelaxNGParserCtxt*,,xml	Relax	N	G	Parser	Ctxt*	null	,51
3370,i32,1,i32	constant	,1
3371,i32,0,i32	constant	,1
3372,i32,2,i32	constant	,1
3373,i32,0,i32	constant	,1
3374,i32,0,i32	constant	,1
3375,_xmlRelaxNGValidCtxt*,,xml	Relax	N	G	Valid	Ctxt*	null	,52
3376,i32,8,i32	constant	,1
3377,i32,0,i32	constant	,1
3378,i32,1,i32	constant	,1
3379,i32,0,i32	constant	,1
3380,i32,2,i32	constant	,1
3381,i32,0,i32	constant	,1
3382,i32,0,i32	constant	,1
3383,_xmlRelaxNGValidState*,,xml	Relax	N	G	Valid	State*	null	,-1
3384,_xmlNode*,,xml	Node*	null	,8
3385,_xmlNode*,,xml	Node*	null	,8
3386,i8*,,i8*	null	,7
3387,_xmlSchemaType*,,xml	Schema	Type*	null	,53
3388,i8*,,i8*	null	,7
3389,i8*,,i8*	null	,7
3390,_xmlSchemaType*,,xml	Schema	Type*	null	,53
3391,i32,2,i32	constant	,1
3392,i32,0,i32	constant	,1
3393,i32,0,i32	constant	,1
3394,i8*,,i8*	null	,7
3395,i8*,,i8*	null	,7
3396,_xmlSchemaType*,,xml	Schema	Type*	null	,53
3397,_xmlSchemaFacet*,,xml	Schema	Facet*	null	,54
3398,i32,0,i32	constant	,1
3399,i32,0,i32	constant	,1
3400,i32,0,i32	constant	,1
3401,i32,0,i32	constant	,1
3402,i32,0,i32	constant	,1
3403,i32,0,i32	constant	,1
3404,i32,0,i32	constant	,1
3405,i32,0,i32	constant	,1
3406,i32,0,i32	constant	,1
3407,i32,0,i32	constant	,1
3408,i32,0,i32	constant	,1
3409,i32,0,i32	constant	,1
3410,i32,0,i32	constant	,1
3411,i32,0,i32	constant	,1
3412,i8*,,i8*	null	,7
3413,i8*,,i8*	null	,7
3414,i8*,,i8*	null	,7
3415,_xmlSchemaType*,,xml	Schema	Type*	null	,53
3416,i8*,,i8*	null	,7
3417,i32,0,i32	constant	,1
3418,_xmlSchemaVal*,,xml	Schema	Val*	null	,55
3419,i32,0,i32	constant	,1
3420,_xmlSchemaVal*,,xml	Schema	Val*	null	,55
3421,_xmlSchemaVal*,,xml	Schema	Val*	null	,55
3422,i32,-2,i32	constant	,1
3423,i32,0,i32	constant	,1
3424,i8*,,i8*	null	,7
3425,i32,0,i32	constant	,1
3426,i32,0,i32	constant	,1
3427,i8*,,i8*	null	,7
3428,i32,0,i32	constant	,1
3429,i32,0,i32	constant	,1
3430,i32,0,i32	constant	,1
3431,i32,0,i32	constant	,1
3432,i32,0,i32	constant	,1
3433,i8*,,i8*	null	,7
3434,i8*,,i8*	null	,7
3435,i32,0,i32	constant	,1
3436,i8*,,i8*	null	,7
3437,i8*,,i8*	null	,7
3438,_xmlRelaxNGTypeLibrary*,,xml	Relax	N	G	Type	Library*	null	,-1
3439,i8*,,i8*	null	,7
3440,i8*,,i8*	null	,7
3441,,internal global _xmlHashTable* null,	constant	,6
3442,_xmlHashTable*,,xml	Hash	Table*	null	,31
3443,i32,"(i8*, i8*, i8*, _xmlNode*, i8*, i8*, %struct._xmlNode*)* null",i32	constant	,1
3444,i32,"(i8*, i8*, i8*, i8**, _xmlNode*)* null",i32	constant	,1
3445,i8*,,i8*	null	,7
3446,_xmlRelaxNGTypeLibrary*,,xml	Relax	N	G	Type	Library*	null	,-1
3447,i32,0,i32	constant	,1
3448,,internal global i32 0,	constant	,6
3449,i32,0,i32	constant	,1
3450,,internal global _xmlHashTable* null,	constant	,6
3451,_xmlHashTable*,,xml	Hash	Table*	null	,31
3452,,internal global i32 0,	constant	,6
3453,i32,0,i32	constant	,1
3454,_xmlRelaxNGDefine*,,xml	Relax	N	G	Define*	null	,56
3455,_xmlRelaxNGParserCtxt*,,xml	Relax	N	G	Parser	Ctxt*	null	,51
3456,i32,20,i32	constant	,1
3457,i32,4,i32	constant	,1
3458,i32,-25,i32	constant	,1
3459,i32,64,i32	constant	,1
3460,i32,0,i32	constant	,1
3461,_xmlRelaxNGDefine*,,xml	Relax	N	G	Define*	null	,56
3462,i32,0,i32	constant	,1
3463,i32,0,i32	constant	,1
3464,_xmlRelaxNGDefine*,,xml	Relax	N	G	Define*	null	,56
3465,_xmlRelaxNGInterleaveGroup**,,xml	Relax	N	G	Interleave	Group**	null	,-1
3466,_xmlRelaxNGDefine*,,xml	Relax	N	G	Define*	null	,56
3467,_xmlRelaxNGInterleaveGroup*,,xml	Relax	N	G	Interleave	Group*	null	,-1
3468,i32,3,i32	constant	,1
3469,_xmlRelaxNGPartition*,,xml	Relax	N	G	Partition*	null	,-1
3470,i32,0,i32	constant	,1
3471,i32,0,i32	constant	,1
3472,_xmlRelaxNGInterleaveGroup*,,xml	Relax	N	G	Interleave	Group*	null	,-1
3473,i32,0,i32	constant	,1
3474,i32,0,i32	constant	,1
3475,_xmlRelaxNGDefine*,,xml	Relax	N	G	Define*	null	,56
3476,_xmlRelaxNGDefine**,,xml	Relax	N	G	Define**	null	,57
3477,_xmlRelaxNGDefine*,,xml	Relax	N	G	Define*	null	,56
3478,i32,3,i32	constant	,1
3479,i32,0,i32	constant	,1
3480,i32,4,i32	constant	,1
3481,i8*,,i8*	null	,7
3482,i32,0,i32	constant	,1
3483,i8*,,i8*	null	,7
3484,i32,0,i32	constant	,1
3485,i32,4,i32	constant	,1
3486,i32,0,i32	constant	,1
3487,i8*,,i8*	null	,7
3488,_xmlRelaxNGDefine*,,xml	Relax	N	G	Define*	null	,56
3489,_xmlRelaxNGParserCtxt*,,xml	Relax	N	G	Parser	Ctxt*	null	,51
3490,i32,0,i32	constant	,1
3491,void,"(i8*, _xmlError*)* null",void	constant	,33
3492,i32,0,i32	constant	,1
3493,i32,1,i32	constant	,1
3494,i32,1,i32	constant	,1
3495,i32,2,i32	constant	,1
3496,_xmlRelaxNGInterleaveGroup**,,xml	Relax	N	G	Interleave	Group**	null	,-1
3497,i32,0,i32	constant	,1
3498,_xmlRelaxNGInterleaveGroup*,,xml	Relax	N	G	Interleave	Group*	null	,-1
3499,_xmlRelaxNGDefine**,,xml	Relax	N	G	Define**	null	,57
3500,i8*,,i8*	null	,7
3501,_xmlRelaxNGParserCtxt*,,xml	Relax	N	G	Parser	Ctxt*	null	,51
3502,void,"(i8*, _xmlError*)* null",void	constant	,33
3503,_xmlNode*,,xml	Node*	null	,8
3504,_xmlRelaxNGParserCtxt*,,xml	Relax	N	G	Parser	Ctxt*	null	,51
3505,_xmlRelaxNG*,,xml	Relax	N	G*	null	,58
3506,i32,0,i32	constant	,1
3507,i32,0,i32	constant	,1
3508,i32,1,i32	constant	,1
3509,_xmlNs*,,xml	Ns*	null	,21
3510,_xmlNode*,,xml	Node*	null	,8
3511,_xmlRelaxNGGrammar*,,xml	Relax	N	G	Grammar*	null	,59
3512,_xmlRelaxNGGrammar*,,xml	Relax	N	G	Grammar*	null	,59
3513,_xmlRelaxNGGrammar*,,xml	Relax	N	G	Grammar*	null	,59
3514,_xmlRelaxNGGrammar*,,xml	Relax	N	G	Grammar*	null	,59
3515,_xmlRelaxNGGrammar*,,xml	Relax	N	G	Grammar*	null	,59
3516,_xmlRelaxNGGrammar*,,xml	Relax	N	G	Grammar*	null	,59
3517,_xmlRelaxNGDefine*,,xml	Relax	N	G	Define*	null	,56
3518,i32,128,i32	constant	,1
3519,i32,0,i32	constant	,1
3520,_xmlRelaxNGDefine*,,xml	Relax	N	G	Define*	null	,56
3521,i32,-1,i32	constant	,1
3522,_xmlRelaxNGDefine*,,xml	Relax	N	G	Define*	null	,56
3523,i8*,,i8*	null	,7
3524,_xmlRelaxNGParserCtxt*,,xml	Relax	N	G	Parser	Ctxt*	null	,51
3525,i32,0,i32	constant	,1
3526,i8*,,i8*	null	,7
3527,_xmlRelaxNGParserCtxt*,,xml	Relax	N	G	Parser	Ctxt*	null	,51
3528,_xmlDoc*,,xml	Doc*	null	,2
3529,_xmlDoc*,,xml	Doc*	null	,2
3530,_xmlRelaxNGParserCtxt*,,xml	Relax	N	G	Parser	Ctxt*	null	,51
3531,_xmlRelaxNGDocument*,,xml	Relax	N	G	Document*	null	,-1
3532,_xmlRelaxNGParserCtxt*,,xml	Relax	N	G	Parser	Ctxt*	null	,51
3533,i8*,,i8*	null	,7
3534,_xmlRelaxNGDocument*,,xml	Relax	N	G	Document*	null	,-1
3535,_xmlHashTable*,,xml	Hash	Table*	null	,31
3536,_xmlRelaxNGDocument*,,xml	Relax	N	G	Document*	null	,-1
3537,_xmlRelaxNGInclude*,,xml	Relax	N	G	Include*	null	,-1
3538,_xmlRelaxNGDocument**,,xml	Relax	N	G	Document**	null	,-1
3539,_xmlRelaxNGInclude**,,xml	Relax	N	G	Include**	null	,-1
3540,_xmlRelaxNGDefine**,,xml	Relax	N	G	Define**	null	,57
3541,i32,0,i32	constant	,1
3542,_xmlDoc*,,xml	Doc*	null	,2
3543,i8*,,i8*	null	,7
3544,_xmlDoc*,,xml	Doc*	null	,2
3545,_xmlRelaxNG*,,xml	Relax	N	G*	null	,58
3546,_xmlRelaxNGDocument*,,xml	Relax	N	G	Document*	null	,-1
3547,_xmlRelaxNGInclude*,,xml	Relax	N	G	Include*	null	,-1
3548,_xmlNode*,,xml	Node*	null	,8
3549,_xmlRelaxNGParserCtxt*,,xml	Relax	N	G	Parser	Ctxt*	null	,51
3550,i8*,,i8*	null	,7
3551,_xmlDoc*,,xml	Doc*	null	,2
3552,i8*,,i8*	null	,7
3553,_xmlDoc*,,xml	Doc*	null	,2
3554,_xmlDoc*,,xml	Doc*	null	,2
3555,_xmlDoc*,,xml	Doc*	null	,2
3556,_xmlNode*,,xml	Node*	null	,8
3557,i8*,,i8*	null	,7
3558,_xmlRelaxNG*,,xml	Relax	N	G*	null	,58
3559,_xmlHashTable*,,xml	Hash	Table*	null	,31
3560,i32,0,i32	constant	,1
3561,_xmlRelaxNGDefine*,,xml	Relax	N	G	Define*	null	,56
3562,_xmlRelaxNGGrammar*,,xml	Relax	N	G	Grammar*	null	,59
3563,i32,20,i32	constant	,1
3564,_xmlRelaxNGDefine*,,xml	Relax	N	G	Define*	null	,56
3565,i32,1,i32	constant	,1
3566,_xmlRelaxNGParserCtxt*,,xml	Relax	N	G	Parser	Ctxt*	null	,51
3567,_xmlRelaxNGParserCtxt*,,xml	Relax	N	G	Parser	Ctxt*	null	,51
3568,void,"(i8*, i8*, ...)** null",void	constant	,33
3569,void,"(i8*, i8*, ...)** null",void	constant	,33
3570,i8**,,i	null	,26
3571,_xmlRelaxNGParserCtxt*,,xml	Relax	N	G	Parser	Ctxt*	null	,51
3572,_xmlRelaxNGGrammar*,,xml	Relax	N	G	Grammar*	null	,59
3573,i32,0,i32	constant	,1
3574,_xmlRelaxNGDefine*,,xml	Relax	N	G	Define*	null	,56
3575,_IO_FILE*,,I	O	F	I	L	E*	null	,14
3576,_xmlRelaxNG*,,xml	Relax	N	G*	null	,58
3577,_xmlDoc*,,xml	Doc*	null	,2
3578,i8*,,i8*	null	,7
3579,_xmlRelaxNGGrammar*,,xml	Relax	N	G	Grammar*	null	,59
3580,_IO_FILE*,,I	O	F	I	L	E*	null	,14
3581,_xmlRelaxNG*,,xml	Relax	N	G*	null	,58
3582,_xmlDoc*,,xml	Doc*	null	,2
3583,_xmlRegExecCtxt**,,xml	Reg	Exec	Ctxt**	null	,-1
3584,_xmlRelaxNG*,,xml	Relax	N	G*	null	,58
3585,_xmlRegExecCtxt**,,xml	Reg	Exec	Ctxt**	null	,-1
3586,_xmlRegExecCtxt**,,xml	Reg	Exec	Ctxt**	null	,-1
3587,_xmlRelaxNGGrammar*,,xml	Relax	N	G	Grammar*	null	,59
3588,_xmlDoc*,,xml	Doc*	null	,2
3589,_xmlRelaxNGDocument*,,xml	Relax	N	G	Document*	null	,-1
3590,_xmlRelaxNGValidCtxt*,,xml	Relax	N	G	Valid	Ctxt*	null	,52
3591,_xmlRelaxNGDefine*,,xml	Relax	N	G	Define*	null	,56
3592,i32,35,i32	constant	,1
3593,i32,0,i32	constant	,1
3594,_xmlRelaxNGValidCtxt*,,xml	Relax	N	G	Valid	Ctxt*	null	,52
3595,_xmlRelaxNGDefine*,,xml	Relax	N	G	Define*	null	,56
3596,_xmlRelaxNGValidCtxt*,,xml	Relax	N	G	Valid	Ctxt*	null	,52
3597,_xmlRelaxNGInclude*,,xml	Relax	N	G	Include*	null	,-1
3598,i32,0,i32	constant	,1
3599,_xmlRelaxNGValidCtxt*,,xml	Relax	N	G	Valid	Ctxt*	null	,52
3600,i32,4,i32	constant	,1
3601,i32,0,i32	constant	,1
3602,i32,1,i32	constant	,1
3603,i32,1,i32	constant	,1
3604,i32,0,i32	constant	,1
3605,_xmlRegexp*,,xml	Regexp*	null	,60
3606,_xmlRelaxNGDefine**,,xml	Relax	N	G	Define**	null	,57
3607,_xmlRegExecCtxt*,,xml	Reg	Exec	Ctxt*	null	,61
3608,_xmlRelaxNGValidState*,,xml	Relax	N	G	Valid	State*	null	,-1
3609,_xmlRelaxNGDefine*,,xml	Relax	N	G	Define*	null	,56
3610,i32,0,i32	constant	,1
3611,_xmlRelaxNGValidState*,,xml	Relax	N	G	Valid	State*	null	,-1
3612,i32,0,i32	constant	,1
3613,_xmlRelaxNGStates*,,xml	Relax	N	G	States*	null	,-1
3614,i32,0,i32	constant	,1
3615,i32,-1,i32	constant	,1
3616,i32,0,i32	constant	,1
3617,i32,0,i32	constant	,1
3618,i32,-1,i32	constant	,1
3619,i32,0,i32	constant	,1
3620,i32,-1,i32	constant	,1
3621,i32,1,i32	constant	,1
3622,i32,0,i32	constant	,1
3623,_xmlNode*,,xml	Node*	null	,8
3624,_xmlRelaxNGValidCtxt*,,xml	Relax	N	G	Valid	Ctxt*	null	,52
3625,_xmlRegExecCtxt*,,xml	Reg	Exec	Ctxt*	null	,61
3626,_xmlRelaxNG*,,xml	Relax	N	G*	null	,58
3627,_xmlRelaxNGDefine*,,xml	Relax	N	G	Define*	null	,56
3628,_xmlRelaxNGGrammar*,,xml	Relax	N	G	Grammar*	null	,59
3629,_xmlRegexp*,,xml	Regexp*	null	,60
3630,_xmlRegExecCtxt*,,xml	Reg	Exec	Ctxt*	null	,61
3631,_xmlNs*,,xml	Ns*	null	,21
3632,i32,1,i32	constant	,1
3633,i32,0,i32	constant	,1
3634,i32,0,i32	constant	,1
3635,i32,0,i32	constant	,1
3636,i8*,,i8*	null	,7
3637,_xmlRegExecCtxt*,,xml	Reg	Exec	Ctxt*	null	,61
3638,_xmlRelaxNGValidCtxt*,,xml	Relax	N	G	Valid	Ctxt*	null	,52
3639,i32,0,i32	constant	,1
3640,i32,32,i32	constant	,1
3641,_xmlRelaxNGGrammar*,,xml	Relax	N	G	Grammar*	null	,59
3642,_xmlRelaxNGGrammar*,,xml	Relax	N	G	Grammar*	null	,59
3643,_xmlRelaxNGGrammar*,,xml	Relax	N	G	Grammar*	null	,59
3644,_xmlHashTable*,,xml	Hash	Table*	null	,31
3645,_xmlHashTable*,,xml	Hash	Table*	null	,31
3646,i32,0,i32	constant	,1
3647,_xmlRelaxNGDefine**,,xml	Relax	N	G	Define**	null	,57
3648,_xmlRelaxNGDefine**,,xml	Relax	N	G	Define**	null	,57
3649,_xmlRelaxNGDefine*,,xml	Relax	N	G	Define*	null	,56
3650,_xmlRelaxNGDefine*,,xml	Relax	N	G	Define*	null	,56
3651,_xmlRelaxNGDefine*,,xml	Relax	N	G	Define*	null	,56
3652,i32,7,i32	constant	,1
3653,void,"(i8*, i8*)* null",void	constant	,33
3654,_xmlRelaxNGTypeLibrary*,,xml	Relax	N	G	Type	Library*	null	,-1
3655,i32,19,i32	constant	,1
3656,i8*,,i8*	null	,7
3657,i32,17,i32	constant	,1
3658,i8*,,i8*	null	,7
3659,i8*,,i8*	null	,7
3660,i8*,,i8*	null	,7
3661,i8*,,i8*	null	,7
3662,_xmlRegexp*,,xml	Regexp*	null	,60
3663,i8*,,i8*	null	,7
3664,i32,5,i32	constant	,1
3665,i32,0,i32	constant	,1
3666,_xmlDict*,,xml	Dict*	null	,35
3667,_xmlDoc*,,xml	Doc*	null	,2
3668,_xmlDoc*,,xml	Doc*	null	,2
3669,i32,0,i32	constant	,1
3670,_xmlNode*,,xml	Node*	null	,8
3671,i8*,,i8*	null	,7
3672,i8*,,i8*	null	,7
3673,,internal global i32 0,	constant	,6
3674,i32,0,i32	constant	,1
3675,_xmlNode*,,xml	Node*	null	,8
3676,i8*,,i8*	null	,7
3677,_xmlNode*,,xml	Node*	null	,8
3678,i8*,,i8*	null	,7
3679,,internal global _IO_FILE* null,	constant	,6
3680,_IO_FILE*,,I	O	F	I	L	E*	null	,14
3681,i32,0,i32	constant	,1
3682,i32,2,i32	constant	,1
3683,,internal global i32 0,	constant	,6
3684,,internal global i32 0,	constant	,6
3685,,internal global i32 0,	constant	,6
3686,,internal global i32 0,	constant	,6
3687,,internal global i32 0,	constant	,6
3688,,internal global i32 0,	constant	,6
3689,,internal global i32 0,	constant	,6
3690,,internal global i32 0,	constant	,6
3691,,internal global i32 0,	constant	,6
3692,i32,20,i32	constant	,1
3693,,internal global i32 0,	constant	,6
3694,,internal global i32 0,	constant	,6
3695,,internal global i32 0,	constant	,6
3696,,internal global i32 0,	constant	,6
3697,,internal global i32 0,	constant	,6
3698,i32,0,i32	constant	,1
3699,,internal global i32 0,	constant	,6
3700,i32,0,i32	constant	,1
3701,,internal global _IO_FILE* null,	constant	,6
3702,_IO_FILE*,,I	O	F	I	L	E*	null	,14
3703,,internal global i32 0,	constant	,6
3704,i32,0,i32	constant	,1
3705,_xmlParserInput*,,xml	Parser	Input*	null	,17
3706,i32,0,i32	constant	,1
3707,,internal global _IO_FILE* null,	constant	,6
3708,_IO_FILE*,,I	O	F	I	L	E*	null	,14
3709,,internal global i32 0,	constant	,6
3710,i32,0,i32	constant	,1
3711,,internal global i32 0,	constant	,6
3712,i32,32768,i32	constant	,1
3713,,internal global i32 0,	constant	,6
3714,i32,32768,i32	constant	,1
3715,i8*,,i8*	null	,7
3716,i8*,,i8*	null	,7
3717,_xmlDoc*,,xml	Doc*	null	,2
3718,_xmlNode*,,xml	Node*	null	,8
3719,_xmlXPathCompExpr*,,xml	X	Path	Comp	Expr*	null	,62
3720,_xmlXPathObject*,,xml	X	Path	Object*	null	,0
3721,i32,1,i32	constant	,1
3722,_xmlNodeSet*,,xml	Node	Set*	null	,3
3723,i32,0,i32	constant	,1
3724,_xmlNode**,,xml	Node**	null	,4
3725,i8*,,i8*	null	,7
3726,_xmlDoc*,,xml	Doc*	null	,2
3727,_xmlNode*,,xml	Node*	null	,8
3728,_xmlXPathCompExpr*,,xml	X	Path	Comp	Expr*	null	,62
3729,_xmlXPathObject*,,xml	X	Path	Object*	null	,0
3730,i32,4,i32	constant	,1
3731,_xmlNode*,,xml	Node*	null	,8
3732,_xmlNode*,,xml	Node*	null	,8
3733,_xmlBuffer*,,xml	Buffer*	null	,16
3734,_xmlRelaxNG*,,xml	Relax	N	G*	null	,58
3735,_xmlBuffer*,,xml	Buffer*	null	,16
3736,_xmlRelaxNG*,,xml	Relax	N	G*	null	,58
3737,,internal global i32 0,	constant	,6
3738,i32,0,i32	constant	,1
3739,_xmlBuffer*,,xml	Buffer*	null	,16
3740,_xmlNode*,,xml	Node*	null	,8
3741,_xmlNode*,,xml	Node*	null	,8
3742,i8*,,i8*	null	,7
3743,i8*,,i8*	null	,7
3744,i8*,,i8*	null	,7
3745,i8*,,i8*	null	,7
3746,_xmlBuffer*,,xml	Buffer*	null	,16
3747,i8*,,i8*	null	,7
3748,i8*,,i8*	null	,7
3749,_xmlNode*,,xml	Node*	null	,8
3750,_xmlNode*,,xml	Node*	null	,8
3751,_xmlNode*,,xml	Node*	null	,8
3752,_xmlNode*,,xml	Node*	null	,8
3753,_xmlNode*,,xml	Node*	null	,8
3754,_xmlNode*,,xml	Node*	null	,8
3755,_xmlBuffer*,,xml	Buffer*	null	,16
3756,,internal global i32 0,	constant	,6
3757,i32,0,i32	constant	,1
3758,_xmlRelaxNG*,,xml	Relax	N	G*	null	,58
3759,i32,-1,i32	constant	,1
3760,_xmlNode*,,xml	Node*	null	,8
3761,_xmlNode*,,xml	Node*	null	,8
3762,i8*,,i8*	null	,7
3763,_xmlDoc*,,xml	Doc*	null	,2
3764,i32,0,i32	constant	,1
3765,i32,0,i32	constant	,1
3766,,internal global i32 0,	constant	,6
3767,i32,0,i32	constant	,1
3768,i8*,,i8*	null	,7
3769,_xmlNode*,,xml	Node*	null	,8
3770,_xmlNode*,,xml	Node*	null	,8
3771,i32,61440,i32	constant	,1
3772,i32,32768,i32	constant	,1
3773,_xmlDoc*,,xml	Doc*	null	,2
3774,i32,0,i32	constant	,1
3775,i32,0,i32	constant	,1
3776,,internal global i32 0,	constant	,6
3777,i32,0,i32	constant	,1
3778,_xmlBuffer*,,xml	Buffer*	null	,16
3779,_xmlRelaxNG*,,xml	Relax	N	G*	null	,58
3780,i32,0,i32	constant	,1
3781,,internal global i32 0,	constant	,6
3782,i32,0,i32	constant	,1
3783,i8*,,i8*	null	,7
3784,_xmlNode*,,xml	Node*	null	,8
3785,_xmlDoc*,,xml	Doc*	null	,2
3786,i32,0,i32	constant	,1
3787,_xmlNode*,,xml	Node*	null	,8
3788,i8*,,i8*	null	,7
3789,i32,0,i32	constant	,1
3790,_xmlNode*,,xml	Node*	null	,8
3791,_xmlNode*,,xml	Node*	null	,8
3792,i8*,,i8*	null	,7
3793,_xmlDoc*,,xml	Doc*	null	,2
3794,,internal global i32 0,	constant	,6
3795,i32,0,i32	constant	,1
3796,i8*,,i8*	null	,7
3797,i8*,,i8*	null	,7
3798,_xmlNode*,,xml	Node*	null	,8
3799,_xmlDoc*,,xml	Doc*	null	,2
3800,i32,0,i32	constant	,1
3801,_xmlNode*,,xml	Node*	null	,8
3802,i32,0,i32	constant	,1
3803,_xmlNode*,,xml	Node*	null	,8
3804,_xmlNode*,,xml	Node*	null	,8
3805,_xmlDoc*,,xml	Doc*	null	,2
3806,_xmlDoc*,,xml	Doc*	null	,2
3807,i32,0,i32	constant	,1
3808,_xmlNode*,,xml	Node*	null	,8
3809,i32,0,i32	constant	,1
3810,_xmlNode*,,xml	Node*	null	,8
3811,_xmlNode*,,xml	Node*	null	,8
3812,_xmlDoc*,,xml	Doc*	null	,2
3813,i32,0,i32	constant	,1
3814,i8*,,i8*	null	,7
3815,i8*,,i8*	null	,7
3816,i32,0,i32	constant	,1
3817,i8*,,i8*	null	,7
3818,_xmlDoc*,,xml	Doc*	null	,2
3819,i32,0,i32	constant	,1
3820,i32,0,i32	constant	,1
3821,i32,0,i32	constant	,1
3822,i32,0,i32	constant	,1
3823,i32,0,i32	constant	,1
3824,i8*,,i8*	null	,7
3825,i8*,,i8*	null	,7
3826,i8*,,i8*	null	,7
3827,_xmlSchemaValidCtxt*,,xml	Schema	Valid	Ctxt*	null	,63
3828,_xmlDoc*,,xml	Doc*	null	,2
3829,i32,0,i32	constant	,1
3830,i8*,,i8*	null	,7
3831,i8*,,i8*	null	,7
3832,i32,0,i32	constant	,1
3833,i8*,,i8*	null	,7
3834,i32,0,i32	constant	,1
3835,_xmlSchema*,,xml	Schema*	null	,64
3836,i8*,,i8*	null	,7
3837,i32,0,i32	constant	,1
3838,_xmlNode*,,xml	Node*	null	,8
3839,_xmlSchema*,,xml	Schema*	null	,64
3840,i32,0,i32	constant	,1
3841,_xmlSchema*,,xml	Schema*	null	,64
3842,i8*,,i8*	null	,7
3843,i32,0,i32	constant	,1
3844,i8*,,i8*	null	,7
3845,i8*,,i8*	null	,7
3846,i8*,,i8*	null	,7
3847,_xmlSchema*,,xml	Schema*	null	,64
3848,,internal global i32 0,	constant	,6
3849,i32,0,i32	constant	,1
3850,,internal global i32 0,	constant	,6
3851,i32,0,i32	constant	,1
3852,,internal global i32 0,	constant	,6
3853,i32,0,i32	constant	,1
3854,i8*,,i8*	null	,7
3855,i8*,,i8*	null	,7
3856,i8*,,i8*	null	,7
3857,,internal global i32 0,	constant	,6
3858,i32,0,i32	constant	,1
3859,,internal global i32 0,	constant	,6
3860,i32,0,i32	constant	,1
3861,,internal global i32 0,	constant	,6
3862,i32,0,i32	constant	,1
3863,,internal global i32 0,	constant	,6
3864,i32,0,i32	constant	,1
3865,,internal global i32 0,	constant	,6
3866,i32,0,i32	constant	,1
3867,i8**,,i	null	,26
3868,i8*,,i8*	null	,7
3869,i8*,,i8*	null	,7
3870,,internal global i32 0,	constant	,6
3871,i32,0,i32	constant	,1
3872,,internal global i32 0,	constant	,6
3873,i32,0,i32	constant	,1
3874,i32,30,i32	constant	,1
3875,,internal global i32 0,	constant	,6
3876,i32,0,i32	constant	,1
3877,,internal global i32 0,	constant	,6
3878,i32,0,i32	constant	,1
3879,i32,30,i32	constant	,1
3880,,internal global i32 0,	constant	,6
3881,i32,0,i32	constant	,1
3882,i8*,,i8*	null	,7
3883,,internal global i32 0,	constant	,6
3884,i32,0,i32	constant	,1
3885,,internal global i32 0,	constant	,6
3886,i32,0,i32	constant	,1
3887,,internal global i32 0,	constant	,6
3888,i32,0,i32	constant	,1
3889,,internal global i32 0,	constant	,6
3890,i32,0,i32	constant	,1
3891,,internal global i32 0,	constant	,6
3892,i32,0,i32	constant	,1
3893,,internal global i32 0,	constant	,6
3894,i32,0,i32	constant	,1
3895,i8*,,i8*	null	,7
3896,i8*,,i8*	null	,7
3897,i8**,,i	null	,26
3898,i32,2,i32	constant	,1
3899,i8*,,i8*	null	,7
3900,i8**,,i	null	,26
3901,i32,0,i32	constant	,1
3902,i32,5,i32	constant	,1
3903,i8*,,i8*	null	,7
3904,,internal global i32 0,	constant	,6
3905,i32,0,i32	constant	,1
3906,i8*,,i8*	null	,7
3907,i8*,,i8*	null	,7
3908,i8**,,i	null	,26
3909,i8*,,i8*	null	,7
3910,i8*,,i8*	null	,7
3911,i32,0,i32	constant	,1
3912,i8*,,i8*	null	,7
3913,,internal global _IO_FILE* null,	constant	,6
3914,_IO_FILE*,,I	O	F	I	L	E*	null	,14
3915,i32,16777216,i32	constant	,1
3916,i32,0,i32	constant	,1
3917,i32,0,i32	constant	,1
3918,i32,27,i32	constant	,1
3919,i32,0,i32	constant	,1
3920,i32,16777216,i32	constant	,1
3921,i32,0,i32	constant	,1
3922,i32,512,i32	constant	,1
3923,i32,0,i32	constant	,1
3924,i32,0,i32	constant	,1
3925,i32,27,i32	constant	,1
3926,i32,0,i32	constant	,1
3927,i8*,,i8*	null	,7
3928,_xmlDoc*,,xml	Doc*	null	,2
3929,i8*,,i8*	null	,7
3930,i32,0,i32	constant	,1
3931,_xmlDoc*,,xml	Doc*	null	,2
3932,i32,0,i32	constant	,1
3933,i8*,,i8*	null	,7
3934,i32,0,i32	constant	,1
3935,i32,16777216,i32	constant	,1
3936,i32,0,i32	constant	,1
3937,i32,0,i32	constant	,1
3938,i32,0,i32	constant	,1
3939,i32,1024,i32	constant	,1
3940,i32,16777216,i32	constant	,1
3941,i32,0,i32	constant	,1
3942,i32,16777216,i32	constant	,1
3943,i32,0,i32	constant	,1
3944,i32,16777216,i32	constant	,1
3945,i32,0,i32	constant	,1
3946,i32,1,i32	constant	,1
3947,i32,0,i32	constant	,1
3948,i32,16777216,i32	constant	,1
3949,i32,0,i32	constant	,1
3950,i32,1,i32	constant	,1
3951,i32,0,i32	constant	,1
3952,i8*,,i8*	null	,7
3953,i8*,,i8*	null	,7
3954,i8*,,i8*	null	,7
3955,i32,1,i32	constant	,1
3956,i32,0,i32	constant	,1
3957,i32,0,i32	constant	,1
3958,_xmlDoc*,,xml	Doc*	null	,2
3959,i32,0,i32	constant	,1
3960,i8*,,i8*	null	,7
3961,i8*,,i8*	null	,7
3962,_xmlDoc*,,xml	Doc*	null	,2
3963,i8*,,i8*	null	,7
3964,i32,0,i32	constant	,1
3965,_xmlDoc*,,xml	Doc*	null	,2
3966,i32,0,i32	constant	,1
3967,i8*,,i8*	null	,7
3968,i32,16777216,i32	constant	,1
3969,i32,0,i32	constant	,1
3970,i32,1024,i32	constant	,1
3971,i32,0,i32	constant	,1
3972,i8*,,i8*	null	,7
3973,_xmlDoc*,,xml	Doc*	null	,2
3974,i32,16777216,i32	constant	,1
3975,i32,0,i32	constant	,1
3976,_xmlDoc*,,xml	Doc*	null	,2
3977,i8*,,i8*	null	,7
3978,i32,0,i32	constant	,1
3979,i8*,,i8*	null	,7
3980,i32,0,i32	constant	,1
3981,i32,16,i32	constant	,1
3982,i32,0,i32	constant	,1
3983,,internal global i32 0,	constant	,6
3984,i32,0,i32	constant	,1
3985,i8*,,i8*	null	,7
3986,i8*,,i8*	null	,7
3987,_xmlTextReader*,,xml	Text	Reader*	null	,50
3988,i8*,,i8*	null	,7
3989,i8*,,i8*	null	,7
3990,_IO_FILE*,,I	O	F	I	L	E*	null	,14
3991,i8*,,i8*	null	,7
3992,i32,0,i32	constant	,1
3993,i8*,,i8*	null	,7
3994,i32,1,i32	constant	,1
3995,i8*,,i8*	null	,7
3996,_IO_FILE*,,I	O	F	I	L	E*	null	,14
3997,i32,0,i32	constant	,1
3998,i8*,,i8*	null	,7
3999,i32,1,i32	constant	,1
4000,_IO_FILE*,,I	O	F	I	L	E*	null	,14
4001,i8*,,i8*	null	,7
4002,i32,0,i32	constant	,1
4003,i8*,,i8*	null	,7
4004,i32,0,i32	constant	,1
4005,_xmlDoc*,,xml	Doc*	null	,2
4006,i32,0,i32	constant	,1
4007,i32,0,i32	constant	,1
4008,i32,0,i32	constant	,1
4009,i32,0,i32	constant	,1
4010,_xmlXPathCompExpr*,,xml	X	Path	Comp	Expr*	null	,62
4011,i8*,,i8*	null	,7
4012,,internal global _IO_FILE* null,	constant	,6
4013,_IO_FILE*,,I	O	F	I	L	E*	null	,14
4014,_IO_FILE*,,I	O	F	I	L	E*	null	,14
4015,i8*,,i8*	null	,7
4016,i32,0,i32	constant	,1
4017,i32,9,i32	constant	,1
4018,i32,10,i32	constant	,1
4019,i32,32,i32	constant	,1
4020,i32,13,i32	constant	,1
4021,i32,0,i32	constant	,1
4022,i8*,,i8*	null	,7
4023,i32,0,i32	constant	,1
4024,i8*,,i8*	null	,7
4025,,internal global _xmlDoc* null,	constant	,6
4026,_xmlDoc*,,xml	Doc*	null	,2
4027,i32,0,i32	constant	,1
4028,,internal global _xmlDoc* null,	constant	,6
4029,_xmlDoc*,,xml	Doc*	null	,2
4030,i32,0,i32	constant	,1
4031,,internal global i32 0,	constant	,6
4032,i32,32768,i32	constant	,1
4033,,internal global _xmlDoc* null,	constant	,6
4034,_xmlDoc*,,xml	Doc*	null	,2
4035,i8*,,i8*	null	,7
4036,,internal global _IO_FILE* null,	constant	,6
4037,_IO_FILE*,,I	O	F	I	L	E*	null	,14
4038,i8*,,i8*	null	,7
4039,i32,0,i32	constant	,1
4040,i8*,,i8*	null	,7
4041,i8*,,i8*	null	,7
4042,i32,0,i32	constant	,1
4043,,internal global i32 0,	constant	,6
4044,i32,32768,i32	constant	,1
4045,i8*,,i8*	null	,7
4046,i32,0,i32	constant	,1
4047,i8*,,i8*	null	,7
4048,i8*,,i8*	null	,7
4049,i8*,,i8*	null	,7
4050,_IO_FILE*,,I	O	F	I	L	E*	null	,14
4051,_IO_FILE*,,I	O	F	I	L	E*	null	,14
4052,i8*,,i8*	null	,7
4053,i8*,,i8*	null	,7
4054,i32,0,i32	constant	,1
4055,i32,13,i32	constant	,1
4056,i32,10,i32	constant	,1
4057,i32,9,i32	constant	,1
4058,i32,32,i32	constant	,1
4059,i8*,,i8*	null	,7
4060,i32,0,i32	constant	,1
4061,i8*,,i8*	null	,7
4062,i32,0,i32	constant	,1
4063,i8*,,i8*	null	,7
4064,,internal global i32 0,	constant	,6
4065,i32,32768,i32	constant	,1
4066,i32,0,i32	constant	,1
4067,i8*,,i8*	null	,7
4068,i32,0,i32	constant	,1
4069,,internal global i32 0,	constant	,6
4070,i32,32768,i32	constant	,1
4071,i32,0,i32	constant	,1
4072,i8*,,i8*	null	,7
4073,i32,0,i32	constant	,1
4074,i8*,,i8*	null	,7
4075,i32,0,i32	constant	,1
4076,i8*,,i8*	null	,7
4077,i8*,,i8*	null	,7
4078,,internal global i32 0,	constant	,6
4079,_xmlDoc*,,xml	Doc*	null	,2
4080,i32,0,i32	constant	,1
4081,i8*,,i8*	null	,7
4082,,internal global i32 1,	constant	,6
4083,i32,1,i32	constant	,1
4084,i32,1,i32	constant	,1
4085,_xmlDoc*,,xml	Doc*	null	,2
4086,i8*,,i8*	null	,7
4087,_IO_FILE*,,I	O	F	I	L	E*	null	,14
4088,i32,0,i32	constant	,1
4089,i32,0,i32	constant	,1
4090,i8*,,i8*	null	,7
4091,i32,0,i32	constant	,1
4092,i8*,,i8*	null	,7
4093,i8*,,i8*	null	,7
4094,i32,0,i32	constant	,1
4095,i32,0,i32	constant	,1
4096,i32,5,i32	constant	,1
4097,i32,499,i32	constant	,1
4098,i32,95,i32	constant	,1
4099,i32,95,i32	constant	,1
4100,i32,95,i32	constant	,1
4101,_xmlParserInput*,,xml	Parser	Input*	null	,17
4102,i32,95,i32	constant	,1
4103,i32,6,i32	constant	,1
4104,_xmlSchema*,,xml	Schema*	null	,64
4105,i32,0,i32	constant	,1
4106,i32,13,i32	constant	,1
4107,i32,10,i32	constant	,1
4108,_xmlDoc*,,xml	Doc*	null	,2
4109,i8*,,i8*	null	,7
4110,_IO_FILE*,,I	O	F	I	L	E*	null	,14
4111,i32,0,i32	constant	,1
4112,i32,0,i32	constant	,1
4113,i64,80,i64	constant	,12
4114,i8*,,i8*	null	,7
4115,i32,0,i32	constant	,1
4116,i8*,,i8*	null	,7
4117,i32,13,i32	constant	,1
4118,i32,10,i32	constant	,1
4119,i8*,,i8*	null	,7
4120,i32,0,i32	constant	,1
4121,i32,13,i32	constant	,1
4122,i32,10,i32	constant	,1
4123,i32,5,i32	constant	,1
4124,i32,499,i32	constant	,1
4125,i32,95,i32	constant	,1
4126,i32,6,i32	constant	,1
4127,i32,10,i32	constant	,1
4128,i32,0,i32	constant	,1
4129,_xmlRelaxNG*,,xml	Relax	N	G*	null	,58
4130,i32,0,i32	constant	,1
4131,i64,80,i64	constant	,12
4132,i32,13,i32	constant	,1
4133,i32,5,i32	constant	,1
4134,i32,499,i32	constant	,1
4135,i32,0,i32	constant	,1
4136,i32,0,i32	constant	,1
4137,i32,0,i32	constant	,1
4138,i32,0,i32	constant	,1
4139,i32,0,i32	constant	,1
4140,i32,95,i32	constant	,1
4141,i32,6,i32	constant	,1
4142,_xmlTextReader*,,xml	Text	Reader*	null	,50
4143,i32,0,i32	constant	,1
4144,i32,1,i32	constant	,1
4145,i32,0,i32	constant	,1
4146,i32,0,i32	constant	,1
4147,i64,79,i64	constant	,12
4148,i32,0,i32	constant	,1
4149,i32,9,i32	constant	,1
4150,i32,1,i32	constant	,1
4151,i32,-1,i32	constant	,1
4152,i32,0,i32	constant	,1
4153,_xmlStreamCtxt*,,xml	Stream	Ctxt*	null	,48
4154,i32,1,i32	constant	,1
4155,i32,0,i32	constant	,1
4156,i32,-1,i32	constant	,1
4157,i8*,,i8*	null	,7
4158,i32,15,i32	constant	,1
4159,i32,0,i32	constant	,1
4160,i32,1,i32	constant	,1
4161,i32,0,i32	constant	,1
4162,i8*,,i8*	null	,7
4163,i32,0,i32	constant	,1
4164,i32,0,i32	constant	,1
4165,_IO_FILE*,,I	O	F	I	L	E*	null	,14
4166,i8*,,i8*	null	,7
4167,_IO_FILE*,,I	O	F	I	L	E*	null	,14
4168,i8*,,i8*	null	,7
4169,i32,0,i32	constant	,1
4170,i32,13,i32	constant	,1
4171,i32,10,i32	constant	,1
4172,i32,9,i32	constant	,1
4173,i32,32,i32	constant	,1
4174,_xmlDoc*,,xml	Doc*	null	,2
4175,i32,20,i32	constant	,1
4176,_xmlNs*,,xml	Ns*	null	,21
4177,_xmlPattern*,,xml	Pattern*	null	,49
4178,_xmlStreamCtxt*,,xml	Stream	Ctxt*	null	,48
4179,i32,0,i32	constant	,1
4180,i32,1,i32	constant	,1
4181,i32,0,i32	constant	,1
4182,i32,0,i32	constant	,1
4183,i8*,,i8*	null	,7
4184,_xmlDoc*,,xml	Doc*	null	,2
4185,_xmlNode*,,xml	Node*	null	,8
4186,i32,0,i32	constant	,1
4187,_xmlNode*,,xml	Node*	null	,8
4188,_xmlNode*,,xml	Node*	null	,8
4189,_xmlError*,,xml	Error*	null	,41
4190,i8*,,i8*	null	,7
4191,_xmlXPathContext*,,xml	X	Path	Context*	null	,65
4192,_xmlNs*,,xml	Ns*	null	,21
4193,i32,0,i32	constant	,1
4194,_xmlXPathObject*,,xml	X	Path	Object*	null	,0
4195,i8*,,i8*	null	,7
4196,i32,39,i32	constant	,1
4197,i32,39,i32	constant	,1
4198,i8**,,i	null	,26
4199,i32,5,i32	constant	,1
4200,i32,1,i32	constant	,1
4201,i32,0,i32	constant	,1
4202,i64,8,i64	constant	,12
4203,i8**,,i	null	,26
4204,i32,3,i32	constant	,1
4205,i32,4,i32	constant	,1
4206,i32,0,i32	constant	,1
4207,i32,44,i32	constant	,1
4208,i32,44,i32	constant	,1
4209,i32,23,i32	constant	,1
4210,i32,8,i32	constant	,1
4211,_xmlDoc*,,xml	Doc*	null	,2
4212,_xmlNode*,,xml	Node*	null	,8
4213,i8*,,i8*	null	,7
4214,_xmlXPathObject*,,xml	X	Path	Object*	null	,0
4215,i8*,,i8*	null	,7
4216,i32,0,i32	constant	,1
4217,_xmlXPathObject*,,xml	X	Path	Object*	null	,0
4218,i32,-1,i32	constant	,1
4219,i32,0,i32	constant	,1
4220,_xmlXPathObject*,,xml	X	Path	Object*	null	,0
4221,i32,0,i32	constant	,1
4222,i8*,,i8*	null	,7
4223,i32,0,i32	constant	,1
4224,i32,1,i32	constant	,1
4225,_xmlNode*,,xml	Node*	null	,8
4226,i8*,,i8*	null	,7
4227,_xmlXPathObject*,,xml	X	Path	Object*	null	,0
4228,i8**,,i	null	,26
4229,i8*,,i8*	null	,7
4230,i32,0,i32	constant	,1
4231,i32,0,i32	constant	,1
4232,i32,0,i32	constant	,1
4233,i32,0,i32	constant	,1
4234,i8*,,i8*	null	,7
4235,i8*,,i8*	null	,7
4236,i8*,,i8*	null	,7
4237,_xmlParserCtxt*,,xml	Parser	Ctxt*	null	,32
4238,i8*,,i8*	null	,7
4239,_xmlParserInput*,,xml	Parser	Input*	null	,17
4240,i32,1,i32	constant	,1
4241,_xmlParserInput*,,xml	Parser	Input*	null	,17
4242,i8*,,i8*	null	,7
4243,i32,1,i32	constant	,1
4244,i32,0,i32	constant	,1
4245,i8*,,i8*	null	,7
4246,i32,1,i32	constant	,1
4247,i32,0,i32	constant	,1
4248,i8*,,i8*	null	,7
4249,i32,-1,i32	constant	,1
4250,i32,0,i32	constant	,1
4251,testDesc*,,test	Desc*	null	,-1
4252,i8*,,i8*	null	,7
4253,i32,0,i32	constant	,1
4254,i8*,,i8*	null	,7
4255,i8*,,i8*	null	,7
4256,i8*,,i8*	null	,7
4257,i8*,,i8*	null	,7
4258,i32,0,i32	constant	,1
4259,i8*,,i8*	null	,7
4260,i32,0,i32	constant	,1
4261,i8*,,i8*	null	,7
4262,i32,0,i32	constant	,1
4263,,internal global i32 0,	constant	,6
4264,i32,0,i32	constant	,1
4265,i8*,,i8*	null	,7
4266,i8*,,i8*	null	,7
4267,i32,0,i32	constant	,1
4268,i8*,,i8*	null	,7
4269,,internal global i32 0,	constant	,6
4270,i32,0,i32	constant	,1
4271,i32,0,i32	constant	,1
4272,,internal global i32 0,	constant	,6
4273,i32,0,i32	constant	,1
4274,,internal global i32 0,	constant	,6
4275,,internal global i32 0,	constant	,6
4276,i32,0,i32	constant	,1
4277,i32,0,i32	constant	,1
4278,i32,"(i8*, i8*, i8*, i32)* null",i32	constant	,1
4279,i8*,,i8*	null	,7
4280,i32,0,i32	constant	,1
4281,i32,"(i8*, i8*, i8*, i32)* null",i32	constant	,1
4282,,internal global i32 0,	constant	,6
4283,i32,0,i32	constant	,1
4284,,internal global i32 0,	constant	,6
4285,i32,0,i32	constant	,1
4286,i32,-1,i32	constant	,1
4287,i32,0,i32	constant	,1
4288,i32,-1,i32	constant	,1
4289,i32,0,i32	constant	,1
4290,i8*,,i8*	null	,7
4291,i32,10,i32	constant	,1
4292,i32,0,i32	constant	,1
4293,i32,-1,i32	constant	,1
4294,i32,0,i32	constant	,1
4295,_xmlParserCtxt*,,xml	Parser	Ctxt*	null	,32
4296,_xmlParserInput*,,xml	Parser	Input*	null	,17
4297,i8*,,i8*	null	,7
4298,i32,1,i32	constant	,1
4299,i32,0,i32	constant	,1
4300,i8*,,i8*	null	,7
4301,i32,12,i32	constant	,1
4302,i32,100,i32	constant	,1
4303,i8*,,i8*	null	,7
4304,i32,47,i32	constant	,1
4305,i32,47,i32	constant	,1
4306,i8*,,i8*	null	,7
4307,i8*,,i8*	null	,7
4308,i32,-1,i32	constant	,1
4309,i32,61440,i32	constant	,1
4310,i32,32768,i32	constant	,1
4311,i32,0,i32	constant	,1
4312,i32,0,i32	constant	,1
4313,i32,0,i32	constant	,1
4314,i32,0,i32	constant	,1
4315,i32,0,i32	constant	,1
4316,i32,0,i32	constant	,1
4317,i32,0,i32	constant	,1
4318,i32,0,i32	constant	,1
4319,i32,0,i32	constant	,1
4320,i32,0,i32	constant	,1
4321,i32,0,i32	constant	,1
4322,i32,0,i32	constant	,1
4323,i32,0,i32	constant	,1
4324,i8*,,i8*	null	,7
4325,i32,0,i32	constant	,1
4326,i32,0,i32	constant	,1
4327,,internal global i32 0,	constant	,6
4328,i32,0,i32	constant	,1
4329,,internal global i32 0,	constant	,6
4330,i32,0,i32	constant	,1
4331,,internal global i32 0,	constant	,6
4332,i32,0,i32	constant	,1
4333,,internal global i32 0,	constant	,6
4334,i32,0,i32	constant	,1
4335,i8*,,i8*	null	,7
4336,i8*,,i8*	null	,7
4337,,internal global i32 0,	constant	,6
4338,i32,0,i32	constant	,1
4339,i8*,,i8*	null	,7
4340,i8*,,i8*	null	,7
4341,,internal global i32 0,	constant	,6
4342,i32,0,i32	constant	,1
4343,i8*,,i8*	null	,7
4344,i8*,,i8*	null	,7
4345,,internal global i32 0,	constant	,6
4346,i32,0,i32	constant	,1
4347,,internal global i32 0,	constant	,6
4348,i32,0,i32	constant	,1
4349,i8*,,i8*	null	,7
4350,i8*,,i8*	null	,7
4351,i8*,,i8*	null	,7
4352,,internal global i32 0,	constant	,6
4353,i32,0,i32	constant	,1
4354,,internal global i32 0,	constant	,6
4355,i32,0,i32	constant	,1
4356,i8*,,i8*	null	,7
4357,,internal global _IO_FILE* null,	constant	,6
4358,_IO_FILE*,,I	O	F	I	L	E*	null	,14
4359,,internal global i32 0,	constant	,6
4360,i32,0,i32	constant	,1
4361,,internal global i32 0,	constant	,6
4362,i32,32768,i32	constant	,1
4363,i8*,,i8*	null	,7
4364,i32,3,i32	constant	,1
4365,i32,2,i32	constant	,1
4366,,internal global i32 0,	constant	,6
4367,i32,32768,i32	constant	,1
4368,i8*,,i8*	null	,7
4369,_xmlParserCtxt*,,xml	Parser	Ctxt*	null	,32
4370,_xmlDoc*,,xml	Doc*	null	,2
4371,i32,8,i32	constant	,1
4372,i32,0,i32	constant	,1
4373,i32,0,i32	constant	,1
4374,_xmlParserCtxt*,,xml	Parser	Ctxt*	null	,32
4375,_xmlDoc*,,xml	Doc*	null	,2
4376,i32,8,i32	constant	,1
4377,i32,0,i32	constant	,1
4378,i32,0,i32	constant	,1
4379,_xmlDoc*,,xml	Doc*	null	,2
4380,i32*,"getelementptr inbounds (_xmlError, %struct._xmlError* @xmlLastError, i32 0, i32 1)",i	i	,28
4381,i32,0,i32	constant	,1
4382,i32*,"getelementptr inbounds (_xmlError, %struct._xmlError* @xmlLastError, i32 0, i32 0)",i	i	,28
4383,i32,3,i32	constant	,1
4384,_xmlDoc*,,xml	Doc*	null	,2
4385,i8*,,i8*	null	,7
4386,i8*,,i8*	null	,7
4387,i32,0,i32	constant	,1
4388,i8*,,i8*	null	,7
4389,i8*,,i8*	null	,7
4390,i32,0,i32	constant	,1
4391,i8*,,i8*	null	,7
4392,i32,0,i32	constant	,1
4393,i8*,,i8*	null	,7
4394,i32,0,i32	constant	,1
4395,i32,0,i32	constant	,1
4396,i32,0,i32	constant	,1
4397,i32,0,i32	constant	,1
4398,i32,0,i32	constant	,1
4399,i8*,,i8*	null	,7
4400,i32,0,i32	constant	,1
4401,i32,0,i32	constant	,1
4402,i8*,,i8*	null	,7
4403,i8*,,i8*	null	,7
4404,i32,0,i32	constant	,1
4405,i32,0,i32	constant	,1
4406,i32,0,i32	constant	,1
4407,i32,0,i32	constant	,1
4408,i32,0,i32	constant	,1
4409,i8*,,i8*	null	,7
4410,i8*,,i8*	null	,7
4411,i8*,,i8*	null	,7
4412,i8*,,i8*	null	,7
4413,i8*,,i8*	null	,7
4414,i8*,,i8*	null	,7
4415,i8*,,i8*	null	,7
4416,i8*,,i8*	null	,7
4417,i8*,,i8*	null	,7
4418,i32,1,i32	constant	,1
4419,i8*,,i8*	null	,7
4420,_xmlNode*,,xml	Node*	null	,8
4421,i32,1,i32	constant	,1
4422,i32,0,i32	constant	,1
4423,i32,0,i32	constant	,1
4424,i32,0,i32	constant	,1
4425,i32,0,i32	constant	,1
4426,i32,1,i32	constant	,1
4427,i32,0,i32	constant	,1
4428,i8*,,i8*	null	,7
4429,_xmlNode*,,xml	Node*	null	,8
4430,i32,1,i32	constant	,1
4431,i32,0,i32	constant	,1
4432,i32,0,i32	constant	,1
4433,_xmlDoc*,,xml	Doc*	null	,2
4434,i32,-1,i32	constant	,1
4435,i32,0,i32	constant	,1
4436,_xmlNode*,,xml	Node*	null	,8
4437,,internal global _IO_FILE* null,	constant	,6
4438,_IO_FILE*,,I	O	F	I	L	E*	null	,14
4439,i32,0,i32	constant	,1
4440,i32,2,i32	constant	,1
4441,,internal global i32 0,	constant	,6
4442,,internal global i32 0,	constant	,6
4443,,internal global i32 0,	constant	,6
4444,i32,0,i32	constant	,1
4445,,internal global i32 0,	constant	,6
4446,i32,0,i32	constant	,1
4447,,internal global i32 0,	constant	,6
4448,i32,15,i32	constant	,1
4449,,internal global i32 0,	constant	,6
4450,i32,0,i32	constant	,1
4451,,internal global _IO_FILE* null,	constant	,6
4452,_IO_FILE*,,I	O	F	I	L	E*	null	,14
4453,i32,61440,i32	constant	,1
4454,i32,32768,i32	constant	,1
4455,i8*,,i8*	null	,7
4456,i8*,,i8*	null	,7
4457,i32,1,i32	constant	,1
4458,i32,1,i32	constant	,1
4459,i32,0,i32	constant	,1
4460,i32,1,i32	constant	,1
4461,_xmlDoc*,,xml	Doc*	null	,2
4462,i32,131072,i32	constant	,1
4463,i32,0,i32	constant	,1
4464,i8*,,i8*	null	,7
4465,i32,0,i32	constant	,1
4466,_xmlParserCtxt*,,xml	Parser	Ctxt*	null	,32
4467,_xmlDoc*,,xml	Doc*	null	,2
4468,i32,0,i32	constant	,1
4469,i32,-1,i32	constant	,1
4470,i8*,,i8*	null	,7
4471,_xmlDoc*,,xml	Doc*	null	,2
4472,i8*,,i8*	null	,7
4473,_xmlParserInput*,,xml	Parser	Input*	null	,17
4474,i8*,,i8*	null	,7
4475,_xmlParserCtxt*,,xml	Parser	Ctxt*	null	,32
4476,i8*,,i8*	null	,7
4477,i32,0,i32	constant	,1
4478,i32,0,i32	constant	,1
4479,_xmlDtd*,,xml	Dtd*	null	,40
4480,_xmlDoc*,,xml	Doc*	null	,2
4481,_xmlDoc*,,xml	Doc*	null	,2
4482,i8*,,i8*	null	,7
4483,i8*,,i8*	null	,7
4484,_xmlParserInput**,,xml	Parser	Input**	null	,-1
4485,i32,-554844497,i32	constant	,1
4486,_xmlSAXHandler*,,xml	S	A	X	Handler*	null	,42
4487,_xmlParserInput*,,xml	Parser	Input*	null	,17
4488,i32,0,i32	constant	,1
4489,_xmlDoc*,,xml	Doc*	null	,2
4490,i8*,,i8*	null	,7
4491,i8*,,i8*	null	,7
4492,_xmlDoc*,,xml	Doc*	null	,2
4493,i32,0,i32	constant	,1
4494,i32,0,i32	constant	,1
4495,i32,0,i32	constant	,1
4496,i32,0,i32	constant	,1
4497,i8*,,i8*	null	,7
4498,i32,0,i32	constant	,1
4499,i8*,,i8*	null	,7
4500,i8*,,i8*	null	,7
4501,i8*,,i8*	null	,7
4502,i32,0,i32	constant	,1
4503,i32,0,i32	constant	,1
4504,i8*,,i8*	null	,7
4505,i32,1,i32	constant	,1
4506,i8*,,i8*	null	,7
4507,i8*,,i8*	null	,7
4508,i32,0,i32	constant	,1
4509,i32,108,i32	constant	,1
4510,i32,109,i32	constant	,1
4511,i32,120,i32	constant	,1
4512,i32,0,i32	constant	,1
4513,i32,115,i32	constant	,1
4514,i32,110,i32	constant	,1
4515,i32,0,i32	constant	,1
4516,i8*,,i8*	null	,7
4517,i8*,,i8*	null	,7
4518,i32,0,i32	constant	,1
4519,_xmlURI*,,xml	U	R	I*	null	,22
4520,void,"(i8*, i8*, ...)* null",void	constant	,33
4521,_xmlSAXHandler*,,xml	S	A	X	Handler*	null	,42
4522,i8*,,i8*	null	,7
4523,void,"(i8*, i8*, ...)* null",void	constant	,33
4524,_xmlSAXHandler*,,xml	S	A	X	Handler*	null	,42
4525,i32,0,i32	constant	,1
4526,i32,0,i32	constant	,1
4527,_xmlNs*,,xml	Ns*	null	,21
4528,_xmlDtd*,,xml	Dtd*	null	,40
4529,_xmlDoc*,,xml	Doc*	null	,2
4530,i8*,,i8*	null	,7
4531,i8*,,i8*	null	,7
4532,i32,0,i32	constant	,1
4533,i32,108,i32	constant	,1
4534,i32,109,i32	constant	,1
4535,i32,120,i32	constant	,1
4536,i8*,,i8*	null	,7
4537,i32,0,i32	constant	,1
4538,i32,115,i32	constant	,1
4539,i32,110,i32	constant	,1
4540,i32,0,i32	constant	,1
4541,i8*,,i8*	null	,7
4542,i8*,,i8*	null	,7
4543,i32,0,i32	constant	,1
4544,i32,0,i32	constant	,1
4545,i32,0,i32	constant	,1
4546,_xmlURI*,,xml	U	R	I*	null	,22
4547,i8*,,i8*	null	,7
4548,i32,0,i32	constant	,1
4549,i32,0,i32	constant	,1
4550,_xmlNs*,,xml	Ns*	null	,21
4551,_xmlDtd*,,xml	Dtd*	null	,40
4552,_xmlDoc*,,xml	Doc*	null	,2
4553,i8*,,i8*	null	,7
4554,i8*,,i8*	null	,7
4555,i8*,,i8*	null	,7
4556,_xmlNs*,,xml	Ns*	null	,21
4557,_xmlAttr*,,xml	Attr*	null	,18
4558,_xmlNs*,,xml	Ns*	null	,21
4559,i32,0,i32	constant	,1
4560,_xmlNs*,,xml	Ns*	null	,21
4561,i32,0,i32	constant	,1
4562,i32,0,i32	constant	,1
4563,_xmlAttr*,,xml	Attr*	null	,18
4564,i32,0,i32	constant	,1
4565,i32,0,i32	constant	,1
4566,_xmlNode*,,xml	Node*	null	,8
4567,_xmlNode*,,xml	Node*	null	,8
4568,i8*,,i8*	null	,7
4569,_xmlNode*,,xml	Node*	null	,8
4570,i32,0,i32	constant	,1
4571,i32,0,i32	constant	,1
4572,i32,0,i32	constant	,1
4573,_xmlDtd*,,xml	Dtd*	null	,40
4574,_xmlDoc*,,xml	Doc*	null	,2
4575,i32,0,i32	constant	,1
4576,i8*,,i8*	null	,7
4577,i8*,,i8*	null	,7
4578,i32,8,i32	constant	,1
4579,i32,0,i32	constant	,1
4580,i32,2,i32	constant	,1
4581,i32,0,i32	constant	,1
4582,i32,0,i32	constant	,1
4583,i32,0,i32	constant	,1
4584,i32,0,i32	constant	,1
4585,i32,0,i32	constant	,1
4586,_xmlParserCtxt*,,xml	Parser	Ctxt*	null	,32
4587,i32,0,i32	constant	,1
4588,i32,-1,i32	constant	,1
4589,i32,0,i32	constant	,1
4590,i32,0,i32	constant	,1
4591,i8*,,i8*	null	,7
4592,i8*,,i8*	null	,7
4593,_xmlParserCtxt*,,xml	Parser	Ctxt*	null	,32
4594,_xmlElement*,,xml	Element*	null	,66
4595,_xmlElement*,,xml	Element*	null	,66
4596,i32,1,i32	constant	,1
4597,_xmlDtd*,,xml	Dtd*	null	,40
4598,i32,0,i32	constant	,1
4599,_xmlAttribute*,,xml	Attribute*	null	,67
4600,i8*,,i8*	null	,7
4601,_xmlAttribute*,,xml	Attribute*	null	,67
4602,i8*,,i8*	null	,7
4603,i8*,,i8*	null	,7
4604,i8**,,i	null	,26
4605,i8*,,i8*	null	,7
4606,i32,0,i32	constant	,1
4607,_xmlParserCtxt*,,xml	Parser	Ctxt*	null	,32
4608,i8*,,i8*	null	,7
4609,_xmlAttribute*,,xml	Attribute*	null	,67
4610,i8*,,i8*	null	,7
4611,i32,0,i32	constant	,1
4612,i8*,,i8*	null	,7
4613,i32,0,i32	constant	,1
4614,i8*,,i8*	null	,7
4615,i32,0,i32	constant	,1
4616,i32,4,i32	constant	,1
4617,i32,0,i32	constant	,1
4618,_xmlAttribute*,,xml	Attribute*	null	,67
4619,i8*,,i8*	null	,7
4620,i8**,,i	null	,26
4621,i8*,,i8*	null	,7
4622,i32,0,i32	constant	,1
4623,i8*,,i8*	null	,7
4624,i32,1,i32	constant	,1
4625,_xmlDoc*,,xml	Doc*	null	,2
4626,i8*,,i8*	null	,7
4627,i8*,,i8*	null	,7
4628,_xmlDtd*,,xml	Dtd*	null	,40
4629,i32,0,i32	constant	,1
4630,_xmlDtd*,,xml	Dtd*	null	,40
4631,i8*,,i8*	null	,7
4632,i8*,,i8*	null	,7
4633,i8*,,i8*	null	,7
4634,i8*,,i8*	null	,7
4635,_xmlNode*,,xml	Node*	null	,8
4636,i8*,,i8*	null	,7
4637,_xmlNode*,,xml	Node*	null	,8
4638,_xmlNode*,,xml	Node*	null	,8
4639,i32,0,i32	constant	,1
4640,_xmlParserInput*,,xml	Parser	Input*	null	,17
4641,i32,65535,i32	constant	,1
4642,_xmlNode*,,xml	Node*	null	,8
4643,i32,1,i32	constant	,1
4644,i32,0,i32	constant	,1
4645,_xmlDtd*,,xml	Dtd*	null	,40
4646,_xmlDtd*,,xml	Dtd*	null	,40
4647,i8**,,i	null	,26
4648,i32,0,i32	constant	,1
4649,i8*,,i8*	null	,7
4650,i8*,,i8*	null	,7
4651,i32,108,i32	constant	,1
4652,i32,109,i32	constant	,1
4653,i32,120,i32	constant	,1
4654,i32,115,i32	constant	,1
4655,i32,110,i32	constant	,1
4656,i32,0,i32	constant	,1
4657,_xmlParserCtxt*,,xml	Parser	Ctxt*	null	,32
4658,_xmlNode*,,xml	Node*	null	,8
4659,_xmlNs*,,xml	Ns*	null	,21
4660,_xmlNs*,,xml	Ns*	null	,21
4661,i8*,,i8*	null	,7
4662,i32,-1,i32	constant	,1
4663,i8*,,i8*	null	,7
4664,_xmlNs*,,xml	Ns*	null	,21
4665,i8*,,i8*	null	,7
4666,i32,0,i32	constant	,1
4667,i8**,,i	null	,26
4668,_xmlParserCtxt*,,xml	Parser	Ctxt*	null	,32
4669,i32,0,i32	constant	,1
4670,i8*,,i8*	null	,7
4671,i8*,,i8*	null	,7
4672,i8*,,i8*	null	,7
4673,i32,108,i32	constant	,1
4674,i32,109,i32	constant	,1
4675,i32,120,i32	constant	,1
4676,i32,115,i32	constant	,1
4677,i32,110,i32	constant	,1
4678,i32,-1412623820,i32	constant	,1
4679,i32,0,i32	constant	,1
4680,i32,0,i32	constant	,1
4681,i32,0,i32	constant	,1
4682,i8*,,i8*	null	,7
4683,i8*,,i8*	null	,7
4684,i32,0,i32	constant	,1
4685,_xmlNode*,,xml	Node*	null	,8
4686,i32,0,i32	constant	,1
4687,i32,0,i32	constant	,1
4688,_xmlDtd*,,xml	Dtd*	null	,40
4689,_xmlDoc*,,xml	Doc*	null	,2
4690,_xmlNode*,,xml	Node*	null	,8
4691,_xmlNode*,,xml	Node*	null	,8
4692,i32,0,i32	constant	,1
4693,i32,16,i32	constant	,1
4694,i32,65536,i32	constant	,1
4695,i32,0,i32	constant	,1
4696,i32,39,i32	constant	,1
4697,i32,34,i32	constant	,1
4698,i32,3,i32	constant	,1
4699,i32,33,i32	constant	,1
4700,i32,60,i32	constant	,1
4701,i32,32,i32	constant	,1
4702,i8*,,i8*	null	,7
4703,_xmlAttr*,,xml	Attr*	null	,18
4704,i32,0,i32	constant	,1
4705,_xmlAttr*,,xml	Attr*	null	,18
4706,_xmlAttr*,,xml	Attr*	null	,18
4707,,external dso_local global void (_xmlNode*)*,	constant	,6
4708,void,(_xmlNode*)* null,void	constant	,33
4709,,external dso_local global i32,	constant	,6
4710,i32,0,i32	constant	,1
4711,i32,0,i32	constant	,1
4712,_xmlAttr*,,xml	Attr*	null	,18
4713,i32,0,i32	constant	,1
4714,i32,0,i32	constant	,1
4715,i32,0,i32	constant	,1
4716,_xmlNode*,,xml	Node*	null	,8
4717,_xmlNode*,,xml	Node*	null	,8
4718,_xmlNode*,,xml	Node*	null	,8
4719,i8*,,i8*	null	,7
4720,_xmlNode*,,xml	Node*	null	,8
4721,i32,0,i32	constant	,1
4722,i32,0,i32	constant	,1
4723,i32,0,i32	constant	,1
4724,_xmlDtd*,,xml	Dtd*	null	,40
4725,_xmlDoc*,,xml	Doc*	null	,2
4726,i32,0,i32	constant	,1
4727,i8*,,i8*	null	,7
4728,i32,0,i32	constant	,1
4729,_xmlHashTable*,,xml	Hash	Table*	null	,31
4730,i8*,,i8*	null	,7
4731,i32,1,i32	constant	,1
4732,i8*,,i8*	null	,7
4733,i32,8,i32	constant	,1
4734,i32,0,i32	constant	,1
4735,i32,2,i32	constant	,1
4736,i32,0,i32	constant	,1
4737,i32,0,i32	constant	,1
4738,i32,0,i32	constant	,1
4739,i32,100,i32	constant	,1
4740,i32,105,i32	constant	,1
4741,i32,0,i32	constant	,1
4742,i8*,,i8*	null	,7
4743,i32,0,i32	constant	,1
4744,i32,0,i32	constant	,1
4745,i8*,,i8*	null	,7
4746,i32,0,i32	constant	,1
4747,i8*,,i8*	null	,7
4748,i8*,,i8*	null	,7
4749,i32,0,i32	constant	,1
4750,_xmlParserCtxt*,,xml	Parser	Ctxt*	null	,32
4751,i32,-1,i32	constant	,1
4752,i8*,,i8*	null	,7
4753,_xmlDtd*,,xml	Dtd*	null	,40
4754,i32,0,i32	constant	,1
4755,_xmlDtd*,,xml	Dtd*	null	,40
4756,i8*,,i8*	null	,7
4757,i8*,,i8*	null	,7
4758,i8*,,i8*	null	,7
4759,i8*,,i8*	null	,7
4760,_xmlParserCtxt*,,xml	Parser	Ctxt*	null	,32
4761,i8*,,i8*	null	,7
4762,i8*,,i8*	null	,7
4763,i32,0,i32	constant	,1
4764,i8*,,i8*	null	,7
4765,_xmlNode*,,xml	Node*	null	,8
4766,i32,0,i32	constant	,1
4767,i8*,,i8*	null	,7
4768,i8*,,i8*	null	,7
4769,,external dso_local global void (_xmlNode*)*,	constant	,6
4770,void,(_xmlNode*)* null,void	constant	,33
4771,,external dso_local global i32,	constant	,6
4772,i32,0,i32	constant	,1
4773,i32,0,i32	constant	,1
4774,i8*,,i8*	null	,7
4775,_xmlNode*,,xml	Node*	null	,8
4776,i32,0,i32	constant	,1
4777,_xmlParserInput*,,xml	Parser	Input*	null	,17
4778,i32,65535,i32	constant	,1
4779,_xmlNode*,,xml	Node*	null	,8
4780,_xmlNs*,,xml	Ns*	null	,21
4781,_xmlNs*,,xml	Ns*	null	,21
4782,i8*,,i8*	null	,7
4783,i32,0,i32	constant	,1
4784,i32,0,i32	constant	,1
4785,i32,0,i32	constant	,1
4786,_xmlDtd*,,xml	Dtd*	null	,40
4787,_xmlDoc*,,xml	Doc*	null	,2
4788,_xmlNode*,,xml	Node*	null	,8
4789,i32,1,i32	constant	,1
4790,i32,0,i32	constant	,1
4791,i32,4,i32	constant	,1
4792,i32,0,i32	constant	,1
4793,_xmlNs*,,xml	Ns*	null	,21
4794,i8*,,i8*	null	,7
4795,i32,0,i32	constant	,1
4796,_xmlNs*,,xml	Ns*	null	,21
4797,_xmlNs*,,xml	Ns*	null	,21
4798,_xmlNs*,,xml	Ns*	null	,21
4799,i8*,,i8*	null	,7
4800,i32,0,i32	constant	,1
4801,i32,0,i32	constant	,1
4802,i8*,,i8*	null	,7
4803,i8*,,i8*	null	,7
4804,i32,0,i32	constant	,1
4805,i8*,,i8*	null	,7
4806,i8*,,i8*	null	,7
4807,i32,-1412623820,i32	constant	,1
4808,i32,0,i32	constant	,1
4809,i32,0,i32	constant	,1
4810,i32,0,i32	constant	,1
4811,i8*,,i8*	null	,7
4812,_xmlNode*,,xml	Node*	null	,8
4813,i32,0,i32	constant	,1
4814,i32,0,i32	constant	,1
4815,i32,0,i32	constant	,1
4816,_xmlDtd*,,xml	Dtd*	null	,40
4817,_xmlDoc*,,xml	Doc*	null	,2
4818,i8*,,i8*	null	,7
4819,i32,35,i32	constant	,1
4820,_xmlNode*,,xml	Node*	null	,8
4821,i8*,,i8*	null	,7
4822,_xmlNode*,,xml	Node*	null	,8
4823,_xmlNode*,,xml	Node*	null	,8
4824,_xmlNode*,,xml	Node*	null	,8
4825,_xmlNode*,,xml	Node*	null	,8
4826,i32,3,i32	constant	,1
4827,i8*,"getelementptr inbounds ([0 x i8], [0 x i8]* @xmlStringText, i64 0, i64 0)",i8*	constant	,13
4828,i32,0,i32	constant	,1
4829,i32,0,i32	constant	,1
4830,i32,1,i32	constant	,1
4831,i32,0,i32	constant	,1
4832,i8*,,i8*	null	,7
4833,i64,10000000,i64	constant	,12
4834,i32,524288,i32	constant	,1
4835,i32,0,i32	constant	,1
4836,_xmlParserInput*,,xml	Parser	Input*	null	,17
4837,i8*,,i8*	null	,7
4838,i64,-1,i64	constant	,12
4839,i64,9223372036854775807,i64	constant	,12
4840,i8*,,i8*	null	,7
4841,i32,0,i32	constant	,1
4842,i32,0,i32	constant	,1
4843,_xmlNode*,,xml	Node*	null	,8
4844,_xmlNode*,,xml	Node*	null	,8
4845,_xmlNode*,,xml	Node*	null	,8
4846,_xmlParserInput*,,xml	Parser	Input*	null	,17
4847,i8*,,i8*	null	,7
4848,_xmlParserInput*,,xml	Parser	Input*	null	,17
4849,i8*,,i8*	null	,7
4850,_xmlDoc*,,xml	Doc*	null	,2
4851,i8*,,i8*	null	,7
4852,i32,1,i32	constant	,1
4853,_xmlDoc*,,xml	Doc*	null	,2
4854,_xmlParserCtxt*,,xml	Parser	Ctxt*	null	,32
4855,_xmlDtd*,,xml	Dtd*	null	,40
4856,_xmlDoc*,,xml	Doc*	null	,2
4857,_xmlParserCtxt*,,xml	Parser	Ctxt*	null	,32
4858,_xmlDtd*,,xml	Dtd*	null	,40
4859,i8*,,i8*	null	,7
4860,_xmlDoc*,,xml	Doc*	null	,2
4861,_xmlDtd*,,xml	Dtd*	null	,40
4862,i32,0,i32	constant	,1
4863,_xmlDtd*,,xml	Dtd*	null	,40
4864,i8*,,i8*	null	,7
4865,i8*,,i8*	null	,7
4866,i8*,,i8*	null	,7
4867,i32,0,i32	constant	,1
4868,i32,0,i32	constant	,1
4869,_xmlDoc*,,xml	Doc*	null	,2
4870,i32,0,i32	constant	,1
4871,_xmlParserInput*,"(i8*, i8*, i8*)* null",xml	Parser	Input*	i	i	i	null	,-1
4872,_xmlSAXHandler*,,xml	S	A	X	Handler*	null	,42
4873,_xmlParserInput*,,xml	Parser	Input*	null	,17
4874,_xmlParserInput**,,xml	Parser	Input**	null	,-1
4875,i32,4,i32	constant	,1
4876,i8*,,i8*	null	,7
4877,i32,1,i32	constant	,1
4878,i8*,,i8*	null	,7
4879,_xmlDict*,,xml	Dict*	null	,35
4880,i32,0,i32	constant	,1
4881,i8*,,i8*	null	,7
4882,_xmlParserInput*,,xml	Parser	Input*	null	,17
4883,i8*,,i8*	null	,7
4884,i8*,,i8*	null	,7
4885,i8*,,i8*	null	,7
4886,i32,0,i32	constant	,1
4887,_xmlEntity*,,xml	Entity*	null	,39
4888,i32,1,i32	constant	,1
4889,_xmlDoc*,,xml	Doc*	null	,2
4890,i32,2,i32	constant	,1
4891,_xmlEntity*,,xml	Entity*	null	,39
4892,_xmlEntity*,,xml	Entity*	null	,39
4893,_xmlEntity*,,xml	Entity*	null	,39
4894,i32,0,i32	constant	,1
4895,i32,0,i32	constant	,1
4896,_xmlNode*,,xml	Node*	null	,8
4897,i32,2,i32	constant	,1
4898,i32,0,i32	constant	,1
4899,i32,0,i32	constant	,1
4900,i8*,,i8*	null	,7
4901,i8*,,i8*	null	,7
4902,_xmlParserCtxt*,,xml	Parser	Ctxt*	null	,32
4903,i8*,,i8*	null	,7
4904,i32,-554844497,i32	constant	,1
4905,_xmlSAXHandler*,,xml	S	A	X	Handler*	null	,42
4906,i8*,,i8*	null	,7
4907,i32,1,i32	constant	,1
4908,i32,0,i32	constant	,1
4909,_xmlEntity*,,xml	Entity*	null	,39
4910,i8*,,i8*	null	,7
4911,i8*,,i8*	null	,7
4912,_xmlEntity*,,xml	Entity*	null	,39
4913,_xmlParserInput*,,xml	Parser	Input*	null	,17
4914,i8*,,i8*	null	,7
4915,i32,2,i32	constant	,1
4916,i32,0,i32	constant	,1
4917,_xmlEntity*,,xml	Entity*	null	,39
4918,void,"(i8*, i8*, ...)* null",void	constant	,33
4919,_xmlSAXHandler*,,xml	S	A	X	Handler*	null	,42
4920,i8*,,i8*	null	,7
4921,i8*,,i8*	null	,7
4922,_xmlEntity*,,xml	Entity*	null	,39
4923,_xmlParserInput*,,xml	Parser	Input*	null	,17
4924,i8*,,i8*	null	,7
4925,_xmlDoc*,,xml	Doc*	null	,2
4926,_xmlParserCtxt*,,xml	Parser	Ctxt*	null	,32
4927,i32,0,i32	constant	,1
4928,i32,2,i32	constant	,1
4929,i32,1,i32	constant	,1
4930,i32,2,i32	constant	,1
4931,i32,0,i32	constant	,1
4932,i32,0,i32	constant	,1
4933,i32,0,i32	constant	,1
4934,_xmlAttribute*,,xml	Attribute*	null	,67
4935,_xmlDtd*,,xml	Dtd*	null	,40
4936,i8*,,i8*	null	,7
4937,i8*,,i8*	null	,7
4938,_xmlDoc*,,xml	Doc*	null	,2
4939,_xmlParserCtxt*,,xml	Parser	Ctxt*	null	,32
4940,i32,1,i32	constant	,1
4941,i32,2,i32	constant	,1
4942,_xmlElement*,,xml	Element*	null	,66
4943,i32,0,i32	constant	,1
4944,i32,0,i32	constant	,1
4945,_xmlDtd*,,xml	Dtd*	null	,40
4946,_xmlDoc*,,xml	Doc*	null	,2
4947,_xmlDoc*,,xml	Doc*	null	,2
4948,_xmlParserCtxt*,,xml	Parser	Ctxt*	null	,32
4949,i8*,,i8*	null	,7
4950,i8*,,i8*	null	,7
4951,i32,1,i32	constant	,1
4952,i32,2,i32	constant	,1
4953,_xmlNotation*,,xml	Notation*	null	,-1
4954,i32,0,i32	constant	,1
4955,i32,0,i32	constant	,1
4956,_xmlDtd*,,xml	Dtd*	null	,40
4957,i8*,,i8*	null	,7
4958,i32,1,i32	constant	,1
4959,i32,0,i32	constant	,1
4960,_xmlEntity*,,xml	Entity*	null	,39
4961,void,"(i8*, i8*, ...)* null",void	constant	,33
4962,_xmlSAXHandler*,,xml	S	A	X	Handler*	null	,42
4963,i8*,,i8*	null	,7
4964,i8*,,i8*	null	,7
4965,_xmlEntity*,,xml	Entity*	null	,39
4966,_xmlParserInput*,,xml	Parser	Input*	null	,17
4967,i8*,,i8*	null	,7
4968,i32,2,i32	constant	,1
4969,i32,0,i32	constant	,1
4970,_xmlEntity*,,xml	Entity*	null	,39
4971,void,"(i8*, i8*, ...)* null",void	constant	,33
4972,_xmlSAXHandler*,,xml	S	A	X	Handler*	null	,42
4973,i8*,,i8*	null	,7
4974,i8*,,i8*	null	,7
4975,_xmlEntity*,,xml	Entity*	null	,39
4976,_xmlParserInput*,,xml	Parser	Input*	null	,17
4977,i8*,,i8*	null	,7
4978,i8*,,i8*	null	,7
4979,i32,0,i32	constant	,1
4980,_xmlDoc*,,xml	Doc*	null	,2
4981,_xmlDoc*,,xml	Doc*	null	,2
4982,_xmlSchematronParserCtxt*,,xml	Schematron	Parser	Ctxt*	null	,68
4983,i8*,,i8*	null	,7
4984,_xmlDoc*,,xml	Doc*	null	,2
4985,i8*,,i8*	null	,7
4986,_xmlDoc*,,xml	Doc*	null	,2
4987,_xmlDoc*,,xml	Doc*	null	,2
4988,_xmlNode*,,xml	Node*	null	,8
4989,i32,0,i32	constant	,1
4990,i32,0,i32	constant	,1
4991,i32,0,i32	constant	,1
4992,i32,0,i32	constant	,1
4993,_xmlNs*,,xml	Ns*	null	,21
4994,i32,1,i32	constant	,1
4995,_xmlNode*,,xml	Node*	null	,8
4996,_xmlSchematron*,,xml	Schematron*	null	,69
4997,i32,0,i32	constant	,1
4998,i32,0,i32	constant	,1
4999,_xmlNs*,,xml	Ns*	null	,21
5000,i32,1,i32	constant	,1
5001,_xmlNode*,,xml	Node*	null	,8
5002,i32,0,i32	constant	,1
5003,i32,0,i32	constant	,1
5004,i32,0,i32	constant	,1
5005,_xmlNs*,,xml	Ns*	null	,21
5006,i32,1,i32	constant	,1
5007,_xmlNode*,,xml	Node*	null	,8
5008,i8*,,i8*	null	,7
5009,i32,0,i32	constant	,1
5010,i32,0,i32	constant	,1
5011,_xmlNs*,,xml	Ns*	null	,21
5012,i32,1,i32	constant	,1
5013,_xmlNode*,,xml	Node*	null	,8
5014,i32,0,i32	constant	,1
5015,i32,0,i32	constant	,1
5016,i32,0,i32	constant	,1
5017,_xmlNs*,,xml	Ns*	null	,21
5018,i32,1,i32	constant	,1
5019,_xmlNode*,,xml	Node*	null	,8
5020,i32,0,i32	constant	,1
5021,i8*,,i8*	null	,7
5022,i32,0,i32	constant	,1
5023,i8*,,i8*	null	,7
5024,i8*,,i8*	null	,7
5025,i8*,,i8*	null	,7
5026,i8*,,i8*	null	,7
5027,i8*,,i8*	null	,7
5028,i32,0,i32	constant	,1
5029,i32,0,i32	constant	,1
5030,_xmlNs*,,xml	Ns*	null	,21
5031,i32,1,i32	constant	,1
5032,_xmlNode*,,xml	Node*	null	,8
5033,_xmlNode*,,xml	Node*	null	,8
5034,i32,0,i32	constant	,1
5035,i32,0,i32	constant	,1
5036,i32,0,i32	constant	,1
5037,_xmlNs*,,xml	Ns*	null	,21
5038,i32,1,i32	constant	,1
5039,_xmlNode*,,xml	Node*	null	,8
5040,i32,0,i32	constant	,1
5041,i32,0,i32	constant	,1
5042,_xmlNs*,,xml	Ns*	null	,21
5043,i32,1,i32	constant	,1
5044,_xmlNode*,,xml	Node*	null	,8
5045,i32,0,i32	constant	,1
5046,i32,0,i32	constant	,1
5047,i32,0,i32	constant	,1
5048,_xmlSchematron*,,xml	Schematron*	null	,69
5049,i32,0,i32	constant	,1
5050,i8*,,i8*	null	,7
5051,_xmlNode*,,xml	Node*	null	,8
5052,_xmlSchematronValidCtxt*,,xml	Schematron	Valid	Ctxt*	null	,70
5053,_xmlXPathObject*,,xml	X	Path	Object*	null	,0
5054,i32,1,i32	constant	,1
5055,i32,0,i32	constant	,1
5056,_xmlNodeSet*,,xml	Node	Set*	null	,3
5057,_xmlNode*,,xml	Node*	null	,8
5058,_xmlNode*,,xml	Node*	null	,8
5059,_xmlNode*,,xml	Node*	null	,8
5060,i32,3,i32	constant	,1
5061,i32,4,i32	constant	,1
5062,i32,0,i32	constant	,1
5063,i32,0,i32	constant	,1
5064,i32,0,i32	constant	,1
5065,_xmlNs*,,xml	Ns*	null	,21
5066,i32,1,i32	constant	,1
5067,_xmlNode*,,xml	Node*	null	,8
5068,i8*,,i8*	null	,7
5069,_xmlNode*,,xml	Node*	null	,8
5070,i8*,,i8*	null	,7
5071,_xmlNs*,,xml	Ns*	null	,21
5072,i8*,,i8*	null	,7
5073,i32,0,i32	constant	,1
5074,i32,9,i32	constant	,1
5075,i32,13,i32	constant	,1
5076,i32,10,i32	constant	,1
5077,i32,32,i32	constant	,1
5078,i32,10,i32	constant	,1
5079,i32,32,i32	constant	,1
5080,i32,9,i32	constant	,1
5081,i32,13,i32	constant	,1
5082,i32,0,i32	constant	,1
5083,_xmlSchematronTest*,,xml	Schematron	Test*	null	,71
5084,_xmlNode*,,xml	Node*	null	,8
5085,_xmlSchematronValidCtxt*,,xml	Schematron	Valid	Ctxt*	null	,70
5086,i32,1,i32	constant	,1
5087,i32,0,i32	constant	,1
5088,i32,4,i32	constant	,1
5089,i32,0,i32	constant	,1
5090,i32,2,i32	constant	,1
5091,i32,4,i32	constant	,1
5092,i32,0,i32	constant	,1
5093,i32,0,i32	constant	,1
5094,i32,0,i32	constant	,1
5095,i32,2,i32	constant	,1
5096,i32,0,i32	constant	,1
5097,i32,1,i32	constant	,1
5098,i8*,,i8*	null	,7
5099,_xmlNode*,,xml	Node*	null	,8
5100,i8*,,i8*	null	,7
5101,i32,1,i32	constant	,1
5102,i32,8,i32	constant	,1
5103,i32,0,i32	constant	,1
5104,_xmlSchematronValidCtxt*,,xml	Schematron	Valid	Ctxt*	null	,70
5105,void,"(i8*, _xmlError*)* null",void	constant	,33
5106,i32,1,i32	constant	,1
5107,_xmlSchematronPattern*,,xml	Schematron	Pattern*	null	,72
5108,i8*,,i8*	null	,7
5109,_xmlSchematronPattern*,,xml	Schematron	Pattern*	null	,72
5110,_xmlSchematronValidCtxt*,,xml	Schematron	Valid	Ctxt*	null	,70
5111,i32,8,i32	constant	,1
5112,i32,0,i32	constant	,1
5113,i32,1,i32	constant	,1
5114,i32,0,i32	constant	,1
5115,i32,4,i32	constant	,1
5116,i32,0,i32	constant	,1
5117,i8*,,i8*	null	,7
5118,_xmlSchematronValidCtxt*,,xml	Schematron	Valid	Ctxt*	null	,70
5119,_xmlSchematronValidCtxt*,,xml	Schematron	Valid	Ctxt*	null	,70
5120,_xmlXPathContext*,,xml	X	Path	Context*	null	,65
5121,i8*,,i8*	null	,7
5122,i8*,,i8*	null	,7
5123,_xmlSchematronValidCtxt*,,xml	Schematron	Valid	Ctxt*	null	,70
5124,_xmlXPathContext*,,xml	X	Path	Context*	null	,65
5125,_xmlDict*,,xml	Dict*	null	,35
5126,_xmlNode*,,xml	Node*	null	,8
5127,i32,17,i32	constant	,1
5128,i32,14,i32	constant	,1
5129,_xmlNode*,,xml	Node*	null	,8
5130,i32,17,i32	constant	,1
5131,i32,14,i32	constant	,1
5132,_xmlNode*,,xml	Node*	null	,8
5133,i32,9,i32	constant	,1
5134,_xmlNode*,,xml	Node*	null	,8
5135,_xmlNode*,,xml	Node*	null	,8
5136,_xmlXPathObject*,,xml	X	Path	Object*	null	,0
5137,_xmlNodeSet*,,xml	Node	Set*	null	,3
5138,i32,0,i32	constant	,1
5139,i32,0,i32	constant	,1
5140,i32,0,i32	constant	,1
5141,i8*,,i8*	null	,7
5142,i32,0,i32	constant	,1
5143,i32,1,i32	constant	,1
5144,i32,0,i32	constant	,1
5145,i32,2,i32	constant	,1
5146,i32,0,i32	constant	,1
5147,i32,0,i32	constant	,1
5148,i32,0,i32	constant	,1
5149,_xmlSchematron*,,xml	Schematron*	null	,69
5150,_xmlSchematronValidCtxt*,,xml	Schematron	Valid	Ctxt*	null	,70
5151,_xmlDoc*,,xml	Doc*	null	,2
5152,_xmlSchematronRule*,,xml	Schematron	Rule*	null	,73
5153,_xmlNode*,,xml	Node*	null	,8
5154,i32,1,i32	constant	,1
5155,i32,0,i32	constant	,1
5156,i32,0,i32	constant	,1
5157,_xmlNode*,,xml	Node*	null	,8
5158,_xmlSchematronRule*,,xml	Schematron	Rule*	null	,73
5159,i32,1,i32	constant	,1
5160,_xmlSchematronTest*,,xml	Schematron	Test*	null	,71
5161,_xmlSchematronPattern*,,xml	Schematron	Pattern*	null	,72
5162,_xmlNode*,,xml	Node*	null	,8
5163,_xmlSchematronRule*,,xml	Schematron	Rule*	null	,73
5164,i32,1,i32	constant	,1
5165,_xmlSchematronTest*,,xml	Schematron	Test*	null	,71
5166,_xmlSchematronParserCtxt*,,xml	Schematron	Parser	Ctxt*	null	,68
5167,_xmlSchematronParserCtxt*,,xml	Schematron	Parser	Ctxt*	null	,68
5168,_xmlSchematronValidCtxt*,,xml	Schematron	Valid	Ctxt*	null	,70
5169,_xmlNode*,,xml	Node*	null	,8
5170,_xmlSchematronRule*,,xml	Schematron	Rule*	null	,73
5171,_xmlSchematronParserCtxt*,,xml	Schematron	Parser	Ctxt*	null	,68
5172,i8*,,i8*	null	,7
5173,_xmlXPathCompExpr*,,xml	X	Path	Comp	Expr*	null	,62
5174,_xmlSchematronTest*,,xml	Schematron	Test*	null	,71
5175,_xmlSchematronTest*,,xml	Schematron	Test*	null	,71
5176,_xmlSchematronTest*,,xml	Schematron	Test*	null	,71
5177,_xmlSchematronTest*,,xml	Schematron	Test*	null	,71
5178,i8*,,i8*	null	,7
5179,_xmlXPathCompExpr*,,xml	X	Path	Comp	Expr*	null	,62
5180,i8*,,i8*	null	,7
5181,_xmlNode*,,xml	Node*	null	,8
5182,_xmlSchematron*,,xml	Schematron*	null	,69
5183,_xmlSchematronParserCtxt*,,xml	Schematron	Parser	Ctxt*	null	,68
5184,i8*,,i8*	null	,7
5185,_xmlPattern*,,xml	Pattern*	null	,49
5186,_xmlSchematronRule*,,xml	Schematron	Rule*	null	,73
5187,_xmlSchematronRule*,,xml	Schematron	Rule*	null	,73
5188,_xmlSchematronRule*,,xml	Schematron	Rule*	null	,73
5189,_xmlSchematronRule*,,xml	Schematron	Rule*	null	,73
5190,_xmlSchematronRule*,,xml	Schematron	Rule*	null	,73
5191,_xmlSchematronRule*,,xml	Schematron	Rule*	null	,73
5192,_xmlSchematronTest*,,xml	Schematron	Test*	null	,71
5193,i8*,,i8*	null	,7
5194,_xmlPattern*,,xml	Pattern*	null	,49
5195,i8*,,i8*	null	,7
5196,i8*,,i8*	null	,7
5197,_xmlNode*,,xml	Node*	null	,8
5198,_xmlSchematron*,,xml	Schematron*	null	,69
5199,_xmlSchematronParserCtxt*,,xml	Schematron	Parser	Ctxt*	null	,68
5200,_xmlSchematronPattern*,,xml	Schematron	Pattern*	null	,72
5201,_xmlSchematronPattern*,,xml	Schematron	Pattern*	null	,72
5202,_xmlSchematronPattern*,,xml	Schematron	Pattern*	null	,72
5203,_xmlSchematronPattern*,,xml	Schematron	Pattern*	null	,72
5204,i8*,,i8*	null	,7
5205,_xmlSchematron*,,xml	Schematron*	null	,69
5206,_xmlSchematron*,,xml	Schematron*	null	,69
5207,i32,0,i32	constant	,1
5208,_xmlDoc*,,xml	Doc*	null	,2
5209,i8**,,i	null	,26
5210,i8*,,i8*	null	,7
5211,_xmlSchematronParserCtxt*,,xml	Schematron	Parser	Ctxt*	null	,68
5212,_xmlXPathContext*,,xml	X	Path	Context*	null	,65
5213,i32,0,i32	constant	,1
5214,i8*,,i8*	null	,7
5215,_xmlSchematronParserCtxt*,,xml	Schematron	Parser	Ctxt*	null	,68
5216,_xmlXPathContext*,,xml	X	Path	Context*	null	,65
5217,_xmlDoc*,,xml	Doc*	null	,2
5218,_xmlSchematronParserCtxt*,,xml	Schematron	Parser	Ctxt*	null	,68
5219,_xmlXPathContext*,,xml	X	Path	Context*	null	,65
5220,_xmlSchematronParserCtxt*,,xml	Schematron	Parser	Ctxt*	null	,68
5221,i32,0,i32	constant	,1
5222,_xmlDoc*,,xml	Doc*	null	,2
5223,_xmlXPathContext*,,xml	X	Path	Context*	null	,65
5224,i8**,,i	null	,26
5225,i8**,,i	null	,26
5226,i8**,,i	null	,26
5227,i32,2,i32	constant	,1
5228,i8**,,i	null	,26
5229,_xmlNode*,,xml	Node*	null	,8
5230,_xmlSchematronParserCtxt*,,xml	Schematron	Parser	Ctxt*	null	,68
5231,i8*,,i8*	null	,7
5232,i32,0,i32	constant	,1
5233,_xmlSchematronRule*,,xml	Schematron	Rule*	null	,73
5234,i32,0,i32	constant	,1
5235,i32,0,i32	constant	,1
5236,_xmlNs*,,xml	Ns*	null	,21
5237,i32,1,i32	constant	,1
5238,_xmlNode*,,xml	Node*	null	,8
5239,_xmlNode*,,xml	Node*	null	,8
5240,i32,0,i32	constant	,1
5241,i32,0,i32	constant	,1
5242,i32,0,i32	constant	,1
5243,_xmlNs*,,xml	Ns*	null	,21
5244,i32,1,i32	constant	,1
5245,_xmlNode*,,xml	Node*	null	,8
5246,i8*,,i8*	null	,7
5247,i32,0,i32	constant	,1
5248,_xmlSchematronTest*,,xml	Schematron	Test*	null	,71
5249,i32,0,i32	constant	,1
5250,i32,0,i32	constant	,1
5251,i32,0,i32	constant	,1
5252,_xmlNs*,,xml	Ns*	null	,21
5253,i32,1,i32	constant	,1
5254,_xmlNode*,,xml	Node*	null	,8
5255,i8*,,i8*	null	,7
5256,i32,0,i32	constant	,1
5257,_xmlSchematronTest*,,xml	Schematron	Test*	null	,71
5258,i32,0,i32	constant	,1
5259,i32,0,i32	constant	,1
5260,_xmlNs*,,xml	Ns*	null	,21
5261,i32,1,i32	constant	,1
5262,_xmlNode*,,xml	Node*	null	,8
5263,i32,0,i32	constant	,1
5264,_xmlNode*,,xml	Node*	null	,8
5265,_xmlSchematronParserCtxt*,,xml	Schematron	Parser	Ctxt*	null	,68
5266,i8*,,i8*	null	,7
5267,_xmlSchematronPattern*,,xml	Schematron	Pattern*	null	,72
5268,i8*,,i8*	null	,7
5269,i32,0,i32	constant	,1
5270,i32,0,i32	constant	,1
5271,_xmlNs*,,xml	Ns*	null	,21
5272,i32,1,i32	constant	,1
5273,_xmlNode*,,xml	Node*	null	,8
5274,_xmlNode*,,xml	Node*	null	,8
5275,i32,0,i32	constant	,1
5276,i32,0,i32	constant	,1
5277,i32,0,i32	constant	,1
5278,_xmlNs*,,xml	Ns*	null	,21
5279,i32,1,i32	constant	,1
5280,_xmlNode*,,xml	Node*	null	,8
5281,i32,0,i32	constant	,1
5282,i32,0,i32	constant	,1
5283,_xmlNs*,,xml	Ns*	null	,21
5284,i32,1,i32	constant	,1
5285,_xmlNode*,,xml	Node*	null	,8
5286,i32,0,i32	constant	,1
5287,i32,2,i32	constant	,1
5288,i32,5,i32	constant	,1
5289,i32,5,i32	constant	,1
5290,i32,2,i32	constant	,1
5291,i32,5,i32	constant	,1
5292,i32,5,i32	constant	,1
5293,i32,5,i32	constant	,1
5294,i32,1,i32	constant	,1
5295,,internal global _xmlNode* null,	constant	,6
5296,_xmlNode*,,xml	Node*	null	,8
5297,i32,2,i32	constant	,1
5298,i32,5,i32	constant	,1
5299,i32,5,i32	constant	,1
5300,i32,1,i32	constant	,1
5301,i32,2,i32	constant	,1
5302,i32,3,i32	constant	,1
5303,i32,4,i32	constant	,1
5304,i32,2,i32	constant	,1
5305,i32,5,i32	constant	,1
5306,i32,5,i32	constant	,1
5307,i32,5,i32	constant	,1
5308,i32,5,i32	constant	,1
5309,i32,2,i32	constant	,1
5310,i32,5,i32	constant	,1
5311,i32,5,i32	constant	,1
5312,i32,5,i32	constant	,1
5313,i32,5,i32	constant	,1
5314,i32,5,i32	constant	,1
5315,i32,5,i32	constant	,1
5316,i32,1,i32	constant	,1
5317,i32,2,i32	constant	,1
5318,i32,3,i32	constant	,1
5319,i32,4,i32	constant	,1
5320,i32,2,i32	constant	,1
5321,i32,5,i32	constant	,1
5322,i32,2,i32	constant	,1
5323,i32,2,i32	constant	,1
5324,i32,5,i32	constant	,1
5325,i32,5,i32	constant	,1
5326,i32,2,i32	constant	,1
5327,i32,1,i32	constant	,1
5328,i32,2,i32	constant	,1
5329,i32,3,i32	constant	,1
5330,i32,2,i32	constant	,1
5331,i32,5,i32	constant	,1
5332,i32,5,i32	constant	,1
5333,i32,5,i32	constant	,1
5334,i32,2,i32	constant	,1
5335,,internal global _xmlNode* null,	constant	,6
5336,_xmlNode*,,xml	Node*	null	,8
5337,i32,4,i32	constant	,1
5338,i32,2,i32	constant	,1
5339,i32,2,i32	constant	,1
5340,i32,5,i32	constant	,1
5341,i32,3,i32	constant	,1
5342,i32,2,i32	constant	,1
5343,i32,1,i32	constant	,1
5344,i32,2,i32	constant	,1
5345,i32,3,i32	constant	,1
5346,i32,4,i32	constant	,1
5347,i32,2,i32	constant	,1
5348,i32,5,i32	constant	,1
5349,i32,5,i32	constant	,1
5350,i32,3,i32	constant	,1
5351,i32,2,i32	constant	,1
5352,_xmlAttr*,,xml	Attr*	null	,18
5353,i32,2,i32	constant	,1
5354,i32,5,i32	constant	,1
5355,i32,5,i32	constant	,1
5356,i32,5,i32	constant	,1
5357,i32,3,i32	constant	,1
5358,i32,2,i32	constant	,1
5359,,internal global i32 0,	constant	,6
5360,i32,0,i32	constant	,1
5361,i32,1,i32	constant	,1
5362,i32,0,i32	constant	,1
5363,i32,2,i32	constant	,1
5364,i32,3,i32	constant	,1
5365,i32,1,i32	constant	,1
5366,i32,2,i32	constant	,1
5367,i32,3,i32	constant	,1
5368,i32,2,i32	constant	,1
5369,i32,2,i32	constant	,1
5370,i32,1,i32	constant	,1
5371,i32,1,i32	constant	,1
5372,i32,2,i32	constant	,1
5373,i32,3,i32	constant	,1
5374,i32,4,i32	constant	,1
5375,i32,2,i32	constant	,1
5376,i32,2,i32	constant	,1
5377,i32,3,i32	constant	,1
5378,i32,1,i32	constant	,1
5379,i32,2,i32	constant	,1
5380,i32,2,i32	constant	,1
5381,i32,2,i32	constant	,1
5382,i32,3,i32	constant	,1
5383,i32,4,i32	constant	,1
5384,i32,2,i32	constant	,1
5385,i32,2,i32	constant	,1
5386,i32,2,i32	constant	,1
5387,i32,3,i32	constant	,1
5388,i32,1,i32	constant	,1
5389,i32,2,i32	constant	,1
5390,i32,3,i32	constant	,1
5391,i32,2,i32	constant	,1
5392,i32,3,i32	constant	,1
5393,i32,4,i32	constant	,1
5394,i32,2,i32	constant	,1
5395,i32,3,i32	constant	,1
5396,i32,2,i32	constant	,1
5397,i32,3,i32	constant	,1
5398,i32,2,i32	constant	,1
5399,i32,3,i32	constant	,1
5400,i32,1,i32	constant	,1
5401,i32,2,i32	constant	,1
5402,i32,2,i32	constant	,1
5403,i32,3,i32	constant	,1
5404,i32,4,i32	constant	,1
5405,i32,2,i32	constant	,1
5406,i32,3,i32	constant	,1
5407,i32,2,i32	constant	,1
5408,i32,3,i32	constant	,1
5409,i32,2,i32	constant	,1
5410,i32,2,i32	constant	,1
5411,i32,1,i32	constant	,1
5412,i32,2,i32	constant	,1
5413,i32,3,i32	constant	,1
5414,,internal global i32 0,	constant	,6
5415,i32,0,i32	constant	,1
5416,i32,4,i32	constant	,1
5417,i32,0,i32	constant	,1
5418,i32,4,i32	constant	,1
5419,i32,4,i32	constant	,1
5420,i32,4,i32	constant	,1
5421,i32,4,i32	constant	,1
5422,i32,4,i32	constant	,1
5423,i32,8,i32	constant	,1
5424,i32,4,i32	constant	,1
5425,i32,8,i32	constant	,1
5426,i32,8,i32	constant	,1
5427,i32,4,i32	constant	,1
5428,i32,4,i32	constant	,1
5429,i32,4,i32	constant	,1
5430,i32,4,i32	constant	,1
5431,i32,4,i32	constant	,1
5432,i32,4,i32	constant	,1
5433,i32,4,i32	constant	,1
5434,i32,2,i32	constant	,1
5435,i32,4,i32	constant	,1
5436,i32,8,i32	constant	,1
5437,i32,4,i32	constant	,1
5438,i32,8,i32	constant	,1
5439,,internal global i32 0,	constant	,6
5440,i32,0,i32	constant	,1
5441,i32,0,i32	constant	,1
5442,i32,1,i32	constant	,1
5443,i32,1,i32	constant	,1
5444,i32,1,i32	constant	,1
5445,i32,6,i32	constant	,1
5446,i32,6,i32	constant	,1
5447,i32,1,i32	constant	,1
5448,i32,1,i32	constant	,1
5449,i32,8,i32	constant	,1
5450,i32,1,i32	constant	,1
5451,i32,8,i32	constant	,1
5452,i32,1,i32	constant	,1
5453,i32,1,i32	constant	,1
5454,i32,1,i32	constant	,1
5455,i32,2,i32	constant	,1
5456,i32,4,i32	constant	,1
5457,i32,1,i32	constant	,1
5458,i32,2,i32	constant	,1
5459,i32,6,i32	constant	,1
5460,i32,8,i32	constant	,1
5461,,internal global i32 0,	constant	,6
5462,i32,0,i32	constant	,1
5463,i32,0,i32	constant	,1
5464,i32,3,i32	constant	,1
5465,i32,1,i32	constant	,1
5466,i32,3,i32	constant	,1
5467,i32,5,i32	constant	,1
5468,i32,2,i32	constant	,1
5469,i32,3,i32	constant	,1
5470,i32,4,i32	constant	,1
5471,i32,4,i32	constant	,1
5472,i32,6,i32	constant	,1
5473,i32,3,i32	constant	,1
5474,i32,5,i32	constant	,1
5475,i32,8,i32	constant	,1
5476,i32,4,i32	constant	,1
5477,i32,5,i32	constant	,1
5478,i32,3,i32	constant	,1
5479,i32,8,i32	constant	,1
5480,i32,4,i32	constant	,1
5481,i32,5,i32	constant	,1
5482,i32,3,i32	constant	,1
5483,i32,4,i32	constant	,1
5484,i32,4,i32	constant	,1
5485,i32,8,i32	constant	,1
5486,i32,4,i32	constant	,1
5487,i32,5,i32	constant	,1
5488,i32,3,i32	constant	,1
5489,i32,3,i32	constant	,1
5490,i32,4,i32	constant	,1
5491,i32,4,i32	constant	,1
5492,i32,8,i32	constant	,1
5493,i32,4,i32	constant	,1
5494,i32,3,i32	constant	,1
5495,i32,5,i32	constant	,1
5496,i32,3,i32	constant	,1
5497,i32,4,i32	constant	,1
5498,i32,2,i32	constant	,1
5499,i32,1,i32	constant	,1
5500,i32,2,i32	constant	,1
5501,i32,1,i32	constant	,1
5502,i32,2,i32	constant	,1
5503,i32,2,i32	constant	,1
5504,i32,1,i32	constant	,1
5505,i32,4,i32	constant	,1
5506,i32,2,i32	constant	,1
5507,i32,8,i32	constant	,1
5508,i32,4,i32	constant	,1
5509,i32,1,i32	constant	,1
5510,i32,3,i32	constant	,1
5511,i32,4,i32	constant	,1
5512,i32,4,i32	constant	,1
5513,i32,8,i32	constant	,1
5514,i32,4,i32	constant	,1
5515,i32,3,i32	constant	,1
5516,i32,3,i32	constant	,1
5517,i32,8,i32	constant	,1
5518,i32,4,i32	constant	,1
5519,_xmlParserInput*,,xml	Parser	Input*	null	,17
5520,i32,4,i32	constant	,1
5521,i32,2,i32	constant	,1
5522,i32,3,i32	constant	,1
5523,i32,4,i32	constant	,1
5524,i32,5,i32	constant	,1
5525,i32,1,i32	constant	,1
5526,_xmlSAXHandler*,bitcast (%struct._xmlSAXHandlerV1* @xmlDefaultSAXHandler to %struct._xmlSAXHandler*),xml	S	A	X	Handler*	bitcast	struct	xml	S	A	X	Handler	V1* @xml	Default	S	A	X	Handler to %struct.	xml	S	A	X	Handler*)	,-1
5527,i32,4,i32	constant	,1
5528,i32,2,i32	constant	,1
5529,i32,3,i32	constant	,1
5530,i32,4,i32	constant	,1
5531,i32,5,i32	constant	,1
5532,i32,1,i32	constant	,1
5533,i32,4,i32	constant	,1
5534,_xmlSAXHandler*,bitcast (%struct._xmlSAXHandlerV1* @xmlDefaultSAXHandler to %struct._xmlSAXHandler*),xml	S	A	X	Handler*	bitcast	struct	xml	S	A	X	Handler	V1* @xml	Default	S	A	X	Handler to %struct.	xml	S	A	X	Handler*)	,-1
5535,i32,3,i32	constant	,1
5536,i32,4,i32	constant	,1
5537,i32,4,i32	constant	,1
5538,i32,4,i32	constant	,1
5539,_xmlParserCtxt*,,xml	Parser	Ctxt*	null	,32
5540,i32,1,i32	constant	,1
5541,i32,5,i32	constant	,1
5542,i32,3,i32	constant	,1
5543,i32,5,i32	constant	,1
5544,i32,4,i32	constant	,1
5545,i32,5,i32	constant	,1
5546,i32,1,i32	constant	,1
5547,i32,5,i32	constant	,1
5548,i32,5,i32	constant	,1
5549,i32,5,i32	constant	,1
5550,i32,3,i32	constant	,1
5551,_xmlParserCtxt*,,xml	Parser	Ctxt*	null	,32
5552,i32,8,i32	constant	,1
5553,i32,3,i32	constant	,1
5554,_xmlParserCtxt*,,xml	Parser	Ctxt*	null	,32
5555,i32,4,i32	constant	,1
5556,i32,2,i32	constant	,1
5557,i32,3,i32	constant	,1
5558,i32,4,i32	constant	,1
5559,i32,5,i32	constant	,1
5560,i32,5,i32	constant	,1
5561,i32,1,i32	constant	,1
5562,i32,8,i32	constant	,1
5563,i32,3,i32	constant	,1
5564,i32,4,i32	constant	,1
5565,i32,4,i32	constant	,1
5566,i32,5,i32	constant	,1
5567,i32,1,i32	constant	,1
5568,i32,4,i32	constant	,1
5569,i32,4,i32	constant	,1
5570,i32,3,i32	constant	,1
5571,i32,1,i32	constant	,1
5572,i32,1,i32	constant	,1
5573,i32,1,i32	constant	,1
5574,i32,2,i32	constant	,1
5575,i32,1,i32	constant	,1
5576,i32,1,i32	constant	,1
5577,i32,3,i32	constant	,1
5578,i32,5,i32	constant	,1
5579,i32,1,i32	constant	,1
5580,i32,1,i32	constant	,1
5581,i32,4,i32	constant	,1
5582,i32,1,i32	constant	,1
5583,i32,4,i32	constant	,1
5584,i32,0,i32	constant	,1
5585,i32,4,i32	constant	,1
5586,i32,5,i32	constant	,1
5587,i32,8,i32	constant	,1
5588,i32,4,i32	constant	,1
5589,i32,5,i32	constant	,1
5590,i32,8,i32	constant	,1
5591,i32,4,i32	constant	,1
5592,i32,5,i32	constant	,1
5593,i32,4,i32	constant	,1
5594,i32,4,i32	constant	,1
5595,i32,8,i32	constant	,1
5596,i32,4,i32	constant	,1
5597,i32,5,i32	constant	,1
5598,i32,3,i32	constant	,1
5599,i32,5,i32	constant	,1
5600,i32,8,i32	constant	,1
5601,i32,4,i32	constant	,1
5602,i32,4,i32	constant	,1
5603,i32,2,i32	constant	,1
5604,i32,5,i32	constant	,1
5605,i32,5,i32	constant	,1
5606,i32,4,i32	constant	,1
5607,i32,4,i32	constant	,1
5608,i32,2,i32	constant	,1
5609,i32,5,i32	constant	,1
5610,i32,4,i32	constant	,1
5611,i32,2,i32	constant	,1
5612,i32,8,i32	constant	,1
5613,i32,2,i32	constant	,1
5614,i32,8,i32	constant	,1
5615,i32,4,i32	constant	,1
5616,i32,2,i32	constant	,1
5617,i32,8,i32	constant	,1
5618,i32,4,i32	constant	,1
5619,i32,3,i32	constant	,1
5620,i32,2,i32	constant	,1
5621,i32,4,i32	constant	,1
5622,i32,4,i32	constant	,1
5623,i32,4,i32	constant	,1
5624,i32,2,i32	constant	,1
5625,i32,4,i32	constant	,1
5626,i32,4,i32	constant	,1
5627,i32,4,i32	constant	,1
5628,i32,3,i32	constant	,1
5629,i32,2,i32	constant	,1
5630,i32,3,i32	constant	,1
5631,i32,8,i32	constant	,1
5632,_xmlSAXHandler*,bitcast (%struct._xmlSAXHandlerV1* @xmlDefaultSAXHandler to %struct._xmlSAXHandler*),xml	S	A	X	Handler*	bitcast	struct	xml	S	A	X	Handler	V1* @xml	Default	S	A	X	Handler to %struct.	xml	S	A	X	Handler*)	,-1
5633,i32,2,i32	constant	,1
5634,i32,3,i32	constant	,1
5635,i32,4,i32	constant	,1
5636,i32,4,i32	constant	,1
5637,_xmlSAXHandler*,bitcast (%struct._xmlSAXHandlerV1* @xmlDefaultSAXHandler to %struct._xmlSAXHandler*),xml	S	A	X	Handler*	bitcast	struct	xml	S	A	X	Handler	V1* @xml	Default	S	A	X	Handler to %struct.	xml	S	A	X	Handler*)	,-1
5638,i32,3,i32	constant	,1
5639,i32,4,i32	constant	,1
5640,i32,2,i32	constant	,1
5641,i32,3,i32	constant	,1
5642,i32,5,i32	constant	,1
5643,i32,8,i32	constant	,1
5644,i32,3,i32	constant	,1
5645,i32,4,i32	constant	,1
5646,i32,1,i32	constant	,1
5647,i32,3,i32	constant	,1
5648,i32,4,i32	constant	,1
5649,,internal global i32 0,	constant	,6
5650,i32,0,i32	constant	,1
5651,i32,4,i32	constant	,1
5652,i32,6,i32	constant	,1
5653,i32,4,i32	constant	,1
5654,i32,0,i32	constant	,1
5655,i32,6,i32	constant	,1
5656,i32,4,i32	constant	,1
5657,i32,3,i32	constant	,1
5658,i32,3,i32	constant	,1
5659,i32,1,i32	constant	,1
5660,i32,3,i32	constant	,1
5661,i32,3,i32	constant	,1
5662,i32,5,i32	constant	,1
5663,i32,3,i32	constant	,1
5664,i32,3,i32	constant	,1
5665,i32,3,i32	constant	,1
5666,i32,5,i32	constant	,1
5667,i32,4,i32	constant	,1
5668,i32,2,i32	constant	,1
5669,i32,4,i32	constant	,1
5670,i32,2,i32	constant	,1
5671,i32,4,i32	constant	,1
5672,i32,5,i32	constant	,1
5673,i32,5,i32	constant	,1
5674,i32,5,i32	constant	,1
5675,i32,0,i32	constant	,1
5676,i32,0,i32	constant	,1
5677,i32,6,i32	constant	,1
5678,i32,4,i32	constant	,1
5679,i32,4,i32	constant	,1
5680,i32,6,i32	constant	,1
5681,i32,4,i32	constant	,1
5682,i32,3,i32	constant	,1
5683,i32,2,i32	constant	,1
5684,i32,3,i32	constant	,1
5685,i32,5,i32	constant	,1
5686,i32,8,i32	constant	,1
5687,i32,3,i32	constant	,1
5688,i32,4,i32	constant	,1
5689,i32,4,i32	constant	,1
5690,i32,4,i32	constant	,1
5691,i32,4,i32	constant	,1
5692,i32,3,i32	constant	,1
5693,i32,1,i32	constant	,1
5694,i32,3,i32	constant	,1
5695,i32,8,i32	constant	,1
5696,i32,3,i32	constant	,1
5697,i32,3,i32	constant	,1
5698,i32,5,i32	constant	,1
5699,i32,3,i32	constant	,1
5700,i32,1,i32	constant	,1
5701,i32,3,i32	constant	,1
5702,i32,3,i32	constant	,1
5703,i32,1,i32	constant	,1
5704,i32,0,i32	constant	,1
5705,i32,3,i32	constant	,1
5706,i32,5,i32	constant	,1
5707,i32,1,i32	constant	,1
5708,i32,3,i32	constant	,1
5709,i32,5,i32	constant	,1
5710,i32,2,i32	constant	,1
5711,i32,3,i32	constant	,1
5712,i32,5,i32	constant	,1
5713,i32,4,i32	constant	,1
5714,i32,4,i32	constant	,1
5715,i32,4,i32	constant	,1
5716,i32,4,i32	constant	,1
5717,i32,3,i32	constant	,1
5718,i32,5,i32	constant	,1
5719,i32,4,i32	constant	,1
5720,i32,4,i32	constant	,1
5721,i32,4,i32	constant	,1
5722,i32,4,i32	constant	,1
5723,i32,4,i32	constant	,1
5724,i32,3,i32	constant	,1
5725,i32,8,i32	constant	,1
5726,i32,4,i32	constant	,1
5727,i32,3,i32	constant	,1
5728,i32,4,i32	constant	,1
5729,i32,4,i32	constant	,1
5730,i32,3,i32	constant	,1
5731,i32,1,i32	constant	,1
5732,i32,1,i32	constant	,1
5733,i32,3,i32	constant	,1
5734,i32,1,i32	constant	,1
5735,,internal global i32 0,	constant	,6
5736,i32,0,i32	constant	,1
5737,i32,0,i32	constant	,1
5738,i32,1,i32	constant	,1
5739,i32,1,i32	constant	,1
5740,i32,3,i32	constant	,1
5741,i32,1,i32	constant	,1
5742,i32,1,i32	constant	,1
5743,i32,1,i32	constant	,1
5744,i32,1,i32	constant	,1
5745,i32,1,i32	constant	,1
5746,i32,5,i32	constant	,1
5747,i32,5,i32	constant	,1
5748,i32,3,i32	constant	,1
5749,i32,1,i32	constant	,1
5750,i32,5,i32	constant	,1
5751,i32,5,i32	constant	,1
5752,i32,4,i32	constant	,1
5753,i32,4,i32	constant	,1
5754,i32,8,i32	constant	,1
5755,i32,4,i32	constant	,1
5756,i32,4,i32	constant	,1
5757,i32,1,i32	constant	,1
5758,i32,5,i32	constant	,1
5759,i32,5,i32	constant	,1
5760,i32,4,i32	constant	,1
5761,i32,1,i32	constant	,1
5762,,internal global i32 0,	constant	,6
5763,i32,0,i32	constant	,1
5764,i32,0,i32	constant	,1
5765,i32,2,i32	constant	,1
5766,i32,1,i32	constant	,1
5767,i32,2,i32	constant	,1
5768,i32,1,i32	constant	,1
5769,i32,1,i32	constant	,1
5770,i32,1,i32	constant	,1
5771,i32,1,i32	constant	,1
5772,i32,1,i32	constant	,1
5773,i32,1,i32	constant	,1
5774,i32,1,i32	constant	,1
5775,i32,1,i32	constant	,1
5776,i32,1,i32	constant	,1
5777,i32,4,i32	constant	,1
5778,i32,4,i32	constant	,1
5779,i32,4,i32	constant	,1
5780,i32,4,i32	constant	,1
5781,i32,3,i32	constant	,1
5782,i32,1,i32	constant	,1
5783,i32,4,i32	constant	,1
5784,i32,1,i32	constant	,1
5785,i32,4,i32	constant	,1
5786,i32,3,i32	constant	,1
5787,i32,1,i32	constant	,1
5788,i32,4,i32	constant	,1
5789,i32,3,i32	constant	,1
5790,i32,1,i32	constant	,1
5791,i32,5,i32	constant	,1
5792,i32,4,i32	constant	,1
5793,i32,1,i32	constant	,1
5794,i32,4,i32	constant	,1
5795,i32,3,i32	constant	,1
5796,i32,1,i32	constant	,1
5797,i32,4,i32	constant	,1
5798,,internal global i32 0,	constant	,6
5799,i32,0,i32	constant	,1
5800,i32,0,i32	constant	,1
5801,,internal global i32 0,	constant	,6
5802,i32,0,i32	constant	,1
5803,i32,0,i32	constant	,1
5804,i32,3,i32	constant	,1
5805,i32,4,i32	constant	,1
5806,i32,1,i32	constant	,1
5807,i32,4,i32	constant	,1
5808,,internal global i32 0,	constant	,6
5809,i32,0,i32	constant	,1
5810,i32,0,i32	constant	,1
5811,i32,3,i32	constant	,1
5812,i32,3,i32	constant	,1
5813,_xmlNode*,,xml	Node*	null	,8
5814,i32,3,i32	constant	,1
5815,i32,3,i32	constant	,1
5816,_xmlNode*,,xml	Node*	null	,8
5817,i32,3,i32	constant	,1
5818,i32,3,i32	constant	,1
5819,_xmlNode*,,xml	Node*	null	,8
5820,i32,3,i32	constant	,1
5821,i32,3,i32	constant	,1
5822,_xmlNode*,,xml	Node*	null	,8
5823,i32,3,i32	constant	,1
5824,i32,3,i32	constant	,1
5825,_xmlNode*,,xml	Node*	null	,8
5826,i32,3,i32	constant	,1
5827,i32,4,i32	constant	,1
5828,i32,2,i32	constant	,1
5829,i32,5,i32	constant	,1
5830,i32,1,i32	constant	,1
5831,i32,1,i32	constant	,1
5832,i32,5,i32	constant	,1
5833,i32,1,i32	constant	,1
5834,i32,1,i32	constant	,1
5835,i32,1,i32	constant	,1
5836,i32,3,i32	constant	,1
5837,i32,5,i32	constant	,1
5838,i32,4,i32	constant	,1
5839,i32,3,i32	constant	,1
5840,i32,5,i32	constant	,1
5841,i32,4,i32	constant	,1
5842,i32,3,i32	constant	,1
5843,i32,4,i32	constant	,1
5844,i32,3,i32	constant	,1
5845,i32,5,i32	constant	,1
5846,i32,1,i32	constant	,1
5847,i32,3,i32	constant	,1
5848,i32,1,i32	constant	,1
5849,i32,3,i32	constant	,1
5850,i32,1,i32	constant	,1
5851,i32,3,i32	constant	,1
5852,i32,3,i32	constant	,1
5853,i32,1,i32	constant	,1
5854,i32,3,i32	constant	,1
5855,i32,3,i32	constant	,1
5856,i32,3,i32	constant	,1
5857,i32,4,i32	constant	,1
5858,,internal global i8* getelementptr inbounds ([16 x i8],	constant	,6
5859,i8*,,i8*	null	,7
5860,i32,2,i32	constant	,1
5861,_xmlBuffer*,,xml	Buffer*	null	,16
5862,i32,3,i32	constant	,1
5863,i32,3,i32	constant	,1
5864,i32,3,i32	constant	,1
5865,i32,5,i32	constant	,1
5866,i32,3,i32	constant	,1
5867,i32,4,i32	constant	,1
5868,i32,3,i32	constant	,1
5869,i32,5,i32	constant	,1
5870,i32,5,i32	constant	,1
5871,i32,5,i32	constant	,1
5872,i32,2,i32	constant	,1
5873,i32,4,i32	constant	,1
5874,i8*,,i8*	null	,7
5875,i32,3,i32	constant	,1
5876,i32,4,i32	constant	,1
5877,i32,4,i32	constant	,1
5878,i32,1,i32	constant	,1
5879,i32,3,i32	constant	,1
5880,i32,2,i32	constant	,1
5881,i32,1,i32	constant	,1
5882,i32,2,i32	constant	,1
5883,i32,2,i32	constant	,1
5884,_xmlNs*,,xml	Ns*	null	,21
5885,i32,4,i32	constant	,1
5886,i32,2,i32	constant	,1
5887,_xmlNs*,,xml	Ns*	null	,21
5888,i32,3,i32	constant	,1
5889,i32,4,i32	constant	,1
5890,i32,3,i32	constant	,1
5891,i32,3,i32	constant	,1
5892,i32,2,i32	constant	,1
5893,i32,3,i32	constant	,1
5894,i32,2,i32	constant	,1
5895,i32,4,i32	constant	,1
5896,i32,5,i32	constant	,1
5897,i32,5,i32	constant	,1
5898,i32,5,i32	constant	,1
5899,i32,1,i32	constant	,1
5900,i32,4,i32	constant	,1
5901,i32,3,i32	constant	,1
5902,i32,4,i32	constant	,1
5903,i32,3,i32	constant	,1
5904,i32,4,i32	constant	,1
5905,_xmlNode*,,xml	Node*	null	,8
5906,_xmlNode*,,xml	Node*	null	,8
5907,i32,1,i32	constant	,1
5908,i32,4,i32	constant	,1
5909,i32,3,i32	constant	,1
5910,i32,1,i32	constant	,1
5911,i32,4,i32	constant	,1
5912,i32,3,i32	constant	,1
5913,i32,4,i32	constant	,1
5914,i32,4,i32	constant	,1
5915,i32,1,i32	constant	,1
5916,i32,3,i32	constant	,1
5917,i32,4,i32	constant	,1
5918,i32,1,i32	constant	,1
5919,i32,4,i32	constant	,1
5920,i32,3,i32	constant	,1
5921,i32,4,i32	constant	,1
5922,i32,5,i32	constant	,1
5923,i32,3,i32	constant	,1
5924,i32,4,i32	constant	,1
5925,i32,4,i32	constant	,1
5926,i32,4,i32	constant	,1
5927,i32,3,i32	constant	,1
5928,i32,2,i32	constant	,1
5929,i32,4,i32	constant	,1
5930,i32,4,i32	constant	,1
5931,i32,1,i32	constant	,1
5932,i32,2,i32	constant	,1
5933,i32,4,i32	constant	,1
5934,i32,4,i32	constant	,1
5935,i32,1,i32	constant	,1
5936,i32,2,i32	constant	,1
5937,i32,4,i32	constant	,1
5938,i32,4,i32	constant	,1
5939,i32,4,i32	constant	,1
5940,i32,1,i32	constant	,1
5941,i32,2,i32	constant	,1
5942,i32,4,i32	constant	,1
5943,i32,1,i32	constant	,1
5944,i32,2,i32	constant	,1
5945,i32,4,i32	constant	,1
5946,i32,3,i32	constant	,1
5947,i32,2,i32	constant	,1
5948,i32,4,i32	constant	,1
5949,i32,4,i32	constant	,1
5950,i32,1,i32	constant	,1
5951,i32,4,i32	constant	,1
5952,i32,3,i32	constant	,1
5953,_xmlDoc*,,xml	Doc*	null	,2
5954,i32,2,i32	constant	,1
5955,i32,4,i32	constant	,1
5956,i32,3,i32	constant	,1
5957,i32,3,i32	constant	,1
5958,i32,1,i32	constant	,1
5959,i32,1,i32	constant	,1
5960,i32,4,i32	constant	,1
5961,i32,1,i32	constant	,1
5962,i32,1,i32	constant	,1
5963,i32,1,i32	constant	,1
5964,i32,5,i32	constant	,1
5965,i32,1,i32	constant	,1
5966,i32,1,i32	constant	,1
5967,i32,5,i32	constant	,1
5968,i32,5,i32	constant	,1
5969,i32,1,i32	constant	,1
5970,i32,5,i32	constant	,1
5971,i32,1,i32	constant	,1
5972,i32,5,i32	constant	,1
5973,i32,5,i32	constant	,1
5974,i32,1,i32	constant	,1
5975,i32,5,i32	constant	,1
5976,i32,1,i32	constant	,1
5977,i32,5,i32	constant	,1
5978,i32,5,i32	constant	,1
5979,i32,3,i32	constant	,1
5980,i32,1,i32	constant	,1
5981,i32,3,i32	constant	,1
5982,i32,4,i32	constant	,1
5983,i32,5,i32	constant	,1
5984,i32,4,i32	constant	,1
5985,i32,4,i32	constant	,1
5986,i32,5,i32	constant	,1
5987,i32,3,i32	constant	,1
5988,i32,2,i32	constant	,1
5989,i32,5,i32	constant	,1
5990,i32,5,i32	constant	,1
5991,i32,5,i32	constant	,1
5992,i32,5,i32	constant	,1
5993,i32,4,i32	constant	,1
5994,i32,5,i32	constant	,1
5995,i32,4,i32	constant	,1
5996,i32,4,i32	constant	,1
5997,i32,2,i32	constant	,1
5998,i32,5,i32	constant	,1
5999,i32,5,i32	constant	,1
6000,i32,5,i32	constant	,1
6001,i32,4,i32	constant	,1
6002,i32,2,i32	constant	,1
6003,i32,2,i32	constant	,1
6004,i32,5,i32	constant	,1
6005,i32,4,i32	constant	,1
6006,i32,5,i32	constant	,1
6007,i32,5,i32	constant	,1
6008,i32,4,i32	constant	,1
6009,i32,5,i32	constant	,1
6010,i32,5,i32	constant	,1
6011,i32,4,i32	constant	,1
6012,i32,2,i32	constant	,1
6013,i32,5,i32	constant	,1
6014,i32,5,i32	constant	,1
6015,i32,1,i32	constant	,1
6016,i32,5,i32	constant	,1
6017,i32,4,i32	constant	,1
6018,i32,5,i32	constant	,1
6019,i32,4,i32	constant	,1
6020,i32,4,i32	constant	,1
6021,i32,5,i32	constant	,1
6022,i32,5,i32	constant	,1
6023,i32,5,i32	constant	,1
6024,i32,2,i32	constant	,1
6025,i32,5,i32	constant	,1
6026,i32,2,i32	constant	,1
6027,i32,2,i32	constant	,1
6028,i32,3,i32	constant	,1
6029,i32,5,i32	constant	,1
6030,i32,5,i32	constant	,1
6031,_xmlNs*,,xml	Ns*	null	,21
6032,_xmlNode*,,xml	Node*	null	,8
6033,i32,3,i32	constant	,1
6034,i32,2,i32	constant	,1
6035,i32,5,i32	constant	,1
6036,i32,5,i32	constant	,1
6037,i32,3,i32	constant	,1
6038,i32,2,i32	constant	,1
6039,i32,2,i32	constant	,1
6040,i32,5,i32	constant	,1
6041,i32,5,i32	constant	,1
6042,i32,5,i32	constant	,1
6043,i32,3,i32	constant	,1
6044,i32,5,i32	constant	,1
6045,i32,5,i32	constant	,1
6046,i32,1,i32	constant	,1
6047,i32,4,i32	constant	,1
6048,i32,1,i32	constant	,1
6049,i32,5,i32	constant	,1
6050,i32,5,i32	constant	,1
6051,i32,3,i32	constant	,1
6052,i32,2,i32	constant	,1
6053,i32,5,i32	constant	,1
6054,i32,5,i32	constant	,1
6055,i32,5,i32	constant	,1
6056,i32,4,i32	constant	,1
6057,i32,3,i32	constant	,1
6058,i32,3,i32	constant	,1
6059,i32,5,i32	constant	,1
6060,i32,3,i32	constant	,1
6061,i32,5,i32	constant	,1
6062,i32,4,i32	constant	,1
6063,i32,3,i32	constant	,1
6064,i32,1,i32	constant	,1
6065,i32,3,i32	constant	,1
6066,i32,4,i32	constant	,1
6067,i32,3,i32	constant	,1
6068,i32,4,i32	constant	,1
6069,i32,4,i32	constant	,1
6070,i32,3,i32	constant	,1
6071,i32,2,i32	constant	,1
6072,i32,4,i32	constant	,1
6073,i32,3,i32	constant	,1
6074,i32,4,i32	constant	,1
6075,i32,4,i32	constant	,1
6076,i32,4,i32	constant	,1
6077,i32,1,i32	constant	,1
6078,i32,1,i32	constant	,1
6079,i32,1,i32	constant	,1
6080,i32,1,i32	constant	,1
6081,i32,1,i32	constant	,1
6082,i32,1,i32	constant	,1
6083,i32,1,i32	constant	,1
6084,i32,1,i32	constant	,1
6085,i32,4,i32	constant	,1
6086,i32,4,i32	constant	,1
6087,i32,1,i32	constant	,1
6088,i32,4,i32	constant	,1
6089,i32,3,i32	constant	,1
6090,i32,5,i32	constant	,1
6091,i32,3,i32	constant	,1
6092,i32,5,i32	constant	,1
6093,i32,3,i32	constant	,1
6094,i32,4,i32	constant	,1
6095,i32,4,i32	constant	,1
6096,i32,4,i32	constant	,1
6097,i32,3,i32	constant	,1
6098,i32,5,i32	constant	,1
6099,i32,4,i32	constant	,1
6100,i32,3,i32	constant	,1
6101,i32,5,i32	constant	,1
6102,_xmlParserCtxt*,,xml	Parser	Ctxt*	null	,32
6103,i32,3,i32	constant	,1
6104,i32,5,i32	constant	,1
6105,i32,3,i32	constant	,1
6106,i32,4,i32	constant	,1
6107,i32,3,i32	constant	,1
6108,i32,4,i32	constant	,1
6109,i32,3,i32	constant	,1
6110,i32,2,i32	constant	,1
6111,i32,3,i32	constant	,1
6112,i32,3,i32	constant	,1
6113,_xmlNode*,,xml	Node*	null	,8
6114,_xmlNode*,,xml	Node*	null	,8
6115,i32,6,i32	constant	,1
6116,i32,4,i32	constant	,1
6117,i32,6,i32	constant	,1
6118,i32,4,i32	constant	,1
6119,i32,4,i32	constant	,1
6120,i32,2,i32	constant	,1
6121,i32,4,i32	constant	,1
6122,i32,4,i32	constant	,1
6123,i32,6,i32	constant	,1
6124,i32,4,i32	constant	,1
6125,i32,4,i32	constant	,1
6126,i32,2,i32	constant	,1
6127,i32,4,i32	constant	,1
6128,i32,6,i32	constant	,1
6129,i32,4,i32	constant	,1
6130,i32,4,i32	constant	,1
6131,i32,4,i32	constant	,1
6132,i32,2,i32	constant	,1
6133,i32,4,i32	constant	,1
6134,i32,4,i32	constant	,1
6135,i32,4,i32	constant	,1
6136,i32,4,i32	constant	,1
6137,i32,3,i32	constant	,1
6138,i32,5,i32	constant	,1
6139,i32,4,i32	constant	,1
6140,i32,3,i32	constant	,1
6141,i32,5,i32	constant	,1
6142,i32,4,i32	constant	,1
6143,i32,4,i32	constant	,1
6144,i32,4,i32	constant	,1
6145,i32,4,i32	constant	,1
6146,i32,3,i32	constant	,1
6147,i32,2,i32	constant	,1
6148,i32,0,i32	constant	,1
6149,i32,3,i32	constant	,1
6150,i32,2,i32	constant	,1
6151,i32,5,i32	constant	,1
6152,i32,5,i32	constant	,1
6153,i32,3,i32	constant	,1
6154,i32,3,i32	constant	,1
6155,i32,5,i32	constant	,1
6156,i32,5,i32	constant	,1
6157,_xmlParserCtxt*,,xml	Parser	Ctxt*	null	,32
6158,i32,1,i32	constant	,1
6159,i32,5,i32	constant	,1
6160,i32,1,i32	constant	,1
6161,i32,5,i32	constant	,1
6162,i32,2,i32	constant	,1
6163,i32,1,i32	constant	,1
6164,i32,5,i32	constant	,1
6165,i32,1,i32	constant	,1
6166,i32,5,i32	constant	,1
6167,i32,4,i32	constant	,1
6168,i32,3,i32	constant	,1
6169,i32,5,i32	constant	,1
6170,i32,4,i32	constant	,1
6171,i32,3,i32	constant	,1
6172,i32,3,i32	constant	,1
6173,i32,3,i32	constant	,1
6174,_xmlNode*,,xml	Node*	null	,8
6175,i32,3,i32	constant	,1
6176,i32,2,i32	constant	,1
6177,i32,5,i32	constant	,1
6178,i32,3,i32	constant	,1
6179,i32,3,i32	constant	,1
6180,i32,5,i32	constant	,1
6181,i32,5,i32	constant	,1
6182,i32,4,i32	constant	,1
6183,i32,5,i32	constant	,1
6184,i32,4,i32	constant	,1
6185,i32,5,i32	constant	,1
6186,i32,4,i32	constant	,1
6187,i32,5,i32	constant	,1
6188,i32,4,i32	constant	,1
6189,,internal global i32 0,	constant	,6
6190,i32,0,i32	constant	,1
6191,i32,3,i32	constant	,1
6192,i32,1,i32	constant	,1
6193,i32,0,i32	constant	,1
6194,i32,5,i32	constant	,1
6195,i32,5,i32	constant	,1
6196,i32,5,i32	constant	,1
6197,i32,5,i32	constant	,1
6198,i32,5,i32	constant	,1
6199,i32,1,i32	constant	,1
6200,i32,1,i32	constant	,1
6201,i32,4,i32	constant	,1
6202,i32,5,i32	constant	,1
6203,i32,2,i32	constant	,1
6204,i32,1,i32	constant	,1
6205,i32,1,i32	constant	,1
6206,i32,5,i32	constant	,1
6207,i32,0,i32	constant	,1
6208,i32,8,i32	constant	,1
6209,i32,5,i32	constant	,1
6210,i32,5,i32	constant	,1
6211,i32,4,i32	constant	,1
6212,,internal global i32 0,	constant	,6
6213,i32,0,i32	constant	,1
6214,i32,0,i32	constant	,1
6215,i32,1,i32	constant	,1
6216,i32,2,i32	constant	,1
6217,i32,3,i32	constant	,1
6218,i32,5,i32	constant	,1
6219,i32,5,i32	constant	,1
6220,i32,5,i32	constant	,1
6221,i32,4,i32	constant	,1
6222,i32,4,i32	constant	,1
6223,i32,5,i32	constant	,1
6224,i32,1,i32	constant	,1
6225,i32,2,i32	constant	,1
6226,i32,3,i32	constant	,1
6227,i32,5,i32	constant	,1
6228,i32,4,i32	constant	,1
6229,i32,1,i32	constant	,1
6230,i32,2,i32	constant	,1
6231,i32,4,i32	constant	,1
6232,i32,1,i32	constant	,1
6233,i32,3,i32	constant	,1
6234,i32,1,i32	constant	,1
6235,i32,5,i32	constant	,1
6236,i32,8,i32	constant	,1
6237,i32,4,i32	constant	,1
6238,i32,4,i32	constant	,1
6239,i32,3,i32	constant	,1
6240,i32,1,i32	constant	,1
6241,i32,3,i32	constant	,1
6242,i32,1,i32	constant	,1
6243,i32,3,i32	constant	,1
6244,i32,1,i32	constant	,1
6245,i32,3,i32	constant	,1
6246,i32,1,i32	constant	,1
6247,i32,3,i32	constant	,1
6248,i32,1,i32	constant	,1
6249,i32,3,i32	constant	,1
6250,i32,1,i32	constant	,1
6251,i32,3,i32	constant	,1
6252,i32,5,i32	constant	,1
6253,i32,5,i32	constant	,1
6254,i32,3,i32	constant	,1
6255,i32,5,i32	constant	,1
6256,i32,3,i32	constant	,1
6257,i32,5,i32	constant	,1
6258,i32,5,i32	constant	,1
6259,i32,5,i32	constant	,1
6260,i32,3,i32	constant	,1
6261,i32,5,i32	constant	,1
6262,i32,5,i32	constant	,1
6263,i32,4,i32	constant	,1
6264,i32,5,i32	constant	,1
6265,i32,8,i32	constant	,1
6266,i32,4,i32	constant	,1
6267,i32,3,i32	constant	,1
6268,i32,2,i32	constant	,1
6269,i32,4,i32	constant	,1
6270,i32,4,i32	constant	,1
6271,i32,4,i32	constant	,1
6272,i32,5,i32	constant	,1
6273,i32,4,i32	constant	,1
6274,i32,3,i32	constant	,1
6275,i32,2,i32	constant	,1
6276,i32,4,i32	constant	,1
6277,i32,5,i32	constant	,1
6278,i32,4,i32	constant	,1
6279,i32,5,i32	constant	,1
6280,i32,4,i32	constant	,1
6281,i32,4,i32	constant	,1
6282,i32,2,i32	constant	,1
6283,i32,4,i32	constant	,1
6284,i32,2,i32	constant	,1
6285,i32,1,i32	constant	,1
6286,i32,4,i32	constant	,1
6287,i32,1,i32	constant	,1
6288,i32,4,i32	constant	,1
6289,i32,1,i32	constant	,1
6290,i32,1,i32	constant	,1
6291,i32,4,i32	constant	,1
6292,i32,0,i32	constant	,1
6293,i32,2,i32	constant	,1
6294,i32,1,i32	constant	,1
6295,i32,2,i32	constant	,1
6296,i32,4,i32	constant	,1
6297,i32,3,i32	constant	,1
6298,i32,5,i32	constant	,1
6299,i32,5,i32	constant	,1
6300,i32,1,i32	constant	,1
6301,i32,4,i32	constant	,1
6302,i32,1,i32	constant	,1
6303,i32,1,i32	constant	,1
6304,i32,2,i32	constant	,1
6305,i32,4,i32	constant	,1
6306,i32,4,i32	constant	,1
6307,i32,8,i32	constant	,1
6308,i32,4,i32	constant	,1
6309,i32,4,i32	constant	,1
6310,i32,3,i32	constant	,1
6311,i32,3,i32	constant	,1
6312,i32,1,i32	constant	,1
6313,i32,4,i32	constant	,1
6314,i32,2,i32	constant	,1
6315,i32,4,i32	constant	,1
6316,i32,3,i32	constant	,1
6317,i32,5,i32	constant	,1
6318,i32,5,i32	constant	,1
6319,i32,2,i32	constant	,1
6320,i32,3,i32	constant	,1
6321,i32,4,i32	constant	,1
6322,i32,1,i32	constant	,1
6323,i32,4,i32	constant	,1
6324,i32,5,i32	constant	,1
6325,i32,2,i32	constant	,1
6326,i32,4,i32	constant	,1
6327,i32,2,i32	constant	,1
6328,i32,4,i32	constant	,1
6329,i32,2,i32	constant	,1
6330,i32,4,i32	constant	,1
6331,i32,3,i32	constant	,1
6332,i32,2,i32	constant	,1
6333,i32,4,i32	constant	,1
6334,i32,2,i32	constant	,1
6335,i32,4,i32	constant	,1
6336,i32,3,i32	constant	,1
6337,i32,2,i32	constant	,1
6338,i32,4,i32	constant	,1
6339,i32,1,i32	constant	,1
6340,i32,5,i32	constant	,1
6341,i32,5,i32	constant	,1
6342,i32,5,i32	constant	,1
6343,i32,2,i32	constant	,1
6344,i32,4,i32	constant	,1
6345,i32,1,i32	constant	,1
6346,i32,5,i32	constant	,1
6347,i32,3,i32	constant	,1
6348,i32,2,i32	constant	,1
6349,i32,4,i32	constant	,1
6350,i32,1,i32	constant	,1
6351,i32,2,i32	constant	,1
6352,i32,4,i32	constant	,1
6353,i32,5,i32	constant	,1
6354,i32,2,i32	constant	,1
6355,i32,4,i32	constant	,1
6356,i32,3,i32	constant	,1
6357,i32,2,i32	constant	,1
6358,i32,5,i32	constant	,1
6359,i32,2,i32	constant	,1
6360,i32,4,i32	constant	,1
6361,i32,3,i32	constant	,1
6362,i32,2,i32	constant	,1
6363,i32,4,i32	constant	,1
6364,i32,3,i32	constant	,1
6365,i32,5,i32	constant	,1
6366,i32,2,i32	constant	,1
6367,i32,5,i32	constant	,1
6368,i32,2,i32	constant	,1
6369,i32,4,i32	constant	,1
6370,i32,3,i32	constant	,1
6371,i32,5,i32	constant	,1
6372,i32,2,i32	constant	,1
6373,i32,5,i32	constant	,1
6374,i32,4,i32	constant	,1
6375,i32,2,i32	constant	,1
6376,i32,4,i32	constant	,1
6377,i32,3,i32	constant	,1
6378,i32,5,i32	constant	,1
6379,i32,2,i32	constant	,1
6380,i32,4,i32	constant	,1
6381,,internal global i32 0,	constant	,6
6382,i32,0,i32	constant	,1
6383,i32,8,i32	constant	,1
6384,i32,4,i32	constant	,1
6385,i32,1,i32	constant	,1
6386,i32,3,i32	constant	,1
6387,i32,0,i32	constant	,1
6388,i32,4,i32	constant	,1
6389,i32,4,i32	constant	,1
6390,i32,4,i32	constant	,1
6391,i32,4,i32	constant	,1
6392,i32,4,i32	constant	,1
6393,i32,3,i32	constant	,1
6394,i32,1,i32	constant	,1
6395,i32,3,i32	constant	,1
6396,i32,3,i32	constant	,1
6397,i32,3,i32	constant	,1
6398,i32,4,i32	constant	,1
6399,i32,3,i32	constant	,1
6400,i32,4,i32	constant	,1
6401,i32,3,i32	constant	,1
6402,i32,1,i32	constant	,1
6403,i32,4,i32	constant	,1
6404,,internal global i32 0,	constant	,6
6405,i32,0,i32	constant	,1
6406,i32,0,i32	constant	,1
6407,i32,1,i32	constant	,1
6408,i32,4,i32	constant	,1
6409,i32,4,i32	constant	,1
6410,i32,3,i32	constant	,1
6411,i32,1,i32	constant	,1
6412,,internal global i32 0,	constant	,6
6413,i32,0,i32	constant	,1
6414,i32,2,i32	constant	,1
6415,i32,8,i32	constant	,1
6416,i32,8,i32	constant	,1
6417,i32,2,i32	constant	,1
6418,i32,1,i32	constant	,1
6419,i32,4,i32	constant	,1
6420,i32,2,i32	constant	,1
6421,i32,8,i32	constant	,1
6422,i32,8,i32	constant	,1
6423,i32,2,i32	constant	,1
6424,i32,1,i32	constant	,1
6425,i32,4,i32	constant	,1
6426,i32,0,i32	constant	,1
6427,i32,2,i32	constant	,1
6428,i32,8,i32	constant	,1
6429,i32,8,i32	constant	,1
6430,i32,2,i32	constant	,1
6431,i32,1,i32	constant	,1
6432,i32,4,i32	constant	,1
6433,i32,8,i32	constant	,1
6434,i32,4,i32	constant	,1
6435,i32,3,i32	constant	,1
6436,i32,2,i32	constant	,1
6437,i32,4,i32	constant	,1
6438,i32,4,i32	constant	,1
6439,i32,5,i32	constant	,1
6440,i32,4,i32	constant	,1
6441,i32,3,i32	constant	,1
6442,i32,1,i32	constant	,1
6443,i32,4,i32	constant	,1
6444,i32,1,i32	constant	,1
6445,i32,2,i32	constant	,1
6446,i32,1,i32	constant	,1
6447,i32,6,i32	constant	,1
6448,i32,1,i32	constant	,1
6449,i32,4,i32	constant	,1
6450,i32,2,i32	constant	,1
6451,i32,2,i32	constant	,1
6452,i32,2,i32	constant	,1
6453,i32,4,i32	constant	,1
6454,i32,4,i32	constant	,1
6455,i32,2,i32	constant	,1
6456,i32,4,i32	constant	,1
6457,i32,4,i32	constant	,1
6458,i32,4,i32	constant	,1
6459,i32,0,i32	constant	,1
6460,i32,0,i32	constant	,1
6461,i32,2,i32	constant	,1
6462,i32,4,i32	constant	,1
6463,i32,6,i32	constant	,1
6464,i32,4,i32	constant	,1
6465,i32,2,i32	constant	,1
6466,i32,4,i32	constant	,1
6467,i32,4,i32	constant	,1
6468,i32,4,i32	constant	,1
6469,i32,4,i32	constant	,1
6470,i32,4,i32	constant	,1
6471,i32,1,i32	constant	,1
6472,i32,4,i32	constant	,1
6473,i32,4,i32	constant	,1
6474,i32,4,i32	constant	,1
6475,i32,8,i32	constant	,1
6476,i32,4,i32	constant	,1
6477,i32,2,i32	constant	,1
6478,i32,8,i32	constant	,1
6479,i32,4,i32	constant	,1
6480,i32,4,i32	constant	,1
6481,i32,8,i32	constant	,1
6482,i32,4,i32	constant	,1
6483,,internal global i32 0,	constant	,6
6484,i32,0,i32	constant	,1
6485,i32,0,i32	constant	,1
6486,i32,1,i32	constant	,1
6487,i32,2,i32	constant	,1
6488,i32,4,i32	constant	,1
6489,i32,1,i32	constant	,1
6490,i32,4,i32	constant	,1
6491,i32,4,i32	constant	,1
6492,i32,1,i32	constant	,1
6493,i32,1,i32	constant	,1
6494,,internal global i32 0,	constant	,6
6495,i32,0,i32	constant	,1
6496,i32,0,i32	constant	,1
6497,i32,1,i32	constant	,1
6498,i32,1,i32	constant	,1
6499,i32,1,i32	constant	,1
6500,i32,2,i32	constant	,1
6501,i32,1,i32	constant	,1
6502,i32,1,i32	constant	,1
6503,i32,1,i32	constant	,1
6504,i32,4,i32	constant	,1
6505,i32,1,i32	constant	,1
6506,i32,2,i32	constant	,1
6507,,internal global i32 0,	constant	,6
6508,i32,0,i32	constant	,1
6509,i32,0,i32	constant	,1
6510,i32,1,i32	constant	,1
6511,i32,1,i32	constant	,1
6512,i32,4,i32	constant	,1
6513,i32,1,i32	constant	,1
6514,,internal global i32 0,	constant	,6
6515,i32,0,i32	constant	,1
6516,i32,0,i32	constant	,1
6517,i32,0,i32	constant	,1
6518,i32,8,i32	constant	,1
6519,i32,8,i32	constant	,1
6520,i32,8,i32	constant	,1
6521,i32,5,i32	constant	,1
6522,i32,8,i32	constant	,1
6523,i32,4,i32	constant	,1
6524,i32,5,i32	constant	,1
6525,i32,1,i32	constant	,1
6526,i32,8,i32	constant	,1
6527,i32,4,i32	constant	,1
6528,i32,5,i32	constant	,1
6529,i32,4,i32	constant	,1
6530,i32,4,i32	constant	,1
6531,i32,8,i32	constant	,1
6532,i32,4,i32	constant	,1
6533,i32,5,i32	constant	,1
6534,i32,2,i32	constant	,1
6535,i32,4,i32	constant	,1
6536,i32,5,i32	constant	,1
6537,i32,8,i32	constant	,1
6538,i32,4,i32	constant	,1
6539,i32,5,i32	constant	,1
6540,i32,4,i32	constant	,1
6541,i32,1,i32	constant	,1
6542,i32,2,i32	constant	,1
6543,i32,4,i32	constant	,1
6544,i32,4,i32	constant	,1
6545,i32,8,i32	constant	,1
6546,i32,4,i32	constant	,1
6547,i32,5,i32	constant	,1
6548,i32,4,i32	constant	,1
6549,i32,4,i32	constant	,1
6550,i32,4,i32	constant	,1
6551,i32,8,i32	constant	,1
6552,i32,4,i32	constant	,1
6553,i32,5,i32	constant	,1
6554,i32,4,i32	constant	,1
6555,i32,4,i32	constant	,1
6556,i32,4,i32	constant	,1
6557,i32,4,i32	constant	,1
6558,i32,4,i32	constant	,1
6559,i32,4,i32	constant	,1
6560,i32,4,i32	constant	,1
6561,i32,4,i32	constant	,1
6562,i32,4,i32	constant	,1
6563,i32,4,i32	constant	,1
6564,i32,4,i32	constant	,1
6565,i32,3,i32	constant	,1
6566,i32,4,i32	constant	,1
6567,i32,4,i32	constant	,1
6568,i32,4,i32	constant	,1
6569,i32,5,i32	constant	,1
6570,i32,4,i32	constant	,1
6571,i32,4,i32	constant	,1
6572,i32,4,i32	constant	,1
6573,i32,4,i32	constant	,1
6574,i32,4,i32	constant	,1
6575,i32,4,i32	constant	,1
6576,i32,4,i32	constant	,1
6577,i32,5,i32	constant	,1
6578,i32,4,i32	constant	,1
6579,i32,5,i32	constant	,1
6580,i32,4,i32	constant	,1
6581,i32,4,i32	constant	,1
6582,i32,0,i32	constant	,1
6583,i32,4,i32	constant	,1
6584,i32,5,i32	constant	,1
6585,i32,5,i32	constant	,1
6586,i32,4,i32	constant	,1
6587,i32,1,i32	constant	,1
6588,i32,1,i32	constant	,1
6589,i32,1,i32	constant	,1
6590,i32,4,i32	constant	,1
6591,i32,4,i32	constant	,1
6592,i32,4,i32	constant	,1
6593,i32,4,i32	constant	,1
6594,i32,2,i32	constant	,1
6595,i32,4,i32	constant	,1
6596,i32,4,i32	constant	,1
6597,i32,5,i32	constant	,1
6598,i32,5,i32	constant	,1
6599,i32,4,i32	constant	,1
6600,i32,4,i32	constant	,1
6601,i32,4,i32	constant	,1
6602,i32,4,i32	constant	,1
6603,i32,4,i32	constant	,1
6604,i32,4,i32	constant	,1
6605,i32,1,i32	constant	,1
6606,i32,1,i32	constant	,1
6607,i32,4,i32	constant	,1
6608,i32,5,i32	constant	,1
6609,i32,4,i32	constant	,1
6610,i32,5,i32	constant	,1
6611,i32,4,i32	constant	,1
6612,i32,4,i32	constant	,1
6613,i32,5,i32	constant	,1
6614,i32,5,i32	constant	,1
6615,i32,4,i32	constant	,1
6616,i32,5,i32	constant	,1
6617,i32,5,i32	constant	,1
6618,i32,4,i32	constant	,1
6619,i32,4,i32	constant	,1
6620,i32,4,i32	constant	,1
6621,i32,4,i32	constant	,1
6622,i32,4,i32	constant	,1
6623,i32,4,i32	constant	,1
6624,i32,4,i32	constant	,1
6625,i32,4,i32	constant	,1
6626,i32,4,i32	constant	,1
6627,i32,4,i32	constant	,1
6628,i32,4,i32	constant	,1
6629,i32,3,i32	constant	,1
6630,i32,4,i32	constant	,1
6631,i32,3,i32	constant	,1
6632,i32,4,i32	constant	,1
6633,i32,5,i32	constant	,1
6634,i32,1,i32	constant	,1
6635,i32,4,i32	constant	,1
6636,i32,0,i32	constant	,1
6637,i32,4,i32	constant	,1
6638,i32,4,i32	constant	,1
6639,i32,4,i32	constant	,1
6640,i32,1,i32	constant	,1
6641,i32,4,i32	constant	,1
6642,i32,1,i32	constant	,1
6643,i32,4,i32	constant	,1
6644,i32,4,i32	constant	,1
6645,i32,4,i32	constant	,1
6646,i32,1,i32	constant	,1
6647,i32,5,i32	constant	,1
6648,i32,4,i32	constant	,1
6649,i32,4,i32	constant	,1
6650,i32,4,i32	constant	,1
6651,i32,1,i32	constant	,1
6652,i32,5,i32	constant	,1
6653,i32,2,i32	constant	,1
6654,i32,4,i32	constant	,1
6655,i32,4,i32	constant	,1
6656,i32,4,i32	constant	,1
6657,i32,2,i32	constant	,1
6658,i32,4,i32	constant	,1
6659,i32,1,i32	constant	,1
6660,i32,4,i32	constant	,1
6661,i32,3,i32	constant	,1
6662,i32,4,i32	constant	,1
6663,i32,8,i32	constant	,1
6664,i32,8,i32	constant	,1
6665,i32,4,i32	constant	,1
6666,i32,5,i32	constant	,1
6667,i32,4,i32	constant	,1
6668,i32,4,i32	constant	,1
6669,i32,4,i32	constant	,1
6670,,internal global i32 0,	constant	,6
6671,i32,0,i32	constant	,1
6672,i32,0,i32	constant	,1
6673,i32,1,i32	constant	,1
6674,i32,1,i32	constant	,1
6675,i32,3,i32	constant	,1
6676,i32,1,i32	constant	,1
6677,i32,1,i32	constant	,1
6678,i32,1,i32	constant	,1
6679,i32,1,i32	constant	,1
6680,i32,4,i32	constant	,1
6681,i32,1,i32	constant	,1
6682,i32,1,i32	constant	,1
6683,i32,1,i32	constant	,1
6684,i32,4,i32	constant	,1
6685,i32,2,i32	constant	,1
6686,i32,4,i32	constant	,1
6687,i32,1,i32	constant	,1
6688,i32,3,i32	constant	,1
6689,i32,4,i32	constant	,1
6690,i32,4,i32	constant	,1
6691,i32,1,i32	constant	,1
6692,i32,1,i32	constant	,1
6693,i32,1,i32	constant	,1
6694,i32,1,i32	constant	,1
6695,i32,1,i32	constant	,1
6696,i32,1,i32	constant	,1
6697,i32,1,i32	constant	,1
6698,i32,2,i32	constant	,1
6699,i32,2,i32	constant	,1
6700,i32,1,i32	constant	,1
6701,i32,2,i32	constant	,1
6702,i32,1,i32	constant	,1
6703,i32,2,i32	constant	,1
6704,i32,2,i32	constant	,1
6705,i32,1,i32	constant	,1
6706,i32,2,i32	constant	,1
6707,i32,1,i32	constant	,1
6708,i32,5,i32	constant	,1
6709,i32,3,i32	constant	,1
6710,i32,1,i32	constant	,1
6711,i32,5,i32	constant	,1
6712,i32,5,i32	constant	,1
6713,i32,3,i32	constant	,1
6714,i32,1,i32	constant	,1
6715,i32,5,i32	constant	,1
6716,i32,0,i32	constant	,1
6717,i32,1,i32	constant	,1
6718,i32,2,i32	constant	,1
6719,i32,1,i32	constant	,1
6720,i32,2,i32	constant	,1
6721,,internal global i32 0,	constant	,6
6722,i32,0,i32	constant	,1
6723,i32,4,i32	constant	,1
6724,i32,3,i32	constant	,1
6725,i32,4,i32	constant	,1
6726,i32,0,i32	constant	,1
6727,i32,4,i32	constant	,1
6728,i32,1,i32	constant	,1
6729,i32,1,i32	constant	,1
6730,i32,4,i32	constant	,1
6731,i32,1,i32	constant	,1
6732,i32,1,i32	constant	,1
6733,i32,3,i32	constant	,1
6734,,internal global i32 0,	constant	,6
6735,i32,0,i32	constant	,1
6736,i32,0,i32	constant	,1
6737,i32,2,i32	constant	,1
6738,i32,1,i32	constant	,1
6739,i32,1,i32	constant	,1
6740,i32,1,i32	constant	,1
6741,i32,1,i32	constant	,1
6742,i32,1,i32	constant	,1
6743,i32,1,i32	constant	,1
6744,i32,1,i32	constant	,1
6745,i32,1,i32	constant	,1
6746,i32,1,i32	constant	,1
6747,i32,1,i32	constant	,1
6748,i32,4,i32	constant	,1
6749,i32,4,i32	constant	,1
6750,i32,4,i32	constant	,1
6751,i32,4,i32	constant	,1
6752,i32,2,i32	constant	,1
6753,i32,4,i32	constant	,1
6754,i32,3,i32	constant	,1
6755,i32,4,i32	constant	,1
6756,i32,1,i32	constant	,1
6757,i32,1,i32	constant	,1
6758,i32,4,i32	constant	,1
6759,i32,1,i32	constant	,1
6760,i32,1,i32	constant	,1
6761,i32,1,i32	constant	,1
6762,i32,4,i32	constant	,1
6763,i32,1,i32	constant	,1
6764,i32,8,i32	constant	,1
6765,i32,4,i32	constant	,1
6766,i32,0,i32	constant	,1
6767,i32,1,i32	constant	,1
6768,i32,3,i32	constant	,1
6769,i32,1,i32	constant	,1
6770,i32,8,i32	constant	,1
6771,i32,1,i32	constant	,1
6772,i32,8,i32	constant	,1
6773,i32,4,i32	constant	,1
6774,i32,2,i32	constant	,1
6775,i32,3,i32	constant	,1
6776,,internal global i32 0,	constant	,6
6777,i32,0,i32	constant	,1
6778,i32,6,i32	constant	,1
6779,i32,4,i32	constant	,1
6780,i32,0,i32	constant	,1
6781,i32,1,i32	constant	,1
6782,i32,1,i32	constant	,1
6783,i32,1,i32	constant	,1
6784,i32,5,i32	constant	,1
6785,i32,5,i32	constant	,1
6786,i32,1,i32	constant	,1
6787,i32,1,i32	constant	,1
6788,i32,1,i32	constant	,1
6789,i32,4,i32	constant	,1
6790,i32,1,i32	constant	,1
6791,i32,4,i32	constant	,1
6792,i32,1,i32	constant	,1
6793,i32,4,i32	constant	,1
6794,i32,1,i32	constant	,1
6795,i32,1,i32	constant	,1
6796,i32,1,i32	constant	,1
6797,i32,1,i32	constant	,1
6798,i32,4,i32	constant	,1
6799,i32,1,i32	constant	,1
6800,i32,6,i32	constant	,1
6801,i32,4,i32	constant	,1
6802,i32,4,i32	constant	,1
6803,i32,5,i32	constant	,1
6804,i32,5,i32	constant	,1
6805,i32,1,i32	constant	,1
6806,i32,1,i32	constant	,1
6807,i32,4,i32	constant	,1
6808,i32,1,i32	constant	,1
6809,i32,5,i32	constant	,1
6810,i32,1,i32	constant	,1
6811,i32,3,i32	constant	,1
6812,i32,1,i32	constant	,1
6813,i32,5,i32	constant	,1
6814,i32,1,i32	constant	,1
6815,i32,3,i32	constant	,1
6816,i32,1,i32	constant	,1
6817,i32,1,i32	constant	,1
6818,i32,5,i32	constant	,1
6819,i32,1,i32	constant	,1
6820,i32,1,i32	constant	,1
6821,i32,4,i32	constant	,1
6822,i32,4,i32	constant	,1
6823,i32,5,i32	constant	,1
6824,i32,1,i32	constant	,1
6825,i32,4,i32	constant	,1
6826,i32,0,i32	constant	,1
6827,i32,1,i32	constant	,1
6828,i32,1,i32	constant	,1
6829,i32,5,i32	constant	,1
6830,i32,1,i32	constant	,1
6831,i32,2,i32	constant	,1
6832,i32,1,i32	constant	,1
6833,i32,6,i32	constant	,1
6834,i32,4,i32	constant	,1
6835,i32,1,i32	constant	,1
6836,i32,4,i32	constant	,1
6837,i32,5,i32	constant	,1
6838,i32,1,i32	constant	,1
6839,i32,2,i32	constant	,1
6840,i32,4,i32	constant	,1
6841,i32,4,i32	constant	,1
6842,i32,4,i32	constant	,1
6843,i32,1,i32	constant	,1
6844,i32,5,i32	constant	,1
6845,i32,4,i32	constant	,1
6846,i32,2,i32	constant	,1
6847,i32,2,i32	constant	,1
6848,i32,1,i32	constant	,1
6849,i32,5,i32	constant	,1
6850,i32,1,i32	constant	,1
6851,i32,1,i32	constant	,1
6852,i32,1,i32	constant	,1
6853,i32,1,i32	constant	,1
6854,i32,1,i32	constant	,1
6855,i32,5,i32	constant	,1
6856,,internal global i32 0,	constant	,6
6857,i32,0,i32	constant	,1
6858,i32,0,i32	constant	,1
6859,i32,4,i32	constant	,1
6860,i32,4,i32	constant	,1
6861,i32,4,i32	constant	,1
6862,i32,1,i32	constant	,1
6863,i32,1,i32	constant	,1
6864,i32,2,i32	constant	,1
6865,i32,3,i32	constant	,1
6866,i32,5,i32	constant	,1
6867,i32,5,i32	constant	,1
6868,i32,5,i32	constant	,1
6869,i32,5,i32	constant	,1
6870,i32,5,i32	constant	,1
6871,i32,5,i32	constant	,1
6872,i32,5,i32	constant	,1
6873,i32,5,i32	constant	,1
6874,i32,5,i32	constant	,1
6875,i32,5,i32	constant	,1
6876,i32,5,i32	constant	,1
6877,i32,4,i32	constant	,1
6878,i32,5,i32	constant	,1
6879,i32,5,i32	constant	,1
6880,i32,5,i32	constant	,1
6881,i32,5,i32	constant	,1
6882,,internal global i32 0,	constant	,6
6883,i32,0,i32	constant	,1
6884,i32,5,i32	constant	,1
6885,i32,5,i32	constant	,1
6886,i32,4,i32	constant	,1
6887,i32,5,i32	constant	,1
6888,i32,5,i32	constant	,1
6889,i32,4,i32	constant	,1
6890,i32,5,i32	constant	,1
6891,i32,5,i32	constant	,1
6892,i32,4,i32	constant	,1
6893,i32,5,i32	constant	,1
6894,i32,4,i32	constant	,1
6895,i32,0,i32	constant	,1
6896,i32,5,i32	constant	,1
6897,i32,5,i32	constant	,1
6898,i32,0,i32	constant	,1
6899,i32,5,i32	constant	,1
6900,i32,4,i32	constant	,1
6901,i32,4,i32	constant	,1
6902,i32,5,i32	constant	,1
6903,i32,5,i32	constant	,1
6904,i32,5,i32	constant	,1
6905,i32,5,i32	constant	,1
6906,i32,5,i32	constant	,1
6907,i32,5,i32	constant	,1
6908,i32,5,i32	constant	,1
6909,i32,4,i32	constant	,1
6910,i32,5,i32	constant	,1
6911,i32,4,i32	constant	,1
6912,i32,5,i32	constant	,1
6913,i32,4,i32	constant	,1
6914,i32,5,i32	constant	,1
6915,i32,4,i32	constant	,1
6916,i32,4,i32	constant	,1
6917,,internal global i32 0,	constant	,6
6918,i32,0,i32	constant	,1
6919,i32,0,i32	constant	,1
6920,i32,4,i32	constant	,1
6921,i32,4,i32	constant	,1
6922,i32,4,i32	constant	,1
6923,i32,4,i32	constant	,1
6924,i32,4,i32	constant	,1
6925,i32,4,i32	constant	,1
6926,i32,4,i32	constant	,1
6927,i32,4,i32	constant	,1
6928,i32,4,i32	constant	,1
6929,i32,4,i32	constant	,1
6930,i32,4,i32	constant	,1
6931,i32,4,i32	constant	,1
6932,i32,4,i32	constant	,1
6933,i32,4,i32	constant	,1
6934,i32,4,i32	constant	,1
6935,i32,0,i32	constant	,1
6936,i32,4,i32	constant	,1
6937,i32,4,i32	constant	,1
6938,i32,4,i32	constant	,1
6939,i32,4,i32	constant	,1
6940,i32,4,i32	constant	,1
6941,i32,4,i32	constant	,1
6942,i32,2,i32	constant	,1
6943,i32,4,i32	constant	,1
6944,i32,5,i32	constant	,1
6945,i32,5,i32	constant	,1
6946,i32,4,i32	constant	,1
6947,i32,4,i32	constant	,1
6948,i32,4,i32	constant	,1
6949,i32,5,i32	constant	,1
6950,i32,1,i32	constant	,1
6951,i32,4,i32	constant	,1
6952,i32,4,i32	constant	,1
6953,i32,4,i32	constant	,1
6954,i32,4,i32	constant	,1
6955,_IO_FILE*,,I	O	F	I	L	E*	null	,14
6956,i32,4,i32	constant	,1
6957,i32,4,i32	constant	,1
6958,i32,4,i32	constant	,1
6959,i32,4,i32	constant	,1
6960,i32,4,i32	constant	,1
6961,i32,4,i32	constant	,1
6962,i32,4,i32	constant	,1
6963,i32,4,i32	constant	,1
6964,i32,4,i32	constant	,1
6965,i32,4,i32	constant	,1
6966,i32,4,i32	constant	,1
6967,i32,4,i32	constant	,1
6968,i32,4,i32	constant	,1
6969,i32,4,i32	constant	,1
6970,i32,2,i32	constant	,1
6971,i32,5,i32	constant	,1
6972,i32,4,i32	constant	,1
6973,i32,4,i32	constant	,1
6974,i32,4,i32	constant	,1
6975,i32,4,i32	constant	,1
6976,i32,4,i32	constant	,1
6977,i32,4,i32	constant	,1
6978,i32,4,i32	constant	,1
6979,i32,4,i32	constant	,1
6980,i32,4,i32	constant	,1
6981,i32,4,i32	constant	,1
6982,i32,4,i32	constant	,1
6983,_IO_FILE*,,I	O	F	I	L	E*	null	,14
6984,i32,4,i32	constant	,1
6985,i32,4,i32	constant	,1
6986,i32,4,i32	constant	,1
6987,i32,2,i32	constant	,1
6988,i32,5,i32	constant	,1
6989,i32,4,i32	constant	,1
6990,i32,4,i32	constant	,1
6991,i32,4,i32	constant	,1
6992,i32,4,i32	constant	,1
6993,i32,4,i32	constant	,1
6994,i32,4,i32	constant	,1
6995,i32,4,i32	constant	,1
6996,i32,4,i32	constant	,1
6997,i32,4,i32	constant	,1
6998,i32,4,i32	constant	,1
6999,i32,4,i32	constant	,1
7000,i32,4,i32	constant	,1
7001,i32,4,i32	constant	,1
7002,i32,2,i32	constant	,1
7003,i32,5,i32	constant	,1
7004,i32,4,i32	constant	,1
7005,i32,4,i32	constant	,1
7006,i32,4,i32	constant	,1
7007,i32,0,i32	constant	,1
7008,i32,4,i32	constant	,1
7009,i32,4,i32	constant	,1
7010,i32,1,i32	constant	,1
7011,i32,4,i32	constant	,1
7012,i32,4,i32	constant	,1
7013,i32,4,i32	constant	,1
7014,i32,2,i32	constant	,1
7015,i32,4,i32	constant	,1
7016,i32,4,i32	constant	,1
7017,i32,4,i32	constant	,1
7018,i32,3,i32	constant	,1
7019,i32,4,i32	constant	,1
7020,i32,2,i32	constant	,1
7021,i32,4,i32	constant	,1
7022,i32,5,i32	constant	,1
7023,i32,4,i32	constant	,1
7024,i32,1,i32	constant	,1
7025,i32,4,i32	constant	,1
7026,i32,4,i32	constant	,1
7027,i32,4,i32	constant	,1
7028,i32,4,i32	constant	,1
7029,i32,4,i32	constant	,1
7030,i32,4,i32	constant	,1
7031,i32,4,i32	constant	,1
7032,i32,4,i32	constant	,1
7033,i32,4,i32	constant	,1
7034,i32,4,i32	constant	,1
7035,i32,4,i32	constant	,1
7036,i32,4,i32	constant	,1
7037,i32,2,i32	constant	,1
7038,i32,4,i32	constant	,1
7039,i32,4,i32	constant	,1
7040,i32,4,i32	constant	,1
7041,i32,4,i32	constant	,1
7042,i32,4,i32	constant	,1
7043,i32,4,i32	constant	,1
7044,i32,4,i32	constant	,1
7045,i32,4,i32	constant	,1
7046,i32,4,i32	constant	,1
7047,i32,4,i32	constant	,1
7048,i32,2,i32	constant	,1
7049,i32,4,i32	constant	,1
7050,i32,5,i32	constant	,1
7051,i32,4,i32	constant	,1
7052,i32,4,i32	constant	,1
7053,i32,0,i32	constant	,1
7054,i32,4,i32	constant	,1
7055,i32,4,i32	constant	,1
7056,i32,4,i32	constant	,1
7057,i32,1,i32	constant	,1
7058,i32,4,i32	constant	,1
7059,i32,4,i32	constant	,1
7060,i32,4,i32	constant	,1
7061,i32,2,i32	constant	,1
7062,i32,4,i32	constant	,1
7063,i32,4,i32	constant	,1
7064,i32,4,i32	constant	,1
7065,i32,3,i32	constant	,1
7066,i32,4,i32	constant	,1
7067,i32,2,i32	constant	,1
7068,i32,5,i32	constant	,1
7069,i32,4,i32	constant	,1
7070,i32,5,i32	constant	,1
7071,i32,5,i32	constant	,1
7072,i32,4,i32	constant	,1
7073,i32,4,i32	constant	,1
7074,i32,4,i32	constant	,1
7075,i32,4,i32	constant	,1
7076,i32,4,i32	constant	,1
7077,i32,5,i32	constant	,1
7078,i32,4,i32	constant	,1
7079,i32,4,i32	constant	,1
7080,i32,6,i32	constant	,1
7081,i32,4,i32	constant	,1
7082,i32,4,i32	constant	,1
7083,i32,4,i32	constant	,1
7084,i32,4,i32	constant	,1
7085,i32,4,i32	constant	,1
7086,i32,4,i32	constant	,1
7087,i32,4,i32	constant	,1
7088,i32,4,i32	constant	,1
7089,i32,4,i32	constant	,1
7090,i32,2,i32	constant	,1
7091,i32,4,i32	constant	,1
7092,i32,5,i32	constant	,1
7093,i32,4,i32	constant	,1
7094,i32,5,i32	constant	,1
7095,i32,5,i32	constant	,1
7096,i32,4,i32	constant	,1
7097,i32,2,i32	constant	,1
7098,i32,4,i32	constant	,1
7099,i32,4,i32	constant	,1
7100,i32,4,i32	constant	,1
7101,i32,4,i32	constant	,1
7102,i32,4,i32	constant	,1
7103,i32,4,i32	constant	,1
7104,i32,4,i32	constant	,1
7105,i32,4,i32	constant	,1
7106,i32,4,i32	constant	,1
7107,i32,4,i32	constant	,1
7108,i32,4,i32	constant	,1
7109,i32,4,i32	constant	,1
7110,i32,4,i32	constant	,1
7111,i32,4,i32	constant	,1
7112,i32,4,i32	constant	,1
7113,i32,4,i32	constant	,1
7114,i32,0,i32	constant	,1
7115,i32,2,i32	constant	,1
7116,i32,4,i32	constant	,1
7117,i32,5,i32	constant	,1
7118,i32,5,i32	constant	,1
7119,i32,5,i32	constant	,1
7120,i32,4,i32	constant	,1
7121,i32,4,i32	constant	,1
7122,i32,4,i32	constant	,1
7123,i32,4,i32	constant	,1
7124,i32,4,i32	constant	,1
7125,i32,4,i32	constant	,1
7126,i32,4,i32	constant	,1
7127,i32,4,i32	constant	,1
7128,i32,4,i32	constant	,1
7129,i32,4,i32	constant	,1
7130,i32,4,i32	constant	,1
7131,i32,4,i32	constant	,1
7132,i32,4,i32	constant	,1
7133,i32,2,i32	constant	,1
7134,i32,4,i32	constant	,1
7135,i32,4,i32	constant	,1
7136,i32,4,i32	constant	,1
7137,i32,4,i32	constant	,1
7138,i32,4,i32	constant	,1
7139,i32,4,i32	constant	,1
7140,,internal global i32 0,	constant	,6
7141,i32,0,i32	constant	,1
7142,i32,2,i32	constant	,1
7143,i32,5,i32	constant	,1
7144,i32,0,i32	constant	,1
7145,i32,2,i32	constant	,1
7146,_xmlTextWriter*,,xml	Text	Writer*	null	,74
7147,i32,0,i32	constant	,1
7148,i32,6,i32	constant	,1
7149,i32,4,i32	constant	,1
7150,i32,3,i32	constant	,1
7151,i32,4,i32	constant	,1
7152,i32,3,i32	constant	,1
7153,i32,4,i32	constant	,1
7154,i32,1,i32	constant	,1
7155,_xmlTextWriter*,,xml	Text	Writer*	null	,74
7156,_xmlParserCtxt*,,xml	Parser	Ctxt*	null	,32
7157,i32,4,i32	constant	,1
7158,i32,3,i32	constant	,1
7159,i32,4,i32	constant	,1
7160,i32,2,i32	constant	,1
7161,i32,2,i32	constant	,1
7162,i32,2,i32	constant	,1
7163,i32,2,i32	constant	,1
7164,i32,2,i32	constant	,1
7165,i32,2,i32	constant	,1
7166,i32,3,i32	constant	,1
7167,i32,2,i32	constant	,1
7168,i32,2,i32	constant	,1
7169,i32,2,i32	constant	,1
7170,i32,4,i32	constant	,1
7171,i32,2,i32	constant	,1
7172,i32,2,i32	constant	,1
7173,i32,2,i32	constant	,1
7174,i32,2,i32	constant	,1
7175,i32,2,i32	constant	,1
7176,i32,2,i32	constant	,1
7177,i32,4,i32	constant	,1
7178,i32,2,i32	constant	,1
7179,i32,5,i32	constant	,1
7180,i32,2,i32	constant	,1
7181,i32,5,i32	constant	,1
7182,i32,2,i32	constant	,1
7183,i32,4,i32	constant	,1
7184,i32,2,i32	constant	,1
7185,i32,5,i32	constant	,1
7186,i32,2,i32	constant	,1
7187,i32,5,i32	constant	,1
7188,i32,5,i32	constant	,1
7189,i32,5,i32	constant	,1
7190,i32,2,i32	constant	,1
7191,i32,2,i32	constant	,1
7192,i32,2,i32	constant	,1
7193,i32,5,i32	constant	,1
7194,i32,5,i32	constant	,1
7195,i32,5,i32	constant	,1
7196,i32,2,i32	constant	,1
7197,i32,5,i32	constant	,1
7198,i32,2,i32	constant	,1
7199,i32,5,i32	constant	,1
7200,i32,2,i32	constant	,1
7201,i32,2,i32	constant	,1
7202,i32,4,i32	constant	,1
7203,i32,5,i32	constant	,1
7204,i32,2,i32	constant	,1
7205,i32,4,i32	constant	,1
7206,i32,4,i32	constant	,1
7207,i32,4,i32	constant	,1
7208,i32,2,i32	constant	,1
7209,i32,5,i32	constant	,1
7210,i32,2,i32	constant	,1
7211,i32,5,i32	constant	,1
7212,i32,5,i32	constant	,1
7213,i32,5,i32	constant	,1
7214,i32,0,i32	constant	,1
7215,i32,2,i32	constant	,1
7216,i32,5,i32	constant	,1
7217,i32,2,i32	constant	,1
7218,i32,5,i32	constant	,1
7219,i32,5,i32	constant	,1
7220,i32,1,i32	constant	,1
7221,i32,2,i32	constant	,1
7222,i32,2,i32	constant	,1
7223,i32,5,i32	constant	,1
7224,i32,5,i32	constant	,1
7225,i32,5,i32	constant	,1
7226,i32,5,i32	constant	,1
7227,i32,2,i32	constant	,1
7228,i32,4,i32	constant	,1
7229,i32,4,i32	constant	,1
7230,i32,4,i32	constant	,1
7231,i32,2,i32	constant	,1
7232,i32,4,i32	constant	,1
7233,i32,4,i32	constant	,1
7234,i32,4,i32	constant	,1
7235,i32,2,i32	constant	,1
7236,i32,5,i32	constant	,1
7237,i32,2,i32	constant	,1
7238,i32,5,i32	constant	,1
7239,i32,2,i32	constant	,1
7240,i32,5,i32	constant	,1
7241,i32,5,i32	constant	,1
7242,i32,5,i32	constant	,1
7243,i32,5,i32	constant	,1
7244,i32,2,i32	constant	,1
7245,i32,5,i32	constant	,1
7246,i32,5,i32	constant	,1
7247,i32,2,i32	constant	,1
7248,i32,2,i32	constant	,1
7249,i32,5,i32	constant	,1
7250,i32,5,i32	constant	,1
7251,_xmlParserCtxt*,,xml	Parser	Ctxt*	null	,32
7252,i32,2,i32	constant	,1
7253,i32,4,i32	constant	,1
7254,i32,5,i32	constant	,1
7255,i32,5,i32	constant	,1
7256,i32,5,i32	constant	,1
7257,i32,5,i32	constant	,1
7258,i32,5,i32	constant	,1
7259,i32,2,i32	constant	,1
7260,i32,4,i32	constant	,1
7261,i32,5,i32	constant	,1
7262,i32,5,i32	constant	,1
7263,i32,5,i32	constant	,1
7264,i32,5,i32	constant	,1
7265,i32,2,i32	constant	,1
7266,i32,5,i32	constant	,1
7267,i32,5,i32	constant	,1
7268,i32,5,i32	constant	,1
7269,i32,2,i32	constant	,1
7270,i32,4,i32	constant	,1
7271,i32,5,i32	constant	,1
7272,i32,5,i32	constant	,1
7273,i32,2,i32	constant	,1
7274,i32,2,i32	constant	,1
7275,i32,5,i32	constant	,1
7276,i32,5,i32	constant	,1
7277,i32,5,i32	constant	,1
7278,i32,2,i32	constant	,1
7279,i32,5,i32	constant	,1
7280,i32,5,i32	constant	,1
7281,i32,2,i32	constant	,1
7282,i32,5,i32	constant	,1
7283,i32,5,i32	constant	,1
7284,i32,5,i32	constant	,1
7285,i32,5,i32	constant	,1
7286,i32,2,i32	constant	,1
7287,i32,5,i32	constant	,1
7288,i32,5,i32	constant	,1
7289,i32,2,i32	constant	,1
7290,i32,5,i32	constant	,1
7291,i32,2,i32	constant	,1
7292,i32,5,i32	constant	,1
7293,i32,4,i32	constant	,1
7294,i32,2,i32	constant	,1
7295,i32,5,i32	constant	,1
7296,i32,4,i32	constant	,1
7297,i32,0,i32	constant	,1
7298,i32,2,i32	constant	,1
7299,i32,5,i32	constant	,1
7300,,internal global i32 0,	constant	,6
7301,i32,0,i32	constant	,1
7302,i32,0,i32	constant	,1
7303,i32,4,i32	constant	,1
7304,i32,4,i32	constant	,1
7305,i32,1,i32	constant	,1
7306,i32,1,i32	constant	,1
7307,i32,1,i32	constant	,1
7308,i32,1,i32	constant	,1
7309,i32,4,i32	constant	,1
7310,i32,3,i32	constant	,1
7311,i32,3,i32	constant	,1
7312,i32,4,i32	constant	,1
7313,i32,4,i32	constant	,1
7314,i32,5,i32	constant	,1
7315,i32,5,i32	constant	,1
7316,i32,5,i32	constant	,1
7317,i32,5,i32	constant	,1
7318,i32,5,i32	constant	,1
7319,i32,3,i32	constant	,1
7320,i32,3,i32	constant	,1
7321,i32,1,i32	constant	,1
7322,i32,1,i32	constant	,1
7323,i32,1,i32	constant	,1
7324,i32,1,i32	constant	,1
7325,i32,1,i32	constant	,1
7326,i32,1,i32	constant	,1
7327,i32,4,i32	constant	,1
7328,i32,4,i32	constant	,1
7329,i32,4,i32	constant	,1
7330,i32,5,i32	constant	,1
7331,i32,5,i32	constant	,1
7332,i32,0,i32	constant	,1
7333,i32,5,i32	constant	,1
7334,i32,5,i32	constant	,1
7335,i32,1,i32	constant	,1
7336,i32,1,i32	constant	,1
7337,i32,5,i32	constant	,1
7338,i32,1,i32	constant	,1
7339,i32,1,i32	constant	,1
7340,i32,5,i32	constant	,1
7341,i32,4,i32	constant	,1
7342,i32,4,i32	constant	,1
7343,i32,3,i32	constant	,1
7344,i32,5,i32	constant	,1
7345,i32,1,i32	constant	,1
7346,i32,3,i32	constant	,1
7347,i32,5,i32	constant	,1
7348,i32,4,i32	constant	,1
7349,i32,3,i32	constant	,1
7350,i32,1,i32	constant	,1
7351,i32,2,i32	constant	,1
7352,i32,5,i32	constant	,1
7353,i32,5,i32	constant	,1
7354,,internal global i32 0,	constant	,6
7355,i32,0,i32	constant	,1
7356,i32,5,i32	constant	,1
7357,i32,0,i32	constant	,1
7358,i32,1,i32	constant	,1
7359,i32,1,i32	constant	,1
7360,i32,5,i32	constant	,1
7361,_xmlValidCtxt*,,xml	Valid	Ctxt*	null	,75
7362,i32,1,i32	constant	,1
7363,i32,1,i32	constant	,1
7364,i32,4,i32	constant	,1
7365,i32,1,i32	constant	,1
7366,i32,4,i32	constant	,1
7367,i32,1,i32	constant	,1
7368,i32,4,i32	constant	,1
7369,i32,4,i32	constant	,1
7370,i32,1,i32	constant	,1
7371,i32,4,i32	constant	,1
7372,i32,1,i32	constant	,1
7373,i32,4,i32	constant	,1
7374,i32,1,i32	constant	,1
7375,i32,4,i32	constant	,1
7376,i32,2,i32	constant	,1
7377,i32,1,i32	constant	,1
7378,i32,4,i32	constant	,1
7379,i32,2,i32	constant	,1
7380,i32,2,i32	constant	,1
7381,i32,5,i32	constant	,1
7382,i32,4,i32	constant	,1
7383,i32,1,i32	constant	,1
7384,i32,1,i32	constant	,1
7385,i32,1,i32	constant	,1
7386,i32,1,i32	constant	,1
7387,i32,1,i32	constant	,1
7388,i32,1,i32	constant	,1
7389,i32,1,i32	constant	,1
7390,i32,4,i32	constant	,1
7391,i32,1,i32	constant	,1
7392,i32,1,i32	constant	,1
7393,i32,5,i32	constant	,1
7394,i32,1,i32	constant	,1
7395,i32,4,i32	constant	,1
7396,i32,2,i32	constant	,1
7397,i32,5,i32	constant	,1
7398,i32,5,i32	constant	,1
7399,i32,5,i32	constant	,1
7400,i32,1,i32	constant	,1
7401,i32,4,i32	constant	,1
7402,i32,1,i32	constant	,1
7403,i32,1,i32	constant	,1
7404,i32,0,i32	constant	,1
7405,i32,1,i32	constant	,1
7406,i32,4,i32	constant	,1
7407,i32,1,i32	constant	,1
7408,i32,1,i32	constant	,1
7409,i32,5,i32	constant	,1
7410,i32,1,i32	constant	,1
7411,i32,1,i32	constant	,1
7412,i32,4,i32	constant	,1
7413,i32,1,i32	constant	,1
7414,i32,4,i32	constant	,1
7415,i32,1,i32	constant	,1
7416,i32,1,i32	constant	,1
7417,i32,2,i32	constant	,1
7418,i32,1,i32	constant	,1
7419,i32,1,i32	constant	,1
7420,i32,1,i32	constant	,1
7421,i32,4,i32	constant	,1
7422,i32,3,i32	constant	,1
7423,i32,1,i32	constant	,1
7424,i32,1,i32	constant	,1
7425,i32,2,i32	constant	,1
7426,i32,5,i32	constant	,1
7427,i32,1,i32	constant	,1
7428,i32,4,i32	constant	,1
7429,i32,5,i32	constant	,1
7430,i32,4,i32	constant	,1
7431,i32,4,i32	constant	,1
7432,i32,4,i32	constant	,1
7433,i32,4,i32	constant	,1
7434,i32,5,i32	constant	,1
7435,i32,3,i32	constant	,1
7436,i32,1,i32	constant	,1
7437,i32,5,i32	constant	,1
7438,i32,6,i32	constant	,1
7439,i32,1,i32	constant	,1
7440,i32,3,i32	constant	,1
7441,i32,1,i32	constant	,1
7442,i32,3,i32	constant	,1
7443,i32,1,i32	constant	,1
7444,i32,3,i32	constant	,1
7445,i32,1,i32	constant	,1
7446,i32,3,i32	constant	,1
7447,i32,2,i32	constant	,1
7448,i32,5,i32	constant	,1
7449,i32,1,i32	constant	,1
7450,i32,3,i32	constant	,1
7451,i32,1,i32	constant	,1
7452,i32,3,i32	constant	,1
7453,i32,1,i32	constant	,1
7454,i32,3,i32	constant	,1
7455,i32,1,i32	constant	,1
7456,i32,3,i32	constant	,1
7457,i32,1,i32	constant	,1
7458,i32,3,i32	constant	,1
7459,i32,1,i32	constant	,1
7460,i32,3,i32	constant	,1
7461,i32,1,i32	constant	,1
7462,i32,3,i32	constant	,1
7463,i32,1,i32	constant	,1
7464,i32,3,i32	constant	,1
7465,i32,1,i32	constant	,1
7466,i32,3,i32	constant	,1
7467,i32,1,i32	constant	,1
7468,i32,3,i32	constant	,1
7469,i32,2,i32	constant	,1
7470,i32,5,i32	constant	,1
7471,i32,5,i32	constant	,1
7472,i32,1,i32	constant	,1
7473,i32,3,i32	constant	,1
7474,i32,1,i32	constant	,1
7475,i32,3,i32	constant	,1
7476,i32,1,i32	constant	,1
7477,i32,3,i32	constant	,1
7478,i32,2,i32	constant	,1
7479,i32,1,i32	constant	,1
7480,i32,3,i32	constant	,1
7481,i32,1,i32	constant	,1
7482,i32,3,i32	constant	,1
7483,i32,1,i32	constant	,1
7484,i32,3,i32	constant	,1
7485,i32,1,i32	constant	,1
7486,i32,1,i32	constant	,1
7487,i32,1,i32	constant	,1
7488,i32,4,i32	constant	,1
7489,i32,0,i32	constant	,1
7490,i32,1,i32	constant	,1
7491,i32,1,i32	constant	,1
7492,i32,3,i32	constant	,1
7493,i32,1,i32	constant	,1
7494,i32,1,i32	constant	,1
7495,i32,3,i32	constant	,1
7496,i32,1,i32	constant	,1
7497,i32,4,i32	constant	,1
7498,i32,2,i32	constant	,1
7499,i32,1,i32	constant	,1
7500,i32,1,i32	constant	,1
7501,i32,2,i32	constant	,1
7502,i32,1,i32	constant	,1
7503,i32,4,i32	constant	,1
7504,i32,1,i32	constant	,1
7505,i32,5,i32	constant	,1
7506,i32,1,i32	constant	,1
7507,i32,4,i32	constant	,1
7508,i32,1,i32	constant	,1
7509,i32,1,i32	constant	,1
7510,i32,1,i32	constant	,1
7511,i32,1,i32	constant	,1
7512,i32,1,i32	constant	,1
7513,i32,1,i32	constant	,1
7514,i32,2,i32	constant	,1
7515,i32,1,i32	constant	,1
7516,i32,1,i32	constant	,1
7517,i32,4,i32	constant	,1
7518,,internal global _xmlDoc* null,	constant	,6
7519,,internal global _xmlDoc* null,	constant	,6
7520,_xmlDoc*,,xml	Doc*	null	,2
7521,i32,1,i32	constant	,1
7522,i32,1,i32	constant	,1
7523,i32,5,i32	constant	,1
7524,i32,5,i32	constant	,1
7525,i32,1,i32	constant	,1
7526,i32,5,i32	constant	,1
7527,i32,5,i32	constant	,1
7528,i32,1,i32	constant	,1
7529,i32,5,i32	constant	,1
7530,i32,5,i32	constant	,1
7531,i32,5,i32	constant	,1
7532,i32,1,i32	constant	,1
7533,i32,1,i32	constant	,1
7534,i32,2,i32	constant	,1
7535,i32,5,i32	constant	,1
7536,i32,1,i32	constant	,1
7537,i32,1,i32	constant	,1
7538,i32,1,i32	constant	,1
7539,i32,1,i32	constant	,1
7540,i32,4,i32	constant	,1
7541,i32,1,i32	constant	,1
7542,i32,4,i32	constant	,1
7543,i32,5,i32	constant	,1
7544,i32,1,i32	constant	,1
7545,i32,4,i32	constant	,1
7546,i32,1,i32	constant	,1
7547,i32,4,i32	constant	,1
7548,i32,1,i32	constant	,1
7549,i32,1,i32	constant	,1
7550,i32,4,i32	constant	,1
7551,i32,0,i32	constant	,1
7552,i32,1,i32	constant	,1
7553,i32,4,i32	constant	,1
7554,i32,1,i32	constant	,1
7555,i32,4,i32	constant	,1
7556,i32,1,i32	constant	,1
7557,i32,4,i32	constant	,1
7558,i32,1,i32	constant	,1
7559,i32,1,i32	constant	,1
7560,i32,1,i32	constant	,1
7561,i32,1,i32	constant	,1
7562,i32,1,i32	constant	,1
7563,i32,4,i32	constant	,1
7564,i32,1,i32	constant	,1
7565,i32,4,i32	constant	,1
7566,i32,2,i32	constant	,1
7567,i32,5,i32	constant	,1
7568,i32,5,i32	constant	,1
7569,i32,5,i32	constant	,1
7570,i32,1,i32	constant	,1
7571,i32,4,i32	constant	,1
7572,i32,1,i32	constant	,1
7573,i32,4,i32	constant	,1
7574,i32,4,i32	constant	,1
7575,i32,1,i32	constant	,1
7576,i32,5,i32	constant	,1
7577,i32,1,i32	constant	,1
7578,i32,1,i32	constant	,1
7579,i32,5,i32	constant	,1
7580,i32,5,i32	constant	,1
7581,i32,0,i32	constant	,1
7582,i32,1,i32	constant	,1
7583,i32,2,i32	constant	,1
7584,i32,1,i32	constant	,1
7585,i32,1,i32	constant	,1
7586,i32,8,i32	constant	,1
7587,i32,4,i32	constant	,1
7588,i32,4,i32	constant	,1
7589,,internal global i32 0,	constant	,6
7590,i32,0,i32	constant	,1
7591,i32,0,i32	constant	,1
7592,i32,5,i32	constant	,1
7593,i32,5,i32	constant	,1
7594,i32,1,i32	constant	,1
7595,i32,1,i32	constant	,1
7596,i32,1,i32	constant	,1
7597,i32,5,i32	constant	,1
7598,i32,1,i32	constant	,1
7599,i32,5,i32	constant	,1
7600,i32,0,i32	constant	,1
7601,i32,1,i32	constant	,1
7602,i32,4,i32	constant	,1
7603,i32,3,i32	constant	,1
7604,i32,1,i32	constant	,1
7605,i32,3,i32	constant	,1
7606,i32,3,i32	constant	,1
7607,i32,2,i32	constant	,1
7608,i32,5,i32	constant	,1
7609,i32,5,i32	constant	,1
7610,i32,5,i32	constant	,1
7611,i32,3,i32	constant	,1
7612,i32,4,i32	constant	,1
7613,i32,3,i32	constant	,1
7614,i32,4,i32	constant	,1
7615,i32,5,i32	constant	,1
7616,i32,3,i32	constant	,1
7617,i32,5,i32	constant	,1
7618,i32,3,i32	constant	,1
7619,i32,5,i32	constant	,1
7620,i32,3,i32	constant	,1
7621,i32,3,i32	constant	,1
7622,i32,5,i32	constant	,1
7623,i32,3,i32	constant	,1
7624,i32,5,i32	constant	,1
7625,_xmlDict*,,xml	Dict*	null	,35
7626,i32,5,i32	constant	,1
7627,i32,1,i32	constant	,1
7628,i32,4,i32	constant	,1
7629,i32,1,i32	constant	,1
7630,,internal global i32 0,	constant	,6
7631,i32,0,i32	constant	,1
7632,i32,0,i32	constant	,1
7633,i32,0,i32	constant	,1
7634,i32,0,i32	constant	,1
7635,i32,0,i32	constant	,1
7636,i32,0,i32	constant	,1
7637,i32,0,i32	constant	,1
7638,i32,0,i32	constant	,1
7639,i32,0,i32	constant	,1
7640,i32,0,i32	constant	,1
7641,i32,0,i32	constant	,1
7642,i32,0,i32	constant	,1
7643,i32,0,i32	constant	,1
7644,i32,0,i32	constant	,1
7645,i32,0,i32	constant	,1
7646,i32,0,i32	constant	,1
7647,i32,0,i32	constant	,1
7648,i32,0,i32	constant	,1
7649,i32,0,i32	constant	,1
7650,i32,0,i32	constant	,1
7651,i32,0,i32	constant	,1
7652,i32,0,i32	constant	,1
7653,i32,0,i32	constant	,1
7654,i32,0,i32	constant	,1
7655,i32,0,i32	constant	,1
7656,i32,0,i32	constant	,1
7657,i32,0,i32	constant	,1
7658,i32,0,i32	constant	,1
7659,i32,0,i32	constant	,1
7660,i32,0,i32	constant	,1
7661,i32,0,i32	constant	,1
7662,i32,0,i32	constant	,1
7663,i32,0,i32	constant	,1
7664,i32,0,i32	constant	,1
7665,i32,0,i32	constant	,1
7666,i32,0,i32	constant	,1
7667,i32,0,i32	constant	,1
7668,i32,0,i32	constant	,1
7669,i32,0,i32	constant	,1
7670,i32,0,i32	constant	,1
7671,i32,0,i32	constant	,1
7672,i32,4,i32	constant	,1
7673,i32,0,i32	constant	,1
7674,i32,1,i32	constant	,1
7675,i32,4,i32	constant	,1
7676,i32,1,i32	constant	,1
7677,,internal global i32 0,	constant	,6
7678,i32,0,i32	constant	,1
7679,i32,1,i32	constant	,1
7680,i32,0,i32	constant	,1
7681,_xmlNode*,,xml	Node*	null	,8
7682,i32,4,i32	constant	,1
7683,i32,1,i32	constant	,1
7684,i32,4,i32	constant	,1
7685,i32,1,i32	constant	,1
7686,i32,4,i32	constant	,1
7687,i32,1,i32	constant	,1
7688,i32,0,i32	constant	,1
7689,i32,4,i32	constant	,1
7690,i32,1,i32	constant	,1
7691,i32,4,i32	constant	,1
7692,i32,1,i32	constant	,1
7693,i32,4,i32	constant	,1
7694,i32,6,i32	constant	,1
7695,i32,4,i32	constant	,1
7696,i32,1,i32	constant	,1
7697,i32,1,i32	constant	,1
7698,_xmlDtd*,,xml	Dtd*	null	,40
7699,,internal global _xmlDoc* null,	constant	,6
7700,_xmlDoc*,,xml	Doc*	null	,2
7701,i32,4,i32	constant	,1
7702,i32,1,i32	constant	,1
7703,i32,4,i32	constant	,1
7704,i32,1,i32	constant	,1
7705,i32,4,i32	constant	,1
7706,i32,2,i32	constant	,1
7707,,internal global i32 0,	constant	,6
7708,i32,0,i32	constant	,1
7709,i32,0,i32	constant	,1
7710,i32,0,i32	constant	,1
7711,i32,1,i32	constant	,1
7712,i32,5,i32	constant	,1
7713,i32,5,i32	constant	,1
7714,i32,5,i32	constant	,1
7715,i32,0,i32	constant	,1
7716,i32,1,i32	constant	,1
7717,i32,2,i32	constant	,1
7718,i32,0,i32	constant	,1
7719,i32,0,i32	constant	,1
7720,i32,1,i32	constant	,1
7721,i32,5,i32	constant	,1
7722,i32,1,i32	constant	,1
7723,i32,5,i32	constant	,1
7724,i32,5,i32	constant	,1
7725,i32,0,i32	constant	,1
7726,i32,1,i32	constant	,1
7727,i32,5,i32	constant	,1
7728,_xmlTextWriter*,,xml	Text	Writer*	null	,74
7729,i32,1,i32	constant	,1
7730,i32,5,i32	constant	,1
7731,i32,1,i32	constant	,1
7732,i32,5,i32	constant	,1
7733,i32,0,i32	constant	,1
7734,i32,1,i32	constant	,1
7735,i32,2,i32	constant	,1
7736,i32,5,i32	constant	,1
7737,i32,5,i32	constant	,1
7738,i32,5,i32	constant	,1
7739,_xmlTextReader*,,xml	Text	Reader*	null	,50
7740,i32,2,i32	constant	,1
7741,i32,0,i32	constant	,1
7742,i32,1,i32	constant	,1
7743,i32,1,i32	constant	,1
7744,_xmlBuffer*,,xml	Buffer*	null	,16
7745,i32,2,i32	constant	,1
7746,i32,5,i32	constant	,1
7747,i32,5,i32	constant	,1
7748,i32,0,i32	constant	,1
7749,i32,2,i32	constant	,1
7750,i32,5,i32	constant	,1
7751,_xmlList*,,xml	List*	null	,20
7752,i32,5,i32	constant	,1
7753,i32,5,i32	constant	,1
7754,i32,5,i32	constant	,1
7755,i32,5,i32	constant	,1
7756,i32,0,i32	constant	,1
7757,i32,5,i32	constant	,1
7758,_xmlHashTable*,,xml	Hash	Table*	null	,31
7759,i32,5,i32	constant	,1
7760,i32,3,i32	constant	,1
7761,i32,4,i32	constant	,1
7762,i32,0,i32	constant	,1
7763,i32,1,i32	constant	,1
7764,i32,2,i32	constant	,1
7765,i32,1,i32	constant	,1
7766,i32,3,i32	constant	,1
7767,_xmlXPathObject*,,xml	X	Path	Object*	null	,0
7768,i32,8,i32	constant	,1
7769,i32,4,i32	constant	,1
7770,i32,14,i32	constant	,1
7771,,internal global _xmlDtd* null,	constant	,6
7772,_xmlDtd*,,xml	Dtd*	null	,40
7773,i32,0,i32	constant	,1
7774,i32,8,i32	constant	,1
7775,,internal global i32 0,	constant	,6
7776,i32,0,i32	constant	,1
7777,_xmlOutputBuffer*,,xml	Output	Buffer*	null	,24
7778,i32,0,i32	constant	,1
7779,i32,3,i32	constant	,1
7780,i32,1,i32	constant	,1
7781,i32,3,i32	constant	,1
7782,i32,0,i32	constant	,1
7783,i32,1,i32	constant	,1
7784,i32,2,i32	constant	,1
7785,i32,3,i32	constant	,1
7786,_xmlNode*,,xml	Node*	null	,8
7787,,internal global _xmlDoc* null,	constant	,6
7788,_xmlDoc*,,xml	Doc*	null	,2
7789,i32,3,i32	constant	,1
7790,i8*,,i8*	null	,7
7791,i32,3,i32	constant	,1
7792,i32,3,i32	constant	,1
7793,i32,14,i32	constant	,1
7794,i32,0,i32	constant	,1
7795,i32,3,i32	constant	,1
7796,i32,1,i32	constant	,1
7797,i32,2,i32	constant	,1
7798,i32,3,i32	constant	,1
7799,i8*,,i8*	null	,7
7800,i32,3,i32	constant	,1
7801,,internal global i32 0,	constant	,6
7802,i32,0,i32	constant	,1
7803,i32,0,i32	constant	,1
7804,i32,4,i32	constant	,1
7805,i32,0,i32	constant	,1
7806,i32,1,i32	constant	,1
7807,i32,2,i32	constant	,1
7808,i32,4,i32	constant	,1
7809,i32,2,i32	constant	,1
7810,i32,2,i32	constant	,1
7811,i32,2,i32	constant	,1
7812,i32,4,i32	constant	,1
7813,i32,2,i32	constant	,1
7814,i32,2,i32	constant	,1
7815,i32,4,i32	constant	,1
7816,i32,2,i32	constant	,1
7817,i32,3,i32	constant	,1
7818,i32,2,i32	constant	,1
7819,i32,4,i32	constant	,1
7820,i32,2,i32	constant	,1
7821,i32,4,i32	constant	,1
7822,i32,2,i32	constant	,1
7823,i32,4,i32	constant	,1
7824,i32,2,i32	constant	,1
7825,i32,3,i32	constant	,1
7826,i32,4,i32	constant	,1
7827,i32,2,i32	constant	,1
7828,i32,3,i32	constant	,1
7829,i32,4,i32	constant	,1
7830,i32,2,i32	constant	,1
7831,i32,3,i32	constant	,1
7832,i32,4,i32	constant	,1
7833,i32,2,i32	constant	,1
7834,i32,5,i32	constant	,1
7835,i32,3,i32	constant	,1
7836,i32,0,i32	constant	,1
7837,i32,2,i32	constant	,1
7838,i32,3,i32	constant	,1
7839,i32,1,i32	constant	,1
7840,i32,1,i32	constant	,1
7841,i32,3,i32	constant	,1
7842,i32,3,i32	constant	,1
7843,i32,1,i32	constant	,1
7844,i32,1,i32	constant	,1
7845,i32,3,i32	constant	,1
7846,i32,3,i32	constant	,1
7847,i32,1,i32	constant	,1
7848,,internal global _xmlNode* null,	constant	,6
7849,_xmlNode*,,xml	Node*	null	,8
7850,i32,1,i32	constant	,1
7851,i32,1,i32	constant	,1
7852,i32,3,i32	constant	,1
7853,i32,3,i32	constant	,1
7854,i32,1,i32	constant	,1
7855,i32,1,i32	constant	,1
7856,i32,3,i32	constant	,1
7857,i32,3,i32	constant	,1
7858,i8*,,i8*	null	,7
7859,i32,1,i32	constant	,1
7860,i32,1,i32	constant	,1
7861,i32,3,i32	constant	,1
7862,i32,3,i32	constant	,1
7863,,internal global _xmlDoc* null,	constant	,6
7864,i32,1,i32	constant	,1
7865,i32,1,i32	constant	,1
7866,i32,3,i32	constant	,1
7867,_xmlNode*,,xml	Node*	null	,8
7868,,internal global _xmlDoc* null,	constant	,6
7869,_xmlDoc*,,xml	Doc*	null	,2
7870,i32,3,i32	constant	,1
7871,i32,5,i32	constant	,1
7872,i32,1,i32	constant	,1
7873,i32,1,i32	constant	,1
7874,i32,3,i32	constant	,1
7875,i32,3,i32	constant	,1
7876,_xmlNode*,,xml	Node*	null	,8
7877,i32,1,i32	constant	,1
7878,i32,1,i32	constant	,1
7879,i32,3,i32	constant	,1
7880,i32,3,i32	constant	,1
7881,,internal global _xmlNode* null,	constant	,6
7882,_xmlNode*,,xml	Node*	null	,8
7883,i32,1,i32	constant	,1
7884,i32,1,i32	constant	,1
7885,i32,3,i32	constant	,1
7886,i32,3,i32	constant	,1
7887,i32,1,i32	constant	,1
7888,_xmlAttr*,,xml	Attr*	null	,18
7889,i32,1,i32	constant	,1
7890,i32,1,i32	constant	,1
7891,i32,3,i32	constant	,1
7892,i32,3,i32	constant	,1
7893,_xmlEntity*,,xml	Entity*	null	,39
7894,,internal global i32 0,	constant	,6
7895,i32,0,i32	constant	,1
7896,i32,0,i32	constant	,1
7897,_xmlElement*,,xml	Element*	null	,66
7898,_xmlAttribute*,,xml	Attribute*	null	,67
7899,i32,2,i32	constant	,1
7900,i32,2,i32	constant	,1
7901,i32,5,i32	constant	,1
7902,i32,4,i32	constant	,1
7903,i32,2,i32	constant	,1
7904,i32,5,i32	constant	,1
7905,i32,4,i32	constant	,1
7906,i32,2,i32	constant	,1
7907,i32,5,i32	constant	,1
7908,i32,2,i32	constant	,1
7909,i32,5,i32	constant	,1
7910,i32,5,i32	constant	,1
7911,i32,2,i32	constant	,1
7912,i32,2,i32	constant	,1
7913,,internal global i32 0,	constant	,6
7914,i32,0,i32	constant	,1
7915,i32,0,i32	constant	,1
7916,i32,1,i32	constant	,1
7917,i32,2,i32	constant	,1
7918,i32,1,i32	constant	,1
7919,i32,2,i32	constant	,1
7920,i32,1,i32	constant	,1
7921,i32,2,i32	constant	,1
7922,i32,1,i32	constant	,1
7923,i32,2,i32	constant	,1
7924,i32,4,i32	constant	,1
7925,i32,4,i32	constant	,1
7926,i32,1,i32	constant	,1
7927,i32,1,i32	constant	,1
7928,i32,3,i32	constant	,1
7929,i32,3,i32	constant	,1
7930,i32,1,i32	constant	,1
7931,i32,3,i32	constant	,1
7932,i32,3,i32	constant	,1
7933,i32,1,i32	constant	,1
7934,i32,3,i32	constant	,1
7935,i32,3,i32	constant	,1
7936,i32,4,i32	constant	,1
7937,,internal global _xmlNode* null,	constant	,6
7938,_xmlNode*,,xml	Node*	null	,8
7939,i32,1,i32	constant	,1
7940,i32,4,i32	constant	,1
7941,i32,4,i32	constant	,1
7942,i32,4,i32	constant	,1
7943,i32,4,i32	constant	,1
7944,i32,1,i32	constant	,1
7945,i32,0,i32	constant	,1
7946,i32,1,i32	constant	,1
7947,,internal global i32 0,	constant	,6
7948,i32,0,i32	constant	,1
7949,i32,0,i32	constant	,1
7950,,internal global _xmlDoc* null,	constant	,6
7951,,internal global _xmlDoc* null,	constant	,6
7952,_xmlDoc*,,xml	Doc*	null	,2
7953,i32,4,i32	constant	,1
7954,i32,5,i32	constant	,1
7955,i32,4,i32	constant	,1
7956,i32,5,i32	constant	,1
7957,i32,5,i32	constant	,1
7958,i32,5,i32	constant	,1
7959,,internal global _xmlDoc* null,	constant	,6
7960,,internal global _xmlDoc* null,	constant	,6
7961,_xmlDoc*,,xml	Doc*	null	,2
7962,i32,4,i32	constant	,1
7963,i32,5,i32	constant	,1
7964,i32,4,i32	constant	,1
7965,i32,5,i32	constant	,1
7966,i32,5,i32	constant	,1
7967,i32,5,i32	constant	,1
7968,i32,0,i32	constant	,1
7969,i32,1,i32	constant	,1
7970,_xmlParserCtxt*,,xml	Parser	Ctxt*	null	,32
7971,_xmlParserCtxt*,,xml	Parser	Ctxt*	null	,32
7972,i32,3,i32	constant	,1
7973,i32,1,i32	constant	,1
7974,i32,3,i32	constant	,1
7975,i32,1,i32	constant	,1
7976,i32,4,i32	constant	,1
7977,i32,5,i32	constant	,1
7978,i32,1,i32	constant	,1
7979,i32,5,i32	constant	,1
7980,i32,1,i32	constant	,1
7981,i32,5,i32	constant	,1
7982,i32,4,i32	constant	,1
7983,i32,5,i32	constant	,1
7984,i32,4,i32	constant	,1
7985,i32,5,i32	constant	,1
7986,i32,5,i32	constant	,1
7987,i32,4,i32	constant	,1
7988,i32,5,i32	constant	,1
7989,i32,4,i32	constant	,1
7990,i32,5,i32	constant	,1
7991,i32,5,i32	constant	,1
7992,i32,5,i32	constant	,1
7993,_xmlElementContent*,,xml	Element	Content*	null	,76
7994,,internal global i32 0,	constant	,6
7995,i32,0,i32	constant	,1
7996,_xmlElementContent*,,xml	Element	Content*	null	,76
7997,i32,0,i32	constant	,1
7998,i32,2,i32	constant	,1
7999,i32,5,i32	constant	,1
8000,i32,3,i32	constant	,1
8001,i32,2,i32	constant	,1
8002,i32,5,i32	constant	,1
8003,i32,5,i32	constant	,1
8004,i32,3,i32	constant	,1
8005,i32,2,i32	constant	,1
8006,i32,5,i32	constant	,1
8007,i32,5,i32	constant	,1
8008,i32,5,i32	constant	,1
8009,i32,3,i32	constant	,1
8010,i32,2,i32	constant	,1
8011,i32,5,i32	constant	,1
8012,i32,32,i32	constant	,1
8013,i32,101,i32	constant	,1
8014,_xmlAutomata*,,xml	Automata*	null	,77
8015,i32,32,i32	constant	,1
8016,_xmlAutomataState*,,xml	Automata	State*	null	,78
8017,_xmlAutomataState*,,xml	Automata	State*	null	,78
8018,i32,32,i32	constant	,1
8019,i32,102,i32	constant	,1
8020,_xmlAutomata*,,xml	Automata*	null	,77
8021,_xmlAutomataState*,,xml	Automata	State*	null	,78
8022,i32,32,i32	constant	,1
8023,i32,99,i32	constant	,1
8024,_xmlAutomata*,,xml	Automata*	null	,77
8025,i32,32,i32	constant	,1
8026,_xmlAutomataState*,,xml	Automata	State*	null	,78
8027,i32,32,i32	constant	,1
8028,_xmlAutomataState*,,xml	Automata	State*	null	,78
8029,i32,32,i32	constant	,1
8030,i32,32,i32	constant	,1
8031,i32,45,i32	constant	,1
8032,i32,45,i32	constant	,1
8033,_xmlAutomata*,,xml	Automata*	null	,77
8034,_xmlRegexp*,,xml	Regexp*	null	,60
8035,i32,62,i32	constant	,1
8036,i32,61,i32	constant	,1
8037,_xmlRegexp*,,xml	Regexp*	null	,60
8038,_xmlRegExecCtxt*,,xml	Reg	Exec	Ctxt*	null	,61
8039,i32,0,i32	constant	,1
8040,i32,0,i32	constant	,1
8041,i32,1,i32	constant	,1
8042,i32,0,i32	constant	,1
8043,i32,-1,i32	constant	,1
8044,i32,0,i32	constant	,1
8045,i32,0,i32	constant	,1
8046,_xmlRegexp*,,xml	Regexp*	null	,60
8047,_xmlRegExecCtxt*,,xml	Reg	Exec	Ctxt*	null	,61
8048,_xmlRegexp*,,xml	Regexp*	null	,60
8049,i32,57,i32	constant	,1
8050,i32,48,i32	constant	,1
8051,_xmlRegExecCtxt*,,xml	Reg	Exec	Ctxt*	null	,61
8052,_xmlAutomata*,,xml	Automata*	null	,77
8053,i32,1,i32	constant	,1
8054,i32,1,i32	constant	,1
8055,i32,0,i32	constant	,1
8056,i32,1,i32	constant	,1
8057,i32,0,i32	constant	,1
8058,i32,1,i32	constant	,1
8059,i32,0,i32	constant	,1
8060,i32,1,i32	constant	,1
8061,i32,0,i32	constant	,1
8062,i32,1,i32	constant	,1
8063,i32,0,i32	constant	,1
8064,i32,1,i32	constant	,1
8065,i32,0,i32	constant	,1
8066,i32,1,i32	constant	,1
8067,i32,0,i32	constant	,1
8068,i32,0,i32	constant	,1
8069,i32,1,i32	constant	,1
8070,i32,0,i32	constant	,1
8071,i32,1000,i32	constant	,1
8072,_IO_FILE*,,I	O	F	I	L	E*	null	,14
8073,_xmlAutomata*,,xml	Automata*	null	,77
8074,_xmlAutomataState*,,xml	Automata	State*	null	,78
8075,i8*,,i8*	null	,7
8076,i32,35,i32	constant	,1
8077,i32,0,i32	constant	,1
8078,i32,9,i32	constant	,1
8079,i32,10,i32	constant	,1
8080,i32,32,i32	constant	,1
8081,i32,13,i32	constant	,1
8082,i32,0,i32	constant	,1
8083,i32,32,i32	constant	,1
8084,i32,116,i32	constant	,1
8085,_xmlAutomata*,,xml	Automata*	null	,77
8086,i32,32,i32	constant	,1
8087,_xmlAutomataState*,,xml	Automata	State*	null	,78
8088,i32,32,i32	constant	,1
8089,_xmlAutomataState*,,xml	Automata	State*	null	,78
8090,_xmlXPathObject*,,xml	X	Path	Object*	null	,0
8091,i32,0,i32	constant	,1
8092,i8*,,i8*	null	,7
8093,i64,-1,i64	constant	,12
8094,i8*,,i8*	null	,7
8095,_xmlXPathObject*,,xml	X	Path	Object*	null	,0
8096,i32,3,i32	constant	,1
8097,i32,0,i32	constant	,1
8098,i32,3,i32	constant	,1
8099,i32,0,i32	constant	,1
8100,i32,3,i32	constant	,1
8101,i32,0,i32	constant	,1
8102,i32,3,i32	constant	,1
8103,i32,0,i32	constant	,1
8104,i32,3,i32	constant	,1
8105,i32,0,i32	constant	,1
8106,i32,4,i32	constant	,1
8107,i32,3,i32	constant	,1
8108,i8**,,i	null	,26
8109,i32,0,i32	constant	,1
8110,i32,4,i32	constant	,1
8111,i32,3,i32	constant	,1
8112,i8**,,i	null	,26
8113,i32,-1,i32	constant	,1
8114,i32,0,i32	constant	,1
8115,i8*,,i8*	null	,7
8116,i32,39,i32	constant	,1
8117,i32,39,i32	constant	,1
8118,i8**,,i	null	,26
8119,i32,0,i32	constant	,1
8120,i64,8,i64	constant	,12
8121,i8**,,i	null	,26
8122,i32,0,i32	constant	,1
8123,i32,44,i32	constant	,1
8124,i32,44,i32	constant	,1
8125,_xmlDoc*,,xml	Doc*	null	,2
8126,_xmlNode*,,xml	Node*	null	,8
8127,i32,0,i32	constant	,1
8128,_xmlNode*,,xml	Node*	null	,8
8129,_xmlNode*,,xml	Node*	null	,8
8130,i8*,,i8*	null	,7
8131,_xmlXPathContext*,,xml	X	Path	Context*	null	,65
8132,_xmlNs*,,xml	Ns*	null	,21
8133,i32,0,i32	constant	,1
8134,_xmlXPathObject*,,xml	X	Path	Object*	null	,0
8135,_xmlDoc*,,xml	Doc*	null	,2
8136,_xmlNode*,,xml	Node*	null	,8
8137,i8*,,i8*	null	,7
8138,_xmlXPathObject*,,xml	X	Path	Object*	null	,0
8139,i32,128,i32	constant	,1
8140,i32,30,i32	constant	,1
8141,i32,0,i32	constant	,1
8142,i32,128,i32	constant	,1
8143,i32,0,i32	constant	,1
8144,_xmlDoc*,,xml	Doc*	null	,2
8145,,common dso_local global i32 0,	constant	,6
8146,i32,0,i32	constant	,1
8147,i32,128,i32	constant	,1
8148,i32,224,i32	constant	,1
8149,_xmlDoc*,,xml	Doc*	null	,2
8150,,common dso_local global i32 0,	constant	,6
8151,i32,0,i32	constant	,1
8152,_xmlDoc*,,xml	Doc*	null	,2
8153,,common dso_local global i32 0,	constant	,6
8154,i32,0,i32	constant	,1
8155,_xmlDoc*,,xml	Doc*	null	,2
8156,_xmlParserCtxt*,,xml	Parser	Ctxt*	null	,32
8157,,common dso_local global i32 0,	constant	,6
8158,i32,0,i32	constant	,1
8159,_xmlError*,,xml	Error*	null	,41
8160,i8*,,i8*	null	,7
8161,i32,0,i32	constant	,1
8162,i32,255,i32	constant	,1
8163,i32,0,i32	constant	,1
8164,i32,128,i32	constant	,1
8165,i32,0,i32	constant	,1
8166,,common dso_local global i32 0,	constant	,6
8167,i32,9,i32	constant	,1
8168,i32,0,i32	constant	,1
8169,i32,13,i32	constant	,1
8170,i32,1,i32	constant	,1
8171,i32,10,i32	constant	,1
8172,i32,1,i32	constant	,1
8173,i32,0,i32	constant	,1
8174,i32,255,i32	constant	,1
8175,i32,255,i32	constant	,1
8176,i32,128,i32	constant	,1
8177,i32,64,i32	constant	,1
8178,i32,0,i32	constant	,1
8179,i32,128,i32	constant	,1
8180,i32,0,i32	constant	,1
8181,,common dso_local global i32 0,	constant	,6
8182,i32,9,i32	constant	,1
8183,i32,0,i32	constant	,1
8184,i32,192,i32	constant	,1
8185,i32,128,i32	constant	,1
8186,i32,128,i32	constant	,1
8187,i32,0,i32	constant	,1
8188,,common dso_local global i32 0,	constant	,6
8189,i32,9,i32	constant	,1
8190,i32,128,i32	constant	,1
8191,i32,30,i32	constant	,1
8192,i32,0,i32	constant	,1
8193,i32,128,i32	constant	,1
8194,i32,0,i32	constant	,1
8195,,common dso_local global i32 0,	constant	,6
8196,i32,9,i32	constant	,1
8197,i32,255,i32	constant	,1
8198,i32,128,i32	constant	,1
8199,i32,224,i32	constant	,1
8200,,common dso_local global i32 0,	constant	,6
8201,i32,9,i32	constant	,1
8202,i32,2,i32	constant	,1
8203,,common dso_local global i32 0,	constant	,6
8204,i32,0,i32	constant	,1
8205,i32,0,i32	constant	,1
8206,i32,63,i32	constant	,1
8207,i32,255,i32	constant	,1
8208,i32,255,i32	constant	,1
8209,i32,6,i32	constant	,1
8210,i32,224,i32	constant	,1
8211,i32,240,i32	constant	,1
8212,,common dso_local global i32 0,	constant	,6
8213,i32,9,i32	constant	,1
8214,i32,192,i32	constant	,1
8215,i32,128,i32	constant	,1
8216,i32,0,i32	constant	,1
8217,i32,192,i32	constant	,1
8218,i32,128,i32	constant	,1
8219,,common dso_local global i32 0,	constant	,6
8220,i32,9,i32	constant	,1
8221,i32,0,i32	constant	,1
8222,i32,0,i32	constant	,1
8223,i32,0,i32	constant	,1
8224,i32,32,i32	constant	,1
8225,i32,224,i32	constant	,1
8226,i32,15,i32	constant	,1
8227,i32,0,i32	constant	,1
8228,,common dso_local global i32 0,	constant	,6
8229,i32,9,i32	constant	,1
8230,_xmlDoc*,,xml	Doc*	null	,2
8231,,common dso_local global i32 0,	constant	,6
8232,i32,0,i32	constant	,1
8233,i32,63,i32	constant	,1
8234,i32,0,i32	constant	,1
8235,i32,63,i32	constant	,1
8236,i32,0,i32	constant	,1
8237,i32,63,i32	constant	,1
8238,i32,0,i32	constant	,1
8239,i32,63,i32	constant	,1
8240,i32,0,i32	constant	,1
8241,,common dso_local global i32 0,	constant	,6
8242,i32,9,i32	constant	,1
8243,i32,3,i32	constant	,1
8244,,common dso_local global i32 0,	constant	,6
8245,i32,0,i32	constant	,1
8246,i32,63,i32	constant	,1
8247,i32,255,i32	constant	,1
8248,i32,255,i32	constant	,1
8249,i32,6,i32	constant	,1
8250,i32,6,i32	constant	,1
8251,i32,0,i32	constant	,1
8252,i32,38,i32	constant	,1
8253,i32,0,i32	constant	,1
8254,i32,60,i32	constant	,1
8255,i32,240,i32	constant	,1
8256,i32,248,i32	constant	,1
8257,,common dso_local global i32 0,	constant	,6
8258,i32,9,i32	constant	,1
8259,_xmlDoc*,,xml	Doc*	null	,2
8260,,common dso_local global i32 0,	constant	,6
8261,i32,0,i32	constant	,1
8262,i32,192,i32	constant	,1
8263,i32,128,i32	constant	,1
8264,i32,0,i32	constant	,1
8265,i32,192,i32	constant	,1
8266,i32,128,i32	constant	,1
8267,i32,192,i32	constant	,1
8268,i32,128,i32	constant	,1
8269,,common dso_local global i32 0,	constant	,6
8270,i32,9,i32	constant	,1
8271,i32,0,i32	constant	,1
8272,i32,48,i32	constant	,1
8273,i32,240,i32	constant	,1
8274,i32,7,i32	constant	,1
8275,i32,0,i32	constant	,1
8276,,common dso_local global i32 0,	constant	,6
8277,i32,9,i32	constant	,1
8278,i32,63,i32	constant	,1
8279,i32,63,i32	constant	,1
8280,i32,63,i32	constant	,1
8281,i32,63,i32	constant	,1
8282,i32,63,i32	constant	,1
8283,,common dso_local global i32 0,	constant	,6
8284,i32,9,i32	constant	,1
8285,i32,4,i32	constant	,1
8286,,common dso_local global i32 0,	constant	,6
8287,i32,0,i32	constant	,1
8288,i32,0,i32	constant	,1
8289,i32,128,i32	constant	,1
8290,i32,0,i32	constant	,1
8291,i32,32,i32	constant	,1
8292,i32,63,i32	constant	,1
8293,i32,0,i32	constant	,1
8294,i32,13,i32	constant	,1
8295,i32,0,i32	constant	,1
8296,i32,10,i32	constant	,1
8297,i32,0,i32	constant	,1
8298,i32,9,i32	constant	,1
8299,_xmlDoc*,,xml	Doc*	null	,2
8300,,common dso_local global i32 0,	constant	,6
8301,i32,9,i32	constant	,1
8302,_xmlParserCtxt*,,xml	Parser	Ctxt*	null	,32
8303,_xmlParserInputBuffer*,,xml	Parser	Input	Buffer*	null	,34
8304,_xmlParserInput*,,xml	Parser	Input*	null	,17
8305,_xmlDoc*,,xml	Doc*	null	,2
8306,_xmlDoc*,,xml	Doc*	null	,2
8307,i32,255,i32	constant	,1
8308,i32,255,i32	constant	,1
8309,i32,128,i32	constant	,1
8310,i32,64,i32	constant	,1
8311,i32,0,i32	constant	,1
8312,i32,128,i32	constant	,1
8313,i32,0,i32	constant	,1
8314,_xmlDoc*,,xml	Doc*	null	,2
8315,,common dso_local global i32 0,	constant	,6
8316,i32,0,i32	constant	,1
8317,i32,0,i32	constant	,1
8318,i32,192,i32	constant	,1
8319,i32,128,i32	constant	,1
8320,i32,128,i32	constant	,1
8321,i32,0,i32	constant	,1
8322,_xmlDoc*,,xml	Doc*	null	,2
8323,,common dso_local global i32 0,	constant	,6
8324,i32,0,i32	constant	,1
8325,i32,0,i32	constant	,1
8326,i32,10000,i32	constant	,1
8327,i32,0,i32	constant	,1
8328,i32,50,i32	constant	,1
8329,i8*,,i8*	null	,7
8330,i32,0,i32	constant	,1
8331,i32,10000,i32	constant	,1
8332,i8*,,i8*	null	,7
8333,i32,0,i32	constant	,1
8334,i32,50,i32	constant	,1
8335,i32,10000,i32	constant	,1
8336,i8*,,i8*	null	,7
8337,i32,0,i32	constant	,1
8338,i32,10000,i32	constant	,1
8339,i8*,,i8*	null	,7
8340,_xmlDict*,,xml	Dict*	null	,35
8341,i32,10,i32	constant	,1
8342,i8*,,i8*	null	,7
8343,i32,0,i32	constant	,1
8344,i32,10,i32	constant	,1
8345,i8*,,i8*	null	,7
8346,i32,0,i32	constant	,1
8347,i32,10,i32	constant	,1
8348,i8*,,i8*	null	,7
8349,i32,0,i32	constant	,1
8350,i32,10000,i32	constant	,1
8351,i8*,,i8*	null	,7
8352,i8*,,i8*	null	,7
8353,i32,0,i32	constant	,1
8354,i32,10000,i32	constant	,1
8355,i32,0,i32	constant	,1
8356,i32,0,i32	constant	,1
8357,i32,0,i32	constant	,1
8358,i32,10000,i32	constant	,1
8359,i32,0,i32	constant	,1
8360,i32,0,i32	constant	,1
8361,i32,10000,i32	constant	,1
8362,i32,0,i32	constant	,1
8363,i32,10000,i32	constant	,1
8364,i32,0,i32	constant	,1
8365,i32,10000,i32	constant	,1
8366,i32,58,i32	constant	,1
8367,i32,0,i32	constant	,1
8368,i32,10000,i32	constant	,1
8369,i32,58,i32	constant	,1
8370,_xmlDict*,,xml	Dict*	null	,35
8371,i32,10,i32	constant	,1
8372,i8*,,i8*	null	,7
8373,i32,0,i32	constant	,1
8374,i32,10,i32	constant	,1
8375,i8*,,i8*	null	,7
8376,i32,0,i32	constant	,1
8377,i32,10,i32	constant	,1
8378,i8*,,i8*	null	,7
8379,i32,0,i32	constant	,1
8380,i32,10000,i32	constant	,1
8381,i8*,,i8*	null	,7
8382,i8*,,i8*	null	,7
8383,i32,0,i32	constant	,1
8384,i32,10000,i32	constant	,1
8385,i32,0,i32	constant	,1
8386,i32,0,i32	constant	,1
8387,i32,10000,i32	constant	,1
8388,i32,0,i32	constant	,1
8389,i32,10000,i32	constant	,1
8390,i32,58,i32	constant	,1
8391,i8*,,i8*	null	,7
8392,i32,0,i32	constant	,1
8393,i8*,,i8*	null	,7
8394,i32,0,i32	constant	,1
8395,i32,9900,i32	constant	,1
8396,i8*,,i8*	null	,7
8397,i32,0,i32	constant	,1
8398,i32,50,i32	constant	,1
8399,i32,0,i32	constant	,1
8400,i32,10000,i32	constant	,1
8401,i32,0,i32	constant	,1
8402,i32,50,i32	constant	,1
8403,i8*,,i8*	null	,7
8404,i32,0,i32	constant	,1
8405,i32,10000,i32	constant	,1
8406,i8*,,i8*	null	,7
8407,i32,0,i32	constant	,1
8408,i32,50,i32	constant	,1
8409,i8*,,i8*	null	,7
8410,i8*,,i8*	null	,7
8411,i32,0,i32	constant	,1
8412,i32,9900,i32	constant	,1
8413,i8*,,i8*	null	,7
8414,i32,0,i32	constant	,1
8415,i32,50,i32	constant	,1
8416,i8*,,i8*	null	,7
8417,i8*,,i8*	null	,7
8418,i8*,,i8*	null	,7
8419,i8*,,i8*	null	,7
8420,i8**,,i	null	,26
8421,i8*,,i8*	null	,7
8422,i8*,,i8*	null	,7
8423,i32,0,i32	constant	,1
8424,i32,30,i32	constant	,1
8425,,internal global i32 0,	constant	,6
8426,i32,0,i32	constant	,1
8427,_IO_FILE*,,I	O	F	I	L	E*	null	,14
8428,i32,0,i32	constant	,1
8429,i32,0,i32	constant	,1
8430,_xmlDoc*,,xml	Doc*	null	,2
8431,,internal global i32 0,	constant	,6
8432,i32,0,i32	constant	,1
8433,_IO_FILE*,,I	O	F	I	L	E*	null	,14
8434,i32,0,i32	constant	,1
8435,i32,0,i32	constant	,1
8436,_xmlDoc*,,xml	Doc*	null	,2
8437,_xmlDoc*,,xml	Doc*	null	,2
8438,,internal global i32 0,	constant	,6
8439,i32,0,i32	constant	,1
8440,_xmlDoc*,,xml	Doc*	null	,2
8441,,internal global i32 0,	constant	,6
8442,i32,0,i32	constant	,1
8443,_IO_FILE*,,I	O	F	I	L	E*	null	,14
8444,i32,0,i32	constant	,1
8445,i32,0,i32	constant	,1
8446,_xmlDoc*,,xml	Doc*	null	,2
8447,,internal global i32 0,	constant	,6
8448,i32,0,i32	constant	,1
8449,,internal global i32 0,	constant	,6
8450,i32,0,i32	constant	,1
8451,,internal global i32 0,	constant	,6
8452,i32,0,i32	constant	,1
8453,,internal global i8* null,	constant	,6
8454,i8*,,i8*	null	,7
8455,i32,0,i32	constant	,1
8456,i32,0,i32	constant	,1
8457,i32,0,i32	constant	,1
8458,i32,0,i32	constant	,1
8459,i32,0,i32	constant	,1
8460,i32,0,i32	constant	,1
8461,i32,0,i32	constant	,1
8462,i32,0,i32	constant	,1
8463,i32,0,i32	constant	,1
8464,i32,0,i32	constant	,1
8465,i32,0,i32	constant	,1
8466,i32,0,i32	constant	,1
8467,i32,0,i32	constant	,1
8468,i32,0,i32	constant	,1
8469,i32,1,i32	constant	,1
8470,i32,0,i32	constant	,1
8471,i32,0,i32	constant	,1
8472,i32,45,i32	constant	,1
8473,,internal global i32 0,	constant	,6
8474,i32,0,i32	constant	,1
8475,i32,100,i32	constant	,1
8476,,internal global i32 0,	constant	,6
8477,,internal global i32 0,	constant	,6
8478,i32,0,i32	constant	,1
8479,,internal global i32 0,	constant	,6
8480,i32,0,i32	constant	,1
8481,i32,0,i32	constant	,1
8482,i32,0,i32	constant	,1
8483,i8*,,i8*	null	,7
8484,i32,0,i32	constant	,1
8485,i8*,,i8*	null	,7
8486,i64,4,i64	constant	,12
8487,i32,0,i32	constant	,1
8488,_xmlParserCtxt*,,xml	Parser	Ctxt*	null	,32
8489,_xmlDoc*,,xml	Doc*	null	,2
8490,i32,0,i32	constant	,1
8491,i32,0,i32	constant	,1
8492,i32,0,i32	constant	,1
8493,_xmlTextReader*,,xml	Text	Reader*	null	,50
8494,i32,1,i32	constant	,1
8495,i32,0,i32	constant	,1
8496,i32,0,i32	constant	,1
8497,i32,0,i32	constant	,1
8498,i32,0,i32	constant	,1
8499,i32,0,i32	constant	,1
8500,,dso_local global i32 0,	constant	,6
8501,i32,0,i32	constant	,1
8502,testDesc*,,test	Desc*	null	,-1
8503,i64,12,i64	constant	,12
8504,i64,1,i64	constant	,12
8505,i32,0,i32	constant	,1
8506,i32,-1,i32	constant	,1
8507,i64,0,i64	constant	,12
8508,i32,0,i32	constant	,1
8509,i8*,,i8*	null	,7
8510,,internal global i32 0,	constant	,6
8511,i32,0,i32	constant	,1
8512,i8*,,i8*	null	,7
8513,i32,0,i32	constant	,1
8514,,internal global i32 0,	constant	,6
8515,i32,0,i32	constant	,1
8516,,internal global i32 0,	constant	,6
8517,,internal global i32 0,	constant	,6
8518,i32,0,i32	constant	,1
8519,,internal global i32 0,	constant	,6
8520,i32,0,i32	constant	,1
8521,i32,0,i32	constant	,1
8522,,internal global i32 0,	constant	,6
8523,i32,0,i32	constant	,1
8524,i32,44,i32	constant	,1
8525,i32,55,i32	constant	,1
8526,i32,50,i32	constant	,1
8527,i32,79,i32	constant	,1
8528,i32,90,i32	constant	,1
8529,i32,85,i32	constant	,1
8530,i32,154,i32	constant	,1
8531,i32,165,i32	constant	,1
8532,i32,160,i32	constant	,1
8533,i32,181,i32	constant	,1
8534,i32,178,i32	constant	,1
8535,i32,183,i32	constant	,1
8536,i32,189,i32	constant	,1
8537,i32,191,i32	constant	,1
8538,i32,200,i32	constant	,1
8539,i32,195,i32	constant	,1
8540,i32,206,i32	constant	,1
8541,i32,203,i32	constant	,1
8542,i32,216,i32	constant	,1
8543,i32,215,i32	constant	,1
8544,i32,219,i32	constant	,1
8545,i32,231,i32	constant	,1
8546,i32,242,i32	constant	,1
8547,i32,237,i32	constant	,1
8548,,internal global i32 0,	constant	,6
8549,i32,0,i32	constant	,1
8550,i32,0,i32	constant	,1
8551,,internal global i32 0,	constant	,6
8552,i32,0,i32	constant	,1
8553,i32,0,i32	constant	,1
8554,,internal global i32 0,	constant	,6
8555,i32,0,i32	constant	,1
8556,,internal global i32 0,	constant	,6
8557,i32,0,i32	constant	,1
8558,,internal global i32 0,	constant	,6
8559,,internal global i32 0,	constant	,6
8560,i32,4096,i32	constant	,1
8561,i32,0,i32	constant	,1
8562,i32,0,i32	constant	,1
8563,i32,0,i32	constant	,1
8564,i32,0,i32	constant	,1
8565,i32,"(i8*, i64, i32, i32)* null",i32	constant	,1
8566,,internal global i32 0,	constant	,6
8567,i32,0,i32	constant	,1
8568,,internal global i32 0,	constant	,6
8569,i32,0,i32	constant	,1
8570,i32,0,i32	constant	,1
8571,i8*,,i8*	null	,7
8572,i8*,,i8*	null	,7
8573,,internal global i32 0,	constant	,6
8574,i32,0,i32	constant	,1
8575,,internal global i32 0,	constant	,6
8576,,internal global i32 0,	constant	,6
8577,i32,2,i32	constant	,1
8578,,internal global i32 0,	constant	,6
8579,,internal global i32 0,	constant	,6
8580,i32,1,i32	constant	,1
8581,i32,4096,i32	constant	,1
8582,,dso_local global i64 0,	constant	,6
8583,,dso_local global i64 67108864,	constant	,6
8584,,dso_local global i64 0,	constant	,6
8585,,common dso_local global i64 0,	constant	,6
8586,i32,0,i32	constant	,1
8587,i8*,,i8*	null	,7
8588,i32,0,i32	constant	,1
8589,i8*,,i8*	null	,7
8590,i8*,,i8*	null	,7
8591,i32,0,i32	constant	,1
8592,i8*,,i8*	null	,7
8593,i8*,,i8*	null	,7
8594,,internal global i32 0,	constant	,6
8595,i32,1,i32	constant	,1
8596,i32,0,i32	constant	,1
8597,,internal global i32 0,	constant	,6
8598,i32,0,i32	constant	,1
8599,,internal global i32 0,	constant	,6
8600,,internal global i32 0,	constant	,6
8601,i32,2,i32	constant	,1
8602,,internal global i32 0,	constant	,6
8603,,internal global i32 0,	constant	,6
8604,i32,1,i32	constant	,1
8605,i32,4096,i32	constant	,1
8606,,dso_local global i64 0,	constant	,6
8607,,dso_local global i64 67108864,	constant	,6
8608,,internal global i32 0,	constant	,6
8609,i32,32768,i32	constant	,1
8610,,internal global i32 0,	constant	,6
8611,i32,32768,i32	constant	,1
8612,_xmlParserInput*,,xml	Parser	Input*	null	,17
8613,i32,13,i32	constant	,1
8614,i32,10,i32	constant	,1
8615,i64,80,i64	constant	,12
8616,i32,13,i32	constant	,1
8617,i32,10,i32	constant	,1
8618,i32,13,i32	constant	,1
8619,i32,10,i32	constant	,1
8620,i32,10,i32	constant	,1
8621,i32,0,i32	constant	,1
8622,i64,80,i64	constant	,12
8623,i32,13,i32	constant	,1
8624,i32,0,i32	constant	,1
8625,i64,79,i64	constant	,12
8626,i32,0,i32	constant	,1
8627,i32,9,i32	constant	,1
8628,_xmlError*,,xml	Error*	null	,41
8629,i32,5,i32	constant	,1
8630,i32,1,i32	constant	,1
8631,i32,3,i32	constant	,1
8632,i32,4,i32	constant	,1
8633,i32,23,i32	constant	,1
8634,i32,8,i32	constant	,1
8635,i32,-1,i32	constant	,1
8636,i32,0,i32	constant	,1
8637,i32,1,i32	constant	,1
8638,_xmlNode*,,xml	Node*	null	,8
8639,_xmlParserCtxt*,,xml	Parser	Ctxt*	null	,32
8640,i8*,,i8*	null	,7
8641,_xmlParserInput*,,xml	Parser	Input*	null	,17
8642,i32,1,i32	constant	,1
8643,_xmlParserInput*,,xml	Parser	Input*	null	,17
8644,i8*,,i8*	null	,7
8645,i32,1,i32	constant	,1
8646,i32,0,i32	constant	,1
8647,i8*,,i8*	null	,7
8648,i32,1,i32	constant	,1
8649,i32,0,i32	constant	,1
8650,i8*,,i8*	null	,7
8651,i32,-1,i32	constant	,1
8652,i32,0,i32	constant	,1
8653,,internal global i64 0,	constant	,6
8654,i64,1000000,i64	constant	,12
8655,i32,-1,i32	constant	,1
8656,i32,0,i32	constant	,1
8657,i32,-1,i32	constant	,1
8658,i32,0,i32	constant	,1
8659,i8*,,i8*	null	,7
8660,i32,10,i32	constant	,1
8661,i32,0,i32	constant	,1
8662,i32,-1,i32	constant	,1
8663,i32,0,i32	constant	,1
8664,_xmlParserCtxt*,,xml	Parser	Ctxt*	null	,32
8665,_xmlParserInput*,,xml	Parser	Input*	null	,17
8666,i8*,,i8*	null	,7
8667,i32,1,i32	constant	,1
8668,i32,0,i32	constant	,1
8669,i8*,,i8*	null	,7
8670,i32,12,i32	constant	,1
8671,i32,100,i32	constant	,1
8672,i32,0,i32	constant	,1
8673,i32,0,i32	constant	,1
8674,_xmlModule*,,xml	Module*	null	,-1
8675,i32,0,i32	constant	,1
8676,i32,()* null,i32	constant	,1
8677,i64,0,i64	constant	,12
8678,i8*,,i8*	null	,7
8679,i64,1,i64	constant	,12
8680,i32,32,i32	constant	,1
8681,i32,0,i32	constant	,1
8682,i64,0,i64	constant	,12
8683,_IO_FILE*,,I	O	F	I	L	E*	null	,14
8684,,dso_local global i32 0,	constant	,6
8685,i32,0,i32	constant	,1
8686,i32,1,i32	constant	,1
8687,i32,3,i32	constant	,1
8688,i8*,,i8*	null	,7
8689,buffer*,,buffer	null	,-1
8690,i32,1,i32	constant	,1
8691,i8*,,i8*	null	,7
8692,i32,1,i32	constant	,1
8693,i8*,,i8*	null	,7
8694,i8*,,i8*	null	,7
8695,i32,-1,i32	constant	,1
8696,i32,3,i32	constant	,1
8697,i8*,,i8*	null	,7
8698,i32,2,i32	constant	,1
8699,i32,3,i32	constant	,1
8700,,dso_local global i32 0,	constant	,6
8701,i32,0,i32	constant	,1
8702,,dso_local global i32 0,	constant	,6
8703,i32,0,i32	constant	,1
8704,buffer*,,buffer	null	,-1
8705,i32,0,i32	constant	,1
8706,_xmlTextReader*,,xml	Text	Reader*	null	,50
8707,,dso_local global i32 0,	constant	,6
8708,i32,0,i32	constant	,1
8709,i32,-1,i32	constant	,1
8710,i32,1,i32	constant	,1
8711,i32,0,i32	constant	,1
8712,i32,-1,i32	constant	,1
8713,,dso_local global i32 0,	constant	,6
8714,i32,0,i32	constant	,1
8715,i32,0,i32	constant	,1
8716,i32,1,i32	constant	,1
8717,i32,0,i32	constant	,1
8718,,dso_local global i32 0,	constant	,6
8719,i32,0,i32	constant	,1
8720,i32,1,i32	constant	,1
8721,i32,0,i32	constant	,1
8722,i32,0,i32	constant	,1
8723,_xmlTextReader*,,xml	Text	Reader*	null	,50
8724,i32,1,i32	constant	,1
8725,i32,0,i32	constant	,1
8726,i32,0,i32	constant	,1
8727,i32,0,i32	constant	,1
8728,i32,0,i32	constant	,1
8729,i32,0,i32	constant	,1
8730,i32,0,i32	constant	,1
8731,i32,0,i32	constant	,1
8732,i32,0,i32	constant	,1
8733,,dso_local global i32 0,	constant	,6
8734,i32,0,i32	constant	,1
8735,i32,1,i32	constant	,1
8736,i32,45,i32	constant	,1
8737,i32,0,i32	constant	,1
8738,i32,0,i32	constant	,1
8739,buffer*,,buffer	null	,-1
8740,i64,0,i64	constant	,12
8741,i8*,,i8*	null	,7
8742,i32,0,i32	constant	,1
8743,i64,0,i64	constant	,12
8744,i8*,,i8*	null	,7
8745,i32,0,i32	constant	,1
8746,i64,0,i64	constant	,12
8747,i8*,,i8*	null	,7
8748,i8*,,i8*	null	,7
8749,i8*,,i8*	null	,7
8750,i8*,,i8*	null	,7
8751,i8*,,i8*	null	,7
8752,i32,0,i32	constant	,1
8753,i32,0,i32	constant	,1
8754,i32,0,i32	constant	,1
8755,i32,0,i32	constant	,1
8756,i32,0,i32	constant	,1
8757,i32,0,i32	constant	,1
8758,,internal global i32 2147483647,	constant	,6
8759,i32,0,i32	constant	,1
8760,,internal global i32 0,	constant	,6
8761,,internal global i32 1,	constant	,6
8762,i32,1,i32	constant	,1
8763,i32,0,i32	constant	,1
8764,i32,0,i32	constant	,1
8765,i32,0,i32	constant	,1
8766,i32,0,i32	constant	,1
8767,i32,0,i32	constant	,1
8768,i32,0,i32	constant	,1
8769,i32,0,i32	constant	,1
8770,i32,0,i32	constant	,1
8771,i32,0,i32	constant	,1
8772,i32,0,i32	constant	,1
8773,i32,0,i32	constant	,1
8774,i32,0,i32	constant	,1
8775,,internal global i32 0,	constant	,6
8776,i32,0,i32	constant	,1
8777,i32,1,i32	constant	,1
8778,i32,45,i32	constant	,1
8779,,internal global i32 0,	constant	,6
8780,i32,0,i32	constant	,1
8781,i32,1,i32	constant	,1
8782,,internal global i32 0,	constant	,6
8783,i32,0,i32	constant	,1
8784,_xmlTextReader*,,xml	Text	Reader*	null	,50
8785,,internal global i32 0,	constant	,6
8786,i32,0,i32	constant	,1
8787,i32,1,i32	constant	,1
8788,,internal global i32 0,	constant	,6
8789,i32,0,i32	constant	,1
8790,i32,0,i32	constant	,1
8791,,internal global i32 0,	constant	,6
8792,i32,0,i32	constant	,1
8793,i32,0,i32	constant	,1
8794,i8*,,i8*	null	,7
8795,i32,0,i32	constant	,1
8796,i8*,,i8*	null	,7
8797,i8*,,i8*	null	,7
8798,i32,0,i32	constant	,1
8799,i8*,,i8*	null	,7
8800,i8*,,i8*	null	,7
8801,,internal global i32 0,	constant	,6
8802,,internal global i32 0,	constant	,6
8803,i32,1000001,i32	constant	,1
8804,,internal global i32 0,	constant	,6
8805,i32,1000000,i32	constant	,1
8806,,internal global i32 0,	constant	,6
8807,i32,100000,i32	constant	,1
8808,i32,0,i32	constant	,1
8809,i32,0,i32	constant	,1
8810,,internal global i32 0,	constant	,6
8811,i32,32768,i32	constant	,1
8812,,internal global i32 0,	constant	,6
8813,i32,32768,i32	constant	,1
8814,_xmlParserInput*,,xml	Parser	Input*	null	,17
8815,i32,13,i32	constant	,1
8816,i32,10,i32	constant	,1
8817,i64,80,i64	constant	,12
8818,i32,13,i32	constant	,1
8819,i32,10,i32	constant	,1
8820,i32,13,i32	constant	,1
8821,i32,10,i32	constant	,1
8822,i32,10,i32	constant	,1
8823,i32,0,i32	constant	,1
8824,i64,80,i64	constant	,12
8825,i32,13,i32	constant	,1
8826,i32,0,i32	constant	,1
8827,i64,79,i64	constant	,12
8828,i32,0,i32	constant	,1
8829,i32,9,i32	constant	,1
8830,_xmlError*,,xml	Error*	null	,41
8831,i32,5,i32	constant	,1
8832,i32,1,i32	constant	,1
8833,i32,3,i32	constant	,1
8834,i32,4,i32	constant	,1
8835,i32,23,i32	constant	,1
8836,i32,8,i32	constant	,1
8837,i32,-1,i32	constant	,1
8838,i32,0,i32	constant	,1
8839,i32,1,i32	constant	,1
8840,_xmlNode*,,xml	Node*	null	,8
8841,_xmlParserCtxt*,,xml	Parser	Ctxt*	null	,32
8842,i8*,,i8*	null	,7
8843,_xmlParserInput*,,xml	Parser	Input*	null	,17
8844,i32,1,i32	constant	,1
8845,_xmlParserInput*,,xml	Parser	Input*	null	,17
8846,i8*,,i8*	null	,7
8847,i32,1,i32	constant	,1
8848,i32,0,i32	constant	,1
8849,i8*,,i8*	null	,7
8850,i32,1,i32	constant	,1
8851,i32,0,i32	constant	,1
8852,i8*,,i8*	null	,7
8853,i32,-1,i32	constant	,1
8854,i32,0,i32	constant	,1
8855,i32,-1,i32	constant	,1
8856,i32,0,i32	constant	,1
8857,i32,-1,i32	constant	,1
8858,i32,0,i32	constant	,1
8859,i8*,,i8*	null	,7
8860,i32,10,i32	constant	,1
8861,i32,0,i32	constant	,1
8862,i32,-1,i32	constant	,1
8863,i32,0,i32	constant	,1
8864,_xmlParserCtxt*,,xml	Parser	Ctxt*	null	,32
8865,_xmlParserInput*,,xml	Parser	Input*	null	,17
8866,i8*,,i8*	null	,7
8867,i32,1,i32	constant	,1
8868,i32,0,i32	constant	,1
8869,i8*,,i8*	null	,7
8870,i32,12,i32	constant	,1
8871,i32,100,i32	constant	,1
8872,i32,0,i32	constant	,1
8873,i8*,,i8*	null	,7
8874,i32,47,i32	constant	,1
8875,i32,47,i32	constant	,1
8876,i8*,,i8*	null	,7
8877,i8*,,i8*	null	,7
8878,i32,-1,i32	constant	,1
8879,i32,61440,i32	constant	,1
8880,i32,32768,i32	constant	,1
8881,i32,89,i32	constant	,1
8882,_xmlDoc*,,xml	Doc*	null	,2
8883,_xmlDoc*,,xml	Doc*	null	,2
8884,_xmlTextReader*,,xml	Text	Reader*	null	,50
8885,i32,1,i32	constant	,1
8886,i32,0,i32	constant	,1
8887,testDesc*,,test	Desc*	null	,-1
8888,i8*,,i8*	null	,7
8889,i32,0,i32	constant	,1
8890,i8*,,i8*	null	,7
8891,i8*,,i8*	null	,7
8892,i8*,,i8*	null	,7
8893,i8*,,i8*	null	,7
8894,i32,0,i32	constant	,1
8895,i8*,,i8*	null	,7
8896,i32,0,i32	constant	,1
8897,i8*,,i8*	null	,7
8898,i32,0,i32	constant	,1
8899,,internal global i32 0,	constant	,6
8900,i32,0,i32	constant	,1
8901,i8*,,i8*	null	,7
8902,i8*,,i8*	null	,7
8903,i32,0,i32	constant	,1
8904,i8*,,i8*	null	,7
8905,,internal global i32 0,	constant	,6
8906,i32,0,i32	constant	,1
8907,i32,0,i32	constant	,1
8908,,internal global i32 0,	constant	,6
8909,i32,0,i32	constant	,1
8910,,internal global i32 0,	constant	,6
8911,,internal global i32 0,	constant	,6
8912,i32,0,i32	constant	,1
8913,i32,0,i32	constant	,1
8914,i32,"(i8*, i8*, i8*, i32)* null",i32	constant	,1
8915,i8*,,i8*	null	,7
8916,i32,0,i32	constant	,1
8917,i32,"(i8*, i8*, i8*, i32)* null",i32	constant	,1
8918,,internal global i32 0,	constant	,6
8919,i32,0,i32	constant	,1
8920,,internal global i32 0,	constant	,6
8921,i32,0,i32	constant	,1
8922,i8*,,i8*	null	,7
8923,i32,0,i32	constant	,1
8924,i32,9,i32	constant	,1
8925,i32,10,i32	constant	,1
8926,i32,32,i32	constant	,1
8927,i32,13,i32	constant	,1
8928,i32,0,i32	constant	,1
8929,i32,35,i32	constant	,1
8930,i32,62,i32	constant	,1
8931,i32,61,i32	constant	,1
8932,_xmlExpNode*,,xml	Exp	Node*	null	,79
8933,i32,0,i32	constant	,1
8934,_xmlExpNode*,,xml	Exp	Node*	null	,79
8935,_xmlExpNode*,,xml	Exp	Node*	null	,79
8936,i32,48,i32	constant	,1
8937,i32,49,i32	constant	,1
8938,_xmlExpNode*,,xml	Exp	Node*	null	,79
8939,i32,1,i32	constant	,1
8940,i32,-1,i32	constant	,1
8941,i32,1,i32	constant	,1
8942,i32,0,i32	constant	,1
8943,i32,-1,i32	constant	,1
8944,i32,0,i32	constant	,1
8945,i32,0,i32	constant	,1
8946,i32,-1,i32	constant	,1
8947,i32,1,i32	constant	,1
8948,i32,1,i32	constant	,1
8949,i32,-1,i32	constant	,1
8950,i32,0,i32	constant	,1
8951,_xmlExpNode*,,xml	Exp	Node*	null	,79
8952,i32,0,i32	constant	,1
8953,_xmlExpNode*,,xml	Exp	Node*	null	,79
8954,_xmlExpNode*,,xml	Exp	Node*	null	,79
8955,i32,0,i32	constant	,1
8956,_xmlExpNode*,,xml	Exp	Node*	null	,79
8957,i32,1,i32	constant	,1
8958,i32,1,i32	constant	,1
8959,i32,0,i32	constant	,1
8960,_xmlExpNode*,,xml	Exp	Node*	null	,79
8961,i32,0,i32	constant	,1
8962,i32,1,i32	constant	,1
8963,i32,0,i32	constant	,1
8964,,internal global i32 0,	constant	,6
8965,i32,0,i32	constant	,1
8966,i32,45,i32	constant	,1
8967,i32,0,i32	constant	,1
8968,i32,0,i32	constant	,1
8969,i32,0,i32	constant	,1
8970,i32,0,i32	constant	,1
8971,i32,0,i32	constant	,1
8972,i32,0,i32	constant	,1
8973,i32,0,i32	constant	,1
8974,i32,0,i32	constant	,1
8975,i32,0,i32	constant	,1
8976,i32,0,i32	constant	,1
8977,i32,999999,i32	constant	,1
8978,i32,0,i32	constant	,1
8979,i8*,,i8*	null	,7
8980,i32,0,i32	constant	,1
8981,i32,0,i32	constant	,1
8982,i32,1,i32	constant	,1
8983,i32,0,i32	constant	,1
8984,i32,0,i32	constant	,1
8985,i32,45,i32	constant	,1
8986,i32,0,i32	constant	,1
8987,i32,1,i32	constant	,1
8988,i8*,,i8*	null	,7
8989,_xmlExpNode*,,xml	Exp	Node*	null	,79
8990,,internal global i32 0,	constant	,6
8991,i32,0,i32	constant	,1
8992,_xmlExpNode*,,xml	Exp	Node*	null	,79
8993,i32,1,i32	constant	,1
8994,i32,0,i32	constant	,1
8995,i32,0,i32	constant	,1
8996,i32,45,i32	constant	,1
8997,i32,0,i32	constant	,1
8998,i32,1,i32	constant	,1
8999,i8*,,i8*	null	,7
9000,_xmlRegexp*,,xml	Regexp*	null	,60
9001,,internal global i32 0,	constant	,6
9002,i32,0,i32	constant	,1
9003,_xmlRegexp*,,xml	Regexp*	null	,60
9004,_xmlExpCtxt*,,xml	Exp	Ctxt*	null	,-1
9005,_IO_FILE*,,I	O	F	I	L	E*	null	,14
9006,i8*,,i8*	null	,7
9007,i32,0,i32	constant	,1
9008,i32,9,i32	constant	,1
9009,i32,10,i32	constant	,1
9010,i32,32,i32	constant	,1
9011,i32,13,i32	constant	,1
9012,i32,0,i32	constant	,1
9013,i32,35,i32	constant	,1
9014,i32,62,i32	constant	,1
9015,i32,61,i32	constant	,1
9016,_xmlRegexp*,,xml	Regexp*	null	,60
9017,_xmlRegexp*,,xml	Regexp*	null	,60
9018,_xmlRegexp*,,xml	Regexp*	null	,60
9019,_xmlRegexp*,,xml	Regexp*	null	,60
9020,_xmlRegexp*,,xml	Regexp*	null	,60
9021,_xmlRegexp*,,xml	Regexp*	null	,60
9022,_IO_FILE*,,I	O	F	I	L	E*	null	,14
9023,_xmlRelaxNG*,,xml	Relax	N	G*	null	,58
9024,,internal global i32 0,	constant	,6
9025,i32,0,i32	constant	,1
9026,,internal global i32 0,	constant	,6
9027,i32,0,i32	constant	,1
9028,_xmlDoc*,,xml	Doc*	null	,2
9029,i32,0,i32	constant	,1
9030,i32,0,i32	constant	,1
9031,_xmlRelaxNG*,,xml	Relax	N	G*	null	,58
9032,i32,0,i32	constant	,1
9033,i32,0,i32	constant	,1
9034,i32,0,i32	constant	,1
9035,i32,0,i32	constant	,1
9036,i32,0,i32	constant	,1
9037,i32,0,i32	constant	,1
9038,i32,0,i32	constant	,1
9039,i32,0,i32	constant	,1
9040,i32,0,i32	constant	,1
9041,i32,1,i32	constant	,1
9042,i32,45,i32	constant	,1
9043,_xmlRelaxNG*,,xml	Relax	N	G*	null	,58
9044,,internal global i32 0,	constant	,6
9045,i32,0,i32	constant	,1
9046,i32,0,i32	constant	,1
9047,i32,0,i32	constant	,1
9048,i8*,inttoptr (i64 -1 to i8*),i8*	constant	,13
9049,,internal global i32 0,	constant	,6
9050,i32,0,i32	constant	,1
9051,,internal global i32 0,	constant	,6
9052,i32,0,i32	constant	,1
9053,,internal global i32 0,	constant	,6
9054,i32,0,i32	constant	,1
9055,_IO_FILE*,,I	O	F	I	L	E*	null	,14
9056,i32,0,i32	constant	,1
9057,i32,0,i32	constant	,1
9058,_IO_FILE*,,I	O	F	I	L	E*	null	,14
9059,i32,0,i32	constant	,1
9060,,internal global i32 0,	constant	,6
9061,i32,0,i32	constant	,1
9062,i32,0,i32	constant	,1
9063,i32,0,i32	constant	,1
9064,,internal global i32 0,	constant	,6
9065,i32,0,i32	constant	,1
9066,,internal global i32 0,	constant	,6
9067,i32,0,i32	constant	,1
9068,,internal global i32 0,	constant	,6
9069,i32,0,i32	constant	,1
9070,i32,0,i32	constant	,1
9071,,internal global i32 0,	constant	,6
9072,i32,0,i32	constant	,1
9073,i32,99,i32	constant	,1
9074,,internal global i32 0,	constant	,6
9075,i32,0,i32	constant	,1
9076,,internal global i32 0,	constant	,6
9077,i32,0,i32	constant	,1
9078,i32,0,i32	constant	,1
9079,,internal global i32 0,	constant	,6
9080,i32,0,i32	constant	,1
9081,i32,100,i32	constant	,1
9082,i32,0,i32	constant	,1
9083,i32,0,i32	constant	,1
9084,i32,0,i32	constant	,1
9085,i32,0,i32	constant	,1
9086,i32,0,i32	constant	,1
9087,i32,0,i32	constant	,1
9088,i32,0,i32	constant	,1
9089,i32,0,i32	constant	,1
9090,i32,0,i32	constant	,1
9091,i32,0,i32	constant	,1
9092,i32,0,i32	constant	,1
9093,i32,0,i32	constant	,1
9094,i32,0,i32	constant	,1
9095,i32,0,i32	constant	,1
9096,i32,0,i32	constant	,1
9097,i32,0,i32	constant	,1
9098,i32,0,i32	constant	,1
9099,i32,0,i32	constant	,1
9100,i32,0,i32	constant	,1
9101,i32,0,i32	constant	,1
9102,i32,0,i32	constant	,1
9103,i32,0,i32	constant	,1
9104,i32,0,i32	constant	,1
9105,,internal global i32 0,	constant	,6
9106,i32,0,i32	constant	,1
9107,i32,1,i32	constant	,1
9108,i32,45,i32	constant	,1
9109,,internal global i32 0,	constant	,6
9110,i32,0,i32	constant	,1
9111,,internal global i32 0,	constant	,6
9112,i32,0,i32	constant	,1
9113,,internal global i32 0,	constant	,6
9114,i32,0,i32	constant	,1
9115,,internal global i32 0,	constant	,6
9116,i32,0,i32	constant	,1
9117,,internal global i32 0,	constant	,6
9118,i32,0,i32	constant	,1
9119,,internal global i32 0,	constant	,6
9120,i32,0,i32	constant	,1
9121,i8*,,i8*	null	,7
9122,i8*,,i8*	null	,7
9123,,internal global i32 0,	constant	,6
9124,i32,0,i32	constant	,1
9125,i8*,,i8*	null	,7
9126,i8*,,i8*	null	,7
9127,,internal global i32 0,	constant	,6
9128,i32,0,i32	constant	,1
9129,i8*,,i8*	null	,7
9130,i8*,,i8*	null	,7
9131,,internal global i32 0,	constant	,6
9132,i32,0,i32	constant	,1
9133,,internal global i32 0,	constant	,6
9134,i32,0,i32	constant	,1
9135,i8*,,i8*	null	,7
9136,i8*,,i8*	null	,7
9137,i8*,,i8*	null	,7
9138,,internal global i32 0,	constant	,6
9139,i32,0,i32	constant	,1
9140,,internal global i32 0,	constant	,6
9141,i32,0,i32	constant	,1
9142,i8*,,i8*	null	,7
9143,,internal global i32 0,	constant	,6
9144,i32,0,i32	constant	,1
9145,,internal global i32 0,	constant	,6
9146,i32,0,i32	constant	,1
9147,i8*,,i8*	null	,7
9148,i8*,,i8*	null	,7
9149,i8*,,i8*	null	,7
9150,,internal global i32 0,	constant	,6
9151,i32,0,i32	constant	,1
9152,,internal global i32 0,	constant	,6
9153,i32,0,i32	constant	,1
9154,,internal global i32 0,	constant	,6
9155,i32,0,i32	constant	,1
9156,,internal global i32 0,	constant	,6
9157,i32,0,i32	constant	,1
9158,,internal global i32 0,	constant	,6
9159,i32,0,i32	constant	,1
9160,i8**,,i	null	,26
9161,i8*,,i8*	null	,7
9162,i8*,,i8*	null	,7
9163,,internal global i32 0,	constant	,6
9164,i32,0,i32	constant	,1
9165,,internal global i32 0,	constant	,6
9166,i32,0,i32	constant	,1
9167,i32,30,i32	constant	,1
9168,,internal global i32 0,	constant	,6
9169,i32,0,i32	constant	,1
9170,,internal global i32 0,	constant	,6
9171,i32,0,i32	constant	,1
9172,i32,30,i32	constant	,1
9173,,internal global i32 0,	constant	,6
9174,i32,0,i32	constant	,1
9175,i8*,,i8*	null	,7
9176,,internal global i32 0,	constant	,6
9177,i32,0,i32	constant	,1
9178,,internal global i32 0,	constant	,6
9179,i32,0,i32	constant	,1
9180,,internal global i32 0,	constant	,6
9181,i32,0,i32	constant	,1
9182,,internal global i32 0,	constant	,6
9183,i32,0,i32	constant	,1
9184,,internal global i32 0,	constant	,6
9185,i32,0,i32	constant	,1
9186,,internal global i32 0,	constant	,6
9187,i32,0,i32	constant	,1
9188,i8*,,i8*	null	,7
9189,i8*,,i8*	null	,7
9190,i8**,,i	null	,26
9191,i32,2,i32	constant	,1
9192,i8*,,i8*	null	,7
9193,i8**,,i	null	,26
9194,i32,0,i32	constant	,1
9195,i32,5,i32	constant	,1
9196,i8*,,i8*	null	,7
9197,,internal global i32 0,	constant	,6
9198,i32,0,i32	constant	,1
9199,i8*,,i8*	null	,7
9200,i8*,,i8*	null	,7
9201,,internal global i32 0,	constant	,6
9202,i32,0,i32	constant	,1
9203,_xmlSchema*,,xml	Schema*	null	,64
9204,_xmlDoc*,,xml	Doc*	null	,2
9205,i32,0,i32	constant	,1
9206,i32,0,i32	constant	,1
9207,_xmlSchema*,,xml	Schema*	null	,64
9208,i32,0,i32	constant	,1
9209,i32,0,i32	constant	,1
9210,i32,0,i32	constant	,1
9211,i32,0,i32	constant	,1
9212,i32,0,i32	constant	,1
9213,i32,0,i32	constant	,1
9214,i32,0,i32	constant	,1
9215,i32,1,i32	constant	,1
9216,i32,45,i32	constant	,1
9217,_xmlSchema*,,xml	Schema*	null	,64
9218,,internal global i32 0,	constant	,6
9219,i32,0,i32	constant	,1
9220,i32,0,i32	constant	,1
9221,i32,0,i32	constant	,1
9222,i8*,inttoptr (i64 -1 to i8*),i8*	constant	,13
9223,i8*,,i8*	null	,7
9224,i32,0,i32	constant	,1
9225,i32,13,i32	constant	,1
9226,i32,10,i32	constant	,1
9227,i32,9,i32	constant	,1
9228,i32,32,i32	constant	,1
9229,i8*,,i8*	null	,7
9230,,internal global i8* null,	constant	,6
9231,i8*,,i8*	null	,7
9232,i32,0,i32	constant	,1
9233,,internal global i32 0,	constant	,6
9234,i32,0,i32	constant	,1
9235,i8*,,i8*	null	,7
9236,i8*,,i8*	null	,7
9237,i8*,,i8*	null	,7
9238,i8*,,i8*	null	,7
9239,i8*,,i8*	null	,7
9240,i32,0,i32	constant	,1
9241,i8*,,i8*	null	,7
9242,i8*,,i8*	null	,7
9243,i8*,,i8*	null	,7
9244,i8*,,i8*	null	,7
9245,i32,0,i32	constant	,1
9246,,internal global i32 0,	constant	,6
9247,i32,0,i32	constant	,1
9248,i8*,,i8*	null	,7
9249,i8*,,i8*	null	,7
9250,i8*,,i8*	null	,7
9251,i8*,,i8*	null	,7
9252,i32,1,i32	constant	,1
9253,i32,0,i32	constant	,1
9254,i32,0,i32	constant	,1
9255,,internal global i8* null,	constant	,6
9256,i8*,,i8*	null	,7
9257,i8*,,i8*	null	,7
9258,i32,1,i32	constant	,1
9259,i32,0,i32	constant	,1
9260,i32,0,i32	constant	,1
9261,i8*,,i8*	null	,7
9262,i32,1,i32	constant	,1
9263,i32,0,i32	constant	,1
9264,i32,0,i32	constant	,1
9265,i8*,,i8*	null	,7
9266,i8*,,i8*	null	,7
9267,i32,0,i32	constant	,1
9268,i8*,,i8*	null	,7
9269,i32,0,i32	constant	,1
9270,i32,0,i32	constant	,1
9271,i32,0,i32	constant	,1
9272,i32,0,i32	constant	,1
9273,i32,0,i32	constant	,1
9274,i32,0,i32	constant	,1
9275,i32,0,i32	constant	,1
9276,i32,0,i32	constant	,1
9277,i32,0,i32	constant	,1
9278,i32,0,i32	constant	,1
9279,i32,0,i32	constant	,1
9280,i32,0,i32	constant	,1
9281,i32,0,i32	constant	,1
9282,i32,0,i32	constant	,1
9283,i32,0,i32	constant	,1
9284,i32,0,i32	constant	,1
9285,i8*,,i8*	null	,7
9286,i8*,,i8*	null	,7
9287,_xmlCharEncodingHandler*,,xml	Char	Encoding	Handler*	null	,25
9288,i8*,,i8*	null	,7
9289,i8*,,i8*	null	,7
9290,i32,0,i32	constant	,1
9291,i32,1,i32	constant	,1
9292,i32,0,i32	constant	,1
9293,i32,0,i32	constant	,1
9294,i32,0,i32	constant	,1
9295,i32,0,i32	constant	,1
9296,i32,0,i32	constant	,1
9297,i8*,,i8*	null	,7
9298,i32,0,i32	constant	,1
9299,i32,0,i32	constant	,1
9300,i32,0,i32	constant	,1
9301,i32,0,i32	constant	,1
9302,i8*,,i8*	null	,7
9303,i32,0,i32	constant	,1
9304,i8*,,i8*	null	,7
9305,i32,0,i32	constant	,1
9306,i32,0,i32	constant	,1
9307,i32,0,i32	constant	,1
9308,i32,0,i32	constant	,1
9309,i32,0,i32	constant	,1
9310,i32,0,i32	constant	,1
9311,i32,0,i32	constant	,1
9312,i32,0,i32	constant	,1
9313,i32,0,i32	constant	,1
9314,i32,0,i32	constant	,1
9315,i32,0,i32	constant	,1
9316,i32,0,i32	constant	,1
9317,i32,0,i32	constant	,1
9318,i32,0,i32	constant	,1
9319,i32,0,i32	constant	,1
9320,_xmlBuffer*,,xml	Buffer*	null	,16
9321,_xmlTextWriter*,,xml	Text	Writer*	null	,74
9322,i32,0,i32	constant	,1
9323,i32,0,i32	constant	,1
9324,i32,0,i32	constant	,1
9325,i8*,,i8*	null	,7
9326,i32,0,i32	constant	,1
9327,i32,0,i32	constant	,1
9328,i32,0,i32	constant	,1
9329,i32,0,i32	constant	,1
9330,i8*,,i8*	null	,7
9331,i32,0,i32	constant	,1
9332,i32,0,i32	constant	,1
9333,i32,0,i32	constant	,1
9334,i32,0,i32	constant	,1
9335,i8*,,i8*	null	,7
9336,i32,0,i32	constant	,1
9337,i8*,,i8*	null	,7
9338,i32,0,i32	constant	,1
9339,i32,0,i32	constant	,1
9340,i32,0,i32	constant	,1
9341,i32,0,i32	constant	,1
9342,i32,0,i32	constant	,1
9343,i32,0,i32	constant	,1
9344,i32,0,i32	constant	,1
9345,i32,0,i32	constant	,1
9346,i32,0,i32	constant	,1
9347,i32,0,i32	constant	,1
9348,i32,0,i32	constant	,1
9349,i32,0,i32	constant	,1
9350,i32,0,i32	constant	,1
9351,i32,0,i32	constant	,1
9352,i32,0,i32	constant	,1
9353,_IO_FILE*,,I	O	F	I	L	E*	null	,14
9354,_xmlTextWriter*,,xml	Text	Writer*	null	,74
9355,i32,0,i32	constant	,1
9356,i32,0,i32	constant	,1
9357,i32,0,i32	constant	,1
9358,i8*,,i8*	null	,7
9359,i32,0,i32	constant	,1
9360,i32,0,i32	constant	,1
9361,i32,0,i32	constant	,1
9362,i32,0,i32	constant	,1
9363,i8*,,i8*	null	,7
9364,i32,0,i32	constant	,1
9365,i32,0,i32	constant	,1
9366,i32,0,i32	constant	,1
9367,i32,0,i32	constant	,1
9368,i8*,,i8*	null	,7
9369,i32,0,i32	constant	,1
9370,i8*,,i8*	null	,7
9371,i32,0,i32	constant	,1
9372,i32,0,i32	constant	,1
9373,i32,0,i32	constant	,1
9374,_xmlTextWriter*,,xml	Text	Writer*	null	,74
9375,i32,0,i32	constant	,1
9376,i32,0,i32	constant	,1
9377,i32,0,i32	constant	,1
9378,i32,0,i32	constant	,1
9379,i32,0,i32	constant	,1
9380,i32,0,i32	constant	,1
9381,i32,0,i32	constant	,1
9382,i32,0,i32	constant	,1
9383,i32,0,i32	constant	,1
9384,i32,0,i32	constant	,1
9385,i32,0,i32	constant	,1
9386,i32,0,i32	constant	,1
9387,i32,0,i32	constant	,1
9388,_xmlDoc*,,xml	Doc*	null	,2
9389,_xmlNode*,,xml	Node*	null	,8
9390,_xmlTextWriter*,,xml	Text	Writer*	null	,74
9391,i32,0,i32	constant	,1
9392,i32,0,i32	constant	,1
9393,i8*,,i8*	null	,7
9394,i32,0,i32	constant	,1
9395,i32,0,i32	constant	,1
9396,i32,0,i32	constant	,1
9397,i32,0,i32	constant	,1
9398,i32,0,i32	constant	,1
9399,i8*,,i8*	null	,7
9400,i32,0,i32	constant	,1
9401,i32,0,i32	constant	,1
9402,i32,0,i32	constant	,1
9403,i32,0,i32	constant	,1
9404,_IO_FILE*,,I	O	F	I	L	E*	null	,14
9405,i8*,,i8*	null	,7
9406,i32,0,i32	constant	,1
9407,i32,9,i32	constant	,1
9408,i32,10,i32	constant	,1
9409,i32,32,i32	constant	,1
9410,i32,13,i32	constant	,1
9411,i32,0,i32	constant	,1
9412,i32,0,i32	constant	,1
9413,i32,0,i32	constant	,1
9414,i32,0,i32	constant	,1
9415,i32,0,i32	constant	,1
9416,i32,0,i32	constant	,1
9417,i32,0,i32	constant	,1
9418,i32,0,i32	constant	,1
9419,i32,0,i32	constant	,1
9420,i32,0,i32	constant	,1
9421,i32,0,i32	constant	,1
9422,i32,0,i32	constant	,1
9423,i32,0,i32	constant	,1
9424,i32,0,i32	constant	,1
9425,i32,0,i32	constant	,1
9426,i32,0,i32	constant	,1
9427,i32,0,i32	constant	,1
9428,,internal global i32 0,	constant	,6
9429,i32,0,i32	constant	,1
9430,,internal global i32 0,	constant	,6
9431,i32,0,i32	constant	,1
9432,,internal global _xmlDoc* null,	constant	,6
9433,_xmlDoc*,,xml	Doc*	null	,2
9434,i8*,,i8*	null	,7
9435,i32,1,i32	constant	,1
9436,i32,0,i32	constant	,1
9437,i32,0,i32	constant	,1
9438,i32,45,i32	constant	,1
9439,i32,0,i32	constant	,1
9440,i32,0,i32	constant	,1
9441,,internal global _xmlDoc* null,	constant	,6
9442,_xmlDoc*,,xml	Doc*	null	,2
9443,,internal global i32 0,	constant	,6
9444,i32,0,i32	constant	,1
9445,,internal global i32 0,	constant	,6
9446,i32,0,i32	constant	,1
9447,_xmlXPathCompExpr*,,xml	X	Path	Comp	Expr*	null	,62
9448,,internal global i32 0,	constant	,6
9449,i32,0,i32	constant	,1
9450,i8*,,i8*	null	,7
9451,i8*,,i8*	null	,7
9452,i8*,,i8*	null	,7
9453,i8*,,i8*	null	,7
9454,i8**,,i	null	,26
9455,i8*,,i8*	null	,7
9456,i32,58,i32	constant	,1
9457,i32,58,i32	constant	,1
9458,i32,0,i32	constant	,1
9459,i32,0,i32	constant	,1
9460,i8*,,i8*	null	,7
9461,i8*,,i8*	null	,7
9462,i8*,,i8*	null	,7
9463,i8*,,i8*	null	,7
9464,i32*,,i	null	,26
9465,i32,58,i32	constant	,1
9466,i32,58,i32	constant	,1
9467,i32,0,i32	constant	,1
9468,i32,0,i32	constant	,1
9469,i8*,,i8*	null	,7
9470,i32,0,i32	constant	,1
9471,i32,32,i32	constant	,1
9472,_xmlNode*,,xml	Node*	null	,8
9473,i32,1,i32	constant	,1
9474,i32,2,i32	constant	,1
9475,_xmlDoc*,,xml	Doc*	null	,2
9476,i32,7,i32	constant	,1
9477,i32,4,i32	constant	,1
9478,i32,1,i32	constant	,1
9479,i32,2,i32	constant	,1
9480,i32,0,i32	constant	,1
9481,i32,1,i32	constant	,1
9482,i32,8,i32	constant	,1
9483,i32,0,i32	constant	,1
9484,i64,0,i64	constant	,12
9485,i64,0,i64	constant	,12
9486,i8*,,i8*	null	,7
9487,i8*,,i8*	null	,7
9488,i8*,,i8*	null	,7
9489,i8*,,i8*	null	,7
9490,i8*,,i8*	null	,7
9491,i8*,,i8*	null	,7
9492,i8*,,i8*	null	,7
9493,i8*,,i8*	null	,7
9494,_xmlURI*,,xml	U	R	I*	null	,22
9495,i32,1048576,i32	constant	,1
9496,i8*,,i8*	null	,7
9497,_xmlURI*,,xml	U	R	I*	null	,22
9498,i8*,,i8*	null	,7
9499,i8*,,i8*	null	,7
9500,i32,0,i32	constant	,1
9501,i32,0,i32	constant	,1
9502,i32,80,i32	constant	,1
9503,i8*,,i8*	null	,7
9504,i32,0,i32	constant	,1
9505,i32,80,i32	constant	,1
9506,i8*,,i8*	null	,7
9507,i8*,,i8*	null	,7
9508,i32,0,i32	constant	,1
9509,i32,0,i32	constant	,1
9510,i32,3,i32	constant	,1
9511,i32,80,i32	constant	,1
9512,i8*,,i8*	null	,7
9513,i32,41,i32	constant	,1
9514,i32,40,i32	constant	,1
9515,i32,39,i32	constant	,1
9516,i32,42,i32	constant	,1
9517,i32,126,i32	constant	,1
9518,i32,33,i32	constant	,1
9519,i32,46,i32	constant	,1
9520,i32,95,i32	constant	,1
9521,i32,45,i32	constant	,1
9522,i32,57,i32	constant	,1
9523,i32,48,i32	constant	,1
9524,i32,90,i32	constant	,1
9525,i32,65,i32	constant	,1
9526,i32,122,i32	constant	,1
9527,i32,97,i32	constant	,1
9528,i32,93,i32	constant	,1
9529,i32,91,i32	constant	,1
9530,i32,44,i32	constant	,1
9531,i32,36,i32	constant	,1
9532,i32,43,i32	constant	,1
9533,i32,61,i32	constant	,1
9534,i32,38,i32	constant	,1
9535,i32,64,i32	constant	,1
9536,i32,58,i32	constant	,1
9537,i32,63,i32	constant	,1
9538,i32,47,i32	constant	,1
9539,i32,59,i32	constant	,1
9540,i32,16,i32	constant	,1
9541,i32,9,i32	constant	,1
9542,i32,16,i32	constant	,1
9543,i32,9,i32	constant	,1
9544,i32,-1,i32	constant	,1
9545,i8*,,i8*	null	,7
9546,i32,0,i32	constant	,1
9547,i32,3,i32	constant	,1
9548,i32,80,i32	constant	,1
9549,i8*,,i8*	null	,7
9550,i8*,,i8*	null	,7
9551,i32,0,i32	constant	,1
9552,i32,0,i32	constant	,1
9553,i32,3,i32	constant	,1
9554,i32,80,i32	constant	,1
9555,i8*,,i8*	null	,7
9556,i32,41,i32	constant	,1
9557,i32,40,i32	constant	,1
9558,i32,39,i32	constant	,1
9559,i32,42,i32	constant	,1
9560,i32,126,i32	constant	,1
9561,i32,33,i32	constant	,1
9562,i32,46,i32	constant	,1
9563,i32,95,i32	constant	,1
9564,i32,45,i32	constant	,1
9565,i32,57,i32	constant	,1
9566,i32,48,i32	constant	,1
9567,i32,90,i32	constant	,1
9568,i32,65,i32	constant	,1
9569,i32,122,i32	constant	,1
9570,i32,97,i32	constant	,1
9571,i32,58,i32	constant	,1
9572,i32,59,i32	constant	,1
9573,i32,61,i32	constant	,1
9574,i32,38,i32	constant	,1
9575,i32,36,i32	constant	,1
9576,i32,43,i32	constant	,1
9577,i32,44,i32	constant	,1
9578,i32,16,i32	constant	,1
9579,i32,9,i32	constant	,1
9580,i32,16,i32	constant	,1
9581,i32,9,i32	constant	,1
9582,i32,0,i32	constant	,1
9583,i32,3,i32	constant	,1
9584,i32,80,i32	constant	,1
9585,i8*,,i8*	null	,7
9586,i8*,,i8*	null	,7
9587,i32,0,i32	constant	,1
9588,i32,0,i32	constant	,1
9589,i32,80,i32	constant	,1
9590,i8*,,i8*	null	,7
9591,i32,0,i32	constant	,1
9592,i32,0,i32	constant	,1
9593,i32,10,i32	constant	,1
9594,i32,80,i32	constant	,1
9595,i8*,,i8*	null	,7
9596,i8*,,i8*	null	,7
9597,i32,0,i32	constant	,1
9598,i32,3,i32	constant	,1
9599,i32,80,i32	constant	,1
9600,i8*,,i8*	null	,7
9601,i32,0,i32	constant	,1
9602,i32,0,i32	constant	,1
9603,i32,3,i32	constant	,1
9604,i32,80,i32	constant	,1
9605,i8*,,i8*	null	,7
9606,i32,41,i32	constant	,1
9607,i32,40,i32	constant	,1
9608,i32,39,i32	constant	,1
9609,i32,42,i32	constant	,1
9610,i32,126,i32	constant	,1
9611,i32,33,i32	constant	,1
9612,i32,46,i32	constant	,1
9613,i32,95,i32	constant	,1
9614,i32,45,i32	constant	,1
9615,i32,57,i32	constant	,1
9616,i32,48,i32	constant	,1
9617,i32,90,i32	constant	,1
9618,i32,65,i32	constant	,1
9619,i32,122,i32	constant	,1
9620,i32,97,i32	constant	,1
9621,i32,59,i32	constant	,1
9622,i32,44,i32	constant	,1
9623,i32,36,i32	constant	,1
9624,i32,38,i32	constant	,1
9625,i32,64,i32	constant	,1
9626,i32,58,i32	constant	,1
9627,i32,43,i32	constant	,1
9628,i32,61,i32	constant	,1
9629,i32,16,i32	constant	,1
9630,i32,9,i32	constant	,1
9631,i32,16,i32	constant	,1
9632,i32,9,i32	constant	,1
9633,i8*,,i8*	null	,7
9634,i32,0,i32	constant	,1
9635,i32,3,i32	constant	,1
9636,i32,80,i32	constant	,1
9637,i8*,,i8*	null	,7
9638,i8*,,i8*	null	,7
9639,i8*,,i8*	null	,7
9640,i32,47,i32	constant	,1
9641,i32,122,i32	constant	,1
9642,i32,97,i32	constant	,1
9643,i32,90,i32	constant	,1
9644,i32,65,i32	constant	,1
9645,i32,58,i32	constant	,1
9646,i32,0,i32	constant	,1
9647,i32,0,i32	constant	,1
9648,i32,3,i32	constant	,1
9649,i32,80,i32	constant	,1
9650,i8*,,i8*	null	,7
9651,i32,0,i32	constant	,1
9652,i32,0,i32	constant	,1
9653,i32,3,i32	constant	,1
9654,i32,80,i32	constant	,1
9655,i8*,,i8*	null	,7
9656,i32,47,i32	constant	,1
9657,i32,41,i32	constant	,1
9658,i32,40,i32	constant	,1
9659,i32,39,i32	constant	,1
9660,i32,42,i32	constant	,1
9661,i32,126,i32	constant	,1
9662,i32,33,i32	constant	,1
9663,i32,46,i32	constant	,1
9664,i32,95,i32	constant	,1
9665,i32,45,i32	constant	,1
9666,i32,57,i32	constant	,1
9667,i32,48,i32	constant	,1
9668,i32,90,i32	constant	,1
9669,i32,65,i32	constant	,1
9670,i32,122,i32	constant	,1
9671,i32,97,i32	constant	,1
9672,i32,38,i32	constant	,1
9673,i32,64,i32	constant	,1
9674,i32,59,i32	constant	,1
9675,i32,36,i32	constant	,1
9676,i32,43,i32	constant	,1
9677,i32,61,i32	constant	,1
9678,i32,44,i32	constant	,1
9679,i32,16,i32	constant	,1
9680,i32,9,i32	constant	,1
9681,i32,16,i32	constant	,1
9682,i32,9,i32	constant	,1
9683,i8*,,i8*	null	,7
9684,i32,0,i32	constant	,1
9685,i32,1,i32	constant	,1
9686,i32,80,i32	constant	,1
9687,i8*,,i8*	null	,7
9688,i32,0,i32	constant	,1
9689,i32,0,i32	constant	,1
9690,i32,1,i32	constant	,1
9691,i32,80,i32	constant	,1
9692,i8*,,i8*	null	,7
9693,i8*,,i8*	null	,7
9694,i32,0,i32	constant	,1
9695,i32,3,i32	constant	,1
9696,i32,80,i32	constant	,1
9697,i8*,,i8*	null	,7
9698,i32,0,i32	constant	,1
9699,i32,0,i32	constant	,1
9700,i32,3,i32	constant	,1
9701,i32,80,i32	constant	,1
9702,i8*,,i8*	null	,7
9703,i32,93,i32	constant	,1
9704,i32,91,i32	constant	,1
9705,i32,44,i32	constant	,1
9706,i32,36,i32	constant	,1
9707,i32,43,i32	constant	,1
9708,i32,61,i32	constant	,1
9709,i32,38,i32	constant	,1
9710,i32,64,i32	constant	,1
9711,i32,58,i32	constant	,1
9712,i32,63,i32	constant	,1
9713,i32,47,i32	constant	,1
9714,i32,59,i32	constant	,1
9715,i32,41,i32	constant	,1
9716,i32,40,i32	constant	,1
9717,i32,39,i32	constant	,1
9718,i32,42,i32	constant	,1
9719,i32,126,i32	constant	,1
9720,i32,33,i32	constant	,1
9721,i32,46,i32	constant	,1
9722,i32,95,i32	constant	,1
9723,i32,45,i32	constant	,1
9724,i32,57,i32	constant	,1
9725,i32,48,i32	constant	,1
9726,i32,90,i32	constant	,1
9727,i32,65,i32	constant	,1
9728,i32,122,i32	constant	,1
9729,i32,97,i32	constant	,1
9730,i32,16,i32	constant	,1
9731,i32,9,i32	constant	,1
9732,i32,16,i32	constant	,1
9733,i32,9,i32	constant	,1
9734,i8*,,i8*	null	,7
9735,i32,0,i32	constant	,1
9736,i32,3,i32	constant	,1
9737,i32,80,i32	constant	,1
9738,i8*,,i8*	null	,7
9739,i32,0,i32	constant	,1
9740,i32,0,i32	constant	,1
9741,i32,3,i32	constant	,1
9742,i32,80,i32	constant	,1
9743,i8*,,i8*	null	,7
9744,i32,93,i32	constant	,1
9745,i32,91,i32	constant	,1
9746,i32,44,i32	constant	,1
9747,i32,36,i32	constant	,1
9748,i32,43,i32	constant	,1
9749,i32,61,i32	constant	,1
9750,i32,38,i32	constant	,1
9751,i32,64,i32	constant	,1
9752,i32,58,i32	constant	,1
9753,i32,63,i32	constant	,1
9754,i32,47,i32	constant	,1
9755,i32,59,i32	constant	,1
9756,i32,41,i32	constant	,1
9757,i32,40,i32	constant	,1
9758,i32,39,i32	constant	,1
9759,i32,42,i32	constant	,1
9760,i32,126,i32	constant	,1
9761,i32,33,i32	constant	,1
9762,i32,46,i32	constant	,1
9763,i32,95,i32	constant	,1
9764,i32,45,i32	constant	,1
9765,i32,57,i32	constant	,1
9766,i32,48,i32	constant	,1
9767,i32,90,i32	constant	,1
9768,i32,65,i32	constant	,1
9769,i32,122,i32	constant	,1
9770,i32,97,i32	constant	,1
9771,i32,16,i32	constant	,1
9772,i32,9,i32	constant	,1
9773,i32,16,i32	constant	,1
9774,i32,9,i32	constant	,1
9775,i32,0,i32	constant	,1
9776,i32,80,i32	constant	,1
9777,i8*,,i8*	null	,7
9778,i8*,,i8*	null	,7
9779,_xmlURI*,,xml	U	R	I*	null	,22
9780,i8*,,i8*	null	,7
9781,i8*,,i8*	null	,7
9782,i8*,,i8*	null	,7
9783,i8*,,i8*	null	,7
9784,i8*,,i8*	null	,7
9785,i8*,,i8*	null	,7
9786,i8*,,i8*	null	,7
9787,i8*,,i8*	null	,7
9788,i8*,,i8*	null	,7
9789,_xmlURI*,,xml	U	R	I*	null	,22
9790,i8*,,i8*	null	,7
9791,i8*,,i8*	null	,7
9792,i8*,,i8*	null	,7
9793,i8*,,i8*	null	,7
9794,i8*,,i8*	null	,7
9795,i8*,,i8*	null	,7
9796,i8*,,i8*	null	,7
9797,i8*,,i8*	null	,7
9798,i8*,,i8*	null	,7
9799,i8*,,i8*	null	,7
9800,i32,47,i32	constant	,1
9801,i32,0,i32	constant	,1
9802,i32,0,i32	constant	,1
9803,i32,47,i32	constant	,1
9804,i32,46,i32	constant	,1
9805,i32,47,i32	constant	,1
9806,i32,0,i32	constant	,1
9807,i32,46,i32	constant	,1
9808,i32,47,i32	constant	,1
9809,i32,0,i32	constant	,1
9810,i32,47,i32	constant	,1
9811,i32,47,i32	constant	,1
9812,i32,47,i32	constant	,1
9813,i32,0,i32	constant	,1
9814,i32,0,i32	constant	,1
9815,i32,47,i32	constant	,1
9816,i32,0,i32	constant	,1
9817,i32,46,i32	constant	,1
9818,i32,46,i32	constant	,1
9819,i32,46,i32	constant	,1
9820,i32,46,i32	constant	,1
9821,i32,0,i32	constant	,1
9822,i32,47,i32	constant	,1
9823,i32,0,i32	constant	,1
9824,i32,0,i32	constant	,1
9825,i32,47,i32	constant	,1
9826,i32,47,i32	constant	,1
9827,i32,47,i32	constant	,1
9828,i32,46,i32	constant	,1
9829,i32,46,i32	constant	,1
9830,i32,47,i32	constant	,1
9831,i32,0,i32	constant	,1
9832,i32,47,i32	constant	,1
9833,i32,0,i32	constant	,1
9834,i32,57,i32	constant	,1
9835,i32,48,i32	constant	,1
9836,i32,102,i32	constant	,1
9837,i32,97,i32	constant	,1
9838,i32,70,i32	constant	,1
9839,i32,65,i32	constant	,1
9840,i8*,,i8*	null	,7
9841,i32,0,i32	constant	,1
9842,i32,0,i32	constant	,1
9843,i8*,,i8*	null	,7
9844,i8*,,i8*	null	,7
9845,i32,0,i32	constant	,1
9846,i32,0,i32	constant	,1
9847,i32,0,i32	constant	,1
9848,i32,37,i32	constant	,1
9849,i32,2,i32	constant	,1
9850,i32,57,i32	constant	,1
9851,i32,48,i32	constant	,1
9852,i32,102,i32	constant	,1
9853,i32,97,i32	constant	,1
9854,i32,70,i32	constant	,1
9855,i32,65,i32	constant	,1
9856,i32,57,i32	constant	,1
9857,i32,48,i32	constant	,1
9858,i32,102,i32	constant	,1
9859,i32,97,i32	constant	,1
9860,i32,70,i32	constant	,1
9861,i32,65,i32	constant	,1
9862,i8*,,i8*	null	,7
9863,i32,0,i32	constant	,1
9864,i32,0,i32	constant	,1
9865,i8*,,i8*	null	,7
9866,i32,0,i32	constant	,1
9867,i32,0,i32	constant	,1
9868,i32,3,i32	constant	,1
9869,i8*,,i8*	null	,7
9870,i8*,,i8*	null	,7
9871,i32,41,i32	constant	,1
9872,i32,40,i32	constant	,1
9873,i32,39,i32	constant	,1
9874,i32,42,i32	constant	,1
9875,i32,126,i32	constant	,1
9876,i32,33,i32	constant	,1
9877,i32,46,i32	constant	,1
9878,i32,95,i32	constant	,1
9879,i32,45,i32	constant	,1
9880,i32,57,i32	constant	,1
9881,i32,48,i32	constant	,1
9882,i32,90,i32	constant	,1
9883,i32,65,i32	constant	,1
9884,i32,122,i32	constant	,1
9885,i32,97,i32	constant	,1
9886,i32,64,i32	constant	,1
9887,i32,9,i32	constant	,1
9888,i32,9,i32	constant	,1
9889,i8*,,i8*	null	,7
9890,_xmlURI*,,xml	U	R	I*	null	,22
9891,i32,0,i32	constant	,1
9892,_xmlURI*,,xml	U	R	I*	null	,22
9893,i8*,,i8*	null	,7
9894,i8*,,i8*	null	,7
9895,i8*,,i8*	null	,7
9896,i8*,,i8*	null	,7
9897,i8*,,i8*	null	,7
9898,i8*,,i8*	null	,7
9899,i8*,,i8*	null	,7
9900,i8*,,i8*	null	,7
9901,i8*,,i8*	null	,7
9902,i32,0,i32	constant	,1
9903,i8*,,i8*	null	,7
9904,i8*,,i8*	null	,7
9905,i8*,,i8*	null	,7
9906,i8*,,i8*	null	,7
9907,i8*,,i8*	null	,7
9908,i8*,,i8*	null	,7
9909,i8*,,i8*	null	,7
9910,i8*,,i8*	null	,7
9911,i8*,,i8*	null	,7
9912,i8*,,i8*	null	,7
9913,i8,0,i	,28
9914,_xmlURI*,,xml	U	R	I*	null	,22
9915,i32,-1,i32	constant	,1
9916,i32,0,i32	constant	,1
9917,i8*,,i8*	null	,7
9918,_xmlURI*,,xml	U	R	I*	null	,22
9919,i8*,,i8*	null	,7
9920,_xmlURI*,,xml	U	R	I*	null	,22
9921,i32,-1,i32	constant	,1
9922,i32,0,i32	constant	,1
9923,_xmlURI*,,xml	U	R	I*	null	,22
9924,_xmlURI*,,xml	U	R	I*	null	,22
9925,i8*,,i8*	null	,7
9926,_xmlURI*,,xml	U	R	I*	null	,22
9927,i8*,,i8*	null	,7
9928,i8*,,i8*	null	,7
9929,i8*,,i8*	null	,7
9930,i8*,,i8*	null	,7
9931,i8*,,i8*	null	,7
9932,i8*,,i8*	null	,7
9933,i8*,,i8*	null	,7
9934,i8*,,i8*	null	,7
9935,i8*,,i8*	null	,7
9936,i8*,,i8*	null	,7
9937,i8*,,i8*	null	,7
9938,i8*,,i8*	null	,7
9939,i8*,,i8*	null	,7
9940,i8*,,i8*	null	,7
9941,i8*,,i8*	null	,7
9942,i8*,,i8*	null	,7
9943,i8*,,i8*	null	,7
9944,i8*,,i8*	null	,7
9945,i8*,,i8*	null	,7
9946,i8*,,i8*	null	,7
9947,i8*,,i8*	null	,7
9948,i8*,,i8*	null	,7
9949,i8*,,i8*	null	,7
9950,i8*,,i8*	null	,7
9951,i8*,,i8*	null	,7
9952,i8*,,i8*	null	,7
9953,i8*,,i8*	null	,7
9954,i32,47,i32	constant	,1
9955,i8*,,i8*	null	,7
9956,i8*,,i8*	null	,7
9957,i8*,,i8*	null	,7
9958,i8*,,i8*	null	,7
9959,i8*,,i8*	null	,7
9960,i32,0,i32	constant	,1
9961,i32,47,i32	constant	,1
9962,i32,0,i32	constant	,1
9963,i32,0,i32	constant	,1
9964,i32,0,i32	constant	,1
9965,i32,0,i32	constant	,1
9966,i8*,,i8*	null	,7
9967,i8*,,i8*	null	,7
9968,i32,0,i32	constant	,1
9969,i32,0,i32	constant	,1
9970,i8**,,i	null	,26
9971,_xmlURI*,,xml	U	R	I*	null	,22
9972,_xmlURI*,,xml	U	R	I*	null	,22
9973,_xmlURI*,,xml	U	R	I*	null	,22
9974,i32,90,i32	constant	,1
9975,i32,65,i32	constant	,1
9976,i32,122,i32	constant	,1
9977,i32,97,i32	constant	,1
9978,i32,0,i32	constant	,1
9979,i8*,,i8*	null	,7
9980,i32,57,i32	constant	,1
9981,i32,48,i32	constant	,1
9982,i32,90,i32	constant	,1
9983,i32,65,i32	constant	,1
9984,i32,122,i32	constant	,1
9985,i32,97,i32	constant	,1
9986,_xmlURI*,,xml	U	R	I*	null	,22
9987,i32,46,i32	constant	,1
9988,i32,0,i32	constant	,1
9989,i32,46,i32	constant	,1
9990,i32,45,i32	constant	,1
9991,i32,43,i32	constant	,1
9992,i32,0,i32	constant	,1
9993,i8*,,i8*	null	,7
9994,_xmlURI*,,xml	U	R	I*	null	,22
9995,_xmlURI*,,xml	U	R	I*	null	,22
9996,i32,46,i32	constant	,1
9997,i32,0,i32	constant	,1
9998,i8*,,i8*	null	,7
9999,i8*,,i8*	null	,7
10000,i8*,,i8*	null	,7
10001,i32,0,i32	constant	,1
10002,i32,0,i32	constant	,1
10003,i32,0,i32	constant	,1
10004,i8*,,i8*	null	,7
10005,i8*,,i8*	null	,7
10006,i8*,,i8*	null	,7
10007,i8*,,i8*	null	,7
10008,i32,47,i32	constant	,1
10009,i8*,,i8*	null	,7
10010,i32,0,i32	constant	,1
10011,i32,47,i32	constant	,1
10012,i32,47,i32	constant	,1
10013,i32,46,i32	constant	,1
10014,i32,47,i32	constant	,1
10015,i32,46,i32	constant	,1
10016,i32,47,i32	constant	,1
10017,i32,47,i32	constant	,1
10018,i32,0,i32	constant	,1
10019,i32,0,i32	constant	,1
10020,i32,47,i32	constant	,1
10021,i32,47,i32	constant	,1
10022,i32,0,i32	constant	,1
10023,i32,1,i32	constant	,1
10024,i32,0,i32	constant	,1
10025,i32,0,i32	constant	,1
10026,i32,47,i32	constant	,1
10027,i32,0,i32	constant	,1
10028,i32,0,i32	constant	,1
10029,i32,47,i32	constant	,1
10030,i32,0,i32	constant	,1
10031,i8*,,i8*	null	,7
10032,i8*,,i8*	null	,7
10033,i32,0,i32	constant	,1
10034,i8*,,i8*	null	,7
10035,i32,1,i32	constant	,1
10036,i32,0,i32	constant	,1
10037,i8*,,i8*	null	,7
10038,i32,47,i32	constant	,1
10039,i32,47,i32	constant	,1
10040,i32,0,i32	constant	,1
10041,_xmlURI*,,xml	U	R	I*	null	,22
10042,_xmlURI*,,xml	U	R	I*	null	,22
10043,i8*,,i8*	null	,7
10044,i32,47,i32	constant	,1
10045,i32,47,i32	constant	,1
10046,i32,47,i32	constant	,1
10047,_xmlURI*,,xml	U	R	I*	null	,22
10048,i8*,,i8*	null	,7
10049,i32,20,i32	constant	,1
10050,i32,0,i32	constant	,1
10051,i32,90,i32	constant	,1
10052,i32,65,i32	constant	,1
10053,i32,122,i32	constant	,1
10054,i32,97,i32	constant	,1
10055,i8*,,i8*	null	,7
10056,_xmlURI*,,xml	U	R	I*	null	,22
10057,i8**,,i	null	,26
10058,i32,63,i32	constant	,1
10059,i32,47,i32	constant	,1
10060,i32,64,i32	constant	,1
10061,i32,58,i32	constant	,1
10062,i32,39,i32	constant	,1
10063,i32,61,i32	constant	,1
10064,i32,59,i32	constant	,1
10065,i32,44,i32	constant	,1
10066,i32,43,i32	constant	,1
10067,i32,42,i32	constant	,1
10068,i32,41,i32	constant	,1
10069,i32,40,i32	constant	,1
10070,i32,38,i32	constant	,1
10071,i32,36,i32	constant	,1
10072,i32,33,i32	constant	,1
10073,i32,70,i32	constant	,1
10074,i32,65,i32	constant	,1
10075,i32,102,i32	constant	,1
10076,i32,97,i32	constant	,1
10077,i32,57,i32	constant	,1
10078,i32,48,i32	constant	,1
10079,i32,70,i32	constant	,1
10080,i32,65,i32	constant	,1
10081,i32,102,i32	constant	,1
10082,i32,97,i32	constant	,1
10083,i32,57,i32	constant	,1
10084,i32,48,i32	constant	,1
10085,i32,37,i32	constant	,1
10086,i32,126,i32	constant	,1
10087,i32,95,i32	constant	,1
10088,i32,46,i32	constant	,1
10089,i32,45,i32	constant	,1
10090,i32,57,i32	constant	,1
10091,i32,48,i32	constant	,1
10092,i32,90,i32	constant	,1
10093,i32,65,i32	constant	,1
10094,i32,122,i32	constant	,1
10095,i32,97,i32	constant	,1
10096,i8*,,i8*	null	,7
10097,_xmlURI*,,xml	U	R	I*	null	,22
10098,i8*,,i8*	null	,7
10099,i32,93,i32	constant	,1
10100,i32,91,i32	constant	,1
10101,i32,96,i32	constant	,1
10102,i32,93,i32	constant	,1
10103,i32,91,i32	constant	,1
10104,i32,94,i32	constant	,1
10105,i32,92,i32	constant	,1
10106,i32,124,i32	constant	,1
10107,i32,125,i32	constant	,1
10108,i32,123,i32	constant	,1
10109,i32,1,i32	constant	,1
10110,i32,0,i32	constant	,1
10111,_xmlURI*,,xml	U	R	I*	null	,22
10112,i32,37,i32	constant	,1
10113,_xmlURI*,,xml	U	R	I*	null	,22
10114,i8*,,i8*	null	,7
10115,i32,2,i32	constant	,1
10116,i32,0,i32	constant	,1
10117,i8**,,i	null	,26
10118,i32,63,i32	constant	,1
10119,i32,47,i32	constant	,1
10120,i32,64,i32	constant	,1
10121,i32,58,i32	constant	,1
10122,i32,39,i32	constant	,1
10123,i32,61,i32	constant	,1
10124,i32,59,i32	constant	,1
10125,i32,44,i32	constant	,1
10126,i32,43,i32	constant	,1
10127,i32,42,i32	constant	,1
10128,i32,41,i32	constant	,1
10129,i32,40,i32	constant	,1
10130,i32,38,i32	constant	,1
10131,i32,36,i32	constant	,1
10132,i32,33,i32	constant	,1
10133,i32,70,i32	constant	,1
10134,i32,65,i32	constant	,1
10135,i32,102,i32	constant	,1
10136,i32,97,i32	constant	,1
10137,i32,57,i32	constant	,1
10138,i32,48,i32	constant	,1
10139,i32,70,i32	constant	,1
10140,i32,65,i32	constant	,1
10141,i32,102,i32	constant	,1
10142,i32,97,i32	constant	,1
10143,i32,57,i32	constant	,1
10144,i32,48,i32	constant	,1
10145,i32,37,i32	constant	,1
10146,i32,126,i32	constant	,1
10147,i32,95,i32	constant	,1
10148,i32,46,i32	constant	,1
10149,i32,45,i32	constant	,1
10150,i32,57,i32	constant	,1
10151,i32,48,i32	constant	,1
10152,i32,90,i32	constant	,1
10153,i32,65,i32	constant	,1
10154,i32,122,i32	constant	,1
10155,i32,97,i32	constant	,1
10156,i32,96,i32	constant	,1
10157,i32,93,i32	constant	,1
10158,i32,91,i32	constant	,1
10159,i32,94,i32	constant	,1
10160,i32,92,i32	constant	,1
10161,i32,124,i32	constant	,1
10162,i32,125,i32	constant	,1
10163,i32,123,i32	constant	,1
10164,i32,1,i32	constant	,1
10165,i32,0,i32	constant	,1
10166,_xmlURI*,,xml	U	R	I*	null	,22
10167,i32,37,i32	constant	,1
10168,_xmlURI*,,xml	U	R	I*	null	,22
10169,i8*,,i8*	null	,7
10170,i32,2,i32	constant	,1
10171,i32,0,i32	constant	,1
10172,i8*,,i8*	null	,7
10173,i32,57,i32	constant	,1
10174,i32,48,i32	constant	,1
10175,_xmlURI*,,xml	U	R	I*	null	,22
10176,i32,57,i32	constant	,1
10177,i32,48,i32	constant	,1
10178,_xmlURI*,,xml	U	R	I*	null	,22
10179,i32,70,i32	constant	,1
10180,i32,65,i32	constant	,1
10181,i32,102,i32	constant	,1
10182,i32,97,i32	constant	,1
10183,i32,57,i32	constant	,1
10184,i32,48,i32	constant	,1
10185,i32,70,i32	constant	,1
10186,i32,65,i32	constant	,1
10187,i32,102,i32	constant	,1
10188,i32,97,i32	constant	,1
10189,i32,57,i32	constant	,1
10190,i32,48,i32	constant	,1
10191,i32,37,i32	constant	,1
10192,i32,126,i32	constant	,1
10193,i32,95,i32	constant	,1
10194,i32,46,i32	constant	,1
10195,i32,45,i32	constant	,1
10196,i32,57,i32	constant	,1
10197,i32,48,i32	constant	,1
10198,i32,90,i32	constant	,1
10199,i32,65,i32	constant	,1
10200,i32,122,i32	constant	,1
10201,i32,97,i32	constant	,1
10202,i32,58,i32	constant	,1
10203,i32,39,i32	constant	,1
10204,i32,61,i32	constant	,1
10205,i32,59,i32	constant	,1
10206,i32,44,i32	constant	,1
10207,i32,43,i32	constant	,1
10208,i32,42,i32	constant	,1
10209,i32,41,i32	constant	,1
10210,i32,40,i32	constant	,1
10211,i32,38,i32	constant	,1
10212,i32,36,i32	constant	,1
10213,i32,33,i32	constant	,1
10214,i32,37,i32	constant	,1
10215,i32,64,i32	constant	,1
10216,_xmlURI*,,xml	U	R	I*	null	,22
10217,i8*,,i8*	null	,7
10218,i32,2,i32	constant	,1
10219,i32,0,i32	constant	,1
10220,i8*,,i8*	null	,7
10221,i32,57,i32	constant	,1
10222,i32,48,i32	constant	,1
10223,i32,57,i32	constant	,1
10224,i32,48,i32	constant	,1
10225,i32,57,i32	constant	,1
10226,i32,48,i32	constant	,1
10227,i32,57,i32	constant	,1
10228,i32,48,i32	constant	,1
10229,i32,48,i32	constant	,1
10230,i32,57,i32	constant	,1
10231,i32,48,i32	constant	,1
10232,i32,57,i32	constant	,1
10233,i32,48,i32	constant	,1
10234,i32,49,i32	constant	,1
10235,i32,48,i32	constant	,1
10236,i32,50,i32	constant	,1
10237,i32,57,i32	constant	,1
10238,i32,48,i32	constant	,1
10239,i32,52,i32	constant	,1
10240,i32,53,i32	constant	,1
10241,i32,50,i32	constant	,1
10242,i32,53,i32	constant	,1
10243,i32,48,i32	constant	,1
10244,i32,91,i32	constant	,1
10245,i32,0,i32	constant	,1
10246,i32,93,i32	constant	,1
10247,i32,93,i32	constant	,1
10248,i32,57,i32	constant	,1
10249,i32,48,i32	constant	,1
10250,i32,0,i32	constant	,1
10251,i32,46,i32	constant	,1
10252,i32,0,i32	constant	,1
10253,i32,46,i32	constant	,1
10254,i32,0,i32	constant	,1
10255,i32,46,i32	constant	,1
10256,i32,0,i32	constant	,1
10257,i32,39,i32	constant	,1
10258,i32,61,i32	constant	,1
10259,i32,59,i32	constant	,1
10260,i32,44,i32	constant	,1
10261,i32,43,i32	constant	,1
10262,i32,42,i32	constant	,1
10263,i32,41,i32	constant	,1
10264,i32,40,i32	constant	,1
10265,i32,38,i32	constant	,1
10266,i32,36,i32	constant	,1
10267,i32,33,i32	constant	,1
10268,i32,70,i32	constant	,1
10269,i32,65,i32	constant	,1
10270,i32,102,i32	constant	,1
10271,i32,97,i32	constant	,1
10272,i32,57,i32	constant	,1
10273,i32,48,i32	constant	,1
10274,i32,70,i32	constant	,1
10275,i32,65,i32	constant	,1
10276,i32,102,i32	constant	,1
10277,i32,97,i32	constant	,1
10278,i32,57,i32	constant	,1
10279,i32,48,i32	constant	,1
10280,i32,37,i32	constant	,1
10281,i32,126,i32	constant	,1
10282,i32,95,i32	constant	,1
10283,i32,46,i32	constant	,1
10284,i32,45,i32	constant	,1
10285,i32,57,i32	constant	,1
10286,i32,48,i32	constant	,1
10287,i32,90,i32	constant	,1
10288,i32,65,i32	constant	,1
10289,i32,122,i32	constant	,1
10290,i32,97,i32	constant	,1
10291,i32,37,i32	constant	,1
10292,_xmlURI*,,xml	U	R	I*	null	,22
10293,i8*,,i8*	null	,7
10294,i8*,,i8*	null	,7
10295,i32,2,i32	constant	,1
10296,i32,0,i32	constant	,1
10297,i32,64,i32	constant	,1
10298,i32,0,i32	constant	,1
10299,i32,0,i32	constant	,1
10300,i32,58,i32	constant	,1
10301,i32,0,i32	constant	,1
10302,i32,64,i32	constant	,1
10303,i32,58,i32	constant	,1
10304,i32,39,i32	constant	,1
10305,i32,61,i32	constant	,1
10306,i32,59,i32	constant	,1
10307,i32,44,i32	constant	,1
10308,i32,43,i32	constant	,1
10309,i32,42,i32	constant	,1
10310,i32,41,i32	constant	,1
10311,i32,40,i32	constant	,1
10312,i32,38,i32	constant	,1
10313,i32,36,i32	constant	,1
10314,i32,33,i32	constant	,1
10315,i32,70,i32	constant	,1
10316,i32,65,i32	constant	,1
10317,i32,102,i32	constant	,1
10318,i32,97,i32	constant	,1
10319,i32,57,i32	constant	,1
10320,i32,48,i32	constant	,1
10321,i32,70,i32	constant	,1
10322,i32,65,i32	constant	,1
10323,i32,102,i32	constant	,1
10324,i32,97,i32	constant	,1
10325,i32,57,i32	constant	,1
10326,i32,48,i32	constant	,1
10327,i32,37,i32	constant	,1
10328,i32,126,i32	constant	,1
10329,i32,95,i32	constant	,1
10330,i32,46,i32	constant	,1
10331,i32,45,i32	constant	,1
10332,i32,57,i32	constant	,1
10333,i32,48,i32	constant	,1
10334,i32,90,i32	constant	,1
10335,i32,65,i32	constant	,1
10336,i32,122,i32	constant	,1
10337,i32,97,i32	constant	,1
10338,i32,0,i32	constant	,1
10339,i32,64,i32	constant	,1
10340,i32,58,i32	constant	,1
10341,i32,39,i32	constant	,1
10342,i32,61,i32	constant	,1
10343,i32,59,i32	constant	,1
10344,i32,44,i32	constant	,1
10345,i32,43,i32	constant	,1
10346,i32,42,i32	constant	,1
10347,i32,41,i32	constant	,1
10348,i32,40,i32	constant	,1
10349,i32,38,i32	constant	,1
10350,i32,36,i32	constant	,1
10351,i32,33,i32	constant	,1
10352,i32,70,i32	constant	,1
10353,i32,65,i32	constant	,1
10354,i32,102,i32	constant	,1
10355,i32,97,i32	constant	,1
10356,i32,57,i32	constant	,1
10357,i32,48,i32	constant	,1
10358,i32,70,i32	constant	,1
10359,i32,65,i32	constant	,1
10360,i32,102,i32	constant	,1
10361,i32,97,i32	constant	,1
10362,i32,57,i32	constant	,1
10363,i32,48,i32	constant	,1
10364,i32,37,i32	constant	,1
10365,i32,126,i32	constant	,1
10366,i32,95,i32	constant	,1
10367,i32,46,i32	constant	,1
10368,i32,45,i32	constant	,1
10369,i32,57,i32	constant	,1
10370,i32,48,i32	constant	,1
10371,i32,90,i32	constant	,1
10372,i32,65,i32	constant	,1
10373,i32,122,i32	constant	,1
10374,i32,97,i32	constant	,1
10375,i32,37,i32	constant	,1
10376,i32,47,i32	constant	,1
10377,i32,0,i32	constant	,1
10378,_xmlURI*,,xml	U	R	I*	null	,22
10379,i8*,,i8*	null	,7
10380,i32,2,i32	constant	,1
10381,i32,0,i32	constant	,1
10382,i32,47,i32	constant	,1
10383,i32,0,i32	constant	,1
10384,i32,47,i32	constant	,1
10385,i32,0,i32	constant	,1
10386,_xmlURI*,,xml	U	R	I*	null	,22
10387,i8*,,i8*	null	,7
10388,i32,2,i32	constant	,1
10389,i32,0,i32	constant	,1
10390,i32,0,i32	constant	,1
10391,i32,47,i32	constant	,1
10392,i32,0,i32	constant	,1
10393,_xmlURI*,,xml	U	R	I*	null	,22
10394,i8*,,i8*	null	,7
10395,i32,2,i32	constant	,1
10396,i32,0,i32	constant	,1
10397,i32,0,i32	constant	,1
10398,i32,47,i32	constant	,1
10399,i32,0,i32	constant	,1
10400,_xmlURI*,,xml	U	R	I*	null	,22
10401,i8*,,i8*	null	,7
10402,i32,2,i32	constant	,1
10403,i32,0,i32	constant	,1
10404,i32,47,i32	constant	,1
10405,i32,47,i32	constant	,1
10406,i32,0,i32	constant	,1
10407,i8*,,i8*	null	,7
10408,i32,0,i32	constant	,1
10409,i32,47,i32	constant	,1
10410,i32,0,i32	constant	,1
10411,i32,64,i32	constant	,1
10412,i32,58,i32	constant	,1
10413,i32,39,i32	constant	,1
10414,i32,61,i32	constant	,1
10415,i32,59,i32	constant	,1
10416,i32,44,i32	constant	,1
10417,i32,43,i32	constant	,1
10418,i32,42,i32	constant	,1
10419,i32,41,i32	constant	,1
10420,i32,40,i32	constant	,1
10421,i32,38,i32	constant	,1
10422,i32,36,i32	constant	,1
10423,i32,33,i32	constant	,1
10424,i32,70,i32	constant	,1
10425,i32,65,i32	constant	,1
10426,i32,102,i32	constant	,1
10427,i32,97,i32	constant	,1
10428,i32,57,i32	constant	,1
10429,i32,48,i32	constant	,1
10430,i32,70,i32	constant	,1
10431,i32,65,i32	constant	,1
10432,i32,102,i32	constant	,1
10433,i32,97,i32	constant	,1
10434,i32,57,i32	constant	,1
10435,i32,48,i32	constant	,1
10436,i32,37,i32	constant	,1
10437,i32,126,i32	constant	,1
10438,i32,95,i32	constant	,1
10439,i32,46,i32	constant	,1
10440,i32,45,i32	constant	,1
10441,i32,57,i32	constant	,1
10442,i32,48,i32	constant	,1
10443,i32,90,i32	constant	,1
10444,i32,65,i32	constant	,1
10445,i32,122,i32	constant	,1
10446,i32,97,i32	constant	,1
10447,i32,0,i32	constant	,1
10448,_xmlURI*,,xml	U	R	I*	null	,22
10449,i8*,,i8*	null	,7
10450,i32,47,i32	constant	,1
10451,i32,47,i32	constant	,1
10452,i32,0,i32	constant	,1
10453,i32,0,i32	constant	,1
10454,i32,47,i32	constant	,1
10455,i32,0,i32	constant	,1
10456,i32,64,i32	constant	,1
10457,i32,58,i32	constant	,1
10458,i32,39,i32	constant	,1
10459,i32,61,i32	constant	,1
10460,i32,59,i32	constant	,1
10461,i32,44,i32	constant	,1
10462,i32,43,i32	constant	,1
10463,i32,42,i32	constant	,1
10464,i32,41,i32	constant	,1
10465,i32,40,i32	constant	,1
10466,i32,38,i32	constant	,1
10467,i32,36,i32	constant	,1
10468,i32,33,i32	constant	,1
10469,i32,70,i32	constant	,1
10470,i32,65,i32	constant	,1
10471,i32,102,i32	constant	,1
10472,i32,97,i32	constant	,1
10473,i32,57,i32	constant	,1
10474,i32,48,i32	constant	,1
10475,i32,70,i32	constant	,1
10476,i32,65,i32	constant	,1
10477,i32,102,i32	constant	,1
10478,i32,97,i32	constant	,1
10479,i32,57,i32	constant	,1
10480,i32,48,i32	constant	,1
10481,i32,37,i32	constant	,1
10482,i32,126,i32	constant	,1
10483,i32,95,i32	constant	,1
10484,i32,46,i32	constant	,1
10485,i32,45,i32	constant	,1
10486,i32,57,i32	constant	,1
10487,i32,48,i32	constant	,1
10488,i32,90,i32	constant	,1
10489,i32,65,i32	constant	,1
10490,i32,122,i32	constant	,1
10491,i32,97,i32	constant	,1
10492,i32,0,i32	constant	,1
10493,_xmlURI*,,xml	U	R	I*	null	,22
10494,i8*,,i8*	null	,7
10495,i32,63,i32	constant	,1
10496,i32,0,i32	constant	,1
10497,i32,35,i32	constant	,1
10498,i32,0,i32	constant	,1
10499,i32,0,i32	constant	,1
10500,i32,0,i32	constant	,1
10501,i32,58,i32	constant	,1
10502,i32,0,i32	constant	,1
10503,i32,63,i32	constant	,1
10504,i32,0,i32	constant	,1
10505,i32,35,i32	constant	,1
10506,i32,0,i32	constant	,1
10507,i32,0,i32	constant	,1
10508,i8*,,i8*	null	,7
10509,i32,0,i32	constant	,1
10510,i32,0,i32	constant	,1
10511,i8*,,i8*	null	,7
10512,_xmlURI*,,xml	U	R	I*	null	,22
10513,i32,0,i32	constant	,1
10514,i8*,,i8*	null	,7
10515,_xmlURI*,,xml	U	R	I*	null	,22
10516,i32,0,i32	constant	,1
10517,i32,0,i32	constant	,1
10518,_xmlElementContent*,,xml	Element	Content*	null	,76
10519,_xmlDoc*,,xml	Doc*	null	,2
10520,_xmlElementContent*,,xml	Element	Content*	null	,76
10521,i8*,,i8*	null	,7
10522,_xmlDict*,,xml	Dict*	null	,35
10523,i8*,,i8*	null	,7
10524,_xmlDict*,,xml	Dict*	null	,35
10525,_xmlElementContent*,,xml	Element	Content*	null	,76
10526,_xmlValidCtxt*,,xml	Valid	Ctxt*	null	,75
10527,_xmlElementContent*,,xml	Element	Content*	null	,76
10528,_xmlElementContent*,,xml	Element	Content*	null	,76
10529,_xmlElementContent*,,xml	Element	Content*	null	,76
10530,_xmlElementContent*,,xml	Element	Content*	null	,76
10531,i8*,,i8*	null	,7
10532,_xmlDict*,,xml	Dict*	null	,35
10533,i8*,,i8*	null	,7
10534,_xmlDict*,,xml	Dict*	null	,35
10535,_xmlElementContent*,,xml	Element	Content*	null	,76
10536,_xmlElementContent*,,xml	Element	Content*	null	,76
10537,i32,-1412623820,i32	constant	,1
10538,i32,-1412623819,i32	constant	,1
10539,_xmlDoc*,,xml	Doc*	null	,2
10540,_xmlElementContent*,,xml	Element	Content*	null	,76
10541,i64,250,i64	constant	,12
10542,i64,0,i64	constant	,12
10543,_xmlElementContent*,,xml	Element	Content*	null	,76
10544,_xmlDict*,,xml	Dict*	null	,35
10545,i32,0,i32	constant	,1
10546,i8*,,i8*	null	,7
10547,i32,0,i32	constant	,1
10548,i8*,,i8*	null	,7
10549,i8*,,i8*	null	,7
10550,i8*,,i8*	null	,7
10551,i8*,,i8*	null	,7
10552,_xmlElementContent*,,xml	Element	Content*	null	,76
10553,i32,0,i32	constant	,1
10554,i8*,,i8*	null	,7
10555,i32,4,i32	constant	,1
10556,i32,3,i32	constant	,1
10557,i32,4,i32	constant	,1
10558,i32,3,i32	constant	,1
10559,i32,1,i32	constant	,1
10560,i32,4,i32	constant	,1
10561,i32,3,i32	constant	,1
10562,i32,3,i32	constant	,1
10563,i32,4,i32	constant	,1
10564,i32,1,i32	constant	,1
10565,i32,0,i32	constant	,1
10566,_xmlElementContent*,,xml	Element	Content*	null	,76
10567,i32,50,i32	constant	,1
10568,i32,46,i32	constant	,1
10569,i32,4,i32	constant	,1
10570,i32,0,i32	constant	,1
10571,i8*,,i8*	null	,7
10572,i8*,,i8*	null	,7
10573,i32,4,i32	constant	,1
10574,i32,3,i32	constant	,1
10575,i32,50,i32	constant	,1
10576,i32,46,i32	constant	,1
10577,i32,4,i32	constant	,1
10578,i32,4,i32	constant	,1
10579,i32,1,i32	constant	,1
10580,i32,2,i32	constant	,1
10581,i32,4,i32	constant	,1
10582,i32,3,i32	constant	,1
10583,i32,50,i32	constant	,1
10584,i32,46,i32	constant	,1
10585,i32,4,i32	constant	,1
10586,i32,3,i32	constant	,1
10587,i32,1,i32	constant	,1
10588,i32,2,i32	constant	,1
10589,i32,0,i32	constant	,1
10590,_xmlElement*,,xml	Element*	null	,66
10591,i8*,,i8*	null	,7
10592,i8*,,i8*	null	,7
10593,_xmlRegexp*,,xml	Regexp*	null	,60
10594,_xmlDtd*,,xml	Dtd*	null	,40
10595,i8*,,i8*	null	,7
10596,_xmlElementContent*,,xml	Element	Content*	null	,76
10597,_xmlElementContent*,,xml	Element	Content*	null	,76
10598,_xmlElementContent*,,xml	Element	Content*	null	,76
10599,_xmlElementContent*,,xml	Element	Content*	null	,76
10600,i8*,,i8*	null	,7
10601,_xmlHashTable*,,xml	Hash	Table*	null	,31
10602,_xmlDoc*,,xml	Doc*	null	,2
10603,_xmlHashTable*,,xml	Hash	Table*	null	,31
10604,i8*,,i8*	null	,7
10605,i8*,,i8*	null	,7
10606,_xmlDtd*,,xml	Dtd*	null	,40
10607,_xmlDoc*,,xml	Doc*	null	,2
10608,i32,0,i32	constant	,1
10609,_xmlElement*,,xml	Element*	null	,66
10610,_xmlElement*,,xml	Element*	null	,66
10611,i32,0,i32	constant	,1
10612,i8*,,i8*	null	,7
10613,i8*,,i8*	null	,7
10614,i8*,,i8*	null	,7
10615,_xmlElement*,,xml	Element*	null	,66
10616,i8*,,i8*	null	,7
10617,_xmlValidCtxt*,,xml	Valid	Ctxt*	null	,75
10618,i8*,,i8*	null	,7
10619,i8*,,i8*	null	,7
10620,i8*,,i8*	null	,7
10621,i8*,,i8*	null	,7
10622,i32,0,i32	constant	,1
10623,i8*,,i8*	null	,7
10624,i32,-1412623820,i32	constant	,1
10625,_xmlValidCtxt*,,xml	Valid	Ctxt*	null	,75
10626,i32,-1412623820,i32	constant	,1
10627,i32,-1412623819,i32	constant	,1
10628,i32,-1412623819,i32	constant	,1
10629,_xmlElementContent*,,xml	Element	Content*	null	,76
10630,_xmlNode*,,xml	Node*	null	,8
10631,i8*,,i8*	null	,7
10632,i64,250,i64	constant	,12
10633,i64,0,i64	constant	,12
10634,_xmlElement*,,xml	Element*	null	,66
10635,i8*,,i8*	null	,7
10636,i8*,,i8*	null	,7
10637,_xmlElement*,,xml	Element*	null	,66
10638,_xmlBuffer*,,xml	Buffer*	null	,16
10639,i8*,,i8*	null	,7
10640,i8*,,i8*	null	,7
10641,i8*,,i8*	null	,7
10642,i8*,,i8*	null	,7
10643,_xmlHashTable*,,xml	Hash	Table*	null	,31
10644,_xmlBuffer*,,xml	Buffer*	null	,16
10645,_xmlEnumeration*,,xml	Enumeration*	null	,80
10646,i8*,,i8*	null	,7
10647,_xmlEnumeration*,,xml	Enumeration*	null	,80
10648,_xmlEnumeration*,,xml	Enumeration*	null	,80
10649,i8*,,i8*	null	,7
10650,_xmlEnumeration*,,xml	Enumeration*	null	,80
10651,_xmlEnumeration*,,xml	Enumeration*	null	,80
10652,_xmlEnumeration*,,xml	Enumeration*	null	,80
10653,_xmlEnumeration*,,xml	Enumeration*	null	,80
10654,_xmlBuffer*,,xml	Buffer*	null	,16
10655,_xmlEnumeration*,,xml	Enumeration*	null	,80
10656,_xmlElement*,,xml	Element*	null	,66
10657,_xmlAttribute*,,xml	Attribute*	null	,67
10658,i32,2,i32	constant	,1
10659,i32,0,i32	constant	,1
10660,i32,0,i32	constant	,1
10661,i32,1,i32	constant	,1
10662,_xmlAttribute*,,xml	Attribute*	null	,67
10663,_xmlDoc*,,xml	Doc*	null	,2
10664,_xmlEnumeration*,,xml	Enumeration*	null	,80
10665,_xmlDict*,,xml	Dict*	null	,35
10666,i32,0,i32	constant	,1
10667,i8*,,i8*	null	,7
10668,i32,0,i32	constant	,1
10669,i8*,,i8*	null	,7
10670,i32,0,i32	constant	,1
10671,i8*,,i8*	null	,7
10672,i8*,,i8*	null	,7
10673,i32,0,i32	constant	,1
10674,i8*,,i8*	null	,7
10675,i8*,,i8*	null	,7
10676,i8*,,i8*	null	,7
10677,i8*,,i8*	null	,7
10678,_xmlDtd*,,xml	Dtd*	null	,40
10679,i8*,,i8*	null	,7
10680,i8*,,i8*	null	,7
10681,_xmlDoc*,,xml	Doc*	null	,2
10682,i8*,,i8*	null	,7
10683,i32,0,i32	constant	,1
10684,_xmlValidCtxt*,,xml	Valid	Ctxt*	null	,75
10685,_xmlDoc*,,xml	Doc*	null	,2
10686,_xmlDtd*,,xml	Dtd*	null	,40
10687,i8*,,i8*	null	,7
10688,_xmlAttribute*,,xml	Attribute*	null	,67
10689,_xmlHashTable*,,xml	Hash	Table*	null	,31
10690,_xmlHashTable*,,xml	Hash	Table*	null	,31
10691,_xmlAttribute*,,xml	Attribute*	null	,67
10692,_xmlDict*,,xml	Dict*	null	,35
10693,i8*,,i8*	null	,7
10694,_xmlDict*,,xml	Dict*	null	,35
10695,i32,0,i32	constant	,1
10696,_xmlElement*,,xml	Element*	null	,66
10697,i32,2,i32	constant	,1
10698,i32,0,i32	constant	,1
10699,_xmlValidCtxt*,,xml	Valid	Ctxt*	null	,75
10700,i32,0,i32	constant	,1
10701,i8*,,i8*	null	,7
10702,i32,0,i32	constant	,1
10703,_xmlAttribute*,,xml	Attribute*	null	,67
10704,i32,0,i32	constant	,1
10705,i32,0,i32	constant	,1
10706,i8*,,i8*	null	,7
10707,_xmlAttribute*,,xml	Attribute*	null	,67
10708,_xmlAttribute*,,xml	Attribute*	null	,67
10709,_xmlNode*,,xml	Node*	null	,8
10710,_xmlAttribute*,,xml	Attribute*	null	,67
10711,i8*,,i8*	null	,7
10712,i8*,,i8*	null	,7
10713,i8*,,i8*	null	,7
10714,i8*,,i8*	null	,7
10715,_xmlAttribute*,,xml	Attribute*	null	,67
10716,_xmlBuffer*,,xml	Buffer*	null	,16
10717,i8*,,i8*	null	,7
10718,i8*,,i8*	null	,7
10719,_xmlHashTable*,,xml	Hash	Table*	null	,31
10720,_xmlBuffer*,,xml	Buffer*	null	,16
10721,_xmlNotation*,,xml	Notation*	null	,-1
10722,i8*,,i8*	null	,7
10723,i8*,,i8*	null	,7
10724,i8*,,i8*	null	,7
10725,_xmlValidCtxt*,,xml	Valid	Ctxt*	null	,75
10726,_xmlDtd*,,xml	Dtd*	null	,40
10727,i8*,,i8*	null	,7
10728,i8*,,i8*	null	,7
10729,i8*,,i8*	null	,7
10730,_xmlHashTable*,,xml	Hash	Table*	null	,31
10731,_xmlDoc*,,xml	Doc*	null	,2
10732,_xmlHashTable*,,xml	Hash	Table*	null	,31
10733,_xmlNotation*,,xml	Notation*	null	,-1
10734,i8*,,i8*	null	,7
10735,i8*,,i8*	null	,7
10736,i32,-1412623820,i32	constant	,1
10737,i32,0,i32	constant	,1
10738,i32,-1412623819,i32	constant	,1
10739,i64,250,i64	constant	,12
10740,i64,0,i64	constant	,12
10741,_xmlNotation*,,xml	Notation*	null	,-1
10742,i8*,,i8*	null	,7
10743,i8*,,i8*	null	,7
10744,i8*,,i8*	null	,7
10745,_xmlNotation*,,xml	Notation*	null	,-1
10746,_xmlBuffer*,,xml	Buffer*	null	,16
10747,i8*,,i8*	null	,7
10748,i8*,,i8*	null	,7
10749,_xmlHashTable*,,xml	Hash	Table*	null	,31
10750,_xmlBuffer*,,xml	Buffer*	null	,16
10751,_xmlID*,,xml	I	D*	null	,-1
10752,_xmlDoc*,,xml	Doc*	null	,2
10753,i8*,,i8*	null	,7
10754,i32,0,i32	constant	,1
10755,_xmlDict*,,xml	Dict*	null	,35
10756,i8*,,i8*	null	,7
10757,i8*,,i8*	null	,7
10758,i32,0,i32	constant	,1
10759,_xmlDict*,,xml	Dict*	null	,35
10760,i8*,,i8*	null	,7
10761,_xmlDoc*,,xml	Doc*	null	,2
10762,i8*,,i8*	null	,7
10763,_xmlAttr*,,xml	Attr*	null	,18
10764,_xmlHashTable*,,xml	Hash	Table*	null	,31
10765,_xmlHashTable*,,xml	Hash	Table*	null	,31
10766,_xmlID*,,xml	I	D*	null	,-1
10767,i32,0,i32	constant	,1
10768,_xmlValidCtxt*,,xml	Valid	Ctxt*	null	,75
10769,_xmlDict*,,xml	Dict*	null	,35
10770,i32,0,i32	constant	,1
10771,_xmlValidCtxt*,,xml	Valid	Ctxt*	null	,75
10772,_xmlAttr*,,xml	Attr*	null	,18
10773,i8*,,i8*	null	,7
10774,_xmlAttr*,,xml	Attr*	null	,18
10775,i8*,,i8*	null	,7
10776,_xmlNs*,,xml	Ns*	null	,21
10777,i32,0,i32	constant	,1
10778,i32,0,i32	constant	,1
10779,_xmlDoc*,,xml	Doc*	null	,2
10780,_xmlDtd*,,xml	Dtd*	null	,40
10781,_xmlDtd*,,xml	Dtd*	null	,40
10782,i32,13,i32	constant	,1
10783,i32,13,i32	constant	,1
10784,i32,0,i32	constant	,1
10785,i32,0,i32	constant	,1
10786,i32,0,i32	constant	,1
10787,_xmlNode*,,xml	Node*	null	,8
10788,_xmlNode*,,xml	Node*	null	,8
10789,i8*,,i8*	null	,7
10790,_xmlNs*,,xml	Ns*	null	,21
10791,i8*,,i8*	null	,7
10792,_xmlNs*,,xml	Ns*	null	,21
10793,i8*,,i8*	null	,7
10794,i8*,,i8*	null	,7
10795,_xmlDtd*,,xml	Dtd*	null	,40
10796,_xmlAttribute*,,xml	Attribute*	null	,67
10797,i32,2,i32	constant	,1
10798,_xmlAttribute*,,xml	Attribute*	null	,67
10799,_xmlDoc*,,xml	Doc*	null	,2
10800,_xmlAttr*,,xml	Attr*	null	,18
10801,_xmlHashTable*,,xml	Hash	Table*	null	,31
10802,i8*,,i8*	null	,7
10803,_xmlID*,,xml	I	D*	null	,-1
10804,_xmlDoc*,,xml	Doc*	null	,2
10805,i8*,,i8*	null	,7
10806,_xmlHashTable*,,xml	Hash	Table*	null	,31
10807,_xmlID*,,xml	I	D*	null	,-1
10808,_xmlAttr*,,xml	Attr*	null	,18
10809,_xmlDoc*,,xml	Doc*	null	,2
10810,i8*,,i8*	null	,7
10811,_xmlAttr*,,xml	Attr*	null	,18
10812,_xmlHashTable*,,xml	Hash	Table*	null	,31
10813,_xmlHashTable*,,xml	Hash	Table*	null	,31
10814,_xmlRef*,,xml	Ref*	null	,-1
10815,i32,0,i32	constant	,1
10816,_xmlValidCtxt*,,xml	Valid	Ctxt*	null	,75
10817,_xmlDtd*,,xml	Dtd*	null	,40
10818,i8*,,i8*	null	,7
10819,_xmlDoc*,,xml	Doc*	null	,2
10820,i32,0,i32	constant	,1
10821,_xmlHashTable*,,xml	Hash	Table*	null	,31
10822,_xmlHashTable*,,xml	Hash	Table*	null	,31
10823,i8*,,i8*	null	,7
10824,i32,0,i32	constant	,1
10825,_xmlElement*,,xml	Element*	null	,66
10826,_xmlElement*,,xml	Element*	null	,66
10827,i8*,,i8*	null	,7
10828,i8*,,i8*	null	,7
10829,_xmlDtd*,,xml	Dtd*	null	,40
10830,i8*,,i8*	null	,7
10831,_xmlHashTable*,,xml	Hash	Table*	null	,31
10832,i8*,,i8*	null	,7
10833,i8*,,i8*	null	,7
10834,i8*,,i8*	null	,7
10835,_xmlValidCtxt*,,xml	Valid	Ctxt*	null	,75
10836,_xmlElementContent*,,xml	Element	Content*	null	,76
10837,i8*,,i8*	null	,7
10838,i32,-1412623820,i32	constant	,1
10839,i32,-1412623819,i32	constant	,1
10840,i64,250,i64	constant	,12
10841,i64,0,i64	constant	,12
10842,i32,1,i32	constant	,1
10843,i32,3,i32	constant	,1
10844,i32,1,i32	constant	,1
10845,i32,4,i32	constant	,1
10846,i32,3,i32	constant	,1
10847,i8*,,i8*	null	,7
10848,i32,4,i32	constant	,1
10849,i32,1,i32	constant	,1
10850,_xmlElement*,,xml	Element*	null	,66
10851,_xmlValidCtxt*,,xml	Valid	Ctxt*	null	,75
10852,i32,15,i32	constant	,1
10853,i32,4,i32	constant	,1
10854,_xmlRegexp*,,xml	Regexp*	null	,60
10855,i32,0,i32	constant	,1
10856,_xmlAutomata*,,xml	Automata*	null	,77
10857,i32,1,i32	constant	,1
10858,_xmlValidCtxt*,,xml	Valid	Ctxt*	null	,75
10859,_xmlValidState*,,xml	Valid	State*	null	,-1
10860,_xmlNode**,,xml	Node**	null	,4
10861,_xmlDoc*,,xml	Doc*	null	,2
10862,i8*,,i8*	null	,7
10863,i8*,,i8*	null	,7
10864,_xmlElementContent*,,xml	Element	Content*	null	,76
10865,i8*,,i8*	null	,7
10866,i8*,,i8*	null	,7
10867,_xmlDict*,,xml	Dict*	null	,35
10868,_xmlDict*,,xml	Dict*	null	,35
10869,i8*,,i8*	null	,7
10870,,internal global i8* null,	constant	,6
10871,i8*,,i8*	null	,7
10872,i8*,,i8*	null	,7
10873,i8*,,i8*	null	,7
10874,_xmlXIncludeCtxt*,,xml	X	Include	Ctxt*	null	,81
10875,_xmlXIncludeCtxt*,,xml	X	Include	Ctxt*	null	,81
10876,_xmlURI*,,xml	U	R	I*	null	,22
10877,i8*,,i8*	null	,7
10878,_xmlXIncludeRef*,,xml	X	Include	Ref*	null	,82
10879,_xmlXIncludeRef**,,xml	X	Include	Ref**	null	,-1
10880,i8*,,i8*	null	,7
10881,i8*,,i8*	null	,7
10882,i8*,,i8*	null	,7
10883,_xmlXIncludeRef**,,xml	X	Include	Ref**	null	,-1
10884,i8*,,i8*	null	,7
10885,i32,35,i32	constant	,1
10886,i32,0,i32	constant	,1
10887,i32,0,i32	constant	,1
10888,_xmlDoc*,,xml	Doc*	null	,2
10889,i32,0,i32	constant	,1
10890,i32,0,i32	constant	,1
10891,_xmlDoc*,,xml	Doc*	null	,2
10892,i8*,,i8*	null	,7
10893,_xmlDoc*,,xml	Doc*	null	,2
10894,i8*,,i8*	null	,7
10895,i32,0,i32	constant	,1
10896,i32,0,i32	constant	,1
10897,i32,0,i32	constant	,1
10898,i8*,,i8*	null	,7
10899,_xmlDoc*,,xml	Doc*	null	,2
10900,_xmlDoc*,,xml	Doc*	null	,2
10901,_xmlXPathContext*,,xml	X	Path	Context*	null	,65
10902,_xmlXPathObject*,,xml	X	Path	Object*	null	,0
10903,_xmlNodeSet*,,xml	Node	Set*	null	,3
10904,i32,0,i32	constant	,1
10905,_xmlNodeSet*,,xml	Node	Set*	null	,3
10906,i32,0,i32	constant	,1
10907,_xmlNode*,,xml	Node*	null	,8
10908,_xmlDoc*,,xml	Doc*	null	,2
10909,i8*,,i8*	null	,7
10910,_xmlDoc*,,xml	Doc*	null	,2
10911,i32,262144,i32	constant	,1
10912,i32,0,i32	constant	,1
10913,i32,262144,i32	constant	,1
10914,i32,0,i32	constant	,1
10915,i8*,,i8*	null	,7
10916,i8*,,i8*	null	,7
10917,i8*,,i8*	null	,7
10918,i8*,,i8*	null	,7
10919,_xmlNode*,,xml	Node*	null	,8
10920,i32,1,i32	constant	,1
10921,i8*,,i8*	null	,7
10922,i32,0,i32	constant	,1
10923,i8*,,i8*	null	,7
10924,i8*,,i8*	null	,7
10925,i8*,,i8*	null	,7
10926,_xmlDoc*,,xml	Doc*	null	,2
10927,i32,1,i32	constant	,1
10928,i32,0,i32	constant	,1
10929,i8*,,i8*	null	,7
10930,_xmlURI*,,xml	U	R	I*	null	,22
10931,i8*,,i8*	null	,7
10932,i8*,,i8*	null	,7
10933,i32,0,i32	constant	,1
10934,i32,0,i32	constant	,1
10935,_xmlNode*,,xml	Node*	null	,8
10936,_xmlXIncludeRef*,,xml	X	Include	Ref*	null	,82
10937,i8*,,i8*	null	,7
10938,i32,0,i32	constant	,1
10939,i32,-1,i32	constant	,1
10940,_xmlParserInput*,,xml	Parser	Input*	null	,17
10941,_xmlParserInputBuffer*,,xml	Parser	Input	Buffer*	null	,34
10942,_xmlCharEncodingHandler*,,xml	Char	Encoding	Handler*	null	,25
10943,i32,0,i32	constant	,1
10944,i32,0,i32	constant	,1
10945,i32,256,i32	constant	,1
10946,_xmlXIncludeRef*,,xml	X	Include	Ref*	null	,82
10947,_xmlDoc*,,xml	Doc*	null	,2
10948,_xmlXIncludeCtxt*,,xml	X	Include	Ctxt*	null	,81
10949,i32,0,i32	constant	,1
10950,_xmlNode*,,xml	Node*	null	,8
10951,i8*,,i8*	null	,7
10952,i8*,,i8*	null	,7
10953,i8*,,i8*	null	,7
10954,i32,0,i32	constant	,1
10955,i32,0,i32	constant	,1
10956,i8*,,i8*	null	,7
10957,i8*,,i8*	null	,7
10958,i8*,,i8*	null	,7
10959,i8*,,i8*	null	,7
10960,i8*,,i8*	null	,7
10961,i8*,,i8*	null	,7
10962,i8*,,i8*	null	,7
10963,i8*,,i8*	null	,7
10964,i8*,,i8*	null	,7
10965,i8*,,i8*	null	,7
10966,_xmlXPathObject*,,xml	X	Path	Object*	null	,0
10967,i8*,,i8*	null	,7
10968,i8*,,i8*	null	,7
10969,i32,1,i32	constant	,1
10970,i32,0,i32	constant	,1
10971,i32,0,i32	constant	,1
10972,_xmlNode*,,xml	Node*	null	,8
10973,i32,1,i32	constant	,1
10974,_xmlNs*,,xml	Ns*	null	,21
10975,i32,0,i32	constant	,1
10976,i32,0,i32	constant	,1
10977,i32,0,i32	constant	,1
10978,i32,0,i32	constant	,1
10979,i32,0,i32	constant	,1
10980,i8*,,i8*	null	,7
10981,i8*,,i8*	null	,7
10982,i8*,,i8*	null	,7
10983,i8*,,i8*	null	,7
10984,_xmlXIncludeCtxt*,,xml	X	Include	Ctxt*	null	,81
10985,i32,0,i32	constant	,1
10986,i32,18,i32	constant	,1
10987,_xmlNode*,,xml	Node*	null	,8
10988,_xmlNode*,,xml	Node*	null	,8
10989,_xmlXPathObject*,,xml	X	Path	Object*	null	,0
10990,_xmlNode*,,xml	Node*	null	,8
10991,i32,1,i32	constant	,1
10992,_xmlNode*,,xml	Node*	null	,8
10993,i32,1,i32	constant	,1
10994,i32,0,i32	constant	,1
10995,i32,1,i32	constant	,1
10996,i32,32768,i32	constant	,1
10997,i32,0,i32	constant	,1
10998,_xmlNode*,,xml	Node*	null	,8
10999,_xmlNode*,,xml	Node*	null	,8
11000,_xmlNode*,,xml	Node*	null	,8
11001,_xmlNode*,,xml	Node*	null	,8
11002,i32,1,i32	constant	,1
11003,_xmlNs*,,xml	Ns*	null	,21
11004,i32,0,i32	constant	,1
11005,i32,0,i32	constant	,1
11006,i32,0,i32	constant	,1
11007,i32,0,i32	constant	,1
11008,i32,0,i32	constant	,1
11009,_xmlNode*,,xml	Node*	null	,8
11010,i32,1,i32	constant	,1
11011,_xmlNs*,,xml	Ns*	null	,21
11012,i32,0,i32	constant	,1
11013,i32,0,i32	constant	,1
11014,i32,0,i32	constant	,1
11015,i32,0,i32	constant	,1
11016,i32,0,i32	constant	,1
11017,i32,1,i32	constant	,1
11018,_xmlXIncludeRef*,,xml	X	Include	Ref*	null	,82
11019,i32,0,i32	constant	,1
11020,_xmlNode*,,xml	Node*	null	,8
11021,i32,1,i32	constant	,1
11022,_xmlNs*,,xml	Ns*	null	,21
11023,i32,0,i32	constant	,1
11024,i32,0,i32	constant	,1
11025,i32,0,i32	constant	,1
11026,i32,18,i32	constant	,1
11027,_xmlNode*,,xml	Node*	null	,8
11028,_xmlDoc*,,xml	Doc*	null	,2
11029,_xmlXIncludeCtxt*,,xml	X	Include	Ctxt*	null	,81
11030,i8*,,i8*	null	,7
11031,i32,0,i32	constant	,1
11032,i8*,,i8*	null	,7
11033,i32,1,i32	constant	,1
11034,_xmlNode*,,xml	Node*	null	,8
11035,_xmlNode*,,xml	Node*	null	,8
11036,i32,17,i32	constant	,1
11037,i32,19,i32	constant	,1
11038,i32,20,i32	constant	,1
11039,i32,0,i32	constant	,1
11040,_xmlNode*,,xml	Node*	null	,8
11041,i32,0,i32	constant	,1
11042,_xmlNode*,,xml	Node*	null	,8
11043,_xmlNode*,,xml	Node*	null	,8
11044,i32,0,i32	constant	,1
11045,_xmlNode*,,xml	Node*	null	,8
11046,_xmlNode*,,xml	Node*	null	,8
11047,_xmlXPathObject*,,xml	X	Path	Object*	null	,0
11048,i32,0,i32	constant	,1
11049,i8*,,i8*	null	,7
11050,_xmlXIncludeCtxt*,,xml	X	Include	Ctxt*	null	,81
11051,i32,0,i32	constant	,1
11052,i32,18,i32	constant	,1
11053,_xmlNode*,,xml	Node*	null	,8
11054,_xmlDoc*,,xml	Doc*	null	,2
11055,_xmlXIncludeCtxt*,,xml	X	Include	Ctxt*	null	,81
11056,i32,0,i32	constant	,1
11057,i32,0,i32	constant	,1
11058,_xmlDoc*,,xml	Doc*	null	,2
11059,_xmlNode*,,xml	Node*	null	,8
11060,_xmlXIncludeRef**,,xml	X	Include	Ref**	null	,-1
11061,i32,18,i32	constant	,1
11062,_xmlNode*,,xml	Node*	null	,8
11063,_xmlDoc*,,xml	Doc*	null	,2
11064,_xmlXIncludeCtxt*,,xml	X	Include	Ctxt*	null	,81
11065,i32,0,i32	constant	,1
11066,i32,0,i32	constant	,1
11067,i32,18,i32	constant	,1
11068,_xmlNode*,,xml	Node*	null	,8
11069,_xmlXIncludeCtxt*,,xml	X	Include	Ctxt*	null	,81
11070,_xmlDoc*,,xml	Doc*	null	,2
11071,i32,0,i32	constant	,1
11072,i32,0,i32	constant	,1
11073,_xmlXIncludeRef**,,xml	X	Include	Ref**	null	,-1
11074,_xmlDoc*,,xml	Doc*	null	,2
11075,_xmlXIncludeCtxt*,,xml	X	Include	Ctxt*	null	,81
11076,i32,40,i32	constant	,1
11077,i8**,,i	null	,26
11078,i8**,,i	null	,26
11079,i8**,,i	null	,26
11080,i32,0,i32	constant	,1
11081,i32,0,i32	constant	,1
11082,i8*,,i8*	null	,7
11083,_xmlXIncludeCtxt*,,xml	X	Include	Ctxt*	null	,81
11084,i32,0,i32	constant	,1
11085,i8**,,i	null	,26
11086,_xmlXIncludeRef*,,xml	X	Include	Ref*	null	,82
11087,i8**,,i	null	,26
11088,i32,0,i32	constant	,1
11089,i8*,,i8*	null	,7
11090,_xmlXIncludeRef**,,xml	X	Include	Ref**	null	,-1
11091,_xmlNode**,,xml	Node**	null	,4
11092,i8**,,i	null	,26
11093,i8*,,i8*	null	,7
11094,_xmlXIncludeCtxt*,,xml	X	Include	Ctxt*	null	,81
11095,_xmlNode*,,xml	Node*	null	,8
11096,i8*,,i8*	null	,7
11097,i8*,,i8*	null	,7
11098,i32,0,i32	constant	,1
11099,i32,35,i32	constant	,1
11100,i8*,,i8*	null	,7
11101,i32,0,i32	constant	,1
11102,i32,0,i32	constant	,1
11103,i8*,,i8*	null	,7
11104,i8*,,i8*	null	,7
11105,i8*,,i8*	null	,7
11106,i8*,,i8*	null	,7
11107,i8*,,i8*	null	,7
11108,i8*,,i8*	null	,7
11109,i8*,,i8*	null	,7
11110,i8*,,i8*	null	,7
11111,i8*,,i8*	null	,7
11112,i8*,,i8*	null	,7
11113,_xmlURI*,,xml	U	R	I*	null	,22
11114,i8*,,i8*	null	,7
11115,i8*,,i8*	null	,7
11116,i32,0,i32	constant	,1
11117,i8*,,i8*	null	,7
11118,i8*,,i8*	null	,7
11119,i8*,,i8*	null	,7
11120,i8*,,i8*	null	,7
11121,i32,1,i32	constant	,1
11122,i32,0,i32	constant	,1
11123,i32,1,i32	constant	,1
11124,i32,0,i32	constant	,1
11125,i8*,,i8*	null	,7
11126,i8*,,i8*	null	,7
11127,i32,1,i32	constant	,1
11128,i32,0,i32	constant	,1
11129,i32,0,i32	constant	,1
11130,_xmlXIncludeRef*,,xml	X	Include	Ref*	null	,82
11131,_xmlNode*,,xml	Node*	null	,8
11132,_xmlDoc*,,xml	Doc*	null	,2
11133,i32,13,i32	constant	,1
11134,_xmlDoc*,,xml	Doc*	null	,2
11135,_xmlNs*,,xml	Ns*	null	,21
11136,i32,0,i32	constant	,1
11137,i8*,,i8*	null	,7
11138,i32,0,i32	constant	,1
11139,i32,0,i32	constant	,1
11140,i8*,,i8*	null	,7
11141,_xmlNs*,,xml	Ns*	null	,21
11142,i32,0,i32	constant	,1
11143,i32,0,i32	constant	,1
11144,i8*,,i8*	null	,7
11145,i8*,,i8*	null	,7
11146,i8*,,i8*	null	,7
11147,i32,9,i32	constant	,1
11148,i32,32,i32	constant	,1
11149,i32,9,i32	constant	,1
11150,i32,32,i32	constant	,1
11151,i32,13,i32	constant	,1
11152,i32,10,i32	constant	,1
11153,i32,0,i32	constant	,1
11154,i32,0,i32	constant	,1
11155,i32,9,i32	constant	,1
11156,i32,32,i32	constant	,1
11157,i32,0,i32	constant	,1
11158,i32,13,i32	constant	,1
11159,i32,10,i32	constant	,1
11160,i32,0,i32	constant	,1
11161,i32,0,i32	constant	,1
11162,i32,9,i32	constant	,1
11163,i32,32,i32	constant	,1
11164,i32,39,i32	constant	,1
11165,i32,39,i32	constant	,1
11166,i32,0,i32	constant	,1
11167,i32,39,i32	constant	,1
11168,i32,34,i32	constant	,1
11169,i32,34,i32	constant	,1
11170,i32,0,i32	constant	,1
11171,i32,34,i32	constant	,1
11172,i32,9,i32	constant	,1
11173,i32,32,i32	constant	,1
11174,i32,0,i32	constant	,1
11175,i32,0,i32	constant	,1
11176,i32,0,i32	constant	,1
11177,i32,0,i32	constant	,1
11178,i32,0,i32	constant	,1
11179,i32,0,i32	constant	,1
11180,i32,1,i32	constant	,1
11181,i8*,,i8*	null	,7
11182,i32,0,i32	constant	,1
11183,i32,0,i32	constant	,1
11184,i32,1,i32	constant	,1
11185,i8*,,i8*	null	,7
11186,i32,0,i32	constant	,1
11187,,internal global i32 0,	constant	,6
11188,i32,0,i32	constant	,1
11189,i32,0,i32	constant	,1
11190,i32,2,i32	constant	,1
11191,i32,0,i32	constant	,1
11192,i32,3,i32	constant	,1
11193,i8*,,i8*	null	,7
11194,i32,0,i32	constant	,1
11195,i32,0,i32	constant	,1
11196,i32,2,i32	constant	,1
11197,i32,0,i32	constant	,1
11198,i32,3,i32	constant	,1
11199,i8*,,i8*	null	,7
11200,i32,0,i32	constant	,1
11201,i32,0,i32	constant	,1
11202,i32,0,i32	constant	,1
11203,i32,1,i32	constant	,1
11204,i32,0,i32	constant	,1
11205,i32,0,i32	constant	,1
11206,i32,0,i32	constant	,1
11207,i32,2,i32	constant	,1
11208,i8*,,i8*	null	,7
11209,i32,0,i32	constant	,1
11210,i32,0,i32	constant	,1
11211,i32,0,i32	constant	,1
11212,i32,0,i32	constant	,1
11213,i32,0,i32	constant	,1
11214,i32,0,i32	constant	,1
11215,,internal global i32 0,	constant	,6
11216,i32,0,i32	constant	,1
11217,i32,0,i32	constant	,1
11218,i32,1,i32	constant	,1
11219,i32,0,i32	constant	,1
11220,i32,45,i32	constant	,1
11221,i32,0,i32	constant	,1
11222,i32,0,i32	constant	,1
11223,i32,0,i32	constant	,1
11224,i32,0,i32	constant	,1
11225,i32,0,i32	constant	,1
11226,i32,0,i32	constant	,1
11227,i32,0,i32	constant	,1
11228,i32,0,i32	constant	,1
11229,i32,0,i32	constant	,1
11230,i32,0,i32	constant	,1
11231,i32,0,i32	constant	,1
11232,i32,0,i32	constant	,1
11233,i32,0,i32	constant	,1
11234,i32,0,i32	constant	,1
11235,i32,0,i32	constant	,1
11236,i32,0,i32	constant	,1
11237,i32,0,i32	constant	,1
11238,,internal global i32 0,	constant	,6
11239,i32,0,i32	constant	,1
11240,i32,0,i32	constant	,1
11241,i32,0,i32	constant	,1
11242,i32,1,i32	constant	,1
11243,i32,0,i32	constant	,1
11244,i32,0,i32	constant	,1
11245,,internal global i32 0,	constant	,6
11246,i32,0,i32	constant	,1
11247,i32,0,i32	constant	,1
11248,i32,0,i32	constant	,1
11249,i32,1,i32	constant	,1
11250,,internal global i32 0,	constant	,6
11251,i32,0,i32	constant	,1
11252,i32,1,i32	constant	,1
11253,i32,45,i32	constant	,1
11254,,internal global i32 0,	constant	,6
11255,i32,0,i32	constant	,1
11256,i32,0,i32	constant	,1
11257,,internal global i32 0,	constant	,6
11258,i32,0,i32	constant	,1
11259,,internal global i32 0,	constant	,6
11260,i32,0,i32	constant	,1
11261,,internal global i32 0,	constant	,6
11262,i32,0,i32	constant	,1
11263,i32,1,i32	constant	,1
11264,i32,0,i32	constant	,1
11265,i32,45,i32	constant	,1
11266,i32,0,i32	constant	,1
11267,i32,0,i32	constant	,1
11268,i32,0,i32	constant	,1
11269,i32,0,i32	constant	,1
11270,,internal global i32 0,	constant	,6
11271,i32,0,i32	constant	,1
11272,i32,0,i32	constant	,1
11273,i32,0,i32	constant	,1
11274,_xmlCatalog*,,xml	Catalog*	null	,29
11275,,internal global i32 0,	constant	,6
11276,i32,0,i32	constant	,1
11277,_xmlCatalog*,,xml	Catalog*	null	,29
11278,_xmlCatalog*,,xml	Catalog*	null	,29
11279,i32,0,i32	constant	,1
11280,_xmlCatalog*,,xml	Catalog*	null	,29
11281,,internal global i32 0,	constant	,6
11282,i32,0,i32	constant	,1
11283,,internal global i32 0,	constant	,6
11284,i32,0,i32	constant	,1
11285,i32,0,i32	constant	,1
11286,_xmlCatalog*,,xml	Catalog*	null	,29
11287,i32,0,i32	constant	,1
11288,,internal global i32 0,	constant	,6
11289,i32,0,i32	constant	,1
11290,i32,0,i32	constant	,1
11291,_IO_FILE*,,I	O	F	I	L	E*	null	,14
11292,_xmlCatalog*,,xml	Catalog*	null	,29
11293,,internal global i32 0,	constant	,6
11294,i32,0,i32	constant	,1
11295,i32,0,i32	constant	,1
11296,_IO_FILE*,,I	O	F	I	L	E*	null	,14
11297,i32,0,i32	constant	,1
11298,i32,0,i32	constant	,1
11299,i32,0,i32	constant	,1
11300,i8*,,i8*	null	,7
11301,i32,0,i32	constant	,1
11302,i32,0,i32	constant	,1
11303,i32,0,i32	constant	,1
11304,i32,0,i32	constant	,1
11305,,internal global i32 0,	constant	,6
11306,i32,0,i32	constant	,1
11307,i32,1,i32	constant	,1
11308,_xmlURI*,,xml	U	R	I*	null	,22
11309,i8*,,i8*	null	,7
11310,i8*,,i8*	null	,7
11311,i8*,,i8*	null	,7
11312,,internal global i32 0,	constant	,6
11313,i32,0,i32	constant	,1
11314,,internal global i32 0,	constant	,6
11315,i32,0,i32	constant	,1
11316,,internal global i32 0,	constant	,6
11317,i32,0,i32	constant	,1
11318,,internal global i32 0,	constant	,6
11319,i32,0,i32	constant	,1
11320,,internal global i32 0,	constant	,6
11321,i32,0,i32	constant	,1
11322,i32,0,i32	constant	,1
11323,,internal global i8* null,	constant	,6
11324,i8*,,i8*	null	,7
11325,,internal global i32 0,	constant	,6
11326,i32,0,i32	constant	,1
11327,_IO_FILE*,,I	O	F	I	L	E*	null	,14
11328,i8*,,i8*	null	,7
11329,i8*,,i8*	null	,7
11330,i8*,,i8*	null	,7
11331,i8*,,i8*	null	,7
11332,,external dso_local global _IO_FILE*,	constant	,6
11333,_IO_FILE*,,I	O	F	I	L	E*	null	,14
11334,i8*,,i8*	null	,7
11335,i8*,,i8*	null	,7
11336,i32,0,i32	constant	,1
11337,i8*,,i8*	null	,7
11338,i8*,,i8*	null	,7
11339,i32,0,i32	constant	,1
11340,i32,0,i32	constant	,1
11341,i8*,,i8*	null	,7
11342,,external dso_local global _IO_FILE*,	constant	,6
11343,,external dso_local global _IO_FILE*,	constant	,6
11344,i32,0,i32	constant	,1
11345,,external dso_local global _IO_FILE*,	constant	,6
11346,i32,-1,i32	constant	,1
11347,i32,0,i32	constant	,1
11348,i8*,,i8*	null	,7
11349,i32,-1,i32	constant	,1
11350,i32,0,i32	constant	,1
11351,i32,0,i32	constant	,1
11352,i8*,,i8*	null	,7
11353,i8*,,i8*	null	,7
11354,i32,0,i32	constant	,1
11355,i8*,,i8*	null	,7
11356,xmlIOHTTPWriteCtxt_*,,xml	I	O	H	T	T	P	Write	Ctxt	*	null	,-1
11357,i8*,,i8*	null	,7
11358,i8*,,i8*	null	,7
11359,i32,0,i32	constant	,1
11360,i8*,,i8*	null	,7
11361,i8*,,i8*	null	,7
11362,i8*,,i8*	null	,7
11363,xmlIOHTTPWriteCtxt_*,,xml	I	O	H	T	T	P	Write	Ctxt	*	null	,-1
11364,i32,0,i32	constant	,1
11365,i32,0,i32	constant	,1
11366,i8*,,i8*	null	,7
11367,xmlIOHTTPWriteCtxt_*,,xml	I	O	H	T	T	P	Write	Ctxt	*	null	,-1
11368,i8*,,i8*	null	,7
11369,i8*,,i8*	null	,7
11370,i32,0,i32	constant	,1
11371,i32,300,i32	constant	,1
11372,i32,0,i32	constant	,1
11373,i32,200,i32	constant	,1
11374,i32,0,i32	constant	,1
11375,i32,0,i32	constant	,1
11376,i8*,,i8*	null	,7
11377,,internal global i32 0,	constant	,6
11378,i32,15,i32	constant	,1
11379,,internal global i32 0,	constant	,6
11380,i32,15,i32	constant	,1
11381,,internal global i32 0,	constant	,6
11382,i32,0,i32	constant	,1
11383,,internal global i32 0,	constant	,6
11384,i32,0,i32	constant	,1
11385,,internal global i32 0,	constant	,6
11386,i32,0,i32	constant	,1
11387,_xmlParserInputBuffer*,,xml	Parser	Input	Buffer*	null	,34
11388,_xmlBuf*,,xml	Buf*	null	,15
11389,_xmlCharEncodingHandler*,,xml	Char	Encoding	Handler*	null	,25
11390,_xmlOutputBuffer*,,xml	Output	Buffer*	null	,24
11391,_xmlBuf*,,xml	Buf*	null	,15
11392,i32,1,i32	constant	,1
11393,_xmlCharEncodingHandler*,,xml	Char	Encoding	Handler*	null	,25
11394,_xmlBuf*,,xml	Buf*	null	,15
11395,_xmlOutputBuffer*,,xml	Output	Buffer*	null	,24
11396,_xmlBuf*,,xml	Buf*	null	,15
11397,_xmlCharEncodingHandler*,,xml	Char	Encoding	Handler*	null	,25
11398,_xmlBuf*,,xml	Buf*	null	,15
11399,_xmlParserInputBuffer*,,xml	Parser	Input	Buffer*	null	,34
11400,_xmlBuf*,,xml	Buf*	null	,15
11401,_xmlCharEncodingHandler*,,xml	Char	Encoding	Handler*	null	,25
11402,i32,(i8*)* null,i32	constant	,1
11403,_xmlBuf*,,xml	Buf*	null	,15
11404,_xmlOutputBuffer*,,xml	Output	Buffer*	null	,24
11405,i32,"(i8*, i8*, i32)* null",i32	constant	,1
11406,i32,(i8*)* null,i32	constant	,1
11407,_xmlBuf*,,xml	Buf*	null	,15
11408,_xmlCharEncodingHandler*,,xml	Char	Encoding	Handler*	null	,25
11409,_xmlBuf*,,xml	Buf*	null	,15
11410,i32,0,i32	constant	,1
11411,i32,0,i32	constant	,1
11412,,internal global i32 0,	constant	,6
11413,i32,0,i32	constant	,1
11414,i8*,,i8*	null	,7
11415,i8*,,i8*	null	,7
11416,i32,0,i32	constant	,1
11417,i32,(i8*)* null,i32	constant	,1
11418,i32,0,i32	constant	,1
11419,i8*,,i8*	null	,7
11420,i8*,,i8*	null	,7
11421,_xmlParserInputBuffer*,,xml	Parser	Input	Buffer*	null	,34
11422,,external dso_local global _xmlParserInputBuffer* (i8*,	constant	,6
11423,_xmlParserInputBuffer*,"(i8*, i32)* null",xml	Parser	Input	Buffer*	i	i	null	,-1
11424,i32,0,i32	constant	,1
11425,,internal global i32 0,	constant	,6
11426,i32,0,i32	constant	,1
11427,i8*,,i8*	null	,7
11428,i32,0,i32	constant	,1
11429,_xmlURI*,,xml	U	R	I*	null	,22
11430,i8*,,i8*	null	,7
11431,i32,0,i32	constant	,1
11432,i32,13,i32	constant	,1
11433,i8*,,i8*	null	,7
11434,i32,0,i32	constant	,1
11435,i32,(i8*)* null,i32	constant	,1
11436,i32,0,i32	constant	,1
11437,i8*,,i8*	null	,7
11438,i32,11,i32	constant	,1
11439,i8*,,i8*	null	,7
11440,i32,0,i32	constant	,1
11441,i32,(i8*)* null,i32	constant	,1
11442,i32,0,i32	constant	,1
11443,i32,9,i32	constant	,1
11444,i8*,,i8*	null	,7
11445,i8*,,i8*	null	,7
11446,_xmlOutputBuffer*,,xml	Output	Buffer*	null	,24
11447,i32,74,i32	constant	,1
11448,,external dso_local global _xmlOutputBuffer* (i8*,	constant	,6
11449,_xmlOutputBuffer*,"(i8*, %struct._xmlCharEncodingHandler*, i32)* null","xml	Output	Buffer*	i	struct	xml	Char	Encoding	Handler*, i32)* null	",-1
11450,i32,16,i32	constant	,1
11451,,internal global i32 0,	constant	,6
11452,i32,0,i32	constant	,1
11453,_IO_FILE*,,I	O	F	I	L	E*	null	,14
11454,_xmlParserInputBuffer*,,xml	Parser	Input	Buffer*	null	,34
11455,i32,125,i32	constant	,1
11456,,internal global i32 0,	constant	,6
11457,i32,0,i32	constant	,1
11458,_IO_FILE*,,I	O	F	I	L	E*	null	,14
11459,_xmlOutputBuffer*,,xml	Output	Buffer*	null	,24
11460,i32,10,i32	constant	,1
11461,_xmlBuffer*,,xml	Buffer*	null	,16
11462,_xmlBuf*,,xml	Buf*	null	,15
11463,_xmlOutputBuffer*,,xml	Output	Buffer*	null	,24
11464,i32,35,i32	constant	,1
11465,_xmlBuf*,,xml	Buf*	null	,15
11466,_xmlOutputBuffer*,,xml	Output	Buffer*	null	,24
11467,i32,33,i32	constant	,1
11468,i32,0,i32	constant	,1
11469,_xmlParserInputBuffer*,,xml	Parser	Input	Buffer*	null	,34
11470,i32,17,i32	constant	,1
11471,i32,0,i32	constant	,1
11472,i8*,,i8*	null	,7
11473,_xmlParserInputBuffer*,,xml	Parser	Input	Buffer*	null	,34
11474,i32,0,i32	constant	,1
11475,i32,14,i32	constant	,1
11476,i32,0,i32	constant	,1
11477,i8*,,i8*	null	,7
11478,_xmlParserInputBuffer*,,xml	Parser	Input	Buffer*	null	,34
11479,_xmlBuf*,,xml	Buf*	null	,15
11480,_xmlCharEncodingHandler*,,xml	Char	Encoding	Handler*	null	,25
11481,i32,27,i32	constant	,1
11482,i32,0,i32	constant	,1
11483,_xmlOutputBuffer*,,xml	Output	Buffer*	null	,24
11484,i32,115,i32	constant	,1
11485,i32,"(i8*, i8*, i32)* null",i32	constant	,1
11486,_xmlParserInputBuffer*,,xml	Parser	Input	Buffer*	null	,34
11487,i32,4,i32	constant	,1
11488,i32,"(i8*, i8*, i32)* null",i32	constant	,1
11489,_xmlOutputBuffer*,,xml	Output	Buffer*	null	,24
11490,i32,22,i32	constant	,1
11491,,external dso_local global _xmlParserInputBuffer* (i8*,	constant	,6
11492,_xmlParserInputBuffer*,"(i8*, i32)* null",xml	Parser	Input	Buffer*	i	i	null	,-1
11493,i32,5,i32	constant	,1
11494,,external dso_local global _xmlOutputBuffer* (i8*,	constant	,6
11495,_xmlOutputBuffer*,"(i8*, %struct._xmlCharEncodingHandler*, i32)* null","xml	Output	Buffer*	i	struct	xml	Char	Encoding	Handler*, i32)* null	",-1
11496,i32,21,i32	constant	,1
11497,i32,0,i32	constant	,1
11498,i32,0,i32	constant	,1
11499,_xmlParserInputBuffer*,,xml	Parser	Input	Buffer*	null	,34
11500,_xmlCharEncodingHandler*,,xml	Char	Encoding	Handler*	null	,25
11501,_xmlBuf*,,xml	Buf*	null	,15
11502,i32,0,i32	constant	,1
11503,i32,0,i32	constant	,1
11504,i32,24,i32	constant	,1
11505,i32,0,i32	constant	,1
11506,i32,31,i32	constant	,1
11507,i32,0,i32	constant	,1
11508,_xmlParserInputBuffer*,,xml	Parser	Input	Buffer*	null	,34
11509,i32,4,i32	constant	,1
11510,i32,4000,i32	constant	,1
11511,i64,0,i64	constant	,12
11512,i32,0,i32	constant	,1
11513,i32,90,i32	constant	,1
11514,i32,"(i8*, i8*, i32)* null",i32	constant	,1
11515,i32,0,i32	constant	,1
11516,i32,0,i32	constant	,1
11517,i32,-1,i32	constant	,1
11518,i32,36,i32	constant	,1
11519,_xmlCharEncodingHandler*,,xml	Char	Encoding	Handler*	null	,25
11520,_xmlBuf*,,xml	Buf*	null	,15
11521,i32,0,i32	constant	,1
11522,i32,0,i32	constant	,1
11523,i32,23,i32	constant	,1
11524,i32,0,i32	constant	,1
11525,_xmlParserInputBuffer*,,xml	Parser	Input	Buffer*	null	,34
11526,i32,"(i8*, i8*, i32)* null",i32	constant	,1
11527,i32,2,i32	constant	,1
11528,i32,19,i32	constant	,1
11529,i32,0,i32	constant	,1
11530,_xmlOutputBuffer*,,xml	Output	Buffer*	null	,24
11531,i32,0,i32	constant	,1
11532,i32,0,i32	constant	,1
11533,i32,16000,i32	constant	,1
11534,i32,2,i32	constant	,1
11535,_xmlCharEncodingHandler*,,xml	Char	Encoding	Handler*	null	,25
11536,_xmlBuf*,,xml	Buf*	null	,15
11537,i32,0,i32	constant	,1
11538,i64,4000,i64	constant	,12
11539,i32,-3,i32	constant	,1
11540,i32,0,i32	constant	,1
11541,i32,0,i32	constant	,1
11542,i32,8,i32	constant	,1
11543,i32,0,i32	constant	,1
11544,i32,0,i32	constant	,1
11545,i32,4000,i32	constant	,1
11546,i32,"(i8*, i8*, i32)* null",i32	constant	,1
11547,_xmlCharEncodingHandler*,,xml	Char	Encoding	Handler*	null	,25
11548,i32,0,i32	constant	,1
11549,i32,0,i32	constant	,1
11550,i32,0,i32	constant	,1
11551,i32,37,i32	constant	,1
11552,i32,0,i32	constant	,1
11553,i32,12,i32	constant	,1
11554,i32,60,i32	constant	,1
11555,i64,4,i64	constant	,12
11556,i32,62,i32	constant	,1
11557,i64,4,i64	constant	,12
11558,i32,38,i32	constant	,1
11559,i64,5,i64	constant	,12
11560,i32,13,i32	constant	,1
11561,i64,5,i64	constant	,12
11562,i32,28,i32	constant	,1
11563,i32,38,i32	constant	,1
11564,i8*,,i8*	null	,7
11565,i32,0,i32	constant	,1
11566,_xmlOutputBuffer*,,xml	Output	Buffer*	null	,24
11567,_xmlBuf*,,xml	Buf*	null	,15
11568,i32,2,i32	constant	,1
11569,i32,0,i32	constant	,1
11570,i32,0,i32	constant	,1
11571,i32,"(i8*, i32*, i8*, i32*)* null",i32	constant	,1
11572,i32,20,i32	constant	,1
11573,i32,40,i32	constant	,1
11574,i32,0,i32	constant	,1
11575,_xmlCharEncodingHandler*,,xml	Char	Encoding	Handler*	null	,25
11576,_xmlBuf*,,xml	Buf*	null	,15
11577,i32,0,i32	constant	,1
11578,i32,0,i32	constant	,1
11579,i64,4000,i64	constant	,12
11580,i32,39,i32	constant	,1
11581,i32,-3,i32	constant	,1
11582,i32,0,i32	constant	,1
11583,i32,0,i32	constant	,1
11584,i32,0,i32	constant	,1
11585,i32,0,i32	constant	,1
11586,i32,0,i32	constant	,1
11587,i32,4000,i32	constant	,1
11588,i32,"(i8*, i8*, i32)* null",i32	constant	,1
11589,_xmlCharEncodingHandler*,,xml	Char	Encoding	Handler*	null	,25
11590,i32,0,i32	constant	,1
11591,i32,95,i32	constant	,1
11592,i32,0,i32	constant	,1
11593,i32,0,i32	constant	,1
11594,i64,4000,i64	constant	,12
11595,i32,0,i32	constant	,1
11596,i32,0,i32	constant	,1
11597,i32,25,i32	constant	,1
11598,i32,0,i32	constant	,1
11599,_xmlOutputBuffer*,,xml	Output	Buffer*	null	,24
11600,i8*,,i8*	null	,7
11601,i32,0,i32	constant	,1
11602,i32,6,i32	constant	,1
11603,i32,0,i32	constant	,1
11604,_xmlOutputBuffer*,,xml	Output	Buffer*	null	,24
11605,_xmlCharEncodingHandler*,,xml	Char	Encoding	Handler*	null	,25
11606,_xmlBuf*,,xml	Buf*	null	,15
11607,i32,0,i32	constant	,1
11608,i32,0,i32	constant	,1
11609,_xmlCharEncodingHandler*,,xml	Char	Encoding	Handler*	null	,25
11610,_xmlBuf*,,xml	Buf*	null	,15
11611,i32,"(i8*, i8*, i32)* null",i32	constant	,1
11612,i32,0,i32	constant	,1
11613,i32,1,i32	constant	,1
11614,i32,"(i8*, i8*, i32)* null",i32	constant	,1
11615,i32,0,i32	constant	,1
11616,i32,0,i32	constant	,1
11617,i32,32,i32	constant	,1
11618,,internal global i32 0,	constant	,6
11619,i32,0,i32	constant	,1
11620,i8*,,i8*	null	,7
11621,i32,47,i32	constant	,1
11622,i32,47,i32	constant	,1
11623,i32,34,i32	constant	,1
11624,i8*,,i8*	null	,7
11625,i32,30,i32	constant	,1
11626,_xmlParserInputBuffer*,,xml	Parser	Input	Buffer*	null	,34
11627,_xmlParserInput*,,xml	Parser	Input*	null	,17
11628,,alloca i32,	constant	,6
11629,i8*,,i8*	null	,7
11630,i32,400,i32	constant	,1
11631,i8*,,i8*	null	,7
11632,i8*,,i8*	null	,7
11633,i8*,,i8*	null	,7
11634,i8*,,i8*	null	,7
11635,i32,29,i32	constant	,1
11636,_xmlCharEncodingHandler*,,xml	Char	Encoding	Handler*	null	,25
11637,i8*,,i8*	null	,7
11638,i8*,,i8*	null	,7
11639,i8*,,i8*	null	,7
11640,i8*,,i8*	null	,7
11641,i32,3,i32	constant	,1
11642,i8*,,i8*	null	,7
11643,i32,0,i32	constant	,1
11644,i32,0,i32	constant	,1
11645,i32,110,i32	constant	,1
11646,i32,0,i32	constant	,1
11647,i32,0,i32	constant	,1
11648,i8*,,i8*	null	,7
11649,_xmlParserCtxt*,,xml	Parser	Ctxt*	null	,32
11650,i32,3,i32	constant	,1
11651,i32,2,i32	constant	,1
11652,i32,18,i32	constant	,1
11653,i8*,,i8*	null	,7
11654,i32,3,i32	constant	,1
11655,i32,1,i32	constant	,1
11656,i8*,,i8*	null	,7
11657,i8*,,i8*	null	,7
11658,i32,0,i32	constant	,1
11659,i8*,,i8*	null	,7
11660,i8*,,i8*	null	,7
11661,_xmlParserCtxt*,,xml	Parser	Ctxt*	null	,32
11662,i32,3,i32	constant	,1
11663,i32,2,i32	constant	,1
11664,i8*,,i8*	null	,7
11665,i32,3,i32	constant	,1
11666,i32,1,i32	constant	,1
11667,i32,88,i32	constant	,1
11668,i8*,,i8*	null	,7
11669,i32,106,i32	constant	,1
11670,i32,2048,i32	constant	,1
11671,i32,0,i32	constant	,1
11672,_xmlParserCtxt*,,xml	Parser	Ctxt*	null	,32
11673,i8*,,i8*	null	,7
11674,i8*,,i8*	null	,7
11675,i8*,,i8*	null	,7
11676,i8*,,i8*	null	,7
11677,i8*,,i8*	null	,7
11678,i32,111,i32	constant	,1
11679,i32,110,i32	constant	,1
11680,i32,0,i32	constant	,1
11681,i8*,,i8*	null	,7
11682,i8*,,i8*	null	,7
11683,i32,101,i32	constant	,1
11684,i8*,,i8*	null	,7
11685,i32,98,i32	constant	,1
11686,i8*,,i8*	null	,7
11687,i32,0,i32	constant	,1
11688,i32,0,i32	constant	,1
11689,i8*,,i8*	null	,7
11690,i8*,,i8*	null	,7
11691,i32,115,i32	constant	,1
11692,i32,114,i32	constant	,1
11693,i32,97,i32	constant	,1
11694,i32,1500,i32	constant	,1
11695,i64,57,i64	constant	,12
11696,i32,0,i32	constant	,1
11697,_xmlParserCtxt*,,xml	Parser	Ctxt*	null	,32
11698,i32,-1,i32	constant	,1
11699,_xmlSAXHandler*,,xml	S	A	X	Handler*	null	,42
11700,_xmlParserCtxt*,,xml	Parser	Ctxt*	null	,32
11701,i32,0,i32	constant	,1
11702,i32,-554844497,i32	constant	,1
11703,,internal global i32 0,	constant	,6
11704,i32,0,i32	constant	,1
11705,i32,0,i32	constant	,1
11706,,internal global i32 0,	constant	,6
11707,i32,0,i32	constant	,1
11708,,internal global i32 0,	constant	,6
11709,i32,0,i32	constant	,1
11710,,internal global i32 0,	constant	,6
11711,i32,0,i32	constant	,1
11712,i32,0,i32	constant	,1
11713,i8*,,i8*	null	,7
11714,i32,-1,i32	constant	,1
11715,i32,61440,i32	constant	,1
11716,i32,16384,i32	constant	,1
11717,i32,0,i32	constant	,1
11718,i32,0,i32	constant	,1
11719,i32,0,i32	constant	,1
11720,i32,0,i32	constant	,1
11721,i8*,,i8*	null	,7
11722,i32,0,i32	constant	,1
11723,i32,0,i32	constant	,1
11724,i32,0,i32	constant	,1
11725,i32,0,i32	constant	,1
11726,i32,0,i32	constant	,1
11727,,external dso_local global _IO_FILE*,	constant	,6
11728,_IO_FILE*,,I	O	F	I	L	E*	null	,14
11729,i8*,,i8*	null	,7
11730,i8*,,i8*	null	,7
11731,i32,0,i32	constant	,1
11732,i32,0,i32	constant	,1
11733,i32,0,i32	constant	,1
11734,,internal global i32 0,	constant	,6
11735,i32,0,i32	constant	,1
11736,i8*,,i8*	null	,7
11737,i8*,,i8*	null	,7
11738,,internal global i32 0,	constant	,6
11739,i32,0,i32	constant	,1
11740,,internal global i32 0,	constant	,6
11741,i32,0,i32	constant	,1
11742,i8*,,i8*	null	,7
11743,i8*,,i8*	null	,7
11744,i8*,,i8*	null	,7
11745,,internal global i32 0,	constant	,6
11746,i32,0,i32	constant	,1
11747,,internal global i32 0,	constant	,6
11748,i32,0,i32	constant	,1
11749,i8*,,i8*	null	,7
11750,,internal global i32 0,	constant	,6
11751,i32,0,i32	constant	,1
11752,,internal global i32 0,	constant	,6
11753,i32,0,i32	constant	,1
11754,i8*,,i8*	null	,7
11755,i8*,,i8*	null	,7
11756,i8*,,i8*	null	,7
11757,,internal global i32 0,	constant	,6
11758,i32,0,i32	constant	,1
11759,,internal global i32 0,	constant	,6
11760,i32,0,i32	constant	,1
11761,,internal global i32 0,	constant	,6
11762,i32,0,i32	constant	,1
11763,,internal global i32 0,	constant	,6
11764,i32,0,i32	constant	,1
11765,,internal global i32 0,	constant	,6
11766,i32,0,i32	constant	,1
11767,i8**,,i	null	,26
11768,i8*,,i8*	null	,7
11769,i8*,,i8*	null	,7
11770,,internal global i32 0,	constant	,6
11771,i32,0,i32	constant	,1
11772,,internal global i32 0,	constant	,6
11773,i32,0,i32	constant	,1
11774,i32,30,i32	constant	,1
11775,,internal global i32 0,	constant	,6
11776,i32,0,i32	constant	,1
11777,,internal global i32 0,	constant	,6
11778,i32,0,i32	constant	,1
11779,i32,30,i32	constant	,1
11780,,internal global i32 0,	constant	,6
11781,i32,0,i32	constant	,1
11782,i8*,,i8*	null	,7
11783,,internal global i32 0,	constant	,6
11784,i32,0,i32	constant	,1
11785,,internal global i32 0,	constant	,6
11786,i32,0,i32	constant	,1
11787,,internal global i32 0,	constant	,6
11788,i32,0,i32	constant	,1
11789,,internal global i32 0,	constant	,6
11790,i32,0,i32	constant	,1
11791,,internal global i32 0,	constant	,6
11792,i32,0,i32	constant	,1
11793,,internal global i32 0,	constant	,6
11794,i32,0,i32	constant	,1
11795,i8*,,i8*	null	,7
11796,i8*,,i8*	null	,7
11797,i8**,,i	null	,26
11798,i32,2,i32	constant	,1
11799,i8*,,i8*	null	,7
11800,i8**,,i	null	,26
11801,i32,0,i32	constant	,1
11802,i32,5,i32	constant	,1
11803,i8*,,i8*	null	,7
11804,,internal global i32 0,	constant	,6
11805,i32,0,i32	constant	,1
11806,i8*,,i8*	null	,7
11807,i8*,,i8*	null	,7
11808,,internal global i32 0,	constant	,6
11809,i32,0,i32	constant	,1
11810,,internal global i32 0,	constant	,6
11811,i32,0,i32	constant	,1
11812,_xmlParserInputBuffer*,,xml	Parser	Input	Buffer*	null	,34
11813,,internal global _xmlSchema* null,	constant	,6
11814,_xmlSchema*,,xml	Schema*	null	,64
11815,,internal global i32 0,	constant	,6
11816,i32,0,i32	constant	,1
11817,i32,0,i32	constant	,1
11818,i32,0,i32	constant	,1
11819,_xmlParserCtxt*,,xml	Parser	Ctxt*	null	,32
11820,_xmlParserInput*,,xml	Parser	Input*	null	,17
11821,_xmlDoc*,,xml	Doc*	null	,2
11822,_xmlParserCtxt*,,xml	Parser	Ctxt*	null	,32
11823,,internal global i32 0,	constant	,6
11824,i32,0,i32	constant	,1
11825,i8*,,i8*	null	,7
11826,i8*,,i8*	null	,7
11827,,internal global _xmlPattern* null,	constant	,6
11828,_xmlPattern*,,xml	Pattern*	null	,49
11829,i32,1,i32	constant	,1
11830,i32,-1,i32	constant	,1
11831,i32,0,i32	constant	,1
11832,,internal global _xmlStreamCtxt* null,	constant	,6
11833,_xmlStreamCtxt*,,xml	Stream	Ctxt*	null	,48
11834,i32,1,i32	constant	,1
11835,i32,0,i32	constant	,1
11836,i32,-1,i32	constant	,1
11837,i8*,,i8*	null	,7
11838,i8*,,i8*	null	,7
11839,i32,15,i32	constant	,1
11840,i32,0,i32	constant	,1
11841,i32,1,i32	constant	,1
11842,i32,0,i32	constant	,1
11843,i8*,,i8*	null	,7
11844,,internal global i32 0,	constant	,6
11845,i32,0,i32	constant	,1
11846,i32,0,i32	constant	,1
11847,i32,0,i32	constant	,1
11848,i8*,,i8*	null	,7
11849,i8*,inttoptr (i64 -1 to i8*),i8*	constant	,13
11850,,internal global i8* null,	constant	,6
11851,i8*,,i8*	null	,7
11852,,internal global _xmlPattern* null,	constant	,6
11853,_xmlPattern*,,xml	Pattern*	null	,49
11854,,internal global _xmlPattern* null,	constant	,6
11855,_xmlPattern*,,xml	Pattern*	null	,49
11856,,internal global _xmlStreamCtxt* null,	constant	,6
11857,_xmlStreamCtxt*,,xml	Stream	Ctxt*	null	,48
11858,i32,0,i32	constant	,1
11859,_xmlTextReader*,,xml	Text	Reader*	null	,50
11860,,internal global i32 0,	constant	,6
11861,i32,0,i32	constant	,1
11862,,internal global i32 0,	constant	,6
11863,i32,0,i32	constant	,1
11864,,internal global i8* null,	constant	,6
11865,i8*,,i8*	null	,7
11866,,internal global i32 0,	constant	,6
11867,i32,0,i32	constant	,1
11868,,internal global i32 0,	constant	,6
11869,i32,0,i32	constant	,1
11870,i32,0,i32	constant	,1
11871,,internal global i32 0,	constant	,6
11872,i32,0,i32	constant	,1
11873,,internal global i32 0,	constant	,6
11874,i32,0,i32	constant	,1
11875,,internal global i8* null,	constant	,6
11876,i8*,,i8*	null	,7
11877,,internal global i32 0,	constant	,6
11878,i32,0,i32	constant	,1
11879,,internal global i32 0,	constant	,6
11880,i32,0,i32	constant	,1
11881,i32,0,i32	constant	,1
11882,,internal global i32 0,	constant	,6
11883,i32,0,i32	constant	,1
11884,,internal global i32 0,	constant	,6
11885,i32,0,i32	constant	,1
11886,,internal global i32 0,	constant	,6
11887,i32,0,i32	constant	,1
11888,,internal global i32 0,	constant	,6
11889,i32,0,i32	constant	,1
11890,i32,1,i32	constant	,1
11891,,internal global i32 0,	constant	,6
11892,i32,0,i32	constant	,1
11893,,internal global _xmlPattern* null,	constant	,6
11894,_xmlPattern*,,xml	Pattern*	null	,49
11895,,internal global i32 0,	constant	,6
11896,i32,0,i32	constant	,1
11897,,internal global i32 0,	constant	,6
11898,i32,0,i32	constant	,1
11899,,internal global i8* null,	constant	,6
11900,i8*,,i8*	null	,7
11901,,internal global i32 0,	constant	,6
11902,i32,0,i32	constant	,1
11903,,internal global i32 0,	constant	,6
11904,i32,0,i32	constant	,1
11905,i32,1,i32	constant	,1
11906,,internal global i8* null,	constant	,6
11907,i8*,,i8*	null	,7
11908,,internal global i8* null,	constant	,6
11909,i8*,,i8*	null	,7
11910,i32,1,i32	constant	,1
11911,i32,0,i32	constant	,1
11912,,internal global _xmlStreamCtxt* null,	constant	,6
11913,_xmlStreamCtxt*,,xml	Stream	Ctxt*	null	,48
11914,,internal global i32 0,	constant	,6
11915,i32,0,i32	constant	,1
11916,i32,20,i32	constant	,1
11917,_xmlNs*,,xml	Ns*	null	,21
11918,,internal global i8* null,	constant	,6
11919,i8*,,i8*	null	,7
11920,,internal global _xmlPattern* null,	constant	,6
11921,_xmlPattern*,,xml	Pattern*	null	,49
11922,,internal global _xmlPattern* null,	constant	,6
11923,_xmlPattern*,,xml	Pattern*	null	,49
11924,,internal global _xmlStreamCtxt* null,	constant	,6
11925,_xmlStreamCtxt*,,xml	Stream	Ctxt*	null	,48
11926,i32,0,i32	constant	,1
11927,_xmlTextReader*,,xml	Text	Reader*	null	,50
11928,,internal global i32 0,	constant	,6
11929,i32,0,i32	constant	,1
11930,,internal global i32 0,	constant	,6
11931,i32,0,i32	constant	,1
11932,i32,1,i32	constant	,1
11933,,internal global i32 0,	constant	,6
11934,i32,0,i32	constant	,1
11935,,internal global _xmlPattern* null,	constant	,6
11936,_xmlPattern*,,xml	Pattern*	null	,49
11937,,internal global i32 0,	constant	,6
11938,i32,0,i32	constant	,1
11939,,internal global i32 0,	constant	,6
11940,i32,0,i32	constant	,1
11941,i32,0,i32	constant	,1
11942,,internal global _xmlStreamCtxt* null,	constant	,6
11943,_xmlStreamCtxt*,,xml	Stream	Ctxt*	null	,48
11944,i32,0,i32	constant	,1
11945,_xmlNodeSet*,,xml	Node	Set*	null	,3
11946,_xmlSaveCtxt*,,xml	Save	Ctxt*	null	,83
11947,i32,0,i32	constant	,1
11948,i32,0,i32	constant	,1
11949,_xmlXPathContext*,,xml	X	Path	Context*	null	,65
11950,_xmlXPathObject*,,xml	X	Path	Object*	null	,0
11951,,internal global i32 0,	constant	,6
11952,i32,0,i32	constant	,1
11953,,internal global i32 0,	constant	,6
11954,i32,0,i32	constant	,1
11955,i8*,,i8*	null	,7
11956,,internal global i32 0,	constant	,6
11957,i32,0,i32	constant	,1
11958,,internal global i32 0,	constant	,6
11959,i32,0,i32	constant	,1
11960,,internal global i32 0,	constant	,6
11961,i32,0,i32	constant	,1
11962,_IO_FILE*,,I	O	F	I	L	E*	null	,14
11963,i32,0,i32	constant	,1
11964,i32,0,i32	constant	,1
11965,,internal global i32 0,	constant	,6
11966,i32,0,i32	constant	,1
11967,,internal global i32 0,	constant	,6
11968,i32,0,i32	constant	,1
11969,i32,0,i32	constant	,1
11970,i32,0,i32	constant	,1
11971,i8*,inttoptr (i64 -1 to i8*),i8*	constant	,13
11972,,internal global i32 0,	constant	,6
11973,i32,0,i32	constant	,1
11974,,internal global i32 0,	constant	,6
11975,i32,0,i32	constant	,1
11976,i32,0,i32	constant	,1
11977,i32,45,i32	constant	,1
11978,,external dso_local global _IO_FILE*,	constant	,6
11979,_IO_FILE*,,I	O	F	I	L	E*	null	,14
11980,i32,0,i32	constant	,1
11981,i32,0,i32	constant	,1
11982,i32,0,i32	constant	,1
11983,,external dso_local global _IO_FILE*,	constant	,6
11984,,internal global i32 0,	constant	,6
11985,i32,0,i32	constant	,1
11986,i32,0,i32	constant	,1
11987,i32,45,i32	constant	,1
11988,_IO_FILE*,,I	O	F	I	L	E*	null	,14
11989,_xmlParserCtxt*,,xml	Parser	Ctxt*	null	,32
11990,,internal global i32 0,	constant	,6
11991,i32,0,i32	constant	,1
11992,_xmlParserCtxt*,,xml	Parser	Ctxt*	null	,32
11993,_xmlParserCtxt*,,xml	Parser	Ctxt*	null	,32
11994,_xmlParserCtxt*,,xml	Parser	Ctxt*	null	,32
11995,,internal global i32 0,	constant	,6
11996,i32,0,i32	constant	,1
11997,i32,0,i32	constant	,1
11998,i32,0,i32	constant	,1
11999,i8*,inttoptr (i64 -1 to i8*),i8*	constant	,13
12000,i8*,,i8*	null	,7
12001,_xmlParserCtxt*,,xml	Parser	Ctxt*	null	,32
12002,,internal global i32 0,	constant	,6
12003,i32,0,i32	constant	,1
12004,_xmlParserCtxt*,,xml	Parser	Ctxt*	null	,32
12005,i32,0,i32	constant	,1
12006,_xmlParserCtxt*,,xml	Parser	Ctxt*	null	,32
12007,i32,0,i32	constant	,1
12008,_xmlParserCtxt*,,xml	Parser	Ctxt*	null	,32
12009,,internal global i32 0,	constant	,6
12010,i32,64,i32	constant	,1
12011,_xmlParserCtxt*,,xml	Parser	Ctxt*	null	,32
12012,,internal global i32 0,	constant	,6
12013,i32,0,i32	constant	,1
12014,_xmlDoc*,,xml	Doc*	null	,2
12015,,internal global i32 0,	constant	,6
12016,i32,0,i32	constant	,1
12017,,internal global i32 0,	constant	,6
12018,i32,0,i32	constant	,1
12019,,internal global i32 0,	constant	,6
12020,i32,0,i32	constant	,1
12021,_xmlDtd*,,xml	Dtd*	null	,40
12022,,internal global i32 0,	constant	,6
12023,i32,0,i32	constant	,1
12024,,internal global i32 0,	constant	,6
12025,i32,0,i32	constant	,1
12026,,internal global i32 0,	constant	,6
12027,i32,0,i32	constant	,1
12028,i32,0,i32	constant	,1
12029,,internal global i32 0,	constant	,6
12030,i32,0,i32	constant	,1
12031,,internal global i32 0,	constant	,6
12032,i32,0,i32	constant	,1
12033,i32,58,i32	constant	,1
12034,i32,32,i32	constant	,1
12035,,internal global i8* null,	constant	,6
12036,i8*,,i8*	null	,7
12037,,internal global i32 0,	constant	,6
12038,i32,0,i32	constant	,1
12039,,internal global i32 0,	constant	,6
12040,i32,0,i32	constant	,1
12041,,internal global i32 0,	constant	,6
12042,i32,0,i32	constant	,1
12043,i32,58,i32	constant	,1
12044,i32,32,i32	constant	,1
12045,i32,0,i32	constant	,1
12046,,internal global i32 0,	constant	,6
12047,i32,0,i32	constant	,1
12048,,internal global i32 0,	constant	,6
12049,i32,0,i32	constant	,1
12050,,internal global i32 0,	constant	,6
12051,i32,0,i32	constant	,1
12052,,internal global i32 0,	constant	,6
12053,i32,0,i32	constant	,1
12054,,internal global i32 0,	constant	,6
12055,i32,0,i32	constant	,1
12056,_xmlNode*,,xml	Node*	null	,8
12057,_xmlNode*,,xml	Node*	null	,8
12058,_xmlNode*,,xml	Node*	null	,8
12059,_xmlNode*,,xml	Node*	null	,8
12060,i32,0,i32	constant	,1
12061,i32,0,i32	constant	,1
12062,i8*,,i8*	null	,7
12063,,internal global i32 0,	constant	,6
12064,i32,0,i32	constant	,1
12065,,internal global i32 0,	constant	,6
12066,i32,0,i32	constant	,1
12067,,internal global i32 0,	constant	,6
12068,i32,0,i32	constant	,1
12069,,internal global i32 0,	constant	,6
12070,i32,0,i32	constant	,1
12071,,internal global i32 0,	constant	,6
12072,i32,0,i32	constant	,1
12073,,internal global i32 0,	constant	,6
12074,i32,0,i32	constant	,1
12075,,internal global i32 0,	constant	,6
12076,i32,0,i32	constant	,1
12077,,internal global i32 0,	constant	,6
12078,i32,0,i32	constant	,1
12079,,internal global i8* null,	constant	,6
12080,i8*,,i8*	null	,7
12081,,internal global i8* null,	constant	,6
12082,i8*,,i8*	null	,7
12083,,internal global i32 0,	constant	,6
12084,i32,1,i32	constant	,1
12085,,internal global i8* null,	constant	,6
12086,i8*,,i8*	null	,7
12087,,internal global i8* null,	constant	,6
12088,i8*,,i8*	null	,7
12089,,internal global i32 0,	constant	,6
12090,i32,1,i32	constant	,1
12091,,internal global i8* null,	constant	,6
12092,i8*,,i8*	null	,7
12093,,internal global i8* null,	constant	,6
12094,i8*,,i8*	null	,7
12095,,external dso_local global _IO_FILE*,	constant	,6
12096,_IO_FILE*,,I	O	F	I	L	E*	null	,14
12097,i32,0,i32	constant	,1
12098,,internal global i8* null,	constant	,6
12099,i8*,,i8*	null	,7
12100,,internal global i32 0,	constant	,6
12101,i32,0,i32	constant	,1
12102,,internal global i32 0,	constant	,6
12103,i32,0,i32	constant	,1
12104,,internal global i32 0,	constant	,6
12105,i32,0,i32	constant	,1
12106,i32,0,i32	constant	,1
12107,i64,-1,i64	constant	,12
12108,,internal global i32 0,	constant	,6
12109,i32,0,i32	constant	,1
12110,i32,0,i32	constant	,1
12111,i64,-1,i64	constant	,12
12112,,internal global i32 0,	constant	,6
12113,i32,0,i32	constant	,1
12114,i32,0,i32	constant	,1
12115,i64,-1,i64	constant	,12
12116,,internal global i32 0,	constant	,6
12117,i32,0,i32	constant	,1
12118,,internal global i8* null,	constant	,6
12119,i8*,,i8*	null	,7
12120,,internal global i32 0,	constant	,6
12121,i32,1,i32	constant	,1
12122,,internal global i32 0,	constant	,6
12123,i32,1,i32	constant	,1
12124,i8*,,i8*	null	,7
12125,i64,-1,i64	constant	,12
12126,,internal global i32 0,	constant	,6
12127,i32,0,i32	constant	,1
12128,,internal global i8* null,	constant	,6
12129,i8*,,i8*	null	,7
12130,,internal global i32 0,	constant	,6
12131,i32,0,i32	constant	,1
12132,,internal global i8* null,	constant	,6
12133,i8*,,i8*	null	,7
12134,,internal global i32 0,	constant	,6
12135,i32,1,i32	constant	,1
12136,,internal global i8* null,	constant	,6
12137,i8*,,i8*	null	,7
12138,,internal global i8* null,	constant	,6
12139,i8*,,i8*	null	,7
12140,i32,0,i32	constant	,1
12141,,internal global i8* null,	constant	,6
12142,i8*,,i8*	null	,7
12143,,internal global i32 0,	constant	,6
12144,i32,1,i32	constant	,1
12145,,internal global i8* null,	constant	,6
12146,i8*,,i8*	null	,7
12147,i32,0,i32	constant	,1
12148,,internal global i8* null,	constant	,6
12149,i8*,,i8*	null	,7
12150,,internal global i8* null,	constant	,6
12151,i8*,,i8*	null	,7
12152,,external dso_local global _IO_FILE*,	constant	,6
12153,_IO_FILE*,,I	O	F	I	L	E*	null	,14
12154,i32,0,i32	constant	,1
12155,,internal global i8* null,	constant	,6
12156,i8*,,i8*	null	,7
12157,,internal global i32 0,	constant	,6
12158,i32,1,i32	constant	,1
12159,,internal global i32 0,	constant	,6
12160,i32,2,i32	constant	,1
12161,,internal global i32 0,	constant	,6
12162,i32,0,i32	constant	,1
12163,,internal global i8* null,	constant	,6
12164,i8*,,i8*	null	,7
12165,_xmlSaveCtxt*,,xml	Save	Ctxt*	null	,83
12166,i64,0,i64	constant	,12
12167,,internal global i8* null,	constant	,6
12168,i8*,,i8*	null	,7
12169,i8*,,i8*	null	,7
12170,,internal global i32 0,	constant	,6
12171,i32,0,i32	constant	,1
12172,,internal global i32 0,	constant	,6
12173,i32,0,i32	constant	,1
12174,,internal global i32 0,	constant	,6
12175,i32,0,i32	constant	,1
12176,i32,0,i32	constant	,1
12177,,internal global i8* null,	constant	,6
12178,i8*,,i8*	null	,7
12179,,external dso_local global _IO_FILE*,	constant	,6
12180,_IO_FILE*,,I	O	F	I	L	E*	null	,14
12181,,internal global i8* null,	constant	,6
12182,i8*,,i8*	null	,7
12183,i32,47,i32	constant	,1
12184,,internal global i8* null,	constant	,6
12185,i8*,,i8*	null	,7
12186,,internal global i8* null,	constant	,6
12187,i8*,,i8*	null	,7
12188,,internal global i32 0,	constant	,6
12189,i32,0,i32	constant	,1
12190,,internal global i32 0,	constant	,6
12191,i32,0,i32	constant	,1
12192,,internal global i8* null,	constant	,6
12193,i8*,,i8*	null	,7
12194,,internal global i32 0,	constant	,6
12195,i32,0,i32	constant	,1
12196,,internal global i32 0,	constant	,6
12197,i32,0,i32	constant	,1
12198,_xmlDtd*,,xml	Dtd*	null	,40
12199,,internal global i8* null,	constant	,6
12200,i8*,,i8*	null	,7
12201,_xmlValidCtxt*,,xml	Valid	Ctxt*	null	,75
12202,,internal global i32 0,	constant	,6
12203,i32,0,i32	constant	,1
12204,,internal global i32 0,	constant	,6
12205,i32,0,i32	constant	,1
12206,i32,0,i32	constant	,1
12207,,internal global i8* null,	constant	,6
12208,i8*,,i8*	null	,7
12209,_xmlSAXHandler*,,xml	S	A	X	Handler*	null	,42
12210,_xmlParserCtxt*,,xml	Parser	Ctxt*	null	,32
12211,,internal global i32 0,	constant	,6
12212,i32,0,i32	constant	,1
12213,,internal global i32 0,	constant	,6
12214,i32,0,i32	constant	,1
12215,,internal global i32 0,	constant	,6
12216,i32,0,i32	constant	,1
12217,_xmlValidCtxt*,,xml	Valid	Ctxt*	null	,75
12218,,internal global i32 0,	constant	,6
12219,i32,0,i32	constant	,1
12220,,internal global i32 0,	constant	,6
12221,i32,0,i32	constant	,1
12222,i32,0,i32	constant	,1
12223,,internal global i32 0,	constant	,6
12224,i32,0,i32	constant	,1
12225,,internal global i32 0,	constant	,6
12226,i32,0,i32	constant	,1
12227,,internal global _xmlSchematron* null,	constant	,6
12228,_xmlSchematron*,,xml	Schematron*	null	,69
12229,,internal global i32 0,	constant	,6
12230,i32,0,i32	constant	,1
12231,,internal global i32 0,	constant	,6
12232,i32,0,i32	constant	,1
12233,,internal global i32 0,	constant	,6
12234,i32,0,i32	constant	,1
12235,,internal global i32 0,	constant	,6
12236,i32,0,i32	constant	,1
12237,i32,0,i32	constant	,1
12238,i32,0,i32	constant	,1
12239,,internal global i32 0,	constant	,6
12240,i32,0,i32	constant	,1
12241,,internal global i32 0,	constant	,6
12242,i32,0,i32	constant	,1
12243,,internal global _xmlParserInput* (i8*,	constant	,6
12244,_xmlParserInput*,"(i8*, i8*, %struct._xmlParserCtxt*)* null",xml	Parser	Input*	i	i	struct	xml	Parser	Ctxt*)* null	,-1
12245,,internal global _xmlRelaxNG* null,	constant	,6
12246,_xmlRelaxNG*,,xml	Relax	N	G*	null	,58
12247,,internal global i32 0,	constant	,6
12248,i32,0,i32	constant	,1
12249,,internal global i32 0,	constant	,6
12250,i32,0,i32	constant	,1
12251,i32,0,i32	constant	,1
12252,_xmlParserInput*,,xml	Parser	Input*	null	,17
12253,i32,0,i32	constant	,1
12254,,internal global i32 0,	constant	,6
12255,i32,0,i32	constant	,1
12256,,internal global i32 0,	constant	,6
12257,i32,0,i32	constant	,1
12258,void,"(i8*, i8*, ...)* null",void	constant	,33
12259,,internal global _xmlSchema* null,	constant	,6
12260,_xmlSchema*,,xml	Schema*	null	,64
12261,,internal global i32 0,	constant	,6
12262,i32,0,i32	constant	,1
12263,,internal global i32 0,	constant	,6
12264,i32,0,i32	constant	,1
12265,i32,0,i32	constant	,1
12266,i32,0,i32	constant	,1
12267,void,"(i8*, i8*, ...)* null",void	constant	,33
12268,,internal global i32 0,	constant	,6
12269,i32,0,i32	constant	,1
12270,,internal global i32 0,	constant	,6
12271,i32,0,i32	constant	,1
12272,,internal global i32 0,	constant	,6
12273,i32,0,i32	constant	,1
12274,,internal global i32 0,	constant	,6
12275,i32,0,i32	constant	,1
12276,,internal global i32 0,	constant	,6
12277,i32,0,i32	constant	,1
12278,,internal global i32 0,	constant	,6
12279,i32,0,i32	constant	,1
12280,,internal global i32 0,	constant	,6
12281,i32,0,i32	constant	,1
12282,,internal global i32 0,	constant	,6
12283,i32,0,i32	constant	,1
12284,,internal global i32 0,	constant	,6
12285,i32,0,i32	constant	,1
12286,i32,0,i32	constant	,1
12287,i32,0,i32	constant	,1
12288,i32,0,i32	constant	,1
12289,i32,0,i32	constant	,1
12290,i32,0,i32	constant	,1
12291,i32,0,i32	constant	,1
12292,i32,0,i32	constant	,1
12293,i32,0,i32	constant	,1
12294,i32,0,i32	constant	,1
12295,i32,0,i32	constant	,1
12296,i32,0,i32	constant	,1
12297,i32,0,i32	constant	,1
12298,i32,0,i32	constant	,1
12299,i32,0,i32	constant	,1
12300,i32,0,i32	constant	,1
12301,i32,0,i32	constant	,1
12302,i32,0,i32	constant	,1
12303,i32,0,i32	constant	,1
12304,i32,0,i32	constant	,1
12305,i8*,,i8*	null	,7
12306,i32,0,i32	constant	,1
12307,i32,0,i32	constant	,1
12308,i32,0,i32	constant	,1
12309,i32,0,i32	constant	,1
12310,i32,0,i32	constant	,1
12311,i32,0,i32	constant	,1
12312,i32,0,i32	constant	,1
12313,i32,0,i32	constant	,1
12314,i32,0,i32	constant	,1
12315,i32,0,i32	constant	,1
12316,i8*,,i8*	null	,7
12317,i32,0,i32	constant	,1
12318,i32,0,i32	constant	,1
12319,i32,0,i32	constant	,1
12320,,internal global i32 0,	constant	,6
12321,i8*,,i8*	null	,7
12322,i8*,,i8*	null	,7
12323,_xmlParserInput*,,xml	Parser	Input*	null	,17
12324,i8*,,i8*	null	,7
12325,void,"(i8*, i8*, ...)* null",void	constant	,33
12326,i64,2171757396,i64	constant	,12
12327,i32,1,i32	constant	,1
12328,i32,0,i32	constant	,1
12329,void,"(i8*, i8*, ...)* null",void	constant	,33
12330,i32,45,i32	constant	,1
12331,i32,0,i32	constant	,1
12332,i32,0,i32	constant	,1
12333,i32,0,i32	constant	,1
12334,i32,0,i32	constant	,1
12335,i32,0,i32	constant	,1
12336,i32,0,i32	constant	,1
12337,i32,0,i32	constant	,1
12338,i32,0,i32	constant	,1
12339,,internal global i32 0,	constant	,6
12340,i32,0,i32	constant	,1
12341,i32,0,i32	constant	,1
12342,i32,0,i32	constant	,1
12343,i32,0,i32	constant	,1
12344,i32,0,i32	constant	,1
12345,i32,0,i32	constant	,1
12346,i32,0,i32	constant	,1
12347,i32,0,i32	constant	,1
12348,i32,0,i32	constant	,1
12349,i32,0,i32	constant	,1
12350,i32,0,i32	constant	,1
12351,i32,0,i32	constant	,1
12352,i32,0,i32	constant	,1
12353,i32,0,i32	constant	,1
12354,i32,0,i32	constant	,1
12355,i32,0,i32	constant	,1
12356,i32,0,i32	constant	,1
12357,i32,0,i32	constant	,1
12358,i32,0,i32	constant	,1
12359,i32,0,i32	constant	,1
12360,i32,0,i32	constant	,1
12361,i32,0,i32	constant	,1
12362,i32,0,i32	constant	,1
12363,i32,0,i32	constant	,1
12364,i32,0,i32	constant	,1
12365,i32,0,i32	constant	,1
12366,i32,0,i32	constant	,1
12367,i32,0,i32	constant	,1
12368,i8*,,i8*	null	,7
12369,i32,0,i32	constant	,1
12370,i32,0,i32	constant	,1
12371,i32,0,i32	constant	,1
12372,i32,0,i32	constant	,1
12373,i32,0,i32	constant	,1
12374,i32,0,i32	constant	,1
12375,i32,0,i32	constant	,1
12376,i32,0,i32	constant	,1
12377,i32,0,i32	constant	,1
12378,i32,0,i32	constant	,1
12379,i32,0,i32	constant	,1
12380,i32,0,i32	constant	,1
12381,i32,0,i32	constant	,1
12382,i32,0,i32	constant	,1
12383,i32,0,i32	constant	,1
12384,i32,0,i32	constant	,1
12385,i32,0,i32	constant	,1
12386,i32,0,i32	constant	,1
12387,i32,0,i32	constant	,1
12388,i32,0,i32	constant	,1
12389,i32,0,i32	constant	,1
12390,i32,0,i32	constant	,1
12391,i32,0,i32	constant	,1
12392,i32,0,i32	constant	,1
12393,,internal global i32 0,	constant	,6
12394,i32,0,i32	constant	,1
12395,i32,0,i32	constant	,1
12396,i32,0,i32	constant	,1
12397,i32,0,i32	constant	,1
12398,i32,0,i32	constant	,1
12399,i32,0,i32	constant	,1
12400,i32,0,i32	constant	,1
12401,i32,0,i32	constant	,1
12402,i32,0,i32	constant	,1
12403,i32,0,i32	constant	,1
12404,void,"(i8*, i8*, ...)* null",void	constant	,33
12405,i32,0,i32	constant	,1
12406,i32,0,i32	constant	,1
12407,i32,0,i32	constant	,1
12408,i32,0,i32	constant	,1
12409,i32,0,i32	constant	,1
12410,void,"(i8*, i8*, ...)* null",void	constant	,33
12411,i32,0,i32	constant	,1
12412,i32,0,i32	constant	,1
12413,i32,0,i32	constant	,1
12414,i32,0,i32	constant	,1
12415,i32,0,i32	constant	,1
12416,i8*,,i8*	null	,7
12417,i32,0,i32	constant	,1
12418,i32,0,i32	constant	,1
12419,i32,0,i32	constant	,1
12420,i32,0,i32	constant	,1
12421,i32,0,i32	constant	,1
12422,i32,0,i32	constant	,1
12423,i32,0,i32	constant	,1
12424,i8*,,i8*	null	,7
12425,i32,0,i32	constant	,1
12426,i32,0,i32	constant	,1
12427,i32,0,i32	constant	,1
12428,i32,0,i32	constant	,1
12429,i32,0,i32	constant	,1
12430,i32,0,i32	constant	,1
12431,i32,0,i32	constant	,1
12432,i32,0,i32	constant	,1
12433,i32,0,i32	constant	,1
12434,i32,0,i32	constant	,1
12435,i32,1,i32	constant	,1
12436,i32,0,i32	constant	,1
12437,i32,0,i32	constant	,1
12438,i32,0,i32	constant	,1
12439,i32,0,i32	constant	,1
12440,i8*,,i8*	null	,7
12441,,internal global i32 0,	constant	,6
12442,i32,1,i32	constant	,1
12443,i32,0,i32	constant	,1
12444,i32,0,i32	constant	,1
12445,i32,0,i32	constant	,1
12446,i32,0,i32	constant	,1
12447,i32,0,i32	constant	,1
12448,i32,0,i32	constant	,1
12449,i32,0,i32	constant	,1
12450,i32,0,i32	constant	,1
12451,i32,0,i32	constant	,1
12452,i32,0,i32	constant	,1
12453,i32,0,i32	constant	,1
12454,i32,0,i32	constant	,1
12455,i32,0,i32	constant	,1
12456,i32,0,i32	constant	,1
12457,i32,0,i32	constant	,1
12458,i32,0,i32	constant	,1
12459,i32,0,i32	constant	,1
12460,i32,0,i32	constant	,1
12461,i32,0,i32	constant	,1
12462,i32,0,i32	constant	,1
12463,i32,0,i32	constant	,1
12464,i32,0,i32	constant	,1
12465,i32,0,i32	constant	,1
12466,i32,0,i32	constant	,1
12467,i32,0,i32	constant	,1
12468,i32,0,i32	constant	,1
12469,i32,0,i32	constant	,1
12470,i32,0,i32	constant	,1
12471,i32,0,i32	constant	,1
12472,i32,0,i32	constant	,1
12473,,internal global i32 0,	constant	,6
12474,i32,0,i32	constant	,1
12475,,internal global i32 0,	constant	,6
12476,i32,0,i32	constant	,1
12477,i8*,,i8*	null	,7
12478,,internal global i32 0,	constant	,6
12479,i32,0,i32	constant	,1
12480,,internal global i32 0,	constant	,6
12481,i32,0,i32	constant	,1
12482,i8*,,i8*	null	,7
12483,,internal global i32 0,	constant	,6
12484,i32,0,i32	constant	,1
12485,,internal global i32 0,	constant	,6
12486,i32,0,i32	constant	,1
12487,,internal global i32 0,	constant	,6
12488,i32,0,i32	constant	,1
12489,,internal global i32 0,	constant	,6
12490,i32,0,i32	constant	,1
12491,,internal global i32 0,	constant	,6
12492,i32,0,i32	constant	,1
12493,,internal global i32 0,	constant	,6
12494,i32,0,i32	constant	,1
12495,,internal global i32 0,	constant	,6
12496,i32,0,i32	constant	,1
12497,,internal global i8* null,	constant	,6
12498,i8*,,i8*	null	,7
12499,,internal global i32 0,	constant	,6
12500,i32,0,i32	constant	,1
12501,,internal global i32 0,	constant	,6
12502,i32,0,i32	constant	,1
12503,,internal global _xmlSchematron* null,	constant	,6
12504,_xmlSchematron*,,xml	Schematron*	null	,69
12505,,internal global i32 0,	constant	,6
12506,i32,0,i32	constant	,1
12507,,internal global i32 0,	constant	,6
12508,i32,0,i32	constant	,1
12509,,internal global i8* null,	constant	,6
12510,i8*,,i8*	null	,7
12511,,internal global i32 0,	constant	,6
12512,i32,0,i32	constant	,1
12513,,internal global i32 0,	constant	,6
12514,i32,0,i32	constant	,1
12515,,internal global _xmlRelaxNG* null,	constant	,6
12516,_xmlRelaxNG*,,xml	Relax	N	G*	null	,58
12517,,internal global i32 0,	constant	,6
12518,i32,0,i32	constant	,1
12519,,internal global i8* null,	constant	,6
12520,i8*,,i8*	null	,7
12521,,internal global i32 0,	constant	,6
12522,i32,0,i32	constant	,1
12523,,internal global i32 0,	constant	,6
12524,i32,0,i32	constant	,1
12525,,internal global _xmlSchema* null,	constant	,6
12526,_xmlSchema*,,xml	Schema*	null	,64
12527,,internal global i32 0,	constant	,6
12528,i32,0,i32	constant	,1
12529,i8*,,i8*	null	,7
12530,,internal global i8* null,	constant	,6
12531,i8*,,i8*	null	,7
12532,,internal global i32 0,	constant	,6
12533,i32,0,i32	constant	,1
12534,,internal global _xmlPattern* null,	constant	,6
12535,_xmlPattern*,,xml	Pattern*	null	,49
12536,,internal global i32 0,	constant	,6
12537,i32,1,i32	constant	,1
12538,i32,0,i32	constant	,1
12539,i32,0,i32	constant	,1
12540,i32,0,i32	constant	,1
12541,i32,0,i32	constant	,1
12542,i32,0,i32	constant	,1
12543,i32,0,i32	constant	,1
12544,i32,0,i32	constant	,1
12545,i32,0,i32	constant	,1
12546,i32,0,i32	constant	,1
12547,i32,0,i32	constant	,1
12548,i32,0,i32	constant	,1
12549,i32,0,i32	constant	,1
12550,i32,0,i32	constant	,1
12551,i32,0,i32	constant	,1
12552,i32,0,i32	constant	,1
12553,i32,0,i32	constant	,1
12554,i32,0,i32	constant	,1
12555,i32,0,i32	constant	,1
12556,i32,0,i32	constant	,1
12557,i32,0,i32	constant	,1
12558,i32,0,i32	constant	,1
12559,i32,0,i32	constant	,1
12560,i32,0,i32	constant	,1
12561,i32,0,i32	constant	,1
12562,i32,0,i32	constant	,1
12563,,internal global i32 0,	constant	,6
12564,i32,0,i32	constant	,1
12565,,internal global i32 0,	constant	,6
12566,i32,0,i32	constant	,1
12567,i32,0,i32	constant	,1
12568,i32,45,i32	constant	,1
12569,,internal global i32 0,	constant	,6
12570,i32,0,i32	constant	,1
12571,,internal global i32 0,	constant	,6
12572,,internal global i32 0,	constant	,6
12573,i32,0,i32	constant	,1
12574,,internal global i32 0,	constant	,6
12575,i32,0,i32	constant	,1
12576,_xmlParserCtxt*,,xml	Parser	Ctxt*	null	,32
12577,_xmlParserCtxt*,,xml	Parser	Ctxt*	null	,32
12578,,internal global i32 0,	constant	,6
12579,i32,0,i32	constant	,1
12580,,internal global i32 0,	constant	,6
12581,i32,0,i32	constant	,1
12582,,internal global i32 0,	constant	,6
12583,i32,0,i32	constant	,1
12584,,internal global i32 0,	constant	,6
12585,i32,0,i32	constant	,1
12586,,internal global i32 0,	constant	,6
12587,i32,0,i32	constant	,1
12588,,internal global i32 0,	constant	,6
12589,i32,0,i32	constant	,1
12590,,internal global i32 0,	constant	,6
12591,i32,0,i32	constant	,1
12592,,internal global i32 0,	constant	,6
12593,i32,0,i32	constant	,1
12594,,internal global i32 0,	constant	,6
12595,i32,0,i32	constant	,1
12596,i32,0,i32	constant	,1
12597,,internal global i32 0,	constant	,6
12598,i32,0,i32	constant	,1
12599,i32,0,i32	constant	,1
12600,,internal global _xmlSchematron* null,	constant	,6
12601,_xmlSchematron*,,xml	Schematron*	null	,69
12602,,internal global _xmlRelaxNG* null,	constant	,6
12603,_xmlRelaxNG*,,xml	Relax	N	G*	null	,58
12604,,internal global _xmlSchema* null,	constant	,6
12605,_xmlSchema*,,xml	Schema*	null	,64
12606,i8*,,i8*	null	,7
12607,,internal global _xmlPattern* null,	constant	,6
12608,_xmlPattern*,,xml	Pattern*	null	,49
12609,,internal global i32 0,	constant	,6
12610,i8*,,i8*	null	,7
12611,,internal global i32 0,	constant	,6
12612,i8*,,i8*	null	,7
12613,_xmlParserInput*,,xml	Parser	Input*	null	,17
12614,i8*,,i8*	null	,7
12615,_xmlParserInput*,,xml	Parser	Input*	null	,17
12616,i32,13,i32	constant	,1
12617,i32,10,i32	constant	,1
12618,i32,13,i32	constant	,1
12619,i32,10,i32	constant	,1
12620,i32,0,i32	constant	,1
12621,i32,80,i32	constant	,1
12622,i32,13,i32	constant	,1
12623,i32,10,i32	constant	,1
12624,i32,0,i32	constant	,1
12625,i32,79,i32	constant	,1
12626,i32,13,i32	constant	,1
12627,i32,10,i32	constant	,1
12628,i32,0,i32	constant	,1
12629,i32,13,i32	constant	,1
12630,i32,10,i32	constant	,1
12631,i32,0,i32	constant	,1
12632,i32,80,i32	constant	,1
12633,i32,1,i32	constant	,1
12634,i8*,,i8*	null	,7
12635,_xmlParserInput*,,xml	Parser	Input*	null	,17
12636,i32,1,i32	constant	,1
12637,i8*,,i8*	null	,7
12638,_xmlParserInput*,,xml	Parser	Input*	null	,17
12639,i32,1,i32	constant	,1
12640,i8*,,i8*	null	,7
12641,i32,1,i32	constant	,1
12642,i8*,,i8*	null	,7
12643,i8*,,i8*	null	,7
12644,i8*,,i8*	null	,7
12645,i8*,,i8*	null	,7
12646,,external dso_local global _IO_FILE*,	constant	,6
12647,,internal global i32 0,	constant	,6
12648,i32,0,i32	constant	,1
12649,,internal global i32 0,	constant	,6
12650,i32,0,i32	constant	,1
12651,,internal global i32 0,	constant	,6
12652,i32,0,i32	constant	,1
12653,,internal global i32 0,	constant	,6
12654,i32,0,i32	constant	,1
12655,i8*,,i8*	null	,7
12656,i8*,,i8*	null	,7
12657,,internal global i32 0,	constant	,6
12658,i32,0,i32	constant	,1
12659,i8*,,i8*	null	,7
12660,i8*,,i8*	null	,7
12661,void,(i8*)* null,void	constant	,33
12662,i8*,(i64)* null,i8*	constant	,13
12663,i8*,"(i8*, i64)* null",i8*	constant	,13
12664,i8*,(i8*)* null,i8*	constant	,13
12665,void,(i8*)** null,void	constant	,33
12666,i8*,(i64)** null,i8*	constant	,13
12667,i8*,"(i8*, i64)** null",i8*	constant	,13
12668,i8*,(i8*)** null,i8*	constant	,13
12669,void,(i8*)* null,void	constant	,33
12670,i8*,(i64)* null,i8*	constant	,13
12671,i8*,(i64)* null,i8*	constant	,13
12672,i8*,"(i8*, i64)* null",i8*	constant	,13
12673,i8*,(i8*)* null,i8*	constant	,13
12674,void,(i8*)** null,void	constant	,33
12675,i8*,(i64)** null,i8*	constant	,13
12676,i8*,(i64)** null,i8*	constant	,13
12677,i8*,"(i8*, i64)** null",i8*	constant	,13
12678,i8*,(i8*)** null,i8*	constant	,13
12679,,internal global i32 0,	constant	,6
12680,i32,0,i32	constant	,1
12681,memnod*,,memnod	null	,-1
12682,,internal global i64 0,	constant	,6
12683,,internal global i64 0,	constant	,6
12684,,internal global i8* null,	constant	,6
12685,,internal global i32 0,	constant	,6
12686,i32,0,i32	constant	,1
12687,memnod*,,memnod	null	,-1
12688,,internal global i64 0,	constant	,6
12689,,internal global i64 0,	constant	,6
12690,,internal global i8* null,	constant	,6
12691,i8*,,i8*	null	,7
12692,,internal global i32 0,	constant	,6
12693,i32,0,i32	constant	,1
12694,i32,23205,i32	constant	,1
12695,memnod*,,memnod	null	,-1
12696,,internal global i8* null,	constant	,6
12697,,internal global i64 0,	constant	,6
12698,,internal global i64 0,	constant	,6
12699,i8*,,i8*	null	,7
12700,i8*,inttoptr (i64 -1 to i8*),i8*	constant	,13
12701,,internal global i8* null,	constant	,6
12702,i32,23205,i32	constant	,1
12703,,internal global i32 0,	constant	,6
12704,i32,0,i32	constant	,1
12705,memnod*,,memnod	null	,-1
12706,,internal global i64 0,	constant	,6
12707,,internal global i64 0,	constant	,6
12708,,internal global i8* null,	constant	,6
12709,i64,0,i64	constant	,12
12710,_IO_FILE*,,I	O	F	I	L	E*	null	,14
12711,_IO_FILE*,,I	O	F	I	L	E*	null	,14
12712,_IO_FILE*,,I	O	F	I	L	E*	null	,14
12713,_IO_FILE*,,I	O	F	I	L	E*	null	,14
12714,_IO_FILE*,,I	O	F	I	L	E*	null	,14
12715,_IO_FILE*,,I	O	F	I	L	E*	null	,14
12716,_IO_FILE*,,I	O	F	I	L	E*	null	,14
12717,,internal global i32 0,	constant	,6
12718,i32,0,i32	constant	,1
12719,i8*,,i8*	null	,7
12720,i8*,,i8*	null	,7
12721,,internal global i32 0,	constant	,6
12722,i32,0,i32	constant	,1
12723,_xmlModule*,,xml	Module*	null	,-1
12724,_xmlModule*,,xml	Module*	null	,-1
12725,i8*,,i8*	null	,7
12726,i32,1,i32	constant	,1
12727,i32,1,i32	constant	,1
12728,_xmlParserCtxt*,,xml	Parser	Ctxt*	null	,32
12729,i32,2,i32	constant	,1
12730,_xmlRelaxNGValidCtxt*,,xml	Relax	N	G	Valid	Ctxt*	null	,52
12731,_xmlNode*,,xml	Node*	null	,8
12732,i32,1,i32	constant	,1
12733,i32,1,i32	constant	,1
12734,i32,1,i32	constant	,1
12735,_xmlParserCtxt*,,xml	Parser	Ctxt*	null	,32
12736,i8*,,i8*	null	,7
12737,_xmlNs*,,xml	Ns*	null	,21
12738,i8*,,i8*	null	,7
12739,i32,2,i32	constant	,1
12740,_xmlRelaxNGValidCtxt*,,xml	Relax	N	G	Valid	Ctxt*	null	,52
12741,_xmlNode*,,xml	Node*	null	,8
12742,i32,1,i32	constant	,1
12743,i32,5,i32	constant	,1
12744,_xmlSAXHandler*,,xml	S	A	X	Handler*	null	,42
12745,_xmlNode*,,xml	Node*	null	,8
12746,_xmlEntity*,"(i8*, i8*)* null",xml	Entity*	i	i	null	,-1
12747,_xmlNode*,,xml	Node*	null	,8
12748,i32,17,i32	constant	,1
12749,_xmlNode*,,xml	Node*	null	,8
12750,i32,1,i32	constant	,1
12751,i32,3,i32	constant	,1
12752,i32,4,i32	constant	,1
12753,_xmlNode*,,xml	Node*	null	,8
12754,i32,1,i32	constant	,1
12755,_xmlNode*,,xml	Node*	null	,8
12756,i32,1,i32	constant	,1
12757,i32,0,i32	constant	,1
12758,_xmlNode*,,xml	Node*	null	,8
12759,i32,2,i32	constant	,1
12760,i32,0,i32	constant	,1
12761,i32,17,i32	constant	,1
12762,_xmlNode*,,xml	Node*	null	,8
12763,_xmlNode*,,xml	Node*	null	,8
12764,_xmlNode*,,xml	Node*	null	,8
12765,_xmlNode*,,xml	Node*	null	,8
12766,_xmlParserCtxt*,,xml	Parser	Ctxt*	null	,32
12767,_xmlNode*,,xml	Node*	null	,8
12768,_xmlTextReader*,,xml	Text	Reader*	null	,50
12769,i32,-1,i32	constant	,1
12770,_xmlNode*,,xml	Node*	null	,8
12771,i32,3,i32	constant	,1
12772,i32,0,i32	constant	,1
12773,i32,3,i32	constant	,1
12774,i32,18,i32	constant	,1
12775,_xmlNode*,,xml	Node*	null	,8
12776,_xmlBuffer*,,xml	Buffer*	null	,16
12777,_xmlNode*,,xml	Node*	null	,8
12778,_xmlTextReader*,,xml	Text	Reader*	null	,50
12779,_xmlDoc*,,xml	Doc*	null	,2
12780,_xmlParserCtxt*,,xml	Parser	Ctxt*	null	,32
12781,i32,0,i32	constant	,1
12782,i32,0,i32	constant	,1
12783,_xmlNode*,,xml	Node*	null	,8
12784,i32,3,i32	constant	,1
12785,i32,5,i32	constant	,1
12786,_xmlNode*,,xml	Node*	null	,8
12787,_xmlDoc*,,xml	Doc*	null	,2
12788,_xmlNode*,,xml	Node*	null	,8
12789,_xmlDoc*,,xml	Doc*	null	,2
12790,_xmlNode*,,xml	Node*	null	,8
12791,_xmlNode*,,xml	Node*	null	,8
12792,i32,3,i32	constant	,1
12793,_xmlNode*,,xml	Node*	null	,8
12794,_xmlNode*,,xml	Node*	null	,8
12795,i32,0,i32	constant	,1
12796,i32,0,i32	constant	,1
12797,i32,4,i32	constant	,1
12798,_xmlNode*,,xml	Node*	null	,8
12799,i32,5,i32	constant	,1
12800,_xmlNode*,,xml	Node*	null	,8
12801,i32,3,i32	constant	,1
12802,_xmlNode*,,xml	Node*	null	,8
12803,i32,14,i32	constant	,1
12804,i32,9,i32	constant	,1
12805,i32,13,i32	constant	,1
12806,_xmlNode*,,xml	Node*	null	,8
12807,i32,-1,i32	constant	,1
12808,i32,0,i32	constant	,1
12809,_xmlNode*,,xml	Node*	null	,8
12810,i32,0,i32	constant	,1
12811,i32,4,i32	constant	,1
12812,_xmlNode*,,xml	Node*	null	,8
12813,i32,5,i32	constant	,1
12814,i32,19,i32	constant	,1
12815,i32,14,i32	constant	,1
12816,_xmlNode*,,xml	Node*	null	,8
12817,i32,0,i32	constant	,1
12818,i32,1,i32	constant	,1
12819,i32,1,i32	constant	,1
12820,_xmlNode*,,xml	Node*	null	,8
12821,i32,1,i32	constant	,1
12822,i32,0,i32	constant	,1
12823,i32,0,i32	constant	,1
12824,i32,0,i32	constant	,1
12825,i32,1,i32	constant	,1
12826,i32,0,i32	constant	,1
12827,i32,4,i32	constant	,1
12828,i32,0,i32	constant	,1
12829,i32,0,i32	constant	,1
12830,i32,0,i32	constant	,1
12831,i32,0,i32	constant	,1
12832,_xmlNode*,,xml	Node*	null	,8
12833,i32,14,i32	constant	,1
12834,i32,2,i32	constant	,1
12835,i32,0,i32	constant	,1
12836,i32,0,i32	constant	,1
12837,i32,1,i32	constant	,1
12838,i32,1,i32	constant	,1
12839,_xmlNode*,,xml	Node*	null	,8
12840,i32,1,i32	constant	,1
12841,i32,0,i32	constant	,1
12842,i32,1,i32	constant	,1
12843,i32,0,i32	constant	,1
12844,i32,0,i32	constant	,1
12845,i32,4,i32	constant	,1
12846,i32,0,i32	constant	,1
12847,_xmlNode*,,xml	Node*	null	,8
12848,i32,9,i32	constant	,1
12849,i32,21,i32	constant	,1
12850,i32,13,i32	constant	,1
12851,i32,3,i32	constant	,1
12852,i32,0,i32	constant	,1
12853,i32,0,i32	constant	,1
12854,_xmlNode*,,xml	Node*	null	,8
12855,i32,0,i32	constant	,1
12856,i32,0,i32	constant	,1
12857,i32,14,i32	constant	,1
12858,i32,2,i32	constant	,1
12859,i32,0,i32	constant	,1
12860,i32,0,i32	constant	,1
12861,i32,0,i32	constant	,1
12862,i32,0,i32	constant	,1
12863,_xmlNode*,,xml	Node*	null	,8
12864,i32,2,i32	constant	,1
12865,i32,0,i32	constant	,1
12866,_xmlNode*,,xml	Node*	null	,8
12867,_xmlNode*,,xml	Node*	null	,8
12868,i32,3,i32	constant	,1
12869,i32,4,i32	constant	,1
12870,_xmlNode*,,xml	Node*	null	,8
12871,_xmlNode*,,xml	Node*	null	,8
12872,i32,0,i32	constant	,1
12873,i32,1,i32	constant	,1
12874,_xmlNs*,,xml	Ns*	null	,21
12875,i32,0,i32	constant	,1
12876,i32,0,i32	constant	,1
12877,_xmlXIncludeCtxt*,,xml	X	Include	Ctxt*	null	,81
12878,_xmlNode*,,xml	Node*	null	,8
12879,i32,19,i32	constant	,1
12880,_xmlNode*,,xml	Node*	null	,8
12881,i32,20,i32	constant	,1
12882,_xmlNode*,,xml	Node*	null	,8
12883,_xmlNode*,,xml	Node*	null	,8
12884,i32,5,i32	constant	,1
12885,i32,1,i32	constant	,1
12886,_xmlParserCtxt*,,xml	Parser	Ctxt*	null	,32
12887,_xmlSAXHandler*,,xml	S	A	X	Handler*	null	,42
12888,_xmlNode*,,xml	Node*	null	,8
12889,_xmlEntity*,"(i8*, i8*)* null",xml	Entity*	i	i	null	,-1
12890,_xmlNode*,,xml	Node*	null	,8
12891,i32,17,i32	constant	,1
12892,_xmlNode*,,xml	Node*	null	,8
12893,_xmlNode*,,xml	Node*	null	,8
12894,i32,5,i32	constant	,1
12895,i32,0,i32	constant	,1
12896,_xmlParserCtxt*,,xml	Parser	Ctxt*	null	,32
12897,_xmlNode*,,xml	Node*	null	,8
12898,i32,17,i32	constant	,1
12899,_xmlNode*,,xml	Node*	null	,8
12900,_xmlNode*,,xml	Node*	null	,8
12901,i32,0,i32	constant	,1
12902,i32,1,i32	constant	,1
12903,i32,2,i32	constant	,1
12904,i32,4,i32	constant	,1
12905,i32,3,i32	constant	,1
12906,i32,4,i32	constant	,1
12907,i32,2,i32	constant	,1
12908,i32,0,i32	constant	,1
12909,i32,4,i32	constant	,1
12910,i32,1,i32	constant	,1
12911,i32,4,i32	constant	,1
12912,i32,0,i32	constant	,1
12913,_xmlSchemaValidCtxt*,,xml	Schema	Valid	Ctxt*	null	,63
12914,i32,0,i32	constant	,1
12915,_xmlTextReader*,,xml	Text	Reader*	null	,50
12916,_xmlNode*,,xml	Node*	null	,8
12917,_xmlTextReader*,,xml	Text	Reader*	null	,50
12918,_xmlDoc*,,xml	Doc*	null	,2
12919,_xmlParserCtxt*,,xml	Parser	Ctxt*	null	,32
12920,i32,0,i32	constant	,1
12921,_xmlTextReader*,,xml	Text	Reader*	null	,50
12922,_xmlDoc*,,xml	Doc*	null	,2
12923,i32,1,i32	constant	,1
12924,_xmlNode*,,xml	Node*	null	,8
12925,i32,4,i32	constant	,1
12926,i32,2,i32	constant	,1
12927,i32,1,i32	constant	,1
12928,i32,0,i32	constant	,1
12929,i32,1,i32	constant	,1
12930,_xmlNode*,,xml	Node*	null	,8
12931,_xmlNode*,,xml	Node*	null	,8
12932,i32,-1,i32	constant	,1
12933,_xmlNode*,,xml	Node*	null	,8
12934,i32,14,i32	constant	,1
12935,i32,-1,i32	constant	,1
12936,_xmlNode*,,xml	Node*	null	,8
12937,_xmlTextReader*,,xml	Text	Reader*	null	,50
12938,_xmlNode*,,xml	Node*	null	,8
12939,i8*,,i8*	null	,7
12940,i32,-1,i32	constant	,1
12941,_xmlTextReader*,,xml	Text	Reader*	null	,50
12942,i32,2,i32	constant	,1
12943,_xmlNode*,,xml	Node*	null	,8
12944,_xmlNode*,,xml	Node*	null	,8
12945,i32,4,i32	constant	,1
12946,_xmlNode*,,xml	Node*	null	,8
12947,i32,1,i32	constant	,1
12948,i32,2,i32	constant	,1
12949,_xmlNode*,,xml	Node*	null	,8
12950,_xmlNode*,,xml	Node*	null	,8
12951,i32,9,i32	constant	,1
12952,i32,2,i32	constant	,1
12953,_xmlNode*,,xml	Node*	null	,8
12954,_xmlNode*,,xml	Node*	null	,8
12955,i32,4,i32	constant	,1
12956,i32,14,i32	constant	,1
12957,i32,19,i32	constant	,1
12958,i32,5,i32	constant	,1
12959,_xmlNode*,,xml	Node*	null	,8
12960,i32,2,i32	constant	,1
12961,_xmlNode*,,xml	Node*	null	,8
12962,_xmlNode*,,xml	Node*	null	,8
12963,i32,9,i32	constant	,1
12964,i32,13,i32	constant	,1
12965,i32,19,i32	constant	,1
12966,i32,20,i32	constant	,1
12967,_xmlTextReader*,,xml	Text	Reader*	null	,50
12968,_xmlDoc*,,xml	Doc*	null	,2
12969,i32,2,i32	constant	,1
12970,_xmlNode*,,xml	Node*	null	,8
12971,_xmlNode*,,xml	Node*	null	,8
12972,_xmlParserInputBuffer*,,xml	Parser	Input	Buffer*	null	,34
12973,_xmlTextReader*,,xml	Text	Reader*	null	,50
12974,_xmlBuf*,,xml	Buf*	null	,15
12975,_xmlSAXHandler*,,xml	S	A	X	Handler*	null	,42
12976,i32,-554844497,i32	constant	,1
12977,i64,4,i64	constant	,12
12978,i64,4,i64	constant	,12
12979,_xmlParserCtxt*,,xml	Parser	Ctxt*	null	,32
12980,_xmlParserInputBuffer*,,xml	Parser	Input	Buffer*	null	,34
12981,_xmlTextReader*,,xml	Text	Reader*	null	,50
12982,i8*,,i8*	null	,7
12983,i8*,,i8*	null	,7
12984,i8*,,i8*	null	,7
12985,i8*,,i8*	null	,7
12986,_xmlTextReader*,,xml	Text	Reader*	null	,50
12987,_xmlRelaxNG*,,xml	Relax	N	G*	null	,58
12988,_xmlRelaxNGValidCtxt*,,xml	Relax	N	G	Valid	Ctxt*	null	,52
12989,i32,0,i32	constant	,1
12990,_xmlSchemaSAXPlug*,,xml	Schema	S	A	X	Plug*	null	,84
12991,_xmlSchemaValidCtxt*,,xml	Schema	Valid	Ctxt*	null	,63
12992,i32,0,i32	constant	,1
12993,_xmlSchema*,,xml	Schema*	null	,64
12994,_xmlXIncludeCtxt*,,xml	X	Include	Ctxt*	null	,81
12995,_xmlPattern**,,xml	Pattern**	null	,-1
12996,_xmlPattern*,,xml	Pattern*	null	,49
12997,_xmlNode*,,xml	Node*	null	,8
12998,_xmlParserCtxt*,,xml	Parser	Ctxt*	null	,32
12999,_xmlDoc*,,xml	Doc*	null	,2
13000,i32,0,i32	constant	,1
13001,_xmlValidState*,,xml	Valid	State*	null	,-1
13002,i32,0,i32	constant	,1
13003,i32,2,i32	constant	,1
13004,i32,0,i32	constant	,1
13005,_xmlSAXHandler*,,xml	S	A	X	Handler*	null	,42
13006,i32,1,i32	constant	,1
13007,i32,0,i32	constant	,1
13008,_xmlParserInputBuffer*,,xml	Parser	Input	Buffer*	null	,34
13009,_xmlBuf*,,xml	Buf*	null	,15
13010,_xmlNode**,,xml	Node**	null	,4
13011,_xmlDict*,,xml	Dict*	null	,35
13012,_xmlTextReader*,,xml	Text	Reader*	null	,50
13013,_xmlParserCtxt*,,xml	Parser	Ctxt*	null	,32
13014,_xmlDoc*,,xml	Doc*	null	,2
13015,i32,0,i32	constant	,1
13016,i32,1,i32	constant	,1
13017,i32,0,i32	constant	,1
13018,_xmlParserInputBuffer*,,xml	Parser	Input	Buffer*	null	,34
13019,_xmlTextReader*,,xml	Text	Reader*	null	,50
13020,_xmlNode*,,xml	Node*	null	,8
13021,_xmlNode*,,xml	Node*	null	,8
13022,i32,1,i32	constant	,1
13023,_xmlNs*,,xml	Ns*	null	,21
13024,_xmlNs*,,xml	Ns*	null	,21
13025,_xmlAttr*,,xml	Attr*	null	,18
13026,i32,0,i32	constant	,1
13027,_xmlAttr*,,xml	Attr*	null	,18
13028,i8*,,i8*	null	,7
13029,i8*,,i8*	null	,7
13030,_xmlTextReader*,,xml	Text	Reader*	null	,50
13031,_xmlNode*,,xml	Node*	null	,8
13032,_xmlNode*,,xml	Node*	null	,8
13033,i32,1,i32	constant	,1
13034,i8*,,i8*	null	,7
13035,i32,0,i32	constant	,1
13036,_xmlNs*,,xml	Ns*	null	,21
13037,i8*,,i8*	null	,7
13038,i32,0,i32	constant	,1
13039,_xmlNs*,,xml	Ns*	null	,21
13040,i32,0,i32	constant	,1
13041,i8*,,i8*	null	,7
13042,_xmlNs*,,xml	Ns*	null	,21
13043,i8*,,i8*	null	,7
13044,i8*,,i8*	null	,7
13045,_xmlTextReader*,,xml	Text	Reader*	null	,50
13046,_xmlNode*,,xml	Node*	null	,8
13047,_xmlNode*,,xml	Node*	null	,8
13048,i32,1,i32	constant	,1
13049,i32,0,i32	constant	,1
13050,i32,0,i32	constant	,1
13051,_xmlNs*,,xml	Ns*	null	,21
13052,i8*,,i8*	null	,7
13053,i8*,,i8*	null	,7
13054,i32,0,i32	constant	,1
13055,i8*,,i8*	null	,7
13056,_xmlTextReader*,,xml	Text	Reader*	null	,50
13057,_xmlNode*,,xml	Node*	null	,8
13058,_xmlParserCtxt*,,xml	Parser	Ctxt*	null	,32
13059,_xmlDoc*,,xml	Doc*	null	,2
13060,i32,0,i32	constant	,1
13061,i32,1,i32	constant	,1
13062,i32,0,i32	constant	,1
13063,_xmlTextReader*,,xml	Text	Reader*	null	,50
13064,_xmlNode*,,xml	Node*	null	,8
13065,_xmlNs*,,xml	Ns*	null	,21
13066,_xmlTextReader*,,xml	Text	Reader*	null	,50
13067,_xmlNode*,,xml	Node*	null	,8
13068,i32,1,i32	constant	,1
13069,_xmlNs*,,xml	Ns*	null	,21
13070,_xmlNs*,,xml	Ns*	null	,21
13071,_xmlAttr*,,xml	Attr*	null	,18
13072,i32,0,i32	constant	,1
13073,_xmlAttr*,,xml	Attr*	null	,18
13074,i8*,,i8*	null	,7
13075,_xmlTextReader*,,xml	Text	Reader*	null	,50
13076,_xmlNode*,,xml	Node*	null	,8
13077,i32,1,i32	constant	,1
13078,i8*,,i8*	null	,7
13079,i32,0,i32	constant	,1
13080,_xmlNs*,,xml	Ns*	null	,21
13081,i8*,,i8*	null	,7
13082,_xmlAttr*,,xml	Attr*	null	,18
13083,i32,0,i32	constant	,1
13084,i8*,,i8*	null	,7
13085,_xmlNs*,,xml	Ns*	null	,21
13086,i32,0,i32	constant	,1
13087,_xmlNs*,,xml	Ns*	null	,21
13088,i32,0,i32	constant	,1
13089,i8*,,i8*	null	,7
13090,_xmlAttr*,,xml	Attr*	null	,18
13091,i32,0,i32	constant	,1
13092,i32,0,i32	constant	,1
13093,_xmlNs*,,xml	Ns*	null	,21
13094,i8*,,i8*	null	,7
13095,i8*,,i8*	null	,7
13096,i8*,,i8*	null	,7
13097,i8*,,i8*	null	,7
13098,i8*,,i8*	null	,7
13099,i8*,,i8*	null	,7
13100,_xmlTextReader*,,xml	Text	Reader*	null	,50
13101,_xmlNode*,,xml	Node*	null	,8
13102,i32,1,i32	constant	,1
13103,i32,0,i32	constant	,1
13104,i32,0,i32	constant	,1
13105,_xmlNs*,,xml	Ns*	null	,21
13106,i8*,,i8*	null	,7
13107,i8*,,i8*	null	,7
13108,i32,0,i32	constant	,1
13109,i8*,,i8*	null	,7
13110,_xmlAttr*,,xml	Attr*	null	,18
13111,i32,0,i32	constant	,1
13112,_xmlNs*,,xml	Ns*	null	,21
13113,i32,0,i32	constant	,1
13114,_xmlTextReader*,,xml	Text	Reader*	null	,50
13115,_xmlNode*,,xml	Node*	null	,8
13116,i32,1,i32	constant	,1
13117,_xmlNs*,,xml	Ns*	null	,21
13118,_xmlAttr*,,xml	Attr*	null	,18
13119,_xmlTextReader*,,xml	Text	Reader*	null	,50
13120,_xmlNode*,,xml	Node*	null	,8
13121,i32,1,i32	constant	,1
13122,_xmlNode*,,xml	Node*	null	,8
13123,i32,18,i32	constant	,1
13124,_xmlNs*,,xml	Ns*	null	,21
13125,_xmlAttr*,,xml	Attr*	null	,18
13126,i32,2,i32	constant	,1
13127,_xmlNode*,,xml	Node*	null	,8
13128,_xmlTextReader*,,xml	Text	Reader*	null	,50
13129,_xmlNode*,,xml	Node*	null	,8
13130,i32,1,i32	constant	,1
13131,_xmlNode*,,xml	Node*	null	,8
13132,_xmlTextReader*,,xml	Text	Reader*	null	,50
13133,_xmlNode*,,xml	Node*	null	,8
13134,_xmlNode*,,xml	Node*	null	,8
13135,i32,2,i32	constant	,1
13136,_xmlNode*,,xml	Node*	null	,8
13137,i32,18,i32	constant	,1
13138,_xmlNode*,,xml	Node*	null	,8
13139,i8*,,i8*	null	,7
13140,_xmlNode*,,xml	Node*	null	,8
13141,_xmlTextReader*,,xml	Text	Reader*	null	,50
13142,_xmlDoc*,,xml	Doc*	null	,2
13143,_xmlParserCtxt*,,xml	Parser	Ctxt*	null	,32
13144,_xmlDoc*,,xml	Doc*	null	,2
13145,i8*,,i8*	null	,7
13146,_xmlTextReader*,,xml	Text	Reader*	null	,50
13147,_xmlNode*,,xml	Node*	null	,8
13148,_xmlNode*,,xml	Node*	null	,8
13149,i32,1,i32	constant	,1
13150,i32,2,i32	constant	,1
13151,i32,4,i32	constant	,1
13152,_xmlAttr*,,xml	Attr*	null	,18
13153,_xmlNs*,,xml	Ns*	null	,21
13154,_xmlTextReader*,,xml	Text	Reader*	null	,50
13155,_xmlNode*,,xml	Node*	null	,8
13156,_xmlNode*,,xml	Node*	null	,8
13157,i32,2,i32	constant	,1
13158,i32,4,i32	constant	,1
13159,i32,0,i32	constant	,1
13160,i32,0,i32	constant	,1
13161,_xmlNode*,,xml	Node*	null	,8
13162,_xmlTextReader*,,xml	Text	Reader*	null	,50
13163,i32,1,i32	constant	,1
13164,_xmlNode*,,xml	Node*	null	,8
13165,_xmlNode*,,xml	Node*	null	,8
13166,i32,2,i32	constant	,1
13167,_xmlDoc*,,xml	Doc*	null	,2
13168,i32,0,i32	constant	,1
13169,i32,1,i32	constant	,1
13170,i32,0,i32	constant	,1
13171,_xmlNode*,,xml	Node*	null	,8
13172,_xmlTextReader*,,xml	Text	Reader*	null	,50
13173,_xmlNode*,,xml	Node*	null	,8
13174,i32,18,i32	constant	,1
13175,i8*,,i8*	null	,7
13176,i32,1,i32	constant	,1
13177,i32,2,i32	constant	,1
13178,_xmlNode*,,xml	Node*	null	,8
13179,_xmlTextReader*,,xml	Text	Reader*	null	,50
13180,_xmlNode*,,xml	Node*	null	,8
13181,i32,18,i32	constant	,1
13182,i8*,,i8*	null	,7
13183,i32,1,i32	constant	,1
13184,i32,2,i32	constant	,1
13185,_xmlNode*,,xml	Node*	null	,8
13186,_xmlTextReader*,,xml	Text	Reader*	null	,50
13187,_xmlNode*,,xml	Node*	null	,8
13188,_xmlNs*,,xml	Ns*	null	,21
13189,i8*,,i8*	null	,7
13190,i8*,,i8*	null	,7
13191,_xmlNode*,,xml	Node*	null	,8
13192,_xmlTextReader*,,xml	Text	Reader*	null	,50
13193,_xmlNode*,,xml	Node*	null	,8
13194,_xmlNs*,,xml	Ns*	null	,21
13195,i8*,,i8*	null	,7
13196,i8*,,i8*	null	,7
13197,_xmlNode*,,xml	Node*	null	,8
13198,_xmlTextReader*,,xml	Text	Reader*	null	,50
13199,_xmlNode*,,xml	Node*	null	,8
13200,i32,18,i32	constant	,1
13201,i8*,,i8*	null	,7
13202,i32,1,i32	constant	,1
13203,i32,2,i32	constant	,1
13204,i8*,,i8*	null	,7
13205,_xmlNs*,,xml	Ns*	null	,21
13206,_xmlNode*,,xml	Node*	null	,8
13207,_xmlTextReader*,,xml	Text	Reader*	null	,50
13208,_xmlNode*,,xml	Node*	null	,8
13209,i32,18,i32	constant	,1
13210,i8*,,i8*	null	,7
13211,i32,1,i32	constant	,1
13212,i32,2,i32	constant	,1
13213,i8*,,i8*	null	,7
13214,_xmlNs*,,xml	Ns*	null	,21
13215,_xmlNode*,,xml	Node*	null	,8
13216,_xmlTextReader*,,xml	Text	Reader*	null	,50
13217,_xmlNode*,,xml	Node*	null	,8
13218,i32,18,i32	constant	,1
13219,i32,1,i32	constant	,1
13220,i32,2,i32	constant	,1
13221,_xmlNs*,,xml	Ns*	null	,21
13222,_xmlNode*,,xml	Node*	null	,8
13223,_xmlTextReader*,,xml	Text	Reader*	null	,50
13224,_xmlNode*,,xml	Node*	null	,8
13225,i32,18,i32	constant	,1
13226,i32,1,i32	constant	,1
13227,i32,2,i32	constant	,1
13228,_xmlNs*,,xml	Ns*	null	,21
13229,_xmlNode*,,xml	Node*	null	,8
13230,_xmlTextReader*,,xml	Text	Reader*	null	,50
13231,_xmlNode*,,xml	Node*	null	,8
13232,_xmlTextReader*,,xml	Text	Reader*	null	,50
13233,i8*,,i8*	null	,7
13234,_xmlTextReader*,,xml	Text	Reader*	null	,50
13235,_xmlNode*,,xml	Node*	null	,8
13236,_xmlNode*,,xml	Node*	null	,8
13237,i32,2,i32	constant	,1
13238,i32,18,i32	constant	,1
13239,_xmlTextReader*,,xml	Text	Reader*	null	,50
13240,_xmlNode*,,xml	Node*	null	,8
13241,_xmlNode*,,xml	Node*	null	,8
13242,i32,1,i32	constant	,1
13243,_xmlNs*,,xml	Ns*	null	,21
13244,_xmlAttr*,,xml	Attr*	null	,18
13245,_xmlTextReader*,,xml	Text	Reader*	null	,50
13246,_xmlNode*,,xml	Node*	null	,8
13247,_xmlNode*,,xml	Node*	null	,8
13248,_xmlTextReader*,,xml	Text	Reader*	null	,50
13249,_xmlNode*,,xml	Node*	null	,8
13250,_xmlNode*,,xml	Node*	null	,8
13251,_xmlNode*,,xml	Node*	null	,8
13252,i8*,,i8*	null	,7
13253,_xmlTextReader*,,xml	Text	Reader*	null	,50
13254,_xmlNode*,,xml	Node*	null	,8
13255,_xmlNode*,,xml	Node*	null	,8
13256,_xmlNode*,,xml	Node*	null	,8
13257,i32,3,i32	constant	,1
13258,_xmlNode*,,xml	Node*	null	,8
13259,_xmlBuf*,,xml	Buf*	null	,15
13260,_xmlBuf*,,xml	Buf*	null	,15
13261,i8*,,i8*	null	,7
13262,_xmlTextReader*,,xml	Text	Reader*	null	,50
13263,_xmlTextReader*,,xml	Text	Reader*	null	,50
13264,_xmlTextReader*,,xml	Text	Reader*	null	,50
13265,_xmlNode*,,xml	Node*	null	,8
13266,_xmlTextReader*,,xml	Text	Reader*	null	,50
13267,_xmlNode*,,xml	Node*	null	,8
13268,i8*,,i8*	null	,7
13269,_xmlTextReader*,,xml	Text	Reader*	null	,50
13270,_xmlTextReader*,,xml	Text	Reader*	null	,50
13271,_xmlParserCtxt*,,xml	Parser	Ctxt*	null	,32
13272,_xmlTextReader*,,xml	Text	Reader*	null	,50
13273,i32,0,i32	constant	,1
13274,i32,0,i32	constant	,1
13275,i32,0,i32	constant	,1
13276,i32,0,i32	constant	,1
13277,i32,4,i32	constant	,1
13278,i32,0,i32	constant	,1
13279,i32,0,i32	constant	,1
13280,i32,0,i32	constant	,1
13281,_xmlParserCtxt*,,xml	Parser	Ctxt*	null	,32
13282,_xmlTextReader*,,xml	Text	Reader*	null	,50
13283,i32,0,i32	constant	,1
13284,i32,0,i32	constant	,1
13285,i32,4,i32	constant	,1
13286,i32,0,i32	constant	,1
13287,_xmlParserCtxt*,,xml	Parser	Ctxt*	null	,32
13288,_xmlTextReader*,,xml	Text	Reader*	null	,50
13289,_xmlParserInput*,,xml	Parser	Input*	null	,17
13290,_xmlParserCtxt*,,xml	Parser	Ctxt*	null	,32
13291,_xmlTextReader*,,xml	Text	Reader*	null	,50
13292,_xmlParserInput*,,xml	Parser	Input*	null	,17
13293,_xmlTextReader*,,xml	Text	Reader*	null	,50
13294,_xmlNode*,,xml	Node*	null	,8
13295,_xmlTextReader*,,xml	Text	Reader*	null	,50
13296,_xmlNode*,,xml	Node*	null	,8
13297,_xmlNode*,,xml	Node*	null	,8
13298,i32,14,i32	constant	,1
13299,i32,9,i32	constant	,1
13300,_xmlNode*,,xml	Node*	null	,8
13301,i32,1,i32	constant	,1
13302,i8*,,i8*	null	,7
13303,_xmlTextReader*,,xml	Text	Reader*	null	,50
13304,_xmlPattern*,,xml	Pattern*	null	,49
13305,i32,0,i32	constant	,1
13306,_xmlPattern**,,xml	Pattern**	null	,-1
13307,_xmlPattern**,,xml	Pattern**	null	,-1
13308,_xmlTextReader*,,xml	Text	Reader*	null	,50
13309,_xmlDoc*,,xml	Doc*	null	,2
13310,_xmlDoc*,,xml	Doc*	null	,2
13311,_xmlParserCtxt*,,xml	Parser	Ctxt*	null	,32
13312,void,"(i8*, i8*, i32, i8*)* null",void	constant	,33
13313,i8*,,i8*	null	,7
13314,void,"(i8*, i8*, i32, i8*)* null",void	constant	,33
13315,i8*,,i8*	null	,7
13316,void,"(i8*, _xmlError*)* null",void	constant	,33
13317,_xmlTextReader*,,xml	Text	Reader*	null	,50
13318,_xmlRelaxNG*,,xml	Relax	N	G*	null	,58
13319,_xmlRelaxNG*,,xml	Relax	N	G*	null	,58
13320,_xmlRelaxNGValidCtxt*,,xml	Relax	N	G	Valid	Ctxt*	null	,52
13321,i32,0,i32	constant	,1
13322,i32,0,i32	constant	,1
13323,_xmlRelaxNG*,,xml	Relax	N	G*	null	,58
13324,_xmlRelaxNGValidCtxt*,,xml	Relax	N	G	Valid	Ctxt*	null	,52
13325,i32,0,i32	constant	,1
13326,_xmlRelaxNGValidCtxt*,,xml	Relax	N	G	Valid	Ctxt*	null	,52
13327,void,"(i8*, i8*, i32, i8*)* null",void	constant	,33
13328,void,"(i8*, _xmlError*)* null",void	constant	,33
13329,i64*,,i	null	,26
13330,i8**,,i	null	,26
13331,i8*,,i8*	null	,7
13332,i8**,,i	null	,26
13333,i64*,,i	null	,26
13334,_xmlParserInput*,,xml	Parser	Input*	null	,17
13335,_xmlParserCtxt*,,xml	Parser	Ctxt*	null	,32
13336,i8**,,i	null	,26
13337,i64*,,i	null	,26
13338,_xmlNode*,,xml	Node*	null	,8
13339,i64*,,i	null	,26
13340,i64,0,i64	constant	,12
13341,i8**,,i	null	,26
13342,i8*,,i8*	null	,7
13343,_xmlDoc*,,xml	Doc*	null	,2
13344,_xmlTextReader*,,xml	Text	Reader*	null	,50
13345,_xmlSchema*,,xml	Schema*	null	,64
13346,_xmlSchemaSAXPlug*,,xml	Schema	S	A	X	Plug*	null	,84
13347,_xmlSchemaValidCtxt*,,xml	Schema	Valid	Ctxt*	null	,63
13348,i32,0,i32	constant	,1
13349,_xmlSchema*,,xml	Schema*	null	,64
13350,i32,0,i32	constant	,1
13351,_xmlSchemaSAXPlug*,,xml	Schema	S	A	X	Plug*	null	,84
13352,_xmlSchemaValidCtxt*,,xml	Schema	Valid	Ctxt*	null	,63
13353,i32,0,i32	constant	,1
13354,_xmlSchema*,,xml	Schema*	null	,64
13355,_xmlSchemaValidCtxt*,,xml	Schema	Valid	Ctxt*	null	,63
13356,_xmlSchemaSAXPlug*,,xml	Schema	S	A	X	Plug*	null	,84
13357,_xmlParserCtxt*,,xml	Parser	Ctxt*	null	,32
13358,_xmlTextReader*,,xml	Text	Reader*	null	,50
13359,void,"(i8*, i8*, i32, i8*)* null",void	constant	,33
13360,void,"(i8*, _xmlError*)* null",void	constant	,33
13361,i32,14,i32	constant	,1
13362,_xmlTextReader*,,xml	Text	Reader*	null	,50
13363,_xmlRelaxNGValidCtxt*,,xml	Relax	N	G	Valid	Ctxt*	null	,52
13364,i8*,,i8*	null	,7
13365,_xmlRelaxNGValidCtxt*,,xml	Relax	N	G	Valid	Ctxt*	null	,52
13366,i8*,,i8*	null	,7
13367,i32,0,i32	constant	,1
13368,_xmlParserCtxt*,,xml	Parser	Ctxt*	null	,32
13369,_xmlRelaxNGValidCtxt*,,xml	Relax	N	G	Valid	Ctxt*	null	,52
13370,i32,0,i32	constant	,1
13371,_xmlRelaxNG*,,xml	Relax	N	G*	null	,58
13372,_xmlRelaxNGValidCtxt*,,xml	Relax	N	G	Valid	Ctxt*	null	,52
13373,i8*,,i8*	null	,7
13374,i8*,,i8*	null	,7
13375,void,"(i8*, i8*, i32, i8*)* null",void	constant	,33
13376,i32,18,i32	constant	,1
13377,void,"(i8*, _xmlError*)* null",void	constant	,33
13378,_xmlRelaxNG*,,xml	Relax	N	G*	null	,58
13379,_xmlRelaxNGValidCtxt*,,xml	Relax	N	G	Valid	Ctxt*	null	,52
13380,void,"(i8*, i8*, i32, i8*)* null",void	constant	,33
13381,void,"(i8*, _xmlError*)* null",void	constant	,33
13382,i32,2,i32	constant	,1
13383,_xmlTextReader*,,xml	Text	Reader*	null	,50
13384,_xmlSchemaValidCtxt*,,xml	Schema	Valid	Ctxt*	null	,63
13385,i8*,,i8*	null	,7
13386,_xmlSchemaValidCtxt*,,xml	Schema	Valid	Ctxt*	null	,63
13387,i8*,,i8*	null	,7
13388,i32,0,i32	constant	,1
13389,_xmlParserCtxt*,,xml	Parser	Ctxt*	null	,32
13390,_xmlSchemaSAXPlug*,,xml	Schema	S	A	X	Plug*	null	,84
13391,_xmlSchemaValidCtxt*,,xml	Schema	Valid	Ctxt*	null	,63
13392,i32,0,i32	constant	,1
13393,_xmlNode*,,xml	Node*	null	,8
13394,_xmlSchema*,,xml	Schema*	null	,64
13395,_xmlSchemaValidCtxt*,,xml	Schema	Valid	Ctxt*	null	,63
13396,i8*,,i8*	null	,7
13397,i32,5,i32	constant	,1
13398,i8*,,i8*	null	,7
13399,void,"(i8*, i8*, i32, i8*)* null",void	constant	,33
13400,_xmlSchema*,,xml	Schema*	null	,64
13401,_xmlSchemaValidCtxt*,,xml	Schema	Valid	Ctxt*	null	,63
13402,_xmlSchemaSAXPlug*,,xml	Schema	S	A	X	Plug*	null	,84
13403,_xmlSchemaSAXPlug*,,xml	Schema	S	A	X	Plug*	null	,84
13404,void,"(i8*, i8*, i32, i8*)* null",void	constant	,33
13405,void,"(i8*, _xmlError*)* null",void	constant	,33
13406,,external dso_local global void (_xmlNode*)*,	constant	,6
13407,void,(_xmlNode*)* null,void	constant	,33
13408,,external dso_local global i32,	constant	,6
13409,i32,0,i32	constant	,1
13410,i32,1,i32	constant	,1
13411,i32,19,i32	constant	,1
13412,i32,20,i32	constant	,1
13413,_xmlAttr*,,xml	Attr*	null	,18
13414,i32,1,i32	constant	,1
13415,i32,19,i32	constant	,1
13416,_xmlTextReader*,,xml	Text	Reader*	null	,50
13417,_xmlNode*,,xml	Node*	null	,8
13418,_xmlNode*,,xml	Node*	null	,8
13419,i32,20,i32	constant	,1
13420,i32,5,i32	constant	,1
13421,i32,0,i32	constant	,1
13422,_xmlDict*,,xml	Dict*	null	,35
13423,i8*,,i8*	null	,7
13424,i32,1,i32	constant	,1
13425,i32,19,i32	constant	,1
13426,i32,20,i32	constant	,1
13427,_xmlNs*,,xml	Ns*	null	,21
13428,i32,3,i32	constant	,1
13429,i32,8,i32	constant	,1
13430,i32,0,i32	constant	,1
13431,_xmlDict*,,xml	Dict*	null	,35
13432,i8*,,i8*	null	,7
13433,i32,1,i32	constant	,1
13434,i32,3,i32	constant	,1
13435,_xmlParserCtxt*,,xml	Parser	Ctxt*	null	,32
13436,_xmlTextReader*,,xml	Text	Reader*	null	,50
13437,i32,100,i32	constant	,1
13438,_xmlDoc*,,xml	Doc*	null	,2
13439,,external dso_local global void (_xmlNode*)*,	constant	,6
13440,void,(_xmlNode*)* null,void	constant	,33
13441,,external dso_local global i32,	constant	,6
13442,i32,0,i32	constant	,1
13443,i8*,,i8*	null	,7
13444,i8*,,i8*	null	,7
13445,_xmlDtd*,,xml	Dtd*	null	,40
13446,_xmlDtd*,,xml	Dtd*	null	,40
13447,_xmlNode*,,xml	Node*	null	,8
13448,i8*,,i8*	null	,7
13449,i8*,,i8*	null	,7
13450,i8*,,i8*	null	,7
13451,_xmlNs*,,xml	Ns*	null	,21
13452,i8*,,i8*	null	,7
13453,_xmlDict*,,xml	Dict*	null	,35
13454,i32,0,i32	constant	,1
13455,_xmlNode**,,xml	Node**	null	,4
13456,_xmlNode**,,xml	Node**	null	,4
13457,i32,0,i32	constant	,1
13458,i32,0,i32	constant	,1
13459,void,"(i8*, i8*, i8**)* null",void	constant	,33
13460,_xmlTextReader*,,xml	Text	Reader*	null	,50
13461,_xmlParserInput*,,xml	Parser	Input*	null	,17
13462,_xmlNode*,,xml	Node*	null	,8
13463,i32,47,i32	constant	,1
13464,i8*,,i8*	null	,7
13465,i32,62,i32	constant	,1
13466,_xmlTextReader*,,xml	Text	Reader*	null	,50
13467,void,"(i8*, i8*)* null",void	constant	,33
13468,_xmlTextReader*,,xml	Text	Reader*	null	,50
13469,void,"(i8*, i8*, i8*, i8*, i32, i8**, i32, i32, i8**)* null",void	constant	,33
13470,_xmlTextReader*,,xml	Text	Reader*	null	,50
13471,_xmlParserInput*,,xml	Parser	Input*	null	,17
13472,_xmlNode*,,xml	Node*	null	,8
13473,i32,47,i32	constant	,1
13474,i8*,,i8*	null	,7
13475,i32,62,i32	constant	,1
13476,_xmlTextReader*,,xml	Text	Reader*	null	,50
13477,void,"(i8*, i8*, i8*, i8*)* null",void	constant	,33
13478,_xmlTextReader*,,xml	Text	Reader*	null	,50
13479,void,"(i8*, i8*, i32)* null",void	constant	,33
13480,_xmlTextReader*,,xml	Text	Reader*	null	,50
13481,void,"(i8*, i8*, i32)* null",void	constant	,33
13482,_xmlTextReader*,,xml	Text	Reader*	null	,50
13483,_xmlBuf*,,xml	Buf*	null	,15
13484,_xmlParserInputBuffer*,,xml	Parser	Input	Buffer*	null	,34
13485,i32,-1,i32	constant	,1
13486,i32,3,i32	constant	,1
13487,i32,0,i32	constant	,1
13488,i32,2,i32	constant	,1
13489,i32,0,i32	constant	,1
13490,i32,0,i32	constant	,1
13491,_xmlDoc*,,xml	Doc*	null	,2
13492,i32,0,i32	constant	,1
13493,i32,0,i32	constant	,1
13494,i32,0,i32	constant	,1
13495,i32,0,i32	constant	,1
13496,i32,1,i32	constant	,1
13497,i32,2,i32	constant	,1
13498,i32,4096,i32	constant	,1
13499,i64,512,i64	constant	,12
13500,i32,0,i32	constant	,1
13501,i32,3,i32	constant	,1
13502,i32,5,i32	constant	,1
13503,i32,0,i32	constant	,1
13504,i32,0,i32	constant	,1
13505,i32,0,i32	constant	,1
13506,i32,1,i32	constant	,1
13507,i32,1,i32	constant	,1
13508,_xmlParserCtxt*,,xml	Parser	Ctxt*	null	,32
13509,i8*,,i8*	null	,7
13510,_xmlNs*,,xml	Ns*	null	,21
13511,i8*,,i8*	null	,7
13512,i32,2,i32	constant	,1
13513,_xmlRelaxNGValidCtxt*,,xml	Relax	N	G	Valid	Ctxt*	null	,52
13514,_xmlNode*,,xml	Node*	null	,8
13515,i32,0,i32	constant	,1
13516,_xmlNode*,,xml	Node*	null	,8
13517,i32,1,i32	constant	,1
13518,_xmlRegexp*,,xml	Regexp*	null	,60
13519,_xmlAutomataState**,,xml	Automata	State**	null	,-1
13520,i32*,,i	null	,26
13521,_xmlRegExecCtxt*,,xml	Reg	Exec	Ctxt*	null	,61
13522,i32*,,i	null	,26
13523,i32,0,i32	constant	,1
13524,i32*,,i	null	,26
13525,_xmlRegExecCtxt*,,xml	Reg	Exec	Ctxt*	null	,61
13526,_xmlRegExecRollback*,,xml	Reg	Exec	Rollback*	null	,-1
13527,i32*,,i	null	,26
13528,i32*,,i	null	,26
13529,i32*,,i	null	,26
13530,_xmlRegInputToken*,,xml	Reg	Input	Token*	null	,-1
13531,i8*,,i8*	null	,7
13532,i8*,,i8*	null	,7
13533,_xmlRegExecCtxt*,,xml	Reg	Exec	Ctxt*	null	,61
13534,_xmlRegexp*,,xml	Regexp*	null	,60
13535,i32,0,i32	constant	,1
13536,i32*,,i	null	,26
13537,i8*,,i8*	null	,7
13538,i32,2,i32	constant	,1
13539,i32,0,i32	constant	,1
13540,i8*,,i8*	null	,7
13541,_xmlAutomata*,,xml	Automata*	null	,77
13542,i32,0,i32	constant	,1
13543,i8*,,i8*	null	,7
13544,i32,0,i32	constant	,1
13545,i32,1,i32	constant	,1
13546,i32,2,i32	constant	,1
13547,i32*,,i	null	,26
13548,i8*,,i8*	null	,7
13549,i32,0,i32	constant	,1
13550,i32,1193047,i32	constant	,1
13551,i32,0,i32	constant	,1
13552,i8*,,i8*	null	,7
13553,i8*,,i8*	null	,7
13554,i32,0,i32	constant	,1
13555,_xmlRegAtom*,,xml	Reg	Atom*	null	,-1
13556,i32,0,i32	constant	,1
13557,_xmlRegAtom*,,xml	Reg	Atom*	null	,-1
13558,i32,0,i32	constant	,1
13559,i32,1193046,i32	constant	,1
13560,i32,0,i32	constant	,1
13561,i32,0,i32	constant	,1
13562,_xmlRegAtom*,,xml	Reg	Atom*	null	,-1
13563,i8*,,i8*	null	,7
13564,i32,0,i32	constant	,1
13565,i32,0,i32	constant	,1
13566,i32,0,i32	constant	,1
13567,i32,0,i32	constant	,1
13568,i32,0,i32	constant	,1
13569,i32,1,i32	constant	,1
13570,i32,0,i32	constant	,1
13571,i32,0,i32	constant	,1
13572,i32,0,i32	constant	,1
13573,i32,1,i32	constant	,1
13574,i32,1,i32	constant	,1
13575,i32,0,i32	constant	,1
13576,i8*,,i8*	null	,7
13577,i32,0,i32	constant	,1
13578,i32,0,i32	constant	,1
13579,i32,1,i32	constant	,1
13580,i32,0,i32	constant	,1
13581,i32,0,i32	constant	,1
13582,i32,0,i32	constant	,1
13583,i32,1,i32	constant	,1
13584,_xmlRegAtom*,,xml	Reg	Atom*	null	,-1
13585,void,"(_xmlRegExecCtxt*, i8*, i8*, i8*)* null",void	constant	,33
13586,i8*,,i8*	null	,7
13587,i32,1,i32	constant	,1
13588,i32,0,i32	constant	,1
13589,i32,0,i32	constant	,1
13590,i32,0,i32	constant	,1
13591,i32,1193046,i32	constant	,1
13592,_xmlAutomataState*,,xml	Automata	State*	null	,78
13593,i32,4,i32	constant	,1
13594,i8*,,i8*	null	,7
13595,_xmlRegAtom*,,xml	Reg	Atom*	null	,-1
13596,_xmlRegInputToken*,,xml	Reg	Input	Token*	null	,-1
13597,i32,0,i32	constant	,1
13598,i32,0,i32	constant	,1
13599,i32,0,i32	constant	,1
13600,_xmlAutomataState*,,xml	Automata	State*	null	,78
13601,i32,1,i32	constant	,1
13602,i32,0,i32	constant	,1
13603,i32,4,i32	constant	,1
13604,i8*,,i8*	null	,7
13605,i32,0,i32	constant	,1
13606,_xmlRegInputToken*,,xml	Reg	Input	Token*	null	,-1
13607,i32,0,i32	constant	,1
13608,i32,2,i32	constant	,1
13609,_xmlRegExecCtxt*,,xml	Reg	Exec	Ctxt*	null	,61
13610,_xmlRegexp*,,xml	Regexp*	null	,60
13611,i32,0,i32	constant	,1
13612,i8*,,i8*	null	,7
13613,i32,0,i32	constant	,1
13614,i8*,,i8*	null	,7
13615,i32,0,i32	constant	,1
13616,i32,93,i32	constant	,1
13617,i32,93,i32	constant	,1
13618,i32,62,i32	constant	,1
13619,i32,2,i32	constant	,1
13620,i32,18,i32	constant	,1
13621,i32,1,i32	constant	,1
13622,_xmlNode*,,xml	Node*	null	,8
13623,i32,3,i32	constant	,1
13624,i32,4,i32	constant	,1
13625,i32,5,i32	constant	,1
13626,i8*,,i8*	null	,7
13627,_xmlNs*,,xml	Ns*	null	,21
13628,_xmlNs*,,xml	Ns*	null	,21
13629,_xmlAttr*,,xml	Attr*	null	,18
13630,i8*,,i8*	null	,7
13631,i32,1,i32	constant	,1
13632,i32,4,i32	constant	,1
13633,i32,0,i32	constant	,1
13634,_xmlNode*,,xml	Node*	null	,8
13635,i32,2,i32	constant	,1
13636,i32,2,i32	constant	,1
13637,i8*,,i8*	null	,7
13638,i32,1,i32	constant	,1
13639,_xmlNode*,,xml	Node*	null	,8
13640,i32,1,i32	constant	,1
13641,i32,0,i32	constant	,1
13642,i32,0,i32	constant	,1
13643,i32,1,i32	constant	,1
13644,,external dso_local global i32,	constant	,6
13645,i32,0,i32	constant	,1
13646,i8*,,i8*	null	,7
13647,_xmlNs*,,xml	Ns*	null	,21
13648,i32,2,i32	constant	,1
13649,i32,13,i32	constant	,1
13650,i32,9,i32	constant	,1
13651,i8*,,i8*	null	,7
13652,i8*,,i8*	null	,7
13653,i32,1,i32	constant	,1
13654,i32,13,i32	constant	,1
13655,i32,32,i32	constant	,1
13656,i32,0,i32	constant	,1
13657,i32,16,i32	constant	,1
13658,i32,0,i32	constant	,1
13659,i32,64,i32	constant	,1
13660,i32,0,i32	constant	,1
13661,i8*,,i8*	null	,7
13662,i8*,,i8*	null	,7
13663,i8*,,i8*	null	,7
13664,i8*,,i8*	null	,7
13665,i8*,,i8*	null	,7
13666,_xmlBuf*,,xml	Buf*	null	,15
13667,_xmlCharEncodingHandler*,,xml	Char	Encoding	Handler*	null	,25
13668,i32,0,i32	constant	,1
13669,i32,1,i32	constant	,1
13670,i32,0,i32	constant	,1
13671,i8*,,i8*	null	,7
13672,i32,9,i32	constant	,1
13673,i32,32,i32	constant	,1
13674,i32,0,i32	constant	,1
13675,i32,16,i32	constant	,1
13676,i32,0,i32	constant	,1
13677,i8*,,i8*	null	,7
13678,i8*,,i8*	null	,7
13679,_xmlBuf*,,xml	Buf*	null	,15
13680,_xmlCharEncodingHandler*,,xml	Char	Encoding	Handler*	null	,25
13681,i32,2,i32	constant	,1
13682,i32,0,i32	constant	,1
13683,i32,1,i32	constant	,1
13684,i32,0,i32	constant	,1
13685,i32,22,i32	constant	,1
13686,i32,0,i32	constant	,1
13687,,alloca i32,	constant	,6
13688,,alloca i32,	constant	,6
13689,i32,2,i32	constant	,1
13690,i32,0,i32	constant	,1
13691,i8*,,i8*	null	,7
13692,i8*,,i8*	null	,7
13693,i32,16,i32	constant	,1
13694,i32,0,i32	constant	,1
13695,i32,8,i32	constant	,1
13696,i32,0,i32	constant	,1
13697,_xmlDtd*,,xml	Dtd*	null	,40
13698,i32,0,i32	constant	,1
13699,_xmlNode*,,xml	Node*	null	,8
13700,_xmlNode*,,xml	Node*	null	,8
13701,i32,0,i32	constant	,1
13702,i8*,,i8*	null	,7
13703,i32,0,i32	constant	,1
13704,_xmlSaveCtxt*,,xml	Save	Ctxt*	null	,83
13705,_xmlOutputBuffer*,,xml	Output	Buffer*	null	,24
13706,_xmlSaveCtxt*,,xml	Save	Ctxt*	null	,83
13707,_xmlOutputBuffer*,,xml	Output	Buffer*	null	,24
13708,_xmlSaveCtxt*,,xml	Save	Ctxt*	null	,83
13709,i8*,,i8*	null	,7
13710,_xmlCharEncodingHandler*,,xml	Char	Encoding	Handler*	null	,25
13711,_xmlOutputBuffer*,,xml	Output	Buffer*	null	,24
13712,_xmlCharEncodingHandler*,,xml	Char	Encoding	Handler*	null	,25
13713,_xmlSaveCtxt*,,xml	Save	Ctxt*	null	,83
13714,_xmlOutputBuffer*,,xml	Output	Buffer*	null	,24
13715,_xmlDoc*,,xml	Doc*	null	,2
13716,_xmlSaveCtxt*,,xml	Save	Ctxt*	null	,83
13717,i32,0,i32	constant	,1
13718,_xmlNode*,,xml	Node*	null	,8
13719,_xmlSaveCtxt*,,xml	Save	Ctxt*	null	,83
13720,_xmlSaveCtxt*,,xml	Save	Ctxt*	null	,83
13721,_xmlOutputBuffer*,,xml	Output	Buffer*	null	,24
13722,_xmlSaveCtxt*,,xml	Save	Ctxt*	null	,83
13723,_xmlSaveCtxt*,,xml	Save	Ctxt*	null	,83
13724,_xmlSaveCtxt*,,xml	Save	Ctxt*	null	,83
13725,i8*,,i8*	null	,7
13726,i32,0,i32	constant	,1
13727,i32,10,i32	constant	,1
13728,i32,13,i32	constant	,1
13729,i32,9,i32	constant	,1
13730,i32,34,i32	constant	,1
13731,i32,60,i32	constant	,1
13732,i32,62,i32	constant	,1
13733,i32,38,i32	constant	,1
13734,_xmlDoc*,,xml	Doc*	null	,2
13735,i32,128,i32	constant	,1
13736,i8*,,i8*	null	,7
13737,i32,192,i32	constant	,1
13738,_xmlDoc*,,xml	Doc*	null	,2
13739,i32,224,i32	constant	,1
13740,i32,240,i32	constant	,1
13741,i32,248,i32	constant	,1
13742,i32,0,i32	constant	,1
13743,i32,256,i32	constant	,1
13744,i32,1,i32	constant	,1
13745,_xmlSaveCtxt*,,xml	Save	Ctxt*	null	,83
13746,i8*,,i8*	null	,7
13747,_xmlOutputBuffer*,,xml	Output	Buffer*	null	,24
13748,_xmlSaveCtxt*,,xml	Save	Ctxt*	null	,83
13749,i8*,,i8*	null	,7
13750,_xmlCharEncodingHandler*,,xml	Char	Encoding	Handler*	null	,25
13751,i32,4,i32	constant	,1
13752,i32,0,i32	constant	,1
13753,i32,4,i32	constant	,1
13754,i32,0,i32	constant	,1
13755,i32,1,i32	constant	,1
13756,i32,0,i32	constant	,1
13757,i32,128,i32	constant	,1
13758,i32,0,i32	constant	,1
13759,_xmlBuffer*,,xml	Buffer*	null	,16
13760,_xmlBuffer*,,xml	Buffer*	null	,16
13761,_xmlBuffer*,,xml	Buffer*	null	,16
13762,_xmlBuffer*,,xml	Buffer*	null	,16
13763,i8*,,i8*	null	,7
13764,i8*,,i8*	null	,7
13765,i8*,,i8*	null	,7
13766,i32,0,i32	constant	,1
13767,i32,0,i32	constant	,1
13768,i32,0,i32	constant	,1
13769,i8*,,i8*	null	,7
13770,_xmlOutputBuffer*,,xml	Output	Buffer*	null	,24
13771,_xmlNs*,,xml	Ns*	null	,21
13772,i8*,,i8*	null	,7
13773,i32,18,i32	constant	,1
13774,i32,0,i32	constant	,1
13775,i32,2,i32	constant	,1
13776,_xmlSaveCtxt*,,xml	Save	Ctxt*	null	,83
13777,i32,0,i32	constant	,1
13778,i8*,,i8*	null	,7
13779,i32,0,i32	constant	,1
13780,i32,0,i32	constant	,1
13781,_xmlNs*,,xml	Ns*	null	,21
13782,_xmlNode*,,xml	Node*	null	,8
13783,i32,19,i32	constant	,1
13784,i32,20,i32	constant	,1
13785,i32,9,i32	constant	,1
13786,i32,13,i32	constant	,1
13787,i32,16,i32	constant	,1
13788,i32,0,i32	constant	,1
13789,_xmlDoc*,,xml	Doc*	null	,2
13790,i32,18,i32	constant	,1
13791,i32,13,i32	constant	,1
13792,i32,32,i32	constant	,1
13793,i32,0,i32	constant	,1
13794,i32,64,i32	constant	,1
13795,i32,0,i32	constant	,1
13796,i32,14,i32	constant	,1
13797,i32,11,i32	constant	,1
13798,i32,15,i32	constant	,1
13799,i32,16,i32	constant	,1
13800,i32,17,i32	constant	,1
13801,i32,3,i32	constant	,1
13802,i8*,,i8*	null	,7
13803,i8*,"getelementptr inbounds ([0 x i8], [0 x i8]* @xmlStringTextNoenc, i64 0, i64 0)",i8*	constant	,13
13804,i32,7,i32	constant	,1
13805,i8*,,i8*	null	,7
13806,i8*,,i8*	null	,7
13807,i32,2,i32	constant	,1
13808,i32,2,i32	constant	,1
13809,i32,8,i32	constant	,1
13810,i8*,,i8*	null	,7
13811,i32,5,i32	constant	,1
13812,i32,4,i32	constant	,1
13813,i8*,,i8*	null	,7
13814,_xmlSchemaParserCtxt*,,xml	Schema	Parser	Ctxt*	null	,85
13815,i32,0,i32	constant	,1
13816,i8*,,i8*	null	,7
13817,_xmlSchemaParserCtxt*,,xml	Schema	Parser	Ctxt*	null	,85
13818,_xmlDoc*,,xml	Doc*	null	,2
13819,_xmlSchemaParserCtxt*,,xml	Schema	Parser	Ctxt*	null	,85
13820,_xmlSchemaParserCtxt*,,xml	Schema	Parser	Ctxt*	null	,85
13821,i32,0,i32	constant	,1
13822,_xmlDoc*,,xml	Doc*	null	,2
13823,_xmlSchemaValidCtxt*,,xml	Schema	Valid	Ctxt*	null	,63
13824,_xmlSchemaConstructionCtxt*,,xml	Schema	Construction	Ctxt*	null	,-1
13825,i32,0,i32	constant	,1
13826,_xmlSchemaItemList*,,xml	Schema	Item	List*	null	,86
13827,_xmlSchemaType*,,xml	Schema	Type*	null	,53
13828,_xmlSchemaFacet*,,xml	Schema	Facet*	null	,54
13829,_xmlSchemaParserCtxt*,,xml	Schema	Parser	Ctxt*	null	,85
13830,i32,1,i32	constant	,1
13831,_xmlSchemaType*,,xml	Schema	Type*	null	,53
13832,i32,0,i32	constant	,1
13833,_xmlSchemaParserCtxt*,,xml	Schema	Parser	Ctxt*	null	,85
13834,i32,0,i32	constant	,1
13835,i32,0,i32	constant	,1
13836,i32,0,i32	constant	,1
13837,i32,0,i32	constant	,1
13838,i8*,,i8*	null	,7
13839,_xmlSchemaVal*,,xml	Schema	Val*	null	,55
13840,i32,0,i32	constant	,1
13841,_xmlRegexp*,,xml	Regexp*	null	,60
13842,i32,0,i32	constant	,1
13843,i32,1004,i32	constant	,1
13844,i32,0,i32	constant	,1
13845,i32,0,i32	constant	,1
13846,i32,0,i32	constant	,1
13847,i32,0,i32	constant	,1
13848,i32,1004,i32	constant	,1
13849,i32,0,i32	constant	,1
13850,i32,0,i32	constant	,1
13851,i32,0,i32	constant	,1
13852,i32,0,i32	constant	,1
13853,_xmlSchemaParserCtxt*,,xml	Schema	Parser	Ctxt*	null	,85
13854,i32,0,i32	constant	,1
13855,_xmlSchemaParserCtxt*,,xml	Schema	Parser	Ctxt*	null	,85
13856,i32,0,i32	constant	,1
13857,_xmlSchemaVal**,,xml	Schema	Val**	null	,-1
13858,_xmlSchemaVal*,,xml	Schema	Val*	null	,55
13859,_xmlSchemaVal**,,xml	Schema	Val**	null	,-1
13860,i32,2097152,i32	constant	,1
13861,i32,0,i32	constant	,1
13862,i32,0,i32	constant	,1
13863,i8*,,i8*	null	,7
13864,i32,256,i32	constant	,1
13865,i32,0,i32	constant	,1
13866,i32,46,i32	constant	,1
13867,i32,1,i32	constant	,1
13868,i8*,,i8*	null	,7
13869,i32,268435456,i32	constant	,1
13870,i32,0,i32	constant	,1
13871,i32,0,i32	constant	,1
13872,i32,0,i32	constant	,1
13873,i32,1,i32	constant	,1
13874,_xmlSchemaType*,,xml	Schema	Type*	null	,53
13875,i32,1,i32	constant	,1
13876,_xmlSchemaType*,,xml	Schema	Type*	null	,53
13877,i32,2,i32	constant	,1
13878,i32,0,i32	constant	,1
13879,i32,1,i32	constant	,1
13880,i32,0,i32	constant	,1
13881,i32,0,i32	constant	,1
13882,i32,0,i32	constant	,1
13883,i32,64,i32	constant	,1
13884,i32,0,i32	constant	,1
13885,i32,134217728,i32	constant	,1
13886,i32,0,i32	constant	,1
13887,i32,0,i32	constant	,1
13888,i32,0,i32	constant	,1
13889,i32,0,i32	constant	,1
13890,i32,64,i32	constant	,1
13891,i32,0,i32	constant	,1
13892,i32,0,i32	constant	,1
13893,i32,0,i32	constant	,1
13894,i32,64,i32	constant	,1
13895,i32,0,i32	constant	,1
13896,i8*,,i8*	null	,7
13897,i32,268435456,i32	constant	,1
13898,i32,0,i32	constant	,1
13899,i32,0,i32	constant	,1
13900,i32,0,i32	constant	,1
13901,i32,32,i32	constant	,1
13902,_xmlSchemaValidCtxt*,,xml	Schema	Valid	Ctxt*	null	,63
13903,_xmlSchemaVal*,,xml	Schema	Val*	null	,55
13904,_xmlSchemaParserCtxt*,,xml	Schema	Parser	Ctxt*	null	,85
13905,_xmlSchemaPSVIIDCNode**,,xml	Schema	P	S	V	I	I	D	C	Node**	null	,-1
13906,_xmlSchemaPSVIIDCKey**,,xml	Schema	P	S	V	I	I	D	C	Key**	null	,-1
13907,_xmlSchemaIDCStateObj*,,xml	Schema	I	D	C	State	Obj*	null	,-1
13908,_xmlSchemaIDCStateObj*,,xml	Schema	I	D	C	State	Obj*	null	,-1
13909,_xmlSchemaIDCAug*,,xml	Schema	I	D	C	Aug*	null	,-1
13910,_xmlSchemaIDCAug*,,xml	Schema	I	D	C	Aug*	null	,-1
13911,_xmlSchemaAttrInfo**,,xml	Schema	Attr	Info**	null	,-1
13912,i32,0,i32	constant	,1
13913,_xmlSchemaNodeInfo**,,xml	Schema	Node	Info**	null	,-1
13914,_xmlSchemaNodeInfo*,,xml	Schema	Node	Info*	null	,-1
13915,_xmlSchemaItemList*,,xml	Schema	Item	List*	null	,86
13916,_xmlDict*,,xml	Dict*	null	,35
13917,i8*,,i8*	null	,7
13918,_xmlSchemaFacet*,,xml	Schema	Facet*	null	,54
13919,_xmlSchemaItemList*,,xml	Schema	Item	List*	null	,86
13920,i8**,,i	null	,26
13921,_xmlSchemaBucket*,,xml	Schema	Bucket*	null	,-1
13922,_xmlSchemaItemList*,,xml	Schema	Item	List*	null	,86
13923,_xmlSchemaItemList*,,xml	Schema	Item	List*	null	,86
13924,_xmlSchemaSchemaRelation*,,xml	Schema	Schema	Relation*	null	,-1
13925,_xmlSchemaSchemaRelation*,,xml	Schema	Schema	Relation*	null	,-1
13926,_xmlDoc*,,xml	Doc*	null	,2
13927,i32,0,i32	constant	,1
13928,i32,1,i32	constant	,1
13929,_xmlSchema*,,xml	Schema*	null	,64
13930,_xmlSchemaAnnot*,,xml	Schema	Annot*	null	,87
13931,_xmlSchemaAnnot*,,xml	Schema	Annot*	null	,87
13932,_xmlSchemaAnnot*,,xml	Schema	Annot*	null	,87
13933,_xmlSchemaWildcardNs*,,xml	Schema	Wildcard	Ns*	null	,-1
13934,_xmlSchemaWildcard*,,xml	Schema	Wildcard*	null	,-1
13935,_xmlSchemaAnnot*,,xml	Schema	Annot*	null	,87
13936,_xmlSchemaWildcardNs*,,xml	Schema	Wildcard	Ns*	null	,-1
13937,_xmlSchemaWildcardNs*,,xml	Schema	Wildcard	Ns*	null	,-1
13938,_xmlSchemaTypeLink*,,xml	Schema	Type	Link*	null	,-1
13939,_xmlSchemaFacet*,,xml	Schema	Facet*	null	,54
13940,_xmlSchemaVal*,,xml	Schema	Val*	null	,55
13941,_xmlRegexp*,,xml	Regexp*	null	,60
13942,_xmlSchemaAnnot*,,xml	Schema	Annot*	null	,87
13943,_xmlSchemaType*,,xml	Schema	Type*	null	,53
13944,_xmlSchemaAnnot*,,xml	Schema	Annot*	null	,87
13945,_xmlSchemaFacet*,,xml	Schema	Facet*	null	,54
13946,_xmlSchemaFacet*,,xml	Schema	Facet*	null	,54
13947,i8*,,i8*	null	,7
13948,_xmlSchemaTypeLink*,,xml	Schema	Type	Link*	null	,-1
13949,_xmlSchemaFacetLink*,,xml	Schema	Facet	Link*	null	,-1
13950,_xmlSchemaFacetLink*,,xml	Schema	Facet	Link*	null	,-1
13951,_xmlRegexp*,,xml	Regexp*	null	,60
13952,_xmlSchema*,,xml	Schema*	null	,64
13953,i8*,,i8*	null	,7
13954,_xmlHashTable*,,xml	Hash	Table*	null	,31
13955,_xmlHashTable*,,xml	Hash	Table*	null	,31
13956,_xmlHashTable*,,xml	Hash	Table*	null	,31
13957,_xmlHashTable*,,xml	Hash	Table*	null	,31
13958,_xmlHashTable*,,xml	Hash	Table*	null	,31
13959,_xmlHashTable*,,xml	Hash	Table*	null	,31
13960,_xmlHashTable*,,xml	Hash	Table*	null	,31
13961,_xmlHashTable*,,xml	Hash	Table*	null	,31
13962,i8*,,i8*	null	,7
13963,_xmlSchemaAnnot*,,xml	Schema	Annot*	null	,87
13964,_xmlSchemaElement*,,xml	Schema	Element*	null	,-1
13965,i32,2,i32	constant	,1
13966,i32,0,i32	constant	,1
13967,i8*,,i8*	null	,7
13968,i32,1,i32	constant	,1
13969,i32,0,i32	constant	,1
13970,i32,16,i32	constant	,1
13971,i32,0,i32	constant	,1
13972,i32,8,i32	constant	,1
13973,i32,0,i32	constant	,1
13974,i32,4,i32	constant	,1
13975,i32,0,i32	constant	,1
13976,i32,8,i32	constant	,1
13977,i32,0,i32	constant	,1
13978,i32,4,i32	constant	,1
13979,i32,0,i32	constant	,1
13980,i32,16,i32	constant	,1
13981,i32,0,i32	constant	,1
13982,i32,1,i32	constant	,1
13983,i32,0,i32	constant	,1
13984,i8*,,i8*	null	,7
13985,i8*,,i8*	null	,7
13986,i8*,,i8*	null	,7
13987,_xmlSchemaType*,,xml	Schema	Type*	null	,53
13988,i8*,,i8*	null	,7
13989,i8*,,i8*	null	,7
13990,_xmlSchemaAnnot*,,xml	Schema	Annot*	null	,87
13991,i8*,,i8*	null	,7
13992,_xmlSchemaType*,,xml	Schema	Type*	null	,53
13993,i8*,,i8*	null	,7
13994,i8*,,i8*	null	,7
13995,i8*,,i8*	null	,7
13996,i8*,,i8*	null	,7
13997,i8*,,i8*	null	,7
13998,_xmlSchemaAnnot*,,xml	Schema	Annot*	null	,87
13999,i32,5,i32	constant	,1
14000,_xmlSchemaType*,,xml	Schema	Type*	null	,53
14001,_IO_FILE*,,I	O	F	I	L	E*	null	,14
14002,_xmlSchema*,,xml	Schema*	null	,64
14003,i8*,,i8*	null	,7
14004,i8*,,i8*	null	,7
14005,_xmlSchemaAnnot*,,xml	Schema	Annot*	null	,87
14006,_xmlSchemaItemList*,,xml	Schema	Item	List*	null	,86
14007,_xmlSchemaItemList*,,xml	Schema	Item	List*	null	,86
14008,_xmlHashTable*,,xml	Hash	Table*	null	,31
14009,_xmlSchemaRedef*,,xml	Schema	Redef*	null	,-1
14010,_xmlDict*,,xml	Dict*	null	,35
14011,_xmlSchemaParserCtxt*,,xml	Schema	Parser	Ctxt*	null	,85
14012,_xmlSchemaItemList*,,xml	Schema	Item	List*	null	,86
14013,_xmlSchemaVal*,,xml	Schema	Val*	null	,55
14014,_xmlSchemaVal*,,xml	Schema	Val*	null	,55
14015,i8*,,i8*	null	,7
14016,i8*,,i8*	null	,7
14017,i8*,,i8*	null	,7
14018,i8*,,i8*	null	,7
14019,i8*,,i8*	null	,7
14020,,internal global i32 0,	constant	,6
14021,i32,0,i32	constant	,1
14022,i8*,,i8*	null	,7
14023,i32,1,i32	constant	,1
14024,_xmlSchemaType*,,xml	Schema	Type*	null	,53
14025,i8*,,i8*	null	,7
14026,i32,0,i32	constant	,1
14027,i32,10,i32	constant	,1
14028,i32,9,i32	constant	,1
14029,i32,13,i32	constant	,1
14030,i32,0,i32	constant	,1
14031,i32,10,i32	constant	,1
14032,i32,9,i32	constant	,1
14033,i32,13,i32	constant	,1
14034,i32,0,i32	constant	,1
14035,i8*,,i8*	null	,7
14036,i32,32,i32	constant	,1
14037,i32,0,i32	constant	,1
14038,_xmlSchemaVal*,,xml	Schema	Val*	null	,55
14039,_xmlSchemaType*,,xml	Schema	Type*	null	,53
14040,_xmlSchemaParticle*,,xml	Schema	Particle*	null	,-1
14041,,internal global i32 0,	constant	,6
14042,i32,0,i32	constant	,1
14043,_xmlSchemaParticle*,,xml	Schema	Particle*	null	,-1
14044,_xmlSchemaModelGroup*,,xml	Schema	Model	Group*	null	,-1
14045,_xmlSchemaParticle*,,xml	Schema	Particle*	null	,-1
14046,_xmlSchemaWildcard*,,xml	Schema	Wildcard*	null	,-1
14047,_xmlSchemaWildcard*,,xml	Schema	Wildcard*	null	,-1
14048,,internal global i32 0,	constant	,6
14049,i32,0,i32	constant	,1
14050,_xmlSchemaType*,,xml	Schema	Type*	null	,53
14051,i32,1,i32	constant	,1
14052,i32,1006,i32	constant	,1
14053,i32,1008,i32	constant	,1
14054,i32,1009,i32	constant	,1
14055,i32,1011,i32	constant	,1
14056,i32,1010,i32	constant	,1
14057,i32,1006,i32	constant	,1
14058,i32,1007,i32	constant	,1
14059,i32,1008,i32	constant	,1
14060,i32,1004,i32	constant	,1
14061,i32,1005,i32	constant	,1
14062,i32,1006,i32	constant	,1
14063,i32,1008,i32	constant	,1
14064,i32,1007,i32	constant	,1
14065,i32,1002,i32	constant	,1
14066,i32,1003,i32	constant	,1
14067,i32,1000,i32	constant	,1
14068,i32,1001,i32	constant	,1
14069,i32,1006,i32	constant	,1
14070,i32,1007,i32	constant	,1
14071,i32,1008,i32	constant	,1
14072,i32,1002,i32	constant	,1
14073,i32,1003,i32	constant	,1
14074,i32,1000,i32	constant	,1
14075,i32,1001,i32	constant	,1
14076,,internal global i32 0,	constant	,6
14077,i32,0,i32	constant	,1
14078,_xmlSchemaVal*,,xml	Schema	Val*	null	,55
14079,_xmlSchemaVal*,,xml	Schema	Val*	null	,55
14080,_xmlSchemaVal*,,xml	Schema	Val*	null	,55
14081,_xmlSchemaVal*,,xml	Schema	Val*	null	,55
14082,i32,15,i32	constant	,1
14083,_xmlSchemaVal*,,xml	Schema	Val*	null	,55
14084,i32,1,i32	constant	,1
14085,_xmlSchemaVal*,,xml	Schema	Val*	null	,55
14086,_xmlSchemaVal*,,xml	Schema	Val*	null	,55
14087,i8*,,i8*	null	,7
14088,i8*,,i8*	null	,7
14089,i32,0,i32	constant	,1
14090,i8*,,i8*	null	,7
14091,i8*,,i8*	null	,7
14092,i32,0,i32	constant	,1
14093,i32,0,i32	constant	,1
14094,i8*,,i8*	null	,7
14095,i8*,,i8*	null	,7
14096,i8,0,i	,28
14097,i8*,,i8*	null	,7
14098,i8*,,i8*	null	,7
14099,i8*,,i8*	null	,7
14100,i32,0,i32	constant	,1
14101,i32,0,i32	constant	,1
14102,i32,58,i32	constant	,1
14103,i8,0,i	,28
14104,i32,0,i32	constant	,1
14105,i8*,,i8*	null	,7
14106,i8*,,i8*	null	,7
14107,i8*,,i8*	null	,7
14108,i8*,,i8*	null	,7
14109,i32,0,i32	constant	,1
14110,i32,0,i32	constant	,1
14111,i32,0,i32	constant	,1
14112,i8*,,i8*	null	,7
14113,i8*,,i8*	null	,7
14114,i32,-1,i32	constant	,1
14115,i32,0,i32	constant	,1
14116,i32,0,i32	constant	,1
14117,i32,0,i32	constant	,1
14118,i8*,,i8*	null	,7
14119,i32,0,i32	constant	,1
14120,i8*,,i8*	null	,7
14121,i8*,,i8*	null	,7
14122,i32,0,i32	constant	,1
14123,i32,0,i32	constant	,1
14124,i32,0,i32	constant	,1
14125,i8*,,i8*	null	,7
14126,i8*,,i8*	null	,7
14127,i32,0,i32	constant	,1
14128,i32,0,i32	constant	,1
14129,i32,0,i32	constant	,1
14130,i8*,,i8*	null	,7
14131,i32,0,i32	constant	,1
14132,i32,0,i32	constant	,1
14133,i32,0,i32	constant	,1
14134,i32,0,i32	constant	,1
14135,i8*,,i8*	null	,7
14136,i32,0,i32	constant	,1
14137,i32,0,i32	constant	,1
14138,i8*,,i8*	null	,7
14139,i32,0,i32	constant	,1
14140,i8*,,i8*	null	,7
14141,i32,0,i32	constant	,1
14142,i8*,,i8*	null	,7
14143,i8*,,i8*	null	,7
14144,i8*,,i8*	null	,7
14145,i32,0,i32	constant	,1
14146,i32,0,i32	constant	,1
14147,i8*,,i8*	null	,7
14148,i8*,,i8*	null	,7
14149,i8*,,i8*	null	,7
14150,i8*,,i8*	null	,7
14151,i8*,,i8*	null	,7
14152,i32,0,i32	constant	,1
14153,i8*,,i8*	null	,7
14154,i8*,,i8*	null	,7
14155,i8*,,i8*	null	,7
14156,i8*,,i8*	null	,7
14157,i8*,,i8*	null	,7
14158,i32,128,i32	constant	,1
14159,i32,64,i32	constant	,1
14160,i32,0,i32	constant	,1
14161,i32,0,i32	constant	,1
14162,i32,0,i32	constant	,1
14163,i8*,,i8*	null	,7
14164,i8*,,i8*	null	,7
14165,i8*,,i8*	null	,7
14166,i32,0,i32	constant	,1
14167,i32,128,i32	constant	,1
14168,i32,0,i32	constant	,1
14169,i32,192,i32	constant	,1
14170,i32,128,i32	constant	,1
14171,i32,224,i32	constant	,1
14172,i32,192,i32	constant	,1
14173,i32,128,i32	constant	,1
14174,i32,240,i32	constant	,1
14175,i32,192,i32	constant	,1
14176,i32,128,i32	constant	,1
14177,i32,248,i32	constant	,1
14178,i32,240,i32	constant	,1
14179,i8*,,i8*	null	,7
14180,i32,0,i32	constant	,1
14181,i8*,,i8*	null	,7
14182,i32*,,i	null	,26
14183,i32,1,i32	constant	,1
14184,i32,128,i32	constant	,1
14185,i32,0,i32	constant	,1
14186,i32,2,i32	constant	,1
14187,i32,192,i32	constant	,1
14188,i32,128,i32	constant	,1
14189,i32,224,i32	constant	,1
14190,i32,3,i32	constant	,1
14191,i32,192,i32	constant	,1
14192,i32,128,i32	constant	,1
14193,i32,240,i32	constant	,1
14194,i32,4,i32	constant	,1
14195,i32,192,i32	constant	,1
14196,i32,128,i32	constant	,1
14197,i32,248,i32	constant	,1
14198,i32,240,i32	constant	,1
14199,i32*,,i	null	,26
14200,i8*,,i8*	null	,7
14201,i8,0,i	,28
14202,i32,128,i32	constant	,1
14203,i32,0,i32	constant	,1
14204,i32,224,i32	constant	,1
14205,i32,192,i32	constant	,1
14206,i32,192,i32	constant	,1
14207,i32,128,i32	constant	,1
14208,i32,240,i32	constant	,1
14209,i32,224,i32	constant	,1
14210,i32,192,i32	constant	,1
14211,i32,128,i32	constant	,1
14212,i32,192,i32	constant	,1
14213,i32,128,i32	constant	,1
14214,i32,248,i32	constant	,1
14215,i32,240,i32	constant	,1
14216,i32,192,i32	constant	,1
14217,i32,128,i32	constant	,1
14218,i32,192,i32	constant	,1
14219,i32,128,i32	constant	,1
14220,i32,192,i32	constant	,1
14221,i32,128,i32	constant	,1
14222,i8*,,i8*	null	,7
14223,i32,0,i32	constant	,1
14224,i32,0,i32	constant	,1
14225,i8,0,i	,28
14226,i32,128,i32	constant	,1
14227,i32,0,i32	constant	,1
14228,i32,128,i32	constant	,1
14229,i32,0,i32	constant	,1
14230,i32,0,i32	constant	,1
14231,i32,0,i32	constant	,1
14232,i8*,,i8*	null	,7
14233,i8*,,i8*	null	,7
14234,i32,0,i32	constant	,1
14235,i8*,,i8*	null	,7
14236,i8*,,i8*	null	,7
14237,i32,0,i32	constant	,1
14238,i32,0,i32	constant	,1
14239,i32,0,i32	constant	,1
14240,i32,128,i32	constant	,1
14241,i32,0,i32	constant	,1
14242,i32,192,i32	constant	,1
14243,i32,128,i32	constant	,1
14244,i32,0,i32	constant	,1
14245,i32,192,i32	constant	,1
14246,i32,128,i32	constant	,1
14247,i8*,,i8*	null	,7
14248,i8*,,i8*	null	,7
14249,i8*,,i8*	null	,7
14250,i32,0,i32	constant	,1
14251,i32,0,i32	constant	,1
14252,i32,128,i32	constant	,1
14253,i32,0,i32	constant	,1
14254,i32,192,i32	constant	,1
14255,i32,128,i32	constant	,1
14256,i32,0,i32	constant	,1
14257,i32,192,i32	constant	,1
14258,i32,128,i32	constant	,1
14259,i8*,,i8*	null	,7
14260,i32,0,i32	constant	,1
14261,i32,0,i32	constant	,1
14262,i32,0,i32	constant	,1
14263,i32,128,i32	constant	,1
14264,i32,0,i32	constant	,1
14265,i32,0,i32	constant	,1
14266,i32,192,i32	constant	,1
14267,i32,128,i32	constant	,1
14268,i32,0,i32	constant	,1
14269,i32,192,i32	constant	,1
14270,i32,128,i32	constant	,1
14271,i32,1791,i32	constant	,1
14272,i32,1536,i32	constant	,1
14273,i32,65023,i32	constant	,1
14274,i32,64336,i32	constant	,1
14275,i32,65279,i32	constant	,1
14276,i32,65136,i32	constant	,1
14277,i32,1423,i32	constant	,1
14278,i32,1328,i32	constant	,1
14279,i32,8703,i32	constant	,1
14280,i32,8592,i32	constant	,1
14281,i32,127,i32	constant	,1
14282,i32,0,i32	constant	,1
14283,i32,2559,i32	constant	,1
14284,i32,2432,i32	constant	,1
14285,i32,9631,i32	constant	,1
14286,i32,9600,i32	constant	,1
14287,i32,12591,i32	constant	,1
14288,i32,12544,i32	constant	,1
14289,i32,12735,i32	constant	,1
14290,i32,12704,i32	constant	,1
14291,i32,9599,i32	constant	,1
14292,i32,9472,i32	constant	,1
14293,i32,10495,i32	constant	,1
14294,i32,10240,i32	constant	,1
14295,i32,5983,i32	constant	,1
14296,i32,5952,i32	constant	,1
14297,i32,119039,i32	constant	,1
14298,i32,118784,i32	constant	,1
14299,i32,13311,i32	constant	,1
14300,i32,13056,i32	constant	,1
14301,i32,65103,i32	constant	,1
14302,i32,65072,i32	constant	,1
14303,i32,64255,i32	constant	,1
14304,i32,63744,i32	constant	,1
14305,i32,195103,i32	constant	,1
14306,i32,194560,i32	constant	,1
14307,i32,12031,i32	constant	,1
14308,i32,11904,i32	constant	,1
14309,i32,12351,i32	constant	,1
14310,i32,12288,i32	constant	,1
14311,i32,40959,i32	constant	,1
14312,i32,19968,i32	constant	,1
14313,i32,19903,i32	constant	,1
14314,i32,13312,i32	constant	,1
14315,i32,173791,i32	constant	,1
14316,i32,131072,i32	constant	,1
14317,i32,5119,i32	constant	,1
14318,i32,5024,i32	constant	,1
14319,i32,879,i32	constant	,1
14320,i32,768,i32	constant	,1
14321,i32,8447,i32	constant	,1
14322,i32,8400,i32	constant	,1
14323,i32,65071,i32	constant	,1
14324,i32,65056,i32	constant	,1
14325,i32,8447,i32	constant	,1
14326,i32,8400,i32	constant	,1
14327,i32,9279,i32	constant	,1
14328,i32,9216,i32	constant	,1
14329,i32,8399,i32	constant	,1
14330,i32,8352,i32	constant	,1
14331,i32,67647,i32	constant	,1
14332,i32,67584,i32	constant	,1
14333,i32,1279,i32	constant	,1
14334,i32,1024,i32	constant	,1
14335,i32,1327,i32	constant	,1
14336,i32,1280,i32	constant	,1
14337,i32,66639,i32	constant	,1
14338,i32,66560,i32	constant	,1
14339,i32,2431,i32	constant	,1
14340,i32,2304,i32	constant	,1
14341,i32,10175,i32	constant	,1
14342,i32,9984,i32	constant	,1
14343,i32,9471,i32	constant	,1
14344,i32,9312,i32	constant	,1
14345,i32,13055,i32	constant	,1
14346,i32,12800,i32	constant	,1
14347,i32,4991,i32	constant	,1
14348,i32,4608,i32	constant	,1
14349,i32,8303,i32	constant	,1
14350,i32,8192,i32	constant	,1
14351,i32,9727,i32	constant	,1
14352,i32,9632,i32	constant	,1
14353,i32,4351,i32	constant	,1
14354,i32,4256,i32	constant	,1
14355,i32,66383,i32	constant	,1
14356,i32,66352,i32	constant	,1
14357,i32,1023,i32	constant	,1
14358,i32,880,i32	constant	,1
14359,i32,8191,i32	constant	,1
14360,i32,7936,i32	constant	,1
14361,i32,1023,i32	constant	,1
14362,i32,880,i32	constant	,1
14363,i32,2815,i32	constant	,1
14364,i32,2688,i32	constant	,1
14365,i32,2687,i32	constant	,1
14366,i32,2560,i32	constant	,1
14367,i32,65519,i32	constant	,1
14368,i32,65280,i32	constant	,1
14369,i32,12687,i32	constant	,1
14370,i32,12592,i32	constant	,1
14371,i32,4607,i32	constant	,1
14372,i32,4352,i32	constant	,1
14373,i32,55215,i32	constant	,1
14374,i32,44032,i32	constant	,1
14375,i32,5951,i32	constant	,1
14376,i32,5920,i32	constant	,1
14377,i32,1535,i32	constant	,1
14378,i32,1424,i32	constant	,1
14379,i32,56319,i32	constant	,1
14380,i32,56192,i32	constant	,1
14381,i32,56191,i32	constant	,1
14382,i32,55296,i32	constant	,1
14383,i32,12447,i32	constant	,1
14384,i32,12352,i32	constant	,1
14385,i32,687,i32	constant	,1
14386,i32,592,i32	constant	,1
14387,i32,12287,i32	constant	,1
14388,i32,12272,i32	constant	,1
14389,i32,12703,i32	constant	,1
14390,i32,12688,i32	constant	,1
14391,i32,12255,i32	constant	,1
14392,i32,12032,i32	constant	,1
14393,i32,3327,i32	constant	,1
14394,i32,3200,i32	constant	,1
14395,i32,12543,i32	constant	,1
14396,i32,12448,i32	constant	,1
14397,i32,12799,i32	constant	,1
14398,i32,12784,i32	constant	,1
14399,i32,6143,i32	constant	,1
14400,i32,6016,i32	constant	,1
14401,i32,6655,i32	constant	,1
14402,i32,6624,i32	constant	,1
14403,i32,3839,i32	constant	,1
14404,i32,3712,i32	constant	,1
14405,i32,255,i32	constant	,1
14406,i32,128,i32	constant	,1
14407,i32,383,i32	constant	,1
14408,i32,256,i32	constant	,1
14409,i32,591,i32	constant	,1
14410,i32,384,i32	constant	,1
14411,i32,7935,i32	constant	,1
14412,i32,7680,i32	constant	,1
14413,i32,8527,i32	constant	,1
14414,i32,8448,i32	constant	,1
14415,i32,6479,i32	constant	,1
14416,i32,6400,i32	constant	,1
14417,i32,65791,i32	constant	,1
14418,i32,65664,i32	constant	,1
14419,i32,65663,i32	constant	,1
14420,i32,65536,i32	constant	,1
14421,i32,57343,i32	constant	,1
14422,i32,56320,i32	constant	,1
14423,i32,3455,i32	constant	,1
14424,i32,3328,i32	constant	,1
14425,i32,120831,i32	constant	,1
14426,i32,119808,i32	constant	,1
14427,i32,8959,i32	constant	,1
14428,i32,8704,i32	constant	,1
14429,i32,10223,i32	constant	,1
14430,i32,10176,i32	constant	,1
14431,i32,10751,i32	constant	,1
14432,i32,10624,i32	constant	,1
14433,i32,9983,i32	constant	,1
14434,i32,9728,i32	constant	,1
14435,i32,11263,i32	constant	,1
14436,i32,11008,i32	constant	,1
14437,i32,9215,i32	constant	,1
14438,i32,8960,i32	constant	,1
14439,i32,6319,i32	constant	,1
14440,i32,6144,i32	constant	,1
14441,i32,119295,i32	constant	,1
14442,i32,119040,i32	constant	,1
14443,i32,4255,i32	constant	,1
14444,i32,4096,i32	constant	,1
14445,i32,8591,i32	constant	,1
14446,i32,8528,i32	constant	,1
14447,i32,5791,i32	constant	,1
14448,i32,5760,i32	constant	,1
14449,i32,66351,i32	constant	,1
14450,i32,66304,i32	constant	,1
14451,i32,9311,i32	constant	,1
14452,i32,9280,i32	constant	,1
14453,i32,2943,i32	constant	,1
14454,i32,2816,i32	constant	,1
14455,i32,66735,i32	constant	,1
14456,i32,66688,i32	constant	,1
14457,i32,7551,i32	constant	,1
14458,i32,7424,i32	constant	,1
14459,i32,63743,i32	constant	,1
14460,i32,57344,i32	constant	,1
14461,i32,1048575,i32	constant	,1
14462,i32,983040,i32	constant	,1
14463,i32,1114111,i32	constant	,1
14464,i32,1048576,i32	constant	,1
14465,i32,63743,i32	constant	,1
14466,i32,57344,i32	constant	,1
14467,i32,5887,i32	constant	,1
14468,i32,5792,i32	constant	,1
14469,i32,66687,i32	constant	,1
14470,i32,66640,i32	constant	,1
14471,i32,3583,i32	constant	,1
14472,i32,3456,i32	constant	,1
14473,i32,65135,i32	constant	,1
14474,i32,65104,i32	constant	,1
14475,i32,767,i32	constant	,1
14476,i32,688,i32	constant	,1
14477,i32,65535,i32	constant	,1
14478,i32,65520,i32	constant	,1
14479,i32,8351,i32	constant	,1
14480,i32,8304,i32	constant	,1
14481,i32,10239,i32	constant	,1
14482,i32,10224,i32	constant	,1
14483,i32,10623,i32	constant	,1
14484,i32,10496,i32	constant	,1
14485,i32,11007,i32	constant	,1
14486,i32,10752,i32	constant	,1
14487,i32,1048575,i32	constant	,1
14488,i32,983040,i32	constant	,1
14489,i32,1114111,i32	constant	,1
14490,i32,1048576,i32	constant	,1
14491,i32,1871,i32	constant	,1
14492,i32,1792,i32	constant	,1
14493,i32,5919,i32	constant	,1
14494,i32,5888,i32	constant	,1
14495,i32,6015,i32	constant	,1
14496,i32,5984,i32	constant	,1
14497,i32,917631,i32	constant	,1
14498,i32,917504,i32	constant	,1
14499,i32,6527,i32	constant	,1
14500,i32,6480,i32	constant	,1
14501,i32,119647,i32	constant	,1
14502,i32,119552,i32	constant	,1
14503,i32,3071,i32	constant	,1
14504,i32,2944,i32	constant	,1
14505,i32,3199,i32	constant	,1
14506,i32,3072,i32	constant	,1
14507,i32,1983,i32	constant	,1
14508,i32,1920,i32	constant	,1
14509,i32,3711,i32	constant	,1
14510,i32,3584,i32	constant	,1
14511,i32,4095,i32	constant	,1
14512,i32,3840,i32	constant	,1
14513,i32,66463,i32	constant	,1
14514,i32,66432,i32	constant	,1
14515,i32,5759,i32	constant	,1
14516,i32,5120,i32	constant	,1
14517,i32,65039,i32	constant	,1
14518,i32,65024,i32	constant	,1
14519,i32,917999,i32	constant	,1
14520,i32,917760,i32	constant	,1
14521,i32,42191,i32	constant	,1
14522,i32,42128,i32	constant	,1
14523,i32,42127,i32	constant	,1
14524,i32,40960,i32	constant	,1
14525,i32,19967,i32	constant	,1
14526,i32,19904,i32	constant	,1
14527,i32,(i32)* null,i32	constant	,1
14528,i32,31,i32	constant	,1
14529,i32,0,i32	constant	,1
14530,i32,159,i32	constant	,1
14531,i32,127,i32	constant	,1
14532,i32,57344,i32	constant	,1
14533,i32,63743,i32	constant	,1
14534,i32,983040,i32	constant	,1
14535,i32,1048573,i32	constant	,1
14536,i32,1048576,i32	constant	,1
14537,i32,1114109,i32	constant	,1
14538,i32,55296,i32	constant	,1
14539,i32,56192,i32	constant	,1
14540,i32,56191,i32	constant	,1
14541,i32,56320,i32	constant	,1
14542,i32,56319,i32	constant	,1
14543,i32,57343,i32	constant	,1
14544,i32,1161,i32	constant	,1
14545,i32,1160,i32	constant	,1
14546,i32,1758,i32	constant	,1
14547,i32,8416,i32	constant	,1
14548,i32,8413,i32	constant	,1
14549,i32,8420,i32	constant	,1
14550,i32,8418,i32	constant	,1
14551,i32,5872,i32	constant	,1
14552,i32,5870,i32	constant	,1
14553,i32,8579,i32	constant	,1
14554,i32,8544,i32	constant	,1
14555,i32,12295,i32	constant	,1
14556,i32,12329,i32	constant	,1
14557,i32,12321,i32	constant	,1
14558,i32,12346,i32	constant	,1
14559,i32,12344,i32	constant	,1
14560,i32,66378,i32	constant	,1
14561,i32,95,i32	constant	,1
14562,i32,8256,i32	constant	,1
14563,i32,8255,i32	constant	,1
14564,i32,8276,i32	constant	,1
14565,i32,12539,i32	constant	,1
14566,i32,65076,i32	constant	,1
14567,i32,65075,i32	constant	,1
14568,i32,65103,i32	constant	,1
14569,i32,65101,i32	constant	,1
14570,i32,65343,i32	constant	,1
14571,i32,65381,i32	constant	,1
14572,i32,187,i32	constant	,1
14573,i32,8217,i32	constant	,1
14574,i32,8221,i32	constant	,1
14575,i32,8250,i32	constant	,1
14576,i32,171,i32	constant	,1
14577,i32,8216,i32	constant	,1
14578,i32,8220,i32	constant	,1
14579,i32,8219,i32	constant	,1
14580,i32,8223,i32	constant	,1
14581,i32,8249,i32	constant	,1
14582,i32,8232,i32	constant	,1
14583,i32,8233,i32	constant	,1
14584,i32,32,i32	constant	,1
14585,i32,160,i32	constant	,1
14586,i32,5760,i32	constant	,1
14587,i32,6158,i32	constant	,1
14588,i32,8202,i32	constant	,1
14589,i32,8192,i32	constant	,1
14590,i32,8239,i32	constant	,1
14591,i32,8287,i32	constant	,1
14592,i32,12288,i32	constant	,1
14593,i32,(i32)* null,i32	constant	,1
14594,i8*,,i8*	null	,7
14595,xmlUnicodeNameTable*,,xml	Unicode	Name	Table*	null	,-1
14596,i32,0,i32	constant	,1
14597,i32,1,i32	constant	,1
14598,i32,0,i32	constant	,1
14599,i32,0,i32	constant	,1
14600,i32,65855,i32	constant	,1
14601,i32,65792,i32	constant	,1
14602,i32,64335,i32	constant	,1
14603,i32,64256,i32	constant	,1
14604,_xmlTextWriterStackEntry*,,xml	Text	Writer	Stack	Entry*	null	,88
14605,i8*,,i8*	null	,7
14606,i32,0,i32	constant	,1
14607,i32,0,i32	constant	,1
14608,i32,0,i32	constant	,1
14609,i32,0,i32	constant	,1
14610,i8*,,i8*	null	,7
14611,_xmlTextWriter*,,xml	Text	Writer*	null	,74
14612,i8*,,i8*	null	,7
14613,i32,0,i32	constant	,1
14614,i8*,,i8*	null	,7
14615,_xmlTextWriterNsStackEntry*,,xml	Text	Writer	Ns	Stack	Entry*	null	,89
14616,i8*,,i8*	null	,7
14617,i8*,,i8*	null	,7
14618,_xmlTextWriter*,,xml	Text	Writer*	null	,74
14619,_xmlLink*,,xml	Link*	null	,90
14620,_xmlTextWriterStackEntry*,,xml	Text	Writer	Stack	Entry*	null	,88
14621,i32,0,i32	constant	,1
14622,i32,0,i32	constant	,1
14623,i32,0,i32	constant	,1
14624,i32,0,i32	constant	,1
14625,i32,0,i32	constant	,1
14626,i32,0,i32	constant	,1
14627,i32,0,i32	constant	,1
14628,i32,0,i32	constant	,1
14629,i32,0,i32	constant	,1
14630,i32,0,i32	constant	,1
14631,_xmlTextWriter*,,xml	Text	Writer*	null	,74
14632,_xmlLink*,,xml	Link*	null	,90
14633,_xmlTextWriterStackEntry*,,xml	Text	Writer	Stack	Entry*	null	,88
14634,i32,0,i32	constant	,1
14635,i32,0,i32	constant	,1
14636,i32,0,i32	constant	,1
14637,i32,0,i32	constant	,1
14638,i32,0,i32	constant	,1
14639,i32,0,i32	constant	,1
14640,i32,0,i32	constant	,1
14641,i32,0,i32	constant	,1
14642,i32,0,i32	constant	,1
14643,i32,0,i32	constant	,1
14644,_xmlTextWriter*,,xml	Text	Writer*	null	,74
14645,i8*,,i8*	null	,7
14646,_xmlTextWriter*,,xml	Text	Writer*	null	,74
14647,_xmlTextWriter*,,xml	Text	Writer*	null	,74
14648,i32,0,i32	constant	,1
14649,i8*,,i8*	null	,7
14650,_xmlLink*,,xml	Link*	null	,90
14651,i32,0,i32	constant	,1
14652,i32,0,i32	constant	,1
14653,i8*,,i8*	null	,7
14654,i32,0,i32	constant	,1
14655,i8*,,i8*	null	,7
14656,_xmlTextWriter*,,xml	Text	Writer*	null	,74
14657,i8*,,i8*	null	,7
14658,_xmlTextWriter*,,xml	Text	Writer*	null	,74
14659,i8*,,i8*	null	,7
14660,i8*,,i8*	null	,7
14661,_xmlTextWriter*,,xml	Text	Writer*	null	,74
14662,_xmlLink*,,xml	Link*	null	,90
14663,_xmlTextWriterStackEntry*,,xml	Text	Writer	Stack	Entry*	null	,88
14664,i8*,,i8*	null	,7
14665,i32,0,i32	constant	,1
14666,i8*,,i8*	null	,7
14667,i32,0,i32	constant	,1
14668,_xmlOutputBuffer*,,xml	Output	Buffer*	null	,24
14669,i32,0,i32	constant	,1
14670,i32,3,i32	constant	,1
14671,i32,0,i32	constant	,1
14672,i32,0,i32	constant	,1
14673,i32,3,i32	constant	,1
14674,i32,0,i32	constant	,1
14675,i32,2,i32	constant	,1
14676,i32,0,i32	constant	,1
14677,i32,72,i32	constant	,1
14678,i32,-1,i32	constant	,1
14679,_xmlTextWriter*,,xml	Text	Writer*	null	,74
14680,i32,-1,i32	constant	,1
14681,i32,0,i32	constant	,1
14682,i32,0,i32	constant	,1
14683,i32,0,i32	constant	,1
14684,i8*,,i8*	null	,7
14685,_xmlTextWriter*,,xml	Text	Writer*	null	,74
14686,_xmlLink*,,xml	Link*	null	,90
14687,_xmlTextWriterStackEntry*,,xml	Text	Writer	Stack	Entry*	null	,88
14688,i32,0,i32	constant	,1
14689,i32,0,i32	constant	,1
14690,i32,0,i32	constant	,1
14691,i32,0,i32	constant	,1
14692,i8*,,i8*	null	,7
14693,_xmlOutputBuffer*,,xml	Output	Buffer*	null	,24
14694,i32,-1,i32	constant	,1
14695,i32,-1,i32	constant	,1
14696,i32,0,i32	constant	,1
14697,i32,0,i32	constant	,1
14698,i8*,,i8*	null	,7
14699,_xmlTextWriter*,,xml	Text	Writer*	null	,74
14700,_xmlLink*,,xml	Link*	null	,90
14701,_xmlTextWriterStackEntry*,,xml	Text	Writer	Stack	Entry*	null	,88
14702,i32,0,i32	constant	,1
14703,i32,0,i32	constant	,1
14704,i32,0,i32	constant	,1
14705,i32,0,i32	constant	,1
14706,i8*,,i8*	null	,7
14707,_xmlTextWriter*,,xml	Text	Writer*	null	,74
14708,_xmlLink*,,xml	Link*	null	,90
14709,_xmlTextWriterStackEntry*,,xml	Text	Writer	Stack	Entry*	null	,88
14710,i32,0,i32	constant	,1
14711,i32,0,i32	constant	,1
14712,i32,0,i32	constant	,1
14713,i32,0,i32	constant	,1
14714,i32,0,i32	constant	,1
14715,i32,0,i32	constant	,1
14716,i8*,,i8*	null	,7
14717,_xmlTextWriter*,,xml	Text	Writer*	null	,74
14718,i8*,,i8*	null	,7
14719,i8*,,i8*	null	,7
14720,_xmlTextWriter*,,xml	Text	Writer*	null	,74
14721,_xmlTextWriterNsStackEntry*,,xml	Text	Writer	Ns	Stack	Entry*	null	,89
14722,i32,0,i32	constant	,1
14723,i8*,,i8*	null	,7
14724,_xmlTextWriterNsStackEntry*,,xml	Text	Writer	Ns	Stack	Entry*	null	,89
14725,i8*,,i8*	null	,7
14726,i8*,,i8*	null	,7
14727,i32,0,i32	constant	,1
14728,_xmlTextWriter*,,xml	Text	Writer*	null	,74
14729,_xmlLink*,,xml	Link*	null	,90
14730,_xmlTextWriterStackEntry*,,xml	Text	Writer	Stack	Entry*	null	,88
14731,i32,0,i32	constant	,1
14732,_xmlList*,,xml	List*	null	,20
14733,_xmlTextWriter*,,xml	Text	Writer*	null	,74
14734,i8*,,i8*	null	,7
14735,i32,0,i32	constant	,1
14736,i32,0,i32	constant	,1
14737,i32,0,i32	constant	,1
14738,_xmlList*,,xml	List*	null	,20
14739,_xmlTextWriter*,,xml	Text	Writer*	null	,74
14740,i8*,,i8*	null	,7
14741,i32,0,i32	constant	,1
14742,i8*,,i8*	null	,7
14743,_xmlTextWriter*,,xml	Text	Writer*	null	,74
14744,i32,0,i32	constant	,1
14745,i32,0,i32	constant	,1
14746,i32,0,i32	constant	,1
14747,i8*,,i8*	null	,7
14748,_xmlTextWriter*,,xml	Text	Writer*	null	,74
14749,i8*,,i8*	null	,7
14750,i32,-1,i32	constant	,1
14751,i8*,,i8*	null	,7
14752,i32,-1,i32	constant	,1
14753,i32,-1,i32	constant	,1
14754,_xmlTextWriter*,,xml	Text	Writer*	null	,74
14755,i8*,,i8*	null	,7
14756,i32,0,i32	constant	,1
14757,i8*,,i8*	null	,7
14758,_xmlTextWriter*,,xml	Text	Writer*	null	,74
14759,i32,0,i32	constant	,1
14760,i32,-1,i32	constant	,1
14761,i32,-1,i32	constant	,1
14762,i32,0,i32	constant	,1
14763,i8*,,i8*	null	,7
14764,_xmlTextWriter*,,xml	Text	Writer*	null	,74
14765,i32,0,i32	constant	,1
14766,_xmlLink*,,xml	Link*	null	,90
14767,_xmlTextWriterStackEntry*,,xml	Text	Writer	Stack	Entry*	null	,88
14768,i32,0,i32	constant	,1
14769,i32,0,i32	constant	,1
14770,i32,0,i32	constant	,1
14771,_xmlTextWriterStackEntry*,,xml	Text	Writer	Stack	Entry*	null	,88
14772,i8*,,i8*	null	,7
14773,i32,0,i32	constant	,1
14774,i32,0,i32	constant	,1
14775,_xmlTextWriter*,,xml	Text	Writer*	null	,74
14776,_xmlLink*,,xml	Link*	null	,90
14777,_xmlTextWriterStackEntry*,,xml	Text	Writer	Stack	Entry*	null	,88
14778,i32,0,i32	constant	,1
14779,i32,0,i32	constant	,1
14780,i32,0,i32	constant	,1
14781,_xmlOutputBuffer*,,xml	Output	Buffer*	null	,24
14782,_xmlTextWriter*,,xml	Text	Writer*	null	,74
14783,i8*,,i8*	null	,7
14784,_xmlTextWriter*,,xml	Text	Writer*	null	,74
14785,i32,-1,i32	constant	,1
14786,i8*,,i8*	null	,7
14787,i32,-1,i32	constant	,1
14788,i32,-1,i32	constant	,1
14789,_xmlTextWriter*,,xml	Text	Writer*	null	,74
14790,_xmlLink*,,xml	Link*	null	,90
14791,_xmlTextWriterStackEntry*,,xml	Text	Writer	Stack	Entry*	null	,88
14792,i32,0,i32	constant	,1
14793,i32,0,i32	constant	,1
14794,i32,0,i32	constant	,1
14795,_xmlTextWriterStackEntry*,,xml	Text	Writer	Stack	Entry*	null	,88
14796,i32,0,i32	constant	,1
14797,_xmlTextWriter*,,xml	Text	Writer*	null	,74
14798,_xmlLink*,,xml	Link*	null	,90
14799,_xmlTextWriterStackEntry*,,xml	Text	Writer	Stack	Entry*	null	,88
14800,i32,0,i32	constant	,1
14801,_xmlTextWriter*,,xml	Text	Writer*	null	,74
14802,i8*,,i8*	null	,7
14803,i32,-1,i32	constant	,1
14804,i8*,,i8*	null	,7
14805,i32,-1,i32	constant	,1
14806,i32,-1,i32	constant	,1
14807,i32,0,i32	constant	,1
14808,i8*,,i8*	null	,7
14809,_xmlTextWriter*,,xml	Text	Writer*	null	,74
14810,i8*,,i8*	null	,7
14811,_xmlLink*,,xml	Link*	null	,90
14812,_xmlTextWriterStackEntry*,,xml	Text	Writer	Stack	Entry*	null	,88
14813,i8*,,i8*	null	,7
14814,i32,0,i32	constant	,1
14815,i32,0,i32	constant	,1
14816,i8*,,i8*	null	,7
14817,i8*,,i8*	null	,7
14818,i32,0,i32	constant	,1
14819,i32,0,i32	constant	,1
14820,i32,0,i32	constant	,1
14821,_xmlOutputBuffer*,,xml	Output	Buffer*	null	,24
14822,i32,0,i32	constant	,1
14823,i32,0,i32	constant	,1
14824,i32,0,i32	constant	,1
14825,i8*,,i8*	null	,7
14826,i8*,,i8*	null	,7
14827,i32,0,i32	constant	,1
14828,i32,0,i32	constant	,1
14829,i32,0,i32	constant	,1
14830,i32,0,i32	constant	,1
14831,i32,0,i32	constant	,1
14832,i32,0,i32	constant	,1
14833,i32,0,i32	constant	,1
14834,i32,0,i32	constant	,1
14835,_xmlTextWriter*,,xml	Text	Writer*	null	,74
14836,_xmlTextWriter*,,xml	Text	Writer*	null	,74
14837,i32,1,i32	constant	,1
14838,i32,0,i32	constant	,1
14839,_xmlLink*,,xml	Link*	null	,90
14840,_xmlTextWriterStackEntry*,,xml	Text	Writer	Stack	Entry*	null	,88
14841,i32,0,i32	constant	,1
14842,i32,0,i32	constant	,1
14843,i32,0,i32	constant	,1
14844,i32,0,i32	constant	,1
14845,_xmlTextWriter*,,xml	Text	Writer*	null	,74
14846,i8*,,i8*	null	,7
14847,i32,-1,i32	constant	,1
14848,i8*,,i8*	null	,7
14849,i32,-1,i32	constant	,1
14850,i32,-1,i32	constant	,1
14851,i32,0,i32	constant	,1
14852,i8*,,i8*	null	,7
14853,_xmlTextWriter*,,xml	Text	Writer*	null	,74
14854,_xmlLink*,,xml	Link*	null	,90
14855,_xmlTextWriterStackEntry*,,xml	Text	Writer	Stack	Entry*	null	,88
14856,i32,0,i32	constant	,1
14857,i32,0,i32	constant	,1
14858,i32,0,i32	constant	,1
14859,_xmlTextWriterStackEntry*,,xml	Text	Writer	Stack	Entry*	null	,88
14860,i8*,,i8*	null	,7
14861,i32,0,i32	constant	,1
14862,i32,0,i32	constant	,1
14863,i32,0,i32	constant	,1
14864,i32,0,i32	constant	,1
14865,_xmlTextWriter*,,xml	Text	Writer*	null	,74
14866,_xmlLink*,,xml	Link*	null	,90
14867,_xmlParserCtxt*,,xml	Parser	Ctxt*	null	,32
14868,_xmlTextWriterStackEntry*,,xml	Text	Writer	Stack	Entry*	null	,88
14869,i32,0,i32	constant	,1
14870,i32,0,i32	constant	,1
14871,i32,0,i32	constant	,1
14872,_xmlTextWriter*,,xml	Text	Writer*	null	,74
14873,i8*,,i8*	null	,7
14874,i8*,,i8*	null	,7
14875,i32,-1,i32	constant	,1
14876,_xmlOutputBuffer*,,xml	Output	Buffer*	null	,24
14877,i32,-1,i32	constant	,1
14878,i32,-1,i32	constant	,1
14879,i32,0,i32	constant	,1
14880,i8*,,i8*	null	,7
14881,_xmlTextWriter*,,xml	Text	Writer*	null	,74
14882,_xmlLink*,,xml	Link*	null	,90
14883,_xmlTextWriterStackEntry*,,xml	Text	Writer	Stack	Entry*	null	,88
14884,i32,0,i32	constant	,1
14885,i32,0,i32	constant	,1
14886,i32,0,i32	constant	,1
14887,_xmlTextWriterStackEntry*,,xml	Text	Writer	Stack	Entry*	null	,88
14888,_xmlTextWriter*,,xml	Text	Writer*	null	,74
14889,i8*,,i8*	null	,7
14890,i32,0,i32	constant	,1
14891,i32,0,i32	constant	,1
14892,i32,0,i32	constant	,1
14893,i32,0,i32	constant	,1
14894,_xmlTextWriter*,,xml	Text	Writer*	null	,74
14895,_xmlLink*,,xml	Link*	null	,90
14896,_xmlTextWriterStackEntry*,,xml	Text	Writer	Stack	Entry*	null	,88
14897,i32,0,i32	constant	,1
14898,i32,0,i32	constant	,1
14899,i32,0,i32	constant	,1
14900,_xmlTextWriter*,,xml	Text	Writer*	null	,74
14901,i8*,,i8*	null	,7
14902,i8*,,i8*	null	,7
14903,i32,-1,i32	constant	,1
14904,i32,-1,i32	constant	,1
14905,i32,-1,i32	constant	,1
14906,i32,0,i32	constant	,1
14907,i8*,,i8*	null	,7
14908,_xmlTextWriter*,,xml	Text	Writer*	null	,74
14909,_xmlLink*,,xml	Link*	null	,90
14910,_xmlTextWriterStackEntry*,,xml	Text	Writer	Stack	Entry*	null	,88
14911,i32,0,i32	constant	,1
14912,i32,0,i32	constant	,1
14913,i32,0,i32	constant	,1
14914,_xmlTextWriterStackEntry*,,xml	Text	Writer	Stack	Entry*	null	,88
14915,i8*,,i8*	null	,7
14916,i32,0,i32	constant	,1
14917,i32,0,i32	constant	,1
14918,i32,0,i32	constant	,1
14919,i32,0,i32	constant	,1
14920,i32,0,i32	constant	,1
14921,i32,0,i32	constant	,1
14922,i32,0,i32	constant	,1
14923,_xmlTextWriter*,,xml	Text	Writer*	null	,74
14924,_xmlLink*,,xml	Link*	null	,90
14925,_xmlTextWriterStackEntry*,,xml	Text	Writer	Stack	Entry*	null	,88
14926,i32,0,i32	constant	,1
14927,i32,0,i32	constant	,1
14928,i32,0,i32	constant	,1
14929,i32,0,i32	constant	,1
14930,_xmlParserCtxt*,,xml	Parser	Ctxt*	null	,32
14931,_xmlTextWriter*,,xml	Text	Writer*	null	,74
14932,i8*,,i8*	null	,7
14933,i8*,,i8*	null	,7
14934,i8*,,i8*	null	,7
14935,i8*,,i8*	null	,7
14936,i8*,,i8*	null	,7
14937,i32,0,i32	constant	,1
14938,i8*,,i8*	null	,7
14939,i8*,,i8*	null	,7
14940,i8*,,i8*	null	,7
14941,i32,0,i32	constant	,1
14942,i8*,,i8*	null	,7
14943,i32,-1,i32	constant	,1
14944,_xmlDoc*,,xml	Doc*	null	,2
14945,i32,-1,i32	constant	,1
14946,i32,-1,i32	constant	,1
14947,i8*,,i8*	null	,7
14948,i8*,,i8*	null	,7
14949,i8*,,i8*	null	,7
14950,i32,0,i32	constant	,1
14951,i32,-1,i32	constant	,1
14952,i32,0,i32	constant	,1
14953,i32,-1,i32	constant	,1
14954,_xmlTextWriter*,,xml	Text	Writer*	null	,74
14955,_xmlTextWriter*,,xml	Text	Writer*	null	,74
14956,_xmlLink*,,xml	Link*	null	,90
14957,_xmlTextWriterStackEntry*,,xml	Text	Writer	Stack	Entry*	null	,88
14958,i8*,,i8*	null	,7
14959,i8*,,i8*	null	,7
14960,i8*,,i8*	null	,7
14961,i32,0,i32	constant	,1
14962,i32,0,i32	constant	,1
14963,i32,0,i32	constant	,1
14964,i32,0,i32	constant	,1
14965,i8*,,i8*	null	,7
14966,i8*,,i8*	null	,7
14967,i32,0,i32	constant	,1
14968,i32,0,i32	constant	,1
14969,i32,0,i32	constant	,1
14970,i32,0,i32	constant	,1
14971,i32,0,i32	constant	,1
14972,i8*,,i8*	null	,7
14973,i32,0,i32	constant	,1
14974,_xmlDoc**,,xml	Doc**	null	,-1
14975,i32,0,i32	constant	,1
14976,i32,0,i32	constant	,1
14977,i8*,,i8*	null	,7
14978,_xmlTextWriter*,,xml	Text	Writer*	null	,74
14979,_xmlLink*,,xml	Link*	null	,90
14980,_xmlTextWriterStackEntry*,,xml	Text	Writer	Stack	Entry*	null	,88
14981,i32,0,i32	constant	,1
14982,i32,0,i32	constant	,1
14983,i32,0,i32	constant	,1
14984,i32,0,i32	constant	,1
14985,i32,0,i32	constant	,1
14986,i32,0,i32	constant	,1
14987,i32,0,i32	constant	,1
14988,i8*,,i8*	null	,7
14989,i32,0,i32	constant	,1
14990,i32,0,i32	constant	,1
14991,i32,0,i32	constant	,1
14992,i32,0,i32	constant	,1
14993,i8*,,i8*	null	,7
14994,i8*,,i8*	null	,7
14995,i32,0,i32	constant	,1
14996,i32,0,i32	constant	,1
14997,i32,0,i32	constant	,1
14998,i32,0,i32	constant	,1
14999,i32,0,i32	constant	,1
15000,i32,0,i32	constant	,1
15001,_xmlTextWriter*,,xml	Text	Writer*	null	,74
15002,_xmlOutputBuffer*,,xml	Output	Buffer*	null	,24
15003,_xmlTextWriterStackEntry*,,xml	Text	Writer	Stack	Entry*	null	,88
15004,i8*,,i8*	null	,7
15005,i8*,,i8*	null	,7
15006,i8*,,i8*	null	,7
15007,i32,0,i32	constant	,1
15008,_xmlTextWriterNsStackEntry*,,xml	Text	Writer	Ns	Stack	Entry*	null	,89
15009,_xmlTextWriterNsStackEntry*,,xml	Text	Writer	Ns	Stack	Entry*	null	,89
15010,i32,0,i32	constant	,1
15011,_xmlDoc*,,xml	Doc*	null	,2
15012,_xmlTextWriterNsStackEntry*,,xml	Text	Writer	Ns	Stack	Entry*	null	,89
15013,i8*,,i8*	null	,7
15014,i8*,,i8*	null	,7
15015,i8*,,i8*	null	,7
15016,i8*,,i8*	null	,7
15017,i32,0,i32	constant	,1
15018,i32,0,i32	constant	,1
15019,i32,0,i32	constant	,1
15020,_xmlParserCtxt*,,xml	Parser	Ctxt*	null	,32
15021,i8*,,i8*	null	,7
15022,i32,0,i32	constant	,1
15023,i32,8192,i32	constant	,1
15024,i32,8192,i32	constant	,1
15025,i32,8192,i32	constant	,1
15026,i32,1,i32	constant	,1
15027,i8*,,i8*	null	,7
15028,i32,0,i32	constant	,1
15029,_xmlDoc*,,xml	Doc*	null	,2
15030,_xmlDoc*,,xml	Doc*	null	,2
15031,void,"(i8*, i8*, ...)* null",void	constant	,33
15032,_xmlSAXHandler*,,xml	S	A	X	Handler*	null	,42
15033,_xmlDoc*,,xml	Doc*	null	,2
15034,_xmlDoc*,,xml	Doc*	null	,2
15035,_xmlNode*,,xml	Node*	null	,8
15036,i8*,,i8*	null	,7
15037,void,"(i8*, i8*, ...)* null",void	constant	,33
15038,_xmlSAXHandler*,,xml	S	A	X	Handler*	null	,42
15039,i8*,,i8*	null	,7
15040,_xmlDoc*,,xml	Doc*	null	,2
15041,i8*,,i8*	null	,7
15042,_xmlParserInput*,,xml	Parser	Input*	null	,17
15043,i8*,,i8*	null	,7
15044,i32,0,i32	constant	,1
15045,_xmlTextWriter*,,xml	Text	Writer*	null	,74
15046,_xmlTextWriter*,,xml	Text	Writer*	null	,74
15047,i8*,,i8*	null	,7
15048,_xmlTextWriter*,,xml	Text	Writer*	null	,74
15049,i8*,,i8*	null	,7
15050,i8*,,i8*	null	,7
15051,i32,34,i32	constant	,1
15052,i32,39,i32	constant	,1
15053,_xmlTextWriter*,,xml	Text	Writer*	null	,74
15054,i32,1,i32	constant	,1
15055,i32,1,i32	constant	,1
15056,i32,-1,i32	constant	,1
15057,_xmlTextWriter*,,xml	Text	Writer*	null	,74
15058,_xmlTextWriterStackEntry*,,xml	Text	Writer	Stack	Entry*	null	,88
15059,_xmlTextWriterStackEntry*,,xml	Text	Writer	Stack	Entry*	null	,88
15060,i32,0,i32	constant	,1
15061,i32,0,i32	constant	,1
15062,i32,0,i32	constant	,1
15063,_xmlTextWriter*,,xml	Text	Writer*	null	,74
15064,_xmlOutputBuffer*,,xml	Output	Buffer*	null	,24
15065,_xmlList*,,xml	List*	null	,20
15066,_xmlList*,,xml	List*	null	,20
15067,_xmlParserCtxt*,,xml	Parser	Ctxt*	null	,32
15068,i32,0,i32	constant	,1
15069,_xmlDoc*,,xml	Doc*	null	,2
15070,_xmlDoc*,,xml	Doc*	null	,2
15071,i8*,,i8*	null	,7
15072,_xmlOutputBuffer*,,xml	Output	Buffer*	null	,24
15073,_xmlTextWriter*,,xml	Text	Writer*	null	,74
15074,i8*,,i8*	null	,7
15075,_xmlLink*,,xml	Link*	null	,90
15076,i8*,,i8*	null	,7
15077,_xmlCharEncodingHandler*,,xml	Char	Encoding	Handler*	null	,25
15078,_xmlCharEncodingHandler*,,xml	Char	Encoding	Handler*	null	,25
15079,_xmlBuf*,,xml	Buf*	null	,15
15080,i8*,,i8*	null	,7
15081,_xmlDoc*,,xml	Doc*	null	,2
15082,i32,0,i32	constant	,1
15083,i32,0,i32	constant	,1
15084,i8*,,i8*	null	,7
15085,i32,0,i32	constant	,1
15086,i32,0,i32	constant	,1
15087,_xmlCharEncodingHandler*,,xml	Char	Encoding	Handler*	null	,25
15088,i32,0,i32	constant	,1
15089,i32,0,i32	constant	,1
15090,i32,0,i32	constant	,1
15091,i32,0,i32	constant	,1
15092,i8*,,i8*	null	,7
15093,i32,0,i32	constant	,1
15094,i32,0,i32	constant	,1
15095,i32,0,i32	constant	,1
15096,i32,0,i32	constant	,1
15097,i32,0,i32	constant	,1
15098,_xmlTextWriter*,,xml	Text	Writer*	null	,74
15099,_xmlLink*,,xml	Link*	null	,90
15100,_xmlTextWriterStackEntry*,,xml	Text	Writer	Stack	Entry*	null	,88
15101,i32,0,i32	constant	,1
15102,i32,0,i32	constant	,1
15103,i32,0,i32	constant	,1
15104,i32,0,i32	constant	,1
15105,i32,0,i32	constant	,1
15106,i32,0,i32	constant	,1
15107,i32,0,i32	constant	,1
15108,_xmlTextWriter*,,xml	Text	Writer*	null	,74
15109,_xmlLink*,,xml	Link*	null	,90
15110,_xmlTextWriterStackEntry*,,xml	Text	Writer	Stack	Entry*	null	,88
15111,i32,0,i32	constant	,1
15112,i32,0,i32	constant	,1
15113,i32,0,i32	constant	,1
15114,i32,0,i32	constant	,1
15115,_xmlTextWriterStackEntry*,,xml	Text	Writer	Stack	Entry*	null	,88
15116,i32,0,i32	constant	,1
15117,i32,0,i32	constant	,1
15118,i32,0,i32	constant	,1
15119,_xmlTextWriter*,,xml	Text	Writer*	null	,74
15120,_xmlLink*,,xml	Link*	null	,90
15121,_xmlTextWriterStackEntry*,,xml	Text	Writer	Stack	Entry*	null	,88
15122,i32,0,i32	constant	,1
15123,i32,0,i32	constant	,1
15124,i32,0,i32	constant	,1
15125,_xmlTextWriter*,,xml	Text	Writer*	null	,74
15126,i8*,,i8*	null	,7
15127,i32,0,i32	constant	,1
15128,i32,0,i32	constant	,1
15129,i32,0,i32	constant	,1
15130,i32,0,i32	constant	,1
15131,i8*,,i8*	null	,7
15132,_xmlTextWriter*,,xml	Text	Writer*	null	,74
15133,_xmlLink*,,xml	Link*	null	,90
15134,_xmlTextWriterStackEntry*,,xml	Text	Writer	Stack	Entry*	null	,88
15135,i32,0,i32	constant	,1
15136,i32,0,i32	constant	,1
15137,i32,0,i32	constant	,1
15138,i32,0,i32	constant	,1
15139,_xmlXPathCompExpr*,,xml	X	Path	Comp	Expr*	null	,62
15140,_xmlDict*,,xml	Dict*	null	,35
15141,i8*,,i8*	null	,7
15142,i32,12,i32	constant	,1
15143,i8*,,i8*	null	,7
15144,i32,0,i32	constant	,1
15145,i8*,,i8*	null	,7
15146,i32,12,i32	constant	,1
15147,_xmlXPathStepOp*,,xml	X	Path	Step	Op*	null	,-1
15148,_xmlPattern*,,xml	Pattern*	null	,49
15149,i8*,,i8*	null	,7
15150,i32,25,i32	constant	,1
15151,_xmlNode*,,xml	Node*	null	,8
15152,i32,9,i32	constant	,1
15153,i32,13,i32	constant	,1
15154,i32,2,i32	constant	,1
15155,i32,25,i32	constant	,1
15156,_xmlNodeSet*,,xml	Node	Set*	null	,3
15157,_xmlNodeSet*,,xml	Node	Set*	null	,3
15158,i32,0,i32	constant	,1
15159,i32,25,i32	constant	,1
15160,_xmlNode*,,xml	Node*	null	,8
15161,i32,0,i32	constant	,1
15162,_xmlNodeSet*,,xml	Node	Set*	null	,3
15163,i32,25,i32	constant	,1
15164,_xmlLocationSet*,,xml	Location	Set*	null	,91
15165,i32,0,i32	constant	,1
15166,_IO_FILE*,,I	O	F	I	L	E*	null	,14
15167,i32,25,i32	constant	,1
15168,_xmlXPathObject*,,xml	X	Path	Object*	null	,0
15169,i32,0,i32	constant	,1
15170,i32,0,i32	constant	,1
15171,i32,0,i32	constant	,1
15172,i8*,,i8*	null	,7
15173,i32,0,i32	constant	,1
15174,i32,0,i32	constant	,1
15175,i32,0,i32	constant	,1
15176,i32,25,i32	constant	,1
15177,_xmlXPathStepOp*,,xml	X	Path	Step	Op*	null	,-1
15178,i32,0,i32	constant	,1
15179,i32,0,i32	constant	,1
15180,i32,0,i32	constant	,1
15181,i32,0,i32	constant	,1
15182,i32,1,i32	constant	,1
15183,i32,2,i32	constant	,1
15184,i32,3,i32	constant	,1
15185,i32,0,i32	constant	,1
15186,i32,1,i32	constant	,1
15187,i8*,,i8*	null	,7
15188,i8*,,i8*	null	,7
15189,i8*,,i8*	null	,7
15190,i8*,,i8*	null	,7
15191,i32,0,i32	constant	,1
15192,i32,0,i32	constant	,1
15193,_xmlXPathCompExpr*,,xml	X	Path	Comp	Expr*	null	,62
15194,_IO_FILE*,,I	O	F	I	L	E*	null	,14
15195,i32,25,i32	constant	,1
15196,i32,0,i32	constant	,1
15197,_xmlXPathContextCache*,,xml	X	Path	Context	Cache*	null	,-1
15198,_xmlXPathContextCache*,,xml	X	Path	Context	Cache*	null	,-1
15199,_xmlPointerList*,,xml	Pointer	List*	null	,92
15200,_xmlPointerList*,,xml	Pointer	List*	null	,92
15201,_xmlPointerList*,,xml	Pointer	List*	null	,92
15202,_xmlPointerList*,,xml	Pointer	List*	null	,92
15203,_xmlPointerList*,,xml	Pointer	List*	null	,92
15204,i64,1,i64	constant	,12
15205,i64,2,i64	constant	,12
15206,_xmlXPathContext*,,xml	X	Path	Context*	null	,65
15207,i32,0,i32	constant	,1
15208,i8*,,i8*	null	,7
15209,i8*,,i8*	null	,7
15210,i32,0,i32	constant	,1
15211,i32,0,i32	constant	,1
15212,i32,0,i32	constant	,1
15213,i8*,,i8*	null	,7
15214,i32,0,i32	constant	,1
15215,i64,2,i64	constant	,12
15216,i32,0,i32	constant	,1
15217,i64,2,i64	constant	,12
15218,i32,0,i32	constant	,1
15219,i32,0,i32	constant	,1
15220,_xmlXPathParserContext*,,xml	X	Path	Parser	Context*	null	,93
15221,i32,0,i32	constant	,1
15222,_xmlXPathObject*,,xml	X	Path	Object*	null	,0
15223,_xmlXPathParserContext*,,xml	X	Path	Parser	Context*	null	,93
15224,i32,1000000,i32	constant	,1
15225,_xmlXPathObject**,,xml	X	Path	Object**	null	,94
15226,_xmlXPathObject*,,xml	X	Path	Object*	null	,0
15227,_xmlXPathParserContext*,,xml	X	Path	Parser	Context*	null	,93
15228,i32,2,i32	constant	,1
15229,_xmlXPathObject*,,xml	X	Path	Object*	null	,0
15230,_xmlXPathParserContext*,,xml	X	Path	Parser	Context*	null	,93
15231,i32,3,i32	constant	,1
15232,_xmlXPathObject*,,xml	X	Path	Object*	null	,0
15233,_xmlXPathParserContext*,,xml	X	Path	Parser	Context*	null	,93
15234,_xmlXPathParserContext*,,xml	X	Path	Parser	Context*	null	,93
15235,_xmlXPathObject*,,xml	X	Path	Object*	null	,0
15236,_xmlXPathParserContext*,,xml	X	Path	Parser	Context*	null	,93
15237,i32,2,i32	constant	,1
15238,i32,9,i32	constant	,1
15239,i32,1,i32	constant	,1
15240,_xmlXPathObject*,,xml	X	Path	Object*	null	,0
15241,_xmlXPathParserContext*,,xml	X	Path	Parser	Context*	null	,93
15242,i32,2,i32	constant	,1
15243,_xmlXPathObject*,,xml	X	Path	Object*	null	,0
15244,_xmlXPathParserContext*,,xml	X	Path	Parser	Context*	null	,93
15245,_xmlXPathParserContext*,,xml	X	Path	Parser	Context*	null	,93
15246,i32,8,i32	constant	,1
15247,_xmlXPathParserContext*,,xml	X	Path	Parser	Context*	null	,93
15248,_xmlDoc*,,xml	Doc*	null	,2
15249,_xmlNode*,,xml	Node*	null	,8
15250,i32,1,i32	constant	,1
15251,_xmlNode*,,xml	Node*	null	,8
15252,_xmlNode*,,xml	Node*	null	,8
15253,_xmlNode*,,xml	Node*	null	,8
15254,_xmlNode*,,xml	Node*	null	,8
15255,_xmlNode*,,xml	Node*	null	,8
15256,_xmlNode*,,xml	Node*	null	,8
15257,_xmlNode*,,xml	Node*	null	,8
15258,i32,2,i32	constant	,1
15259,i32,2,i32	constant	,1
15260,i32,0,i32	constant	,1
15261,i32,0,i32	constant	,1
15262,_xmlNode*,,xml	Node*	null	,8
15263,_xmlNode*,,xml	Node*	null	,8
15264,i32,0,i32	constant	,1
15265,i32,1,i32	constant	,1
15266,i32,18,i32	constant	,1
15267,i32,18,i32	constant	,1
15268,i32,1,i32	constant	,1
15269,i32,1,i32	constant	,1
15270,i64,0,i64	constant	,12
15271,i32,0,i32	constant	,1
15272,i64,0,i64	constant	,12
15273,i64,0,i64	constant	,12
15274,i32,0,i32	constant	,1
15275,i64,0,i64	constant	,12
15276,i32,1,i32	constant	,1
15277,i32,2,i32	constant	,1
15278,i32,2,i32	constant	,1
15279,i32,2,i32	constant	,1
15280,i32,4,i32	constant	,1
15281,i32,0,i32	constant	,1
15282,i32,0,i32	constant	,1
15283,i32,0,i32	constant	,1
15284,i32,0,i32	constant	,1
15285,i32,0,i32	constant	,1
15286,i32,0,i32	constant	,1
15287,i64,0,i64	constant	,12
15288,i64,64,i64	constant	,12
15289,_xmlNode**,,xml	Node**	null	,4
15290,i32,0,i32	constant	,1
15291,i32,1,i32	constant	,1
15292,i64,0,i64	constant	,12
15293,i64,0,i64	constant	,12
15294,_xmlNode**,,xml	Node**	null	,4
15295,i32,0,i32	constant	,1
15296,i32,1,i32	constant	,1
15297,i64,0,i64	constant	,12
15298,i64,0,i64	constant	,12
15299,_xmlNode**,,xml	Node**	null	,4
15300,i32,0,i32	constant	,1
15301,i32,1,i32	constant	,1
15302,i64,0,i64	constant	,12
15303,i64,0,i64	constant	,12
15304,i32,0,i32	constant	,1
15305,_xmlNode**,,xml	Node**	null	,4
15306,i32,0,i32	constant	,1
15307,i32,1,i32	constant	,1
15308,i64,0,i64	constant	,12
15309,i64,0,i64	constant	,12
15310,,internal global i32 0,	constant	,6
15311,i32,0,i32	constant	,1
15312,_xmlXPathObject*,,xml	X	Path	Object*	null	,0
15313,i32,9,i32	constant	,1
15314,i32,1,i32	constant	,1
15315,i32,0,i32	constant	,1
15316,_xmlNodeSet*,,xml	Node	Set*	null	,3
15317,_xmlNodeSet*,,xml	Node	Set*	null	,3
15318,i32,7,i32	constant	,1
15319,i8*,,i8*	null	,7
15320,i32,4,i32	constant	,1
15321,i8*,,i8*	null	,7
15322,_xmlXPathObject*,,xml	X	Path	Object*	null	,0
15323,i8*,,i8*	null	,7
15324,_xmlXPathContext*,,xml	X	Path	Context*	null	,65
15325,_xmlNodeSet*,,xml	Node	Set*	null	,3
15326,i32,0,i32	constant	,1
15327,i32,40,i32	constant	,1
15328,_xmlPointerList*,,xml	Pointer	List*	null	,92
15329,i32,-1,i32	constant	,1
15330,_xmlPointerList*,,xml	Pointer	List*	null	,92
15331,_xmlPointerList*,,xml	Pointer	List*	null	,92
15332,i8*,,i8*	null	,7
15333,_xmlPointerList*,,xml	Pointer	List*	null	,92
15334,i32,-1,i32	constant	,1
15335,_xmlPointerList*,,xml	Pointer	List*	null	,92
15336,_xmlPointerList*,,xml	Pointer	List*	null	,92
15337,_xmlPointerList*,,xml	Pointer	List*	null	,92
15338,i32,-1,i32	constant	,1
15339,_xmlPointerList*,,xml	Pointer	List*	null	,92
15340,_xmlPointerList*,,xml	Pointer	List*	null	,92
15341,_xmlPointerList*,,xml	Pointer	List*	null	,92
15342,i32,-1,i32	constant	,1
15343,_xmlPointerList*,,xml	Pointer	List*	null	,92
15344,_xmlPointerList*,,xml	Pointer	List*	null	,92
15345,i8*,,i8*	null	,7
15346,_xmlPointerList*,,xml	Pointer	List*	null	,92
15347,i32,-1,i32	constant	,1
15348,_xmlPointerList*,,xml	Pointer	List*	null	,92
15349,_xmlPointerList*,,xml	Pointer	List*	null	,92
15350,_xmlNodeSet*,,xml	Node	Set*	null	,3
15351,i32,1,i32	constant	,1
15352,_xmlNode*,,xml	Node*	null	,8
15353,i32,18,i32	constant	,1
15354,i32,1,i32	constant	,1
15355,_xmlNode*,,xml	Node*	null	,8
15356,i32,18,i32	constant	,1
15357,_xmlNodeSet*,,xml	Node	Set*	null	,3
15358,_xmlXPathObject*,,xml	X	Path	Object*	null	,0
15359,_xmlXPathObject*,,xml	X	Path	Object*	null	,0
15360,_xmlXPathObject*,,xml	X	Path	Object*	null	,0
15361,_xmlXPathContext*,,xml	X	Path	Context*	null	,65
15362,i8*,,i8*	null	,7
15363,void,"(i8*, _xmlError*)* null",void	constant	,33
15364,i8*,,i8*	null	,7
15365,i32,25,i32	constant	,1
15366,i32,0,i32	constant	,1
15367,_xmlXPathParserContext*,,xml	X	Path	Parser	Context*	null	,93
15368,_xmlXPathContext*,,xml	X	Path	Context*	null	,65
15369,void,"(i8*, _xmlError*)* null",void	constant	,33
15370,i32,64,i32	constant	,1
15371,i32,6,i32	constant	,1
15372,i64,1,i64	constant	,12
15373,_xmlXPathContext*,,xml	X	Path	Context*	null	,65
15374,i32,0,i32	constant	,1
15375,i8*,,i8*	null	,7
15376,_xmlXPathObject*,,xml	X	Path	Object*	null	,0
15377,_xmlXPathContext*,,xml	X	Path	Context*	null	,65
15378,i8*,,i8*	null	,7
15379,i8*,,i8*	null	,7
15380,i8*,,i8*	null	,7
15381,i32,32,i32	constant	,1
15382,i32,0,i32	constant	,1
15383,i8*,,i8*	null	,7
15384,i8*,,i8*	null	,7
15385,i32,0,i32	constant	,1
15386,_IO_FILE*,,I	O	F	I	L	E*	null	,14
15387,_xmlNodeSet*,,xml	Node	Set*	null	,3
15388,_xmlNode*,,xml	Node*	null	,8
15389,i32,18,i32	constant	,1
15390,_xmlNs*,,xml	Ns*	null	,21
15391,i32,1,i32	constant	,1
15392,_xmlNs*,,xml	Ns*	null	,21
15393,i32,4,i32	constant	,1
15394,i32,3,i32	constant	,1
15395,i32,0,i32	constant	,1
15396,i32,3,i32	constant	,1
15397,i8*,,i8*	null	,7
15398,i8*,,i8*	null	,7
15399,i8*,,i8*	null	,7
15400,_xmlDoc*,,xml	Doc*	null	,2
15401,_xmlXPathContext*,,xml	X	Path	Context*	null	,65
15402,_xmlXPathObject*,,xml	X	Path	Object*	null	,0
15403,i8*,,i8*	null	,7
15404,_xmlNodeSet*,,xml	Node	Set*	null	,3
15405,i32,0,i32	constant	,1
15406,_xmlNode*,,xml	Node*	null	,8
15407,i32,18,i32	constant	,1
15408,i32,4,i32	constant	,1
15409,i32,0,i32	constant	,1
15410,i8*,,i8*	null	,7
15411,i8*,,i8*	null	,7
15412,i8*,,i8*	null	,7
15413,i8*,,i8*	null	,7
15414,_xmlDoc*,,xml	Doc*	null	,2
15415,_xmlXPathObject**,,xml	X	Path	Object**	null	,94
15416,_xmlXPathObject**,,xml	X	Path	Object**	null	,94
15417,i32,32,i32	constant	,1
15418,_xmlXPathContext*,,xml	X	Path	Context*	null	,65
15419,i8*,,i8*	null	,7
15420,_xmlXPathContext*,,xml	X	Path	Context*	null	,65
15421,_xmlXPathParserContext*,,xml	X	Path	Parser	Context*	null	,93
15422,_xmlXPathObject*,,xml	X	Path	Object*	null	,0
15423,i32,1,i32	constant	,1
15424,i32,7,i32	constant	,1
15425,_xmlXPathObject*,,xml	X	Path	Object*	null	,0
15426,_xmlXPathObject*,,xml	X	Path	Object*	null	,0
15427,i32,1,i32	constant	,1
15428,i32,1,i32	constant	,1
15429,_xmlXPathObject*,,xml	X	Path	Object*	null	,0
15430,i32,0,i32	constant	,1
15431,i32,0,i32	constant	,1
15432,i32,0,i32	constant	,1
15433,i32,0,i32	constant	,1
15434,_xmlXPathParserContext*,,xml	X	Path	Parser	Context*	null	,93
15435,_xmlNode*,,xml	Node*	null	,8
15436,i32,0,i32	constant	,1
15437,i32,0,i32	constant	,1
15438,_xmlXPathParserContext*,,xml	X	Path	Parser	Context*	null	,93
15439,_xmlNode*,,xml	Node*	null	,8
15440,i32,1,i32	constant	,1
15441,i32,1,i32	constant	,1
15442,_xmlXPathParserContext*,,xml	X	Path	Parser	Context*	null	,93
15443,_xmlXPathObject*,,xml	X	Path	Object*	null	,0
15444,i32,7,i32	constant	,1
15445,i32,1,i32	constant	,1
15446,i32,1,i32	constant	,1
15447,_xmlXPathObject*,,xml	X	Path	Object*	null	,0
15448,_xmlLocationSet*,,xml	Location	Set*	null	,91
15449,_xmlLocationSet*,,xml	Location	Set*	null	,91
15450,_xmlXPathObject*,,xml	X	Path	Object*	null	,0
15451,_xmlNode*,,xml	Node*	null	,8
15452,i32,2,i32	constant	,1
15453,_xmlXPathObject*,,xml	X	Path	Object*	null	,0
15454,i32,1,i32	constant	,1
15455,i32,1,i32	constant	,1
15456,_xmlXPathParserContext*,,xml	X	Path	Parser	Context*	null	,93
15457,_xmlXPathObject*,,xml	X	Path	Object*	null	,0
15458,i32,7,i32	constant	,1
15459,i32,1,i32	constant	,1
15460,i32,1,i32	constant	,1
15461,_xmlXPathObject*,,xml	X	Path	Object*	null	,0
15462,_xmlLocationSet*,,xml	Location	Set*	null	,91
15463,_xmlLocationSet*,,xml	Location	Set*	null	,91
15464,_xmlXPathObject*,,xml	X	Path	Object*	null	,0
15465,_xmlNode*,,xml	Node*	null	,8
15466,i32,2,i32	constant	,1
15467,i8*,,i8*	null	,7
15468,_xmlXPathObject*,,xml	X	Path	Object*	null	,0
15469,i32,1,i32	constant	,1
15470,i32,1,i32	constant	,1
15471,_xmlXPathParserContext*,,xml	X	Path	Parser	Context*	null	,93
15472,_xmlXPathObject*,,xml	X	Path	Object*	null	,0
15473,i32,7,i32	constant	,1
15474,i32,1,i32	constant	,1
15475,i32,1,i32	constant	,1
15476,_xmlXPathObject*,,xml	X	Path	Object*	null	,0
15477,_xmlLocationSet*,,xml	Location	Set*	null	,91
15478,i32,1,i32	constant	,1
15479,i32,1,i32	constant	,1
15480,_xmlXPathParserContext*,,xml	X	Path	Parser	Context*	null	,93
15481,_xmlXPathObject*,,xml	X	Path	Object*	null	,0
15482,i32,7,i32	constant	,1
15483,i32,1,i32	constant	,1
15484,i32,1,i32	constant	,1
15485,_xmlXPathObject*,,xml	X	Path	Object*	null	,0
15486,_xmlLocationSet*,,xml	Location	Set*	null	,91
15487,_xmlXPathParserContext*,,xml	X	Path	Parser	Context*	null	,93
15488,i32,1,i32	constant	,1
15489,i32,1,i32	constant	,1
15490,_xmlXPathParserContext*,,xml	X	Path	Parser	Context*	null	,93
15491,i32,1,i32	constant	,1
15492,_xmlXPathObject*,,xml	X	Path	Object*	null	,0
15493,i32,0,i32	constant	,1
15494,_xmlXPathObject*,,xml	X	Path	Object*	null	,0
15495,_xmlXPathObject*,,xml	X	Path	Object*	null	,0
15496,_xmlXPathObject*,,xml	X	Path	Object*	null	,0
15497,i32,6,i32	constant	,1
15498,i8*,,i8*	null	,7
15499,i32,4,i32	constant	,1
15500,i32,2,i32	constant	,1
15501,i32,4,i32	constant	,1
15502,i32,3,i32	constant	,1
15503,_xmlXPathObject*,,xml	X	Path	Object*	null	,0
15504,_xmlXPathObject*,,xml	X	Path	Object*	null	,0
15505,i32,3,i32	constant	,1
15506,i32,3,i32	constant	,1
15507,_xmlXPathObject*,,xml	X	Path	Object*	null	,0
15508,_xmlXPathObject*,,xml	X	Path	Object*	null	,0
15509,i32,4,i32	constant	,1
15510,_xmlXPathObject*,,xml	X	Path	Object*	null	,0
15511,_xmlXPathObject*,,xml	X	Path	Object*	null	,0
15512,i32,7,i32	constant	,1
15513,i32,1,i32	constant	,1
15514,i32,-1,i32	constant	,1
15515,_xmlLocationSet*,,xml	Location	Set*	null	,91
15516,_xmlNodeSet*,,xml	Node	Set*	null	,3
15517,i32,1,i32	constant	,1
15518,_xmlXPathObject*,,xml	X	Path	Object*	null	,0
15519,i32,1,i32	constant	,1
15520,_xmlXPathObject*,,xml	X	Path	Object*	null	,0
15521,i32,0,i32	constant	,1
15522,i32,0,i32	constant	,1
15523,_xmlXPathObject*,,xml	X	Path	Object*	null	,0
15524,i32,0,i32	constant	,1
15525,i32,0,i32	constant	,1
15526,_xmlXPathObject*,,xml	X	Path	Object*	null	,0
15527,i32,0,i32	constant	,1
15528,i32,1,i32	constant	,1
15529,_xmlXPathObject*,,xml	X	Path	Object*	null	,0
15530,_xmlXPathObject*,,xml	X	Path	Object*	null	,0
15531,_xmlXPathObject*,,xml	X	Path	Object*	null	,0
15532,_xmlXPathObject*,,xml	X	Path	Object*	null	,0
15533,i32,6,i32	constant	,1
15534,_xmlNode*,,xml	Node*	null	,8
15535,_xmlNode*,,xml	Node*	null	,8
15536,i32,0,i32	constant	,1
15537,i32,0,i32	constant	,1
15538,_xmlXPathObject*,,xml	X	Path	Object*	null	,0
15539,_xmlXPathObject*,,xml	X	Path	Object*	null	,0
15540,_xmlXPathObject*,,xml	X	Path	Object*	null	,0
15541,i32,5,i32	constant	,1
15542,i32,5,i32	constant	,1
15543,_xmlXPathObject*,,xml	X	Path	Object*	null	,0
15544,_xmlXPathObject*,,xml	X	Path	Object*	null	,0
15545,_xmlNode*,,xml	Node*	null	,8
15546,i32,5,i32	constant	,1
15547,_xmlXPathObject*,,xml	X	Path	Object*	null	,0
15548,_xmlNode*,,xml	Node*	null	,8
15549,_xmlXPathObject*,,xml	X	Path	Object*	null	,0
15550,i32,5,i32	constant	,1
15551,i32,5,i32	constant	,1
15552,_xmlXPathObject*,,xml	X	Path	Object*	null	,0
15553,_xmlNode*,,xml	Node*	null	,8
15554,_xmlNode*,,xml	Node*	null	,8
15555,_xmlXPathObject*,,xml	X	Path	Object*	null	,0
15556,_xmlNode*,,xml	Node*	null	,8
15557,_xmlXPathObject*,,xml	X	Path	Object*	null	,0
15558,_xmlNode*,,xml	Node*	null	,8
15559,_xmlXPathObject*,,xml	X	Path	Object*	null	,0
15560,i32,0,i32	constant	,1
15561,_xmlXPathObject*,,xml	X	Path	Object*	null	,0
15562,_xmlLocationSet*,,xml	Location	Set*	null	,91
15563,_xmlXPathObject*,,xml	X	Path	Object*	null	,0
15564,_xmlXPathObject**,,xml	X	Path	Object**	null	,94
15565,_xmlXPathObject*,,xml	X	Path	Object*	null	,0
15566,_xmlLocationSet*,,xml	Location	Set*	null	,91
15567,i32,0,i32	constant	,1
15568,i32,0,i32	constant	,1
15569,_xmlXPathObject**,,xml	X	Path	Object**	null	,94
15570,_xmlXPathObject**,,xml	X	Path	Object**	null	,94
15571,_xmlLocationSet*,,xml	Location	Set*	null	,91
15572,_xmlLocationSet*,,xml	Location	Set*	null	,91
15573,_xmlLocationSet*,,xml	Location	Set*	null	,91
15574,_xmlXPathObject*,,xml	X	Path	Object*	null	,0
15575,i32,0,i32	constant	,1
15576,i32,0,i32	constant	,1
15577,_xmlLocationSet*,,xml	Location	Set*	null	,91
15578,_xmlLocationSet*,,xml	Location	Set*	null	,91
15579,_xmlXPathObject**,,xml	X	Path	Object**	null	,94
15580,_xmlXPathObject*,,xml	X	Path	Object*	null	,0
15581,_xmlNode*,,xml	Node*	null	,8
15582,_xmlXPathObject*,,xml	X	Path	Object*	null	,0
15583,_xmlNodeSet*,,xml	Node	Set*	null	,3
15584,_xmlLocationSet*,,xml	Location	Set*	null	,91
15585,_xmlXPathObject*,,xml	X	Path	Object*	null	,0
