file,line,source 1,source 2,source 3,label
bldcsndfa.c,1002,function_0,global_0,,0
bldcsndfa.c,1033,function_1,global_2,,0
bldcsndfa.c,1046,function_0,global_0,,0
bldcsndfa.c,1062+++,function_2,global_1,,0
bldcsndfa.c,1062++,function_2,global_1,,0
bldcsndfa.c,1062+,function_2,global_1,,0
bldcsndfa.c,1062,function_2,global_1,,0
bldcsndfa.c,1089,function_0,global_0,,0
bldcsndfa.c,1094,function_3,global_1,,0
bldcsndfa.c,1113,global_6,global_5,,0
bldcsndfa.c,1122,function_0,global_0,,0
bldcsndfa.c,1139,function_0,global_0,,0
bldcsndfa.c,1155,function_0,global_0,,0
bldcsndfa.c,1262,function_4,global_1,,0
bldcsndfa.c,1321,global_1,global_1,global_1,0
bldcsndfa.c,1397,global_6,global_10,,0
bldcsndfa.c,1437,global_6,global_10,,0
bldcsndfa.c,1509,function_4,global_1,,0
bldcsndfa.c,1546,function_4,global_1,,0
bldcsndfa.c,1581,function_4,global_1,,0
bldcsndfa.c,1595,global_1,global_1,,0
bldcsndfa.c,1604,global_6,global_10,,0
bldcsndfa.c,1669,global_0,global_12,,0
bldcsndfa.c,1789,global_6,global_10,,0
bldcsndfa.c,1792,global_1,global_1,,0
bldcsndfa.c,1812,global_6,global_10,,0
bldcsndfa.c,1816,global_1,global_1,,0
bldcsndfa.c,1834,global_6,global_10,,0
bldcsndfa.c,1838,global_1,global_1,,0
bldcsndfa.c,1854,global_6,global_10,,0
bldcsndfa.c,1859,global_1,global_1,,0
bldcsndfa.c,1885,global_1,global_1,,0
bldcsndfa.c,1928,function_6,global_14,,0
bldcsndfa.c,1943,function_7,global_1,,0
bldcsndfa.c,237,global_2,global_7,,0
bldcsndfa.c,267,global_3,global_1,,0
bldcsndfa.c,386,function_8,global_7,,0
bldcsndfa.c,395,function_9,global_1,,0
bldcsndfa.c,496,global_4,global_10,,0
bldcsndfa.c,499,global_4,global_10,,0
bldcsndfa.c,504,global_4,global_10,,0
bldcsndfa.c,511,global_4,global_10,,0
bldcsndfa.c,542++,global_5,global_10,,0
bldcsndfa.c,545,global_5,global_10,,0
bldcsndfa.c,574,function_10,global_1,,0
bldcsndfa.c,576,function_10,global_1,,0
bldcsndfa.c,593,global_6,global_-1,,0
bldcsndfa.c,675,global_7,global_1,,0
bldcsndfa.c,676+,global_7,global_7,,0
bldcsndfa.c,676,global_7,global_10,,0
bldcsndfa.c,681,global_7,global_10,,0
bldcsndfa.c,685,function_-1,global_9,,0
bldcsndfa.c,694,global_7,global_10,,0
bldcsndfa.c,701,global_7,global_10,,0
bldcsndfa.c,706,global_7,global_10,,0
bldcsndfa.c,774,global_8,global_1,,0
bldcsndfa.c,778,function_10,global_1,,0
bldcsndfa.c,806,global_9,global_1,global_1,0
bldcsndfa.c,820,global_10,global_1,,0
bldcsndfa.c,825,function_-1,global_10,,0
bldcsndfa.c,859,function_12,global_7,,0
bldcsndfa.c,884,function_1,global_2,,0
bldcsndfa.c,892,function_0,global_0,,0
bldcsndfa.c,908,function_13,global_1,,0
bldcsndfa.c,909,function_13,global_1,,0
bldcsndfa.c,918,global_6,global_5,,0
bldcsndfa.c,929,function_13,global_1,,0
bldcsndfa.c,953,global_6,global_5,,0
bldcsndfa.c,971,function_0,global_0,,0
buf.c,1008,global_11,global_15,,0
buf.c,1012,global_11,global_7,,0
buf.c,1030,global_11,global_15,,0
buf.c,1034,global_11,global_7,,0
buf.c,1043,function_14,global_1,,0
buf.c,1068,global_12,global_15,,0
buf.c,1089,global_13,global_15,,0
buf.c,110,global_14,global_15,,0
buf.c,1113,global_15,global_15,,0
buf.c,1118,function_15,global_7,,0
buf.c,1119,function_15,global_7,,0
buf.c,1170,global_16,global_16,,0
buf.c,1207,global_17,global_15,,0
buf.c,1260,global_18,global_15,,0
buf.c,1265,global_18,global_16,,0
buf.c,1284+,global_19,global_15,,0
buf.c,1284,global_19,global_17,,0
buf.c,1305+,global_20,global_15,,0
buf.c,1305,global_20,global_17,,0
buf.c,1335+,global_21,global_15,,0
buf.c,1335,global_21,global_17,,0
buf.c,169,global_22,global_12,,0
buf.c,199,global_23,global_15,,0
buf.c,234+,global_24,global_12,,0
buf.c,234,global_24,global_7,,0
buf.c,242,global_24,global_12,,0
buf.c,268,global_25,global_15,,0
buf.c,290,global_26,global_15,,0
buf.c,300,global_26,global_1,,0
buf.c,301,global_26,global_1,,0
buf.c,302,global_26,global_1,,0
buf.c,303,global_26,global_1,,0
buf.c,304,global_26,global_1,,0
buf.c,314,global_26,global_1,,0
buf.c,330,global_27,global_15,,0
buf.c,356,global_28,global_15,,0
buf.c,389,global_29,global_15,,0
buf.c,391,global_29,global_12,,0
buf.c,441,global_30,global_15,,0
buf.c,512+,global_31,global_1,,0
buf.c,512,global_31,global_15,,0
buf.c,513,global_31,global_1,,0
buf.c,532,global_32,global_15,,0
buf.c,551,global_33,global_15,,0
buf.c,566,global_33,global_14,,0
buf.c,584,global_34,global_15,,0
buf.c,602,global_35,global_15,,0
buf.c,622,global_36,global_15,,0
buf.c,647,global_37,global_15,,0
buf.c,670,global_38,global_15,,0
buf.c,689,global_39,global_15,,0
buf.c,710,global_40,global_15,,0
buf.c,728,global_41,global_15,,0
buf.c,751,global_42,global_15,,0
buf.c,760,global_42,global_12,,0
buf.c,871+,global_43,global_15,,0
buf.c,871,global_43,global_7,,0
buf.c,876,global_43,global_1,,0
buf.c,883,global_43,global_1,,0
buf.c,885,global_43,global_1,,0
buf.c,888,global_43,global_1,,0
buf.c,889,global_43,global_1,,0
buf.c,902,function_14,global_1,,0
buf.c,931,global_43,global_15,,0
buf.c,935,global_43,global_7,,0
buf.c,942,global_43,global_1,,0
buf.c,949,global_43,global_1,,0
buf.c,95,global_44,global_15,,0
buf.c,951,global_43,global_1,,0
buf.c,954,global_43,global_1,,0
buf.c,982,function_14,global_1,,0
c14n.c,1010+,global_45,global_18,,0
c14n.c,1010,global_45,global_19,,0
c14n.c,1026,function_16,global_18,,0
c14n.c,1029,function_17,global_7,,0
c14n.c,1039,function_18,global_1,,0
c14n.c,1041,function_19,global_7,,0
c14n.c,1054,function_19,global_7,,0
c14n.c,1073+,function_20,global_1,,0
c14n.c,1080,function_16,global_18,,0
c14n.c,1137+,global_46,global_8,,0
c14n.c,1137,global_46,global_19,,0
c14n.c,1146,function_21,global_20,,0
c14n.c,1179,global_46,global_1,,0
c14n.c,1192,function_22,global_1,,0
c14n.c,1193,function_-1,global_7,,0
c14n.c,1259+,function_22,global_1,,0
c14n.c,1259,global_46,global_1,,0
c14n.c,1268++,function_20,global_1,,0
c14n.c,1272++,function_20,global_1,,0
c14n.c,1278++,function_20,global_1,,0
c14n.c,1294,global_46,global_1,,0
c14n.c,1358+,global_47,global_8,,0
c14n.c,1358,global_47,global_19,,0
c14n.c,1365,function_18,global_1,,0
c14n.c,1369,function_23,global_22,,0
c14n.c,1373,function_18,global_1,,0
c14n.c,1378,function_24,global_1,,0
c14n.c,1379,function_24,global_1,,0
c14n.c,1380,function_18,global_1,,0
c14n.c,1422+,global_48,global_8,,0
c14n.c,1422,global_48,global_19,,0
c14n.c,1432,function_-1,global_1,,0
c14n.c,1444,global_48,global_1,,0
c14n.c,1453+,function_18,global_1,,0
c14n.c,1466,function_25,global_1,,0
c14n.c,1471,global_48,global_1,,0
c14n.c,1476,function_25,global_1,,0
c14n.c,1481,global_48,global_1,,0
c14n.c,1486,function_25,global_1,,0
c14n.c,1491,global_48,global_1,,0
c14n.c,1493+,function_18,global_1,,0
c14n.c,1529+,global_48,global_8,,0
c14n.c,1529,global_48,global_19,,0
c14n.c,1554,function_26,global_7,,0
c14n.c,1593,function_26,global_7,,0
c14n.c,1638,function_26,global_7,,0
c14n.c,1719,global_48,global_19,,0
c14n.c,1724,global_48,global_8,,0
c14n.c,1741,global_49,global_19,,0
c14n.c,1781+,global_50,global_24,,0
c14n.c,1781,global_50,global_2,,0
c14n.c,1876+,global_50,global_2,,0
c14n.c,1876,global_50,global_24,,0
c14n.c,1906,function_-1,global_19,,0
c14n.c,1924,function_27,global_1,,0
c14n.c,1935,function_27,global_1,,0
c14n.c,2012,global_51,global_26,,0
c14n.c,2023,function_-1,global_24,,0
c14n.c,2033,function_28,global_1,,0
c14n.c,2040,function_28,global_1,,0
c14n.c,2045+,function_28,global_1,,0
c14n.c,2045,global_51,global_7,,0
c14n.c,2083,global_51,global_7,,0
c14n.c,2096,function_29,global_24,,0
c14n.c,2106,function_28,global_1,,0
c14n.c,2155,global_52,global_7,,0
c14n.c,2177+,global_52,global_1,,0
c14n.c,2178,global_52,global_1,,0
c14n.c,2183+,global_52,global_1,,0
c14n.c,2188+,global_52,global_1,,0
c14n.c,2189,global_52,global_1,,0
c14n.c,2195+,global_52,global_1,,0
c14n.c,2202+,global_52,global_1,,0
c14n.c,2208+,global_52,global_1,,0
c14n.c,2214+,global_52,global_1,,0
c14n.c,2215,global_52,global_1,,0
c14n.c,2216,global_52,global_1,,0
c14n.c,2217,global_52,global_1,,0
c14n.c,239,global_48,global_19,,0
c14n.c,256+,global_53,global_8,,0
c14n.c,256,global_53,global_3,,0
c14n.c,265,global_53,global_8,,0
c14n.c,296,global_54,global_23,,0
c14n.c,315,global_55,global_23,,0
c14n.c,361+,global_54,global_23,,0
c14n.c,361,global_54,global_23,,0
c14n.c,373+,global_54,global_23,,0
c14n.c,373,global_54,global_23,,0
c14n.c,384,global_54,global_23,,0
c14n.c,394,global_56,global_56,,0
c14n.c,395,global_56,global_7,,0
c14n.c,396,global_56,global_7,,0
c14n.c,399,global_56,global_28,,0
c14n.c,420,global_55,global_23,,0
c14n.c,429,global_55,global_21,,0
c14n.c,430,global_55,global_21,,0
c14n.c,431+,function_30,global_1,,0
c14n.c,431,function_30,global_1,,0
c14n.c,438+,function_30,global_1,,0
c14n.c,453,global_55,global_23,,0
c14n.c,462,global_55,global_21,,0
c14n.c,463,global_55,global_21,,0
c14n.c,464+,function_30,global_1,,0
c14n.c,464,function_30,global_1,,0
c14n.c,471+,function_30,global_1,,0
c14n.c,472+,function_30,global_1,,0
c14n.c,500,global_57,global_21,,0
c14n.c,501+,function_20,global_1,,0
c14n.c,501,function_20,global_1,,0
c14n.c,518,global_58,global_58,,0
c14n.c,520,global_58,global_21,,0
c14n.c,522,global_58,global_21,,0
c14n.c,542+,global_48,global_19,,0
c14n.c,542,global_48,global_21,,0
c14n.c,610+,global_59,global_8,,0
c14n.c,610,global_59,global_19,,0
c14n.c,619,function_21,global_20,,0
c14n.c,629+,function_31,global_1,,0
c14n.c,631,global_59,global_1,,0
c14n.c,634,function_33,global_1,,0
c14n.c,637,function_18,global_1,,0
c14n.c,653,global_59,global_1,,0
c14n.c,657,function_33,global_1,,0
c14n.c,717+,global_59,global_8,,0
c14n.c,717,global_59,global_19,,0
c14n.c,732,function_21,global_20,,0
c14n.c,751,function_20,global_1,,0
c14n.c,752,function_20,global_1,,0
c14n.c,758+,function_31,global_1,,0
c14n.c,758,function_32,global_21,,0
c14n.c,760,global_59,global_1,,0
c14n.c,763,function_33,global_1,,0
c14n.c,766,function_18,global_1,,0
c14n.c,780+,function_31,global_1,,0
c14n.c,780,function_32,global_21,,0
c14n.c,781,global_59,global_1,,0
c14n.c,782,function_-1,global_1,,0
c14n.c,786,global_59,global_1,,0
c14n.c,789,function_18,global_1,,0
c14n.c,802+,function_31,global_1,,0
c14n.c,805+,global_59,global_1,,0
c14n.c,805,function_33,global_1,,0
c14n.c,808,function_18,global_1,,0
c14n.c,811++,function_18,global_1,,0
c14n.c,811+,function_18,global_1,,0
c14n.c,819,global_59,global_1,,0
c14n.c,826,function_33,global_1,,0
c14n.c,829,global_59,global_1,,0
c14n.c,833,function_33,global_1,,0
c14n.c,868,function_31,global_1,,0
c14n.c,889,global_14,global_14,,0
c14n.c,891,global_14,global_18,,0
c14n.c,893,global_14,global_18,,0
c14n.c,939+,global_48,global_19,,0
c14n.c,939,global_48,global_18,,0
c14n.c,945+,function_18,global_1,,0
c14n.c,955,function_17,global_7,,0
c14n.c,958,function_26,global_7,,0
c14n.c,981,global_60,global_8,,0
c14n.c,983,function_16,global_18,,0
catalog.c,2331+,global_61,global_7,,0
catalog.c,2331,global_61,global_7,,0
catalog.c,2335,global_61,global_7,,0
catalog.c,2649,function_-1,global_7,,0
catalog.c,2653,function_-1,global_29,,0
catalog.c,2660,function_-1,global_1,,0
catalog.c,328,global_62,global_30,,0
catalog.c,337,global_6,global_1,,0
catalog.c,368,global_62,global_30,,0
catalog.c,438,global_63,global_29,,0
catalog.c,727+,global_64,global_29,,0
catalog.c,727,global_64,global_30,,0
catalog.c,793,global_65,global_29,,0
catalog.c,796,global_6,global_1,,0
catalog.c,896,function_34,global_32,,0
catalog.c,898,global_33,global_33,,0
catalog.c,906,function_35,global_34,,0
catalog.c,912,function_36,global_17,,0
catalog.c,970,global_66,global_7,,0
catalog.c,974,function_37,global_1,,0
catalog.c,979,function_9,global_1,,0
chvalid.c,173,global_67,global_-1,,0
chvalid.c,174,global_67,global_1,,0
chvalid.c,227,global_68,global_1,,0
debugXML.c,1351,global_69,global_14,,0
debugXML.c,1353,global_69,global_7,,0
dict.c,1006,function_10,global_1,,0
dict.c,1036,function_10,global_1,,0
dict.c,1048,function_10,global_1,,0
dict.c,1081+,global_70,global_7,,0
dict.c,1081,global_70,global_35,,0
dict.c,1083,global_70,global_7,,0
dict.c,1093,global_70,global_7,,0
dict.c,1101,function_38,global_1,,0
dict.c,1106,function_38,global_1,,0
dict.c,1118,global_70,global_7,,0
dict.c,1128,function_38,global_1,,0
dict.c,1133,function_38,global_1,,0
dict.c,1140,function_-1,global_7,,0
dict.c,1160,global_12,global_12,,0
dict.c,1182+,global_71,global_7,,0
dict.c,1182,global_71,global_35,,0
dict.c,1206,global_72,global_35,,0
dict.c,1227,global_73,global_35,,0
dict.c,1248,global_74,global_35,,0
dict.c,176,global_6,global_1,,0
dict.c,179,function_-1,global_-1,,0
dict.c,200,global_6,global_1,,0
dict.c,222,global_6,global_1,,0
dict.c,313,global_75,global_7,,0
dict.c,379+,global_76,global_7,,0
dict.c,379,global_76,global_1,,0
dict.c,424,global_1,global_77,,0
dict.c,447,global_78,global_7,,0
dict.c,450,global_78,global_1,,0
dict.c,483,global_77,global_1,,0
dict.c,488,global_77,global_1,,0
dict.c,491,global_77,global_1,,0
dict.c,508,global_77,global_1,,0
dict.c,539,global_6,global_1,,0
dict.c,540,function_39,global_1,,0
dict.c,586+,global_79,global_35,,0
dict.c,586,function_40,global_35,,0
dict.c,607,global_6,global_1,,0
dict.c,608,function_39,global_1,,0
dict.c,611,global_80,global_35,,0
dict.c,639,global_81,global_35,,0
dict.c,641,global_81,global_12,,0
dict.c,643,global_81,global_12,,0
dict.c,675,global_1,global_1,,0
dict.c,718,global_1,global_1,,0
dict.c,768,global_82,global_35,,0
dict.c,771,global_6,global_1,,0
dict.c,772,function_39,global_1,,0
dict.c,833+,global_83,global_7,,0
dict.c,833,global_83,global_35,,0
dict.c,836,global_83,global_1,,0
dict.c,857,function_10,global_1,,0
dict.c,869,function_10,global_1,,0
dict.c,899,function_10,global_1,,0
dict.c,911,function_10,global_1,,0
dict.c,924,function_-1,global_7,,0
dict.c,945,global_12,global_12,,0
dict.c,947,function_-1,global_1,,0
dict.c,971+,global_84,global_7,,0
dict.c,971,global_84,global_35,,0
dict.c,974,global_84,global_1,,0
dict.c,994,function_10,global_1,,0
DOCBparser.c,117,global_6,global_1,,0
DOCBparser.c,152,global_6,global_1,,0
DOCBparser.c,183,global_6,global_1,,0
DOCBparser.c,209,global_6,global_1,,0
DOCBparser.c,236,global_6,global_1,,0
DOCBparser.c,268,global_6,global_1,,0
DOCBparser.c,295,global_6,global_1,,0
DOCBparser.c,45,global_6,global_1,,0
DOCBparser.c,69,global_6,global_1,,0
DOCBparser.c,90,global_6,global_1,,0
encoding.c,1014,global_85,global_7,,0
encoding.c,1017,global_6,global_-1,,0
encoding.c,1029,global_1,global_6,,0
encoding.c,1030,function_41,global_1,,0
encoding.c,1052+,global_86,global_7,,0
encoding.c,1052,global_86,global_7,,0
encoding.c,1061,global_6,global_-1,,0
encoding.c,1066,global_6,global_-1,,0
encoding.c,1068,global_6,global_6,,0
encoding.c,1077,global_1,global_6,,0
encoding.c,1078,function_41,global_1,,0
encoding.c,1108,global_87,global_7,,0
encoding.c,1111,global_6,global_-1,,0
encoding.c,1117,function_41,global_1,,0
encoding.c,1147,global_88,global_7,,0
encoding.c,1154,function_42,global_7,,0
encoding.c,1163,function_41,global_1,,0
encoding.c,1164,function_41,global_1,,0
encoding.c,1165,function_41,global_1,,0
encoding.c,1171,function_41,global_1,,0
encoding.c,1172,function_41,global_1,,0
encoding.c,1174,function_41,global_1,,0
encoding.c,1175,function_41,global_1,,0
encoding.c,1176,function_41,global_1,,0
encoding.c,1182,function_41,global_1,,0
encoding.c,1183,function_41,global_1,,0
encoding.c,1184,function_41,global_1,,0
encoding.c,1187,function_41,global_1,,0
encoding.c,1188,function_41,global_1,,0
encoding.c,1189,function_41,global_1,,0
encoding.c,1191,function_41,global_1,,0
encoding.c,1192,function_41,global_1,,0
encoding.c,1193,function_41,global_1,,0
encoding.c,1195,function_41,global_1,,0
encoding.c,1196,function_41,global_1,,0
encoding.c,1197,function_41,global_1,,0
encoding.c,1198,function_41,global_1,,0
encoding.c,1199,function_41,global_1,,0
encoding.c,1200,function_41,global_1,,0
encoding.c,1201,function_41,global_1,,0
encoding.c,1203,function_41,global_1,,0
encoding.c,1204,function_41,global_1,,0
encoding.c,1205,function_41,global_1,,0
encoding.c,1322,function_42,global_7,,0
encoding.c,1328,global_89,global_7,,0
encoding.c,1392,global_6,global_38,,0
encoding.c,1404,global_6,global_38,,0
encoding.c,1449,global_6,global_38,,0
encoding.c,1451,global_6,global_1,,0
encoding.c,1473,global_6,global_38,,0
encoding.c,1474+,global_6,global_38,,0
encoding.c,1474,global_90,global_25,,0
encoding.c,1480,global_6,global_1,,0
encoding.c,1501,global_6,global_38,,0
encoding.c,1515,function_43,global_25,,0
encoding.c,1517,function_43,global_25,,0
encoding.c,1519,function_43,global_25,,0
encoding.c,1521,function_43,global_25,,0
encoding.c,1525,function_43,global_25,,0
encoding.c,1527,function_43,global_25,,0
encoding.c,1529,function_43,global_25,,0
encoding.c,1533,function_43,global_25,,0
encoding.c,1535,function_43,global_25,,0
encoding.c,1537,function_43,global_25,,0
encoding.c,1545,function_43,global_25,,0
encoding.c,1547,function_43,global_25,,0
encoding.c,1549,function_43,global_25,,0
encoding.c,1560,function_43,global_25,,0
encoding.c,1564,function_43,global_25,,0
encoding.c,1568,function_43,global_25,,0
encoding.c,1572,function_43,global_25,,0
encoding.c,1576,function_43,global_25,,0
encoding.c,1580,function_43,global_25,,0
encoding.c,1584,function_43,global_25,,0
encoding.c,1588,function_43,global_25,,0
encoding.c,1592,function_43,global_25,,0
encoding.c,1598,function_43,global_25,,0
encoding.c,1602,function_43,global_25,,0
encoding.c,1604,function_43,global_25,,0
encoding.c,1606,function_43,global_25,,0
encoding.c,1610,function_43,global_25,,0
encoding.c,1647,global_6,global_38,,0
encoding.c,1648,global_91,global_7,,0
encoding.c,1656,function_42,global_7,,0
encoding.c,1668,global_6,global_38,,0
encoding.c,1669,global_1,global_6,,0
encoding.c,1670,function_41,global_1,,0
encoding.c,1684,function_44,global_13,,0
encoding.c,1687,function_44,global_13,,0
encoding.c,1690+,function_44,global_13,,0
encoding.c,1690,function_44,global_13,,0
encoding.c,1709+,function_44,global_13,,0
encoding.c,1709,function_44,global_13,,0
encoding.c,1754,function_45,global_1,,0
encoding.c,1757+,function_41,global_1,,0
encoding.c,1757,function_-1,global_7,,0
encoding.c,1799+++,global_92,global_7,,0
encoding.c,1799++,global_92,global_26,,0
encoding.c,1799+,global_92,global_26,,0
encoding.c,1799,global_92,global_7,,0
encoding.c,1800,global_92,global_26,,0
encoding.c,1810,function_46,global_1,,0
encoding.c,1815,function_46,global_1,,0
encoding.c,1820,function_46,global_1,,0
encoding.c,1929,global_94,global_25,,0
encoding.c,1930,global_94,global_16,,0
encoding.c,1931,global_94,global_16,,0
encoding.c,1944,global_94,global_1,,0
encoding.c,1970,global_1,global_1,,0
encoding.c,2009,global_1,global_1,,0
encoding.c,2010,global_1,global_1,,0
encoding.c,2060,global_95,global_34,,0
encoding.c,2067,function_47,global_12,,0
encoding.c,2078,global_95,global_1,,0
encoding.c,2082,function_47,global_12,,0
encoding.c,2085,function_47,global_12,function_48,-1
encoding.c,2089,function_49,global_12,global_12,0
encoding.c,2106,global_1,global_1,,0
encoding.c,2158,global_1,global_1,,0
encoding.c,2159,global_1,global_1,,0
encoding.c,2186,global_96,global_34,,0
encoding.c,2193,function_47,global_12,,0
encoding.c,2195+,global_96,global_1,,0
encoding.c,2195,function_47,global_12,,0
encoding.c,2198,function_49,global_12,,0
encoding.c,2200,function_47,global_12,function_48,-1
encoding.c,2203,function_49,global_12,,0
encoding.c,2206+,global_96,global_1,,0
encoding.c,2206,function_49,global_12,,0
encoding.c,2223,global_1,global_1,,0
encoding.c,2275,global_1,global_1,,0
encoding.c,230++,global_97,global_26,,0
encoding.c,230+,global_97,global_26,,0
encoding.c,230,global_97,global_7,,0
encoding.c,2301,global_94,global_25,,0
encoding.c,2303,global_94,global_16,,0
encoding.c,2305,global_94,global_16,,0
encoding.c,231,global_97,global_7,,0
encoding.c,2330,global_1,global_1,,0
encoding.c,2382,global_1,global_1,,0
encoding.c,2418,global_98,global_24,,0
encoding.c,2427,function_49,global_12,,0
encoding.c,2433,global_98,global_1,,0
encoding.c,2439,global_1,global_1,,0
encoding.c,2467,function_47,global_12,,0
encoding.c,2469,function_47,global_12,,0
encoding.c,2471,function_47,global_12,function_48,-1
encoding.c,2475,function_49,global_12,,0
encoding.c,2496,global_1,global_1,,0
encoding.c,2533,global_1,global_1,,0
encoding.c,2576,function_50,global_1,,0
encoding.c,2608,function_51,global_1,,0
encoding.c,2646,global_94,global_25,,0
encoding.c,2647,global_94,global_16,,0
encoding.c,2659,global_94,global_16,,0
encoding.c,2664,global_1,global_1,,0
encoding.c,2721,global_1,global_1,,0
encoding.c,2760,global_1,global_1,,0
encoding.c,2803,function_50,global_1,,0
encoding.c,2858,global_99,global_25,,0
encoding.c,2860,global_6,global_38,,0
encoding.c,2877,function_52,global_1,,0
encoding.c,2882,function_52,global_1,,0
encoding.c,2939,global_100,global_32,,0
encoding.c,2975,global_1,global_1,,0
encoding.c,312+++,global_101,global_26,,0
encoding.c,312++,global_101,global_26,,0
encoding.c,312+,global_101,global_7,,0
encoding.c,312,global_101,global_7,,0
encoding.c,357+++,global_102,global_26,,0
encoding.c,357++,global_102,global_26,,0
encoding.c,357+,global_102,global_7,,0
encoding.c,357,global_102,global_7,,0
encoding.c,359,global_102,global_102,,0
encoding.c,364,global_102,global_1,,0
encoding.c,403++,global_92,global_26,,0
encoding.c,403+,global_92,global_26,,0
encoding.c,403,global_92,global_7,,0
encoding.c,404,global_92,global_7,,0
encoding.c,497,global_94,global_1,global_1,0
encoding.c,502,global_6,global_1,,0
encoding.c,514,global_6,global_1,,0
encoding.c,543,global_1,global_1,,0
encoding.c,585++,global_94,global_26,,0
encoding.c,585+,global_94,global_26,,0
encoding.c,586,global_94,global_7,,0
encoding.c,626,global_6,global_1,,0
encoding.c,639,global_6,global_1,,0
encoding.c,682,global_94,global_7,,0
encoding.c,686,global_94,global_1,,0
encoding.c,735,global_94,global_1,global_1,0
encoding.c,740,global_6,global_1,,0
encoding.c,755,global_6,global_1,,0
encoding.c,785,global_1,global_1,,0
encoding.c,827++,global_94,global_26,,0
encoding.c,827+,global_94,global_26,,0
encoding.c,827,global_94,global_7,,0
encoding.c,828,global_94,global_7,,0
encoding.c,866,global_6,global_1,,0
encoding.c,878,global_6,global_1,,0
encoding.c,925,global_94,global_7,,0
encoding.c,927,global_94,global_1,,0
encoding.c,958,global_94,global_1,,0
encoding.c,968,global_94,global_1,,0
encoding.c,986,global_6,global_-1,,0
entities.c,167,global_103,global_35,,0
entities.c,169,global_103,global_7,,0
entities.c,171,global_103,global_7,,0
entities.c,175,global_103,global_7,,0
entities.c,177,global_103,global_7,,0
entities.c,180,global_103,global_7,,0
entities.c,182,global_103,global_35,,0
entities.c,210,global_94,global_7,,0
entities.c,212,global_94,global_40,,0
entities.c,237,function_53,global_39,,0
entities.c,241,function_54,global_1,,0
entities.c,261,global_104,global_7,,0
entities.c,264,function_20,global_1,,0
entities.c,268,function_20,global_1,,0
entities.c,272,function_20,global_1,,0
entities.c,274,function_20,global_1,,0
entities.c,278,function_20,global_1,,0
entities.c,307,global_94,global_2,,0
entities.c,319,function_55,global_39,,0
entities.c,356,global_94,global_2,,0
entities.c,368,function_55,global_39,,0
entities.c,409,global_94,global_2,,0
entities.c,412,global_94,global_2,,0
entities.c,417,function_53,global_39,,0
entities.c,454,global_105,global_2,,0
entities.c,459,function_56,global_39,,0
entities.c,484,global_106,global_2,,0
entities.c,509,global_107,global_2,,0
entities.c,513,function_56,global_39,,0
entities.c,521,function_56,global_39,,0
entities.c,563,global_108,global_7,,0
entities.c,564,global_108,global_2,,0
entities.c,595+,global_108,global_1,,0
entities.c,597,function_57,global_7,,0
entities.c,598,global_108,function_57,,-1
entities.c,625+,global_108,global_1,,0
entities.c,626,function_58,global_7,,0
entities.c,650,global_108,global_2,,0
entities.c,671,global_108,global_2,,0
entities.c,701+,global_1,global_1,,0
error.c,115,global_109,global_33,,0
error.c,154,global_110,global_17,,0
error.c,180,global_111,global_17,,0
error.c,256,global_112,global_41,,0
error.c,259,global_112,global_33,,0
error.c,270,global_1,global_1,,0
error.c,279,global_112,global_32,,0
error.c,392,global_112,global_7,,0
error.c,395,function_18,global_1,,0
error.c,403,global_112,global_32,,0
error.c,467,global_112,global_1,,0
error.c,469+,global_112,global_1,,0
error.c,469,global_6,global_1,,0
error.c,471+,global_112,global_1,,0
error.c,471,global_112,global_1,,0
error.c,472+,global_112,global_1,,0
error.c,472,global_112,global_1,,0
error.c,473+,global_112,global_1,,0
error.c,473,global_112,global_1,,0
error.c,475,global_112,global_33,,0
error.c,485,global_112,global_33,,0
error.c,490,global_112,global_33,,0
error.c,496,global_112,global_7,,0
error.c,506,global_112,global_7,,0
error.c,519+,global_112,global_7,,0
error.c,527,global_1,global_1,,0
error.c,536+,global_112,global_1,,0
error.c,536,global_112,global_1,,0
error.c,548,global_112,global_7,,0
error.c,587,global_112,global_7,,0
error.c,589,global_112,global_7,,0
error.c,591,global_112,global_7,,0
error.c,601,global_112,global_33,,0
error.c,609+,global_112,global_33,,0
error.c,610,global_6,global_33,,0
error.c,611,global_112,global_1,,0
error.c,616,global_112,global_33,,0
error.c,624,global_112,global_33,,0
error.c,627,global_112,global_6,,0
error.c,628,global_112,global_6,,0
error.c,629,global_112,global_6,,0
error.c,630,global_112,global_6,,0
error.c,632,global_112,global_33,,0
error.c,633,global_112,global_6,,0
error.c,653,global_113,global_1,,0
error.c,654,global_113,global_7,,0
error.c,74,global_6,global_7,,0
error.c,779,function_18,global_1,,0
error.c,785,global_6,global_1,,0
error.c,822+,function_18,global_1,,0
error.c,859,global_28,global_1,,0
error.c,873,global_114,global_41,,0
error.c,900,global_28,global_1,,0
error.c,92,global_115,global_33,,0
error.c,958+,global_116,global_41,,0
error.c,958,global_116,global_41,,0
gjobread.c,125,global_117,global_8,,0
gjobread.c,127,function_59,global_1,,0
gjobread.c,134,function_59,global_1,,0
gjobread.c,138,function_59,global_1,,0
gjobread.c,142,function_59,global_1,,0
gjobread.c,158,global_118,global_-1,,0
gjobread.c,192,function_60,global_2,,0
gjobread.c,205,function_61,global_8,,0
gjobread.c,212,function_62,global_21,,0
gjobread.c,218,function_59,global_1,,0
gjobread.c,240+,function_63,global_1,,0
gjobread.c,240,function_61,global_8,,0
gjobread.c,243,function_61,global_8,,0
gjobread.c,248,function_59,global_1,,0
gjobread.c,263,function_61,global_8,,0
gjobread.c,264,function_59,global_1,,0
gjobread.c,267,function_-1,global_-1,,0
gjobread.c,298,function_-1,global_-1,,0
gjobread.c,63,global_119,global_8,,0
gjobread.c,64,function_59,global_1,,0
gjobread.c,67,function_59,global_1,,0
gjobread.c,81,global_120,global_-1,,0
globals.c,49,global_6,global_-1,,0
globals.c,504,global_6,global_-1,,0
globals.c,576,global_121,global_33,,0
globals.c,60,global_6,global_-1,,0
globals.c,664,global_6,global_-1,,0
globals.c,682,global_6,global_-1,,0
hash.c,1018,global_122,global_31,,0
hash.c,103,global_123,global_7,,0
hash.c,1080+,global_124,global_7,,0
hash.c,1080,global_124,global_31,,0
hash.c,1088,function_20,global_1,,0
hash.c,1089,function_20,global_1,,0
hash.c,1090,function_20,global_1,,0
hash.c,1091,global_124,global_33,,0
hash.c,122,global_125,global_7,,0
hash.c,127,global_125,global_7,,0
hash.c,133,global_125,global_7,,0
hash.c,139,global_125,global_7,,0
hash.c,145,global_125,global_7,,0
hash.c,151,global_125,global_7,,0
hash.c,157,global_125,global_7,,0
hash.c,177,global_126,global_1,,0
hash.c,212,function_64,global_31,,0
hash.c,238,global_127,global_31,,0
hash.c,240,global_127,global_1,,0
hash.c,242,global_127,global_1,,0
hash.c,327,global_128,global_31,,0
hash.c,338,global_128,global_33,,0
hash.c,524+,global_129,global_7,,0
hash.c,524,global_129,global_31,,0
hash.c,531,function_65,global_1,,0
hash.c,533,global_129,global_7,,0
hash.c,536+,function_65,global_1,,0
hash.c,536,global_129,global_7,,0
hash.c,538,global_129,global_7,,0
hash.c,541+,function_65,global_1,,0
hash.c,541,global_129,global_7,,0
hash.c,543,global_129,global_7,,0
hash.c,571,function_20,global_1,,0
hash.c,572,function_20,global_1,,0
hash.c,573,function_20,global_1,,0
hash.c,577,function_20,global_1,,0
hash.c,578,function_20,global_1,,0
hash.c,579,function_20,global_1,,0
hash.c,611,global_12,global_12,,0
hash.c,640+,global_124,global_7,,0
hash.c,640,global_124,global_31,,0
hash.c,647,function_65,global_1,,0
hash.c,649,global_124,global_7,,0
hash.c,652+,function_65,global_1,,0
hash.c,652,global_124,global_7,,0
hash.c,654,global_124,global_7,,0
hash.c,657+,function_65,global_1,,0
hash.c,657,global_124,global_7,,0
hash.c,659,global_124,global_7,,0
hash.c,677,global_124,global_33,,0
hash.c,686,global_124,global_33,,0
hash.c,694,function_20,global_1,,0
hash.c,695,function_20,global_1,,0
hash.c,696,function_20,global_1,,0
hash.c,697,global_124,global_33,,0
hash.c,703,function_20,global_1,,0
hash.c,704,function_20,global_1,,0
hash.c,705,function_20,global_1,,0
hash.c,706,global_124,global_33,,0
hash.c,760,global_130,global_31,,0
hash.c,762,global_130,global_7,,0
hash.c,776,function_20,global_1,,0
hash.c,777,function_20,global_1,,0
hash.c,778,function_20,global_1,,0
hash.c,806,global_131,global_31,,0
hash.c,808,global_131,global_7,,0
hash.c,815,function_38,global_1,,0
hash.c,816,function_38,global_1,,0
hash.c,817,function_38,global_1,,0
hash.c,866,global_132,global_31,,0
hash.c,868,global_132,global_33,,0
hash.c,879,global_132,global_33,,0
hash.c,90,global_123,global_7,,0
hash.c,940,global_133,global_31,,0
hash.c,942,global_133,global_33,,0
hash.c,952+,function_20,global_1,,0
hash.c,952,global_133,global_7,,0
hash.c,953+,function_20,global_1,,0
hash.c,953,global_133,global_7,,0
hash.c,954+,function_20,global_1,,0
hash.c,954,global_133,global_7,,0
hash.c,97,global_123,global_7,,0
hash.c,981,global_134,global_31,,0
hash.c,983,global_134,global_13,,0
hash.c,987,function_64,global_31,,0
HTMLparser.c,112,global_135,global_32,,0
HTMLparser.c,115,global_135,global_32,,0
HTMLparser.c,122,global_135,global_32,,0
HTMLparser.c,1233,global_6,global_1,,0
HTMLparser.c,1237+,global_1,global_1,,0
HTMLparser.c,1259,function_24,global_1,,0
HTMLparser.c,1300,global_6,global_1,,0
HTMLparser.c,1308,function_20,global_1,,0
HTMLparser.c,1315,function_20,global_1,,0
HTMLparser.c,1440,global_136,global_8,,0
HTMLparser.c,1441,function_20,global_1,,0
HTMLparser.c,1442,function_-1,global_1,,0
HTMLparser.c,1445,function_66,global_1,,0
HTMLparser.c,1466,global_137,global_8,,0
HTMLparser.c,1469,function_66,global_1,,0
HTMLparser.c,1595,global_138,global_7,,0
HTMLparser.c,1605,function_20,global_1,,0
HTMLparser.c,1938,function_20,global_1,,0
HTMLparser.c,1996++,global_101,global_26,,0
HTMLparser.c,1996+,global_101,global_26,,0
HTMLparser.c,1996,global_101,global_7,,0
HTMLparser.c,1997,global_101,global_7,,0
HTMLparser.c,2052,function_67,global_-1,,0
HTMLparser.c,2100+++,global_140,global_7,,0
HTMLparser.c,2100++,global_140,global_26,,0
HTMLparser.c,2100+,global_140,global_26,,0
HTMLparser.c,2100,global_140,global_7,,0
HTMLparser.c,2151,function_67,global_-1,,0
HTMLparser.c,2338,global_141,global_7,,0
HTMLparser.c,2339,global_141,global_7,,0
HTMLparser.c,2355+,global_142,global_7,,0
HTMLparser.c,2355,global_142,global_7,,0
HTMLparser.c,2677,global_143,global_26,,0
HTMLparser.c,2678,global_143,global_32,,0
HTMLparser.c,2683,function_-1,global_7,,0
HTMLparser.c,2689,global_143,global_26,,0
HTMLparser.c,2702,global_143,global_26,,0
HTMLparser.c,3332,global_144,global_32,,0
HTMLparser.c,3380,global_1,global_1,,0
HTMLparser.c,79,global_145,global_32,,0
HTMLparser.c,82,global_145,global_32,,0
HTMLparser.c,87,global_145,global_7,,0
HTMLtree.c,100,function_20,global_1,,0
HTMLtree.c,1038+,global_146,global_2,,0
HTMLtree.c,1038,global_146,global_24,,0
HTMLtree.c,112,function_24,global_1,,0
HTMLtree.c,113,function_24,global_1,,0
HTMLtree.c,116,function_24,global_1,,0
HTMLtree.c,131,function_57,global_7,,0
HTMLtree.c,133,function_57,global_7,,0
HTMLtree.c,135,function_57,global_7,,0
HTMLtree.c,139,function_57,global_7,,0
HTMLtree.c,141,function_57,global_7,,0
HTMLtree.c,143,function_57,global_7,,0
HTMLtree.c,146,function_57,global_7,,0
HTMLtree.c,171,global_147,global_2,,0
HTMLtree.c,175,function_24,global_1,,0
HTMLtree.c,178,global_147,global_7,,0
HTMLtree.c,191,function_24,global_1,,0
HTMLtree.c,193,function_24,global_1,,0
HTMLtree.c,195,function_24,global_1,,0
HTMLtree.c,209,function_24,global_1,,0
HTMLtree.c,211,function_24,global_1,,0
HTMLtree.c,233,function_24,global_1,,0
HTMLtree.c,245,function_24,global_1,,0
HTMLtree.c,246,function_24,global_1,,0
HTMLtree.c,251,function_24,global_1,,0
HTMLtree.c,270,global_147,global_7,,0
HTMLtree.c,285,global_147,global_7,,0
HTMLtree.c,290,function_-1,global_7,,0
HTMLtree.c,328,function_24,global_1,,0
HTMLtree.c,414,global_148,global_8,,0
HTMLtree.c,417,global_148,global_15,,0
HTMLtree.c,456+,global_149,global_8,,0
HTMLtree.c,456,global_149,global_16,,0
HTMLtree.c,461,function_-1,global_15,,0
HTMLtree.c,468,function_-1,global_12,,0
HTMLtree.c,496,global_150,global_7,,0
HTMLtree.c,500,function_45,global_1,,0
HTMLtree.c,519,function_-1,global_24,,0
HTMLtree.c,55,global_151,global_2,,0
HTMLtree.c,559+,global_152,global_26,,0
HTMLtree.c,559,global_152,global_26,,0
HTMLtree.c,561,global_152,global_2,,0
HTMLtree.c,569,function_-1,global_7,,0
HTMLtree.c,601,function_68,global_24,,0
HTMLtree.c,64,function_20,global_1,,0
HTMLtree.c,66,function_20,global_1,,0
HTMLtree.c,68,function_20,global_1,,0
HTMLtree.c,700,global_145,global_18,,0
HTMLtree.c,709+,function_69,global_1,,0
HTMLtree.c,711,function_17,global_7,,0
HTMLtree.c,715,function_24,global_1,,0
HTMLtree.c,716,function_24,global_1,,0
HTMLtree.c,717,function_24,global_1,,0
HTMLtree.c,718,function_24,global_1,,0
HTMLtree.c,719,function_24,global_1,,0
HTMLtree.c,82,function_20,global_1,,0
HTMLtree.c,834+,global_94,global_24,,0
HTMLtree.c,834,global_94,global_8,,0
HTMLtree.c,84,function_20,global_1,,0
HTMLtree.c,856,function_24,global_1,,0
HTMLtree.c,857,function_24,global_1,,0
HTMLtree.c,861,function_70,global_7,,0
HTMLtree.c,923,function_71,global_44,,0
HTMLtree.c,925,global_94,global_1,,0
HTMLtree.c,937,function_71,global_44,,0
HTMLtree.c,938,function_59,global_1,,0
HTMLtree.c,939,function_59,global_1,,0
HTMLtree.c,950,global_94,global_1,,0
HTMLtree.c,951,function_71,global_44,,0
HTMLtree.c,972+,function_71,global_44,,0
HTMLtree.c,972,global_94,global_1,,0
HTMLtree.c,980+,function_71,global_44,,0
HTMLtree.c,980,global_94,global_1,,0
HTMLtree.c,995+,function_71,global_44,,0
HTMLtree.c,995,global_94,global_1,,0
io1.c,117,function_72,global_1,,0
io1.c,125,function_73,global_2,,0
io1.c,134,function_-1,global_1,,0
io1.c,36+,function_74,global_1,,0
io1.c,36,global_94,global_7,,0
io1.c,52+,function_74,global_1,,0
io1.c,52,global_153,global_7,,0
io1.c,69,global_154,global_7,,0
io1.c,89++,global_155,global_1,,0
io1.c,89+,global_155,global_7,,0
io1.c,89,global_155,global_7,,0
io1.c,92,global_155,global_6,,0
legacy.c,1000,global_6,global_1,,0
legacy.c,1019,global_6,global_1,,0
legacy.c,1037,global_6,global_1,,0
legacy.c,1057,global_6,global_1,,0
legacy.c,1075,global_6,global_1,,0
legacy.c,1103,global_6,global_1,,0
legacy.c,1124,global_6,global_1,,0
legacy.c,1153,global_6,global_1,,0
legacy.c,1168,global_6,global_1,,0
legacy.c,1184,global_6,global_1,,0
legacy.c,1203,global_6,global_1,,0
legacy.c,1219,global_6,global_1,,0
legacy.c,1237,global_6,global_1,,0
legacy.c,1253,global_6,global_1,,0
legacy.c,1269,global_6,global_1,,0
legacy.c,1289,global_6,global_1,,0
legacy.c,1307,global_6,global_1,,0
legacy.c,1321,global_6,global_1,,0
legacy.c,1337,global_6,global_1,,0
legacy.c,150+,global_156,global_26,,0
legacy.c,150,global_156,global_26,,0
legacy.c,152+,global_156,global_1,,0
legacy.c,152,global_156,global_1,,0
legacy.c,154,global_156,global_1,,0
legacy.c,174++,global_94,global_7,,0
legacy.c,174+,global_94,global_7,,0
legacy.c,174,global_94,global_32,,0
legacy.c,177,function_41,global_1,,0
legacy.c,179,function_41,global_1,,0
legacy.c,181,function_41,global_1,,0
legacy.c,183,function_41,global_1,,0
legacy.c,185,function_41,global_1,,0
legacy.c,187,function_41,global_1,,0
legacy.c,189,function_41,global_1,,0
legacy.c,191,function_41,global_1,,0
legacy.c,193,function_41,global_1,,0
legacy.c,195,function_41,global_1,,0
legacy.c,197,function_41,global_1,,0
legacy.c,199,function_41,global_1,,0
legacy.c,201,function_41,global_1,,0
legacy.c,203,function_41,global_1,,0
legacy.c,205,function_41,global_1,,0
legacy.c,207,function_41,global_1,,0
legacy.c,210,function_41,global_1,,0
legacy.c,213,function_41,global_1,,0
legacy.c,215,function_41,global_1,,0
legacy.c,217,function_41,global_1,,0
legacy.c,219,function_41,global_1,,0
legacy.c,221,function_41,global_1,,0
legacy.c,223,function_41,global_1,,0
legacy.c,225,function_41,global_1,,0
legacy.c,228,function_41,global_1,,0
legacy.c,231,function_41,global_1,,0
legacy.c,233,function_41,global_1,,0
legacy.c,235,function_41,global_1,,0
legacy.c,237,function_41,global_1,,0
legacy.c,239,function_41,global_1,,0
legacy.c,241,function_41,global_1,,0
legacy.c,243,function_41,global_1,,0
legacy.c,246,function_41,global_1,,0
legacy.c,249,function_41,global_1,,0
legacy.c,251,function_41,global_1,,0
legacy.c,253,function_41,global_1,,0
legacy.c,255,function_41,global_1,,0
legacy.c,257,function_41,global_1,,0
legacy.c,260,function_41,global_1,,0
legacy.c,262,function_41,global_1,,0
legacy.c,283++,global_94,global_7,,0
legacy.c,283+,global_94,global_7,,0
legacy.c,283,global_94,global_32,,0
legacy.c,286,function_41,global_1,,0
legacy.c,297,function_41,global_1,,0
legacy.c,299,function_41,global_1,,0
legacy.c,301,function_41,global_1,,0
legacy.c,303,function_41,global_1,,0
legacy.c,305,function_41,global_1,,0
legacy.c,307,function_41,global_1,,0
legacy.c,309,function_41,global_1,,0
legacy.c,311,function_41,global_1,,0
legacy.c,313,function_41,global_1,,0
legacy.c,315,function_41,global_1,,0
legacy.c,317,function_41,global_1,,0
legacy.c,319,function_41,global_1,,0
legacy.c,321,function_41,global_1,,0
legacy.c,323,function_41,global_1,,0
legacy.c,325,function_41,global_1,,0
legacy.c,328,function_41,global_1,,0
legacy.c,331,function_41,global_1,,0
legacy.c,333,function_41,global_1,,0
legacy.c,335,function_41,global_1,,0
legacy.c,337,function_41,global_1,,0
legacy.c,339,function_41,global_1,,0
legacy.c,341,function_41,global_1,,0
legacy.c,343,function_41,global_1,,0
legacy.c,346,function_41,global_1,,0
legacy.c,349,function_41,global_1,,0
legacy.c,351,function_41,global_1,,0
legacy.c,353,function_41,global_1,,0
legacy.c,355,function_41,global_1,,0
legacy.c,357,function_41,global_1,,0
legacy.c,359,function_41,global_1,,0
legacy.c,361,function_41,global_1,,0
legacy.c,364,function_41,global_1,,0
legacy.c,367,function_41,global_1,,0
legacy.c,369,function_41,global_1,,0
legacy.c,371,function_41,global_1,,0
legacy.c,373,function_41,global_1,,0
legacy.c,375,function_41,global_1,,0
legacy.c,378,function_41,global_1,,0
legacy.c,380,function_41,global_1,,0
legacy.c,418,global_6,global_1,,0
legacy.c,448,global_6,global_1,,0
legacy.c,483,global_6,global_1,,0
legacy.c,512,global_6,global_1,,0
legacy.c,535,global_6,global_1,,0
legacy.c,563,global_6,global_1,,0
legacy.c,57,global_6,global_1,,0
legacy.c,595,global_6,global_1,,0
legacy.c,635,global_6,global_1,,0
legacy.c,661,global_6,global_1,,0
legacy.c,685,global_6,global_1,,0
legacy.c,705,global_6,global_1,,0
legacy.c,731,global_6,global_1,,0
legacy.c,766,global_6,global_1,,0
legacy.c,783,global_6,global_1,,0
legacy.c,799,global_6,global_1,,0
legacy.c,815,global_6,global_1,,0
legacy.c,831,global_6,global_1,,0
legacy.c,847,global_6,global_1,,0
legacy.c,863,global_6,global_1,,0
legacy.c,881,global_6,global_1,,0
legacy.c,899,global_6,global_1,,0
legacy.c,922,global_6,global_1,,0
legacy.c,939,global_6,global_1,,0
legacy.c,956,global_6,global_1,,0
legacy.c,978,global_6,global_1,,0
nanoftp.c,1019,global_6,global_7,,0
nanoftp.c,1023,global_6,global_7,,0
nanoftp.c,1034,function_75,global_1,,0
nanoftp.c,1043,global_6,global_7,,0
nanoftp.c,1046,global_6,global_7,,0
nanoftp.c,1056,function_75,global_1,,0
nanoftp.c,1063,function_75,global_1,,0
nanoftp.c,1097,function_75,global_1,,0
nanoftp.c,1104,function_75,global_1,,0
nanoftp.c,1109,global_6,global_1,,0
nanoftp.c,1128,function_75,global_1,,0
nanoftp.c,1135+,function_75,global_1,,0
nanoftp.c,1135,function_75,global_1,,0
nanoftp.c,1150,function_75,global_1,,0
nanoftp.c,1157+,function_75,global_1,,0
nanoftp.c,1157,function_75,global_1,,0
nanoftp.c,1162,global_6,global_1,,0
nanoftp.c,1182,function_75,global_1,,0
nanoftp.c,1203,function_75,global_1,,0
nanoftp.c,1244,global_157,global_7,,0
nanoftp.c,1246,global_157,global_1,,0
nanoftp.c,1256,global_157,global_1,,0
nanoftp.c,1259,function_76,global_1,,0
nanoftp.c,1284,global_158,global_7,,0
nanoftp.c,1333,global_159,global_7,,0
nanoftp.c,1445,function_77,global_1,,0
nanoftp.c,1460,function_77,global_1,,0
nanoftp.c,1473,function_78,global_1,,0
nanoftp.c,1487,function_-1,global_1,,0
nanoftp.c,1494,function_-1,global_1,,0
nanoftp.c,1565,function_79,global_1,,0
nanoftp.c,1572,function_79,global_1,,0
nanoftp.c,1580,function_79,global_1,,0
nanoftp.c,159,function_80,global_1,,0
nanoftp.c,1615,function_74,global_1,,0
nanoftp.c,1631,global_1,global_1,,0
nanoftp.c,1645,global_1,global_1,,0
nanoftp.c,1655,global_1,global_1,,0
nanoftp.c,1669,global_1,global_1,,0
nanoftp.c,1696,global_1,global_1,,0
nanoftp.c,1707,global_112,global_33,,0
nanoftp.c,1738,global_112,global_7,,0
nanoftp.c,1739,function_81,global_1,,0
nanoftp.c,1747,function_81,global_1,,0
nanoftp.c,1842,global_160,global_7,,0
nanoftp.c,1844,global_160,global_7,,0
nanoftp.c,1866,global_160,global_7,,0
nanoftp.c,1912,global_112,global_7,,0
nanoftp.c,1914,global_112,global_33,,0
nanoftp.c,1916,function_82,global_1,,0
nanoftp.c,1925,function_79,global_1,,0
nanoftp.c,1932,function_79,global_1,,0
nanoftp.c,1934,function_79,global_1,,0
nanoftp.c,1939,function_79,global_1,,0
nanoftp.c,194,global_6,global_1,,0
nanoftp.c,1974,global_112,global_7,,0
nanoftp.c,1976,global_112,global_7,,0
nanoftp.c,1977,global_112,global_1,,0
nanoftp.c,1980,global_112,global_1,,0
nanoftp.c,1981,global_112,global_1,,0
nanoftp.c,2006,global_161,global_7,,0
nanoftp.c,2007,function_74,global_1,,0
nanoftp.c,2011,function_76,global_1,,0
nanoftp.c,2016,function_82,global_1,,0
nanoftp.c,204,function_83,global_7,,0
nanoftp.c,207,function_83,global_7,,0
nanoftp.c,211,function_83,global_7,,0
nanoftp.c,216,function_83,global_7,,0
nanoftp.c,220,function_83,global_7,,0
nanoftp.c,234,global_6,global_7,,0
nanoftp.c,238,global_6,global_7,,0
nanoftp.c,242,global_6,global_7,,0
nanoftp.c,269,global_6,global_7,,0
nanoftp.c,273,global_6,global_7,,0
nanoftp.c,277,global_6,global_7,,0
nanoftp.c,281,global_162,global_7,,0
nanoftp.c,283,global_162,global_7,,0
nanoftp.c,285,global_162,global_7,,0
nanoftp.c,320,global_163,global_7,,0
nanoftp.c,323,function_23,global_22,,0
nanoftp.c,342,function_58,global_7,,0
nanoftp.c,374,global_164,global_7,,0
nanoftp.c,384,function_23,global_22,,0
nanoftp.c,391,function_41,global_1,,0
nanoftp.c,392,function_41,global_1,,0
nanoftp.c,430,global_6,global_7,,0
nanoftp.c,444,global_165,global_7,,0
nanoftp.c,447,function_23,global_22,,0
nanoftp.c,448,function_41,global_1,,0
nanoftp.c,450,function_23,global_22,,0
nanoftp.c,491,function_84,global_7,,0
nanoftp.c,494,global_166,global_7,,0
nanoftp.c,537,global_167,global_1,,0
nanoftp.c,660,function_85,global_1,,0
nanoftp.c,663+,function_85,global_1,,0
nanoftp.c,675,global_1,global_1,,0
nanoftp.c,697,global_1,global_1,,0
nanoftp.c,870,global_6,global_7,,0
nanoftp.c,875,global_6,global_1,,0
nanoftp.c,881,function_86,global_1,,0
nanoftp.c,888,global_6,global_7,,0
nanoftp.c,889,function_87,global_1,,0
nanoftp.c,895,function_87,global_1,,0
nanoftp.c,932,global_6,global_7,,0
nanoftp.c,936,function_88,global_-1,,0
nanoftp.c,967,function_78,global_1,,0
nanoftp.c,978,function_75,global_1,,0
nanohttp.c,1002,function_-1,global_1,,0
nanohttp.c,1010,function_89,global_1,,0
nanohttp.c,1068,function_86,global_1,,0
nanohttp.c,1080,function_87,global_1,,0
nanohttp.c,1096,function_86,global_1,,0
nanohttp.c,1110,function_90,global_1,,0
nanohttp.c,1126,function_88,global_-1,,0
nanohttp.c,1182,function_86,global_1,,0
nanohttp.c,1198,function_90,global_1,,0
nanohttp.c,1228,global_168,global_26,,0
nanohttp.c,1248,global_168,global_26,,0
nanohttp.c,1249,global_168,global_26,,0
nanohttp.c,1274,global_112,global_7,,0
nanohttp.c,1275,global_112,global_7,,0
nanohttp.c,1276,global_112,global_1,,0
nanohttp.c,1304,function_91,global_1,,0
nanohttp.c,1324,global_169,global_7,,0
nanohttp.c,1361,global_170,global_7,,0
nanohttp.c,1362,global_170,global_7,,0
nanohttp.c,1368,function_92,global_47,,0
nanohttp.c,1372,function_92,global_47,,0
nanohttp.c,1377+,function_41,global_1,,0
nanohttp.c,1390,global_6,global_7,,0
nanohttp.c,1398,function_-1,global_1,,0
nanohttp.c,1405,global_170,global_7,,0
nanohttp.c,1410,global_170,global_7,,0
nanohttp.c,1412+,global_170,global_7,,0
nanohttp.c,1412,global_170,global_26,,0
nanohttp.c,1425,global_6,global_7,,0
nanohttp.c,1439,global_6,global_7,,0
nanohttp.c,1467+,global_170,global_7,,0
nanohttp.c,1467,global_170,global_26,,0
nanohttp.c,1470,global_170,global_7,,0
nanohttp.c,1473,global_170,global_7,,0
nanohttp.c,1500,global_170,global_7,,0
nanohttp.c,1517,function_92,global_7,,0
nanohttp.c,1537,function_91,global_1,,0
nanohttp.c,1538,global_1,global_1,,0
nanohttp.c,1555,global_170,global_26,,0
nanohttp.c,1562,global_170,global_26,,0
nanohttp.c,1567,global_170,global_26,,0
nanohttp.c,1630,global_171,global_7,,0
nanohttp.c,1634,function_41,global_1,,0
nanohttp.c,1640+,global_171,global_7,,0
nanohttp.c,1640,global_171,global_26,,0
nanohttp.c,1650,function_93,global_12,,0
nanohttp.c,1678+,global_172,global_7,,0
nanohttp.c,1678,global_172,global_7,,0
nanohttp.c,1680,function_41,global_1,,0
nanohttp.c,1692,function_93,global_12,,0
nanohttp.c,1824,global_94,global_26,,0
nanohttp.c,1827,global_94,global_26,,0
nanohttp.c,1840,function_91,global_1,,0
nanohttp.c,197,function_80,global_1,,0
nanohttp.c,219,global_6,global_1,,0
nanohttp.c,227,global_6,global_7,,0
nanohttp.c,230,function_83,global_7,,0
nanohttp.c,233,function_83,global_7,,0
nanohttp.c,238,function_83,global_7,,0
nanohttp.c,255,global_6,global_7,,0
nanohttp.c,300,global_173,global_7,,0
nanohttp.c,303,function_23,global_22,,0
nanohttp.c,347,global_6,global_7,,0
nanohttp.c,361,global_174,global_7,,0
nanohttp.c,364,function_23,global_22,,0
nanohttp.c,365,function_41,global_1,,0
nanohttp.c,367,function_23,global_22,,0
nanohttp.c,418,global_94,global_47,,0
nanohttp.c,462+,global_94,global_7,,0
nanohttp.c,463,global_1,global_94,,0
nanohttp.c,473,function_-1,global_1,,0
nanohttp.c,603,function_-1,global_1,,0
nanohttp.c,605,function_46,global_1,,0
nanohttp.c,660,function_91,global_1,,0
nanohttp.c,667,function_91,global_1,,0
nanohttp.c,702,global_175,global_7,,0
nanohttp.c,704,function_74,global_1,,0
nanohttp.c,736,function_94,global_1,,0
nanohttp.c,752,function_57,global_7,,0
nanohttp.c,762,function_94,global_1,,0
nanohttp.c,777,function_57,global_7,,0
nanohttp.c,787,function_94,global_1,,0
nanohttp.c,801,function_94,global_1,,0
nanohttp.c,807,function_94,global_1,,0
nanohttp.c,833,function_94,global_1,,0
nanohttp.c,878,function_80,global_1,,0
nanohttp.c,908,function_89,global_1,,0
nanohttp.c,918,function_89,global_1,,0
nanohttp.c,930,function_78,global_1,,0
parse1.c,27,function_95,global_2,,0
parse1.c,35,global_1,global_1,,0
parse2.c,30,function_34,global_32,,0
parse2.c,37,function_96,global_2,,0
parse2.c,51,global_1,global_1,,0
parse3.c,34,function_73,global_2,,0
parse4.c,107,global_1,global_1,,0
parse4.c,121,global_6,global_14,,0
parse4.c,55,function_97,global_1,,0
parse4.c,69,function_98,global_32,,0
parse4.c,79,function_97,global_1,,0
parse4.c,96,function_97,global_1,,0
parser.c,1428,global_176,global_7,,0
parser.c,1697+,global_177,global_17,,0
parser.c,1697,global_177,global_32,,0
parser.c,1730,global_178,global_32,,0
parser.c,1755,global_179,global_32,,0
parser.c,1795,global_180,global_32,,0
parser.c,1893,global_172,global_32,,0
parser.c,1926,global_181,global_32,,0
parser.c,666,global_182,global_32,,0
parser.c,669,global_182,global_32,,0
parser.c,674,global_182,global_32,,0
parserInternals.c,111,global_145,global_32,,0
parserInternals.c,114,global_145,global_32,,0
parserInternals.c,119,global_145,global_7,,0
parserInternals.c,144,global_183,global_32,,0
parserInternals.c,147,global_183,global_32,,0
parserInternals.c,153,global_183,global_32,,0
parserInternals.c,226,global_184,global_1,,0
parserInternals.c,78,,global_1,,0
parserInternals.c,86,,global_1,,0
pattern.c,1524,global_186,global_-1,,0
pattern.c,1794,global_187,global_48,,0
pattern.c,1867,global_188,global_48,,0
pattern.c,1870,global_188,global_48,,0
pattern.c,1873,global_188,global_1,,0
pattern.c,1874+,global_188,global_7,,0
pattern.c,1874,global_188,global_7,,0
pattern.c,1896,function_99,global_1,,0
pattern.c,1922,global_188,global_1,,0
pattern.c,1938,global_188,global_1,,0
pattern.c,1939,global_188,global_1,,0
pattern.c,2022,global_188,global_7,,0
pattern.c,2024+,global_188,global_7,,0
pattern.c,2025,global_188,global_7,,0
pattern.c,2027,function_20,global_1,,0
pattern.c,2028+,function_20,global_1,,0
pattern.c,2066,global_1,global_1,,0
pattern.c,2137,global_188,global_1,,0
pattern.c,2154,global_188,global_7,,0
pattern.c,2156+,global_188,global_7,,0
pattern.c,2157,global_188,global_7,,0
pattern.c,2159,function_20,global_1,,0
pattern.c,2160+,function_20,global_1,,0
pattern.c,2170,global_1,global_1,,0
pattern.c,2283,global_189,global_48,,0
pattern.c,2285,global_189,global_48,,0
pattern.c,2330,global_190,global_48,,0
pattern.c,2332,global_190,global_48,,0
pattern.c,235,global_191,global_49,,0
pattern.c,2367,global_192,global_7,,0
pattern.c,2386,function_100,global_49,,0
pattern.c,2390,global_192,global_35,,0
pattern.c,2413,global_1,global_1,,0
pattern.c,2416,global_1,global_1,,0
pattern.c,2419,global_1,global_1,,0
pattern.c,2424,global_1,global_1,,0
pattern.c,2426,function_-1,global_1,,0
pattern.c,2434,global_1,global_1,,0
pattern.c,2436,function_100,global_49,,0
pattern.c,272,global_193,global_49,,0
pattern.c,296,global_194,global_7,,0
pattern.c,309,global_194,global_26,,0
reader1.c,30,function_101,global_7,,0
reader1.c,41,function_102,global_7,,0
reader1.c,44,function_18,global_1,,0
reader1.c,63,function_103,global_50,,0
reader1.c,65,function_104,global_1,,0
reader1.c,70,function_104,global_1,,0
reader1.c,79,global_1,global_1,,0
reader2.c,31,function_101,global_7,,0
reader2.c,42,function_102,global_7,,0
reader2.c,45,function_18,global_1,,0
reader2.c,72,function_103,global_50,,0
reader2.c,74,function_104,global_1,,0
reader2.c,81,function_105,global_1,,0
reader2.c,85,function_104,global_1,,0
reader2.c,94,global_1,global_1,,0
reader3.c,39,function_103,global_50,,0
reader3.c,43,function_-1,global_1,,0
reader3.c,51,function_104,global_1,,0
reader3.c,54,function_104,global_1,,0
reader3.c,79,global_1,global_1,,0
reader3.c,92,function_-1,global_2,,0
reader4.c,58,global_1,global_1,,0
relaxng.c,1419,global_19,global_51,,0
relaxng.c,1420,global_19,global_1,global_1,0
relaxng.c,1424,global_19,global_1,global_1,0
relaxng.c,1428,global_19,global_1,,0
relaxng.c,2352,global_195,global_52,,0
relaxng.c,2416,global_48,global_7,,0
relaxng.c,2421,function_106,global_53,,0
relaxng.c,2447+,global_94,global_7,,0
relaxng.c,2447,global_94,global_7,,0
relaxng.c,2452,function_106,global_53,,0
relaxng.c,2456,function_107,global_1,,0
relaxng.c,2458,function_107,global_1,,0
relaxng.c,2460,function_107,global_1,,0
relaxng.c,2488+,global_196,global_7,,0
relaxng.c,2488,global_196,global_7,,0
relaxng.c,2493,function_106,global_53,,0
relaxng.c,2497,function_-1,global_54,,0
relaxng.c,2500,function_20,global_1,,0
relaxng.c,2502,function_20,global_1,,0
relaxng.c,2504,function_20,global_1,,0
relaxng.c,2506,function_20,global_1,,0
relaxng.c,2508,function_20,global_1,,0
relaxng.c,2510,function_20,global_1,,0
relaxng.c,2512,function_20,global_1,,0
relaxng.c,2514,function_20,global_1,,0
relaxng.c,2516,function_20,global_1,,0
relaxng.c,2518,function_20,global_1,,0
relaxng.c,2520,function_20,global_1,,0
relaxng.c,2522,function_20,global_1,,0
relaxng.c,2530,function_108,global_1,,0
relaxng.c,2536,function_108,global_1,,0
relaxng.c,2580++,global_197,global_7,,0
relaxng.c,2580+,global_197,global_7,,0
relaxng.c,2580,global_197,global_7,,0
relaxng.c,2585,function_106,global_53,,0
relaxng.c,2587,global_197,global_7,,0
relaxng.c,2589,function_107,global_1,,0
relaxng.c,2597,function_107,global_1,,0
relaxng.c,2606,function_107,global_1,,0
relaxng.c,2608,function_107,global_1,,0
relaxng.c,2627,global_94,global_7,,0
relaxng.c,2629,function_20,global_1,,0
relaxng.c,2631,function_20,global_1,,0
relaxng.c,2655,global_94,global_7,,0
relaxng.c,2657,function_20,global_1,,0
relaxng.c,2659,function_20,global_1,,0
relaxng.c,2689,function_20,global_1,,0
relaxng.c,2691,function_20,global_1,,0
relaxng.c,2692,function_20,global_1,,0
relaxng.c,2702+,function_109,global_7,,0
relaxng.c,2702,function_109,global_7,,0
relaxng.c,2704,function_20,global_1,,0
relaxng.c,2708,function_109,global_7,,0
relaxng.c,2710,function_109,global_7,,0
relaxng.c,2732,global_198,global_-1,,0
relaxng.c,2762+,global_199,global_7,,0
relaxng.c,2762,global_6,global_31,,0
relaxng.c,2763+,global_199,global_1,,0
relaxng.c,2763,global_199,global_1,,0
relaxng.c,2765,function_-1,global_7,,0
relaxng.c,2787,function_54,global_1,,0
relaxng.c,2807,global_6,global_1,,0
relaxng.c,2810,global_6,global_31,,0
relaxng.c,2840,global_6,global_1,,0
relaxng.c,3254+,global_51,global_56,,0
relaxng.c,3254,global_51,global_51,,0
relaxng.c,4386,function_110,global_1,,0
relaxng.c,4393,function_110,global_1,,0
relaxng.c,4406,function_111,global_1,,0
relaxng.c,4418,function_111,global_1,,0
relaxng.c,443,global_94,global_51,,0
relaxng.c,4431,function_111,global_1,,0
relaxng.c,4452,global_1,global_1,,0
relaxng.c,451,global_94,global_7,,0
relaxng.c,518,global_200,global_51,,0
relaxng.c,6648+,global_51,global_8,,0
relaxng.c,6648,global_51,global_51,,0
relaxng.c,6657++++,function_20,global_1,,0
relaxng.c,6657+++,function_20,global_1,,0
relaxng.c,6657,global_51,global_8,,0
relaxng.c,6734,global_201,global_7,,0
relaxng.c,6765+,global_202,global_1,,0
relaxng.c,6765,global_202,global_7,,0
relaxng.c,6798,global_203,global_2,,0
relaxng.c,6801,function_-1,global_2,,0
relaxng.c,682,global_204,global_-1,,0
relaxng.c,6826,global_205,global_51,,0
relaxng.c,705,global_204,global_-1,,0
relaxng.c,744,global_206,global_56,,0
relaxng.c,7453,function_61,global_8,,0
relaxng.c,7481,global_207,global_51,,0
relaxng.c,7489,function_95,global_2,,0
relaxng.c,7497,function_95,global_2,,0
relaxng.c,7518,function_95,global_2,,0
relaxng.c,7528,function_61,global_8,,0
relaxng.c,7573,function_-1,global_56,,0
relaxng.c,7615,global_109,global_51,,0
relaxng.c,7639,global_208,global_51,,0
relaxng.c,7641,global_208,global_33,,0
relaxng.c,7643,global_208,global_33,,0
relaxng.c,7645,global_208,global_26,,0
relaxng.c,7663,global_209,global_51,,0
relaxng.c,7824,global_210,global_59,,0
relaxng.c,7828,global_210,global_1,,0
relaxng.c,7864,global_211,global_14,,0
relaxng.c,7866,global_211,global_58,,0
relaxng.c,7895,global_211,global_14,,0
relaxng.c,7897,global_211,global_58,,0
relaxng.c,808,global_204,global_58,,0
relaxng.c,8204,global_212,global_61,,0
relaxng.c,8214,function_-1,global_-1,,0
relaxng.c,8244,function_-1,global_1,,0
relaxng.c,8249,global_1,global_1,,0
relaxng.c,8291+,global_213,global_8,,0
relaxng.c,8291,global_213,global_52,,0
relaxng.c,8321,function_-1,global_61,,0
relaxng.c,8335,global_1,global_1,,0
relaxng.c,8369++,global_214,global_7,,0
relaxng.c,8369,global_214,global_52,,0
relaxng.c,862,global_215,global_59,,0
relaxng.c,972,global_216,global_56,,0
rngparser.c,1440,global_217,global_7,,0
rngparser.c,1441,global_217,global_1,,0
rngparser.c,1442,global_217,global_1,,0
runsuite.c,1004,function_95,global_2,,0
runsuite.c,1010+,function_20,global_1,,0
runsuite.c,1010,function_61,global_8,,0
runsuite.c,1015,function_12,global_7,,0
runsuite.c,1019,function_12,global_7,,0
runsuite.c,1027+,function_20,global_1,,0
runsuite.c,1027,function_61,global_8,,0
runsuite.c,1032,function_61,global_8,,0
runsuite.c,1054,global_6,global_14,,0
runsuite.c,1061+,function_41,global_1,,0
runsuite.c,1061,global_1,global_1,,0
runsuite.c,111,global_6,global_1,,0
runsuite.c,1150+,global_6,global_1,,0
runsuite.c,1150,global_6,global_1,,0
runsuite.c,1163,global_6,global_14,,0
runsuite.c,133,function_41,global_1,,0
runsuite.c,136,function_-1,global_17,,0
runsuite.c,143,function_112,global_1,,0
runsuite.c,168,global_6,global_14,,0
runsuite.c,176,global_6,global_1,,0
runsuite.c,188,global_6,global_1,,0
runsuite.c,195,global_6,function_113,global_1,-1
runsuite.c,243++,global_218,global_7,,0
runsuite.c,243,global_218,global_8,,0
runsuite.c,248,function_114,global_62,,0
runsuite.c,254,function_115,global_0,,0
runsuite.c,271++,global_219,global_7,,0
runsuite.c,271,global_219,global_8,,0
runsuite.c,276,function_114,global_62,,0
runsuite.c,282,function_115,global_0,,0
runsuite.c,307,global_220,global_8,,0
runsuite.c,312,function_116,global_8,,0
runsuite.c,324,function_117,global_16,,0
runsuite.c,344,function_117,global_16,,0
runsuite.c,349+,global_6,global_1,,0
runsuite.c,349,function_118,function_118,,1
runsuite.c,364,function_117,global_16,,0
runsuite.c,370,global_221,global_8,,0
runsuite.c,372,function_116,global_8,,0
runsuite.c,377+,function_119,global_7,,0
runsuite.c,377,function_120,global_7,,0
runsuite.c,382,function_120,global_7,,0
runsuite.c,383,function_119,global_7,,0
runsuite.c,388,function_117,global_16,,0
runsuite.c,398,function_120,global_7,,0
runsuite.c,402,function_-1,global_7,,0
runsuite.c,407,function_116,global_8,,0
runsuite.c,411,function_116,global_8,,0
runsuite.c,433,function_116,global_8,,0
runsuite.c,437,function_116,global_8,,0
runsuite.c,442,function_116,global_8,,0
runsuite.c,447,function_116,global_8,,0
runsuite.c,459,function_117,global_16,,0
runsuite.c,471,global_6,global_1,,0
runsuite.c,48,function_37,global_1,,0
runsuite.c,485,function_116,global_8,,0
runsuite.c,488,function_116,global_8,,0
runsuite.c,494,function_12,global_7,,0
runsuite.c,530+,global_6,global_1,,0
runsuite.c,530,function_118,function_118,,1
runsuite.c,537,function_12,global_7,,0
runsuite.c,545,function_116,global_8,,0
runsuite.c,547,function_116,global_8,,0
runsuite.c,587+,global_6,global_1,,0
runsuite.c,587,function_118,function_118,,1
runsuite.c,598,function_117,global_16,,0
runsuite.c,603+,function_118,global_1,,0
runsuite.c,603,function_118,function_118,,1
runsuite.c,613,global_6,global_1,,0
runsuite.c,616,function_120,global_7,,0
runsuite.c,622,global_222,global_8,,0
runsuite.c,638,function_95,global_2,,0
runsuite.c,645+,function_20,global_1,,0
runsuite.c,645,function_61,global_8,,0
runsuite.c,65,global_223,global_7,,0
runsuite.c,652+,function_20,global_1,,0
runsuite.c,652,function_61,global_8,,0
runsuite.c,657,function_61,global_8,,0
runsuite.c,66,global_223,global_7,,0
runsuite.c,663,function_95,global_2,,0
runsuite.c,670,global_6,global_1,,0
runsuite.c,673,function_120,global_7,,0
runsuite.c,678,function_120,global_7,,0
runsuite.c,685,global_224,global_8,,0
runsuite.c,701,function_95,global_2,,0
runsuite.c,708+,function_20,global_1,,0
runsuite.c,708,function_61,global_8,,0
runsuite.c,715+,function_20,global_1,,0
runsuite.c,715,function_61,global_8,,0
runsuite.c,720,function_61,global_8,,0
runsuite.c,726,function_95,global_2,,0
runsuite.c,739,function_95,global_2,,0
runsuite.c,746+,function_20,global_1,,0
runsuite.c,746,function_61,global_8,,0
runsuite.c,753+,function_20,global_1,,0
runsuite.c,753,function_61,global_8,,0
runsuite.c,758,function_61,global_8,,0
runsuite.c,764,function_95,global_2,,0
runsuite.c,804,function_112,global_1,,0
runsuite.c,834,function_20,global_1,,0
runsuite.c,845,function_20,global_1,,0
runsuite.c,865,function_118,function_118,,1
runsuite.c,901,function_112,global_1,,0
runsuite.c,916,function_20,global_1,,0
runsuite.c,931+,function_121,global_7,,0
runsuite.c,939,function_116,global_8,,0
runsuite.c,952,function_20,global_1,,0
runsuite.c,967+,function_121,global_7,,0
runsuite.c,987+,global_6,global_1,,0
runsuite.c,987,function_118,function_118,,1
runtest.c,1018,global_6,global_1,,0
runtest.c,1038,global_6,global_1,,0
runtest.c,1061,global_225,global_7,,0
runtest.c,1063,global_225,global_7,,0
runtest.c,1065,global_225,global_7,,0
runtest.c,1068,global_6,global_1,,0
runtest.c,1087,global_6,global_1,,0
runtest.c,1102,global_6,global_1,,0
runtest.c,1117,global_6,global_1,,0
runtest.c,1135,global_6,global_1,,0
runtest.c,1138,global_226,global_26,,0
runtest.c,1159,global_6,global_1,,0
runtest.c,1180,global_6,global_1,,0
runtest.c,1200,global_6,global_1,,0
runtest.c,1222,global_6,global_1,,0
runtest.c,1244,global_6,global_1,,0
runtest.c,1246,global_229,global_7,,0
runtest.c,1266,global_6,global_1,,0
runtest.c,1283,global_6,global_1,,0
runtest.c,1303,global_6,global_1,,0
runtest.c,1326,global_6,global_1,,0
runtest.c,1349,global_6,global_1,,0
runtest.c,1418,global_6,global_1,,0
runtest.c,1421,global_94,global_7,,0
runtest.c,1425,global_94,global_7,,0
runtest.c,1431,global_94,global_26,,0
runtest.c,1441,global_94,global_26,,0
runtest.c,1442,global_1,global_94,global_1,0
runtest.c,1468,global_6,global_1,,0
runtest.c,1471,global_230,global_7,,0
runtest.c,1475,global_230,global_7,,0
runtest.c,1532,global_231,global_26,,0
runtest.c,1654,function_122,global_7,,0
runtest.c,1659,global_6,global_14,,0
runtest.c,1670,global_232,global_1,global_1,0
runtest.c,1676,global_1,global_1,,0
runtest.c,1686,global_232,global_1,global_1,0
runtest.c,1691,global_232,global_1,global_1,0
runtest.c,1696,global_1,global_1,,0
runtest.c,1701,function_123,global_1,,0
runtest.c,1707,function_122,global_7,,0
runtest.c,1754,function_60,global_2,,0
runtest.c,1757,function_122,global_7,,0
runtest.c,1762,function_123,global_1,,0
runtest.c,1775,function_60,global_2,,0
runtest.c,1778,function_123,global_1,,0
runtest.c,1783,function_122,global_7,,0
runtest.c,1816,function_124,global_1,,0
runtest.c,1822,global_233,global_1,global_1,0
runtest.c,1833,global_233,global_1,global_1,0
runtest.c,1841,global_233,global_1,global_1,0
runtest.c,1851,global_233,global_1,global_1,0
runtest.c,1858,global_1,global_1,,0
runtest.c,1864,global_233,global_1,global_1,0
runtest.c,1871+,global_1,global_1,,0
runtest.c,1878,global_233,global_7,,0
runtest.c,1880,global_1,global_1,,0
runtest.c,1913,function_124,global_1,,0
runtest.c,1920,function_73,global_2,,0
runtest.c,1926+,function_125,global_1,,0
runtest.c,1961,function_95,global_2,,0
runtest.c,1964,function_122,global_7,,0
runtest.c,1969,function_123,global_1,,0
runtest.c,1978,function_95,global_2,,0
runtest.c,1981,function_123,global_1,,0
runtest.c,1986,function_122,global_7,,0
runtest.c,2012,global_232,global_1,global_1,0
runtest.c,2017,global_232,global_1,global_1,0
runtest.c,2027,global_232,global_7,,0
runtest.c,2028,function_126,global_2,,0
runtest.c,2033,global_232,global_1,global_1,0
runtest.c,2041,function_126,global_2,,0
runtest.c,2050,global_232,global_7,,0
runtest.c,2056,global_232,global_1,global_1,0
runtest.c,2057,global_6,global_1,,0
runtest.c,2079,function_101,global_7,,0
runtest.c,2091,function_102,global_7,,0
runtest.c,2104,global_199,global_50,,0
runtest.c,2108,global_199,global_7,,0
runtest.c,2122,global_199,global_7,,0
runtest.c,2124,function_127,global_1,,0
runtest.c,2138,function_127,global_1,,0
runtest.c,2139+,global_199,global_7,,0
runtest.c,2143,function_127,global_1,,0
runtest.c,2146,global_199,global_7,,0
runtest.c,2147,function_105,global_1,,0
runtest.c,2161,function_127,global_1,,0
runtest.c,2166,global_199,global_7,,0
runtest.c,2168,function_127,global_1,,0
runtest.c,2218,function_95,global_2,,0
runtest.c,2250,function_124,global_1,,0
runtest.c,226,function_112,global_1,,0
runtest.c,2280,global_234,global_1,,0
runtest.c,2287,global_234,global_1,,0
runtest.c,2294,function_114,global_62,,0
runtest.c,2327,function_122,global_7,,0
runtest.c,2332,global_6,global_14,,0
runtest.c,2339,function_6,global_14,,0
runtest.c,2345,function_128,global_7,,0
runtest.c,2362,global_235,global_7,,0
runtest.c,2369,function_122,global_7,,0
runtest.c,2418,global_6,global_2,,0
runtest.c,2431,function_129,global_1,,0
runtest.c,2466,global_6,global_2,,0
runtest.c,2479,function_129,global_1,,0
runtest.c,249,global_6,global_1,,0
runtest.c,2512,global_6,global_2,,0
runtest.c,2518,function_122,global_7,,0
runtest.c,2523,global_6,global_14,,0
runtest.c,2533,global_236,global_7,,0
runtest.c,2541,function_122,global_7,,0
runtest.c,2547,global_236,global_7,,0
runtest.c,256,global_6,function_113,global_1,-1
runtest.c,2573,global_237,global_7,,0
runtest.c,2575,function_130,global_1,,0
runtest.c,2616,function_122,global_7,,0
runtest.c,2621,function_6,global_14,,0
runtest.c,2627,function_6,global_14,,0
runtest.c,2630,function_122,global_7,,0
runtest.c,2641,function_128,global_7,,0
runtest.c,2661,global_238,global_7,,0
runtest.c,2663,function_123,global_1,,0
runtest.c,2668,global_238,global_7,,0
runtest.c,2670,function_123,global_1,,0
runtest.c,2676,function_122,global_7,,0
runtest.c,271,global_6,global_1,,0
runtest.c,2767+,function_41,global_1,,0
runtest.c,2767,global_239,global_7,,0
runtest.c,2770,function_41,global_1,,0
runtest.c,278,global_6,function_113,global_1,-1
runtest.c,2786+,function_41,global_1,,0
runtest.c,2786,global_240,global_7,,0
runtest.c,2789,function_41,global_1,,0
runtest.c,2806,global_241,global_7,,0
runtest.c,2826++,global_242,global_1,,0
runtest.c,2826+,global_242,global_7,,0
runtest.c,2826,global_242,global_7,,0
runtest.c,2829,global_242,global_6,,0
runtest.c,2840,function_95,global_2,,0
runtest.c,2868,function_72,global_1,,0
runtest.c,2877,global_6,global_1,,0
runtest.c,2881,function_-1,global_1,,0
runtest.c,2914,function_95,global_2,,0
runtest.c,2920,function_122,global_7,,0
runtest.c,2925,function_6,global_14,,0
runtest.c,2947,global_112,global_7,,0
runtest.c,2948,function_123,global_1,,0
runtest.c,2953,function_122,global_7,,0
runtest.c,2958+,global_112,global_7,,0
runtest.c,2959,function_125,global_1,,0
runtest.c,303,global_111,global_17,,0
runtest.c,3055,function_-1,global_64,,0
runtest.c,3060,function_-1,global_1,,0
runtest.c,3089,function_95,global_2,,0
runtest.c,3095,function_122,global_7,,0
runtest.c,3100,function_6,global_14,,0
runtest.c,3123,global_112,global_7,,0
runtest.c,3124,function_123,global_1,,0
runtest.c,3129,function_122,global_7,,0
runtest.c,3134,global_112,global_7,,0
runtest.c,3135,function_125,global_1,,0
runtest.c,3220,function_-1,global_58,,0
runtest.c,3281+,function_41,global_1,,0
runtest.c,3281,function_41,global_1,,0
runtest.c,3282+,function_41,global_1,,0
runtest.c,3282,function_41,global_1,,0
runtest.c,3283,function_41,global_1,,0
runtest.c,3310,function_103,global_50,,0
runtest.c,3313,global_1,global_1,,0
runtest.c,3320,function_-1,global_1,,0
runtest.c,3350,function_131,global_1,,0
runtest.c,3354,global_1,global_1,,0
runtest.c,3359,global_214,global_48,,0
runtest.c,3362,function_131,global_1,,0
runtest.c,3366,function_132,global_1,,0
runtest.c,3370,function_132,global_1,,0
runtest.c,3384,function_131,global_1,,0
runtest.c,3385+,function_133,global_1,,0
runtest.c,3385,function_131,global_1,,0
runtest.c,3387,function_132,global_1,,0
runtest.c,3433,function_112,global_1,,0
runtest.c,3437,function_112,global_1,,0
runtest.c,3442,function_6,global_14,,0
runtest.c,3447,function_122,global_7,,0
runtest.c,3452,function_6,global_14,,0
runtest.c,3462,function_128,global_7,,0
runtest.c,3476,function_95,global_2,,0
runtest.c,3515,function_104,global_1,,0
runtest.c,3519,function_104,global_1,,0
runtest.c,3539,function_122,global_7,,0
runtest.c,3569,function_95,global_2,,0
runtest.c,3577,function_61,global_8,,0
runtest.c,3584+,function_20,global_1,,0
runtest.c,359,global_243,global_41,,0
runtest.c,3595,function_134,global_7,,0
runtest.c,3602,function_135,global_65,,0
runtest.c,3614,function_136,global_1,,0
runtest.c,3628,function_137,global_0,,0
runtest.c,3664,global_244,global_7,,0
runtest.c,3720,function_95,global_2,,0
runtest.c,3728,function_61,global_8,,0
runtest.c,3737,global_94,global_7,,0
runtest.c,3746,global_94,global_7,,0
runtest.c,3747,function_124,global_1,,0
runtest.c,375,global_1,global_1,,0
runtest.c,3764,function_138,global_1,,0
runtest.c,3766,function_125,global_1,,0
runtest.c,3808,function_112,global_1,,0
runtest.c,3814,function_112,global_1,,0
runtest.c,3818,function_112,global_1,,0
runtest.c,3824,function_-1,global_1,,0
runtest.c,406,global_1,global_1,,0
runtest.c,4328,global_245,global_-1,,0
runtest.c,4335,function_112,global_1,,0
runtest.c,4340,function_122,global_7,,0
runtest.c,4350,function_122,global_7,,0
runtest.c,4357+,function_112,global_1,,0
runtest.c,4357,function_122,global_7,,0
runtest.c,4359+,function_112,global_1,,0
runtest.c,4359,function_122,global_7,,0
runtest.c,4375,function_118,function_118,,1
runtest.c,4376,function_118,function_118,,1
runtest.c,4377,global_6,global_1,,0
runtest.c,4386,function_122,global_7,,0
runtest.c,4388,function_122,global_7,,0
runtest.c,4416,global_6,global_1,,0
runtest.c,4419,function_139,global_1,,0
runtest.c,4421,global_6,global_1,,0
runtest.c,4441,function_41,global_1,,0
runtest.c,4443,function_41,global_1,,0
runtest.c,4447,function_121,global_7,,0
runtest.c,4459+,global_6,global_1,,0
runtest.c,4459,global_6,global_1,,0
runtest.c,470,global_1,global_1,,0
runtest.c,486,global_1,global_1,,0
runtest.c,491,function_18,global_1,,0
runtest.c,498,global_1,global_1,,0
runtest.c,550,global_246,global_7,,0
runtest.c,574,global_66,global_7,,0
runtest.c,576,global_66,global_7,,0
runtest.c,593,function_37,global_1,,0
runtest.c,614,function_9,global_1,,0
runtest.c,617,function_9,global_1,,0
runtest.c,631,function_10,global_1,,0
runtest.c,649,function_37,global_1,,0
runtest.c,654,function_9,global_1,,0
runtest.c,656,global_1,global_247,,-1
runtest.c,662,function_10,global_1,,0
runtest.c,674,global_1,global_247,,-1
runtest.c,682,function_37,global_1,,0
runtest.c,685,function_8,global_7,,0
runtest.c,687,function_9,global_1,,0
runtest.c,780,global_6,global_1,,0
runtest.c,798,global_6,global_1,,0
runtest.c,816,global_6,global_1,,0
runtest.c,833,global_6,global_1,,0
runtest.c,836,global_248,global_7,,0
runtest.c,840,global_248,global_7,,0
runtest.c,857,global_6,global_1,,0
runtest.c,860,global_249,global_7,,0
runtest.c,864,global_249,global_7,,0
runtest.c,888,global_6,global_1,,0
runtest.c,894,global_250,global_7,,0
runtest.c,898,global_250,global_7,,0
runtest.c,923,global_6,global_1,,0
runtest.c,942,global_6,global_1,,0
runtest.c,966,global_251,global_7,,0
runtest.c,968,global_251,global_7,,0
runtest.c,970,global_251,global_7,,0
runtest.c,973,global_6,global_1,,0
runtest.c,993,global_6,global_1,,0
runtest.c,995,global_133,global_7,,0
runxmlconf.c,113,global_6,global_14,,0
runxmlconf.c,121,global_6,global_1,,0
runxmlconf.c,132,global_6,global_1,,0
runxmlconf.c,142,global_6,function_-1,global_1,0
runxmlconf.c,189,function_34,global_32,,0
runxmlconf.c,195,function_96,global_2,,0
runxmlconf.c,219,function_34,global_32,,0
runxmlconf.c,225,function_96,global_2,,0
runxmlconf.c,254,function_95,global_2,,0
runxmlconf.c,260,global_28,global_1,,0
runxmlconf.c,261,global_28,global_1,,0
runxmlconf.c,278,function_95,global_2,,0
runxmlconf.c,314,function_41,global_1,,0
runxmlconf.c,333,function_112,global_1,,0
runxmlconf.c,342,function_20,global_1,,0
runxmlconf.c,348,function_20,global_1,,0
runxmlconf.c,349,function_20,global_1,,0
runxmlconf.c,350,function_20,global_1,,0
runxmlconf.c,351,function_20,global_1,,0
runxmlconf.c,352+,function_20,global_1,,0
runxmlconf.c,360,function_20,global_1,,0
runxmlconf.c,361,function_20,global_1,,0
runxmlconf.c,371+,function_15,global_7,,0
runxmlconf.c,383,function_20,global_1,,0
runxmlconf.c,388,function_20,global_1,,0
runxmlconf.c,391,function_20,global_1,,0
runxmlconf.c,394,function_20,global_1,,0
runxmlconf.c,410,function_118,function_118,,1
runxmlconf.c,447,global_252,global_1,,0
runxmlconf.c,449,function_12,global_7,,0
runxmlconf.c,457,global_252,global_8,,0
runxmlconf.c,460,function_20,global_1,,0
runxmlconf.c,462,function_20,global_1,,0
runxmlconf.c,463,function_-1,global_1,,0
runxmlconf.c,472,global_1,global_1,,0
runxmlconf.c,485,function_12,global_7,,0
runxmlconf.c,491,global_253,global_8,,0
runxmlconf.c,494,function_20,global_1,,0
runxmlconf.c,520,function_112,global_1,,0
runxmlconf.c,526,function_95,global_2,,0
runxmlconf.c,53,function_37,global_1,,0
runxmlconf.c,533+,function_20,global_1,,0
runxmlconf.c,533,function_61,global_8,,0
runxmlconf.c,556,global_6,global_14,,0
runxmlconf.c,563+,function_41,global_1,,0
runxmlconf.c,563,global_1,global_1,,0
runxmlconf.c,578+,global_6,global_1,,0
runxmlconf.c,578,global_6,global_1,,0
runxmlconf.c,587+,global_6,global_1,,0
runxmlconf.c,587,global_6,global_1,,0
runxmlconf.c,596,global_6,global_14,,0
runxmlconf.c,70,global_223,global_7,,0
runxmlconf.c,71,global_223,global_7,,0
SAX.c,71,global_254,global_1,,0
SAX2.c,1013,function_140,global_2,,0
SAX2.c,102,global_135,global_32,,0
SAX2.c,1027+,function_140,global_2,,0
SAX2.c,105,global_135,global_32,,0
SAX2.c,1054,global_255,global_7,,0
SAX2.c,1114,function_119,global_7,,0
SAX2.c,1115,function_20,global_1,,0
SAX2.c,1131,function_119,global_7,,0
SAX2.c,1140+,function_69,global_1,,0
SAX2.c,1140,global_256,global_7,,0
SAX2.c,1159,function_119,global_7,,0
SAX2.c,1180,function_141,global_7,,0
SAX2.c,1182,function_119,global_7,,0
SAX2.c,1194,function_23,global_22,,0
SAX2.c,1216,function_142,global_21,,0
SAX2.c,1221,function_119,global_7,,0
SAX2.c,1223,function_119,global_7,,0
SAX2.c,1225,function_141,global_256,,-1
SAX2.c,1240,function_141,global_7,,0
SAX2.c,1243,function_119,global_7,,0
SAX2.c,1259,function_23,global_22,,0
SAX2.c,1279,function_142,global_21,,0
SAX2.c,1284,function_119,global_7,,0
SAX2.c,1286,function_119,global_7,,0
SAX2.c,1288,function_141,global_256,,-1
SAX2.c,1306,function_20,global_1,,0
SAX2.c,1308,function_20,global_1,,0
SAX2.c,1327,function_-1,global_18,,0
SAX2.c,1339,global_256,global_7,,0
SAX2.c,1363,function_141,global_7,,0
SAX2.c,1376,function_-1,global_7,,0
SAX2.c,1398,function_20,global_1,,0
SAX2.c,140,global_257,global_32,,0
SAX2.c,1404,function_143,global_1,,0
SAX2.c,1410,function_144,global_1,,0
SAX2.c,1412,function_145,global_1,,0
SAX2.c,1417,function_119,global_7,,0
SAX2.c,143,global_257,global_32,,0
SAX2.c,1437,function_146,global_66,,0
SAX2.c,1444,function_146,global_66,,0
SAX2.c,1460,function_147,global_67,,0
SAX2.c,1470,function_119,global_7,,0
SAX2.c,1480,global_226,global_26,,0
SAX2.c,1484,function_20,global_1,,0
SAX2.c,149,global_257,global_32,,0
SAX2.c,1522,function_20,global_1,,0
SAX2.c,1524,function_20,global_1,,0
SAX2.c,1531+,function_147,global_67,,0
SAX2.c,1536,function_148,global_7,,0
SAX2.c,1546,global_226,global_26,,0
SAX2.c,1550,function_20,global_1,,0
SAX2.c,1597+,global_258,global_7,,0
SAX2.c,1597,global_258,global_7,,0
SAX2.c,1631,function_-1,global_8,,0
SAX2.c,1695,global_258,global_26,,0
SAX2.c,171,global_259,global_32,,0
SAX2.c,1716,function_32,global_21,,0
SAX2.c,1718+,function_32,global_21,,0
SAX2.c,1729,function_32,global_21,,0
SAX2.c,1736,global_258,global_26,,0
SAX2.c,174,global_259,global_32,,0
SAX2.c,1770,function_149,global_1,,0
SAX2.c,1772,function_149,global_1,,0
SAX2.c,1797,global_260,global_7,,0
SAX2.c,1870,global_261,global_1,,0
SAX2.c,1877,global_261,global_1,,0
SAX2.c,1980,global_222,global_7,,0
SAX2.c,2013+,global_6,global_33,,0
SAX2.c,2013,global_6,global_1,,0
SAX2.c,2039,function_150,global_8,,0
SAX2.c,2047,function_150,global_8,,0
SAX2.c,2055,global_222,global_7,,0
SAX2.c,2061,function_150,global_8,,0
SAX2.c,2105,function_148,global_7,,0
SAX2.c,2113+,function_148,global_222,,-1
SAX2.c,2115,function_-1,global_7,,0
SAX2.c,2156,function_143,global_1,,0
SAX2.c,2164,function_144,global_1,,0
SAX2.c,2169,function_145,global_1,,0
SAX2.c,220,global_259,global_32,,0
SAX2.c,2215,global_94,global_7,,0
SAX2.c,223,global_259,global_32,,0
SAX2.c,2234+,global_94,global_7,,0
SAX2.c,2234,global_94,global_7,,0
SAX2.c,2239,function_151,global_7,,0
SAX2.c,2267+,global_6,global_33,,0
SAX2.c,2267,global_6,global_1,,0
SAX2.c,2302,function_142,global_21,,0
SAX2.c,2309,global_94,global_7,,0
SAX2.c,2348,global_94,global_1,,0
SAX2.c,2356,global_94,global_7,,0
SAX2.c,2358+,function_20,global_1,,0
SAX2.c,2363,function_142,global_21,,0
SAX2.c,2368,global_94,global_7,,0
SAX2.c,2382,global_94,global_1,,0
SAX2.c,2383,global_1,global_94,,0
SAX2.c,2393,function_151,global_7,,0
SAX2.c,2423,function_149,global_1,,0
SAX2.c,2425,function_149,global_1,,0
SAX2.c,2453,global_94,global_7,,0
SAX2.c,2489,global_262,global_7,,0
SAX2.c,2502,function_152,global_8,,0
SAX2.c,2521,global_263,global_7,,0
SAX2.c,2578,function_65,global_1,,0
SAX2.c,259,global_264,global_7,,0
SAX2.c,2613,function_-1,global_1,,0
SAX2.c,275,global_265,global_7,,0
SAX2.c,291,global_266,global_7,,0
SAX2.c,307,global_267,global_7,,0
SAX2.c,358,global_268,global_7,,0
SAX2.c,368,function_153,global_40,,0
SAX2.c,395,global_268,global_7,,0
SAX2.c,401+,global_268,global_7,,0
SAX2.c,401,global_268,global_7,,0
SAX2.c,496,function_65,global_1,,0
SAX2.c,525,global_44,global_7,,0
SAX2.c,540,function_154,global_7,,0
SAX2.c,560,global_269,global_7,,0
SAX2.c,607,function_-1,global_1,,0
SAX2.c,618+,function_15,global_7,,0
SAX2.c,63,global_145,global_32,,0
SAX2.c,640,global_269,global_7,,0
SAX2.c,669,global_251,global_7,,0
SAX2.c,678,function_155,global_39,,0
SAX2.c,682++,global_251,global_7,,0
SAX2.c,682,function_155,global_39,,0
SAX2.c,697,function_155,global_39,,0
SAX2.c,701++,global_251,global_7,,0
SAX2.c,701,function_155,global_39,,0
SAX2.c,749,function_20,global_1,,0
SAX2.c,750,global_94,global_1,,0
SAX2.c,780,function_-1,global_67,,0
SAX2.c,861+,global_270,global_7,,0
SAX2.c,861,global_270,global_7,,0
SAX2.c,904,global_271,global_7,,0
SAX2.c,914,function_155,global_39,,0
SAX2.c,918++,global_271,global_7,,0
SAX2.c,918,function_155,global_39,,0
SAX2.c,934,function_155,global_39,,0
SAX2.c,938++,global_271,global_7,,0
SAX2.c,938,function_155,global_39,,0
SAX2.c,987,global_272,global_7,,0
schematron.c,1084,global_273,global_68,,0
schematron.c,1095,function_95,global_2,,0
schematron.c,1106,function_95,global_2,,0
schematron.c,1132,function_61,global_8,,0
schematron.c,1142+++++,function_20,global_1,,0
schematron.c,1142++++,function_20,global_1,,0
schematron.c,1142+++,function_20,global_1,,0
schematron.c,1142,function_61,global_8,,0
schematron.c,1158++++,function_20,global_1,,0
schematron.c,1158+++,function_20,global_1,,0
schematron.c,1159+++++,function_20,global_1,,0
schematron.c,1159++++,function_20,global_1,,0
schematron.c,1159+++,function_20,global_1,,0
schematron.c,1161,function_134,global_7,,0
schematron.c,1166++++,function_20,global_1,,0
schematron.c,1166+++,function_20,global_1,,0
schematron.c,1168+++++,function_20,global_1,,0
schematron.c,1168++++,function_20,global_1,,0
schematron.c,1168+++,function_20,global_1,,0
schematron.c,1171,function_156,global_7,,0
schematron.c,1176,function_156,global_7,,0
schematron.c,1181+,function_156,global_7,,0
schematron.c,1181,function_156,global_7,,0
schematron.c,1186,function_156,global_7,,0
schematron.c,1188,function_156,global_7,,0
schematron.c,1191++++,function_20,global_1,,0
schematron.c,1191+++,function_20,global_1,,0
schematron.c,1194+++++,function_20,global_1,,0
schematron.c,1194++++,function_20,global_1,,0
schematron.c,1194+++,function_20,global_1,,0
schematron.c,1203++++,function_20,global_1,,0
schematron.c,1203+++,function_20,global_1,,0
schematron.c,1248++,global_274,global_7,,0
schematron.c,1248+,global_274,global_8,,0
schematron.c,1248,global_274,global_70,,0
schematron.c,1254,function_0,global_0,,0
schematron.c,1298+,global_275,global_8,,0
schematron.c,1298,global_275,global_8,,0
schematron.c,1306+++++,function_20,global_1,,0
schematron.c,1306++++,function_20,global_1,,0
schematron.c,1306+++,function_20,global_1,,0
schematron.c,1312,function_156,global_7,,0
schematron.c,1314,global_275,global_8,,0
schematron.c,1338,function_18,global_1,,0
schematron.c,1344,function_18,global_1,,0
schematron.c,1372++,global_276,global_71,,0
schematron.c,1372+,global_276,global_8,,0
schematron.c,1372,global_276,global_70,,0
schematron.c,1387+,global_276,global_1,,0
schematron.c,1392,function_157,global_7,,0
schematron.c,1415,global_276,global_70,,0
schematron.c,1427,global_276,global_72,,0
schematron.c,1437,function_157,global_7,,0
schematron.c,1452+,global_276,global_72,,0
schematron.c,1452,global_276,global_70,,0
schematron.c,1487,global_109,global_70,,0
schematron.c,1546,global_276,global_70,,0
schematron.c,1580,global_277,global_8,,0
schematron.c,1586,global_277,global_8,,0
schematron.c,1612,function_115,global_0,,0
schematron.c,1626,function_3,global_1,,0
schematron.c,1673,global_278,global_70,,0
schematron.c,1674+,global_278,global_2,,0
schematron.c,1678,function_61,global_8,,0
schematron.c,1690,function_61,global_8,,0
schematron.c,1693,function_158,global_1,,0
schematron.c,1721,function_61,global_8,,0
schematron.c,1724,function_158,global_1,,0
schematron.c,231,global_145,global_68,,0
schematron.c,256,global_279,global_68,,0
schematron.c,279,global_280,global_70,,0
schematron.c,315++,global_281,global_8,,0
schematron.c,315+,global_281,global_73,,0
schematron.c,315,global_281,global_68,,0
schematron.c,316,global_281,global_7,,0
schematron.c,323,function_-1,global_62,,0
schematron.c,365,global_282,global_71,,0
schematron.c,398++,global_283,global_8,,0
schematron.c,398+,global_283,global_69,,0
schematron.c,398,global_283,global_68,,0
schematron.c,399,global_283,global_7,,0
schematron.c,407,function_159,global_49,,0
schematron.c,457,global_284,global_73,,0
schematron.c,489+++,global_285,global_7,,0
schematron.c,489++,global_285,global_8,,0
schematron.c,489+,global_285,global_69,,0
schematron.c,489,global_285,global_68,,0
schematron.c,522,global_286,global_72,,0
schematron.c,565,global_287,global_69,,0
schematron.c,594,global_288,global_7,,0
schematron.c,636+,global_289,global_1,,0
schematron.c,636,global_289,global_7,,0
schematron.c,675,global_290,global_2,,0
schematron.c,711,global_291,global_68,,0
schematron.c,861+,global_292,global_8,,0
schematron.c,861,global_292,global_68,,0
schematron.c,864,function_156,global_7,,0
schematron.c,880,function_-1,global_73,,0
schematron.c,887++++,function_20,global_1,,0
schematron.c,887+++,function_20,global_1,,0
schematron.c,889+++++,function_20,global_1,,0
schematron.c,889++++,function_20,global_1,,0
schematron.c,889+++,function_20,global_1,,0
schematron.c,892,function_156,global_7,,0
schematron.c,909,function_160,global_71,,0
schematron.c,912+++++,function_20,global_1,,0
schematron.c,912++++,function_20,global_1,,0
schematron.c,912+++,function_20,global_1,,0
schematron.c,915,function_156,global_7,,0
schematron.c,932,function_160,global_71,,0
schematron.c,942++++,function_20,global_1,,0
schematron.c,942+++,function_20,global_1,,0
schematron.c,966+,global_293,global_8,,0
schematron.c,966,global_293,global_68,,0
schematron.c,969,function_156,global_7,,0
schematron.c,973,function_-1,global_72,,0
schematron.c,974,function_156,global_7,,0
schematron.c,979++++,function_20,global_1,,0
schematron.c,979+++,function_20,global_1,,0
schematron.c,981+++++,function_20,global_1,,0
schematron.c,981++++,function_20,global_1,,0
schematron.c,981+++,function_20,global_1,,0
schematron.c,990++++,function_20,global_1,,0
schematron.c,990+++,function_20,global_1,,0
testapi.c,10027,function_161,function_161,,2
testapi.c,10078,function_161,function_161,,2
testapi.c,101,global_6,global_8,,0
testapi.c,10126,function_161,function_161,,2
testapi.c,1013,global_294,global_1,,0
testapi.c,1014,global_294,global_1,,0
testapi.c,1015,global_294,global_1,,0
testapi.c,1016,global_294,global_1,,0
testapi.c,10182,function_161,function_161,,2
testapi.c,1025,global_295,global_1,,0
testapi.c,10252,function_161,function_161,,2
testapi.c,1026,global_295,global_1,,0
testapi.c,1027,global_295,global_1,,0
testapi.c,1028,global_295,global_1,,0
testapi.c,10306,function_161,function_161,,2
testapi.c,10357,function_161,function_161,,2
testapi.c,1037,global_296,global_1,,0
testapi.c,1038,global_296,global_1,,0
testapi.c,1039,global_296,global_1,,0
testapi.c,104,global_6,global_8,,0
testapi.c,1040,global_296,global_1,,0
testapi.c,10415,function_161,function_161,,2
testapi.c,10495,function_161,function_161,,2
testapi.c,1053,global_297,global_1,,0
testapi.c,1054,global_297,global_1,,0
testapi.c,10542,function_161,function_161,,2
testapi.c,1055,global_297,global_1,,0
testapi.c,1056,global_297,global_1,,0
testapi.c,10600,function_161,function_161,,2
testapi.c,10665,function_161,function_161,,2
testapi.c,10692,global_6,global_1,,0
testapi.c,1071,global_298,global_1,,0
testapi.c,1072,global_298,global_1,,0
testapi.c,1073,global_298,global_1,,0
testapi.c,10747,function_161,function_161,,2
testapi.c,10784,function_161,function_161,,2
testapi.c,10816,function_161,function_161,,2
testapi.c,10860,function_161,function_161,,2
testapi.c,1087,global_299,global_1,,0
testapi.c,1088,global_299,global_1,,0
testapi.c,1089,global_299,global_1,,0
testapi.c,1090,global_299,global_1,,0
testapi.c,10914,function_161,function_161,,2
testapi.c,10971,function_161,function_161,,2
testapi.c,1099,global_300,global_1,,0
testapi.c,1100,global_300,global_1,,0
testapi.c,11008,function_161,function_161,,2
testapi.c,1101,global_300,global_1,,0
testapi.c,1102,global_300,global_1,,0
testapi.c,11040,function_161,function_161,,2
testapi.c,11070,function_161,function_161,,2
testapi.c,11107,function_161,function_161,,2
testapi.c,1111,global_301,global_1,,0
testapi.c,1112,global_301,global_1,,0
testapi.c,1113,global_301,global_1,,0
testapi.c,1114,global_301,global_1,,0
testapi.c,11146,function_161,function_161,,2
testapi.c,11185,function_161,function_161,,2
testapi.c,11224,function_161,function_161,,2
testapi.c,11263,function_161,function_161,,2
testapi.c,1127,global_302,global_1,,0
testapi.c,1128,global_302,global_1,,0
testapi.c,1129,global_302,global_1,,0
testapi.c,11295,function_161,function_161,,2
testapi.c,1130,global_302,global_1,,0
testapi.c,11332,function_161,function_161,,2
testapi.c,11381,function_161,function_161,,2
testapi.c,11415,function_161,function_161,,2
testapi.c,11445,function_161,function_161,,2
testapi.c,1145,global_303,global_1,,0
testapi.c,1146,global_303,global_1,,0
testapi.c,1147,global_303,global_1,,0
testapi.c,11472,global_6,global_1,,0
testapi.c,1148,global_303,global_1,,0
testapi.c,11523,function_161,function_161,,2
testapi.c,11550,function_161,function_161,,2
testapi.c,11582,function_161,function_161,,2
testapi.c,11621,function_161,function_161,,2
testapi.c,11662,function_161,function_161,,2
testapi.c,11718,function_161,function_161,,2
testapi.c,11755,function_161,function_161,,2
testapi.c,11797,function_161,function_161,,2
testapi.c,11831,function_161,function_161,,2
testapi.c,11912,function_161,function_161,,2
testapi.c,11956,function_161,function_161,,2
testapi.c,12022,function_161,function_161,,2
testapi.c,12042,global_6,global_1,,0
testapi.c,12086,function_161,function_161,,2
testapi.c,12113,function_161,function_161,,2
testapi.c,12145,function_161,function_161,,2
testapi.c,12179,function_161,function_161,,2
testapi.c,12230,function_161,function_161,,2
testapi.c,12261,function_161,function_161,,2
testapi.c,12293,function_161,function_161,,2
testapi.c,12332,function_161,function_161,,2
testapi.c,12378,function_161,function_161,,2
testapi.c,12426,function_161,function_161,,2
testapi.c,12474,function_161,function_161,,2
testapi.c,12513,function_161,function_161,,2
testapi.c,12556,global_6,global_1,,0
testapi.c,12595,function_161,function_161,,2
testapi.c,12625,function_161,function_161,,2
testapi.c,12655,function_161,function_161,,2
testapi.c,12687,function_161,function_161,,2
testapi.c,12740,function_161,function_161,,2
testapi.c,12801,function_161,function_161,,2
testapi.c,12856,function_161,function_161,,2
testapi.c,12919,function_161,function_161,,2
testapi.c,12959,function_161,function_161,,2
testapi.c,13011,function_161,function_161,,2
testapi.c,13056,function_161,function_161,,2
testapi.c,13112,function_161,function_161,,2
testapi.c,13164,function_161,function_161,,2
testapi.c,13200,function_161,function_161,,2
testapi.c,13270,function_161,function_161,,2
testapi.c,1329,function_161,function_161,,2
testapi.c,13295,function_161,function_161,,2
testapi.c,13325,function_161,function_161,,2
testapi.c,13357,function_161,function_161,,2
testapi.c,13389,function_161,function_161,,2
testapi.c,13431,function_161,function_161,,2
testapi.c,13471,function_162,global_17,,0
testapi.c,13478,function_161,function_161,,2
testapi.c,13509,function_161,function_161,,2
testapi.c,13564,function_163,global_-1,,0
testapi.c,13578,function_161,function_161,,2
testapi.c,13644,function_163,global_-1,,0
testapi.c,13659,function_161,function_161,,2
testapi.c,13714,function_164,global_32,,0
testapi.c,13722,function_161,function_161,,2
testapi.c,13776,function_161,function_161,,2
testapi.c,13821,function_161,function_161,,2
testapi.c,13859,function_161,function_161,,2
testapi.c,13889,function_164,global_32,,0
testapi.c,1389,function_161,function_161,,2
testapi.c,13894,function_161,function_161,,2
testapi.c,13928,function_161,function_161,,2
testapi.c,13958,function_164,global_32,,0
testapi.c,13963,function_161,function_161,,2
testapi.c,14027,function_161,function_161,,2
testapi.c,14075,function_161,function_161,,2
testapi.c,14129,function_161,function_161,,2
testapi.c,14176,function_161,function_161,,2
testapi.c,14222,function_161,function_161,,2
testapi.c,14275,function_161,function_161,,2
testapi.c,143,global_1,global_1,,0
testapi.c,14321,function_161,function_161,,2
testapi.c,14367,function_161,function_161,,2
testapi.c,144,function_41,global_1,,0
testapi.c,14406,function_161,function_161,,2
testapi.c,14440,function_161,function_161,,2
testapi.c,1447,function_161,function_161,,2
testapi.c,14487,function_161,function_161,,2
testapi.c,14535,function_161,function_161,,2
testapi.c,14591,function_161,function_161,,2
testapi.c,146,global_1,global_1,,0
testapi.c,14633,function_161,function_161,,2
testapi.c,14669,function_161,function_161,,2
testapi.c,14710,function_161,function_161,,2
testapi.c,14758,function_161,function_161,,2
testapi.c,14808,function_161,function_161,,2
testapi.c,14853,function_161,function_161,,2
testapi.c,1490,function_161,function_161,,2
testapi.c,14901,function_161,function_161,,2
testapi.c,14956,function_161,function_161,,2
testapi.c,15013,function_161,function_161,,2
testapi.c,15075,function_161,function_161,,2
testapi.c,15123,function_163,global_-1,,0
testapi.c,15134,function_161,function_161,,2
testapi.c,15182,function_163,global_-1,,0
testapi.c,15194,function_161,function_161,,2
testapi.c,15256,function_161,function_161,,2
testapi.c,15304,function_161,function_161,,2
testapi.c,15341,function_161,function_161,,2
testapi.c,15374,function_161,function_161,,2
testapi.c,15391,global_6,global_1,,0
testapi.c,15485,function_161,function_161,,2
testapi.c,15514,function_161,function_161,,2
testapi.c,15545,function_161,function_161,,2
testapi.c,15582,function_161,function_161,,2
testapi.c,1561,function_161,function_161,,2
testapi.c,15616,function_161,function_161,,2
testapi.c,15653,function_161,function_161,,2
testapi.c,15687,function_161,function_161,,2
testapi.c,15724,function_161,function_161,,2
testapi.c,15758,function_161,function_161,,2
testapi.c,15800,function_161,function_161,,2
testapi.c,15841,function_161,function_161,,2
testapi.c,15885,function_161,function_161,,2
testapi.c,159+,function_118,global_1,,0
testapi.c,159,function_161,global_1,,0
testapi.c,15921,function_161,function_161,,2
testapi.c,15958,function_161,function_161,,2
testapi.c,15997,function_161,function_161,,2
testapi.c,16036,function_161,function_161,,2
testapi.c,16073,function_161,function_161,,2
testapi.c,16107,function_161,function_161,,2
testapi.c,16144,function_161,function_161,,2
testapi.c,16183,function_161,function_161,,2
testapi.c,16217,function_161,function_161,,2
testapi.c,1625,function_161,function_161,,2
testapi.c,16254,function_161,function_161,,2
testapi.c,16286,function_161,function_161,,2
testapi.c,16316,function_161,function_161,,2
testapi.c,16348,function_161,function_161,,2
testapi.c,16385,function_161,function_161,,2
testapi.c,164,function_-1,global_1,,0
testapi.c,16439,function_161,function_161,,2
testapi.c,16485,function_161,function_161,,2
testapi.c,16546,function_161,function_161,,2
testapi.c,16618,function_161,function_161,,2
testapi.c,16667,function_161,function_161,,2
testapi.c,16711,function_161,function_161,,2
testapi.c,16752,function_161,function_161,,2
testapi.c,16771,global_6,global_1,,0
testapi.c,16831,function_161,function_161,,2
testapi.c,16880,function_161,function_161,,2
testapi.c,16916,function_161,function_161,,2
testapi.c,16950,function_161,function_161,,2
testapi.c,16984,function_161,function_161,,2
testapi.c,17038,function_161,function_161,,2
testapi.c,17082,function_161,function_161,,2
testapi.c,17130,function_161,function_161,,2
testapi.c,17183,function_161,function_161,,2
testapi.c,17223,function_161,function_161,,2
testapi.c,17241,global_6,global_1,,0
testapi.c,17292,function_161,function_161,,2
testapi.c,17331,function_161,function_161,,2
testapi.c,1735,function_161,function_161,,2
testapi.c,17412,function_161,function_161,,2
testapi.c,17477,function_161,function_161,,2
testapi.c,17512,function_161,function_161,,2
testapi.c,17544,function_161,function_161,,2
testapi.c,17583,function_161,function_161,,2
testapi.c,17619,function_161,function_161,,2
testapi.c,17718,function_161,function_161,,2
testapi.c,17764,function_161,function_161,,2
testapi.c,1777,function_161,function_161,,2
testapi.c,17812,function_161,function_161,,2
testapi.c,17860,function_161,function_161,,2
testapi.c,17908,function_161,function_161,,2
testapi.c,17951,function_161,function_161,,2
testapi.c,17971,global_6,global_1,,0
testapi.c,18001,global_6,global_1,,0
testapi.c,18122,function_161,function_161,,2
testapi.c,18142,global_6,global_1,,0
testapi.c,1816,function_161,function_161,,2
testapi.c,18174,function_152,global_8,,0
testapi.c,18180,function_161,function_161,,2
testapi.c,18214,function_-1,global_8,,0
testapi.c,18220,function_161,function_161,,2
testapi.c,18254,function_165,global_8,,0
testapi.c,18260,function_161,function_161,,2
testapi.c,18295,function_-1,global_8,,0
testapi.c,18301,function_161,function_161,,2
testapi.c,18336,function_-1,global_8,,0
testapi.c,18342,function_161,function_161,,2
testapi.c,18391,function_161,function_161,,2
testapi.c,18438,function_161,function_161,,2
testapi.c,18477,function_161,function_161,,2
testapi.c,18521,function_161,function_161,,2
testapi.c,1857,function_161,function_161,,2
testapi.c,18602,function_161,function_161,,2
testapi.c,18648,function_161,function_161,,2
testapi.c,18689,function_161,function_161,,2
testapi.c,18728,function_161,function_161,,2
testapi.c,18769,function_161,function_161,,2
testapi.c,18796,function_161,function_161,,2
testapi.c,18846,function_161,function_161,,2
testapi.c,18876,function_161,function_161,,2
testapi.c,18913,function_161,function_161,,2
testapi.c,18947,function_161,function_161,,2
testapi.c,1898,function_161,function_161,,2
testapi.c,18984,function_161,function_161,,2
testapi.c,19017+,function_-1,global_1,,0
testapi.c,19017,function_-1,global_16,,0
testapi.c,19022,function_161,function_161,,2
testapi.c,19061,function_161,function_161,,2
testapi.c,19098,function_161,function_161,,2
testapi.c,19135,function_161,function_161,,2
testapi.c,19172,function_161,function_161,,2
testapi.c,19214+,function_148,function_166,,2
testapi.c,19214,function_148,global_7,,0
testapi.c,19215+,function_148,function_-1,,0
testapi.c,19215,function_148,function_166,,2
testapi.c,19225,function_161,function_161,,2
testapi.c,19264,function_161,function_161,,2
testapi.c,19303,function_161,function_161,,2
testapi.c,19339,function_161,function_161,,2
testapi.c,19368,function_-1,global_21,,0
testapi.c,19373,function_161,function_161,,2
testapi.c,19401,function_-1,global_21,,0
testapi.c,19406,function_161,function_161,,2
testapi.c,19443,function_161,function_161,,2
testapi.c,19477,function_161,function_161,,2
testapi.c,19514,function_161,function_161,,2
testapi.c,1954,function_161,function_161,,2
testapi.c,19553,function_161,function_161,,2
testapi.c,19602,function_161,function_161,,2
testapi.c,19663,function_167,global_8,,0
testapi.c,19673,function_161,function_161,,2
testapi.c,19750,function_161,function_161,,2
testapi.c,19816,function_161,function_161,,2
testapi.c,19867,function_161,function_161,,2
testapi.c,19915,function_161,function_161,,2
testapi.c,19956,function_161,function_161,,2
testapi.c,1996,function_161,function_161,,2
testapi.c,19996,function_161,function_161,,2
testapi.c,20045,function_161,function_161,,2
testapi.c,20103,function_161,function_161,,2
testapi.c,20153,function_161,function_161,,2
testapi.c,20204,function_161,function_161,,2
testapi.c,20254,function_161,function_161,,2
testapi.c,20291,function_161,function_161,,2
testapi.c,2030,function_161,function_161,,2
testapi.c,20324,function_-1,global_2,,0
testapi.c,20330,function_161,function_161,,2
testapi.c,20374,function_161,function_161,,2
testapi.c,20412,function_161,function_161,,2
testapi.c,20440,function_161,function_161,,2
testapi.c,20465,function_161,function_161,,2
testapi.c,20495,function_161,function_161,,2
testapi.c,20527,function_161,function_161,,2
testapi.c,20559,function_161,function_161,,2
testapi.c,20591,function_161,function_161,,2
testapi.c,20628,function_161,function_161,,2
testapi.c,2064,function_161,function_161,,2
testapi.c,20663,function_161,function_161,,2
testapi.c,20716,function_161,function_161,,2
testapi.c,20757,function_161,function_161,,2
testapi.c,20801,function_161,function_161,,2
testapi.c,20842,function_161,function_161,,2
testapi.c,20876,function_161,function_161,,2
testapi.c,20913,function_161,function_161,,2
testapi.c,20948,function_161,function_161,,2
testapi.c,20991,function_161,function_161,,2
testapi.c,2103,function_161,function_161,,2
testapi.c,21032,function_161,function_161,,2
testapi.c,21083,function_161,function_161,,2
testapi.c,21123,function_161,function_161,,2
testapi.c,21155,function_161,function_161,,2
testapi.c,21192,function_161,function_161,,2
testapi.c,21227,function_161,function_161,,2
testapi.c,21275,function_161,function_161,,2
testapi.c,21328,function_161,function_161,,2
testapi.c,21376,function_161,function_161,,2
testapi.c,2139,function_161,function_161,,2
testapi.c,21422,function_161,function_161,,2
testapi.c,21475,function_161,function_161,,2
testapi.c,21520,function_161,function_161,,2
testapi.c,21564,function_161,function_161,,2
testapi.c,21615,function_161,function_161,,2
testapi.c,21658,function_161,function_161,,2
testapi.c,2168,function_161,function_161,,2
testapi.c,21697,function_161,function_161,,2
testapi.c,21735+,function_142,global_21,,0
testapi.c,21735,function_167,global_8,,0
testapi.c,21742,function_161,function_161,,2
testapi.c,21793,function_161,function_161,,2
testapi.c,21846,function_161,function_161,,2
testapi.c,21889,function_161,function_161,,2
testapi.c,21935,function_161,function_161,,2
testapi.c,21978,function_161,function_161,,2
testapi.c,22012,function_161,function_161,,2
testapi.c,2205,function_161,function_161,,2
testapi.c,22061,function_161,function_161,,2
testapi.c,22106,function_161,function_161,,2
testapi.c,22141,function_161,function_161,,2
testapi.c,22177,function_161,function_161,,2
testapi.c,22219,function_161,function_161,,2
testapi.c,22260,function_161,function_161,,2
testapi.c,22315,function_161,function_161,,2
testapi.c,22380,function_161,function_161,,2
testapi.c,2241,function_161,function_161,,2
testapi.c,22428,function_161,function_161,,2
testapi.c,22462,function_161,function_161,,2
testapi.c,22494,function_161,function_161,,2
testapi.c,22526,function_161,function_161,,2
testapi.c,22558,function_161,function_161,,2
testapi.c,22601,function_161,function_161,,2
testapi.c,22648,function_161,function_161,,2
testapi.c,22688,function_161,function_161,,2
testapi.c,22726,function_161,function_161,,2
testapi.c,22769,function_161,function_161,,2
testapi.c,22810,function_161,function_161,,2
testapi.c,2283,function_168,global_32,,0
testapi.c,22849,function_161,function_161,,2
testapi.c,22888,function_161,function_161,,2
testapi.c,2291,function_161,function_161,,2
testapi.c,22924,function_161,function_161,,2
testapi.c,22964,function_161,function_161,,2
testapi.c,23001,function_161,function_161,,2
testapi.c,23034,function_169,global_8,,0
testapi.c,23037,function_167,global_8,,0
testapi.c,23046,function_161,function_161,,2
testapi.c,23087,function_161,function_161,,2
testapi.c,23133,function_161,function_161,,2
testapi.c,23182,function_161,function_161,,2
testapi.c,23230,function_161,function_161,,2
testapi.c,23283,function_161,function_161,,2
testapi.c,23339,function_161,function_161,,2
testapi.c,2336,function_161,function_161,,2
testapi.c,23388,function_161,function_161,,2
testapi.c,23434,function_161,function_161,,2
testapi.c,23468,function_161,function_161,,2
testapi.c,23498,function_161,function_161,,2
testapi.c,23533,function_161,function_161,,2
testapi.c,23570,function_161,function_161,,2
testapi.c,236,global_304,global_1,,0
testapi.c,23620,function_161,function_161,,2
testapi.c,23670,function_161,function_161,,2
testapi.c,2368,function_168,global_32,,0
testapi.c,237,global_304,global_1,,0
testapi.c,23712,function_161,function_161,,2
testapi.c,2373,function_161,function_161,,2
testapi.c,23751,function_161,function_161,,2
testapi.c,23790,function_161,function_161,,2
testapi.c,23834,function_161,function_161,,2
testapi.c,23880,function_161,function_161,,2
testapi.c,23916,function_169,global_8,,0
testapi.c,23924,function_161,function_161,,2
testapi.c,23969,function_161,function_161,,2
testapi.c,24012,function_161,function_161,,2
testapi.c,2405,function_161,function_161,,2
testapi.c,24054,function_161,function_161,,2
testapi.c,24097,function_161,function_161,,2
testapi.c,24140,function_161,function_161,,2
testapi.c,24183,function_161,function_161,,2
testapi.c,24204,global_6,global_1,,0
testapi.c,24383,function_161,function_161,,2
testapi.c,24422,function_161,function_161,,2
testapi.c,2444,function_161,function_161,,2
testapi.c,24456,function_161,function_161,,2
testapi.c,24498,function_161,function_161,,2
testapi.c,24562,function_161,function_161,,2
testapi.c,24596,function_161,function_161,,2
testapi.c,24631,function_161,function_161,,2
testapi.c,24665,function_161,function_161,,2
testapi.c,24697,function_161,function_161,,2
testapi.c,247,global_305,global_1,,0
testapi.c,24734,function_161,function_161,,2
testapi.c,24763,global_6,global_1,,0
testapi.c,248,global_305,global_1,,0
testapi.c,24842,function_161,function_161,,2
testapi.c,249,global_305,global_1,,0
testapi.c,24910,function_161,function_161,,2
testapi.c,250,global_305,global_1,,0
testapi.c,25002,function_161,function_161,,2
testapi.c,25036,function_161,function_161,,2
testapi.c,25133,function_161,function_161,,2
testapi.c,25172,function_161,function_161,,2
testapi.c,25218,function_161,function_161,,2
testapi.c,25257,function_161,function_161,,2
testapi.c,2526,function_161,function_161,,2
testapi.c,25303,function_161,function_161,,2
testapi.c,25342,function_161,function_161,,2
testapi.c,25387,function_161,function_161,,2
testapi.c,25428,function_161,function_161,,2
testapi.c,25487,function_161,function_161,,2
testapi.c,25535,function_161,function_161,,2
testapi.c,25576,function_161,function_161,,2
testapi.c,25630,function_161,function_161,,2
testapi.c,25671,function_161,function_161,,2
testapi.c,25715,function_161,function_161,,2
testapi.c,2576,function_161,function_161,,2
testapi.c,25762,function_161,function_161,,2
testapi.c,25803,function_161,function_161,,2
testapi.c,25852,function_161,function_161,,2
testapi.c,25891,function_161,function_161,,2
testapi.c,25938,function_161,function_161,,2
testapi.c,25986,function_161,function_161,,2
testapi.c,260,global_306,global_1,,0
testapi.c,26030,function_161,function_161,,2
testapi.c,26086,function_161,function_161,,2
testapi.c,261,global_306,global_1,,0
testapi.c,26151,function_161,function_161,,2
testapi.c,262,global_306,global_1,,0
testapi.c,26208,function_161,function_161,,2
testapi.c,26264,function_161,function_161,,2
testapi.c,263,global_306,global_1,,0
testapi.c,26314,function_161,function_161,,2
testapi.c,2634,function_161,function_161,,2
testapi.c,26357,function_161,function_161,,2
testapi.c,26398,function_161,function_161,,2
testapi.c,26439,function_161,function_161,,2
testapi.c,26485,function_161,function_161,,2
testapi.c,26528,function_161,function_161,,2
testapi.c,26574,function_161,function_161,,2
testapi.c,26622,function_161,function_161,,2
testapi.c,26660,function_161,function_161,,2
testapi.c,26694,function_161,function_161,,2
testapi.c,26728,function_161,function_161,,2
testapi.c,26762,function_161,function_161,,2
testapi.c,26806,function_161,function_161,,2
testapi.c,26854,function_161,function_161,,2
testapi.c,2691,function_161,function_161,,2
testapi.c,26912,function_161,function_161,,2
testapi.c,26964,function_161,function_161,,2
testapi.c,27027,function_161,function_161,,2
testapi.c,27086,function_161,function_161,,2
testapi.c,27136,function_161,function_161,,2
testapi.c,27189,function_161,function_161,,2
testapi.c,27234,function_161,function_161,,2
testapi.c,27254,global_6,global_1,,0
testapi.c,27351,function_161,function_161,,2
testapi.c,27390,function_161,function_161,,2
testapi.c,27436,function_161,function_161,,2
testapi.c,2746,function_161,function_161,,2
testapi.c,27489,function_161,function_161,,2
testapi.c,27525,function_161,function_161,,2
testapi.c,27564,function_161,function_161,,2
testapi.c,27610,function_161,function_161,,2
testapi.c,27653,function_161,function_161,,2
testapi.c,27673,global_6,global_1,,0
testapi.c,27708,function_161,function_161,,2
testapi.c,27741,function_161,function_161,,2
testapi.c,27773,function_161,function_161,,2
testapi.c,2780,global_6,global_1,,0
testapi.c,27810,function_161,function_161,,2
testapi.c,27837,function_161,function_161,,2
testapi.c,27861,function_161,function_161,,2
testapi.c,27892,function_161,function_161,,2
testapi.c,27924,function_161,function_161,,2
testapi.c,27956,function_161,function_161,,2
testapi.c,27998,function_161,function_161,,2
testapi.c,28035,function_161,function_161,,2
testapi.c,28069,function_161,function_161,,2
testapi.c,28103,function_161,function_161,,2
testapi.c,28147,function_161,function_161,,2
testapi.c,28185,function_161,function_161,,2
testapi.c,28219,function_161,function_161,,2
testapi.c,28253,function_161,function_161,,2
testapi.c,28297,function_161,function_161,,2
testapi.c,28344,function_161,function_161,,2
testapi.c,28380,function_161,function_161,,2
testapi.c,28418,function_161,function_161,,2
testapi.c,28459,function_161,function_161,,2
testapi.c,28500,function_161,function_161,,2
testapi.c,2852,function_161,function_161,,2
testapi.c,28546,function_161,function_161,,2
testapi.c,28584,function_161,function_161,,2
testapi.c,28618,function_161,function_161,,2
testapi.c,28672,function_161,function_161,,2
testapi.c,28725,function_161,function_161,,2
testapi.c,28768,function_-1,global_1,,0
testapi.c,28776,function_161,function_161,,2
testapi.c,288,global_307,global_1,,0
testapi.c,28815,function_161,function_161,,2
testapi.c,28854,function_161,function_161,,2
testapi.c,28898,function_161,function_161,,2
testapi.c,289,global_307,global_1,,0
testapi.c,28944,function_161,function_161,,2
testapi.c,28985,function_161,function_161,,2
testapi.c,290,global_307,global_1,,0
testapi.c,2900,function_161,function_161,,2
testapi.c,29029,function_161,function_161,,2
testapi.c,29070,function_161,function_161,,2
testapi.c,29099,function_161,function_161,,2
testapi.c,29122,function_161,function_161,,2
testapi.c,29146,function_161,function_161,,2
testapi.c,29171,function_161,function_161,,2
testapi.c,29187,global_6,global_1,,0
testapi.c,29286,function_161,function_161,,2
testapi.c,29380,function_161,function_161,,2
testapi.c,2943,function_161,function_161,,2
testapi.c,29503,function_161,function_161,,2
testapi.c,29533,global_6,global_1,,0
testapi.c,29581,function_161,function_161,,2
testapi.c,29625,function_161,function_161,,2
testapi.c,29667,function_161,function_161,,2
testapi.c,29717,function_161,function_161,,2
testapi.c,29747,function_161,function_161,,2
testapi.c,29807,function_161,function_161,,2
testapi.c,29859,global_6,global_1,,0
testapi.c,29910,function_161,function_161,,2
testapi.c,2994,function_161,function_161,,2
testapi.c,29964,function_161,function_161,,2
testapi.c,29986,global_6,global_1,,0
testapi.c,300,global_308,global_1,,0
testapi.c,30020,function_161,function_161,,2
testapi.c,30056,function_161,function_161,,2
testapi.c,301,global_308,global_1,,0
testapi.c,30105,function_161,function_161,,2
testapi.c,30155,function_161,function_161,,2
testapi.c,302,global_308,global_1,,0
testapi.c,30213,function_161,function_161,,2
testapi.c,30275,function_161,function_161,,2
testapi.c,30332,function_161,function_161,,2
testapi.c,30397,function_161,function_161,,2
testapi.c,30446,function_161,function_161,,2
testapi.c,3045,function_161,function_161,,2
testapi.c,30482,function_161,function_161,,2
testapi.c,30516,function_161,function_161,,2
testapi.c,30550,function_161,function_161,,2
testapi.c,30584,function_161,function_161,,2
testapi.c,30618,function_161,function_161,,2
testapi.c,30652,function_161,function_161,,2
testapi.c,30686,function_161,function_161,,2
testapi.c,30720,function_161,function_161,,2
testapi.c,30754,function_161,function_161,,2
testapi.c,30788,function_161,function_161,,2
testapi.c,30822,function_161,function_161,,2
testapi.c,3085,function_161,function_161,,2
testapi.c,30861,function_161,function_161,,2
testapi.c,30897,function_161,function_161,,2
testapi.c,30931,function_161,function_161,,2
testapi.c,30965,function_161,function_161,,2
testapi.c,30999,function_161,function_161,,2
testapi.c,31033,function_161,function_161,,2
testapi.c,31067,function_161,function_161,,2
testapi.c,31101,function_161,function_161,,2
testapi.c,31140,function_161,function_161,,2
testapi.c,31181,function_161,function_161,,2
testapi.c,3119,function_161,function_161,,2
testapi.c,312,global_309,global_1,,0
testapi.c,31227,function_161,function_161,,2
testapi.c,31283,function_161,function_161,,2
testapi.c,313,global_309,global_1,,0
testapi.c,31321,function_161,function_161,,2
testapi.c,31355,function_161,function_161,,2
testapi.c,31394,function_161,function_161,,2
testapi.c,314,global_309,global_1,,0
testapi.c,31430,function_161,function_161,,2
testapi.c,31464,function_161,function_161,,2
testapi.c,31498,function_161,function_161,,2
testapi.c,31532,function_161,function_161,,2
testapi.c,31566,function_161,function_161,,2
testapi.c,3158,function_161,function_161,,2
testapi.c,31600,function_161,function_161,,2
testapi.c,31634,function_161,function_161,,2
testapi.c,31668,function_161,function_161,,2
testapi.c,31712,function_161,function_161,,2
testapi.c,31746,function_161,function_161,,2
testapi.c,31785,function_161,function_161,,2
testapi.c,31826,function_161,function_161,,2
testapi.c,31867,function_161,function_161,,2
testapi.c,31913,function_161,function_161,,2
testapi.c,31951,function_161,function_161,,2
testapi.c,31985,function_161,function_161,,2
testapi.c,3199,function_161,function_161,,2
testapi.c,32019,function_161,function_161,,2
testapi.c,32053,function_161,function_161,,2
testapi.c,32087,function_161,function_161,,2
testapi.c,32121,function_161,function_161,,2
testapi.c,32155,function_161,function_161,,2
testapi.c,32189,function_161,function_161,,2
testapi.c,32223,function_161,function_161,,2
testapi.c,32257,function_161,function_161,,2
testapi.c,32291,function_161,function_161,,2
testapi.c,32336,function_161,function_161,,2
testapi.c,32375,function_161,function_161,,2
testapi.c,324,global_310,global_1,,0
testapi.c,32409,function_161,function_161,,2
testapi.c,32443,function_161,function_161,,2
testapi.c,3245,function_161,function_161,,2
testapi.c,32477,function_161,function_161,,2
testapi.c,325,global_310,global_1,,0
testapi.c,32516,function_161,function_161,,2
testapi.c,32557,function_161,function_161,,2
testapi.c,32603,function_161,function_161,,2
testapi.c,32682,function_161,function_161,,2
testapi.c,327,global_310,global_1,,0
testapi.c,32740,function_161,function_161,,2
testapi.c,32783,function_161,function_161,,2
testapi.c,32848,function_161,function_161,,2
testapi.c,32890,function_161,function_161,,2
testapi.c,3291,function_161,function_161,,2
testapi.c,32924,function_161,function_161,,2
testapi.c,32958,function_161,function_161,,2
testapi.c,32976,global_6,global_1,,0
testapi.c,33080,function_161,function_161,,2
testapi.c,33114,function_161,function_161,,2
testapi.c,33151,function_161,function_161,,2
testapi.c,33212,function_161,function_161,,2
testapi.c,33267,function_161,function_161,,2
testapi.c,33307,function_161,function_161,,2
testapi.c,33341,function_161,function_161,,2
testapi.c,33433,function_161,function_161,,2
testapi.c,33487,function_161,function_161,,2
testapi.c,3349,function_161,function_161,,2
testapi.c,33560,function_161,function_161,,2
testapi.c,33624,function_161,function_161,,2
testapi.c,33676,function_161,function_161,,2
testapi.c,33729,function_161,function_161,,2
testapi.c,338,global_296,global_1,,0
testapi.c,33804,function_161,function_161,,2
testapi.c,33840,function_161,function_161,,2
testapi.c,33877,function_161,function_161,,2
testapi.c,33897,global_6,global_1,,0
testapi.c,33959,function_161,function_161,,2
testapi.c,33998,function_161,function_161,,2
testapi.c,34034,function_161,function_161,,2
testapi.c,3409,function_161,function_161,,2
testapi.c,34123,function_161,function_161,,2
testapi.c,34143,global_6,global_1,,0
testapi.c,34181,function_161,function_161,,2
testapi.c,34262,function_161,function_161,,2
testapi.c,34317,function_161,function_161,,2
testapi.c,34357,function_161,function_161,,2
testapi.c,34391,function_161,function_161,,2
testapi.c,34430,function_161,function_161,,2
testapi.c,34466,function_161,function_161,,2
testapi.c,34550,function_161,function_161,,2
testapi.c,34619,function_161,function_161,,2
testapi.c,3464,function_161,function_161,,2
testapi.c,34665,function_161,function_161,,2
testapi.c,34699,function_161,function_161,,2
testapi.c,34738,function_161,function_161,,2
testapi.c,34784,function_161,function_161,,2
testapi.c,348,global_311,global_1,,0
testapi.c,34827,function_161,function_161,,2
testapi.c,34866,function_161,function_161,,2
testapi.c,34932,function_161,function_161,,2
testapi.c,34958,global_6,global_1,,0
testapi.c,35043,function_161,function_161,,2
testapi.c,3509,function_161,function_161,,2
testapi.c,35100,function_161,function_161,,2
testapi.c,35149,function_161,function_161,,2
testapi.c,35200,function_161,function_161,,2
testapi.c,35250,function_161,function_161,,2
testapi.c,35314,function_161,function_161,,2
testapi.c,35360,function_161,function_161,,2
testapi.c,35398,function_161,function_161,,2
testapi.c,35437,function_161,function_161,,2
testapi.c,35473,function_161,function_161,,2
testapi.c,35529,function_161,function_161,,2
testapi.c,3555,function_161,function_161,,2
testapi.c,35630,function_161,function_161,,2
testapi.c,35685,function_161,function_161,,2
testapi.c,35740,function_161,function_161,,2
testapi.c,358,global_312,global_1,,0
testapi.c,35805,function_161,function_161,,2
testapi.c,35869,function_161,function_161,,2
testapi.c,359,global_312,global_1,,0
testapi.c,35936,function_161,function_161,,2
testapi.c,35995,function_161,function_161,,2
testapi.c,360,global_312,global_1,,0
testapi.c,36045,function_161,function_161,,2
testapi.c,3608,function_161,function_161,,2
testapi.c,36088,function_161,function_161,,2
testapi.c,36124,function_161,function_161,,2
testapi.c,36158,function_161,function_161,,2
testapi.c,36202,function_161,function_161,,2
testapi.c,36220,global_6,global_1,,0
testapi.c,36277,function_161,function_161,,2
testapi.c,36314,function_161,function_161,,2
testapi.c,36348,function_161,function_161,,2
testapi.c,36385,function_161,function_161,,2
testapi.c,36424,function_161,function_161,,2
testapi.c,36478,function_161,function_161,,2
testapi.c,36529,function_161,function_161,,2
testapi.c,3653,function_161,function_161,,2
testapi.c,36568,function_161,function_161,,2
testapi.c,36607,function_161,function_161,,2
testapi.c,36646,function_161,function_161,,2
testapi.c,36680,function_161,function_161,,2
testapi.c,36712,function_161,function_161,,2
testapi.c,3673,global_6,global_1,,0
testapi.c,36754,function_161,function_161,,2
testapi.c,36800,function_161,function_161,,2
testapi.c,36846,function_161,function_161,,2
testapi.c,36887,function_161,function_161,,2
testapi.c,369,global_295,global_1,,0
testapi.c,36926,function_161,function_161,,2
testapi.c,36970,function_161,function_161,,2
testapi.c,37011,function_161,function_161,,2
testapi.c,37045,function_161,function_161,,2
testapi.c,37077,function_161,function_161,,2
testapi.c,3711,function_161,function_161,,2
testapi.c,37114,function_161,function_161,,2
testapi.c,37153,function_161,function_161,,2
testapi.c,37192,function_161,function_161,,2
testapi.c,37231,function_161,function_161,,2
testapi.c,37275,function_161,function_161,,2
testapi.c,37296,global_6,global_1,,0
testapi.c,37350,function_161,function_161,,2
testapi.c,3738,function_161,function_161,,2
testapi.c,37384,function_161,function_161,,2
testapi.c,37418,function_161,function_161,,2
testapi.c,37452,function_161,function_161,,2
testapi.c,37486,function_161,function_161,,2
testapi.c,37520,function_161,function_161,,2
testapi.c,37554,function_161,function_161,,2
testapi.c,37588,function_161,function_161,,2
testapi.c,37622,function_161,function_161,,2
testapi.c,3763,function_161,function_161,,2
testapi.c,37661,function_161,function_161,,2
testapi.c,37697,function_161,function_161,,2
testapi.c,37731,function_161,function_161,,2
testapi.c,37765,function_161,function_161,,2
testapi.c,37799,function_161,function_161,,2
testapi.c,378,global_313,global_1,,0
testapi.c,37833,function_161,function_161,,2
testapi.c,37867,function_161,function_161,,2
testapi.c,37901,function_161,function_161,,2
testapi.c,37935,function_161,function_161,,2
testapi.c,37969,function_161,function_161,,2
testapi.c,38003,function_161,function_161,,2
testapi.c,38037,function_161,function_161,,2
testapi.c,38071,function_161,function_161,,2
testapi.c,38105,function_161,function_161,,2
testapi.c,38139,function_161,function_161,,2
testapi.c,38173,function_161,function_161,,2
testapi.c,382,global_314,global_14,,0
testapi.c,38207,function_161,function_161,,2
testapi.c,38246,function_161,function_161,,2
testapi.c,3828,function_161,function_161,,2
testapi.c,38282,function_161,function_161,,2
testapi.c,38316,function_161,function_161,,2
testapi.c,38350,function_161,function_161,,2
testapi.c,38384,function_161,function_161,,2
testapi.c,38418,function_161,function_161,,2
testapi.c,38452,function_161,function_161,,2
testapi.c,38486,function_161,function_161,,2
testapi.c,38520,function_161,function_161,,2
testapi.c,38554,function_161,function_161,,2
testapi.c,38588,function_161,function_161,,2
testapi.c,38622,function_161,function_161,,2
testapi.c,38656,function_161,function_161,,2
testapi.c,38690,function_161,function_161,,2
testapi.c,38724,function_161,function_161,,2
testapi.c,38758,function_161,function_161,,2
testapi.c,38792,function_161,function_161,,2
testapi.c,3880,function_161,function_161,,2
testapi.c,38826,function_161,function_161,,2
testapi.c,38860,function_161,function_161,,2
testapi.c,38894,function_161,function_161,,2
testapi.c,38928,function_161,function_161,,2
testapi.c,38962,function_161,function_161,,2
testapi.c,38996,function_161,function_161,,2
testapi.c,390,global_314,global_14,,0
testapi.c,39030,function_161,function_161,,2
testapi.c,39064,function_161,function_161,,2
testapi.c,39098,function_161,function_161,,2
testapi.c,39132,function_161,function_161,,2
testapi.c,39166,function_161,function_161,,2
testapi.c,39200,function_161,function_161,,2
testapi.c,39234,function_161,function_161,,2
testapi.c,3924,function_161,function_161,,2
testapi.c,39268,function_161,function_161,,2
testapi.c,39302,function_161,function_161,,2
testapi.c,39336,function_161,function_161,,2
testapi.c,39370,function_161,function_161,,2
testapi.c,39404,function_161,function_161,,2
testapi.c,39438,function_161,function_161,,2
testapi.c,39472,function_161,function_161,,2
testapi.c,39506,function_161,function_161,,2
testapi.c,39540,function_161,function_161,,2
testapi.c,39574,function_161,function_161,,2
testapi.c,396,global_315,global_1,,0
testapi.c,39608,function_161,function_161,,2
testapi.c,3963,function_161,function_161,,2
testapi.c,39642,function_161,function_161,,2
testapi.c,39676,function_161,function_161,,2
testapi.c,397,global_315,global_1,,0
testapi.c,39710,function_161,function_161,,2
testapi.c,39744,function_161,function_161,,2
testapi.c,39778,function_161,function_161,,2
testapi.c,398,global_315,global_1,,0
testapi.c,39812,function_161,function_161,,2
testapi.c,39846,function_161,function_161,,2
testapi.c,39880,function_161,function_161,,2
testapi.c,399,global_315,global_1,,0
testapi.c,39914,function_161,function_161,,2
testapi.c,39948,function_161,function_161,,2
testapi.c,39982,function_161,function_161,,2
testapi.c,40016,function_161,function_161,,2
testapi.c,40050,function_161,function_161,,2
testapi.c,40084,function_161,function_161,,2
testapi.c,4010,function_161,function_161,,2
testapi.c,40118,function_161,function_161,,2
testapi.c,40152,function_161,function_161,,2
testapi.c,40186,function_161,function_161,,2
testapi.c,40220,function_161,function_161,,2
testapi.c,40254,function_161,function_161,,2
testapi.c,40288,function_161,function_161,,2
testapi.c,40322,function_161,function_161,,2
testapi.c,40356,function_161,function_161,,2
testapi.c,40390,function_161,function_161,,2
testapi.c,40424,function_161,function_161,,2
testapi.c,40458,function_161,function_161,,2
testapi.c,4046,function_161,function_161,,2
testapi.c,40492,function_161,function_161,,2
testapi.c,40526,function_161,function_161,,2
testapi.c,40560,function_161,function_161,,2
testapi.c,40594,function_161,function_161,,2
testapi.c,40628,function_161,function_161,,2
testapi.c,40662,function_161,function_161,,2
testapi.c,40696,function_161,function_161,,2
testapi.c,40730,function_161,function_161,,2
testapi.c,40764,function_161,function_161,,2
testapi.c,40798,function_161,function_161,,2
testapi.c,408,global_316,global_1,,0
testapi.c,4083,function_161,function_161,,2
testapi.c,40832,function_161,function_161,,2
testapi.c,40866,function_161,function_161,,2
testapi.c,409,global_316,global_1,,0
testapi.c,40900,function_161,function_161,,2
testapi.c,40934,function_161,function_161,,2
testapi.c,40968,function_161,function_161,,2
testapi.c,410,global_316,global_1,,0
testapi.c,41002,function_161,function_161,,2
testapi.c,41036,function_161,function_161,,2
testapi.c,41070,function_161,function_161,,2
testapi.c,411,global_316,global_1,,0
testapi.c,41104,function_161,function_161,,2
testapi.c,41138,function_161,function_161,,2
testapi.c,41172,function_161,function_161,,2
testapi.c,412,global_316,global_1,,0
testapi.c,41206,function_161,function_161,,2
testapi.c,41240,function_161,function_161,,2
testapi.c,41274,function_161,function_161,,2
testapi.c,413,global_316,global_1,,0
testapi.c,41308,function_161,function_161,,2
testapi.c,4132,function_161,function_161,,2
testapi.c,41342,function_161,function_161,,2
testapi.c,41376,function_161,function_161,,2
testapi.c,414,global_316,global_1,,0
testapi.c,41410,function_161,function_161,,2
testapi.c,41444,function_161,function_161,,2
testapi.c,41478,function_161,function_161,,2
testapi.c,41512,function_161,function_161,,2
testapi.c,41546,function_161,function_161,,2
testapi.c,41580,function_161,function_161,,2
testapi.c,41614,function_161,function_161,,2
testapi.c,41648,function_161,function_161,,2
testapi.c,41682,function_161,function_161,,2
testapi.c,41716,function_161,function_161,,2
testapi.c,41750,function_161,function_161,,2
testapi.c,41784,function_161,function_161,,2
testapi.c,41818,function_161,function_161,,2
testapi.c,41852,function_161,function_161,,2
testapi.c,41886,function_161,function_161,,2
testapi.c,41920,function_161,function_161,,2
testapi.c,4193,function_161,function_161,,2
testapi.c,41954,function_161,function_161,,2
testapi.c,41988,function_161,function_161,,2
testapi.c,42022,function_161,function_161,,2
testapi.c,42056,function_161,function_161,,2
testapi.c,42090,function_161,function_161,,2
testapi.c,42124,function_161,function_161,,2
testapi.c,42158,function_161,function_161,,2
testapi.c,42192,function_161,function_161,,2
testapi.c,42226,function_161,function_161,,2
testapi.c,42260,function_161,function_161,,2
testapi.c,42294,function_161,function_161,,2
testapi.c,423,global_317,global_1,,0
testapi.c,42328,function_161,function_161,,2
testapi.c,42362,function_161,function_161,,2
testapi.c,42396,function_161,function_161,,2
testapi.c,42430,function_161,function_161,,2
testapi.c,42464,function_161,function_161,,2
testapi.c,4248,function_161,function_161,,2
testapi.c,42498,function_161,function_161,,2
testapi.c,42532,function_161,function_161,,2
testapi.c,42566,function_161,function_161,,2
testapi.c,42600,function_161,function_161,,2
testapi.c,42634,function_161,function_161,,2
testapi.c,42668,function_161,function_161,,2
testapi.c,42702,function_161,function_161,,2
testapi.c,42736,function_161,function_161,,2
testapi.c,42770,function_161,function_161,,2
testapi.c,42804,function_161,function_161,,2
testapi.c,42838,function_161,function_161,,2
testapi.c,4286,function_161,function_161,,2
testapi.c,42872,function_161,function_161,,2
testapi.c,42906,function_161,function_161,,2
testapi.c,42940,function_161,function_161,,2
testapi.c,42974,function_161,function_161,,2
testapi.c,42992,global_6,global_1,,0
testapi.c,43180,function_170,global_74,,0
testapi.c,43185,function_161,function_161,,2
testapi.c,432,global_318,global_1,,0
testapi.c,43224,function_161,function_161,,2
testapi.c,4323,function_161,function_161,,2
testapi.c,43265,function_161,function_161,,2
testapi.c,433,global_318,global_1,,0
testapi.c,43301+,function_171,global_74,,0
testapi.c,43301,function_164,global_32,,0
testapi.c,43307,function_161,function_161,,2
testapi.c,43353,function_161,function_161,,2
testapi.c,43391,function_161,function_161,,2
testapi.c,434,global_318,global_1,,0
testapi.c,43425,function_161,function_161,,2
testapi.c,43459,function_161,function_161,,2
testapi.c,43493,function_161,function_161,,2
testapi.c,435,global_318,global_1,,0
testapi.c,43527,function_161,function_161,,2
testapi.c,43561,function_161,function_161,,2
testapi.c,4357,function_161,function_161,,2
testapi.c,43595,function_161,function_161,,2
testapi.c,436,global_318,global_1,,0
testapi.c,43629,function_161,function_161,,2
testapi.c,43663,function_161,function_161,,2
testapi.c,43697,function_161,function_161,,2
testapi.c,43731,function_161,function_161,,2
testapi.c,43765,function_161,function_161,,2
testapi.c,43804,function_161,function_161,,2
testapi.c,43845,function_161,function_161,,2
testapi.c,43886,function_161,function_161,,2
testapi.c,43927,function_161,function_161,,2
testapi.c,4394,function_161,function_161,,2
testapi.c,43978,function_161,function_161,,2
testapi.c,44018,function_161,function_161,,2
testapi.c,44052,function_161,function_161,,2
testapi.c,44101,function_161,function_161,,2
testapi.c,44146,function_161,function_161,,2
testapi.c,44187,function_161,function_161,,2
testapi.c,44233,function_161,function_161,,2
testapi.c,4428,function_161,function_161,,2
testapi.c,44286,function_161,function_161,,2
testapi.c,44331,function_161,function_161,,2
testapi.c,44382,function_161,function_161,,2
testapi.c,444,global_319,global_1,,0
testapi.c,44427,function_161,function_161,,2
testapi.c,44473,function_161,function_161,,2
testapi.c,445,global_319,global_1,,0
testapi.c,44531,function_161,function_161,,2
testapi.c,44588,function_161,function_161,,2
testapi.c,4460,function_161,function_161,,2
testapi.c,44643,function_161,function_161,,2
testapi.c,44688,function_161,function_161,,2
testapi.c,44729,function_161,function_161,,2
testapi.c,44785,function_161,function_161,,2
testapi.c,44837,function_161,function_161,,2
testapi.c,44885,function_161,function_161,,2
testapi.c,449,global_320,global_32,,0
testapi.c,4492,function_161,function_161,,2
testapi.c,44953,function_161,function_161,,2
testapi.c,45024,function_161,function_161,,2
testapi.c,45083,function_161,function_161,,2
testapi.c,45138,function_161,function_161,,2
testapi.c,45193,function_161,function_161,,2
testapi.c,4524,function_161,function_161,,2
testapi.c,45243,function_161,function_161,,2
testapi.c,45301,function_161,function_161,,2
testapi.c,45483,function_161,function_161,,2
testapi.c,45526,function_161,function_161,,2
testapi.c,45572,function_161,function_161,,2
testapi.c,456,global_226,global_1,,0
testapi.c,45615,function_161,function_161,,2
testapi.c,4564,function_161,function_161,,2
testapi.c,45765,global_6,global_1,,0
testapi.c,45869,function_161,function_161,,2
testapi.c,45903,function_161,function_161,,2
testapi.c,45937,function_161,function_161,,2
testapi.c,45971,function_161,function_161,,2
testapi.c,46005,function_161,function_161,,2
testapi.c,46039,function_161,function_161,,2
testapi.c,46073,function_161,function_161,,2
testapi.c,4610,function_161,function_161,,2
testapi.c,46107,function_161,function_161,,2
testapi.c,46141,function_161,function_161,,2
testapi.c,46175,function_161,function_161,,2
testapi.c,46209,function_161,function_161,,2
testapi.c,46243,function_161,function_161,,2
testapi.c,46277,function_161,function_161,,2
testapi.c,46311,function_161,function_161,,2
testapi.c,46350,function_161,function_161,,2
testapi.c,46421,function_161,function_161,,2
testapi.c,4643,function_161,function_161,,2
testapi.c,46462,function_161,function_161,,2
testapi.c,46513,function_161,function_161,,2
testapi.c,46554,function_161,function_161,,2
testapi.c,46589,function_161,function_161,,2
testapi.c,466,global_321,global_1,,0
testapi.c,46624,function_161,function_161,,2
testapi.c,46673,function_161,function_161,,2
testapi.c,46714,function_161,function_161,,2
testapi.c,4675,function_161,function_161,,2
testapi.c,46755,function_161,function_161,,2
testapi.c,46784,function_161,function_161,,2
testapi.c,46816,function_161,function_161,,2
testapi.c,46850,function_161,function_161,,2
testapi.c,46904,function_161,function_161,,2
testapi.c,46942,function_161,function_161,,2
testapi.c,46976,function_161,function_161,,2
testapi.c,47010,function_161,function_161,,2
testapi.c,47049,function_161,function_161,,2
testapi.c,47069,global_6,global_1,,0
testapi.c,47140,function_161,function_161,,2
testapi.c,47179,function_161,function_161,,2
testapi.c,472,global_322,global_75,,-1
testapi.c,4721,function_161,function_161,,2
testapi.c,47213,function_161,function_161,,2
testapi.c,47250,function_161,function_161,,2
testapi.c,47289,function_161,function_161,,2
testapi.c,47335,function_161,function_161,,2
testapi.c,47376,function_161,function_161,,2
testapi.c,47415,function_161,function_161,,2
testapi.c,47454,function_161,function_161,,2
testapi.c,47498,function_161,function_161,,2
testapi.c,47544,function_161,function_161,,2
testapi.c,47587,function_161,function_161,,2
testapi.c,4759,function_161,function_161,,2
testapi.c,47623,function_161,function_161,,2
testapi.c,47657,function_161,function_161,,2
testapi.c,47689,function_161,function_161,,2
testapi.c,47723,function_161,function_161,,2
testapi.c,47760,function_161,function_161,,2
testapi.c,47794,function_161,function_161,,2
testapi.c,47833,function_161,function_161,,2
testapi.c,47872,function_161,function_161,,2
testapi.c,47911,function_161,function_161,,2
testapi.c,47972,function_161,function_161,,2
testapi.c,480,global_96,global_1,,0
testapi.c,48011,function_161,function_161,,2
testapi.c,4804,function_161,function_161,,2
testapi.c,48052,function_161,function_161,,2
testapi.c,48088,function_161,function_161,,2
testapi.c,481,global_96,global_1,,0
testapi.c,48125,function_161,function_161,,2
testapi.c,48164,function_161,function_161,,2
testapi.c,482,global_96,global_1,,0
testapi.c,48205,function_161,function_161,,2
testapi.c,48246,function_161,function_161,,2
testapi.c,48285,function_161,function_161,,2
testapi.c,483,global_96,global_1,,0
testapi.c,48319,function_161,function_161,,2
testapi.c,48351,function_161,function_161,,2
testapi.c,48388,function_161,function_161,,2
testapi.c,484,global_96,global_1,,0
testapi.c,48424,function_161,function_161,,2
testapi.c,48458,function_161,function_161,,2
testapi.c,48492,function_161,function_161,,2
testapi.c,485,global_96,global_1,,0
testapi.c,4850,function_161,function_161,,2
testapi.c,48526,function_161,function_161,,2
testapi.c,48560,function_161,function_161,,2
testapi.c,486,global_96,global_1,,0
testapi.c,48604,function_161,function_161,,2
testapi.c,48643,function_161,function_161,,2
testapi.c,48684,function_161,function_161,,2
testapi.c,48725,function_161,function_161,,2
testapi.c,48766,function_161,function_161,,2
testapi.c,48807,function_161,function_161,,2
testapi.c,48848,function_161,function_161,,2
testapi.c,48889,function_161,function_161,,2
testapi.c,4889,function_161,function_161,,2
testapi.c,48930,function_161,function_161,,2
testapi.c,48971,function_161,function_161,,2
testapi.c,49012,function_161,function_161,,2
testapi.c,49053,function_161,function_161,,2
testapi.c,49094,function_161,function_161,,2
testapi.c,49135,function_161,function_161,,2
testapi.c,49176,function_161,function_161,,2
testapi.c,49217,function_161,function_161,,2
testapi.c,49258,function_161,function_161,,2
testapi.c,49304,function_161,function_161,,2
testapi.c,4933,function_161,function_161,,2
testapi.c,49347,function_161,function_161,,2
testapi.c,49388,function_161,function_161,,2
testapi.c,49427,function_161,function_161,,2
testapi.c,49468,function_161,function_161,,2
testapi.c,495,global_323,global_1,,0
testapi.c,49507,function_161,function_161,,2
testapi.c,49541,function_161,function_161,,2
testapi.c,49580,function_161,function_161,,2
testapi.c,496,global_323,global_1,,0
testapi.c,49621,function_161,function_161,,2
testapi.c,49660,function_161,function_161,,2
testapi.c,49696,function_161,function_161,,2
testapi.c,497,global_323,global_1,,0
testapi.c,49733,function_161,function_161,,2
testapi.c,49774,function_161,function_161,,2
testapi.c,4979,function_161,function_161,,2
testapi.c,49813,function_161,function_161,,2
testapi.c,49849,function_161,function_161,,2
testapi.c,49883,function_161,function_161,,2
testapi.c,49917,function_161,function_161,,2
testapi.c,49951,function_161,function_161,,2
testapi.c,49985,function_161,function_161,,2
testapi.c,50019,function_161,function_161,,2
testapi.c,50053,function_161,function_161,,2
testapi.c,50090,function_161,function_161,,2
testapi.c,501+,global_264,global_6,,0
testapi.c,501,global_264,global_2,,0
testapi.c,5011,function_161,function_161,,2
testapi.c,50124,function_161,function_161,,2
testapi.c,50198,function_161,function_161,,2
testapi.c,50246,function_161,function_161,,2
testapi.c,50309,function_161,function_161,,2
testapi.c,50347,function_161,function_161,,2
testapi.c,50379,function_161,function_161,,2
testapi.c,50411,function_161,function_161,,2
testapi.c,50443,function_161,function_161,,2
testapi.c,50480,function_161,function_161,,2
testapi.c,50519,function_161,function_161,,2
testapi.c,5053,function_161,function_161,,2
testapi.c,50555,function_161,function_161,,2
testapi.c,50592,function_161,function_161,,2
testapi.c,50631,function_161,function_161,,2
testapi.c,50665,function_161,function_161,,2
testapi.c,507,global_324,global_1,,0
testapi.c,50702,function_161,function_161,,2
testapi.c,50741,function_161,function_161,,2
testapi.c,50780,function_161,function_161,,2
testapi.c,50819,function_161,function_161,,2
testapi.c,50860,function_161,function_161,,2
testapi.c,50901,function_161,function_161,,2
testapi.c,50940,function_161,function_161,,2
testapi.c,50979,function_161,function_161,,2
testapi.c,51013,function_161,function_161,,2
testapi.c,51052,function_161,function_161,,2
testapi.c,51098,function_161,function_161,,2
testapi.c,511,global_325,global_1,,0
testapi.c,51136,function_161,function_161,,2
testapi.c,51170,function_161,function_161,,2
testapi.c,51204,function_161,function_161,,2
testapi.c,51251,function_161,function_161,,2
testapi.c,51275,global_6,global_1,,0
testapi.c,5129,function_161,function_161,,2
testapi.c,51414,function_161,function_161,,2
testapi.c,51453,function_161,function_161,,2
testapi.c,51487,function_161,function_161,,2
testapi.c,51534,function_161,function_161,,2
testapi.c,51583,function_161,function_161,,2
testapi.c,516,global_326,global_1,,0
testapi.c,51632,function_161,function_161,,2
testapi.c,51668,function_161,function_161,,2
testapi.c,51712,function_161,function_161,,2
testapi.c,51751,function_161,function_161,,2
testapi.c,51802,function_161,function_161,,2
testapi.c,51847,function_161,function_161,,2
testapi.c,51888,function_161,function_161,,2
testapi.c,51929,function_161,function_161,,2
testapi.c,5195,function_161,function_161,,2
testapi.c,51970,function_161,function_161,,2
testapi.c,520,global_327,global_35,,0
testapi.c,52011,function_161,function_161,,2
testapi.c,52050,function_161,function_161,,2
testapi.c,52086,function_161,function_161,,2
testapi.c,52104,global_6,global_1,,0
testapi.c,52132,function_41,global_1,,0
testapi.c,52133,function_41,global_1,,0
testapi.c,52134,function_41,global_1,,0
testapi.c,52135,function_41,global_1,,0
testapi.c,52136,function_41,global_1,,0
testapi.c,52137,function_41,global_1,,0
testapi.c,52138,function_41,global_1,,0
testapi.c,52139,function_41,global_1,,0
testapi.c,52140,function_41,global_1,,0
testapi.c,52141,function_41,global_1,,0
testapi.c,52142,function_41,global_1,,0
testapi.c,52143,function_41,global_1,,0
testapi.c,52144,function_41,global_1,,0
testapi.c,52145,function_41,global_1,,0
testapi.c,52146,function_41,global_1,,0
testapi.c,52147,function_41,global_1,,0
testapi.c,52148,function_41,global_1,,0
testapi.c,52149,function_41,global_1,,0
testapi.c,52150,function_41,global_1,,0
testapi.c,52151,function_41,global_1,,0
testapi.c,52152,function_41,global_1,,0
testapi.c,52153,function_41,global_1,,0
testapi.c,52154,function_41,global_1,,0
testapi.c,52155,function_41,global_1,,0
testapi.c,52156,function_41,global_1,,0
testapi.c,52157,function_41,global_1,,0
testapi.c,52158,function_41,global_1,,0
testapi.c,52159,function_41,global_1,,0
testapi.c,52160,function_41,global_1,,0
testapi.c,52161,function_41,global_1,,0
testapi.c,52162,function_41,global_1,,0
testapi.c,52163,function_41,global_1,,0
testapi.c,52164,function_41,global_1,,0
testapi.c,52165,function_41,global_1,,0
testapi.c,52166,function_41,global_1,,0
testapi.c,52167,function_41,global_1,,0
testapi.c,52168,function_41,global_1,,0
testapi.c,52169,function_41,global_1,,0
testapi.c,52170,function_41,global_1,,0
testapi.c,5237,function_161,function_161,,2
testapi.c,526,global_172,global_1,,0
testapi.c,527,global_172,global_1,,0
testapi.c,5276,function_161,function_161,,2
testapi.c,5295,global_6,global_1,,0
testapi.c,532,global_94,global_1,,0
testapi.c,534,global_94,global_8,,0
testapi.c,5384,function_161,function_161,,2
testapi.c,542,global_328,global_1,,0
testapi.c,544,global_328,global_1,,0
testapi.c,5458,function_161,function_161,,2
testapi.c,548,global_329,global_1,,0
testapi.c,549,global_329,global_40,,0
testapi.c,55,global_6,global_2,,0
testapi.c,5529,function_161,function_161,,2
testapi.c,5567,global_6,global_1,,0
testapi.c,557,global_330,global_1,,0
testapi.c,561,global_94,global_1,,0
testapi.c,5622,function_161,function_161,,2
testapi.c,566,global_172,global_1,,0
testapi.c,5665,function_161,function_161,,2
testapi.c,567,global_172,global_1,,0
testapi.c,5706,function_161,function_161,,2
testapi.c,5752,function_161,function_161,,2
testapi.c,576,global_331,global_1,,0
testapi.c,5795,function_161,function_161,,2
testapi.c,580,global_332,global_74,,0
testapi.c,5836,function_161,function_161,,2
testapi.c,587,global_333,global_1,,0
testapi.c,5877,function_161,function_161,,2
testapi.c,588,global_333,global_1,,0
testapi.c,589,global_333,global_1,,0
testapi.c,5923,function_161,function_161,,2
testapi.c,593,global_334,global_50,,0
testapi.c,5995,function_161,function_161,,2
testapi.c,600,global_112,global_1,,0
testapi.c,601,global_112,global_1,,0
testapi.c,6024,function_161,function_161,,2
testapi.c,605,global_94,global_16,,0
testapi.c,6056,function_161,function_161,,2
testapi.c,6100,function_161,function_161,,2
testapi.c,612,global_335,global_1,,0
testapi.c,6143,function_161,function_161,,2
testapi.c,616,global_336,global_20,,0
testapi.c,623,global_337,global_1,,0
testapi.c,6235,function_161,function_161,,2
testapi.c,6269,function_161,function_161,,2
testapi.c,627,global_338,global_31,,0
testapi.c,6303,function_161,function_161,,2
testapi.c,6337,function_161,function_161,,2
testapi.c,6369,function_161,function_161,,2
testapi.c,637,global_112,global_1,,0
testapi.c,638,global_112,global_1,,0
testapi.c,639,global_112,global_1,,0
testapi.c,640,global_112,global_1,,0
testapi.c,6403,function_161,function_161,,2
testapi.c,6430,function_161,function_161,,2
testapi.c,644,global_94,global_0,,0
testapi.c,65,global_6,global_40,,0
testapi.c,653,global_94,global_1,,0
testapi.c,6540,function_161,function_161,,2
testapi.c,6558,global_6,global_1,,0
testapi.c,657,global_94,global_24,,0
testapi.c,6625,function_161,function_161,,2
testapi.c,6659,function_161,function_161,,2
testapi.c,666,global_339,global_1,,0
testapi.c,667,global_339,global_1,,0
testapi.c,668,global_339,global_1,,0
testapi.c,6691,function_161,function_161,,2
testapi.c,67,global_6,global_2,,0
testapi.c,672,global_94,global_7,,0
testapi.c,6723,function_161,function_161,,2
testapi.c,6755,function_161,function_161,,2
testapi.c,6787,function_161,function_161,,2
testapi.c,681,global_112,global_1,,0
testapi.c,6819,function_161,function_161,,2
testapi.c,682,global_112,global_1,,0
testapi.c,683,global_112,global_1,,0
testapi.c,6851,function_161,function_161,,2
testapi.c,687,global_94,global_7,,0
testapi.c,6883,function_161,function_161,,2
testapi.c,6900,global_6,global_1,,0
testapi.c,6935,function_161,function_161,,2
testapi.c,695,global_340,global_1,,0
testapi.c,696,global_340,global_1,,0
testapi.c,697,global_340,global_1,,0
testapi.c,6974,function_161,function_161,,2
testapi.c,7018,function_161,function_161,,2
testapi.c,7064,function_161,function_161,,2
testapi.c,7105,function_161,function_161,,2
testapi.c,7144,function_161,function_161,,2
testapi.c,7183,function_161,function_161,,2
testapi.c,7222,function_161,function_161,,2
testapi.c,7266,function_161,function_161,,2
testapi.c,7312,function_161,function_161,,2
testapi.c,7358,function_161,function_161,,2
testapi.c,7399,function_161,function_161,,2
testapi.c,7435,function_161,function_161,,2
testapi.c,744,global_341,global_1,,0
testapi.c,7472,function_161,function_161,,2
testapi.c,7540,function_161,function_161,,2
testapi.c,7595,function_161,function_161,,2
testapi.c,76,global_6,global_8,,0
testapi.c,7650,function_161,function_161,,2
testapi.c,7705,function_161,function_161,,2
testapi.c,774,global_342,global_7,,0
testapi.c,7760,function_161,function_161,,2
testapi.c,778,global_343,global_6,,0
testapi.c,78,global_6,global_2,,0
testapi.c,7815,function_161,function_161,,2
testapi.c,7853,function_161,function_161,,2
testapi.c,7902,function_161,function_161,,2
testapi.c,795+,global_344,global_6,,0
testapi.c,795,global_344,global_8,,0
testapi.c,7957,function_161,function_161,,2
testapi.c,801,global_345,global_18,,0
testapi.c,8012,function_161,function_161,,2
testapi.c,8067,function_161,function_161,,2
testapi.c,807,global_346,global_39,,0
testapi.c,8091,global_6,global_1,,0
testapi.c,813,global_347,global_66,,0
testapi.c,8135,function_161,function_161,,2
testapi.c,8160,function_161,function_161,,2
testapi.c,818,global_348,global_67,,0
testapi.c,8190,function_161,function_161,,2
testapi.c,8232,function_161,function_161,,2
testapi.c,8288,function_161,function_161,,2
testapi.c,8329,function_161,function_161,,2
testapi.c,8373,function_161,function_161,,2
testapi.c,8410,function_161,function_161,,2
testapi.c,8452,function_161,function_161,,2
testapi.c,8479,function_161,function_161,,2
testapi.c,8494,global_6,global_1,,0
testapi.c,8548,function_161,function_161,,2
testapi.c,8603,function_161,function_161,,2
testapi.c,8677,function_161,function_161,,2
testapi.c,8719,function_161,function_161,,2
testapi.c,8765,function_161,function_161,,2
testapi.c,8811,function_161,function_161,,2
testapi.c,8855,function_161,function_161,,2
testapi.c,8885,function_161,function_161,,2
testapi.c,89,global_6,global_8,,0
testapi.c,8922,function_161,function_161,,2
testapi.c,8976,function_161,function_161,,2
testapi.c,9008,function_161,function_161,,2
testapi.c,9065,function_161,function_161,,2
testapi.c,910,global_349,global_1,,0
testapi.c,9102,function_161,function_161,,2
testapi.c,911,global_349,global_1,,0
testapi.c,9119,global_6,global_1,,0
testapi.c,915+,global_350,global_6,,0
testapi.c,915,global_350,global_2,,0
testapi.c,9188,function_161,function_161,,2
testapi.c,919+,global_351,global_6,,0
testapi.c,919,global_351,global_2,,0
testapi.c,924,global_285,global_1,,0
testapi.c,925,global_285,global_1,,0
testapi.c,9255,function_161,function_161,,2
testapi.c,929,global_352,global_32,,0
testapi.c,9292,function_161,function_161,,2
testapi.c,933,global_353,global_32,,0
testapi.c,9355,function_161,function_161,,2
testapi.c,9401,function_161,function_161,,2
testapi.c,9441,function_161,function_161,,2
testapi.c,9487,function_161,function_161,,2
testapi.c,9526,function_161,function_161,,2
testapi.c,9565,function_161,function_161,,2
testapi.c,9604,function_161,function_161,,2
testapi.c,9638,function_161,function_161,,2
testapi.c,9665,function_161,function_161,,2
testapi.c,972,global_354,global_76,,0
testapi.c,9722,function_161,function_161,,2
testapi.c,9749,global_6,global_1,,0
testapi.c,976,global_355,global_76,,0
testapi.c,9799,function_161,function_161,,2
testapi.c,9850,function_161,function_161,,2
testapi.c,9908,function_161,function_161,,2
testapi.c,9983,function_161,function_161,,2
testAutomata.c,102,function_172,global_77,,0
testAutomata.c,119,function_172,global_77,,0
testAutomata.c,130,function_172,global_77,,0
testAutomata.c,169,function_172,global_77,,0
testAutomata.c,188,global_1,global_1,,0
testAutomata.c,190+,global_1,global_1,,0
testAutomata.c,213,function_172,global_77,,0
testAutomata.c,221,global_1,global_1,,0
testAutomata.c,246,function_173,global_1,,0
testAutomata.c,248,function_173,global_1,,0
testAutomata.c,251,function_173,global_1,,0
testAutomata.c,253,function_173,global_1,,0
testAutomata.c,256,function_173,global_1,,0
testAutomata.c,258,function_173,global_1,,0
testAutomata.c,261,function_173,global_1,,0
testAutomata.c,263,function_173,global_1,,0
testAutomata.c,266,function_173,global_1,,0
testAutomata.c,268,function_173,global_1,,0
testAutomata.c,271,function_173,global_1,,0
testAutomata.c,273,function_173,global_1,,0
testAutomata.c,276,function_173,global_1,,0
testAutomata.c,278,function_173,global_1,,0
testAutomata.c,280,function_173,global_1,,0
testAutomata.c,282,function_173,global_1,,0
testAutomata.c,284,function_173,global_1,,0
testAutomata.c,45,function_6,global_14,,0
testAutomata.c,52,function_172,global_77,,0
testAutomata.c,68,function_128,global_7,,0
testAutomata.c,78,function_172,global_77,,0
testC14N.c,109,function_138,global_1,,0
testC14N.c,111,function_93,global_12,,0
testC14N.c,144,global_1,global_1,,0
testC14N.c,147,function_41,global_1,,0
testC14N.c,148,global_1,global_1,,0
testC14N.c,149,function_41,global_1,,0
testC14N.c,150,global_1,global_1,,0
testC14N.c,151,function_41,global_1,,0
testC14N.c,152,global_1,global_1,,0
testC14N.c,153,function_41,global_1,,0
testC14N.c,154,global_1,global_1,,0
testC14N.c,155,function_41,global_1,,0
testC14N.c,159,global_1,global_1,,0
testC14N.c,160,global_1,global_1,,0
testC14N.c,162,function_41,global_1,,0
testC14N.c,166,global_1,global_1,,0
testC14N.c,167,global_1,global_1,,0
testC14N.c,180,global_1,global_1,,0
testC14N.c,203,global_244,global_7,,0
testC14N.c,254,function_95,global_2,,0
testC14N.c,262,function_61,global_8,,0
testC14N.c,269+,function_20,global_1,,0
testC14N.c,280,function_134,global_7,,0
testC14N.c,287,function_135,global_65,,0
testC14N.c,299,function_136,global_1,,0
testC14N.c,313,function_137,global_0,,0
testC14N.c,75,function_95,global_2,,0
testC14N.c,83,function_61,global_8,,0
testC14N.c,92,global_356,global_7,,0
testchar.c,104+,global_1,global_1,global_1,0
testchar.c,105+,function_73,global_2,,0
testchar.c,105,global_6,global_1,,0
testchar.c,116+,function_73,global_2,,0
testchar.c,116,global_6,global_1,,0
testchar.c,125+,function_73,global_2,,0
testchar.c,125,global_6,global_1,,0
testchar.c,129,function_73,global_2,,0
testchar.c,153,function_34,global_32,,0
testchar.c,18++,global_6,global_1,,0
testchar.c,18+,global_357,global_41,,0
testchar.c,18,global_357,global_7,,0
testchar.c,250,global_1,global_1,,0
testchar.c,256+,global_1,global_1,,0
testchar.c,258,global_6,global_1,,0
testchar.c,261,global_1,global_1,,0
testchar.c,262,function_174,global_1,,0
testchar.c,264,function_174,global_1,,0
testchar.c,286+,global_1,global_1,global_1,0
testchar.c,287,global_6,global_1,,0
testchar.c,297+,global_1,global_1,global_1,0
testchar.c,298,global_6,global_1,,0
testchar.c,308+,global_1,global_1,global_1,0
testchar.c,309,global_6,global_1,,0
testchar.c,320,global_6,global_1,,0
testchar.c,329,global_6,global_1,,0
testchar.c,337,function_174,global_1,global_1,0
testchar.c,371,global_6,global_1,,0
testchar.c,380,global_1,global_1,global_1,0
testchar.c,381,global_6,global_1,,0
testchar.c,39+,global_1,global_358,,-1
testchar.c,39,global_1,global_358,,-1
testchar.c,392,global_1,global_1,global_1,0
testchar.c,393,global_6,global_1,,0
testchar.c,40+,function_73,global_2,,0
testchar.c,40,global_6,global_1,,0
testchar.c,404,global_6,global_1,,0
testchar.c,413,global_6,global_1,,0
testchar.c,46+,global_1,global_1,,0
testchar.c,46,global_1,global_1,,0
testchar.c,461,global_6,global_1,,0
testchar.c,47+,function_73,global_2,,0
testchar.c,47,global_6,global_1,,0
testchar.c,470,global_1,global_1,global_1,0
testchar.c,472,global_6,global_1,,0
testchar.c,483,global_1,global_1,global_1,0
testchar.c,484,global_6,global_1,,0
testchar.c,496,global_6,global_1,,0
testchar.c,505,global_6,global_1,,0
testchar.c,51+,global_1,global_1,,0
testchar.c,51,global_1,global_1,,0
testchar.c,52++,global_1,global_1,,0
testchar.c,52+,global_1,global_1,,0
testchar.c,52,global_1,global_1,,0
testchar.c,53+,function_73,global_2,,0
testchar.c,53,global_6,global_1,,0
testchar.c,546,function_34,global_32,,0
testchar.c,552,function_-1,global_34,,0
testchar.c,557,function_36,global_17,,0
testchar.c,57,function_73,global_2,,0
testchar.c,61,function_73,global_2,,0
testchar.c,82+,global_1,global_1,global_1,0
testchar.c,83+,function_73,global_2,,0
testchar.c,83,global_6,global_1,,0
testchar.c,93+,global_1,global_1,global_1,0
testchar.c,94+,function_73,global_2,,0
testchar.c,94,global_6,global_1,,0
testdict.c,100+,global_1,global_1,,0
testdict.c,100,global_1,global_1,,0
testdict.c,108,global_1,global_1,,0
testdict.c,115,global_1,global_1,,0
testdict.c,140,global_1,global_1,,0
testdict.c,158,function_-1,global_35,,0
testdict.c,180,global_1,global_1,,0
testdict.c,190,global_1,global_1,,0
testdict.c,204,global_1,global_1,,0
testdict.c,219,global_1,global_1,,0
testdict.c,220,function_65,global_1,,0
testdict.c,226,function_65,global_1,,0
testdict.c,237,global_1,global_1,,0
testdict.c,238,function_65,global_1,,0
testdict.c,249,global_1,global_1,,0
testdict.c,261,global_1,global_1,,0
testdict.c,273,global_1,global_1,,0
testdict.c,290,global_1,global_1,,0
testdict.c,321,function_40,global_35,,0
testdict.c,341,global_1,global_1,,0
testdict.c,351,global_1,global_1,,0
testdict.c,365,global_1,global_1,,0
testdict.c,380,global_1,global_1,,0
testdict.c,381,function_65,global_1,,0
testdict.c,392,global_1,global_1,,0
testdict.c,404,global_1,global_1,,0
testdict.c,435,function_-1,global_1,,0
testdict.c,50,global_1,global_1,,0
testdict.c,56,global_1,global_1,,0
testdict.c,61+,global_1,global_1,,0
testdict.c,61,global_1,global_1,,0
testdict.c,69,global_1,global_1,,0
testdict.c,76,global_1,global_1,,0
testdict.c,89,global_1,global_1,,0
testdict.c,95,global_1,global_1,,0
testHTML.c,153,global_248,global_7,,0
testHTML.c,157,global_248,global_7,,0
testHTML.c,184,global_250,global_7,,0
testHTML.c,188,global_250,global_7,,0
testHTML.c,374,global_226,global_26,,0
testHTML.c,627,global_6,global_1,,0
testHTML.c,635,function_6,global_14,,0
testHTML.c,659,global_6,global_1,,0
testHTML.c,665,function_6,global_14,,0
testHTML.c,698,global_6,global_1,,0
testHTML.c,721,global_6,global_1,,0
testHTML.c,729,function_6,global_14,,0
testHTML.c,764,global_6,global_1,,0
testHTML.c,777,global_6,global_1,,0
testHTML.c,779,global_6,global_1,,0
testHTML.c,780,global_6,global_7,,0
testHTML.c,807+,function_41,global_1,,0
testHTML.c,807,function_41,global_1,,0
testHTML.c,811+,function_41,global_1,,0
testHTML.c,811,function_41,global_1,,0
testHTML.c,814+,function_41,global_1,,0
testHTML.c,814,function_41,global_1,,0
testHTML.c,817+,function_41,global_1,,0
testHTML.c,817,function_41,global_1,,0
testHTML.c,819+,function_41,global_1,,0
testHTML.c,819,function_41,global_1,,0
testHTML.c,821,function_41,global_1,,0
testHTML.c,822,function_41,global_1,,0
testHTML.c,824,function_41,global_1,,0
testHTML.c,825,function_41,global_1,,0
testHTML.c,830,global_1,global_1,,0
testHTML.c,831,function_41,global_1,,0
testHTML.c,832,function_41,global_1,,0
testHTML.c,837,global_6,global_1,,0
testHTML.c,839,global_6,global_1,,0
testHTML.c,845,global_6,global_1,,0
testlimits.c,105+,function_74,global_1,,0
testlimits.c,105,global_359,global_7,,0
testlimits.c,121+,function_74,global_1,,0
testlimits.c,121,global_360,global_7,,0
testlimits.c,126,function_41,global_1,,0
testlimits.c,1270,function_34,global_32,,0
testlimits.c,1279,function_96,global_2,,0
testlimits.c,1284,global_361,global_1,,0
testlimits.c,1291,global_361,global_1,,0
testlimits.c,1325,function_103,global_50,,0
testlimits.c,1330,function_104,global_1,,0
testlimits.c,1333,function_104,global_1,,0
testlimits.c,1334,global_361,global_1,,0
testlimits.c,1337,function_74,global_1,,0
testlimits.c,1346,global_361,global_1,,0
testlimits.c,1347,function_74,global_1,,0
testlimits.c,1357,global_6,global_1,,0
testlimits.c,1441,global_362,global_-1,,0
testlimits.c,1478,global_6,global_1,,0
testlimits.c,148,global_363,global_7,,0
testlimits.c,1481,function_139,global_1,,0
testlimits.c,1483,global_6,global_1,,0
testlimits.c,1506,global_6,global_1,,0
testlimits.c,1524,global_6,global_1,,0
testlimits.c,1538,global_364,global_1,,0
testlimits.c,1539+,global_364,global_1,,0
testlimits.c,1539,global_364,global_1,,0
testlimits.c,1540,global_364,global_1,,0
testlimits.c,1541+,global_364,global_1,,0
testlimits.c,1541,global_364,global_1,,0
testlimits.c,1542,global_364,global_1,,0
testlimits.c,1543+,global_364,global_1,,0
testlimits.c,1543,global_364,global_1,,0
testlimits.c,1544+,global_364,global_1,,0
testlimits.c,1544,global_364,global_1,,0
testlimits.c,1545,global_364,global_1,,0
testlimits.c,1546,global_364,global_1,,0
testlimits.c,1547,global_364,global_1,,0
testlimits.c,1548+,global_364,global_1,,0
testlimits.c,1548,global_364,global_1,,0
testlimits.c,1549+,global_364,global_1,,0
testlimits.c,1549,global_364,global_1,,0
testlimits.c,1550+,global_364,global_1,,0
testlimits.c,1550,global_364,global_1,,0
testlimits.c,1551,global_364,global_1,,0
testlimits.c,1552,global_364,global_1,,0
testlimits.c,1553+,global_364,global_1,,0
testlimits.c,1553,global_364,global_1,,0
testlimits.c,1569,global_6,global_1,,0
testlimits.c,1579,global_6,global_1,,0
testlimits.c,1587,global_6,global_1,,0
testlimits.c,1589,global_6,global_1,,0
testlimits.c,1611,function_41,global_1,,0
testlimits.c,1613,function_41,global_1,,0
testlimits.c,1615,function_41,global_1,,0
testlimits.c,1624+,global_6,global_1,,0
testlimits.c,1624,global_6,global_1,,0
testlimits.c,183++,global_365,global_1,,0
testlimits.c,183+,global_365,global_7,,0
testlimits.c,183,global_365,global_7,,0
testlimits.c,186,global_6,global_1,,0
testlimits.c,187,global_365,global_6,,0
testlimits.c,199,global_6,global_1,,0
testlimits.c,200,global_365,global_6,,0
testlimits.c,211,global_6,global_1,,0
testlimits.c,212,global_365,global_1,,0
testlimits.c,215,global_6,global_6,,0
testlimits.c,220,global_6,global_6,,0
testlimits.c,268+,function_74,global_1,,0
testlimits.c,268,global_366,global_7,,0
testlimits.c,284+,function_74,global_1,,0
testlimits.c,284,global_367,global_7,,0
testlimits.c,306,global_368,global_7,,0
testlimits.c,324++,global_365,global_1,,0
testlimits.c,324+,global_365,global_7,,0
testlimits.c,324,global_365,global_7,,0
testlimits.c,327+,global_6,global_1,,0
testlimits.c,327,function_-1,global_1,,0
testlimits.c,333,global_6,global_1,,0
testlimits.c,334,global_365,global_6,,0
testlimits.c,345,global_6,global_1,,0
testlimits.c,346,global_365,global_6,,0
testlimits.c,357,global_6,global_1,,0
testlimits.c,358,global_365,global_1,,0
testlimits.c,361,global_6,global_6,,0
testlimits.c,410,global_6,global_1,,0
testlimits.c,417,global_6,function_113,global_1,-1
testlimits.c,442,global_111,global_17,,0
testlimits.c,498,global_243,global_41,,0
testlimits.c,514,global_1,global_1,,0
testlimits.c,545,global_1,global_1,,0
testlimits.c,55,function_-1,global_6,global_12,0
testlimits.c,609,global_1,global_1,,0
testlimits.c,625,global_1,global_1,,0
testlimits.c,630,function_18,global_1,,0
testlimits.c,637,global_1,global_1,,0
testlimits.c,678,function_72,global_1,,0
testlimits.c,683,function_72,global_1,,0
testModule.c,57,function_-1,global_1,,0
testOOM.c,117,function_-1,global_7,,0
testOOM.c,148+,function_10,global_1,,0
testOOM.c,154,function_6,global_14,,0
testOOM.c,177,global_6,global_1,,0
testOOM.c,178,function_131,global_1,,0
testOOM.c,181,function_131,global_1,,0
testOOM.c,184,function_102,global_7,,0
testOOM.c,197,function_131,global_1,,0
testOOM.c,199,function_101,global_7,,0
testOOM.c,201,function_176,global_1,,0
testOOM.c,203,function_101,global_7,,0
testOOM.c,207,function_101,global_7,,0
testOOM.c,210,function_176,global_1,,0
testOOM.c,212,function_131,global_1,,0
testOOM.c,214,function_101,global_7,,0
testOOM.c,236,global_6,global_1,,0
testOOM.c,249,global_6,global_1,,0
testOOM.c,264,function_177,global_50,,0
testOOM.c,270,global_6,global_1,,0
testOOM.c,271,function_-1,global_1,,0
testOOM.c,278,function_104,global_1,,0
testOOM.c,279,function_-1,global_1,,0
testOOM.c,282,function_104,global_1,,0
testOOM.c,285,global_6,global_1,,0
testOOM.c,295,global_1,global_1,,0
testOOM.c,301,global_6,global_1,,0
testOOM.c,305,global_1,global_1,,0
testOOM.c,313,function_177,global_50,,0
testOOM.c,322,global_1,global_1,,0
testOOM.c,336+,function_41,global_1,,0
testOOM.c,336,function_41,global_1,,0
testOOM.c,338+,function_41,global_1,,0
testOOM.c,338,function_41,global_1,,0
testOOM.c,340,function_41,global_1,,0
testOOM.c,341,function_41,global_1,,0
testOOM.c,343,function_41,global_1,,0
testOOM.c,344,function_41,global_1,,0
testOOM.c,347,global_6,global_1,,0
testOOM.c,349,global_1,global_1,,0
testOOM.c,355,function_-1,global_1,,0
testOOM.c,364,function_-1,global_1,,0
testOOM.c,86,global_370,global_12,,0
testOOMlib.c,125,function_178,global_1,,0
testOOMlib.c,131,global_371,global_12,,0
testOOMlib.c,138,function_179,global_7,,0
testOOMlib.c,149,function_178,global_1,,0
testOOMlib.c,155,global_372,global_12,,0
testOOMlib.c,165+,function_180,global_7,,0
testOOMlib.c,165,global_372,global_7,,0
testOOMlib.c,175,global_373,global_7,,0
testOOMlib.c,189,global_374,global_7,,0
testOOMlib.c,195,function_-1,global_7,,0
testOOMlib.c,210,global_375,global_1,,0
testOOMlib.c,255,function_181,global_1,,0
testOOMlib.c,259,function_181,global_1,,0
testOOMlib.c,263,function_181,global_1,,0
testOOMlib.c,90,global_6,global_1,,0
testOOMlib.c,93,global_6,global_6,,0
testReader.c,108,global_1,global_1,,0
testReader.c,114+,function_41,global_1,,0
testReader.c,114,function_41,global_1,,0
testReader.c,116+,function_41,global_1,,0
testReader.c,116,function_41,global_1,,0
testReader.c,118+,function_41,global_1,,0
testReader.c,118,function_41,global_1,,0
testReader.c,120+,function_41,global_1,,0
testReader.c,120,function_41,global_1,,0
testReader.c,122+,function_41,global_1,,0
testReader.c,122,function_41,global_1,,0
testReader.c,124,function_41,global_1,,0
testReader.c,125,function_41,global_1,,0
testReader.c,128,global_6,global_1,,0
testReader.c,129,global_1,global_1,,0
testReader.c,58,global_6,global_1,,0
testReader.c,59,function_131,global_1,,0
testReader.c,70,global_6,global_1,,0
testReader.c,76,function_177,global_50,,0
testReader.c,77,global_6,global_1,,0
testReader.c,84,function_104,global_1,,0
testReader.c,92,global_6,global_1,,0
testReader.c,95,function_104,global_1,,0
testReader.c,97,global_6,global_1,,0
testrecurse.c,186+,function_74,global_1,,0
testrecurse.c,186,global_359,global_7,,0
testrecurse.c,202+,function_74,global_1,,0
testrecurse.c,202,global_360,global_7,,0
testrecurse.c,219,global_363,global_7,,0
testrecurse.c,238++,global_365,global_1,,0
testrecurse.c,238+,global_365,global_7,,0
testrecurse.c,238,global_365,global_7,,0
testrecurse.c,241,global_365,global_6,,0
testrecurse.c,242,global_6,global_1,,0
testrecurse.c,250,global_6,global_1,,0
testrecurse.c,255,global_6,global_1,global_1,0
testrecurse.c,295,function_112,global_1,,0
testrecurse.c,318,global_6,global_1,,0
testrecurse.c,325,global_6,function_113,global_1,-1
testrecurse.c,350,global_111,global_17,,0
testrecurse.c,406,global_243,global_41,,0
testrecurse.c,422,global_1,global_1,,0
testrecurse.c,453,global_1,global_1,,0
testrecurse.c,517,global_1,global_1,,0
testrecurse.c,533,global_1,global_1,,0
testrecurse.c,538,function_18,global_1,,0
testrecurse.c,545,global_1,global_1,,0
testrecurse.c,586,function_72,global_1,,0
testrecurse.c,600,global_246,global_7,,0
testrecurse.c,624,global_66,global_7,,0
testrecurse.c,626,global_66,global_7,,0
testrecurse.c,643,function_37,global_1,,0
testrecurse.c,692,function_96,global_2,,0
testrecurse.c,731,function_96,global_2,,0
testrecurse.c,767,function_103,global_50,,0
testrecurse.c,772,function_104,global_1,,0
testrecurse.c,775,function_104,global_1,,0
testrecurse.c,821,global_245,global_-1,,0
testrecurse.c,828,function_112,global_1,,0
testrecurse.c,833,function_122,global_7,,0
testrecurse.c,843,function_122,global_7,,0
testrecurse.c,850+,function_112,global_1,,0
testrecurse.c,850,function_122,global_7,,0
testrecurse.c,852+,function_112,global_1,,0
testrecurse.c,852,function_122,global_7,,0
testrecurse.c,868,function_118,function_118,,1
testrecurse.c,869,function_118,function_118,,1
testrecurse.c,870,global_6,global_1,,0
testrecurse.c,879,function_122,global_7,,0
testrecurse.c,881,function_122,global_7,,0
testrecurse.c,909,global_6,global_1,,0
testrecurse.c,912,function_139,global_1,,0
testrecurse.c,914,global_6,global_1,,0
testrecurse.c,934,function_41,global_1,,0
testrecurse.c,936,function_41,global_1,,0
testrecurse.c,940,function_121,global_7,,0
testrecurse.c,952+,global_6,global_1,,0
testrecurse.c,952,global_6,global_1,,0
testRegexp.c,103,function_128,global_7,,0
testRegexp.c,118,function_100,global_1,,0
testRegexp.c,140,function_182,global_79,,0
testRegexp.c,149+,function_183,global_1,,0
testRegexp.c,149,global_1,global_1,,0
testRegexp.c,151+,function_183,global_1,,0
testRegexp.c,151,global_1,global_1,,0
testRegexp.c,153+,function_183,global_1,,0
testRegexp.c,153,global_1,global_1,,0
testRegexp.c,155+,function_183,global_1,,0
testRegexp.c,155,global_1,global_1,,0
testRegexp.c,160,function_100,function_100,,-1
testRegexp.c,166,function_100,function_100,,-1
testRegexp.c,177,function_100,global_1,,0
testRegexp.c,191,function_182,global_79,,0
testRegexp.c,199,function_-1,global_79,,0
testRegexp.c,205,function_184,global_1,,0
testRegexp.c,225,global_376,global_79,,0
testRegexp.c,23,function_185,global_1,,0
testRegexp.c,232,function_184,global_1,,0
testRegexp.c,235,function_186,global_1,,0
testRegexp.c,243,function_-1,global_79,,0
testRegexp.c,25,function_185,global_1,,0
testRegexp.c,283,global_1,global_1,,0
testRegexp.c,288,function_41,global_1,,0
testRegexp.c,29,global_6,global_1,,0
testRegexp.c,293,function_41,global_1,,0
testRegexp.c,296+,function_41,global_1,,0
testRegexp.c,296,function_41,global_1,,0
testRegexp.c,298,function_41,global_1,,0
testRegexp.c,299,function_41,global_1,,0
testRegexp.c,302,function_41,global_1,,0
testRegexp.c,303,function_41,global_1,,0
testRegexp.c,306+,function_41,global_1,,0
testRegexp.c,306,function_41,global_1,,0
testRegexp.c,307,function_41,global_1,,0
testRegexp.c,332,global_1,global_1,,0
testRegexp.c,333,function_41,global_1,,0
testRegexp.c,335+,function_41,global_1,,0
testRegexp.c,336,global_1,global_1,,0
testRegexp.c,345,global_6,global_1,,0
testRegexp.c,360,global_1,global_1,,0
testRegexp.c,361,function_41,global_1,,0
testRegexp.c,363+,function_41,global_1,,0
testRegexp.c,364,global_1,global_1,,0
testRegexp.c,373,global_6,global_1,,0
testRegexp.c,44,function_6,global_14,,0
testRegexp.c,49,function_128,global_7,,0
testRegexp.c,98,function_6,global_14,,0
testRelax.c,128,global_6,global_1,,0
testRelax.c,131,global_6,global_1,,0
testRelax.c,139,function_95,global_2,,0
testRelax.c,151,function_187,global_1,,0
testRelax.c,153,function_187,global_1,,0
testRelax.c,64+,function_41,global_1,,0
testRelax.c,64,function_41,global_1,,0
testRelax.c,69+,function_41,global_1,,0
testRelax.c,69,function_41,global_1,,0
testRelax.c,73+,function_41,global_1,,0
testRelax.c,73,function_41,global_1,,0
testRelax.c,76+,function_41,global_1,,0
testRelax.c,76,function_41,global_1,,0
testRelax.c,82,global_1,global_1,,0
testRelax.c,88,global_6,global_1,,0
testRelax.c,92,function_37,global_1,,0
testRelax.c,94,function_9,global_1,,0
testRelax.c,98,function_188,global_13,,0
testSAX.c,1008,global_6,global_1,,0
testSAX.c,1011+,global_6,global_1,,0
testSAX.c,1011,global_6,global_1,,0
testSAX.c,1020,function_6,global_14,,0
testSAX.c,1049,function_6,global_14,,0
testSAX.c,1056,global_6,global_1,,0
testSAX.c,1076,global_6,global_1,,0
testSAX.c,1080+,global_6,global_1,,0
testSAX.c,1080,global_6,global_1,,0
testSAX.c,1082,function_189,global_1,,0
testSAX.c,1091,global_6,global_1,,0
testSAX.c,1094,global_6,global_1,,0
testSAX.c,1102,global_6,global_1,,0
testSAX.c,1106,function_189,global_1,,0
testSAX.c,1109,global_6,global_1,,0
testSAX.c,1119,function_189,global_1,,0
testSAX.c,1136+,function_41,global_1,,0
testSAX.c,1136,function_41,global_1,,0
testSAX.c,1138+,function_41,global_1,,0
testSAX.c,1138,function_41,global_1,,0
testSAX.c,1140,function_41,global_1,,0
testSAX.c,1141,function_41,global_1,,0
testSAX.c,1143,function_41,global_1,,0
testSAX.c,1144,function_41,global_1,,0
testSAX.c,1150,function_41,global_1,,0
testSAX.c,1151,function_41,global_1,,0
testSAX.c,1153,function_41,global_1,,0
testSAX.c,1154,function_41,global_1,,0
testSAX.c,1158,function_41,global_1,,0
testSAX.c,1159,function_41,global_1,,0
testSAX.c,1162,function_41,global_1,,0
testSAX.c,1163,function_41,global_1,,0
testSAX.c,1165,function_41,global_1,,0
testSAX.c,1166,function_41,global_1,,0
testSAX.c,1168,function_41,global_1,,0
testSAX.c,1169,function_41,global_1,,0
testSAX.c,1171,function_41,global_1,,0
testSAX.c,1172,function_41,global_1,,0
testSAX.c,1175,global_6,global_1,,0
testSAX.c,1176,global_1,global_1,,0
testSAX.c,1178,global_6,global_1,,0
testSAX.c,1182,global_6,global_1,,0
testSAX.c,259,global_6,global_1,,0
testSAX.c,277,global_6,global_1,,0
testSAX.c,295,global_6,global_1,,0
testSAX.c,312,global_6,global_1,,0
testSAX.c,315,global_248,global_7,,0
testSAX.c,319,global_248,global_7,,0
testSAX.c,336,global_6,global_1,,0
testSAX.c,339,global_249,global_7,,0
testSAX.c,343,global_249,global_7,,0
testSAX.c,367,global_6,global_1,,0
testSAX.c,373,global_250,global_7,,0
testSAX.c,377,global_250,global_7,,0
testSAX.c,402,global_6,global_1,,0
testSAX.c,421,global_6,global_1,,0
testSAX.c,445,global_251,global_7,,0
testSAX.c,447,global_251,global_7,,0
testSAX.c,449,global_251,global_7,,0
testSAX.c,452,global_6,global_1,,0
testSAX.c,472,global_6,global_1,,0
testSAX.c,474,global_133,global_7,,0
testSAX.c,497,global_6,global_1,,0
testSAX.c,517,global_6,global_1,,0
testSAX.c,540,global_225,global_7,,0
testSAX.c,542,global_225,global_7,,0
testSAX.c,544,global_225,global_7,,0
testSAX.c,547,global_6,global_1,,0
testSAX.c,566,global_6,global_1,,0
testSAX.c,581,global_6,global_1,,0
testSAX.c,596,global_6,global_1,,0
testSAX.c,614,global_6,global_1,,0
testSAX.c,617,global_226,global_26,,0
testSAX.c,638,global_6,global_1,,0
testSAX.c,659,global_6,global_1,,0
testSAX.c,679,global_6,global_1,,0
testSAX.c,701,global_6,global_1,,0
testSAX.c,723,global_6,global_1,,0
testSAX.c,725,global_229,global_7,,0
testSAX.c,745,global_6,global_1,,0
testSAX.c,762,global_6,global_1,,0
testSAX.c,782,global_6,global_1,,0
testSAX.c,805,global_6,global_1,,0
testSAX.c,828,global_6,global_1,,0
testSAX.c,897,global_6,global_1,,0
testSAX.c,900,global_94,global_7,,0
testSAX.c,904,global_94,global_7,,0
testSAX.c,910,global_94,global_26,,0
testSAX.c,920,global_94,global_26,,0
testSAX.c,921,global_1,global_94,global_1,0
testSAX.c,947,global_6,global_1,,0
testSAX.c,950,global_230,global_7,,0
testSAX.c,954,global_230,global_7,,0
testSchemas.c,119,global_6,global_1,,0
testSchemas.c,130,function_95,global_2,,0
testSchemas.c,142,function_190,global_1,,0
testSchemas.c,144,function_190,global_1,,0
testSchemas.c,64+,function_41,global_1,,0
testSchemas.c,64,function_41,global_1,,0
testSchemas.c,69+,function_41,global_1,,0
testSchemas.c,69,function_41,global_1,,0
testSchemas.c,73+,function_41,global_1,,0
testSchemas.c,73,function_41,global_1,,0
testSchemas.c,78,global_1,global_1,,0
testSchemas.c,84,global_6,global_1,,0
testSchemas.c,88,function_37,global_1,,0
testSchemas.c,90,function_9,global_1,,0
testSchemas.c,94,function_188,global_13,,0
testURI.c,101,function_128,global_7,,0
testURI.c,30,global_6,global_7,,0
testURI.c,32,function_130,global_1,,0
testURI.c,35,global_6,global_1,,0
testURI.c,49,global_6,global_1,,0
testURI.c,77,global_1,global_1,,0
testURI.c,78+,function_41,global_1,,0
testURI.c,78,function_41,global_1,,0
testURI.c,81,global_6,global_7,,0
testURI.c,84,global_1,global_1,,0
testURI.c,85+,function_41,global_1,,0
testURI.c,85,function_41,global_1,,0
testURI.c,89,global_1,global_1,,0
testURI.c,90+,function_41,global_1,,0
testURI.c,90,function_41,global_1,,0
testWriter.c,1001,function_191,global_7,,0
testWriter.c,1006,function_192,global_1,,0
testWriter.c,1010,function_191,global_7,,0
testWriter.c,1014,function_192,global_1,,0
testWriter.c,1021,function_192,global_1,,0
testWriter.c,1028,function_192,global_1,,0
testWriter.c,1036,function_192,global_1,,0
testWriter.c,1044,function_192,global_1,,0
testWriter.c,1052,function_192,global_1,,0
testWriter.c,1059,function_192,global_1,,0
testWriter.c,1067,function_192,global_1,,0
testWriter.c,1075,function_192,global_1,,0
testWriter.c,108,function_192,global_1,,0
testWriter.c,1083,function_192,global_1,,0
testWriter.c,1090,function_192,global_1,,0
testWriter.c,1097,function_192,global_1,,0
testWriter.c,1105,function_192,global_1,,0
testWriter.c,1112,function_192,global_1,,0
testWriter.c,1122,function_192,global_1,,0
testWriter.c,113,function_191,global_7,,0
testWriter.c,1153,global_377,global_7,,0
testWriter.c,1158,function_43,global_25,,0
testWriter.c,1160,global_377,global_7,,0
testWriter.c,117,function_192,global_1,,0
testWriter.c,126,function_192,global_1,,0
testWriter.c,135,function_192,global_1,,0
testWriter.c,146,function_192,global_1,,0
testWriter.c,151,function_191,global_7,,0
testWriter.c,155,function_192,global_1,,0
testWriter.c,164,function_192,global_1,,0
testWriter.c,173,function_192,global_1,,0
testWriter.c,182,function_192,global_1,,0
testWriter.c,187,function_191,global_7,,0
testWriter.c,192,function_192,global_1,,0
testWriter.c,197,function_191,global_7,,0
testWriter.c,201,function_192,global_1,,0
testWriter.c,209,function_192,global_1,,0
testWriter.c,217,function_192,global_1,,0
testWriter.c,226,function_192,global_1,,0
testWriter.c,235,function_192,global_1,,0
testWriter.c,243,function_192,global_1,,0
testWriter.c,251,function_192,global_1,,0
testWriter.c,260,function_192,global_1,,0
testWriter.c,269,function_192,global_1,,0
testWriter.c,277,function_192,global_1,,0
testWriter.c,285,function_192,global_1,,0
testWriter.c,293,function_192,global_1,,0
testWriter.c,302,function_192,global_1,,0
testWriter.c,310,function_192,global_1,,0
testWriter.c,321,function_192,global_1,,0
testWriter.c,348,function_117,global_16,,0
testWriter.c,356,function_170,global_74,,0
testWriter.c,365,function_192,global_1,,0
testWriter.c,374,function_192,global_1,,0
testWriter.c,387,function_192,global_1,,0
testWriter.c,392,function_191,global_7,,0
testWriter.c,396,function_192,global_1,,0
testWriter.c,405,function_192,global_1,,0
testWriter.c,414,function_192,global_1,,0
testWriter.c,425,function_192,global_1,,0
testWriter.c,430,function_191,global_7,,0
testWriter.c,434,function_192,global_1,,0
testWriter.c,443,function_192,global_1,,0
testWriter.c,452,function_192,global_1,,0
testWriter.c,461,function_192,global_1,,0
testWriter.c,466,function_191,global_7,,0
testWriter.c,472,function_192,global_1,,0
testWriter.c,477,function_191,global_7,,0
testWriter.c,481,function_192,global_1,,0
testWriter.c,488,function_192,global_1,,0
testWriter.c,496,function_192,global_1,,0
testWriter.c,505,function_192,global_1,,0
testWriter.c,514,function_192,global_1,,0
testWriter.c,522,function_192,global_1,,0
testWriter.c,529,function_192,global_1,,0
testWriter.c,538,function_192,global_1,,0
testWriter.c,547,function_192,global_1,,0
testWriter.c,555,function_192,global_1,,0
testWriter.c,562,function_192,global_1,,0
testWriter.c,569,function_192,global_1,,0
testWriter.c,578,function_192,global_1,,0
testWriter.c,586,function_192,global_1,,0
testWriter.c,596,function_192,global_1,,0
testWriter.c,604,function_6,global_14,,0
testWriter.c,633,function_165,global_74,,0
testWriter.c,642,function_192,global_1,,0
testWriter.c,650,function_192,global_1,,0
testWriter.c,662,function_192,global_1,,0
testWriter.c,666,function_191,global_7,,0
testWriter.c,670,function_192,global_1,,0
testWriter.c,678,function_192,global_1,,0
testWriter.c,686,function_192,global_1,,0
testWriter.c,696,function_192,global_1,,0
testWriter.c,701,function_191,global_7,,0
testWriter.c,705,function_192,global_1,,0
testWriter.c,713,function_192,global_1,,0
testWriter.c,722,function_192,global_1,,0
testWriter.c,731,function_192,global_1,,0
testWriter.c,735,function_191,global_7,,0
testWriter.c,740,function_192,global_1,,0
testWriter.c,744,function_191,global_7,,0
testWriter.c,748,function_192,global_1,,0
testWriter.c,755,function_192,global_1,,0
testWriter.c,762,function_192,global_1,,0
testWriter.c,77,function_-1,global_74,,0
testWriter.c,770,function_192,global_1,,0
testWriter.c,778,function_192,global_1,,0
testWriter.c,786,function_192,global_1,,0
testWriter.c,793,function_192,global_1,,0
testWriter.c,801,function_192,global_1,,0
testWriter.c,809,function_192,global_1,,0
testWriter.c,817,function_192,global_1,,0
testWriter.c,824,function_192,global_1,,0
testWriter.c,831,function_192,global_1,,0
testWriter.c,839,function_192,global_1,,0
testWriter.c,846,function_192,global_1,,0
testWriter.c,856,function_192,global_1,,0
testWriter.c,86,function_192,global_1,,0
testWriter.c,886,function_140,global_2,,0
testWriter.c,895,function_-1,global_8,,0
testWriter.c,905,function_-1,global_74,,0
testWriter.c,914,function_192,global_1,,0
testWriter.c,926,function_192,global_1,,0
testWriter.c,930,function_191,global_7,,0
testWriter.c,934,function_192,global_1,,0
testWriter.c,942,function_192,global_1,,0
testWriter.c,95,function_192,global_1,,0
testWriter.c,951,function_192,global_1,,0
testWriter.c,962,function_192,global_1,,0
testWriter.c,967,function_191,global_7,,0
testWriter.c,971,function_192,global_1,,0
testWriter.c,979,function_192,global_1,,0
testWriter.c,988,function_192,global_1,,0
testWriter.c,997,function_192,global_1,,0
testXPath.c,122,function_6,global_14,,0
testXPath.c,127,function_128,global_7,,0
testXPath.c,151+,function_41,global_1,,0
testXPath.c,151,function_41,global_1,,0
testXPath.c,155+,function_41,global_1,,0
testXPath.c,155,function_41,global_1,,0
testXPath.c,157+,function_41,global_1,,0
testXPath.c,157,function_41,global_1,,0
testXPath.c,159+,function_41,global_1,,0
testXPath.c,159,function_41,global_1,,0
testXPath.c,161+,function_41,global_1,,0
testXPath.c,161,function_41,global_1,,0
testXPath.c,163,function_41,global_1,,0
testXPath.c,164,function_41,global_1,,0
testXPath.c,166+,function_41,global_1,,0
testXPath.c,166,function_41,global_1,,0
testXPath.c,168+,function_41,global_1,,0
testXPath.c,168,function_41,global_1,,0
testXPath.c,171,global_6,global_1,,0
testXPath.c,176,global_6,global_1,,0
testXPath.c,181,global_6,global_2,,0
testXPath.c,187,global_1,global_1,,0
testXPath.c,188+,function_41,global_1,,0
testXPath.c,188,function_41,global_1,,0
testXPath.c,216,global_6,global_2,,0
testXPath.c,84,global_6,global_1,,0
testXPath.c,91,global_6,global_1,,0
testXPath.c,98,function_114,global_62,,0
testXPath.c,99,global_6,global_1,,0
tree.c,222,global_378,global_7,,0
tree.c,223,global_378,global_7,,0
tree.c,228,global_378,global_7,,0
tree.c,266,global_379,global_26,,0
tree.c,268,global_379,global_7,,0
tree.c,292,global_379,global_7,,0
tree.c,299,global_379,global_7,,0
tree.c,325,global_380,global_7,,0
tree.c,326,global_380,global_26,,0
tree.c,371,global_226,global_7,,0
tree.c,377,global_226,global_1,,0
tree1.c,56,global_1,global_1,,0
tree2.c,89,global_1,global_1,global_1,0
tree2.c,96,global_1,global_1,,0
triostr.c,149,global_381,global_7,,0
triostr.c,191,global_382,global_7,,0
triostr.c,192,global_382,global_7,,0
triostr.c,194,function_-1,global_7,,0
triostr.c,223,global_383,global_7,,0
triostr.c,224,global_383,global_7,,0
triostr.c,228,global_383,function_-1,,0
triostr.c,251,global_384,global_7,,0
triostr.c,252,global_384,global_7,,0
uri.c,1034,global_385,global_1,,0
uri.c,1064,global_386,global_22,,0
uri.c,1078,global_1,global_1,,0
uri.c,1080,function_193,global_7,,0
uri.c,1085,global_1,global_1,,0
uri.c,1087,function_193,global_7,,0
uri.c,1095,global_1,global_1,global_1,0
uri.c,1097,function_193,global_7,,0
uri.c,1112,global_1,global_1,global_1,0
uri.c,1114,function_193,global_7,,0
uri.c,1122,global_1,global_1,global_1,0
uri.c,1124,function_193,global_7,,0
uri.c,1141,global_1,global_1,global_1,0
uri.c,1143,function_193,global_7,,0
uri.c,1151,global_1,global_1,,0
uri.c,1153,function_193,global_7,,0
uri.c,1159,global_1,global_1,global_1,0
uri.c,1161,function_193,global_7,,0
uri.c,1168,global_1,global_1,global_1,0
uri.c,1170,function_193,global_7,,0
uri.c,1177,global_1,global_1,global_1,0
uri.c,1179,function_193,global_7,,0
uri.c,1196,global_1,global_1,global_1,0
uri.c,1198,function_193,global_7,,0
uri.c,1213,function_20,global_1,,0
uri.c,1214,global_1,global_1,global_1,0
uri.c,1216,function_193,global_7,,0
uri.c,1224,global_1,global_1,global_1,0
uri.c,1226,function_193,global_7,,0
uri.c,1244,global_1,global_1,global_1,0
uri.c,1246,function_193,global_7,,0
uri.c,1252,global_1,global_1,global_1,0
uri.c,1254,function_193,global_7,,0
uri.c,1260,global_1,global_1,global_1,0
uri.c,1262,function_193,global_7,,0
uri.c,1268,global_1,global_1,global_1,0
uri.c,1270,function_193,global_7,,0
uri.c,1286,global_1,global_1,global_1,0
uri.c,1288,function_193,global_7,,0
uri.c,1294,global_1,global_1,global_1,0
uri.c,1296,function_193,global_7,,0
uri.c,1310,global_1,global_1,,0
uri.c,1312,function_193,global_7,,0
uri.c,1335,function_194,global_7,,0
uri.c,1349,global_387,global_22,,0
uri.c,1379,global_388,global_22,,0
uri.c,1414,global_389,global_7,,0
uri.c,1615,global_61,global_7,,0
uri.c,1617,global_61,global_1,,0
uri.c,1618,global_61,global_1,,0
uri.c,1620,global_61,global_7,,0
uri.c,1630,global_61,global_1,,0
uri.c,1631+++,function_195,global_1,,0
uri.c,1631++,function_195,global_1,,0
uri.c,1631,global_61,global_1,,0
uri.c,1675,global_390,global_7,,0
uri.c,1680,function_18,global_1,,0
uri.c,1691,function_18,global_1,global_1,0
uri.c,1693,function_193,global_7,,0
uri.c,1703++++++++++++++++,function_15,global_7,,0
uri.c,1753,global_391,global_7,,0
uri.c,1757,function_23,global_22,,0
uri.c,1763,function_130,global_1,,0
uri.c,1769,function_23,global_22,,0
uri.c,1896,global_392,global_7,,0
uri.c,1899,global_392,global_28,,0
uri.c,1908,global_1,global_1,,0
uri.c,1917,global_392,global_7,,0
uri.c,1925,global_1,global_1,,0
uri.c,211,global_393,global_26,,0
uri.c,2173,global_394,global_7,,0
uri.c,2185,function_130,global_1,,0
uri.c,2193,global_394,global_7,,0
uri.c,220,global_393,global_22,,0
uri.c,2202,function_130,global_1,,0
uri.c,2213,function_59,global_1,,0
uri.c,2214,function_59,global_1,,0
uri.c,2218,function_20,global_1,,0
uri.c,2280+,global_1,global_1,,0
uri.c,2335+,global_1,global_1,,0
uri.c,2399,global_395,global_7,,0
uri.c,2419,function_23,global_22,,0
uri.c,2426,function_57,global_7,,0
uri.c,2449,function_-1,global_7,,0
uri.c,2453,function_23,global_22,,0
uri.c,248,global_396,global_26,,0
uri.c,2531,global_397,global_7,,0
uri.c,2534,function_23,global_22,,0
uri.c,2539,function_196,global_7,,0
uri.c,255,global_396,global_22,,0
uri.c,257,global_396,global_22,,0
uri.c,285,global_94,global_26,,0
uri.c,291,global_94,global_22,,0
uri.c,293,global_94,global_22,,0
uri.c,330,global_398,global_22,,0
uri.c,333,global_398,global_22,,0
uri.c,365,global_399,global_22,,0
uri.c,38,global_276,global_7,,0
uri.c,453,function_197,global_1,,0
uri.c,458,function_197,global_1,,0
uri.c,462,function_197,global_1,,0
uri.c,466,function_197,global_1,,0
uri.c,478,global_266,global_22,,0
uri.c,517,function_198,global_1,,0
uri.c,522,function_198,global_1,,0
uri.c,526,function_198,global_1,,0
uri.c,555,global_400,global_1,,0
uri.c,588,function_199,global_1,,0
uri.c,590,global_401,global_22,,0
uri.c,629,function_199,global_1,,0
uri.c,633,function_199,global_1,,0
uri.c,636,global_402,global_22,,0
uri.c,672,function_199,global_1,,0
uri.c,676,function_199,global_1,,0
uri.c,678,global_403,global_22,,0
uri.c,714,function_199,global_1,,0
uri.c,718,function_199,global_1,,0
uri.c,720,global_393,global_22,,0
uri.c,761,function_200,global_1,,0
uri.c,765,function_200,global_1,,0
uri.c,770,function_200,global_1,,0
uri.c,773,function_200,global_1,,0
uri.c,776,global_404,global_22,,0
uri.c,808,function_200,global_1,,0
uri.c,810,function_200,global_1,,0
uri.c,813,function_200,global_1,,0
uri.c,816,function_200,global_1,,0
uri.c,819,global_405,global_22,,0
uri.c,828,function_200,global_1,,0
uri.c,833,function_200,global_1,,0
uri.c,860,function_201,global_1,,0
uri.c,866,function_201,global_1,,0
uri.c,870,function_201,global_1,,0
uri.c,875,function_201,global_1,,0
uri.c,900,global_94,global_7,,0
uri.c,909,function_202,global_1,,0
uri.c,912,function_202,global_1,,0
uri.c,935,global_406,global_7,,0
uri.c,938,function_23,global_22,,0
uri.c,940,function_-1,global_1,,0
uri.c,981,global_407,global_7,,0
uri.c,984,function_23,global_22,,0
uri.c,985,global_407,global_1,,0
uri.c,989,function_130,global_1,,0
valid.c,1012,global_408,global_76,,3
valid.c,1014,global_408,global_2,,0
valid.c,104,global_94,global_75,,0
valid.c,1045,global_408,global_76,,3
valid.c,1105,global_409,global_2,,0
valid.c,1108,global_409,global_76,,3
valid.c,1124+,function_65,global_1,,0
valid.c,1126+,function_65,global_1,,0
valid.c,116,global_94,global_7,,0
valid.c,1160,global_410,global_76,,3
valid.c,1162,global_410,global_1,,0
valid.c,1207,global_410,global_1,,0
valid.c,1253,global_94,global_76,,0
valid.c,1260,global_94,global_1,,0
valid.c,1322,global_94,global_1,,0
valid.c,1353,global_411,global_66,,3
valid.c,1390,global_412,global_40,,0
valid.c,1393,global_412,global_7,,0
valid.c,1399,global_412,global_76,,3
valid.c,1407,global_412,global_76,,3
valid.c,1415,global_412,global_76,,3
valid.c,1423,global_412,global_76,,3
valid.c,1441,function_204,global_7,,0
valid.c,1459,function_204,global_7,,0
valid.c,1495,function_204,global_7,,0
valid.c,1509,function_204,global_7,,0
valid.c,151,global_11,global_75,,0
valid.c,1524,function_204,global_7,,0
valid.c,1537,function_111,global_1,,0
valid.c,1547,function_204,global_7,,0
valid.c,1567,global_412,global_75,,3
valid.c,1571,global_412,global_76,,3
valid.c,1589,function_204,global_7,,0
valid.c,1666+,global_280,global_66,,0
valid.c,1666,global_280,global_16,,0
valid.c,1738+,global_413,global_31,,0
valid.c,1738,global_413,global_16,,0
valid.c,1764,global_414,global_7,,0
valid.c,1777,global_415,global_80,,3
valid.c,1799,global_416,global_80,,3
valid.c,1801,function_-1,global_80,,0
valid.c,1820+,global_417,global_80,,3
valid.c,1820,global_417,global_16,,0
valid.c,1850,global_418,global_66,,3
valid.c,1855+,global_418,global_1,,0
valid.c,1855,global_1,global_1,,0
valid.c,1876,global_419,global_67,,3
valid.c,1885+,function_65,global_1,,0
valid.c,1887+,function_65,global_1,,0
valid.c,1889+,function_65,global_1,,0
valid.c,1892,function_65,global_1,,0
valid.c,1936,global_217,global_40,,0
valid.c,1940,global_217,global_7,,0
valid.c,1944,global_217,global_7,,0
valid.c,1983,global_217,global_7,,0
valid.c,1984,function_-1,global_1,,0
valid.c,1989,global_217,global_75,,0
valid.c,2054,global_217,global_7,,0
valid.c,2065,function_-1,global_1,,0
valid.c,2083,function_-1,global_66,,0
valid.c,2086,global_217,global_1,,0
valid.c,2087,function_-1,global_1,,0
valid.c,2091,global_217,global_75,,0
valid.c,2100,function_20,global_1,,0
valid.c,2102,function_20,global_1,,0
valid.c,2109,function_20,global_1,,0
valid.c,2110+,function_20,global_1,,0
valid.c,2211+,global_420,global_67,,3
valid.c,2211,global_420,global_16,,0
valid.c,2304+,global_287,global_31,,0
valid.c,2304,global_287,global_16,,0
valid.c,2323,global_421,global_-1,,0
valid.c,235,global_11,global_75,,0
valid.c,2353,global_422,global_40,,0
valid.c,2356,global_422,global_7,,0
valid.c,2359+,global_422,global_7,,0
valid.c,2359,global_422,global_7,,0
valid.c,2391,global_422,global_7,,0
valid.c,2393,global_422,global_7,,0
valid.c,2400,function_54,global_1,,0
valid.c,2481+,global_94,global_-1,,0
valid.c,2481,global_94,global_16,,0
valid.c,2520+,global_423,global_31,,0
valid.c,2520,global_423,global_16,,0
valid.c,2553,global_424,global_-1,,0
valid.c,2559++,function_65,global_1,,0
valid.c,2561++,function_65,global_1,,0
valid.c,2583,global_51,global_2,,0
valid.c,2586,global_51,global_7,,0
valid.c,2589,global_51,global_18,,0
valid.c,2617,global_51,global_75,,0
valid.c,2632,function_54,global_1,,0
valid.c,2637,global_51,global_75,,0
valid.c,2645,global_51,global_18,,0
valid.c,2676,global_213,global_18,,0
valid.c,2678,function_41,global_1,,0
valid.c,2679,function_41,global_1,,0
valid.c,2681,global_213,global_2,,0
valid.c,2686,function_20,global_1,,0
valid.c,2687,function_20,global_1,,0
valid.c,2688+,function_20,global_1,,0
valid.c,2688,global_213,global_8,,0
valid.c,2691,global_213,global_8,,0
valid.c,2741,global_425,global_2,,0
valid.c,2742,global_425,global_18,,0
valid.c,2749,function_17,global_7,,0
valid.c,2778,global_426,global_2,,0
valid.c,2782,global_426,global_7,,0
valid.c,2906,global_427,global_2,,0
valid.c,2909,global_427,global_7,,0
valid.c,2912,global_427,global_18,,0
valid.c,2939,global_427,global_75,,3
valid.c,3182,global_428,global_40,,0
valid.c,3189,global_428,global_1,,0
valid.c,3210+,global_428,global_1,,0
valid.c,3274,global_429,global_40,,0
valid.c,64,global_94,global_75,,0
valid.c,662,global_430,global_76,,3
valid.c,681,function_148,global_7,,0
valid.c,76,global_94,global_7,,0
valid.c,815+,global_431,global_66,,3
valid.c,815,global_431,global_75,,3
valid.c,823,function_205,global_1,,0
valid.c,842,function_205,global_1,,0
valid.c,926,global_432,global_2,,0
valid.c,931,global_432,global_7,,0
valid.c,940,global_432,global_7,,0
valid.c,960,global_432,global_7,,0
valid.c,965,function_-1,global_7,,0
wrappers.c,102,function_-1,global_7,,0
wrappers.c,105,global_6,global_7,,0
wrappers.c,50,function_-1,global_7,,0
wrappers.c,53,function_-1,global_7,,0
xinclude.c,111,global_433,global_81,,3
xinclude.c,132,global_434,global_81,,3
xinclude.c,1419,function_23,global_22,,0
xinclude.c,1436,function_194,global_7,,0
xinclude.c,1455+,function_20,global_1,,0
xinclude.c,1464,function_20,global_1,,0
xinclude.c,1509,function_20,global_1,,0
xinclude.c,1514,function_20,global_1,,0
xinclude.c,1574,function_-1,global_65,,0
xinclude.c,1583,function_-1,global_0,,0
xinclude.c,1691+,function_194,global_7,,0
xinclude.c,1704,function_206,global_7,,0
xinclude.c,1710,function_207,global_7,,0
xinclude.c,1716,function_15,global_7,,0
xinclude.c,1722,function_206,global_7,,0
xinclude.c,1729,function_207,global_7,,0
xinclude.c,1737,function_20,global_1,,0
xinclude.c,1748,function_206,global_7,,0
xinclude.c,1751,function_154,global_7,,0
xinclude.c,177,function_206,global_7,,0
xinclude.c,181,function_206,global_7,,0
xinclude.c,1811,function_23,global_22,,0
xinclude.c,1825,function_194,global_7,,0
xinclude.c,1847,function_20,global_1,,0
xinclude.c,1866,global_1,global_1,,0
xinclude.c,1882,function_-1,global_17,,0
xinclude.c,1903,function_208,global_1,,0
xinclude.c,1914,function_-1,global_1,,0
xinclude.c,195,global_436,global_82,,3
xinclude.c,2037,global_437,global_81,,3
xinclude.c,2039,global_437,global_1,,0
xinclude.c,2049,function_165,global_7,,0
xinclude.c,2051,function_165,global_7,,0
xinclude.c,2055,function_165,global_7,,0
xinclude.c,2056,function_20,global_1,,0
xinclude.c,2058,function_20,global_1,,0
xinclude.c,2064,function_165,global_7,,0
xinclude.c,2066,function_165,global_7,,0
xinclude.c,2076,function_209,global_7,,0
xinclude.c,2081,function_154,global_7,,0
xinclude.c,2090,function_210,global_7,,0
xinclude.c,2092,function_210,global_7,,0
xinclude.c,2095,function_154,global_7,,0
xinclude.c,2098,function_165,global_7,,0
xinclude.c,2100,function_165,global_7,,0
xinclude.c,2102,function_209,global_7,,0
xinclude.c,2118,global_1,global_1,,0
xinclude.c,2130,function_211,global_1,,0
xinclude.c,2143,function_20,global_1,,0
xinclude.c,2144,function_20,global_1,,0
xinclude.c,2145,function_20,global_1,,0
xinclude.c,2147,function_211,global_1,,0
xinclude.c,2153,function_211,global_1,,0
xinclude.c,2163,function_154,global_7,,0
xinclude.c,2165,function_165,global_7,,0
xinclude.c,2167,function_165,global_7,,0
xinclude.c,2169,function_209,global_7,,0
xinclude.c,2187,global_438,global_81,,3
xinclude.c,2189,global_438,global_1,,0
xinclude.c,2222,global_1,global_1,,0
xinclude.c,2285,global_439,global_8,,0
xinclude.c,2291,function_20,global_1,,0
xinclude.c,2292,function_20,global_1,,0
xinclude.c,2293,function_20,global_1,,0
xinclude.c,2303,function_20,global_1,,0
xinclude.c,2310,function_20,global_1,,0
xinclude.c,2311,function_20,global_1,,0
xinclude.c,2312,function_20,global_1,,0
xinclude.c,2319,function_20,global_1,,0
xinclude.c,2325,global_1,global_1,,0
xinclude.c,2333,function_20,global_1,,0
xinclude.c,2337,function_20,global_1,,0
xinclude.c,2338,function_20,global_1,,0
xinclude.c,2339,function_20,global_1,,0
xinclude.c,2367+,global_440,global_8,,0
xinclude.c,2367,global_440,global_2,,0
xinclude.c,2369,global_440,global_81,,3
xinclude.c,238,global_94,global_7,,0
xinclude.c,2383,function_212,global_1,,0
xinclude.c,2385,global_440,global_8,,0
xinclude.c,2392,function_212,global_1,,0
xinclude.c,2396,function_212,global_1,,0
xinclude.c,2403,global_440,global_8,,0
xinclude.c,2407,function_212,global_1,,0
xinclude.c,2411,global_440,global_8,,0
xinclude.c,2457,global_94,global_81,,0
xinclude.c,2481,global_441,global_8,,0
xinclude.c,2486,function_213,global_81,,4
xinclude.c,2515,global_442,global_2,,0
xinclude.c,2518,function_61,global_8,,0
xinclude.c,2567,global_94,global_8,,0
xinclude.c,2571,function_213,global_81,,4
xinclude.c,2612,global_439,global_8,,0
xinclude.c,2613+,global_439,global_81,,3
xinclude.c,287,global_443,global_2,,0
xinclude.c,385,global_444,global_81,,3
xinclude.c,502,global_445,global_81,,3
xinclude.c,504,global_445,global_8,,0
xinclude.c,514,function_165,global_7,,0
xinclude.c,516,function_165,global_7,,0
xinclude.c,522,function_165,global_7,,0
xinclude.c,523,function_20,global_1,,0
xinclude.c,525,function_20,global_1,,0
xinclude.c,530,function_165,global_7,,0
xinclude.c,532,function_165,global_7,,0
xinclude.c,542,function_209,global_7,,0
xinclude.c,547,function_154,global_7,,0
xinclude.c,556,function_210,global_7,,0
xinclude.c,558,function_210,global_7,,0
xinclude.c,561,function_165,global_7,,0
xinclude.c,563,function_165,global_7,,0
xinclude.c,565,function_209,global_7,,0
xinclude.c,567,function_154,global_7,,0
xinclude.c,578,function_23,global_22,,0
xinclude.c,609,function_194,global_7,,0
xinclude.c,620,global_1,global_1,,0
xinclude.c,635,function_20,global_1,,0
xinclude.c,644,function_-1,global_82,,0
xlink.c,127,global_446,global_8,,0
xlink.c,128,global_446,global_2,,0
xlink.c,129,global_446,global_2,,0
xlink.c,134,function_20,global_1,,0
xlink.c,151,function_20,global_1,,0
xlink.c,153,function_20,global_1,,0
xlink.c,158,function_32,global_21,,0
xlink.c,160,function_20,global_1,,0
xlink.c,167,function_20,global_1,,0
xmlcatalog.c,184,function_41,global_1,,0
xmlcatalog.c,185,function_41,global_1,,0
xmlcatalog.c,186,function_41,global_1,,0
xmlcatalog.c,191,function_41,global_1,,0
xmlcatalog.c,192,global_1,global_1,,0
xmlcatalog.c,196,function_214,global_7,,0
xmlcatalog.c,203,function_41,global_1,,0
xmlcatalog.c,204,global_1,global_1,,0
xmlcatalog.c,208,function_214,global_7,,0
xmlcatalog.c,215,function_41,global_1,,0
xmlcatalog.c,216,global_6,global_1,,0
xmlcatalog.c,217+,global_1,global_1,,0
xmlcatalog.c,217,global_1,global_1,,0
xmlcatalog.c,226,function_215,global_1,,0
xmlcatalog.c,230+,global_1,global_1,,0
xmlcatalog.c,230,global_1,global_1,,0
xmlcatalog.c,239,function_215,global_1,,0
xmlcatalog.c,243,function_41,global_1,,0
xmlcatalog.c,244,global_1,global_1,,0
xmlcatalog.c,248,function_215,global_1,,0
xmlcatalog.c,252,function_41,global_1,,0
xmlcatalog.c,253,global_1,global_1,,0
xmlcatalog.c,258,function_214,global_7,,0
xmlcatalog.c,265,function_41,global_1,,0
xmlcatalog.c,271,function_41,global_1,,0
xmlcatalog.c,278,function_41,global_1,,0
xmlcatalog.c,282,global_6,global_1,,0
xmlcatalog.c,287,function_41,global_1,,0
xmlcatalog.c,334,global_1,global_1,,0
xmlcatalog.c,341,function_41,global_1,,0
xmlcatalog.c,346,function_41,global_1,,0
xmlcatalog.c,347,function_41,global_1,,0
xmlcatalog.c,348,function_41,global_1,,0
xmlcatalog.c,351,function_41,global_1,,0
xmlcatalog.c,352,function_41,global_1,,0
xmlcatalog.c,354,function_41,global_1,,0
xmlcatalog.c,355,function_41,global_1,,0
xmlcatalog.c,358,function_41,global_1,,0
xmlcatalog.c,359,function_41,global_1,,0
xmlcatalog.c,361,function_41,global_1,,0
xmlcatalog.c,362,function_41,global_1,,0
xmlcatalog.c,364,function_41,global_1,,0
xmlcatalog.c,365,function_41,global_1,,0
xmlcatalog.c,367,function_41,global_1,,0
xmlcatalog.c,368,function_41,global_1,,0
xmlcatalog.c,370,function_41,global_1,,0
xmlcatalog.c,371,function_41,global_1,,0
xmlcatalog.c,372,global_6,global_1,,0
xmlcatalog.c,377,function_41,global_1,,0
xmlcatalog.c,378,function_41,global_1,,0
xmlcatalog.c,388,global_1,global_1,,0
xmlcatalog.c,389,function_41,global_1,,0
xmlcatalog.c,390,function_41,global_1,,0
xmlcatalog.c,391,global_6,global_1,,0
xmlcatalog.c,396,function_41,global_1,,0
xmlcatalog.c,397,function_41,global_1,,0
xmlcatalog.c,401+,global_6,global_1,,0
xmlcatalog.c,401,global_1,global_1,,0
xmlcatalog.c,412+,global_6,global_1,,0
xmlcatalog.c,412,function_216,global_1,,0
xmlcatalog.c,418,global_6,global_1,,0
xmlcatalog.c,421+,global_6,global_1,,0
xmlcatalog.c,421,global_6,global_1,,0
xmlcatalog.c,422,global_1,global_1,,0
xmlcatalog.c,423,function_41,global_1,,0
xmlcatalog.c,428+,function_41,global_1,,0
xmlcatalog.c,428,function_41,global_1,,0
xmlcatalog.c,429+,function_41,global_1,,0
xmlcatalog.c,429,function_41,global_1,,0
xmlcatalog.c,432,global_6,global_1,,0
xmlcatalog.c,441,function_41,global_1,,0
xmlcatalog.c,442,function_41,global_1,,0
xmlcatalog.c,448,global_6,global_1,,0
xmlcatalog.c,461,function_216,global_1,,0
xmlcatalog.c,466+,global_6,global_1,,0
xmlcatalog.c,466,global_6,global_1,,0
xmlcatalog.c,467,function_217,global_1,,0
xmlcatalog.c,473,function_216,global_1,,0
xmlcatalog.c,482,global_6,global_1,,0
xmlcatalog.c,485,function_217,global_1,,0
xmlcatalog.c,489,function_6,global_14,,0
xmlcatalog.c,499,global_6,global_1,,0
xmlcatalog.c,500,function_217,global_1,,0
xmlcatalog.c,504,function_6,global_14,,0
xmlcatalog.c,522,function_41,global_1,,0
xmlcatalog.c,523,function_41,global_1,,0
xmlcatalog.c,531,function_216,global_1,,0
xmlcatalog.c,536,function_41,global_1,,0
xmlcatalog.c,537,function_41,global_1,,0
xmlcatalog.c,539,function_216,global_1,,0
xmlcatalog.c,549,global_6,global_1,,0
xmlcatalog.c,552,global_1,global_1,,0
xmlcatalog.c,557,function_23,global_22,,0
xmlcatalog.c,559,function_214,global_7,,0
xmlcatalog.c,569,function_214,global_7,,0
xmlcatalog.c,572,function_214,global_7,,0
xmlcatalog.c,586++++,global_6,global_1,,0
xmlcatalog.c,586+++,global_6,global_1,,0
xmlcatalog.c,586++,global_6,global_1,,0
xmlcatalog.c,586+,global_6,global_1,,0
xmlcatalog.c,586,global_6,global_1,,0
xmlcatalog.c,587+,global_6,global_7,,0
xmlcatalog.c,587,global_6,global_1,,0
xmlcatalog.c,591,function_6,global_14,,0
xmlcatalog.c,81,global_447,global_7,,0
xmlcatalog.c,83,function_128,global_7,,0
xmlcatalog.c,88,function_8,global_7,,0
xmlIO.c,1011,global_6,global_14,,0
xmlIO.c,1029+,global_448,global_7,,0
xmlIO.c,1029,global_448,global_7,,0
xmlIO.c,1051+,global_449,global_7,,0
xmlIO.c,1051,global_449,global_7,,0
xmlIO.c,1054+,function_7,global_1,,0
xmlIO.c,1075,global_150,global_7,,0
xmlIO.c,1080,function_218,global_1,,0
xmlIO.c,1086,function_-1,global_1,,0
xmlIO.c,1087,function_218,global_1,,0
xmlIO.c,1102,global_450,global_7,,0
xmlIO.c,1104,function_218,global_1,,0
xmlIO.c,1126,function_-1,global_1,,0
xmlIO.c,1848,function_94,global_1,,0
xmlIO.c,1884,global_451,global_7,,0
xmlIO.c,1959+,global_94,global_1,,0
xmlIO.c,1959,global_94,global_7,,0
xmlIO.c,1981++,global_77,global_7,,0
xmlIO.c,1984,global_77,global_1,,0
xmlIO.c,1996,global_77,global_1,,0
xmlIO.c,2047+,global_51,global_7,,0
xmlIO.c,2138+,global_1,global_1,,0
xmlIO.c,2138,global_1,global_1,,0
xmlIO.c,2208,function_94,global_1,,0
xmlIO.c,2238+,global_150,global_1,,0
xmlIO.c,2238,global_150,global_7,,0
xmlIO.c,2272,global_6,global_1,,0
xmlIO.c,2299,global_6,global_1,,0
xmlIO.c,2318,global_6,global_1,,0
xmlIO.c,2356,global_6,global_1,,0
xmlIO.c,2404,global_6,global_1,,0
xmlIO.c,2478,function_51,global_1,,0
xmlIO.c,2482,global_452,global_25,,0
xmlIO.c,2534,global_452,global_25,,0
xmlIO.c,2565,global_453,global_34,,0
xmlIO.c,2601,global_454,global_24,,0
xmlIO.c,2634,global_6,global_1,,0
xmlIO.c,2637,global_455,global_7,,0
xmlIO.c,2662,function_219,global_34,,0
xmlIO.c,2714,global_6,global_-1,,0
xmlIO.c,272,global_456,global_1,,0
xmlIO.c,2734,global_6,global_1,,0
xmlIO.c,2737,global_457,global_7,,0
xmlIO.c,274,function_46,global_1,,0
xmlIO.c,2740,function_23,global_22,,0
xmlIO.c,2750,function_20,global_1,,0
xmlIO.c,276,function_46,global_1,,0
xmlIO.c,279,function_46,global_1,,0
xmlIO.c,282,function_46,global_1,,0
xmlIO.c,2836,function_68,global_24,,0
xmlIO.c,285,function_46,global_1,,0
xmlIO.c,2863,global_6,global_-1,,0
xmlIO.c,288,function_46,global_1,,0
xmlIO.c,2884,global_6,global_1,,0
xmlIO.c,2887,global_458,global_14,,0
xmlIO.c,2890,function_219,global_34,,0
xmlIO.c,291,function_46,global_1,,0
xmlIO.c,2914,global_6,global_1,,0
xmlIO.c,2917,global_459,global_14,,0
xmlIO.c,2920,function_68,global_24,,0
xmlIO.c,294,function_46,global_1,,0
xmlIO.c,2943,global_460,global_16,,0
xmlIO.c,2963,global_461,global_24,,0
xmlIO.c,297,function_46,global_1,,0
xmlIO.c,2979,global_462,global_24,,0
xmlIO.c,300,function_46,global_1,,0
xmlIO.c,3002,global_19,global_1,,0
xmlIO.c,3005,function_219,global_34,,0
xmlIO.c,303,function_46,global_1,,0
xmlIO.c,3030,global_463,global_1,,0
xmlIO.c,3031,global_463,global_7,,0
xmlIO.c,3034,function_219,global_34,,0
xmlIO.c,3039,function_220,global_1,,0
xmlIO.c,306,function_46,global_1,,0
xmlIO.c,3066,global_464,global_1,,0
xmlIO.c,3067,global_464,global_7,,0
xmlIO.c,309,function_46,global_1,,0
xmlIO.c,3108,global_465,global_1,,0
xmlIO.c,3111,function_68,global_24,,0
xmlIO.c,312,function_46,global_1,,0
xmlIO.c,3138,global_466,global_1,,0
xmlIO.c,3141,function_219,global_34,,0
xmlIO.c,315,function_46,global_1,,0
xmlIO.c,3169,global_467,global_1,,0
xmlIO.c,3172,function_68,global_24,,0
xmlIO.c,318,function_46,global_1,,0
xmlIO.c,3194,global_6,global_-1,,0
xmlIO.c,321,function_46,global_1,,0
xmlIO.c,3215,global_6,global_-1,,0
xmlIO.c,324,function_46,global_1,,0
xmlIO.c,3242,global_19,global_1,,0
xmlIO.c,3243,global_19,global_34,,0
xmlIO.c,3254,function_220,global_1,,0
xmlIO.c,327,function_46,global_1,,0
xmlIO.c,3271,function_220,global_1,,0
xmlIO.c,330,function_46,global_1,,0
xmlIO.c,3316,global_468,global_34,,0
xmlIO.c,3317+,global_468,global_1,,0
xmlIO.c,3317,global_468,global_1,,0
xmlIO.c,3320,function_49,global_12,,0
xmlIO.c,3326,function_221,global_1,,0
xmlIO.c,333,function_46,global_1,,0
xmlIO.c,336,function_46,global_1,,0
xmlIO.c,339,function_46,global_1,,0
xmlIO.c,3410,global_469,global_34,,0
xmlIO.c,3413,function_51,global_1,,0
xmlIO.c,342,function_46,global_1,,0
xmlIO.c,3441,global_470,global_24,,0
xmlIO.c,3442,global_470,global_1,,0
xmlIO.c,3447,global_470,global_1,,0
xmlIO.c,345,function_46,global_1,,0
xmlIO.c,3461,function_220,global_1,,0
xmlIO.c,3464,function_47,global_12,,0
xmlIO.c,3471+,function_220,global_1,,0
xmlIO.c,3471,function_220,global_1,,0
xmlIO.c,3479,function_220,global_1,,0
xmlIO.c,348,function_46,global_1,,0
xmlIO.c,3486+,global_470,global_1,,0
xmlIO.c,3486,global_1,global_1,,0
xmlIO.c,3496,function_220,global_1,,0
xmlIO.c,3501,function_220,global_1,,0
xmlIO.c,3504,function_220,global_1,,0
xmlIO.c,351,function_46,global_1,,0
xmlIO.c,3512,global_470,global_1,,0
xmlIO.c,354,function_46,global_1,,0
xmlIO.c,357,function_46,global_1,,0
xmlIO.c,360,function_46,global_1,,0
xmlIO.c,3608++,global_472,global_7,,0
xmlIO.c,3608,global_472,global_24,,0
xmlIO.c,3610,function_51,global_1,,0
xmlIO.c,3615,global_472,global_1,,0
xmlIO.c,363,function_46,global_1,,0
xmlIO.c,3631,function_221,global_1,,0
xmlIO.c,3653,function_47,global_12,,0
xmlIO.c,366,function_46,global_1,,0
xmlIO.c,3676,global_1,global_1,,0
xmlIO.c,369,function_46,global_1,,0
xmlIO.c,3700,function_49,global_12,,0
xmlIO.c,372,function_46,global_1,,0
xmlIO.c,3731,global_473,global_24,,0
xmlIO.c,3732,global_473,global_7,,0
xmlIO.c,375,function_46,global_1,,0
xmlIO.c,3753,global_474,global_24,,0
xmlIO.c,378,function_46,global_1,,0
xmlIO.c,381,function_46,global_1,,0
xmlIO.c,3821,global_6,global_1,,0
xmlIO.c,3824,global_475,global_7,,0
xmlIO.c,384,function_46,global_1,,0
xmlIO.c,3844,function_-1,global_7,,0
xmlIO.c,387,function_46,global_1,,0
xmlIO.c,3874,global_476,global_17,,0
xmlIO.c,3883,function_-1,global_1,,0
xmlIO.c,3895,function_57,global_7,,0
xmlIO.c,3896,function_57,global_7,,0
xmlIO.c,3898,function_-1,global_7,,0
xmlIO.c,390,function_46,global_1,,0
xmlIO.c,3902,function_43,global_25,,0
xmlIO.c,3917,function_-1,global_7,,0
xmlIO.c,393,function_46,global_1,,0
xmlIO.c,3936,global_477,global_7,,0
xmlIO.c,3939,function_94,global_1,,0
xmlIO.c,3945,function_94,global_1,,0
xmlIO.c,396,function_46,global_1,,0
xmlIO.c,3983+,function_222,global_1,,0
xmlIO.c,3983,function_223,global_1,,0
xmlIO.c,3987,global_478,global_32,,0
xmlIO.c,3988,function_223,global_1,,0
xmlIO.c,3989,function_223,global_1,,0
xmlIO.c,399,function_46,global_1,,0
xmlIO.c,3998,function_223,global_1,,0
xmlIO.c,3999,function_223,global_1,,0
xmlIO.c,4003+,global_478,global_7,,0
xmlIO.c,4009+,function_222,global_1,,0
xmlIO.c,4012,global_478,global_32,,0
xmlIO.c,4013,function_223,global_1,,0
xmlIO.c,4014,function_223,global_1,,0
xmlIO.c,4018,function_223,global_1,,0
xmlIO.c,4019,function_223,global_1,,0
xmlIO.c,402,function_46,global_1,,0
xmlIO.c,405,function_46,global_1,,0
xmlIO.c,4056,global_94,global_32,,0
xmlIO.c,4072,global_94,global_7,,0
xmlIO.c,4078+,global_7,global_94,,0
xmlIO.c,408,function_46,global_1,,0
xmlIO.c,411,function_46,global_1,,0
xmlIO.c,4123+,function_222,global_1,,0
xmlIO.c,4123,global_266,global_7,,0
xmlIO.c,4128,function_196,global_7,,0
xmlIO.c,414,function_46,global_1,,0
xmlIO.c,417,function_46,global_1,,0
xmlIO.c,4171,function_94,global_1,,0
xmlIO.c,4172,function_94,global_1,,0
xmlIO.c,4174,global_7,global_94,,0
xmlIO.c,4180,global_7,global_94,,0
xmlIO.c,420,function_46,global_1,,0
xmlIO.c,423,function_46,global_1,,0
xmlIO.c,426,function_46,global_1,,0
xmlIO.c,432,global_456,global_1,,0
xmlIO.c,520,global_6,global_1,,0
xmlIO.c,545,global_6,global_1,,0
xmlIO.c,548,global_6,global_1,,0
xmlIO.c,572,global_6,global_1,,0
xmlIO.c,776,global_479,global_7,,0
xmlIO.c,792,function_37,global_1,,0
xmlIO.c,849,global_480,global_1,,0
xmlIO.c,869,function_-1,global_1,,0
xmlIO.c,900,global_481,global_7,,0
xmlIO.c,903,function_41,global_1,,0
xmlIO.c,908,function_94,global_1,,0
xmlIO.c,914,function_94,global_1,,0
xmlIO.c,920,function_94,global_1,,0
xmlIO.c,929,function_-1,global_1,,0
xmlIO.c,937,global_6,global_14,,0
xmlIO.c,956,function_-1,global_7,,0
xmlIO.c,958,function_84,global_7,,0
xmlIO.c,982,function_41,global_1,,0
xmlIO.c,987,function_94,global_1,,0
xmlIO.c,993,function_94,global_1,,0
xmllint.c,1009,global_6,global_1,,0
xmllint.c,1015,global_250,global_7,,0
xmllint.c,1019,global_250,global_7,,0
xmllint.c,1039,global_6,global_1,,0
xmllint.c,1058,global_6,global_1,,0
xmllint.c,1082,global_251,global_7,,0
xmllint.c,1084,global_251,global_7,,0
xmllint.c,1086,global_251,global_7,,0
xmllint.c,1089,global_6,global_1,,0
xmllint.c,1109,global_6,global_1,,0
xmllint.c,1111,global_133,global_7,,0
xmllint.c,1134,global_6,global_1,,0
xmllint.c,1154,global_6,global_1,,0
xmllint.c,1177,global_225,global_7,,0
xmllint.c,1179,global_225,global_7,,0
xmllint.c,1181,global_225,global_7,,0
xmllint.c,1184,global_6,global_1,,0
xmllint.c,1203,global_6,global_1,,0
xmllint.c,1218,global_6,global_1,,0
xmllint.c,1233,global_6,global_1,,0
xmllint.c,1251,global_6,global_1,,0
xmllint.c,1254,global_226,global_26,,0
xmllint.c,1275,global_6,global_1,,0
xmllint.c,1296,global_6,global_1,,0
xmllint.c,1316,global_6,global_1,,0
xmllint.c,1338,global_6,global_1,,0
xmllint.c,1360,global_6,global_1,,0
xmllint.c,1362,global_229,global_7,,0
xmllint.c,1382,global_6,global_1,,0
xmllint.c,1399,global_6,global_1,,0
xmllint.c,1419,global_6,global_1,,0
xmllint.c,1442,global_6,global_1,,0
xmllint.c,1465,global_6,global_1,,0
xmllint.c,1534,global_6,global_1,,0
xmllint.c,1537,global_94,global_7,,0
xmllint.c,1541,global_94,global_7,,0
xmllint.c,1547,global_94,global_26,,0
xmllint.c,1557,global_94,global_26,,0
xmllint.c,1558,global_1,global_94,global_1,0
xmllint.c,1584,global_6,global_1,,0
xmllint.c,1587,global_230,global_7,,0
xmllint.c,1591,global_230,global_7,,0
xmllint.c,1645,global_6,global_1,,0
xmllint.c,1648,global_6,global_1,,0
xmllint.c,1664,global_6,global_64,,0
xmllint.c,1677,global_6,global_1,,0
xmllint.c,1678,function_224,global_1,,0
xmllint.c,1680,function_224,global_1,,0
xmllint.c,1705,function_162,global_17,,0
xmllint.c,1741,global_6,global_1,,0
xmllint.c,1743,function_101,global_7,,0
xmllint.c,1755,function_102,global_7,,0
xmllint.c,1762,global_6,global_49,,0
xmllint.c,1766,function_131,global_1,,0
xmllint.c,1770,global_1,global_1,,0
xmllint.c,1780,global_6,global_48,,0
xmllint.c,1783,function_131,global_1,,0
xmllint.c,1787,function_132,global_1,,0
xmllint.c,1791,function_132,global_1,,0
xmllint.c,1809,function_131,global_1,,0
xmllint.c,1810+,function_133,global_1,,0
xmllint.c,1810,function_131,global_1,,0
xmllint.c,1812,function_132,global_1,,0
xmllint.c,1834,global_6,global_1,,0
xmllint.c,1835,function_37,global_1,,0
xmllint.c,1837,function_9,global_1,,0
xmllint.c,1840,global_7,global_13,,0
xmllint.c,1853,global_6,global_7,,0
xmllint.c,1855,global_6,global_49,,0
xmllint.c,1862,global_6,global_49,,0
xmllint.c,1864,global_6,global_48,,0
xmllint.c,1866,function_132,global_1,,0
xmllint.c,1876,function_-1,global_50,,0
xmllint.c,1878,global_6,global_1,,0
xmllint.c,1882,global_6,global_1,,0
xmllint.c,1885,global_6,global_7,,0
xmllint.c,1886+,global_6,global_1,,0
xmllint.c,1886,global_6,global_1,,0
xmllint.c,1890,function_132,global_1,,0
xmllint.c,1896+,global_6,global_1,,0
xmllint.c,1896,global_6,global_1,,0
xmllint.c,1900,global_6,global_7,,0
xmllint.c,1901+,global_6,global_1,,0
xmllint.c,1901,global_6,global_1,,0
xmllint.c,1905,function_132,global_1,,0
xmllint.c,1911+,global_6,global_1,,0
xmllint.c,1911,global_6,global_1,,0
xmllint.c,1920+,global_6,global_1,,0
xmllint.c,1920,global_6,global_1,,0
xmllint.c,1924,function_132,global_1,,0
xmllint.c,1925,global_6,global_1,,0
xmllint.c,1927,global_6,global_49,,0
xmllint.c,1933+,global_6,global_1,,0
xmllint.c,1933,global_6,global_1,,0
xmllint.c,1935,global_6,global_7,,0
xmllint.c,1940,global_6,global_1,,0
xmllint.c,1948,global_6,global_1,,0
xmllint.c,1949,function_105,global_1,,0
xmllint.c,1957+,global_6,global_7,,0
xmllint.c,1957,global_6,global_7,,0
xmllint.c,1958,function_105,global_1,,0
xmllint.c,1970,function_132,global_1,,0
xmllint.c,1979,global_6,global_48,,0
xmllint.c,1985,global_6,global_1,,0
xmllint.c,2011,global_6,global_7,,0
xmllint.c,2014,global_6,global_49,,0
xmllint.c,2021,global_6,global_49,,0
xmllint.c,2023,global_6,global_48,,0
xmllint.c,2025,function_132,global_1,,0
xmllint.c,2034,function_-1,global_50,,0
xmllint.c,2035+,global_6,global_1,,0
xmllint.c,2035,global_6,global_1,,0
xmllint.c,2039,function_132,global_1,,0
xmllint.c,2040,global_6,global_1,,0
xmllint.c,2042,global_6,global_49,,0
xmllint.c,2048+,global_6,global_1,,0
xmllint.c,2048,global_6,global_1,,0
xmllint.c,2052,function_132,global_1,,0
xmllint.c,2061,global_6,global_48,,0
xmllint.c,2090,function_225,global_83,,4
xmllint.c,2118,function_3,global_1,,0
xmllint.c,2144,function_135,global_65,,0
xmllint.c,2153,function_0,global_0,,0
xmllint.c,2174+,global_6,global_1,,0
xmllint.c,2174,global_6,global_1,,0
xmllint.c,2179,global_287,global_7,,0
xmllint.c,2180,global_6,global_1,,0
xmllint.c,2192+,global_6,global_1,,0
xmllint.c,2192,global_6,global_1,,0
xmllint.c,2202,function_6,global_14,,0
xmllint.c,2224+,global_6,global_1,,0
xmllint.c,2224,global_6,global_1,,0
xmllint.c,2228,function_37,global_1,,0
xmllint.c,2230,function_9,global_1,,0
xmllint.c,2233,function_188,global_13,,0
xmllint.c,2247,global_6,global_1,,0
xmllint.c,2256,global_6,global_1,,0
xmllint.c,2271,global_6,global_14,,0
xmllint.c,2300,global_6,global_1,,0
xmllint.c,2313,function_6,global_14,,0
xmllint.c,2314,global_287,global_32,,0
xmllint.c,2326,global_6,global_1,,0
xmllint.c,2329,global_287,global_32,,0
xmllint.c,2333,function_34,global_32,,0
xmllint.c,2343,global_287,global_32,,0
xmllint.c,2347,global_6,global_1,,0
xmllint.c,2351,function_37,global_1,,0
xmllint.c,2353,function_9,global_1,,0
xmllint.c,2356,function_188,global_13,,0
xmllint.c,236,global_482,global_7,,0
xmllint.c,2363,global_287,global_32,,0
xmllint.c,2374,global_6,global_1,,0
xmllint.c,2377,global_287,global_32,,0
xmllint.c,2388,global_287,global_32,,0
xmllint.c,239,global_6,global_1,,0
xmllint.c,2393,global_287,global_32,,0
xmllint.c,2397,global_6,global_1,,0
xmllint.c,2414+,global_6,global_1,,0
xmllint.c,2414,global_6,global_1,,0
xmllint.c,2421,global_6,global_1,,0
xmllint.c,2425,function_153,global_40,,0
xmllint.c,2432,global_6,global_1,,0
xmllint.c,2433+,global_6,global_1,,0
xmllint.c,2433,global_6,global_1,,0
xmllint.c,2436,function_-1,global_1,,0
xmllint.c,2438+,global_6,global_1,,0
xmllint.c,2438,global_6,global_1,,0
xmllint.c,2445,global_6,global_7,,0
xmllint.c,2455,global_6,global_1,,0
xmllint.c,2466,global_6,global_1,,0
xmllint.c,2468,global_6,global_1,,0
xmllint.c,2472,global_6,global_1,,0
xmllint.c,2475,global_6,global_1,,0
xmllint.c,2479,global_6,global_1,,0
xmllint.c,2486+,global_6,global_1,,0
xmllint.c,2486,global_6,global_1,,0
xmllint.c,2496,function_226,global_1,,0
xmllint.c,2498,function_226,global_1,,0
xmllint.c,2512,global_6,global_1,,0
xmllint.c,2517,global_6,global_1,,0
xmllint.c,2524,global_6,global_1,,0
xmllint.c,2526+,global_6,global_1,,0
xmllint.c,2526,global_6,global_1,,0
xmllint.c,2530+,global_6,global_1,,0
xmllint.c,2530,global_6,global_1,,0
xmllint.c,2531,global_6,global_1,,0
xmllint.c,2532,global_6,global_7,,0
xmllint.c,2534,global_6,global_7,,0
xmllint.c,2535,global_6,global_1,,0
xmllint.c,2536,global_6,global_7,,0
xmllint.c,2539,global_6,global_7,,0
xmllint.c,2542,global_6,global_1,,0
xmllint.c,2543,global_6,global_7,,0
xmllint.c,2547,global_6,global_7,,0
xmllint.c,2552,global_6,global_14,,0
xmllint.c,2553,function_-1,global_1,,0
xmllint.c,2556,global_6,global_7,,0
xmllint.c,2563+,global_6,global_1,,0
xmllint.c,2563,global_6,global_1,,0
xmllint.c,2569,global_6,global_1,,0
xmllint.c,2574,function_138,global_1,,0
xmllint.c,2575,function_93,global_12,,0
xmllint.c,2583,global_6,global_1,,0
xmllint.c,2588,function_138,global_1,,0
xmllint.c,2589,function_93,global_12,,0
xmllint.c,2598,global_6,global_1,,0
xmllint.c,2603,function_138,global_1,,0
xmllint.c,2604,function_93,global_12,,0
xmllint.c,2615,global_6,global_1,,0
xmllint.c,2619,global_6,global_7,,0
xmllint.c,2620,global_6,global_1,,0
xmllint.c,2626,global_6,global_1,,0
xmllint.c,2635,function_93,global_12,,0
xmllint.c,2643,global_6,global_1,,0
xmllint.c,2644,global_6,global_7,,0
xmllint.c,2645,global_6,global_1,,0
xmllint.c,2646,global_6,global_7,,0
xmllint.c,2647,global_6,global_1,,0
xmllint.c,2648,global_6,global_7,,0
xmllint.c,2652,global_6,global_7,,0
xmllint.c,2655,function_227,global_1,,0
xmllint.c,2657,global_6,global_7,,0
xmllint.c,2660,global_6,global_1,,0
xmllint.c,2661,global_6,global_7,,0
xmllint.c,2662,function_227,global_1,,0
xmllint.c,2664,global_6,global_7,,0
xmllint.c,2669,global_6,global_7,,0
xmllint.c,2674,global_6,global_14,,0
xmllint.c,2675,function_-1,global_1,,0
xmllint.c,2678,global_6,global_7,,0
xmllint.c,2689,global_6,global_1,,0
xmllint.c,2691,global_6,global_1,,0
xmllint.c,2695,global_6,global_1,,0
xmllint.c,2699,global_6,global_7,,0
xmllint.c,2704,function_225,global_83,,4
xmllint.c,2705,function_-1,global_12,,0
xmllint.c,2707,global_6,global_7,,0
xmllint.c,271+,global_94,global_7,,0
xmllint.c,271,global_6,global_1,,0
xmllint.c,2715+,global_6,global_1,,0
xmllint.c,2715,global_6,global_1,,0
xmllint.c,2721,global_6,global_7,,0
xmllint.c,2726,global_6,global_14,,0
xmllint.c,2729,global_6,global_7,,0
xmllint.c,2744+,global_6,global_7,,0
xmllint.c,2744,global_6,global_7,,0
xmllint.c,2747+,global_6,global_1,,0
xmllint.c,2747,global_6,global_1,,0
xmllint.c,2750,global_6,global_7,,0
xmllint.c,2754+,global_6,global_1,,0
xmllint.c,2754,global_6,global_1,,0
xmllint.c,2757,function_-1,global_40,,0
xmllint.c,2758,global_6,global_7,,0
xmllint.c,2768,function_228,global_75,,4
xmllint.c,2777+,global_6,global_1,,0
xmllint.c,2777,global_6,global_1,,0
xmllint.c,2780,function_-1,global_1,,0
xmllint.c,2781,global_6,global_7,,0
xmllint.c,279,global_94,global_32,,0
xmllint.c,2791+,global_6,global_1,,0
xmllint.c,2791,global_6,global_1,,0
xmllint.c,2797,global_6,global_1,,0
xmllint.c,2800,function_228,global_75,,4
xmllint.c,2806+,global_6,global_1,,0
xmllint.c,2806,global_6,global_1,,0
xmllint.c,2812,function_-1,global_1,,0
xmllint.c,2817+,global_6,global_1,,0
xmllint.c,2817,global_6,global_1,,0
xmllint.c,2824,global_6,global_69,,0
xmllint.c,2829+,global_6,global_1,,0
xmllint.c,2829,global_6,global_1,,0
xmllint.c,2833,global_6,global_1,,0
xmllint.c,2837,global_6,global_1,,0
xmllint.c,2847,function_226,global_1,,0
xmllint.c,2849,function_226,global_1,,0
xmllint.c,2858+,global_6,global_1,,0
xmllint.c,2858,global_6,global_1,,0
xmllint.c,286,global_6,global_-1,,0
xmllint.c,2864,global_6,global_58,,0
xmllint.c,2868+,global_6,global_1,,0
xmllint.c,2868,global_6,global_1,,0
xmllint.c,2878,function_187,global_1,,0
xmllint.c,2880,function_187,global_1,,0
xmllint.c,2889+,global_6,global_1,,0
xmllint.c,2889,global_6,global_1,,0
xmllint.c,2892,global_6,global_64,,0
xmllint.c,2896+,global_6,global_1,,0
xmllint.c,2896,global_6,global_1,,0
xmllint.c,2906,function_190,global_1,,0
xmllint.c,2908,function_190,global_1,,0
xmllint.c,2917+,global_6,global_1,,0
xmllint.c,2917,global_6,global_1,,0
xmllint.c,2925+,global_6,global_1,,0
xmllint.c,2925,global_6,global_1,,0
xmllint.c,293,global_6,global_1,,0
xmllint.c,2933+,global_6,global_1,,0
xmllint.c,2933,global_6,global_1,,0
xmllint.c,2937+,global_6,global_1,,0
xmllint.c,2937,global_6,global_1,,0
xmllint.c,2951,function_229,global_1,,0
xmllint.c,2952,function_229,global_1,,0
xmllint.c,2953,function_229,global_1,,0
xmllint.c,2954,function_229,global_1,,0
xmllint.c,2955,function_229,global_1,,0
xmllint.c,2956,function_229,global_1,,0
xmllint.c,2957,function_229,global_1,,0
xmllint.c,2958,function_229,global_1,,0
xmllint.c,2959,function_229,global_1,,0
xmllint.c,2960,function_229,global_1,,0
xmllint.c,2961,function_229,global_1,,0
xmllint.c,2962,function_229,global_1,,0
xmllint.c,2963,function_229,global_1,,0
xmllint.c,2964,function_229,global_1,,0
xmllint.c,2965,function_229,global_1,,0
xmllint.c,2966,function_229,global_1,,0
xmllint.c,2967,function_229,global_1,,0
xmllint.c,2968,function_229,global_1,,0
xmllint.c,2969,function_229,global_1,,0
xmllint.c,297,global_94,global_7,,0
xmllint.c,2970,function_229,global_1,,0
xmllint.c,2971,function_229,global_1,,0
xmllint.c,2972,function_229,global_1,,0
xmllint.c,2973,function_229,global_1,,0
xmllint.c,2974,function_229,global_1,,0
xmllint.c,2975,function_229,global_1,,0
xmllint.c,2976,function_229,global_1,,0
xmllint.c,2977,function_229,global_1,,0
xmllint.c,2978,function_229,global_1,,0
xmllint.c,2979,function_229,global_1,,0
xmllint.c,298,global_94,global_7,,0
xmllint.c,2980,function_229,global_1,,0
xmllint.c,2981,function_229,global_1,,0
xmllint.c,2982,function_229,global_1,,0
xmllint.c,309,function_119,global_7,,0
xmllint.c,3132,global_1,global_1,,0
xmllint.c,3138,function_41,global_1,,0
xmllint.c,3143+,function_41,global_1,,0
xmllint.c,3143,function_41,global_1,,0
xmllint.c,3147,function_41,global_1,,0
xmllint.c,3148,function_41,global_1,,0
xmllint.c,3154+,function_41,global_1,,0
xmllint.c,3154,function_41,global_1,,0
xmllint.c,3158,function_41,global_1,,0
xmllint.c,3159,function_41,global_1,,0
xmllint.c,316,global_6,global_1,,0
xmllint.c,3162,function_41,global_1,,0
xmllint.c,3163,function_41,global_1,,0
xmllint.c,3165,function_41,global_1,,0
xmllint.c,3166,function_41,global_1,,0
xmllint.c,3169,function_41,global_1,,0
xmllint.c,3170,function_41,global_1,,0
xmllint.c,3173,function_41,global_1,,0
xmllint.c,3174,function_41,global_1,,0
xmllint.c,3176,function_41,global_1,,0
xmllint.c,3177,function_41,global_1,,0
xmllint.c,3179,function_41,global_1,,0
xmllint.c,3180,function_41,global_1,,0
xmllint.c,3182,function_41,global_1,,0
xmllint.c,3183,function_41,global_1,,0
xmllint.c,3186,function_41,global_1,,0
xmllint.c,3187,function_41,global_1,,0
xmllint.c,3190,function_41,global_1,,0
xmllint.c,3191,function_41,global_1,,0
xmllint.c,3192,function_41,global_1,,0
xmllint.c,3197,function_41,global_1,,0
xmllint.c,3198,function_41,global_1,,0
xmllint.c,3200,function_41,global_1,,0
xmllint.c,3201,function_41,global_1,,0
xmllint.c,3204,function_41,global_1,,0
xmllint.c,3205,function_41,global_1,,0
xmllint.c,3208,function_41,global_1,,0
xmllint.c,3209,function_41,global_1,,0
xmllint.c,321,global_94,global_7,,0
xmllint.c,3211,function_41,global_1,,0
xmllint.c,3212,function_41,global_1,,0
xmllint.c,3217,function_41,global_1,,0
xmllint.c,3218,function_41,global_1,,0
xmllint.c,3221,function_41,global_1,,0
xmllint.c,3222,function_41,global_1,,0
xmllint.c,3228,function_41,global_1,,0
xmllint.c,3229,function_41,global_1,,0
xmllint.c,3232,function_41,global_1,,0
xmllint.c,3233,function_41,global_1,,0
xmllint.c,3237,function_41,global_1,,0
xmllint.c,3238,function_41,global_1,,0
xmllint.c,3243,function_41,global_1,,0
xmllint.c,3244,function_41,global_1,,0
xmllint.c,3251,function_41,global_1,,0
xmllint.c,3252,function_41,global_1,,0
xmllint.c,3254,function_41,global_1,,0
xmllint.c,3255,function_41,global_1,,0
xmllint.c,3257,function_41,global_1,,0
xmllint.c,3258,function_41,global_1,,0
xmllint.c,3260,function_41,global_1,,0
xmllint.c,3261,function_41,global_1,,0
xmllint.c,3263,function_41,global_1,,0
xmllint.c,3264,function_41,global_1,,0
xmllint.c,3265,global_6,global_1,,0
xmllint.c,3271,function_41,global_1,,0
xmllint.c,3272,function_41,global_1,,0
xmllint.c,3274,function_41,global_1,,0
xmllint.c,3275,function_41,global_1,,0
xmllint.c,3281,function_41,global_1,,0
xmllint.c,3282,function_41,global_1,,0
xmllint.c,3285,function_41,global_1,,0
xmllint.c,3286,function_41,global_1,,0
xmllint.c,3289,function_41,global_1,,0
xmllint.c,3290,function_41,global_1,,0
xmllint.c,3294,function_41,global_1,,0
xmllint.c,3295,function_41,global_1,,0
xmllint.c,3300,function_41,global_1,,0
xmllint.c,3301,function_41,global_1,,0
xmllint.c,3316,function_41,global_1,,0
xmllint.c,3317,function_41,global_1,,0
xmllint.c,3322,function_41,global_1,,0
xmllint.c,3323,function_41,global_1,,0
xmllint.c,3329,function_41,global_1,,0
xmllint.c,333,global_94,global_7,,0
xmllint.c,3330,function_41,global_1,,0
xmllint.c,3336,function_41,global_1,,0
xmllint.c,3337,function_41,global_1,,0
xmllint.c,3341,function_41,global_1,,0
xmllint.c,3342,function_41,global_1,,0
xmllint.c,3346,function_41,global_1,,0
xmllint.c,3347,function_41,global_1,,0
xmllint.c,335,global_94,global_7,,0
xmllint.c,3353,function_41,global_1,,0
xmllint.c,3354,function_41,global_1,,0
xmllint.c,3356,function_41,global_1,,0
xmllint.c,3357,function_41,global_1,,0
xmllint.c,3361,function_41,global_1,,0
xmllint.c,3362,function_41,global_1,,0
xmllint.c,3370,function_41,global_1,,0
xmllint.c,3371,function_41,global_1,,0
xmllint.c,3376,function_41,global_1,,0
xmllint.c,3377,function_41,global_1,,0
xmllint.c,3379,function_77,global_1,,0
xmllint.c,3386,function_41,global_1,,0
xmllint.c,3387,function_41,global_1,,0
xmllint.c,3394,function_41,global_1,,0
xmllint.c,3395,function_41,global_1,,0
xmllint.c,3400,global_6,global_1,,0
xmllint.c,3408,function_41,global_1,,0
xmllint.c,3409,function_41,global_1,,0
xmllint.c,3412,function_41,global_1,,0
xmllint.c,3413,function_41,global_1,,0
xmllint.c,3419,function_41,global_1,,0
xmllint.c,3420,function_41,global_1,,0
xmllint.c,3425,function_41,global_1,,0
xmllint.c,3426,function_41,global_1,,0
xmllint.c,3429,function_41,global_1,,0
xmllint.c,3430,function_41,global_1,,0
xmllint.c,3433,function_41,global_1,,0
xmllint.c,3434,function_41,global_1,,0
xmllint.c,3439,function_41,global_1,,0
xmllint.c,3440,function_41,global_1,,0
xmllint.c,3446,function_41,global_1,,0
xmllint.c,3447,function_41,global_1,,0
xmllint.c,3452,function_41,global_1,,0
xmllint.c,3453,function_41,global_1,,0
xmllint.c,3456,function_41,global_1,,0
xmllint.c,3457,function_41,global_1,,0
xmllint.c,3459,function_41,global_1,,0
xmllint.c,3460,function_41,global_1,,0
xmllint.c,3462,function_41,global_1,,0
xmllint.c,3463,function_41,global_1,,0
xmllint.c,3467,function_41,global_1,,0
xmllint.c,3468,function_41,global_1,,0
xmllint.c,3473,function_41,global_1,,0
xmllint.c,3474,function_41,global_1,,0
xmllint.c,3479,function_41,global_1,,0
xmllint.c,3480,function_41,global_1,,0
xmllint.c,3491,global_6,global_1,,0
xmllint.c,3492,global_6,global_1,,0
xmllint.c,3496,function_83,global_7,,0
xmllint.c,3506,global_6,global_1,,0
xmllint.c,3512,global_6,global_1,,0
xmllint.c,3518,function_83,global_7,,0
xmllint.c,3527,global_6,global_1,,0
xmllint.c,3529,global_6,global_1,,0
xmllint.c,3531,global_6,global_1,,0
xmllint.c,3533,global_6,global_1,,0
xmllint.c,3535+,global_6,global_1,,0
xmllint.c,3535,global_6,global_1,,0
xmllint.c,3549+,global_6,global_1,,0
xmllint.c,3549,global_6,global_7,,0
xmllint.c,3551,global_6,global_1,,0
xmllint.c,3559,global_6,global_1,,0
xmllint.c,3570,global_6,global_69,,0
xmllint.c,3577,global_6,global_1,,0
xmllint.c,3583+,global_6,global_1,,0
xmllint.c,3583,global_6,global_7,,0
xmllint.c,3585,global_6,global_1,,0
xmllint.c,3593,global_6,global_1,,0
xmllint.c,3602,global_6,global_58,,0
xmllint.c,3609,global_6,global_1,,0
xmllint.c,3612,global_6,global_7,,0
xmllint.c,3614,global_6,global_1,,0
xmllint.c,3619,global_6,global_1,,0
xmllint.c,3628,global_6,global_64,,0
xmllint.c,3635,global_6,global_1,,0
xmllint.c,364,function_179,global_7,,0
xmllint.c,3641,global_6,global_7,,0
xmllint.c,3643,global_6,global_1,,0
xmllint.c,3647,global_6,global_49,,0
xmllint.c,365,function_118,global_6,,0
xmllint.c,3655,global_1,global_1,,0
xmllint.c,3656,function_41,global_1,,0
xmllint.c,3657,function_41,global_1,,0
xmllint.c,3660,function_41,global_1,,0
xmllint.c,3661,function_41,global_1,,0
xmllint.c,3662,function_41,global_1,,0
xmllint.c,3667,function_41,global_1,,0
xmllint.c,3668,function_41,global_1,,0
xmllint.c,3672,function_41,global_1,,0
xmllint.c,3673,function_41,global_1,,0
xmllint.c,3677,function_41,global_1,,0
xmllint.c,3678,function_41,global_1,,0
xmllint.c,3683,function_41,global_1,,0
xmllint.c,3684,function_41,global_1,,0
xmllint.c,3688,function_41,global_1,,0
xmllint.c,3689,function_41,global_1,,0
xmllint.c,3693,function_41,global_1,,0
xmllint.c,3694,function_41,global_1,,0
xmllint.c,3698,function_41,global_1,,0
xmllint.c,3699,function_41,global_1,,0
xmllint.c,3703,function_41,global_1,,0
xmllint.c,3704,function_41,global_1,,0
xmllint.c,3709,function_41,global_1,,0
xmllint.c,3710,function_41,global_1,,0
xmllint.c,3716,function_41,global_1,,0
xmllint.c,3717,function_41,global_1,,0
xmllint.c,3722+,global_6,global_1,,0
xmllint.c,3722,global_6,global_1,,0
xmllint.c,3725+,function_41,global_1,,0
xmllint.c,3726,global_6,global_1,,0
xmllint.c,3731,global_6,global_1,,0
xmllint.c,3735,global_6,global_1,,0
xmllint.c,3752,global_6,global_1,,0
xmllint.c,3756,global_6,global_1,,0
xmllint.c,3762+,global_6,global_1,,0
xmllint.c,3762,global_6,global_1,,0
xmllint.c,3768+,global_6,global_1,,0
xmllint.c,3768,global_6,global_1,,0
xmllint.c,3773,global_6,global_1,,0
xmllint.c,3775+,global_6,global_1,,0
xmllint.c,3775,global_6,global_1,,0
xmllint.c,3778+,global_6,global_1,,0
xmllint.c,3782,global_6,global_69,,0
xmllint.c,3786,global_6,global_58,,0
xmllint.c,3788,global_6,global_64,,0
xmllint.c,379,function_180,global_7,,0
xmllint.c,3793,global_6,global_49,,0
xmllint.c,380,function_118,global_6,,0
xmllint.c,394,function_-1,global_7,,0
xmllint.c,395,function_118,global_6,,0
xmllint.c,548,function_70,global_7,,0
xmllint.c,568,global_19,global_17,,0
xmllint.c,592,global_483,global_17,,0
xmllint.c,600,global_1,global_1,,0
xmllint.c,605+++,global_1,global_1,,0
xmllint.c,617+,global_1,global_1,,0
xmllint.c,810,global_447,global_7,,0
xmllint.c,812,function_128,global_7,,0
xmllint.c,817,function_8,global_7,,0
xmllint.c,836,global_484,global_6,,0
xmllint.c,901,global_6,global_1,,0
xmllint.c,919,global_6,global_1,,0
xmllint.c,937,global_6,global_1,,0
xmllint.c,954,global_6,global_1,,0
xmllint.c,957,global_248,global_7,,0
xmllint.c,961,global_248,global_7,,0
xmllint.c,978,global_6,global_1,,0
xmllint.c,981,global_249,global_7,,0
xmllint.c,985,global_249,global_7,,0
xmlmemory.c,1018,global_485,global_33,,0
xmlmemory.c,1020,global_485,global_13,,0
xmlmemory.c,1022,global_485,global_13,,0
xmlmemory.c,1024,global_485,global_13,,0
xmlmemory.c,1052,global_485,global_33,,0
xmlmemory.c,1053,global_485,global_13,,0
xmlmemory.c,1054,global_485,global_13,,0
xmlmemory.c,1055,global_485,global_13,,0
xmlmemory.c,1085,global_485,global_33,,0
xmlmemory.c,1087,global_485,global_13,,0
xmlmemory.c,1089,global_485,global_13,,0
xmlmemory.c,1091,global_485,global_13,,0
xmlmemory.c,1093,global_485,global_13,,0
xmlmemory.c,1125,global_485,global_33,,0
xmlmemory.c,1126,global_485,global_13,,0
xmlmemory.c,1127,global_485,global_13,,0
xmlmemory.c,1128,global_485,global_13,,0
xmlmemory.c,1129,global_485,global_13,,0
xmlmemory.c,166,global_6,global_1,,0
xmlmemory.c,191,global_6,global_6,,0
xmlmemory.c,235,global_6,global_1,,0
xmlmemory.c,260,global_6,global_6,,0
xmlmemory.c,322,global_486,global_7,,0
xmlmemory.c,325,global_6,global_1,,0
xmlmemory.c,353,global_6,global_486,,-1
xmlmemory.c,369,global_6,global_6,,0
xmlmemory.c,417,global_487,global_7,,0
xmlmemory.c,420,global_487,global_13,,0
xmlmemory.c,426,global_6,global_487,,-1
xmlmemory.c,491,global_6,global_1,,0
xmlmemory.c,507,global_6,global_6,,0
xmlmemory.c,665,global_488,global_12,,0
xmlmemory.c,668,global_488,global_14,,0
xmlmemory.c,670,global_488,global_14,,0
xmlmemory.c,714,global_488,global_14,,0
xmlmemory.c,741,global_489,global_14,,0
xmlmemory.c,743,global_489,global_14,,0
xmlmemory.c,794,global_489,global_14,,0
xmlmemory.c,863,global_490,global_14,,0
xmlmemory.c,948,global_6,global_1,,0
xmlmemory.c,954,function_83,global_7,,0
xmlmemory.c,960,function_83,global_7,,0
xmlmemory.c,984,global_6,global_1,,0
xmlmodule.c,48,global_491,global_-1,,0
xmlreader.c,1021,function_-1,global_1,,0
xmlreader.c,1052,function_119,global_7,,0
xmlreader.c,1070,function_-1,global_1,,0
xmlreader.c,1208,global_492,global_50,,0
xmlreader.c,1213,function_-1,global_8,,0
xmlreader.c,1220,function_230,global_1,,0
xmlreader.c,1244,global_493,global_8,,0
xmlreader.c,1248,function_117,global_16,,0
xmlreader.c,1251,global_493,global_8,,0
xmlreader.c,1292,global_334,global_50,,0
xmlreader.c,1311,function_230,global_1,,0
xmlreader.c,1360,global_1,global_1,,0
xmlreader.c,1374,function_230,global_1,,0
xmlreader.c,1382,global_1,global_1,,0
xmlreader.c,1394,global_1,global_1,,0
xmlreader.c,1435,global_1,global_1,,0
xmlreader.c,1459,function_230,global_1,,0
xmlreader.c,1505,function_231,global_8,,0
xmlreader.c,1516,function_20,global_1,,0
xmlreader.c,1517,function_20,global_1,,0
xmlreader.c,1526,function_231,global_8,,0
xmlreader.c,1595,function_158,global_1,,0
xmlreader.c,1606,function_-1,global_1,,0
xmlreader.c,1625,global_494,global_50,,0
xmlreader.c,1642,global_495,global_50,,0
xmlreader.c,1648,function_232,global_1,,0
xmlreader.c,1668,global_94,global_50,,0
xmlreader.c,1681,function_104,global_1,,0
xmlreader.c,1706,function_231,global_8,,0
xmlreader.c,1715,function_233,global_1,,0
xmlreader.c,1754,function_231,global_8,,0
xmlreader.c,1763,function_233,global_1,,0
xmlreader.c,1793,global_94,global_50,,0
xmlreader.c,1803,function_232,global_1,,0
xmlreader.c,1886,global_496,global_50,,0
xmlreader.c,2033,global_94,global_50,,0
xmlreader.c,2073,global_497,global_34,,0
xmlreader.c,2132,function_47,global_12,,0
xmlreader.c,2135,function_47,global_12,,0
xmlreader.c,2190,function_35,global_34,,0
xmlreader.c,2193,function_-1,global_50,,0
xmlreader.c,2215,global_498,global_50,,0
xmlreader.c,2304,global_499,global_50,,0
xmlreader.c,2342,global_500,global_50,,0
xmlreader.c,2362,global_1,global_500,,-1
xmlreader.c,2370,function_17,global_7,,0
xmlreader.c,2391+,global_94,global_7,,0
xmlreader.c,2391,global_94,global_50,,0
xmlreader.c,2403,function_204,global_7,,0
xmlreader.c,2407,function_20,global_1,,0
xmlreader.c,2423,function_20,global_1,,0
xmlreader.c,2426+,function_20,global_1,,0
xmlreader.c,2462+,global_94,global_7,,0
xmlreader.c,2462,global_94,global_50,,0
xmlreader.c,2473,function_20,global_1,,0
xmlreader.c,2474,function_20,global_1,,0
xmlreader.c,2480+,function_20,global_1,,0
xmlreader.c,2510,global_501,global_50,,0
xmlreader.c,2558,global_502,global_50,,0
xmlreader.c,2564,function_32,global_21,,0
xmlreader.c,2586,global_503,global_50,,0
xmlreader.c,2608,global_1,global_503,,-1
xmlreader.c,2636+,global_504,global_7,,0
xmlreader.c,2636,global_504,global_50,,0
xmlreader.c,2646,function_204,global_7,,0
xmlreader.c,2650,function_20,global_1,,0
xmlreader.c,2669,function_20,global_1,,0
xmlreader.c,2682,function_20,global_1,,0
xmlreader.c,2685+,function_20,global_1,,0
xmlreader.c,2700,function_20,global_1,,0
xmlreader.c,2701+,function_20,global_1,,0
xmlreader.c,2708,function_204,global_7,,0
xmlreader.c,2715,function_204,global_7,,0
xmlreader.c,2741++,global_94,global_7,,0
xmlreader.c,2741+,global_94,global_7,,0
xmlreader.c,2741,global_94,global_50,,0
xmlreader.c,2749,function_20,global_1,,0
xmlreader.c,2750,function_20,global_1,,0
xmlreader.c,2756+,function_20,global_1,,0
xmlreader.c,2772,function_20,global_1,,0
xmlreader.c,2774,function_20,global_1,,0
xmlreader.c,2794,global_505,global_50,,0
xmlreader.c,2823,global_506,global_50,,0
xmlreader.c,2862,global_507,global_50,,0
xmlreader.c,2887,global_94,global_50,,0
xmlreader.c,2931,global_508,global_50,,0
xmlreader.c,2967,global_94,global_50,,0
xmlreader.c,3010,global_509,global_50,,0
xmlreader.c,3028,function_63,global_1,,0
xmlreader.c,3029,function_-1,global_1,,0
xmlreader.c,3080,global_510,global_50,,0
xmlreader.c,3111,global_511,global_50,,0
xmlreader.c,3142,global_512,global_50,,0
xmlreader.c,3175,global_513,global_50,,0
xmlreader.c,3250,global_514,global_50,,0
xmlreader.c,3317,global_515,global_50,,0
xmlreader.c,3349,global_516,global_50,,0
xmlreader.c,3381,global_517,global_50,,0
xmlreader.c,3409,global_518,global_50,,0
xmlreader.c,3436,global_519,global_50,,0
xmlreader.c,3455,global_520,global_50,,0
xmlreader.c,3458,function_209,global_7,,0
xmlreader.c,3475,global_94,global_50,,0
xmlreader.c,3500,global_521,global_50,,0
xmlreader.c,3527,global_522,global_50,,0
xmlreader.c,3562,global_513,global_50,,0
xmlreader.c,3608,global_514,global_50,,0
xmlreader.c,3642,function_-1,global_7,,0
xmlreader.c,3676,global_523,global_50,,0
xmlreader.c,3691,global_524,global_50,,0
xmlreader.c,3708,global_525,global_50,,0
xmlreader.c,3728,global_526,global_50,,0
xmlreader.c,3733,function_-1,global_7,,0
xmlreader.c,3753,global_527,global_50,,0
xmlreader.c,3772,global_528,global_50,,0
xmlreader.c,3800,global_94,global_50,,0
xmlreader.c,3806,global_94,global_1,,0
xmlreader.c,3817,global_94,global_1,,0
xmlreader.c,3825,global_94,global_1,,0
xmlreader.c,3833,global_94,global_1,,0
xmlreader.c,3857,global_529,global_50,,0
xmlreader.c,3890,global_530,global_50,,0
xmlreader.c,3908,global_529,global_50,,0
xmlreader.c,3927,global_531,global_50,,0
xmlreader.c,3949,global_532,global_50,,0
xmlreader.c,3993+,global_533,global_7,,5
xmlreader.c,3993,global_533,global_50,,0
xmlreader.c,3997,function_159,global_49,,0
xmlreader.c,4041,global_534,global_50,,0
xmlreader.c,4079,function_234,global_7,,0
xmlreader.c,4102,function_234,global_7,,0
xmlreader.c,4137,global_94,global_50,,0
xmlreader.c,4139,global_94,global_58,,0
xmlreader.c,4199++,global_285,global_26,,0
xmlreader.c,4199+,global_285,global_26,,0
xmlreader.c,4199,global_285,global_7,,0
xmlreader.c,4202,global_285,global_26,,0
xmlreader.c,4204,global_285,global_26,,0
xmlreader.c,4209,global_285,global_26,,0
xmlreader.c,4211,global_285,global_26,,0
xmlreader.c,4219,global_285,global_26,,0
xmlreader.c,4221,function_-1,global_12,,0
xmlreader.c,4226,global_285,global_26,,0
xmlreader.c,4254,global_94,global_50,,0
xmlreader.c,4256,global_94,global_64,,0
xmlreader.c,430,global_535,global_50,,0
xmlreader.c,4345,global_214,global_50,,0
xmlreader.c,4348+,global_214,global_52,,0
xmlreader.c,4348,global_214,global_7,,0
xmlreader.c,4351+,global_214,global_52,,0
xmlreader.c,4351,global_214,global_7,,0
xmlreader.c,4368+,global_214,global_52,,0
xmlreader.c,4368,global_214,global_7,,0
xmlreader.c,4374,global_214,global_7,,0
xmlreader.c,4448,global_361,global_50,,0
xmlreader.c,4451+,global_361,global_63,,0
xmlreader.c,4451,global_361,global_7,,0
xmlreader.c,4454+,global_361,global_63,,0
xmlreader.c,4454,global_361,global_7,,0
xmlreader.c,4475+,global_361,global_63,,0
xmlreader.c,4475,global_361,global_7,,0
xmlreader.c,4480,global_361,global_7,,0
xmlreader.c,454+,global_6,global_33,,0
xmlreader.c,454,global_6,global_1,,0
xmlreader.c,4642,global_536,global_50,,0
xmlreader.c,467++,function_65,global_1,,0
xmlreader.c,480++,function_65,global_1,,0
xmlreader.c,484,global_535,global_50,,0
xmlreader.c,516,global_537,global_2,,5
xmlreader.c,518+,global_6,global_33,,0
xmlreader.c,518,global_6,global_1,,0
xmlreader.c,845,function_208,global_1,,0
xmlreader.c,846,function_51,global_1,,0
xmlreader.c,851,function_208,global_1,,0
xmlreader.c,857,function_208,global_1,,0
xmlreader.c,875,function_208,global_1,,0
xmlreader.c,885,function_208,global_1,,0
xmlreader.c,895,function_51,global_1,,0
xmlreader.c,899,function_208,global_1,,0
xmlreader.c,918,function_208,global_1,,0
xmlreader.c,961,function_119,global_7,,0
xmlreader.c,975,function_235,global_1,,0
xmlreader.c,990,function_235,global_1,,0
xmlregexp.c,3504,global_538,global_60,,0
xmlregexp.c,3563,global_539,global_61,,0
xmlregexp.c,3781,global_540,global_61,,0
xmlregexp.c,3791,global_540,global_7,,5
xmlregexp.c,3804,global_540,global_7,,5
xmlregexp.c,381,global_94,global_77,,0
xmlregexp.c,3814,global_540,global_7,,5
xmlregexp.c,3815,global_1,global_1,,0
xmlregexp.c,3823,global_540,global_7,,5
xmlregexp.c,3847,global_540,global_7,,5
xmlregexp.c,3849,global_540,global_7,,5
xmlregexp.c,3858,function_20,global_1,,0
xmlregexp.c,3865,function_20,global_1,,0
xmlregexp.c,3915,global_540,global_7,,5
xmlregexp.c,3919,global_540,global_1,,5
xmlregexp.c,3922,global_1,global_1,,0
xmlregexp.c,3932,global_1,global_1,,0
xmlregexp.c,3962,global_540,global_7,,5
xmlregexp.c,3984,global_1,global_1,,0
xmlregexp.c,3999,global_1,global_1,,0
xmlregexp.c,4001,global_540,global_7,,5
xmlregexp.c,4080,global_1,global_1,,0
xmlregexp.c,4156,global_541,global_61,,0
xmlregexp.c,4163,global_541,global_7,,5
xmlsave.c,1076,global_6,global_1,,0
xmlsave.c,1144,function_236,global_1,,0
xmlsave.c,1168,function_45,global_1,,0
xmlsave.c,1169,function_45,global_1,,0
xmlsave.c,1170,function_45,global_1,,0
xmlsave.c,1176,function_236,global_1,,0
xmlsave.c,1218,function_153,global_40,,0
xmlsave.c,1810,function_237,global_83,,4
xmlsave.c,1838,function_237,global_83,,4
xmlsave.c,1868,function_237,global_83,,4
xmlsave.c,1870,global_504,global_7,,0
xmlsave.c,1872,function_43,global_25,,0
xmlsave.c,1879,function_238,global_24,,0
xmlsave.c,1881,function_43,global_25,,0
xmlsave.c,1910,function_237,global_83,,4
xmlsave.c,1935+,global_542,global_2,,5
xmlsave.c,1935,global_542,global_83,,0
xmlsave.c,1936,function_-1,global_1,,0
xmlsave.c,1957+,global_543,global_8,,5
xmlsave.c,1957,global_543,global_83,,0
xmlsave.c,1974,global_544,global_83,,0
xmlsave.c,1993,global_545,global_83,,0
xmlsave.c,2011,global_546,global_83,,0
xmlsave.c,2028,global_546,global_83,,0
xmlsave.c,2054,global_264,global_7,,0
xmlsave.c,2100+,global_264,global_2,,0
xmlsave.c,2112,global_264,global_2,,0
xmlsave.c,2141+,global_1,global_1,,0
xmlsave.c,364,global_547,global_83,,0
xmlsave.c,391,global_548,global_7,,5
xmlsave.c,408+,global_548,global_1,global_1,5
xmlsave.c,413,global_548,global_1,global_1,5
xmlsave.c,415,global_548,global_1,global_1,5
xmlsave.c,472,function_117,global_16,,0
xmlsave.c,495,function_117,global_16,,0
xmlsave.c,518,function_117,global_16,,0
xmlsave.c,540,function_117,global_16,,0
xmlsave.c,56+,global_549,global_7,,5
xmlsave.c,56,global_549,global_7,,5
xmlsave.c,58,global_549,global_7,,5
xmlsave.c,59,function_20,global_1,,0
xmlsave.c,60,function_20,global_1,,0
xmlsave.c,61,function_20,global_1,,0
xmlsave.c,63,global_549,global_7,,5
xmlsave.c,633+,global_550,global_24,,5
xmlsave.c,633,global_550,global_21,,5
xmlsave.c,635,function_20,global_1,,0
xmlsave.c,638,global_550,global_83,,0
xmlsave.c,64,function_20,global_1,,0
xmlsave.c,65,function_20,global_1,,0
xmlsave.c,66,function_20,global_1,,0
xmlsave.c,693,global_550,global_21,,5
xmlsave.c,906,global_550,global_8,,5
xmlschemas.c,12452,global_551,global_7,,5
xmlschemas.c,12456,function_239,global_85,,4
xmlschemas.c,12478+,global_145,global_1,,0
xmlschemas.c,12478,global_145,global_7,,0
xmlschemas.c,12481,function_239,global_85,,4
xmlschemas.c,12503,global_552,global_2,,5
xmlschemas.c,12506,function_239,global_85,,4
xmlschemas.c,12525,global_553,global_85,,0
xmlschemas.c,18637+,global_150,global_53,,0
xmlschemas.c,18637,global_150,global_54,,0
xmlschemas.c,18643,global_150,global_85,,0
xmlschemas.c,18693,global_150,global_85,,0
xmlschemas.c,18799,function_20,global_1,,0
xmlschemas.c,18801,function_20,global_1,,0
xmlschemas.c,18803,function_20,global_1,,0
xmlschemas.c,18821+,global_150,global_85,,0
xmlschemas.c,18825+,global_150,global_85,,0
xmlschemas.c,24476,global_94,global_-1,,0
xmlschemas.c,24490+,global_94,global_55,,0
xmlschemas.c,24490,global_94,global_-1,,0
xmlschemas.c,24518,global_94,global_7,,0
xmlschemas.c,24529+,global_94,global_1,,0
xmlschemas.c,24529,global_94,global_1,,0
xmlschemas.c,24626,global_94,global_1,,0
xmlschemas.c,24643+,global_94,global_1,,0
xmlschemas.c,24643,global_94,global_1,,0
xmlschemas.c,27638,global_554,global_63,,0
xmlschemas.c,3508,global_555,global_86,,0
xmlschemas.c,3518,global_556,global_-1,,5
xmlschemas.c,3701,global_557,global_87,,0
xmlschemas.c,3712,global_557,global_87,,0
xmlschemas.c,3791,global_558,global_-1,,5
xmlschemas.c,3807,global_559,global_-1,,5
xmlschemas.c,3859,global_560,global_-1,,5
xmlschemas.c,3945,global_561,global_54,,0
xmlschemas.c,3965,global_562,global_53,,0
xmlschemas.c,4114,global_563,global_64,,0
xmlschemas.c,4182,global_564,global_-1,,5
xmlschemas.c,4190,global_564,global_7,,5
xmlschemas.c,4266,global_565,global_87,,0
xmlschemas.c,4270,function_134,global_7,,0
xmlschemas.c,4405,global_566,global_53,,0
xmlschemas.c,4506,global_567,global_14,,5
xmlschemas.c,4508,global_567,global_64,,0
xmlschemastypes.c,1000,function_240,global_55,,4
xmlschemastypes.c,1018,global_568,global_55,,0
xmlschemastypes.c,1073,global_6,global_1,,0
xmlschemastypes.c,1075,global_569,global_7,,5
xmlschemastypes.c,1092,global_570,global_53,,0
xmlschemastypes.c,1918,global_571,global_7,,5
xmlschemastypes.c,1952,global_270,global_7,,0
xmlschemastypes.c,393,global_6,global_1,,0
xmlschemastypes.c,416,function_241,global_-1,,0
xmlschemastypes.c,431,function_241,global_-1,,0
xmlschemastypes.c,624,global_6,global_1,,0
xmlschemastypes.c,662,global_247,global_53,,0
xmlschemastypes.c,668,global_247,global_1,,0
xmlschemastypes.c,669,global_247,global_1,,0
xmlschemastypes.c,679,global_247,global_1,,0
xmlschemastypes.c,680,global_247,global_1,,0
xmlschemastypes.c,681,global_247,global_1,,0
xmlschemastypes.c,682,global_247,global_1,,0
xmlschemastypes.c,683,global_247,global_1,,0
xmlschemastypes.c,684,global_247,global_1,,0
xmlschemastypes.c,689,global_247,global_1,,0
xmlschemastypes.c,690,global_247,global_1,,0
xmlschemastypes.c,691,global_247,global_1,,0
xmlschemastypes.c,692,global_247,global_1,,0
xmlschemastypes.c,693,global_247,global_1,,0
xmlschemastypes.c,694,global_247,global_1,,0
xmlschemastypes.c,695,global_247,global_1,,0
xmlschemastypes.c,696,global_247,global_1,,0
xmlschemastypes.c,697,global_247,global_1,,0
xmlschemastypes.c,712,global_247,global_1,,0
xmlschemastypes.c,713,global_247,global_1,,0
xmlschemastypes.c,714,global_247,global_1,,0
xmlschemastypes.c,715,global_247,global_1,,0
xmlschemastypes.c,716,global_247,global_1,,0
xmlschemastypes.c,717,global_247,global_1,,0
xmlschemastypes.c,718,global_247,global_1,,0
xmlschemastypes.c,740,global_6,global_1,,0
xmlschemastypes.c,853+,global_572,global_55,,0
xmlschemastypes.c,853,global_572,global_55,,0
xmlschemastypes.c,871,global_573,global_55,,0
xmlschemastypes.c,888,global_574,global_55,,0
xmlschemastypes.c,921,global_575,global_55,,0
xmlschemastypes.c,945,global_576,global_1,,5
xmlschemastypes.c,974,function_240,global_55,,4
xmlschemastypes.c,978,global_577,global_7,,5
xmlstring.c,116,global_242,global_7,,0
xmlstring.c,135,global_578,global_578,,-1
xmlstring.c,136,global_578,global_7,,5
xmlstring.c,137,global_578,global_7,,5
xmlstring.c,158,global_579,global_579,,-1
xmlstring.c,159,global_579,global_7,,5
xmlstring.c,160,global_579,global_7,,5
xmlstring.c,163,global_579,global_28,,5
xmlstring.c,180,global_580,global_7,,5
xmlstring.c,181,global_580,global_7,,5
xmlstring.c,182,global_580,global_7,,5
xmlstring.c,190,global_580,global_28,,5
xmlstring.c,209,global_581,global_1,,5
xmlstring.c,210,global_581,global_581,,-1
xmlstring.c,211,global_581,global_7,,5
xmlstring.c,212,global_581,global_7,,5
xmlstring.c,274,global_582,global_582,,-1
xmlstring.c,275,global_582,global_7,,5
xmlstring.c,276,global_582,global_7,,5
xmlstring.c,299,global_583,global_1,,5
xmlstring.c,300,global_583,global_583,,-1
xmlstring.c,301,global_583,global_7,,5
xmlstring.c,302,global_583,global_7,,5
xmlstring.c,305+,global_583,global_1,global_1,5
xmlstring.c,322,global_584,global_7,,5
xmlstring.c,344,global_585,global_7,,5
xmlstring.c,345,global_585,global_7,,5
xmlstring.c,348,function_18,global_1,,0
xmlstring.c,351,function_242,global_1,,0
xmlstring.c,372,global_585,global_7,,5
xmlstring.c,373,global_585,global_7,,5
xmlstring.c,376,function_18,global_1,,0
xmlstring.c,379,function_94,global_1,,0
xmlstring.c,400,global_586,global_7,,5
xmlstring.c,401,global_586,global_1,,5
xmlstring.c,402,global_586,global_1,,5
xmlstring.c,425,global_587,global_7,,5
xmlstring.c,44+,global_588,global_1,,5
xmlstring.c,44,global_588,global_7,,5
xmlstring.c,452+,global_589,global_1,,5
xmlstring.c,452,global_589,global_7,,5
xmlstring.c,454,global_589,global_1,,5
xmlstring.c,456,global_589,global_7,,5
xmlstring.c,487,global_590,global_1,,5
xmlstring.c,489+,global_590,global_1,,5
xmlstring.c,489,global_590,global_7,,5
xmlstring.c,491,global_590,global_7,,5
xmlstring.c,521,global_591,global_7,,5
xmlstring.c,522,global_591,global_7,,5
xmlstring.c,545+,global_592,global_7,,5
xmlstring.c,545,global_592,global_7,,5
xmlstring.c,572+,global_593,global_7,,5
xmlstring.c,572,global_593,global_7,,5
xmlstring.c,611,global_594,global_7,,5
xmlstring.c,640,global_595,global_7,,5
xmlstring.c,641,global_595,global_7,,5
xmlstring.c,661,global_596,global_7,,5
xmlstring.c,69,global_597,global_7,,5
xmlstring.c,705,global_598,global_7,,5
xmlstring.c,707,global_598,global_26,,5
xmlstring.c,709,global_598,global_1,,5
xmlstring.c,714,global_598,global_1,,5
xmlstring.c,719,global_598,global_1,,5
xmlstring.c,724,global_598,global_1,,5
xmlstring.c,754,global_598,global_26,,5
xmlstring.c,778,global_94,global_7,,0
xmlstring.c,829,global_599,global_7,,5
xmlstring.c,832,global_599,global_1,,5
xmlstring.c,835,global_599,global_1,,5
xmlstring.c,836,global_599,global_28,,5
xmlstring.c,862+,global_600,global_1,,5
xmlstring.c,862,global_600,global_7,,5
xmlstring.c,89+,global_601,global_1,,5
xmlstring.c,89,global_601,global_7,,5
xmlstring.c,890,global_94,global_7,,0
xmlstring.c,891,global_94,global_1,,0
xmlstring.c,893,global_94,global_1,,0
xmlstring.c,923+,global_602,global_7,,5
xmlstring.c,923,global_602,global_7,,5
xmlstring.c,926,function_242,global_1,,0
xmlstring.c,960,global_603,global_7,,5
xmlstring.c,961,global_603,global_1,,5
xmlstring.c,962,global_603,global_1,,5
xmlunicode.c,1003+,global_604,global_1,,5
xmlunicode.c,1003,global_604,global_1,,5
xmlunicode.c,1016+,global_605,global_1,,5
xmlunicode.c,1016,global_605,global_1,,5
xmlunicode.c,1029+,global_606,global_1,,5
xmlunicode.c,1029,global_606,global_1,,5
xmlunicode.c,1042+,global_276,global_1,,0
xmlunicode.c,1042,global_276,global_1,,0
xmlunicode.c,1055+,global_607,global_1,,5
xmlunicode.c,1055,global_607,global_1,,5
xmlunicode.c,1068+,global_276,global_1,,0
xmlunicode.c,1068,global_276,global_1,,0
xmlunicode.c,1081+,global_276,global_1,,0
xmlunicode.c,1081,global_276,global_1,,0
xmlunicode.c,1094+,global_608,global_1,,5
xmlunicode.c,1094,global_608,global_1,,5
xmlunicode.c,1107+,global_276,global_1,,0
xmlunicode.c,1107,global_276,global_1,,0
xmlunicode.c,1120+,global_609,global_1,,5
xmlunicode.c,1120,global_609,global_1,,5
xmlunicode.c,1133+,global_276,global_1,,0
xmlunicode.c,1133,global_276,global_1,,0
xmlunicode.c,1146+,global_287,global_1,,0
xmlunicode.c,1146,global_287,global_1,,0
xmlunicode.c,1159+,global_276,global_1,,0
xmlunicode.c,1159,global_276,global_1,,0
xmlunicode.c,1172+,global_276,global_1,,0
xmlunicode.c,1172,global_276,global_1,,0
xmlunicode.c,1185+,global_276,global_1,,0
xmlunicode.c,1185,global_276,global_1,,0
xmlunicode.c,1198+,global_276,global_1,,0
xmlunicode.c,1198,global_276,global_1,,0
xmlunicode.c,1211+,global_276,global_1,,0
xmlunicode.c,1211,global_276,global_1,,0
xmlunicode.c,1224+,global_276,global_1,,0
xmlunicode.c,1224,global_276,global_1,,0
xmlunicode.c,1237+,global_276,global_1,,0
xmlunicode.c,1237,global_276,global_1,,0
xmlunicode.c,1250+,global_285,global_1,,0
xmlunicode.c,1250,global_285,global_1,,0
xmlunicode.c,1263+,global_610,global_1,,5
xmlunicode.c,1263,global_610,global_1,,5
xmlunicode.c,1276+,global_610,global_1,,5
xmlunicode.c,1276,global_610,global_1,,5
xmlunicode.c,1289+,global_610,global_1,,5
xmlunicode.c,1289,global_610,global_1,,5
xmlunicode.c,1302+,global_276,global_1,,0
xmlunicode.c,1302,global_276,global_1,,0
xmlunicode.c,1315+,global_611,global_1,,5
xmlunicode.c,1315,global_611,global_1,,5
xmlunicode.c,1328+,global_612,global_1,,5
xmlunicode.c,1328,global_612,global_1,,5
xmlunicode.c,1341+,global_611,global_1,,5
xmlunicode.c,1341,global_611,global_1,,5
xmlunicode.c,1354+,global_612,global_1,,5
xmlunicode.c,1354,global_612,global_1,,5
xmlunicode.c,1367+,global_613,global_1,,5
xmlunicode.c,1367,global_613,global_1,,5
xmlunicode.c,1380+,global_276,global_1,,0
xmlunicode.c,1380,global_276,global_1,,0
xmlunicode.c,1393+,global_94,global_1,,0
xmlunicode.c,1393,global_94,global_1,,0
xmlunicode.c,1406+,global_276,global_1,,0
xmlunicode.c,1406,global_276,global_1,,0
xmlunicode.c,1419+,global_614,global_1,,5
xmlunicode.c,1419,global_614,global_1,,5
xmlunicode.c,1432+,global_615,global_1,,5
xmlunicode.c,1432,global_615,global_1,,5
xmlunicode.c,1445+,global_276,global_1,,0
xmlunicode.c,1445,global_276,global_1,,0
xmlunicode.c,1458+,global_616,global_1,,5
xmlunicode.c,1458,global_616,global_1,,5
xmlunicode.c,1471+,global_276,global_1,,0
xmlunicode.c,1471,global_276,global_1,,0
xmlunicode.c,1484+,global_154,global_1,,0
xmlunicode.c,1484,global_154,global_1,,0
xmlunicode.c,1497+,global_617,global_1,,5
xmlunicode.c,1497,global_617,global_1,,5
xmlunicode.c,1510+,global_276,global_1,,0
xmlunicode.c,1510,global_276,global_1,,0
xmlunicode.c,1523+,global_618,global_1,,5
xmlunicode.c,1523,global_618,global_1,,5
xmlunicode.c,1536+,global_276,global_1,,0
xmlunicode.c,1536,global_276,global_1,,0
xmlunicode.c,1549+,global_276,global_1,,0
xmlunicode.c,1549,global_276,global_1,,0
xmlunicode.c,1562+,global_276,global_1,,0
xmlunicode.c,1562,global_276,global_1,,0
xmlunicode.c,1575+,global_276,global_1,,0
xmlunicode.c,1575,global_276,global_1,,0
xmlunicode.c,1588+,global_619,global_1,,5
xmlunicode.c,1588,global_619,global_1,,5
xmlunicode.c,1601+,global_620,global_1,,5
xmlunicode.c,1601,global_620,global_1,,5
xmlunicode.c,1614+,global_276,global_1,,0
xmlunicode.c,1614,global_276,global_1,,0
xmlunicode.c,1627+,global_276,global_1,,0
xmlunicode.c,1627,global_276,global_1,,0
xmlunicode.c,1640+,global_276,global_1,,0
xmlunicode.c,1640,global_276,global_1,,0
xmlunicode.c,1653+,global_276,global_1,,0
xmlunicode.c,1653,global_276,global_1,,0
xmlunicode.c,1666+,global_621,global_1,,5
xmlunicode.c,1666,global_621,global_1,,5
xmlunicode.c,1679+,global_276,global_1,,0
xmlunicode.c,1679,global_276,global_1,,0
xmlunicode.c,1692+,global_276,global_1,,0
xmlunicode.c,1692,global_276,global_1,,0
xmlunicode.c,1705+,global_287,global_1,,0
xmlunicode.c,1705,global_287,global_1,,0
xmlunicode.c,1718+,global_276,global_1,,0
xmlunicode.c,1718,global_276,global_1,,0
xmlunicode.c,1731+,global_276,global_1,,0
xmlunicode.c,1731,global_276,global_1,,0
xmlunicode.c,1744+,global_276,global_1,,0
xmlunicode.c,1744,global_276,global_1,,0
xmlunicode.c,1757+,global_622,global_1,,5
xmlunicode.c,1757,global_622,global_1,,5
xmlunicode.c,1770+,global_276,global_1,,0
xmlunicode.c,1770,global_276,global_1,,0
xmlunicode.c,1783+,global_611,global_1,,5
xmlunicode.c,1783,global_611,global_1,,5
xmlunicode.c,1796+,global_623,global_1,,5
xmlunicode.c,1796,global_623,global_1,,5
xmlunicode.c,1809+,global_276,global_1,,0
xmlunicode.c,1809,global_276,global_1,,0
xmlunicode.c,1822+,global_276,global_1,,0
xmlunicode.c,1822,global_276,global_1,,0
xmlunicode.c,1835+,global_276,global_1,,0
xmlunicode.c,1835,global_276,global_1,,0
xmlunicode.c,1848+,global_276,global_1,,0
xmlunicode.c,1848,global_276,global_1,,0
xmlunicode.c,1861+,global_276,global_1,,0
xmlunicode.c,1861,global_276,global_1,,0
xmlunicode.c,1874+,global_624,global_1,,5
xmlunicode.c,1874,global_624,global_1,,5
xmlunicode.c,1887+,global_276,global_1,,0
xmlunicode.c,1887,global_276,global_1,,0
xmlunicode.c,1900+,global_625,global_1,,5
xmlunicode.c,1900,global_625,global_1,,5
xmlunicode.c,1913+,global_276,global_1,,0
xmlunicode.c,1913,global_276,global_1,,0
xmlunicode.c,1926+,global_626,global_1,,5
xmlunicode.c,1926,global_626,global_1,,5
xmlunicode.c,1939+,global_627,global_1,,5
xmlunicode.c,1939,global_627,global_1,,5
xmlunicode.c,1952+,global_607,global_1,,5
xmlunicode.c,1952,global_607,global_1,,5
xmlunicode.c,1965+,global_628,global_1,,5
xmlunicode.c,1965,global_628,global_1,,5
xmlunicode.c,1978+,global_276,global_1,,0
xmlunicode.c,1978,global_276,global_1,,0
xmlunicode.c,1991+,global_629,global_1,,5
xmlunicode.c,1991,global_629,global_1,,5
xmlunicode.c,2004+,global_630,global_1,,5
xmlunicode.c,2004,global_630,global_1,,5
xmlunicode.c,2017+,global_276,global_1,,0
xmlunicode.c,2017,global_276,global_1,,0
xmlunicode.c,2030+,global_631,global_1,,5
xmlunicode.c,2030,global_631,global_1,,5
xmlunicode.c,2043+,global_632,global_1,,5
xmlunicode.c,2043,global_632,global_1,,5
xmlunicode.c,2056+,global_631,global_1,,5
xmlunicode.c,2056,global_631,global_1,,5
xmlunicode.c,2069+,global_633,global_1,,5
xmlunicode.c,2069,global_633,global_1,,5
xmlunicode.c,2082+,global_634,global_1,,5
xmlunicode.c,2082,global_634,global_1,,5
xmlunicode.c,2095+,global_276,global_1,,0
xmlunicode.c,2095,global_276,global_1,,0
xmlunicode.c,2108+,global_276,global_1,,0
xmlunicode.c,2108,global_276,global_1,,0
xmlunicode.c,2121+,global_276,global_1,,0
xmlunicode.c,2121,global_276,global_1,,0
xmlunicode.c,2134+,global_635,global_1,,5
xmlunicode.c,2134,global_635,global_1,,5
xmlunicode.c,2147+,global_276,global_1,,0
xmlunicode.c,2147,global_276,global_1,,0
xmlunicode.c,2160+,global_636,global_1,,5
xmlunicode.c,2160,global_636,global_1,,5
xmlunicode.c,2173+,global_637,global_1,,5
xmlunicode.c,2173,global_637,global_1,,5
xmlunicode.c,2186+,global_276,global_1,,0
xmlunicode.c,2186,global_276,global_1,,0
xmlunicode.c,2199+,global_276,global_1,,0
xmlunicode.c,2199,global_276,global_1,,0
xmlunicode.c,2212+,global_276,global_1,,0
xmlunicode.c,2212,global_276,global_1,,0
xmlunicode.c,2225+,global_638,global_1,,5
xmlunicode.c,2225,global_638,global_1,,5
xmlunicode.c,2226+,global_638,global_1,,5
xmlunicode.c,2226,global_638,global_1,,5
xmlunicode.c,2227+,global_638,global_1,,5
xmlunicode.c,2227,global_638,global_1,,5
xmlunicode.c,2240+,global_276,global_1,,0
xmlunicode.c,2240,global_276,global_1,,0
xmlunicode.c,2253+,global_276,global_1,,0
xmlunicode.c,2253,global_276,global_1,,0
xmlunicode.c,2266+,global_276,global_1,,0
xmlunicode.c,2266,global_276,global_1,,0
xmlunicode.c,2279+,global_276,global_1,,0
xmlunicode.c,2279,global_276,global_1,,0
xmlunicode.c,2292+,global_639,global_1,,5
xmlunicode.c,2292,global_639,global_1,,5
xmlunicode.c,2305+,global_640,global_1,,5
xmlunicode.c,2305,global_640,global_1,,5
xmlunicode.c,2318+,global_636,global_1,,5
xmlunicode.c,2318,global_636,global_1,,5
xmlunicode.c,2331+,global_641,global_1,,5
xmlunicode.c,2331,global_641,global_1,,5
xmlunicode.c,2344+,global_642,global_1,,5
xmlunicode.c,2344,global_642,global_1,,5
xmlunicode.c,2357+,global_643,global_1,,5
xmlunicode.c,2357,global_643,global_1,,5
xmlunicode.c,2370+,global_276,global_1,,0
xmlunicode.c,2370,global_276,global_1,,0
xmlunicode.c,2383+,global_202,global_1,,0
xmlunicode.c,2383,global_202,global_1,,0
xmlunicode.c,2396+,global_644,global_1,,5
xmlunicode.c,2396,global_644,global_1,,5
xmlunicode.c,2409+,global_645,global_1,,5
xmlunicode.c,2409,global_645,global_1,,5
xmlunicode.c,2422+,global_276,global_1,,0
xmlunicode.c,2422,global_276,global_1,,0
xmlunicode.c,2435+,global_276,global_1,,0
xmlunicode.c,2435,global_276,global_1,,0
xmlunicode.c,2448+,global_276,global_1,,0
xmlunicode.c,2448,global_276,global_1,,0
xmlunicode.c,2461+,global_145,global_1,,0
xmlunicode.c,2461,global_145,global_1,,0
xmlunicode.c,2474+,global_646,global_1,,5
xmlunicode.c,2474,global_646,global_1,,5
xmlunicode.c,2487+,global_647,global_1,,5
xmlunicode.c,2487,global_647,global_1,,5
xmlunicode.c,2500+,global_276,global_1,,0
xmlunicode.c,2500,global_276,global_1,,0
xmlunicode.c,2513+,global_276,global_1,,0
xmlunicode.c,2513,global_276,global_1,,0
xmlunicode.c,2526+,global_648,global_1,,5
xmlunicode.c,2526,global_648,global_1,,5
xmlunicode.c,2539+,global_276,global_1,,0
xmlunicode.c,2539,global_276,global_1,,0
xmlunicode.c,2552+,global_614,global_1,,5
xmlunicode.c,2552,global_614,global_1,,5
xmlunicode.c,2565+,global_649,global_1,,5
xmlunicode.c,2565,global_649,global_1,,5
xmlunicode.c,2578+,global_650,global_1,,5
xmlunicode.c,2578,global_650,global_1,,5
xmlunicode.c,2591+,global_276,global_1,,0
xmlunicode.c,2591,global_276,global_1,,0
xmlunicode.c,2604+,global_642,global_1,,5
xmlunicode.c,2604,global_642,global_1,,5
xmlunicode.c,2617+,global_276,global_1,,0
xmlunicode.c,2617,global_276,global_1,,0
xmlunicode.c,2630+,global_276,global_1,,0
xmlunicode.c,2630,global_276,global_1,,0
xmlunicode.c,2647,function_243,global_1,,0
xmlunicode.c,2675+,global_651,global_1,,5
xmlunicode.c,2675,global_651,global_1,,5
xmlunicode.c,2676+,global_651,global_1,,5
xmlunicode.c,2676,global_651,global_1,,5
xmlunicode.c,2702,global_276,global_1,,0
xmlunicode.c,2703,global_276,global_1,,0
xmlunicode.c,2704,global_276,global_1,,0
xmlunicode.c,2705,global_276,global_1,,0
xmlunicode.c,2706,global_276,global_1,,0
xmlunicode.c,2707,global_276,global_1,,0
xmlunicode.c,2720,global_652,global_1,,5
xmlunicode.c,2721+,global_652,global_1,,5
xmlunicode.c,2721,global_652,global_1,,5
xmlunicode.c,2722+,global_652,global_1,,5
xmlunicode.c,2722,global_652,global_1,,5
xmlunicode.c,2723,global_652,global_1,,5
xmlunicode.c,2840+,global_605,global_1,,5
xmlunicode.c,2840,global_605,global_1,,5
xmlunicode.c,2841,global_605,global_1,,5
xmlunicode.c,2842+,global_605,global_1,,5
xmlunicode.c,2842,global_605,global_1,,5
xmlunicode.c,2843+,global_605,global_1,,5
xmlunicode.c,2843,global_605,global_1,,5
xmlunicode.c,2895+,global_276,global_1,,0
xmlunicode.c,2895,global_276,global_1,,0
xmlunicode.c,2896+,global_276,global_1,,0
xmlunicode.c,2896,global_276,global_1,,0
xmlunicode.c,2897,global_276,global_1,,0
xmlunicode.c,2898+,global_276,global_1,,0
xmlunicode.c,2898,global_276,global_1,,0
xmlunicode.c,2899+,global_276,global_1,,0
xmlunicode.c,2899,global_276,global_1,,0
xmlunicode.c,2900,global_276,global_1,,0
xmlunicode.c,2939,global_276,global_1,,0
xmlunicode.c,2940+,global_276,global_1,,0
xmlunicode.c,2940,global_276,global_1,,0
xmlunicode.c,2941,global_276,global_1,,0
xmlunicode.c,2942,global_276,global_1,,0
xmlunicode.c,2943+,global_276,global_1,,0
xmlunicode.c,2943,global_276,global_1,,0
xmlunicode.c,2944+,global_276,global_1,,0
xmlunicode.c,2944,global_276,global_1,,0
xmlunicode.c,2945,global_276,global_1,,0
xmlunicode.c,2946,global_276,global_1,,0
xmlunicode.c,2985,global_276,global_1,,0
xmlunicode.c,2986,global_276,global_1,,0
xmlunicode.c,2987,global_276,global_1,,0
xmlunicode.c,2988,global_276,global_1,,0
xmlunicode.c,3001,global_652,global_1,,5
xmlunicode.c,3002,global_652,global_1,,5
xmlunicode.c,3003+,global_652,global_1,,5
xmlunicode.c,3003,global_652,global_1,,5
xmlunicode.c,3004,global_652,global_1,,5
xmlunicode.c,3005,global_652,global_1,,5
xmlunicode.c,3122,global_653,global_1,,5
xmlunicode.c,3135,global_654,global_1,,5
xmlunicode.c,3148,global_655,global_1,,5
xmlunicode.c,3149,global_655,global_1,,5
xmlunicode.c,3150,global_655,global_1,,5
xmlunicode.c,3151,global_655,global_1,,5
xmlunicode.c,3152+,global_655,global_1,,5
xmlunicode.c,3152,global_655,global_1,,5
xmlunicode.c,3153,global_655,global_1,,5
xmlunicode.c,3154,global_655,global_1,,5
xmlunicode.c,3155,global_655,global_1,,5
xmlunicode.c,3172,function_243,global_1,,0
xmlunicode.c,950+,global_656,global_7,,5
xmlunicode.c,950,global_656,global_-1,,5
xmlunicode.c,957,function_41,global_1,,0
xmlunicode.c,959,function_41,global_1,,0
xmlunicode.c,977+,global_657,global_1,,5
xmlunicode.c,977,global_657,global_1,,5
xmlunicode.c,990+,global_658,global_1,,5
xmlunicode.c,990,global_658,global_1,,5
xmlwriter.c,1035,function_244,global_1,,0
xmlwriter.c,1040,function_244,global_1,,0
xmlwriter.c,1067+,global_77,global_7,,0
xmlwriter.c,1067,global_77,global_74,,0
xmlwriter.c,1071,global_77,global_7,,0
xmlwriter.c,1080,function_245,global_1,,0
xmlwriter.c,1084,global_77,global_7,,0
xmlwriter.c,1094,global_77,global_7,,0
xmlwriter.c,1131,global_659,global_74,,6
xmlwriter.c,1135,function_246,global_90,,4
xmlwriter.c,1152,function_244,global_1,,0
xmlwriter.c,1162,function_244,global_1,,0
xmlwriter.c,1169,function_244,global_1,,0
xmlwriter.c,1181,function_244,global_1,,0
xmlwriter.c,1186,function_244,global_1,,0
xmlwriter.c,1190,function_244,global_1,,0
xmlwriter.c,1223,global_659,global_74,,6
xmlwriter.c,1227,function_246,global_90,,4
xmlwriter.c,1238,function_244,global_1,,0
xmlwriter.c,1245,function_244,global_1,,0
xmlwriter.c,1250,function_244,global_1,,0
xmlwriter.c,1264,function_244,global_1,,0
xmlwriter.c,1269,function_244,global_1,,0
xmlwriter.c,1273,function_244,global_1,,0
xmlwriter.c,1332,global_262,global_74,,0
xmlwriter.c,1336,function_247,global_7,,0
xmlwriter.c,1365,global_660,global_74,,6
xmlwriter.c,137,global_94,global_74,,0
xmlwriter.c,1371+,global_660,global_1,,5
xmlwriter.c,1371,global_660,global_7,,5
xmlwriter.c,1379,function_246,global_90,,4
xmlwriter.c,1382,function_248,global_1,,0
xmlwriter.c,1390,global_660,global_7,,5
xmlwriter.c,1393,function_248,global_1,,0
xmlwriter.c,1433+,global_661,global_7,,5
xmlwriter.c,1433,global_661,global_74,,6
xmlwriter.c,1461+,global_262,global_7,,0
xmlwriter.c,1461,global_262,global_74,,0
xmlwriter.c,1465,function_247,global_7,,0
xmlwriter.c,1492+,global_662,global_7,,5
xmlwriter.c,1492,global_662,global_74,,6
xmlwriter.c,1498,function_246,global_90,,4
xmlwriter.c,1521,global_662,global_7,,5
xmlwriter.c,1527,function_-1,global_1,,0
xmlwriter.c,1562++,global_94,global_7,,0
xmlwriter.c,1562+,global_94,global_1,,0
xmlwriter.c,1562,global_94,global_24,,0
xmlwriter.c,1576+,global_1,global_94,,0
xmlwriter.c,1588,global_1,global_1,,0
xmlwriter.c,1590,global_1,global_1,,0
xmlwriter.c,1595,global_1,global_1,,0
xmlwriter.c,1597,function_249,global_1,,0
xmlwriter.c,160,global_94,global_74,,0
xmlwriter.c,1603,function_249,global_1,,0
xmlwriter.c,1610,global_1,global_94,,0
xmlwriter.c,1637+++,global_172,global_1,,0
xmlwriter.c,1637++,global_172,global_1,,0
xmlwriter.c,1637+,global_172,global_7,,0
xmlwriter.c,1637,global_172,global_74,,0
xmlwriter.c,1642,function_246,global_90,,4
xmlwriter.c,1646,function_248,global_1,,0
xmlwriter.c,1658,function_248,global_1,,0
xmlwriter.c,1687++,global_268,global_1,,0
xmlwriter.c,1687+,global_268,global_7,,0
xmlwriter.c,1687,global_268,global_24,,0
xmlwriter.c,1696,function_249,global_1,,0
xmlwriter.c,1702,function_249,global_1,,0
xmlwriter.c,1730+++,global_663,global_1,,5
xmlwriter.c,1730++,global_663,global_1,,5
xmlwriter.c,1730+,global_663,global_7,,5
xmlwriter.c,1730,global_663,global_74,,6
xmlwriter.c,1735,function_246,global_90,,4
xmlwriter.c,1739,function_248,global_1,,0
xmlwriter.c,1751,function_248,global_1,,0
xmlwriter.c,1775+,global_664,global_7,,5
xmlwriter.c,1775,global_664,global_74,,6
xmlwriter.c,1780,function_246,global_90,,4
xmlwriter.c,1790,function_244,global_1,,0
xmlwriter.c,1796,function_244,global_1,,0
xmlwriter.c,1802,function_244,global_1,,0
xmlwriter.c,1806,function_244,global_1,,0
xmlwriter.c,1810,function_244,global_1,,0
xmlwriter.c,1843+,global_77,global_7,,0
xmlwriter.c,1843,global_77,global_74,,0
xmlwriter.c,1847,global_77,global_7,,0
xmlwriter.c,1851,global_77,global_7,,0
xmlwriter.c,1864,function_59,global_1,,0
xmlwriter.c,1874,function_119,global_7,,0
xmlwriter.c,1898,global_77,global_7,,0
xmlwriter.c,1907,function_250,global_1,,0
xmlwriter.c,1930,global_428,global_74,,3
xmlwriter.c,1934,function_246,global_90,,4
xmlwriter.c,1949,function_249,global_1,,0
xmlwriter.c,2007,global_262,global_74,,0
xmlwriter.c,2011,function_247,global_7,,0
xmlwriter.c,2039,function_250,global_1,,0
xmlwriter.c,2043,function_250,global_1,,0
xmlwriter.c,2047,function_250,global_1,,0
xmlwriter.c,2109,global_262,global_74,,0
xmlwriter.c,2113,function_247,global_7,,0
xmlwriter.c,2144+,global_77,global_7,,0
xmlwriter.c,2144,global_77,global_74,,0
xmlwriter.c,2149,function_251,global_1,,0
xmlwriter.c,2153,function_251,global_1,,0
xmlwriter.c,2157,function_251,global_1,,0
xmlwriter.c,2210,global_262,global_74,,0
xmlwriter.c,2214,function_247,global_7,,0
xmlwriter.c,2242,function_245,global_1,,0
xmlwriter.c,2245,global_665,global_7,,5
xmlwriter.c,2247,function_245,global_1,,0
xmlwriter.c,2252,function_245,global_1,,0
xmlwriter.c,2314,global_262,global_74,,0
xmlwriter.c,2318,function_247,global_7,,0
xmlwriter.c,2349+,global_77,global_7,,0
xmlwriter.c,2349,global_77,global_74,,0
xmlwriter.c,2355,function_252,global_1,,0
xmlwriter.c,2359,function_252,global_1,,0
xmlwriter.c,2363,function_252,global_1,,0
xmlwriter.c,2387+,global_172,global_7,,0
xmlwriter.c,2387,global_172,global_74,,0
xmlwriter.c,2390,function_24,global_1,,0
xmlwriter.c,2398,function_246,global_90,,4
xmlwriter.c,2404,function_244,global_1,,0
xmlwriter.c,2411,function_244,global_1,,0
xmlwriter.c,2415,function_244,global_1,,0
xmlwriter.c,2455,function_244,global_1,,0
xmlwriter.c,2460,function_244,global_1,,0
xmlwriter.c,2483,global_428,global_74,,3
xmlwriter.c,2487,function_246,global_90,,4
xmlwriter.c,2499,function_253,global_1,,0
xmlwriter.c,2509,function_253,global_1,,0
xmlwriter.c,252,function_29,global_24,,0
xmlwriter.c,2563,global_262,global_74,,0
xmlwriter.c,2567,function_247,global_7,,0
xmlwriter.c,259,function_170,global_74,,0
xmlwriter.c,2595,function_254,global_1,,0
xmlwriter.c,2598,global_172,global_7,,0
xmlwriter.c,2600,function_254,global_1,,0
xmlwriter.c,2605,function_254,global_1,,0
xmlwriter.c,2628,global_666,global_74,,6
xmlwriter.c,2633,function_246,global_90,,4
xmlwriter.c,2644,function_244,global_1,,0
xmlwriter.c,2651,function_244,global_1,,0
xmlwriter.c,2655,function_244,global_1,,0
xmlwriter.c,2684,function_244,global_1,,0
xmlwriter.c,2707,global_667,global_74,,6
xmlwriter.c,2711,function_246,global_90,,4
xmlwriter.c,2722,function_253,global_1,,0
xmlwriter.c,2776,global_268,global_74,,0
xmlwriter.c,2780,function_247,global_7,,0
xmlwriter.c,2806,function_255,global_1,,0
xmlwriter.c,2809,global_667,global_7,,5
xmlwriter.c,2811,function_255,global_1,,0
xmlwriter.c,2816,function_255,global_1,,0
xmlwriter.c,2844+,global_172,global_7,,0
xmlwriter.c,2844,global_172,global_74,,0
xmlwriter.c,2849+,function_256,global_7,,0
xmlwriter.c,2849,function_246,global_90,,4
xmlwriter.c,2875,function_253,global_1,,0
xmlwriter.c,2879,function_253,global_1,,0
xmlwriter.c,2883,global_172,global_7,,0
xmlwriter.c,2884,global_172,global_7,,0
xmlwriter.c,2894,function_253,global_1,,0
xmlwriter.c,2899,function_253,global_1,,0
xmlwriter.c,290,function_238,global_24,,0
xmlwriter.c,2904,function_253,global_1,,0
xmlwriter.c,2910,function_253,global_1,,0
xmlwriter.c,2915,function_253,global_1,,0
xmlwriter.c,2920,global_172,global_7,,0
xmlwriter.c,2921,global_172,global_7,,0
xmlwriter.c,2926,function_253,global_1,,0
xmlwriter.c,2930,function_253,global_1,,0
xmlwriter.c,2938,function_253,global_1,,0
xmlwriter.c,2944,function_253,global_1,,0
xmlwriter.c,2950,function_253,global_1,,0
xmlwriter.c,2955,function_253,global_1,,0
xmlwriter.c,297,function_170,global_74,,0
xmlwriter.c,2980,global_668,global_74,,6
xmlwriter.c,2985,global_1,global_1,,0
xmlwriter.c,2987,function_246,global_90,,4
xmlwriter.c,2995,function_253,global_1,,0
xmlwriter.c,3003,function_253,global_1,,0
xmlwriter.c,3032,function_253,global_1,,0
xmlwriter.c,3094,global_268,global_74,,0
xmlwriter.c,3098,function_247,global_7,,0
xmlwriter.c,3130,function_257,global_1,,0
xmlwriter.c,3133,global_172,global_7,,0
xmlwriter.c,3135,function_257,global_1,,0
xmlwriter.c,3140,function_257,global_1,,0
xmlwriter.c,3164+,global_669,global_7,,5
xmlwriter.c,3164,global_669,global_74,,6
xmlwriter.c,3169,function_246,global_90,,4
xmlwriter.c,3178,function_253,global_1,,0
xmlwriter.c,3183,function_253,global_1,,0
xmlwriter.c,3218,function_253,global_1,,0
xmlwriter.c,3224,function_253,global_1,,0
xmlwriter.c,3228,function_253,global_1,,0
xmlwriter.c,3251,global_668,global_74,,6
xmlwriter.c,3256,function_246,global_90,,4
xmlwriter.c,326,global_266,global_32,,0
xmlwriter.c,3267,function_253,global_1,,0
xmlwriter.c,3277,function_253,global_1,,0
xmlwriter.c,3332,global_268,global_74,,0
xmlwriter.c,3336,function_247,global_7,,0
xmlwriter.c,3362,global_670,global_7,,5
xmlwriter.c,3367,function_258,global_1,,0
xmlwriter.c,337,function_-1,global_24,,0
xmlwriter.c,3372,function_258,global_1,,0
xmlwriter.c,3377,function_258,global_1,,0
xmlwriter.c,3401+,global_669,global_7,,5
xmlwriter.c,3401,global_669,global_74,,6
xmlwriter.c,3406,function_246,global_90,,4
xmlwriter.c,3415,function_253,global_1,,0
xmlwriter.c,3420,function_253,global_1,,0
xmlwriter.c,344,function_170,global_74,,0
xmlwriter.c,3455,function_253,global_1,,0
xmlwriter.c,3461,function_253,global_1,,0
xmlwriter.c,3465,function_253,global_1,,0
xmlwriter.c,3488,global_668,global_74,,6
xmlwriter.c,3493,function_246,global_90,,4
xmlwriter.c,3504,function_253,global_1,,0
xmlwriter.c,3514,function_253,global_1,,0
xmlwriter.c,3569,global_268,global_74,,0
xmlwriter.c,3573,function_247,global_7,,0
xmlwriter.c,3599,global_670,global_7,,5
xmlwriter.c,3604,function_259,global_1,,0
xmlwriter.c,3609,function_259,global_1,,0
xmlwriter.c,3614,function_259,global_1,,0
xmlwriter.c,3640+,global_172,global_7,,0
xmlwriter.c,3640,global_172,global_74,,0
xmlwriter.c,3645,function_246,global_90,,4
xmlwriter.c,3652,function_253,global_1,,0
xmlwriter.c,3658,function_253,global_1,,0
xmlwriter.c,3689,global_172,global_1,,0
xmlwriter.c,3698,function_253,global_1,,0
xmlwriter.c,3704,function_253,global_1,,0
xmlwriter.c,3708,global_172,global_1,,0
xmlwriter.c,3710,function_253,global_1,,0
xmlwriter.c,3716,function_253,global_1,,0
xmlwriter.c,3739,global_671,global_74,,6
xmlwriter.c,3744,function_246,global_90,,4
xmlwriter.c,3754,function_249,global_1,,0
xmlwriter.c,3760,function_249,global_1,,0
xmlwriter.c,3770,function_249,global_1,,0
xmlwriter.c,379,function_98,global_32,,0
xmlwriter.c,3831,global_268,global_74,,0
xmlwriter.c,3835,function_247,global_7,,0
xmlwriter.c,3867++,global_172,global_7,,0
xmlwriter.c,3867+,global_172,global_7,,0
xmlwriter.c,3867,global_172,global_7,,0
xmlwriter.c,3869+,global_172,global_7,,0
xmlwriter.c,3869,global_172,global_1,,0
xmlwriter.c,3872+,global_172,global_7,,0
xmlwriter.c,3872,global_172,global_7,,0
xmlwriter.c,3900++,global_172,global_7,,0
xmlwriter.c,3900,global_172,global_7,,0
xmlwriter.c,3905,function_260,global_1,,0
xmlwriter.c,3910,function_260,global_1,,0
xmlwriter.c,3915,function_260,global_1,,0
xmlwriter.c,3946+,global_172,global_7,,0
xmlwriter.c,3946,global_172,global_7,,0
xmlwriter.c,3948+,global_172,global_7,,0
xmlwriter.c,3948,global_172,global_1,,0
xmlwriter.c,3953,function_260,global_1,,0
xmlwriter.c,3960,function_260,global_1,,0
xmlwriter.c,3965,function_260,global_1,,0
xmlwriter.c,399,function_171,global_74,,0
xmlwriter.c,3994,global_672,global_74,,6
xmlwriter.c,4002,function_246,global_90,,4
xmlwriter.c,4016,global_672,global_7,,5
xmlwriter.c,4028,global_672,global_7,,5
xmlwriter.c,4029,global_672,global_7,,5
xmlwriter.c,4036,function_253,global_1,,0
xmlwriter.c,4041,function_253,global_1,,0
xmlwriter.c,4047,function_253,global_1,,0
xmlwriter.c,4052,function_253,global_1,,0
xmlwriter.c,4057,global_672,global_7,,5
xmlwriter.c,4058,global_672,global_7,,5
xmlwriter.c,4060,function_253,global_1,,0
xmlwriter.c,4066,function_253,global_1,,0
xmlwriter.c,4071,function_253,global_1,,0
xmlwriter.c,4077,function_253,global_1,,0
xmlwriter.c,4082,function_253,global_1,,0
xmlwriter.c,4087,global_672,global_7,,5
xmlwriter.c,4089,function_253,global_1,,0
xmlwriter.c,409,global_214,global_-1,,0
xmlwriter.c,4096,function_253,global_1,,0
xmlwriter.c,4125+,global_172,global_7,,0
xmlwriter.c,4125,global_172,global_74,,0
xmlwriter.c,4130,function_246,global_90,,4
xmlwriter.c,4139,function_253,global_1,,0
xmlwriter.c,4144,function_253,global_1,,0
xmlwriter.c,4159,function_253,global_1,,0
xmlwriter.c,4165,function_253,global_1,,0
xmlwriter.c,4169,function_253,global_1,,0
xmlwriter.c,4173,global_172,global_7,,0
xmlwriter.c,4175,function_253,global_1,,0
xmlwriter.c,4179,function_253,global_1,,0
xmlwriter.c,4184,function_253,global_1,,0
xmlwriter.c,4188,function_253,global_1,,0
xmlwriter.c,4193,global_172,global_7,,0
xmlwriter.c,4194,global_172,global_7,,0
xmlwriter.c,4196,function_253,global_1,,0
xmlwriter.c,4201,function_253,global_1,,0
xmlwriter.c,4205,function_253,global_1,,0
xmlwriter.c,4210,function_253,global_1,,0
xmlwriter.c,4214,function_253,global_1,,0
xmlwriter.c,4220,function_253,global_1,,0
xmlwriter.c,4240,global_673,global_74,,6
xmlwriter.c,4290,global_271,global_271,,-1
xmlwriter.c,4293,global_271,global_7,,0
xmlwriter.c,4296,global_271,global_7,,0
xmlwriter.c,4324,function_-1,global_1,,0
xmlwriter.c,4343,function_-1,global_1,,0
xmlwriter.c,435,global_674,global_2,,5
xmlwriter.c,4393,global_271,global_271,,-1
xmlwriter.c,4396,global_271,global_7,,0
xmlwriter.c,4399,global_271,global_7,,0
xmlwriter.c,4407,function_59,global_1,,0
xmlwriter.c,4429,function_261,global_1,,0
xmlwriter.c,4453,function_261,global_1,,0
xmlwriter.c,448,function_98,global_32,,0
xmlwriter.c,4489,function_113,global_1,,0
xmlwriter.c,4490++,function_113,global_1,,0
xmlwriter.c,4490+,function_113,global_1,,0
xmlwriter.c,4490,function_113,global_1,global_1,0
xmlwriter.c,4584+,global_94,global_1,,0
xmlwriter.c,4584,global_94,global_74,,0
xmlwriter.c,460,function_171,global_74,,0
xmlwriter.c,4605+,global_94,global_7,,0
xmlwriter.c,4605,global_94,global_74,,0
xmlwriter.c,4630,global_675,global_74,,6
xmlwriter.c,4654,function_262,global_1,,0
xmlwriter.c,4659,function_253,global_1,,0
xmlwriter.c,4683,global_676,global_74,,6
xmlwriter.c,4686,global_676,global_88,,6
xmlwriter.c,4691,global_676,global_88,,6
xmlwriter.c,4697,function_263,global_1,,0
xmlwriter.c,4733,function_263,global_1,,0
xmlwriter.c,485,global_677,global_74,,6
xmlwriter.c,533,global_678,global_74,,6
xmlwriter.c,540+,function_256,global_7,,0
xmlwriter.c,540,function_246,global_90,,4
xmlwriter.c,547,global_678,global_7,,5
xmlwriter.c,569,function_253,global_1,,0
xmlwriter.c,573,function_253,global_1,,0
xmlwriter.c,576,global_678,global_7,,5
xmlwriter.c,580,function_253,global_1,,0
xmlwriter.c,584,function_253,global_1,,0
xmlwriter.c,589,function_253,global_1,,0
xmlwriter.c,593,function_253,global_1,,0
xmlwriter.c,599,function_253,global_1,,0
xmlwriter.c,603,function_253,global_1,,0
xmlwriter.c,608,global_678,global_7,,5
xmlwriter.c,610,function_253,global_1,,0
xmlwriter.c,614,function_253,global_1,,0
xmlwriter.c,618,function_253,global_1,,0
xmlwriter.c,622,function_253,global_1,,0
xmlwriter.c,628,function_253,global_1,,0
xmlwriter.c,652,global_172,global_74,,0
xmlwriter.c,659,function_246,global_90,,4
xmlwriter.c,668,function_264,global_1,,0
xmlwriter.c,675,function_264,global_1,,0
xmlwriter.c,681,function_264,global_1,,0
xmlwriter.c,695,function_264,global_1,,0
xmlwriter.c,701,function_264,global_1,,0
xmlwriter.c,712,function_264,global_1,,0
xmlwriter.c,738,global_679,global_74,,6
xmlwriter.c,746,function_246,global_90,,4
xmlwriter.c,756,function_263,global_1,,0
xmlwriter.c,760,function_263,global_1,,0
xmlwriter.c,766,function_263,global_1,,0
xmlwriter.c,793,function_263,global_1,,0
xmlwriter.c,799,function_263,global_1,,0
xmlwriter.c,822,global_428,global_74,,3
xmlwriter.c,829,function_246,global_90,,4
xmlwriter.c,843,function_253,global_1,,0
xmlwriter.c,853,function_253,global_1,,0
xmlwriter.c,904,global_262,global_74,,0
xmlwriter.c,911,function_247,global_7,,0
xmlwriter.c,937,function_265,global_1,,0
xmlwriter.c,941,function_265,global_1,,0
xmlwriter.c,945,function_265,global_1,,0
xmlwriter.c,969+,global_268,global_7,,0
xmlwriter.c,969,global_268,global_74,,0
xmlwriter.c,974,function_246,global_90,,4
xmlwriter.c,985,function_244,global_1,,0
xmlwriter.c,992,function_244,global_1,,0
xmlwriter.c,996,function_244,global_1,,0
xpath.c,1027,global_680,global_62,,6
xpath.c,1253,global_94,global_8,,0
xpath.c,1301,global_681,global_3,,5
xpath.c,1308,global_681,global_3,,5
xpath.c,1327,global_681,global_3,,5
xpath.c,1348,global_682,global_91,,6
xpath.c,1376,global_94,global_14,,0
xpath.c,1385,global_94,global_0,,0
xpath.c,1415,function_3,global_1,,0
xpath.c,1417,function_-1,global_1,,0
xpath.c,1487,global_94,global_-1,,0
xpath.c,1667+,global_226,global_62,,0
xpath.c,1667,global_226,global_14,,0
xpath.c,189,function_266,global_1,,0
xpath.c,2212,global_684,global_-1,,5
xpath.c,224,global_685,global_685,global_12,-1
xpath.c,225,global_685,global_685,global_12,-1
xpath.c,2255,global_686,global_65,,6
xpath.c,2257,global_686,global_1,,5
xpath.c,2266,global_686,global_1,,5
xpath.c,2267,global_686,global_1,,5
xpath.c,227,function_266,global_1,,0
xpath.c,234,function_266,global_1,,0
xpath.c,239,global_685,global_12,,5
xpath.c,240,function_266,global_1,,0
xpath.c,250,global_685,global_12,,5
xpath.c,251,function_266,global_1,,0
xpath.c,2826,global_250,global_65,,0
xpath.c,2855+,global_172,global_0,,0
xpath.c,2855,global_172,global_65,,0
xpath.c,2895,function_267,global_0,,0
xpath.c,2896,global_250,global_65,,0
xpath.c,2922,function_267,global_0,,0
xpath.c,2923,global_687,global_65,,6
xpath.c,2949,function_267,global_0,,0
xpath.c,2950,global_688,global_65,,6
xpath.c,2975,global_689,global_65,,6
xpath.c,2977,global_689,global_65,,6
xpath.c,298,global_690,global_1,,5
xpath.c,2981,global_689,global_65,,6
xpath.c,299,global_690,global_1,,5
xpath.c,3010,global_250,global_65,,0
xpath.c,3011,global_250,global_65,,0
xpath.c,3015,global_250,global_65,,0
xpath.c,3231,global_691,global_2,,5
xpath.c,3280+,global_692,global_8,,5
xpath.c,3280,global_692,global_8,,5
xpath.c,3285,global_692,global_692,,-1
xpath.c,3297,global_692,global_692,,-1
xpath.c,3311,global_1,global_1,,0
xpath.c,356,function_266,global_1,,0
xpath.c,380,function_266,global_1,,0
xpath.c,400,global_693,global_1,,5
xpath.c,405,global_693,global_1,,5
xpath.c,412,global_693,global_1,,5
xpath.c,417,global_693,global_1,,5
xpath.c,425,global_693,global_1,,5
xpath.c,467,global_694,global_12,,5
xpath.c,481++++,global_1,global_1,,0
xpath.c,481+++,global_12,global_694,,-1
xpath.c,482++++,global_1,global_1,,0
xpath.c,482+++,global_12,global_694,,-1
xpath.c,483++++,global_1,global_1,,0
xpath.c,483+++,global_12,global_694,,-1
xpath.c,487,function_-1,global_1,,0
xpath.c,492++++,global_1,global_1,,0
xpath.c,492+++,global_12,global_694,,-1
xpath.c,494,global_6,global_1,,0
xpath.c,5483,global_94,global_0,,0
xpath.c,5530,global_695,global_0,,5
xpath.c,5532,global_695,global_65,,6
xpath.c,5555++,function_269,global_1,,0
xpath.c,5568++,function_269,global_1,,0
xpath.c,5574++,function_269,global_1,,0
xpath.c,5580++,function_269,global_1,,0
xpath.c,5599++,function_269,global_1,,0
xpath.c,5763,global_696,global_0,,5
xpath.c,5928,global_697,global_0,,5
xpath.c,6040,global_698,global_0,,5
xpath.c,637,global_250,global_65,,0
xpath.c,638,global_250,global_7,,0
xpath.c,654,global_250,global_7,,0
xpath.c,697+,global_94,global_1,,0
xpath.c,697,global_94,global_1,,0
xpath.c,699,global_94,global_65,,0
xpath1.c,102,function_135,global_65,,0
xpath1.c,109+,function_-1,global_1,,0
xpath1.c,109,global_699,global_7,,5
xpath1.c,118,function_137,global_0,,0
xpath1.c,153,global_133,global_65,,0
xpath1.c,154,global_133,global_7,,0
xpath1.c,157,function_119,global_7,,0
xpath1.c,163,function_119,global_7,,0
xpath1.c,171,function_119,global_7,,0
xpath1.c,181,function_119,global_7,,0
xpath1.c,186,function_136,global_1,,0
xpath1.c,210,global_700,global_14,,5
xpath1.c,211,global_700,global_3,,5
xpath1.c,32+,global_1,global_1,,0
xpath1.c,32,global_1,global_1,,0
xpath1.c,43+,function_-1,global_1,,0
xpath1.c,43,global_1,global_1,,0
xpath1.c,66,global_701,global_7,,5
xpath1.c,90,global_699,global_7,,5
xpath1.c,91,global_699,global_7,,5
xpath1.c,95,function_60,global_2,,0
xpath2.c,103,function_135,global_65,,0
xpath2.c,111,function_137,global_0,,0
xpath2.c,148,global_702,global_7,,5
xpath2.c,149,global_702,global_3,,5
xpath2.c,34,global_1,global_1,,0
xpath2.c,45,function_-1,global_1,,0
xpath2.c,68,global_701,global_7,,5
xpath2.c,90,global_703,global_7,,5
xpath2.c,91,global_703,global_7,,5
xpath2.c,92,global_703,global_7,,5
xpath2.c,96,function_60,global_2,,0
xpointer.c,1329,function_135,global_65,,0
xpointer.c,1374+,global_94,global_7,,0
xpointer.c,1374,global_94,global_65,,0
xpointer.c,1378,function_-1,global_65,,0
xpointer.c,1395,function_267,global_0,,0
xpointer.c,1396,function_267,global_0,,0
xpointer.c,1411,function_267,global_0,,0
xpointer.c,1744+,global_704,global_1,,5
xpointer.c,1744,global_704,global_65,,6
xpointer.c,1762+,global_704,global_1,,5
xpointer.c,1762,global_704,global_65,,6
xpointer.c,1799+,global_705,global_1,,5
xpointer.c,1799,global_705,global_65,,6
xpointer.c,1812,function_270,global_0,,0
xpointer.c,1828,function_270,global_0,,0
xpointer.c,1895+,global_250,global_1,,0
xpointer.c,1895,global_250,global_65,,0
xpointer.c,1908,function_270,global_0,,0
xpointer.c,1924,function_270,global_0,,0
xpointer.c,2047+,global_704,global_1,,5
xpointer.c,2047,global_704,global_65,,6
xpointer.c,2062,function_270,global_0,,0
xpointer.c,2072,function_271,global_91,,-1
xpointer.c,2199+,global_704,global_1,,5
xpointer.c,2199,global_704,global_65,,6
xpointer.c,2214,function_270,global_0,,0
xpointer.c,2224,function_271,global_91,,-1
xpointer.c,2257,global_704,global_65,,6
xpointer.c,2258+,global_704,global_1,,5
xpointer.c,2258,global_704,global_65,,6
xpointer.c,2291,function_-1,global_0,,0
xpointer.c,2298,function_267,global_0,,0
xpointer.c,274,global_706,global_0,,5
xpointer.c,2797+,global_704,global_1,,5
xpointer.c,2797,global_704,global_1,,5
xpointer.c,2800,global_704,global_1,,5
xpointer.c,2806,global_704,global_1,,5
xpointer.c,282,function_-1,global_1,,0
xpointer.c,2821,function_271,global_91,,-1
xpointer.c,2836,function_270,global_0,,0
xpointer.c,2871,function_272,global_1,,0
xpointer.c,2876,function_273,global_1,,0
xpointer.c,2883,function_273,global_1,,0
xpointer.c,2903,function_272,global_1,,0
xpointer.c,303,global_509,global_509,,-1
xpointer.c,305+,global_509,global_0,,0
xpointer.c,305,global_509,global_0,,0
xpointer.c,338,global_94,global_8,,0
xpointer.c,340,global_94,global_8,,0
xpointer.c,342,global_94,global_1,,0
xpointer.c,344,global_94,global_1,,0
xpointer.c,375,global_94,global_0,,0
xpointer.c,377,global_94,global_0,,0
xpointer.c,412,global_707,global_0,,5
xpointer.c,414,global_707,global_8,,5
xpointer.c,447,global_707,global_8,,5
xpointer.c,449,global_707,global_0,,5
xpointer.c,484,global_94,global_8,,0
xpointer.c,486,global_94,global_8,,0
xpointer.c,516,global_94,global_8,,0
xpointer.c,546,global_94,global_8,,0
xpointer.c,548,global_94,global_0,,0
xpointer.c,617,global_708,global_0,,5
xpointer.c,645+,global_276,global_0,,0
xpointer.c,645,global_276,global_91,,0
xpointer.c,651,function_-1,global_1,,0
xpointer.c,698,global_709,global_91,,-1
xpointer.c,699,global_709,global_91,,-1
xpointer.c,723,global_710,global_91,,-1
xpointer.c,724,global_710,global_0,,5
xpointer.c,754,global_711,global_91,,-1
xpointer.c,772,global_712,global_91,,-1
xpointer.c,803,global_713,global_8,,5
xpointer.c,830,global_714,global_3,,5
xpointer.c,835,function_271,global_91,,-1
