if_ID,max_cos_similarity,max_similarity_corresponding_ID
0,"[1.0, 1.0, 1.0, 1.0, 1.0, 1.0]","[0, 2, 7, 10, 11, 12]"
1,"[1.0, 1.0, 1.0, 1.0, 1.0, 1.0]","[1, 61, 1367, 1453, 1672, 1674]"
2,"[1.0, 1.0, 1.0, 1.0, 1.0, 1.0]","[0, 2, 7, 10, 11, 12]"
3,"[1.0, 1.0, 1.0, 1.0, 0.75, 0.75]","[3, 4, 5, 6, 8, 13]"
4,"[1.0, 1.0, 1.0, 1.0, 0.75, 0.75]","[3, 4, 5, 6, 8, 13]"
5,"[1.0, 1.0, 1.0, 1.0, 0.75, 0.75]","[3, 4, 5, 6, 8, 13]"
6,"[1.0, 1.0, 1.0, 1.0, 0.75, 0.75]","[3, 4, 5, 6, 8, 13]"
7,"[1.0, 1.0, 1.0, 1.0, 1.0, 1.0]","[0, 2, 7, 10, 11, 12]"
8,"[0.75, 1.0, 0.75, 1.0, 1.0, 1.0]","[6, 8, 13, 2131, 5301, 6960]"
9,"[1.0, 0.75, 0.75, 0.75, 1.0, 1.0]","[9, 21, 23, 25, 65, 67]"
10,"[1.0, 1.0, 1.0, 1.0, 1.0, 1.0]","[0, 2, 7, 10, 11, 12]"
11,"[1.0, 1.0, 1.0, 1.0, 1.0, 1.0]","[0, 2, 7, 10, 11, 12]"
12,"[1.0, 1.0, 1.0, 1.0, 1.0, 1.0]","[0, 2, 7, 10, 11, 12]"
13,"[0.75, 0.75, 1.0, 1.0, 1.0, 1.0]","[6, 8, 13, 17, 18, 19]"
14,"[1.0000000000000002, 1.0000000000000002, 1.0000000000000002, 1.0000000000000002, 1.0000000000000002, 1.0000000000000002]","[14, 3703, 3721, 3723, 3725, 3731]"
15,"[1.0, 1.0, 1.0, 1.0, 1.0, 1.0]","[15, 16, 21, 23, 25, 27]"
16,"[1.0, 1.0, 1.0, 1.0, 1.0, 1.0]","[15, 16, 21, 23, 25, 27]"
17,"[0.75, 0.75, 1.0, 1.0, 1.0, 1.0]","[6, 8, 13, 17, 18, 19]"
18,"[0.75, 0.75, 1.0, 1.0, 1.0, 1.0]","[6, 8, 13, 17, 18, 19]"
19,"[0.75, 0.75, 1.0, 1.0, 1.0, 1.0]","[6, 8, 13, 17, 18, 19]"
20,"[1.0, 1.0, 1.0, 1.0, 1.0, 1.0]","[20, 24, 26, 28, 30, 369]"
21,"[1.0, 1.0, 1.0, 1.0, 1.0, 1.0]","[15, 16, 21, 23, 25, 27]"
22,"[1.0, 0.75, 0.75, 1.0, 1.0, 1.0]","[22, 74, 75, 90, 3981, 3983]"
23,"[1.0, 1.0, 1.0, 1.0, 1.0, 1.0]","[15, 16, 21, 23, 25, 27]"
24,"[1.0, 1.0, 1.0, 1.0, 1.0, 1.0]","[20, 24, 26, 28, 30, 369]"
25,"[1.0, 1.0, 1.0, 1.0, 1.0, 1.0]","[15, 16, 21, 23, 25, 27]"
26,"[1.0, 1.0, 1.0, 1.0, 1.0, 1.0]","[20, 24, 26, 28, 30, 369]"
27,"[1.0, 1.0, 1.0, 1.0, 1.0, 1.0]","[15, 16, 21, 23, 25, 27]"
28,"[1.0, 1.0, 1.0, 1.0, 1.0, 1.0]","[20, 24, 26, 28, 30, 369]"
29,"[1.0, 1.0, 1.0, 1.0, 1.0, 1.0]","[15, 16, 21, 23, 25, 27]"
30,"[1.0, 1.0, 1.0, 1.0, 1.0, 1.0]","[20, 24, 26, 28, 30, 369]"
31,"[1.0, 1.0, 1.0, 1.0, 1.0, 1.0]","[31, 1274, 1277, 1279, 1353, 1361]"
32,"[1.0, 1.0, 1.0, 1.0, 1.0, 1.0]","[32, 1700, 1719, 1720, 1747, 1758]"
33,"[1.0, 1.0, 1.0, 1.0, 1.0, 1.0]","[33, 153, 155, 171, 194, 195]"
34,"[1.0, 1.0, 1.0, 1.0, 1.0, 1.0]","[34, 202, 318, 349, 398, 409]"
35,"[1.0, 1.0, 1.0, 1.0, 1.0, 1.0]","[35, 55, 323, 742, 1169, 1302]"
36,"[1.0, 0.75, 0.75, 1.0, 1.0, 1.0]","[36, 143, 145, 1853, 4962, 5745]"
37,"[1.0, 1.0, 1.0, 1.0, 1.0, 1.0]","[37, 320, 1844, 1845, 1848, 1854]"
38,"[1.0, 1.0, 1.0, 1.0, 0.75, 0.75]","[38, 39, 40, 41, 42, 43]"
39,"[1.0, 1.0, 1.0, 1.0, 0.75, 0.75]","[38, 39, 40, 41, 42, 43]"
40,"[1.0, 1.0, 1.0, 1.0, 0.75, 0.75]","[38, 39, 40, 41, 42, 43]"
41,"[1.0, 1.0, 1.0, 1.0, 0.75, 0.75]","[38, 39, 40, 41, 42, 43]"
42,"[0.75, 0.75, 0.75, 0.75, 1.0, 1.0]","[38, 39, 40, 41, 42, 43]"
43,"[0.75, 0.75, 0.75, 0.75, 1.0, 1.0]","[38, 39, 40, 41, 42, 43]"
44,"[1.0, 1.0, 1.0, 1.0, 1.0, 1.0]","[44, 45, 56, 326, 327, 328]"
45,"[1.0, 1.0, 1.0, 1.0, 1.0, 1.0]","[44, 45, 56, 326, 327, 328]"
46,"[1.0, 0.75, 0.75, 0.75, 0.75, 0.75]","[46, 321, 704, 720, 1305, 1423]"
47,"[0.75, 0.75, 1.0, 0.75, 0.75, 0.75]","[31, 35, 47, 49, 50, 52]"
48,"[0.5, 1.0, 0.5, 0.5, 0.5, 0.5]","[47, 48, 49, 50, 52, 53]"
49,"[0.75, 1.0, 1.0, 1.0, 1.0, 1.0]","[43, 49, 50, 52, 53, 54]"
50,"[0.75, 1.0, 1.0, 1.0, 1.0, 1.0]","[43, 49, 50, 52, 53, 54]"
51,"[0.75, 0.75, 1.0, 0.75, 0.75, 0.75]","[1, 33, 51, 61, 145, 146]"
52,"[0.75, 1.0, 1.0, 1.0, 1.0, 1.0]","[43, 49, 50, 52, 53, 54]"
53,"[0.75, 1.0, 1.0, 1.0, 1.0, 1.0]","[43, 49, 50, 52, 53, 54]"
54,"[0.75, 1.0, 1.0, 1.0, 1.0, 1.0]","[43, 49, 50, 52, 53, 54]"
55,"[1.0, 1.0, 1.0, 1.0, 1.0, 1.0]","[35, 55, 323, 742, 1169, 1302]"
56,"[1.0, 1.0, 1.0, 1.0, 1.0, 1.0]","[44, 45, 56, 326, 327, 328]"
57,"[1.0000000000000002, 0.8333333333333335, 0.8333333333333335, 0.8333333333333335, 0.8333333333333335, 0.8333333333333335]","[57, 577, 588, 1370, 1371, 1637]"
58,"[0.75, 0.75, 0.75, 0.75, 1.0, 0.75]","[31, 35, 47, 55, 58, 97]"
59,"[0.5, 0.5, 0.5, 1.0, 0.5, 0.5]","[1, 33, 51, 59, 61, 145]"
60,"[1.0, 1.0, 1.0, 1.0, 1.0, 1.0]","[60, 1496, 1497, 1550, 1553, 1904]"
61,"[1.0, 1.0, 1.0, 1.0, 1.0, 1.0]","[1, 61, 1367, 1453, 1672, 1674]"
62,"[1.0, 1.0, 1.0, 1.0, 1.0, 1.0]","[0, 2, 7, 10, 11, 12]"
63,"[0.75, 0.75, 0.75, 1.0, 1.0, 1.0]","[6, 8, 13, 63, 64, 66]"
64,"[0.75, 0.75, 0.75, 1.0, 1.0, 1.0]","[6, 8, 13, 63, 64, 66]"
65,"[1.0, 0.75, 0.75, 0.75, 1.0, 1.0]","[9, 21, 23, 25, 65, 67]"
66,"[0.75, 0.75, 0.75, 1.0, 1.0, 1.0]","[6, 8, 13, 63, 64, 66]"
67,"[1.0, 0.75, 0.75, 0.75, 1.0, 1.0]","[9, 21, 23, 25, 65, 67]"
68,"[1.0, 1.0, 1.0, 1.0, 1.0, 1.0]","[0, 2, 7, 10, 11, 12]"
69,"[1.0, 0.75, 0.75, 0.75, 0.75, 0.75]","[69, 70, 71, 74, 75, 76]"
70,"[0.75, 0.75, 1.0, 0.75, 0.75, 0.75]","[34, 69, 70, 72, 93, 125]"
71,"[0.75, 1.0, 0.75, 0.75, 0.75, 0.75]","[69, 71, 72, 74, 75, 76]"
72,"[0.75, 0.75, 0.75, 1.0, 0.75, 0.75]","[34, 70, 71, 72, 93, 125]"
73,"[0.75, 0.75, 0.75, 1.0, 1.0, 1.0]","[6, 8, 13, 73, 131, 139]"
74,"[1.0, 1.0, 1.0, 1.0, 1.0, 1.0]","[74, 75, 76, 81, 91, 95]"
75,"[1.0, 1.0, 1.0, 1.0, 1.0, 1.0]","[74, 75, 76, 81, 91, 95]"
76,"[1.0, 1.0, 1.0, 1.0, 1.0, 1.0]","[74, 75, 76, 81, 91, 95]"
77,"[0.75, 0.75, 0.75, 0.75, 0.75, 1.0]","[69, 71, 74, 75, 76, 77]"
78,"[1.0, 1.0, 1.0, 1.0, 1.0, 1.0]","[78, 79, 1897, 2048, 4511, 4742]"
79,"[1.0, 1.0, 1.0, 1.0, 1.0, 1.0]","[78, 79, 1897, 2048, 4511, 4742]"
80,"[0.75, 0.75, 0.75, 1.0, 1.0, 1.0]","[55, 74, 75, 80, 3505, 5024]"
81,"[1.0, 1.0, 1.0, 1.0, 1.0, 1.0]","[74, 75, 76, 81, 91, 95]"
82,"[0.75, 0.75, 0.75, 0.75, 0.75, 1.0]","[71, 74, 75, 76, 77, 82]"
83,"[0.75, 0.75, 1.0, 0.75, 0.75, 0.75]","[80, 82, 83, 503, 504, 533]"
84,"[0.75, 0.75, 0.75, 0.75, 0.75, 1.0]","[71, 74, 75, 76, 77, 84]"
85,"[0.75, 1.0, 0.75, 0.75, 0.75, 0.75]","[84, 85, 87, 89, 644, 645]"
86,"[0.75, 0.75, 0.75, 0.75, 0.75, 1.0]","[71, 74, 75, 76, 77, 86]"
87,"[0.75, 0.75, 1.0, 0.75, 0.75, 0.75]","[85, 86, 87, 89, 644, 645]"
88,"[0.75, 0.75, 0.75, 0.75, 0.75, 1.0]","[71, 74, 75, 76, 77, 88]"
89,"[0.75, 0.75, 0.75, 1.0, 0.75, 0.75]","[85, 87, 88, 89, 644, 645]"
90,"[1.0, 0.75, 0.75, 1.0, 1.0, 1.0]","[22, 74, 75, 90, 3981, 3983]"
91,"[1.0, 1.0, 1.0, 1.0, 1.0, 1.0]","[74, 75, 76, 81, 91, 95]"
92,"[0.75, 0.75, 1.0, 0.75, 1.0, 0.75]","[22, 90, 92, 93, 94, 106]"
93,"[0.75, 0.75, 0.75, 0.75, 1.0, 0.75]","[34, 70, 72, 92, 93, 94]"
94,"[0.75, 0.75, 1.0, 0.75, 1.0, 0.75]","[22, 90, 92, 93, 94, 106]"
95,"[1.0, 1.0, 1.0, 1.0, 1.0, 1.0]","[74, 75, 76, 81, 91, 95]"
96,"[0.75, 0.75, 0.75, 0.75, 0.75, 1.0]","[71, 74, 75, 76, 77, 96]"
97,"[1.0, 1.0, 1.0, 1.0, 1.0, 1.0]","[97, 98, 99, 100, 101, 102]"
98,"[1.0, 1.0, 1.0, 1.0, 1.0, 1.0]","[97, 98, 99, 100, 101, 102]"
99,"[1.0, 1.0, 1.0, 1.0, 1.0, 1.0]","[97, 98, 99, 100, 101, 102]"
100,"[1.0, 1.0, 1.0, 1.0, 1.0, 1.0]","[97, 98, 99, 100, 101, 102]"
101,"[1.0, 1.0, 1.0, 1.0, 1.0, 1.0]","[97, 98, 99, 100, 101, 102]"
102,"[1.0, 1.0, 1.0, 1.0, 1.0, 1.0]","[97, 98, 99, 100, 101, 102]"
103,"[1.0, 1.0, 1.0, 1.0, 1.0, 1.0]","[74, 75, 76, 81, 91, 95]"
104,"[1.0, 1.0, 1.0, 1.0, 1.0, 1.0]","[74, 75, 76, 81, 91, 95]"
105,"[0.75, 0.75, 0.75, 0.75, 0.75, 1.0]","[71, 74, 75, 76, 77, 105]"
106,"[0.75, 0.75, 0.75, 0.75, 0.75, 1.0]","[22, 90, 92, 94, 105, 106]"
107,"[0.75, 0.75, 0.75, 0.75, 0.75, 1.0]","[71, 74, 75, 76, 77, 107]"
108,"[0.75, 0.75, 0.75, 0.75, 1.0, 1.0]","[47, 55, 58, 97, 108, 110]"
109,"[0.75, 0.75, 0.75, 0.75, 0.75, 1.0]","[71, 74, 75, 76, 77, 109]"
110,"[0.75, 0.75, 0.75, 0.75, 1.0, 1.0]","[47, 55, 58, 97, 108, 110]"
111,"[1.0, 1.0, 1.0, 1.0, 1.0, 1.0]","[74, 75, 76, 81, 91, 95]"
112,"[0.75, 0.75, 0.75, 0.75, 0.75, 1.0]","[71, 74, 75, 76, 77, 112]"
113,"[0.75, 1.0, 0.75, 0.75, 0.75, 0.75]","[112, 113, 324, 1473, 1475, 2998]"
114,"[1.0, 1.0, 1.0, 1.0, 1.0, 1.0]","[74, 75, 76, 81, 91, 95]"
115,"[1.0, 1.0, 1.0, 1.0, 1.0, 1.0]","[74, 75, 76, 81, 91, 95]"
116,"[0.75, 0.75, 0.75, 0.75, 0.75, 1.0]","[71, 74, 75, 76, 77, 116]"
117,"[0.75, 0.75, 0.75, 0.75, 0.75, 1.0]","[71, 74, 75, 76, 77, 117]"
118,"[1.0, 1.0, 1.0, 1.0, 1.0, 1.0]","[74, 75, 76, 81, 91, 95]"
119,"[1.0, 1.0, 1.0, 1.0, 1.0, 1.0]","[74, 75, 76, 81, 91, 95]"
120,"[1.0, 1.0, 1.0, 1.0, 1.0, 1.0]","[74, 75, 76, 81, 91, 95]"
121,"[1.0, 1.0, 1.0, 1.0, 1.0, 1.0]","[74, 75, 76, 81, 91, 95]"
122,"[0.75, 0.75, 0.75, 0.75, 0.75, 1.0]","[71, 74, 75, 76, 77, 122]"
123,"[0.75, 0.75, 0.75, 0.75, 0.75, 1.0]","[90, 92, 94, 106, 122, 123]"
124,"[0.75, 0.75, 0.75, 0.75, 0.75, 1.0]","[71, 74, 75, 76, 77, 124]"
125,"[0.75, 0.75, 0.75, 0.75, 0.75, 1.0]","[34, 70, 72, 93, 124, 125]"
126,"[0.75, 1.0, 1.0, 1.0, 1.0, 1.0]","[97, 126, 127, 128, 129, 130]"
127,"[0.75, 1.0, 1.0, 1.0, 1.0, 1.0]","[97, 126, 127, 128, 129, 130]"
128,"[0.75, 1.0, 1.0, 1.0, 1.0, 1.0]","[97, 126, 127, 128, 129, 130]"
129,"[0.75, 1.0, 1.0, 1.0, 1.0, 1.0]","[97, 126, 127, 128, 129, 130]"
130,"[0.75, 1.0, 1.0, 1.0, 1.0, 1.0]","[97, 126, 127, 128, 129, 130]"
131,"[0.75, 0.75, 0.75, 1.0, 1.0, 1.0]","[6, 8, 13, 73, 131, 139]"
132,"[0.75, 0.75, 0.75, 0.75, 0.75, 1.0]","[71, 74, 75, 76, 77, 132]"
133,"[0.75, 0.75, 0.75, 0.75, 0.75, 1.0]","[70, 72, 93, 125, 132, 133]"
134,"[0.75, 0.75, 1.0, 1.0, 1.0, 1.0]","[58, 97, 134, 135, 137, 138]"
135,"[0.75, 0.75, 1.0, 1.0, 1.0, 1.0]","[58, 97, 134, 135, 137, 138]"
136,"[1.0, 1.0, 1.0, 1.0, 1.0, 1.0]","[74, 75, 76, 81, 91, 95]"
137,"[0.75, 0.75, 1.0, 1.0, 1.0, 1.0]","[58, 97, 134, 135, 137, 138]"
138,"[0.75, 0.75, 1.0, 1.0, 1.0, 1.0]","[58, 97, 134, 135, 137, 138]"
139,"[0.75, 0.75, 0.75, 1.0, 1.0, 1.0]","[6, 8, 13, 73, 131, 139]"
140,"[1.0, 0.75, 0.75, 0.75, 0.75, 0.75]","[140, 141, 291, 292, 294, 901]"
141,"[0.75, 1.0, 0.75, 0.75, 0.75, 0.75]","[140, 141, 150, 162, 170, 182]"
142,"[0.5, 0.5, 1.0, 1.0, 1.0, 0.75]","[4, 5, 142, 148, 299, 1956]"
143,"[1.0, 0.75, 1.0, 1.0, 1.0, 1.0]","[143, 145, 296, 903, 4701, 5845]"
144,"[1.0, 1.0, 1.0, 1.0, 1.0, 1.0]","[144, 163, 165, 168, 173, 180]"
145,"[1.0, 1.0, 1.0, 1.0, 1.0, 1.0]","[145, 146, 154, 303, 338, 381]"
146,"[1.0, 1.0, 1.0, 1.0, 1.0, 1.0]","[145, 146, 154, 303, 338, 381]"
147,"[1.0, 1.0, 1.0, 1.0, 1.0, 1.0]","[147, 157, 158, 159, 247, 248]"
148,"[0.5, 0.5, 1.0, 1.0, 1.0, 0.75]","[4, 5, 142, 148, 299, 1956]"
149,"[1.0, 0.75, 0.75, 0.75, 0.75, 0.75]","[149, 150, 152, 156, 160, 161]"
150,"[0.75, 0.75, 1.0, 0.75, 0.75, 0.75]","[141, 149, 150, 152, 156, 160]"
151,"[0.5, 0.5, 0.5, 1.0, 1.0, 1.0]","[3, 4, 5, 151, 256, 265]"
152,"[0.75, 0.75, 0.75, 1.0, 1.0, 1.0]","[55, 58, 97, 152, 156, 160]"
153,"[1.0, 1.0, 1.0, 1.0, 1.0, 1.0]","[33, 153, 155, 171, 194, 195]"
154,"[1.0, 1.0, 1.0, 1.0, 1.0, 1.0]","[145, 146, 154, 303, 338, 381]"
155,"[1.0, 1.0, 1.0, 1.0, 1.0, 1.0]","[33, 153, 155, 171, 194, 195]"
156,"[0.75, 0.75, 0.75, 1.0, 1.0, 1.0]","[55, 58, 97, 152, 156, 160]"
157,"[1.0, 1.0, 1.0, 1.0, 1.0, 1.0]","[147, 157, 158, 159, 247, 248]"
158,"[1.0, 1.0, 1.0, 1.0, 1.0, 1.0]","[147, 157, 158, 159, 247, 248]"
159,"[1.0, 1.0, 1.0, 1.0, 1.0, 1.0]","[147, 157, 158, 159, 247, 248]"
160,"[0.75, 0.75, 0.75, 1.0, 1.0, 1.0]","[55, 58, 97, 152, 156, 160]"
161,"[0.75, 1.0, 0.75, 0.75, 0.75, 0.75]","[149, 161, 162, 169, 181, 187]"
162,"[0.75, 0.75, 0.75, 1.0, 0.75, 0.75]","[141, 150, 161, 162, 170, 182]"
163,"[1.0, 1.0, 1.0, 1.0, 1.0, 1.0]","[144, 163, 165, 168, 173, 180]"
164,"[1.0, 1.0, 1.0, 1.0, 1.0, 1.0]","[164, 1942, 1949, 4533, 4536, 4539]"
165,"[1.0, 1.0, 1.0, 1.0, 1.0, 1.0]","[144, 163, 165, 168, 173, 180]"
166,"[1.0, 1.0, 1.0, 1.0, 1.0, 1.0]","[166, 167, 817, 857, 858, 859]"
167,"[1.0, 1.0, 1.0, 1.0, 1.0, 1.0]","[166, 167, 817, 857, 858, 859]"
168,"[1.0, 1.0, 1.0, 1.0, 1.0, 1.0]","[144, 163, 165, 168, 173, 180]"
169,"[0.75, 0.75, 1.0, 0.75, 0.75, 0.75]","[149, 161, 169, 170, 172, 175]"
170,"[0.75, 0.75, 0.75, 0.75, 1.0, 0.75]","[141, 150, 162, 169, 170, 172]"
171,"[1.0, 1.0, 1.0, 1.0, 1.0, 1.0]","[33, 153, 155, 171, 194, 195]"
172,"[0.75, 0.75, 1.0, 1.0, 1.0, 1.0]","[58, 97, 172, 175, 177, 179]"
173,"[1.0, 1.0, 1.0, 1.0, 1.0, 1.0]","[144, 163, 165, 168, 173, 180]"
174,"[0.75, 0.75, 0.75, 1.0, 1.0, 1.0]","[6, 8, 13, 174, 176, 178]"
175,"[0.75, 0.75, 1.0, 1.0, 1.0, 1.0]","[58, 97, 172, 175, 177, 179]"
176,"[0.75, 0.75, 0.75, 1.0, 1.0, 1.0]","[6, 8, 13, 174, 176, 178]"
177,"[0.75, 0.75, 1.0, 1.0, 1.0, 1.0]","[58, 97, 172, 175, 177, 179]"
178,"[0.75, 0.75, 0.75, 1.0, 1.0, 1.0]","[6, 8, 13, 174, 176, 178]"
179,"[0.75, 0.75, 1.0, 1.0, 1.0, 1.0]","[58, 97, 172, 175, 177, 179]"
180,"[1.0, 1.0, 1.0, 1.0, 1.0, 1.0]","[144, 163, 165, 168, 173, 180]"
181,"[0.75, 0.75, 1.0, 0.75, 0.75, 1.0]","[161, 169, 181, 182, 186, 187]"
182,"[0.75, 0.75, 0.75, 0.75, 1.0, 1.0]","[150, 162, 170, 181, 182, 186]"
183,"[0.75, 0.75, 1.0, 1.0, 1.0, 1.0]","[143, 145, 183, 184, 185, 297]"
184,"[0.75, 0.75, 1.0, 1.0, 1.0, 1.0]","[143, 145, 183, 184, 185, 297]"
185,"[0.75, 0.75, 1.0, 1.0, 1.0, 1.0]","[143, 145, 183, 184, 185, 297]"
186,"[0.75, 0.75, 0.75, 0.75, 1.0, 1.0]","[150, 162, 170, 181, 182, 186]"
187,"[0.75, 0.75, 1.0, 0.75, 0.75, 1.0]","[161, 169, 181, 182, 186, 187]"
188,"[0.75, 0.75, 0.75, 0.75, 1.0, 1.0]","[35, 55, 74, 75, 188, 218]"
189,"[1.0, 0.75, 0.75, 0.75, 0.75, 0.75]","[189, 190, 192, 538, 856, 910]"
190,"[0.75, 1.0, 0.75, 0.75, 0.75, 0.75]","[189, 190, 191, 620, 622, 624]"
191,"[0.75, 1.0, 0.75, 0.75, 0.75, 0.75]","[190, 191, 192, 620, 622, 624]"
192,"[0.75, 0.75, 1.0, 0.75, 0.75, 0.75]","[189, 191, 192, 538, 856, 910]"
193,"[0.75, 0.75, 0.75, 0.75, 0.75, 1.0]","[33, 51, 61, 145, 146, 193]"
194,"[1.0, 1.0, 1.0, 1.0, 1.0, 1.0]","[33, 153, 155, 171, 194, 195]"
195,"[1.0, 1.0, 1.0, 1.0, 1.0, 1.0]","[33, 153, 155, 171, 194, 195]"
196,"[1.0, 0.75, 0.75, 0.75, 0.75, 0.75]","[196, 201, 495, 496, 498, 529]"
197,"[0.75, 0.75, 0.75, 1.0, 1.0, 1.0]","[61, 145, 146, 197, 891, 6769]"
198,"[0.75, 0.75, 1.0, 1.0, 1.0, 1.0]","[8, 13, 198, 199, 200, 204]"
199,"[0.75, 0.75, 1.0, 1.0, 1.0, 1.0]","[8, 13, 198, 199, 200, 204]"
200,"[0.75, 0.75, 1.0, 1.0, 1.0, 1.0]","[8, 13, 198, 199, 200, 204]"
201,"[0.75, 0.75, 0.75, 0.75, 0.75, 1.0]","[70, 72, 93, 125, 133, 201]"
202,"[1.0, 1.0, 1.0, 1.0, 1.0, 1.0]","[34, 202, 318, 349, 398, 409]"
203,"[1.0, 0.75, 0.75, 1.0, 1.0, 1.0]","[203, 5012, 5022, 6019, 6694, 6727]"
204,"[0.75, 0.75, 1.0, 1.0, 1.0, 1.0]","[8, 13, 198, 199, 200, 204]"
205,"[0.75, 0.75, 0.75, 0.75, 0.75, 1.0]","[70, 72, 93, 125, 133, 205]"
206,"[1.0, 1.0, 1.0, 1.0, 1.0, 1.0]","[206, 207, 208, 209, 210, 211]"
207,"[1.0, 1.0, 1.0, 1.0, 1.0, 1.0]","[206, 207, 208, 209, 210, 211]"
208,"[1.0, 1.0, 1.0, 1.0, 1.0, 1.0]","[206, 207, 208, 209, 210, 211]"
209,"[1.0, 1.0, 1.0, 1.0, 1.0, 1.0]","[206, 207, 208, 209, 210, 211]"
210,"[1.0, 1.0, 1.0, 1.0, 1.0, 1.0]","[206, 207, 208, 209, 210, 211]"
211,"[1.0, 1.0, 1.0, 1.0, 1.0, 1.0]","[206, 207, 208, 209, 210, 211]"
212,"[1.0, 1.0, 1.0, 1.0, 1.0, 1.0]","[206, 207, 208, 209, 210, 211]"
213,"[1.0, 1.0, 1.0, 1.0, 1.0, 1.0]","[206, 207, 208, 209, 210, 211]"
214,"[1.0, 1.0, 1.0, 1.0, 1.0, 1.0]","[206, 207, 208, 209, 210, 211]"
215,"[1.0, 1.0, 1.0, 1.0, 1.0, 1.0]","[206, 207, 208, 209, 210, 211]"
216,"[1.0, 1.0, 1.0, 1.0, 1.0, 1.0]","[206, 207, 208, 209, 210, 211]"
217,"[1.0, 1.0, 1.0, 1.0, 1.0, 1.0]","[206, 207, 208, 209, 210, 211]"
218,"[0.75, 0.75, 0.75, 0.75, 1.0, 1.0]","[35, 55, 74, 75, 188, 218]"
219,"[0.75, 0.75, 0.75, 0.75, 1.0, 1.0]","[161, 169, 181, 187, 219, 221]"
220,"[0.75, 1.0, 0.75, 0.75, 0.75, 0.75]","[219, 220, 221, 6954, 6955, 6956]"
221,"[0.75, 0.75, 0.75, 0.75, 1.0, 1.0]","[161, 169, 181, 187, 219, 221]"
222,"[0.75, 0.75, 0.75, 0.75, 1.0, 1.0]","[35, 55, 74, 75, 222, 228]"
223,"[0.75, 1.0, 1.0, 1.0, 1.0, 1.0]","[222, 223, 224, 225, 226, 227]"
224,"[0.75, 1.0, 1.0, 1.0, 1.0, 1.0]","[222, 223, 224, 225, 226, 227]"
225,"[0.75, 1.0, 1.0, 1.0, 1.0, 1.0]","[222, 223, 224, 225, 226, 227]"
226,"[0.75, 1.0, 1.0, 1.0, 1.0, 1.0]","[222, 223, 224, 225, 226, 227]"
227,"[0.75, 1.0, 1.0, 1.0, 1.0, 1.0]","[222, 223, 224, 225, 226, 227]"
228,"[0.75, 0.75, 0.75, 0.75, 1.0, 1.0]","[35, 55, 74, 75, 222, 228]"
229,"[0.5, 1.0, 0.5, 0.5, 0.5, 0.5]","[48, 229, 230, 231, 232, 249]"
230,"[0.75, 0.75, 0.75, 0.75, 1.0, 1.0]","[72, 93, 125, 133, 230, 231]"
231,"[0.75, 0.75, 0.75, 0.75, 1.0, 1.0]","[72, 93, 125, 133, 230, 231]"
232,"[0.75, 0.75, 1.0, 0.75, 0.75, 0.75]","[230, 231, 232, 4517, 6156, 6160]"
233,"[0.75, 0.75, 0.75, 0.75, 0.75, 1.0]","[223, 224, 225, 226, 227, 233]"
234,"[0.75, 1.0, 1.0, 0.75, 0.75, 0.75]","[233, 234, 235, 240, 241, 246]"
235,"[0.75, 1.0, 1.0, 0.75, 0.75, 0.75]","[233, 234, 235, 240, 241, 246]"
236,"[1.0, 1.0, 1.0, 1.0, 1.0, 1.0]","[236, 237, 238, 242, 243, 244]"
237,"[1.0, 1.0, 1.0, 1.0, 1.0, 1.0]","[236, 237, 238, 242, 243, 244]"
238,"[1.0, 1.0, 1.0, 1.0, 1.0, 1.0]","[236, 237, 238, 242, 243, 244]"
239,"[0.75, 0.75, 0.75, 0.75, 0.75, 1.0]","[223, 224, 225, 226, 227, 239]"
240,"[0.75, 0.75, 0.75, 1.0, 1.0, 0.75]","[234, 235, 239, 240, 241, 246]"
241,"[0.75, 0.75, 0.75, 1.0, 1.0, 0.75]","[234, 235, 239, 240, 241, 246]"
242,"[1.0, 1.0, 1.0, 1.0, 1.0, 1.0]","[236, 237, 238, 242, 243, 244]"
243,"[1.0, 1.0, 1.0, 1.0, 1.0, 1.0]","[236, 237, 238, 242, 243, 244]"
244,"[1.0, 1.0, 1.0, 1.0, 1.0, 1.0]","[236, 237, 238, 242, 243, 244]"
245,"[1.0, 1.0, 1.0, 1.0, 1.0, 1.0]","[236, 237, 238, 242, 243, 244]"
246,"[0.75, 0.75, 0.75, 0.75, 1.0, 1.0]","[35, 55, 74, 75, 246, 6058]"
247,"[1.0, 1.0, 1.0, 1.0, 1.0, 1.0]","[147, 157, 158, 159, 247, 248]"
248,"[1.0, 1.0, 1.0, 1.0, 1.0, 1.0]","[147, 157, 158, 159, 247, 248]"
249,"[0.5, 0.5, 1.0, 0.5, 0.5, 0.5]","[48, 229, 249, 250, 251, 290]"
250,"[0.75, 0.75, 0.75, 0.75, 1.0, 1.0]","[235, 240, 241, 246, 250, 251]"
251,"[0.75, 0.75, 0.75, 0.75, 1.0, 1.0]","[235, 240, 241, 246, 250, 251]"
252,"[0.75, 0.75, 0.75, 0.75, 0.75, 1.0]","[150, 162, 170, 182, 186, 252]"
253,"[0.75, 0.75, 0.75, 0.75, 0.75, 1.0]","[235, 240, 241, 246, 250, 253]"
254,"[0.75, 0.75, 0.75, 0.75, 0.75, 1.0]","[161, 169, 181, 187, 219, 254]"
255,"[0.75, 0.75, 0.75, 0.75, 0.75, 1.0]","[150, 162, 170, 182, 186, 255]"
256,"[0.5, 0.5, 0.5, 1.0, 1.0, 1.0]","[3, 4, 5, 151, 256, 265]"
257,"[0.75, 1.0, 1.0, 1.0, 1.0, 1.0]","[13, 257, 268, 273, 279, 289]"
258,"[0.75, 0.75, 0.75, 0.75, 1.0, 1.0]","[47, 55, 58, 97, 258, 261]"
259,"[1.0, 1.0, 1.0, 1.0, 1.0, 1.0]","[259, 262, 271, 281, 286, 288]"
260,"[1.0, 1.0, 1.0, 1.0, 1.0, 1.0]","[144, 163, 165, 168, 173, 180]"
261,"[0.75, 0.75, 0.75, 0.75, 1.0, 1.0]","[47, 55, 58, 97, 258, 261]"
262,"[1.0, 1.0, 1.0, 1.0, 1.0, 1.0]","[259, 262, 271, 281, 286, 288]"
263,"[0.75, 0.75, 0.75, 0.75, 0.75, 1.0]","[161, 169, 181, 187, 219, 263]"
264,"[0.75, 0.75, 0.75, 0.75, 0.75, 1.0]","[150, 162, 170, 182, 186, 264]"
265,"[0.5, 0.5, 0.5, 1.0, 1.0, 1.0]","[3, 4, 5, 151, 256, 265]"
266,"[1.0, 1.0, 1.0, 1.0, 1.0, 1.0]","[147, 157, 158, 159, 247, 248]"
267,"[1.0, 1.0, 1.0, 1.0, 1.0, 1.0]","[147, 157, 158, 159, 247, 248]"
268,"[0.75, 1.0, 1.0, 1.0, 1.0, 1.0]","[13, 257, 268, 273, 279, 289]"
269,"[1.0, 1.0, 1.0, 1.0, 1.0, 1.0]","[269, 274, 1985, 1986, 1987, 4853]"
270,"[1.0, 1.0, 1.0, 1.0, 1.0, 1.0]","[270, 275, 277, 280, 285, 287]"
271,"[1.0, 1.0, 1.0, 1.0, 1.0, 1.0]","[259, 262, 271, 281, 286, 288]"
272,"[1.0, 1.0, 1.0, 1.0, 1.0, 1.0]","[144, 163, 165, 168, 173, 180]"
273,"[0.75, 1.0, 1.0, 1.0, 1.0, 1.0]","[13, 257, 268, 273, 279, 289]"
274,"[1.0, 1.0, 1.0, 1.0, 1.0, 1.0]","[269, 274, 1985, 1986, 1987, 4853]"
275,"[1.0, 1.0, 1.0, 1.0, 1.0, 1.0]","[270, 275, 277, 280, 285, 287]"
276,"[1.0, 1.0, 1.0, 1.0, 1.0, 1.0]","[33, 153, 155, 171, 194, 195]"
277,"[1.0, 1.0, 1.0, 1.0, 1.0, 1.0]","[270, 275, 277, 280, 285, 287]"
278,"[1.0, 1.0, 1.0, 1.0, 1.0, 1.0]","[144, 163, 165, 168, 173, 180]"
279,"[0.75, 1.0, 1.0, 1.0, 1.0, 1.0]","[13, 257, 268, 273, 279, 289]"
280,"[1.0, 1.0, 1.0, 1.0, 1.0, 1.0]","[270, 275, 277, 280, 285, 287]"
281,"[1.0, 1.0, 1.0, 1.0, 1.0, 1.0]","[259, 262, 271, 281, 286, 288]"
282,"[1.0, 1.0, 1.0, 1.0, 1.0, 1.0]","[144, 163, 165, 168, 173, 180]"
283,"[1.0, 1.0, 1.0, 1.0, 1.0, 1.0]","[144, 163, 165, 168, 173, 180]"
284,"[1.0, 1.0, 1.0, 1.0, 1.0, 1.0]","[144, 163, 165, 168, 173, 180]"
285,"[1.0, 1.0, 1.0, 1.0, 1.0, 1.0]","[270, 275, 277, 280, 285, 287]"
286,"[1.0, 1.0, 1.0, 1.0, 1.0, 1.0]","[259, 262, 271, 281, 286, 288]"
287,"[1.0, 1.0, 1.0, 1.0, 1.0, 1.0]","[270, 275, 277, 280, 285, 287]"
288,"[1.0, 1.0, 1.0, 1.0, 1.0, 1.0]","[259, 262, 271, 281, 286, 288]"
289,"[0.75, 1.0, 1.0, 1.0, 1.0, 1.0]","[13, 257, 268, 273, 279, 289]"
290,"[0.5, 0.5, 0.5, 1.0, 0.5, 0.5]","[48, 229, 249, 290, 291, 292]"
291,"[0.75, 1.0, 1.0, 0.75, 0.75, 0.75]","[140, 291, 292, 294, 901, 3582]"
292,"[0.75, 1.0, 1.0, 0.75, 0.75, 0.75]","[140, 291, 292, 294, 901, 3582]"
293,"[0.75, 0.75, 0.75, 0.75, 0.75, 1.0]","[150, 162, 170, 182, 186, 293]"
294,"[0.75, 0.75, 0.75, 0.75, 1.0, 0.75]","[140, 291, 292, 293, 294, 901]"
295,"[1.0, 1.0, 1.0, 1.0, 1.0, 1.0]","[144, 163, 165, 168, 173, 180]"
296,"[1.0, 0.75, 1.0, 1.0, 1.0, 1.0]","[143, 145, 296, 903, 4701, 5845]"
297,"[0.75, 0.75, 1.0, 1.0, 1.0, 1.0]","[143, 145, 183, 184, 185, 297]"
298,"[1.0, 1.0, 1.0, 1.0, 1.0, 1.0]","[298, 821, 825, 1523, 1530, 1563]"
299,"[0.5, 0.5, 1.0, 1.0, 1.0, 0.75]","[4, 5, 142, 148, 299, 1956]"
300,"[0.75, 0.75, 0.75, 1.0, 1.0, 1.0]","[93, 125, 133, 300, 301, 302]"
301,"[0.75, 0.75, 0.75, 1.0, 1.0, 1.0]","[93, 125, 133, 300, 301, 302]"
302,"[0.75, 0.75, 0.75, 1.0, 1.0, 1.0]","[93, 125, 133, 300, 301, 302]"
303,"[1.0, 1.0, 1.0, 1.0, 1.0, 1.0]","[145, 146, 154, 303, 338, 381]"
304,"[0.75, 0.75, 0.75, 0.75, 0.75, 1.0]","[33, 51, 61, 145, 146, 304]"
305,"[1.0, 1.0, 1.0, 1.0, 1.0, 1.0]","[33, 153, 155, 171, 194, 195]"
306,"[0.75, 0.75, 0.75, 0.75, 1.0, 1.0]","[35, 55, 74, 75, 306, 308]"
307,"[1.0, 1.0, 1.0, 1.0, 1.0, 1.0]","[307, 313, 345, 347, 348, 359]"
308,"[0.75, 0.75, 0.75, 0.75, 1.0, 1.0]","[35, 55, 74, 75, 306, 308]"
309,"[0.75, 0.75, 0.75, 0.75, 1.0, 1.0]","[35, 55, 74, 75, 309, 312]"
310,"[0.5, 0.5, 0.75, 1.0, 0.75, 0.75]","[38, 39, 309, 310, 311, 312]"
311,"[0.5, 0.5, 0.75, 0.75, 0.75, 1.0]","[38, 39, 306, 308, 310, 311]"
312,"[0.75, 0.75, 0.75, 0.75, 1.0, 1.0]","[35, 55, 74, 75, 309, 312]"
313,"[1.0, 1.0, 1.0, 1.0, 1.0, 1.0]","[307, 313, 345, 347, 348, 359]"
314,"[1.0, 1.0, 1.0, 1.0, 1.0, 1.0]","[314, 1275, 1879, 1881, 3711, 3759]"
315,"[1.0, 0.75, 0.75, 0.75, 0.75, 0.75]","[315, 677, 1996, 2014, 5962, 5969]"
316,"[0.75, 0.75, 0.75, 1.0, 1.0, 1.0]","[61, 145, 146, 316, 3760, 5839]"
317,"[1.0, 1.0, 1.0, 1.0, 1.0, 1.0]","[317, 1509, 2316, 3761, 4754, 5229]"
318,"[1.0, 1.0, 1.0, 1.0, 1.0, 1.0]","[34, 202, 318, 349, 398, 409]"
319,"[1.0, 1.0, 1.0, 1.0, 1.0, 1.0]","[319, 1547, 1843, 1847, 1852, 1915]"
320,"[1.0, 1.0, 1.0, 1.0, 1.0, 1.0]","[37, 320, 1844, 1845, 1848, 1854]"
321,"[0.75, 1.0, 0.75, 0.75, 0.75, 0.75]","[46, 321, 322, 704, 720, 1305]"
322,"[0.75, 0.75, 0.75, 0.75, 0.75, 1.0]","[35, 47, 55, 58, 97, 322]"
323,"[1.0, 1.0, 1.0, 1.0, 1.0, 1.0]","[35, 55, 323, 742, 1169, 1302]"
324,"[0.75, 1.0, 0.75, 0.75, 0.75, 0.75]","[113, 324, 325, 1473, 1475, 2998]"
325,"[0.75, 0.75, 0.75, 0.75, 0.75, 1.0]","[70, 72, 93, 125, 133, 325]"
326,"[1.0, 1.0, 1.0, 1.0, 1.0, 1.0]","[44, 45, 56, 326, 327, 328]"
327,"[1.0, 1.0, 1.0, 1.0, 1.0, 1.0]","[44, 45, 56, 326, 327, 328]"
328,"[1.0, 1.0, 1.0, 1.0, 1.0, 1.0]","[44, 45, 56, 326, 327, 328]"
329,"[0.75, 0.75, 1.0, 1.0, 1.0, 1.0]","[125, 133, 329, 331, 332, 335]"
330,"[0.75, 1.0, 0.75, 0.75, 0.75, 0.75]","[329, 330, 331, 332, 335, 341]"
331,"[0.75, 0.75, 1.0, 1.0, 1.0, 1.0]","[125, 133, 329, 331, 332, 335]"
332,"[0.75, 0.75, 1.0, 1.0, 1.0, 1.0]","[125, 133, 329, 331, 332, 335]"
333,"[1.0, 1.0, 1.0, 1.0, 1.0, 1.0]","[333, 334, 336, 337, 793, 794]"
334,"[1.0, 1.0, 1.0, 1.0, 1.0, 1.0]","[333, 334, 336, 337, 793, 794]"
335,"[0.75, 0.75, 1.0, 1.0, 1.0, 1.0]","[125, 133, 329, 331, 332, 335]"
336,"[1.0, 1.0, 1.0, 1.0, 1.0, 1.0]","[333, 334, 336, 337, 793, 794]"
337,"[1.0, 1.0, 1.0, 1.0, 1.0, 1.0]","[333, 334, 336, 337, 793, 794]"
338,"[1.0, 1.0, 1.0, 1.0, 1.0, 1.0]","[145, 146, 154, 303, 338, 381]"
339,"[0.5, 0.5, 0.5, 1.0, 1.0, 1.0]","[20, 21, 22, 339, 382, 765]"
340,"[0.75, 0.75, 0.75, 0.75, 0.75, 1.0]","[70, 72, 93, 125, 133, 340]"
341,"[0.75, 0.75, 1.0, 0.75, 0.75, 0.75]","[330, 340, 341, 342, 343, 344]"
342,"[1.0, 1.0, 1.0, 1.0, 1.0, 1.0]","[342, 343, 344, 361, 365, 371]"
343,"[1.0, 1.0, 1.0, 1.0, 1.0, 1.0]","[342, 343, 344, 361, 365, 371]"
344,"[1.0, 1.0, 1.0, 1.0, 1.0, 1.0]","[342, 343, 344, 361, 365, 371]"
345,"[1.0, 1.0, 1.0, 1.0, 1.0, 1.0]","[307, 313, 345, 347, 348, 359]"
346,"[1.0, 1.0, 1.0, 1.0, 1.0, 1.0]","[346, 715, 716, 834, 839, 1181]"
347,"[1.0, 1.0, 1.0, 1.0, 1.0, 1.0]","[307, 313, 345, 347, 348, 359]"
348,"[1.0, 1.0, 1.0, 1.0, 1.0, 1.0]","[307, 313, 345, 347, 348, 359]"
349,"[1.0, 1.0, 1.0, 1.0, 1.0, 1.0]","[34, 202, 318, 349, 398, 409]"
350,"[0.75, 0.75, 0.75, 0.75, 0.75, 1.0]","[70, 72, 93, 125, 133, 350]"
351,"[0.75, 0.75, 0.75, 0.75, 0.75, 1.0]","[35, 47, 55, 58, 97, 351]"
352,"[1.0, 0.75, 0.75, 0.75, 0.75, 0.75]","[352, 1253, 1849, 1851, 2024, 3733]"
353,"[0.75, 0.75, 0.75, 0.75, 0.75, 1.0]","[70, 72, 93, 125, 133, 353]"
354,"[0.75, 0.75, 0.75, 0.75, 0.75, 1.0]","[35, 47, 55, 58, 97, 354]"
355,"[0.75, 0.75, 1.0, 1.0, 1.0, 1.0]","[58, 97, 355, 356, 357, 358]"
356,"[0.75, 0.75, 1.0, 1.0, 1.0, 1.0]","[58, 97, 355, 356, 357, 358]"
357,"[0.75, 0.75, 1.0, 1.0, 1.0, 1.0]","[58, 97, 355, 356, 357, 358]"
358,"[0.75, 0.75, 1.0, 1.0, 1.0, 1.0]","[58, 97, 355, 356, 357, 358]"
359,"[1.0, 1.0, 1.0, 1.0, 1.0, 1.0]","[307, 313, 345, 347, 348, 359]"
360,"[0.75, 0.75, 0.75, 1.0, 1.0, 1.0]","[6, 8, 13, 360, 364, 373]"
361,"[1.0, 1.0, 1.0, 1.0, 1.0, 1.0]","[342, 343, 344, 361, 365, 371]"
362,"[0.75, 0.75, 0.75, 1.0, 1.0, 1.0]","[61, 145, 146, 362, 3775, 3788]"
363,"[1.0, 1.0, 1.0, 1.0, 1.0, 1.0]","[307, 313, 345, 347, 348, 359]"
364,"[0.75, 0.75, 0.75, 1.0, 1.0, 1.0]","[6, 8, 13, 360, 364, 373]"
365,"[1.0, 1.0, 1.0, 1.0, 1.0, 1.0]","[342, 343, 344, 361, 365, 371]"
366,"[0.75, 0.75, 0.75, 0.75, 0.75, 1.0]","[341, 342, 343, 344, 361, 366]"
367,"[0.75, 0.75, 0.75, 0.75, 1.0, 1.0]","[92, 94, 106, 123, 367, 368]"
368,"[0.75, 0.75, 0.75, 0.75, 1.0, 1.0]","[92, 94, 106, 123, 367, 368]"
369,"[1.0, 1.0, 1.0, 1.0, 1.0, 1.0]","[20, 24, 26, 28, 30, 369]"
370,"[1.0, 1.0, 1.0, 1.0, 1.0, 1.0]","[20, 24, 26, 28, 30, 369]"
371,"[1.0, 1.0, 1.0, 1.0, 1.0, 1.0]","[342, 343, 344, 361, 365, 371]"
372,"[1.0, 1.0, 1.0, 1.0, 1.0, 1.0]","[307, 313, 345, 347, 348, 359]"
373,"[0.75, 0.75, 0.75, 1.0, 1.0, 1.0]","[6, 8, 13, 360, 364, 373]"
374,"[0.75, 0.75, 0.75, 0.75, 0.75, 1.0]","[70, 72, 93, 125, 133, 374]"
375,"[0.75, 0.75, 0.75, 0.75, 0.75, 1.0]","[341, 342, 343, 344, 361, 375]"
376,"[0.75, 0.75, 0.75, 0.75, 0.75, 1.0]","[35, 47, 55, 58, 97, 376]"
377,"[1.0, 1.0, 1.0, 1.0, 1.0, 1.0]","[44, 45, 56, 326, 327, 328]"
378,"[1.0, 1.0, 1.0, 1.0, 1.0, 1.0]","[44, 45, 56, 326, 327, 328]"
379,"[1.0, 1.0, 1.0, 1.0, 1.0, 1.0]","[44, 45, 56, 326, 327, 328]"
380,"[1.0, 1.0, 1.0, 1.0, 1.0, 1.0]","[44, 45, 56, 326, 327, 328]"
381,"[1.0, 1.0, 1.0, 1.0, 1.0, 1.0]","[145, 146, 154, 303, 338, 381]"
382,"[0.5, 0.5, 0.5, 1.0, 1.0, 1.0]","[20, 21, 22, 339, 382, 765]"
383,"[1.0, 1.0, 1.0, 1.0, 1.0, 1.0]","[33, 153, 155, 171, 194, 195]"
384,"[0.75, 0.75, 0.75, 0.75, 0.75, 1.0]","[70, 72, 93, 125, 133, 384]"
385,"[0.75, 0.75, 0.75, 0.75, 0.75, 1.0]","[341, 342, 343, 344, 361, 385]"
386,"[0.75, 0.75, 0.75, 0.75, 0.75, 1.0]","[35, 47, 55, 58, 97, 386]"
387,"[1.0, 1.0, 1.0, 1.0, 1.0, 1.0]","[44, 45, 56, 326, 327, 328]"
388,"[1.0, 1.0, 1.0, 1.0, 1.0, 1.0]","[307, 313, 345, 347, 348, 359]"
389,"[1.0, 1.0, 1.0, 1.0, 1.0, 1.0]","[307, 313, 345, 347, 348, 359]"
390,"[1.0, 1.0, 1.0, 1.0, 1.0, 1.0]","[307, 313, 345, 347, 348, 359]"
391,"[1.0, 1.0, 1.0, 1.0, 1.0, 1.0]","[307, 313, 345, 347, 348, 359]"
392,"[1.0, 1.0, 1.0, 1.0, 1.0, 1.0]","[307, 313, 345, 347, 348, 359]"
393,"[1.0, 1.0, 1.0, 1.0, 1.0, 1.0]","[307, 313, 345, 347, 348, 359]"
394,"[1.0, 1.0, 1.0, 1.0, 1.0, 1.0]","[307, 313, 345, 347, 348, 359]"
395,"[1.0, 1.0, 1.0, 1.0, 1.0, 1.0]","[307, 313, 345, 347, 348, 359]"
396,"[1.0, 1.0, 1.0, 1.0, 1.0, 1.0]","[307, 313, 345, 347, 348, 359]"
397,"[1.0, 1.0, 1.0, 1.0, 1.0, 1.0]","[307, 313, 345, 347, 348, 359]"
398,"[1.0, 1.0, 1.0, 1.0, 1.0, 1.0]","[34, 202, 318, 349, 398, 409]"
399,"[1.0, 1.0, 1.0, 1.0, 1.0, 1.0]","[399, 404, 405, 410, 602, 721]"
400,"[0.75, 0.75, 0.75, 1.0, 1.0, 1.0]","[28, 30, 369, 400, 407, 483]"
401,"[1.0, 1.0, 1.0, 1.0, 1.0, 1.0]","[401, 408, 411, 414, 415, 416]"
402,"[0.75, 0.75, 0.75, 0.75, 1.0, 1.0]","[72, 93, 125, 133, 402, 403]"
403,"[0.75, 0.75, 0.75, 0.75, 1.0, 1.0]","[72, 93, 125, 133, 402, 403]"
404,"[1.0, 1.0, 1.0, 1.0, 1.0, 1.0]","[399, 404, 405, 410, 602, 721]"
405,"[1.0, 1.0, 1.0, 1.0, 1.0, 1.0]","[399, 404, 405, 410, 602, 721]"
406,"[1.0, 1.0, 1.0, 1.0, 1.0, 1.0]","[406, 3907, 3908, 3925, 3997, 5775]"
407,"[0.75, 0.75, 0.75, 1.0, 1.0, 1.0]","[28, 30, 369, 400, 407, 483]"
408,"[1.0, 1.0, 1.0, 1.0, 1.0, 1.0]","[401, 408, 411, 414, 415, 416]"
409,"[1.0, 1.0, 1.0, 1.0, 1.0, 1.0]","[34, 202, 318, 349, 398, 409]"
410,"[1.0, 1.0, 1.0, 1.0, 1.0, 1.0]","[399, 404, 405, 410, 602, 721]"
411,"[1.0, 1.0, 1.0, 1.0, 1.0, 1.0]","[401, 408, 411, 414, 415, 416]"
412,"[1.0, 1.0, 1.0, 1.0, 1.0, 1.0]","[34, 202, 318, 349, 398, 409]"
413,"[0.75, 0.75, 0.75, 1.0, 1.0, 1.0]","[79, 143, 145, 413, 441, 481]"
414,"[1.0, 1.0, 1.0, 1.0, 1.0, 1.0]","[401, 408, 411, 414, 415, 416]"
415,"[1.0, 1.0, 1.0, 1.0, 1.0, 1.0]","[401, 408, 411, 414, 415, 416]"
416,"[1.0, 1.0, 1.0, 1.0, 1.0, 1.0]","[401, 408, 411, 414, 415, 416]"
417,"[1.0, 1.0, 1.0, 1.0, 1.0, 1.0]","[401, 408, 411, 414, 415, 416]"
418,"[1.0, 1.0, 1.0, 1.0, 1.0, 1.0]","[401, 408, 411, 414, 415, 416]"
419,"[1.0, 1.0, 1.0, 1.0, 1.0, 1.0]","[401, 408, 411, 414, 415, 416]"
420,"[1.0, 1.0, 1.0, 1.0, 1.0, 1.0]","[401, 408, 411, 414, 415, 416]"
421,"[1.0, 1.0, 1.0, 1.0, 1.0, 1.0]","[401, 408, 411, 414, 415, 416]"
422,"[1.0, 1.0, 1.0, 1.0, 1.0, 1.0]","[401, 408, 411, 414, 415, 416]"
423,"[1.0, 1.0, 1.0, 1.0, 1.0, 1.0]","[401, 408, 411, 414, 415, 416]"
424,"[1.0, 1.0, 1.0, 1.0, 1.0, 1.0]","[401, 408, 411, 414, 415, 416]"
425,"[1.0, 1.0, 1.0, 1.0, 1.0, 1.0]","[401, 408, 411, 414, 415, 416]"
426,"[1.0, 1.0, 1.0, 1.0, 1.0, 1.0]","[401, 408, 411, 414, 415, 416]"
427,"[1.0, 1.0, 1.0, 1.0, 1.0, 1.0]","[401, 408, 411, 414, 415, 416]"
428,"[1.0, 1.0, 1.0, 1.0, 1.0, 1.0]","[401, 408, 411, 414, 415, 416]"
429,"[1.0, 1.0, 1.0, 1.0, 1.0, 1.0]","[401, 408, 411, 414, 415, 416]"
430,"[1.0, 1.0, 1.0, 1.0, 1.0, 1.0]","[401, 408, 411, 414, 415, 416]"
431,"[1.0, 1.0, 1.0, 1.0, 1.0, 1.0]","[401, 408, 411, 414, 415, 416]"
432,"[1.0, 1.0, 1.0, 1.0, 1.0, 1.0]","[401, 408, 411, 414, 415, 416]"
433,"[1.0, 1.0, 1.0, 1.0, 1.0, 1.0]","[401, 408, 411, 414, 415, 416]"
434,"[1.0, 1.0, 1.0, 1.0, 1.0, 1.0]","[401, 408, 411, 414, 415, 416]"
435,"[1.0, 1.0, 1.0, 1.0, 1.0, 1.0]","[401, 408, 411, 414, 415, 416]"
436,"[1.0, 1.0, 1.0, 1.0, 1.0, 1.0]","[401, 408, 411, 414, 415, 416]"
437,"[1.0, 1.0, 1.0, 1.0, 1.0, 1.0]","[401, 408, 411, 414, 415, 416]"
438,"[1.0, 1.0, 1.0, 1.0, 1.0, 1.0]","[401, 408, 411, 414, 415, 416]"
439,"[1.0, 1.0, 1.0, 1.0, 1.0, 1.0]","[401, 408, 411, 414, 415, 416]"
440,"[1.0, 1.0, 1.0, 1.0, 1.0, 1.0]","[401, 408, 411, 414, 415, 416]"
441,"[0.75, 0.75, 0.75, 1.0, 1.0, 1.0]","[79, 143, 145, 413, 441, 481]"
442,"[1.0, 1.0, 1.0, 1.0, 1.0, 1.0]","[34, 202, 318, 349, 398, 409]"
443,"[1.0, 1.0, 1.0, 1.0, 1.0, 1.0]","[443, 444, 445, 447, 448, 451]"
444,"[1.0, 1.0, 1.0, 1.0, 1.0, 1.0]","[443, 444, 445, 447, 448, 451]"
445,"[1.0, 1.0, 1.0, 1.0, 1.0, 1.0]","[443, 444, 445, 447, 448, 451]"
446,"[1.0, 1.0, 1.0, 1.0, 1.0, 1.0]","[307, 313, 345, 347, 348, 359]"
447,"[1.0, 1.0, 1.0, 1.0, 1.0, 1.0]","[443, 444, 445, 447, 448, 451]"
448,"[1.0, 1.0, 1.0, 1.0, 1.0, 1.0]","[443, 444, 445, 447, 448, 451]"
449,"[0.75, 0.75, 0.75, 1.0, 1.0, 1.0]","[55, 74, 75, 449, 4995, 4996]"
450,"[1.0, 1.0, 1.0, 1.0, 1.0, 1.0]","[307, 313, 345, 347, 348, 359]"
451,"[1.0, 1.0, 1.0, 1.0, 1.0, 1.0]","[443, 444, 445, 447, 448, 451]"
452,"[1.0, 1.0, 1.0, 1.0, 1.0, 1.0]","[452, 453, 454, 455, 456, 457]"
453,"[1.0, 1.0, 1.0, 1.0, 1.0, 1.0]","[452, 453, 454, 455, 456, 457]"
454,"[1.0, 1.0, 1.0, 1.0, 1.0, 1.0]","[452, 453, 454, 455, 456, 457]"
455,"[1.0, 1.0, 1.0, 1.0, 1.0, 1.0]","[452, 453, 454, 455, 456, 457]"
456,"[1.0, 1.0, 1.0, 1.0, 1.0, 1.0]","[452, 453, 454, 455, 456, 457]"
457,"[1.0, 1.0, 1.0, 1.0, 1.0, 1.0]","[452, 453, 454, 455, 456, 457]"
458,"[1.0, 1.0, 1.0, 1.0, 1.0, 1.0]","[452, 453, 454, 455, 456, 457]"
459,"[1.0, 1.0, 1.0, 1.0, 1.0, 1.0]","[452, 453, 454, 455, 456, 457]"
460,"[1.0, 1.0, 1.0, 1.0, 1.0, 1.0]","[452, 453, 454, 455, 456, 457]"
461,"[1.0, 1.0, 1.0, 1.0, 1.0, 1.0]","[452, 453, 454, 455, 456, 457]"
462,"[1.0, 1.0, 1.0, 1.0, 1.0, 1.0]","[452, 453, 454, 455, 456, 457]"
463,"[1.0, 1.0, 1.0, 1.0, 1.0, 1.0]","[452, 453, 454, 455, 456, 457]"
464,"[1.0, 1.0, 1.0, 1.0, 1.0, 1.0]","[452, 453, 454, 455, 456, 457]"
465,"[1.0, 1.0, 1.0, 1.0, 1.0, 1.0]","[452, 453, 454, 455, 456, 457]"
466,"[1.0, 1.0, 1.0, 1.0, 1.0, 1.0]","[452, 453, 454, 455, 456, 457]"
467,"[1.0, 1.0, 1.0, 1.0, 1.0, 1.0]","[452, 453, 454, 455, 456, 457]"
468,"[1.0, 1.0, 1.0, 1.0, 1.0, 1.0]","[452, 453, 454, 455, 456, 457]"
469,"[1.0, 1.0, 1.0, 1.0, 1.0, 1.0]","[452, 453, 454, 455, 456, 457]"
470,"[1.0, 1.0, 1.0, 1.0, 1.0, 1.0]","[452, 453, 454, 455, 456, 457]"
471,"[1.0, 1.0, 1.0, 1.0, 1.0, 1.0]","[452, 453, 454, 455, 456, 457]"
472,"[1.0, 1.0, 1.0, 1.0, 1.0, 1.0]","[452, 453, 454, 455, 456, 457]"
473,"[1.0, 1.0, 1.0, 1.0, 1.0, 1.0]","[452, 453, 454, 455, 456, 457]"
474,"[1.0, 1.0, 1.0, 1.0, 1.0, 1.0]","[452, 453, 454, 455, 456, 457]"
475,"[1.0, 1.0, 1.0, 1.0, 1.0, 1.0]","[452, 453, 454, 455, 456, 457]"
476,"[1.0, 1.0, 1.0, 1.0, 1.0, 1.0]","[452, 453, 454, 455, 456, 457]"
477,"[1.0, 1.0, 1.0, 1.0, 1.0, 1.0]","[452, 453, 454, 455, 456, 457]"
478,"[1.0, 1.0, 1.0, 1.0, 1.0, 1.0]","[452, 453, 454, 455, 456, 457]"
479,"[1.0, 1.0, 1.0, 1.0, 1.0, 1.0]","[443, 444, 445, 447, 448, 451]"
480,"[1.0, 1.0, 1.0, 1.0, 1.0, 1.0]","[34, 202, 318, 349, 398, 409]"
481,"[0.75, 0.75, 0.75, 1.0, 1.0, 1.0]","[79, 143, 145, 413, 441, 481]"
482,"[1.0, 1.0, 1.0, 1.0, 1.0, 1.0]","[443, 444, 445, 447, 448, 451]"
483,"[0.75, 0.75, 0.75, 1.0, 1.0, 1.0]","[28, 30, 369, 400, 407, 483]"
484,"[1.0, 1.0, 1.0, 1.0, 1.0, 1.0]","[401, 408, 411, 414, 415, 416]"
485,"[1.0, 1.0, 1.0, 1.0, 1.0, 1.0]","[485, 486, 487, 488, 489, 490]"
486,"[1.0, 1.0, 1.0, 1.0, 1.0, 1.0]","[485, 486, 487, 488, 489, 490]"
487,"[1.0, 1.0, 1.0, 1.0, 1.0, 1.0]","[485, 486, 487, 488, 489, 490]"
488,"[1.0, 1.0, 1.0, 1.0, 1.0, 1.0]","[485, 486, 487, 488, 489, 490]"
489,"[1.0, 1.0, 1.0, 1.0, 1.0, 1.0]","[485, 486, 487, 488, 489, 490]"
490,"[1.0, 1.0, 1.0, 1.0, 1.0, 1.0]","[485, 486, 487, 488, 489, 490]"
491,"[0.75, 1.0, 1.0, 1.0, 1.0, 1.0]","[13, 491, 890, 6009, 6010, 6011]"
492,"[1.0, 1.0, 1.0, 1.0, 1.0, 1.0]","[401, 408, 411, 414, 415, 416]"
493,"[1.0, 1.0, 1.0, 1.0, 1.0, 1.0]","[145, 146, 154, 303, 338, 381]"
494,"[0.75, 0.75, 0.75, 0.75, 1.0, 1.0]","[72, 93, 125, 133, 494, 497]"
495,"[0.75, 0.75, 1.0, 1.0, 0.75, 1.0]","[196, 494, 495, 496, 497, 498]"
496,"[0.75, 0.75, 1.0, 1.0, 0.75, 1.0]","[196, 494, 495, 496, 497, 498]"
497,"[0.75, 0.75, 0.75, 0.75, 1.0, 1.0]","[72, 93, 125, 133, 494, 497]"
498,"[0.75, 0.75, 1.0, 1.0, 0.75, 1.0]","[196, 494, 495, 496, 497, 498]"
499,"[1.0, 1.0, 1.0, 1.0, 1.0, 1.0]","[499, 500, 501, 1256, 5006, 5009]"
500,"[1.0, 1.0, 1.0, 1.0, 1.0, 1.0]","[499, 500, 501, 1256, 5006, 5009]"
501,"[1.0, 1.0, 1.0, 1.0, 1.0, 1.0]","[499, 500, 501, 1256, 5006, 5009]"
502,"[0.75, 1.0, 0.75, 0.75, 0.75, 0.75]","[449, 502, 503, 504, 505, 532]"
503,"[0.75, 0.75, 0.75, 1.0, 1.0, 0.75]","[80, 83, 502, 503, 504, 505]"
504,"[0.75, 0.75, 0.75, 1.0, 1.0, 0.75]","[80, 83, 502, 503, 504, 505]"
505,"[0.75, 0.75, 0.75, 0.75, 0.75, 1.0]","[35, 47, 55, 58, 97, 505]"
506,"[1.0, 1.0, 1.0, 1.0, 1.0, 1.0]","[20, 24, 26, 28, 30, 369]"
507,"[1.0, 1.0, 1.0, 1.0, 1.0, 1.0]","[20, 24, 26, 28, 30, 369]"
508,"[1.0, 1.0, 1.0, 1.0, 1.0, 1.0]","[20, 24, 26, 28, 30, 369]"
509,"[1.0, 0.75, 0.75, 0.75, 0.75, 0.75]","[509, 511, 518, 4997, 5054, 5059]"
510,"[1.0, 1.0, 1.0, 1.0, 1.0, 1.0]","[510, 512, 519, 521, 542, 543]"
511,"[0.75, 0.75, 0.75, 0.75, 0.75, 1.0]","[35, 47, 55, 58, 97, 511]"
512,"[1.0, 1.0, 1.0, 1.0, 1.0, 1.0]","[510, 512, 519, 521, 542, 543]"
513,"[0.8164965809277261, 1.0000000000000002, 0.8164965809277261, 0.8164965809277261, 1.0000000000000002, 1.0000000000000002]","[512, 513, 519, 521, 523, 544]"
514,"[1.0000000000000002, 0.8164965809277261, 0.8164965809277261, 0.8164965809277261, 0.8164965809277261, 0.8164965809277261]","[514, 522, 524, 526, 539, 545]"
515,"[1.0, 1.0, 1.0, 1.0, 1.0, 1.0]","[20, 24, 26, 28, 30, 369]"
516,"[1.0, 1.0, 1.0, 1.0, 1.0, 1.0]","[20, 24, 26, 28, 30, 369]"
517,"[1.0, 1.0, 1.0, 1.0, 1.0, 1.0]","[20, 24, 26, 28, 30, 369]"
518,"[0.75, 1.0, 0.75, 0.75, 0.75, 0.75]","[509, 518, 520, 525, 4997, 5054]"
519,"[1.0, 1.0, 1.0, 1.0, 1.0, 1.0]","[510, 512, 519, 521, 542, 543]"
520,"[0.75, 0.75, 0.75, 0.75, 1.0, 1.0]","[47, 55, 58, 97, 520, 525]"
521,"[1.0, 1.0, 1.0, 1.0, 1.0, 1.0]","[510, 512, 519, 521, 542, 543]"
522,"[1.0, 1.0, 1.0, 1.0, 1.0, 1.0]","[522, 524, 526, 539, 545, 5062]"
523,"[0.8164965809277261, 1.0000000000000002, 0.8164965809277261, 0.8164965809277261, 1.0000000000000002, 1.0000000000000002]","[512, 513, 519, 521, 523, 544]"
524,"[1.0, 1.0, 1.0, 1.0, 1.0, 1.0]","[522, 524, 526, 539, 545, 5062]"
525,"[0.75, 0.75, 0.75, 0.75, 1.0, 1.0]","[47, 55, 58, 97, 520, 525]"
526,"[1.0, 1.0, 1.0, 1.0, 1.0, 1.0]","[522, 524, 526, 539, 545, 5062]"
527,"[1.0, 1.0, 1.0, 1.0, 1.0, 1.0]","[20, 24, 26, 28, 30, 369]"
528,"[1.0, 1.0, 1.0, 1.0, 1.0, 1.0]","[20, 24, 26, 28, 30, 369]"
529,"[0.75, 0.75, 0.75, 0.75, 1.0, 1.0]","[196, 495, 496, 498, 529, 530]"
530,"[0.75, 0.75, 0.75, 0.75, 1.0, 1.0]","[196, 495, 496, 498, 529, 530]"
531,"[0.75, 0.75, 0.75, 0.75, 1.0, 1.0]","[72, 93, 125, 133, 531, 535]"
532,"[0.75, 0.75, 1.0, 0.75, 0.75, 0.75]","[449, 502, 532, 533, 534, 550]"
533,"[0.75, 0.75, 0.75, 0.75, 1.0, 1.0]","[83, 503, 504, 532, 533, 534]"
534,"[0.75, 0.75, 0.75, 0.75, 1.0, 1.0]","[83, 503, 504, 532, 533, 534]"
535,"[0.75, 0.75, 0.75, 0.75, 1.0, 1.0]","[72, 93, 125, 133, 531, 535]"
536,"[1.0, 1.0, 1.0, 1.0, 1.0, 1.0]","[20, 24, 26, 28, 30, 369]"
537,"[1.0, 1.0, 1.0, 1.0, 1.0, 1.0]","[20, 24, 26, 28, 30, 369]"
538,"[0.75, 0.75, 1.0, 0.75, 0.75, 0.75]","[189, 192, 538, 540, 856, 910]"
539,"[1.0, 1.0, 1.0, 1.0, 1.0, 1.0]","[522, 524, 526, 539, 545, 5062]"
540,"[0.75, 0.75, 0.75, 0.75, 0.75, 1.0]","[35, 47, 55, 58, 97, 540]"
541,"[1.0, 1.0, 1.0, 1.0, 1.0, 1.0]","[20, 24, 26, 28, 30, 369]"
542,"[1.0, 1.0, 1.0, 1.0, 1.0, 1.0]","[510, 512, 519, 521, 542, 543]"
543,"[1.0, 1.0, 1.0, 1.0, 1.0, 1.0]","[510, 512, 519, 521, 542, 543]"
544,"[0.8164965809277261, 1.0000000000000002, 0.8164965809277261, 0.8164965809277261, 1.0000000000000002, 1.0000000000000002]","[512, 513, 519, 521, 523, 544]"
545,"[1.0, 1.0, 1.0, 1.0, 1.0, 1.0]","[522, 524, 526, 539, 545, 5062]"
546,"[1.0, 1.0, 1.0, 1.0, 1.0, 1.0]","[20, 24, 26, 28, 30, 369]"
547,"[1.0, 1.0, 1.0, 1.0, 1.0, 1.0]","[20, 24, 26, 28, 30, 369]"
548,"[0.75, 0.75, 0.75, 0.75, 1.0, 1.0]","[5, 6, 8, 13, 548, 556]"
549,"[1.0, 1.0, 1.0, 1.0, 1.0, 1.0]","[549, 4994, 5068, 5092, 5972, 5977]"
550,"[0.75, 0.75, 0.75, 1.0, 0.75, 0.75]","[449, 502, 532, 550, 551, 552]"
551,"[0.75, 0.75, 0.75, 0.75, 1.0, 1.0]","[503, 504, 533, 534, 551, 552]"
552,"[0.75, 0.75, 0.75, 0.75, 1.0, 1.0]","[503, 504, 533, 534, 551, 552]"
553,"[1.0, 1.0, 1.0, 1.0, 1.0, 1.0]","[20, 24, 26, 28, 30, 369]"
554,"[1.0, 1.0, 1.0, 1.0, 1.0, 1.0]","[20, 24, 26, 28, 30, 369]"
555,"[1.0, 1.0, 1.0, 1.0, 1.0, 1.0]","[20, 24, 26, 28, 30, 369]"
556,"[0.75, 0.75, 0.75, 0.75, 1.0, 1.0]","[5, 6, 8, 13, 548, 556]"
557,"[0.75, 0.75, 0.75, 0.75, 1.0, 0.75]","[449, 502, 532, 550, 557, 4995]"
558,"[1.0, 1.0, 1.0, 1.0, 1.0, 1.0]","[443, 444, 445, 447, 448, 451]"
559,"[1.0, 1.0, 1.0, 1.0, 1.0, 1.0]","[33, 153, 155, 171, 194, 195]"
560,"[1.0, 1.0, 1.0, 1.0, 1.0, 1.0]","[33, 153, 155, 171, 194, 195]"
561,"[1.0, 1.0, 1.0, 1.0, 1.0, 1.0]","[561, 849, 1288, 1289, 1290, 1291]"
562,"[1.0, 1.0, 1.0, 1.0, 1.0, 1.0]","[20, 24, 26, 28, 30, 369]"
563,"[0.75, 0.75, 0.75, 0.75, 1.0, 1.0]","[496, 498, 529, 530, 563, 564]"
564,"[0.75, 0.75, 0.75, 0.75, 1.0, 1.0]","[496, 498, 529, 530, 563, 564]"
565,"[0.75, 0.75, 0.75, 0.75, 1.0, 1.0]","[72, 93, 125, 133, 565, 566]"
566,"[0.75, 0.75, 0.75, 0.75, 1.0, 1.0]","[72, 93, 125, 133, 565, 566]"
567,"[0.75, 0.75, 0.75, 0.75, 1.0, 1.0]","[496, 498, 529, 530, 567, 568]"
568,"[0.75, 0.75, 0.75, 0.75, 1.0, 1.0]","[496, 498, 529, 530, 567, 568]"
569,"[0.75, 0.75, 0.75, 0.75, 1.0, 1.0]","[72, 93, 125, 133, 569, 570]"
570,"[0.75, 0.75, 0.75, 0.75, 1.0, 1.0]","[72, 93, 125, 133, 569, 570]"
571,"[0.5, 0.5, 0.5, 0.5, 0.5, 1.0]","[229, 249, 290, 567, 568, 571]"
572,"[0.75, 0.75, 0.75, 0.75, 0.75, 1.0]","[35, 47, 55, 58, 97, 572]"
573,"[0.75, 0.75, 0.75, 0.75, 1.0, 1.0]","[496, 498, 529, 530, 573, 574]"
574,"[0.75, 0.75, 0.75, 0.75, 1.0, 1.0]","[496, 498, 529, 530, 573, 574]"
575,"[0.75, 0.75, 0.75, 0.75, 1.0, 1.0]","[72, 93, 125, 133, 575, 576]"
576,"[0.75, 0.75, 0.75, 0.75, 1.0, 1.0]","[72, 93, 125, 133, 575, 576]"
577,"[0.8333333333333335, 1.0000000000000002, 0.8333333333333335, 0.8333333333333335, 0.8333333333333335, 0.8333333333333335]","[57, 577, 588, 1370, 1371, 1637]"
578,"[1.0, 1.0, 1.0, 1.0, 1.0, 1.0]","[307, 313, 345, 347, 348, 359]"
579,"[1.0, 1.0, 1.0, 1.0, 1.0, 1.0]","[307, 313, 345, 347, 348, 359]"
580,"[1.0, 1.0, 1.0, 1.0, 1.0, 1.0]","[20, 24, 26, 28, 30, 369]"
581,"[0.75, 0.75, 0.75, 0.75, 1.0, 1.0]","[496, 498, 529, 530, 581, 582]"
582,"[0.75, 0.75, 0.75, 0.75, 1.0, 1.0]","[496, 498, 529, 530, 581, 582]"
583,"[0.75, 0.75, 0.75, 0.75, 0.75, 1.0]","[70, 72, 93, 125, 133, 583]"
584,"[1.0, 1.0, 1.0, 1.0, 1.0, 1.0]","[307, 313, 345, 347, 348, 359]"
585,"[1.0, 1.0, 1.0, 1.0, 1.0, 1.0]","[307, 313, 345, 347, 348, 359]"
586,"[0.75, 0.75, 0.75, 0.75, 0.75, 1.0]","[70, 72, 93, 125, 133, 586]"
587,"[0.75, 0.75, 0.75, 0.75, 0.75, 1.0]","[35, 47, 55, 58, 97, 587]"
588,"[0.8333333333333335, 0.8333333333333335, 1.0000000000000002, 0.8333333333333335, 0.8333333333333335, 0.8333333333333335]","[57, 577, 588, 1370, 1371, 1637]"
589,"[1.0, 1.0, 1.0, 1.0, 1.0, 1.0]","[307, 313, 345, 347, 348, 359]"
590,"[1.0, 1.0, 1.0, 1.0, 1.0, 1.0]","[307, 313, 345, 347, 348, 359]"
591,"[1.0, 1.0, 1.0, 1.0, 1.0, 1.0]","[20, 24, 26, 28, 30, 369]"
592,"[0.75, 0.75, 0.75, 0.75, 1.0, 1.0]","[496, 498, 529, 530, 592, 593]"
593,"[0.75, 0.75, 0.75, 0.75, 1.0, 1.0]","[496, 498, 529, 530, 592, 593]"
594,"[0.75, 0.75, 0.75, 0.75, 1.0, 1.0]","[72, 93, 125, 133, 594, 595]"
595,"[0.75, 0.75, 0.75, 0.75, 1.0, 1.0]","[72, 93, 125, 133, 594, 595]"
596,"[1.0, 1.0, 1.0, 1.0, 1.0, 1.0]","[307, 313, 345, 347, 348, 359]"
597,"[1.0, 1.0, 1.0, 1.0, 1.0, 1.0]","[307, 313, 345, 347, 348, 359]"
598,"[0.75, 0.75, 0.75, 0.75, 0.75, 1.0]","[70, 72, 93, 125, 133, 598]"
599,"[0.75, 0.75, 0.75, 1.0, 1.0, 1.0]","[55, 58, 97, 599, 600, 601]"
600,"[0.75, 0.75, 0.75, 1.0, 1.0, 1.0]","[55, 58, 97, 599, 600, 601]"
601,"[0.75, 0.75, 0.75, 1.0, 1.0, 1.0]","[55, 58, 97, 599, 600, 601]"
602,"[1.0, 1.0, 1.0, 1.0, 1.0, 1.0]","[399, 404, 405, 410, 602, 721]"
603,"[0.75, 0.75, 0.75, 0.75, 1.0, 1.0]","[342, 343, 344, 361, 603, 609]"
604,"[0.75, 1.0, 1.0, 1.0, 1.0, 1.0]","[133, 604, 605, 606, 607, 608]"
605,"[0.75, 1.0, 1.0, 1.0, 1.0, 1.0]","[133, 604, 605, 606, 607, 608]"
606,"[0.75, 1.0, 1.0, 1.0, 1.0, 1.0]","[133, 604, 605, 606, 607, 608]"
607,"[0.75, 1.0, 1.0, 1.0, 1.0, 1.0]","[133, 604, 605, 606, 607, 608]"
608,"[0.75, 1.0, 1.0, 1.0, 1.0, 1.0]","[133, 604, 605, 606, 607, 608]"
609,"[0.75, 0.75, 0.75, 0.75, 1.0, 1.0]","[342, 343, 344, 361, 603, 609]"
610,"[0.75, 0.75, 0.75, 0.75, 0.75, 1.0]","[70, 72, 93, 125, 133, 610]"
611,"[0.75, 1.0, 0.75, 0.75, 0.75, 0.75]","[610, 611, 3479, 4612, 4647, 4669]"
612,"[0.75, 0.75, 1.0, 1.0, 1.0, 1.0]","[145, 146, 612, 621, 623, 626]"
613,"[0.75, 0.75, 1.0, 1.0, 1.0, 1.0]","[8, 13, 613, 1429, 4675, 4687]"
614,"[1.0, 1.0, 1.0, 1.0, 1.0, 1.0]","[34, 202, 318, 349, 398, 409]"
615,"[1.0, 1.0, 1.0, 1.0, 1.0, 1.0]","[147, 157, 158, 159, 247, 248]"
616,"[1.0, 1.0, 1.0, 1.0, 1.0, 1.0]","[147, 157, 158, 159, 247, 248]"
617,"[1.0, 1.0, 1.0, 1.0, 1.0, 1.0]","[147, 157, 158, 159, 247, 248]"
618,"[1.0, 1.0, 1.0, 1.0, 1.0, 1.0]","[147, 157, 158, 159, 247, 248]"
619,"[1.0, 1.0, 1.0, 1.0, 1.0, 1.0]","[147, 157, 158, 159, 247, 248]"
620,"[0.75, 0.75, 1.0, 1.0, 0.75, 0.75]","[190, 191, 620, 622, 624, 625]"
621,"[0.75, 0.75, 1.0, 1.0, 1.0, 1.0]","[145, 146, 612, 621, 623, 626]"
622,"[0.75, 0.75, 1.0, 1.0, 0.75, 0.75]","[190, 191, 620, 622, 624, 625]"
623,"[0.75, 0.75, 1.0, 1.0, 1.0, 1.0]","[145, 146, 612, 621, 623, 626]"
624,"[0.75, 0.75, 0.75, 0.75, 1.0, 1.0]","[190, 191, 620, 622, 624, 625]"
625,"[0.75, 0.75, 0.75, 0.75, 1.0, 1.0]","[190, 191, 620, 622, 624, 625]"
626,"[0.75, 0.75, 1.0, 1.0, 1.0, 1.0]","[145, 146, 612, 621, 623, 626]"
627,"[1.0, 1.0, 1.0, 1.0, 1.0, 1.0]","[627, 629, 630, 892, 1452, 2163]"
628,"[0.75, 0.75, 0.75, 1.0, 1.0, 1.0]","[621, 623, 626, 628, 631, 632]"
629,"[1.0, 1.0, 1.0, 1.0, 1.0, 1.0]","[627, 629, 630, 892, 1452, 2163]"
630,"[1.0, 1.0, 1.0, 1.0, 1.0, 1.0]","[627, 629, 630, 892, 1452, 2163]"
631,"[0.75, 0.75, 0.75, 1.0, 1.0, 1.0]","[621, 623, 626, 628, 631, 632]"
632,"[0.75, 0.75, 0.75, 1.0, 1.0, 1.0]","[621, 623, 626, 628, 631, 632]"
633,"[0.75, 0.75, 0.75, 0.75, 0.75, 1.0]","[70, 72, 93, 125, 133, 633]"
634,"[0.75, 0.75, 0.75, 1.0, 1.0, 1.0]","[622, 624, 625, 634, 640, 641]"
635,"[0.75, 0.75, 0.75, 0.75, 1.0, 1.0]","[47, 55, 58, 97, 635, 638]"
636,"[1.0, 1.0, 1.0, 1.0, 1.0, 1.0]","[636, 860, 861, 862, 863, 864]"
637,"[0.5, 0.5, 0.5, 1.0, 0.5, 0.5]","[633, 634, 635, 637, 638, 640]"
638,"[0.75, 0.75, 0.75, 0.75, 1.0, 1.0]","[47, 55, 58, 97, 635, 638]"
639,"[1.0, 1.0, 1.0, 1.0, 1.0, 1.0]","[145, 146, 154, 303, 338, 381]"
640,"[0.75, 0.75, 0.75, 1.0, 1.0, 1.0]","[622, 624, 625, 634, 640, 641]"
641,"[0.75, 0.75, 0.75, 1.0, 1.0, 1.0]","[622, 624, 625, 634, 640, 641]"
642,"[1.0, 1.0, 1.0, 1.0, 1.0, 1.0]","[20, 24, 26, 28, 30, 369]"
643,"[0.75, 0.75, 1.0, 1.0, 1.0, 1.0]","[74, 75, 643, 696, 723, 1117]"
644,"[0.75, 1.0, 1.0, 1.0, 1.0, 1.0]","[75, 644, 645, 5113, 5738, 5739]"
645,"[0.75, 1.0, 1.0, 1.0, 1.0, 1.0]","[75, 644, 645, 5113, 5738, 5739]"
646,"[1.0, 0.75, 0.75, 0.75, 0.75, 0.75]","[646, 647, 649, 650, 652, 694]"
647,"[0.75, 0.75, 1.0, 0.75, 0.75, 0.75]","[643, 646, 647, 649, 650, 652]"
648,"[1.0, 1.0, 1.0, 1.0, 1.0, 1.0]","[20, 24, 26, 28, 30, 369]"
649,"[0.75, 0.75, 0.75, 1.0, 0.75, 1.0]","[561, 646, 647, 649, 650, 652]"
650,"[0.75, 0.75, 0.75, 0.75, 0.75, 1.0]","[70, 72, 93, 125, 133, 650]"
651,"[1.0, 1.0, 1.0, 1.0, 1.0, 1.0]","[144, 163, 165, 168, 173, 180]"
652,"[0.75, 0.75, 0.75, 1.0, 0.75, 1.0]","[561, 646, 647, 649, 650, 652]"
653,"[1.0, 1.0, 1.0, 1.0, 1.0, 1.0]","[653, 654, 656, 657, 658, 659]"
654,"[1.0, 1.0, 1.0, 1.0, 1.0, 1.0]","[653, 654, 656, 657, 658, 659]"
655,"[1.0, 1.0, 1.0, 1.0, 1.0, 1.0]","[307, 313, 345, 347, 348, 359]"
656,"[1.0, 1.0, 1.0, 1.0, 1.0, 1.0]","[653, 654, 656, 657, 658, 659]"
657,"[1.0, 1.0, 1.0, 1.0, 1.0, 1.0]","[653, 654, 656, 657, 658, 659]"
658,"[1.0, 1.0, 1.0, 1.0, 1.0, 1.0]","[653, 654, 656, 657, 658, 659]"
659,"[1.0, 1.0, 1.0, 1.0, 1.0, 1.0]","[653, 654, 656, 657, 658, 659]"
660,"[1.0, 1.0, 1.0, 1.0, 1.0, 1.0]","[653, 654, 656, 657, 658, 659]"
661,"[1.0, 1.0, 1.0, 1.0, 1.0, 1.0]","[653, 654, 656, 657, 658, 659]"
662,"[1.0, 1.0, 1.0, 1.0, 1.0, 1.0]","[662, 663, 664, 675, 676, 679]"
663,"[1.0, 1.0, 1.0, 1.0, 1.0, 1.0]","[662, 663, 664, 675, 676, 679]"
664,"[1.0, 1.0, 1.0, 1.0, 1.0, 1.0]","[662, 663, 664, 675, 676, 679]"
665,"[1.0, 1.0, 1.0, 1.0, 1.0, 1.0]","[665, 666, 667, 671, 672, 673]"
666,"[1.0, 1.0, 1.0, 1.0, 1.0, 1.0]","[665, 666, 667, 671, 672, 673]"
667,"[1.0, 1.0, 1.0, 1.0, 1.0, 1.0]","[665, 666, 667, 671, 672, 673]"
668,"[1.0, 1.0, 1.0, 1.0, 1.0, 1.0]","[20, 24, 26, 28, 30, 369]"
669,"[1.0, 1.0, 1.0, 1.0, 1.0, 1.0]","[653, 654, 656, 657, 658, 659]"
670,"[1.0, 1.0, 1.0, 1.0, 1.0, 1.0]","[653, 654, 656, 657, 658, 659]"
671,"[1.0, 1.0, 1.0, 1.0, 1.0, 1.0]","[665, 666, 667, 671, 672, 673]"
672,"[1.0, 1.0, 1.0, 1.0, 1.0, 1.0]","[665, 666, 667, 671, 672, 673]"
673,"[1.0, 1.0, 1.0, 1.0, 1.0, 1.0]","[665, 666, 667, 671, 672, 673]"
674,"[1.0, 1.0, 1.0, 1.0, 1.0, 1.0]","[665, 666, 667, 671, 672, 673]"
675,"[1.0, 1.0, 1.0, 1.0, 1.0, 1.0]","[662, 663, 664, 675, 676, 679]"
676,"[1.0, 1.0, 1.0, 1.0, 1.0, 1.0]","[662, 663, 664, 675, 676, 679]"
677,"[0.75, 1.0, 1.0, 1.0, 1.0, 1.0]","[25, 677, 1996, 2014, 5962, 5969]"
678,"[1.0, 1.0, 1.0, 1.0, 1.0, 1.0]","[653, 654, 656, 657, 658, 659]"
679,"[1.0, 1.0, 1.0, 1.0, 1.0, 1.0]","[662, 663, 664, 675, 676, 679]"
680,"[1.0, 1.0, 1.0, 1.0, 1.0, 1.0]","[662, 663, 664, 675, 676, 679]"
681,"[0.75, 1.0, 1.0, 1.0, 1.0, 1.0]","[659, 681, 682, 683, 684, 686]"
682,"[0.75, 1.0, 1.0, 1.0, 1.0, 1.0]","[659, 681, 682, 683, 684, 686]"
683,"[0.75, 1.0, 1.0, 1.0, 1.0, 1.0]","[659, 681, 682, 683, 684, 686]"
684,"[0.75, 1.0, 1.0, 1.0, 1.0, 1.0]","[659, 681, 682, 683, 684, 686]"
685,"[1.0, 1.0, 1.0, 1.0, 1.0, 1.0]","[662, 663, 664, 675, 676, 679]"
686,"[0.75, 1.0, 1.0, 1.0, 1.0, 1.0]","[659, 681, 682, 683, 684, 686]"
687,"[0.75, 0.75, 0.75, 0.75, 0.75, 1.0]","[35, 47, 55, 58, 97, 687]"
688,"[0.75, 0.75, 0.75, 0.75, 0.75, 1.0]","[70, 72, 93, 125, 133, 688]"
689,"[1.0, 1.0, 1.0, 1.0, 1.0, 1.0]","[689, 1077, 1078, 1080, 1081, 1146]"
690,"[1.0, 1.0, 1.0, 1.0, 1.0, 1.0]","[144, 163, 165, 168, 173, 180]"
691,"[1.0, 1.0, 1.0, 1.0, 1.0, 1.0]","[307, 313, 345, 347, 348, 359]"
692,"[1.0, 1.0, 1.0, 1.0, 1.0, 1.0]","[144, 163, 165, 168, 173, 180]"
693,"[0.75, 0.75, 1.0, 1.0, 1.0, 1.0]","[30, 307, 693, 695, 1884, 1885]"
694,"[0.75, 0.75, 0.75, 0.75, 0.75, 1.0]","[34, 35, 55, 74, 75, 694]"
695,"[0.75, 0.75, 1.0, 1.0, 1.0, 1.0]","[30, 307, 693, 695, 1884, 1885]"
696,"[0.75, 0.75, 1.0, 1.0, 1.0, 1.0]","[74, 75, 643, 696, 723, 1117]"
697,"[0.75, 0.75, 1.0, 1.0, 0.75, 0.75]","[646, 694, 697, 698, 1796, 3713]"
698,"[0.75, 0.75, 1.0, 1.0, 0.75, 0.75]","[646, 694, 697, 698, 1796, 3713]"
699,"[0.75, 0.75, 0.75, 0.75, 0.75, 1.0]","[161, 169, 181, 187, 219, 699]"
700,"[1.0, 1.0, 1.0, 1.0, 1.0, 1.0]","[700, 701, 702, 703, 708, 712]"
701,"[1.0, 1.0, 1.0, 1.0, 1.0, 1.0]","[700, 701, 702, 703, 708, 712]"
702,"[1.0, 1.0, 1.0, 1.0, 1.0, 1.0]","[700, 701, 702, 703, 708, 712]"
703,"[1.0, 1.0, 1.0, 1.0, 1.0, 1.0]","[700, 701, 702, 703, 708, 712]"
704,"[1.0, 1.0, 1.0, 1.0, 1.0, 1.0]","[704, 720, 1305, 1423, 1457, 4667]"
705,"[1.0, 0.75, 1.0, 1.0, 1.0, 1.0]","[705, 1276, 1644, 1647, 7057, 7068]"
706,"[1.0, 1.0, 1.0, 1.0, 1.0, 1.0]","[706, 710, 711, 713, 1458, 1463]"
707,"[0.75, 0.75, 1.0, 0.75, 0.75, 0.75]","[269, 274, 707, 1943, 1950, 1985]"
708,"[1.0, 1.0, 1.0, 1.0, 1.0, 1.0]","[700, 701, 702, 703, 708, 712]"
709,"[1.0, 1.0, 1.0, 1.0, 1.0, 1.0]","[33, 153, 155, 171, 194, 195]"
710,"[1.0, 1.0, 1.0, 1.0, 1.0, 1.0]","[706, 710, 711, 713, 1458, 1463]"
711,"[1.0, 1.0, 1.0, 1.0, 1.0, 1.0]","[706, 710, 711, 713, 1458, 1463]"
712,"[1.0, 1.0, 1.0, 1.0, 1.0, 1.0]","[700, 701, 702, 703, 708, 712]"
713,"[1.0, 1.0, 1.0, 1.0, 1.0, 1.0]","[706, 710, 711, 713, 1458, 1463]"
714,"[1.0, 1.0, 1.0, 1.0, 1.0, 1.0]","[700, 701, 702, 703, 708, 712]"
715,"[1.0, 1.0, 1.0, 1.0, 1.0, 1.0]","[346, 715, 716, 834, 839, 1181]"
716,"[1.0, 1.0, 1.0, 1.0, 1.0, 1.0]","[346, 715, 716, 834, 839, 1181]"
717,"[0.75, 0.75, 0.75, 0.75, 0.75, 1.0]","[161, 169, 181, 187, 219, 717]"
718,"[1.0, 1.0, 1.0, 1.0, 1.0, 1.0]","[700, 701, 702, 703, 708, 712]"
719,"[1.0, 1.0, 1.0, 1.0, 1.0, 1.0]","[700, 701, 702, 703, 708, 712]"
720,"[1.0, 1.0, 1.0, 1.0, 1.0, 1.0]","[704, 720, 1305, 1423, 1457, 4667]"
721,"[1.0, 1.0, 1.0, 1.0, 1.0, 1.0]","[399, 404, 405, 410, 602, 721]"
722,"[1.0, 1.0, 1.0, 1.0, 1.0, 1.0]","[399, 404, 405, 410, 602, 721]"
723,"[0.75, 0.75, 1.0, 1.0, 1.0, 1.0]","[74, 75, 643, 696, 723, 1117]"
724,"[1.0, 1.0, 1.0, 1.0, 1.0, 1.0]","[399, 404, 405, 410, 602, 721]"
725,"[1.0, 1.0, 1.0, 1.0, 1.0, 1.0]","[399, 404, 405, 410, 602, 721]"
726,"[1.0, 1.0, 1.0, 1.0, 1.0, 1.0]","[399, 404, 405, 410, 602, 721]"
727,"[0.75, 0.75, 0.75, 0.75, 1.0, 1.0]","[35, 55, 74, 75, 727, 3514]"
728,"[0.75, 0.75, 0.75, 1.0, 1.0, 1.0]","[93, 125, 133, 728, 799, 808]"
729,"[0.75, 0.75, 0.75, 0.75, 0.75, 1.0]","[70, 72, 93, 125, 133, 729]"
730,"[0.75, 0.75, 1.0, 0.75, 0.75, 0.75]","[727, 729, 730, 734, 744, 747]"
731,"[1.0, 1.0, 1.0, 1.0, 1.0, 1.0]","[147, 157, 158, 159, 247, 248]"
732,"[1.0, 1.0, 1.0, 1.0, 1.0, 1.0]","[147, 157, 158, 159, 247, 248]"
733,"[1.0, 1.0, 1.0, 1.0, 1.0, 1.0]","[147, 157, 158, 159, 247, 248]"
734,"[0.75, 0.75, 0.75, 0.75, 0.75, 1.0]","[647, 662, 663, 664, 675, 734]"
735,"[1.0, 1.0, 1.0, 1.0, 1.0, 1.0]","[735, 736, 737, 738, 739, 740]"
736,"[1.0, 1.0, 1.0, 1.0, 1.0, 1.0]","[735, 736, 737, 738, 739, 740]"
737,"[1.0, 1.0, 1.0, 1.0, 1.0, 1.0]","[735, 736, 737, 738, 739, 740]"
738,"[1.0, 1.0, 1.0, 1.0, 1.0, 1.0]","[735, 736, 737, 738, 739, 740]"
739,"[1.0, 1.0, 1.0, 1.0, 1.0, 1.0]","[735, 736, 737, 738, 739, 740]"
740,"[1.0, 1.0, 1.0, 1.0, 1.0, 1.0]","[735, 736, 737, 738, 739, 740]"
741,"[1.0, 1.0, 1.0, 1.0, 1.0, 1.0]","[735, 736, 737, 738, 739, 740]"
742,"[1.0, 1.0, 1.0, 1.0, 1.0, 1.0]","[35, 55, 323, 742, 1169, 1302]"
743,"[0.75, 0.75, 0.75, 0.75, 1.0, 1.0]","[51, 61, 145, 146, 743, 811]"
744,"[0.75, 0.75, 1.0, 0.75, 0.75, 0.75]","[727, 730, 744, 745, 746, 747]"
745,"[0.75, 0.75, 0.75, 0.75, 1.0, 1.0]","[47, 55, 58, 97, 745, 746]"
746,"[0.75, 0.75, 0.75, 0.75, 1.0, 1.0]","[47, 55, 58, 97, 745, 746]"
747,"[0.75, 0.75, 0.75, 1.0, 0.75, 0.75]","[727, 730, 744, 747, 748, 750]"
748,"[0.75, 0.75, 0.75, 0.75, 0.75, 1.0]","[647, 662, 663, 664, 675, 748]"
749,"[1.0, 1.0, 1.0, 1.0, 1.0, 1.0]","[749, 752, 754, 755, 757, 758]"
750,"[0.75, 0.75, 0.75, 0.75, 0.75, 1.0]","[727, 730, 744, 747, 749, 750]"
751,"[1.0, 1.0, 1.0, 1.0, 1.0, 1.0]","[751, 753, 756, 768, 770, 773]"
752,"[1.0, 1.0, 1.0, 1.0, 1.0, 1.0]","[749, 752, 754, 755, 757, 758]"
753,"[1.0, 1.0, 1.0, 1.0, 1.0, 1.0]","[751, 753, 756, 768, 770, 773]"
754,"[1.0, 1.0, 1.0, 1.0, 1.0, 1.0]","[749, 752, 754, 755, 757, 758]"
755,"[1.0, 1.0, 1.0, 1.0, 1.0, 1.0]","[749, 752, 754, 755, 757, 758]"
756,"[1.0, 1.0, 1.0, 1.0, 1.0, 1.0]","[751, 753, 756, 768, 770, 773]"
757,"[1.0, 1.0, 1.0, 1.0, 1.0, 1.0]","[749, 752, 754, 755, 757, 758]"
758,"[1.0, 1.0, 1.0, 1.0, 1.0, 1.0]","[749, 752, 754, 755, 757, 758]"
759,"[1.0, 1.0, 1.0, 1.0, 1.0, 1.0]","[147, 157, 158, 159, 247, 248]"
760,"[1.0, 1.0, 1.0, 1.0, 1.0, 1.0]","[147, 157, 158, 159, 247, 248]"
761,"[1.0, 1.0, 1.0, 1.0, 1.0, 1.0]","[147, 157, 158, 159, 247, 248]"
762,"[1.0, 1.0, 1.0, 1.0, 1.0, 1.0]","[147, 157, 158, 159, 247, 248]"
763,"[1.0, 1.0, 1.0, 1.0, 1.0, 1.0]","[147, 157, 158, 159, 247, 248]"
764,"[1.0, 1.0, 1.0, 1.0, 1.0, 1.0]","[147, 157, 158, 159, 247, 248]"
765,"[0.5, 0.5, 0.5, 1.0, 1.0, 1.0]","[20, 21, 22, 339, 382, 765]"
766,"[1.0, 1.0, 1.0, 1.0, 1.0, 1.0]","[766, 769, 771, 772, 774, 775]"
767,"[0.75, 0.75, 0.75, 0.75, 0.75, 1.0]","[730, 744, 747, 750, 766, 767]"
768,"[1.0, 1.0, 1.0, 1.0, 1.0, 1.0]","[751, 753, 756, 768, 770, 773]"
769,"[1.0, 1.0, 1.0, 1.0, 1.0, 1.0]","[766, 769, 771, 772, 774, 775]"
770,"[1.0, 1.0, 1.0, 1.0, 1.0, 1.0]","[751, 753, 756, 768, 770, 773]"
771,"[1.0, 1.0, 1.0, 1.0, 1.0, 1.0]","[766, 769, 771, 772, 774, 775]"
772,"[1.0, 1.0, 1.0, 1.0, 1.0, 1.0]","[766, 769, 771, 772, 774, 775]"
773,"[1.0, 1.0, 1.0, 1.0, 1.0, 1.0]","[751, 753, 756, 768, 770, 773]"
774,"[1.0, 1.0, 1.0, 1.0, 1.0, 1.0]","[766, 769, 771, 772, 774, 775]"
775,"[1.0, 1.0, 1.0, 1.0, 1.0, 1.0]","[766, 769, 771, 772, 774, 775]"
776,"[0.75, 0.75, 1.0, 1.0, 1.0, 1.0]","[664, 675, 776, 777, 781, 785]"
777,"[0.75, 0.75, 1.0, 1.0, 1.0, 1.0]","[664, 675, 776, 777, 781, 785]"
778,"[1.0, 1.0, 1.0, 1.0, 1.0, 1.0]","[147, 157, 158, 159, 247, 248]"
779,"[1.0, 1.0, 1.0, 1.0, 1.0, 1.0]","[147, 157, 158, 159, 247, 248]"
780,"[1.0, 1.0, 1.0, 1.0, 1.0, 1.0]","[147, 157, 158, 159, 247, 248]"
781,"[0.75, 0.75, 1.0, 1.0, 1.0, 1.0]","[664, 675, 776, 777, 781, 785]"
782,"[1.0, 1.0, 1.0, 1.0, 1.0, 1.0]","[147, 157, 158, 159, 247, 248]"
783,"[1.0, 1.0, 1.0, 1.0, 1.0, 1.0]","[147, 157, 158, 159, 247, 248]"
784,"[1.0, 1.0, 1.0, 1.0, 1.0, 1.0]","[147, 157, 158, 159, 247, 248]"
785,"[0.75, 0.75, 1.0, 1.0, 1.0, 1.0]","[664, 675, 776, 777, 781, 785]"
786,"[0.75, 0.75, 0.75, 0.75, 0.75, 1.0]","[730, 744, 747, 750, 767, 786]"
787,"[0.75, 0.75, 0.75, 0.75, 0.75, 1.0]","[70, 72, 93, 125, 133, 787]"
788,"[1.0, 1.0, 1.0, 1.0, 1.0, 1.0]","[147, 157, 158, 159, 247, 248]"
789,"[1.0, 1.0, 1.0, 1.0, 1.0, 1.0]","[147, 157, 158, 159, 247, 248]"
790,"[1.0, 1.0, 1.0, 1.0, 1.0, 1.0]","[147, 157, 158, 159, 247, 248]"
791,"[0.75, 0.75, 0.75, 0.75, 0.75, 1.0]","[730, 744, 747, 750, 767, 791]"
792,"[0.75, 0.75, 0.75, 0.75, 0.75, 1.0]","[70, 72, 93, 125, 133, 792]"
793,"[1.0, 1.0, 1.0, 1.0, 1.0, 1.0]","[333, 334, 336, 337, 793, 794]"
794,"[1.0, 1.0, 1.0, 1.0, 1.0, 1.0]","[333, 334, 336, 337, 793, 794]"
795,"[1.0, 1.0, 1.0, 1.0, 1.0, 1.0]","[333, 334, 336, 337, 793, 794]"
796,"[0.75, 0.75, 0.75, 0.75, 0.75, 1.0]","[730, 744, 747, 750, 767, 796]"
797,"[0.75, 0.75, 0.75, 0.75, 1.0, 1.0]","[662, 663, 664, 675, 797, 798]"
798,"[0.75, 0.75, 0.75, 0.75, 1.0, 1.0]","[662, 663, 664, 675, 797, 798]"
799,"[0.75, 0.75, 0.75, 1.0, 1.0, 1.0]","[93, 125, 133, 728, 799, 808]"
800,"[0.75, 0.75, 0.75, 0.75, 0.75, 1.0]","[730, 744, 747, 750, 767, 800]"
801,"[0.75, 0.75, 0.75, 0.75, 0.75, 1.0]","[647, 662, 663, 664, 675, 801]"
802,"[1.0, 1.0, 1.0, 1.0, 1.0, 1.0]","[147, 157, 158, 159, 247, 248]"
803,"[0.75, 0.75, 0.75, 1.0, 1.0, 1.0]","[93, 125, 133, 803, 805, 807]"
804,"[1.0, 1.0, 1.0, 1.0, 1.0, 1.0]","[147, 157, 158, 159, 247, 248]"
805,"[0.75, 0.75, 0.75, 1.0, 1.0, 1.0]","[93, 125, 133, 803, 805, 807]"
806,"[1.0, 1.0, 1.0, 1.0, 1.0, 1.0]","[147, 157, 158, 159, 247, 248]"
807,"[0.75, 0.75, 0.75, 1.0, 1.0, 1.0]","[93, 125, 133, 803, 805, 807]"
808,"[0.75, 0.75, 0.75, 1.0, 1.0, 1.0]","[93, 125, 133, 728, 799, 808]"
809,"[0.75, 0.75, 0.75, 0.75, 0.75, 1.0]","[730, 744, 747, 750, 767, 809]"
810,"[0.75, 1.0, 0.75, 0.75, 0.75, 0.75]","[809, 810, 5757, 5758, 5759, 5761]"
811,"[0.75, 0.75, 0.75, 0.75, 1.0, 1.0]","[51, 61, 145, 146, 743, 811]"
812,"[0.75, 0.75, 0.75, 1.0, 1.0, 1.0]","[561, 649, 652, 812, 813, 814]"
813,"[0.75, 0.75, 0.75, 1.0, 1.0, 1.0]","[561, 649, 652, 812, 813, 814]"
814,"[0.75, 0.75, 0.75, 1.0, 1.0, 1.0]","[561, 649, 652, 812, 813, 814]"
815,"[1.0, 1.0, 1.0, 1.0, 1.0, 1.0]","[307, 313, 345, 347, 348, 359]"
816,"[1.0, 1.0, 1.0, 1.0, 1.0, 1.0]","[20, 24, 26, 28, 30, 369]"
817,"[1.0, 1.0, 1.0, 1.0, 1.0, 1.0]","[166, 167, 817, 857, 858, 859]"
818,"[1.0, 1.0, 1.0, 1.0, 1.0, 1.0]","[307, 313, 345, 347, 348, 359]"
819,"[1.0, 1.0, 1.0, 1.0, 1.0, 1.0]","[147, 157, 158, 159, 247, 248]"
820,"[1.0, 1.0, 1.0, 1.0, 1.0, 1.0]","[147, 157, 158, 159, 247, 248]"
821,"[1.0, 1.0, 1.0, 1.0, 1.0, 1.0]","[298, 821, 825, 1523, 1530, 1563]"
822,"[1.0, 1.0, 1.0, 1.0, 1.0, 1.0]","[147, 157, 158, 159, 247, 248]"
823,"[1.0, 1.0, 1.0, 1.0, 1.0, 1.0]","[33, 153, 155, 171, 194, 195]"
824,"[1.0, 1.0, 1.0, 1.0, 1.0, 1.0]","[33, 153, 155, 171, 194, 195]"
825,"[1.0, 1.0, 1.0, 1.0, 1.0, 1.0]","[298, 821, 825, 1523, 1530, 1563]"
826,"[1.0, 1.0, 1.0, 1.0, 1.0, 1.0]","[33, 153, 155, 171, 194, 195]"
827,"[1.0, 1.0, 1.0, 1.0, 1.0, 1.0]","[34, 202, 318, 349, 398, 409]"
828,"[1.0, 1.0, 1.0, 1.0, 1.0, 1.0]","[147, 157, 158, 159, 247, 248]"
829,"[1.0, 1.0, 1.0, 1.0, 1.0, 1.0]","[147, 157, 158, 159, 247, 248]"
830,"[0.75, 0.75, 0.75, 0.75, 1.0, 1.0]","[496, 498, 529, 530, 830, 831]"
831,"[0.75, 0.75, 0.75, 0.75, 1.0, 1.0]","[496, 498, 529, 530, 830, 831]"
832,"[0.75, 0.75, 0.75, 0.75, 1.0, 1.0]","[72, 93, 125, 133, 832, 833]"
833,"[0.75, 0.75, 0.75, 0.75, 1.0, 1.0]","[72, 93, 125, 133, 832, 833]"
834,"[1.0, 1.0, 1.0, 1.0, 1.0, 1.0]","[346, 715, 716, 834, 839, 1181]"
835,"[0.75, 0.75, 0.75, 0.75, 1.0, 1.0]","[72, 93, 125, 133, 835, 838]"
836,"[0.75, 0.75, 0.75, 0.75, 1.0, 1.0]","[496, 498, 529, 530, 836, 837]"
837,"[0.75, 0.75, 0.75, 0.75, 1.0, 1.0]","[496, 498, 529, 530, 836, 837]"
838,"[0.75, 0.75, 0.75, 0.75, 1.0, 1.0]","[72, 93, 125, 133, 835, 838]"
839,"[1.0, 1.0, 1.0, 1.0, 1.0, 1.0]","[346, 715, 716, 834, 839, 1181]"
840,"[0.75, 0.75, 0.75, 0.75, 1.0, 1.0]","[72, 93, 125, 133, 840, 841]"
841,"[0.75, 0.75, 0.75, 0.75, 1.0, 1.0]","[72, 93, 125, 133, 840, 841]"
842,"[0.75, 0.75, 0.75, 0.75, 1.0, 1.0]","[72, 93, 125, 133, 842, 843]"
843,"[0.75, 0.75, 0.75, 0.75, 1.0, 1.0]","[72, 93, 125, 133, 842, 843]"
844,"[0.75, 0.75, 0.75, 1.0, 1.0, 1.0]","[498, 529, 530, 844, 847, 848]"
845,"[0.75, 0.75, 0.75, 0.75, 0.75, 1.0]","[649, 652, 812, 813, 814, 845]"
846,"[1.0, 1.0, 1.0, 1.0, 1.0, 1.0]","[145, 146, 154, 303, 338, 381]"
847,"[0.75, 0.75, 0.75, 1.0, 1.0, 1.0]","[498, 529, 530, 844, 847, 848]"
848,"[0.75, 0.75, 0.75, 1.0, 1.0, 1.0]","[498, 529, 530, 844, 847, 848]"
849,"[1.0, 1.0, 1.0, 1.0, 1.0, 1.0]","[561, 849, 1288, 1289, 1290, 1291]"
850,"[1.0, 1.0, 1.0, 1.0, 1.0, 1.0]","[20, 24, 26, 28, 30, 369]"
851,"[0.75, 0.75, 0.75, 0.75, 1.0, 1.0]","[652, 812, 813, 814, 851, 852]"
852,"[0.75, 0.75, 0.75, 0.75, 1.0, 1.0]","[652, 812, 813, 814, 851, 852]"
853,"[0.75, 0.75, 0.75, 0.75, 0.75, 1.0]","[70, 72, 93, 125, 133, 853]"
854,"[1.0, 1.0, 1.0, 1.0, 1.0, 1.0]","[147, 157, 158, 159, 247, 248]"
855,"[0.75, 0.75, 0.75, 0.75, 0.75, 1.0]","[191, 620, 622, 624, 625, 855]"
856,"[0.75, 0.75, 0.75, 0.75, 1.0, 0.75]","[189, 192, 538, 855, 856, 910]"
857,"[1.0, 1.0, 1.0, 1.0, 1.0, 1.0]","[166, 167, 817, 857, 858, 859]"
858,"[1.0, 1.0, 1.0, 1.0, 1.0, 1.0]","[166, 167, 817, 857, 858, 859]"
859,"[1.0, 1.0, 1.0, 1.0, 1.0, 1.0]","[166, 167, 817, 857, 858, 859]"
860,"[1.0, 1.0, 1.0, 1.0, 1.0, 1.0]","[636, 860, 861, 862, 863, 864]"
861,"[1.0, 1.0, 1.0, 1.0, 1.0, 1.0]","[636, 860, 861, 862, 863, 864]"
862,"[1.0, 1.0, 1.0, 1.0, 1.0, 1.0]","[636, 860, 861, 862, 863, 864]"
863,"[1.0, 1.0, 1.0, 1.0, 1.0, 1.0]","[636, 860, 861, 862, 863, 864]"
864,"[1.0, 1.0, 1.0, 1.0, 1.0, 1.0]","[636, 860, 861, 862, 863, 864]"
865,"[1.0, 1.0, 1.0, 1.0, 1.0, 1.0]","[636, 860, 861, 862, 863, 864]"
866,"[1.0, 1.0, 1.0, 1.0, 1.0, 1.0]","[636, 860, 861, 862, 863, 864]"
867,"[0.75, 0.75, 0.75, 0.75, 0.75, 1.0]","[191, 620, 622, 624, 625, 867]"
868,"[1.0, 1.0, 1.0, 1.0, 1.0, 1.0]","[166, 167, 817, 857, 858, 859]"
869,"[0.75, 0.75, 0.75, 1.0, 1.0, 1.0]","[93, 125, 133, 869, 879, 880]"
870,"[1.0, 1.0, 1.0, 1.0, 1.0, 1.0]","[166, 167, 817, 857, 858, 859]"
871,"[1.0, 1.0, 1.0, 1.0, 1.0, 1.0]","[166, 167, 817, 857, 858, 859]"
872,"[1.0, 1.0, 1.0, 1.0, 1.0, 1.0]","[166, 167, 817, 857, 858, 859]"
873,"[1.0, 1.0, 1.0, 1.0, 1.0, 1.0]","[166, 167, 817, 857, 858, 859]"
874,"[1.0, 1.0, 1.0, 1.0, 1.0, 1.0]","[166, 167, 817, 857, 858, 859]"
875,"[1.0, 1.0, 1.0, 1.0, 1.0, 1.0]","[166, 167, 817, 857, 858, 859]"
876,"[1.0, 1.0, 1.0, 1.0, 1.0, 1.0]","[166, 167, 817, 857, 858, 859]"
877,"[1.0, 1.0, 1.0, 1.0, 1.0, 1.0]","[166, 167, 817, 857, 858, 859]"
878,"[1.0, 1.0, 1.0, 1.0, 1.0, 1.0]","[166, 167, 817, 857, 858, 859]"
879,"[0.75, 0.75, 0.75, 1.0, 1.0, 1.0]","[93, 125, 133, 869, 879, 880]"
880,"[0.75, 0.75, 0.75, 1.0, 1.0, 1.0]","[93, 125, 133, 869, 879, 880]"
881,"[1.0, 1.0, 1.0, 1.0, 1.0, 1.0]","[145, 146, 154, 303, 338, 381]"
882,"[1.0, 1.0, 1.0, 1.0, 1.0, 1.0]","[166, 167, 817, 857, 858, 859]"
883,"[0.75, 0.75, 0.75, 0.75, 0.75, 1.0]","[161, 169, 181, 187, 219, 883]"
884,"[0.75, 0.75, 0.75, 0.75, 0.75, 1.0]","[71, 74, 75, 76, 77, 884]"
885,"[0.75, 0.75, 0.75, 0.75, 0.75, 1.0]","[161, 169, 181, 187, 219, 885]"
886,"[0.75, 0.75, 0.75, 0.75, 0.75, 1.0]","[83, 503, 504, 533, 534, 886]"
887,"[0.75, 0.75, 0.75, 0.75, 0.75, 1.0]","[33, 51, 61, 145, 146, 887]"
888,"[0.75, 0.75, 0.75, 1.0, 1.0, 1.0]","[61, 145, 146, 888, 5416, 5941]"
889,"[1.0, 1.0, 1.0, 1.0, 1.0, 1.0]","[34, 202, 318, 349, 398, 409]"
890,"[0.75, 1.0, 1.0, 1.0, 1.0, 1.0]","[13, 491, 890, 6009, 6010, 6011]"
891,"[0.75, 0.75, 0.75, 1.0, 1.0, 1.0]","[61, 145, 146, 197, 891, 6769]"
892,"[1.0, 1.0, 1.0, 1.0, 1.0, 1.0]","[627, 629, 630, 892, 1452, 2163]"
893,"[0.75, 0.75, 0.75, 0.75, 1.0, 1.0]","[496, 498, 529, 530, 893, 894]"
894,"[0.75, 0.75, 0.75, 0.75, 1.0, 1.0]","[496, 498, 529, 530, 893, 894]"
895,"[0.75, 0.75, 0.75, 0.75, 0.75, 1.0]","[191, 620, 622, 624, 625, 895]"
896,"[1.0, 1.0, 1.0, 1.0, 1.0, 1.0]","[145, 146, 154, 303, 338, 381]"
897,"[0.75, 1.0, 1.0, 1.0, 1.0, 1.0]","[891, 897, 5012, 5022, 5041, 5047]"
898,"[1.0, 1.0, 1.0, 1.0, 1.0, 1.0]","[147, 157, 158, 159, 247, 248]"
899,"[1.0, 1.0, 1.0, 1.0, 1.0, 1.0]","[147, 157, 158, 159, 247, 248]"
900,"[1.0, 1.0, 1.0, 1.0, 1.0, 1.0]","[147, 157, 158, 159, 247, 248]"
901,"[0.75, 0.75, 0.75, 0.75, 1.0, 1.0]","[35, 55, 74, 75, 901, 3582]"
902,"[1.0, 1.0, 1.0, 1.0, 1.0, 1.0]","[33, 153, 155, 171, 194, 195]"
903,"[1.0, 0.75, 1.0, 1.0, 1.0, 1.0]","[143, 145, 296, 903, 4701, 5845]"
904,"[1.0, 1.0, 1.0, 1.0, 1.0, 1.0]","[166, 167, 817, 857, 858, 859]"
905,"[1.0, 1.0, 1.0, 1.0, 1.0, 1.0]","[166, 167, 817, 857, 858, 859]"
906,"[1.0, 1.0, 1.0, 1.0, 1.0, 1.0]","[166, 167, 817, 857, 858, 859]"
907,"[1.0, 1.0, 1.0, 1.0, 1.0, 1.0]","[166, 167, 817, 857, 858, 859]"
908,"[1.0, 1.0, 1.0, 1.0, 1.0, 1.0]","[166, 167, 817, 857, 858, 859]"
909,"[1.0, 1.0, 1.0, 1.0, 1.0, 1.0]","[147, 157, 158, 159, 247, 248]"
910,"[0.75, 0.75, 0.75, 0.75, 1.0, 0.75]","[189, 192, 538, 856, 910, 911]"
911,"[0.75, 0.75, 0.75, 0.75, 0.75, 1.0]","[161, 169, 181, 187, 219, 911]"
912,"[1.0, 1.0, 1.0, 1.0, 1.0, 1.0]","[147, 157, 158, 159, 247, 248]"
913,"[1.0, 1.0, 1.0, 1.0, 1.0, 1.0]","[166, 167, 817, 857, 858, 859]"
914,"[1.0, 1.0, 1.0, 1.0, 1.0, 1.0]","[166, 167, 817, 857, 858, 859]"
915,"[1.0, 1.0, 1.0, 1.0, 1.0, 1.0]","[145, 146, 154, 303, 338, 381]"
916,"[1.0, 1.0, 1.0, 1.0, 1.0, 1.0]","[916, 918, 922, 923, 925, 927]"
917,"[0.75, 1.0, 1.0, 1.0, 1.0, 1.0]","[97, 917, 921, 924, 926, 928]"
918,"[1.0, 1.0, 1.0, 1.0, 1.0, 1.0]","[916, 918, 922, 923, 925, 927]"
919,"[1.0, 1.0, 1.0, 1.0, 1.0, 1.0]","[700, 701, 702, 703, 708, 712]"
920,"[1.0, 1.0, 1.0, 1.0, 1.0, 1.0]","[700, 701, 702, 703, 708, 712]"
921,"[0.75, 1.0, 1.0, 1.0, 1.0, 1.0]","[97, 917, 921, 924, 926, 928]"
922,"[1.0, 1.0, 1.0, 1.0, 1.0, 1.0]","[916, 918, 922, 923, 925, 927]"
923,"[1.0, 1.0, 1.0, 1.0, 1.0, 1.0]","[916, 918, 922, 923, 925, 927]"
924,"[0.75, 1.0, 1.0, 1.0, 1.0, 1.0]","[97, 917, 921, 924, 926, 928]"
925,"[1.0, 1.0, 1.0, 1.0, 1.0, 1.0]","[916, 918, 922, 923, 925, 927]"
926,"[0.75, 1.0, 1.0, 1.0, 1.0, 1.0]","[97, 917, 921, 924, 926, 928]"
927,"[1.0, 1.0, 1.0, 1.0, 1.0, 1.0]","[916, 918, 922, 923, 925, 927]"
928,"[0.75, 1.0, 1.0, 1.0, 1.0, 1.0]","[97, 917, 921, 924, 926, 928]"
929,"[0.75, 1.0, 1.0, 1.0, 1.0, 1.0]","[13, 929, 1742, 3937, 3938, 4045]"
930,"[1.0, 1.0, 1.0, 1.0, 1.0, 1.0]","[930, 1278, 1661, 3704, 3706, 3708]"
931,"[1.0, 1.0, 1.0, 1.0, 1.0, 1.0]","[33, 153, 155, 171, 194, 195]"
932,"[1.0, 1.0, 1.0, 1.0, 1.0, 1.0]","[932, 934, 1111, 1138, 1260, 3841]"
933,"[1.0, 1.0, 1.0, 1.0, 1.0, 1.0]","[34, 202, 318, 349, 398, 409]"
934,"[1.0, 1.0, 1.0, 1.0, 1.0, 1.0]","[932, 934, 1111, 1138, 1260, 3841]"
935,"[1.0, 1.0, 1.0, 1.0, 1.0, 1.0]","[34, 202, 318, 349, 398, 409]"
936,"[1.0, 1.0, 1.0, 1.0, 1.0, 1.0]","[34, 202, 318, 349, 398, 409]"
937,"[0.75, 0.75, 0.75, 0.75, 0.75, 1.0]","[35, 47, 55, 58, 97, 937]"
938,"[0.75, 0.75, 0.75, 0.75, 1.0, 1.0]","[72, 93, 125, 133, 938, 939]"
939,"[0.75, 0.75, 0.75, 0.75, 1.0, 1.0]","[72, 93, 125, 133, 938, 939]"
940,"[0.75, 0.75, 0.75, 0.75, 0.75, 1.0]","[682, 683, 684, 686, 937, 940]"
941,"[1.0, 1.0, 1.0, 1.0, 1.0, 1.0]","[307, 313, 345, 347, 348, 359]"
942,"[1.0, 1.0, 1.0, 1.0, 1.0, 1.0]","[307, 313, 345, 347, 348, 359]"
943,"[1.0, 1.0, 1.0, 1.0, 1.0, 1.0]","[307, 313, 345, 347, 348, 359]"
944,"[1.0, 1.0, 1.0, 1.0, 1.0, 1.0]","[307, 313, 345, 347, 348, 359]"
945,"[1.0, 1.0, 1.0, 1.0, 1.0, 1.0]","[307, 313, 345, 347, 348, 359]"
946,"[1.0, 1.0, 1.0, 1.0, 1.0, 1.0]","[307, 313, 345, 347, 348, 359]"
947,"[1.0, 1.0, 1.0, 1.0, 1.0, 1.0]","[307, 313, 345, 347, 348, 359]"
948,"[1.0, 1.0, 1.0, 1.0, 1.0, 1.0]","[307, 313, 345, 347, 348, 359]"
949,"[1.0, 1.0, 1.0, 1.0, 1.0, 1.0]","[307, 313, 345, 347, 348, 359]"
950,"[1.0, 1.0, 1.0, 1.0, 1.0, 1.0]","[307, 313, 345, 347, 348, 359]"
951,"[1.0, 1.0, 1.0, 1.0, 1.0, 1.0]","[307, 313, 345, 347, 348, 359]"
952,"[1.0, 1.0, 1.0, 1.0, 1.0, 1.0]","[307, 313, 345, 347, 348, 359]"
953,"[1.0, 1.0, 1.0, 1.0, 1.0, 1.0]","[307, 313, 345, 347, 348, 359]"
954,"[1.0, 1.0, 1.0, 1.0, 1.0, 1.0]","[307, 313, 345, 347, 348, 359]"
955,"[1.0, 1.0, 1.0, 1.0, 1.0, 1.0]","[307, 313, 345, 347, 348, 359]"
956,"[1.0, 1.0, 1.0, 1.0, 1.0, 1.0]","[307, 313, 345, 347, 348, 359]"
957,"[1.0, 1.0, 1.0, 1.0, 1.0, 1.0]","[307, 313, 345, 347, 348, 359]"
958,"[1.0, 1.0, 1.0, 1.0, 1.0, 1.0]","[307, 313, 345, 347, 348, 359]"
959,"[1.0, 1.0, 1.0, 1.0, 1.0, 1.0]","[307, 313, 345, 347, 348, 359]"
960,"[0.75, 0.75, 0.75, 0.75, 1.0, 1.0]","[496, 498, 529, 530, 960, 961]"
961,"[0.75, 0.75, 0.75, 0.75, 1.0, 1.0]","[496, 498, 529, 530, 960, 961]"
962,"[0.75, 0.75, 0.75, 1.0, 1.0, 1.0]","[55, 58, 97, 962, 963, 964]"
963,"[0.75, 0.75, 0.75, 1.0, 1.0, 1.0]","[55, 58, 97, 962, 963, 964]"
964,"[0.75, 0.75, 0.75, 1.0, 1.0, 1.0]","[55, 58, 97, 962, 963, 964]"
965,"[0.75, 0.75, 0.75, 0.75, 1.0, 1.0]","[72, 93, 125, 133, 965, 966]"
966,"[0.75, 0.75, 0.75, 0.75, 1.0, 1.0]","[72, 93, 125, 133, 965, 966]"
967,"[0.75, 0.75, 0.75, 0.75, 0.75, 1.0]","[649, 652, 812, 813, 814, 967]"
968,"[1.0, 1.0, 1.0, 1.0, 1.0, 1.0]","[401, 408, 411, 414, 415, 416]"
969,"[1.0, 1.0, 1.0, 1.0, 1.0, 1.0]","[401, 408, 411, 414, 415, 416]"
970,"[1.0, 1.0, 1.0, 1.0, 1.0, 1.0]","[401, 408, 411, 414, 415, 416]"
971,"[1.0, 1.0, 1.0, 1.0, 1.0, 1.0]","[401, 408, 411, 414, 415, 416]"
972,"[1.0, 1.0, 1.0, 1.0, 1.0, 1.0]","[401, 408, 411, 414, 415, 416]"
973,"[1.0, 1.0, 1.0, 1.0, 1.0, 1.0]","[401, 408, 411, 414, 415, 416]"
974,"[1.0, 1.0, 1.0, 1.0, 1.0, 1.0]","[401, 408, 411, 414, 415, 416]"
975,"[1.0, 1.0, 1.0, 1.0, 1.0, 1.0]","[401, 408, 411, 414, 415, 416]"
976,"[1.0, 1.0, 1.0, 1.0, 1.0, 1.0]","[401, 408, 411, 414, 415, 416]"
977,"[1.0, 1.0, 1.0, 1.0, 1.0, 1.0]","[401, 408, 411, 414, 415, 416]"
978,"[1.0, 1.0, 1.0, 1.0, 1.0, 1.0]","[401, 408, 411, 414, 415, 416]"
979,"[1.0, 1.0, 1.0, 1.0, 1.0, 1.0]","[401, 408, 411, 414, 415, 416]"
980,"[1.0, 1.0, 1.0, 1.0, 1.0, 1.0]","[401, 408, 411, 414, 415, 416]"
981,"[1.0, 1.0, 1.0, 1.0, 1.0, 1.0]","[401, 408, 411, 414, 415, 416]"
982,"[1.0, 1.0, 1.0, 1.0, 1.0, 1.0]","[401, 408, 411, 414, 415, 416]"
983,"[1.0, 1.0, 1.0, 1.0, 1.0, 1.0]","[401, 408, 411, 414, 415, 416]"
984,"[1.0, 1.0, 1.0, 1.0, 1.0, 1.0]","[401, 408, 411, 414, 415, 416]"
985,"[1.0, 1.0, 1.0, 1.0, 1.0, 1.0]","[401, 408, 411, 414, 415, 416]"
986,"[1.0, 1.0, 1.0, 1.0, 1.0, 1.0]","[401, 408, 411, 414, 415, 416]"
987,"[1.0, 1.0, 1.0, 1.0, 1.0, 1.0]","[401, 408, 411, 414, 415, 416]"
988,"[1.0, 1.0, 1.0, 1.0, 1.0, 1.0]","[401, 408, 411, 414, 415, 416]"
989,"[1.0, 1.0, 1.0, 1.0, 1.0, 1.0]","[401, 408, 411, 414, 415, 416]"
990,"[1.0, 1.0, 1.0, 1.0, 1.0, 1.0]","[401, 408, 411, 414, 415, 416]"
991,"[1.0, 1.0, 1.0, 1.0, 1.0, 1.0]","[401, 408, 411, 414, 415, 416]"
992,"[1.0, 1.0, 1.0, 1.0, 1.0, 1.0]","[401, 408, 411, 414, 415, 416]"
993,"[1.0, 1.0, 1.0, 1.0, 1.0, 1.0]","[401, 408, 411, 414, 415, 416]"
994,"[1.0, 1.0, 1.0, 1.0, 1.0, 1.0]","[401, 408, 411, 414, 415, 416]"
995,"[1.0, 1.0, 1.0, 1.0, 1.0, 1.0]","[401, 408, 411, 414, 415, 416]"
996,"[1.0, 1.0, 1.0, 1.0, 1.0, 1.0]","[401, 408, 411, 414, 415, 416]"
997,"[1.0, 1.0, 1.0, 1.0, 1.0, 1.0]","[401, 408, 411, 414, 415, 416]"
998,"[1.0, 1.0, 1.0, 1.0, 1.0, 1.0]","[401, 408, 411, 414, 415, 416]"
999,"[1.0, 1.0, 1.0, 1.0, 1.0, 1.0]","[401, 408, 411, 414, 415, 416]"
1000,"[1.0, 1.0, 1.0, 1.0, 1.0, 1.0]","[401, 408, 411, 414, 415, 416]"
1001,"[1.0, 1.0, 1.0, 1.0, 1.0, 1.0]","[401, 408, 411, 414, 415, 416]"
1002,"[1.0, 1.0, 1.0, 1.0, 1.0, 1.0]","[401, 408, 411, 414, 415, 416]"
1003,"[1.0, 1.0, 1.0, 1.0, 1.0, 1.0]","[401, 408, 411, 414, 415, 416]"
1004,"[1.0, 1.0, 1.0, 1.0, 1.0, 1.0]","[401, 408, 411, 414, 415, 416]"
1005,"[1.0, 1.0, 1.0, 1.0, 1.0, 1.0]","[401, 408, 411, 414, 415, 416]"
1006,"[1.0, 1.0, 1.0, 1.0, 1.0, 1.0]","[401, 408, 411, 414, 415, 416]"
1007,"[1.0, 1.0, 1.0, 1.0, 1.0, 1.0]","[401, 408, 411, 414, 415, 416]"
1008,"[0.75, 0.75, 0.75, 0.75, 1.0, 1.0]","[72, 93, 125, 133, 1008, 1009]"
1009,"[0.75, 0.75, 0.75, 0.75, 1.0, 1.0]","[72, 93, 125, 133, 1008, 1009]"
1010,"[0.75, 0.75, 0.75, 0.75, 0.75, 1.0]","[649, 652, 812, 813, 814, 1010]"
1011,"[1.0, 1.0, 1.0, 1.0, 1.0, 1.0]","[401, 408, 411, 414, 415, 416]"
1012,"[1.0, 1.0, 1.0, 1.0, 1.0, 1.0]","[401, 408, 411, 414, 415, 416]"
1013,"[1.0, 1.0, 1.0, 1.0, 1.0, 1.0]","[401, 408, 411, 414, 415, 416]"
1014,"[1.0, 1.0, 1.0, 1.0, 1.0, 1.0]","[401, 408, 411, 414, 415, 416]"
1015,"[1.0, 1.0, 1.0, 1.0, 1.0, 1.0]","[401, 408, 411, 414, 415, 416]"
1016,"[1.0, 1.0, 1.0, 1.0, 1.0, 1.0]","[401, 408, 411, 414, 415, 416]"
1017,"[1.0, 1.0, 1.0, 1.0, 1.0, 1.0]","[401, 408, 411, 414, 415, 416]"
1018,"[1.0, 1.0, 1.0, 1.0, 1.0, 1.0]","[401, 408, 411, 414, 415, 416]"
1019,"[1.0, 1.0, 1.0, 1.0, 1.0, 1.0]","[401, 408, 411, 414, 415, 416]"
1020,"[1.0, 1.0, 1.0, 1.0, 1.0, 1.0]","[401, 408, 411, 414, 415, 416]"
1021,"[1.0, 1.0, 1.0, 1.0, 1.0, 1.0]","[401, 408, 411, 414, 415, 416]"
1022,"[1.0, 1.0, 1.0, 1.0, 1.0, 1.0]","[401, 408, 411, 414, 415, 416]"
1023,"[1.0, 1.0, 1.0, 1.0, 1.0, 1.0]","[401, 408, 411, 414, 415, 416]"
1024,"[1.0, 1.0, 1.0, 1.0, 1.0, 1.0]","[401, 408, 411, 414, 415, 416]"
1025,"[1.0, 1.0, 1.0, 1.0, 1.0, 1.0]","[401, 408, 411, 414, 415, 416]"
1026,"[1.0, 1.0, 1.0, 1.0, 1.0, 1.0]","[401, 408, 411, 414, 415, 416]"
1027,"[1.0, 1.0, 1.0, 1.0, 1.0, 1.0]","[401, 408, 411, 414, 415, 416]"
1028,"[1.0, 1.0, 1.0, 1.0, 1.0, 1.0]","[401, 408, 411, 414, 415, 416]"
1029,"[1.0, 1.0, 1.0, 1.0, 1.0, 1.0]","[401, 408, 411, 414, 415, 416]"
1030,"[1.0, 1.0, 1.0, 1.0, 1.0, 1.0]","[401, 408, 411, 414, 415, 416]"
1031,"[1.0, 1.0, 1.0, 1.0, 1.0, 1.0]","[401, 408, 411, 414, 415, 416]"
1032,"[1.0, 1.0, 1.0, 1.0, 1.0, 1.0]","[401, 408, 411, 414, 415, 416]"
1033,"[1.0, 1.0, 1.0, 1.0, 1.0, 1.0]","[401, 408, 411, 414, 415, 416]"
1034,"[1.0, 1.0, 1.0, 1.0, 1.0, 1.0]","[401, 408, 411, 414, 415, 416]"
1035,"[1.0, 1.0, 1.0, 1.0, 1.0, 1.0]","[401, 408, 411, 414, 415, 416]"
1036,"[1.0, 1.0, 1.0, 1.0, 1.0, 1.0]","[401, 408, 411, 414, 415, 416]"
1037,"[1.0, 1.0, 1.0, 1.0, 1.0, 1.0]","[401, 408, 411, 414, 415, 416]"
1038,"[1.0, 1.0, 1.0, 1.0, 1.0, 1.0]","[401, 408, 411, 414, 415, 416]"
1039,"[1.0, 1.0, 1.0, 1.0, 1.0, 1.0]","[401, 408, 411, 414, 415, 416]"
1040,"[1.0, 1.0, 1.0, 1.0, 1.0, 1.0]","[401, 408, 411, 414, 415, 416]"
1041,"[1.0, 1.0, 1.0, 1.0, 1.0, 1.0]","[401, 408, 411, 414, 415, 416]"
1042,"[1.0, 1.0, 1.0, 1.0, 1.0, 1.0]","[401, 408, 411, 414, 415, 416]"
1043,"[1.0, 1.0, 1.0, 1.0, 1.0, 1.0]","[401, 408, 411, 414, 415, 416]"
1044,"[1.0, 1.0, 1.0, 1.0, 1.0, 1.0]","[401, 408, 411, 414, 415, 416]"
1045,"[1.0, 1.0, 1.0, 1.0, 1.0, 1.0]","[401, 408, 411, 414, 415, 416]"
1046,"[1.0, 1.0, 1.0, 1.0, 1.0, 1.0]","[401, 408, 411, 414, 415, 416]"
1047,"[1.0, 1.0, 1.0, 1.0, 1.0, 1.0]","[401, 408, 411, 414, 415, 416]"
1048,"[1.0, 1.0, 1.0, 1.0, 1.0, 1.0]","[401, 408, 411, 414, 415, 416]"
1049,"[1.0, 1.0, 1.0, 1.0, 1.0, 1.0]","[401, 408, 411, 414, 415, 416]"
1050,"[1.0, 1.0, 1.0, 1.0, 1.0, 1.0]","[401, 408, 411, 414, 415, 416]"
1051,"[1.0, 1.0, 1.0, 1.0, 1.0, 1.0]","[307, 313, 345, 347, 348, 359]"
1052,"[1.0, 1.0, 1.0, 1.0, 1.0, 1.0]","[307, 313, 345, 347, 348, 359]"
1053,"[1.0, 1.0, 1.0, 1.0, 1.0, 1.0]","[307, 313, 345, 347, 348, 359]"
1054,"[1.0, 1.0, 1.0, 1.0, 1.0, 1.0]","[307, 313, 345, 347, 348, 359]"
1055,"[1.0, 1.0, 1.0, 1.0, 1.0, 1.0]","[307, 313, 345, 347, 348, 359]"
1056,"[1.0, 1.0, 1.0, 1.0, 1.0, 1.0]","[307, 313, 345, 347, 348, 359]"
1057,"[1.0, 1.0, 1.0, 1.0, 1.0, 1.0]","[307, 313, 345, 347, 348, 359]"
1058,"[1.0, 1.0, 1.0, 1.0, 1.0, 1.0]","[307, 313, 345, 347, 348, 359]"
1059,"[1.0, 1.0, 1.0, 1.0, 1.0, 1.0]","[307, 313, 345, 347, 348, 359]"
1060,"[1.0, 1.0, 1.0, 1.0, 1.0, 1.0]","[307, 313, 345, 347, 348, 359]"
1061,"[1.0, 1.0, 1.0, 1.0, 1.0, 1.0]","[307, 313, 345, 347, 348, 359]"
1062,"[1.0, 1.0, 1.0, 1.0, 1.0, 1.0]","[307, 313, 345, 347, 348, 359]"
1063,"[1.0, 1.0, 1.0, 1.0, 1.0, 1.0]","[307, 313, 345, 347, 348, 359]"
1064,"[1.0, 1.0, 1.0, 1.0, 1.0, 1.0]","[307, 313, 345, 347, 348, 359]"
1065,"[1.0, 1.0, 1.0, 1.0, 1.0, 1.0]","[307, 313, 345, 347, 348, 359]"
1066,"[1.0, 1.0, 1.0, 1.0, 1.0, 1.0]","[307, 313, 345, 347, 348, 359]"
1067,"[1.0, 1.0, 1.0, 1.0, 1.0, 1.0]","[307, 313, 345, 347, 348, 359]"
1068,"[1.0, 1.0, 1.0, 1.0, 1.0, 1.0]","[307, 313, 345, 347, 348, 359]"
1069,"[1.0, 1.0, 1.0, 1.0, 1.0, 1.0]","[307, 313, 345, 347, 348, 359]"
1070,"[1.0, 1.0, 1.0, 1.0, 1.0, 1.0]","[307, 313, 345, 347, 348, 359]"
1071,"[1.0, 1.0, 1.0, 1.0, 1.0, 1.0]","[307, 313, 345, 347, 348, 359]"
1072,"[1.0, 1.0, 1.0, 1.0, 1.0, 1.0]","[307, 313, 345, 347, 348, 359]"
1073,"[1.0, 1.0, 1.0, 1.0, 1.0, 1.0]","[307, 313, 345, 347, 348, 359]"
1074,"[1.0, 1.0, 1.0, 1.0, 1.0, 1.0]","[307, 313, 345, 347, 348, 359]"
1075,"[1.0, 1.0, 1.0, 1.0, 1.0, 1.0]","[307, 313, 345, 347, 348, 359]"
1076,"[1.0, 1.0, 1.0, 1.0, 1.0, 1.0]","[307, 313, 345, 347, 348, 359]"
1077,"[1.0, 1.0, 1.0, 1.0, 1.0, 1.0]","[689, 1077, 1078, 1080, 1081, 1146]"
1078,"[1.0, 1.0, 1.0, 1.0, 1.0, 1.0]","[689, 1077, 1078, 1080, 1081, 1146]"
1079,"[1.0, 1.0, 1.0, 1.0, 1.0, 1.0]","[1079, 1082, 1083, 1084, 1085, 1087]"
1080,"[1.0, 1.0, 1.0, 1.0, 1.0, 1.0]","[689, 1077, 1078, 1080, 1081, 1146]"
1081,"[1.0, 1.0, 1.0, 1.0, 1.0, 1.0]","[689, 1077, 1078, 1080, 1081, 1146]"
1082,"[1.0, 1.0, 1.0, 1.0, 1.0, 1.0]","[1079, 1082, 1083, 1084, 1085, 1087]"
1083,"[1.0, 1.0, 1.0, 1.0, 1.0, 1.0]","[1079, 1082, 1083, 1084, 1085, 1087]"
1084,"[1.0, 1.0, 1.0, 1.0, 1.0, 1.0]","[1079, 1082, 1083, 1084, 1085, 1087]"
1085,"[1.0, 1.0, 1.0, 1.0, 1.0, 1.0]","[1079, 1082, 1083, 1084, 1085, 1087]"
1086,"[1.0, 1.0, 1.0, 1.0, 1.0, 1.0]","[307, 313, 345, 347, 348, 359]"
1087,"[1.0, 1.0, 1.0, 1.0, 1.0, 1.0]","[1079, 1082, 1083, 1084, 1085, 1087]"
1088,"[1.0, 1.0, 1.0, 1.0, 1.0, 1.0]","[1079, 1082, 1083, 1084, 1085, 1087]"
1089,"[1.0, 1.0, 1.0, 1.0, 1.0, 1.0]","[1079, 1082, 1083, 1084, 1085, 1087]"
1090,"[1.0, 1.0, 1.0, 1.0, 1.0, 1.0]","[1079, 1082, 1083, 1084, 1085, 1087]"
1091,"[1.0, 1.0, 1.0, 1.0, 1.0, 1.0]","[1079, 1082, 1083, 1084, 1085, 1087]"
1092,"[1.0, 1.0, 1.0, 1.0, 1.0, 1.0]","[1079, 1082, 1083, 1084, 1085, 1087]"
1093,"[1.0, 1.0, 1.0, 1.0, 1.0, 1.0]","[307, 313, 345, 347, 348, 359]"
1094,"[1.0, 1.0, 1.0, 1.0, 1.0, 1.0]","[1079, 1082, 1083, 1084, 1085, 1087]"
1095,"[1.0, 1.0, 1.0, 1.0, 1.0, 1.0]","[1079, 1082, 1083, 1084, 1085, 1087]"
1096,"[0.75, 0.75, 0.75, 0.75, 0.75, 1.0]","[70, 72, 93, 125, 133, 1096]"
1097,"[0.75, 0.75, 0.75, 0.75, 1.0, 1.0]","[47, 55, 58, 97, 1097, 1098]"
1098,"[0.75, 0.75, 0.75, 0.75, 1.0, 1.0]","[47, 55, 58, 97, 1097, 1098]"
1099,"[1.0, 1.0, 1.0, 1.0, 1.0, 1.0]","[33, 153, 155, 171, 194, 195]"
1100,"[1.0, 1.0, 1.0, 1.0, 1.0, 1.0]","[34, 202, 318, 349, 398, 409]"
1101,"[1.0, 1.0, 1.0, 1.0, 1.0, 1.0]","[34, 202, 318, 349, 398, 409]"
1102,"[0.75, 0.75, 0.75, 1.0, 1.0, 1.0]","[6, 8, 13, 1102, 1103, 5617]"
1103,"[0.75, 0.75, 0.75, 1.0, 1.0, 1.0]","[6, 8, 13, 1102, 1103, 5617]"
1104,"[0.75, 0.75, 0.75, 1.0, 1.0, 1.0]","[6, 8, 13, 1104, 1182, 1272]"
1105,"[1.0, 1.0, 1.0, 1.0, 1.0, 1.0]","[33, 153, 155, 171, 194, 195]"
1106,"[1.0, 1.0, 1.0, 1.0, 1.0, 1.0]","[33, 153, 155, 171, 194, 195]"
1107,"[1.0, 1.0, 1.0, 1.0, 1.0, 1.0]","[1107, 1108, 1109, 1127, 1128, 1129]"
1108,"[1.0, 1.0, 1.0, 1.0, 1.0, 1.0]","[1107, 1108, 1109, 1127, 1128, 1129]"
1109,"[1.0, 1.0, 1.0, 1.0, 1.0, 1.0]","[1107, 1108, 1109, 1127, 1128, 1129]"
1110,"[0.75, 0.75, 0.75, 1.0, 1.0, 1.0]","[6, 8, 13, 1110, 1237, 1269]"
1111,"[1.0, 1.0, 1.0, 1.0, 1.0, 1.0]","[932, 934, 1111, 1138, 1260, 3841]"
1112,"[1.0, 1.0, 1.0, 1.0, 1.0, 1.0]","[20, 24, 26, 28, 30, 369]"
1113,"[1.0, 1.0, 1.0, 1.0, 1.0, 1.0]","[20, 24, 26, 28, 30, 369]"
1114,"[1.0, 1.0, 1.0, 1.0, 1.0, 1.0]","[20, 24, 26, 28, 30, 369]"
1115,"[1.0, 1.0, 1.0, 1.0, 1.0, 1.0]","[20, 24, 26, 28, 30, 369]"
1116,"[1.0, 1.0, 1.0, 1.0, 1.0, 1.0]","[20, 24, 26, 28, 30, 369]"
1117,"[0.75, 0.75, 1.0, 1.0, 1.0, 1.0]","[74, 75, 643, 696, 723, 1117]"
1118,"[1.0, 1.0, 1.0, 1.0, 1.0, 1.0]","[34, 202, 318, 349, 398, 409]"
1119,"[1.0, 1.0, 1.0, 1.0, 1.0, 1.0]","[33, 153, 155, 171, 194, 195]"
1120,"[1.0, 1.0, 1.0, 1.0, 1.0, 1.0]","[33, 153, 155, 171, 194, 195]"
1121,"[0.75, 0.75, 0.75, 1.0, 1.0, 1.0]","[93, 125, 133, 1121, 1122, 1123]"
1122,"[0.75, 0.75, 0.75, 1.0, 1.0, 1.0]","[93, 125, 133, 1121, 1122, 1123]"
1123,"[0.75, 0.75, 0.75, 1.0, 1.0, 1.0]","[93, 125, 133, 1121, 1122, 1123]"
1124,"[0.75, 0.75, 0.75, 0.75, 0.75, 1.0]","[70, 72, 93, 125, 133, 1124]"
1125,"[0.75, 0.75, 0.75, 0.75, 0.75, 1.0]","[647, 662, 663, 664, 675, 1125]"
1126,"[1.0, 1.0, 1.0, 1.0, 1.0, 1.0]","[33, 153, 155, 171, 194, 195]"
1127,"[1.0, 1.0, 1.0, 1.0, 1.0, 1.0]","[1107, 1108, 1109, 1127, 1128, 1129]"
1128,"[1.0, 1.0, 1.0, 1.0, 1.0, 1.0]","[1107, 1108, 1109, 1127, 1128, 1129]"
1129,"[1.0, 1.0, 1.0, 1.0, 1.0, 1.0]","[1107, 1108, 1109, 1127, 1128, 1129]"
1130,"[1.0, 1.0, 1.0, 1.0, 1.0, 1.0]","[1107, 1108, 1109, 1127, 1128, 1129]"
1131,"[1.0, 1.0, 1.0, 1.0, 1.0, 1.0]","[307, 313, 345, 347, 348, 359]"
1132,"[0.75, 0.75, 0.75, 0.75, 1.0, 1.0]","[72, 93, 125, 133, 1132, 1133]"
1133,"[0.75, 0.75, 0.75, 0.75, 1.0, 1.0]","[72, 93, 125, 133, 1132, 1133]"
1134,"[0.75, 0.75, 0.75, 1.0, 1.0, 1.0]","[55, 58, 97, 1134, 1135, 1136]"
1135,"[0.75, 0.75, 0.75, 1.0, 1.0, 1.0]","[55, 58, 97, 1134, 1135, 1136]"
1136,"[0.75, 0.75, 0.75, 1.0, 1.0, 1.0]","[55, 58, 97, 1134, 1135, 1136]"
1137,"[1.0, 1.0, 1.0, 1.0, 1.0, 1.0]","[34, 202, 318, 349, 398, 409]"
1138,"[1.0, 1.0, 1.0, 1.0, 1.0, 1.0]","[932, 934, 1111, 1138, 1260, 3841]"
1139,"[1.0, 1.0, 1.0, 1.0, 1.0, 1.0]","[33, 153, 155, 171, 194, 195]"
1140,"[1.0, 1.0, 1.0, 1.0, 1.0, 1.0]","[33, 153, 155, 171, 194, 195]"
1141,"[1.0, 1.0, 1.0, 1.0, 1.0, 1.0]","[1141, 1142, 1143, 1144, 1145, 1240]"
1142,"[1.0, 1.0, 1.0, 1.0, 1.0, 1.0]","[1141, 1142, 1143, 1144, 1145, 1240]"
1143,"[1.0, 1.0, 1.0, 1.0, 1.0, 1.0]","[1141, 1142, 1143, 1144, 1145, 1240]"
1144,"[1.0, 1.0, 1.0, 1.0, 1.0, 1.0]","[1141, 1142, 1143, 1144, 1145, 1240]"
1145,"[1.0, 1.0, 1.0, 1.0, 1.0, 1.0]","[1141, 1142, 1143, 1144, 1145, 1240]"
1146,"[1.0, 1.0, 1.0, 1.0, 1.0, 1.0]","[689, 1077, 1078, 1080, 1081, 1146]"
1147,"[1.0, 1.0, 1.0, 1.0, 1.0, 1.0]","[689, 1077, 1078, 1080, 1081, 1146]"
1148,"[1.0, 1.0, 1.0, 1.0, 1.0, 1.0]","[689, 1077, 1078, 1080, 1081, 1146]"
1149,"[1.0, 1.0, 1.0, 1.0, 1.0, 1.0]","[689, 1077, 1078, 1080, 1081, 1146]"
1150,"[1.0, 1.0, 1.0, 1.0, 1.0, 1.0]","[689, 1077, 1078, 1080, 1081, 1146]"
1151,"[1.0, 1.0, 1.0, 1.0, 1.0, 1.0]","[689, 1077, 1078, 1080, 1081, 1146]"
1152,"[0.75, 0.75, 0.75, 1.0, 1.0, 1.0]","[93, 125, 133, 1152, 1153, 1154]"
1153,"[0.75, 0.75, 0.75, 1.0, 1.0, 1.0]","[93, 125, 133, 1152, 1153, 1154]"
1154,"[0.75, 0.75, 0.75, 1.0, 1.0, 1.0]","[93, 125, 133, 1152, 1153, 1154]"
1155,"[1.0, 1.0, 1.0, 1.0, 1.0, 1.0]","[34, 202, 318, 349, 398, 409]"
1156,"[1.0, 1.0, 1.0, 1.0, 1.0, 1.0]","[1156, 1159, 1164, 1166, 1245, 1248]"
1157,"[1.0, 1.0, 1.0, 1.0, 1.0, 1.0]","[145, 146, 154, 303, 338, 381]"
1158,"[1.0, 1.0, 1.0, 1.0, 1.0, 1.0]","[34, 202, 318, 349, 398, 409]"
1159,"[1.0, 1.0, 1.0, 1.0, 1.0, 1.0]","[1156, 1159, 1164, 1166, 1245, 1248]"
1160,"[1.0, 1.0, 1.0, 1.0, 1.0, 1.0]","[401, 408, 411, 414, 415, 416]"
1161,"[1.0, 1.0, 1.0, 1.0, 1.0, 1.0]","[401, 408, 411, 414, 415, 416]"
1162,"[1.0, 1.0, 1.0, 1.0, 1.0, 1.0]","[689, 1077, 1078, 1080, 1081, 1146]"
1163,"[1.0, 1.0, 1.0, 1.0, 1.0, 1.0]","[34, 202, 318, 349, 398, 409]"
1164,"[1.0, 1.0, 1.0, 1.0, 1.0, 1.0]","[1156, 1159, 1164, 1166, 1245, 1248]"
1165,"[1.0, 1.0, 1.0, 1.0, 1.0, 1.0]","[401, 408, 411, 414, 415, 416]"
1166,"[1.0, 1.0, 1.0, 1.0, 1.0, 1.0]","[1156, 1159, 1164, 1166, 1245, 1248]"
1167,"[1.0, 1.0, 1.0, 1.0, 1.0, 1.0]","[145, 146, 154, 303, 338, 381]"
1168,"[1.0, 1.0, 1.0, 1.0, 1.0, 1.0]","[34, 202, 318, 349, 398, 409]"
1169,"[1.0, 1.0, 1.0, 1.0, 1.0, 1.0]","[35, 55, 323, 742, 1169, 1302]"
1170,"[1.0, 1.0, 1.0, 1.0, 1.0, 1.0]","[33, 153, 155, 171, 194, 195]"
1171,"[1.0, 1.0, 1.0, 1.0, 1.0, 1.0]","[33, 153, 155, 171, 194, 195]"
1172,"[1.0, 1.0, 1.0, 1.0, 1.0, 1.0]","[20, 24, 26, 28, 30, 369]"
1173,"[1.0, 1.0, 1.0, 1.0, 1.0, 1.0]","[20, 24, 26, 28, 30, 369]"
1174,"[1.0, 1.0, 1.0, 1.0, 1.0, 1.0]","[689, 1077, 1078, 1080, 1081, 1146]"
1175,"[1.0, 1.0, 1.0, 1.0, 1.0, 1.0]","[307, 313, 345, 347, 348, 359]"
1176,"[0.75, 0.75, 1.0, 1.0, 1.0, 1.0]","[8, 13, 1176, 1186, 1188, 1191]"
1177,"[1.0, 1.0, 1.0, 1.0, 1.0, 1.0]","[689, 1077, 1078, 1080, 1081, 1146]"
1178,"[0.75, 0.75, 0.75, 1.0, 1.0, 1.0]","[6, 8, 13, 1178, 1179, 1187]"
1179,"[0.75, 0.75, 0.75, 1.0, 1.0, 1.0]","[6, 8, 13, 1178, 1179, 1187]"
1180,"[1.0, 1.0, 1.0, 1.0, 1.0, 1.0]","[689, 1077, 1078, 1080, 1081, 1146]"
1181,"[1.0, 1.0, 1.0, 1.0, 1.0, 1.0]","[346, 715, 716, 834, 839, 1181]"
1182,"[0.75, 0.75, 0.75, 1.0, 1.0, 1.0]","[6, 8, 13, 1104, 1182, 1272]"
1183,"[1.0, 1.0, 1.0, 1.0, 1.0, 1.0]","[1079, 1082, 1083, 1084, 1085, 1087]"
1184,"[1.0, 1.0, 1.0, 1.0, 1.0, 1.0]","[33, 153, 155, 171, 194, 195]"
1185,"[0.75, 0.75, 0.75, 1.0, 1.0, 1.0]","[6, 8, 13, 1185, 1270, 1271]"
1186,"[0.75, 0.75, 1.0, 1.0, 1.0, 1.0]","[8, 13, 1176, 1186, 1188, 1191]"
1187,"[0.75, 0.75, 0.75, 1.0, 1.0, 1.0]","[6, 8, 13, 1178, 1179, 1187]"
1188,"[0.75, 0.75, 1.0, 1.0, 1.0, 1.0]","[8, 13, 1176, 1186, 1188, 1191]"
1189,"[1.0, 1.0, 1.0, 1.0, 1.0, 1.0]","[33, 153, 155, 171, 194, 195]"
1190,"[1.0, 1.0, 1.0, 1.0, 1.0, 1.0]","[346, 715, 716, 834, 839, 1181]"
1191,"[0.75, 0.75, 1.0, 1.0, 1.0, 1.0]","[8, 13, 1176, 1186, 1188, 1191]"
1192,"[1.0, 1.0, 1.0, 1.0, 1.0, 1.0]","[33, 153, 155, 171, 194, 195]"
1193,"[0.75, 0.75, 0.75, 0.75, 1.0, 1.0]","[35, 55, 74, 75, 1193, 1634]"
1194,"[0.75, 0.75, 0.75, 0.75, 1.0, 1.0]","[496, 498, 529, 530, 1194, 1195]"
1195,"[0.75, 0.75, 0.75, 0.75, 1.0, 1.0]","[496, 498, 529, 530, 1194, 1195]"
1196,"[0.75, 0.75, 0.75, 0.75, 1.0, 1.0]","[72, 93, 125, 133, 1196, 1197]"
1197,"[0.75, 0.75, 0.75, 0.75, 1.0, 1.0]","[72, 93, 125, 133, 1196, 1197]"
1198,"[0.75, 0.75, 0.75, 0.75, 0.75, 1.0]","[35, 47, 55, 58, 97, 1198]"
1199,"[0.75, 1.0, 1.0, 1.0, 1.0, 1.0]","[13, 1199, 1220, 1236, 1257, 1258]"
1200,"[1.0, 1.0, 1.0, 1.0, 1.0, 1.0]","[34, 202, 318, 349, 398, 409]"
1201,"[1.0, 1.0, 1.0, 1.0, 1.0, 1.0]","[1201, 1202, 1208, 1209, 1210, 1214]"
1202,"[1.0, 1.0, 1.0, 1.0, 1.0, 1.0]","[1201, 1202, 1208, 1209, 1210, 1214]"
1203,"[0.75, 0.75, 0.75, 0.75, 1.0, 1.0]","[51, 61, 145, 146, 1203, 1204]"
1204,"[0.75, 0.75, 0.75, 0.75, 1.0, 1.0]","[51, 61, 145, 146, 1203, 1204]"
1205,"[1.0, 1.0, 1.0, 1.0, 1.0, 1.0]","[401, 408, 411, 414, 415, 416]"
1206,"[1.0, 1.0, 1.0, 1.0, 1.0, 1.0]","[689, 1077, 1078, 1080, 1081, 1146]"
1207,"[1.0, 1.0, 1.0, 1.0, 1.0, 1.0]","[33, 153, 155, 171, 194, 195]"
1208,"[1.0, 1.0, 1.0, 1.0, 1.0, 1.0]","[1201, 1202, 1208, 1209, 1210, 1214]"
1209,"[1.0, 1.0, 1.0, 1.0, 1.0, 1.0]","[1201, 1202, 1208, 1209, 1210, 1214]"
1210,"[1.0, 1.0, 1.0, 1.0, 1.0, 1.0]","[1201, 1202, 1208, 1209, 1210, 1214]"
1211,"[0.75, 1.0, 1.0, 1.0, 1.0, 1.0]","[530, 1211, 1215, 1222, 1223, 1224]"
1212,"[1.0, 1.0, 1.0, 1.0, 1.0, 1.0]","[689, 1077, 1078, 1080, 1081, 1146]"
1213,"[1.0, 1.0, 1.0, 1.0, 1.0, 1.0]","[689, 1077, 1078, 1080, 1081, 1146]"
1214,"[1.0, 1.0, 1.0, 1.0, 1.0, 1.0]","[1201, 1202, 1208, 1209, 1210, 1214]"
1215,"[0.75, 1.0, 1.0, 1.0, 1.0, 1.0]","[530, 1211, 1215, 1222, 1223, 1224]"
1216,"[1.0, 1.0, 1.0, 1.0, 1.0, 1.0]","[1201, 1202, 1208, 1209, 1210, 1214]"
1217,"[1.0, 1.0, 1.0, 1.0, 1.0, 1.0]","[1201, 1202, 1208, 1209, 1210, 1214]"
1218,"[1.0, 1.0, 1.0, 1.0, 1.0, 1.0]","[1201, 1202, 1208, 1209, 1210, 1214]"
1219,"[1.0, 1.0, 1.0, 1.0, 1.0, 1.0]","[145, 146, 154, 303, 338, 381]"
1220,"[0.75, 1.0, 1.0, 1.0, 1.0, 1.0]","[13, 1199, 1220, 1236, 1257, 1258]"
1221,"[1.0, 1.0, 1.0, 1.0, 1.0, 1.0]","[20, 24, 26, 28, 30, 369]"
1222,"[0.75, 1.0, 1.0, 1.0, 1.0, 1.0]","[530, 1211, 1215, 1222, 1223, 1224]"
1223,"[0.75, 1.0, 1.0, 1.0, 1.0, 1.0]","[530, 1211, 1215, 1222, 1223, 1224]"
1224,"[0.75, 1.0, 1.0, 1.0, 1.0, 1.0]","[530, 1211, 1215, 1222, 1223, 1224]"
1225,"[0.75, 0.75, 0.75, 0.75, 1.0, 1.0]","[72, 93, 125, 133, 1225, 1227]"
1226,"[1.0, 1.0, 1.0, 1.0, 1.0, 1.0]","[401, 408, 411, 414, 415, 416]"
1227,"[0.75, 0.75, 0.75, 0.75, 1.0, 1.0]","[72, 93, 125, 133, 1225, 1227]"
1228,"[0.75, 0.75, 0.75, 0.75, 0.75, 1.0]","[495, 496, 498, 529, 530, 1228]"
1229,"[1.0, 1.0, 1.0, 1.0, 1.0, 1.0]","[1229, 1233, 3675, 5382, 5385, 5388]"
1230,"[0.75, 0.75, 0.75, 0.75, 1.0, 1.0]","[72, 93, 125, 133, 1230, 1231]"
1231,"[0.75, 0.75, 0.75, 0.75, 1.0, 1.0]","[72, 93, 125, 133, 1230, 1231]"
1232,"[1.0, 1.0, 1.0, 1.0, 1.0, 1.0]","[401, 408, 411, 414, 415, 416]"
1233,"[1.0, 1.0, 1.0, 1.0, 1.0, 1.0]","[1229, 1233, 3675, 5382, 5385, 5388]"
1234,"[0.75, 0.75, 0.75, 0.75, 1.0, 1.0]","[496, 498, 529, 530, 1234, 1235]"
1235,"[0.75, 0.75, 0.75, 0.75, 1.0, 1.0]","[496, 498, 529, 530, 1234, 1235]"
1236,"[0.75, 1.0, 1.0, 1.0, 1.0, 1.0]","[13, 1199, 1220, 1236, 1257, 1258]"
1237,"[0.75, 0.75, 0.75, 1.0, 1.0, 1.0]","[6, 8, 13, 1110, 1237, 1269]"
1238,"[1.0, 1.0, 1.0, 1.0, 1.0, 1.0]","[307, 313, 345, 347, 348, 359]"
1239,"[1.0, 1.0, 1.0, 1.0, 1.0, 1.0]","[689, 1077, 1078, 1080, 1081, 1146]"
1240,"[1.0, 1.0, 1.0, 1.0, 1.0, 1.0]","[1141, 1142, 1143, 1144, 1145, 1240]"
1241,"[1.0, 1.0, 1.0, 1.0, 1.0, 1.0]","[1141, 1142, 1143, 1144, 1145, 1240]"
1242,"[1.0, 1.0, 1.0, 1.0, 1.0, 1.0]","[1141, 1142, 1143, 1144, 1145, 1240]"
1243,"[1.0, 1.0, 1.0, 1.0, 1.0, 1.0]","[689, 1077, 1078, 1080, 1081, 1146]"
1244,"[1.0, 1.0, 1.0, 1.0, 1.0, 1.0]","[34, 202, 318, 349, 398, 409]"
1245,"[1.0, 1.0, 1.0, 1.0, 1.0, 1.0]","[1156, 1159, 1164, 1166, 1245, 1248]"
1246,"[1.0, 1.0, 1.0, 1.0, 1.0, 1.0]","[689, 1077, 1078, 1080, 1081, 1146]"
1247,"[1.0, 1.0, 1.0, 1.0, 1.0, 1.0]","[34, 202, 318, 349, 398, 409]"
1248,"[1.0, 1.0, 1.0, 1.0, 1.0, 1.0]","[1156, 1159, 1164, 1166, 1245, 1248]"
1249,"[1.0, 1.0, 1.0, 1.0, 1.0, 1.0]","[401, 408, 411, 414, 415, 416]"
1250,"[1.0, 1.0, 1.0, 1.0, 1.0, 1.0]","[1156, 1159, 1164, 1166, 1245, 1248]"
1251,"[0.75, 0.75, 0.75, 0.75, 0.75, 1.0]","[34, 35, 55, 74, 75, 1251]"
1252,"[0.75, 0.75, 0.75, 0.75, 0.75, 1.0]","[70, 72, 93, 125, 133, 1252]"
1253,"[0.75, 1.0, 0.75, 0.75, 0.75, 0.75]","[352, 1253, 1849, 1851, 2024, 3733]"
1254,"[1.0, 1.0, 1.0, 1.0, 1.0, 1.0]","[33, 153, 155, 171, 194, 195]"
1255,"[1.0, 1.0, 1.0, 1.0, 1.0, 1.0]","[33, 153, 155, 171, 194, 195]"
1256,"[1.0, 1.0, 1.0, 1.0, 1.0, 1.0]","[499, 500, 501, 1256, 5006, 5009]"
1257,"[0.75, 1.0, 1.0, 1.0, 1.0, 1.0]","[13, 1199, 1220, 1236, 1257, 1258]"
1258,"[0.75, 1.0, 1.0, 1.0, 1.0, 1.0]","[13, 1199, 1220, 1236, 1257, 1258]"
1259,"[1.0, 1.0, 1.0, 1.0, 1.0, 1.0]","[34, 202, 318, 349, 398, 409]"
1260,"[1.0, 1.0, 1.0, 1.0, 1.0, 1.0]","[932, 934, 1111, 1138, 1260, 3841]"
1261,"[1.0, 1.0, 1.0, 1.0, 1.0, 1.0]","[1261, 1263, 1265, 1266, 1267, 1268]"
1262,"[1.0, 1.0, 1.0, 1.0, 1.0, 1.0]","[636, 860, 861, 862, 863, 864]"
1263,"[1.0, 1.0, 1.0, 1.0, 1.0, 1.0]","[1261, 1263, 1265, 1266, 1267, 1268]"
1264,"[1.0, 1.0, 1.0, 1.0, 1.0, 1.0]","[636, 860, 861, 862, 863, 864]"
1265,"[1.0, 1.0, 1.0, 1.0, 1.0, 1.0]","[1261, 1263, 1265, 1266, 1267, 1268]"
1266,"[1.0, 1.0, 1.0, 1.0, 1.0, 1.0]","[1261, 1263, 1265, 1266, 1267, 1268]"
1267,"[1.0, 1.0, 1.0, 1.0, 1.0, 1.0]","[1261, 1263, 1265, 1266, 1267, 1268]"
1268,"[1.0, 1.0, 1.0, 1.0, 1.0, 1.0]","[1261, 1263, 1265, 1266, 1267, 1268]"
1269,"[0.75, 0.75, 0.75, 1.0, 1.0, 1.0]","[6, 8, 13, 1110, 1237, 1269]"
1270,"[0.75, 0.75, 0.75, 1.0, 1.0, 1.0]","[6, 8, 13, 1185, 1270, 1271]"
1271,"[0.75, 0.75, 0.75, 1.0, 1.0, 1.0]","[6, 8, 13, 1185, 1270, 1271]"
1272,"[0.75, 0.75, 0.75, 1.0, 1.0, 1.0]","[6, 8, 13, 1104, 1182, 1272]"
1273,"[1.0, 1.0, 1.0, 1.0, 1.0, 1.0]","[1273, 1460, 1461, 1462, 1493, 1564]"
1274,"[1.0, 1.0, 1.0, 1.0, 1.0, 1.0]","[31, 1274, 1277, 1279, 1353, 1361]"
1275,"[1.0, 1.0, 1.0, 1.0, 1.0, 1.0]","[314, 1275, 1879, 1881, 3711, 3759]"
1276,"[1.0, 1.0, 1.0, 1.0, 1.0, 1.0]","[1276, 1880, 1882, 3847, 4050, 4051]"
1277,"[1.0, 1.0, 1.0, 1.0, 1.0, 1.0]","[31, 1274, 1277, 1279, 1353, 1361]"
1278,"[1.0, 1.0, 1.0, 1.0, 1.0, 1.0]","[930, 1278, 1661, 3704, 3706, 3708]"
1279,"[1.0, 1.0, 1.0, 1.0, 1.0, 1.0]","[31, 1274, 1277, 1279, 1353, 1361]"
1280,"[1.0, 1.0, 1.0, 1.0, 1.0, 1.0]","[1280, 1501, 1507, 1511, 1636, 1699]"
1281,"[0.75, 0.75, 0.75, 1.0, 1.0, 1.0]","[6, 8, 13, 1281, 1283, 1284]"
1282,"[1.0, 0.75, 0.75, 0.75, 1.0, 1.0]","[1282, 1879, 1881, 2323, 6807, 6884]"
1283,"[0.75, 0.75, 0.75, 1.0, 1.0, 1.0]","[6, 8, 13, 1281, 1283, 1284]"
1284,"[0.75, 0.75, 0.75, 1.0, 1.0, 1.0]","[6, 8, 13, 1281, 1283, 1284]"
1285,"[1.0, 1.0, 1.0, 1.0, 1.0, 1.0]","[34, 202, 318, 349, 398, 409]"
1286,"[0.75, 0.75, 0.75, 0.75, 0.75, 1.0]","[85, 87, 89, 644, 645, 1286]"
1287,"[0.75, 0.75, 0.75, 0.75, 0.75, 1.0]","[649, 652, 812, 813, 814, 1287]"
1288,"[1.0, 1.0, 1.0, 1.0, 1.0, 1.0]","[561, 849, 1288, 1289, 1290, 1291]"
1289,"[1.0, 1.0, 1.0, 1.0, 1.0, 1.0]","[561, 849, 1288, 1289, 1290, 1291]"
1290,"[1.0, 1.0, 1.0, 1.0, 1.0, 1.0]","[561, 849, 1288, 1289, 1290, 1291]"
1291,"[1.0, 1.0, 1.0, 1.0, 1.0, 1.0]","[561, 849, 1288, 1289, 1290, 1291]"
1292,"[1.0, 1.0, 1.0, 1.0, 1.0, 1.0]","[561, 849, 1288, 1289, 1290, 1291]"
1293,"[0.75, 0.75, 0.75, 1.0, 1.0, 1.0]","[812, 813, 814, 1293, 1294, 1295]"
1294,"[0.75, 0.75, 0.75, 1.0, 1.0, 1.0]","[812, 813, 814, 1293, 1294, 1295]"
1295,"[0.75, 0.75, 0.75, 1.0, 1.0, 1.0]","[812, 813, 814, 1293, 1294, 1295]"
1296,"[0.75, 0.75, 0.75, 0.75, 1.0, 1.0]","[652, 812, 813, 814, 1296, 1297]"
1297,"[0.75, 0.75, 0.75, 0.75, 1.0, 1.0]","[652, 812, 813, 814, 1296, 1297]"
1298,"[0.75, 0.75, 0.75, 0.75, 0.75, 1.0]","[70, 72, 93, 125, 133, 1298]"
1299,"[0.75, 0.75, 0.75, 1.0, 1.0, 1.0]","[812, 813, 814, 1299, 1300, 1301]"
1300,"[0.75, 0.75, 0.75, 1.0, 1.0, 1.0]","[812, 813, 814, 1299, 1300, 1301]"
1301,"[0.75, 0.75, 0.75, 1.0, 1.0, 1.0]","[812, 813, 814, 1299, 1300, 1301]"
1302,"[1.0, 1.0, 1.0, 1.0, 1.0, 1.0]","[35, 55, 323, 742, 1169, 1302]"
1303,"[0.7071067811865475, 0.7071067811865475, 0.7071067811865475, 0.7071067811865475, 0.9999999999999998, 0.9999999999999998]","[5, 6, 8, 13, 1303, 1304]"
1304,"[0.7071067811865475, 0.7071067811865475, 0.7071067811865475, 0.7071067811865475, 0.9999999999999998, 0.9999999999999998]","[5, 6, 8, 13, 1303, 1304]"
1305,"[1.0, 1.0, 1.0, 1.0, 1.0, 1.0]","[704, 720, 1305, 1423, 1457, 4667]"
1306,"[0.75, 0.75, 0.75, 0.75, 1.0, 1.0]","[35, 55, 74, 75, 1306, 1775]"
1307,"[0.75, 1.0, 1.0, 0.75, 0.75, 0.75]","[1306, 1307, 1308, 1309, 1310, 1311]"
1308,"[0.75, 1.0, 1.0, 0.75, 0.75, 0.75]","[1306, 1307, 1308, 1309, 1310, 1311]"
1309,"[0.75, 1.0, 1.0, 1.0, 1.0, 1.0]","[97, 1309, 1313, 1314, 1315, 1322]"
1310,"[1.0, 1.0, 1.0, 1.0, 1.0, 1.0]","[1310, 1311, 1316, 1317, 1318, 1323]"
1311,"[1.0, 1.0, 1.0, 1.0, 1.0, 1.0]","[1310, 1311, 1316, 1317, 1318, 1323]"
1312,"[0.75, 0.75, 0.75, 0.75, 0.75, 1.0]","[4, 5, 6, 8, 13, 1312]"
1313,"[0.75, 1.0, 1.0, 1.0, 1.0, 1.0]","[97, 1309, 1313, 1314, 1315, 1322]"
1314,"[0.75, 1.0, 1.0, 1.0, 1.0, 1.0]","[97, 1309, 1313, 1314, 1315, 1322]"
1315,"[0.75, 1.0, 1.0, 1.0, 1.0, 1.0]","[97, 1309, 1313, 1314, 1315, 1322]"
1316,"[1.0, 1.0, 1.0, 1.0, 1.0, 1.0]","[1310, 1311, 1316, 1317, 1318, 1323]"
1317,"[1.0, 1.0, 1.0, 1.0, 1.0, 1.0]","[1310, 1311, 1316, 1317, 1318, 1323]"
1318,"[1.0, 1.0, 1.0, 1.0, 1.0, 1.0]","[1310, 1311, 1316, 1317, 1318, 1323]"
1319,"[1.0, 1.0, 1.0, 1.0, 1.0, 1.0]","[147, 157, 158, 159, 247, 248]"
1320,"[1.0, 1.0, 1.0, 1.0, 1.0, 1.0]","[147, 157, 158, 159, 247, 248]"
1321,"[1.0, 1.0, 1.0, 1.0, 1.0, 1.0]","[20, 24, 26, 28, 30, 369]"
1322,"[0.75, 1.0, 1.0, 1.0, 1.0, 1.0]","[97, 1309, 1313, 1314, 1315, 1322]"
1323,"[1.0, 1.0, 1.0, 1.0, 1.0, 1.0]","[1310, 1311, 1316, 1317, 1318, 1323]"
1324,"[1.0, 1.0, 1.0, 1.0, 1.0, 1.0]","[1310, 1311, 1316, 1317, 1318, 1323]"
1325,"[1.0, 1.0, 1.0, 1.0, 1.0, 1.0]","[1310, 1311, 1316, 1317, 1318, 1323]"
1326,"[1.0, 1.0, 1.0, 1.0, 1.0, 1.0]","[147, 157, 158, 159, 247, 248]"
1327,"[1.0, 1.0, 1.0, 1.0, 1.0, 1.0]","[147, 157, 158, 159, 247, 248]"
1328,"[1.0, 1.0, 1.0, 1.0, 1.0, 1.0]","[20, 24, 26, 28, 30, 369]"
1329,"[0.75, 0.75, 0.75, 1.0, 1.0, 0.75]","[1306, 1307, 1308, 1329, 1330, 1331]"
1330,"[0.75, 0.75, 0.75, 1.0, 1.0, 0.75]","[1306, 1307, 1308, 1329, 1330, 1331]"
1331,"[0.75, 0.75, 0.75, 0.75, 1.0, 1.0]","[1307, 1308, 1329, 1330, 1331, 1332]"
1332,"[0.75, 0.75, 0.75, 0.75, 1.0, 1.0]","[1307, 1308, 1329, 1330, 1331, 1332]"
1333,"[0.75, 0.75, 0.75, 0.75, 1.0, 1.0]","[35, 55, 74, 75, 1333, 1344]"
1334,"[0.75, 0.75, 0.75, 0.75, 0.75, 1.0]","[70, 72, 93, 125, 133, 1334]"
1335,"[0.75, 0.75, 1.0, 1.0, 1.0, 1.0]","[145, 146, 1335, 1343, 2152, 5927]"
1336,"[0.75, 0.75, 0.75, 0.75, 0.75, 1.0]","[341, 342, 343, 344, 361, 1336]"
1337,"[1.0, 1.0, 1.0, 1.0, 1.0, 1.0]","[20, 24, 26, 28, 30, 369]"
1338,"[1.0, 1.0, 1.0, 1.0, 1.0, 1.0]","[20, 24, 26, 28, 30, 369]"
1339,"[1.0, 1.0, 1.0, 1.0, 1.0, 1.0]","[20, 24, 26, 28, 30, 369]"
1340,"[1.0, 1.0, 1.0, 1.0, 1.0, 1.0]","[20, 24, 26, 28, 30, 369]"
1341,"[1.0, 1.0, 1.0, 1.0, 1.0, 1.0]","[33, 153, 155, 171, 194, 195]"
1342,"[1.0, 1.0, 1.0, 1.0, 1.0, 1.0]","[20, 24, 26, 28, 30, 369]"
1343,"[0.75, 0.75, 1.0, 1.0, 1.0, 1.0]","[145, 146, 1335, 1343, 2152, 5927]"
1344,"[0.75, 0.75, 0.75, 0.75, 1.0, 1.0]","[35, 55, 74, 75, 1333, 1344]"
1345,"[0.75, 0.75, 0.75, 0.75, 0.75, 1.0]","[70, 72, 93, 125, 133, 1345]"
1346,"[0.75, 0.75, 0.75, 0.75, 0.75, 1.0]","[495, 496, 498, 529, 530, 1346]"
1347,"[1.0, 1.0, 1.0, 1.0, 1.0, 1.0]","[1347, 1354, 1678, 3948, 3950, 3951]"
1348,"[0.75, 1.0, 1.0, 1.0, 1.0, 1.0]","[145, 1348, 1355, 1679, 3946, 5232]"
1349,"[1.0, 1.0, 1.0, 1.0, 1.0, 1.0]","[144, 163, 165, 168, 173, 180]"
1350,"[1.0, 1.0, 1.0, 1.0, 1.0, 1.0]","[1350, 1357, 1362, 1770, 3850, 4052]"
1351,"[1.0, 1.0, 1.0, 1.0, 1.0, 1.0]","[1351, 1352, 1358, 1360, 1364, 1365]"
1352,"[1.0, 1.0, 1.0, 1.0, 1.0, 1.0]","[1351, 1352, 1358, 1360, 1364, 1365]"
1353,"[1.0, 1.0, 1.0, 1.0, 1.0, 1.0]","[31, 1274, 1277, 1279, 1353, 1361]"
1354,"[1.0, 1.0, 1.0, 1.0, 1.0, 1.0]","[1347, 1354, 1678, 3948, 3950, 3951]"
1355,"[0.75, 1.0, 1.0, 1.0, 1.0, 1.0]","[145, 1348, 1355, 1679, 3946, 5232]"
1356,"[1.0, 1.0, 1.0, 1.0, 1.0, 1.0]","[144, 163, 165, 168, 173, 180]"
1357,"[1.0, 1.0, 1.0, 1.0, 1.0, 1.0]","[1350, 1357, 1362, 1770, 3850, 4052]"
1358,"[1.0, 1.0, 1.0, 1.0, 1.0, 1.0]","[1351, 1352, 1358, 1360, 1364, 1365]"
1359,"[0.75, 0.75, 1.0, 1.0, 1.0, 1.0]","[8, 13, 1359, 1688, 5278, 5281]"
1360,"[1.0, 1.0, 1.0, 1.0, 1.0, 1.0]","[1351, 1352, 1358, 1360, 1364, 1365]"
1361,"[1.0, 1.0, 1.0, 1.0, 1.0, 1.0]","[31, 1274, 1277, 1279, 1353, 1361]"
1362,"[1.0, 1.0, 1.0, 1.0, 1.0, 1.0]","[1350, 1357, 1362, 1770, 3850, 4052]"
1363,"[1.0, 1.0, 1.0, 1.0, 1.0, 1.0]","[33, 153, 155, 171, 194, 195]"
1364,"[1.0, 1.0, 1.0, 1.0, 1.0, 1.0]","[1351, 1352, 1358, 1360, 1364, 1365]"
1365,"[1.0, 1.0, 1.0, 1.0, 1.0, 1.0]","[1351, 1352, 1358, 1360, 1364, 1365]"
1366,"[1.0, 1.0, 1.0, 1.0, 1.0, 1.0]","[31, 1274, 1277, 1279, 1353, 1361]"
1367,"[1.0, 1.0, 1.0, 1.0, 1.0, 1.0]","[1, 61, 1367, 1453, 1672, 1674]"
1368,"[1.0, 1.0, 1.0, 1.0, 1.0, 1.0]","[31, 1274, 1277, 1279, 1353, 1361]"
1369,"[1.0, 0.75, 0.75, 0.75, 0.75, 0.75]","[1369, 1372, 1434, 1439, 1443, 1445]"
1370,"[0.8333333333333335, 0.8333333333333335, 0.8333333333333335, 1.0000000000000002, 1.0000000000000002, 0.8333333333333335]","[57, 577, 588, 1370, 1371, 1637]"
1371,"[0.8333333333333335, 0.8333333333333335, 0.8333333333333335, 1.0000000000000002, 1.0000000000000002, 0.8333333333333335]","[57, 577, 588, 1370, 1371, 1637]"
1372,"[0.75, 0.75, 0.75, 0.8164965809277261, 0.8164965809277261, 1.0]","[55, 58, 97, 1370, 1371, 1372]"
1373,"[0.75, 0.75, 0.75, 0.75, 0.75, 1.0]","[34, 35, 55, 74, 75, 1373]"
1374,"[1.0, 1.0, 1.0, 1.0, 1.0, 1.0]","[34, 202, 318, 349, 398, 409]"
1375,"[0.5, 0.5, 1.0, 1.0, 1.0, 1.0]","[4, 5, 1375, 1378, 1384, 1403]"
1376,"[0.75, 0.75, 0.75, 0.75, 1.0, 1.0]","[72, 93, 125, 133, 1376, 1377]"
1377,"[0.75, 0.75, 0.75, 0.75, 1.0, 1.0]","[72, 93, 125, 133, 1376, 1377]"
1378,"[0.5, 0.5, 1.0, 1.0, 1.0, 1.0]","[4, 5, 1375, 1378, 1384, 1403]"
1379,"[1.0, 1.0, 1.0, 1.0, 1.0, 1.0]","[1379, 1380, 1381, 1405, 1406, 1407]"
1380,"[1.0, 1.0, 1.0, 1.0, 1.0, 1.0]","[1379, 1380, 1381, 1405, 1406, 1407]"
1381,"[1.0, 1.0, 1.0, 1.0, 1.0, 1.0]","[1379, 1380, 1381, 1405, 1406, 1407]"
1382,"[0.75, 0.75, 0.75, 0.75, 1.0, 1.0]","[72, 93, 125, 133, 1382, 1383]"
1383,"[0.75, 0.75, 0.75, 0.75, 1.0, 1.0]","[72, 93, 125, 133, 1382, 1383]"
1384,"[0.5, 0.5, 1.0, 1.0, 1.0, 1.0]","[4, 5, 1375, 1378, 1384, 1403]"
1385,"[0.75, 0.75, 0.75, 0.75, 0.75, 1.0]","[33, 51, 61, 145, 146, 1385]"
1386,"[1.0, 1.0, 1.0, 1.0, 1.0, 1.0]","[147, 157, 158, 159, 247, 248]"
1387,"[1.0, 1.0, 1.0, 1.0, 1.0, 1.0]","[147, 157, 158, 159, 247, 248]"
1388,"[1.0, 1.0, 1.0, 1.0, 1.0, 1.0]","[147, 157, 158, 159, 247, 248]"
1389,"[1.0, 1.0, 1.0, 1.0, 1.0, 1.0]","[147, 157, 158, 159, 247, 248]"
1390,"[1.0, 1.0, 1.0, 1.0, 1.0, 1.0]","[147, 157, 158, 159, 247, 248]"
1391,"[1.0, 1.0, 1.0, 1.0, 1.0, 1.0]","[147, 157, 158, 159, 247, 248]"
1392,"[1.0, 1.0, 1.0, 1.0, 1.0, 1.0]","[147, 157, 158, 159, 247, 248]"
1393,"[1.0, 1.0, 1.0, 1.0, 1.0, 1.0]","[147, 157, 158, 159, 247, 248]"
1394,"[1.0, 1.0, 1.0, 1.0, 1.0, 1.0]","[147, 157, 158, 159, 247, 248]"
1395,"[1.0, 1.0, 1.0, 1.0, 1.0, 1.0]","[147, 157, 158, 159, 247, 248]"
1396,"[1.0, 1.0, 1.0, 1.0, 1.0, 1.0]","[147, 157, 158, 159, 247, 248]"
1397,"[1.0, 1.0, 1.0, 1.0, 1.0, 1.0]","[147, 157, 158, 159, 247, 248]"
1398,"[1.0, 1.0, 1.0, 1.0, 1.0, 1.0]","[33, 153, 155, 171, 194, 195]"
1399,"[1.0, 1.0, 1.0, 1.0, 1.0, 1.0]","[33, 153, 155, 171, 194, 195]"
1400,"[0.75, 0.75, 1.0, 1.0, 1.0, 1.0]","[125, 133, 1400, 1401, 1402, 1404]"
1401,"[0.75, 0.75, 1.0, 1.0, 1.0, 1.0]","[125, 133, 1400, 1401, 1402, 1404]"
1402,"[0.75, 0.75, 1.0, 1.0, 1.0, 1.0]","[125, 133, 1400, 1401, 1402, 1404]"
1403,"[0.5, 0.5, 1.0, 1.0, 1.0, 1.0]","[4, 5, 1375, 1378, 1384, 1403]"
1404,"[0.75, 0.75, 1.0, 1.0, 1.0, 1.0]","[125, 133, 1400, 1401, 1402, 1404]"
1405,"[1.0, 1.0, 1.0, 1.0, 1.0, 1.0]","[1379, 1380, 1381, 1405, 1406, 1407]"
1406,"[1.0, 1.0, 1.0, 1.0, 1.0, 1.0]","[1379, 1380, 1381, 1405, 1406, 1407]"
1407,"[1.0, 1.0, 1.0, 1.0, 1.0, 1.0]","[1379, 1380, 1381, 1405, 1406, 1407]"
1408,"[1.0, 1.0, 1.0, 1.0, 1.0, 1.0]","[1379, 1380, 1381, 1405, 1406, 1407]"
1409,"[1.0, 1.0, 1.0, 1.0, 1.0, 1.0]","[34, 202, 318, 349, 398, 409]"
1410,"[1.0, 1.0, 1.0, 1.0, 1.0, 1.0]","[147, 157, 158, 159, 247, 248]"
1411,"[1.0, 1.0, 1.0, 1.0, 1.0, 1.0]","[147, 157, 158, 159, 247, 248]"
1412,"[1.0, 1.0, 1.0, 1.0, 1.0, 1.0]","[34, 202, 318, 349, 398, 409]"
1413,"[1.0, 1.0, 1.0, 1.0, 1.0, 1.0]","[147, 157, 158, 159, 247, 248]"
1414,"[1.0, 1.0, 1.0, 1.0, 1.0, 1.0]","[147, 157, 158, 159, 247, 248]"
1415,"[1.0, 1.0, 1.0, 1.0, 1.0, 1.0]","[147, 157, 158, 159, 247, 248]"
1416,"[1.0, 1.0, 1.0, 1.0, 1.0, 1.0]","[147, 157, 158, 159, 247, 248]"
1417,"[1.0, 1.0, 1.0, 1.0, 1.0, 1.0]","[147, 157, 158, 159, 247, 248]"
1418,"[0.75, 0.75, 1.0, 1.0, 1.0, 1.0]","[143, 145, 1418, 1419, 1421, 1422]"
1419,"[0.75, 0.75, 1.0, 1.0, 1.0, 1.0]","[143, 145, 1418, 1419, 1421, 1422]"
1420,"[1.0, 1.0, 1.0, 1.0, 1.0, 1.0]","[147, 157, 158, 159, 247, 248]"
1421,"[0.75, 0.75, 1.0, 1.0, 1.0, 1.0]","[143, 145, 1418, 1419, 1421, 1422]"
1422,"[0.75, 0.75, 1.0, 1.0, 1.0, 1.0]","[143, 145, 1418, 1419, 1421, 1422]"
1423,"[1.0, 1.0, 1.0, 1.0, 1.0, 1.0]","[704, 720, 1305, 1423, 1457, 4667]"
1424,"[0.75, 0.75, 0.75, 0.75, 0.75, 1.0]","[70, 72, 93, 125, 133, 1424]"
1425,"[0.75, 0.75, 0.75, 0.75, 1.0, 1.0]","[16, 21, 23, 25, 1425, 1431]"
1426,"[0.75, 0.75, 0.75, 0.75, 1.0, 1.0]","[47, 55, 58, 97, 1426, 1427]"
1427,"[0.75, 0.75, 0.75, 0.75, 1.0, 1.0]","[47, 55, 58, 97, 1426, 1427]"
1428,"[1.0, 1.0, 1.0, 1.0, 1.0, 1.0]","[145, 146, 154, 303, 338, 381]"
1429,"[0.75, 0.75, 1.0, 1.0, 1.0, 1.0]","[8, 13, 613, 1429, 4675, 4687]"
1430,"[1.0, 1.0, 1.0, 1.0, 1.0, 1.0]","[307, 313, 345, 347, 348, 359]"
1431,"[0.75, 0.75, 0.75, 0.75, 1.0, 1.0]","[16, 21, 23, 25, 1425, 1431]"
1432,"[1.0, 1.0, 1.0, 1.0, 1.0, 1.0]","[307, 313, 345, 347, 348, 359]"
1433,"[0.5, 0.5, 0.5, 1.0, 0.75, 0.75]","[35, 38, 39, 1433, 1434, 1489]"
1434,"[0.75, 0.75, 1.0, 0.75, 0.75, 0.75]","[1369, 1433, 1434, 1439, 1443, 1445]"
1435,"[1.0, 1.0, 1.0, 1.0, 1.0, 1.0]","[33, 153, 155, 171, 194, 195]"
1436,"[1.0, 1.0, 1.0, 1.0, 1.0, 1.0]","[33, 153, 155, 171, 194, 195]"
1437,"[0.75, 0.75, 1.0, 1.0, 1.0, 1.0]","[8, 13, 1437, 1438, 1440, 4624]"
1438,"[0.75, 0.75, 1.0, 1.0, 1.0, 1.0]","[8, 13, 1437, 1438, 1440, 4624]"
1439,"[0.75, 0.75, 1.0, 0.75, 0.75, 0.75]","[1369, 1434, 1439, 1442, 1443, 1445]"
1440,"[0.75, 0.75, 1.0, 1.0, 1.0, 1.0]","[8, 13, 1437, 1438, 1440, 4624]"
1441,"[1.0, 1.0, 1.0, 1.0, 1.0, 1.0]","[20, 24, 26, 28, 30, 369]"
1442,"[0.75, 0.75, 0.75, 0.75, 0.75, 1.0]","[70, 72, 93, 125, 133, 1442]"
1443,"[0.75, 0.75, 0.75, 1.0, 1.0, 1.0]","[55, 74, 75, 1443, 1455, 1470]"
1444,"[0.75, 0.75, 0.75, 0.75, 1.0, 1.0]","[169, 181, 187, 219, 1444, 1448]"
1445,"[0.75, 0.75, 0.75, 0.75, 1.0, 1.0]","[1434, 1439, 1443, 1444, 1445, 1459]"
1446,"[1.0, 1.0, 1.0, 1.0, 1.0, 1.0]","[147, 157, 158, 159, 247, 248]"
1447,"[1.0, 1.0, 1.0, 1.0, 1.0, 1.0]","[147, 157, 158, 159, 247, 248]"
1448,"[0.75, 0.75, 0.75, 0.75, 1.0, 1.0]","[169, 181, 187, 219, 1444, 1448]"
1449,"[1.0, 1.0, 1.0, 1.0, 1.0, 1.0]","[34, 202, 318, 349, 398, 409]"
1450,"[0.75, 0.75, 0.75, 0.75, 0.75, 1.0]","[35, 47, 55, 58, 97, 1450]"
1451,"[0.75, 0.75, 0.75, 0.75, 0.75, 1.0]","[70, 72, 93, 125, 133, 1451]"
1452,"[1.0, 1.0, 1.0, 1.0, 1.0, 1.0]","[627, 629, 630, 892, 1452, 2163]"
1453,"[1.0, 1.0, 1.0, 1.0, 1.0, 1.0]","[1, 61, 1367, 1453, 1672, 1674]"
1454,"[0.75, 0.75, 0.75, 0.75, 1.0, 1.0]","[704, 720, 1305, 1423, 1454, 1456]"
1455,"[0.75, 0.75, 0.75, 1.0, 1.0, 1.0]","[55, 74, 75, 1443, 1455, 1470]"
1456,"[0.75, 0.75, 0.75, 0.75, 1.0, 1.0]","[704, 720, 1305, 1423, 1454, 1456]"
1457,"[1.0, 1.0, 1.0, 1.0, 1.0, 1.0]","[704, 720, 1305, 1423, 1457, 4667]"
1458,"[1.0, 1.0, 1.0, 1.0, 1.0, 1.0]","[706, 710, 711, 713, 1458, 1463]"
1459,"[0.75, 0.75, 0.75, 0.75, 1.0, 1.0]","[1434, 1439, 1443, 1444, 1445, 1459]"
1460,"[1.0, 1.0, 1.0, 1.0, 1.0, 1.0]","[1273, 1460, 1461, 1462, 1493, 1564]"
1461,"[1.0, 1.0, 1.0, 1.0, 1.0, 1.0]","[1273, 1460, 1461, 1462, 1493, 1564]"
1462,"[1.0, 1.0, 1.0, 1.0, 1.0, 1.0]","[1273, 1460, 1461, 1462, 1493, 1564]"
1463,"[1.0, 1.0, 1.0, 1.0, 1.0, 1.0]","[706, 710, 711, 713, 1458, 1463]"
1464,"[0.75, 0.75, 0.75, 0.75, 0.75, 1.0]","[33, 51, 61, 145, 146, 1464]"
1465,"[0.75, 0.75, 0.75, 0.75, 1.0, 1.0]","[1439, 1443, 1445, 1455, 1465, 1466]"
1466,"[0.75, 0.75, 0.75, 0.75, 1.0, 1.0]","[1439, 1443, 1445, 1455, 1465, 1466]"
1467,"[0.75, 0.75, 0.75, 0.75, 1.0, 1.0]","[662, 663, 664, 675, 1467, 1468]"
1468,"[0.75, 0.75, 0.75, 0.75, 1.0, 1.0]","[662, 663, 664, 675, 1467, 1468]"
1469,"[0.75, 0.75, 0.75, 0.75, 0.75, 1.0]","[495, 496, 498, 529, 530, 1469]"
1470,"[0.75, 0.75, 0.75, 1.0, 1.0, 1.0]","[55, 74, 75, 1443, 1455, 1470]"
1471,"[0.5, 0.5, 0.5, 1.0, 0.75, 0.75]","[35, 38, 39, 1471, 1472, 1488]"
1472,"[0.75, 0.75, 0.75, 0.75, 0.75, 1.0]","[35, 47, 55, 58, 97, 1472]"
1473,"[0.75, 0.75, 1.0, 0.75, 0.75, 0.75]","[113, 324, 1473, 1474, 1475, 2998]"
1474,"[0.5, 0.75, 1.0, 0.75, 0.75, 0.75]","[39, 1473, 1474, 1476, 1477, 5932]"
1475,"[0.75, 0.75, 0.75, 1.0, 0.75, 0.75]","[113, 324, 1473, 1475, 1476, 2998]"
1476,"[0.5, 0.75, 0.75, 1.0, 0.75, 0.75]","[39, 1474, 1475, 1476, 1477, 5932]"
1477,"[0.75, 0.75, 0.75, 0.75, 0.75, 1.0]","[34, 35, 55, 74, 75, 1477]"
1478,"[0.75, 0.75, 0.75, 0.75, 1.0, 1.0]","[35, 55, 74, 75, 1478, 5984]"
1479,"[1.0, 1.0, 1.0, 1.0, 1.0, 1.0]","[346, 715, 716, 834, 839, 1181]"
1480,"[1.0, 1.0, 1.0, 1.0, 1.0, 1.0]","[33, 153, 155, 171, 194, 195]"
1481,"[1.0, 1.0, 1.0, 1.0, 1.0, 1.0]","[20, 24, 26, 28, 30, 369]"
1482,"[0.75, 0.75, 0.75, 0.75, 0.75, 1.0]","[161, 169, 181, 187, 219, 1482]"
1483,"[0.75, 0.75, 1.0, 0.75, 0.75, 0.75]","[1373, 1482, 1483, 1487, 5947, 5949]"
1484,"[0.75, 0.75, 0.75, 0.75, 0.75, 1.0]","[33, 51, 61, 145, 146, 1484]"
1485,"[1.0, 1.0, 1.0, 1.0, 1.0, 1.0]","[20, 24, 26, 28, 30, 369]"
1486,"[0.75, 0.75, 0.75, 0.75, 0.75, 1.0]","[70, 72, 93, 125, 133, 1486]"
1487,"[0.75, 0.75, 0.75, 1.0, 0.75, 0.75]","[1373, 1483, 1486, 1487, 5947, 5949]"
1488,"[0.75, 0.75, 0.75, 0.75, 0.75, 1.0]","[34, 35, 55, 74, 75, 1488]"
1489,"[0.75, 0.75, 0.75, 0.75, 0.75, 1.0]","[34, 35, 55, 74, 75, 1489]"
1490,"[0.75, 0.75, 0.75, 0.75, 0.75, 1.0]","[70, 72, 93, 125, 133, 1490]"
1491,"[0.75, 0.75, 0.75, 0.75, 1.0, 1.0]","[47, 55, 58, 97, 1491, 1492]"
1492,"[0.75, 0.75, 0.75, 0.75, 1.0, 1.0]","[47, 55, 58, 97, 1491, 1492]"
1493,"[1.0, 1.0, 1.0, 1.0, 1.0, 1.0]","[1273, 1460, 1461, 1462, 1493, 1564]"
1494,"[1.0, 1.0, 1.0, 1.0, 1.0, 1.0]","[147, 157, 158, 159, 247, 248]"
1495,"[1.0, 1.0, 1.0, 1.0, 1.0, 1.0]","[706, 710, 711, 713, 1458, 1463]"
1496,"[1.0, 1.0, 1.0, 1.0, 1.0, 1.0]","[60, 1496, 1497, 1550, 1553, 1904]"
1497,"[1.0, 1.0, 1.0, 1.0, 1.0, 1.0]","[60, 1496, 1497, 1550, 1553, 1904]"
1498,"[1.0, 1.0, 1.0, 1.0, 1.0, 1.0]","[147, 157, 158, 159, 247, 248]"
1499,"[1.0, 1.0, 1.0, 1.0, 1.0, 1.0]","[706, 710, 711, 713, 1458, 1463]"
1500,"[1.0, 1.0, 1.0, 1.0, 1.0, 1.0]","[706, 710, 711, 713, 1458, 1463]"
1501,"[1.0, 1.0, 1.0, 1.0, 1.0, 1.0]","[1280, 1501, 1507, 1511, 1636, 1699]"
1502,"[1.0, 1.0, 1.0, 1.0, 1.0, 1.0]","[401, 408, 411, 414, 415, 416]"
1503,"[1.0, 1.0, 1.0, 1.0, 1.0, 1.0]","[31, 1274, 1277, 1279, 1353, 1361]"
1504,"[1.0, 1.0, 1.0, 1.0, 1.0, 1.0]","[307, 313, 345, 347, 348, 359]"
1505,"[1.0, 1.0, 1.0, 1.0, 1.0, 1.0]","[307, 313, 345, 347, 348, 359]"
1506,"[1.0, 1.0, 1.0, 1.0, 1.0, 1.0]","[307, 313, 345, 347, 348, 359]"
1507,"[1.0, 1.0, 1.0, 1.0, 1.0, 1.0]","[1280, 1501, 1507, 1511, 1636, 1699]"
1508,"[1.0, 1.0, 1.0, 1.0, 1.0, 1.0]","[401, 408, 411, 414, 415, 416]"
1509,"[1.0, 1.0, 1.0, 1.0, 1.0, 1.0]","[317, 1509, 2316, 3761, 4754, 5229]"
1510,"[1.0, 1.0, 1.0, 1.0, 1.0, 1.0]","[1510, 1591, 1595, 1694, 1783, 1784]"
1511,"[1.0, 1.0, 1.0, 1.0, 1.0, 1.0]","[1280, 1501, 1507, 1511, 1636, 1699]"
1512,"[1.0, 1.0, 1.0, 1.0, 1.0, 1.0]","[307, 313, 345, 347, 348, 359]"
1513,"[1.0, 1.0, 1.0, 1.0, 1.0, 1.0]","[307, 313, 345, 347, 348, 359]"
1514,"[1.0000000000000002, 1.0000000000000002, 1.0000000000000002, 0.8333333333333335, 1.0000000000000002, 1.0000000000000002]","[1514, 1715, 1732, 1878, 3927, 4036]"
1515,"[0.75, 0.75, 0.75, 0.75, 0.75, 1.0]","[70, 72, 93, 125, 133, 1515]"
1516,"[0.75, 0.75, 0.75, 0.75, 0.75, 1.0]","[161, 169, 181, 187, 219, 1516]"
1517,"[0.5, 1.0, 1.0, 1.0, 0.75, 1.0]","[5, 1517, 1521, 1697, 2146, 4427]"
1518,"[0.75, 0.75, 0.75, 1.0, 1.0, 1.0]","[10, 11, 12, 1518, 1522, 2130]"
1519,"[0.75, 0.75, 0.75, 0.75, 0.75, 1.0]","[70, 72, 93, 125, 133, 1519]"
1520,"[0.75, 0.75, 0.75, 0.75, 0.75, 1.0]","[161, 169, 181, 187, 219, 1520]"
1521,"[0.5, 1.0, 1.0, 1.0, 0.75, 1.0]","[5, 1517, 1521, 1697, 2146, 4427]"
1522,"[0.75, 0.75, 0.75, 1.0, 1.0, 1.0]","[10, 11, 12, 1518, 1522, 2130]"
1523,"[1.0, 1.0, 1.0, 1.0, 1.0, 1.0]","[298, 821, 825, 1523, 1530, 1563]"
1524,"[1.0, 1.0, 1.0, 1.0, 1.0, 1.0]","[1524, 1531, 1539, 1540, 1541, 1542]"
1525,"[1.0, 1.0, 1.0, 1.0, 1.0, 1.0]","[1525, 1526, 1529, 1536, 1545, 1558]"
1526,"[1.0, 1.0, 1.0, 1.0, 1.0, 1.0]","[1525, 1526, 1529, 1536, 1545, 1558]"
1527,"[1.0, 1.0, 1.0, 1.0, 1.0, 1.0]","[307, 313, 345, 347, 348, 359]"
1528,"[1.0, 1.0, 1.0, 1.0, 1.0, 1.0]","[1528, 1552, 1557, 1560, 1594, 1602]"
1529,"[1.0, 1.0, 1.0, 1.0, 1.0, 1.0]","[1525, 1526, 1529, 1536, 1545, 1558]"
1530,"[1.0, 1.0, 1.0, 1.0, 1.0, 1.0]","[298, 821, 825, 1523, 1530, 1563]"
1531,"[1.0, 1.0, 1.0, 1.0, 1.0, 1.0]","[1524, 1531, 1539, 1540, 1541, 1542]"
1532,"[1.0, 1.0, 1.0, 1.0, 1.0, 1.0]","[1532, 1535, 1934, 1936, 1939, 1941]"
1533,"[1.0, 1.0, 1.0, 1.0, 1.0, 1.0]","[1533, 1534, 1537, 1562, 1574, 1575]"
1534,"[1.0, 1.0, 1.0, 1.0, 1.0, 1.0]","[1533, 1534, 1537, 1562, 1574, 1575]"
1535,"[1.0, 1.0, 1.0, 1.0, 1.0, 1.0]","[1532, 1535, 1934, 1936, 1939, 1941]"
1536,"[1.0, 1.0, 1.0, 1.0, 1.0, 1.0]","[1525, 1526, 1529, 1536, 1545, 1558]"
1537,"[1.0, 1.0, 1.0, 1.0, 1.0, 1.0]","[1533, 1534, 1537, 1562, 1574, 1575]"
1538,"[1.0, 1.0, 1.0, 1.0, 1.0, 1.0]","[145, 146, 154, 303, 338, 381]"
1539,"[1.0, 1.0, 1.0, 1.0, 1.0, 1.0]","[1524, 1531, 1539, 1540, 1541, 1542]"
1540,"[1.0, 1.0, 1.0, 1.0, 1.0, 1.0]","[1524, 1531, 1539, 1540, 1541, 1542]"
1541,"[1.0, 1.0, 1.0, 1.0, 1.0, 1.0]","[1524, 1531, 1539, 1540, 1541, 1542]"
1542,"[1.0, 1.0, 1.0, 1.0, 1.0, 1.0]","[1524, 1531, 1539, 1540, 1541, 1542]"
1543,"[1.0, 1.0, 1.0, 1.0, 1.0, 1.0]","[1524, 1531, 1539, 1540, 1541, 1542]"
1544,"[1.0, 1.0, 1.0, 1.0, 1.0, 1.0]","[1524, 1531, 1539, 1540, 1541, 1542]"
1545,"[1.0, 1.0, 1.0, 1.0, 1.0, 1.0]","[1525, 1526, 1529, 1536, 1545, 1558]"
1546,"[1.0, 1.0, 1.0, 1.0, 1.0, 1.0]","[307, 313, 345, 347, 348, 359]"
1547,"[1.0, 1.0, 1.0, 1.0, 1.0, 1.0]","[319, 1547, 1843, 1847, 1852, 1915]"
1548,"[1.0, 1.0, 1.0, 1.0, 1.0, 1.0]","[1524, 1531, 1539, 1540, 1541, 1542]"
1549,"[1.0, 1.0, 1.0, 1.0, 1.0, 1.0]","[1524, 1531, 1539, 1540, 1541, 1542]"
1550,"[1.0, 1.0, 1.0, 1.0, 1.0, 1.0]","[60, 1496, 1497, 1550, 1553, 1904]"
1551,"[1.0, 1.0, 1.0, 1.0, 1.0, 1.0]","[307, 313, 345, 347, 348, 359]"
1552,"[1.0, 1.0, 1.0, 1.0, 1.0, 1.0]","[1528, 1552, 1557, 1560, 1594, 1602]"
1553,"[1.0, 1.0, 1.0, 1.0, 1.0, 1.0]","[60, 1496, 1497, 1550, 1553, 1904]"
1554,"[1.0, 1.0, 1.0, 1.0, 1.0, 1.0]","[1524, 1531, 1539, 1540, 1541, 1542]"
1555,"[1.0, 1.0, 1.0, 1.0, 1.0, 1.0]","[1524, 1531, 1539, 1540, 1541, 1542]"
1556,"[1.0, 1.0, 1.0, 1.0, 1.0, 1.0]","[307, 313, 345, 347, 348, 359]"
1557,"[1.0, 1.0, 1.0, 1.0, 1.0, 1.0]","[1528, 1552, 1557, 1560, 1594, 1602]"
1558,"[1.0, 1.0, 1.0, 1.0, 1.0, 1.0]","[1525, 1526, 1529, 1536, 1545, 1558]"
1559,"[0.75, 0.75, 0.75, 0.75, 1.0, 1.0]","[5, 6, 8, 13, 1559, 2384]"
1560,"[1.0, 1.0, 1.0, 1.0, 1.0, 1.0]","[1528, 1552, 1557, 1560, 1594, 1602]"
1561,"[1.0, 1.0, 1.0, 1.0, 1.0, 1.0]","[307, 313, 345, 347, 348, 359]"
1562,"[1.0, 1.0, 1.0, 1.0, 1.0, 1.0]","[1533, 1534, 1537, 1562, 1574, 1575]"
1563,"[1.0, 1.0, 1.0, 1.0, 1.0, 1.0]","[298, 821, 825, 1523, 1530, 1563]"
1564,"[1.0, 1.0, 1.0, 1.0, 1.0, 1.0]","[1273, 1460, 1461, 1462, 1493, 1564]"
1565,"[1.0, 1.0, 1.0, 1.0, 1.0, 1.0]","[147, 157, 158, 159, 247, 248]"
1566,"[1.0, 1.0, 1.0, 1.0, 1.0, 1.0]","[706, 710, 711, 713, 1458, 1463]"
1567,"[0.75, 0.75, 1.0, 1.0, 1.0, 1.0]","[125, 133, 1567, 1571, 1926, 1927]"
1568,"[1.0, 1.0, 1.0, 1.0, 1.0, 1.0]","[147, 157, 158, 159, 247, 248]"
1569,"[1.0, 1.0, 1.0, 1.0, 1.0, 1.0]","[706, 710, 711, 713, 1458, 1463]"
1570,"[1.0, 1.0, 1.0, 1.0, 1.0, 1.0]","[706, 710, 711, 713, 1458, 1463]"
1571,"[0.75, 0.75, 1.0, 1.0, 1.0, 1.0]","[125, 133, 1567, 1571, 1926, 1927]"
1572,"[1.0, 1.0, 1.0, 1.0, 1.0, 1.0]","[1273, 1460, 1461, 1462, 1493, 1564]"
1573,"[1.0, 1.0, 1.0, 1.0, 1.0, 1.0]","[307, 313, 345, 347, 348, 359]"
1574,"[1.0, 1.0, 1.0, 1.0, 1.0, 1.0]","[1533, 1534, 1537, 1562, 1574, 1575]"
1575,"[1.0, 1.0, 1.0, 1.0, 1.0, 1.0]","[1533, 1534, 1537, 1562, 1574, 1575]"
1576,"[1.0, 1.0, 1.0, 1.0, 1.0, 1.0]","[298, 821, 825, 1523, 1530, 1563]"
1577,"[1.0, 1.0, 1.0, 1.0, 1.0, 1.0]","[1273, 1460, 1461, 1462, 1493, 1564]"
1578,"[1.0, 1.0, 1.0, 1.0, 1.0, 1.0]","[147, 157, 158, 159, 247, 248]"
1579,"[1.0, 1.0, 1.0, 1.0, 1.0, 1.0]","[706, 710, 711, 713, 1458, 1463]"
1580,"[1.0, 1.0, 1.0, 1.0, 1.0, 1.0]","[147, 157, 158, 159, 247, 248]"
1581,"[1.0, 1.0, 1.0, 1.0, 1.0, 1.0]","[706, 710, 711, 713, 1458, 1463]"
1582,"[1.0, 1.0, 1.0, 1.0, 1.0, 1.0]","[706, 710, 711, 713, 1458, 1463]"
1583,"[1.0, 1.0, 1.0, 1.0, 1.0, 1.0]","[1273, 1460, 1461, 1462, 1493, 1564]"
1584,"[1.0, 1.0, 1.0, 1.0, 1.0, 1.0]","[1273, 1460, 1461, 1462, 1493, 1564]"
1585,"[1.0, 1.0, 1.0, 1.0, 1.0, 1.0]","[147, 157, 158, 159, 247, 248]"
1586,"[1.0, 1.0, 1.0, 1.0, 1.0, 1.0]","[706, 710, 711, 713, 1458, 1463]"
1587,"[1.0, 1.0, 1.0, 1.0, 1.0, 1.0]","[147, 157, 158, 159, 247, 248]"
1588,"[1.0, 1.0, 1.0, 1.0, 1.0, 1.0]","[706, 710, 711, 713, 1458, 1463]"
1589,"[1.0, 1.0, 1.0, 1.0, 1.0, 1.0]","[706, 710, 711, 713, 1458, 1463]"
1590,"[1.0, 1.0, 1.0, 1.0, 1.0, 1.0]","[1273, 1460, 1461, 1462, 1493, 1564]"
1591,"[1.0, 1.0, 1.0, 1.0, 1.0, 1.0]","[1510, 1591, 1595, 1694, 1783, 1784]"
1592,"[1.0, 1.0, 1.0, 1.0, 1.0, 1.0]","[147, 157, 158, 159, 247, 248]"
1593,"[1.0, 1.0, 1.0, 1.0, 1.0, 1.0]","[147, 157, 158, 159, 247, 248]"
1594,"[1.0, 1.0, 1.0, 1.0, 1.0, 1.0]","[1528, 1552, 1557, 1560, 1594, 1602]"
1595,"[1.0, 1.0, 1.0, 1.0, 1.0, 1.0]","[1510, 1591, 1595, 1694, 1783, 1784]"
1596,"[1.0, 1.0, 1.0, 1.0, 1.0, 1.0]","[147, 157, 158, 159, 247, 248]"
1597,"[0.75, 0.75, 1.0, 1.0, 1.0, 1.0]","[143, 145, 1597, 1600, 1833, 4073]"
1598,"[1.0, 1.0, 1.0, 1.0, 1.0, 1.0]","[1524, 1531, 1539, 1540, 1541, 1542]"
1599,"[1.0, 1.0, 1.0, 1.0, 1.0, 1.0]","[147, 157, 158, 159, 247, 248]"
1600,"[0.75, 0.75, 1.0, 1.0, 1.0, 1.0]","[143, 145, 1597, 1600, 1833, 4073]"
1601,"[1.0, 1.0, 1.0, 1.0, 1.0, 1.0]","[307, 313, 345, 347, 348, 359]"
1602,"[1.0, 1.0, 1.0, 1.0, 1.0, 1.0]","[1528, 1552, 1557, 1560, 1594, 1602]"
1603,"[1.0, 1.0, 1.0, 1.0, 1.0, 1.0]","[307, 313, 345, 347, 348, 359]"
1604,"[1.0, 1.0, 1.0, 1.0, 1.0, 1.0]","[307, 313, 345, 347, 348, 359]"
1605,"[1.0, 1.0, 1.0, 1.0, 1.0, 1.0]","[1605, 1606, 1607, 4207, 4208, 4209]"
1606,"[1.0, 1.0, 1.0, 1.0, 1.0, 1.0]","[1605, 1606, 1607, 4207, 4208, 4209]"
1607,"[1.0, 1.0, 1.0, 1.0, 1.0, 1.0]","[1605, 1606, 1607, 4207, 4208, 4209]"
1608,"[1.0, 1.0, 1.0, 1.0, 1.0, 1.0]","[307, 313, 345, 347, 348, 359]"
1609,"[1.0, 1.0, 1.0, 1.0, 1.0, 1.0]","[307, 313, 345, 347, 348, 359]"
1610,"[1.0, 1.0, 1.0, 1.0, 1.0, 1.0]","[307, 313, 345, 347, 348, 359]"
1611,"[1.0, 1.0, 1.0, 1.0, 1.0, 1.0]","[307, 313, 345, 347, 348, 359]"
1612,"[1.0, 1.0, 1.0, 1.0, 1.0, 1.0]","[307, 313, 345, 347, 348, 359]"
1613,"[0.75, 0.75, 1.0, 1.0, 1.0, 1.0]","[529, 530, 1613, 3809, 4215, 5202]"
1614,"[1.0, 1.0, 1.0, 1.0, 1.0, 1.0]","[307, 313, 345, 347, 348, 359]"
1615,"[1.0, 1.0, 1.0, 1.0, 1.0, 1.0]","[307, 313, 345, 347, 348, 359]"
1616,"[1.0, 1.0, 1.0, 1.0, 1.0, 1.0]","[307, 313, 345, 347, 348, 359]"
1617,"[1.0, 1.0, 1.0, 1.0, 1.0, 1.0]","[307, 313, 345, 347, 348, 359]"
1618,"[1.0, 1.0, 1.0, 1.0, 1.0, 1.0]","[307, 313, 345, 347, 348, 359]"
1619,"[0.75, 0.75, 0.75, 1.0, 1.0, 1.0]","[93, 125, 133, 1619, 4221, 5208]"
1620,"[1.0, 1.0, 1.0, 1.0, 1.0, 1.0]","[307, 313, 345, 347, 348, 359]"
1621,"[1.0, 1.0, 1.0, 1.0, 1.0, 1.0]","[307, 313, 345, 347, 348, 359]"
1622,"[1.0, 1.0, 1.0, 1.0, 1.0, 1.0]","[307, 313, 345, 347, 348, 359]"
1623,"[1.0, 1.0, 1.0, 1.0, 1.0, 1.0]","[307, 313, 345, 347, 348, 359]"
1624,"[1.0, 1.0, 1.0, 1.0, 1.0, 1.0]","[307, 313, 345, 347, 348, 359]"
1625,"[1.0, 1.0, 1.0, 1.0, 1.0, 1.0]","[307, 313, 345, 347, 348, 359]"
1626,"[1.0, 1.0, 1.0, 1.0, 1.0, 1.0]","[1626, 1627, 4228, 4229, 5215, 5216]"
1627,"[1.0, 1.0, 1.0, 1.0, 1.0, 1.0]","[1626, 1627, 4228, 4229, 5215, 5216]"
1628,"[1.0, 1.0, 1.0, 1.0, 1.0, 1.0]","[1628, 1629, 4230, 4231, 5217, 5218]"
1629,"[1.0, 1.0, 1.0, 1.0, 1.0, 1.0]","[1628, 1629, 4230, 4231, 5217, 5218]"
1630,"[1.0000000000000002, 0.6666666666666669, 0.6666666666666669, 0.6666666666666669, 1.0000000000000002, 1.0000000000000002]","[1630, 3721, 3723, 3725, 4232, 5219]"
1631,"[1.0, 1.0, 1.0, 1.0, 1.0, 1.0]","[307, 313, 345, 347, 348, 359]"
1632,"[1.0, 1.0, 1.0, 1.0, 1.0, 1.0]","[1632, 1633, 4234, 4235, 5221, 5222]"
1633,"[1.0, 1.0, 1.0, 1.0, 1.0, 1.0]","[1632, 1633, 4234, 4235, 5221, 5222]"
1634,"[0.75, 0.75, 0.75, 0.75, 1.0, 1.0]","[35, 55, 74, 75, 1193, 1634]"
1635,"[1.0, 1.0, 1.0, 1.0, 1.0, 1.0]","[1635, 1643, 1645, 1649, 1664, 1668]"
1636,"[1.0, 1.0, 1.0, 1.0, 1.0, 1.0]","[1280, 1501, 1507, 1511, 1636, 1699]"
1637,"[0.8333333333333335, 0.8333333333333335, 0.8333333333333335, 1.0000000000000002, 1.0000000000000002, 1.0000000000000002]","[588, 1370, 1371, 1637, 1639, 1640]"
1638,"[1.0, 1.0, 1.0, 1.0, 1.0, 1.0]","[20, 24, 26, 28, 30, 369]"
1639,"[0.8333333333333335, 0.8333333333333335, 0.8333333333333335, 1.0000000000000002, 1.0000000000000002, 1.0000000000000002]","[588, 1370, 1371, 1637, 1639, 1640]"
1640,"[0.8333333333333335, 0.8333333333333335, 0.8333333333333335, 1.0000000000000002, 1.0000000000000002, 1.0000000000000002]","[588, 1370, 1371, 1637, 1639, 1640]"
1641,"[1.0, 1.0, 1.0, 1.0, 1.0, 1.0]","[20, 24, 26, 28, 30, 369]"
1642,"[1.0, 1.0, 1.0, 1.0, 1.0, 1.0]","[1642, 1646, 1648, 1665, 1667, 1724]"
1643,"[1.0, 1.0, 1.0, 1.0, 1.0, 1.0]","[1635, 1643, 1645, 1649, 1664, 1668]"
1644,"[1.0, 0.75, 1.0, 1.0, 1.0, 1.0]","[705, 1276, 1644, 1647, 7057, 7068]"
1645,"[1.0, 1.0, 1.0, 1.0, 1.0, 1.0]","[1635, 1643, 1645, 1649, 1664, 1668]"
1646,"[1.0, 1.0, 1.0, 1.0, 1.0, 1.0]","[1642, 1646, 1648, 1665, 1667, 1724]"
1647,"[1.0, 0.75, 1.0, 1.0, 1.0, 1.0]","[705, 1276, 1644, 1647, 7057, 7068]"
1648,"[1.0, 1.0, 1.0, 1.0, 1.0, 1.0]","[1642, 1646, 1648, 1665, 1667, 1724]"
1649,"[1.0, 1.0, 1.0, 1.0, 1.0, 1.0]","[1635, 1643, 1645, 1649, 1664, 1668]"
1650,"[0.75, 0.75, 1.0, 1.0, 1.0, 1.0]","[8, 13, 1650, 1660, 1693, 1806]"
1651,"[0.8333333333333335, 1.0000000000000002, 1.0000000000000002, 1.0000000000000002, 1.0000000000000002, 1.0000000000000002]","[1637, 1651, 1652, 1653, 1654, 1656]"
1652,"[0.8333333333333335, 1.0000000000000002, 1.0000000000000002, 1.0000000000000002, 1.0000000000000002, 1.0000000000000002]","[1637, 1651, 1652, 1653, 1654, 1656]"
1653,"[0.8333333333333335, 1.0000000000000002, 1.0000000000000002, 1.0000000000000002, 1.0000000000000002, 1.0000000000000002]","[1637, 1651, 1652, 1653, 1654, 1656]"
1654,"[0.8333333333333335, 1.0000000000000002, 1.0000000000000002, 1.0000000000000002, 1.0000000000000002, 1.0000000000000002]","[1637, 1651, 1652, 1653, 1654, 1656]"
1655,"[1.0, 1.0, 1.0, 1.0, 1.0, 1.0]","[20, 24, 26, 28, 30, 369]"
1656,"[0.8333333333333335, 1.0000000000000002, 1.0000000000000002, 1.0000000000000002, 1.0000000000000002, 1.0000000000000002]","[1637, 1651, 1652, 1653, 1654, 1656]"
1657,"[1.0, 1.0, 1.0, 1.0, 1.0, 1.0]","[20, 24, 26, 28, 30, 369]"
1658,"[0.75, 0.75, 0.75, 0.75, 0.75, 1.0]","[70, 72, 93, 125, 133, 1658]"
1659,"[1.0, 1.0, 1.0, 1.0, 1.0, 1.0]","[20, 24, 26, 28, 30, 369]"
1660,"[0.75, 0.75, 1.0, 1.0, 1.0, 1.0]","[8, 13, 1650, 1660, 1693, 1806]"
1661,"[1.0, 1.0, 1.0, 1.0, 1.0, 1.0]","[930, 1278, 1661, 3704, 3706, 3708]"
1662,"[0.75, 0.75, 1.0, 1.0, 1.0, 1.0]","[8, 13, 1662, 1752, 1763, 1809]"
1663,"[1.0, 1.0, 1.0, 1.0, 1.0, 1.0]","[1273, 1460, 1461, 1462, 1493, 1564]"
1664,"[1.0, 1.0, 1.0, 1.0, 1.0, 1.0]","[1635, 1643, 1645, 1649, 1664, 1668]"
1665,"[1.0, 1.0, 1.0, 1.0, 1.0, 1.0]","[1642, 1646, 1648, 1665, 1667, 1724]"
1666,"[1.0, 1.0, 1.0, 1.0, 1.0, 1.0]","[1273, 1460, 1461, 1462, 1493, 1564]"
1667,"[1.0, 1.0, 1.0, 1.0, 1.0, 1.0]","[1642, 1646, 1648, 1665, 1667, 1724]"
1668,"[1.0, 1.0, 1.0, 1.0, 1.0, 1.0]","[1635, 1643, 1645, 1649, 1664, 1668]"
1669,"[0.8333333333333335, 0.8333333333333335, 1.0000000000000002, 1.0000000000000002, 1.0000000000000002, 1.0000000000000002]","[1371, 1637, 1669, 1670, 1673, 1676]"
1670,"[0.8333333333333335, 0.8333333333333335, 1.0000000000000002, 1.0000000000000002, 1.0000000000000002, 1.0000000000000002]","[1371, 1637, 1669, 1670, 1673, 1676]"
1671,"[0.75, 0.75, 0.75, 0.75, 1.0, 1.0]","[72, 93, 125, 133, 1671, 1675]"
1672,"[1.0, 1.0, 1.0, 1.0, 1.0, 1.0]","[1, 61, 1367, 1453, 1672, 1674]"
1673,"[0.8333333333333335, 0.8333333333333335, 1.0000000000000002, 1.0000000000000002, 1.0000000000000002, 1.0000000000000002]","[1371, 1637, 1669, 1670, 1673, 1676]"
1674,"[1.0, 1.0, 1.0, 1.0, 1.0, 1.0]","[1, 61, 1367, 1453, 1672, 1674]"
1675,"[0.75, 0.75, 0.75, 0.75, 1.0, 1.0]","[72, 93, 125, 133, 1671, 1675]"
1676,"[0.8333333333333335, 0.8333333333333335, 1.0000000000000002, 1.0000000000000002, 1.0000000000000002, 1.0000000000000002]","[1371, 1637, 1669, 1670, 1673, 1676]"
1677,"[1.0, 1.0, 1.0, 1.0, 1.0, 1.0]","[307, 313, 345, 347, 348, 359]"
1678,"[1.0, 1.0, 1.0, 1.0, 1.0, 1.0]","[1347, 1354, 1678, 3948, 3950, 3951]"
1679,"[0.75, 1.0, 1.0, 1.0, 1.0, 1.0]","[145, 1348, 1355, 1679, 3946, 5232]"
1680,"[1.0, 0.75, 0.75, 0.75, 0.75, 0.75]","[1680, 1681, 1682, 1685, 1687, 1690]"
1681,"[0.75, 1.0, 1.0, 1.0, 1.0, 1.0]","[133, 1681, 1682, 1685, 1687, 1690]"
1682,"[0.75, 1.0, 1.0, 1.0, 1.0, 1.0]","[133, 1681, 1682, 1685, 1687, 1690]"
1683,"[0.75, 1.0, 1.0, 1.0, 1.0, 1.0]","[13, 1683, 1684, 1686, 1689, 1691]"
1684,"[0.75, 1.0, 1.0, 1.0, 1.0, 1.0]","[13, 1683, 1684, 1686, 1689, 1691]"
1685,"[0.75, 1.0, 1.0, 1.0, 1.0, 1.0]","[133, 1681, 1682, 1685, 1687, 1690]"
1686,"[0.75, 1.0, 1.0, 1.0, 1.0, 1.0]","[13, 1683, 1684, 1686, 1689, 1691]"
1687,"[0.75, 1.0, 1.0, 1.0, 1.0, 1.0]","[133, 1681, 1682, 1685, 1687, 1690]"
1688,"[0.75, 0.75, 1.0, 1.0, 1.0, 1.0]","[8, 13, 1359, 1688, 5278, 5281]"
1689,"[0.75, 1.0, 1.0, 1.0, 1.0, 1.0]","[13, 1683, 1684, 1686, 1689, 1691]"
1690,"[0.75, 1.0, 1.0, 1.0, 1.0, 1.0]","[133, 1681, 1682, 1685, 1687, 1690]"
1691,"[0.75, 1.0, 1.0, 1.0, 1.0, 1.0]","[13, 1683, 1684, 1686, 1689, 1691]"
1692,"[1.0, 1.0, 1.0, 1.0, 1.0, 1.0]","[1273, 1460, 1461, 1462, 1493, 1564]"
1693,"[0.75, 0.75, 1.0, 1.0, 1.0, 1.0]","[8, 13, 1650, 1660, 1693, 1806]"
1694,"[1.0, 1.0, 1.0, 1.0, 1.0, 1.0]","[1510, 1591, 1595, 1694, 1783, 1784]"
1695,"[0.75, 0.75, 0.75, 0.75, 1.0, 1.0]","[47, 55, 58, 97, 1695, 1696]"
1696,"[0.75, 0.75, 0.75, 0.75, 1.0, 1.0]","[47, 55, 58, 97, 1695, 1696]"
1697,"[0.5, 1.0, 1.0, 1.0, 0.75, 1.0]","[5, 1517, 1521, 1697, 2146, 4427]"
1698,"[1.0, 1.0, 1.0, 1.0, 1.0, 1.0]","[1635, 1643, 1645, 1649, 1664, 1668]"
1699,"[1.0, 1.0, 1.0, 1.0, 1.0, 1.0]","[1280, 1501, 1507, 1511, 1636, 1699]"
1700,"[1.0, 1.0, 1.0, 1.0, 1.0, 1.0]","[32, 1700, 1719, 1720, 1747, 1758]"
1701,"[1.0, 1.0, 1.0, 1.0, 1.0, 1.0]","[1701, 1722, 1788, 3672, 4076, 4123]"
1702,"[1.0, 1.0, 1.0, 1.0, 1.0, 1.0]","[34, 202, 318, 349, 398, 409]"
1703,"[1.0, 1.0, 1.0, 1.0, 1.0, 1.0]","[1635, 1643, 1645, 1649, 1664, 1668]"
1704,"[1.0, 1.0, 1.0, 1.0, 1.0, 1.0]","[1704, 1706, 1709, 3480, 3536, 3575]"
1705,"[1.0, 1.0, 1.0, 1.0, 1.0, 1.0]","[33, 153, 155, 171, 194, 195]"
1706,"[1.0, 1.0, 1.0, 1.0, 1.0, 1.0]","[1704, 1706, 1709, 3480, 3536, 3575]"
1707,"[1.0, 1.0, 1.0, 1.0, 1.0, 1.0]","[33, 153, 155, 171, 194, 195]"
1708,"[1.0, 1.0, 1.0, 1.0, 1.0, 1.0]","[307, 313, 345, 347, 348, 359]"
1709,"[1.0, 1.0, 1.0, 1.0, 1.0, 1.0]","[1704, 1706, 1709, 3480, 3536, 3575]"
1710,"[1.0, 1.0, 1.0, 1.0, 1.0, 1.0]","[1635, 1643, 1645, 1649, 1664, 1668]"
1711,"[1.0, 1.0, 1.0, 1.0, 1.0, 1.0]","[1280, 1501, 1507, 1511, 1636, 1699]"
1712,"[0.75, 0.75, 0.75, 0.75, 1.0, 1.0]","[72, 93, 125, 133, 1712, 1714]"
1713,"[1.0, 1.0, 1.0, 1.0, 1.0, 1.0]","[1635, 1643, 1645, 1649, 1664, 1668]"
1714,"[0.75, 0.75, 0.75, 0.75, 1.0, 1.0]","[72, 93, 125, 133, 1712, 1714]"
1715,"[1.0000000000000002, 1.0000000000000002, 1.0000000000000002, 0.8333333333333335, 1.0000000000000002, 1.0000000000000002]","[1514, 1715, 1732, 1878, 3927, 4036]"
1716,"[1.0, 1.0, 1.0, 1.0, 1.0, 1.0]","[34, 202, 318, 349, 398, 409]"
1717,"[1.0, 1.0, 1.0, 1.0, 1.0, 1.0]","[1717, 4253, 4514, 4523, 4526, 4595]"
1718,"[1.0, 1.0, 1.0, 1.0, 1.0, 1.0]","[1635, 1643, 1645, 1649, 1664, 1668]"
1719,"[1.0, 1.0, 1.0, 1.0, 1.0, 1.0]","[32, 1700, 1719, 1720, 1747, 1758]"
1720,"[1.0, 1.0, 1.0, 1.0, 1.0, 1.0]","[32, 1700, 1719, 1720, 1747, 1758]"
1721,"[1.0, 1.0, 1.0, 1.0, 1.0, 1.0]","[1635, 1643, 1645, 1649, 1664, 1668]"
1722,"[1.0, 1.0, 1.0, 1.0, 1.0, 1.0]","[1701, 1722, 1788, 3672, 4076, 4123]"
1723,"[0.75, 0.75, 0.75, 0.75, 1.0, 1.0]","[72, 93, 125, 133, 1723, 1725]"
1724,"[1.0, 1.0, 1.0, 1.0, 1.0, 1.0]","[1642, 1646, 1648, 1665, 1667, 1724]"
1725,"[0.75, 0.75, 0.75, 0.75, 1.0, 1.0]","[72, 93, 125, 133, 1723, 1725]"
1726,"[1.0, 1.0, 1.0, 1.0, 1.0, 1.0]","[1642, 1646, 1648, 1665, 1667, 1724]"
1727,"[1.0, 1.0, 1.0, 1.0, 1.0, 1.0]","[1635, 1643, 1645, 1649, 1664, 1668]"
1728,"[1.0, 1.0, 1.0, 1.0, 1.0, 1.0]","[307, 313, 345, 347, 348, 359]"
1729,"[1.0, 1.0, 1.0, 1.0, 1.0, 1.0]","[401, 408, 411, 414, 415, 416]"
1730,"[1.0, 1.0, 1.0, 1.0, 1.0, 1.0]","[34, 202, 318, 349, 398, 409]"
1731,"[1.0, 1.0, 1.0, 1.0, 1.0, 1.0]","[401, 408, 411, 414, 415, 416]"
1732,"[1.0000000000000002, 1.0000000000000002, 1.0000000000000002, 0.8333333333333335, 1.0000000000000002, 1.0000000000000002]","[1514, 1715, 1732, 1878, 3927, 4036]"
1733,"[1.0, 1.0, 1.0, 1.0, 1.0, 1.0]","[401, 408, 411, 414, 415, 416]"
1734,"[1.0, 1.0, 1.0, 1.0, 1.0, 1.0]","[34, 202, 318, 349, 398, 409]"
1735,"[1.0, 1.0, 1.0, 1.0, 1.0, 1.0]","[401, 408, 411, 414, 415, 416]"
1736,"[1.0, 1.0, 1.0, 1.0, 1.0, 1.0]","[34, 202, 318, 349, 398, 409]"
1737,"[0.75, 0.75, 0.75, 0.75, 0.75, 1.0]","[35, 47, 55, 58, 97, 1737]"
1738,"[0.75, 0.75, 0.75, 0.75, 1.0, 1.0]","[72, 93, 125, 133, 1738, 1739]"
1739,"[0.75, 0.75, 0.75, 0.75, 1.0, 1.0]","[72, 93, 125, 133, 1738, 1739]"
1740,"[0.75, 0.75, 0.75, 0.75, 0.75, 1.0]","[682, 683, 684, 686, 940, 1740]"
1741,"[1.0, 1.0, 1.0, 1.0, 1.0, 1.0]","[1273, 1460, 1461, 1462, 1493, 1564]"
1742,"[0.75, 1.0, 1.0, 1.0, 1.0, 1.0]","[13, 929, 1742, 3937, 3938, 4045]"
1743,"[1.0, 1.0, 1.0, 1.0, 1.0, 1.0]","[307, 313, 345, 347, 348, 359]"
1744,"[1.0, 1.0, 1.0, 1.0, 1.0, 1.0]","[33, 153, 155, 171, 194, 195]"
1745,"[1.0, 1.0, 1.0, 1.0, 1.0, 1.0]","[1273, 1460, 1461, 1462, 1493, 1564]"
1746,"[1.0, 1.0, 1.0, 1.0, 1.0, 1.0]","[1635, 1643, 1645, 1649, 1664, 1668]"
1747,"[1.0, 1.0, 1.0, 1.0, 1.0, 1.0]","[32, 1700, 1719, 1720, 1747, 1758]"
1748,"[0.75, 0.75, 0.75, 0.75, 1.0, 1.0]","[72, 93, 125, 133, 1748, 1751]"
1749,"[1.0, 1.0, 1.0, 1.0, 1.0, 1.0]","[1642, 1646, 1648, 1665, 1667, 1724]"
1750,"[1.0, 1.0, 1.0, 1.0, 1.0, 1.0]","[1635, 1643, 1645, 1649, 1664, 1668]"
1751,"[0.75, 0.75, 0.75, 0.75, 1.0, 1.0]","[72, 93, 125, 133, 1748, 1751]"
1752,"[0.75, 0.75, 1.0, 1.0, 1.0, 1.0]","[8, 13, 1662, 1752, 1763, 1809]"
1753,"[0.75, 0.75, 0.75, 1.0, 1.0, 1.0]","[644, 645, 1286, 1753, 3928, 4037]"
1754,"[0.75, 0.75, 0.75, 0.75, 0.75, 1.0]","[33, 51, 61, 145, 146, 1754]"
1755,"[1.0, 1.0, 1.0, 1.0, 1.0, 1.0]","[33, 153, 155, 171, 194, 195]"
1756,"[1.0, 1.0, 1.0, 1.0, 1.0, 1.0]","[1273, 1460, 1461, 1462, 1493, 1564]"
1757,"[1.0, 1.0, 1.0, 1.0, 1.0, 1.0]","[1635, 1643, 1645, 1649, 1664, 1668]"
1758,"[1.0, 1.0, 1.0, 1.0, 1.0, 1.0]","[32, 1700, 1719, 1720, 1747, 1758]"
1759,"[0.75, 0.75, 0.75, 0.75, 1.0, 1.0]","[72, 93, 125, 133, 1759, 1762]"
1760,"[1.0, 1.0, 1.0, 1.0, 1.0, 1.0]","[1642, 1646, 1648, 1665, 1667, 1724]"
1761,"[1.0, 1.0, 1.0, 1.0, 1.0, 1.0]","[1635, 1643, 1645, 1649, 1664, 1668]"
1762,"[0.75, 0.75, 0.75, 0.75, 1.0, 1.0]","[72, 93, 125, 133, 1759, 1762]"
1763,"[0.75, 0.75, 1.0, 1.0, 1.0, 1.0]","[8, 13, 1662, 1752, 1763, 1809]"
1764,"[0.75, 0.75, 0.75, 0.75, 0.75, 1.0]","[33, 51, 61, 145, 146, 1764]"
1765,"[1.0, 1.0, 1.0, 1.0, 1.0, 1.0]","[401, 408, 411, 414, 415, 416]"
1766,"[1.0, 1.0, 1.0, 1.0, 1.0, 1.0]","[401, 408, 411, 414, 415, 416]"
1767,"[1.0, 1.0, 1.0, 1.0, 1.0, 1.0]","[401, 408, 411, 414, 415, 416]"
1768,"[1.0, 1.0, 1.0, 1.0, 1.0, 1.0]","[401, 408, 411, 414, 415, 416]"
1769,"[1.0, 1.0, 1.0, 1.0, 1.0, 1.0]","[401, 408, 411, 414, 415, 416]"
1770,"[1.0, 1.0, 1.0, 1.0, 1.0, 1.0]","[1350, 1357, 1362, 1770, 3850, 4052]"
1771,"[1.0, 1.0, 1.0, 1.0, 1.0, 1.0]","[20, 24, 26, 28, 30, 369]"
1772,"[1.0, 1.0, 1.0, 1.0, 1.0, 1.0]","[33, 153, 155, 171, 194, 195]"
1773,"[1.0, 1.0, 1.0, 1.0, 1.0, 1.0]","[1773, 1776, 1779, 1781, 3944, 3945]"
1774,"[1.0, 1.0, 1.0, 1.0, 1.0, 1.0]","[20, 24, 26, 28, 30, 369]"
1775,"[0.75, 0.75, 0.75, 0.75, 1.0, 1.0]","[35, 55, 74, 75, 1306, 1775]"
1776,"[1.0, 1.0, 1.0, 1.0, 1.0, 1.0]","[1773, 1776, 1779, 1781, 3944, 3945]"
1777,"[1.0, 1.0, 1.0, 1.0, 1.0, 1.0]","[1777, 1778, 1782, 5238, 5239, 5243]"
1778,"[1.0, 1.0, 1.0, 1.0, 1.0, 1.0]","[1777, 1778, 1782, 5238, 5239, 5243]"
1779,"[1.0, 1.0, 1.0, 1.0, 1.0, 1.0]","[1773, 1776, 1779, 1781, 3944, 3945]"
1780,"[1.0, 1.0, 1.0, 1.0, 1.0, 1.0]","[33, 153, 155, 171, 194, 195]"
1781,"[1.0, 1.0, 1.0, 1.0, 1.0, 1.0]","[1773, 1776, 1779, 1781, 3944, 3945]"
1782,"[1.0, 1.0, 1.0, 1.0, 1.0, 1.0]","[1777, 1778, 1782, 5238, 5239, 5243]"
1783,"[1.0, 1.0, 1.0, 1.0, 1.0, 1.0]","[1510, 1591, 1595, 1694, 1783, 1784]"
1784,"[1.0, 1.0, 1.0, 1.0, 1.0, 1.0]","[1510, 1591, 1595, 1694, 1783, 1784]"
1785,"[1.0, 1.0, 1.0, 1.0, 1.0, 1.0]","[32, 1700, 1719, 1720, 1747, 1758]"
1786,"[1.0, 1.0, 1.0, 1.0, 1.0, 1.0]","[1635, 1643, 1645, 1649, 1664, 1668]"
1787,"[1.0, 1.0, 1.0, 1.0, 1.0, 1.0]","[32, 1700, 1719, 1720, 1747, 1758]"
1788,"[1.0, 1.0, 1.0, 1.0, 1.0, 1.0]","[1701, 1722, 1788, 3672, 4076, 4123]"
1789,"[1.0, 1.0, 1.0, 1.0, 1.0, 1.0]","[1273, 1460, 1461, 1462, 1493, 1564]"
1790,"[1.0, 1.0, 1.0, 1.0, 1.0, 1.0]","[1351, 1352, 1358, 1360, 1364, 1365]"
1791,"[1.0, 1.0, 1.0, 1.0, 1.0, 1.0]","[1351, 1352, 1358, 1360, 1364, 1365]"
1792,"[1.0, 1.0, 1.0, 1.0, 1.0, 1.0]","[1635, 1643, 1645, 1649, 1664, 1668]"
1793,"[1.0, 1.0, 1.0, 1.0, 1.0, 1.0]","[1273, 1460, 1461, 1462, 1493, 1564]"
1794,"[1.0, 1.0, 1.0, 1.0, 1.0, 1.0]","[706, 710, 711, 713, 1458, 1463]"
1795,"[1.0, 1.0, 1.0, 1.0, 1.0, 1.0]","[147, 157, 158, 159, 247, 248]"
1796,"[0.75, 0.75, 1.0, 0.75, 1.0, 1.0]","[697, 698, 1796, 3713, 3929, 4038]"
1797,"[0.75, 0.75, 1.0, 1.0, 1.0, 1.0]","[143, 145, 1797, 2084, 3696, 6100]"
1798,"[1.0, 1.0, 1.0, 1.0, 1.0, 1.0]","[1798, 3697, 5302, 7037, 7058, 7069]"
1799,"[0.75, 0.75, 0.75, 1.0, 1.0, 1.0]","[6, 8, 13, 1799, 3698, 7047]"
1800,"[0.75, 0.75, 1.0, 1.0, 1.0, 1.0]","[11, 12, 1800, 3699, 7040, 7059]"
1801,"[0.75, 0.75, 0.75, 0.75, 1.0, 1.0]","[72, 93, 125, 133, 1801, 3692]"
1802,"[1.0, 1.0, 1.0, 1.0, 1.0, 1.0]","[1273, 1460, 1461, 1462, 1493, 1564]"
1803,"[1.0, 1.0, 1.0, 1.0, 1.0, 1.0]","[706, 710, 711, 713, 1458, 1463]"
1804,"[0.75, 0.75, 0.75, 0.75, 1.0, 1.0]","[72, 93, 125, 133, 1804, 1805]"
1805,"[0.75, 0.75, 0.75, 0.75, 1.0, 1.0]","[72, 93, 125, 133, 1804, 1805]"
1806,"[0.75, 0.75, 1.0, 1.0, 1.0, 1.0]","[8, 13, 1650, 1660, 1693, 1806]"
1807,"[1.0, 1.0, 1.0, 1.0, 1.0, 1.0]","[20, 24, 26, 28, 30, 369]"
1808,"[0.75, 1.0, 1.0, 1.0, 1.0, 1.0]","[13, 1808, 3674, 5381, 5384, 5387]"
1809,"[0.75, 0.75, 1.0, 1.0, 1.0, 1.0]","[8, 13, 1662, 1752, 1763, 1809]"
1810,"[1.0, 1.0, 1.0, 1.0, 1.0, 1.0]","[1510, 1591, 1595, 1694, 1783, 1784]"
1811,"[1.0, 1.0, 1.0, 1.0, 1.0, 1.0]","[1510, 1591, 1595, 1694, 1783, 1784]"
1812,"[1.0, 1.0, 1.0, 1.0, 1.0, 1.0]","[1510, 1591, 1595, 1694, 1783, 1784]"
1813,"[1.0, 1.0, 1.0, 1.0, 1.0, 1.0]","[33, 153, 155, 171, 194, 195]"
1814,"[1.0, 1.0, 1.0, 1.0, 1.0, 1.0]","[20, 24, 26, 28, 30, 369]"
1815,"[0.75, 0.75, 0.75, 0.75, 1.0, 1.0]","[704, 720, 1305, 1423, 1815, 4055]"
1816,"[1.0, 1.0, 1.0, 1.0, 1.0, 1.0]","[1510, 1591, 1595, 1694, 1783, 1784]"
1817,"[1.0, 1.0, 1.0, 1.0, 1.0, 1.0]","[1635, 1643, 1645, 1649, 1664, 1668]"
1818,"[1.0, 1.0, 1.0, 1.0, 1.0, 1.0]","[1635, 1643, 1645, 1649, 1664, 1668]"
1819,"[1.0, 1.0, 1.0, 1.0, 1.0, 1.0]","[1510, 1591, 1595, 1694, 1783, 1784]"
1820,"[1.0, 1.0, 1.0, 1.0, 1.0, 1.0]","[1635, 1643, 1645, 1649, 1664, 1668]"
1821,"[1.0, 1.0, 1.0, 1.0, 1.0, 1.0]","[1510, 1591, 1595, 1694, 1783, 1784]"
1822,"[1.0, 1.0, 1.0, 1.0, 1.0, 1.0]","[1635, 1643, 1645, 1649, 1664, 1668]"
1823,"[1.0, 1.0, 1.0, 1.0, 1.0, 1.0]","[1528, 1552, 1557, 1560, 1594, 1602]"
1824,"[1.0, 1.0, 1.0, 1.0, 1.0, 1.0]","[1528, 1552, 1557, 1560, 1594, 1602]"
1825,"[1.0, 1.0, 1.0, 1.0, 1.0, 1.0]","[307, 313, 345, 347, 348, 359]"
1826,"[1.0, 1.0, 1.0, 1.0, 1.0, 1.0]","[1635, 1643, 1645, 1649, 1664, 1668]"
1827,"[1.0, 1.0, 1.0, 1.0, 1.0, 1.0]","[1635, 1643, 1645, 1649, 1664, 1668]"
1828,"[1.0, 1.0, 1.0, 1.0, 1.0, 1.0]","[307, 313, 345, 347, 348, 359]"
1829,"[0.75, 0.75, 0.75, 1.0, 1.0, 1.0]","[6, 8, 13, 1829, 3861, 4069]"
1830,"[1.0, 1.0, 1.0, 1.0, 1.0, 1.0]","[307, 313, 345, 347, 348, 359]"
1831,"[1.0, 1.0, 1.0, 1.0, 1.0, 1.0]","[401, 408, 411, 414, 415, 416]"
1832,"[1.0, 1.0, 1.0, 1.0, 1.0, 1.0]","[401, 408, 411, 414, 415, 416]"
1833,"[0.75, 0.75, 1.0, 1.0, 1.0, 1.0]","[143, 145, 1597, 1600, 1833, 4073]"
1834,"[1.0, 1.0, 1.0, 1.0, 1.0, 1.0]","[307, 313, 345, 347, 348, 359]"
1835,"[1.0, 1.0, 1.0, 1.0, 1.0, 1.0]","[307, 313, 345, 347, 348, 359]"
1836,"[1.0, 1.0, 1.0, 1.0, 1.0, 1.0]","[20, 24, 26, 28, 30, 369]"
1837,"[1.0, 1.0, 1.0, 1.0, 1.0, 1.0]","[20, 24, 26, 28, 30, 369]"
1838,"[1.0, 1.0, 1.0, 1.0, 1.0, 1.0]","[144, 163, 165, 168, 173, 180]"
1839,"[1.0, 1.0, 1.0, 1.0, 1.0, 1.0]","[20, 24, 26, 28, 30, 369]"
1840,"[0.75, 0.75, 0.75, 0.75, 1.0, 1.0]","[72, 93, 125, 133, 1840, 4046]"
1841,"[0.75, 0.75, 1.0, 1.0, 1.0, 1.0]","[125, 133, 1841, 1842, 4047, 4048]"
1842,"[0.75, 0.75, 1.0, 1.0, 1.0, 1.0]","[125, 133, 1841, 1842, 4047, 4048]"
1843,"[1.0, 1.0, 1.0, 1.0, 1.0, 1.0]","[319, 1547, 1843, 1847, 1852, 1915]"
1844,"[1.0, 1.0, 1.0, 1.0, 1.0, 1.0]","[37, 320, 1844, 1845, 1848, 1854]"
1845,"[1.0, 1.0, 1.0, 1.0, 1.0, 1.0]","[37, 320, 1844, 1845, 1848, 1854]"
1846,"[1.0, 1.0, 1.0, 1.0, 1.0, 1.0]","[44, 45, 56, 326, 327, 328]"
1847,"[1.0, 1.0, 1.0, 1.0, 1.0, 1.0]","[319, 1547, 1843, 1847, 1852, 1915]"
1848,"[1.0, 1.0, 1.0, 1.0, 1.0, 1.0]","[37, 320, 1844, 1845, 1848, 1854]"
1849,"[0.75, 0.75, 1.0, 1.0, 0.75, 0.75]","[352, 1253, 1849, 1851, 2024, 3733]"
1850,"[1.0, 1.0, 1.0, 1.0, 1.0, 1.0]","[44, 45, 56, 326, 327, 328]"
1851,"[0.75, 0.75, 1.0, 1.0, 0.75, 0.75]","[352, 1253, 1849, 1851, 2024, 3733]"
1852,"[1.0, 1.0, 1.0, 1.0, 1.0, 1.0]","[319, 1547, 1843, 1847, 1852, 1915]"
1853,"[1.0, 0.75, 0.75, 1.0, 1.0, 1.0]","[36, 143, 145, 1853, 4962, 5745]"
1854,"[1.0, 1.0, 1.0, 1.0, 1.0, 1.0]","[37, 320, 1844, 1845, 1848, 1854]"
1855,"[1.0, 1.0, 1.0, 1.0, 1.0, 1.0]","[307, 313, 345, 347, 348, 359]"
1856,"[1.0, 1.0, 1.0, 1.0, 1.0, 1.0]","[307, 313, 345, 347, 348, 359]"
1857,"[1.0, 1.0, 1.0, 1.0, 1.0, 1.0]","[307, 313, 345, 347, 348, 359]"
1858,"[1.0, 1.0, 1.0, 1.0, 1.0, 1.0]","[307, 313, 345, 347, 348, 359]"
1859,"[1.0, 1.0, 1.0, 1.0, 1.0, 1.0]","[1859, 1860, 3805, 3806, 4189, 4190]"
1860,"[1.0, 1.0, 1.0, 1.0, 1.0, 1.0]","[1859, 1860, 3805, 3806, 4189, 4190]"
1861,"[1.0, 1.0, 1.0, 1.0, 1.0, 1.0]","[307, 313, 345, 347, 348, 359]"
1862,"[1.0, 1.0, 1.0, 1.0, 1.0, 1.0]","[1862, 1863, 4192, 4193, 5754, 5755]"
1863,"[1.0, 1.0, 1.0, 1.0, 1.0, 1.0]","[1862, 1863, 4192, 4193, 5754, 5755]"
1864,"[1.0, 1.0, 1.0, 1.0, 1.0, 1.0]","[307, 313, 345, 347, 348, 359]"
1865,"[1.0, 1.0, 1.0, 1.0, 1.0, 1.0]","[1865, 1866, 3807, 3808, 4195, 4196]"
1866,"[1.0, 1.0, 1.0, 1.0, 1.0, 1.0]","[1865, 1866, 3807, 3808, 4195, 4196]"
1867,"[1.0, 1.0, 1.0, 1.0, 1.0, 1.0]","[307, 313, 345, 347, 348, 359]"
1868,"[1.0, 1.0, 1.0, 1.0, 1.0, 1.0]","[307, 313, 345, 347, 348, 359]"
1869,"[1.0, 1.0, 1.0, 1.0, 1.0, 1.0]","[1869, 1870, 1871, 4199, 4200, 4201]"
1870,"[1.0, 1.0, 1.0, 1.0, 1.0, 1.0]","[1869, 1870, 1871, 4199, 4200, 4201]"
1871,"[1.0, 1.0, 1.0, 1.0, 1.0, 1.0]","[1869, 1870, 1871, 4199, 4200, 4201]"
1872,"[1.0, 1.0, 1.0, 1.0, 1.0, 1.0]","[307, 313, 345, 347, 348, 359]"
1873,"[1.0, 1.0, 1.0, 1.0, 1.0, 1.0]","[307, 313, 345, 347, 348, 359]"
1874,"[0.75, 0.75, 0.75, 1.0, 1.0, 1.0]","[93, 125, 133, 1874, 4204, 5191]"
1875,"[1.0, 1.0, 1.0, 1.0, 1.0, 1.0]","[1280, 1501, 1507, 1511, 1636, 1699]"
1876,"[1.0, 1.0, 1.0, 1.0, 1.0, 1.0]","[307, 313, 345, 347, 348, 359]"
1877,"[1.0, 1.0, 1.0, 1.0, 1.0, 1.0]","[307, 313, 345, 347, 348, 359]"
1878,"[0.8333333333333335, 0.8333333333333335, 0.8333333333333335, 1.0000000000000002, 0.8333333333333335, 0.8333333333333335]","[1514, 1715, 1732, 1878, 3927, 4036]"
1879,"[1.0, 1.0, 1.0, 1.0, 1.0, 1.0]","[314, 1275, 1879, 1881, 3711, 3759]"
1880,"[1.0, 1.0, 1.0, 1.0, 1.0, 1.0]","[1276, 1880, 1882, 3847, 4050, 4051]"
1881,"[1.0, 1.0, 1.0, 1.0, 1.0, 1.0]","[314, 1275, 1879, 1881, 3711, 3759]"
1882,"[1.0, 1.0, 1.0, 1.0, 1.0, 1.0]","[1276, 1880, 1882, 3847, 4050, 4051]"
1883,"[1.0, 1.0, 1.0, 1.0, 1.0, 1.0]","[1273, 1460, 1461, 1462, 1493, 1564]"
1884,"[0.75, 0.75, 1.0, 1.0, 1.0, 1.0]","[30, 307, 693, 695, 1884, 1885]"
1885,"[0.75, 0.75, 1.0, 1.0, 1.0, 1.0]","[30, 307, 693, 695, 1884, 1885]"
1886,"[1.0, 1.0, 1.0, 1.0, 1.0, 1.0]","[1273, 1460, 1461, 1462, 1493, 1564]"
1887,"[1.0, 1.0, 1.0, 1.0, 1.0, 1.0]","[401, 408, 411, 414, 415, 416]"
1888,"[1.0, 1.0, 1.0, 1.0, 1.0, 1.0]","[1510, 1591, 1595, 1694, 1783, 1784]"
1889,"[1.0, 1.0, 1.0, 1.0, 1.0, 1.0]","[147, 157, 158, 159, 247, 248]"
1890,"[1.0, 1.0, 1.0, 1.0, 1.0, 1.0]","[147, 157, 158, 159, 247, 248]"
1891,"[1.0, 1.0, 1.0, 1.0, 1.0, 1.0]","[147, 157, 158, 159, 247, 248]"
1892,"[1.0, 1.0, 1.0, 1.0, 1.0, 1.0]","[147, 157, 158, 159, 247, 248]"
1893,"[1.0, 1.0, 1.0, 1.0, 1.0, 1.0]","[147, 157, 158, 159, 247, 248]"
1894,"[1.0, 1.0, 1.0, 1.0, 1.0, 1.0]","[147, 157, 158, 159, 247, 248]"
1895,"[1.0, 1.0, 1.0, 1.0, 1.0, 1.0]","[147, 157, 158, 159, 247, 248]"
1896,"[1.0, 1.0, 1.0, 1.0, 1.0, 1.0]","[147, 157, 158, 159, 247, 248]"
1897,"[1.0, 1.0, 1.0, 1.0, 1.0, 1.0]","[78, 79, 1897, 2048, 4511, 4742]"
1898,"[1.0, 1.0, 1.0, 1.0, 1.0, 1.0]","[147, 157, 158, 159, 247, 248]"
1899,"[1.0, 1.0, 1.0, 1.0, 1.0, 1.0]","[147, 157, 158, 159, 247, 248]"
1900,"[1.0, 1.0, 1.0, 1.0, 1.0, 1.0]","[147, 157, 158, 159, 247, 248]"
1901,"[1.0, 1.0, 1.0, 1.0, 1.0, 1.0]","[147, 157, 158, 159, 247, 248]"
1902,"[1.0, 1.0, 1.0, 1.0, 1.0, 1.0]","[1528, 1552, 1557, 1560, 1594, 1602]"
1903,"[0.75, 0.75, 0.75, 0.75, 0.75, 1.0]","[35, 47, 55, 58, 97, 1903]"
1904,"[1.0, 1.0, 1.0, 1.0, 1.0, 1.0]","[60, 1496, 1497, 1550, 1553, 1904]"
1905,"[0.75, 0.75, 0.75, 0.75, 0.75, 1.0]","[161, 169, 181, 187, 219, 1905]"
1906,"[1.0, 1.0, 1.0, 1.0, 1.0, 1.0]","[147, 157, 158, 159, 247, 248]"
1907,"[1.0, 1.0, 1.0, 1.0, 1.0, 1.0]","[147, 157, 158, 159, 247, 248]"
1908,"[1.0, 1.0, 1.0, 1.0, 1.0, 1.0]","[33, 153, 155, 171, 194, 195]"
1909,"[1.0, 1.0, 1.0, 1.0, 1.0, 1.0]","[20, 24, 26, 28, 30, 369]"
1910,"[1.0, 1.0, 1.0, 1.0, 1.0, 1.0]","[60, 1496, 1497, 1550, 1553, 1904]"
1911,"[1.0, 1.0, 1.0, 1.0, 1.0, 1.0]","[298, 821, 825, 1523, 1530, 1563]"
1912,"[1.0, 1.0, 1.0, 1.0, 1.0, 1.0]","[147, 157, 158, 159, 247, 248]"
1913,"[1.0, 1.0, 1.0, 1.0, 1.0, 1.0]","[1510, 1591, 1595, 1694, 1783, 1784]"
1914,"[1.0, 1.0, 1.0, 1.0, 1.0, 1.0]","[1273, 1460, 1461, 1462, 1493, 1564]"
1915,"[1.0, 1.0, 1.0, 1.0, 1.0, 1.0]","[319, 1547, 1843, 1847, 1852, 1915]"
1916,"[1.0, 1.0, 1.0, 1.0, 1.0, 1.0]","[147, 157, 158, 159, 247, 248]"
1917,"[1.0, 1.0, 1.0, 1.0, 1.0, 1.0]","[706, 710, 711, 713, 1458, 1463]"
1918,"[1.0, 1.0, 1.0, 1.0, 1.0, 1.0]","[1280, 1501, 1507, 1511, 1636, 1699]"
1919,"[1.0, 1.0, 1.0, 1.0, 1.0, 1.0]","[401, 408, 411, 414, 415, 416]"
1920,"[1.0, 1.0, 1.0, 1.0, 1.0, 1.0]","[31, 1274, 1277, 1279, 1353, 1361]"
1921,"[1.0, 1.0, 1.0, 1.0, 1.0, 1.0]","[307, 313, 345, 347, 348, 359]"
1922,"[1.0, 1.0, 1.0, 1.0, 1.0, 1.0]","[307, 313, 345, 347, 348, 359]"
1923,"[1.0, 1.0, 1.0, 1.0, 1.0, 1.0]","[307, 313, 345, 347, 348, 359]"
1924,"[1.0, 1.0, 1.0, 1.0, 1.0, 1.0]","[307, 313, 345, 347, 348, 359]"
1925,"[1.0, 1.0, 1.0, 1.0, 1.0, 1.0]","[1280, 1501, 1507, 1511, 1636, 1699]"
1926,"[0.75, 0.75, 1.0, 1.0, 1.0, 1.0]","[125, 133, 1567, 1571, 1926, 1927]"
1927,"[0.75, 0.75, 1.0, 1.0, 1.0, 1.0]","[125, 133, 1567, 1571, 1926, 1927]"
1928,"[1.0, 1.0, 1.0, 1.0, 1.0, 1.0]","[35, 55, 323, 742, 1169, 1302]"
1929,"[0.75, 0.75, 0.75, 1.0, 1.0, 1.0]","[930, 1273, 1276, 1929, 1931, 4384]"
1930,"[0.75, 0.75, 0.75, 0.75, 1.0, 1.0]","[652, 812, 813, 814, 1930, 1932]"
1931,"[0.75, 0.75, 0.75, 1.0, 1.0, 1.0]","[930, 1273, 1276, 1929, 1931, 4384]"
1932,"[0.75, 0.75, 0.75, 0.75, 1.0, 1.0]","[652, 812, 813, 814, 1930, 1932]"
1933,"[1.0, 1.0, 1.0, 1.0, 1.0, 1.0]","[34, 202, 318, 349, 398, 409]"
1934,"[1.0, 1.0, 1.0, 1.0, 1.0, 1.0]","[1532, 1535, 1934, 1936, 1939, 1941]"
1935,"[1.0, 1.0, 1.0, 1.0, 1.0, 1.0]","[147, 157, 158, 159, 247, 248]"
1936,"[1.0, 1.0, 1.0, 1.0, 1.0, 1.0]","[1532, 1535, 1934, 1936, 1939, 1941]"
1937,"[1.0, 1.0, 1.0, 1.0, 1.0, 1.0]","[33, 153, 155, 171, 194, 195]"
1938,"[0.75, 0.75, 0.75, 0.75, 1.0, 1.0]","[72, 93, 125, 133, 1938, 1957]"
1939,"[1.0, 1.0, 1.0, 1.0, 1.0, 1.0]","[1532, 1535, 1934, 1936, 1939, 1941]"
1940,"[0.75, 0.75, 0.75, 1.0, 1.0, 1.0]","[79, 143, 145, 1940, 1947, 1958]"
1941,"[1.0, 1.0, 1.0, 1.0, 1.0, 1.0]","[1532, 1535, 1934, 1936, 1939, 1941]"
1942,"[1.0, 1.0, 1.0, 1.0, 1.0, 1.0]","[164, 1942, 1949, 4533, 4536, 4539]"
1943,"[1.0, 1.0, 0.75, 1.0, 1.0, 1.0]","[1943, 1950, 1985, 2016, 2021, 2550]"
1944,"[1.0, 1.0, 1.0, 1.0, 1.0, 1.0]","[1532, 1535, 1934, 1936, 1939, 1941]"
1945,"[1.0, 1.0, 1.0, 1.0, 1.0, 1.0]","[1532, 1535, 1934, 1936, 1939, 1941]"
1946,"[0.5, 0.5, 1.0, 0.5, 1.0, 0.5]","[59, 1940, 1946, 1947, 1953, 1958]"
1947,"[0.75, 0.75, 0.75, 1.0, 1.0, 1.0]","[79, 143, 145, 1940, 1947, 1958]"
1948,"[1.0, 1.0, 1.0, 1.0, 1.0, 1.0]","[1532, 1535, 1934, 1936, 1939, 1941]"
1949,"[1.0, 1.0, 1.0, 1.0, 1.0, 1.0]","[164, 1942, 1949, 4533, 4536, 4539]"
1950,"[1.0, 1.0, 0.75, 1.0, 1.0, 1.0]","[1943, 1950, 1985, 2016, 2021, 2550]"
1951,"[1.0, 1.0, 1.0, 1.0, 1.0, 1.0]","[1532, 1535, 1934, 1936, 1939, 1941]"
1952,"[1.0, 1.0, 1.0, 1.0, 1.0, 1.0]","[1532, 1535, 1934, 1936, 1939, 1941]"
1953,"[0.5, 0.5, 1.0, 0.5, 1.0, 0.5]","[59, 1940, 1946, 1947, 1953, 1958]"
1954,"[1.0, 1.0, 1.0, 1.0, 1.0, 1.0]","[147, 157, 158, 159, 247, 248]"
1955,"[1.0, 1.0, 1.0, 1.0, 1.0, 1.0]","[147, 157, 158, 159, 247, 248]"
1956,"[0.75, 0.75, 0.75, 0.75, 0.75, 1.0]","[33, 51, 61, 142, 145, 1956]"
1957,"[0.75, 0.75, 0.75, 0.75, 1.0, 1.0]","[72, 93, 125, 133, 1938, 1957]"
1958,"[0.75, 0.75, 0.75, 1.0, 1.0, 1.0]","[79, 143, 145, 1940, 1947, 1958]"
1959,"[1.0, 1.0, 1.0, 1.0, 1.0, 1.0]","[145, 146, 154, 303, 338, 381]"
1960,"[1.0, 1.0, 1.0, 1.0, 1.0, 1.0]","[147, 157, 158, 159, 247, 248]"
1961,"[0.75, 0.75, 0.75, 1.0, 1.0, 1.0]","[812, 813, 814, 1961, 1966, 1973]"
1962,"[0.75, 0.75, 0.75, 1.0, 1.0, 1.0]","[6, 8, 13, 1962, 2005, 2047]"
1963,"[1.0, 1.0, 1.0, 1.0, 1.0, 1.0]","[33, 153, 155, 171, 194, 195]"
1964,"[1.0, 1.0, 1.0, 1.0, 1.0, 1.0]","[33, 153, 155, 171, 194, 195]"
1965,"[1.0, 1.0, 1.0, 1.0, 1.0, 1.0]","[1532, 1535, 1934, 1936, 1939, 1941]"
1966,"[0.75, 0.75, 0.75, 1.0, 1.0, 1.0]","[812, 813, 814, 1961, 1966, 1973]"
1967,"[0.75, 0.75, 0.75, 1.0, 1.0, 1.0]","[61, 145, 146, 1967, 1968, 4655]"
1968,"[0.75, 0.75, 0.75, 1.0, 1.0, 1.0]","[61, 145, 146, 1967, 1968, 4655]"
1969,"[0.5, 0.5, 0.5, 1.0, 1.0, 0.75]","[3, 4, 5, 1969, 1976, 2060]"
1970,"[1.0, 1.0, 1.0, 1.0, 1.0, 1.0]","[1532, 1535, 1934, 1936, 1939, 1941]"
1971,"[0.75, 0.75, 0.75, 0.75, 1.0, 1.0]","[496, 498, 529, 530, 1971, 1978]"
1972,"[1.0, 1.0, 1.0, 1.0, 1.0, 1.0]","[147, 157, 158, 159, 247, 248]"
1973,"[0.75, 0.75, 0.75, 1.0, 1.0, 1.0]","[812, 813, 814, 1961, 1966, 1973]"
1974,"[1.0, 1.0, 1.0, 1.0, 1.0, 1.0]","[147, 157, 158, 159, 247, 248]"
1975,"[1.0, 1.0, 1.0, 1.0, 1.0, 1.0]","[147, 157, 158, 159, 247, 248]"
1976,"[0.5, 0.5, 0.5, 1.0, 1.0, 0.75]","[3, 4, 5, 1969, 1976, 2060]"
1977,"[0.75, 0.75, 1.0, 1.0, 1.0, 1.0]","[143, 145, 1977, 2002, 2477, 4714]"
1978,"[0.75, 0.75, 0.75, 0.75, 1.0, 1.0]","[496, 498, 529, 530, 1971, 1978]"
1979,"[1.0, 1.0, 1.0, 1.0, 1.0, 1.0]","[147, 157, 158, 159, 247, 248]"
1980,"[0.75, 0.75, 0.75, 0.75, 1.0, 1.0]","[72, 93, 125, 133, 1980, 1981]"
1981,"[0.75, 0.75, 0.75, 0.75, 1.0, 1.0]","[72, 93, 125, 133, 1980, 1981]"
1982,"[1.0, 1.0, 1.0, 1.0, 1.0, 1.0]","[1982, 2030, 2442, 2444, 2446, 2448]"
1983,"[0.75, 0.75, 0.75, 0.75, 1.0, 1.0]","[496, 498, 529, 530, 1983, 1988]"
1984,"[0.75, 0.75, 0.75, 0.75, 1.0, 1.0]","[652, 812, 813, 814, 1984, 1989]"
1985,"[1.0, 1.0, 1.0, 1.0, 1.0, 1.0]","[269, 274, 1985, 1986, 1987, 4853]"
1986,"[1.0, 1.0, 1.0, 1.0, 1.0, 1.0]","[269, 274, 1985, 1986, 1987, 4853]"
1987,"[1.0, 1.0, 1.0, 1.0, 1.0, 1.0]","[269, 274, 1985, 1986, 1987, 4853]"
1988,"[0.75, 0.75, 0.75, 0.75, 1.0, 1.0]","[496, 498, 529, 530, 1983, 1988]"
1989,"[0.75, 0.75, 0.75, 0.75, 1.0, 1.0]","[652, 812, 813, 814, 1984, 1989]"
1990,"[0.75, 0.75, 1.0, 1.0, 1.0, 1.0]","[8, 13, 1990, 1991, 2026, 2027]"
1991,"[0.75, 0.75, 1.0, 1.0, 1.0, 1.0]","[8, 13, 1990, 1991, 2026, 2027]"
1992,"[1.0, 1.0, 1.0, 1.0, 1.0, 1.0]","[34, 202, 318, 349, 398, 409]"
1993,"[0.75, 0.75, 0.75, 0.75, 1.0, 1.0]","[47, 55, 58, 97, 1993, 1994]"
1994,"[0.75, 0.75, 0.75, 0.75, 1.0, 1.0]","[47, 55, 58, 97, 1993, 1994]"
1995,"[0.75, 0.75, 0.75, 0.75, 1.0, 1.0]","[72, 93, 125, 133, 1995, 2000]"
1996,"[0.75, 1.0, 1.0, 1.0, 1.0, 1.0]","[25, 677, 1996, 2014, 5962, 5969]"
1997,"[1.0, 1.0, 1.0, 1.0, 1.0, 1.0]","[307, 313, 345, 347, 348, 359]"
1998,"[0.75, 0.75, 0.75, 1.0, 1.0, 1.0]","[713, 1458, 1463, 1998, 1999, 2001]"
1999,"[0.75, 0.75, 0.75, 1.0, 1.0, 1.0]","[713, 1458, 1463, 1998, 1999, 2001]"
2000,"[0.75, 0.75, 0.75, 0.75, 1.0, 1.0]","[72, 93, 125, 133, 1995, 2000]"
2001,"[0.75, 0.75, 0.75, 1.0, 1.0, 1.0]","[713, 1458, 1463, 1998, 1999, 2001]"
2002,"[0.75, 0.75, 1.0, 1.0, 1.0, 1.0]","[143, 145, 1977, 2002, 2477, 4714]"
2003,"[0.5, 0.5, 0.5, 0.5, 0.5, 1.0]","[59, 1946, 1953, 1977, 2002, 2003]"
2004,"[1.0, 1.0, 1.0, 1.0, 1.0, 1.0]","[145, 146, 154, 303, 338, 381]"
2005,"[0.75, 0.75, 0.75, 1.0, 1.0, 1.0]","[6, 8, 13, 1962, 2005, 2047]"
2006,"[1.0, 1.0, 1.0, 1.0, 1.0, 1.0]","[33, 153, 155, 171, 194, 195]"
2007,"[1.0, 1.0, 1.0, 1.0, 1.0, 1.0]","[33, 153, 155, 171, 194, 195]"
2008,"[0.75, 0.75, 0.75, 0.75, 1.0, 1.0]","[652, 812, 813, 814, 2008, 2010]"
2009,"[1.0, 1.0, 1.0, 1.0, 1.0, 1.0]","[2009, 2011, 2012, 2017, 2019, 2022]"
2010,"[0.75, 0.75, 0.75, 0.75, 1.0, 1.0]","[652, 812, 813, 814, 2008, 2010]"
2011,"[1.0, 1.0, 1.0, 1.0, 1.0, 1.0]","[2009, 2011, 2012, 2017, 2019, 2022]"
2012,"[1.0, 1.0, 1.0, 1.0, 1.0, 1.0]","[2009, 2011, 2012, 2017, 2019, 2022]"
2013,"[0.75, 0.75, 0.75, 0.75, 1.0, 1.0]","[78, 79, 143, 145, 2013, 2025]"
2014,"[0.75, 1.0, 1.0, 1.0, 1.0, 1.0]","[25, 677, 1996, 2014, 5962, 5969]"
2015,"[1.0, 1.0, 1.0, 1.0, 1.0, 1.0]","[307, 313, 345, 347, 348, 359]"
2016,"[1.0, 1.0, 0.75, 1.0, 1.0, 1.0]","[1943, 1950, 1985, 2016, 2021, 2550]"
2017,"[1.0, 1.0, 1.0, 1.0, 1.0, 1.0]","[2009, 2011, 2012, 2017, 2019, 2022]"
2018,"[0.75, 0.75, 0.75, 0.75, 1.0, 1.0]","[47, 55, 58, 97, 2018, 2023]"
2019,"[1.0, 1.0, 1.0, 1.0, 1.0, 1.0]","[2009, 2011, 2012, 2017, 2019, 2022]"
2020,"[1.0, 1.0, 1.0, 1.0, 1.0, 1.0]","[147, 157, 158, 159, 247, 248]"
2021,"[1.0, 1.0, 0.75, 1.0, 1.0, 1.0]","[1943, 1950, 1985, 2016, 2021, 2550]"
2022,"[1.0, 1.0, 1.0, 1.0, 1.0, 1.0]","[2009, 2011, 2012, 2017, 2019, 2022]"
2023,"[0.75, 0.75, 0.75, 0.75, 1.0, 1.0]","[47, 55, 58, 97, 2018, 2023]"
2024,"[0.75, 0.75, 0.75, 0.75, 1.0, 0.75]","[352, 1253, 1849, 1851, 2024, 3733]"
2025,"[0.75, 0.75, 0.75, 0.75, 1.0, 1.0]","[78, 79, 143, 145, 2013, 2025]"
2026,"[0.75, 0.75, 1.0, 1.0, 1.0, 1.0]","[8, 13, 1990, 1991, 2026, 2027]"
2027,"[0.75, 0.75, 1.0, 1.0, 1.0, 1.0]","[8, 13, 1990, 1991, 2026, 2027]"
2028,"[1.0, 1.0, 1.0, 1.0, 1.0, 1.0]","[34, 202, 318, 349, 398, 409]"
2029,"[0.75, 0.75, 0.75, 1.0, 1.0, 1.0]","[93, 125, 133, 2029, 6200, 6201]"
2030,"[1.0, 1.0, 1.0, 1.0, 1.0, 1.0]","[1982, 2030, 2442, 2444, 2446, 2448]"
2031,"[0.75, 0.75, 0.75, 0.75, 0.75, 1.0]","[70, 72, 93, 125, 133, 2031]"
2032,"[1.0, 1.0, 1.0, 1.0, 1.0, 1.0]","[751, 753, 756, 768, 770, 773]"
2033,"[1.0, 1.0, 1.0, 1.0, 1.0, 1.0]","[34, 202, 318, 349, 398, 409]"
2034,"[1.0, 1.0, 1.0, 1.0, 1.0, 1.0]","[33, 153, 155, 171, 194, 195]"
2035,"[1.0, 1.0, 1.0, 1.0, 1.0, 1.0]","[34, 202, 318, 349, 398, 409]"
2036,"[1.0, 1.0, 1.0, 1.0, 1.0, 1.0]","[34, 202, 318, 349, 398, 409]"
2037,"[1.0, 1.0, 1.0, 1.0, 1.0, 1.0]","[34, 202, 318, 349, 398, 409]"
2038,"[1.0, 1.0, 1.0, 1.0, 1.0, 1.0]","[34, 202, 318, 349, 398, 409]"
2039,"[0.5, 0.5, 1.0, 1.0, 0.75, 1.0]","[4, 5, 2039, 5341, 5432, 6013]"
2040,"[0.75, 0.75, 0.75, 1.0, 1.0, 1.0]","[93, 125, 133, 2040, 2041, 2042]"
2041,"[0.75, 0.75, 0.75, 1.0, 1.0, 1.0]","[93, 125, 133, 2040, 2041, 2042]"
2042,"[0.75, 0.75, 0.75, 1.0, 1.0, 1.0]","[93, 125, 133, 2040, 2041, 2042]"
2043,"[1.0, 1.0, 1.0, 1.0, 1.0, 1.0]","[751, 753, 756, 768, 770, 773]"
2044,"[1.0, 1.0, 1.0, 1.0, 1.0, 1.0]","[34, 202, 318, 349, 398, 409]"
2045,"[1.0, 1.0, 1.0, 1.0, 1.0, 1.0]","[2045, 4747, 4768, 4771, 4782, 4835]"
2046,"[1.0, 1.0, 1.0, 1.0, 1.0, 1.0]","[34, 202, 318, 349, 398, 409]"
2047,"[0.75, 0.75, 0.75, 1.0, 1.0, 1.0]","[6, 8, 13, 1962, 2005, 2047]"
2048,"[1.0, 1.0, 1.0, 1.0, 1.0, 1.0]","[78, 79, 1897, 2048, 4511, 4742]"
2049,"[1.0, 1.0, 1.0, 1.0, 1.0, 1.0]","[561, 849, 1288, 1289, 1290, 1291]"
2050,"[1.0, 1.0, 1.0, 1.0, 1.0, 1.0]","[34, 202, 318, 349, 398, 409]"
2051,"[0.75, 0.75, 0.75, 1.0, 1.0, 1.0]","[93, 125, 133, 2051, 2053, 2056]"
2052,"[1.0, 1.0, 1.0, 1.0, 1.0, 1.0]","[2052, 2054, 2055, 2057, 2064, 2066]"
2053,"[0.75, 0.75, 0.75, 1.0, 1.0, 1.0]","[93, 125, 133, 2051, 2053, 2056]"
2054,"[1.0, 1.0, 1.0, 1.0, 1.0, 1.0]","[2052, 2054, 2055, 2057, 2064, 2066]"
2055,"[1.0, 1.0, 1.0, 1.0, 1.0, 1.0]","[2052, 2054, 2055, 2057, 2064, 2066]"
2056,"[0.75, 0.75, 0.75, 1.0, 1.0, 1.0]","[93, 125, 133, 2051, 2053, 2056]"
2057,"[1.0, 1.0, 1.0, 1.0, 1.0, 1.0]","[2052, 2054, 2055, 2057, 2064, 2066]"
2058,"[1.0, 1.0, 1.0, 1.0, 1.0, 1.0]","[147, 157, 158, 159, 247, 248]"
2059,"[1.0, 1.0, 1.0, 1.0, 1.0, 1.0]","[35, 55, 323, 742, 1169, 1302]"
2060,"[0.75, 0.75, 0.75, 0.75, 0.75, 1.0]","[33, 51, 61, 145, 146, 2060]"
2061,"[0.75, 0.75, 0.75, 0.75, 1.0, 1.0]","[72, 93, 125, 133, 2061, 2062]"
2062,"[0.75, 0.75, 0.75, 0.75, 1.0, 1.0]","[72, 93, 125, 133, 2061, 2062]"
2063,"[0.75, 0.75, 0.75, 1.0, 1.0, 1.0]","[93, 125, 133, 2063, 2065, 2068]"
2064,"[1.0, 1.0, 1.0, 1.0, 1.0, 1.0]","[2052, 2054, 2055, 2057, 2064, 2066]"
2065,"[0.75, 0.75, 0.75, 1.0, 1.0, 1.0]","[93, 125, 133, 2063, 2065, 2068]"
2066,"[1.0, 1.0, 1.0, 1.0, 1.0, 1.0]","[2052, 2054, 2055, 2057, 2064, 2066]"
2067,"[1.0, 1.0, 1.0, 1.0, 1.0, 1.0]","[2052, 2054, 2055, 2057, 2064, 2066]"
2068,"[0.75, 0.75, 0.75, 1.0, 1.0, 1.0]","[93, 125, 133, 2063, 2065, 2068]"
2069,"[1.0, 1.0, 1.0, 1.0, 1.0, 1.0]","[2052, 2054, 2055, 2057, 2064, 2066]"
2070,"[1.0, 1.0, 1.0, 1.0, 1.0, 1.0]","[34, 202, 318, 349, 398, 409]"
2071,"[0.75, 0.75, 1.0, 1.0, 1.0, 1.0]","[74, 75, 2071, 2139, 2140, 2164]"
2072,"[1.0, 1.0, 1.0, 1.0, 1.0, 1.0]","[1273, 1460, 1461, 1462, 1493, 1564]"
2073,"[1.0, 1.0, 1.0, 1.0, 1.0, 1.0]","[1273, 1460, 1461, 1462, 1493, 1564]"
2074,"[1.0, 1.0, 1.0, 1.0, 1.0, 1.0]","[706, 710, 711, 713, 1458, 1463]"
2075,"[1.0, 1.0, 1.0, 1.0, 1.0, 1.0]","[147, 157, 158, 159, 247, 248]"
2076,"[1.0, 1.0, 1.0, 1.0, 1.0, 1.0]","[147, 157, 158, 159, 247, 248]"
2077,"[1.0, 1.0, 1.0, 1.0, 1.0, 1.0]","[147, 157, 158, 159, 247, 248]"
2078,"[1.0, 1.0, 1.0, 1.0, 1.0, 1.0]","[706, 710, 711, 713, 1458, 1463]"
2079,"[1.0, 1.0, 1.0, 1.0, 1.0, 1.0]","[147, 157, 158, 159, 247, 248]"
2080,"[1.0, 1.0, 1.0, 1.0, 1.0, 1.0]","[147, 157, 158, 159, 247, 248]"
2081,"[1.0, 1.0, 1.0, 1.0, 1.0, 1.0]","[147, 157, 158, 159, 247, 248]"
2082,"[1.0, 1.0, 1.0, 1.0, 1.0, 1.0]","[147, 157, 158, 159, 247, 248]"
2083,"[1.0, 1.0, 1.0, 1.0, 1.0, 1.0]","[147, 157, 158, 159, 247, 248]"
2084,"[0.75, 0.75, 1.0, 1.0, 1.0, 1.0]","[143, 145, 1797, 2084, 3696, 6100]"
2085,"[1.0, 1.0, 1.0, 1.0, 1.0, 1.0]","[147, 157, 158, 159, 247, 248]"
2086,"[1.0, 1.0, 1.0, 1.0, 1.0, 1.0]","[147, 157, 158, 159, 247, 248]"
2087,"[1.0, 1.0, 1.0, 1.0, 1.0, 1.0]","[147, 157, 158, 159, 247, 248]"
2088,"[1.0, 1.0, 1.0, 1.0, 1.0, 1.0]","[147, 157, 158, 159, 247, 248]"
2089,"[1.0, 1.0, 1.0, 1.0, 1.0, 1.0]","[147, 157, 158, 159, 247, 248]"
2090,"[1.0, 1.0, 1.0, 1.0, 1.0, 1.0]","[2090, 2091, 2092, 2093, 2094, 2095]"
2091,"[1.0, 1.0, 1.0, 1.0, 1.0, 1.0]","[2090, 2091, 2092, 2093, 2094, 2095]"
2092,"[1.0, 1.0, 1.0, 1.0, 1.0, 1.0]","[2090, 2091, 2092, 2093, 2094, 2095]"
2093,"[1.0, 1.0, 1.0, 1.0, 1.0, 1.0]","[2090, 2091, 2092, 2093, 2094, 2095]"
2094,"[1.0, 1.0, 1.0, 1.0, 1.0, 1.0]","[2090, 2091, 2092, 2093, 2094, 2095]"
2095,"[1.0, 1.0, 1.0, 1.0, 1.0, 1.0]","[2090, 2091, 2092, 2093, 2094, 2095]"
2096,"[1.0, 1.0, 1.0, 1.0, 1.0, 1.0]","[147, 157, 158, 159, 247, 248]"
2097,"[1.0, 1.0, 1.0, 1.0, 1.0, 1.0]","[147, 157, 158, 159, 247, 248]"
2098,"[1.0, 1.0, 1.0, 1.0, 1.0, 1.0]","[147, 157, 158, 159, 247, 248]"
2099,"[1.0, 1.0, 1.0, 1.0, 1.0, 1.0]","[147, 157, 158, 159, 247, 248]"
2100,"[1.0, 1.0, 1.0, 1.0, 1.0, 1.0]","[147, 157, 158, 159, 247, 248]"
2101,"[1.0, 1.0, 1.0, 1.0, 1.0, 1.0]","[147, 157, 158, 159, 247, 248]"
2102,"[1.0, 1.0, 1.0, 1.0, 1.0, 1.0]","[147, 157, 158, 159, 247, 248]"
2103,"[0.75, 0.75, 0.75, 0.75, 0.75, 1.0]","[70, 72, 93, 125, 133, 2103]"
2104,"[0.75, 0.75, 0.75, 0.75, 0.75, 1.0]","[161, 169, 181, 187, 219, 2104]"
2105,"[0.75, 0.75, 1.0, 0.75, 0.75, 0.75]","[2103, 2104, 2105, 2118, 2121, 2125]"
2106,"[1.0, 1.0, 1.0, 1.0, 1.0, 1.0]","[0, 2, 7, 10, 11, 12]"
2107,"[0.75, 0.75, 0.75, 1.0, 1.0, 1.0]","[181, 187, 219, 2107, 2108, 2113]"
2108,"[0.75, 0.75, 0.75, 1.0, 1.0, 1.0]","[181, 187, 219, 2107, 2108, 2113]"
2109,"[1.0, 1.0, 1.0, 1.0, 1.0, 1.0]","[147, 157, 158, 159, 247, 248]"
2110,"[1.0, 1.0, 1.0, 1.0, 1.0, 1.0]","[147, 157, 158, 159, 247, 248]"
2111,"[1.0, 1.0, 1.0, 1.0, 1.0, 1.0]","[147, 157, 158, 159, 247, 248]"
2112,"[1.0, 1.0, 1.0, 1.0, 1.0, 1.0]","[2090, 2091, 2092, 2093, 2094, 2095]"
2113,"[0.75, 0.75, 0.75, 1.0, 1.0, 1.0]","[181, 187, 219, 2107, 2108, 2113]"
2114,"[1.0, 1.0, 1.0, 1.0, 1.0, 1.0]","[144, 163, 165, 168, 173, 180]"
2115,"[1.0, 1.0, 1.0, 1.0, 1.0, 1.0]","[144, 163, 165, 168, 173, 180]"
2116,"[1.0, 0.75, 0.75, 0.75, 0.75, 0.75]","[2116, 2117, 2118, 2119, 2121, 2122]"
2117,"[0.75, 0.75, 0.75, 0.75, 0.75, 1.0]","[161, 169, 181, 187, 219, 2117]"
2118,"[0.75, 0.75, 0.75, 1.0, 0.75, 1.0]","[2105, 2116, 2117, 2118, 2119, 2121]"
2119,"[0.75, 0.75, 0.75, 0.75, 0.75, 1.0]","[35, 47, 55, 58, 97, 2119]"
2120,"[0.75, 0.75, 0.75, 0.75, 1.0, 1.0]","[78, 79, 143, 145, 2120, 2123]"
2121,"[0.75, 0.75, 0.75, 1.0, 0.75, 1.0]","[2105, 2116, 2117, 2118, 2119, 2121]"
2122,"[0.75, 0.75, 0.75, 0.75, 0.75, 1.0]","[2116, 2117, 2118, 2119, 2121, 2122]"
2123,"[0.75, 0.75, 0.75, 0.75, 1.0, 1.0]","[78, 79, 143, 145, 2120, 2123]"
2124,"[0.5, 0.5, 0.75, 1.0, 0.75, 0.75]","[38, 39, 2122, 2124, 2125, 2158]"
2125,"[0.75, 0.75, 0.75, 0.75, 1.0, 0.75]","[2105, 2118, 2121, 2124, 2125, 2126]"
2126,"[0.75, 0.75, 0.75, 1.0, 1.0, 1.0]","[55, 74, 75, 2126, 2127, 2141]"
2127,"[0.75, 0.75, 0.75, 1.0, 1.0, 1.0]","[55, 74, 75, 2126, 2127, 2141]"
2128,"[0.75, 0.75, 0.75, 0.75, 1.0, 1.0]","[169, 181, 187, 219, 2128, 2129]"
2129,"[0.75, 0.75, 0.75, 0.75, 1.0, 1.0]","[169, 181, 187, 219, 2128, 2129]"
2130,"[0.75, 0.75, 0.75, 1.0, 1.0, 1.0]","[10, 11, 12, 1518, 1522, 2130]"
2131,"[0.75, 1.0, 0.75, 1.0, 1.0, 1.0]","[6, 8, 13, 2131, 5301, 6960]"
2132,"[0.75, 0.75, 0.75, 0.75, 0.75, 1.0]","[2118, 2121, 2125, 2126, 2127, 2132]"
2133,"[0.75, 0.75, 0.75, 0.75, 0.75, 1.0]","[191, 620, 622, 624, 625, 2133]"
2134,"[1.0, 1.0, 1.0, 1.0, 1.0, 1.0]","[706, 710, 711, 713, 1458, 1463]"
2135,"[1.0, 1.0, 1.0, 1.0, 1.0, 1.0]","[706, 710, 711, 713, 1458, 1463]"
2136,"[0.75, 0.75, 0.75, 1.0, 1.0, 1.0]","[6, 8, 13, 2136, 2138, 5821]"
2137,"[1.0, 1.0, 1.0, 1.0, 1.0, 1.0]","[706, 710, 711, 713, 1458, 1463]"
2138,"[0.75, 0.75, 0.75, 1.0, 1.0, 1.0]","[6, 8, 13, 2136, 2138, 5821]"
2139,"[0.75, 0.75, 1.0, 1.0, 1.0, 1.0]","[74, 75, 2071, 2139, 2140, 2164]"
2140,"[0.75, 0.75, 1.0, 1.0, 1.0, 1.0]","[74, 75, 2071, 2139, 2140, 2164]"
2141,"[0.75, 0.75, 0.75, 1.0, 1.0, 1.0]","[55, 74, 75, 2126, 2127, 2141]"
2142,"[0.75, 0.75, 0.75, 0.75, 0.75, 1.0]","[161, 169, 181, 187, 219, 2142]"
2143,"[0.5, 0.75, 1.0, 0.75, 0.75, 0.75]","[39, 2142, 2143, 2144, 2145, 2153]"
2144,"[0.75, 0.75, 0.75, 0.75, 0.75, 1.0]","[2071, 2139, 2140, 2142, 2143, 2144]"
2145,"[0.75, 0.75, 0.75, 0.75, 0.75, 1.0]","[70, 72, 93, 125, 133, 2145]"
2146,"[0.75, 0.75, 0.75, 0.75, 0.75, 1.0]","[33, 51, 61, 145, 146, 2146]"
2147,"[0.75, 0.75, 0.75, 0.75, 0.75, 1.0]","[34, 35, 55, 74, 75, 2147]"
2148,"[0.75, 0.75, 0.75, 0.75, 0.75, 1.0]","[161, 169, 181, 187, 219, 2148]"
2149,"[0.75, 1.0, 0.75, 0.75, 0.75, 0.75]","[2148, 2149, 2150, 2151, 2156, 2159]"
2150,"[0.75, 0.75, 0.75, 0.75, 0.75, 1.0]","[2139, 2140, 2144, 2148, 2149, 2150]"
2151,"[0.75, 0.75, 0.75, 0.75, 0.75, 1.0]","[70, 72, 93, 125, 133, 2151]"
2152,"[0.75, 0.75, 1.0, 1.0, 1.0, 1.0]","[145, 146, 1335, 1343, 2152, 5927]"
2153,"[0.75, 0.75, 0.75, 0.75, 0.75, 1.0]","[34, 35, 55, 74, 75, 2153]"
2154,"[0.75, 0.75, 0.75, 0.75, 0.75, 1.0]","[70, 72, 93, 125, 133, 2154]"
2155,"[0.75, 0.75, 0.75, 0.75, 0.75, 1.0]","[161, 169, 181, 187, 219, 2155]"
2156,"[0.75, 0.75, 0.75, 1.0, 0.75, 0.75]","[2149, 2154, 2155, 2156, 2157, 2159]"
2157,"[0.75, 0.75, 0.75, 0.75, 0.75, 1.0]","[2139, 2140, 2144, 2150, 2154, 2157]"
2158,"[0.75, 0.75, 0.75, 0.75, 0.75, 1.0]","[34, 35, 55, 74, 75, 2158]"
2159,"[0.75, 0.75, 0.75, 0.75, 0.75, 1.0]","[34, 35, 55, 74, 75, 2159]"
2160,"[1.0, 1.0, 1.0, 1.0, 1.0, 1.0]","[34, 202, 318, 349, 398, 409]"
2161,"[0.75, 0.75, 0.75, 0.75, 0.75, 1.0]","[35, 47, 55, 58, 97, 2161]"
2162,"[0.75, 0.75, 0.75, 0.75, 0.75, 1.0]","[70, 72, 93, 125, 133, 2162]"
2163,"[1.0, 1.0, 1.0, 1.0, 1.0, 1.0]","[627, 629, 630, 892, 1452, 2163]"
2164,"[0.75, 0.75, 1.0, 1.0, 1.0, 1.0]","[74, 75, 2071, 2139, 2140, 2164]"
2165,"[0.75, 0.75, 0.75, 0.75, 0.75, 1.0]","[161, 169, 181, 187, 219, 2165]"
2166,"[0.75, 0.75, 0.75, 0.75, 0.75, 1.0]","[2139, 2140, 2144, 2150, 2157, 2166]"
2167,"[1.0, 1.0, 1.0, 1.0, 1.0, 1.0]","[2090, 2091, 2092, 2093, 2094, 2095]"
2168,"[0.75, 0.75, 0.75, 0.75, 0.75, 1.0]","[33, 51, 61, 145, 146, 2168]"
2169,"[1.0, 1.0, 1.0, 1.0, 1.0, 1.0]","[147, 157, 158, 159, 247, 248]"
2170,"[1.0, 1.0, 1.0, 1.0, 1.0, 1.0]","[147, 157, 158, 159, 247, 248]"
2171,"[1.0, 1.0, 1.0, 1.0, 1.0, 1.0]","[147, 157, 158, 159, 247, 248]"
2172,"[1.0, 1.0, 1.0, 1.0, 1.0, 1.0]","[147, 157, 158, 159, 247, 248]"
2173,"[1.0, 1.0, 1.0, 1.0, 1.0, 1.0]","[147, 157, 158, 159, 247, 248]"
2174,"[1.0, 1.0, 1.0, 1.0, 1.0, 1.0]","[2090, 2091, 2092, 2093, 2094, 2095]"
2175,"[0.75, 0.75, 0.75, 0.75, 1.0, 1.0]","[51, 61, 145, 146, 2175, 2180]"
2176,"[1.0, 1.0, 1.0, 1.0, 1.0, 1.0]","[147, 157, 158, 159, 247, 248]"
2177,"[1.0, 1.0, 1.0, 1.0, 1.0, 1.0]","[147, 157, 158, 159, 247, 248]"
2178,"[1.0, 1.0, 1.0, 1.0, 1.0, 1.0]","[147, 157, 158, 159, 247, 248]"
2179,"[1.0, 1.0, 1.0, 1.0, 1.0, 1.0]","[2090, 2091, 2092, 2093, 2094, 2095]"
2180,"[0.75, 0.75, 0.75, 0.75, 1.0, 1.0]","[51, 61, 145, 146, 2175, 2180]"
2181,"[1.0, 1.0, 1.0, 1.0, 1.0, 1.0]","[147, 157, 158, 159, 247, 248]"
2182,"[1.0, 1.0, 1.0, 1.0, 1.0, 1.0]","[147, 157, 158, 159, 247, 248]"
2183,"[0.75, 0.75, 0.75, 0.75, 0.75, 1.0]","[161, 169, 181, 187, 219, 2183]"
2184,"[0.75, 0.75, 0.75, 0.75, 0.75, 1.0]","[2139, 2140, 2144, 2150, 2157, 2184]"
2185,"[1.0, 1.0, 1.0, 1.0, 1.0, 1.0]","[2090, 2091, 2092, 2093, 2094, 2095]"
2186,"[0.75, 0.75, 0.75, 0.75, 0.75, 1.0]","[33, 51, 61, 145, 146, 2186]"
2187,"[1.0, 1.0, 1.0, 1.0, 1.0, 1.0]","[2090, 2091, 2092, 2093, 2094, 2095]"
2188,"[1.0, 1.0, 1.0, 1.0, 1.0, 1.0]","[147, 157, 158, 159, 247, 248]"
2189,"[1.0, 1.0, 1.0, 1.0, 1.0, 1.0]","[147, 157, 158, 159, 247, 248]"
2190,"[1.0, 1.0, 1.0, 1.0, 1.0, 1.0]","[147, 157, 158, 159, 247, 248]"
2191,"[1.0, 1.0, 1.0, 1.0, 1.0, 1.0]","[147, 157, 158, 159, 247, 248]"
2192,"[1.0, 1.0, 1.0, 1.0, 1.0, 1.0]","[147, 157, 158, 159, 247, 248]"
2193,"[1.0, 1.0, 1.0, 1.0, 1.0, 1.0]","[147, 157, 158, 159, 247, 248]"
2194,"[1.0, 1.0, 1.0, 1.0, 1.0, 1.0]","[147, 157, 158, 159, 247, 248]"
2195,"[1.0, 1.0, 1.0, 1.0, 1.0, 1.0]","[2195, 2196, 2198, 2203, 2205, 2209]"
2196,"[1.0, 1.0, 1.0, 1.0, 1.0, 1.0]","[2195, 2196, 2198, 2203, 2205, 2209]"
2197,"[0.75, 0.75, 1.0, 1.0, 1.0, 1.0]","[23, 25, 2197, 2214, 3569, 3608]"
2198,"[1.0, 1.0, 1.0, 1.0, 1.0, 1.0]","[2195, 2196, 2198, 2203, 2205, 2209]"
2199,"[0.75, 0.75, 1.0, 1.0, 1.0, 1.0]","[58, 97, 2199, 2200, 2201, 2202]"
2200,"[0.75, 0.75, 1.0, 1.0, 1.0, 1.0]","[58, 97, 2199, 2200, 2201, 2202]"
2201,"[0.75, 0.75, 1.0, 1.0, 1.0, 1.0]","[58, 97, 2199, 2200, 2201, 2202]"
2202,"[0.75, 0.75, 1.0, 1.0, 1.0, 1.0]","[58, 97, 2199, 2200, 2201, 2202]"
2203,"[1.0, 1.0, 1.0, 1.0, 1.0, 1.0]","[2195, 2196, 2198, 2203, 2205, 2209]"
2204,"[0.75, 0.75, 1.0, 1.0, 1.0, 1.0]","[58, 97, 2204, 2206, 2207, 2208]"
2205,"[1.0, 1.0, 1.0, 1.0, 1.0, 1.0]","[2195, 2196, 2198, 2203, 2205, 2209]"
2206,"[0.75, 0.75, 1.0, 1.0, 1.0, 1.0]","[58, 97, 2204, 2206, 2207, 2208]"
2207,"[0.75, 0.75, 1.0, 1.0, 1.0, 1.0]","[58, 97, 2204, 2206, 2207, 2208]"
2208,"[0.75, 0.75, 1.0, 1.0, 1.0, 1.0]","[58, 97, 2204, 2206, 2207, 2208]"
2209,"[1.0, 1.0, 1.0, 1.0, 1.0, 1.0]","[2195, 2196, 2198, 2203, 2205, 2209]"
2210,"[1.0, 1.0, 1.0, 1.0, 1.0, 1.0]","[2195, 2196, 2198, 2203, 2205, 2209]"
2211,"[0.75, 0.75, 1.0, 1.0, 1.0, 1.0]","[58, 97, 2211, 2212, 2213, 2215]"
2212,"[0.75, 0.75, 1.0, 1.0, 1.0, 1.0]","[58, 97, 2211, 2212, 2213, 2215]"
2213,"[0.75, 0.75, 1.0, 1.0, 1.0, 1.0]","[58, 97, 2211, 2212, 2213, 2215]"
2214,"[0.75, 0.75, 1.0, 1.0, 1.0, 1.0]","[23, 25, 2197, 2214, 3569, 3608]"
2215,"[0.75, 0.75, 1.0, 1.0, 1.0, 1.0]","[58, 97, 2211, 2212, 2213, 2215]"
2216,"[1.0, 1.0, 1.0, 1.0, 1.0, 1.0]","[2195, 2196, 2198, 2203, 2205, 2209]"
2217,"[1.0, 1.0, 1.0, 1.0, 1.0, 1.0]","[2195, 2196, 2198, 2203, 2205, 2209]"
2218,"[0.75, 0.75, 1.0, 1.0, 1.0, 1.0]","[58, 97, 2218, 2219, 2221, 2222]"
2219,"[0.75, 0.75, 1.0, 1.0, 1.0, 1.0]","[58, 97, 2218, 2219, 2221, 2222]"
2220,"[1.0, 1.0, 1.0, 1.0, 1.0, 1.0]","[2195, 2196, 2198, 2203, 2205, 2209]"
2221,"[0.75, 0.75, 1.0, 1.0, 1.0, 1.0]","[58, 97, 2218, 2219, 2221, 2222]"
2222,"[0.75, 0.75, 1.0, 1.0, 1.0, 1.0]","[58, 97, 2218, 2219, 2221, 2222]"
2223,"[1.0, 1.0, 1.0, 1.0, 1.0, 1.0]","[2195, 2196, 2198, 2203, 2205, 2209]"
2224,"[1.0, 1.0, 1.0, 1.0, 1.0, 1.0]","[2195, 2196, 2198, 2203, 2205, 2209]"
2225,"[1.0, 1.0, 1.0, 1.0, 1.0, 1.0]","[307, 313, 345, 347, 348, 359]"
2226,"[0.75, 0.75, 0.75, 1.0, 1.0, 1.0]","[55, 58, 97, 2226, 2227, 2228]"
2227,"[0.75, 0.75, 0.75, 1.0, 1.0, 1.0]","[55, 58, 97, 2226, 2227, 2228]"
2228,"[0.75, 0.75, 0.75, 1.0, 1.0, 1.0]","[55, 58, 97, 2226, 2227, 2228]"
2229,"[1.0, 1.0, 1.0, 1.0, 1.0, 1.0]","[2195, 2196, 2198, 2203, 2205, 2209]"
2230,"[1.0, 1.0, 1.0, 1.0, 1.0, 1.0]","[2195, 2196, 2198, 2203, 2205, 2209]"
2231,"[1.0, 1.0, 1.0, 1.0, 1.0, 1.0]","[2195, 2196, 2198, 2203, 2205, 2209]"
2232,"[1.0, 1.0, 1.0, 1.0, 1.0, 1.0]","[2195, 2196, 2198, 2203, 2205, 2209]"
2233,"[0.75, 0.75, 1.0, 1.0, 1.0, 1.0]","[58, 97, 2233, 2234, 2235, 2236]"
2234,"[0.75, 0.75, 1.0, 1.0, 1.0, 1.0]","[58, 97, 2233, 2234, 2235, 2236]"
2235,"[0.75, 0.75, 1.0, 1.0, 1.0, 1.0]","[58, 97, 2233, 2234, 2235, 2236]"
2236,"[0.75, 0.75, 1.0, 1.0, 1.0, 1.0]","[58, 97, 2233, 2234, 2235, 2236]"
2237,"[1.0, 1.0, 1.0, 1.0, 1.0, 1.0]","[2195, 2196, 2198, 2203, 2205, 2209]"
2238,"[1.0, 1.0, 1.0, 1.0, 1.0, 1.0]","[2195, 2196, 2198, 2203, 2205, 2209]"
2239,"[0.75, 0.75, 1.0, 1.0, 1.0, 1.0]","[58, 97, 2239, 2240, 2242, 2243]"
2240,"[0.75, 0.75, 1.0, 1.0, 1.0, 1.0]","[58, 97, 2239, 2240, 2242, 2243]"
2241,"[1.0, 1.0, 1.0, 1.0, 1.0, 1.0]","[2195, 2196, 2198, 2203, 2205, 2209]"
2242,"[0.75, 0.75, 1.0, 1.0, 1.0, 1.0]","[58, 97, 2239, 2240, 2242, 2243]"
2243,"[0.75, 0.75, 1.0, 1.0, 1.0, 1.0]","[58, 97, 2239, 2240, 2242, 2243]"
2244,"[1.0, 1.0, 1.0, 1.0, 1.0, 1.0]","[2195, 2196, 2198, 2203, 2205, 2209]"
2245,"[1.0, 1.0, 1.0, 1.0, 1.0, 1.0]","[2195, 2196, 2198, 2203, 2205, 2209]"
2246,"[1.0, 1.0, 1.0, 1.0, 1.0, 1.0]","[2195, 2196, 2198, 2203, 2205, 2209]"
2247,"[0.75, 0.75, 1.0, 1.0, 1.0, 1.0]","[58, 97, 2247, 2248, 2249, 2250]"
2248,"[0.75, 0.75, 1.0, 1.0, 1.0, 1.0]","[58, 97, 2247, 2248, 2249, 2250]"
2249,"[0.75, 0.75, 1.0, 1.0, 1.0, 1.0]","[58, 97, 2247, 2248, 2249, 2250]"
2250,"[0.75, 0.75, 1.0, 1.0, 1.0, 1.0]","[58, 97, 2247, 2248, 2249, 2250]"
2251,"[1.0, 1.0, 1.0, 1.0, 1.0, 1.0]","[2195, 2196, 2198, 2203, 2205, 2209]"
2252,"[1.0, 1.0, 1.0, 1.0, 1.0, 1.0]","[2195, 2196, 2198, 2203, 2205, 2209]"
2253,"[1.0, 1.0, 1.0, 1.0, 1.0, 1.0]","[2195, 2196, 2198, 2203, 2205, 2209]"
2254,"[1.0, 1.0, 1.0, 1.0, 1.0, 1.0]","[2195, 2196, 2198, 2203, 2205, 2209]"
2255,"[0.75, 0.75, 1.0, 1.0, 1.0, 1.0]","[58, 97, 2255, 2256, 2257, 2259]"
2256,"[0.75, 0.75, 1.0, 1.0, 1.0, 1.0]","[58, 97, 2255, 2256, 2257, 2259]"
2257,"[0.75, 0.75, 1.0, 1.0, 1.0, 1.0]","[58, 97, 2255, 2256, 2257, 2259]"
2258,"[1.0, 1.0, 1.0, 1.0, 1.0, 1.0]","[2195, 2196, 2198, 2203, 2205, 2209]"
2259,"[0.75, 0.75, 1.0, 1.0, 1.0, 1.0]","[58, 97, 2255, 2256, 2257, 2259]"
2260,"[1.0, 1.0, 1.0, 1.0, 1.0, 1.0]","[2195, 2196, 2198, 2203, 2205, 2209]"
2261,"[1.0, 1.0, 1.0, 1.0, 1.0, 1.0]","[2195, 2196, 2198, 2203, 2205, 2209]"
2262,"[1.0, 1.0, 1.0, 1.0, 1.0, 1.0]","[2195, 2196, 2198, 2203, 2205, 2209]"
2263,"[1.0, 1.0, 1.0, 1.0, 1.0, 1.0]","[2195, 2196, 2198, 2203, 2205, 2209]"
2264,"[0.75, 0.75, 1.0, 1.0, 1.0, 1.0]","[58, 97, 2264, 2265, 2266, 2268]"
2265,"[0.75, 0.75, 1.0, 1.0, 1.0, 1.0]","[58, 97, 2264, 2265, 2266, 2268]"
2266,"[0.75, 0.75, 1.0, 1.0, 1.0, 1.0]","[58, 97, 2264, 2265, 2266, 2268]"
2267,"[1.0, 1.0, 1.0, 1.0, 1.0, 1.0]","[307, 313, 345, 347, 348, 359]"
2268,"[0.75, 0.75, 1.0, 1.0, 1.0, 1.0]","[58, 97, 2264, 2265, 2266, 2268]"
2269,"[1.0, 1.0, 1.0, 1.0, 1.0, 1.0]","[2195, 2196, 2198, 2203, 2205, 2209]"
2270,"[1.0, 1.0, 1.0, 1.0, 1.0, 1.0]","[2195, 2196, 2198, 2203, 2205, 2209]"
2271,"[1.0, 1.0, 1.0, 1.0, 1.0, 1.0]","[2195, 2196, 2198, 2203, 2205, 2209]"
2272,"[1.0, 1.0, 1.0, 1.0, 1.0, 1.0]","[2195, 2196, 2198, 2203, 2205, 2209]"
2273,"[1.0, 1.0, 1.0, 1.0, 1.0, 1.0]","[2195, 2196, 2198, 2203, 2205, 2209]"
2274,"[1.0, 1.0, 1.0, 1.0, 1.0, 1.0]","[2195, 2196, 2198, 2203, 2205, 2209]"
2275,"[1.0, 1.0, 1.0, 1.0, 1.0, 1.0]","[2195, 2196, 2198, 2203, 2205, 2209]"
2276,"[1.0, 1.0, 1.0, 1.0, 1.0, 1.0]","[2195, 2196, 2198, 2203, 2205, 2209]"
2277,"[1.0, 1.0, 1.0, 1.0, 1.0, 1.0]","[2195, 2196, 2198, 2203, 2205, 2209]"
2278,"[1.0, 1.0, 1.0, 1.0, 1.0, 1.0]","[2195, 2196, 2198, 2203, 2205, 2209]"
2279,"[1.0, 1.0, 1.0, 1.0, 1.0, 1.0]","[2195, 2196, 2198, 2203, 2205, 2209]"
2280,"[1.0, 1.0, 1.0, 1.0, 1.0, 1.0]","[2195, 2196, 2198, 2203, 2205, 2209]"
2281,"[1.0, 1.0, 1.0, 1.0, 1.0, 1.0]","[307, 313, 345, 347, 348, 359]"
2282,"[1.0, 1.0, 1.0, 1.0, 1.0, 1.0]","[2195, 2196, 2198, 2203, 2205, 2209]"
2283,"[1.0, 1.0, 1.0, 1.0, 1.0, 1.0]","[2195, 2196, 2198, 2203, 2205, 2209]"
2284,"[1.0, 1.0, 1.0, 1.0, 1.0, 1.0]","[2195, 2196, 2198, 2203, 2205, 2209]"
2285,"[1.0, 1.0, 1.0, 1.0, 1.0, 1.0]","[2195, 2196, 2198, 2203, 2205, 2209]"
2286,"[1.0, 1.0, 1.0, 1.0, 1.0, 1.0]","[2195, 2196, 2198, 2203, 2205, 2209]"
2287,"[1.0, 1.0, 1.0, 1.0, 1.0, 1.0]","[2195, 2196, 2198, 2203, 2205, 2209]"
2288,"[1.0, 1.0, 1.0, 1.0, 1.0, 1.0]","[2195, 2196, 2198, 2203, 2205, 2209]"
2289,"[1.0, 1.0, 1.0, 1.0, 1.0, 1.0]","[2195, 2196, 2198, 2203, 2205, 2209]"
2290,"[1.0, 1.0, 1.0, 1.0, 1.0, 1.0]","[2195, 2196, 2198, 2203, 2205, 2209]"
2291,"[1.0, 1.0, 1.0, 1.0, 1.0, 1.0]","[2195, 2196, 2198, 2203, 2205, 2209]"
2292,"[1.0, 1.0, 1.0, 1.0, 1.0, 1.0]","[2195, 2196, 2198, 2203, 2205, 2209]"
2293,"[1.0, 1.0, 1.0, 1.0, 1.0, 1.0]","[2195, 2196, 2198, 2203, 2205, 2209]"
2294,"[1.0, 1.0, 1.0, 1.0, 1.0, 1.0]","[307, 313, 345, 347, 348, 359]"
2295,"[1.0, 1.0, 1.0, 1.0, 1.0, 1.0]","[2195, 2196, 2198, 2203, 2205, 2209]"
2296,"[1.0, 1.0, 1.0, 1.0, 1.0, 1.0]","[2195, 2196, 2198, 2203, 2205, 2209]"
2297,"[1.0, 1.0, 1.0, 1.0, 1.0, 1.0]","[2195, 2196, 2198, 2203, 2205, 2209]"
2298,"[1.0, 1.0, 1.0, 1.0, 1.0, 1.0]","[2195, 2196, 2198, 2203, 2205, 2209]"
2299,"[1.0, 1.0, 1.0, 1.0, 1.0, 1.0]","[2195, 2196, 2198, 2203, 2205, 2209]"
2300,"[1.0, 1.0, 1.0, 1.0, 1.0, 1.0]","[2195, 2196, 2198, 2203, 2205, 2209]"
2301,"[1.0, 1.0, 1.0, 1.0, 1.0, 1.0]","[2195, 2196, 2198, 2203, 2205, 2209]"
2302,"[1.0, 1.0, 1.0, 1.0, 1.0, 1.0]","[2195, 2196, 2198, 2203, 2205, 2209]"
2303,"[1.0, 1.0, 1.0, 1.0, 1.0, 1.0]","[2195, 2196, 2198, 2203, 2205, 2209]"
2304,"[1.0, 1.0, 1.0, 1.0, 1.0, 1.0]","[2195, 2196, 2198, 2203, 2205, 2209]"
2305,"[1.0, 1.0, 1.0, 1.0, 1.0, 1.0]","[2195, 2196, 2198, 2203, 2205, 2209]"
2306,"[1.0, 1.0, 1.0, 1.0, 1.0, 1.0]","[2195, 2196, 2198, 2203, 2205, 2209]"
2307,"[1.0, 1.0, 1.0, 1.0, 1.0, 1.0]","[2195, 2196, 2198, 2203, 2205, 2209]"
2308,"[1.0, 1.0, 1.0, 1.0, 1.0, 1.0]","[2195, 2196, 2198, 2203, 2205, 2209]"
2309,"[1.0, 1.0, 1.0, 1.0, 1.0, 1.0]","[2195, 2196, 2198, 2203, 2205, 2209]"
2310,"[1.0, 1.0, 1.0, 1.0, 1.0, 1.0]","[2195, 2196, 2198, 2203, 2205, 2209]"
2311,"[1.0, 1.0, 1.0, 1.0, 1.0, 1.0]","[2195, 2196, 2198, 2203, 2205, 2209]"
2312,"[1.0, 1.0, 1.0, 1.0, 1.0, 1.0]","[2195, 2196, 2198, 2203, 2205, 2209]"
2313,"[1.0, 1.0, 1.0, 1.0, 1.0, 1.0]","[2195, 2196, 2198, 2203, 2205, 2209]"
2314,"[1.0, 1.0, 1.0, 1.0, 1.0, 1.0]","[2195, 2196, 2198, 2203, 2205, 2209]"
2315,"[1.0, 1.0, 1.0, 1.0, 1.0, 1.0]","[2195, 2196, 2198, 2203, 2205, 2209]"
2316,"[1.0, 1.0, 1.0, 1.0, 1.0, 1.0]","[317, 1509, 2316, 3761, 4754, 5229]"
2317,"[1.0, 1.0, 1.0, 1.0, 1.0, 1.0]","[2195, 2196, 2198, 2203, 2205, 2209]"
2318,"[1.0, 1.0, 1.0, 1.0, 1.0, 1.0]","[2195, 2196, 2198, 2203, 2205, 2209]"
2319,"[0.75, 0.75, 1.0, 1.0, 1.0, 1.0]","[839, 1181, 2319, 2321, 2362, 2364]"
2320,"[1.0, 1.0, 1.0, 1.0, 1.0, 1.0]","[2195, 2196, 2198, 2203, 2205, 2209]"
2321,"[0.75, 0.75, 1.0, 1.0, 1.0, 1.0]","[839, 1181, 2319, 2321, 2362, 2364]"
2322,"[1.0, 1.0, 1.0, 1.0, 1.0, 1.0]","[2195, 2196, 2198, 2203, 2205, 2209]"
2323,"[0.75, 0.75, 1.0, 1.0, 1.0, 1.0]","[1879, 1881, 2323, 2328, 2332, 3173]"
2324,"[1.0, 1.0, 1.0, 1.0, 1.0, 1.0]","[2195, 2196, 2198, 2203, 2205, 2209]"
2325,"[1.0, 1.0, 1.0, 1.0, 1.0, 1.0]","[2195, 2196, 2198, 2203, 2205, 2209]"
2326,"[1.0, 1.0, 1.0, 1.0, 1.0, 1.0]","[2195, 2196, 2198, 2203, 2205, 2209]"
2327,"[1.0, 1.0, 1.0, 1.0, 1.0, 1.0]","[2195, 2196, 2198, 2203, 2205, 2209]"
2328,"[0.75, 0.75, 1.0, 1.0, 1.0, 1.0]","[1879, 1881, 2323, 2328, 2332, 3173]"
2329,"[1.0, 1.0, 1.0, 1.0, 1.0, 1.0]","[2195, 2196, 2198, 2203, 2205, 2209]"
2330,"[1.0, 1.0, 1.0, 1.0, 1.0, 1.0]","[2195, 2196, 2198, 2203, 2205, 2209]"
2331,"[1.0, 1.0, 1.0, 1.0, 1.0, 1.0]","[2195, 2196, 2198, 2203, 2205, 2209]"
2332,"[0.75, 0.75, 1.0, 1.0, 1.0, 1.0]","[1879, 1881, 2323, 2328, 2332, 3173]"
2333,"[1.0, 1.0, 1.0, 1.0, 1.0, 1.0]","[2195, 2196, 2198, 2203, 2205, 2209]"
2334,"[1.0, 1.0, 1.0, 1.0, 1.0, 1.0]","[2195, 2196, 2198, 2203, 2205, 2209]"
2335,"[1.0, 1.0, 1.0, 1.0, 1.0, 1.0]","[2195, 2196, 2198, 2203, 2205, 2209]"
2336,"[1.0, 1.0, 1.0, 1.0, 1.0, 1.0]","[2195, 2196, 2198, 2203, 2205, 2209]"
2337,"[1.0, 1.0, 1.0, 1.0, 1.0, 1.0]","[2195, 2196, 2198, 2203, 2205, 2209]"
2338,"[1.0, 1.0, 1.0, 1.0, 1.0, 1.0]","[2195, 2196, 2198, 2203, 2205, 2209]"
2339,"[1.0, 1.0, 1.0, 1.0, 1.0, 1.0]","[2195, 2196, 2198, 2203, 2205, 2209]"
2340,"[1.0, 1.0, 1.0, 1.0, 1.0, 1.0]","[31, 1274, 1277, 1279, 1353, 1361]"
2341,"[1.0, 1.0, 1.0, 1.0, 1.0, 1.0]","[2195, 2196, 2198, 2203, 2205, 2209]"
2342,"[1.0, 1.0, 1.0, 1.0, 1.0, 1.0]","[2195, 2196, 2198, 2203, 2205, 2209]"
2343,"[1.0, 1.0, 1.0, 1.0, 1.0, 1.0]","[401, 408, 411, 414, 415, 416]"
2344,"[1.0, 1.0, 1.0, 1.0, 1.0, 1.0]","[2195, 2196, 2198, 2203, 2205, 2209]"
2345,"[1.0, 1.0, 1.0, 1.0, 1.0, 1.0]","[2195, 2196, 2198, 2203, 2205, 2209]"
2346,"[1.0, 1.0, 1.0, 1.0, 1.0, 1.0]","[2195, 2196, 2198, 2203, 2205, 2209]"
2347,"[1.0, 1.0, 1.0, 1.0, 1.0, 1.0]","[2195, 2196, 2198, 2203, 2205, 2209]"
2348,"[1.0, 1.0, 1.0, 1.0, 1.0, 1.0]","[2195, 2196, 2198, 2203, 2205, 2209]"
2349,"[1.0, 1.0, 1.0, 1.0, 1.0, 1.0]","[2195, 2196, 2198, 2203, 2205, 2209]"
2350,"[1.0, 1.0, 1.0, 1.0, 1.0, 1.0]","[31, 1274, 1277, 1279, 1353, 1361]"
2351,"[1.0, 1.0, 1.0, 1.0, 1.0, 1.0]","[2195, 2196, 2198, 2203, 2205, 2209]"
2352,"[1.0, 1.0, 1.0, 1.0, 1.0, 1.0]","[2195, 2196, 2198, 2203, 2205, 2209]"
2353,"[1.0, 1.0, 1.0, 1.0, 1.0, 1.0]","[2195, 2196, 2198, 2203, 2205, 2209]"
2354,"[1.0, 1.0, 1.0, 1.0, 1.0, 1.0]","[2195, 2196, 2198, 2203, 2205, 2209]"
2355,"[1.0, 1.0, 1.0, 1.0, 1.0, 1.0]","[2195, 2196, 2198, 2203, 2205, 2209]"
2356,"[1.0, 1.0, 1.0, 1.0, 1.0, 1.0]","[2195, 2196, 2198, 2203, 2205, 2209]"
2357,"[1.0, 1.0, 1.0, 1.0, 1.0, 1.0]","[2195, 2196, 2198, 2203, 2205, 2209]"
2358,"[1.0, 1.0, 1.0, 1.0, 1.0, 1.0]","[2195, 2196, 2198, 2203, 2205, 2209]"
2359,"[1.0, 1.0, 1.0, 1.0, 1.0, 1.0]","[2195, 2196, 2198, 2203, 2205, 2209]"
2360,"[1.0, 1.0, 1.0, 1.0, 1.0, 1.0]","[2195, 2196, 2198, 2203, 2205, 2209]"
2361,"[1.0, 1.0, 1.0, 1.0, 1.0, 1.0]","[2195, 2196, 2198, 2203, 2205, 2209]"
2362,"[0.75, 0.75, 1.0, 1.0, 1.0, 1.0]","[839, 1181, 2319, 2321, 2362, 2364]"
2363,"[1.0, 1.0, 1.0, 1.0, 1.0, 1.0]","[2195, 2196, 2198, 2203, 2205, 2209]"
2364,"[0.75, 0.75, 1.0, 1.0, 1.0, 1.0]","[839, 1181, 2319, 2321, 2362, 2364]"
2365,"[1.0, 1.0, 1.0, 1.0, 1.0, 1.0]","[2195, 2196, 2198, 2203, 2205, 2209]"
2366,"[1.0, 1.0, 1.0, 1.0, 1.0, 1.0]","[2195, 2196, 2198, 2203, 2205, 2209]"
2367,"[1.0, 1.0, 1.0, 1.0, 1.0, 1.0]","[2195, 2196, 2198, 2203, 2205, 2209]"
2368,"[1.0, 1.0, 1.0, 1.0, 1.0, 1.0]","[2195, 2196, 2198, 2203, 2205, 2209]"
2369,"[1.0, 1.0, 1.0, 1.0, 1.0, 1.0]","[2195, 2196, 2198, 2203, 2205, 2209]"
2370,"[1.0, 1.0, 1.0, 1.0, 1.0, 1.0]","[307, 313, 345, 347, 348, 359]"
2371,"[1.0, 1.0, 1.0, 1.0, 1.0, 1.0]","[2195, 2196, 2198, 2203, 2205, 2209]"
2372,"[1.0, 1.0, 1.0, 1.0, 1.0, 1.0]","[2195, 2196, 2198, 2203, 2205, 2209]"
2373,"[1.0, 1.0, 1.0, 1.0, 1.0, 1.0]","[2195, 2196, 2198, 2203, 2205, 2209]"
2374,"[1.0, 1.0, 1.0, 1.0, 1.0, 1.0]","[2195, 2196, 2198, 2203, 2205, 2209]"
2375,"[1.0, 1.0, 1.0, 1.0, 1.0, 1.0]","[2195, 2196, 2198, 2203, 2205, 2209]"
2376,"[1.0, 1.0, 1.0, 1.0, 1.0, 1.0]","[2195, 2196, 2198, 2203, 2205, 2209]"
2377,"[1.0, 1.0, 1.0, 1.0, 1.0, 1.0]","[2195, 2196, 2198, 2203, 2205, 2209]"
2378,"[1.0, 1.0, 1.0, 1.0, 1.0, 1.0]","[2195, 2196, 2198, 2203, 2205, 2209]"
2379,"[1.0, 1.0, 1.0, 1.0, 1.0, 1.0]","[2195, 2196, 2198, 2203, 2205, 2209]"
2380,"[1.0, 1.0, 1.0, 1.0, 1.0, 1.0]","[2195, 2196, 2198, 2203, 2205, 2209]"
2381,"[1.0, 1.0, 1.0, 1.0, 1.0, 1.0]","[2195, 2196, 2198, 2203, 2205, 2209]"
2382,"[1.0, 1.0, 1.0, 1.0, 1.0, 1.0]","[2195, 2196, 2198, 2203, 2205, 2209]"
2383,"[1.0, 1.0, 1.0, 1.0, 1.0, 1.0]","[2195, 2196, 2198, 2203, 2205, 2209]"
2384,"[0.75, 0.75, 0.75, 0.75, 1.0, 1.0]","[5, 6, 8, 13, 1559, 2384]"
2385,"[0.75, 0.75, 0.75, 0.75, 0.75, 1.0]","[4, 5, 6, 8, 13, 2385]"
2386,"[1.0, 1.0, 1.0, 1.0, 1.0, 1.0]","[2195, 2196, 2198, 2203, 2205, 2209]"
2387,"[1.0, 1.0, 1.0, 1.0, 1.0, 1.0]","[2195, 2196, 2198, 2203, 2205, 2209]"
2388,"[1.0, 1.0, 1.0, 1.0, 1.0, 1.0]","[2195, 2196, 2198, 2203, 2205, 2209]"
2389,"[1.0, 1.0, 1.0, 1.0, 1.0, 1.0]","[2195, 2196, 2198, 2203, 2205, 2209]"
2390,"[1.0, 1.0, 1.0, 1.0, 1.0, 1.0]","[2195, 2196, 2198, 2203, 2205, 2209]"
2391,"[1.0, 1.0, 1.0, 1.0, 1.0, 1.0]","[2195, 2196, 2198, 2203, 2205, 2209]"
2392,"[1.0, 1.0, 1.0, 1.0, 1.0, 1.0]","[2195, 2196, 2198, 2203, 2205, 2209]"
2393,"[1.0, 1.0, 1.0, 1.0, 1.0, 1.0]","[2195, 2196, 2198, 2203, 2205, 2209]"
2394,"[1.0, 1.0, 1.0, 1.0, 1.0, 1.0]","[2195, 2196, 2198, 2203, 2205, 2209]"
2395,"[1.0, 1.0, 1.0, 1.0, 1.0, 1.0]","[2195, 2196, 2198, 2203, 2205, 2209]"
2396,"[1.0, 1.0, 1.0, 1.0, 1.0, 1.0]","[2195, 2196, 2198, 2203, 2205, 2209]"
2397,"[1.0, 1.0, 1.0, 1.0, 1.0, 1.0]","[2195, 2196, 2198, 2203, 2205, 2209]"
2398,"[1.0, 1.0, 1.0, 1.0, 1.0, 1.0]","[2195, 2196, 2198, 2203, 2205, 2209]"
2399,"[1.0, 1.0, 1.0, 1.0, 1.0, 1.0]","[2195, 2196, 2198, 2203, 2205, 2209]"
2400,"[1.0, 1.0, 1.0, 1.0, 1.0, 1.0]","[2195, 2196, 2198, 2203, 2205, 2209]"
2401,"[1.0, 1.0, 1.0, 1.0, 1.0, 1.0]","[33, 153, 155, 171, 194, 195]"
2402,"[1.0, 1.0, 1.0, 1.0, 1.0, 1.0]","[2195, 2196, 2198, 2203, 2205, 2209]"
2403,"[1.0, 1.0, 1.0, 1.0, 1.0, 1.0]","[2195, 2196, 2198, 2203, 2205, 2209]"
2404,"[1.0, 1.0, 1.0, 1.0, 1.0, 1.0]","[2195, 2196, 2198, 2203, 2205, 2209]"
2405,"[1.0, 1.0, 1.0, 1.0, 1.0, 1.0]","[2195, 2196, 2198, 2203, 2205, 2209]"
2406,"[1.0, 1.0, 1.0, 1.0, 1.0, 1.0]","[2195, 2196, 2198, 2203, 2205, 2209]"
2407,"[1.0, 1.0, 1.0, 1.0, 1.0, 1.0]","[2195, 2196, 2198, 2203, 2205, 2209]"
2408,"[1.0, 1.0, 1.0, 1.0, 1.0, 1.0]","[2195, 2196, 2198, 2203, 2205, 2209]"
2409,"[1.0, 1.0, 1.0, 1.0, 1.0, 1.0]","[307, 313, 345, 347, 348, 359]"
2410,"[1.0, 1.0, 1.0, 1.0, 1.0, 1.0]","[2195, 2196, 2198, 2203, 2205, 2209]"
2411,"[1.0, 1.0, 1.0, 1.0, 1.0, 1.0]","[2195, 2196, 2198, 2203, 2205, 2209]"
2412,"[1.0, 1.0, 1.0, 1.0, 1.0, 1.0]","[2195, 2196, 2198, 2203, 2205, 2209]"
2413,"[1.0, 1.0, 1.0, 1.0, 1.0, 1.0]","[2195, 2196, 2198, 2203, 2205, 2209]"
2414,"[1.0, 1.0, 1.0, 1.0, 1.0, 1.0]","[2195, 2196, 2198, 2203, 2205, 2209]"
2415,"[1.0, 1.0, 1.0, 1.0, 1.0, 1.0]","[2195, 2196, 2198, 2203, 2205, 2209]"
2416,"[1.0, 1.0, 1.0, 1.0, 1.0, 1.0]","[2195, 2196, 2198, 2203, 2205, 2209]"
2417,"[1.0, 1.0, 1.0, 1.0, 1.0, 1.0]","[2195, 2196, 2198, 2203, 2205, 2209]"
2418,"[1.0, 1.0, 1.0, 1.0, 1.0, 1.0]","[2195, 2196, 2198, 2203, 2205, 2209]"
2419,"[1.0, 1.0, 1.0, 1.0, 1.0, 1.0]","[2195, 2196, 2198, 2203, 2205, 2209]"
2420,"[1.0, 1.0, 1.0, 1.0, 1.0, 1.0]","[307, 313, 345, 347, 348, 359]"
2421,"[1.0, 1.0, 1.0, 1.0, 1.0, 1.0]","[2195, 2196, 2198, 2203, 2205, 2209]"
2422,"[1.0, 1.0, 1.0, 1.0, 1.0, 1.0]","[2195, 2196, 2198, 2203, 2205, 2209]"
2423,"[1.0, 1.0, 1.0, 1.0, 1.0, 1.0]","[2195, 2196, 2198, 2203, 2205, 2209]"
2424,"[1.0, 1.0, 1.0, 1.0, 1.0, 1.0]","[2195, 2196, 2198, 2203, 2205, 2209]"
2425,"[1.0, 1.0, 1.0, 1.0, 1.0, 1.0]","[2195, 2196, 2198, 2203, 2205, 2209]"
2426,"[1.0, 1.0, 1.0, 1.0, 1.0, 1.0]","[2195, 2196, 2198, 2203, 2205, 2209]"
2427,"[1.0, 1.0, 1.0, 1.0, 1.0, 1.0]","[2195, 2196, 2198, 2203, 2205, 2209]"
2428,"[1.0, 1.0, 1.0, 1.0, 1.0, 1.0]","[2195, 2196, 2198, 2203, 2205, 2209]"
2429,"[1.0, 1.0, 1.0, 1.0, 1.0, 1.0]","[2195, 2196, 2198, 2203, 2205, 2209]"
2430,"[1.0, 1.0, 1.0, 1.0, 1.0, 1.0]","[2195, 2196, 2198, 2203, 2205, 2209]"
2431,"[1.0, 1.0, 1.0, 1.0, 1.0, 1.0]","[2195, 2196, 2198, 2203, 2205, 2209]"
2432,"[1.0, 1.0, 1.0, 1.0, 1.0, 1.0]","[2195, 2196, 2198, 2203, 2205, 2209]"
2433,"[1.0, 1.0, 1.0, 1.0, 1.0, 1.0]","[2195, 2196, 2198, 2203, 2205, 2209]"
2434,"[1.0, 1.0, 1.0, 1.0, 1.0, 1.0]","[2195, 2196, 2198, 2203, 2205, 2209]"
2435,"[1.0, 1.0, 1.0, 1.0, 1.0, 1.0]","[2195, 2196, 2198, 2203, 2205, 2209]"
2436,"[1.0, 1.0, 1.0, 1.0, 1.0, 1.0]","[2195, 2196, 2198, 2203, 2205, 2209]"
2437,"[1.0, 1.0, 1.0, 1.0, 1.0, 1.0]","[307, 313, 345, 347, 348, 359]"
2438,"[1.0, 1.0, 1.0, 1.0, 1.0, 1.0]","[307, 313, 345, 347, 348, 359]"
2439,"[1.0, 1.0, 1.0, 1.0, 1.0, 1.0]","[2195, 2196, 2198, 2203, 2205, 2209]"
2440,"[1.0, 1.0, 1.0, 1.0, 1.0, 1.0]","[307, 313, 345, 347, 348, 359]"
2441,"[1.0, 1.0, 1.0, 1.0, 1.0, 1.0]","[2195, 2196, 2198, 2203, 2205, 2209]"
2442,"[1.0, 1.0, 1.0, 1.0, 1.0, 1.0]","[1982, 2030, 2442, 2444, 2446, 2448]"
2443,"[1.0, 1.0, 1.0, 1.0, 1.0, 1.0]","[2195, 2196, 2198, 2203, 2205, 2209]"
2444,"[1.0, 1.0, 1.0, 1.0, 1.0, 1.0]","[1982, 2030, 2442, 2444, 2446, 2448]"
2445,"[1.0, 1.0, 1.0, 1.0, 1.0, 1.0]","[2195, 2196, 2198, 2203, 2205, 2209]"
2446,"[1.0, 1.0, 1.0, 1.0, 1.0, 1.0]","[1982, 2030, 2442, 2444, 2446, 2448]"
2447,"[1.0, 1.0, 1.0, 1.0, 1.0, 1.0]","[2195, 2196, 2198, 2203, 2205, 2209]"
2448,"[1.0, 1.0, 1.0, 1.0, 1.0, 1.0]","[1982, 2030, 2442, 2444, 2446, 2448]"
2449,"[1.0, 1.0, 1.0, 1.0, 1.0, 1.0]","[2195, 2196, 2198, 2203, 2205, 2209]"
2450,"[1.0, 1.0, 1.0, 1.0, 1.0, 1.0]","[1982, 2030, 2442, 2444, 2446, 2448]"
2451,"[1.0, 1.0, 1.0, 1.0, 1.0, 1.0]","[2195, 2196, 2198, 2203, 2205, 2209]"
2452,"[1.0, 1.0, 1.0, 1.0, 1.0, 1.0]","[2195, 2196, 2198, 2203, 2205, 2209]"
2453,"[1.0, 1.0, 1.0, 1.0, 1.0, 1.0]","[2195, 2196, 2198, 2203, 2205, 2209]"
2454,"[1.0, 1.0, 1.0, 1.0, 1.0, 1.0]","[2195, 2196, 2198, 2203, 2205, 2209]"
2455,"[1.0, 1.0, 1.0, 1.0, 1.0, 1.0]","[2195, 2196, 2198, 2203, 2205, 2209]"
2456,"[1.0, 1.0, 1.0, 1.0, 1.0, 1.0]","[2195, 2196, 2198, 2203, 2205, 2209]"
2457,"[1.0, 1.0, 1.0, 1.0, 1.0, 1.0]","[2195, 2196, 2198, 2203, 2205, 2209]"
2458,"[1.0, 1.0, 1.0, 1.0, 1.0, 1.0]","[2195, 2196, 2198, 2203, 2205, 2209]"
2459,"[1.0, 1.0, 1.0, 1.0, 1.0, 1.0]","[2195, 2196, 2198, 2203, 2205, 2209]"
2460,"[1.0, 1.0, 1.0, 1.0, 1.0, 1.0]","[2195, 2196, 2198, 2203, 2205, 2209]"
2461,"[1.0, 1.0, 1.0, 1.0, 1.0, 1.0]","[2195, 2196, 2198, 2203, 2205, 2209]"
2462,"[1.0, 1.0, 1.0, 1.0, 1.0, 1.0]","[2195, 2196, 2198, 2203, 2205, 2209]"
2463,"[1.0, 1.0, 1.0, 1.0, 1.0, 1.0]","[2195, 2196, 2198, 2203, 2205, 2209]"
2464,"[1.0, 1.0, 1.0, 1.0, 1.0, 1.0]","[2195, 2196, 2198, 2203, 2205, 2209]"
2465,"[1.0, 1.0, 1.0, 1.0, 1.0, 1.0]","[2195, 2196, 2198, 2203, 2205, 2209]"
2466,"[1.0, 1.0, 1.0, 1.0, 1.0, 1.0]","[2195, 2196, 2198, 2203, 2205, 2209]"
2467,"[1.0, 1.0, 1.0, 1.0, 1.0, 1.0]","[2195, 2196, 2198, 2203, 2205, 2209]"
2468,"[1.0, 1.0, 1.0, 1.0, 1.0, 1.0]","[2195, 2196, 2198, 2203, 2205, 2209]"
2469,"[1.0, 1.0, 1.0, 1.0, 1.0, 1.0]","[33, 153, 155, 171, 194, 195]"
2470,"[0.75, 0.75, 0.75, 0.75, 0.75, 1.0]","[33, 51, 61, 145, 146, 2470]"
2471,"[1.0, 1.0, 1.0, 1.0, 1.0, 1.0]","[2195, 2196, 2198, 2203, 2205, 2209]"
2472,"[1.0, 1.0, 1.0, 1.0, 1.0, 1.0]","[2195, 2196, 2198, 2203, 2205, 2209]"
2473,"[1.0, 1.0, 1.0, 1.0, 1.0, 1.0]","[2195, 2196, 2198, 2203, 2205, 2209]"
2474,"[1.0, 1.0, 1.0, 1.0, 1.0, 1.0]","[2195, 2196, 2198, 2203, 2205, 2209]"
2475,"[1.0, 1.0, 1.0, 1.0, 1.0, 1.0]","[2195, 2196, 2198, 2203, 2205, 2209]"
2476,"[0.5, 0.5, 0.5, 1.0, 1.0, 1.0]","[1560, 1594, 1602, 2476, 2478, 2479]"
2477,"[0.75, 0.75, 1.0, 1.0, 1.0, 1.0]","[143, 145, 1977, 2002, 2477, 4714]"
2478,"[0.5, 0.5, 0.5, 1.0, 1.0, 1.0]","[1560, 1594, 1602, 2476, 2478, 2479]"
2479,"[0.5, 0.5, 0.5, 1.0, 1.0, 1.0]","[1560, 1594, 1602, 2476, 2478, 2479]"
2480,"[1.0, 1.0, 1.0, 1.0, 1.0, 1.0]","[2195, 2196, 2198, 2203, 2205, 2209]"
2481,"[1.0, 1.0, 1.0, 1.0, 1.0, 1.0]","[2195, 2196, 2198, 2203, 2205, 2209]"
2482,"[1.0, 1.0, 1.0, 1.0, 1.0, 1.0]","[2195, 2196, 2198, 2203, 2205, 2209]"
2483,"[1.0, 1.0, 1.0, 1.0, 1.0, 1.0]","[2195, 2196, 2198, 2203, 2205, 2209]"
2484,"[0.75, 0.75, 0.75, 0.75, 1.0, 1.0]","[51, 61, 145, 146, 2484, 2486]"
2485,"[1.0, 1.0, 1.0, 1.0, 1.0, 1.0]","[2195, 2196, 2198, 2203, 2205, 2209]"
2486,"[0.75, 0.75, 0.75, 0.75, 1.0, 1.0]","[51, 61, 145, 146, 2484, 2486]"
2487,"[1.0, 1.0, 1.0, 1.0, 1.0, 1.0]","[2195, 2196, 2198, 2203, 2205, 2209]"
2488,"[1.0, 1.0, 1.0, 1.0, 1.0, 1.0]","[2195, 2196, 2198, 2203, 2205, 2209]"
2489,"[1.0, 1.0, 1.0, 1.0, 1.0, 1.0]","[2195, 2196, 2198, 2203, 2205, 2209]"
2490,"[1.0, 1.0, 1.0, 1.0, 1.0, 1.0]","[2195, 2196, 2198, 2203, 2205, 2209]"
2491,"[1.0, 1.0, 1.0, 1.0, 1.0, 1.0]","[2195, 2196, 2198, 2203, 2205, 2209]"
2492,"[1.0, 1.0, 1.0, 1.0, 1.0, 1.0]","[2195, 2196, 2198, 2203, 2205, 2209]"
2493,"[1.0, 1.0, 1.0, 1.0, 1.0, 1.0]","[2195, 2196, 2198, 2203, 2205, 2209]"
2494,"[0.75, 0.75, 0.75, 1.0, 1.0, 1.0]","[713, 1458, 1463, 2494, 2551, 2588]"
2495,"[1.0, 1.0, 1.0, 1.0, 1.0, 1.0]","[2195, 2196, 2198, 2203, 2205, 2209]"
2496,"[1.0, 1.0, 1.0, 1.0, 1.0, 1.0]","[2195, 2196, 2198, 2203, 2205, 2209]"
2497,"[1.0, 1.0, 1.0, 1.0, 1.0, 1.0]","[2195, 2196, 2198, 2203, 2205, 2209]"
2498,"[1.0, 1.0, 1.0, 1.0, 1.0, 1.0]","[2195, 2196, 2198, 2203, 2205, 2209]"
2499,"[1.0, 1.0, 1.0, 1.0, 1.0, 1.0]","[2195, 2196, 2198, 2203, 2205, 2209]"
2500,"[1.0, 1.0, 1.0, 1.0, 1.0, 1.0]","[2195, 2196, 2198, 2203, 2205, 2209]"
2501,"[1.0, 1.0, 1.0, 1.0, 1.0, 1.0]","[2195, 2196, 2198, 2203, 2205, 2209]"
2502,"[1.0, 1.0, 1.0, 1.0, 1.0, 1.0]","[2195, 2196, 2198, 2203, 2205, 2209]"
2503,"[1.0, 1.0, 1.0, 1.0, 1.0, 1.0]","[2195, 2196, 2198, 2203, 2205, 2209]"
2504,"[1.0, 1.0, 1.0, 1.0, 1.0, 1.0]","[2195, 2196, 2198, 2203, 2205, 2209]"
2505,"[1.0, 1.0, 1.0, 1.0, 1.0, 1.0]","[2195, 2196, 2198, 2203, 2205, 2209]"
2506,"[1.0, 1.0, 1.0, 1.0, 1.0, 1.0]","[2195, 2196, 2198, 2203, 2205, 2209]"
2507,"[1.0, 1.0, 1.0, 1.0, 1.0, 1.0]","[2195, 2196, 2198, 2203, 2205, 2209]"
2508,"[1.0, 1.0, 1.0, 1.0, 1.0, 1.0]","[2195, 2196, 2198, 2203, 2205, 2209]"
2509,"[1.0, 1.0, 1.0, 1.0, 1.0, 1.0]","[2195, 2196, 2198, 2203, 2205, 2209]"
2510,"[1.0, 1.0, 1.0, 1.0, 1.0, 1.0]","[1, 61, 1367, 1453, 1672, 1674]"
2511,"[1.0, 1.0, 1.0, 1.0, 1.0, 1.0]","[2195, 2196, 2198, 2203, 2205, 2209]"
2512,"[1.0, 1.0, 1.0, 1.0, 1.0, 1.0]","[2195, 2196, 2198, 2203, 2205, 2209]"
2513,"[1.0, 1.0, 1.0, 1.0, 1.0, 1.0]","[2195, 2196, 2198, 2203, 2205, 2209]"
2514,"[1.0, 1.0, 1.0, 1.0, 1.0, 1.0]","[2195, 2196, 2198, 2203, 2205, 2209]"
2515,"[1.0, 1.0, 1.0, 1.0, 1.0, 1.0]","[2195, 2196, 2198, 2203, 2205, 2209]"
2516,"[1.0, 1.0, 1.0, 1.0, 1.0, 1.0]","[2195, 2196, 2198, 2203, 2205, 2209]"
2517,"[1.0, 1.0, 1.0, 1.0, 1.0, 1.0]","[2195, 2196, 2198, 2203, 2205, 2209]"
2518,"[1.0, 1.0, 1.0, 1.0, 1.0, 1.0]","[2195, 2196, 2198, 2203, 2205, 2209]"
2519,"[1.0, 1.0, 1.0, 1.0, 1.0, 1.0]","[2195, 2196, 2198, 2203, 2205, 2209]"
2520,"[1.0, 1.0, 1.0, 1.0, 1.0, 1.0]","[2195, 2196, 2198, 2203, 2205, 2209]"
2521,"[1.0, 1.0, 1.0, 1.0, 1.0, 1.0]","[2195, 2196, 2198, 2203, 2205, 2209]"
2522,"[1.0, 1.0, 1.0, 1.0, 1.0, 1.0]","[2195, 2196, 2198, 2203, 2205, 2209]"
2523,"[1.0, 1.0, 1.0, 1.0, 1.0, 1.0]","[2195, 2196, 2198, 2203, 2205, 2209]"
2524,"[1.0, 1.0, 1.0, 1.0, 1.0, 1.0]","[2195, 2196, 2198, 2203, 2205, 2209]"
2525,"[1.0, 1.0, 1.0, 1.0, 1.0, 1.0]","[2195, 2196, 2198, 2203, 2205, 2209]"
2526,"[1.0, 1.0, 1.0, 1.0, 1.0, 1.0]","[2195, 2196, 2198, 2203, 2205, 2209]"
2527,"[1.0, 1.0, 1.0, 1.0, 1.0, 1.0]","[2195, 2196, 2198, 2203, 2205, 2209]"
2528,"[1.0, 1.0, 1.0, 1.0, 1.0, 1.0]","[2195, 2196, 2198, 2203, 2205, 2209]"
2529,"[1.0, 1.0, 1.0, 1.0, 1.0, 1.0]","[2195, 2196, 2198, 2203, 2205, 2209]"
2530,"[1.0, 1.0, 1.0, 1.0, 1.0, 1.0]","[2195, 2196, 2198, 2203, 2205, 2209]"
2531,"[1.0, 1.0, 1.0, 1.0, 1.0, 1.0]","[2195, 2196, 2198, 2203, 2205, 2209]"
2532,"[1.0, 1.0, 1.0, 1.0, 1.0, 1.0]","[2195, 2196, 2198, 2203, 2205, 2209]"
2533,"[1.0, 1.0, 1.0, 1.0, 1.0, 1.0]","[2195, 2196, 2198, 2203, 2205, 2209]"
2534,"[1.0, 1.0, 1.0, 1.0, 1.0, 1.0]","[2195, 2196, 2198, 2203, 2205, 2209]"
2535,"[1.0, 1.0, 1.0, 1.0, 1.0, 1.0]","[2195, 2196, 2198, 2203, 2205, 2209]"
2536,"[1.0, 1.0, 1.0, 1.0, 1.0, 1.0]","[2195, 2196, 2198, 2203, 2205, 2209]"
2537,"[1.0, 1.0, 1.0, 1.0, 1.0, 1.0]","[2195, 2196, 2198, 2203, 2205, 2209]"
2538,"[1.0, 1.0, 1.0, 1.0, 1.0, 1.0]","[2195, 2196, 2198, 2203, 2205, 2209]"
2539,"[1.0, 1.0, 1.0, 1.0, 1.0, 1.0]","[2195, 2196, 2198, 2203, 2205, 2209]"
2540,"[1.0, 1.0, 1.0, 1.0, 1.0, 1.0]","[2195, 2196, 2198, 2203, 2205, 2209]"
2541,"[1.0, 1.0, 1.0, 1.0, 1.0, 1.0]","[2195, 2196, 2198, 2203, 2205, 2209]"
2542,"[1.0, 1.0, 1.0, 1.0, 1.0, 1.0]","[2195, 2196, 2198, 2203, 2205, 2209]"
2543,"[1.0, 1.0, 1.0, 1.0, 1.0, 1.0]","[2195, 2196, 2198, 2203, 2205, 2209]"
2544,"[1.0, 1.0, 1.0, 1.0, 1.0, 1.0]","[2195, 2196, 2198, 2203, 2205, 2209]"
2545,"[1.0, 1.0, 1.0, 1.0, 1.0, 1.0]","[2195, 2196, 2198, 2203, 2205, 2209]"
2546,"[1.0, 1.0, 1.0, 1.0, 1.0, 1.0]","[2195, 2196, 2198, 2203, 2205, 2209]"
2547,"[1.0, 1.0, 1.0, 1.0, 1.0, 1.0]","[2195, 2196, 2198, 2203, 2205, 2209]"
2548,"[1.0, 1.0, 1.0, 1.0, 1.0, 1.0]","[2195, 2196, 2198, 2203, 2205, 2209]"
2549,"[1.0, 1.0, 1.0, 1.0, 1.0, 1.0]","[2195, 2196, 2198, 2203, 2205, 2209]"
2550,"[1.0, 1.0, 0.75, 1.0, 1.0, 1.0]","[1943, 1950, 1985, 2016, 2021, 2550]"
2551,"[0.75, 0.75, 0.75, 1.0, 1.0, 1.0]","[713, 1458, 1463, 2494, 2551, 2588]"
2552,"[1.0, 1.0, 1.0, 1.0, 1.0, 1.0]","[2195, 2196, 2198, 2203, 2205, 2209]"
2553,"[1.0, 1.0, 1.0, 1.0, 1.0, 1.0]","[2195, 2196, 2198, 2203, 2205, 2209]"
2554,"[1.0, 1.0, 1.0, 1.0, 1.0, 1.0]","[2195, 2196, 2198, 2203, 2205, 2209]"
2555,"[1.0, 1.0, 1.0, 1.0, 1.0, 1.0]","[2195, 2196, 2198, 2203, 2205, 2209]"
2556,"[1.0, 1.0, 1.0, 1.0, 1.0, 1.0]","[2195, 2196, 2198, 2203, 2205, 2209]"
2557,"[1.0, 1.0, 1.0, 1.0, 1.0, 1.0]","[2195, 2196, 2198, 2203, 2205, 2209]"
2558,"[1.0, 1.0, 1.0, 1.0, 1.0, 1.0]","[2195, 2196, 2198, 2203, 2205, 2209]"
2559,"[1.0, 1.0, 1.0, 1.0, 1.0, 1.0]","[2195, 2196, 2198, 2203, 2205, 2209]"
2560,"[1.0, 1.0, 1.0, 1.0, 1.0, 1.0]","[2195, 2196, 2198, 2203, 2205, 2209]"
2561,"[1.0, 1.0, 1.0, 1.0, 1.0, 1.0]","[2195, 2196, 2198, 2203, 2205, 2209]"
2562,"[1.0, 1.0, 1.0, 1.0, 1.0, 1.0]","[2195, 2196, 2198, 2203, 2205, 2209]"
2563,"[1.0, 1.0, 1.0, 1.0, 1.0, 1.0]","[2195, 2196, 2198, 2203, 2205, 2209]"
2564,"[1.0, 1.0, 1.0, 1.0, 1.0, 1.0]","[2195, 2196, 2198, 2203, 2205, 2209]"
2565,"[1.0, 1.0, 1.0, 1.0, 1.0, 1.0]","[2195, 2196, 2198, 2203, 2205, 2209]"
2566,"[1.0, 1.0, 1.0, 1.0, 1.0, 1.0]","[2195, 2196, 2198, 2203, 2205, 2209]"
2567,"[1.0, 1.0, 1.0, 1.0, 1.0, 1.0]","[2195, 2196, 2198, 2203, 2205, 2209]"
2568,"[1.0, 1.0, 1.0, 1.0, 1.0, 1.0]","[2195, 2196, 2198, 2203, 2205, 2209]"
2569,"[1.0, 1.0, 1.0, 1.0, 1.0, 1.0]","[2195, 2196, 2198, 2203, 2205, 2209]"
2570,"[1.0, 1.0, 1.0, 1.0, 1.0, 1.0]","[2195, 2196, 2198, 2203, 2205, 2209]"
2571,"[1.0, 1.0, 1.0, 1.0, 1.0, 1.0]","[2195, 2196, 2198, 2203, 2205, 2209]"
2572,"[1.0, 1.0, 1.0, 1.0, 1.0, 1.0]","[2195, 2196, 2198, 2203, 2205, 2209]"
2573,"[1.0, 1.0, 1.0, 1.0, 1.0, 1.0]","[2195, 2196, 2198, 2203, 2205, 2209]"
2574,"[1.0, 1.0, 1.0, 1.0, 1.0, 1.0]","[2195, 2196, 2198, 2203, 2205, 2209]"
2575,"[1.0, 1.0, 1.0, 1.0, 1.0, 1.0]","[2195, 2196, 2198, 2203, 2205, 2209]"
2576,"[1.0, 1.0, 1.0, 1.0, 1.0, 1.0]","[2195, 2196, 2198, 2203, 2205, 2209]"
2577,"[1.0, 1.0, 1.0, 1.0, 1.0, 1.0]","[2195, 2196, 2198, 2203, 2205, 2209]"
2578,"[1.0, 1.0, 1.0, 1.0, 1.0, 1.0]","[2195, 2196, 2198, 2203, 2205, 2209]"
2579,"[1.0, 1.0, 1.0, 1.0, 1.0, 1.0]","[2195, 2196, 2198, 2203, 2205, 2209]"
2580,"[0.75, 0.75, 0.75, 0.75, 1.0, 1.0]","[51, 61, 145, 146, 2580, 2606]"
2581,"[1.0, 1.0, 1.0, 1.0, 1.0, 1.0]","[2195, 2196, 2198, 2203, 2205, 2209]"
2582,"[1.0, 1.0, 1.0, 1.0, 1.0, 1.0]","[2195, 2196, 2198, 2203, 2205, 2209]"
2583,"[1.0, 1.0, 1.0, 1.0, 1.0, 1.0]","[2195, 2196, 2198, 2203, 2205, 2209]"
2584,"[1.0, 1.0, 1.0, 1.0, 1.0, 1.0]","[2195, 2196, 2198, 2203, 2205, 2209]"
2585,"[1.0, 1.0, 1.0, 1.0, 1.0, 1.0]","[2195, 2196, 2198, 2203, 2205, 2209]"
2586,"[1.0, 1.0, 1.0, 1.0, 1.0, 1.0]","[2195, 2196, 2198, 2203, 2205, 2209]"
2587,"[1.0, 1.0, 1.0, 1.0, 1.0, 1.0]","[1982, 2030, 2442, 2444, 2446, 2448]"
2588,"[0.75, 0.75, 0.75, 1.0, 1.0, 1.0]","[713, 1458, 1463, 2494, 2551, 2588]"
2589,"[1.0, 1.0, 1.0, 1.0, 1.0, 1.0]","[2195, 2196, 2198, 2203, 2205, 2209]"
2590,"[1.0, 1.0, 1.0, 1.0, 1.0, 1.0]","[2195, 2196, 2198, 2203, 2205, 2209]"
2591,"[1.0, 1.0, 1.0, 1.0, 1.0, 1.0]","[2195, 2196, 2198, 2203, 2205, 2209]"
2592,"[1.0, 1.0, 1.0, 1.0, 1.0, 1.0]","[2195, 2196, 2198, 2203, 2205, 2209]"
2593,"[1.0, 1.0, 1.0, 1.0, 1.0, 1.0]","[2195, 2196, 2198, 2203, 2205, 2209]"
2594,"[1.0, 1.0, 1.0, 1.0, 1.0, 1.0]","[2195, 2196, 2198, 2203, 2205, 2209]"
2595,"[1.0, 1.0, 1.0, 1.0, 1.0, 1.0]","[2195, 2196, 2198, 2203, 2205, 2209]"
2596,"[1.0, 1.0, 1.0, 1.0, 1.0, 1.0]","[2195, 2196, 2198, 2203, 2205, 2209]"
2597,"[1.0, 1.0, 1.0, 1.0, 1.0, 1.0]","[2195, 2196, 2198, 2203, 2205, 2209]"
2598,"[1.0, 1.0, 1.0, 1.0, 1.0, 1.0]","[2195, 2196, 2198, 2203, 2205, 2209]"
2599,"[1.0, 1.0, 1.0, 1.0, 1.0, 1.0]","[2195, 2196, 2198, 2203, 2205, 2209]"
2600,"[1.0, 1.0, 1.0, 1.0, 1.0, 1.0]","[2195, 2196, 2198, 2203, 2205, 2209]"
2601,"[1.0, 1.0, 1.0, 1.0, 1.0, 1.0]","[2195, 2196, 2198, 2203, 2205, 2209]"
2602,"[1.0, 1.0, 1.0, 1.0, 1.0, 1.0]","[2195, 2196, 2198, 2203, 2205, 2209]"
2603,"[0.75, 0.75, 0.75, 0.75, 1.0, 1.0]","[47, 55, 58, 97, 2603, 2607]"
2604,"[1.0, 1.0, 1.0, 1.0, 1.0, 1.0]","[2195, 2196, 2198, 2203, 2205, 2209]"
2605,"[1.0, 1.0, 1.0, 1.0, 1.0, 1.0]","[2195, 2196, 2198, 2203, 2205, 2209]"
2606,"[0.75, 0.75, 0.75, 0.75, 1.0, 1.0]","[51, 61, 145, 146, 2580, 2606]"
2607,"[0.75, 0.75, 0.75, 0.75, 1.0, 1.0]","[47, 55, 58, 97, 2603, 2607]"
2608,"[1.0, 1.0, 1.0, 1.0, 1.0, 1.0]","[2195, 2196, 2198, 2203, 2205, 2209]"
2609,"[1.0, 1.0, 1.0, 1.0, 1.0, 1.0]","[2195, 2196, 2198, 2203, 2205, 2209]"
2610,"[1.0, 1.0, 1.0, 1.0, 1.0, 1.0]","[2195, 2196, 2198, 2203, 2205, 2209]"
2611,"[1.0, 1.0, 1.0, 1.0, 1.0, 1.0]","[2195, 2196, 2198, 2203, 2205, 2209]"
2612,"[1.0, 1.0, 1.0, 1.0, 1.0, 1.0]","[2195, 2196, 2198, 2203, 2205, 2209]"
2613,"[1.0, 1.0, 1.0, 1.0, 1.0, 1.0]","[2195, 2196, 2198, 2203, 2205, 2209]"
2614,"[1.0, 1.0, 1.0, 1.0, 1.0, 1.0]","[1982, 2030, 2442, 2444, 2446, 2448]"
2615,"[1.0, 1.0, 1.0, 1.0, 1.0, 1.0]","[2195, 2196, 2198, 2203, 2205, 2209]"
2616,"[1.0, 1.0, 1.0, 1.0, 1.0, 1.0]","[2195, 2196, 2198, 2203, 2205, 2209]"
2617,"[1.0, 1.0, 1.0, 1.0, 1.0, 1.0]","[2195, 2196, 2198, 2203, 2205, 2209]"
2618,"[1.0, 1.0, 1.0, 1.0, 1.0, 1.0]","[2195, 2196, 2198, 2203, 2205, 2209]"
2619,"[1.0, 1.0, 1.0, 1.0, 1.0, 1.0]","[2195, 2196, 2198, 2203, 2205, 2209]"
2620,"[1.0, 1.0, 1.0, 1.0, 1.0, 1.0]","[2195, 2196, 2198, 2203, 2205, 2209]"
2621,"[1.0, 1.0, 1.0, 1.0, 1.0, 1.0]","[2195, 2196, 2198, 2203, 2205, 2209]"
2622,"[1.0, 1.0, 1.0, 1.0, 1.0, 1.0]","[2195, 2196, 2198, 2203, 2205, 2209]"
2623,"[1.0, 1.0, 1.0, 1.0, 1.0, 1.0]","[307, 313, 345, 347, 348, 359]"
2624,"[1.0, 1.0, 1.0, 1.0, 1.0, 1.0]","[2195, 2196, 2198, 2203, 2205, 2209]"
2625,"[1.0, 1.0, 1.0, 1.0, 1.0, 1.0]","[2195, 2196, 2198, 2203, 2205, 2209]"
2626,"[1.0, 1.0, 1.0, 1.0, 1.0, 1.0]","[2195, 2196, 2198, 2203, 2205, 2209]"
2627,"[1.0, 1.0, 1.0, 1.0, 1.0, 1.0]","[2195, 2196, 2198, 2203, 2205, 2209]"
2628,"[1.0, 1.0, 1.0, 1.0, 1.0, 1.0]","[2195, 2196, 2198, 2203, 2205, 2209]"
2629,"[1.0, 1.0, 1.0, 1.0, 1.0, 1.0]","[2195, 2196, 2198, 2203, 2205, 2209]"
2630,"[1.0, 1.0, 1.0, 1.0, 1.0, 1.0]","[2195, 2196, 2198, 2203, 2205, 2209]"
2631,"[1.0, 1.0, 1.0, 1.0, 1.0, 1.0]","[2195, 2196, 2198, 2203, 2205, 2209]"
2632,"[1.0, 1.0, 1.0, 1.0, 1.0, 1.0]","[2195, 2196, 2198, 2203, 2205, 2209]"
2633,"[1.0, 1.0, 1.0, 1.0, 1.0, 1.0]","[2195, 2196, 2198, 2203, 2205, 2209]"
2634,"[0.75, 0.75, 1.0, 1.0, 1.0, 1.0]","[58, 97, 2634, 2637, 2639, 2641]"
2635,"[1.0, 1.0, 1.0, 1.0, 1.0, 1.0]","[2195, 2196, 2198, 2203, 2205, 2209]"
2636,"[1.0, 1.0, 1.0, 1.0, 1.0, 1.0]","[307, 313, 345, 347, 348, 359]"
2637,"[0.75, 0.75, 1.0, 1.0, 1.0, 1.0]","[58, 97, 2634, 2637, 2639, 2641]"
2638,"[1.0, 1.0, 1.0, 1.0, 1.0, 1.0]","[2195, 2196, 2198, 2203, 2205, 2209]"
2639,"[0.75, 0.75, 1.0, 1.0, 1.0, 1.0]","[58, 97, 2634, 2637, 2639, 2641]"
2640,"[1.0, 1.0, 1.0, 1.0, 1.0, 1.0]","[2195, 2196, 2198, 2203, 2205, 2209]"
2641,"[0.75, 0.75, 1.0, 1.0, 1.0, 1.0]","[58, 97, 2634, 2637, 2639, 2641]"
2642,"[1.0, 1.0, 1.0, 1.0, 1.0, 1.0]","[2195, 2196, 2198, 2203, 2205, 2209]"
2643,"[1.0, 1.0, 1.0, 1.0, 1.0, 1.0]","[2195, 2196, 2198, 2203, 2205, 2209]"
2644,"[1.0, 1.0, 1.0, 1.0, 1.0, 1.0]","[2195, 2196, 2198, 2203, 2205, 2209]"
2645,"[1.0, 1.0, 1.0, 1.0, 1.0, 1.0]","[2195, 2196, 2198, 2203, 2205, 2209]"
2646,"[1.0, 1.0, 1.0, 1.0, 1.0, 1.0]","[2195, 2196, 2198, 2203, 2205, 2209]"
2647,"[1.0, 1.0, 1.0, 1.0, 1.0, 1.0]","[2195, 2196, 2198, 2203, 2205, 2209]"
2648,"[1.0, 1.0, 1.0, 1.0, 1.0, 1.0]","[2195, 2196, 2198, 2203, 2205, 2209]"
2649,"[1.0, 1.0, 1.0, 1.0, 1.0, 1.0]","[2195, 2196, 2198, 2203, 2205, 2209]"
2650,"[1.0, 1.0, 1.0, 1.0, 1.0, 1.0]","[2195, 2196, 2198, 2203, 2205, 2209]"
2651,"[1.0, 1.0, 1.0, 1.0, 1.0, 1.0]","[2195, 2196, 2198, 2203, 2205, 2209]"
2652,"[1.0, 1.0, 1.0, 1.0, 1.0, 1.0]","[2195, 2196, 2198, 2203, 2205, 2209]"
2653,"[1.0, 1.0, 1.0, 1.0, 1.0, 1.0]","[2195, 2196, 2198, 2203, 2205, 2209]"
2654,"[1.0, 1.0, 1.0, 1.0, 1.0, 1.0]","[2195, 2196, 2198, 2203, 2205, 2209]"
2655,"[1.0, 1.0, 1.0, 1.0, 1.0, 1.0]","[2195, 2196, 2198, 2203, 2205, 2209]"
2656,"[1.0, 1.0, 1.0, 1.0, 1.0, 1.0]","[2195, 2196, 2198, 2203, 2205, 2209]"
2657,"[1.0, 1.0, 1.0, 1.0, 1.0, 1.0]","[2195, 2196, 2198, 2203, 2205, 2209]"
2658,"[1.0, 1.0, 1.0, 1.0, 1.0, 1.0]","[2195, 2196, 2198, 2203, 2205, 2209]"
2659,"[1.0, 1.0, 1.0, 1.0, 1.0, 1.0]","[2195, 2196, 2198, 2203, 2205, 2209]"
2660,"[1.0, 1.0, 1.0, 1.0, 1.0, 1.0]","[2195, 2196, 2198, 2203, 2205, 2209]"
2661,"[1.0, 1.0, 1.0, 1.0, 1.0, 1.0]","[2195, 2196, 2198, 2203, 2205, 2209]"
2662,"[1.0, 1.0, 1.0, 1.0, 1.0, 1.0]","[2195, 2196, 2198, 2203, 2205, 2209]"
2663,"[1.0, 1.0, 1.0, 1.0, 1.0, 1.0]","[2195, 2196, 2198, 2203, 2205, 2209]"
2664,"[1.0, 1.0, 1.0, 1.0, 1.0, 1.0]","[2195, 2196, 2198, 2203, 2205, 2209]"
2665,"[1.0, 1.0, 1.0, 1.0, 1.0, 1.0]","[2195, 2196, 2198, 2203, 2205, 2209]"
2666,"[0.75, 0.75, 1.0, 1.0, 1.0, 1.0]","[58, 97, 2666, 2669, 2671, 2674]"
2667,"[1.0, 1.0, 1.0, 1.0, 1.0, 1.0]","[2195, 2196, 2198, 2203, 2205, 2209]"
2668,"[1.0, 1.0, 1.0, 1.0, 1.0, 1.0]","[2195, 2196, 2198, 2203, 2205, 2209]"
2669,"[0.75, 0.75, 1.0, 1.0, 1.0, 1.0]","[58, 97, 2666, 2669, 2671, 2674]"
2670,"[1.0, 1.0, 1.0, 1.0, 1.0, 1.0]","[2195, 2196, 2198, 2203, 2205, 2209]"
2671,"[0.75, 0.75, 1.0, 1.0, 1.0, 1.0]","[58, 97, 2666, 2669, 2671, 2674]"
2672,"[1.0, 1.0, 1.0, 1.0, 1.0, 1.0]","[2195, 2196, 2198, 2203, 2205, 2209]"
2673,"[1.0, 1.0, 1.0, 1.0, 1.0, 1.0]","[2195, 2196, 2198, 2203, 2205, 2209]"
2674,"[0.75, 0.75, 1.0, 1.0, 1.0, 1.0]","[58, 97, 2666, 2669, 2671, 2674]"
2675,"[1.0, 1.0, 1.0, 1.0, 1.0, 1.0]","[2195, 2196, 2198, 2203, 2205, 2209]"
2676,"[1.0, 1.0, 1.0, 1.0, 1.0, 1.0]","[2195, 2196, 2198, 2203, 2205, 2209]"
2677,"[1.0, 1.0, 1.0, 1.0, 1.0, 1.0]","[2195, 2196, 2198, 2203, 2205, 2209]"
2678,"[1.0, 1.0, 1.0, 1.0, 1.0, 1.0]","[2195, 2196, 2198, 2203, 2205, 2209]"
2679,"[1.0, 1.0, 1.0, 1.0, 1.0, 1.0]","[2195, 2196, 2198, 2203, 2205, 2209]"
2680,"[1.0, 1.0, 1.0, 1.0, 1.0, 1.0]","[2195, 2196, 2198, 2203, 2205, 2209]"
2681,"[1.0, 1.0, 1.0, 1.0, 1.0, 1.0]","[2195, 2196, 2198, 2203, 2205, 2209]"
2682,"[1.0, 1.0, 1.0, 1.0, 1.0, 1.0]","[2195, 2196, 2198, 2203, 2205, 2209]"
2683,"[1.0, 1.0, 1.0, 1.0, 1.0, 1.0]","[2195, 2196, 2198, 2203, 2205, 2209]"
2684,"[1.0, 1.0, 1.0, 1.0, 1.0, 1.0]","[2195, 2196, 2198, 2203, 2205, 2209]"
2685,"[1.0, 1.0, 1.0, 1.0, 1.0, 1.0]","[2195, 2196, 2198, 2203, 2205, 2209]"
2686,"[1.0, 1.0, 1.0, 1.0, 1.0, 1.0]","[2195, 2196, 2198, 2203, 2205, 2209]"
2687,"[1.0, 1.0, 1.0, 1.0, 1.0, 1.0]","[2195, 2196, 2198, 2203, 2205, 2209]"
2688,"[1.0, 1.0, 1.0, 1.0, 1.0, 1.0]","[2195, 2196, 2198, 2203, 2205, 2209]"
2689,"[1.0, 1.0, 1.0, 1.0, 1.0, 1.0]","[2195, 2196, 2198, 2203, 2205, 2209]"
2690,"[1.0, 1.0, 1.0, 1.0, 1.0, 1.0]","[2195, 2196, 2198, 2203, 2205, 2209]"
2691,"[1.0, 1.0, 1.0, 1.0, 1.0, 1.0]","[2195, 2196, 2198, 2203, 2205, 2209]"
2692,"[1.0, 1.0, 1.0, 1.0, 1.0, 1.0]","[2195, 2196, 2198, 2203, 2205, 2209]"
2693,"[1.0, 1.0, 1.0, 1.0, 1.0, 1.0]","[2195, 2196, 2198, 2203, 2205, 2209]"
2694,"[1.0, 1.0, 1.0, 1.0, 1.0, 1.0]","[2195, 2196, 2198, 2203, 2205, 2209]"
2695,"[1.0, 1.0, 1.0, 1.0, 1.0, 1.0]","[2195, 2196, 2198, 2203, 2205, 2209]"
2696,"[1.0, 1.0, 1.0, 1.0, 1.0, 1.0]","[2195, 2196, 2198, 2203, 2205, 2209]"
2697,"[1.0, 1.0, 1.0, 1.0, 1.0, 1.0]","[2195, 2196, 2198, 2203, 2205, 2209]"
2698,"[1.0, 1.0, 1.0, 1.0, 1.0, 1.0]","[307, 313, 345, 347, 348, 359]"
2699,"[1.0, 1.0, 1.0, 1.0, 1.0, 1.0]","[2195, 2196, 2198, 2203, 2205, 2209]"
2700,"[1.0, 1.0, 1.0, 1.0, 1.0, 1.0]","[2195, 2196, 2198, 2203, 2205, 2209]"
2701,"[1.0, 1.0, 1.0, 1.0, 1.0, 1.0]","[2195, 2196, 2198, 2203, 2205, 2209]"
2702,"[1.0, 1.0, 1.0, 1.0, 1.0, 1.0]","[2195, 2196, 2198, 2203, 2205, 2209]"
2703,"[1.0, 1.0, 1.0, 1.0, 1.0, 1.0]","[2195, 2196, 2198, 2203, 2205, 2209]"
2704,"[1.0, 1.0, 1.0, 1.0, 1.0, 1.0]","[2195, 2196, 2198, 2203, 2205, 2209]"
2705,"[1.0, 1.0, 1.0, 1.0, 1.0, 1.0]","[2195, 2196, 2198, 2203, 2205, 2209]"
2706,"[1.0, 1.0, 1.0, 1.0, 1.0, 1.0]","[2195, 2196, 2198, 2203, 2205, 2209]"
2707,"[1.0, 1.0, 1.0, 1.0, 1.0, 1.0]","[2195, 2196, 2198, 2203, 2205, 2209]"
2708,"[1.0, 1.0, 1.0, 1.0, 1.0, 1.0]","[307, 313, 345, 347, 348, 359]"
2709,"[1.0, 1.0, 1.0, 1.0, 1.0, 1.0]","[2195, 2196, 2198, 2203, 2205, 2209]"
2710,"[1.0, 1.0, 1.0, 1.0, 1.0, 1.0]","[2195, 2196, 2198, 2203, 2205, 2209]"
2711,"[1.0, 1.0, 1.0, 1.0, 1.0, 1.0]","[2195, 2196, 2198, 2203, 2205, 2209]"
2712,"[1.0, 1.0, 1.0, 1.0, 1.0, 1.0]","[307, 313, 345, 347, 348, 359]"
2713,"[1.0, 1.0, 1.0, 1.0, 1.0, 1.0]","[2195, 2196, 2198, 2203, 2205, 2209]"
2714,"[1.0, 1.0, 1.0, 1.0, 1.0, 1.0]","[2195, 2196, 2198, 2203, 2205, 2209]"
2715,"[1.0, 1.0, 1.0, 1.0, 1.0, 1.0]","[2195, 2196, 2198, 2203, 2205, 2209]"
2716,"[1.0, 1.0, 1.0, 1.0, 1.0, 1.0]","[2195, 2196, 2198, 2203, 2205, 2209]"
2717,"[1.0, 1.0, 1.0, 1.0, 1.0, 1.0]","[2195, 2196, 2198, 2203, 2205, 2209]"
2718,"[1.0, 1.0, 1.0, 1.0, 1.0, 1.0]","[2195, 2196, 2198, 2203, 2205, 2209]"
2719,"[1.0, 1.0, 1.0, 1.0, 1.0, 1.0]","[2195, 2196, 2198, 2203, 2205, 2209]"
2720,"[1.0, 1.0, 1.0, 1.0, 1.0, 1.0]","[2195, 2196, 2198, 2203, 2205, 2209]"
2721,"[1.0, 1.0, 1.0, 1.0, 1.0, 1.0]","[2195, 2196, 2198, 2203, 2205, 2209]"
2722,"[1.0, 1.0, 1.0, 1.0, 1.0, 1.0]","[2195, 2196, 2198, 2203, 2205, 2209]"
2723,"[1.0, 1.0, 1.0, 1.0, 1.0, 1.0]","[2195, 2196, 2198, 2203, 2205, 2209]"
2724,"[1.0, 1.0, 1.0, 1.0, 1.0, 1.0]","[2195, 2196, 2198, 2203, 2205, 2209]"
2725,"[1.0, 1.0, 1.0, 1.0, 1.0, 1.0]","[2195, 2196, 2198, 2203, 2205, 2209]"
2726,"[1.0, 1.0, 1.0, 1.0, 1.0, 1.0]","[2195, 2196, 2198, 2203, 2205, 2209]"
2727,"[1.0, 1.0, 1.0, 1.0, 1.0, 1.0]","[2195, 2196, 2198, 2203, 2205, 2209]"
2728,"[1.0, 1.0, 1.0, 1.0, 1.0, 1.0]","[2195, 2196, 2198, 2203, 2205, 2209]"
2729,"[1.0, 1.0, 1.0, 1.0, 1.0, 1.0]","[2195, 2196, 2198, 2203, 2205, 2209]"
2730,"[1.0, 1.0, 1.0, 1.0, 1.0, 1.0]","[2195, 2196, 2198, 2203, 2205, 2209]"
2731,"[1.0, 1.0, 1.0, 1.0, 1.0, 1.0]","[2195, 2196, 2198, 2203, 2205, 2209]"
2732,"[1.0, 1.0, 1.0, 1.0, 1.0, 1.0]","[2195, 2196, 2198, 2203, 2205, 2209]"
2733,"[1.0, 1.0, 1.0, 1.0, 1.0, 1.0]","[2195, 2196, 2198, 2203, 2205, 2209]"
2734,"[1.0, 1.0, 1.0, 1.0, 1.0, 1.0]","[2195, 2196, 2198, 2203, 2205, 2209]"
2735,"[1.0, 1.0, 1.0, 1.0, 1.0, 1.0]","[2195, 2196, 2198, 2203, 2205, 2209]"
2736,"[1.0, 1.0, 1.0, 1.0, 1.0, 1.0]","[2195, 2196, 2198, 2203, 2205, 2209]"
2737,"[1.0, 1.0, 1.0, 1.0, 1.0, 1.0]","[2195, 2196, 2198, 2203, 2205, 2209]"
2738,"[1.0, 1.0, 1.0, 1.0, 1.0, 1.0]","[2195, 2196, 2198, 2203, 2205, 2209]"
2739,"[1.0, 1.0, 1.0, 1.0, 1.0, 1.0]","[33, 153, 155, 171, 194, 195]"
2740,"[1.0, 1.0, 1.0, 1.0, 1.0, 1.0]","[2195, 2196, 2198, 2203, 2205, 2209]"
2741,"[0.75, 0.75, 0.75, 1.0, 1.0, 1.0]","[55, 58, 97, 2741, 2745, 2748]"
2742,"[1.0, 1.0, 1.0, 1.0, 1.0, 1.0]","[2195, 2196, 2198, 2203, 2205, 2209]"
2743,"[1.0, 1.0, 1.0, 1.0, 1.0, 1.0]","[2195, 2196, 2198, 2203, 2205, 2209]"
2744,"[1.0, 1.0, 1.0, 1.0, 1.0, 1.0]","[2195, 2196, 2198, 2203, 2205, 2209]"
2745,"[0.75, 0.75, 0.75, 1.0, 1.0, 1.0]","[55, 58, 97, 2741, 2745, 2748]"
2746,"[1.0, 1.0, 1.0, 1.0, 1.0, 1.0]","[2195, 2196, 2198, 2203, 2205, 2209]"
2747,"[1.0, 1.0, 1.0, 1.0, 1.0, 1.0]","[2195, 2196, 2198, 2203, 2205, 2209]"
2748,"[0.75, 0.75, 0.75, 1.0, 1.0, 1.0]","[55, 58, 97, 2741, 2745, 2748]"
2749,"[1.0, 1.0, 1.0, 1.0, 1.0, 1.0]","[2195, 2196, 2198, 2203, 2205, 2209]"
2750,"[1.0, 1.0, 1.0, 1.0, 1.0, 1.0]","[2195, 2196, 2198, 2203, 2205, 2209]"
2751,"[1.0, 1.0, 1.0, 1.0, 1.0, 1.0]","[2195, 2196, 2198, 2203, 2205, 2209]"
2752,"[1.0, 1.0, 1.0, 1.0, 1.0, 1.0]","[2195, 2196, 2198, 2203, 2205, 2209]"
2753,"[1.0, 1.0, 1.0, 1.0, 1.0, 1.0]","[2195, 2196, 2198, 2203, 2205, 2209]"
2754,"[1.0, 1.0, 1.0, 1.0, 1.0, 1.0]","[2195, 2196, 2198, 2203, 2205, 2209]"
2755,"[1.0, 1.0, 1.0, 1.0, 1.0, 1.0]","[2195, 2196, 2198, 2203, 2205, 2209]"
2756,"[1.0, 1.0, 1.0, 1.0, 1.0, 1.0]","[307, 313, 345, 347, 348, 359]"
2757,"[1.0, 1.0, 1.0, 1.0, 1.0, 1.0]","[2195, 2196, 2198, 2203, 2205, 2209]"
2758,"[1.0, 1.0, 1.0, 1.0, 1.0, 1.0]","[2195, 2196, 2198, 2203, 2205, 2209]"
2759,"[1.0, 1.0, 1.0, 1.0, 1.0, 1.0]","[2195, 2196, 2198, 2203, 2205, 2209]"
2760,"[1.0, 1.0, 1.0, 1.0, 1.0, 1.0]","[2195, 2196, 2198, 2203, 2205, 2209]"
2761,"[1.0, 1.0, 1.0, 1.0, 1.0, 1.0]","[307, 313, 345, 347, 348, 359]"
2762,"[1.0, 1.0, 1.0, 1.0, 1.0, 1.0]","[2195, 2196, 2198, 2203, 2205, 2209]"
2763,"[1.0, 1.0, 1.0, 1.0, 1.0, 1.0]","[2195, 2196, 2198, 2203, 2205, 2209]"
2764,"[1.0, 1.0, 1.0, 1.0, 1.0, 1.0]","[2195, 2196, 2198, 2203, 2205, 2209]"
2765,"[1.0, 1.0, 1.0, 1.0, 1.0, 1.0]","[2195, 2196, 2198, 2203, 2205, 2209]"
2766,"[1.0, 1.0, 1.0, 1.0, 1.0, 1.0]","[2195, 2196, 2198, 2203, 2205, 2209]"
2767,"[1.0, 1.0, 1.0, 1.0, 1.0, 1.0]","[2195, 2196, 2198, 2203, 2205, 2209]"
2768,"[1.0, 1.0, 1.0, 1.0, 1.0, 1.0]","[307, 313, 345, 347, 348, 359]"
2769,"[1.0, 1.0, 1.0, 1.0, 1.0, 1.0]","[2195, 2196, 2198, 2203, 2205, 2209]"
2770,"[1.0, 1.0, 1.0, 1.0, 1.0, 1.0]","[2195, 2196, 2198, 2203, 2205, 2209]"
2771,"[1.0, 1.0, 1.0, 1.0, 1.0, 1.0]","[2195, 2196, 2198, 2203, 2205, 2209]"
2772,"[1.0, 1.0, 1.0, 1.0, 1.0, 1.0]","[307, 313, 345, 347, 348, 359]"
2773,"[0.75, 0.75, 0.75, 1.0, 1.0, 1.0]","[55, 58, 97, 2773, 2776, 2779]"
2774,"[1.0, 1.0, 1.0, 1.0, 1.0, 1.0]","[2195, 2196, 2198, 2203, 2205, 2209]"
2775,"[1.0, 1.0, 1.0, 1.0, 1.0, 1.0]","[2195, 2196, 2198, 2203, 2205, 2209]"
2776,"[0.75, 0.75, 0.75, 1.0, 1.0, 1.0]","[55, 58, 97, 2773, 2776, 2779]"
2777,"[1.0, 1.0, 1.0, 1.0, 1.0, 1.0]","[2195, 2196, 2198, 2203, 2205, 2209]"
2778,"[1.0, 1.0, 1.0, 1.0, 1.0, 1.0]","[2195, 2196, 2198, 2203, 2205, 2209]"
2779,"[0.75, 0.75, 0.75, 1.0, 1.0, 1.0]","[55, 58, 97, 2773, 2776, 2779]"
2780,"[1.0, 1.0, 1.0, 1.0, 1.0, 1.0]","[2195, 2196, 2198, 2203, 2205, 2209]"
2781,"[1.0, 1.0, 1.0, 1.0, 1.0, 1.0]","[2195, 2196, 2198, 2203, 2205, 2209]"
2782,"[1.0, 1.0, 1.0, 1.0, 1.0, 1.0]","[2195, 2196, 2198, 2203, 2205, 2209]"
2783,"[1.0, 1.0, 1.0, 1.0, 1.0, 1.0]","[2195, 2196, 2198, 2203, 2205, 2209]"
2784,"[1.0, 1.0, 1.0, 1.0, 1.0, 1.0]","[2195, 2196, 2198, 2203, 2205, 2209]"
2785,"[1.0, 1.0, 1.0, 1.0, 1.0, 1.0]","[2195, 2196, 2198, 2203, 2205, 2209]"
2786,"[1.0, 1.0, 1.0, 1.0, 1.0, 1.0]","[2195, 2196, 2198, 2203, 2205, 2209]"
2787,"[1.0, 1.0, 1.0, 1.0, 1.0, 1.0]","[2195, 2196, 2198, 2203, 2205, 2209]"
2788,"[1.0, 1.0, 1.0, 1.0, 1.0, 1.0]","[2195, 2196, 2198, 2203, 2205, 2209]"
2789,"[1.0, 1.0, 1.0, 1.0, 1.0, 1.0]","[2195, 2196, 2198, 2203, 2205, 2209]"
2790,"[1.0, 1.0, 1.0, 1.0, 1.0, 1.0]","[2195, 2196, 2198, 2203, 2205, 2209]"
2791,"[1.0, 1.0, 1.0, 1.0, 1.0, 1.0]","[2195, 2196, 2198, 2203, 2205, 2209]"
2792,"[1.0, 1.0, 1.0, 1.0, 1.0, 1.0]","[2195, 2196, 2198, 2203, 2205, 2209]"
2793,"[1.0, 1.0, 1.0, 1.0, 1.0, 1.0]","[2195, 2196, 2198, 2203, 2205, 2209]"
2794,"[1.0, 1.0, 1.0, 1.0, 1.0, 1.0]","[2195, 2196, 2198, 2203, 2205, 2209]"
2795,"[1.0, 1.0, 1.0, 1.0, 1.0, 1.0]","[2195, 2196, 2198, 2203, 2205, 2209]"
2796,"[1.0, 1.0, 1.0, 1.0, 1.0, 1.0]","[2195, 2196, 2198, 2203, 2205, 2209]"
2797,"[1.0, 1.0, 1.0, 1.0, 1.0, 1.0]","[2195, 2196, 2198, 2203, 2205, 2209]"
2798,"[1.0, 1.0, 1.0, 1.0, 1.0, 1.0]","[2195, 2196, 2198, 2203, 2205, 2209]"
2799,"[1.0, 1.0, 1.0, 1.0, 1.0, 1.0]","[2195, 2196, 2198, 2203, 2205, 2209]"
2800,"[1.0, 1.0, 1.0, 1.0, 1.0, 1.0]","[2195, 2196, 2198, 2203, 2205, 2209]"
2801,"[1.0, 1.0, 1.0, 1.0, 1.0, 1.0]","[2195, 2196, 2198, 2203, 2205, 2209]"
2802,"[1.0, 1.0, 1.0, 1.0, 1.0, 1.0]","[2195, 2196, 2198, 2203, 2205, 2209]"
2803,"[1.0, 1.0, 1.0, 1.0, 1.0, 1.0]","[2195, 2196, 2198, 2203, 2205, 2209]"
2804,"[1.0, 1.0, 1.0, 1.0, 1.0, 1.0]","[2195, 2196, 2198, 2203, 2205, 2209]"
2805,"[1.0, 1.0, 1.0, 1.0, 1.0, 1.0]","[2195, 2196, 2198, 2203, 2205, 2209]"
2806,"[1.0, 1.0, 1.0, 1.0, 1.0, 1.0]","[2195, 2196, 2198, 2203, 2205, 2209]"
2807,"[1.0, 1.0, 1.0, 1.0, 1.0, 1.0]","[2195, 2196, 2198, 2203, 2205, 2209]"
2808,"[1.0, 1.0, 1.0, 1.0, 1.0, 1.0]","[2195, 2196, 2198, 2203, 2205, 2209]"
2809,"[0.75, 0.75, 0.75, 1.0, 1.0, 1.0]","[55, 58, 97, 2809, 2812, 2816]"
2810,"[1.0, 1.0, 1.0, 1.0, 1.0, 1.0]","[2195, 2196, 2198, 2203, 2205, 2209]"
2811,"[1.0, 1.0, 1.0, 1.0, 1.0, 1.0]","[2195, 2196, 2198, 2203, 2205, 2209]"
2812,"[0.75, 0.75, 0.75, 1.0, 1.0, 1.0]","[55, 58, 97, 2809, 2812, 2816]"
2813,"[1.0, 1.0, 1.0, 1.0, 1.0, 1.0]","[2195, 2196, 2198, 2203, 2205, 2209]"
2814,"[1.0, 1.0, 1.0, 1.0, 1.0, 1.0]","[2195, 2196, 2198, 2203, 2205, 2209]"
2815,"[1.0, 1.0, 1.0, 1.0, 1.0, 1.0]","[2195, 2196, 2198, 2203, 2205, 2209]"
2816,"[0.75, 0.75, 0.75, 1.0, 1.0, 1.0]","[55, 58, 97, 2809, 2812, 2816]"
2817,"[1.0, 1.0, 1.0, 1.0, 1.0, 1.0]","[2195, 2196, 2198, 2203, 2205, 2209]"
2818,"[1.0, 1.0, 1.0, 1.0, 1.0, 1.0]","[2195, 2196, 2198, 2203, 2205, 2209]"
2819,"[1.0, 1.0, 1.0, 1.0, 1.0, 1.0]","[2195, 2196, 2198, 2203, 2205, 2209]"
2820,"[1.0, 1.0, 1.0, 1.0, 1.0, 1.0]","[2195, 2196, 2198, 2203, 2205, 2209]"
2821,"[1.0, 1.0, 1.0, 1.0, 1.0, 1.0]","[2195, 2196, 2198, 2203, 2205, 2209]"
2822,"[1.0, 1.0, 1.0, 1.0, 1.0, 1.0]","[2195, 2196, 2198, 2203, 2205, 2209]"
2823,"[1.0, 1.0, 1.0, 1.0, 1.0, 1.0]","[2195, 2196, 2198, 2203, 2205, 2209]"
2824,"[1.0, 1.0, 1.0, 1.0, 1.0, 1.0]","[2195, 2196, 2198, 2203, 2205, 2209]"
2825,"[1.0, 1.0, 1.0, 1.0, 1.0, 1.0]","[2195, 2196, 2198, 2203, 2205, 2209]"
2826,"[1.0, 1.0, 1.0, 1.0, 1.0, 1.0]","[2195, 2196, 2198, 2203, 2205, 2209]"
2827,"[1.0, 1.0, 1.0, 1.0, 1.0, 1.0]","[2195, 2196, 2198, 2203, 2205, 2209]"
2828,"[1.0, 1.0, 1.0, 1.0, 1.0, 1.0]","[2195, 2196, 2198, 2203, 2205, 2209]"
2829,"[1.0, 1.0, 1.0, 1.0, 1.0, 1.0]","[2195, 2196, 2198, 2203, 2205, 2209]"
2830,"[1.0, 1.0, 1.0, 1.0, 1.0, 1.0]","[2195, 2196, 2198, 2203, 2205, 2209]"
2831,"[1.0, 1.0, 1.0, 1.0, 1.0, 1.0]","[2195, 2196, 2198, 2203, 2205, 2209]"
2832,"[1.0, 1.0, 1.0, 1.0, 1.0, 1.0]","[2195, 2196, 2198, 2203, 2205, 2209]"
2833,"[1.0, 1.0, 1.0, 1.0, 1.0, 1.0]","[2195, 2196, 2198, 2203, 2205, 2209]"
2834,"[1.0, 1.0, 1.0, 1.0, 1.0, 1.0]","[2195, 2196, 2198, 2203, 2205, 2209]"
2835,"[1.0, 1.0, 1.0, 1.0, 1.0, 1.0]","[2195, 2196, 2198, 2203, 2205, 2209]"
2836,"[1.0, 1.0, 1.0, 1.0, 1.0, 1.0]","[2195, 2196, 2198, 2203, 2205, 2209]"
2837,"[1.0, 1.0, 1.0, 1.0, 1.0, 1.0]","[2195, 2196, 2198, 2203, 2205, 2209]"
2838,"[1.0, 1.0, 1.0, 1.0, 1.0, 1.0]","[2195, 2196, 2198, 2203, 2205, 2209]"
2839,"[1.0, 1.0, 1.0, 1.0, 1.0, 1.0]","[2195, 2196, 2198, 2203, 2205, 2209]"
2840,"[1.0, 1.0, 1.0, 1.0, 1.0, 1.0]","[2195, 2196, 2198, 2203, 2205, 2209]"
2841,"[1.0, 1.0, 1.0, 1.0, 1.0, 1.0]","[2195, 2196, 2198, 2203, 2205, 2209]"
2842,"[1.0, 1.0, 1.0, 1.0, 1.0, 1.0]","[2195, 2196, 2198, 2203, 2205, 2209]"
2843,"[1.0, 1.0, 1.0, 1.0, 1.0, 1.0]","[2195, 2196, 2198, 2203, 2205, 2209]"
2844,"[1.0, 1.0, 1.0, 1.0, 1.0, 1.0]","[2195, 2196, 2198, 2203, 2205, 2209]"
2845,"[1.0, 1.0, 1.0, 1.0, 1.0, 1.0]","[2195, 2196, 2198, 2203, 2205, 2209]"
2846,"[0.75, 0.75, 0.75, 1.0, 1.0, 1.0]","[55, 58, 97, 2846, 2851, 2856]"
2847,"[1.0, 1.0, 1.0, 1.0, 1.0, 1.0]","[2195, 2196, 2198, 2203, 2205, 2209]"
2848,"[1.0, 1.0, 1.0, 1.0, 1.0, 1.0]","[2195, 2196, 2198, 2203, 2205, 2209]"
2849,"[1.0, 1.0, 1.0, 1.0, 1.0, 1.0]","[2195, 2196, 2198, 2203, 2205, 2209]"
2850,"[1.0, 1.0, 1.0, 1.0, 1.0, 1.0]","[2195, 2196, 2198, 2203, 2205, 2209]"
2851,"[0.75, 0.75, 0.75, 1.0, 1.0, 1.0]","[55, 58, 97, 2846, 2851, 2856]"
2852,"[1.0, 1.0, 1.0, 1.0, 1.0, 1.0]","[2195, 2196, 2198, 2203, 2205, 2209]"
2853,"[1.0, 1.0, 1.0, 1.0, 1.0, 1.0]","[2195, 2196, 2198, 2203, 2205, 2209]"
2854,"[1.0, 1.0, 1.0, 1.0, 1.0, 1.0]","[2195, 2196, 2198, 2203, 2205, 2209]"
2855,"[1.0, 1.0, 1.0, 1.0, 1.0, 1.0]","[2195, 2196, 2198, 2203, 2205, 2209]"
2856,"[0.75, 0.75, 0.75, 1.0, 1.0, 1.0]","[55, 58, 97, 2846, 2851, 2856]"
2857,"[1.0, 1.0, 1.0, 1.0, 1.0, 1.0]","[2195, 2196, 2198, 2203, 2205, 2209]"
2858,"[1.0, 1.0, 1.0, 1.0, 1.0, 1.0]","[2195, 2196, 2198, 2203, 2205, 2209]"
2859,"[1.0, 1.0, 1.0, 1.0, 1.0, 1.0]","[2195, 2196, 2198, 2203, 2205, 2209]"
2860,"[1.0, 1.0, 1.0, 1.0, 1.0, 1.0]","[2195, 2196, 2198, 2203, 2205, 2209]"
2861,"[1.0, 1.0, 1.0, 1.0, 1.0, 1.0]","[2195, 2196, 2198, 2203, 2205, 2209]"
2862,"[1.0, 1.0, 1.0, 1.0, 1.0, 1.0]","[2195, 2196, 2198, 2203, 2205, 2209]"
2863,"[1.0, 1.0, 1.0, 1.0, 1.0, 1.0]","[2195, 2196, 2198, 2203, 2205, 2209]"
2864,"[1.0, 1.0, 1.0, 1.0, 1.0, 1.0]","[307, 313, 345, 347, 348, 359]"
2865,"[1.0, 1.0, 1.0, 1.0, 1.0, 1.0]","[2195, 2196, 2198, 2203, 2205, 2209]"
2866,"[1.0, 1.0, 1.0, 1.0, 1.0, 1.0]","[2195, 2196, 2198, 2203, 2205, 2209]"
2867,"[1.0, 1.0, 1.0, 1.0, 1.0, 1.0]","[2195, 2196, 2198, 2203, 2205, 2209]"
2868,"[1.0, 1.0, 1.0, 1.0, 1.0, 1.0]","[2195, 2196, 2198, 2203, 2205, 2209]"
2869,"[1.0, 1.0, 1.0, 1.0, 1.0, 1.0]","[2195, 2196, 2198, 2203, 2205, 2209]"
2870,"[1.0, 1.0, 1.0, 1.0, 1.0, 1.0]","[2195, 2196, 2198, 2203, 2205, 2209]"
2871,"[1.0, 1.0, 1.0, 1.0, 1.0, 1.0]","[2195, 2196, 2198, 2203, 2205, 2209]"
2872,"[1.0, 1.0, 1.0, 1.0, 1.0, 1.0]","[2195, 2196, 2198, 2203, 2205, 2209]"
2873,"[1.0, 1.0, 1.0, 1.0, 1.0, 1.0]","[2195, 2196, 2198, 2203, 2205, 2209]"
2874,"[1.0, 1.0, 1.0, 1.0, 1.0, 1.0]","[2195, 2196, 2198, 2203, 2205, 2209]"
2875,"[1.0, 1.0, 1.0, 1.0, 1.0, 1.0]","[2195, 2196, 2198, 2203, 2205, 2209]"
2876,"[1.0, 1.0, 1.0, 1.0, 1.0, 1.0]","[2195, 2196, 2198, 2203, 2205, 2209]"
2877,"[1.0, 1.0, 1.0, 1.0, 1.0, 1.0]","[2195, 2196, 2198, 2203, 2205, 2209]"
2878,"[1.0, 1.0, 1.0, 1.0, 1.0, 1.0]","[2195, 2196, 2198, 2203, 2205, 2209]"
2879,"[1.0, 1.0, 1.0, 1.0, 1.0, 1.0]","[35, 55, 323, 742, 1169, 1302]"
2880,"[1.0, 1.0, 1.0, 1.0, 1.0, 1.0]","[2195, 2196, 2198, 2203, 2205, 2209]"
2881,"[1.0, 1.0, 1.0, 1.0, 1.0, 1.0]","[2195, 2196, 2198, 2203, 2205, 2209]"
2882,"[1.0, 1.0, 1.0, 1.0, 1.0, 1.0]","[2195, 2196, 2198, 2203, 2205, 2209]"
2883,"[1.0, 1.0, 1.0, 1.0, 1.0, 1.0]","[307, 313, 345, 347, 348, 359]"
2884,"[1.0, 1.0, 1.0, 1.0, 1.0, 1.0]","[2195, 2196, 2198, 2203, 2205, 2209]"
2885,"[1.0, 1.0, 1.0, 1.0, 1.0, 1.0]","[2195, 2196, 2198, 2203, 2205, 2209]"
2886,"[1.0, 1.0, 1.0, 1.0, 1.0, 1.0]","[2195, 2196, 2198, 2203, 2205, 2209]"
2887,"[1.0, 1.0, 1.0, 1.0, 1.0, 1.0]","[2195, 2196, 2198, 2203, 2205, 2209]"
2888,"[1.0, 1.0, 1.0, 1.0, 1.0, 1.0]","[2195, 2196, 2198, 2203, 2205, 2209]"
2889,"[1.0, 1.0, 1.0, 1.0, 1.0, 1.0]","[307, 313, 345, 347, 348, 359]"
2890,"[1.0, 1.0, 1.0, 1.0, 1.0, 1.0]","[2195, 2196, 2198, 2203, 2205, 2209]"
2891,"[1.0, 1.0, 1.0, 1.0, 1.0, 1.0]","[2195, 2196, 2198, 2203, 2205, 2209]"
2892,"[1.0, 1.0, 1.0, 1.0, 1.0, 1.0]","[2195, 2196, 2198, 2203, 2205, 2209]"
2893,"[1.0, 1.0, 1.0, 1.0, 1.0, 1.0]","[2195, 2196, 2198, 2203, 2205, 2209]"
2894,"[1.0, 1.0, 1.0, 1.0, 1.0, 1.0]","[2195, 2196, 2198, 2203, 2205, 2209]"
2895,"[1.0, 1.0, 1.0, 1.0, 1.0, 1.0]","[2195, 2196, 2198, 2203, 2205, 2209]"
2896,"[1.0, 1.0, 1.0, 1.0, 1.0, 1.0]","[2195, 2196, 2198, 2203, 2205, 2209]"
2897,"[1.0, 1.0, 1.0, 1.0, 1.0, 1.0]","[2195, 2196, 2198, 2203, 2205, 2209]"
2898,"[1.0, 1.0, 1.0, 1.0, 1.0, 1.0]","[2195, 2196, 2198, 2203, 2205, 2209]"
2899,"[1.0, 1.0, 1.0, 1.0, 1.0, 1.0]","[2195, 2196, 2198, 2203, 2205, 2209]"
2900,"[1.0, 1.0, 1.0, 1.0, 1.0, 1.0]","[2195, 2196, 2198, 2203, 2205, 2209]"
2901,"[1.0, 1.0, 1.0, 1.0, 1.0, 1.0]","[2195, 2196, 2198, 2203, 2205, 2209]"
2902,"[1.0, 1.0, 1.0, 1.0, 1.0, 1.0]","[2195, 2196, 2198, 2203, 2205, 2209]"
2903,"[1.0, 1.0, 1.0, 1.0, 1.0, 1.0]","[2195, 2196, 2198, 2203, 2205, 2209]"
2904,"[1.0, 1.0, 1.0, 1.0, 1.0, 1.0]","[35, 55, 323, 742, 1169, 1302]"
2905,"[1.0, 1.0, 1.0, 1.0, 1.0, 1.0]","[2195, 2196, 2198, 2203, 2205, 2209]"
2906,"[1.0, 1.0, 1.0, 1.0, 1.0, 1.0]","[2195, 2196, 2198, 2203, 2205, 2209]"
2907,"[1.0, 1.0, 1.0, 1.0, 1.0, 1.0]","[2195, 2196, 2198, 2203, 2205, 2209]"
2908,"[1.0, 1.0, 1.0, 1.0, 1.0, 1.0]","[307, 313, 345, 347, 348, 359]"
2909,"[1.0, 1.0, 1.0, 1.0, 1.0, 1.0]","[2195, 2196, 2198, 2203, 2205, 2209]"
2910,"[1.0, 1.0, 1.0, 1.0, 1.0, 1.0]","[2195, 2196, 2198, 2203, 2205, 2209]"
2911,"[1.0, 1.0, 1.0, 1.0, 1.0, 1.0]","[2195, 2196, 2198, 2203, 2205, 2209]"
2912,"[1.0, 1.0, 1.0, 1.0, 1.0, 1.0]","[2195, 2196, 2198, 2203, 2205, 2209]"
2913,"[1.0, 1.0, 1.0, 1.0, 1.0, 1.0]","[2195, 2196, 2198, 2203, 2205, 2209]"
2914,"[1.0, 1.0, 1.0, 1.0, 1.0, 1.0]","[2195, 2196, 2198, 2203, 2205, 2209]"
2915,"[1.0, 1.0, 1.0, 1.0, 1.0, 1.0]","[2195, 2196, 2198, 2203, 2205, 2209]"
2916,"[1.0, 1.0, 1.0, 1.0, 1.0, 1.0]","[2195, 2196, 2198, 2203, 2205, 2209]"
2917,"[1.0, 1.0, 1.0, 1.0, 1.0, 1.0]","[2195, 2196, 2198, 2203, 2205, 2209]"
2918,"[1.0, 1.0, 1.0, 1.0, 1.0, 1.0]","[2195, 2196, 2198, 2203, 2205, 2209]"
2919,"[1.0, 1.0, 1.0, 1.0, 1.0, 1.0]","[2195, 2196, 2198, 2203, 2205, 2209]"
2920,"[1.0, 1.0, 1.0, 1.0, 1.0, 1.0]","[2195, 2196, 2198, 2203, 2205, 2209]"
2921,"[1.0, 1.0, 1.0, 1.0, 1.0, 1.0]","[2195, 2196, 2198, 2203, 2205, 2209]"
2922,"[1.0, 1.0, 1.0, 1.0, 1.0, 1.0]","[2195, 2196, 2198, 2203, 2205, 2209]"
2923,"[1.0, 1.0, 1.0, 1.0, 1.0, 1.0]","[2195, 2196, 2198, 2203, 2205, 2209]"
2924,"[1.0, 1.0, 1.0, 1.0, 1.0, 1.0]","[2195, 2196, 2198, 2203, 2205, 2209]"
2925,"[0.75, 0.75, 0.75, 1.0, 1.0, 1.0]","[55, 58, 97, 2925, 2928, 2931]"
2926,"[1.0, 1.0, 1.0, 1.0, 1.0, 1.0]","[2195, 2196, 2198, 2203, 2205, 2209]"
2927,"[1.0, 1.0, 1.0, 1.0, 1.0, 1.0]","[2195, 2196, 2198, 2203, 2205, 2209]"
2928,"[0.75, 0.75, 0.75, 1.0, 1.0, 1.0]","[55, 58, 97, 2925, 2928, 2931]"
2929,"[1.0, 1.0, 1.0, 1.0, 1.0, 1.0]","[2195, 2196, 2198, 2203, 2205, 2209]"
2930,"[1.0, 1.0, 1.0, 1.0, 1.0, 1.0]","[2195, 2196, 2198, 2203, 2205, 2209]"
2931,"[0.75, 0.75, 0.75, 1.0, 1.0, 1.0]","[55, 58, 97, 2925, 2928, 2931]"
2932,"[1.0, 1.0, 1.0, 1.0, 1.0, 1.0]","[2195, 2196, 2198, 2203, 2205, 2209]"
2933,"[1.0, 1.0, 1.0, 1.0, 1.0, 1.0]","[2195, 2196, 2198, 2203, 2205, 2209]"
2934,"[1.0, 1.0, 1.0, 1.0, 1.0, 1.0]","[2195, 2196, 2198, 2203, 2205, 2209]"
2935,"[1.0, 1.0, 1.0, 1.0, 1.0, 1.0]","[2195, 2196, 2198, 2203, 2205, 2209]"
2936,"[1.0, 1.0, 1.0, 1.0, 1.0, 1.0]","[2195, 2196, 2198, 2203, 2205, 2209]"
2937,"[1.0, 1.0, 1.0, 1.0, 1.0, 1.0]","[2195, 2196, 2198, 2203, 2205, 2209]"
2938,"[1.0, 1.0, 1.0, 1.0, 1.0, 1.0]","[307, 313, 345, 347, 348, 359]"
2939,"[1.0, 1.0, 1.0, 1.0, 1.0, 1.0]","[2195, 2196, 2198, 2203, 2205, 2209]"
2940,"[1.0, 1.0, 1.0, 1.0, 1.0, 1.0]","[2195, 2196, 2198, 2203, 2205, 2209]"
2941,"[1.0, 1.0, 1.0, 1.0, 1.0, 1.0]","[2195, 2196, 2198, 2203, 2205, 2209]"
2942,"[1.0, 1.0, 1.0, 1.0, 1.0, 1.0]","[2195, 2196, 2198, 2203, 2205, 2209]"
2943,"[1.0, 1.0, 1.0, 1.0, 1.0, 1.0]","[2195, 2196, 2198, 2203, 2205, 2209]"
2944,"[1.0, 1.0, 1.0, 1.0, 1.0, 1.0]","[2195, 2196, 2198, 2203, 2205, 2209]"
2945,"[1.0, 1.0, 1.0, 1.0, 1.0, 1.0]","[2195, 2196, 2198, 2203, 2205, 2209]"
2946,"[1.0, 1.0, 1.0, 1.0, 1.0, 1.0]","[2195, 2196, 2198, 2203, 2205, 2209]"
2947,"[1.0, 1.0, 1.0, 1.0, 1.0, 1.0]","[2195, 2196, 2198, 2203, 2205, 2209]"
2948,"[1.0, 1.0, 1.0, 1.0, 1.0, 1.0]","[2195, 2196, 2198, 2203, 2205, 2209]"
2949,"[1.0, 1.0, 1.0, 1.0, 1.0, 1.0]","[2195, 2196, 2198, 2203, 2205, 2209]"
2950,"[1.0, 1.0, 1.0, 1.0, 1.0, 1.0]","[2195, 2196, 2198, 2203, 2205, 2209]"
2951,"[1.0, 1.0, 1.0, 1.0, 1.0, 1.0]","[2195, 2196, 2198, 2203, 2205, 2209]"
2952,"[1.0, 1.0, 1.0, 1.0, 1.0, 1.0]","[307, 313, 345, 347, 348, 359]"
2953,"[1.0, 1.0, 1.0, 1.0, 1.0, 1.0]","[2195, 2196, 2198, 2203, 2205, 2209]"
2954,"[1.0, 1.0, 1.0, 1.0, 1.0, 1.0]","[2195, 2196, 2198, 2203, 2205, 2209]"
2955,"[1.0, 1.0, 1.0, 1.0, 1.0, 1.0]","[2195, 2196, 2198, 2203, 2205, 2209]"
2956,"[1.0, 1.0, 1.0, 1.0, 1.0, 1.0]","[2195, 2196, 2198, 2203, 2205, 2209]"
2957,"[1.0, 1.0, 1.0, 1.0, 1.0, 1.0]","[35, 55, 323, 742, 1169, 1302]"
2958,"[1.0, 1.0, 1.0, 1.0, 1.0, 1.0]","[2195, 2196, 2198, 2203, 2205, 2209]"
2959,"[1.0, 1.0, 1.0, 1.0, 1.0, 1.0]","[2195, 2196, 2198, 2203, 2205, 2209]"
2960,"[1.0, 1.0, 1.0, 1.0, 1.0, 1.0]","[2195, 2196, 2198, 2203, 2205, 2209]"
2961,"[1.0, 1.0, 1.0, 1.0, 1.0, 1.0]","[2195, 2196, 2198, 2203, 2205, 2209]"
2962,"[1.0, 1.0, 1.0, 1.0, 1.0, 1.0]","[2195, 2196, 2198, 2203, 2205, 2209]"
2963,"[1.0, 1.0, 1.0, 1.0, 1.0, 1.0]","[2195, 2196, 2198, 2203, 2205, 2209]"
2964,"[1.0, 1.0, 1.0, 1.0, 1.0, 1.0]","[2195, 2196, 2198, 2203, 2205, 2209]"
2965,"[1.0, 1.0, 1.0, 1.0, 1.0, 1.0]","[2195, 2196, 2198, 2203, 2205, 2209]"
2966,"[1.0, 1.0, 1.0, 1.0, 1.0, 1.0]","[2195, 2196, 2198, 2203, 2205, 2209]"
2967,"[1.0, 1.0, 1.0, 1.0, 1.0, 1.0]","[2195, 2196, 2198, 2203, 2205, 2209]"
2968,"[1.0, 1.0, 1.0, 1.0, 1.0, 1.0]","[2195, 2196, 2198, 2203, 2205, 2209]"
2969,"[1.0, 1.0, 1.0, 1.0, 1.0, 1.0]","[307, 313, 345, 347, 348, 359]"
2970,"[1.0, 1.0, 1.0, 1.0, 1.0, 1.0]","[2195, 2196, 2198, 2203, 2205, 2209]"
2971,"[1.0, 1.0, 1.0, 1.0, 1.0, 1.0]","[2195, 2196, 2198, 2203, 2205, 2209]"
2972,"[1.0, 1.0, 1.0, 1.0, 1.0, 1.0]","[2195, 2196, 2198, 2203, 2205, 2209]"
2973,"[1.0, 1.0, 1.0, 1.0, 1.0, 1.0]","[2195, 2196, 2198, 2203, 2205, 2209]"
2974,"[1.0, 1.0, 1.0, 1.0, 1.0, 1.0]","[2195, 2196, 2198, 2203, 2205, 2209]"
2975,"[1.0, 1.0, 1.0, 1.0, 1.0, 1.0]","[2195, 2196, 2198, 2203, 2205, 2209]"
2976,"[1.0, 1.0, 1.0, 1.0, 1.0, 1.0]","[2195, 2196, 2198, 2203, 2205, 2209]"
2977,"[1.0, 1.0, 1.0, 1.0, 1.0, 1.0]","[2195, 2196, 2198, 2203, 2205, 2209]"
2978,"[1.0, 1.0, 1.0, 1.0, 1.0, 1.0]","[2195, 2196, 2198, 2203, 2205, 2209]"
2979,"[1.0, 1.0, 1.0, 1.0, 1.0, 1.0]","[2195, 2196, 2198, 2203, 2205, 2209]"
2980,"[1.0, 1.0, 1.0, 1.0, 1.0, 1.0]","[2195, 2196, 2198, 2203, 2205, 2209]"
2981,"[1.0, 1.0, 1.0, 1.0, 1.0, 1.0]","[2195, 2196, 2198, 2203, 2205, 2209]"
2982,"[1.0, 1.0, 1.0, 1.0, 1.0, 1.0]","[2195, 2196, 2198, 2203, 2205, 2209]"
2983,"[1.0, 1.0, 1.0, 1.0, 1.0, 1.0]","[2195, 2196, 2198, 2203, 2205, 2209]"
2984,"[1.0, 1.0, 1.0, 1.0, 1.0, 1.0]","[2195, 2196, 2198, 2203, 2205, 2209]"
2985,"[1.0, 1.0, 1.0, 1.0, 1.0, 1.0]","[2195, 2196, 2198, 2203, 2205, 2209]"
2986,"[1.0, 1.0, 1.0, 1.0, 1.0, 1.0]","[35, 55, 323, 742, 1169, 1302]"
2987,"[1.0, 1.0, 1.0, 1.0, 1.0, 1.0]","[2195, 2196, 2198, 2203, 2205, 2209]"
2988,"[1.0, 1.0, 1.0, 1.0, 1.0, 1.0]","[2195, 2196, 2198, 2203, 2205, 2209]"
2989,"[1.0, 1.0, 1.0, 1.0, 1.0, 1.0]","[2195, 2196, 2198, 2203, 2205, 2209]"
2990,"[1.0, 1.0, 1.0, 1.0, 1.0, 1.0]","[2195, 2196, 2198, 2203, 2205, 2209]"
2991,"[1.0, 1.0, 1.0, 1.0, 1.0, 1.0]","[2195, 2196, 2198, 2203, 2205, 2209]"
2992,"[1.0, 1.0, 1.0, 1.0, 1.0, 1.0]","[2195, 2196, 2198, 2203, 2205, 2209]"
2993,"[1.0, 1.0, 1.0, 1.0, 1.0, 1.0]","[2195, 2196, 2198, 2203, 2205, 2209]"
2994,"[1.0, 1.0, 1.0, 1.0, 1.0, 1.0]","[2195, 2196, 2198, 2203, 2205, 2209]"
2995,"[1.0, 1.0, 1.0, 1.0, 1.0, 1.0]","[2195, 2196, 2198, 2203, 2205, 2209]"
2996,"[1.0, 1.0, 1.0, 1.0, 1.0, 1.0]","[2195, 2196, 2198, 2203, 2205, 2209]"
2997,"[1.0, 1.0, 1.0, 1.0, 1.0, 1.0]","[2195, 2196, 2198, 2203, 2205, 2209]"
2998,"[0.75, 0.75, 0.75, 0.75, 1.0, 1.0]","[113, 324, 1473, 1475, 2998, 3025]"
2999,"[1.0, 1.0, 1.0, 1.0, 1.0, 1.0]","[2195, 2196, 2198, 2203, 2205, 2209]"
3000,"[1.0, 1.0, 1.0, 1.0, 1.0, 1.0]","[2195, 2196, 2198, 2203, 2205, 2209]"
3001,"[1.0, 1.0, 1.0, 1.0, 1.0, 1.0]","[2195, 2196, 2198, 2203, 2205, 2209]"
3002,"[1.0, 1.0, 1.0, 1.0, 1.0, 1.0]","[2195, 2196, 2198, 2203, 2205, 2209]"
3003,"[1.0, 1.0, 1.0, 1.0, 1.0, 1.0]","[2195, 2196, 2198, 2203, 2205, 2209]"
3004,"[1.0, 1.0, 1.0, 1.0, 1.0, 1.0]","[2195, 2196, 2198, 2203, 2205, 2209]"
3005,"[1.0, 1.0, 1.0, 1.0, 1.0, 1.0]","[2195, 2196, 2198, 2203, 2205, 2209]"
3006,"[1.0, 1.0, 1.0, 1.0, 1.0, 1.0]","[2195, 2196, 2198, 2203, 2205, 2209]"
3007,"[1.0, 1.0, 1.0, 1.0, 1.0, 1.0]","[2195, 2196, 2198, 2203, 2205, 2209]"
3008,"[1.0, 1.0, 1.0, 1.0, 1.0, 1.0]","[2195, 2196, 2198, 2203, 2205, 2209]"
3009,"[1.0, 1.0, 1.0, 1.0, 1.0, 1.0]","[2195, 2196, 2198, 2203, 2205, 2209]"
3010,"[1.0, 1.0, 1.0, 1.0, 1.0, 1.0]","[2195, 2196, 2198, 2203, 2205, 2209]"
3011,"[1.0, 1.0, 1.0, 1.0, 1.0, 1.0]","[2195, 2196, 2198, 2203, 2205, 2209]"
3012,"[1.0, 1.0, 1.0, 1.0, 1.0, 1.0]","[2195, 2196, 2198, 2203, 2205, 2209]"
3013,"[1.0, 1.0, 1.0, 1.0, 1.0, 1.0]","[2195, 2196, 2198, 2203, 2205, 2209]"
3014,"[1.0, 1.0, 1.0, 1.0, 1.0, 1.0]","[2195, 2196, 2198, 2203, 2205, 2209]"
3015,"[1.0, 1.0, 1.0, 1.0, 1.0, 1.0]","[2195, 2196, 2198, 2203, 2205, 2209]"
3016,"[1.0, 1.0, 1.0, 1.0, 1.0, 1.0]","[2195, 2196, 2198, 2203, 2205, 2209]"
3017,"[1.0, 1.0, 1.0, 1.0, 1.0, 1.0]","[2195, 2196, 2198, 2203, 2205, 2209]"
3018,"[1.0, 1.0, 1.0, 1.0, 1.0, 1.0]","[2195, 2196, 2198, 2203, 2205, 2209]"
3019,"[1.0, 1.0, 1.0, 1.0, 1.0, 1.0]","[2195, 2196, 2198, 2203, 2205, 2209]"
3020,"[1.0, 1.0, 1.0, 1.0, 1.0, 1.0]","[2195, 2196, 2198, 2203, 2205, 2209]"
3021,"[1.0, 1.0, 1.0, 1.0, 1.0, 1.0]","[2195, 2196, 2198, 2203, 2205, 2209]"
3022,"[1.0, 1.0, 1.0, 1.0, 1.0, 1.0]","[2195, 2196, 2198, 2203, 2205, 2209]"
3023,"[1.0, 1.0, 1.0, 1.0, 1.0, 1.0]","[2195, 2196, 2198, 2203, 2205, 2209]"
3024,"[1.0, 1.0, 1.0, 1.0, 1.0, 1.0]","[2195, 2196, 2198, 2203, 2205, 2209]"
3025,"[0.75, 0.75, 0.75, 0.75, 1.0, 1.0]","[113, 324, 1473, 1475, 2998, 3025]"
3026,"[1.0, 1.0, 1.0, 1.0, 1.0, 1.0]","[2195, 2196, 2198, 2203, 2205, 2209]"
3027,"[1.0, 1.0, 1.0, 1.0, 1.0, 1.0]","[2195, 2196, 2198, 2203, 2205, 2209]"
3028,"[1.0, 1.0, 1.0, 1.0, 1.0, 1.0]","[2195, 2196, 2198, 2203, 2205, 2209]"
3029,"[1.0, 1.0, 1.0, 1.0, 1.0, 1.0]","[2195, 2196, 2198, 2203, 2205, 2209]"
3030,"[1.0, 1.0, 1.0, 1.0, 1.0, 1.0]","[2195, 2196, 2198, 2203, 2205, 2209]"
3031,"[1.0, 1.0, 1.0, 1.0, 1.0, 1.0]","[2195, 2196, 2198, 2203, 2205, 2209]"
3032,"[1.0, 1.0, 1.0, 1.0, 1.0, 1.0]","[2195, 2196, 2198, 2203, 2205, 2209]"
3033,"[1.0, 1.0, 1.0, 1.0, 1.0, 1.0]","[2195, 2196, 2198, 2203, 2205, 2209]"
3034,"[1.0, 1.0, 1.0, 1.0, 1.0, 1.0]","[2195, 2196, 2198, 2203, 2205, 2209]"
3035,"[1.0, 1.0, 1.0, 1.0, 1.0, 1.0]","[2195, 2196, 2198, 2203, 2205, 2209]"
3036,"[1.0, 1.0, 1.0, 1.0, 1.0, 1.0]","[2195, 2196, 2198, 2203, 2205, 2209]"
3037,"[1.0, 1.0, 1.0, 1.0, 1.0, 1.0]","[2195, 2196, 2198, 2203, 2205, 2209]"
3038,"[1.0, 1.0, 1.0, 1.0, 1.0, 1.0]","[2195, 2196, 2198, 2203, 2205, 2209]"
3039,"[1.0, 1.0, 1.0, 1.0, 1.0, 1.0]","[2195, 2196, 2198, 2203, 2205, 2209]"
3040,"[1.0, 1.0, 1.0, 1.0, 1.0, 1.0]","[2195, 2196, 2198, 2203, 2205, 2209]"
3041,"[1.0, 1.0, 1.0, 1.0, 1.0, 1.0]","[2195, 2196, 2198, 2203, 2205, 2209]"
3042,"[1.0, 1.0, 1.0, 1.0, 1.0, 1.0]","[2195, 2196, 2198, 2203, 2205, 2209]"
3043,"[1.0, 1.0, 1.0, 1.0, 1.0, 1.0]","[2195, 2196, 2198, 2203, 2205, 2209]"
3044,"[0.75, 0.75, 1.0, 1.0, 1.0, 1.0]","[58, 97, 3044, 3049, 3053, 3057]"
3045,"[1.0, 1.0, 1.0, 1.0, 1.0, 1.0]","[2195, 2196, 2198, 2203, 2205, 2209]"
3046,"[1.0, 1.0, 1.0, 1.0, 1.0, 1.0]","[2195, 2196, 2198, 2203, 2205, 2209]"
3047,"[1.0, 1.0, 1.0, 1.0, 1.0, 1.0]","[2195, 2196, 2198, 2203, 2205, 2209]"
3048,"[1.0, 1.0, 1.0, 1.0, 1.0, 1.0]","[2195, 2196, 2198, 2203, 2205, 2209]"
3049,"[0.75, 0.75, 1.0, 1.0, 1.0, 1.0]","[58, 97, 3044, 3049, 3053, 3057]"
3050,"[1.0, 1.0, 1.0, 1.0, 1.0, 1.0]","[2195, 2196, 2198, 2203, 2205, 2209]"
3051,"[1.0, 1.0, 1.0, 1.0, 1.0, 1.0]","[2195, 2196, 2198, 2203, 2205, 2209]"
3052,"[1.0, 1.0, 1.0, 1.0, 1.0, 1.0]","[2195, 2196, 2198, 2203, 2205, 2209]"
3053,"[0.75, 0.75, 1.0, 1.0, 1.0, 1.0]","[58, 97, 3044, 3049, 3053, 3057]"
3054,"[1.0, 1.0, 1.0, 1.0, 1.0, 1.0]","[2195, 2196, 2198, 2203, 2205, 2209]"
3055,"[1.0, 1.0, 1.0, 1.0, 1.0, 1.0]","[2195, 2196, 2198, 2203, 2205, 2209]"
3056,"[1.0, 1.0, 1.0, 1.0, 1.0, 1.0]","[2195, 2196, 2198, 2203, 2205, 2209]"
3057,"[0.75, 0.75, 1.0, 1.0, 1.0, 1.0]","[58, 97, 3044, 3049, 3053, 3057]"
3058,"[1.0, 1.0, 1.0, 1.0, 1.0, 1.0]","[2195, 2196, 2198, 2203, 2205, 2209]"
3059,"[1.0, 1.0, 1.0, 1.0, 1.0, 1.0]","[2195, 2196, 2198, 2203, 2205, 2209]"
3060,"[1.0, 1.0, 1.0, 1.0, 1.0, 1.0]","[2195, 2196, 2198, 2203, 2205, 2209]"
3061,"[1.0, 1.0, 1.0, 1.0, 1.0, 1.0]","[2195, 2196, 2198, 2203, 2205, 2209]"
3062,"[1.0, 1.0, 1.0, 1.0, 1.0, 1.0]","[2195, 2196, 2198, 2203, 2205, 2209]"
3063,"[1.0, 1.0, 1.0, 1.0, 1.0, 1.0]","[2195, 2196, 2198, 2203, 2205, 2209]"
3064,"[1.0, 1.0, 1.0, 1.0, 1.0, 1.0]","[2195, 2196, 2198, 2203, 2205, 2209]"
3065,"[1.0, 1.0, 1.0, 1.0, 1.0, 1.0]","[2195, 2196, 2198, 2203, 2205, 2209]"
3066,"[1.0, 1.0, 1.0, 1.0, 1.0, 1.0]","[2195, 2196, 2198, 2203, 2205, 2209]"
3067,"[1.0, 1.0, 1.0, 1.0, 1.0, 1.0]","[2195, 2196, 2198, 2203, 2205, 2209]"
3068,"[1.0, 1.0, 1.0, 1.0, 1.0, 1.0]","[2195, 2196, 2198, 2203, 2205, 2209]"
3069,"[1.0, 1.0, 1.0, 1.0, 1.0, 1.0]","[2195, 2196, 2198, 2203, 2205, 2209]"
3070,"[1.0, 1.0, 1.0, 1.0, 1.0, 1.0]","[2195, 2196, 2198, 2203, 2205, 2209]"
3071,"[1.0, 1.0, 1.0, 1.0, 1.0, 1.0]","[2195, 2196, 2198, 2203, 2205, 2209]"
3072,"[1.0, 1.0, 1.0, 1.0, 1.0, 1.0]","[2195, 2196, 2198, 2203, 2205, 2209]"
3073,"[1.0, 1.0, 1.0, 1.0, 1.0, 1.0]","[2195, 2196, 2198, 2203, 2205, 2209]"
3074,"[1.0, 1.0, 1.0, 1.0, 1.0, 1.0]","[2195, 2196, 2198, 2203, 2205, 2209]"
3075,"[1.0, 1.0, 1.0, 1.0, 1.0, 1.0]","[2195, 2196, 2198, 2203, 2205, 2209]"
3076,"[1.0, 1.0, 1.0, 1.0, 1.0, 1.0]","[2195, 2196, 2198, 2203, 2205, 2209]"
3077,"[1.0, 1.0, 1.0, 1.0, 1.0, 1.0]","[2195, 2196, 2198, 2203, 2205, 2209]"
3078,"[1.0, 1.0, 1.0, 1.0, 1.0, 1.0]","[2195, 2196, 2198, 2203, 2205, 2209]"
3079,"[1.0, 1.0, 1.0, 1.0, 1.0, 1.0]","[2195, 2196, 2198, 2203, 2205, 2209]"
3080,"[1.0, 1.0, 1.0, 1.0, 1.0, 1.0]","[2195, 2196, 2198, 2203, 2205, 2209]"
3081,"[1.0, 1.0, 1.0, 1.0, 1.0, 1.0]","[2195, 2196, 2198, 2203, 2205, 2209]"
3082,"[1.0, 1.0, 1.0, 1.0, 1.0, 1.0]","[2195, 2196, 2198, 2203, 2205, 2209]"
3083,"[1.0, 1.0, 1.0, 1.0, 1.0, 1.0]","[2195, 2196, 2198, 2203, 2205, 2209]"
3084,"[1.0, 1.0, 1.0, 1.0, 1.0, 1.0]","[2195, 2196, 2198, 2203, 2205, 2209]"
3085,"[1.0, 1.0, 1.0, 1.0, 1.0, 1.0]","[2195, 2196, 2198, 2203, 2205, 2209]"
3086,"[1.0, 1.0, 1.0, 1.0, 1.0, 1.0]","[2195, 2196, 2198, 2203, 2205, 2209]"
3087,"[1.0, 1.0, 1.0, 1.0, 1.0, 1.0]","[3087, 3091, 3095, 3099, 3103, 3107]"
3088,"[1.0, 1.0, 1.0, 1.0, 1.0, 1.0]","[2195, 2196, 2198, 2203, 2205, 2209]"
3089,"[1.0, 1.0, 1.0, 1.0, 1.0, 1.0]","[2195, 2196, 2198, 2203, 2205, 2209]"
3090,"[1.0, 1.0, 1.0, 1.0, 1.0, 1.0]","[2195, 2196, 2198, 2203, 2205, 2209]"
3091,"[1.0, 1.0, 1.0, 1.0, 1.0, 1.0]","[3087, 3091, 3095, 3099, 3103, 3107]"
3092,"[1.0, 1.0, 1.0, 1.0, 1.0, 1.0]","[2195, 2196, 2198, 2203, 2205, 2209]"
3093,"[1.0, 1.0, 1.0, 1.0, 1.0, 1.0]","[2195, 2196, 2198, 2203, 2205, 2209]"
3094,"[1.0, 1.0, 1.0, 1.0, 1.0, 1.0]","[2195, 2196, 2198, 2203, 2205, 2209]"
3095,"[1.0, 1.0, 1.0, 1.0, 1.0, 1.0]","[3087, 3091, 3095, 3099, 3103, 3107]"
3096,"[1.0, 1.0, 1.0, 1.0, 1.0, 1.0]","[2195, 2196, 2198, 2203, 2205, 2209]"
3097,"[1.0, 1.0, 1.0, 1.0, 1.0, 1.0]","[2195, 2196, 2198, 2203, 2205, 2209]"
3098,"[1.0, 1.0, 1.0, 1.0, 1.0, 1.0]","[2195, 2196, 2198, 2203, 2205, 2209]"
3099,"[1.0, 1.0, 1.0, 1.0, 1.0, 1.0]","[3087, 3091, 3095, 3099, 3103, 3107]"
3100,"[1.0, 1.0, 1.0, 1.0, 1.0, 1.0]","[2195, 2196, 2198, 2203, 2205, 2209]"
3101,"[1.0, 1.0, 1.0, 1.0, 1.0, 1.0]","[2195, 2196, 2198, 2203, 2205, 2209]"
3102,"[1.0, 1.0, 1.0, 1.0, 1.0, 1.0]","[2195, 2196, 2198, 2203, 2205, 2209]"
3103,"[1.0, 1.0, 1.0, 1.0, 1.0, 1.0]","[3087, 3091, 3095, 3099, 3103, 3107]"
3104,"[1.0, 1.0, 1.0, 1.0, 1.0, 1.0]","[2195, 2196, 2198, 2203, 2205, 2209]"
3105,"[1.0, 1.0, 1.0, 1.0, 1.0, 1.0]","[2195, 2196, 2198, 2203, 2205, 2209]"
3106,"[1.0, 1.0, 1.0, 1.0, 1.0, 1.0]","[2195, 2196, 2198, 2203, 2205, 2209]"
3107,"[1.0, 1.0, 1.0, 1.0, 1.0, 1.0]","[3087, 3091, 3095, 3099, 3103, 3107]"
3108,"[1.0, 1.0, 1.0, 1.0, 1.0, 1.0]","[2195, 2196, 2198, 2203, 2205, 2209]"
3109,"[1.0, 1.0, 1.0, 1.0, 1.0, 1.0]","[2195, 2196, 2198, 2203, 2205, 2209]"
3110,"[1.0, 1.0, 1.0, 1.0, 1.0, 1.0]","[2195, 2196, 2198, 2203, 2205, 2209]"
3111,"[1.0, 1.0, 1.0, 1.0, 1.0, 1.0]","[2195, 2196, 2198, 2203, 2205, 2209]"
3112,"[1.0, 1.0, 1.0, 1.0, 1.0, 1.0]","[3087, 3091, 3095, 3099, 3103, 3107]"
3113,"[1.0, 1.0, 1.0, 1.0, 1.0, 1.0]","[2195, 2196, 2198, 2203, 2205, 2209]"
3114,"[1.0, 1.0, 1.0, 1.0, 1.0, 1.0]","[2195, 2196, 2198, 2203, 2205, 2209]"
3115,"[1.0, 1.0, 1.0, 1.0, 1.0, 1.0]","[2195, 2196, 2198, 2203, 2205, 2209]"
3116,"[1.0, 1.0, 1.0, 1.0, 1.0, 1.0]","[2195, 2196, 2198, 2203, 2205, 2209]"
3117,"[1.0, 1.0, 1.0, 1.0, 1.0, 1.0]","[2195, 2196, 2198, 2203, 2205, 2209]"
3118,"[1.0, 1.0, 1.0, 1.0, 1.0, 1.0]","[2195, 2196, 2198, 2203, 2205, 2209]"
3119,"[1.0, 1.0, 1.0, 1.0, 1.0, 1.0]","[2195, 2196, 2198, 2203, 2205, 2209]"
3120,"[1.0, 1.0, 1.0, 1.0, 1.0, 1.0]","[2195, 2196, 2198, 2203, 2205, 2209]"
3121,"[1.0, 1.0, 1.0, 1.0, 1.0, 1.0]","[2195, 2196, 2198, 2203, 2205, 2209]"
3122,"[1.0, 1.0, 1.0, 1.0, 1.0, 1.0]","[2195, 2196, 2198, 2203, 2205, 2209]"
3123,"[1.0, 1.0, 1.0, 1.0, 1.0, 1.0]","[2195, 2196, 2198, 2203, 2205, 2209]"
3124,"[1.0, 1.0, 1.0, 1.0, 1.0, 1.0]","[2195, 2196, 2198, 2203, 2205, 2209]"
3125,"[1.0, 1.0, 1.0, 1.0, 1.0, 1.0]","[2195, 2196, 2198, 2203, 2205, 2209]"
3126,"[1.0, 1.0, 1.0, 1.0, 1.0, 1.0]","[2195, 2196, 2198, 2203, 2205, 2209]"
3127,"[1.0, 1.0, 1.0, 1.0, 1.0, 1.0]","[2195, 2196, 2198, 2203, 2205, 2209]"
3128,"[1.0, 1.0, 1.0, 1.0, 1.0, 1.0]","[2195, 2196, 2198, 2203, 2205, 2209]"
3129,"[1.0, 1.0, 1.0, 1.0, 1.0, 1.0]","[2195, 2196, 2198, 2203, 2205, 2209]"
3130,"[1.0, 1.0, 1.0, 1.0, 1.0, 1.0]","[2195, 2196, 2198, 2203, 2205, 2209]"
3131,"[1.0, 1.0, 1.0, 1.0, 1.0, 1.0]","[2195, 2196, 2198, 2203, 2205, 2209]"
3132,"[1.0, 1.0, 1.0, 1.0, 1.0, 1.0]","[2195, 2196, 2198, 2203, 2205, 2209]"
3133,"[1.0, 1.0, 1.0, 1.0, 1.0, 1.0]","[2195, 2196, 2198, 2203, 2205, 2209]"
3134,"[1.0, 1.0, 1.0, 1.0, 1.0, 1.0]","[2195, 2196, 2198, 2203, 2205, 2209]"
3135,"[1.0, 1.0, 1.0, 1.0, 1.0, 1.0]","[2195, 2196, 2198, 2203, 2205, 2209]"
3136,"[1.0, 1.0, 1.0, 1.0, 1.0, 1.0]","[2195, 2196, 2198, 2203, 2205, 2209]"
3137,"[1.0, 1.0, 1.0, 1.0, 1.0, 1.0]","[2195, 2196, 2198, 2203, 2205, 2209]"
3138,"[1.0, 1.0, 1.0, 1.0, 1.0, 1.0]","[2195, 2196, 2198, 2203, 2205, 2209]"
3139,"[1.0, 1.0, 1.0, 1.0, 1.0, 1.0]","[2195, 2196, 2198, 2203, 2205, 2209]"
3140,"[1.0, 1.0, 1.0, 1.0, 1.0, 1.0]","[2195, 2196, 2198, 2203, 2205, 2209]"
3141,"[1.0, 1.0, 1.0, 1.0, 1.0, 1.0]","[35, 55, 323, 742, 1169, 1302]"
3142,"[1.0, 1.0, 1.0, 1.0, 1.0, 1.0]","[2195, 2196, 2198, 2203, 2205, 2209]"
3143,"[1.0, 1.0, 1.0, 1.0, 1.0, 1.0]","[2195, 2196, 2198, 2203, 2205, 2209]"
3144,"[1.0, 1.0, 1.0, 1.0, 1.0, 1.0]","[2195, 2196, 2198, 2203, 2205, 2209]"
3145,"[1.0, 1.0, 1.0, 1.0, 1.0, 1.0]","[2195, 2196, 2198, 2203, 2205, 2209]"
3146,"[1.0, 1.0, 1.0, 1.0, 1.0, 1.0]","[2195, 2196, 2198, 2203, 2205, 2209]"
3147,"[1.0, 1.0, 1.0, 1.0, 1.0, 1.0]","[2195, 2196, 2198, 2203, 2205, 2209]"
3148,"[1.0, 1.0, 1.0, 1.0, 1.0, 1.0]","[2195, 2196, 2198, 2203, 2205, 2209]"
3149,"[1.0, 1.0, 1.0, 1.0, 1.0, 1.0]","[2195, 2196, 2198, 2203, 2205, 2209]"
3150,"[1.0, 1.0, 1.0, 1.0, 1.0, 1.0]","[2195, 2196, 2198, 2203, 2205, 2209]"
3151,"[1.0, 1.0, 1.0, 1.0, 1.0, 1.0]","[2195, 2196, 2198, 2203, 2205, 2209]"
3152,"[1.0, 1.0, 1.0, 1.0, 1.0, 1.0]","[2195, 2196, 2198, 2203, 2205, 2209]"
3153,"[1.0, 1.0, 1.0, 1.0, 1.0, 1.0]","[2195, 2196, 2198, 2203, 2205, 2209]"
3154,"[1.0, 1.0, 1.0, 1.0, 1.0, 1.0]","[2195, 2196, 2198, 2203, 2205, 2209]"
3155,"[1.0, 1.0, 1.0, 1.0, 1.0, 1.0]","[2195, 2196, 2198, 2203, 2205, 2209]"
3156,"[1.0, 1.0, 1.0, 1.0, 1.0, 1.0]","[2195, 2196, 2198, 2203, 2205, 2209]"
3157,"[1.0, 1.0, 1.0, 1.0, 1.0, 1.0]","[2195, 2196, 2198, 2203, 2205, 2209]"
3158,"[1.0, 1.0, 1.0, 1.0, 1.0, 1.0]","[2195, 2196, 2198, 2203, 2205, 2209]"
3159,"[1.0, 1.0, 1.0, 1.0, 1.0, 1.0]","[2195, 2196, 2198, 2203, 2205, 2209]"
3160,"[1.0, 1.0, 1.0, 1.0, 1.0, 1.0]","[2195, 2196, 2198, 2203, 2205, 2209]"
3161,"[1.0, 1.0, 1.0, 1.0, 1.0, 1.0]","[2195, 2196, 2198, 2203, 2205, 2209]"
3162,"[1.0, 1.0, 1.0, 1.0, 1.0, 1.0]","[2195, 2196, 2198, 2203, 2205, 2209]"
3163,"[1.0, 1.0, 1.0, 1.0, 1.0, 1.0]","[2195, 2196, 2198, 2203, 2205, 2209]"
3164,"[1.0, 1.0, 1.0, 1.0, 1.0, 1.0]","[307, 313, 345, 347, 348, 359]"
3165,"[1.0, 1.0, 0.75, 1.0, 1.0, 1.0]","[3165, 4370, 4386, 6697, 6739, 6777]"
3166,"[1.0, 1.0, 1.0, 1.0, 1.0, 1.0]","[2195, 2196, 2198, 2203, 2205, 2209]"
3167,"[0.75, 1.0, 1.0, 1.0, 1.0, 1.0]","[97, 3167, 3171, 3177, 3181, 3186]"
3168,"[1.0, 1.0, 1.0, 1.0, 1.0, 1.0]","[2195, 2196, 2198, 2203, 2205, 2209]"
3169,"[1.0, 1.0, 1.0, 1.0, 1.0, 1.0]","[2195, 2196, 2198, 2203, 2205, 2209]"
3170,"[1.0, 1.0, 1.0, 1.0, 1.0, 1.0]","[2195, 2196, 2198, 2203, 2205, 2209]"
3171,"[0.75, 1.0, 1.0, 1.0, 1.0, 1.0]","[97, 3167, 3171, 3177, 3181, 3186]"
3172,"[1.0, 0.75, 0.75, 0.75, 1.0, 1.0]","[3172, 4350, 4370, 4386, 6829, 6891]"
3173,"[0.75, 0.75, 1.0, 1.0, 1.0, 1.0]","[1879, 1881, 2323, 2328, 2332, 3173]"
3174,"[1.0, 1.0, 1.0, 1.0, 1.0, 1.0]","[2195, 2196, 2198, 2203, 2205, 2209]"
3175,"[1.0, 1.0, 1.0, 1.0, 1.0, 1.0]","[2195, 2196, 2198, 2203, 2205, 2209]"
3176,"[1.0, 1.0, 1.0, 1.0, 1.0, 1.0]","[2195, 2196, 2198, 2203, 2205, 2209]"
3177,"[0.75, 1.0, 1.0, 1.0, 1.0, 1.0]","[97, 3167, 3171, 3177, 3181, 3186]"
3178,"[1.0, 1.0, 1.0, 1.0, 1.0, 1.0]","[2195, 2196, 2198, 2203, 2205, 2209]"
3179,"[1.0, 1.0, 1.0, 1.0, 1.0, 1.0]","[2195, 2196, 2198, 2203, 2205, 2209]"
3180,"[1.0, 1.0, 1.0, 1.0, 1.0, 1.0]","[2195, 2196, 2198, 2203, 2205, 2209]"
3181,"[0.75, 1.0, 1.0, 1.0, 1.0, 1.0]","[97, 3167, 3171, 3177, 3181, 3186]"
3182,"[1.0, 1.0, 1.0, 1.0, 1.0, 1.0]","[2195, 2196, 2198, 2203, 2205, 2209]"
3183,"[1.0, 1.0, 1.0, 1.0, 1.0, 1.0]","[2195, 2196, 2198, 2203, 2205, 2209]"
3184,"[1.0, 1.0, 1.0, 1.0, 1.0, 1.0]","[2195, 2196, 2198, 2203, 2205, 2209]"
3185,"[1.0, 1.0, 1.0, 1.0, 1.0, 1.0]","[2195, 2196, 2198, 2203, 2205, 2209]"
3186,"[0.75, 1.0, 1.0, 1.0, 1.0, 1.0]","[97, 3167, 3171, 3177, 3181, 3186]"
3187,"[1.0, 1.0, 1.0, 1.0, 1.0, 1.0]","[2195, 2196, 2198, 2203, 2205, 2209]"
3188,"[1.0, 1.0, 1.0, 1.0, 1.0, 1.0]","[2195, 2196, 2198, 2203, 2205, 2209]"
3189,"[1.0, 1.0, 1.0, 1.0, 1.0, 1.0]","[2195, 2196, 2198, 2203, 2205, 2209]"
3190,"[1.0, 1.0, 1.0, 1.0, 1.0, 1.0]","[2195, 2196, 2198, 2203, 2205, 2209]"
3191,"[1.0, 1.0, 1.0, 1.0, 1.0, 1.0]","[2195, 2196, 2198, 2203, 2205, 2209]"
3192,"[1.0, 1.0, 1.0, 1.0, 1.0, 1.0]","[2195, 2196, 2198, 2203, 2205, 2209]"
3193,"[1.0, 1.0, 1.0, 1.0, 1.0, 1.0]","[2195, 2196, 2198, 2203, 2205, 2209]"
3194,"[1.0, 1.0, 1.0, 1.0, 1.0, 1.0]","[2195, 2196, 2198, 2203, 2205, 2209]"
3195,"[1.0, 1.0, 1.0, 1.0, 1.0, 1.0]","[2195, 2196, 2198, 2203, 2205, 2209]"
3196,"[1.0, 1.0, 1.0, 1.0, 1.0, 1.0]","[2195, 2196, 2198, 2203, 2205, 2209]"
3197,"[1.0, 1.0, 1.0, 1.0, 1.0, 1.0]","[2195, 2196, 2198, 2203, 2205, 2209]"
3198,"[1.0, 1.0, 1.0, 1.0, 1.0, 1.0]","[2195, 2196, 2198, 2203, 2205, 2209]"
3199,"[1.0, 1.0, 1.0, 1.0, 1.0, 1.0]","[2195, 2196, 2198, 2203, 2205, 2209]"
3200,"[1.0, 1.0, 1.0, 1.0, 1.0, 1.0]","[2195, 2196, 2198, 2203, 2205, 2209]"
3201,"[1.0, 1.0, 1.0, 1.0, 1.0, 1.0]","[2195, 2196, 2198, 2203, 2205, 2209]"
3202,"[1.0, 1.0, 1.0, 1.0, 1.0, 1.0]","[2195, 2196, 2198, 2203, 2205, 2209]"
3203,"[1.0, 1.0, 1.0, 1.0, 1.0, 1.0]","[2195, 2196, 2198, 2203, 2205, 2209]"
3204,"[1.0, 1.0, 1.0, 1.0, 1.0, 1.0]","[2195, 2196, 2198, 2203, 2205, 2209]"
3205,"[1.0, 1.0, 1.0, 1.0, 1.0, 1.0]","[2195, 2196, 2198, 2203, 2205, 2209]"
3206,"[1.0, 1.0, 1.0, 1.0, 1.0, 1.0]","[2195, 2196, 2198, 2203, 2205, 2209]"
3207,"[1.0, 1.0, 1.0, 1.0, 1.0, 1.0]","[2195, 2196, 2198, 2203, 2205, 2209]"
3208,"[0.75, 0.75, 0.75, 0.75, 1.0, 1.0]","[47, 55, 58, 97, 3208, 3211]"
3209,"[1.0, 1.0, 1.0, 1.0, 1.0, 1.0]","[2195, 2196, 2198, 2203, 2205, 2209]"
3210,"[1.0, 1.0, 1.0, 1.0, 1.0, 1.0]","[2195, 2196, 2198, 2203, 2205, 2209]"
3211,"[0.75, 0.75, 0.75, 0.75, 1.0, 1.0]","[47, 55, 58, 97, 3208, 3211]"
3212,"[1.0, 1.0, 1.0, 1.0, 1.0, 1.0]","[2195, 2196, 2198, 2203, 2205, 2209]"
3213,"[1.0, 1.0, 1.0, 1.0, 1.0, 1.0]","[2195, 2196, 2198, 2203, 2205, 2209]"
3214,"[1.0, 1.0, 1.0, 1.0, 1.0, 1.0]","[2195, 2196, 2198, 2203, 2205, 2209]"
3215,"[1.0, 1.0, 1.0, 1.0, 1.0, 1.0]","[2195, 2196, 2198, 2203, 2205, 2209]"
3216,"[1.0, 1.0, 1.0, 1.0, 1.0, 1.0]","[2195, 2196, 2198, 2203, 2205, 2209]"
3217,"[1.0, 1.0, 1.0, 1.0, 1.0, 1.0]","[2195, 2196, 2198, 2203, 2205, 2209]"
3218,"[1.0, 1.0, 1.0, 1.0, 1.0, 1.0]","[2195, 2196, 2198, 2203, 2205, 2209]"
3219,"[1.0, 1.0, 1.0, 1.0, 1.0, 1.0]","[2195, 2196, 2198, 2203, 2205, 2209]"
3220,"[1.0, 1.0, 1.0, 1.0, 1.0, 1.0]","[2195, 2196, 2198, 2203, 2205, 2209]"
3221,"[1.0, 1.0, 1.0, 1.0, 1.0, 1.0]","[561, 849, 1288, 1289, 1290, 1291]"
3222,"[1.0, 1.0, 1.0, 1.0, 1.0, 1.0]","[2195, 2196, 2198, 2203, 2205, 2209]"
3223,"[1.0, 1.0, 1.0, 1.0, 1.0, 1.0]","[2195, 2196, 2198, 2203, 2205, 2209]"
3224,"[1.0, 1.0, 1.0, 1.0, 1.0, 1.0]","[2195, 2196, 2198, 2203, 2205, 2209]"
3225,"[1.0, 1.0, 1.0, 1.0, 1.0, 1.0]","[2195, 2196, 2198, 2203, 2205, 2209]"
3226,"[1.0, 1.0, 1.0, 1.0, 1.0, 1.0]","[2195, 2196, 2198, 2203, 2205, 2209]"
3227,"[1.0, 1.0, 1.0, 1.0, 1.0, 1.0]","[2195, 2196, 2198, 2203, 2205, 2209]"
3228,"[1.0, 1.0, 1.0, 1.0, 1.0, 1.0]","[2195, 2196, 2198, 2203, 2205, 2209]"
3229,"[1.0, 1.0, 1.0, 1.0, 1.0, 1.0]","[2195, 2196, 2198, 2203, 2205, 2209]"
3230,"[1.0, 1.0, 1.0, 1.0, 1.0, 1.0]","[2195, 2196, 2198, 2203, 2205, 2209]"
3231,"[1.0, 1.0, 1.0, 1.0, 1.0, 1.0]","[2195, 2196, 2198, 2203, 2205, 2209]"
3232,"[1.0, 1.0, 1.0, 1.0, 1.0, 1.0]","[2195, 2196, 2198, 2203, 2205, 2209]"
3233,"[1.0, 1.0, 1.0, 1.0, 1.0, 1.0]","[2195, 2196, 2198, 2203, 2205, 2209]"
3234,"[1.0, 1.0, 1.0, 1.0, 1.0, 1.0]","[35, 55, 323, 742, 1169, 1302]"
3235,"[1.0, 1.0, 1.0, 1.0, 1.0, 1.0]","[2195, 2196, 2198, 2203, 2205, 2209]"
3236,"[1.0, 1.0, 1.0, 1.0, 1.0, 1.0]","[2195, 2196, 2198, 2203, 2205, 2209]"
3237,"[1.0, 1.0, 1.0, 1.0, 1.0, 1.0]","[307, 313, 345, 347, 348, 359]"
3238,"[1.0, 1.0, 1.0, 1.0, 1.0, 1.0]","[2195, 2196, 2198, 2203, 2205, 2209]"
3239,"[1.0, 1.0, 1.0, 1.0, 1.0, 1.0]","[2195, 2196, 2198, 2203, 2205, 2209]"
3240,"[1.0, 1.0, 1.0, 1.0, 1.0, 1.0]","[2195, 2196, 2198, 2203, 2205, 2209]"
3241,"[1.0, 1.0, 1.0, 1.0, 1.0, 1.0]","[2195, 2196, 2198, 2203, 2205, 2209]"
3242,"[1.0, 1.0, 1.0, 1.0, 1.0, 1.0]","[2195, 2196, 2198, 2203, 2205, 2209]"
3243,"[1.0, 1.0, 1.0, 1.0, 1.0, 1.0]","[2195, 2196, 2198, 2203, 2205, 2209]"
3244,"[1.0, 1.0, 1.0, 1.0, 1.0, 1.0]","[2195, 2196, 2198, 2203, 2205, 2209]"
3245,"[1.0, 1.0, 1.0, 1.0, 1.0, 1.0]","[2195, 2196, 2198, 2203, 2205, 2209]"
3246,"[1.0, 1.0, 1.0, 1.0, 1.0, 1.0]","[2195, 2196, 2198, 2203, 2205, 2209]"
3247,"[1.0, 1.0, 1.0, 1.0, 1.0, 1.0]","[2195, 2196, 2198, 2203, 2205, 2209]"
3248,"[1.0, 1.0, 1.0, 1.0, 1.0, 1.0]","[2195, 2196, 2198, 2203, 2205, 2209]"
3249,"[1.0, 1.0, 1.0, 1.0, 1.0, 1.0]","[2195, 2196, 2198, 2203, 2205, 2209]"
3250,"[1.0, 1.0, 1.0, 1.0, 1.0, 1.0]","[2195, 2196, 2198, 2203, 2205, 2209]"
3251,"[1.0, 1.0, 1.0, 1.0, 1.0, 1.0]","[2195, 2196, 2198, 2203, 2205, 2209]"
3252,"[1.0, 1.0, 1.0, 1.0, 1.0, 1.0]","[2195, 2196, 2198, 2203, 2205, 2209]"
3253,"[1.0, 1.0, 1.0, 1.0, 1.0, 1.0]","[2195, 2196, 2198, 2203, 2205, 2209]"
3254,"[1.0, 1.0, 1.0, 1.0, 1.0, 1.0]","[2195, 2196, 2198, 2203, 2205, 2209]"
3255,"[1.0, 1.0, 1.0, 1.0, 1.0, 1.0]","[2195, 2196, 2198, 2203, 2205, 2209]"
3256,"[1.0, 1.0, 1.0, 1.0, 1.0, 1.0]","[2195, 2196, 2198, 2203, 2205, 2209]"
3257,"[1.0, 1.0, 1.0, 1.0, 1.0, 1.0]","[2195, 2196, 2198, 2203, 2205, 2209]"
3258,"[1.0, 1.0, 1.0, 1.0, 1.0, 1.0]","[2195, 2196, 2198, 2203, 2205, 2209]"
3259,"[1.0, 1.0, 1.0, 1.0, 1.0, 1.0]","[2195, 2196, 2198, 2203, 2205, 2209]"
3260,"[1.0, 1.0, 1.0, 1.0, 1.0, 1.0]","[35, 55, 323, 742, 1169, 1302]"
3261,"[1.0, 1.0, 1.0, 1.0, 1.0, 1.0]","[2195, 2196, 2198, 2203, 2205, 2209]"
3262,"[1.0, 1.0, 1.0, 1.0, 1.0, 1.0]","[2195, 2196, 2198, 2203, 2205, 2209]"
3263,"[1.0, 1.0, 1.0, 1.0, 1.0, 1.0]","[2195, 2196, 2198, 2203, 2205, 2209]"
3264,"[1.0, 1.0, 1.0, 1.0, 1.0, 1.0]","[2195, 2196, 2198, 2203, 2205, 2209]"
3265,"[1.0, 1.0, 1.0, 1.0, 1.0, 1.0]","[2195, 2196, 2198, 2203, 2205, 2209]"
3266,"[1.0, 1.0, 1.0, 1.0, 1.0, 1.0]","[2195, 2196, 2198, 2203, 2205, 2209]"
3267,"[1.0, 1.0, 1.0, 1.0, 1.0, 1.0]","[2195, 2196, 2198, 2203, 2205, 2209]"
3268,"[1.0, 1.0, 1.0, 1.0, 1.0, 1.0]","[2195, 2196, 2198, 2203, 2205, 2209]"
3269,"[1.0, 1.0, 1.0, 1.0, 1.0, 1.0]","[2195, 2196, 2198, 2203, 2205, 2209]"
3270,"[1.0, 1.0, 1.0, 1.0, 1.0, 1.0]","[2195, 2196, 2198, 2203, 2205, 2209]"
3271,"[1.0, 1.0, 1.0, 1.0, 1.0, 1.0]","[2195, 2196, 2198, 2203, 2205, 2209]"
3272,"[1.0, 1.0, 1.0, 1.0, 1.0, 1.0]","[2195, 2196, 2198, 2203, 2205, 2209]"
3273,"[1.0, 1.0, 1.0, 1.0, 1.0, 1.0]","[2195, 2196, 2198, 2203, 2205, 2209]"
3274,"[1.0, 1.0, 1.0, 1.0, 1.0, 1.0]","[307, 313, 345, 347, 348, 359]"
3275,"[1.0, 1.0, 1.0, 1.0, 1.0, 1.0]","[2195, 2196, 2198, 2203, 2205, 2209]"
3276,"[1.0, 1.0, 1.0, 1.0, 1.0, 1.0]","[2195, 2196, 2198, 2203, 2205, 2209]"
3277,"[0.75, 0.75, 0.75, 1.0, 1.0, 1.0]","[55, 74, 75, 3277, 4622, 4668]"
3278,"[1.0, 1.0, 1.0, 1.0, 1.0, 1.0]","[2195, 2196, 2198, 2203, 2205, 2209]"
3279,"[1.0, 1.0, 1.0, 1.0, 1.0, 1.0]","[2195, 2196, 2198, 2203, 2205, 2209]"
3280,"[1.0, 1.0, 1.0, 1.0, 1.0, 1.0]","[2195, 2196, 2198, 2203, 2205, 2209]"
3281,"[1.0, 1.0, 1.0, 1.0, 1.0, 1.0]","[2195, 2196, 2198, 2203, 2205, 2209]"
3282,"[1.0, 1.0, 1.0, 1.0, 1.0, 1.0]","[2195, 2196, 2198, 2203, 2205, 2209]"
3283,"[1.0, 1.0, 1.0, 1.0, 1.0, 1.0]","[2195, 2196, 2198, 2203, 2205, 2209]"
3284,"[1.0, 1.0, 1.0, 1.0, 1.0, 1.0]","[2195, 2196, 2198, 2203, 2205, 2209]"
3285,"[1.0, 1.0, 1.0, 1.0, 1.0, 1.0]","[2195, 2196, 2198, 2203, 2205, 2209]"
3286,"[1.0, 1.0, 1.0, 1.0, 1.0, 1.0]","[2195, 2196, 2198, 2203, 2205, 2209]"
3287,"[1.0, 1.0, 1.0, 1.0, 1.0, 1.0]","[2195, 2196, 2198, 2203, 2205, 2209]"
3288,"[1.0, 1.0, 1.0, 1.0, 1.0, 1.0]","[2195, 2196, 2198, 2203, 2205, 2209]"
3289,"[1.0, 1.0, 1.0, 1.0, 1.0, 1.0]","[2195, 2196, 2198, 2203, 2205, 2209]"
3290,"[1.0, 1.0, 1.0, 1.0, 1.0, 1.0]","[2195, 2196, 2198, 2203, 2205, 2209]"
3291,"[1.0, 1.0, 1.0, 1.0, 1.0, 1.0]","[2195, 2196, 2198, 2203, 2205, 2209]"
3292,"[1.0, 1.0, 1.0, 1.0, 1.0, 1.0]","[2195, 2196, 2198, 2203, 2205, 2209]"
3293,"[1.0, 1.0, 1.0, 1.0, 1.0, 1.0]","[2195, 2196, 2198, 2203, 2205, 2209]"
3294,"[1.0, 1.0, 1.0, 1.0, 1.0, 1.0]","[2195, 2196, 2198, 2203, 2205, 2209]"
3295,"[1.0, 1.0, 1.0, 1.0, 1.0, 1.0]","[2195, 2196, 2198, 2203, 2205, 2209]"
3296,"[1.0, 1.0, 1.0, 1.0, 1.0, 1.0]","[2195, 2196, 2198, 2203, 2205, 2209]"
3297,"[1.0, 1.0, 1.0, 1.0, 1.0, 1.0]","[2195, 2196, 2198, 2203, 2205, 2209]"
3298,"[1.0, 1.0, 1.0, 1.0, 1.0, 1.0]","[2195, 2196, 2198, 2203, 2205, 2209]"
3299,"[1.0, 1.0, 1.0, 1.0, 1.0, 1.0]","[2195, 2196, 2198, 2203, 2205, 2209]"
3300,"[1.0, 1.0, 1.0, 1.0, 1.0, 1.0]","[3300, 3305, 3308, 3312, 3316, 3320]"
3301,"[1.0, 1.0, 1.0, 1.0, 1.0, 1.0]","[2195, 2196, 2198, 2203, 2205, 2209]"
3302,"[1.0, 1.0, 1.0, 1.0, 1.0, 1.0]","[2195, 2196, 2198, 2203, 2205, 2209]"
3303,"[1.0, 1.0, 1.0, 1.0, 1.0, 1.0]","[2195, 2196, 2198, 2203, 2205, 2209]"
3304,"[1.0, 1.0, 1.0, 1.0, 1.0, 1.0]","[2195, 2196, 2198, 2203, 2205, 2209]"
3305,"[1.0, 1.0, 1.0, 1.0, 1.0, 1.0]","[3300, 3305, 3308, 3312, 3316, 3320]"
3306,"[1.0, 1.0, 1.0, 1.0, 1.0, 1.0]","[2195, 2196, 2198, 2203, 2205, 2209]"
3307,"[1.0, 1.0, 1.0, 1.0, 1.0, 1.0]","[2195, 2196, 2198, 2203, 2205, 2209]"
3308,"[1.0, 1.0, 1.0, 1.0, 1.0, 1.0]","[3300, 3305, 3308, 3312, 3316, 3320]"
3309,"[1.0, 1.0, 1.0, 1.0, 1.0, 1.0]","[2195, 2196, 2198, 2203, 2205, 2209]"
3310,"[1.0, 1.0, 1.0, 1.0, 1.0, 1.0]","[2195, 2196, 2198, 2203, 2205, 2209]"
3311,"[1.0, 1.0, 1.0, 1.0, 1.0, 1.0]","[2195, 2196, 2198, 2203, 2205, 2209]"
3312,"[1.0, 1.0, 1.0, 1.0, 1.0, 1.0]","[3300, 3305, 3308, 3312, 3316, 3320]"
3313,"[1.0, 1.0, 1.0, 1.0, 1.0, 1.0]","[2195, 2196, 2198, 2203, 2205, 2209]"
3314,"[1.0, 1.0, 1.0, 1.0, 1.0, 1.0]","[2195, 2196, 2198, 2203, 2205, 2209]"
3315,"[1.0, 1.0, 1.0, 1.0, 1.0, 1.0]","[2195, 2196, 2198, 2203, 2205, 2209]"
3316,"[1.0, 1.0, 1.0, 1.0, 1.0, 1.0]","[3300, 3305, 3308, 3312, 3316, 3320]"
3317,"[1.0, 1.0, 1.0, 1.0, 1.0, 1.0]","[2195, 2196, 2198, 2203, 2205, 2209]"
3318,"[1.0, 1.0, 1.0, 1.0, 1.0, 1.0]","[2195, 2196, 2198, 2203, 2205, 2209]"
3319,"[1.0, 1.0, 1.0, 1.0, 1.0, 1.0]","[2195, 2196, 2198, 2203, 2205, 2209]"
3320,"[1.0, 1.0, 1.0, 1.0, 1.0, 1.0]","[3300, 3305, 3308, 3312, 3316, 3320]"
3321,"[1.0, 1.0, 1.0, 1.0, 1.0, 1.0]","[2195, 2196, 2198, 2203, 2205, 2209]"
3322,"[1.0, 1.0, 1.0, 1.0, 1.0, 1.0]","[2195, 2196, 2198, 2203, 2205, 2209]"
3323,"[1.0, 1.0, 1.0, 1.0, 1.0, 1.0]","[2195, 2196, 2198, 2203, 2205, 2209]"
3324,"[1.0, 1.0, 1.0, 1.0, 1.0, 1.0]","[3300, 3305, 3308, 3312, 3316, 3320]"
3325,"[1.0, 1.0, 1.0, 1.0, 1.0, 1.0]","[2195, 2196, 2198, 2203, 2205, 2209]"
3326,"[1.0, 1.0, 1.0, 1.0, 1.0, 1.0]","[2195, 2196, 2198, 2203, 2205, 2209]"
3327,"[1.0, 1.0, 1.0, 1.0, 1.0, 1.0]","[2195, 2196, 2198, 2203, 2205, 2209]"
3328,"[1.0, 1.0, 1.0, 1.0, 1.0, 1.0]","[2195, 2196, 2198, 2203, 2205, 2209]"
3329,"[1.0, 1.0, 1.0, 1.0, 1.0, 1.0]","[2195, 2196, 2198, 2203, 2205, 2209]"
3330,"[1.0, 1.0, 1.0, 1.0, 1.0, 1.0]","[2195, 2196, 2198, 2203, 2205, 2209]"
3331,"[1.0, 1.0, 1.0, 1.0, 1.0, 1.0]","[2195, 2196, 2198, 2203, 2205, 2209]"
3332,"[1.0, 1.0, 1.0, 1.0, 1.0, 1.0]","[2195, 2196, 2198, 2203, 2205, 2209]"
3333,"[1.0, 1.0, 1.0, 1.0, 1.0, 1.0]","[2195, 2196, 2198, 2203, 2205, 2209]"
3334,"[1.0, 1.0, 1.0, 1.0, 1.0, 1.0]","[2195, 2196, 2198, 2203, 2205, 2209]"
3335,"[1.0, 1.0, 1.0, 1.0, 1.0, 1.0]","[2195, 2196, 2198, 2203, 2205, 2209]"
3336,"[1.0, 1.0, 1.0, 1.0, 1.0, 1.0]","[2195, 2196, 2198, 2203, 2205, 2209]"
3337,"[1.0, 1.0, 1.0, 1.0, 1.0, 1.0]","[2195, 2196, 2198, 2203, 2205, 2209]"
3338,"[1.0, 1.0, 1.0, 1.0, 1.0, 1.0]","[2195, 2196, 2198, 2203, 2205, 2209]"
3339,"[1.0, 1.0, 1.0, 1.0, 1.0, 1.0]","[2195, 2196, 2198, 2203, 2205, 2209]"
3340,"[1.0, 1.0, 1.0, 1.0, 1.0, 1.0]","[2195, 2196, 2198, 2203, 2205, 2209]"
3341,"[1.0, 1.0, 1.0, 1.0, 1.0, 1.0]","[2195, 2196, 2198, 2203, 2205, 2209]"
3342,"[1.0, 1.0, 1.0, 1.0, 1.0, 1.0]","[2195, 2196, 2198, 2203, 2205, 2209]"
3343,"[1.0, 1.0, 1.0, 1.0, 1.0, 1.0]","[2195, 2196, 2198, 2203, 2205, 2209]"
3344,"[1.0, 1.0, 1.0, 1.0, 1.0, 1.0]","[2195, 2196, 2198, 2203, 2205, 2209]"
3345,"[1.0, 1.0, 1.0, 1.0, 1.0, 1.0]","[2195, 2196, 2198, 2203, 2205, 2209]"
3346,"[1.0, 1.0, 1.0, 1.0, 1.0, 1.0]","[2195, 2196, 2198, 2203, 2205, 2209]"
3347,"[1.0, 1.0, 1.0, 1.0, 1.0, 1.0]","[2195, 2196, 2198, 2203, 2205, 2209]"
3348,"[1.0, 1.0, 1.0, 1.0, 1.0, 1.0]","[2195, 2196, 2198, 2203, 2205, 2209]"
3349,"[0.75, 0.75, 0.75, 1.0, 1.0, 1.0]","[55, 58, 97, 3349, 3353, 3357]"
3350,"[1.0, 1.0, 1.0, 1.0, 1.0, 1.0]","[2195, 2196, 2198, 2203, 2205, 2209]"
3351,"[1.0, 1.0, 1.0, 1.0, 1.0, 1.0]","[2195, 2196, 2198, 2203, 2205, 2209]"
3352,"[1.0, 1.0, 1.0, 1.0, 1.0, 1.0]","[2195, 2196, 2198, 2203, 2205, 2209]"
3353,"[0.75, 0.75, 0.75, 1.0, 1.0, 1.0]","[55, 58, 97, 3349, 3353, 3357]"
3354,"[1.0, 1.0, 1.0, 1.0, 1.0, 1.0]","[2195, 2196, 2198, 2203, 2205, 2209]"
3355,"[1.0, 1.0, 1.0, 1.0, 1.0, 1.0]","[2195, 2196, 2198, 2203, 2205, 2209]"
3356,"[1.0, 1.0, 1.0, 1.0, 1.0, 1.0]","[2195, 2196, 2198, 2203, 2205, 2209]"
3357,"[0.75, 0.75, 0.75, 1.0, 1.0, 1.0]","[55, 58, 97, 3349, 3353, 3357]"
3358,"[1.0, 1.0, 1.0, 1.0, 1.0, 1.0]","[2195, 2196, 2198, 2203, 2205, 2209]"
3359,"[1.0, 1.0, 1.0, 1.0, 1.0, 1.0]","[2195, 2196, 2198, 2203, 2205, 2209]"
3360,"[1.0, 1.0, 1.0, 1.0, 1.0, 1.0]","[2195, 2196, 2198, 2203, 2205, 2209]"
3361,"[1.0, 1.0, 1.0, 1.0, 1.0, 1.0]","[2195, 2196, 2198, 2203, 2205, 2209]"
3362,"[1.0, 1.0, 1.0, 1.0, 1.0, 1.0]","[2195, 2196, 2198, 2203, 2205, 2209]"
3363,"[1.0, 1.0, 1.0, 1.0, 1.0, 1.0]","[2195, 2196, 2198, 2203, 2205, 2209]"
3364,"[1.0, 1.0, 1.0, 1.0, 1.0, 1.0]","[2195, 2196, 2198, 2203, 2205, 2209]"
3365,"[1.0, 1.0, 1.0, 1.0, 1.0, 1.0]","[2195, 2196, 2198, 2203, 2205, 2209]"
3366,"[1.0, 1.0, 1.0, 1.0, 1.0, 1.0]","[2195, 2196, 2198, 2203, 2205, 2209]"
3367,"[1.0, 1.0, 1.0, 1.0, 1.0, 1.0]","[2195, 2196, 2198, 2203, 2205, 2209]"
3368,"[1.0, 1.0, 1.0, 1.0, 1.0, 1.0]","[2195, 2196, 2198, 2203, 2205, 2209]"
3369,"[1.0, 1.0, 1.0, 1.0, 1.0, 1.0]","[2195, 2196, 2198, 2203, 2205, 2209]"
3370,"[0.75, 0.75, 0.75, 0.75, 0.75, 1.0]","[682, 683, 684, 686, 940, 3370]"
3371,"[0.75, 0.75, 0.75, 0.75, 0.75, 1.0]","[191, 620, 622, 624, 625, 3371]"
3372,"[1.0, 1.0, 1.0, 1.0, 1.0, 1.0]","[2195, 2196, 2198, 2203, 2205, 2209]"
3373,"[1.0, 1.0, 1.0, 1.0, 1.0, 1.0]","[2195, 2196, 2198, 2203, 2205, 2209]"
3374,"[1.0, 1.0, 1.0, 1.0, 1.0, 1.0]","[2195, 2196, 2198, 2203, 2205, 2209]"
3375,"[1.0, 1.0, 1.0, 1.0, 1.0, 1.0]","[2195, 2196, 2198, 2203, 2205, 2209]"
3376,"[1.0, 1.0, 1.0, 1.0, 1.0, 1.0]","[2195, 2196, 2198, 2203, 2205, 2209]"
3377,"[1.0, 1.0, 1.0, 1.0, 1.0, 1.0]","[2195, 2196, 2198, 2203, 2205, 2209]"
3378,"[1.0, 1.0, 1.0, 1.0, 1.0, 1.0]","[2195, 2196, 2198, 2203, 2205, 2209]"
3379,"[1.0, 1.0, 1.0, 1.0, 1.0, 1.0]","[2195, 2196, 2198, 2203, 2205, 2209]"
3380,"[1.0, 1.0, 1.0, 1.0, 1.0, 1.0]","[2195, 2196, 2198, 2203, 2205, 2209]"
3381,"[1.0, 1.0, 1.0, 1.0, 1.0, 1.0]","[2195, 2196, 2198, 2203, 2205, 2209]"
3382,"[1.0, 1.0, 1.0, 1.0, 1.0, 1.0]","[2195, 2196, 2198, 2203, 2205, 2209]"
3383,"[1.0, 1.0, 1.0, 1.0, 1.0, 1.0]","[2195, 2196, 2198, 2203, 2205, 2209]"
3384,"[1.0, 1.0, 1.0, 1.0, 1.0, 1.0]","[2195, 2196, 2198, 2203, 2205, 2209]"
3385,"[1.0, 1.0, 1.0, 1.0, 1.0, 1.0]","[2195, 2196, 2198, 2203, 2205, 2209]"
3386,"[1.0, 1.0, 1.0, 1.0, 1.0, 1.0]","[2195, 2196, 2198, 2203, 2205, 2209]"
3387,"[1.0, 1.0, 1.0, 1.0, 1.0, 1.0]","[2195, 2196, 2198, 2203, 2205, 2209]"
3388,"[1.0, 1.0, 1.0, 1.0, 1.0, 1.0]","[35, 55, 323, 742, 1169, 1302]"
3389,"[1.0, 1.0, 1.0, 1.0, 1.0, 1.0]","[2195, 2196, 2198, 2203, 2205, 2209]"
3390,"[1.0, 1.0, 1.0, 1.0, 1.0, 1.0]","[2195, 2196, 2198, 2203, 2205, 2209]"
3391,"[1.0, 1.0, 1.0, 1.0, 1.0, 1.0]","[2195, 2196, 2198, 2203, 2205, 2209]"
3392,"[1.0, 1.0, 1.0, 1.0, 1.0, 1.0]","[2195, 2196, 2198, 2203, 2205, 2209]"
3393,"[1.0, 1.0, 1.0, 1.0, 1.0, 1.0]","[2195, 2196, 2198, 2203, 2205, 2209]"
3394,"[1.0, 1.0, 1.0, 1.0, 1.0, 1.0]","[2195, 2196, 2198, 2203, 2205, 2209]"
3395,"[1.0, 1.0, 1.0, 1.0, 1.0, 1.0]","[2195, 2196, 2198, 2203, 2205, 2209]"
3396,"[1.0, 1.0, 1.0, 1.0, 1.0, 1.0]","[2195, 2196, 2198, 2203, 2205, 2209]"
3397,"[1.0, 1.0, 1.0, 1.0, 1.0, 1.0]","[2195, 2196, 2198, 2203, 2205, 2209]"
3398,"[1.0, 1.0, 1.0, 1.0, 1.0, 1.0]","[2195, 2196, 2198, 2203, 2205, 2209]"
3399,"[1.0, 1.0, 1.0, 1.0, 1.0, 1.0]","[2195, 2196, 2198, 2203, 2205, 2209]"
3400,"[1.0, 1.0, 1.0, 1.0, 1.0, 1.0]","[35, 55, 323, 742, 1169, 1302]"
3401,"[1.0, 1.0, 1.0, 1.0, 1.0, 1.0]","[2195, 2196, 2198, 2203, 2205, 2209]"
3402,"[1.0, 1.0, 1.0, 1.0, 1.0, 1.0]","[2195, 2196, 2198, 2203, 2205, 2209]"
3403,"[1.0, 1.0, 1.0, 1.0, 1.0, 1.0]","[2195, 2196, 2198, 2203, 2205, 2209]"
3404,"[1.0, 1.0, 1.0, 1.0, 1.0, 1.0]","[2195, 2196, 2198, 2203, 2205, 2209]"
3405,"[1.0, 1.0, 1.0, 1.0, 1.0, 1.0]","[307, 313, 345, 347, 348, 359]"
3406,"[1.0, 1.0, 1.0, 1.0, 1.0, 1.0]","[2195, 2196, 2198, 2203, 2205, 2209]"
3407,"[1.0, 1.0, 1.0, 1.0, 1.0, 1.0]","[2195, 2196, 2198, 2203, 2205, 2209]"
3408,"[1.0, 1.0, 1.0, 1.0, 1.0, 1.0]","[2195, 2196, 2198, 2203, 2205, 2209]"
3409,"[1.0, 1.0, 1.0, 1.0, 1.0, 1.0]","[2195, 2196, 2198, 2203, 2205, 2209]"
3410,"[1.0, 1.0, 1.0, 1.0, 1.0, 1.0]","[2195, 2196, 2198, 2203, 2205, 2209]"
3411,"[1.0, 1.0, 1.0, 1.0, 1.0, 1.0]","[2195, 2196, 2198, 2203, 2205, 2209]"
3412,"[1.0, 1.0, 1.0, 1.0, 1.0, 1.0]","[35, 55, 323, 742, 1169, 1302]"
3413,"[1.0, 1.0, 1.0, 1.0, 1.0, 1.0]","[2195, 2196, 2198, 2203, 2205, 2209]"
3414,"[1.0, 1.0, 1.0, 1.0, 1.0, 1.0]","[2195, 2196, 2198, 2203, 2205, 2209]"
3415,"[1.0, 1.0, 1.0, 1.0, 1.0, 1.0]","[2195, 2196, 2198, 2203, 2205, 2209]"
3416,"[1.0, 1.0, 1.0, 1.0, 1.0, 1.0]","[2195, 2196, 2198, 2203, 2205, 2209]"
3417,"[1.0, 1.0, 1.0, 1.0, 1.0, 1.0]","[2195, 2196, 2198, 2203, 2205, 2209]"
3418,"[1.0, 1.0, 1.0, 1.0, 1.0, 1.0]","[2195, 2196, 2198, 2203, 2205, 2209]"
3419,"[1.0, 1.0, 1.0, 1.0, 1.0, 1.0]","[2195, 2196, 2198, 2203, 2205, 2209]"
3420,"[1.0, 1.0, 1.0, 1.0, 1.0, 1.0]","[2195, 2196, 2198, 2203, 2205, 2209]"
3421,"[1.0, 1.0, 1.0, 1.0, 1.0, 1.0]","[2195, 2196, 2198, 2203, 2205, 2209]"
3422,"[1.0, 1.0, 1.0, 1.0, 1.0, 1.0]","[2195, 2196, 2198, 2203, 2205, 2209]"
3423,"[1.0, 1.0, 1.0, 1.0, 1.0, 1.0]","[342, 343, 344, 361, 365, 371]"
3424,"[1.0, 1.0, 1.0, 1.0, 1.0, 1.0]","[2195, 2196, 2198, 2203, 2205, 2209]"
3425,"[1.0, 1.0, 1.0, 1.0, 1.0, 1.0]","[2195, 2196, 2198, 2203, 2205, 2209]"
3426,"[1.0, 1.0, 1.0, 1.0, 1.0, 1.0]","[2195, 2196, 2198, 2203, 2205, 2209]"
3427,"[1.0, 1.0, 1.0, 1.0, 1.0, 1.0]","[307, 313, 345, 347, 348, 359]"
3428,"[1.0, 1.0, 1.0, 1.0, 1.0, 1.0]","[401, 408, 411, 414, 415, 416]"
3429,"[1.0, 1.0, 1.0, 1.0, 1.0, 1.0]","[401, 408, 411, 414, 415, 416]"
3430,"[1.0, 1.0, 1.0, 1.0, 1.0, 1.0]","[401, 408, 411, 414, 415, 416]"
3431,"[1.0, 1.0, 1.0, 1.0, 1.0, 1.0]","[401, 408, 411, 414, 415, 416]"
3432,"[1.0, 1.0, 1.0, 1.0, 1.0, 1.0]","[401, 408, 411, 414, 415, 416]"
3433,"[1.0, 1.0, 1.0, 1.0, 1.0, 1.0]","[401, 408, 411, 414, 415, 416]"
3434,"[1.0, 1.0, 1.0, 1.0, 1.0, 1.0]","[401, 408, 411, 414, 415, 416]"
3435,"[1.0, 1.0, 1.0, 1.0, 1.0, 1.0]","[401, 408, 411, 414, 415, 416]"
3436,"[1.0, 1.0, 1.0, 1.0, 1.0, 1.0]","[401, 408, 411, 414, 415, 416]"
3437,"[1.0, 1.0, 1.0, 1.0, 1.0, 1.0]","[401, 408, 411, 414, 415, 416]"
3438,"[1.0, 1.0, 1.0, 1.0, 1.0, 1.0]","[401, 408, 411, 414, 415, 416]"
3439,"[1.0, 1.0, 1.0, 1.0, 1.0, 1.0]","[401, 408, 411, 414, 415, 416]"
3440,"[1.0, 1.0, 1.0, 1.0, 1.0, 1.0]","[401, 408, 411, 414, 415, 416]"
3441,"[1.0, 1.0, 1.0, 1.0, 1.0, 1.0]","[401, 408, 411, 414, 415, 416]"
3442,"[1.0, 1.0, 1.0, 1.0, 1.0, 1.0]","[401, 408, 411, 414, 415, 416]"
3443,"[1.0, 1.0, 1.0, 1.0, 1.0, 1.0]","[401, 408, 411, 414, 415, 416]"
3444,"[1.0, 1.0, 1.0, 1.0, 1.0, 1.0]","[401, 408, 411, 414, 415, 416]"
3445,"[1.0, 1.0, 1.0, 1.0, 1.0, 1.0]","[401, 408, 411, 414, 415, 416]"
3446,"[1.0, 1.0, 1.0, 1.0, 1.0, 1.0]","[401, 408, 411, 414, 415, 416]"
3447,"[1.0, 1.0, 1.0, 1.0, 1.0, 1.0]","[401, 408, 411, 414, 415, 416]"
3448,"[1.0, 1.0, 1.0, 1.0, 1.0, 1.0]","[401, 408, 411, 414, 415, 416]"
3449,"[1.0, 1.0, 1.0, 1.0, 1.0, 1.0]","[401, 408, 411, 414, 415, 416]"
3450,"[1.0, 1.0, 1.0, 1.0, 1.0, 1.0]","[401, 408, 411, 414, 415, 416]"
3451,"[1.0, 1.0, 1.0, 1.0, 1.0, 1.0]","[401, 408, 411, 414, 415, 416]"
3452,"[1.0, 1.0, 1.0, 1.0, 1.0, 1.0]","[401, 408, 411, 414, 415, 416]"
3453,"[1.0, 1.0, 1.0, 1.0, 1.0, 1.0]","[401, 408, 411, 414, 415, 416]"
3454,"[1.0, 1.0, 1.0, 1.0, 1.0, 1.0]","[401, 408, 411, 414, 415, 416]"
3455,"[1.0, 1.0, 1.0, 1.0, 1.0, 1.0]","[401, 408, 411, 414, 415, 416]"
3456,"[1.0, 1.0, 1.0, 1.0, 1.0, 1.0]","[401, 408, 411, 414, 415, 416]"
3457,"[1.0, 1.0, 1.0, 1.0, 1.0, 1.0]","[401, 408, 411, 414, 415, 416]"
3458,"[1.0, 1.0, 1.0, 1.0, 1.0, 1.0]","[401, 408, 411, 414, 415, 416]"
3459,"[1.0, 1.0, 1.0, 1.0, 1.0, 1.0]","[401, 408, 411, 414, 415, 416]"
3460,"[1.0, 1.0, 1.0, 1.0, 1.0, 1.0]","[401, 408, 411, 414, 415, 416]"
3461,"[1.0, 1.0, 1.0, 1.0, 1.0, 1.0]","[401, 408, 411, 414, 415, 416]"
3462,"[1.0, 1.0, 1.0, 1.0, 1.0, 1.0]","[401, 408, 411, 414, 415, 416]"
3463,"[1.0, 1.0, 1.0, 1.0, 1.0, 1.0]","[401, 408, 411, 414, 415, 416]"
3464,"[1.0, 1.0, 1.0, 1.0, 1.0, 1.0]","[401, 408, 411, 414, 415, 416]"
3465,"[1.0, 1.0, 1.0, 1.0, 1.0, 1.0]","[401, 408, 411, 414, 415, 416]"
3466,"[1.0, 1.0, 1.0, 1.0, 1.0, 1.0]","[401, 408, 411, 414, 415, 416]"
3467,"[1.0, 1.0, 1.0, 1.0, 1.0, 1.0]","[2195, 2196, 2198, 2203, 2205, 2209]"
3468,"[0.75, 0.75, 0.75, 0.75, 1.0, 1.0]","[47, 55, 58, 97, 3468, 3469]"
3469,"[0.75, 0.75, 0.75, 0.75, 1.0, 1.0]","[47, 55, 58, 97, 3468, 3469]"
3470,"[1.0, 1.0, 1.0, 1.0, 1.0, 1.0]","[2195, 2196, 2198, 2203, 2205, 2209]"
3471,"[1.0, 1.0, 1.0, 1.0, 1.0, 1.0]","[307, 313, 345, 347, 348, 359]"
3472,"[0.75, 0.75, 0.75, 0.75, 0.75, 1.0]","[35, 47, 55, 58, 97, 3472]"
3473,"[0.75, 0.75, 0.75, 0.75, 0.75, 1.0]","[161, 169, 181, 187, 219, 3473]"
3474,"[1.0, 1.0, 1.0, 1.0, 1.0, 1.0]","[2195, 2196, 2198, 2203, 2205, 2209]"
3475,"[0.75, 0.75, 0.75, 0.75, 1.0, 1.0]","[47, 55, 58, 97, 3475, 3476]"
3476,"[0.75, 0.75, 0.75, 0.75, 1.0, 1.0]","[47, 55, 58, 97, 3475, 3476]"
3477,"[1.0, 1.0, 1.0, 1.0, 1.0, 1.0]","[2195, 2196, 2198, 2203, 2205, 2209]"
3478,"[0.75, 0.75, 0.75, 0.75, 0.75, 1.0]","[35, 47, 55, 58, 97, 3478]"
3479,"[0.75, 0.75, 1.0, 0.75, 0.75, 0.75]","[611, 3478, 3479, 4612, 4647, 4669]"
3480,"[1.0, 1.0, 1.0, 1.0, 1.0, 1.0]","[1704, 1706, 1709, 3480, 3536, 3575]"
3481,"[1.0, 1.0, 1.0, 1.0, 1.0, 1.0]","[2195, 2196, 2198, 2203, 2205, 2209]"
3482,"[1.0, 1.0, 1.0, 1.0, 1.0, 1.0]","[307, 313, 345, 347, 348, 359]"
3483,"[1.0, 1.0, 1.0, 1.0, 1.0, 1.0]","[35, 55, 323, 742, 1169, 1302]"
3484,"[1.0, 1.0, 1.0, 1.0, 1.0, 1.0]","[35, 55, 323, 742, 1169, 1302]"
3485,"[1.0, 1.0, 1.0, 1.0, 1.0, 1.0]","[2195, 2196, 2198, 2203, 2205, 2209]"
3486,"[0.75, 0.75, 0.75, 0.75, 1.0, 1.0]","[47, 55, 58, 97, 3486, 3488]"
3487,"[1.0, 1.0, 1.0, 1.0, 1.0, 1.0]","[2195, 2196, 2198, 2203, 2205, 2209]"
3488,"[0.75, 0.75, 0.75, 0.75, 1.0, 1.0]","[47, 55, 58, 97, 3486, 3488]"
3489,"[1.0, 1.0, 1.0, 1.0, 1.0, 1.0]","[2195, 2196, 2198, 2203, 2205, 2209]"
3490,"[1.0, 1.0, 1.0, 1.0, 1.0, 1.0]","[2195, 2196, 2198, 2203, 2205, 2209]"
3491,"[1.0, 1.0, 1.0, 1.0, 1.0, 1.0]","[35, 55, 323, 742, 1169, 1302]"
3492,"[1.0, 1.0, 1.0, 1.0, 1.0, 1.0]","[2195, 2196, 2198, 2203, 2205, 2209]"
3493,"[1.0, 1.0, 1.0, 1.0, 1.0, 1.0]","[3493, 6571, 6579, 6587, 6590, 6615]"
3494,"[1.0, 1.0, 1.0, 1.0, 1.0, 1.0]","[2195, 2196, 2198, 2203, 2205, 2209]"
3495,"[0.75, 0.75, 0.75, 1.0, 1.0, 1.0]","[55, 58, 97, 3495, 3497, 3498]"
3496,"[1.0, 1.0, 1.0, 1.0, 1.0, 1.0]","[2195, 2196, 2198, 2203, 2205, 2209]"
3497,"[0.75, 0.75, 0.75, 1.0, 1.0, 1.0]","[55, 58, 97, 3495, 3497, 3498]"
3498,"[0.75, 0.75, 0.75, 1.0, 1.0, 1.0]","[55, 58, 97, 3495, 3497, 3498]"
3499,"[1.0, 1.0, 1.0, 1.0, 1.0, 1.0]","[2195, 2196, 2198, 2203, 2205, 2209]"
3500,"[1.0, 1.0, 1.0, 1.0, 1.0, 1.0]","[3500, 5803, 5809, 5823, 5824, 5826]"
3501,"[1.0, 1.0, 1.0, 1.0, 1.0, 1.0]","[2195, 2196, 2198, 2203, 2205, 2209]"
3502,"[0.75, 0.75, 0.75, 0.75, 1.0, 1.0]","[47, 55, 58, 97, 3502, 3503]"
3503,"[0.75, 0.75, 0.75, 0.75, 1.0, 1.0]","[47, 55, 58, 97, 3502, 3503]"
3504,"[1.0, 1.0, 1.0, 1.0, 1.0, 1.0]","[2195, 2196, 2198, 2203, 2205, 2209]"
3505,"[0.75, 0.75, 0.75, 1.0, 1.0, 1.0]","[55, 74, 75, 80, 3505, 5024]"
3506,"[1.0, 1.0, 1.0, 1.0, 1.0, 1.0]","[2195, 2196, 2198, 2203, 2205, 2209]"
3507,"[1.0, 1.0, 1.0, 1.0, 1.0, 1.0]","[2195, 2196, 2198, 2203, 2205, 2209]"
3508,"[1.0, 1.0, 1.0, 1.0, 1.0, 1.0]","[35, 55, 323, 742, 1169, 1302]"
3509,"[1.0, 1.0, 1.0, 1.0, 1.0, 1.0]","[2195, 2196, 2198, 2203, 2205, 2209]"
3510,"[0.75, 0.75, 0.75, 0.75, 0.75, 1.0]","[34, 35, 55, 74, 75, 3510]"
3511,"[1.0, 1.0, 1.0, 1.0, 1.0, 1.0]","[35, 55, 323, 742, 1169, 1302]"
3512,"[1.0, 1.0, 1.0, 1.0, 1.0, 1.0]","[2195, 2196, 2198, 2203, 2205, 2209]"
3513,"[1.0, 1.0, 1.0, 1.0, 1.0, 1.0]","[2195, 2196, 2198, 2203, 2205, 2209]"
3514,"[0.75, 0.75, 0.75, 0.75, 1.0, 1.0]","[35, 55, 74, 75, 727, 3514]"
3515,"[1.0, 1.0, 1.0, 1.0, 1.0, 1.0]","[2195, 2196, 2198, 2203, 2205, 2209]"
3516,"[1.0, 1.0, 1.0, 1.0, 1.0, 1.0]","[2195, 2196, 2198, 2203, 2205, 2209]"
3517,"[1.0, 1.0, 1.0, 1.0, 1.0, 1.0]","[2195, 2196, 2198, 2203, 2205, 2209]"
3518,"[0.75, 0.75, 1.0, 1.0, 1.0, 1.0]","[58, 97, 3518, 3519, 3520, 3521]"
3519,"[0.75, 0.75, 1.0, 1.0, 1.0, 1.0]","[58, 97, 3518, 3519, 3520, 3521]"
3520,"[0.75, 0.75, 1.0, 1.0, 1.0, 1.0]","[58, 97, 3518, 3519, 3520, 3521]"
3521,"[0.75, 0.75, 1.0, 1.0, 1.0, 1.0]","[58, 97, 3518, 3519, 3520, 3521]"
3522,"[1.0, 1.0, 1.0, 1.0, 1.0, 1.0]","[2195, 2196, 2198, 2203, 2205, 2209]"
3523,"[1.0, 1.0, 1.0, 1.0, 1.0, 1.0]","[2195, 2196, 2198, 2203, 2205, 2209]"
3524,"[1.0, 1.0, 1.0, 1.0, 1.0, 1.0]","[3524, 7020, 7028, 7029, 7030, 7101]"
3525,"[0.75, 0.75, 0.75, 0.75, 0.75, 1.0]","[15, 16, 21, 23, 25, 3525]"
3526,"[1.0, 1.0, 1.0, 1.0, 1.0, 1.0]","[35, 55, 323, 742, 1169, 1302]"
3527,"[1.0, 1.0, 1.0, 1.0, 1.0, 1.0]","[2195, 2196, 2198, 2203, 2205, 2209]"
3528,"[1.0, 1.0, 1.0, 1.0, 1.0, 1.0]","[307, 313, 345, 347, 348, 359]"
3529,"[0.75, 1.0, 1.0, 1.0, 1.0, 1.0]","[75, 3529, 4998, 5025, 5027, 5105]"
3530,"[1.0, 1.0, 1.0, 1.0, 1.0, 1.0]","[2195, 2196, 2198, 2203, 2205, 2209]"
3531,"[1.0, 1.0, 1.0, 1.0, 1.0, 1.0]","[2195, 2196, 2198, 2203, 2205, 2209]"
3532,"[0.75, 0.75, 0.75, 1.0, 1.0, 1.0]","[55, 58, 97, 3532, 3533, 3534]"
3533,"[0.75, 0.75, 0.75, 1.0, 1.0, 1.0]","[55, 58, 97, 3532, 3533, 3534]"
3534,"[0.75, 0.75, 0.75, 1.0, 1.0, 1.0]","[55, 58, 97, 3532, 3533, 3534]"
3535,"[1.0, 1.0, 1.0, 1.0, 1.0, 1.0]","[2195, 2196, 2198, 2203, 2205, 2209]"
3536,"[1.0, 1.0, 1.0, 1.0, 1.0, 1.0]","[1704, 1706, 1709, 3480, 3536, 3575]"
3537,"[1.0, 1.0, 1.0, 1.0, 1.0, 1.0]","[34, 202, 318, 349, 398, 409]"
3538,"[1.0, 1.0, 1.0, 1.0, 1.0, 1.0]","[2195, 2196, 2198, 2203, 2205, 2209]"
3539,"[1.0, 1.0, 1.0, 1.0, 1.0, 1.0]","[2195, 2196, 2198, 2203, 2205, 2209]"
3540,"[1.0, 1.0, 1.0, 1.0, 1.0, 1.0]","[2195, 2196, 2198, 2203, 2205, 2209]"
3541,"[0.75, 0.75, 0.75, 1.0, 1.0, 1.0]","[55, 58, 97, 3541, 3543, 3544]"
3542,"[1.0, 1.0, 1.0, 1.0, 1.0, 1.0]","[2195, 2196, 2198, 2203, 2205, 2209]"
3543,"[0.75, 0.75, 0.75, 1.0, 1.0, 1.0]","[55, 58, 97, 3541, 3543, 3544]"
3544,"[0.75, 0.75, 0.75, 1.0, 1.0, 1.0]","[55, 58, 97, 3541, 3543, 3544]"
3545,"[1.0, 1.0, 1.0, 1.0, 1.0, 1.0]","[2195, 2196, 2198, 2203, 2205, 2209]"
3546,"[1.0, 1.0, 1.0, 1.0, 1.0, 1.0]","[34, 202, 318, 349, 398, 409]"
3547,"[1.0, 1.0, 1.0, 1.0, 1.0, 1.0]","[2195, 2196, 2198, 2203, 2205, 2209]"
3548,"[1.0, 1.0, 1.0, 1.0, 1.0, 1.0]","[307, 313, 345, 347, 348, 359]"
3549,"[1.0, 1.0, 1.0, 1.0, 1.0, 1.0]","[2195, 2196, 2198, 2203, 2205, 2209]"
3550,"[0.75, 0.75, 0.75, 1.0, 1.0, 1.0]","[55, 58, 97, 3550, 3551, 3552]"
3551,"[0.75, 0.75, 0.75, 1.0, 1.0, 1.0]","[55, 58, 97, 3550, 3551, 3552]"
3552,"[0.75, 0.75, 0.75, 1.0, 1.0, 1.0]","[55, 58, 97, 3550, 3551, 3552]"
3553,"[1.0, 1.0, 1.0, 1.0, 1.0, 1.0]","[2195, 2196, 2198, 2203, 2205, 2209]"
3554,"[1.0, 1.0, 1.0, 1.0, 1.0, 1.0]","[2195, 2196, 2198, 2203, 2205, 2209]"
3555,"[1.0, 1.0, 1.0, 1.0, 1.0, 1.0]","[2195, 2196, 2198, 2203, 2205, 2209]"
3556,"[1.0, 1.0, 1.0, 1.0, 1.0, 1.0]","[2195, 2196, 2198, 2203, 2205, 2209]"
3557,"[1.0, 1.0, 1.0, 1.0, 1.0, 1.0]","[2195, 2196, 2198, 2203, 2205, 2209]"
3558,"[1.0, 1.0, 1.0, 1.0, 1.0, 1.0]","[2195, 2196, 2198, 2203, 2205, 2209]"
3559,"[1.0, 1.0, 1.0, 1.0, 1.0, 1.0]","[2195, 2196, 2198, 2203, 2205, 2209]"
3560,"[1.0, 1.0, 1.0, 1.0, 1.0, 1.0]","[2195, 2196, 2198, 2203, 2205, 2209]"
3561,"[1.0, 1.0, 1.0, 1.0, 1.0, 1.0]","[2195, 2196, 2198, 2203, 2205, 2209]"
3562,"[1.0, 1.0, 1.0, 1.0, 1.0, 1.0]","[2195, 2196, 2198, 2203, 2205, 2209]"
3563,"[1.0, 1.0, 1.0, 1.0, 1.0, 1.0]","[2195, 2196, 2198, 2203, 2205, 2209]"
3564,"[1.0, 1.0, 1.0, 1.0, 1.0, 1.0]","[2195, 2196, 2198, 2203, 2205, 2209]"
3565,"[1.0, 1.0, 1.0, 1.0, 1.0, 1.0]","[35, 55, 323, 742, 1169, 1302]"
3566,"[1.0, 1.0, 1.0, 1.0, 1.0, 1.0]","[2195, 2196, 2198, 2203, 2205, 2209]"
3567,"[1.0, 1.0, 1.0, 1.0, 1.0, 1.0]","[2195, 2196, 2198, 2203, 2205, 2209]"
3568,"[1.0, 1.0, 1.0, 1.0, 1.0, 1.0]","[2195, 2196, 2198, 2203, 2205, 2209]"
3569,"[0.75, 0.75, 1.0, 1.0, 1.0, 1.0]","[23, 25, 2197, 2214, 3569, 3608]"
3570,"[1.0, 1.0, 1.0, 1.0, 1.0, 1.0]","[2195, 2196, 2198, 2203, 2205, 2209]"
3571,"[1.0, 1.0, 1.0, 1.0, 1.0, 1.0]","[2195, 2196, 2198, 2203, 2205, 2209]"
3572,"[1.0, 1.0, 1.0, 1.0, 1.0, 1.0]","[34, 202, 318, 349, 398, 409]"
3573,"[1.0, 1.0, 1.0, 1.0, 1.0, 1.0]","[2195, 2196, 2198, 2203, 2205, 2209]"
3574,"[0.75, 0.75, 0.75, 0.75, 1.0, 1.0]","[35, 55, 74, 75, 3574, 5746]"
3575,"[1.0, 1.0, 1.0, 1.0, 1.0, 1.0]","[1704, 1706, 1709, 3480, 3536, 3575]"
3576,"[1.0, 1.0, 1.0, 1.0, 1.0, 1.0]","[2195, 2196, 2198, 2203, 2205, 2209]"
3577,"[1.0, 1.0, 1.0, 1.0, 1.0, 1.0]","[2195, 2196, 2198, 2203, 2205, 2209]"
3578,"[1.0, 1.0, 1.0, 1.0, 1.0, 1.0]","[2195, 2196, 2198, 2203, 2205, 2209]"
3579,"[0.75, 0.75, 0.75, 0.75, 0.75, 1.0]","[682, 683, 684, 686, 940, 3579]"
3580,"[0.75, 0.75, 0.75, 0.75, 0.75, 1.0]","[161, 169, 181, 187, 219, 3580]"
3581,"[1.0, 1.0, 1.0, 1.0, 1.0, 1.0]","[2195, 2196, 2198, 2203, 2205, 2209]"
3582,"[0.75, 0.75, 0.75, 0.75, 1.0, 1.0]","[35, 55, 74, 75, 901, 3582]"
3583,"[1.0, 1.0, 1.0, 1.0, 1.0, 1.0]","[2195, 2196, 2198, 2203, 2205, 2209]"
3584,"[1.0, 1.0, 1.0, 1.0, 1.0, 1.0]","[2195, 2196, 2198, 2203, 2205, 2209]"
3585,"[0.75, 0.75, 0.75, 0.75, 0.75, 1.0]","[34, 35, 55, 74, 75, 3585]"
3586,"[1.0, 1.0, 1.0, 1.0, 1.0, 1.0]","[307, 313, 345, 347, 348, 359]"
3587,"[0.75, 0.75, 0.75, 0.75, 1.0, 1.0]","[35, 55, 74, 75, 3587, 4611]"
3588,"[1.0, 1.0, 1.0, 1.0, 1.0, 1.0]","[2195, 2196, 2198, 2203, 2205, 2209]"
3589,"[1.0, 1.0, 1.0, 1.0, 1.0, 1.0]","[2195, 2196, 2198, 2203, 2205, 2209]"
3590,"[0.75, 0.75, 0.75, 0.75, 1.0, 1.0]","[35, 55, 74, 75, 3590, 4642]"
3591,"[1.0, 1.0, 1.0, 1.0, 1.0, 1.0]","[2195, 2196, 2198, 2203, 2205, 2209]"
3592,"[1.0, 1.0, 1.0, 1.0, 1.0, 1.0]","[2195, 2196, 2198, 2203, 2205, 2209]"
3593,"[1.0, 1.0, 1.0, 1.0, 1.0, 1.0]","[2195, 2196, 2198, 2203, 2205, 2209]"
3594,"[1.0, 1.0, 1.0, 1.0, 1.0, 1.0]","[2195, 2196, 2198, 2203, 2205, 2209]"
3595,"[1.0, 1.0, 1.0, 1.0, 1.0, 1.0]","[2195, 2196, 2198, 2203, 2205, 2209]"
3596,"[1.0, 1.0, 1.0, 1.0, 1.0, 1.0]","[2195, 2196, 2198, 2203, 2205, 2209]"
3597,"[1.0, 1.0, 1.0, 1.0, 1.0, 1.0]","[2195, 2196, 2198, 2203, 2205, 2209]"
3598,"[1.0, 1.0, 1.0, 1.0, 1.0, 1.0]","[2195, 2196, 2198, 2203, 2205, 2209]"
3599,"[1.0, 1.0, 1.0, 1.0, 1.0, 1.0]","[307, 313, 345, 347, 348, 359]"
3600,"[1.0, 1.0, 1.0, 1.0, 1.0, 1.0]","[2195, 2196, 2198, 2203, 2205, 2209]"
3601,"[1.0, 1.0, 1.0, 1.0, 1.0, 1.0]","[2195, 2196, 2198, 2203, 2205, 2209]"
3602,"[1.0, 1.0, 1.0, 1.0, 1.0, 1.0]","[2195, 2196, 2198, 2203, 2205, 2209]"
3603,"[1.0, 1.0, 1.0, 1.0, 1.0, 1.0]","[2195, 2196, 2198, 2203, 2205, 2209]"
3604,"[1.0, 1.0, 1.0, 1.0, 1.0, 1.0]","[2195, 2196, 2198, 2203, 2205, 2209]"
3605,"[1.0, 1.0, 1.0, 1.0, 1.0, 1.0]","[2195, 2196, 2198, 2203, 2205, 2209]"
3606,"[1.0, 1.0, 1.0, 1.0, 1.0, 1.0]","[2195, 2196, 2198, 2203, 2205, 2209]"
3607,"[1.0, 1.0, 1.0, 1.0, 1.0, 1.0]","[2195, 2196, 2198, 2203, 2205, 2209]"
3608,"[0.75, 0.75, 1.0, 1.0, 1.0, 1.0]","[23, 25, 2197, 2214, 3569, 3608]"
3609,"[1.0, 1.0, 1.0, 1.0, 1.0, 1.0]","[2195, 2196, 2198, 2203, 2205, 2209]"
3610,"[1.0, 1.0, 1.0, 1.0, 1.0, 1.0]","[2195, 2196, 2198, 2203, 2205, 2209]"
3611,"[1.0, 1.0, 1.0, 1.0, 1.0, 1.0]","[2195, 2196, 2198, 2203, 2205, 2209]"
3612,"[1.0, 1.0, 1.0, 1.0, 1.0, 1.0]","[2195, 2196, 2198, 2203, 2205, 2209]"
3613,"[0.75, 0.75, 0.75, 0.75, 1.0, 1.0]","[47, 55, 58, 97, 3613, 3615]"
3614,"[1.0, 1.0, 1.0, 1.0, 1.0, 1.0]","[2195, 2196, 2198, 2203, 2205, 2209]"
3615,"[0.75, 0.75, 0.75, 0.75, 1.0, 1.0]","[47, 55, 58, 97, 3613, 3615]"
3616,"[1.0, 1.0, 1.0, 1.0, 1.0, 1.0]","[307, 313, 345, 347, 348, 359]"
3617,"[0.75, 0.75, 0.75, 0.75, 0.75, 1.0]","[682, 683, 684, 686, 940, 3617]"
3618,"[0.75, 0.75, 0.75, 0.75, 0.75, 1.0]","[191, 620, 622, 624, 625, 3618]"
3619,"[1.0, 1.0, 1.0, 1.0, 1.0, 1.0]","[2195, 2196, 2198, 2203, 2205, 2209]"
3620,"[0.75, 0.75, 0.75, 0.75, 0.75, 1.0]","[682, 683, 684, 686, 940, 3620]"
3621,"[0.75, 0.75, 0.75, 0.75, 0.75, 1.0]","[191, 620, 622, 624, 625, 3621]"
3622,"[0.75, 0.75, 0.75, 0.75, 1.0, 1.0]","[47, 55, 58, 97, 3622, 3623]"
3623,"[0.75, 0.75, 0.75, 0.75, 1.0, 1.0]","[47, 55, 58, 97, 3622, 3623]"
3624,"[1.0, 1.0, 1.0, 1.0, 1.0, 1.0]","[2195, 2196, 2198, 2203, 2205, 2209]"
3625,"[1.0, 1.0, 1.0, 1.0, 1.0, 1.0]","[561, 849, 1288, 1289, 1290, 1291]"
3626,"[1.0, 1.0, 1.0, 1.0, 1.0, 1.0]","[2195, 2196, 2198, 2203, 2205, 2209]"
3627,"[1.0, 1.0, 1.0, 1.0, 1.0, 1.0]","[561, 849, 1288, 1289, 1290, 1291]"
3628,"[1.0, 1.0, 1.0, 1.0, 1.0, 1.0]","[2195, 2196, 2198, 2203, 2205, 2209]"
3629,"[1.0, 1.0, 1.0, 1.0, 1.0, 1.0]","[2195, 2196, 2198, 2203, 2205, 2209]"
3630,"[1.0, 1.0, 1.0, 1.0, 1.0, 1.0]","[2195, 2196, 2198, 2203, 2205, 2209]"
3631,"[1.0, 1.0, 1.0, 1.0, 1.0, 1.0]","[2195, 2196, 2198, 2203, 2205, 2209]"
3632,"[1.0, 1.0, 1.0, 1.0, 1.0, 1.0]","[2195, 2196, 2198, 2203, 2205, 2209]"
3633,"[1.0, 1.0, 1.0, 1.0, 1.0, 1.0]","[2195, 2196, 2198, 2203, 2205, 2209]"
3634,"[1.0, 1.0, 1.0, 1.0, 1.0, 1.0]","[2195, 2196, 2198, 2203, 2205, 2209]"
3635,"[1.0, 1.0, 1.0, 1.0, 1.0, 1.0]","[2195, 2196, 2198, 2203, 2205, 2209]"
3636,"[1.0, 1.0, 1.0, 1.0, 1.0, 1.0]","[2195, 2196, 2198, 2203, 2205, 2209]"
3637,"[0.75, 0.75, 0.75, 1.0, 1.0, 1.0]","[55, 74, 75, 3637, 3640, 4713]"
3638,"[1.0, 1.0, 1.0, 1.0, 1.0, 1.0]","[2195, 2196, 2198, 2203, 2205, 2209]"
3639,"[1.0, 1.0, 1.0, 1.0, 1.0, 1.0]","[307, 313, 345, 347, 348, 359]"
3640,"[0.75, 0.75, 0.75, 1.0, 1.0, 1.0]","[55, 74, 75, 3637, 3640, 4713]"
3641,"[1.0, 1.0, 1.0, 1.0, 1.0, 1.0]","[2195, 2196, 2198, 2203, 2205, 2209]"
3642,"[1.0, 1.0, 1.0, 1.0, 1.0, 1.0]","[2195, 2196, 2198, 2203, 2205, 2209]"
3643,"[1.0, 1.0, 1.0, 1.0, 1.0, 1.0]","[2195, 2196, 2198, 2203, 2205, 2209]"
3644,"[1.0, 1.0, 1.0, 1.0, 1.0, 1.0]","[2195, 2196, 2198, 2203, 2205, 2209]"
3645,"[1.0, 1.0, 1.0, 1.0, 1.0, 1.0]","[3645, 3646, 3647, 3648, 3651, 3671]"
3646,"[1.0, 1.0, 1.0, 1.0, 1.0, 1.0]","[3645, 3646, 3647, 3648, 3651, 3671]"
3647,"[1.0, 1.0, 1.0, 1.0, 1.0, 1.0]","[3645, 3646, 3647, 3648, 3651, 3671]"
3648,"[1.0, 1.0, 1.0, 1.0, 1.0, 1.0]","[3645, 3646, 3647, 3648, 3651, 3671]"
3649,"[1.0, 1.0, 1.0, 1.0, 1.0, 1.0]","[20, 24, 26, 28, 30, 369]"
3650,"[1.0, 1.0, 1.0, 1.0, 1.0, 1.0]","[20, 24, 26, 28, 30, 369]"
3651,"[1.0, 1.0, 1.0, 1.0, 1.0, 1.0]","[3645, 3646, 3647, 3648, 3651, 3671]"
3652,"[1.0, 1.0, 1.0, 1.0, 1.0, 1.0]","[31, 1274, 1277, 1279, 1353, 1361]"
3653,"[1.0, 1.0, 1.0, 1.0, 1.0, 1.0]","[3653, 3654, 3655, 3656, 3657, 3658]"
3654,"[1.0, 1.0, 1.0, 1.0, 1.0, 1.0]","[3653, 3654, 3655, 3656, 3657, 3658]"
3655,"[1.0, 1.0, 1.0, 1.0, 1.0, 1.0]","[3653, 3654, 3655, 3656, 3657, 3658]"
3656,"[1.0, 1.0, 1.0, 1.0, 1.0, 1.0]","[3653, 3654, 3655, 3656, 3657, 3658]"
3657,"[1.0, 1.0, 1.0, 1.0, 1.0, 1.0]","[3653, 3654, 3655, 3656, 3657, 3658]"
3658,"[1.0, 1.0, 1.0, 1.0, 1.0, 1.0]","[3653, 3654, 3655, 3656, 3657, 3658]"
3659,"[1.0, 1.0, 1.0, 1.0, 1.0, 1.0]","[3653, 3654, 3655, 3656, 3657, 3658]"
3660,"[1.0, 1.0, 1.0, 1.0, 1.0, 1.0]","[3653, 3654, 3655, 3656, 3657, 3658]"
3661,"[1.0, 1.0, 1.0, 1.0, 1.0, 1.0]","[3653, 3654, 3655, 3656, 3657, 3658]"
3662,"[1.0, 1.0, 1.0, 1.0, 1.0, 1.0]","[3653, 3654, 3655, 3656, 3657, 3658]"
3663,"[1.0, 1.0, 1.0, 1.0, 1.0, 1.0]","[3653, 3654, 3655, 3656, 3657, 3658]"
3664,"[1.0, 1.0, 1.0, 1.0, 1.0, 1.0]","[3653, 3654, 3655, 3656, 3657, 3658]"
3665,"[1.0, 1.0, 1.0, 1.0, 1.0, 1.0]","[3653, 3654, 3655, 3656, 3657, 3658]"
3666,"[1.0, 1.0, 1.0, 1.0, 1.0, 1.0]","[3653, 3654, 3655, 3656, 3657, 3658]"
3667,"[1.0, 1.0, 1.0, 1.0, 1.0, 1.0]","[3653, 3654, 3655, 3656, 3657, 3658]"
3668,"[1.0, 1.0, 1.0, 1.0, 1.0, 1.0]","[3653, 3654, 3655, 3656, 3657, 3658]"
3669,"[1.0, 1.0, 1.0, 1.0, 1.0, 1.0]","[3653, 3654, 3655, 3656, 3657, 3658]"
3670,"[1.0, 1.0, 1.0, 1.0, 1.0, 1.0]","[32, 1700, 1719, 1720, 1747, 1758]"
3671,"[1.0, 1.0, 1.0, 1.0, 1.0, 1.0]","[3645, 3646, 3647, 3648, 3651, 3671]"
3672,"[1.0, 1.0, 1.0, 1.0, 1.0, 1.0]","[1701, 1722, 1788, 3672, 4076, 4123]"
3673,"[1.0, 1.0, 1.0, 1.0, 1.0, 1.0]","[3645, 3646, 3647, 3648, 3651, 3671]"
3674,"[0.75, 1.0, 1.0, 1.0, 1.0, 1.0]","[13, 1808, 3674, 5381, 5384, 5387]"
3675,"[1.0, 1.0, 1.0, 1.0, 1.0, 1.0]","[1229, 1233, 3675, 5382, 5385, 5388]"
3676,"[1.0, 1.0, 1.0, 1.0, 1.0, 1.0]","[31, 1274, 1277, 1279, 1353, 1361]"
3677,"[1.0, 1.0, 1.0, 1.0, 1.0, 1.0]","[401, 408, 411, 414, 415, 416]"
3678,"[1.0, 1.0, 1.0, 1.0, 1.0, 1.0]","[31, 1274, 1277, 1279, 1353, 1361]"
3679,"[1.0, 1.0, 1.0, 1.0, 1.0, 1.0]","[401, 408, 411, 414, 415, 416]"
3680,"[1.0, 1.0, 1.0, 1.0, 1.0, 1.0]","[31, 1274, 1277, 1279, 1353, 1361]"
3681,"[1.0, 1.0, 1.0, 1.0, 1.0, 1.0]","[401, 408, 411, 414, 415, 416]"
3682,"[1.0, 1.0, 1.0, 1.0, 1.0, 1.0]","[31, 1274, 1277, 1279, 1353, 1361]"
3683,"[1.0, 1.0, 1.0, 1.0, 1.0, 1.0]","[401, 408, 411, 414, 415, 416]"
3684,"[1.0, 1.0, 1.0, 1.0, 1.0, 1.0]","[31, 1274, 1277, 1279, 1353, 1361]"
3685,"[1.0, 1.0, 1.0, 1.0, 1.0, 1.0]","[401, 408, 411, 414, 415, 416]"
3686,"[1.0, 1.0, 1.0, 1.0, 1.0, 1.0]","[31, 1274, 1277, 1279, 1353, 1361]"
3687,"[1.0, 1.0, 1.0, 1.0, 1.0, 1.0]","[31, 1274, 1277, 1279, 1353, 1361]"
3688,"[1.0, 1.0, 1.0, 1.0, 1.0, 1.0]","[401, 408, 411, 414, 415, 416]"
3689,"[1.0, 1.0, 1.0, 1.0, 1.0, 1.0]","[31, 1274, 1277, 1279, 1353, 1361]"
3690,"[1.0, 1.0, 1.0, 1.0, 1.0, 1.0]","[31, 1274, 1277, 1279, 1353, 1361]"
3691,"[1.0, 1.0, 1.0, 1.0, 1.0, 1.0]","[20, 24, 26, 28, 30, 369]"
3692,"[0.75, 0.75, 0.75, 0.75, 1.0, 1.0]","[72, 93, 125, 133, 1801, 3692]"
3693,"[1.0, 1.0, 1.0, 1.0, 1.0, 1.0]","[1273, 1460, 1461, 1462, 1493, 1564]"
3694,"[1.0, 1.0, 1.0, 1.0, 1.0, 1.0]","[706, 710, 711, 713, 1458, 1463]"
3695,"[1.0, 1.0, 1.0, 1.0, 1.0, 1.0]","[147, 157, 158, 159, 247, 248]"
3696,"[0.75, 0.75, 1.0, 1.0, 1.0, 1.0]","[143, 145, 1797, 2084, 3696, 6100]"
3697,"[1.0, 1.0, 1.0, 1.0, 1.0, 1.0]","[1798, 3697, 5302, 7037, 7058, 7069]"
3698,"[0.75, 0.75, 0.75, 1.0, 1.0, 1.0]","[6, 8, 13, 1799, 3698, 7047]"
3699,"[0.75, 0.75, 1.0, 1.0, 1.0, 1.0]","[11, 12, 1800, 3699, 7040, 7059]"
3700,"[1.0, 1.0, 1.0, 1.0, 1.0, 1.0]","[1273, 1460, 1461, 1462, 1493, 1564]"
3701,"[1.0, 1.0, 1.0, 1.0, 1.0, 1.0]","[706, 710, 711, 713, 1458, 1463]"
3702,"[1.0, 1.0, 1.0, 1.0, 1.0, 1.0]","[34, 202, 318, 349, 398, 409]"
3703,"[1.0000000000000002, 1.0000000000000002, 1.0000000000000002, 1.0000000000000002, 1.0000000000000002, 1.0000000000000002]","[14, 3703, 3721, 3723, 3725, 3731]"
3704,"[1.0, 1.0, 1.0, 1.0, 1.0, 1.0]","[930, 1278, 1661, 3704, 3706, 3708]"
3705,"[1.0, 1.0, 1.0, 1.0, 1.0, 1.0]","[307, 313, 345, 347, 348, 359]"
3706,"[1.0, 1.0, 1.0, 1.0, 1.0, 1.0]","[930, 1278, 1661, 3704, 3706, 3708]"
3707,"[1.0, 1.0, 1.0, 1.0, 1.0, 1.0]","[307, 313, 345, 347, 348, 359]"
3708,"[1.0, 1.0, 1.0, 1.0, 1.0, 1.0]","[930, 1278, 1661, 3704, 3706, 3708]"
3709,"[1.0, 1.0, 1.0, 1.0, 1.0, 1.0]","[307, 313, 345, 347, 348, 359]"
3710,"[1.0, 1.0, 1.0, 1.0, 1.0, 1.0]","[930, 1278, 1661, 3704, 3706, 3708]"
3711,"[1.0, 1.0, 1.0, 1.0, 1.0, 1.0]","[314, 1275, 1879, 1881, 3711, 3759]"
3712,"[1.0, 1.0, 1.0, 1.0, 1.0, 1.0]","[307, 313, 345, 347, 348, 359]"
3713,"[0.75, 0.75, 0.75, 0.75, 0.75, 1.0]","[646, 694, 697, 698, 1796, 3713]"
3714,"[0.75, 0.75, 0.75, 0.75, 0.75, 1.0]","[70, 72, 93, 125, 133, 3714]"
3715,"[1.0, 1.0, 1.0, 1.0, 1.0, 1.0]","[20, 24, 26, 28, 30, 369]"
3716,"[1.0, 1.0, 1.0, 1.0, 1.0, 1.0]","[20, 24, 26, 28, 30, 369]"
3717,"[1.0, 1.0, 1.0, 1.0, 1.0, 1.0]","[307, 313, 345, 347, 348, 359]"
3718,"[1.0, 1.0, 1.0, 1.0, 1.0, 1.0]","[20, 24, 26, 28, 30, 369]"
3719,"[0.75, 0.75, 0.75, 1.0, 1.0, 0.8164965809277261]","[6, 8, 13, 3719, 3720, 3729]"
3720,"[0.75, 0.75, 0.75, 1.0, 1.0, 0.8164965809277261]","[6, 8, 13, 3719, 3720, 3729]"
3721,"[1.0000000000000002, 1.0000000000000002, 1.0000000000000002, 1.0000000000000002, 1.0000000000000002, 1.0000000000000002]","[14, 3703, 3721, 3723, 3725, 3731]"
3722,"[1.0, 1.0, 1.0, 1.0, 1.0, 1.0]","[307, 313, 345, 347, 348, 359]"
3723,"[1.0000000000000002, 1.0000000000000002, 1.0000000000000002, 1.0000000000000002, 1.0000000000000002, 1.0000000000000002]","[14, 3703, 3721, 3723, 3725, 3731]"
3724,"[1.0, 1.0, 1.0, 1.0, 1.0, 1.0]","[307, 313, 345, 347, 348, 359]"
3725,"[1.0000000000000002, 1.0000000000000002, 1.0000000000000002, 1.0000000000000002, 1.0000000000000002, 1.0000000000000002]","[14, 3703, 3721, 3723, 3725, 3731]"
3726,"[1.0, 1.0, 1.0, 1.0, 1.0, 1.0]","[307, 313, 345, 347, 348, 359]"
3727,"[1.0, 1.0, 1.0, 1.0, 1.0, 1.0]","[307, 313, 345, 347, 348, 359]"
3728,"[1.0, 1.0, 1.0, 1.0, 1.0, 1.0]","[307, 313, 345, 347, 348, 359]"
3729,"[0.6666666666666669, 0.8164965809277261, 0.8164965809277261, 1.0000000000000002, 0.8333333333333335, 0.8333333333333335]","[1371, 3719, 3720, 3729, 4509, 6888]"
3730,"[1.0, 1.0, 1.0, 1.0, 1.0, 1.0]","[307, 313, 345, 347, 348, 359]"
3731,"[1.0000000000000002, 1.0000000000000002, 1.0000000000000002, 1.0000000000000002, 1.0000000000000002, 1.0000000000000002]","[14, 3703, 3721, 3723, 3725, 3731]"
3732,"[1.0, 1.0, 1.0, 1.0, 1.0, 1.0]","[307, 313, 345, 347, 348, 359]"
3733,"[0.75, 0.75, 0.75, 0.75, 1.0, 1.0]","[1253, 1849, 1851, 2024, 3733, 3734]"
3734,"[0.75, 0.75, 0.75, 0.75, 1.0, 1.0]","[1253, 1849, 1851, 2024, 3733, 3734]"
3735,"[1.0000000000000002, 1.0000000000000002, 1.0000000000000002, 1.0000000000000002, 1.0000000000000002, 1.0000000000000002]","[14, 3703, 3721, 3723, 3725, 3731]"
3736,"[1.0, 1.0, 1.0, 1.0, 1.0, 1.0]","[307, 313, 345, 347, 348, 359]"
3737,"[1.0, 1.0, 1.0, 1.0, 1.0, 1.0]","[930, 1278, 1661, 3704, 3706, 3708]"
3738,"[1.0, 1.0, 1.0, 1.0, 1.0, 1.0]","[307, 313, 345, 347, 348, 359]"
3739,"[1.0, 1.0, 1.0, 1.0, 1.0, 1.0]","[307, 313, 345, 347, 348, 359]"
3740,"[1.0, 1.0, 1.0, 1.0, 1.0, 1.0]","[307, 313, 345, 347, 348, 359]"
3741,"[1.0, 1.0, 1.0, 1.0, 1.0, 1.0]","[20, 24, 26, 28, 30, 369]"
3742,"[1.0, 1.0, 1.0, 1.0, 1.0, 1.0]","[20, 24, 26, 28, 30, 369]"
3743,"[1.0, 1.0, 1.0, 1.0, 1.0, 1.0]","[307, 313, 345, 347, 348, 359]"
3744,"[1.0, 1.0, 1.0, 1.0, 1.0, 1.0]","[930, 1278, 1661, 3704, 3706, 3708]"
3745,"[1.0, 1.0, 1.0, 1.0, 1.0, 1.0]","[307, 313, 345, 347, 348, 359]"
3746,"[1.0000000000000002, 1.0000000000000002, 1.0000000000000002, 1.0000000000000002, 1.0000000000000002, 1.0000000000000002]","[14, 3703, 3721, 3723, 3725, 3731]"
3747,"[1.0, 1.0, 1.0, 1.0, 1.0, 1.0]","[307, 313, 345, 347, 348, 359]"
3748,"[1.0000000000000002, 1.0000000000000002, 1.0000000000000002, 1.0000000000000002, 1.0000000000000002, 1.0000000000000002]","[14, 3703, 3721, 3723, 3725, 3731]"
3749,"[1.0, 1.0, 1.0, 1.0, 1.0, 1.0]","[307, 313, 345, 347, 348, 359]"
3750,"[1.0, 1.0, 1.0, 1.0, 1.0, 1.0]","[307, 313, 345, 347, 348, 359]"
3751,"[1.0, 1.0, 1.0, 1.0, 1.0, 1.0]","[307, 313, 345, 347, 348, 359]"
3752,"[1.0, 1.0, 1.0, 1.0, 1.0, 1.0]","[20, 24, 26, 28, 30, 369]"
3753,"[1.0, 1.0, 1.0, 1.0, 1.0, 1.0]","[20, 24, 26, 28, 30, 369]"
3754,"[1.0, 1.0, 1.0, 1.0, 1.0, 1.0]","[20, 24, 26, 28, 30, 369]"
3755,"[1.0, 1.0, 1.0, 1.0, 1.0, 1.0]","[20, 24, 26, 28, 30, 369]"
3756,"[1.0, 1.0, 1.0, 1.0, 1.0, 1.0]","[20, 24, 26, 28, 30, 369]"
3757,"[1.0, 1.0, 1.0, 1.0, 1.0, 1.0]","[930, 1278, 1661, 3704, 3706, 3708]"
3758,"[1.0, 1.0, 1.0, 1.0, 1.0, 1.0]","[307, 313, 345, 347, 348, 359]"
3759,"[1.0, 1.0, 1.0, 1.0, 1.0, 1.0]","[314, 1275, 1879, 1881, 3711, 3759]"
3760,"[0.75, 0.75, 0.75, 1.0, 1.0, 1.0]","[61, 145, 146, 316, 3760, 5839]"
3761,"[1.0, 1.0, 1.0, 1.0, 1.0, 1.0]","[317, 1509, 2316, 3761, 4754, 5229]"
3762,"[1.0, 1.0, 1.0, 1.0, 1.0, 1.0]","[930, 1278, 1661, 3704, 3706, 3708]"
3763,"[1.0, 1.0, 1.0, 1.0, 1.0, 1.0]","[930, 1278, 1661, 3704, 3706, 3708]"
3764,"[1.0000000000000002, 1.0000000000000002, 1.0000000000000002, 1.0000000000000002, 1.0000000000000002, 1.0000000000000002]","[14, 3703, 3721, 3723, 3725, 3731]"
3765,"[1.0, 1.0, 1.0, 1.0, 1.0, 1.0]","[930, 1278, 1661, 3704, 3706, 3708]"
3766,"[1.0, 1.0, 1.0, 1.0, 1.0, 1.0]","[307, 313, 345, 347, 348, 359]"
3767,"[1.0000000000000002, 1.0000000000000002, 1.0000000000000002, 1.0000000000000002, 1.0000000000000002, 1.0000000000000002]","[14, 3703, 3721, 3723, 3725, 3731]"
3768,"[1.0, 1.0, 1.0, 1.0, 1.0, 1.0]","[930, 1278, 1661, 3704, 3706, 3708]"
3769,"[1.0, 1.0, 1.0, 1.0, 1.0, 1.0]","[307, 313, 345, 347, 348, 359]"
3770,"[1.0, 1.0, 1.0, 1.0, 1.0, 1.0]","[20, 24, 26, 28, 30, 369]"
3771,"[1.0, 1.0, 1.0, 1.0, 1.0, 1.0]","[20, 24, 26, 28, 30, 369]"
3772,"[1.0, 1.0, 1.0, 1.0, 1.0, 1.0]","[20, 24, 26, 28, 30, 369]"
3773,"[1.0, 1.0, 1.0, 1.0, 1.0, 1.0]","[20, 24, 26, 28, 30, 369]"
3774,"[1.0, 1.0, 1.0, 1.0, 1.0, 1.0]","[20, 24, 26, 28, 30, 369]"
3775,"[0.75, 0.75, 0.75, 1.0, 1.0, 1.0]","[61, 145, 146, 362, 3775, 3788]"
3776,"[1.0, 1.0, 1.0, 1.0, 1.0, 1.0]","[20, 24, 26, 28, 30, 369]"
3777,"[1.0, 1.0, 1.0, 1.0, 1.0, 1.0]","[20, 24, 26, 28, 30, 369]"
3778,"[1.0, 1.0, 1.0, 1.0, 1.0, 1.0]","[20, 24, 26, 28, 30, 369]"
3779,"[1.0, 1.0, 1.0, 1.0, 1.0, 1.0]","[20, 24, 26, 28, 30, 369]"
3780,"[1.0, 1.0, 1.0, 1.0, 1.0, 1.0]","[751, 753, 756, 768, 770, 773]"
3781,"[1.0, 1.0, 1.0, 1.0, 1.0, 1.0]","[751, 753, 756, 768, 770, 773]"
3782,"[1.0, 1.0, 1.0, 1.0, 1.0, 1.0]","[20, 24, 26, 28, 30, 369]"
3783,"[1.0, 1.0, 1.0, 1.0, 1.0, 1.0]","[751, 753, 756, 768, 770, 773]"
3784,"[1.0, 1.0, 1.0, 1.0, 1.0, 1.0]","[20, 24, 26, 28, 30, 369]"
3785,"[1.0, 1.0, 1.0, 1.0, 1.0, 1.0]","[20, 24, 26, 28, 30, 369]"
3786,"[1.0, 1.0, 1.0, 1.0, 1.0, 1.0]","[20, 24, 26, 28, 30, 369]"
3787,"[1.0, 1.0, 1.0, 1.0, 1.0, 1.0]","[20, 24, 26, 28, 30, 369]"
3788,"[0.75, 0.75, 0.75, 1.0, 1.0, 1.0]","[61, 145, 146, 362, 3775, 3788]"
3789,"[1.0, 1.0, 1.0, 1.0, 1.0, 1.0]","[20, 24, 26, 28, 30, 369]"
3790,"[1.0, 1.0, 1.0, 1.0, 1.0, 1.0]","[20, 24, 26, 28, 30, 369]"
3791,"[1.0, 1.0, 1.0, 1.0, 1.0, 1.0]","[20, 24, 26, 28, 30, 369]"
3792,"[1.0, 1.0, 1.0, 1.0, 1.0, 1.0]","[20, 24, 26, 28, 30, 369]"
3793,"[1.0, 1.0, 1.0, 1.0, 1.0, 1.0]","[751, 753, 756, 768, 770, 773]"
3794,"[1.0, 1.0, 1.0, 1.0, 1.0, 1.0]","[20, 24, 26, 28, 30, 369]"
3795,"[1.0, 1.0, 1.0, 1.0, 1.0, 1.0]","[20, 24, 26, 28, 30, 369]"
3796,"[1.0, 1.0, 1.0, 1.0, 1.0, 1.0]","[33, 153, 155, 171, 194, 195]"
3797,"[1.0, 1.0, 1.0, 1.0, 1.0, 1.0]","[20, 24, 26, 28, 30, 369]"
3798,"[1.0, 1.0, 1.0, 1.0, 1.0, 1.0]","[20, 24, 26, 28, 30, 369]"
3799,"[1.0, 1.0, 1.0, 1.0, 1.0, 1.0]","[20, 24, 26, 28, 30, 369]"
3800,"[1.0, 1.0, 1.0, 1.0, 1.0, 1.0]","[20, 24, 26, 28, 30, 369]"
3801,"[1.0, 1.0, 1.0, 1.0, 1.0, 1.0]","[20, 24, 26, 28, 30, 369]"
3802,"[1.0, 1.0, 1.0, 1.0, 1.0, 1.0]","[20, 24, 26, 28, 30, 369]"
3803,"[1.0, 1.0, 1.0, 1.0, 1.0, 1.0]","[20, 24, 26, 28, 30, 369]"
3804,"[1.0, 1.0, 1.0, 1.0, 1.0, 1.0]","[20, 24, 26, 28, 30, 369]"
3805,"[1.0, 1.0, 1.0, 1.0, 1.0, 1.0]","[1859, 1860, 3805, 3806, 4189, 4190]"
3806,"[1.0, 1.0, 1.0, 1.0, 1.0, 1.0]","[1859, 1860, 3805, 3806, 4189, 4190]"
3807,"[1.0, 1.0, 1.0, 1.0, 1.0, 1.0]","[1865, 1866, 3807, 3808, 4195, 4196]"
3808,"[1.0, 1.0, 1.0, 1.0, 1.0, 1.0]","[1865, 1866, 3807, 3808, 4195, 4196]"
3809,"[0.75, 0.75, 1.0, 1.0, 1.0, 1.0]","[529, 530, 1613, 3809, 4215, 5202]"
3810,"[1.0, 1.0, 1.0, 1.0, 1.0, 1.0]","[307, 313, 345, 347, 348, 359]"
3811,"[1.0, 1.0, 1.0, 1.0, 1.0, 1.0]","[32, 1700, 1719, 1720, 1747, 1758]"
3812,"[1.0, 1.0, 1.0, 1.0, 1.0, 1.0]","[307, 313, 345, 347, 348, 359]"
3813,"[1.0, 1.0, 1.0, 1.0, 1.0, 1.0]","[32, 1700, 1719, 1720, 1747, 1758]"
3814,"[1.0, 1.0, 1.0, 1.0, 1.0, 1.0]","[307, 313, 345, 347, 348, 359]"
3815,"[1.0, 1.0, 1.0, 1.0, 1.0, 1.0]","[307, 313, 345, 347, 348, 359]"
3816,"[1.0, 1.0, 1.0, 1.0, 1.0, 1.0]","[32, 1700, 1719, 1720, 1747, 1758]"
3817,"[1.0, 1.0, 1.0, 1.0, 1.0, 1.0]","[307, 313, 345, 347, 348, 359]"
3818,"[1.0, 1.0, 1.0, 1.0, 1.0, 1.0]","[307, 313, 345, 347, 348, 359]"
3819,"[1.0, 1.0, 1.0, 1.0, 1.0, 1.0]","[307, 313, 345, 347, 348, 359]"
3820,"[1.0, 1.0, 1.0, 1.0, 1.0, 1.0]","[689, 1077, 1078, 1080, 1081, 1146]"
3821,"[1.0, 1.0, 1.0, 1.0, 1.0, 1.0]","[401, 408, 411, 414, 415, 416]"
3822,"[1.0, 1.0, 1.0, 1.0, 1.0, 1.0]","[401, 408, 411, 414, 415, 416]"
3823,"[1.0, 1.0, 1.0, 1.0, 1.0, 1.0]","[401, 408, 411, 414, 415, 416]"
3824,"[1.0, 1.0, 1.0, 1.0, 1.0, 1.0]","[401, 408, 411, 414, 415, 416]"
3825,"[1.0, 1.0, 1.0, 1.0, 1.0, 1.0]","[401, 408, 411, 414, 415, 416]"
3826,"[1.0, 1.0, 1.0, 1.0, 1.0, 1.0]","[401, 408, 411, 414, 415, 416]"
3827,"[1.0, 1.0, 1.0, 1.0, 1.0, 1.0]","[401, 408, 411, 414, 415, 416]"
3828,"[1.0, 1.0, 1.0, 1.0, 1.0, 1.0]","[401, 408, 411, 414, 415, 416]"
3829,"[1.0, 1.0, 1.0, 1.0, 1.0, 1.0]","[401, 408, 411, 414, 415, 416]"
3830,"[1.0, 1.0, 1.0, 1.0, 1.0, 1.0]","[401, 408, 411, 414, 415, 416]"
3831,"[1.0, 1.0, 1.0, 1.0, 1.0, 1.0]","[401, 408, 411, 414, 415, 416]"
3832,"[1.0, 1.0, 1.0, 1.0, 1.0, 1.0]","[401, 408, 411, 414, 415, 416]"
3833,"[1.0, 1.0, 1.0, 1.0, 1.0, 1.0]","[401, 408, 411, 414, 415, 416]"
3834,"[1.0, 1.0, 1.0, 1.0, 1.0, 1.0]","[401, 408, 411, 414, 415, 416]"
3835,"[1.0, 1.0, 1.0, 1.0, 1.0, 1.0]","[3835, 3978, 4012, 4112, 4117, 4138]"
3836,"[1.0, 1.0, 1.0, 1.0, 1.0, 1.0]","[401, 408, 411, 414, 415, 416]"
3837,"[1.0, 1.0, 1.0, 1.0, 1.0, 1.0]","[401, 408, 411, 414, 415, 416]"
3838,"[1.0, 1.0, 1.0, 1.0, 1.0, 1.0]","[307, 313, 345, 347, 348, 359]"
3839,"[1.0, 1.0, 1.0, 1.0, 1.0, 1.0]","[307, 313, 345, 347, 348, 359]"
3840,"[1.0, 1.0, 1.0, 1.0, 1.0, 1.0]","[307, 313, 345, 347, 348, 359]"
3841,"[1.0, 1.0, 1.0, 1.0, 1.0, 1.0]","[932, 934, 1111, 1138, 1260, 3841]"
3842,"[0.75, 0.75, 0.75, 0.75, 1.0, 1.0]","[72, 93, 125, 133, 3842, 4023]"
3843,"[1.0, 1.0, 1.0, 1.0, 1.0, 1.0]","[932, 934, 1111, 1138, 1260, 3841]"
3844,"[0.75, 0.75, 0.75, 0.75, 1.0, 1.0]","[72, 93, 125, 133, 3844, 4025]"
3845,"[1.0, 1.0, 1.0, 1.0, 1.0, 1.0]","[401, 408, 411, 414, 415, 416]"
3846,"[1.0, 1.0, 1.0, 1.0, 1.0, 1.0]","[314, 1275, 1879, 1881, 3711, 3759]"
3847,"[1.0, 1.0, 1.0, 1.0, 1.0, 1.0]","[1276, 1880, 1882, 3847, 4050, 4051]"
3848,"[0.75, 0.75, 0.75, 0.75, 1.0, 1.0]","[47, 55, 58, 97, 3848, 3849]"
3849,"[0.75, 0.75, 0.75, 0.75, 1.0, 1.0]","[47, 55, 58, 97, 3848, 3849]"
3850,"[1.0, 1.0, 1.0, 1.0, 1.0, 1.0]","[1350, 1357, 1362, 1770, 3850, 4052]"
3851,"[1.0, 1.0, 1.0, 1.0, 1.0, 1.0]","[1351, 1352, 1358, 1360, 1364, 1365]"
3852,"[1.0, 1.0, 1.0, 1.0, 1.0, 1.0]","[1351, 1352, 1358, 1360, 1364, 1365]"
3853,"[0.75, 0.75, 0.75, 0.75, 1.0, 1.0]","[47, 55, 58, 97, 3853, 3855]"
3854,"[1.0, 1.0, 1.0, 1.0, 1.0, 1.0]","[932, 934, 1111, 1138, 1260, 3841]"
3855,"[0.75, 0.75, 0.75, 0.75, 1.0, 1.0]","[47, 55, 58, 97, 3853, 3855]"
3856,"[1.0, 1.0, 1.0, 1.0, 1.0, 1.0]","[932, 934, 1111, 1138, 1260, 3841]"
3857,"[1.0, 1.0, 1.0, 1.0, 1.0, 1.0]","[307, 313, 345, 347, 348, 359]"
3858,"[0.75, 0.75, 0.75, 0.75, 0.75, 1.0]","[321, 704, 720, 1305, 1423, 3858]"
3859,"[1.0, 1.0, 1.0, 1.0, 1.0, 1.0]","[307, 313, 345, 347, 348, 359]"
3860,"[0.75, 0.75, 0.75, 0.75, 1.0, 1.0]","[72, 93, 125, 133, 3860, 4026]"
3861,"[0.75, 0.75, 0.75, 1.0, 1.0, 1.0]","[6, 8, 13, 1829, 3861, 4069]"
3862,"[1.0, 1.0, 1.0, 1.0, 1.0, 1.0]","[307, 313, 345, 347, 348, 359]"
3863,"[1.0, 1.0, 1.0, 1.0, 1.0, 1.0]","[307, 313, 345, 347, 348, 359]"
3864,"[1.0, 1.0, 1.0, 1.0, 1.0, 1.0]","[307, 313, 345, 347, 348, 359]"
3865,"[1.0, 1.0, 1.0, 1.0, 1.0, 1.0]","[3865, 3866, 3867, 3868, 3869, 3870]"
3866,"[1.0, 1.0, 1.0, 1.0, 1.0, 1.0]","[3865, 3866, 3867, 3868, 3869, 3870]"
3867,"[1.0, 1.0, 1.0, 1.0, 1.0, 1.0]","[3865, 3866, 3867, 3868, 3869, 3870]"
3868,"[1.0, 1.0, 1.0, 1.0, 1.0, 1.0]","[3865, 3866, 3867, 3868, 3869, 3870]"
3869,"[1.0, 1.0, 1.0, 1.0, 1.0, 1.0]","[3865, 3866, 3867, 3868, 3869, 3870]"
3870,"[1.0, 1.0, 1.0, 1.0, 1.0, 1.0]","[3865, 3866, 3867, 3868, 3869, 3870]"
3871,"[1.0, 1.0, 1.0, 1.0, 1.0, 1.0]","[3865, 3866, 3867, 3868, 3869, 3870]"
3872,"[1.0, 1.0, 1.0, 1.0, 1.0, 1.0]","[3865, 3866, 3867, 3868, 3869, 3870]"
3873,"[1.0, 1.0, 1.0, 1.0, 1.0, 1.0]","[3865, 3866, 3867, 3868, 3869, 3870]"
3874,"[1.0, 1.0, 1.0, 1.0, 1.0, 1.0]","[3865, 3866, 3867, 3868, 3869, 3870]"
3875,"[1.0, 1.0, 1.0, 1.0, 1.0, 1.0]","[3865, 3866, 3867, 3868, 3869, 3870]"
3876,"[1.0, 1.0, 1.0, 1.0, 1.0, 1.0]","[3865, 3866, 3867, 3868, 3869, 3870]"
3877,"[1.0, 1.0, 1.0, 1.0, 1.0, 1.0]","[3865, 3866, 3867, 3868, 3869, 3870]"
3878,"[1.0, 1.0, 1.0, 1.0, 1.0, 1.0]","[3865, 3866, 3867, 3868, 3869, 3870]"
3879,"[1.0, 1.0, 1.0, 1.0, 1.0, 1.0]","[3865, 3866, 3867, 3868, 3869, 3870]"
3880,"[1.0, 1.0, 1.0, 1.0, 1.0, 1.0]","[3865, 3866, 3867, 3868, 3869, 3870]"
3881,"[1.0, 1.0, 1.0, 1.0, 1.0, 1.0]","[3865, 3866, 3867, 3868, 3869, 3870]"
3882,"[1.0, 1.0, 1.0, 1.0, 1.0, 1.0]","[3865, 3866, 3867, 3868, 3869, 3870]"
3883,"[1.0, 1.0, 1.0, 1.0, 1.0, 1.0]","[3865, 3866, 3867, 3868, 3869, 3870]"
3884,"[1.0, 1.0, 1.0, 1.0, 1.0, 1.0]","[3865, 3866, 3867, 3868, 3869, 3870]"
3885,"[1.0, 1.0, 1.0, 1.0, 1.0, 1.0]","[3865, 3866, 3867, 3868, 3869, 3870]"
3886,"[1.0, 1.0, 1.0, 1.0, 1.0, 1.0]","[3865, 3866, 3867, 3868, 3869, 3870]"
3887,"[1.0, 1.0, 1.0, 1.0, 1.0, 1.0]","[3865, 3866, 3867, 3868, 3869, 3870]"
3888,"[1.0, 1.0, 1.0, 1.0, 1.0, 1.0]","[3865, 3866, 3867, 3868, 3869, 3870]"
3889,"[1.0, 1.0, 1.0, 1.0, 1.0, 1.0]","[307, 313, 345, 347, 348, 359]"
3890,"[1.0, 1.0, 1.0, 1.0, 1.0, 1.0]","[307, 313, 345, 347, 348, 359]"
3891,"[1.0, 1.0, 1.0, 1.0, 1.0, 1.0]","[307, 313, 345, 347, 348, 359]"
3892,"[1.0, 1.0, 1.0, 1.0, 1.0, 1.0]","[307, 313, 345, 347, 348, 359]"
3893,"[1.0, 1.0, 1.0, 1.0, 1.0, 1.0]","[401, 408, 411, 414, 415, 416]"
3894,"[1.0, 1.0, 1.0, 1.0, 1.0, 1.0]","[401, 408, 411, 414, 415, 416]"
3895,"[1.0, 1.0, 1.0, 1.0, 1.0, 1.0]","[401, 408, 411, 414, 415, 416]"
3896,"[1.0, 1.0, 1.0, 1.0, 1.0, 1.0]","[307, 313, 345, 347, 348, 359]"
3897,"[1.0, 1.0, 1.0, 1.0, 1.0, 1.0]","[307, 313, 345, 347, 348, 359]"
3898,"[0.75, 0.75, 0.75, 1.0, 1.0, 1.0]","[55, 58, 97, 3898, 3906, 4027]"
3899,"[0.75, 0.75, 1.0, 1.0, 1.0, 1.0]","[125, 133, 3899, 3900, 4028, 4029]"
3900,"[0.75, 0.75, 1.0, 1.0, 1.0, 1.0]","[125, 133, 3899, 3900, 4028, 4029]"
3901,"[1.0, 1.0, 1.0, 1.0, 1.0, 1.0]","[307, 313, 345, 347, 348, 359]"
3902,"[0.75, 0.75, 0.75, 1.0, 1.0, 1.0]","[684, 686, 940, 3902, 3904, 4030]"
3903,"[1.0, 1.0, 1.0, 1.0, 1.0, 1.0]","[307, 313, 345, 347, 348, 359]"
3904,"[0.75, 0.75, 0.75, 1.0, 1.0, 1.0]","[684, 686, 940, 3902, 3904, 4030]"
3905,"[1.0, 1.0, 1.0, 1.0, 1.0, 1.0]","[307, 313, 345, 347, 348, 359]"
3906,"[0.75, 0.75, 0.75, 1.0, 1.0, 1.0]","[55, 58, 97, 3898, 3906, 4027]"
3907,"[1.0, 1.0, 1.0, 1.0, 1.0, 1.0]","[406, 3907, 3908, 3925, 3997, 5775]"
3908,"[1.0, 1.0, 1.0, 1.0, 1.0, 1.0]","[406, 3907, 3908, 3925, 3997, 5775]"
3909,"[1.0, 1.0, 1.0, 1.0, 1.0, 1.0]","[932, 934, 1111, 1138, 1260, 3841]"
3910,"[1.0, 1.0, 1.0, 1.0, 1.0, 1.0]","[34, 202, 318, 349, 398, 409]"
3911,"[1.0, 1.0, 1.0, 1.0, 1.0, 1.0]","[932, 934, 1111, 1138, 1260, 3841]"
3912,"[1.0, 1.0, 1.0, 1.0, 1.0, 1.0]","[34, 202, 318, 349, 398, 409]"
3913,"[1.0, 1.0, 1.0, 1.0, 1.0, 1.0]","[34, 202, 318, 349, 398, 409]"
3914,"[0.75, 0.75, 0.75, 0.75, 1.0, 1.0]","[47, 55, 58, 97, 3914, 3924]"
3915,"[0.75, 0.75, 0.75, 0.75, 1.0, 1.0]","[72, 93, 125, 133, 3915, 3916]"
3916,"[0.75, 0.75, 0.75, 0.75, 1.0, 1.0]","[72, 93, 125, 133, 3915, 3916]"
3917,"[1.0, 1.0, 1.0, 1.0, 1.0, 1.0]","[307, 313, 345, 347, 348, 359]"
3918,"[1.0, 1.0, 1.0, 1.0, 1.0, 1.0]","[33, 153, 155, 171, 194, 195]"
3919,"[1.0, 1.0, 1.0, 1.0, 1.0, 1.0]","[307, 313, 345, 347, 348, 359]"
3920,"[0.75, 0.75, 0.75, 0.75, 1.0, 1.0]","[683, 684, 686, 940, 3920, 3922]"
3921,"[1.0, 1.0, 1.0, 1.0, 1.0, 1.0]","[307, 313, 345, 347, 348, 359]"
3922,"[0.75, 0.75, 0.75, 0.75, 1.0, 1.0]","[683, 684, 686, 940, 3920, 3922]"
3923,"[1.0, 1.0, 1.0, 1.0, 1.0, 1.0]","[307, 313, 345, 347, 348, 359]"
3924,"[0.75, 0.75, 0.75, 0.75, 1.0, 1.0]","[47, 55, 58, 97, 3914, 3924]"
3925,"[1.0, 1.0, 1.0, 1.0, 1.0, 1.0]","[406, 3907, 3908, 3925, 3997, 5775]"
3926,"[1.0, 1.0, 1.0, 1.0, 1.0, 1.0]","[307, 313, 345, 347, 348, 359]"
3927,"[1.0000000000000002, 1.0000000000000002, 1.0000000000000002, 0.8333333333333335, 1.0000000000000002, 1.0000000000000002]","[1514, 1715, 1732, 1878, 3927, 4036]"
3928,"[0.75, 0.75, 0.75, 1.0, 1.0, 1.0]","[644, 645, 1286, 1753, 3928, 4037]"
3929,"[0.75, 0.75, 1.0, 0.75, 1.0, 1.0]","[697, 698, 1796, 3713, 3929, 4038]"
3930,"[1.0, 1.0, 1.0, 1.0, 1.0, 1.0]","[20, 24, 26, 28, 30, 369]"
3931,"[1.0, 1.0, 1.0, 1.0, 1.0, 1.0]","[20, 24, 26, 28, 30, 369]"
3932,"[0.6123724356957946, 0.6123724356957946, 0.6123724356957946, 0.6123724356957946, 0.6666666666666669, 1.0000000000000002]","[51, 61, 145, 146, 514, 3932]"
3933,"[1.0, 1.0, 1.0, 1.0, 1.0, 1.0]","[20, 24, 26, 28, 30, 369]"
3934,"[1.0, 1.0, 1.0, 1.0, 1.0, 1.0]","[20, 24, 26, 28, 30, 369]"
3935,"[1.0, 1.0, 1.0, 1.0, 1.0, 1.0]","[144, 163, 165, 168, 173, 180]"
3936,"[1.0, 1.0, 1.0, 1.0, 1.0, 1.0]","[20, 24, 26, 28, 30, 369]"
3937,"[0.75, 1.0, 1.0, 1.0, 1.0, 1.0]","[13, 929, 1742, 3937, 3938, 4045]"
3938,"[0.75, 1.0, 1.0, 1.0, 1.0, 1.0]","[13, 929, 1742, 3937, 3938, 4045]"
3939,"[1.0, 1.0, 1.0, 1.0, 1.0, 1.0]","[33, 153, 155, 171, 194, 195]"
3940,"[1.0, 1.0, 1.0, 1.0, 1.0, 1.0]","[145, 146, 154, 303, 338, 381]"
3941,"[1.0, 1.0, 1.0, 1.0, 1.0, 1.0]","[44, 45, 56, 326, 327, 328]"
3942,"[1.0, 1.0, 1.0, 1.0, 1.0, 1.0]","[32, 1700, 1719, 1720, 1747, 1758]"
3943,"[1.0, 1.0, 1.0, 1.0, 1.0, 1.0]","[307, 313, 345, 347, 348, 359]"
3944,"[1.0, 1.0, 1.0, 1.0, 1.0, 1.0]","[1773, 1776, 1779, 1781, 3944, 3945]"
3945,"[1.0, 1.0, 1.0, 1.0, 1.0, 1.0]","[1773, 1776, 1779, 1781, 3944, 3945]"
3946,"[0.75, 1.0, 1.0, 1.0, 1.0, 1.0]","[145, 1348, 1355, 1679, 3946, 5232]"
3947,"[1.0, 1.0, 1.0, 1.0, 1.0, 1.0]","[1773, 1776, 1779, 1781, 3944, 3945]"
3948,"[1.0, 1.0, 1.0, 1.0, 1.0, 1.0]","[1347, 1354, 1678, 3948, 3950, 3951]"
3949,"[1.0, 1.0, 1.0, 1.0, 1.0, 1.0]","[33, 153, 155, 171, 194, 195]"
3950,"[1.0, 1.0, 1.0, 1.0, 1.0, 1.0]","[1347, 1354, 1678, 3948, 3950, 3951]"
3951,"[1.0, 1.0, 1.0, 1.0, 1.0, 1.0]","[1347, 1354, 1678, 3948, 3950, 3951]"
3952,"[1.0, 1.0, 1.0, 1.0, 1.0, 1.0]","[33, 153, 155, 171, 194, 195]"
3953,"[1.0, 1.0, 1.0, 1.0, 1.0, 1.0]","[1773, 1776, 1779, 1781, 3944, 3945]"
3954,"[1.0, 1.0, 1.0, 1.0, 1.0, 1.0]","[1347, 1354, 1678, 3948, 3950, 3951]"
3955,"[1.0, 1.0, 1.0, 1.0, 1.0, 1.0]","[307, 313, 345, 347, 348, 359]"
3956,"[1.0, 1.0, 1.0, 1.0, 1.0, 1.0]","[307, 313, 345, 347, 348, 359]"
3957,"[0.75, 0.75, 0.75, 1.0, 1.0, 1.0]","[1362, 1770, 3850, 3957, 3967, 4016]"
3958,"[1.0, 1.0, 1.0, 1.0, 1.0, 1.0]","[307, 313, 345, 347, 348, 359]"
3959,"[1.0, 1.0, 1.0, 1.0, 1.0, 1.0]","[33, 153, 155, 171, 194, 195]"
3960,"[1.0, 1.0, 1.0, 1.0, 1.0, 1.0]","[1351, 1352, 1358, 1360, 1364, 1365]"
3961,"[1.0, 1.0, 1.0, 1.0, 1.0, 1.0]","[33, 153, 155, 171, 194, 195]"
3962,"[1.0, 1.0, 1.0, 1.0, 1.0, 1.0]","[1351, 1352, 1358, 1360, 1364, 1365]"
3963,"[1.0, 1.0, 1.0, 1.0, 1.0, 1.0]","[307, 313, 345, 347, 348, 359]"
3964,"[1.0, 1.0, 1.0, 1.0, 1.0, 1.0]","[20, 24, 26, 28, 30, 369]"
3965,"[1.0, 1.0, 1.0, 1.0, 1.0, 1.0]","[307, 313, 345, 347, 348, 359]"
3966,"[1.0, 1.0, 1.0, 1.0, 1.0, 1.0]","[20, 24, 26, 28, 30, 369]"
3967,"[0.75, 0.75, 0.75, 1.0, 1.0, 1.0]","[1362, 1770, 3850, 3957, 3967, 4016]"
3968,"[1.0, 1.0, 1.0, 1.0, 1.0, 1.0]","[31, 1274, 1277, 1279, 1353, 1361]"
3969,"[1.0, 1.0, 1.0, 1.0, 1.0, 1.0]","[401, 408, 411, 414, 415, 416]"
3970,"[1.0, 1.0, 1.0, 1.0, 1.0, 1.0]","[401, 408, 411, 414, 415, 416]"
3971,"[1.0, 1.0, 1.0, 1.0, 1.0, 1.0]","[401, 408, 411, 414, 415, 416]"
3972,"[1.0, 1.0, 1.0, 1.0, 1.0, 1.0]","[401, 408, 411, 414, 415, 416]"
3973,"[1.0, 1.0, 1.0, 1.0, 1.0, 1.0]","[401, 408, 411, 414, 415, 416]"
3974,"[1.0, 1.0, 1.0, 1.0, 1.0, 1.0]","[401, 408, 411, 414, 415, 416]"
3975,"[1.0, 1.0, 1.0, 1.0, 1.0, 1.0]","[401, 408, 411, 414, 415, 416]"
3976,"[1.0, 1.0, 1.0, 1.0, 1.0, 1.0]","[401, 408, 411, 414, 415, 416]"
3977,"[1.0, 1.0, 1.0, 1.0, 1.0, 1.0]","[307, 313, 345, 347, 348, 359]"
3978,"[1.0, 1.0, 1.0, 1.0, 1.0, 1.0]","[3835, 3978, 4012, 4112, 4117, 4138]"
3979,"[1.0, 1.0, 1.0, 1.0, 1.0, 1.0]","[33, 153, 155, 171, 194, 195]"
3980,"[1.0, 1.0, 1.0, 1.0, 1.0, 1.0]","[33, 153, 155, 171, 194, 195]"
3981,"[1.0, 0.75, 0.75, 1.0, 1.0, 1.0]","[22, 74, 75, 90, 3981, 3983]"
3982,"[1.0, 1.0, 1.0, 1.0, 1.0, 1.0]","[33, 153, 155, 171, 194, 195]"
3983,"[1.0, 0.75, 0.75, 1.0, 1.0, 1.0]","[22, 74, 75, 90, 3981, 3983]"
3984,"[1.0, 1.0, 1.0, 1.0, 1.0, 1.0]","[145, 146, 154, 303, 338, 381]"
3985,"[1.0, 1.0, 1.0, 1.0, 1.0, 1.0]","[33, 153, 155, 171, 194, 195]"
3986,"[0.75, 0.75, 0.75, 0.75, 0.75, 1.0]","[90, 92, 94, 106, 123, 3986]"
3987,"[1.0, 1.0, 1.0, 1.0, 1.0, 1.0]","[145, 146, 154, 303, 338, 381]"
3988,"[0.75, 0.75, 0.75, 0.75, 0.75, 1.0]","[70, 72, 93, 125, 133, 3988]"
3989,"[1.0, 1.0, 1.0, 1.0, 1.0, 1.0]","[34, 202, 318, 349, 398, 409]"
3990,"[1.0, 1.0, 1.0, 1.0, 1.0, 1.0]","[34, 202, 318, 349, 398, 409]"
3991,"[1.0, 1.0, 1.0, 1.0, 1.0, 1.0]","[145, 146, 154, 303, 338, 381]"
3992,"[1.0, 1.0, 1.0, 1.0, 1.0, 1.0]","[35, 55, 323, 742, 1169, 1302]"
3993,"[0.75, 0.75, 0.75, 1.0, 1.0, 1.0]","[6, 8, 13, 3993, 3994, 3995]"
3994,"[0.75, 0.75, 0.75, 1.0, 1.0, 1.0]","[6, 8, 13, 3993, 3994, 3995]"
3995,"[0.75, 0.75, 0.75, 1.0, 1.0, 1.0]","[6, 8, 13, 3993, 3994, 3995]"
3996,"[1.0, 1.0, 1.0, 1.0, 1.0, 1.0]","[307, 313, 345, 347, 348, 359]"
3997,"[1.0, 1.0, 1.0, 1.0, 1.0, 1.0]","[406, 3907, 3908, 3925, 3997, 5775]"
3998,"[1.0, 1.0, 1.0, 1.0, 1.0, 1.0]","[31, 1274, 1277, 1279, 1353, 1361]"
3999,"[1.0, 1.0, 1.0, 1.0, 1.0, 1.0]","[401, 408, 411, 414, 415, 416]"
4000,"[1.0, 1.0, 1.0, 1.0, 1.0, 1.0]","[401, 408, 411, 414, 415, 416]"
4001,"[1.0, 1.0, 1.0, 1.0, 1.0, 1.0]","[401, 408, 411, 414, 415, 416]"
4002,"[1.0, 1.0, 1.0, 1.0, 1.0, 1.0]","[401, 408, 411, 414, 415, 416]"
4003,"[1.0, 1.0, 1.0, 1.0, 1.0, 1.0]","[401, 408, 411, 414, 415, 416]"
4004,"[1.0, 1.0, 1.0, 1.0, 1.0, 1.0]","[401, 408, 411, 414, 415, 416]"
4005,"[1.0, 1.0, 1.0, 1.0, 1.0, 1.0]","[401, 408, 411, 414, 415, 416]"
4006,"[1.0, 1.0, 1.0, 1.0, 1.0, 1.0]","[401, 408, 411, 414, 415, 416]"
4007,"[1.0, 1.0, 1.0, 1.0, 1.0, 1.0]","[401, 408, 411, 414, 415, 416]"
4008,"[1.0, 1.0, 1.0, 1.0, 1.0, 1.0]","[401, 408, 411, 414, 415, 416]"
4009,"[1.0, 1.0, 1.0, 1.0, 1.0, 1.0]","[401, 408, 411, 414, 415, 416]"
4010,"[1.0, 1.0, 1.0, 1.0, 1.0, 1.0]","[401, 408, 411, 414, 415, 416]"
4011,"[1.0, 1.0, 1.0, 1.0, 1.0, 1.0]","[307, 313, 345, 347, 348, 359]"
4012,"[1.0, 1.0, 1.0, 1.0, 1.0, 1.0]","[3835, 3978, 4012, 4112, 4117, 4138]"
4013,"[1.0, 1.0, 1.0, 1.0, 1.0, 1.0]","[307, 313, 345, 347, 348, 359]"
4014,"[1.0, 1.0, 1.0, 1.0, 1.0, 1.0]","[1773, 1776, 1779, 1781, 3944, 3945]"
4015,"[1.0, 1.0, 1.0, 1.0, 1.0, 1.0]","[307, 313, 345, 347, 348, 359]"
4016,"[0.75, 0.75, 0.75, 1.0, 1.0, 1.0]","[1362, 1770, 3850, 3957, 3967, 4016]"
4017,"[1.0, 1.0, 1.0, 1.0, 1.0, 1.0]","[307, 313, 345, 347, 348, 359]"
4018,"[1.0, 1.0, 1.0, 1.0, 1.0, 1.0]","[1351, 1352, 1358, 1360, 1364, 1365]"
4019,"[1.0, 1.0, 1.0, 1.0, 1.0, 1.0]","[307, 313, 345, 347, 348, 359]"
4020,"[1.0, 1.0, 1.0, 1.0, 1.0, 1.0]","[1351, 1352, 1358, 1360, 1364, 1365]"
4021,"[1.0, 1.0, 1.0, 1.0, 1.0, 1.0]","[307, 313, 345, 347, 348, 359]"
4022,"[1.0, 1.0, 1.0, 1.0, 1.0, 1.0]","[932, 934, 1111, 1138, 1260, 3841]"
4023,"[0.75, 0.75, 0.75, 0.75, 1.0, 1.0]","[72, 93, 125, 133, 3842, 4023]"
4024,"[1.0, 1.0, 1.0, 1.0, 1.0, 1.0]","[932, 934, 1111, 1138, 1260, 3841]"
4025,"[0.75, 0.75, 0.75, 0.75, 1.0, 1.0]","[72, 93, 125, 133, 3844, 4025]"
4026,"[0.75, 0.75, 0.75, 0.75, 1.0, 1.0]","[72, 93, 125, 133, 3860, 4026]"
4027,"[0.75, 0.75, 0.75, 1.0, 1.0, 1.0]","[55, 58, 97, 3898, 3906, 4027]"
4028,"[0.75, 0.75, 1.0, 1.0, 1.0, 1.0]","[125, 133, 3899, 3900, 4028, 4029]"
4029,"[0.75, 0.75, 1.0, 1.0, 1.0, 1.0]","[125, 133, 3899, 3900, 4028, 4029]"
4030,"[0.75, 0.75, 0.75, 1.0, 1.0, 1.0]","[684, 686, 940, 3902, 3904, 4030]"
4031,"[1.0, 1.0, 1.0, 1.0, 1.0, 1.0]","[307, 313, 345, 347, 348, 359]"
4032,"[1.0, 1.0, 1.0, 1.0, 1.0, 1.0]","[307, 313, 345, 347, 348, 359]"
4033,"[0.8333333333333335, 0.8333333333333335, 0.8333333333333335, 0.8333333333333335, 0.8333333333333335, 1.0000000000000002]","[3703, 3721, 3723, 3725, 3731, 4033]"
4034,"[1.0, 1.0, 1.0, 1.0, 1.0, 1.0]","[1510, 1591, 1595, 1694, 1783, 1784]"
4035,"[1.0, 1.0, 1.0, 1.0, 1.0, 1.0]","[307, 313, 345, 347, 348, 359]"
4036,"[1.0000000000000002, 1.0000000000000002, 1.0000000000000002, 0.8333333333333335, 1.0000000000000002, 1.0000000000000002]","[1514, 1715, 1732, 1878, 3927, 4036]"
4037,"[0.75, 0.75, 0.75, 1.0, 1.0, 1.0]","[644, 645, 1286, 1753, 3928, 4037]"
4038,"[0.75, 0.75, 1.0, 0.75, 1.0, 1.0]","[697, 698, 1796, 3713, 3929, 4038]"
4039,"[1.0, 1.0, 1.0, 1.0, 1.0, 1.0]","[20, 24, 26, 28, 30, 369]"
4040,"[1.0, 1.0, 1.0, 1.0, 1.0, 1.0]","[20, 24, 26, 28, 30, 369]"
4041,"[1.0, 1.0, 1.0, 1.0, 1.0, 1.0]","[20, 24, 26, 28, 30, 369]"
4042,"[1.0, 1.0, 1.0, 1.0, 1.0, 1.0]","[20, 24, 26, 28, 30, 369]"
4043,"[1.0, 1.0, 1.0, 1.0, 1.0, 1.0]","[144, 163, 165, 168, 173, 180]"
4044,"[1.0, 1.0, 1.0, 1.0, 1.0, 1.0]","[20, 24, 26, 28, 30, 369]"
4045,"[0.75, 1.0, 1.0, 1.0, 1.0, 1.0]","[13, 929, 1742, 3937, 3938, 4045]"
4046,"[0.75, 0.75, 0.75, 0.75, 1.0, 1.0]","[72, 93, 125, 133, 1840, 4046]"
4047,"[0.75, 0.75, 1.0, 1.0, 1.0, 1.0]","[125, 133, 1841, 1842, 4047, 4048]"
4048,"[0.75, 0.75, 1.0, 1.0, 1.0, 1.0]","[125, 133, 1841, 1842, 4047, 4048]"
4049,"[1.0, 1.0, 1.0, 1.0, 1.0, 1.0]","[319, 1547, 1843, 1847, 1852, 1915]"
4050,"[1.0, 1.0, 1.0, 1.0, 1.0, 1.0]","[1276, 1880, 1882, 3847, 4050, 4051]"
4051,"[1.0, 1.0, 1.0, 1.0, 1.0, 1.0]","[1276, 1880, 1882, 3847, 4050, 4051]"
4052,"[1.0, 1.0, 1.0, 1.0, 1.0, 1.0]","[1350, 1357, 1362, 1770, 3850, 4052]"
4053,"[1.0, 1.0, 1.0, 1.0, 1.0, 1.0]","[1351, 1352, 1358, 1360, 1364, 1365]"
4054,"[1.0, 1.0, 1.0, 1.0, 1.0, 1.0]","[1351, 1352, 1358, 1360, 1364, 1365]"
4055,"[0.75, 0.75, 0.75, 0.75, 1.0, 1.0]","[704, 720, 1305, 1423, 1815, 4055]"
4056,"[1.0, 1.0, 1.0, 1.0, 1.0, 1.0]","[1510, 1591, 1595, 1694, 1783, 1784]"
4057,"[1.0, 1.0, 1.0, 1.0, 1.0, 1.0]","[1635, 1643, 1645, 1649, 1664, 1668]"
4058,"[1.0, 1.0, 1.0, 1.0, 1.0, 1.0]","[1635, 1643, 1645, 1649, 1664, 1668]"
4059,"[1.0, 1.0, 1.0, 1.0, 1.0, 1.0]","[1510, 1591, 1595, 1694, 1783, 1784]"
4060,"[1.0, 1.0, 1.0, 1.0, 1.0, 1.0]","[1635, 1643, 1645, 1649, 1664, 1668]"
4061,"[1.0, 1.0, 1.0, 1.0, 1.0, 1.0]","[1510, 1591, 1595, 1694, 1783, 1784]"
4062,"[1.0, 1.0, 1.0, 1.0, 1.0, 1.0]","[1635, 1643, 1645, 1649, 1664, 1668]"
4063,"[1.0, 1.0, 1.0, 1.0, 1.0, 1.0]","[1528, 1552, 1557, 1560, 1594, 1602]"
4064,"[1.0, 1.0, 1.0, 1.0, 1.0, 1.0]","[1528, 1552, 1557, 1560, 1594, 1602]"
4065,"[1.0, 1.0, 1.0, 1.0, 1.0, 1.0]","[307, 313, 345, 347, 348, 359]"
4066,"[1.0, 1.0, 1.0, 1.0, 1.0, 1.0]","[1635, 1643, 1645, 1649, 1664, 1668]"
4067,"[1.0, 1.0, 1.0, 1.0, 1.0, 1.0]","[1635, 1643, 1645, 1649, 1664, 1668]"
4068,"[1.0, 1.0, 1.0, 1.0, 1.0, 1.0]","[307, 313, 345, 347, 348, 359]"
4069,"[0.75, 0.75, 0.75, 1.0, 1.0, 1.0]","[6, 8, 13, 1829, 3861, 4069]"
4070,"[1.0, 1.0, 1.0, 1.0, 1.0, 1.0]","[307, 313, 345, 347, 348, 359]"
4071,"[1.0, 1.0, 1.0, 1.0, 1.0, 1.0]","[401, 408, 411, 414, 415, 416]"
4072,"[1.0, 1.0, 1.0, 1.0, 1.0, 1.0]","[401, 408, 411, 414, 415, 416]"
4073,"[0.75, 0.75, 1.0, 1.0, 1.0, 1.0]","[143, 145, 1597, 1600, 1833, 4073]"
4074,"[1.0, 1.0, 1.0, 1.0, 1.0, 1.0]","[307, 313, 345, 347, 348, 359]"
4075,"[1.0, 1.0, 1.0, 1.0, 1.0, 1.0]","[307, 313, 345, 347, 348, 359]"
4076,"[1.0, 1.0, 1.0, 1.0, 1.0, 1.0]","[1701, 1722, 1788, 3672, 4076, 4123]"
4077,"[0.75, 0.75, 0.75, 0.75, 1.0, 1.0]","[5, 6, 8, 13, 4077, 4089]"
4078,"[0.75, 0.75, 1.0, 1.0, 1.0, 1.0]","[145, 146, 4078, 4090, 4091, 4097]"
4079,"[0.75, 0.75, 1.0, 1.0, 1.0, 1.0]","[8, 13, 4079, 4081, 4083, 4085]"
4080,"[1.0, 1.0, 1.0, 1.0, 1.0, 1.0]","[20, 24, 26, 28, 30, 369]"
4081,"[0.75, 0.75, 1.0, 1.0, 1.0, 1.0]","[8, 13, 4079, 4081, 4083, 4085]"
4082,"[1.0, 1.0, 1.0, 1.0, 1.0, 1.0]","[20, 24, 26, 28, 30, 369]"
4083,"[0.75, 0.75, 1.0, 1.0, 1.0, 1.0]","[8, 13, 4079, 4081, 4083, 4085]"
4084,"[1.0, 1.0, 1.0, 1.0, 1.0, 1.0]","[20, 24, 26, 28, 30, 369]"
4085,"[0.75, 0.75, 1.0, 1.0, 1.0, 1.0]","[8, 13, 4079, 4081, 4083, 4085]"
4086,"[1.0, 1.0, 1.0, 1.0, 1.0, 1.0]","[20, 24, 26, 28, 30, 369]"
4087,"[0.5, 0.5, 0.5, 0.5, 1.0, 1.0]","[1557, 1560, 1594, 1602, 4087, 4088]"
4088,"[0.5, 0.5, 0.5, 0.5, 1.0, 1.0]","[1557, 1560, 1594, 1602, 4087, 4088]"
4089,"[0.75, 0.75, 0.75, 0.75, 1.0, 1.0]","[5, 6, 8, 13, 4077, 4089]"
4090,"[0.75, 0.75, 1.0, 1.0, 1.0, 1.0]","[145, 146, 4078, 4090, 4091, 4097]"
4091,"[0.75, 0.75, 1.0, 1.0, 1.0, 1.0]","[145, 146, 4078, 4090, 4091, 4097]"
4092,"[1.0, 1.0, 1.0, 1.0, 1.0, 1.0]","[33, 153, 155, 171, 194, 195]"
4093,"[0.75, 0.75, 0.75, 0.75, 0.75, 1.0]","[34, 35, 55, 74, 75, 4093]"
4094,"[1.0, 1.0, 1.0, 1.0, 1.0, 1.0]","[33, 153, 155, 171, 194, 195]"
4095,"[1.0, 1.0, 1.0, 1.0, 1.0, 1.0]","[33, 153, 155, 171, 194, 195]"
4096,"[1.0, 1.0, 1.0, 1.0, 1.0, 1.0]","[33, 153, 155, 171, 194, 195]"
4097,"[0.75, 0.75, 1.0, 1.0, 1.0, 1.0]","[145, 146, 4078, 4090, 4091, 4097]"
4098,"[1.0, 1.0, 1.0, 1.0, 1.0, 1.0]","[33, 153, 155, 171, 194, 195]"
4099,"[1.0, 1.0, 1.0, 1.0, 1.0, 1.0]","[31, 1274, 1277, 1279, 1353, 1361]"
4100,"[1.0, 1.0, 1.0, 1.0, 1.0, 1.0]","[401, 408, 411, 414, 415, 416]"
4101,"[1.0, 1.0, 1.0, 1.0, 1.0, 1.0]","[307, 313, 345, 347, 348, 359]"
4102,"[1.0, 1.0, 1.0, 1.0, 1.0, 1.0]","[401, 408, 411, 414, 415, 416]"
4103,"[1.0, 1.0, 1.0, 1.0, 1.0, 1.0]","[401, 408, 411, 414, 415, 416]"
4104,"[1.0, 1.0, 1.0, 1.0, 1.0, 1.0]","[401, 408, 411, 414, 415, 416]"
4105,"[1.0, 1.0, 1.0, 1.0, 1.0, 1.0]","[401, 408, 411, 414, 415, 416]"
4106,"[1.0, 1.0, 1.0, 1.0, 1.0, 1.0]","[401, 408, 411, 414, 415, 416]"
4107,"[1.0, 1.0, 1.0, 1.0, 1.0, 1.0]","[401, 408, 411, 414, 415, 416]"
4108,"[1.0, 1.0, 1.0, 1.0, 1.0, 1.0]","[401, 408, 411, 414, 415, 416]"
4109,"[1.0, 1.0, 1.0, 1.0, 1.0, 1.0]","[401, 408, 411, 414, 415, 416]"
4110,"[1.0, 1.0, 1.0, 1.0, 1.0, 1.0]","[401, 408, 411, 414, 415, 416]"
4111,"[1.0, 1.0, 1.0, 1.0, 1.0, 1.0]","[401, 408, 411, 414, 415, 416]"
4112,"[1.0, 1.0, 1.0, 1.0, 1.0, 1.0]","[3835, 3978, 4012, 4112, 4117, 4138]"
4113,"[1.0, 1.0, 1.0, 1.0, 1.0, 1.0]","[401, 408, 411, 414, 415, 416]"
4114,"[1.0, 1.0, 1.0, 1.0, 1.0, 1.0]","[401, 408, 411, 414, 415, 416]"
4115,"[1.0, 1.0, 1.0, 1.0, 1.0, 1.0]","[20, 24, 26, 28, 30, 369]"
4116,"[1.0, 1.0, 1.0, 1.0, 1.0, 1.0]","[307, 313, 345, 347, 348, 359]"
4117,"[1.0, 1.0, 1.0, 1.0, 1.0, 1.0]","[3835, 3978, 4012, 4112, 4117, 4138]"
4118,"[1.0, 1.0, 1.0, 1.0, 1.0, 1.0]","[401, 408, 411, 414, 415, 416]"
4119,"[1.0, 1.0, 1.0, 1.0, 1.0, 1.0]","[401, 408, 411, 414, 415, 416]"
4120,"[1.0, 1.0, 1.0, 1.0, 1.0, 1.0]","[20, 24, 26, 28, 30, 369]"
4121,"[1.0, 1.0, 1.0, 1.0, 1.0, 1.0]","[307, 313, 345, 347, 348, 359]"
4122,"[1.0, 1.0, 1.0, 1.0, 1.0, 1.0]","[32, 1700, 1719, 1720, 1747, 1758]"
4123,"[1.0, 1.0, 1.0, 1.0, 1.0, 1.0]","[1701, 1722, 1788, 3672, 4076, 4123]"
4124,"[1.0, 1.0, 1.0, 1.0, 1.0, 1.0]","[32, 1700, 1719, 1720, 1747, 1758]"
4125,"[1.0, 1.0, 1.0, 1.0, 1.0, 1.0]","[307, 313, 345, 347, 348, 359]"
4126,"[1.0, 1.0, 1.0, 1.0, 1.0, 1.0]","[307, 313, 345, 347, 348, 359]"
4127,"[1.0, 1.0, 1.0, 1.0, 1.0, 1.0]","[1273, 1460, 1461, 1462, 1493, 1564]"
4128,"[0.75, 0.75, 1.0, 1.0, 1.0, 1.0]","[8, 13, 4128, 4129, 5462, 5463]"
4129,"[0.75, 0.75, 1.0, 1.0, 1.0, 1.0]","[8, 13, 4128, 4129, 5462, 5463]"
4130,"[1.0, 1.0, 1.0, 1.0, 1.0, 1.0]","[401, 408, 411, 414, 415, 416]"
4131,"[1.0, 1.0, 1.0, 1.0, 1.0, 1.0]","[401, 408, 411, 414, 415, 416]"
4132,"[1.0, 1.0, 1.0, 1.0, 1.0, 1.0]","[401, 408, 411, 414, 415, 416]"
4133,"[1.0, 1.0, 1.0, 1.0, 1.0, 1.0]","[401, 408, 411, 414, 415, 416]"
4134,"[1.0, 1.0, 1.0, 1.0, 1.0, 1.0]","[401, 408, 411, 414, 415, 416]"
4135,"[1.0, 1.0, 1.0, 1.0, 1.0, 1.0]","[401, 408, 411, 414, 415, 416]"
4136,"[1.0, 1.0, 1.0, 1.0, 1.0, 1.0]","[401, 408, 411, 414, 415, 416]"
4137,"[1.0, 1.0, 1.0, 1.0, 1.0, 1.0]","[401, 408, 411, 414, 415, 416]"
4138,"[1.0, 1.0, 1.0, 1.0, 1.0, 1.0]","[3835, 3978, 4012, 4112, 4117, 4138]"
4139,"[1.0, 1.0, 1.0, 1.0, 1.0, 1.0]","[307, 313, 345, 347, 348, 359]"
4140,"[1.0, 1.0, 1.0, 1.0, 1.0, 1.0]","[319, 1547, 1843, 1847, 1852, 1915]"
4141,"[1.0, 1.0, 1.0, 1.0, 1.0, 1.0]","[37, 320, 1844, 1845, 1848, 1854]"
4142,"[0.75, 0.75, 1.0, 1.0, 1.0, 1.0]","[489, 490, 4142, 4250, 5315, 5329]"
4143,"[1.0, 1.0, 1.0, 1.0, 1.0, 1.0]","[307, 313, 345, 347, 348, 359]"
4144,"[1.0, 1.0, 1.0, 1.0, 1.0, 1.0]","[307, 313, 345, 347, 348, 359]"
4145,"[1.0, 1.0, 1.0, 1.0, 1.0, 1.0]","[307, 313, 345, 347, 348, 359]"
4146,"[1.0, 1.0, 1.0, 1.0, 1.0, 1.0]","[32, 1700, 1719, 1720, 1747, 1758]"
4147,"[1.0, 1.0, 1.0, 1.0, 1.0, 1.0]","[32, 1700, 1719, 1720, 1747, 1758]"
4148,"[1.0, 1.0, 1.0, 1.0, 1.0, 1.0]","[307, 313, 345, 347, 348, 359]"
4149,"[1.0, 1.0, 1.0, 1.0, 1.0, 1.0]","[307, 313, 345, 347, 348, 359]"
4150,"[1.0, 1.0, 1.0, 1.0, 1.0, 1.0]","[307, 313, 345, 347, 348, 359]"
4151,"[1.0, 1.0, 1.0, 1.0, 1.0, 1.0]","[307, 313, 345, 347, 348, 359]"
4152,"[0.75, 0.75, 0.75, 1.0, 1.0, 1.0]","[6, 8, 13, 4152, 4156, 4158]"
4153,"[1.0, 1.0, 1.0, 1.0, 1.0, 1.0]","[307, 313, 345, 347, 348, 359]"
4154,"[1.0, 1.0, 1.0, 1.0, 1.0, 1.0]","[307, 313, 345, 347, 348, 359]"
4155,"[1.0, 1.0, 1.0, 1.0, 1.0, 1.0]","[307, 313, 345, 347, 348, 359]"
4156,"[0.75, 0.75, 0.75, 1.0, 1.0, 1.0]","[6, 8, 13, 4152, 4156, 4158]"
4157,"[1.0, 1.0, 1.0, 1.0, 1.0, 1.0]","[307, 313, 345, 347, 348, 359]"
4158,"[0.75, 0.75, 0.75, 1.0, 1.0, 1.0]","[6, 8, 13, 4152, 4156, 4158]"
4159,"[1.0, 1.0, 1.0, 1.0, 1.0, 1.0]","[401, 408, 411, 414, 415, 416]"
4160,"[1.0, 1.0, 1.0, 1.0, 1.0, 1.0]","[401, 408, 411, 414, 415, 416]"
4161,"[1.0, 1.0, 1.0, 1.0, 1.0, 1.0]","[401, 408, 411, 414, 415, 416]"
4162,"[1.0, 1.0, 1.0, 1.0, 1.0, 1.0]","[401, 408, 411, 414, 415, 416]"
4163,"[1.0, 1.0, 1.0, 1.0, 1.0, 1.0]","[401, 408, 411, 414, 415, 416]"
4164,"[1.0, 1.0, 1.0, 1.0, 1.0, 1.0]","[401, 408, 411, 414, 415, 416]"
4165,"[1.0, 1.0, 1.0, 1.0, 1.0, 1.0]","[401, 408, 411, 414, 415, 416]"
4166,"[1.0, 1.0, 1.0, 1.0, 1.0, 1.0]","[401, 408, 411, 414, 415, 416]"
4167,"[1.0, 1.0, 1.0, 1.0, 1.0, 1.0]","[401, 408, 411, 414, 415, 416]"
4168,"[1.0, 1.0, 1.0, 1.0, 1.0, 1.0]","[401, 408, 411, 414, 415, 416]"
4169,"[1.0, 1.0, 1.0, 1.0, 1.0, 1.0]","[401, 408, 411, 414, 415, 416]"
4170,"[1.0, 1.0, 1.0, 1.0, 1.0, 1.0]","[401, 408, 411, 414, 415, 416]"
4171,"[1.0, 1.0, 1.0, 1.0, 1.0, 1.0]","[401, 408, 411, 414, 415, 416]"
4172,"[1.0, 1.0, 1.0, 1.0, 1.0, 1.0]","[401, 408, 411, 414, 415, 416]"
4173,"[1.0, 1.0, 1.0, 1.0, 1.0, 1.0]","[401, 408, 411, 414, 415, 416]"
4174,"[1.0, 1.0, 1.0, 1.0, 1.0, 1.0]","[401, 408, 411, 414, 415, 416]"
4175,"[1.0, 1.0, 1.0, 1.0, 1.0, 1.0]","[401, 408, 411, 414, 415, 416]"
4176,"[1.0, 1.0, 1.0, 1.0, 1.0, 1.0]","[401, 408, 411, 414, 415, 416]"
4177,"[1.0, 1.0, 1.0, 1.0, 1.0, 1.0]","[401, 408, 411, 414, 415, 416]"
4178,"[1.0, 1.0, 1.0, 1.0, 1.0, 1.0]","[401, 408, 411, 414, 415, 416]"
4179,"[1.0, 1.0, 1.0, 1.0, 1.0, 1.0]","[401, 408, 411, 414, 415, 416]"
4180,"[1.0, 1.0, 1.0, 1.0, 1.0, 1.0]","[401, 408, 411, 414, 415, 416]"
4181,"[1.0, 1.0, 1.0, 1.0, 1.0, 1.0]","[307, 313, 345, 347, 348, 359]"
4182,"[1.0, 1.0, 1.0, 1.0, 1.0, 1.0]","[3835, 3978, 4012, 4112, 4117, 4138]"
4183,"[1.0, 1.0, 1.0, 1.0, 1.0, 1.0]","[307, 313, 345, 347, 348, 359]"
4184,"[1.0, 1.0, 1.0, 1.0, 1.0, 1.0]","[307, 313, 345, 347, 348, 359]"
4185,"[1.0, 1.0, 1.0, 1.0, 1.0, 1.0]","[307, 313, 345, 347, 348, 359]"
4186,"[1.0, 1.0, 1.0, 1.0, 1.0, 1.0]","[307, 313, 345, 347, 348, 359]"
4187,"[1.0, 1.0, 1.0, 1.0, 1.0, 1.0]","[307, 313, 345, 347, 348, 359]"
4188,"[1.0, 1.0, 1.0, 1.0, 1.0, 1.0]","[307, 313, 345, 347, 348, 359]"
4189,"[1.0, 1.0, 1.0, 1.0, 1.0, 1.0]","[1859, 1860, 3805, 3806, 4189, 4190]"
4190,"[1.0, 1.0, 1.0, 1.0, 1.0, 1.0]","[1859, 1860, 3805, 3806, 4189, 4190]"
4191,"[1.0, 1.0, 1.0, 1.0, 1.0, 1.0]","[307, 313, 345, 347, 348, 359]"
4192,"[1.0, 1.0, 1.0, 1.0, 1.0, 1.0]","[1862, 1863, 4192, 4193, 5754, 5755]"
4193,"[1.0, 1.0, 1.0, 1.0, 1.0, 1.0]","[1862, 1863, 4192, 4193, 5754, 5755]"
4194,"[1.0, 1.0, 1.0, 1.0, 1.0, 1.0]","[307, 313, 345, 347, 348, 359]"
4195,"[1.0, 1.0, 1.0, 1.0, 1.0, 1.0]","[1865, 1866, 3807, 3808, 4195, 4196]"
4196,"[1.0, 1.0, 1.0, 1.0, 1.0, 1.0]","[1865, 1866, 3807, 3808, 4195, 4196]"
4197,"[1.0, 1.0, 1.0, 1.0, 1.0, 1.0]","[307, 313, 345, 347, 348, 359]"
4198,"[1.0, 1.0, 1.0, 1.0, 1.0, 1.0]","[307, 313, 345, 347, 348, 359]"
4199,"[1.0, 1.0, 1.0, 1.0, 1.0, 1.0]","[1869, 1870, 1871, 4199, 4200, 4201]"
4200,"[1.0, 1.0, 1.0, 1.0, 1.0, 1.0]","[1869, 1870, 1871, 4199, 4200, 4201]"
4201,"[1.0, 1.0, 1.0, 1.0, 1.0, 1.0]","[1869, 1870, 1871, 4199, 4200, 4201]"
4202,"[1.0, 1.0, 1.0, 1.0, 1.0, 1.0]","[307, 313, 345, 347, 348, 359]"
4203,"[1.0, 1.0, 1.0, 1.0, 1.0, 1.0]","[307, 313, 345, 347, 348, 359]"
4204,"[0.75, 0.75, 0.75, 1.0, 1.0, 1.0]","[93, 125, 133, 1874, 4204, 5191]"
4205,"[1.0, 1.0, 1.0, 1.0, 1.0, 1.0]","[307, 313, 345, 347, 348, 359]"
4206,"[1.0, 1.0, 1.0, 1.0, 1.0, 1.0]","[307, 313, 345, 347, 348, 359]"
4207,"[1.0, 1.0, 1.0, 1.0, 1.0, 1.0]","[1605, 1606, 1607, 4207, 4208, 4209]"
4208,"[1.0, 1.0, 1.0, 1.0, 1.0, 1.0]","[1605, 1606, 1607, 4207, 4208, 4209]"
4209,"[1.0, 1.0, 1.0, 1.0, 1.0, 1.0]","[1605, 1606, 1607, 4207, 4208, 4209]"
4210,"[1.0, 1.0, 1.0, 1.0, 1.0, 1.0]","[307, 313, 345, 347, 348, 359]"
4211,"[1.0, 1.0, 1.0, 1.0, 1.0, 1.0]","[307, 313, 345, 347, 348, 359]"
4212,"[1.0, 1.0, 1.0, 1.0, 1.0, 1.0]","[307, 313, 345, 347, 348, 359]"
4213,"[1.0, 1.0, 1.0, 1.0, 1.0, 1.0]","[307, 313, 345, 347, 348, 359]"
4214,"[1.0, 1.0, 1.0, 1.0, 1.0, 1.0]","[307, 313, 345, 347, 348, 359]"
4215,"[0.75, 0.75, 1.0, 1.0, 1.0, 1.0]","[529, 530, 1613, 3809, 4215, 5202]"
4216,"[1.0, 1.0, 1.0, 1.0, 1.0, 1.0]","[307, 313, 345, 347, 348, 359]"
4217,"[1.0, 1.0, 1.0, 1.0, 1.0, 1.0]","[307, 313, 345, 347, 348, 359]"
4218,"[1.0, 1.0, 1.0, 1.0, 1.0, 1.0]","[307, 313, 345, 347, 348, 359]"
4219,"[1.0, 1.0, 1.0, 1.0, 1.0, 1.0]","[307, 313, 345, 347, 348, 359]"
4220,"[1.0, 1.0, 1.0, 1.0, 1.0, 1.0]","[307, 313, 345, 347, 348, 359]"
4221,"[0.75, 0.75, 0.75, 1.0, 1.0, 1.0]","[93, 125, 133, 1619, 4221, 5208]"
4222,"[1.0, 1.0, 1.0, 1.0, 1.0, 1.0]","[307, 313, 345, 347, 348, 359]"
4223,"[1.0, 1.0, 1.0, 1.0, 1.0, 1.0]","[307, 313, 345, 347, 348, 359]"
4224,"[1.0, 1.0, 1.0, 1.0, 1.0, 1.0]","[307, 313, 345, 347, 348, 359]"
4225,"[1.0, 1.0, 1.0, 1.0, 1.0, 1.0]","[307, 313, 345, 347, 348, 359]"
4226,"[1.0, 1.0, 1.0, 1.0, 1.0, 1.0]","[307, 313, 345, 347, 348, 359]"
4227,"[1.0, 1.0, 1.0, 1.0, 1.0, 1.0]","[307, 313, 345, 347, 348, 359]"
4228,"[1.0, 1.0, 1.0, 1.0, 1.0, 1.0]","[1626, 1627, 4228, 4229, 5215, 5216]"
4229,"[1.0, 1.0, 1.0, 1.0, 1.0, 1.0]","[1626, 1627, 4228, 4229, 5215, 5216]"
4230,"[1.0, 1.0, 1.0, 1.0, 1.0, 1.0]","[1628, 1629, 4230, 4231, 5217, 5218]"
4231,"[1.0, 1.0, 1.0, 1.0, 1.0, 1.0]","[1628, 1629, 4230, 4231, 5217, 5218]"
4232,"[1.0000000000000002, 0.6666666666666669, 0.6666666666666669, 0.6666666666666669, 1.0000000000000002, 1.0000000000000002]","[1630, 3721, 3723, 3725, 4232, 5219]"
4233,"[1.0, 1.0, 1.0, 1.0, 1.0, 1.0]","[307, 313, 345, 347, 348, 359]"
4234,"[1.0, 1.0, 1.0, 1.0, 1.0, 1.0]","[1632, 1633, 4234, 4235, 5221, 5222]"
4235,"[1.0, 1.0, 1.0, 1.0, 1.0, 1.0]","[1632, 1633, 4234, 4235, 5221, 5222]"
4236,"[1.0, 1.0, 1.0, 1.0, 1.0, 1.0]","[307, 313, 345, 347, 348, 359]"
4237,"[1.0, 1.0, 1.0, 1.0, 1.0, 1.0]","[1273, 1460, 1461, 1462, 1493, 1564]"
4238,"[0.75, 0.75, 1.0, 1.0, 1.0, 1.0]","[8, 13, 4238, 4239, 5469, 5470]"
4239,"[0.75, 0.75, 1.0, 1.0, 1.0, 1.0]","[8, 13, 4238, 4239, 5469, 5470]"
4240,"[1.0, 1.0, 1.0, 1.0, 1.0, 1.0]","[401, 408, 411, 414, 415, 416]"
4241,"[1.0, 1.0, 1.0, 1.0, 1.0, 1.0]","[401, 408, 411, 414, 415, 416]"
4242,"[1.0, 1.0, 1.0, 1.0, 1.0, 1.0]","[401, 408, 411, 414, 415, 416]"
4243,"[1.0, 1.0, 1.0, 1.0, 1.0, 1.0]","[401, 408, 411, 414, 415, 416]"
4244,"[1.0, 1.0, 1.0, 1.0, 1.0, 1.0]","[401, 408, 411, 414, 415, 416]"
4245,"[1.0, 1.0, 1.0, 1.0, 1.0, 1.0]","[401, 408, 411, 414, 415, 416]"
4246,"[1.0, 1.0, 1.0, 1.0, 1.0, 1.0]","[3835, 3978, 4012, 4112, 4117, 4138]"
4247,"[1.0, 1.0, 1.0, 1.0, 1.0, 1.0]","[307, 313, 345, 347, 348, 359]"
4248,"[1.0, 1.0, 1.0, 1.0, 1.0, 1.0]","[319, 1547, 1843, 1847, 1852, 1915]"
4249,"[1.0, 1.0, 1.0, 1.0, 1.0, 1.0]","[37, 320, 1844, 1845, 1848, 1854]"
4250,"[0.75, 0.75, 1.0, 1.0, 1.0, 1.0]","[489, 490, 4142, 4250, 5315, 5329]"
4251,"[1.0, 1.0, 1.0, 1.0, 1.0, 1.0]","[1701, 1722, 1788, 3672, 4076, 4123]"
4252,"[1.0, 1.0, 1.0, 1.0, 1.0, 1.0]","[689, 1077, 1078, 1080, 1081, 1146]"
4253,"[1.0, 1.0, 1.0, 1.0, 1.0, 1.0]","[1717, 4253, 4514, 4523, 4526, 4595]"
4254,"[1.0, 1.0, 1.0, 1.0, 1.0, 1.0]","[307, 313, 345, 347, 348, 359]"
4255,"[1.0, 1.0, 1.0, 1.0, 1.0, 1.0]","[307, 313, 345, 347, 348, 359]"
4256,"[1.0, 1.0, 1.0, 1.0, 1.0, 1.0]","[31, 1274, 1277, 1279, 1353, 1361]"
4257,"[1.0, 1.0, 1.0, 1.0, 1.0, 1.0]","[401, 408, 411, 414, 415, 416]"
4258,"[1.0, 1.0, 1.0, 1.0, 1.0, 1.0]","[401, 408, 411, 414, 415, 416]"
4259,"[1.0, 1.0, 1.0, 1.0, 1.0, 1.0]","[689, 1077, 1078, 1080, 1081, 1146]"
4260,"[1.0, 1.0, 1.0, 1.0, 1.0, 1.0]","[31, 1274, 1277, 1279, 1353, 1361]"
4261,"[1.0, 1.0, 1.0, 1.0, 1.0, 1.0]","[401, 408, 411, 414, 415, 416]"
4262,"[1.0, 1.0, 1.0, 1.0, 1.0, 1.0]","[401, 408, 411, 414, 415, 416]"
4263,"[1.0, 1.0, 1.0, 1.0, 1.0, 1.0]","[31, 1274, 1277, 1279, 1353, 1361]"
4264,"[1.0, 1.0, 1.0, 1.0, 1.0, 1.0]","[401, 408, 411, 414, 415, 416]"
4265,"[1.0, 1.0, 1.0, 1.0, 1.0, 1.0]","[401, 408, 411, 414, 415, 416]"
4266,"[1.0, 1.0, 1.0, 1.0, 1.0, 1.0]","[4266, 4268, 4285, 4293, 4298, 4300]"
4267,"[1.0, 1.0, 1.0, 1.0, 1.0, 1.0]","[4267, 4269, 4270, 4271, 4272, 4273]"
4268,"[1.0, 1.0, 1.0, 1.0, 1.0, 1.0]","[4266, 4268, 4285, 4293, 4298, 4300]"
4269,"[1.0, 1.0, 1.0, 1.0, 1.0, 1.0]","[4267, 4269, 4270, 4271, 4272, 4273]"
4270,"[1.0, 1.0, 1.0, 1.0, 1.0, 1.0]","[4267, 4269, 4270, 4271, 4272, 4273]"
4271,"[1.0, 1.0, 1.0, 1.0, 1.0, 1.0]","[4267, 4269, 4270, 4271, 4272, 4273]"
4272,"[1.0, 1.0, 1.0, 1.0, 1.0, 1.0]","[4267, 4269, 4270, 4271, 4272, 4273]"
4273,"[1.0, 1.0, 1.0, 1.0, 1.0, 1.0]","[4267, 4269, 4270, 4271, 4272, 4273]"
4274,"[1.0, 1.0, 1.0, 1.0, 1.0, 1.0]","[4267, 4269, 4270, 4271, 4272, 4273]"
4275,"[1.0, 1.0, 1.0, 1.0, 1.0, 1.0]","[4267, 4269, 4270, 4271, 4272, 4273]"
4276,"[1.0, 1.0, 1.0, 1.0, 1.0, 1.0]","[4267, 4269, 4270, 4271, 4272, 4273]"
4277,"[1.0, 1.0, 1.0, 1.0, 1.0, 1.0]","[4267, 4269, 4270, 4271, 4272, 4273]"
4278,"[1.0, 1.0, 1.0, 1.0, 1.0, 1.0]","[4267, 4269, 4270, 4271, 4272, 4273]"
4279,"[1.0, 1.0, 1.0, 1.0, 1.0, 1.0]","[4267, 4269, 4270, 4271, 4272, 4273]"
4280,"[1.0, 1.0, 1.0, 1.0, 1.0, 1.0]","[4267, 4269, 4270, 4271, 4272, 4273]"
4281,"[1.0, 1.0, 1.0, 1.0, 1.0, 1.0]","[4267, 4269, 4270, 4271, 4272, 4273]"
4282,"[1.0, 1.0, 1.0, 1.0, 1.0, 1.0]","[4267, 4269, 4270, 4271, 4272, 4273]"
4283,"[1.0, 1.0, 1.0, 1.0, 1.0, 1.0]","[4267, 4269, 4270, 4271, 4272, 4273]"
4284,"[1.0, 1.0, 1.0, 1.0, 1.0, 1.0]","[4267, 4269, 4270, 4271, 4272, 4273]"
4285,"[1.0, 1.0, 1.0, 1.0, 1.0, 1.0]","[4266, 4268, 4285, 4293, 4298, 4300]"
4286,"[0.75, 0.75, 0.75, 0.75, 1.0, 1.0]","[72, 93, 125, 133, 4286, 4288]"
4287,"[1.0, 1.0, 1.0, 1.0, 1.0, 1.0]","[452, 453, 454, 455, 456, 457]"
4288,"[0.75, 0.75, 0.75, 0.75, 1.0, 1.0]","[72, 93, 125, 133, 4286, 4288]"
4289,"[1.0, 1.0, 1.0, 1.0, 1.0, 1.0]","[4267, 4269, 4270, 4271, 4272, 4273]"
4290,"[1.0, 1.0, 1.0, 1.0, 1.0, 1.0]","[4267, 4269, 4270, 4271, 4272, 4273]"
4291,"[1.0, 1.0, 1.0, 1.0, 1.0, 1.0]","[4267, 4269, 4270, 4271, 4272, 4273]"
4292,"[1.0, 1.0, 1.0, 1.0, 1.0, 1.0]","[4267, 4269, 4270, 4271, 4272, 4273]"
4293,"[1.0, 1.0, 1.0, 1.0, 1.0, 1.0]","[4266, 4268, 4285, 4293, 4298, 4300]"
4294,"[1.0, 1.0, 1.0, 1.0, 1.0, 1.0]","[4267, 4269, 4270, 4271, 4272, 4273]"
4295,"[1.0, 1.0, 1.0, 1.0, 1.0, 1.0]","[4267, 4269, 4270, 4271, 4272, 4273]"
4296,"[1.0, 1.0, 1.0, 1.0, 1.0, 1.0]","[4267, 4269, 4270, 4271, 4272, 4273]"
4297,"[1.0, 1.0, 1.0, 1.0, 1.0, 1.0]","[4267, 4269, 4270, 4271, 4272, 4273]"
4298,"[1.0, 1.0, 1.0, 1.0, 1.0, 1.0]","[4266, 4268, 4285, 4293, 4298, 4300]"
4299,"[1.0, 1.0, 1.0, 1.0, 1.0, 1.0]","[4267, 4269, 4270, 4271, 4272, 4273]"
4300,"[1.0, 1.0, 1.0, 1.0, 1.0, 1.0]","[4266, 4268, 4285, 4293, 4298, 4300]"
4301,"[1.0, 1.0, 1.0, 1.0, 1.0, 1.0]","[4267, 4269, 4270, 4271, 4272, 4273]"
4302,"[1.0, 1.0, 1.0, 1.0, 1.0, 1.0]","[4267, 4269, 4270, 4271, 4272, 4273]"
4303,"[1.0, 1.0, 1.0, 1.0, 1.0, 1.0]","[4267, 4269, 4270, 4271, 4272, 4273]"
4304,"[1.0, 1.0, 1.0, 1.0, 1.0, 1.0]","[4267, 4269, 4270, 4271, 4272, 4273]"
4305,"[1.0, 1.0, 1.0, 1.0, 1.0, 1.0]","[4267, 4269, 4270, 4271, 4272, 4273]"
4306,"[1.0, 1.0, 1.0, 1.0, 1.0, 1.0]","[4267, 4269, 4270, 4271, 4272, 4273]"
4307,"[1.0, 1.0, 1.0, 1.0, 1.0, 1.0]","[4267, 4269, 4270, 4271, 4272, 4273]"
4308,"[1.0, 1.0, 1.0, 1.0, 1.0, 1.0]","[4267, 4269, 4270, 4271, 4272, 4273]"
4309,"[1.0, 1.0, 1.0, 1.0, 1.0, 1.0]","[4267, 4269, 4270, 4271, 4272, 4273]"
4310,"[1.0, 1.0, 1.0, 1.0, 1.0, 1.0]","[4267, 4269, 4270, 4271, 4272, 4273]"
4311,"[1.0, 1.0, 1.0, 1.0, 1.0, 1.0]","[4267, 4269, 4270, 4271, 4272, 4273]"
4312,"[1.0, 1.0, 1.0, 1.0, 1.0, 1.0]","[4267, 4269, 4270, 4271, 4272, 4273]"
4313,"[1.0, 1.0, 1.0, 1.0, 1.0, 1.0]","[4267, 4269, 4270, 4271, 4272, 4273]"
4314,"[1.0, 1.0, 1.0, 1.0, 1.0, 1.0]","[4267, 4269, 4270, 4271, 4272, 4273]"
4315,"[1.0, 1.0, 1.0, 1.0, 1.0, 1.0]","[4267, 4269, 4270, 4271, 4272, 4273]"
4316,"[1.0, 1.0, 1.0, 1.0, 1.0, 1.0]","[1525, 1526, 1529, 1536, 1545, 1558]"
4317,"[0.75, 0.75, 0.75, 1.0, 1.0, 1.0]","[61, 145, 146, 4317, 4350, 4386]"
4318,"[1.0, 1.0, 1.0, 1.0, 1.0, 1.0]","[4267, 4269, 4270, 4271, 4272, 4273]"
4319,"[1.0, 1.0, 1.0, 1.0, 1.0, 1.0]","[4267, 4269, 4270, 4271, 4272, 4273]"
4320,"[1.0, 1.0, 1.0, 1.0, 1.0, 1.0]","[4267, 4269, 4270, 4271, 4272, 4273]"
4321,"[1.0, 1.0, 1.0, 1.0, 1.0, 1.0]","[4266, 4268, 4285, 4293, 4298, 4300]"
4322,"[1.0, 1.0, 1.0, 1.0, 1.0, 1.0]","[4267, 4269, 4270, 4271, 4272, 4273]"
4323,"[1.0, 1.0, 1.0, 1.0, 1.0, 1.0]","[4267, 4269, 4270, 4271, 4272, 4273]"
4324,"[1.0, 1.0, 1.0, 1.0, 1.0, 1.0]","[4267, 4269, 4270, 4271, 4272, 4273]"
4325,"[1.0, 1.0, 1.0, 1.0, 1.0, 1.0]","[4267, 4269, 4270, 4271, 4272, 4273]"
4326,"[1.0, 1.0, 1.0, 1.0, 1.0, 1.0]","[4266, 4268, 4285, 4293, 4298, 4300]"
4327,"[1.0, 1.0, 1.0, 1.0, 1.0, 1.0]","[4267, 4269, 4270, 4271, 4272, 4273]"
4328,"[1.0, 1.0, 1.0, 1.0, 1.0, 1.0]","[4267, 4269, 4270, 4271, 4272, 4273]"
4329,"[1.0, 1.0, 1.0, 1.0, 1.0, 1.0]","[4267, 4269, 4270, 4271, 4272, 4273]"
4330,"[1.0, 1.0, 1.0, 1.0, 1.0, 1.0]","[4267, 4269, 4270, 4271, 4272, 4273]"
4331,"[1.0, 1.0, 1.0, 1.0, 1.0, 1.0]","[4266, 4268, 4285, 4293, 4298, 4300]"
4332,"[1.0, 1.0, 1.0, 1.0, 1.0, 1.0]","[4267, 4269, 4270, 4271, 4272, 4273]"
4333,"[1.0, 1.0, 1.0, 1.0, 1.0, 1.0]","[4266, 4268, 4285, 4293, 4298, 4300]"
4334,"[1.0, 1.0, 1.0, 1.0, 1.0, 1.0]","[4267, 4269, 4270, 4271, 4272, 4273]"
4335,"[1.0, 1.0, 1.0, 1.0, 1.0, 1.0]","[4267, 4269, 4270, 4271, 4272, 4273]"
4336,"[1.0, 1.0, 1.0, 1.0, 1.0, 1.0]","[4267, 4269, 4270, 4271, 4272, 4273]"
4337,"[1.0, 1.0, 1.0, 1.0, 1.0, 1.0]","[4267, 4269, 4270, 4271, 4272, 4273]"
4338,"[1.0, 1.0, 1.0, 1.0, 1.0, 1.0]","[4267, 4269, 4270, 4271, 4272, 4273]"
4339,"[1.0, 1.0, 1.0, 1.0, 1.0, 1.0]","[4267, 4269, 4270, 4271, 4272, 4273]"
4340,"[1.0, 1.0, 1.0, 1.0, 1.0, 1.0]","[4267, 4269, 4270, 4271, 4272, 4273]"
4341,"[1.0, 1.0, 1.0, 1.0, 1.0, 1.0]","[4267, 4269, 4270, 4271, 4272, 4273]"
4342,"[1.0, 1.0, 1.0, 1.0, 1.0, 1.0]","[4267, 4269, 4270, 4271, 4272, 4273]"
4343,"[1.0, 1.0, 1.0, 1.0, 1.0, 1.0]","[4267, 4269, 4270, 4271, 4272, 4273]"
4344,"[1.0, 1.0, 1.0, 1.0, 1.0, 1.0]","[4267, 4269, 4270, 4271, 4272, 4273]"
4345,"[1.0, 1.0, 1.0, 1.0, 1.0, 1.0]","[4267, 4269, 4270, 4271, 4272, 4273]"
4346,"[1.0, 1.0, 1.0, 1.0, 1.0, 1.0]","[4267, 4269, 4270, 4271, 4272, 4273]"
4347,"[1.0, 1.0, 1.0, 1.0, 1.0, 1.0]","[4267, 4269, 4270, 4271, 4272, 4273]"
4348,"[1.0, 1.0, 1.0, 1.0, 1.0, 1.0]","[4267, 4269, 4270, 4271, 4272, 4273]"
4349,"[1.0, 1.0, 1.0, 1.0, 1.0, 1.0]","[32, 1700, 1719, 1720, 1747, 1758]"
4350,"[0.75, 0.75, 0.75, 1.0, 1.0, 1.0]","[61, 145, 146, 4317, 4350, 4386]"
4351,"[1.0, 1.0, 1.0, 1.0, 1.0, 1.0]","[4267, 4269, 4270, 4271, 4272, 4273]"
4352,"[1.0, 1.0, 1.0, 1.0, 1.0, 1.0]","[4267, 4269, 4270, 4271, 4272, 4273]"
4353,"[1.0, 1.0, 1.0, 1.0, 1.0, 1.0]","[4267, 4269, 4270, 4271, 4272, 4273]"
4354,"[1.0, 1.0, 1.0, 1.0, 1.0, 1.0]","[4266, 4268, 4285, 4293, 4298, 4300]"
4355,"[1.0, 1.0, 1.0, 1.0, 1.0, 1.0]","[4267, 4269, 4270, 4271, 4272, 4273]"
4356,"[1.0, 1.0, 1.0, 1.0, 1.0, 1.0]","[4267, 4269, 4270, 4271, 4272, 4273]"
4357,"[1.0, 1.0, 1.0, 1.0, 1.0, 1.0]","[4267, 4269, 4270, 4271, 4272, 4273]"
4358,"[1.0, 1.0, 1.0, 1.0, 1.0, 1.0]","[4267, 4269, 4270, 4271, 4272, 4273]"
4359,"[1.0, 1.0, 1.0, 1.0, 1.0, 1.0]","[4266, 4268, 4285, 4293, 4298, 4300]"
4360,"[1.0, 1.0, 1.0, 1.0, 1.0, 1.0]","[4267, 4269, 4270, 4271, 4272, 4273]"
4361,"[1.0, 1.0, 1.0, 1.0, 1.0, 1.0]","[4267, 4269, 4270, 4271, 4272, 4273]"
4362,"[1.0, 1.0, 1.0, 1.0, 1.0, 1.0]","[4267, 4269, 4270, 4271, 4272, 4273]"
4363,"[1.0, 1.0, 1.0, 1.0, 1.0, 1.0]","[4267, 4269, 4270, 4271, 4272, 4273]"
4364,"[1.0, 1.0, 1.0, 1.0, 1.0, 1.0]","[4266, 4268, 4285, 4293, 4298, 4300]"
4365,"[1.0, 1.0, 1.0, 1.0, 1.0, 1.0]","[4267, 4269, 4270, 4271, 4272, 4273]"
4366,"[1.0, 1.0, 1.0, 1.0, 1.0, 1.0]","[4266, 4268, 4285, 4293, 4298, 4300]"
4367,"[1.0, 1.0, 1.0, 1.0, 1.0, 1.0]","[4267, 4269, 4270, 4271, 4272, 4273]"
4368,"[1.0, 1.0, 1.0, 1.0, 1.0, 1.0]","[4267, 4269, 4270, 4271, 4272, 4273]"
4369,"[1.0, 1.0, 1.0, 1.0, 1.0, 1.0]","[4267, 4269, 4270, 4271, 4272, 4273]"
4370,"[1.0, 1.0, 0.75, 1.0, 1.0, 1.0]","[3165, 4370, 4386, 6697, 6739, 6777]"
4371,"[1.0, 1.0, 1.0, 1.0, 1.0, 1.0]","[4267, 4269, 4270, 4271, 4272, 4273]"
4372,"[1.0, 1.0, 1.0, 1.0, 1.0, 1.0]","[4267, 4269, 4270, 4271, 4272, 4273]"
4373,"[1.0, 1.0, 1.0, 1.0, 1.0, 1.0]","[4267, 4269, 4270, 4271, 4272, 4273]"
4374,"[1.0, 1.0, 1.0, 1.0, 1.0, 1.0]","[4267, 4269, 4270, 4271, 4272, 4273]"
4375,"[1.0, 1.0, 1.0, 1.0, 1.0, 1.0]","[4267, 4269, 4270, 4271, 4272, 4273]"
4376,"[1.0, 1.0, 1.0, 1.0, 1.0, 1.0]","[4267, 4269, 4270, 4271, 4272, 4273]"
4377,"[1.0, 1.0, 1.0, 1.0, 1.0, 1.0]","[4267, 4269, 4270, 4271, 4272, 4273]"
4378,"[1.0, 1.0, 1.0, 1.0, 1.0, 1.0]","[4267, 4269, 4270, 4271, 4272, 4273]"
4379,"[1.0, 1.0, 1.0, 1.0, 1.0, 1.0]","[4267, 4269, 4270, 4271, 4272, 4273]"
4380,"[1.0, 1.0, 1.0, 1.0, 1.0, 1.0]","[4267, 4269, 4270, 4271, 4272, 4273]"
4381,"[1.0, 1.0, 1.0, 1.0, 1.0, 1.0]","[4267, 4269, 4270, 4271, 4272, 4273]"
4382,"[1.0, 1.0, 1.0, 1.0, 1.0, 1.0]","[4267, 4269, 4270, 4271, 4272, 4273]"
4383,"[1.0, 1.0, 1.0, 1.0, 1.0, 1.0]","[4267, 4269, 4270, 4271, 4272, 4273]"
4384,"[0.75, 0.75, 0.75, 1.0, 1.0, 1.0]","[930, 1273, 1276, 1929, 1931, 4384]"
4385,"[1.0, 1.0, 1.0, 1.0, 1.0, 1.0]","[1982, 2030, 2442, 2444, 2446, 2448]"
4386,"[0.75, 0.75, 0.75, 1.0, 1.0, 1.0]","[61, 145, 146, 4317, 4350, 4386]"
4387,"[1.0, 1.0, 1.0, 1.0, 1.0, 1.0]","[4267, 4269, 4270, 4271, 4272, 4273]"
4388,"[1.0, 1.0, 1.0, 1.0, 1.0, 1.0]","[4267, 4269, 4270, 4271, 4272, 4273]"
4389,"[1.0, 1.0, 1.0, 1.0, 1.0, 1.0]","[4266, 4268, 4285, 4293, 4298, 4300]"
4390,"[1.0, 1.0, 1.0, 1.0, 1.0, 1.0]","[4267, 4269, 4270, 4271, 4272, 4273]"
4391,"[1.0, 1.0, 1.0, 1.0, 1.0, 1.0]","[4267, 4269, 4270, 4271, 4272, 4273]"
4392,"[1.0, 1.0, 1.0, 1.0, 1.0, 1.0]","[4267, 4269, 4270, 4271, 4272, 4273]"
4393,"[1.0, 1.0, 1.0, 1.0, 1.0, 1.0]","[4267, 4269, 4270, 4271, 4272, 4273]"
4394,"[1.0, 1.0, 1.0, 1.0, 1.0, 1.0]","[4267, 4269, 4270, 4271, 4272, 4273]"
4395,"[1.0, 1.0, 1.0, 1.0, 1.0, 1.0]","[4266, 4268, 4285, 4293, 4298, 4300]"
4396,"[1.0, 1.0, 1.0, 1.0, 1.0, 1.0]","[4267, 4269, 4270, 4271, 4272, 4273]"
4397,"[1.0, 1.0, 1.0, 1.0, 1.0, 1.0]","[4267, 4269, 4270, 4271, 4272, 4273]"
4398,"[1.0, 1.0, 1.0, 1.0, 1.0, 1.0]","[4267, 4269, 4270, 4271, 4272, 4273]"
4399,"[1.0, 1.0, 1.0, 1.0, 1.0, 1.0]","[4267, 4269, 4270, 4271, 4272, 4273]"
4400,"[1.0, 1.0, 1.0, 1.0, 1.0, 1.0]","[32, 1700, 1719, 1720, 1747, 1758]"
4401,"[1.0, 1.0, 1.0, 1.0, 1.0, 1.0]","[1701, 1722, 1788, 3672, 4076, 4123]"
4402,"[1.0, 1.0, 1.0, 1.0, 1.0, 1.0]","[401, 408, 411, 414, 415, 416]"
4403,"[1.0, 1.0, 1.0, 1.0, 1.0, 1.0]","[401, 408, 411, 414, 415, 416]"
4404,"[1.0, 1.0, 1.0, 1.0, 1.0, 1.0]","[401, 408, 411, 414, 415, 416]"
4405,"[1.0, 1.0, 1.0, 1.0, 1.0, 1.0]","[401, 408, 411, 414, 415, 416]"
4406,"[1.0, 1.0, 1.0, 1.0, 1.0, 1.0]","[401, 408, 411, 414, 415, 416]"
4407,"[1.0, 1.0, 1.0, 1.0, 1.0, 1.0]","[401, 408, 411, 414, 415, 416]"
4408,"[1.0, 1.0, 1.0, 1.0, 1.0, 1.0]","[401, 408, 411, 414, 415, 416]"
4409,"[1.0, 1.0, 1.0, 1.0, 1.0, 1.0]","[401, 408, 411, 414, 415, 416]"
4410,"[1.0, 1.0, 1.0, 1.0, 1.0, 1.0]","[401, 408, 411, 414, 415, 416]"
4411,"[1.0, 1.0, 1.0, 1.0, 1.0, 1.0]","[401, 408, 411, 414, 415, 416]"
4412,"[1.0, 1.0, 1.0, 1.0, 1.0, 1.0]","[401, 408, 411, 414, 415, 416]"
4413,"[1.0, 1.0, 1.0, 1.0, 1.0, 1.0]","[401, 408, 411, 414, 415, 416]"
4414,"[1.0, 1.0, 1.0, 1.0, 1.0, 1.0]","[401, 408, 411, 414, 415, 416]"
4415,"[1.0, 1.0, 1.0, 1.0, 1.0, 1.0]","[401, 408, 411, 414, 415, 416]"
4416,"[1.0, 1.0, 1.0, 1.0, 1.0, 1.0]","[401, 408, 411, 414, 415, 416]"
4417,"[1.0, 1.0, 1.0, 1.0, 1.0, 1.0]","[401, 408, 411, 414, 415, 416]"
4418,"[1.0, 1.0, 1.0, 1.0, 1.0, 1.0]","[307, 313, 345, 347, 348, 359]"
4419,"[1.0, 1.0, 1.0, 1.0, 1.0, 1.0]","[307, 313, 345, 347, 348, 359]"
4420,"[1.0, 1.0, 1.0, 1.0, 1.0, 1.0]","[1704, 1706, 1709, 3480, 3536, 3575]"
4421,"[1.0, 1.0, 1.0, 1.0, 1.0, 1.0]","[3835, 3978, 4012, 4112, 4117, 4138]"
4422,"[1.0, 1.0, 1.0, 1.0, 1.0, 1.0]","[401, 408, 411, 414, 415, 416]"
4423,"[1.0, 1.0, 1.0, 1.0, 1.0, 1.0]","[401, 408, 411, 414, 415, 416]"
4424,"[1.0, 1.0, 1.0, 1.0, 1.0, 1.0]","[1704, 1706, 1709, 3480, 3536, 3575]"
4425,"[1.0, 1.0, 1.0, 1.0, 1.0, 1.0]","[307, 313, 345, 347, 348, 359]"
4426,"[1.0, 1.0, 1.0, 1.0, 1.0, 1.0]","[307, 313, 345, 347, 348, 359]"
4427,"[0.5, 1.0, 1.0, 1.0, 0.75, 1.0]","[5, 1517, 1521, 1697, 2146, 4427]"
4428,"[1.0, 1.0, 1.0, 1.0, 1.0, 1.0]","[307, 313, 345, 347, 348, 359]"
4429,"[0.75, 0.75, 0.75, 1.0, 1.0, 1.0]","[93, 125, 133, 4429, 4430, 4431]"
4430,"[0.75, 0.75, 0.75, 1.0, 1.0, 1.0]","[93, 125, 133, 4429, 4430, 4431]"
4431,"[0.75, 0.75, 0.75, 1.0, 1.0, 1.0]","[93, 125, 133, 4429, 4430, 4431]"
4432,"[0.75, 0.75, 0.75, 0.75, 0.75, 1.0]","[495, 496, 498, 529, 530, 4432]"
4433,"[0.75, 0.75, 0.75, 1.0, 1.0, 1.0]","[93, 125, 133, 4433, 4434, 4435]"
4434,"[0.75, 0.75, 0.75, 1.0, 1.0, 1.0]","[93, 125, 133, 4433, 4434, 4435]"
4435,"[0.75, 0.75, 0.75, 1.0, 1.0, 1.0]","[93, 125, 133, 4433, 4434, 4435]"
4436,"[0.75, 0.75, 0.75, 0.75, 0.75, 1.0]","[70, 72, 93, 125, 133, 4436]"
4437,"[0.75, 0.75, 0.75, 0.75, 0.75, 1.0]","[495, 496, 498, 529, 530, 4437]"
4438,"[0.75, 0.75, 0.75, 0.75, 0.75, 1.0]","[70, 72, 93, 125, 133, 4438]"
4439,"[0.75, 0.75, 0.75, 0.75, 0.75, 1.0]","[35, 47, 55, 58, 97, 4439]"
4440,"[1.0, 1.0, 1.0, 1.0, 1.0, 1.0]","[31, 1274, 1277, 1279, 1353, 1361]"
4441,"[1.0000000000000002, 1.0000000000000002, 1.0000000000000002, 1.0000000000000002, 1.0000000000000002, 1.0000000000000002]","[14, 3703, 3721, 3723, 3725, 3731]"
4442,"[1.0, 1.0, 1.0, 1.0, 1.0, 1.0]","[31, 1274, 1277, 1279, 1353, 1361]"
4443,"[1.0, 1.0, 1.0, 1.0, 1.0, 1.0]","[34, 202, 318, 349, 398, 409]"
4444,"[0.75, 0.75, 0.75, 0.75, 1.0, 1.0]","[72, 93, 125, 133, 4444, 4445]"
4445,"[0.75, 0.75, 0.75, 0.75, 1.0, 1.0]","[72, 93, 125, 133, 4444, 4445]"
4446,"[1.0, 1.0, 1.0, 1.0, 1.0, 1.0]","[145, 146, 154, 303, 338, 381]"
4447,"[0.75, 0.75, 0.75, 0.75, 1.0, 1.0]","[72, 93, 125, 133, 4447, 4448]"
4448,"[0.75, 0.75, 0.75, 0.75, 1.0, 1.0]","[72, 93, 125, 133, 4447, 4448]"
4449,"[0.5, 0.5, 0.5, 0.5, 0.5, 1.0]","[2476, 2478, 2479, 4447, 4448, 4449]"
4450,"[0.75, 0.75, 0.75, 0.75, 1.0, 1.0]","[72, 93, 125, 133, 4450, 4451]"
4451,"[0.75, 0.75, 0.75, 0.75, 1.0, 1.0]","[72, 93, 125, 133, 4450, 4451]"
4452,"[1.0, 1.0, 1.0, 1.0, 1.0, 1.0]","[35, 55, 323, 742, 1169, 1302]"
4453,"[1.0, 1.0, 1.0, 1.0, 1.0, 1.0]","[4453, 4496, 4497, 4548, 4574, 4579]"
4454,"[1.0, 1.0, 1.0, 1.0, 1.0, 1.0]","[20, 24, 26, 28, 30, 369]"
4455,"[1.0, 1.0, 1.0, 1.0, 1.0, 1.0]","[4455, 4457, 4459, 4461, 4463, 4465]"
4456,"[1.0, 1.0, 1.0, 1.0, 1.0, 1.0]","[20, 24, 26, 28, 30, 369]"
4457,"[1.0, 1.0, 1.0, 1.0, 1.0, 1.0]","[4455, 4457, 4459, 4461, 4463, 4465]"
4458,"[1.0000000000000002, 1.0000000000000002, 1.0000000000000002, 1.0000000000000002, 1.0000000000000002, 1.0000000000000002]","[14, 3703, 3721, 3723, 3725, 3731]"
4459,"[1.0, 1.0, 1.0, 1.0, 1.0, 1.0]","[4455, 4457, 4459, 4461, 4463, 4465]"
4460,"[1.0000000000000002, 1.0000000000000002, 1.0000000000000002, 1.0000000000000002, 1.0000000000000002, 1.0000000000000002]","[14, 3703, 3721, 3723, 3725, 3731]"
4461,"[1.0, 1.0, 1.0, 1.0, 1.0, 1.0]","[4455, 4457, 4459, 4461, 4463, 4465]"
4462,"[1.0000000000000002, 1.0000000000000002, 1.0000000000000002, 1.0000000000000002, 1.0000000000000002, 1.0000000000000002]","[14, 3703, 3721, 3723, 3725, 3731]"
4463,"[1.0, 1.0, 1.0, 1.0, 1.0, 1.0]","[4455, 4457, 4459, 4461, 4463, 4465]"
4464,"[1.0000000000000002, 1.0000000000000002, 1.0000000000000002, 1.0000000000000002, 1.0000000000000002, 1.0000000000000002]","[14, 3703, 3721, 3723, 3725, 3731]"
4465,"[1.0, 1.0, 1.0, 1.0, 1.0, 1.0]","[4455, 4457, 4459, 4461, 4463, 4465]"
4466,"[1.0, 1.0, 1.0, 1.0, 1.0, 1.0]","[20, 24, 26, 28, 30, 369]"
4467,"[1.0, 1.0, 1.0, 1.0, 1.0, 1.0]","[4455, 4457, 4459, 4461, 4463, 4465]"
4468,"[1.0000000000000002, 1.0000000000000002, 1.0000000000000002, 1.0000000000000002, 1.0000000000000002, 1.0000000000000002]","[14, 3703, 3721, 3723, 3725, 3731]"
4469,"[1.0, 1.0, 1.0, 1.0, 1.0, 1.0]","[4455, 4457, 4459, 4461, 4463, 4465]"
4470,"[1.0000000000000002, 1.0000000000000002, 1.0000000000000002, 1.0000000000000002, 1.0000000000000002, 1.0000000000000002]","[14, 3703, 3721, 3723, 3725, 3731]"
4471,"[1.0, 1.0, 1.0, 1.0, 1.0, 1.0]","[4455, 4457, 4459, 4461, 4463, 4465]"
4472,"[1.0000000000000002, 1.0000000000000002, 1.0000000000000002, 1.0000000000000002, 1.0000000000000002, 1.0000000000000002]","[14, 3703, 3721, 3723, 3725, 3731]"
4473,"[1.0, 1.0, 1.0, 1.0, 1.0, 1.0]","[4455, 4457, 4459, 4461, 4463, 4465]"
4474,"[1.0000000000000002, 1.0000000000000002, 1.0000000000000002, 1.0000000000000002, 1.0000000000000002, 1.0000000000000002]","[14, 3703, 3721, 3723, 3725, 3731]"
4475,"[1.0, 1.0, 1.0, 1.0, 1.0, 1.0]","[4455, 4457, 4459, 4461, 4463, 4465]"
4476,"[1.0, 1.0, 1.0, 1.0, 1.0, 1.0]","[147, 157, 158, 159, 247, 248]"
4477,"[1.0000000000000002, 1.0000000000000002, 1.0000000000000002, 1.0000000000000002, 1.0000000000000002, 1.0000000000000002]","[14, 3703, 3721, 3723, 3725, 3731]"
4478,"[1.0, 1.0, 1.0, 1.0, 1.0, 1.0]","[4455, 4457, 4459, 4461, 4463, 4465]"
4479,"[1.0000000000000002, 1.0000000000000002, 1.0000000000000002, 1.0000000000000002, 1.0000000000000002, 1.0000000000000002]","[14, 3703, 3721, 3723, 3725, 3731]"
4480,"[1.0, 1.0, 1.0, 1.0, 1.0, 1.0]","[4455, 4457, 4459, 4461, 4463, 4465]"
4481,"[1.0000000000000002, 1.0000000000000002, 1.0000000000000002, 1.0000000000000002, 1.0000000000000002, 1.0000000000000002]","[14, 3703, 3721, 3723, 3725, 3731]"
4482,"[1.0, 1.0, 1.0, 1.0, 1.0, 1.0]","[4455, 4457, 4459, 4461, 4463, 4465]"
4483,"[1.0000000000000002, 1.0000000000000002, 1.0000000000000002, 1.0000000000000002, 1.0000000000000002, 1.0000000000000002]","[14, 3703, 3721, 3723, 3725, 3731]"
4484,"[1.0, 1.0, 1.0, 1.0, 1.0, 1.0]","[4455, 4457, 4459, 4461, 4463, 4465]"
4485,"[1.0000000000000002, 1.0000000000000002, 1.0000000000000002, 1.0000000000000002, 1.0000000000000002, 1.0000000000000002]","[14, 3703, 3721, 3723, 3725, 3731]"
4486,"[1.0, 1.0, 1.0, 1.0, 1.0, 1.0]","[4455, 4457, 4459, 4461, 4463, 4465]"
4487,"[1.0000000000000002, 1.0000000000000002, 1.0000000000000002, 1.0000000000000002, 1.0000000000000002, 1.0000000000000002]","[14, 3703, 3721, 3723, 3725, 3731]"
4488,"[1.0, 1.0, 1.0, 1.0, 1.0, 1.0]","[4455, 4457, 4459, 4461, 4463, 4465]"
4489,"[1.0000000000000002, 1.0000000000000002, 1.0000000000000002, 1.0000000000000002, 1.0000000000000002, 1.0000000000000002]","[14, 3703, 3721, 3723, 3725, 3731]"
4490,"[1.0, 1.0, 1.0, 1.0, 1.0, 1.0]","[4455, 4457, 4459, 4461, 4463, 4465]"
4491,"[1.0000000000000002, 1.0000000000000002, 1.0000000000000002, 1.0000000000000002, 1.0000000000000002, 1.0000000000000002]","[14, 3703, 3721, 3723, 3725, 3731]"
4492,"[1.0, 1.0, 1.0, 1.0, 1.0, 1.0]","[4455, 4457, 4459, 4461, 4463, 4465]"
4493,"[1.0, 1.0, 1.0, 1.0, 1.0, 1.0]","[20, 24, 26, 28, 30, 369]"
4494,"[1.0, 1.0, 1.0, 1.0, 1.0, 1.0]","[4455, 4457, 4459, 4461, 4463, 4465]"
4495,"[0.75, 1.0, 1.0, 1.0, 1.0, 1.0]","[145, 4495, 4732, 4739, 4751, 4843]"
4496,"[1.0, 1.0, 1.0, 1.0, 1.0, 1.0]","[4453, 4496, 4497, 4548, 4574, 4579]"
4497,"[1.0, 1.0, 1.0, 1.0, 1.0, 1.0]","[4453, 4496, 4497, 4548, 4574, 4579]"
4498,"[0.75, 0.75, 0.75, 0.75, 0.75, 1.0]","[70, 72, 93, 125, 133, 4498]"
4499,"[0.75, 0.75, 0.75, 0.75, 1.0, 1.0]","[72, 93, 125, 133, 4499, 4502]"
4500,"[0.75, 0.75, 1.0, 1.0, 1.0, 1.0]","[58, 97, 4500, 4501, 4503, 4506]"
4501,"[0.75, 0.75, 1.0, 1.0, 1.0, 1.0]","[58, 97, 4500, 4501, 4503, 4506]"
4502,"[0.75, 0.75, 0.75, 0.75, 1.0, 1.0]","[72, 93, 125, 133, 4499, 4502]"
4503,"[0.75, 0.75, 1.0, 1.0, 1.0, 1.0]","[58, 97, 4500, 4501, 4503, 4506]"
4504,"[1.0, 1.0, 1.0, 1.0, 1.0, 1.0]","[33, 153, 155, 171, 194, 195]"
4505,"[1.0, 1.0, 1.0, 1.0, 1.0, 1.0]","[33, 153, 155, 171, 194, 195]"
4506,"[0.75, 0.75, 1.0, 1.0, 1.0, 1.0]","[58, 97, 4500, 4501, 4503, 4506]"
4507,"[1.0, 1.0, 1.0, 1.0, 1.0, 1.0]","[34, 202, 318, 349, 398, 409]"
4508,"[1.0, 1.0, 1.0, 1.0, 1.0, 1.0]","[144, 163, 165, 168, 173, 180]"
4509,"[0.8164965809277261, 0.8164965809277261, 0.8164965809277261, 0.8333333333333335, 1.0000000000000002, 0.8333333333333335]","[168, 173, 180, 3729, 4509, 6888]"
4510,"[1.0, 1.0, 1.0, 1.0, 1.0, 1.0]","[4455, 4457, 4459, 4461, 4463, 4465]"
4511,"[1.0, 1.0, 1.0, 1.0, 1.0, 1.0]","[78, 79, 1897, 2048, 4511, 4742]"
4512,"[1.0, 1.0, 1.0, 1.0, 1.0, 1.0]","[34, 202, 318, 349, 398, 409]"
4513,"[0.75, 0.75, 1.0, 1.0, 1.0, 1.0]","[1166, 1245, 4513, 4515, 4590, 4593]"
4514,"[1.0, 1.0, 1.0, 1.0, 1.0, 1.0]","[1717, 4253, 4514, 4523, 4526, 4595]"
4515,"[0.75, 0.75, 1.0, 1.0, 1.0, 1.0]","[1166, 1245, 4513, 4515, 4590, 4593]"
4516,"[0.75, 0.75, 0.75, 0.75, 1.0, 1.0]","[72, 93, 125, 133, 4516, 4519]"
4517,"[0.75, 0.75, 1.0, 0.75, 0.75, 0.75]","[232, 4516, 4517, 4519, 6156, 6160]"
4518,"[1.0, 1.0, 1.0, 1.0, 1.0, 1.0]","[20, 24, 26, 28, 30, 369]"
4519,"[0.75, 0.75, 0.75, 0.75, 1.0, 1.0]","[72, 93, 125, 133, 4516, 4519]"
4520,"[1.0, 1.0, 1.0, 1.0, 1.0, 1.0]","[20, 24, 26, 28, 30, 369]"
4521,"[0.75, 0.75, 0.75, 0.75, 0.75, 1.0]","[495, 496, 498, 529, 530, 4521]"
4522,"[0.75, 0.75, 0.75, 0.75, 1.0, 1.0]","[72, 93, 125, 133, 4522, 4524]"
4523,"[1.0, 1.0, 1.0, 1.0, 1.0, 1.0]","[1717, 4253, 4514, 4523, 4526, 4595]"
4524,"[0.75, 0.75, 0.75, 0.75, 1.0, 1.0]","[72, 93, 125, 133, 4522, 4524]"
4525,"[0.75, 0.75, 0.75, 0.75, 1.0, 0.75]","[4453, 4496, 4497, 4521, 4525, 4541]"
4526,"[1.0, 1.0, 1.0, 1.0, 1.0, 1.0]","[1717, 4253, 4514, 4523, 4526, 4595]"
4527,"[1.0, 1.0, 1.0, 1.0, 1.0, 1.0]","[700, 701, 702, 703, 708, 712]"
4528,"[1.0, 1.0, 1.0, 1.0, 1.0, 1.0]","[700, 701, 702, 703, 708, 712]"
4529,"[1.0, 1.0, 1.0, 1.0, 1.0, 1.0]","[147, 157, 158, 159, 247, 248]"
4530,"[1.0, 1.0, 1.0, 1.0, 1.0, 1.0]","[20, 24, 26, 28, 30, 369]"
4531,"[1.0, 1.0, 1.0, 1.0, 1.0, 1.0]","[20, 24, 26, 28, 30, 369]"
4532,"[1.0, 1.0, 1.0, 1.0, 1.0, 1.0]","[34, 202, 318, 349, 398, 409]"
4533,"[1.0, 1.0, 1.0, 1.0, 1.0, 1.0]","[164, 1942, 1949, 4533, 4536, 4539]"
4534,"[1.0, 1.0, 1.0, 1.0, 1.0, 1.0]","[636, 860, 861, 862, 863, 864]"
4535,"[1.0, 1.0, 1.0, 1.0, 1.0, 1.0]","[145, 146, 154, 303, 338, 381]"
4536,"[1.0, 1.0, 1.0, 1.0, 1.0, 1.0]","[164, 1942, 1949, 4533, 4536, 4539]"
4537,"[0.75, 0.75, 0.75, 0.75, 0.75, 1.0]","[495, 496, 498, 529, 530, 4537]"
4538,"[1.0, 1.0, 1.0, 1.0, 1.0, 1.0]","[34, 202, 318, 349, 398, 409]"
4539,"[1.0, 1.0, 1.0, 1.0, 1.0, 1.0]","[164, 1942, 1949, 4533, 4536, 4539]"
4540,"[1.0, 1.0, 1.0, 1.0, 1.0, 1.0]","[145, 146, 154, 303, 338, 381]"
4541,"[0.75, 0.75, 0.75, 0.75, 1.0, 1.0]","[4496, 4497, 4525, 4537, 4541, 4542]"
4542,"[0.75, 0.75, 0.75, 0.75, 1.0, 1.0]","[4496, 4497, 4525, 4537, 4541, 4542]"
4543,"[0.75, 0.75, 0.75, 0.75, 0.75, 1.0]","[495, 496, 498, 529, 530, 4543]"
4544,"[0.75, 0.75, 0.75, 0.75, 1.0, 1.0]","[4497, 4525, 4541, 4542, 4544, 4545]"
4545,"[0.75, 0.75, 0.75, 0.75, 1.0, 1.0]","[4497, 4525, 4541, 4542, 4544, 4545]"
4546,"[0.75, 0.75, 0.75, 0.75, 1.0, 1.0]","[4497, 4525, 4541, 4542, 4546, 4547]"
4547,"[0.75, 0.75, 0.75, 0.75, 1.0, 1.0]","[4497, 4525, 4541, 4542, 4546, 4547]"
4548,"[1.0, 1.0, 1.0, 1.0, 1.0, 1.0]","[4453, 4496, 4497, 4548, 4574, 4579]"
4549,"[1.0, 1.0, 1.0, 1.0, 1.0, 1.0]","[34, 202, 318, 349, 398, 409]"
4550,"[0.75, 0.75, 1.0, 1.0, 1.0, 1.0]","[8, 13, 4550, 4551, 4552, 4553]"
4551,"[0.75, 0.75, 1.0, 1.0, 1.0, 1.0]","[8, 13, 4550, 4551, 4552, 4553]"
4552,"[0.75, 0.75, 1.0, 1.0, 1.0, 1.0]","[8, 13, 4550, 4551, 4552, 4553]"
4553,"[0.75, 0.75, 1.0, 1.0, 1.0, 1.0]","[8, 13, 4550, 4551, 4552, 4553]"
4554,"[0.75, 0.75, 0.75, 0.75, 0.75, 1.0]","[4496, 4497, 4525, 4541, 4542, 4554]"
4555,"[0.75, 0.75, 0.75, 1.0, 1.0, 1.0]","[6, 8, 13, 4555, 4556, 4557]"
4556,"[0.75, 0.75, 0.75, 1.0, 1.0, 1.0]","[6, 8, 13, 4555, 4556, 4557]"
4557,"[0.75, 0.75, 0.75, 1.0, 1.0, 1.0]","[6, 8, 13, 4555, 4556, 4557]"
4558,"[1.0, 1.0, 1.0, 1.0, 1.0, 1.0]","[35, 55, 323, 742, 1169, 1302]"
4559,"[1.0, 1.0, 1.0, 1.0, 1.0, 1.0]","[4559, 4561, 4562, 4564, 4565, 4567]"
4560,"[0.75, 0.75, 0.75, 0.75, 0.75, 1.0]","[4496, 4497, 4525, 4541, 4542, 4560]"
4561,"[1.0, 1.0, 1.0, 1.0, 1.0, 1.0]","[4559, 4561, 4562, 4564, 4565, 4567]"
4562,"[1.0, 1.0, 1.0, 1.0, 1.0, 1.0]","[4559, 4561, 4562, 4564, 4565, 4567]"
4563,"[0.75, 0.75, 0.75, 0.75, 0.75, 1.0]","[4496, 4497, 4525, 4541, 4542, 4563]"
4564,"[1.0, 1.0, 1.0, 1.0, 1.0, 1.0]","[4559, 4561, 4562, 4564, 4565, 4567]"
4565,"[1.0, 1.0, 1.0, 1.0, 1.0, 1.0]","[4559, 4561, 4562, 4564, 4565, 4567]"
4566,"[0.75, 0.75, 0.75, 0.75, 0.75, 1.0]","[4496, 4497, 4525, 4541, 4542, 4566]"
4567,"[1.0, 1.0, 1.0, 1.0, 1.0, 1.0]","[4559, 4561, 4562, 4564, 4565, 4567]"
4568,"[1.0, 1.0, 1.0, 1.0, 1.0, 1.0]","[4559, 4561, 4562, 4564, 4565, 4567]"
4569,"[0.75, 0.75, 0.75, 0.75, 0.75, 1.0]","[4496, 4497, 4525, 4541, 4542, 4569]"
4570,"[1.0, 1.0, 1.0, 1.0, 1.0, 1.0]","[4570, 4571, 4572, 4573, 4575, 4576]"
4571,"[1.0, 1.0, 1.0, 1.0, 1.0, 1.0]","[4570, 4571, 4572, 4573, 4575, 4576]"
4572,"[1.0, 1.0, 1.0, 1.0, 1.0, 1.0]","[4570, 4571, 4572, 4573, 4575, 4576]"
4573,"[1.0, 1.0, 1.0, 1.0, 1.0, 1.0]","[4570, 4571, 4572, 4573, 4575, 4576]"
4574,"[1.0, 1.0, 1.0, 1.0, 1.0, 1.0]","[4453, 4496, 4497, 4548, 4574, 4579]"
4575,"[1.0, 1.0, 1.0, 1.0, 1.0, 1.0]","[4570, 4571, 4572, 4573, 4575, 4576]"
4576,"[1.0, 1.0, 1.0, 1.0, 1.0, 1.0]","[4570, 4571, 4572, 4573, 4575, 4576]"
4577,"[1.0, 1.0, 1.0, 1.0, 1.0, 1.0]","[4570, 4571, 4572, 4573, 4575, 4576]"
4578,"[1.0, 1.0, 1.0, 1.0, 1.0, 1.0]","[4570, 4571, 4572, 4573, 4575, 4576]"
4579,"[1.0, 1.0, 1.0, 1.0, 1.0, 1.0]","[4453, 4496, 4497, 4548, 4574, 4579]"
4580,"[1.0, 1.0, 1.0, 1.0, 1.0, 1.0]","[4570, 4571, 4572, 4573, 4575, 4576]"
4581,"[1.0, 1.0, 1.0, 1.0, 1.0, 1.0]","[4570, 4571, 4572, 4573, 4575, 4576]"
4582,"[0.75, 0.75, 1.0, 1.0, 1.0, 1.0]","[8, 13, 4582, 4583, 4584, 4585]"
4583,"[0.75, 0.75, 1.0, 1.0, 1.0, 1.0]","[8, 13, 4582, 4583, 4584, 4585]"
4584,"[0.75, 0.75, 1.0, 1.0, 1.0, 1.0]","[8, 13, 4582, 4583, 4584, 4585]"
4585,"[0.75, 0.75, 1.0, 1.0, 1.0, 1.0]","[8, 13, 4582, 4583, 4584, 4585]"
4586,"[1.0, 1.0, 1.0, 1.0, 1.0, 1.0]","[34, 202, 318, 349, 398, 409]"
4587,"[1.0, 1.0, 1.0, 1.0, 1.0, 1.0]","[33, 153, 155, 171, 194, 195]"
4588,"[1.0, 1.0, 1.0, 1.0, 1.0, 1.0]","[33, 153, 155, 171, 194, 195]"
4589,"[1.0, 1.0, 1.0, 1.0, 1.0, 1.0]","[34, 202, 318, 349, 398, 409]"
4590,"[0.75, 0.75, 1.0, 1.0, 1.0, 1.0]","[1166, 1245, 4513, 4515, 4590, 4593]"
4591,"[1.0, 1.0, 1.0, 1.0, 1.0, 1.0]","[33, 153, 155, 171, 194, 195]"
4592,"[0.75, 0.75, 0.75, 0.75, 0.75, 1.0]","[70, 72, 93, 125, 133, 4592]"
4593,"[0.75, 0.75, 1.0, 1.0, 1.0, 1.0]","[1166, 1245, 4513, 4515, 4590, 4593]"
4594,"[0.75, 0.75, 0.75, 0.75, 0.75, 1.0]","[35, 47, 55, 58, 97, 4594]"
4595,"[1.0, 1.0, 1.0, 1.0, 1.0, 1.0]","[1717, 4253, 4514, 4523, 4526, 4595]"
4596,"[0.75, 0.75, 1.0, 0.75, 1.0, 0.75]","[3637, 3640, 4596, 4597, 4599, 4601]"
4597,"[0.75, 0.75, 0.75, 0.75, 0.75, 1.0]","[191, 620, 622, 624, 625, 4597]"
4598,"[0.75, 1.0, 0.75, 0.75, 0.75, 0.75]","[3277, 4598, 4604, 4622, 4626, 4652]"
4599,"[0.75, 0.75, 1.0, 0.75, 1.0, 0.75]","[3637, 3640, 4596, 4597, 4599, 4601]"
4600,"[0.75, 0.75, 0.75, 0.75, 0.75, 1.0]","[191, 620, 622, 624, 625, 4600]"
4601,"[0.75, 0.75, 0.75, 0.75, 0.75, 1.0]","[3637, 3640, 4596, 4599, 4600, 4601]"
4602,"[1.0, 1.0, 1.0, 1.0, 1.0, 1.0]","[751, 753, 756, 768, 770, 773]"
4603,"[1.0, 1.0, 1.0, 1.0, 1.0, 1.0]","[751, 753, 756, 768, 770, 773]"
4604,"[0.75, 0.75, 0.75, 0.75, 0.75, 1.0]","[70, 72, 93, 125, 133, 4604]"
4605,"[0.75, 0.75, 0.75, 0.75, 0.75, 1.0]","[3637, 3640, 4596, 4599, 4601, 4605]"
4606,"[0.75, 0.75, 0.75, 0.75, 1.0, 1.0]","[47, 55, 58, 97, 4606, 4607]"
4607,"[0.75, 0.75, 0.75, 0.75, 1.0, 1.0]","[47, 55, 58, 97, 4606, 4607]"
4608,"[0.75, 0.75, 0.75, 0.75, 0.75, 1.0]","[3640, 4596, 4599, 4601, 4605, 4608]"
4609,"[0.75, 0.75, 0.75, 0.75, 1.0, 1.0]","[47, 55, 58, 97, 4609, 4610]"
4610,"[0.75, 0.75, 0.75, 0.75, 1.0, 1.0]","[47, 55, 58, 97, 4609, 4610]"
4611,"[0.75, 0.75, 0.75, 0.75, 1.0, 1.0]","[35, 55, 74, 75, 3587, 4611]"
4612,"[0.75, 0.75, 1.0, 0.75, 0.75, 0.75]","[611, 3479, 4612, 4613, 4614, 4615]"
4613,"[0.75, 0.75, 0.75, 0.75, 0.75, 1.0]","[70, 72, 93, 125, 133, 4613]"
4614,"[0.75, 1.0, 1.0, 1.0, 1.0, 1.0]","[4605, 4614, 4615, 4616, 4617, 4627]"
4615,"[0.75, 1.0, 1.0, 1.0, 1.0, 1.0]","[4605, 4614, 4615, 4616, 4617, 4627]"
4616,"[0.75, 1.0, 1.0, 1.0, 1.0, 1.0]","[4605, 4614, 4615, 4616, 4617, 4627]"
4617,"[0.75, 1.0, 1.0, 1.0, 1.0, 1.0]","[4605, 4614, 4615, 4616, 4617, 4627]"
4618,"[1.0, 1.0, 1.0, 1.0, 1.0, 1.0]","[4618, 4619, 4620, 4621, 4623, 4625]"
4619,"[1.0, 1.0, 1.0, 1.0, 1.0, 1.0]","[4618, 4619, 4620, 4621, 4623, 4625]"
4620,"[1.0, 1.0, 1.0, 1.0, 1.0, 1.0]","[4618, 4619, 4620, 4621, 4623, 4625]"
4621,"[1.0, 1.0, 1.0, 1.0, 1.0, 1.0]","[4618, 4619, 4620, 4621, 4623, 4625]"
4622,"[0.75, 0.75, 0.75, 1.0, 1.0, 1.0]","[55, 74, 75, 3277, 4622, 4668]"
4623,"[1.0, 1.0, 1.0, 1.0, 1.0, 1.0]","[4618, 4619, 4620, 4621, 4623, 4625]"
4624,"[0.75, 0.75, 1.0, 1.0, 1.0, 1.0]","[8, 13, 1437, 1438, 1440, 4624]"
4625,"[1.0, 1.0, 1.0, 1.0, 1.0, 1.0]","[4618, 4619, 4620, 4621, 4623, 4625]"
4626,"[0.75, 0.75, 0.75, 0.75, 0.75, 1.0]","[4598, 4612, 4613, 4614, 4615, 4626]"
4627,"[0.75, 1.0, 1.0, 1.0, 1.0, 1.0]","[4605, 4614, 4615, 4616, 4617, 4627]"
4628,"[1.0, 1.0, 1.0, 1.0, 1.0, 1.0]","[4618, 4619, 4620, 4621, 4623, 4625]"
4629,"[0.75, 0.75, 1.0, 0.75, 0.75, 0.75]","[3587, 4611, 4629, 4630, 4639, 4716]"
4630,"[0.75, 0.75, 0.75, 0.75, 0.75, 1.0]","[83, 503, 504, 533, 534, 4630]"
4631,"[0.75, 0.75, 0.75, 0.75, 0.75, 1.0]","[730, 744, 747, 750, 767, 4631]"
4632,"[0.75, 0.75, 0.75, 0.75, 0.75, 1.0]","[83, 503, 504, 533, 534, 4632]"
4633,"[1.0, 1.0, 1.0, 1.0, 1.0, 1.0]","[34, 202, 318, 349, 398, 409]"
4634,"[0.75, 0.75, 0.75, 0.75, 1.0, 1.0]","[35, 55, 74, 75, 4634, 4635]"
4635,"[0.75, 0.75, 0.75, 0.75, 1.0, 1.0]","[35, 55, 74, 75, 4634, 4635]"
4636,"[0.75, 0.75, 0.75, 0.75, 0.75, 1.0]","[33, 51, 61, 145, 146, 4636]"
4637,"[0.5, 0.5, 0.75, 0.75, 1.0, 0.75]","[38, 39, 4634, 4635, 4637, 4638]"
4638,"[0.75, 0.75, 0.75, 0.75, 0.75, 1.0]","[83, 503, 504, 533, 534, 4638]"
4639,"[0.75, 0.75, 0.75, 1.0, 0.75, 0.75]","[3587, 4611, 4629, 4639, 4640, 4716]"
4640,"[0.75, 0.75, 0.75, 0.75, 0.75, 1.0]","[35, 47, 55, 58, 97, 4640]"
4641,"[1.0, 1.0, 1.0, 1.0, 1.0, 1.0]","[20, 24, 26, 28, 30, 369]"
4642,"[0.75, 0.75, 0.75, 0.75, 1.0, 1.0]","[35, 55, 74, 75, 3590, 4642]"
4643,"[1.0, 1.0, 1.0, 1.0, 1.0, 1.0]","[751, 753, 756, 768, 770, 773]"
4644,"[1.0, 1.0, 1.0, 1.0, 1.0, 1.0]","[751, 753, 756, 768, 770, 773]"
4645,"[1.0, 1.0, 1.0, 1.0, 1.0, 1.0]","[751, 753, 756, 768, 770, 773]"
4646,"[1.0, 1.0, 1.0, 1.0, 1.0, 1.0]","[751, 753, 756, 768, 770, 773]"
4647,"[0.75, 0.75, 0.75, 1.0, 0.75, 0.75]","[611, 3479, 4612, 4647, 4648, 4649]"
4648,"[0.75, 0.75, 1.0, 1.0, 1.0, 1.0]","[125, 133, 4648, 4649, 4650, 4653]"
4649,"[0.75, 0.75, 1.0, 1.0, 1.0, 1.0]","[125, 133, 4648, 4649, 4650, 4653]"
4650,"[0.75, 0.75, 1.0, 1.0, 1.0, 1.0]","[125, 133, 4648, 4649, 4650, 4653]"
4651,"[1.0, 1.0, 1.0, 1.0, 1.0, 1.0]","[33, 153, 155, 171, 194, 195]"
4652,"[0.75, 0.75, 0.75, 0.75, 1.0, 1.0]","[4622, 4626, 4647, 4648, 4652, 4658]"
4653,"[0.75, 0.75, 1.0, 1.0, 1.0, 1.0]","[125, 133, 4648, 4649, 4650, 4653]"
4654,"[1.0, 1.0, 1.0, 1.0, 1.0, 1.0]","[33, 153, 155, 171, 194, 195]"
4655,"[0.75, 0.75, 0.75, 1.0, 1.0, 1.0]","[61, 145, 146, 1967, 1968, 4655]"
4656,"[0.75, 0.75, 0.75, 0.75, 0.75, 1.0]","[35, 47, 55, 58, 97, 4656]"
4657,"[1.0, 1.0, 1.0, 1.0, 1.0, 1.0]","[33, 153, 155, 171, 194, 195]"
4658,"[0.75, 0.75, 0.75, 0.75, 1.0, 1.0]","[4622, 4626, 4647, 4648, 4652, 4658]"
4659,"[1.0, 1.0, 1.0, 1.0, 1.0, 1.0]","[147, 157, 158, 159, 247, 248]"
4660,"[1.0, 1.0, 1.0, 1.0, 1.0, 1.0]","[147, 157, 158, 159, 247, 248]"
4661,"[1.0, 1.0, 1.0, 1.0, 1.0, 1.0]","[147, 157, 158, 159, 247, 248]"
4662,"[1.0, 1.0, 1.0, 1.0, 1.0, 1.0]","[147, 157, 158, 159, 247, 248]"
4663,"[0.5, 0.5, 0.75, 0.75, 1.0, 0.75]","[38, 39, 3590, 4642, 4663, 4664]"
4664,"[0.75, 0.75, 0.75, 0.75, 0.75, 1.0]","[83, 503, 504, 533, 534, 4664]"
4665,"[0.75, 0.75, 0.75, 0.75, 0.75, 1.0]","[730, 744, 747, 750, 767, 4665]"
4666,"[0.75, 0.75, 0.75, 0.75, 0.75, 1.0]","[83, 503, 504, 533, 534, 4666]"
4667,"[1.0, 1.0, 1.0, 1.0, 1.0, 1.0]","[704, 720, 1305, 1423, 1457, 4667]"
4668,"[0.75, 0.75, 0.75, 1.0, 1.0, 1.0]","[55, 74, 75, 3277, 4622, 4668]"
4669,"[0.75, 0.75, 0.75, 0.75, 1.0, 0.75]","[611, 3479, 4612, 4647, 4669, 4670]"
4670,"[0.75, 1.0, 1.0, 1.0, 1.0, 1.0]","[133, 4670, 4671, 4672, 4673, 4674]"
4671,"[0.75, 1.0, 1.0, 1.0, 1.0, 1.0]","[133, 4670, 4671, 4672, 4673, 4674]"
4672,"[0.75, 1.0, 1.0, 1.0, 1.0, 1.0]","[133, 4670, 4671, 4672, 4673, 4674]"
4673,"[0.75, 1.0, 1.0, 1.0, 1.0, 1.0]","[133, 4670, 4671, 4672, 4673, 4674]"
4674,"[0.75, 1.0, 1.0, 1.0, 1.0, 1.0]","[133, 4670, 4671, 4672, 4673, 4674]"
4675,"[0.75, 0.75, 1.0, 1.0, 1.0, 1.0]","[8, 13, 613, 1429, 4675, 4687]"
4676,"[0.75, 0.75, 0.75, 0.75, 0.75, 1.0]","[321, 704, 720, 1305, 1423, 4676]"
4677,"[0.75, 0.75, 0.75, 0.75, 0.75, 1.0]","[83, 503, 504, 533, 534, 4677]"
4678,"[0.75, 0.75, 0.75, 0.75, 0.75, 1.0]","[730, 744, 747, 750, 767, 4678]"
4679,"[0.75, 0.75, 0.75, 0.75, 0.75, 1.0]","[83, 503, 504, 533, 534, 4679]"
4680,"[1.0, 1.0, 1.0, 1.0, 1.0, 1.0]","[704, 720, 1305, 1423, 1457, 4667]"
4681,"[1.0, 1.0, 1.0, 1.0, 1.0, 1.0]","[751, 753, 756, 768, 770, 773]"
4682,"[1.0, 1.0, 1.0, 1.0, 1.0, 1.0]","[751, 753, 756, 768, 770, 773]"
4683,"[0.75, 0.75, 0.75, 0.75, 0.75, 1.0]","[191, 620, 622, 624, 625, 4683]"
4684,"[0.75, 0.75, 0.75, 0.75, 0.75, 1.0]","[70, 72, 93, 125, 133, 4684]"
4685,"[0.75, 0.75, 0.75, 0.75, 1.0, 1.0]","[292, 294, 901, 3582, 4685, 4689]"
4686,"[0.75, 0.75, 0.75, 0.75, 1.0, 1.0]","[4622, 4626, 4652, 4658, 4686, 4688]"
4687,"[0.75, 0.75, 1.0, 1.0, 1.0, 1.0]","[8, 13, 613, 1429, 4675, 4687]"
4688,"[0.75, 0.75, 0.75, 0.75, 1.0, 1.0]","[4622, 4626, 4652, 4658, 4686, 4688]"
4689,"[0.75, 0.75, 0.75, 0.75, 1.0, 1.0]","[292, 294, 901, 3582, 4685, 4689]"
4690,"[0.75, 0.75, 0.75, 0.75, 0.75, 1.0]","[291, 292, 294, 901, 3582, 4690]"
4691,"[1.0, 1.0, 1.0, 1.0, 1.0, 1.0]","[401, 408, 411, 414, 415, 416]"
4692,"[1.0, 1.0, 1.0, 1.0, 1.0, 1.0]","[401, 408, 411, 414, 415, 416]"
4693,"[0.75, 0.75, 0.75, 0.75, 0.75, 1.0]","[191, 620, 622, 624, 625, 4693]"
4694,"[1.0, 1.0, 1.0, 1.0, 1.0, 1.0]","[147, 157, 158, 159, 247, 248]"
4695,"[1.0, 1.0, 1.0, 1.0, 1.0, 1.0]","[147, 157, 158, 159, 247, 248]"
4696,"[1.0, 1.0, 1.0, 1.0, 1.0, 1.0]","[147, 157, 158, 159, 247, 248]"
4697,"[0.75, 0.75, 0.75, 0.75, 1.0, 1.0]","[169, 181, 187, 219, 4697, 4698]"
4698,"[0.75, 0.75, 0.75, 0.75, 1.0, 1.0]","[169, 181, 187, 219, 4697, 4698]"
4699,"[0.75, 0.75, 0.75, 0.75, 0.75, 1.0]","[191, 620, 622, 624, 625, 4699]"
4700,"[0.75, 0.75, 0.75, 0.75, 0.75, 1.0]","[291, 292, 294, 901, 3582, 4700]"
4701,"[1.0, 0.75, 1.0, 1.0, 1.0, 1.0]","[143, 145, 296, 903, 4701, 5845]"
4702,"[0.75, 0.75, 0.75, 0.75, 0.75, 1.0]","[191, 620, 622, 624, 625, 4702]"
4703,"[0.75, 0.75, 0.75, 0.75, 0.75, 1.0]","[70, 72, 93, 125, 133, 4703]"
4704,"[0.75, 0.75, 0.75, 0.75, 0.75, 1.0]","[191, 620, 622, 624, 625, 4704]"
4705,"[0.75, 0.75, 0.75, 0.75, 0.75, 1.0]","[70, 72, 93, 125, 133, 4705]"
4706,"[0.75, 0.75, 0.75, 0.75, 0.75, 1.0]","[291, 292, 294, 901, 3582, 4706]"
4707,"[0.75, 0.75, 0.75, 0.75, 0.75, 1.0]","[4598, 4622, 4626, 4652, 4658, 4707]"
4708,"[0.75, 0.75, 0.75, 0.75, 0.75, 1.0]","[611, 3479, 4612, 4647, 4669, 4708]"
4709,"[0.75, 0.75, 0.75, 0.75, 1.0, 1.0]","[47, 55, 58, 97, 4709, 4710]"
4710,"[0.75, 0.75, 0.75, 0.75, 1.0, 1.0]","[47, 55, 58, 97, 4709, 4710]"
4711,"[0.75, 0.75, 0.75, 0.75, 0.75, 1.0]","[34, 35, 55, 74, 75, 4711]"
4712,"[0.75, 0.75, 0.75, 0.75, 0.75, 1.0]","[4598, 4622, 4626, 4652, 4658, 4712]"
4713,"[0.75, 0.75, 0.75, 1.0, 1.0, 1.0]","[55, 74, 75, 3637, 3640, 4713]"
4714,"[0.75, 0.75, 1.0, 1.0, 1.0, 1.0]","[143, 145, 1977, 2002, 2477, 4714]"
4715,"[0.75, 0.75, 0.75, 0.75, 0.75, 1.0]","[70, 72, 93, 125, 133, 4715]"
4716,"[0.75, 0.75, 0.75, 0.75, 1.0, 0.75]","[3587, 4611, 4629, 4639, 4716, 4717]"
4717,"[0.75, 0.75, 0.75, 0.75, 0.75, 1.0]","[4598, 4622, 4626, 4652, 4658, 4717]"
4718,"[1.0, 1.0, 1.0, 1.0, 1.0, 1.0]","[33, 153, 155, 171, 194, 195]"
4719,"[1.0, 1.0, 1.0, 1.0, 1.0, 1.0]","[33, 153, 155, 171, 194, 195]"
4720,"[0.75, 0.75, 0.75, 0.75, 0.75, 1.0]","[191, 620, 622, 624, 625, 4720]"
4721,"[0.75, 0.75, 0.75, 1.0, 1.0, 1.0]","[93, 125, 133, 4721, 4722, 4723]"
4722,"[0.75, 0.75, 0.75, 1.0, 1.0, 1.0]","[93, 125, 133, 4721, 4722, 4723]"
4723,"[0.75, 0.75, 0.75, 1.0, 1.0, 1.0]","[93, 125, 133, 4721, 4722, 4723]"
4724,"[1.0, 1.0, 1.0, 1.0, 1.0, 1.0]","[145, 146, 154, 303, 338, 381]"
4725,"[1.0, 1.0, 1.0, 1.0, 1.0, 1.0]","[145, 146, 154, 303, 338, 381]"
4726,"[1.0, 1.0, 1.0, 1.0, 1.0, 1.0]","[689, 1077, 1078, 1080, 1081, 1146]"
4727,"[1.0, 1.0, 1.0, 1.0, 1.0, 1.0]","[145, 146, 154, 303, 338, 381]"
4728,"[1.0, 1.0, 1.0, 1.0, 1.0, 1.0]","[145, 146, 154, 303, 338, 381]"
4729,"[0.75, 0.75, 1.0, 1.0, 1.0, 1.0]","[74, 75, 4729, 4730, 4814, 4824]"
4730,"[0.75, 0.75, 1.0, 1.0, 1.0, 1.0]","[74, 75, 4729, 4730, 4814, 4824]"
4731,"[1.0, 1.0, 1.0, 1.0, 1.0, 1.0]","[164, 1942, 1949, 4533, 4536, 4539]"
4732,"[0.75, 1.0, 1.0, 1.0, 1.0, 1.0]","[145, 4495, 4732, 4739, 4751, 4843]"
4733,"[1.0, 1.0, 1.0, 1.0, 1.0, 1.0]","[147, 157, 158, 159, 247, 248]"
4734,"[1.0, 1.0, 1.0, 1.0, 1.0, 1.0]","[147, 157, 158, 159, 247, 248]"
4735,"[1.0, 1.0, 1.0, 1.0, 1.0, 1.0]","[147, 157, 158, 159, 247, 248]"
4736,"[1.0, 1.0, 1.0, 1.0, 1.0, 1.0]","[147, 157, 158, 159, 247, 248]"
4737,"[0.75, 0.75, 0.75, 0.75, 0.75, 1.0]","[33, 51, 61, 145, 146, 4737]"
4738,"[0.75, 0.75, 0.75, 0.75, 1.0, 1.0]","[2, 7, 10, 11, 4738, 7099]"
4739,"[0.75, 1.0, 1.0, 1.0, 1.0, 1.0]","[145, 4495, 4732, 4739, 4751, 4843]"
4740,"[0.75, 1.0, 1.0, 1.0, 1.0, 1.0]","[145, 4740, 4743, 4746, 4748, 4749]"
4741,"[1.0, 1.0, 1.0, 1.0, 1.0, 1.0]","[145, 146, 154, 303, 338, 381]"
4742,"[1.0, 1.0, 1.0, 1.0, 1.0, 1.0]","[78, 79, 1897, 2048, 4511, 4742]"
4743,"[0.75, 1.0, 1.0, 1.0, 1.0, 1.0]","[145, 4740, 4743, 4746, 4748, 4749]"
4744,"[1.0, 1.0, 1.0, 1.0, 1.0, 1.0]","[145, 146, 154, 303, 338, 381]"
4745,"[1.0, 1.0, 1.0, 1.0, 1.0, 1.0]","[147, 157, 158, 159, 247, 248]"
4746,"[0.75, 1.0, 1.0, 1.0, 1.0, 1.0]","[145, 4740, 4743, 4746, 4748, 4749]"
4747,"[1.0, 1.0, 1.0, 1.0, 1.0, 1.0]","[2045, 4747, 4768, 4771, 4782, 4835]"
4748,"[0.75, 1.0, 1.0, 1.0, 1.0, 1.0]","[145, 4740, 4743, 4746, 4748, 4749]"
4749,"[0.75, 1.0, 1.0, 1.0, 1.0, 1.0]","[145, 4740, 4743, 4746, 4748, 4749]"
4750,"[1.0, 1.0, 1.0, 1.0, 1.0, 1.0]","[164, 1942, 1949, 4533, 4536, 4539]"
4751,"[0.75, 1.0, 1.0, 1.0, 1.0, 1.0]","[145, 4495, 4732, 4739, 4751, 4843]"
4752,"[1.0, 1.0, 1.0, 1.0, 1.0, 1.0]","[147, 157, 158, 159, 247, 248]"
4753,"[1.0, 1.0, 1.0, 1.0, 1.0, 1.0]","[20, 24, 26, 28, 30, 369]"
4754,"[1.0, 1.0, 1.0, 1.0, 1.0, 1.0]","[317, 1509, 2316, 3761, 4754, 5229]"
4755,"[1.0, 1.0, 1.0, 1.0, 1.0, 1.0]","[4755, 5971, 5973, 5974, 5975, 5976]"
4756,"[1.0, 1.0, 1.0, 1.0, 1.0, 1.0]","[33, 153, 155, 171, 194, 195]"
4757,"[0.75, 0.75, 0.75, 0.75, 0.75, 1.0]","[34, 35, 55, 74, 75, 4757]"
4758,"[0.75, 0.75, 1.0, 0.75, 0.75, 0.75]","[4729, 4730, 4758, 4759, 4786, 4805]"
4759,"[0.75, 0.75, 0.75, 0.75, 0.75, 1.0]","[35, 47, 55, 58, 97, 4759]"
4760,"[1.0, 1.0, 1.0, 1.0, 1.0, 1.0]","[4760, 4761, 4762, 4765, 4766, 4772]"
4761,"[1.0, 1.0, 1.0, 1.0, 1.0, 1.0]","[4760, 4761, 4762, 4765, 4766, 4772]"
4762,"[1.0, 1.0, 1.0, 1.0, 1.0, 1.0]","[4760, 4761, 4762, 4765, 4766, 4772]"
4763,"[1.0, 1.0, 1.0, 1.0, 1.0, 1.0]","[147, 157, 158, 159, 247, 248]"
4764,"[1.0, 1.0, 1.0, 1.0, 1.0, 1.0]","[147, 157, 158, 159, 247, 248]"
4765,"[1.0, 1.0, 1.0, 1.0, 1.0, 1.0]","[4760, 4761, 4762, 4765, 4766, 4772]"
4766,"[1.0, 1.0, 1.0, 1.0, 1.0, 1.0]","[4760, 4761, 4762, 4765, 4766, 4772]"
4767,"[1.0, 1.0, 1.0, 1.0, 1.0, 1.0]","[4767, 4774, 4785, 4834, 4840, 5901]"
4768,"[1.0, 1.0, 1.0, 1.0, 1.0, 1.0]","[2045, 4747, 4768, 4771, 4782, 4835]"
4769,"[0.75, 0.75, 1.0, 1.0, 1.0, 1.0]","[143, 145, 4769, 4770, 4836, 4837]"
4770,"[0.75, 0.75, 1.0, 1.0, 1.0, 1.0]","[143, 145, 4769, 4770, 4836, 4837]"
4771,"[1.0, 1.0, 1.0, 1.0, 1.0, 1.0]","[2045, 4747, 4768, 4771, 4782, 4835]"
4772,"[1.0, 1.0, 1.0, 1.0, 1.0, 1.0]","[4760, 4761, 4762, 4765, 4766, 4772]"
4773,"[1.0, 1.0, 1.0, 1.0, 1.0, 1.0]","[4760, 4761, 4762, 4765, 4766, 4772]"
4774,"[1.0, 1.0, 1.0, 1.0, 1.0, 1.0]","[4767, 4774, 4785, 4834, 4840, 5901]"
4775,"[1.0, 1.0, 1.0, 1.0, 1.0, 1.0]","[20, 24, 26, 28, 30, 369]"
4776,"[0.75, 0.75, 0.75, 1.0, 1.0, 1.0]","[6, 8, 13, 4776, 4780, 4781]"
4777,"[1.0, 1.0, 1.0, 1.0, 1.0, 1.0]","[147, 157, 158, 159, 247, 248]"
4778,"[1.0, 1.0, 1.0, 1.0, 1.0, 1.0]","[147, 157, 158, 159, 247, 248]"
4779,"[1.0, 1.0, 1.0, 1.0, 1.0, 1.0]","[147, 157, 158, 159, 247, 248]"
4780,"[0.75, 0.75, 0.75, 1.0, 1.0, 1.0]","[6, 8, 13, 4776, 4780, 4781]"
4781,"[0.75, 0.75, 0.75, 1.0, 1.0, 1.0]","[6, 8, 13, 4776, 4780, 4781]"
4782,"[1.0, 1.0, 1.0, 1.0, 1.0, 1.0]","[2045, 4747, 4768, 4771, 4782, 4835]"
4783,"[1.0, 1.0, 1.0, 1.0, 1.0, 1.0]","[4760, 4761, 4762, 4765, 4766, 4772]"
4784,"[1.0, 1.0, 1.0, 1.0, 1.0, 1.0]","[4760, 4761, 4762, 4765, 4766, 4772]"
4785,"[1.0, 1.0, 1.0, 1.0, 1.0, 1.0]","[4767, 4774, 4785, 4834, 4840, 5901]"
4786,"[0.75, 0.75, 0.75, 1.0, 0.75, 0.75]","[4729, 4730, 4758, 4786, 4787, 4805]"
4787,"[0.75, 0.75, 0.75, 0.75, 0.75, 1.0]","[35, 47, 55, 58, 97, 4787]"
4788,"[1.0, 1.0, 1.0, 1.0, 1.0, 1.0]","[20, 24, 26, 28, 30, 369]"
4789,"[1.0, 1.0, 1.0, 1.0, 1.0, 1.0]","[298, 821, 825, 1523, 1530, 1563]"
4790,"[1.0, 1.0, 1.0, 1.0, 1.0, 1.0]","[147, 157, 158, 159, 247, 248]"
4791,"[1.0, 1.0, 1.0, 1.0, 1.0, 1.0]","[147, 157, 158, 159, 247, 248]"
4792,"[1.0, 1.0, 1.0, 1.0, 1.0, 1.0]","[147, 157, 158, 159, 247, 248]"
4793,"[1.0, 1.0, 1.0, 1.0, 1.0, 1.0]","[147, 157, 158, 159, 247, 248]"
4794,"[1.0, 1.0, 1.0, 1.0, 1.0, 1.0]","[147, 157, 158, 159, 247, 248]"
4795,"[1.0, 1.0, 1.0, 1.0, 1.0, 1.0]","[147, 157, 158, 159, 247, 248]"
4796,"[1.0, 1.0, 1.0, 1.0, 1.0, 1.0]","[147, 157, 158, 159, 247, 248]"
4797,"[1.0, 1.0, 1.0, 1.0, 1.0, 1.0]","[147, 157, 158, 159, 247, 248]"
4798,"[1.0, 1.0, 1.0, 1.0, 1.0, 1.0]","[20, 24, 26, 28, 30, 369]"
4799,"[1.0, 1.0, 1.0, 1.0, 1.0, 1.0]","[147, 157, 158, 159, 247, 248]"
4800,"[1.0, 1.0, 1.0, 1.0, 1.0, 1.0]","[147, 157, 158, 159, 247, 248]"
4801,"[1.0, 1.0, 1.0, 1.0, 1.0, 1.0]","[147, 157, 158, 159, 247, 248]"
4802,"[1.0, 1.0, 1.0, 1.0, 1.0, 1.0]","[147, 157, 158, 159, 247, 248]"
4803,"[0.75, 0.75, 1.0, 1.0, 1.0, 1.0]","[187, 219, 4803, 4808, 4811, 4813]"
4804,"[0.75, 0.75, 0.75, 0.75, 0.75, 1.0]","[191, 620, 622, 624, 625, 4804]"
4805,"[0.75, 0.75, 0.75, 0.75, 0.75, 1.0]","[4730, 4758, 4786, 4803, 4804, 4805]"
4806,"[1.0, 1.0, 1.0, 1.0, 1.0, 1.0]","[34, 202, 318, 349, 398, 409]"
4807,"[0.75, 0.75, 1.0, 1.0, 1.0, 1.0]","[8, 13, 4807, 4809, 4810, 4812]"
4808,"[0.75, 0.75, 1.0, 1.0, 1.0, 1.0]","[187, 219, 4803, 4808, 4811, 4813]"
4809,"[0.75, 0.75, 1.0, 1.0, 1.0, 1.0]","[8, 13, 4807, 4809, 4810, 4812]"
4810,"[0.75, 0.75, 1.0, 1.0, 1.0, 1.0]","[8, 13, 4807, 4809, 4810, 4812]"
4811,"[0.75, 0.75, 1.0, 1.0, 1.0, 1.0]","[187, 219, 4803, 4808, 4811, 4813]"
4812,"[0.75, 0.75, 1.0, 1.0, 1.0, 1.0]","[8, 13, 4807, 4809, 4810, 4812]"
4813,"[0.75, 0.75, 1.0, 1.0, 1.0, 1.0]","[187, 219, 4803, 4808, 4811, 4813]"
4814,"[0.75, 0.75, 1.0, 1.0, 1.0, 1.0]","[74, 75, 4729, 4730, 4814, 4824]"
4815,"[0.75, 0.75, 0.75, 0.75, 0.75, 1.0]","[161, 169, 181, 187, 219, 4815]"
4816,"[0.75, 0.75, 0.75, 0.75, 1.0, 1.0]","[51, 61, 145, 146, 4816, 4820]"
4817,"[1.0, 1.0, 1.0, 1.0, 1.0, 1.0]","[627, 629, 630, 892, 1452, 2163]"
4818,"[1.0, 1.0, 1.0, 1.0, 1.0, 1.0]","[706, 710, 711, 713, 1458, 1463]"
4819,"[1.0, 1.0, 1.0, 1.0, 1.0, 1.0]","[298, 821, 825, 1523, 1530, 1563]"
4820,"[0.75, 0.75, 0.75, 0.75, 1.0, 1.0]","[51, 61, 145, 146, 4816, 4820]"
4821,"[0.75, 0.75, 0.75, 0.75, 0.75, 1.0]","[161, 169, 181, 187, 219, 4821]"
4822,"[0.75, 0.75, 0.75, 0.75, 0.75, 1.0]","[4730, 4758, 4786, 4805, 4814, 4822]"
4823,"[1.0, 1.0, 1.0, 1.0, 1.0, 1.0]","[627, 629, 630, 892, 1452, 2163]"
4824,"[0.75, 0.75, 1.0, 1.0, 1.0, 1.0]","[74, 75, 4729, 4730, 4814, 4824]"
4825,"[0.75, 0.75, 0.75, 0.75, 0.75, 1.0]","[4730, 4758, 4786, 4805, 4814, 4825]"
4826,"[0.75, 0.75, 0.75, 0.75, 0.75, 1.0]","[161, 169, 181, 187, 219, 4826]"
4827,"[1.0, 1.0, 1.0, 1.0, 1.0, 1.0]","[4760, 4761, 4762, 4765, 4766, 4772]"
4828,"[1.0, 1.0, 1.0, 1.0, 1.0, 1.0]","[4760, 4761, 4762, 4765, 4766, 4772]"
4829,"[1.0, 1.0, 1.0, 1.0, 1.0, 1.0]","[4760, 4761, 4762, 4765, 4766, 4772]"
4830,"[1.0, 1.0, 1.0, 1.0, 1.0, 1.0]","[147, 157, 158, 159, 247, 248]"
4831,"[1.0, 1.0, 1.0, 1.0, 1.0, 1.0]","[147, 157, 158, 159, 247, 248]"
4832,"[1.0, 1.0, 1.0, 1.0, 1.0, 1.0]","[4760, 4761, 4762, 4765, 4766, 4772]"
4833,"[1.0, 1.0, 1.0, 1.0, 1.0, 1.0]","[4760, 4761, 4762, 4765, 4766, 4772]"
4834,"[1.0, 1.0, 1.0, 1.0, 1.0, 1.0]","[4767, 4774, 4785, 4834, 4840, 5901]"
4835,"[1.0, 1.0, 1.0, 1.0, 1.0, 1.0]","[2045, 4747, 4768, 4771, 4782, 4835]"
4836,"[0.75, 0.75, 1.0, 1.0, 1.0, 1.0]","[143, 145, 4769, 4770, 4836, 4837]"
4837,"[0.75, 0.75, 1.0, 1.0, 1.0, 1.0]","[143, 145, 4769, 4770, 4836, 4837]"
4838,"[1.0, 1.0, 1.0, 1.0, 1.0, 1.0]","[4760, 4761, 4762, 4765, 4766, 4772]"
4839,"[1.0, 1.0, 1.0, 1.0, 1.0, 1.0]","[4760, 4761, 4762, 4765, 4766, 4772]"
4840,"[1.0, 1.0, 1.0, 1.0, 1.0, 1.0]","[4767, 4774, 4785, 4834, 4840, 5901]"
4841,"[1.0, 1.0, 1.0, 1.0, 1.0, 1.0]","[2045, 4747, 4768, 4771, 4782, 4835]"
4842,"[1.0, 1.0, 1.0, 1.0, 1.0, 1.0]","[164, 1942, 1949, 4533, 4536, 4539]"
4843,"[0.75, 1.0, 1.0, 1.0, 1.0, 1.0]","[145, 4495, 4732, 4739, 4751, 4843]"
4844,"[1.0, 1.0, 1.0, 1.0, 1.0, 1.0]","[20, 24, 26, 28, 30, 369]"
4845,"[1.0, 1.0, 1.0, 1.0, 1.0, 1.0]","[147, 157, 158, 159, 247, 248]"
4846,"[0.75, 0.75, 0.75, 0.75, 0.75, 1.0]","[33, 51, 61, 145, 146, 4846]"
4847,"[0.75, 0.75, 0.75, 0.75, 0.75, 1.0]","[161, 169, 181, 187, 219, 4847]"
4848,"[0.75, 0.75, 0.75, 0.75, 1.0, 1.0]","[620, 622, 624, 625, 4848, 4849]"
4849,"[0.75, 0.75, 0.75, 0.75, 1.0, 1.0]","[620, 622, 624, 625, 4848, 4849]"
4850,"[1.0, 1.0, 1.0, 1.0, 1.0, 1.0]","[147, 157, 158, 159, 247, 248]"
4851,"[1.0, 1.0, 1.0, 1.0, 1.0, 1.0]","[147, 157, 158, 159, 247, 248]"
4852,"[1.0, 1.0, 1.0, 1.0, 1.0, 1.0]","[147, 157, 158, 159, 247, 248]"
4853,"[1.0, 1.0, 1.0, 1.0, 1.0, 1.0]","[269, 274, 1985, 1986, 1987, 4853]"
4854,"[1.0, 1.0, 1.0, 1.0, 1.0, 1.0]","[147, 157, 158, 159, 247, 248]"
4855,"[1.0, 1.0, 1.0, 1.0, 1.0, 1.0]","[147, 157, 158, 159, 247, 248]"
4856,"[1.0, 1.0, 1.0, 1.0, 1.0, 1.0]","[401, 408, 411, 414, 415, 416]"
4857,"[1.0, 1.0, 1.0, 1.0, 1.0, 1.0]","[401, 408, 411, 414, 415, 416]"
4858,"[1.0, 1.0, 1.0, 1.0, 1.0, 1.0]","[401, 408, 411, 414, 415, 416]"
4859,"[1.0, 1.0, 1.0, 1.0, 1.0, 1.0]","[401, 408, 411, 414, 415, 416]"
4860,"[1.0, 1.0, 1.0, 1.0, 1.0, 1.0]","[20, 24, 26, 28, 30, 369]"
4861,"[1.0, 1.0, 1.0, 1.0, 1.0, 1.0]","[4861, 4864, 4878, 4949, 4950, 4951]"
4862,"[1.0, 1.0, 1.0, 1.0, 1.0, 1.0]","[401, 408, 411, 414, 415, 416]"
4863,"[1.0, 1.0, 1.0, 1.0, 1.0, 1.0]","[20, 24, 26, 28, 30, 369]"
4864,"[1.0, 1.0, 1.0, 1.0, 1.0, 1.0]","[4861, 4864, 4878, 4949, 4950, 4951]"
4865,"[1.0, 1.0, 1.0, 1.0, 1.0, 1.0]","[401, 408, 411, 414, 415, 416]"
4866,"[1.0, 1.0, 1.0, 1.0, 1.0, 1.0]","[307, 313, 345, 347, 348, 359]"
4867,"[1.0, 1.0, 1.0, 1.0, 1.0, 1.0]","[20, 24, 26, 28, 30, 369]"
4868,"[1.0, 1.0, 1.0, 1.0, 1.0, 1.0]","[20, 24, 26, 28, 30, 369]"
4869,"[0.75, 0.75, 0.75, 1.0, 1.0, 1.0]","[6, 8, 13, 4869, 4872, 4875]"
4870,"[1.0, 1.0, 1.0, 1.0, 1.0, 1.0]","[20, 24, 26, 28, 30, 369]"
4871,"[1.0, 1.0, 1.0, 1.0, 1.0, 1.0]","[20, 24, 26, 28, 30, 369]"
4872,"[0.75, 0.75, 0.75, 1.0, 1.0, 1.0]","[6, 8, 13, 4869, 4872, 4875]"
4873,"[1.0, 1.0, 1.0, 1.0, 1.0, 1.0]","[401, 408, 411, 414, 415, 416]"
4874,"[1.0, 1.0, 1.0, 1.0, 1.0, 1.0]","[20, 24, 26, 28, 30, 369]"
4875,"[0.75, 0.75, 0.75, 1.0, 1.0, 1.0]","[6, 8, 13, 4869, 4872, 4875]"
4876,"[1.0, 1.0, 1.0, 1.0, 1.0, 1.0]","[401, 408, 411, 414, 415, 416]"
4877,"[1.0, 1.0, 1.0, 1.0, 1.0, 1.0]","[20, 24, 26, 28, 30, 369]"
4878,"[1.0, 1.0, 1.0, 1.0, 1.0, 1.0]","[4861, 4864, 4878, 4949, 4950, 4951]"
4879,"[1.0, 1.0, 1.0, 1.0, 1.0, 1.0]","[401, 408, 411, 414, 415, 416]"
4880,"[1.0, 1.0, 1.0, 1.0, 1.0, 1.0]","[401, 408, 411, 414, 415, 416]"
4881,"[1.0, 1.0, 1.0, 1.0, 1.0, 1.0]","[401, 408, 411, 414, 415, 416]"
4882,"[1.0, 1.0, 1.0, 1.0, 1.0, 1.0]","[307, 313, 345, 347, 348, 359]"
4883,"[1.0, 1.0, 1.0, 1.0, 1.0, 1.0]","[401, 408, 411, 414, 415, 416]"
4884,"[1.0, 1.0, 1.0, 1.0, 1.0, 1.0]","[31, 1274, 1277, 1279, 1353, 1361]"
4885,"[1.0, 1.0, 1.0, 1.0, 1.0, 1.0]","[401, 408, 411, 414, 415, 416]"
4886,"[1.0, 1.0, 1.0, 1.0, 1.0, 1.0]","[401, 408, 411, 414, 415, 416]"
4887,"[1.0, 1.0, 1.0, 1.0, 1.0, 1.0]","[401, 408, 411, 414, 415, 416]"
4888,"[1.0, 1.0, 1.0, 1.0, 1.0, 1.0]","[401, 408, 411, 414, 415, 416]"
4889,"[1.0, 1.0, 1.0, 1.0, 1.0, 1.0]","[401, 408, 411, 414, 415, 416]"
4890,"[1.0, 1.0, 1.0, 1.0, 1.0, 1.0]","[401, 408, 411, 414, 415, 416]"
4891,"[1.0, 1.0, 1.0, 1.0, 1.0, 1.0]","[401, 408, 411, 414, 415, 416]"
4892,"[1.0, 1.0, 1.0, 1.0, 1.0, 1.0]","[401, 408, 411, 414, 415, 416]"
4893,"[1.0, 1.0, 1.0, 1.0, 1.0, 1.0]","[401, 408, 411, 414, 415, 416]"
4894,"[1.0, 1.0, 1.0, 1.0, 1.0, 1.0]","[401, 408, 411, 414, 415, 416]"
4895,"[1.0, 1.0, 1.0, 1.0, 1.0, 1.0]","[401, 408, 411, 414, 415, 416]"
4896,"[1.0, 1.0, 1.0, 1.0, 1.0, 1.0]","[401, 408, 411, 414, 415, 416]"
4897,"[1.0, 1.0, 1.0, 1.0, 1.0, 1.0]","[401, 408, 411, 414, 415, 416]"
4898,"[1.0, 1.0, 1.0, 1.0, 1.0, 1.0]","[401, 408, 411, 414, 415, 416]"
4899,"[1.0, 1.0, 1.0, 1.0, 1.0, 1.0]","[401, 408, 411, 414, 415, 416]"
4900,"[1.0, 1.0, 1.0, 1.0, 1.0, 1.0]","[401, 408, 411, 414, 415, 416]"
4901,"[1.0, 1.0, 1.0, 1.0, 1.0, 1.0]","[401, 408, 411, 414, 415, 416]"
4902,"[1.0, 1.0, 1.0, 1.0, 1.0, 1.0]","[401, 408, 411, 414, 415, 416]"
4903,"[1.0, 1.0, 1.0, 1.0, 1.0, 1.0]","[307, 313, 345, 347, 348, 359]"
4904,"[1.0, 1.0, 1.0, 1.0, 1.0, 1.0]","[401, 408, 411, 414, 415, 416]"
4905,"[1.0, 1.0, 1.0, 1.0, 1.0, 1.0]","[401, 408, 411, 414, 415, 416]"
4906,"[1.0, 1.0, 1.0, 1.0, 1.0, 1.0]","[3835, 3978, 4012, 4112, 4117, 4138]"
4907,"[1.0, 1.0, 1.0, 1.0, 1.0, 1.0]","[401, 408, 411, 414, 415, 416]"
4908,"[1.0, 1.0, 1.0, 1.0, 1.0, 1.0]","[401, 408, 411, 414, 415, 416]"
4909,"[1.0, 1.0, 1.0, 1.0, 1.0, 1.0]","[307, 313, 345, 347, 348, 359]"
4910,"[1.0, 1.0, 1.0, 1.0, 1.0, 1.0]","[401, 408, 411, 414, 415, 416]"
4911,"[1.0, 1.0, 1.0, 1.0, 1.0, 1.0]","[401, 408, 411, 414, 415, 416]"
4912,"[1.0, 1.0, 1.0, 1.0, 1.0, 1.0]","[307, 313, 345, 347, 348, 359]"
4913,"[1.0, 1.0, 1.0, 1.0, 1.0, 1.0]","[3835, 3978, 4012, 4112, 4117, 4138]"
4914,"[1.0, 1.0, 1.0, 1.0, 1.0, 1.0]","[307, 313, 345, 347, 348, 359]"
4915,"[0.75, 1.0, 1.0, 1.0, 1.0, 1.0]","[13, 4915, 4929, 4933, 4942, 4945]"
4916,"[1.0, 1.0, 1.0, 1.0, 1.0, 1.0]","[307, 313, 345, 347, 348, 359]"
4917,"[1.0, 1.0, 1.0, 1.0, 1.0, 1.0]","[307, 313, 345, 347, 348, 359]"
4918,"[1.0, 1.0, 1.0, 1.0, 1.0, 1.0]","[307, 313, 345, 347, 348, 359]"
4919,"[1.0, 1.0, 1.0, 1.0, 1.0, 1.0]","[3835, 3978, 4012, 4112, 4117, 4138]"
4920,"[1.0, 1.0, 1.0, 1.0, 1.0, 1.0]","[401, 408, 411, 414, 415, 416]"
4921,"[1.0, 1.0, 1.0, 1.0, 1.0, 1.0]","[401, 408, 411, 414, 415, 416]"
4922,"[1.0, 1.0, 1.0, 1.0, 1.0, 1.0]","[401, 408, 411, 414, 415, 416]"
4923,"[1.0, 1.0, 1.0, 1.0, 1.0, 1.0]","[401, 408, 411, 414, 415, 416]"
4924,"[1.0, 1.0, 1.0, 1.0, 1.0, 1.0]","[401, 408, 411, 414, 415, 416]"
4925,"[1.0, 1.0, 1.0, 1.0, 1.0, 1.0]","[307, 313, 345, 347, 348, 359]"
4926,"[1.0, 1.0, 1.0, 1.0, 1.0, 1.0]","[401, 408, 411, 414, 415, 416]"
4927,"[1.0, 1.0, 1.0, 1.0, 1.0, 1.0]","[401, 408, 411, 414, 415, 416]"
4928,"[1.0, 1.0, 1.0, 1.0, 1.0, 1.0]","[307, 313, 345, 347, 348, 359]"
4929,"[0.75, 1.0, 1.0, 1.0, 1.0, 1.0]","[13, 4915, 4929, 4933, 4942, 4945]"
4930,"[1.0, 1.0, 1.0, 1.0, 1.0, 1.0]","[307, 313, 345, 347, 348, 359]"
4931,"[1.0, 1.0, 1.0, 1.0, 1.0, 1.0]","[307, 313, 345, 347, 348, 359]"
4932,"[0.75, 0.75, 0.75, 1.0, 1.0, 1.0]","[6, 8, 13, 4932, 4935, 4938]"
4933,"[0.75, 1.0, 1.0, 1.0, 1.0, 1.0]","[13, 4915, 4929, 4933, 4942, 4945]"
4934,"[1.0, 1.0, 1.0, 1.0, 1.0, 1.0]","[307, 313, 345, 347, 348, 359]"
4935,"[0.75, 0.75, 0.75, 1.0, 1.0, 1.0]","[6, 8, 13, 4932, 4935, 4938]"
4936,"[1.0, 1.0, 1.0, 1.0, 1.0, 1.0]","[32, 1700, 1719, 1720, 1747, 1758]"
4937,"[1.0, 1.0, 1.0, 1.0, 1.0, 1.0]","[307, 313, 345, 347, 348, 359]"
4938,"[0.75, 0.75, 0.75, 1.0, 1.0, 1.0]","[6, 8, 13, 4932, 4935, 4938]"
4939,"[1.0, 1.0, 1.0, 1.0, 1.0, 1.0]","[32, 1700, 1719, 1720, 1747, 1758]"
4940,"[1.0, 1.0, 1.0, 1.0, 1.0, 1.0]","[401, 408, 411, 414, 415, 416]"
4941,"[1.0, 1.0, 1.0, 1.0, 1.0, 1.0]","[401, 408, 411, 414, 415, 416]"
4942,"[0.75, 1.0, 1.0, 1.0, 1.0, 1.0]","[13, 4915, 4929, 4933, 4942, 4945]"
4943,"[1.0, 1.0, 1.0, 1.0, 1.0, 1.0]","[401, 408, 411, 414, 415, 416]"
4944,"[1.0, 1.0, 1.0, 1.0, 1.0, 1.0]","[401, 408, 411, 414, 415, 416]"
4945,"[0.75, 1.0, 1.0, 1.0, 1.0, 1.0]","[13, 4915, 4929, 4933, 4942, 4945]"
4946,"[1.0, 1.0, 1.0, 1.0, 1.0, 1.0]","[307, 313, 345, 347, 348, 359]"
4947,"[1.0, 1.0, 1.0, 1.0, 1.0, 1.0]","[3835, 3978, 4012, 4112, 4117, 4138]"
4948,"[1.0, 1.0, 1.0, 1.0, 1.0, 1.0]","[164, 1942, 1949, 4533, 4536, 4539]"
4949,"[1.0, 1.0, 1.0, 1.0, 1.0, 1.0]","[4861, 4864, 4878, 4949, 4950, 4951]"
4950,"[1.0, 1.0, 1.0, 1.0, 1.0, 1.0]","[4861, 4864, 4878, 4949, 4950, 4951]"
4951,"[1.0, 1.0, 1.0, 1.0, 1.0, 1.0]","[4861, 4864, 4878, 4949, 4950, 4951]"
4952,"[1.0, 1.0, 1.0, 1.0, 1.0, 1.0]","[307, 313, 345, 347, 348, 359]"
4953,"[1.0, 1.0, 1.0, 1.0, 1.0, 1.0]","[307, 313, 345, 347, 348, 359]"
4954,"[1.0, 1.0, 1.0, 1.0, 1.0, 1.0]","[307, 313, 345, 347, 348, 359]"
4955,"[1.0, 1.0, 1.0, 1.0, 1.0, 1.0]","[307, 313, 345, 347, 348, 359]"
4956,"[1.0, 1.0, 1.0, 1.0, 1.0, 1.0]","[307, 313, 345, 347, 348, 359]"
4957,"[1.0, 1.0, 1.0, 1.0, 1.0, 1.0]","[689, 1077, 1078, 1080, 1081, 1146]"
4958,"[1.0, 1.0, 1.0, 1.0, 1.0, 1.0]","[307, 313, 345, 347, 348, 359]"
4959,"[1.0, 1.0, 1.0, 1.0, 1.0, 1.0]","[32, 1700, 1719, 1720, 1747, 1758]"
4960,"[0.75, 0.75, 0.75, 0.75, 1.0, 1.0]","[72, 93, 125, 133, 4960, 5743]"
4961,"[1.0, 1.0, 1.0, 1.0, 1.0, 1.0]","[1701, 1722, 1788, 3672, 4076, 4123]"
4962,"[1.0, 0.75, 0.75, 1.0, 1.0, 1.0]","[36, 143, 145, 1853, 4962, 5745]"
4963,"[1.0, 1.0, 1.0, 1.0, 1.0, 1.0]","[1280, 1501, 1507, 1511, 1636, 1699]"
4964,"[0.75, 0.75, 0.75, 0.75, 1.0, 1.0]","[72, 93, 125, 133, 4964, 4965]"
4965,"[0.75, 0.75, 0.75, 0.75, 1.0, 1.0]","[72, 93, 125, 133, 4964, 4965]"
4966,"[0.75, 0.75, 0.75, 0.75, 1.0, 1.0]","[72, 93, 125, 133, 4966, 4967]"
4967,"[0.75, 0.75, 0.75, 0.75, 1.0, 1.0]","[72, 93, 125, 133, 4966, 4967]"
4968,"[1.0, 1.0, 1.0, 1.0, 1.0, 1.0]","[33, 153, 155, 171, 194, 195]"
4969,"[1.0, 1.0, 1.0, 1.0, 1.0, 1.0]","[34, 202, 318, 349, 398, 409]"
4970,"[0.75, 0.75, 0.75, 1.0, 1.0, 1.0]","[6, 8, 13, 4970, 4972, 4974]"
4971,"[1.0, 1.0, 1.0, 1.0, 1.0, 1.0]","[33, 153, 155, 171, 194, 195]"
4972,"[0.75, 0.75, 0.75, 1.0, 1.0, 1.0]","[6, 8, 13, 4970, 4972, 4974]"
4973,"[1.0, 1.0, 1.0, 1.0, 1.0, 1.0]","[34, 202, 318, 349, 398, 409]"
4974,"[0.75, 0.75, 0.75, 1.0, 1.0, 1.0]","[6, 8, 13, 4970, 4972, 4974]"
4975,"[1.0, 1.0, 1.0, 1.0, 1.0, 1.0]","[33, 153, 155, 171, 194, 195]"
4976,"[1.0, 1.0, 1.0, 1.0, 1.0, 1.0]","[1261, 1263, 1265, 1266, 1267, 1268]"
4977,"[1.0, 1.0, 1.0, 1.0, 1.0, 1.0]","[34, 202, 318, 349, 398, 409]"
4978,"[0.75, 0.75, 0.75, 0.75, 0.75, 1.0]","[35, 47, 55, 58, 97, 4978]"
4979,"[0.75, 0.75, 0.75, 0.75, 0.75, 1.0]","[70, 72, 93, 125, 133, 4979]"
4980,"[0.75, 0.75, 0.75, 0.75, 0.75, 1.0]","[70, 72, 93, 125, 133, 4980]"
4981,"[0.75, 0.75, 0.75, 0.75, 1.0, 1.0]","[47, 55, 58, 97, 4981, 4982]"
4982,"[0.75, 0.75, 0.75, 0.75, 1.0, 1.0]","[47, 55, 58, 97, 4981, 4982]"
4983,"[1.0, 1.0, 1.0, 1.0, 1.0, 1.0]","[34, 202, 318, 349, 398, 409]"
4984,"[1.0, 1.0, 1.0, 1.0, 1.0, 1.0]","[20, 24, 26, 28, 30, 369]"
4985,"[1.0, 1.0, 1.0, 1.0, 1.0, 1.0]","[20, 24, 26, 28, 30, 369]"
4986,"[1.0, 1.0, 1.0, 1.0, 1.0, 1.0]","[1261, 1263, 1265, 1266, 1267, 1268]"
4987,"[0.75, 0.75, 0.75, 0.75, 0.75, 1.0]","[35, 47, 55, 58, 97, 4987]"
4988,"[0.75, 0.75, 0.75, 0.75, 0.75, 1.0]","[70, 72, 93, 125, 133, 4988]"
4989,"[1.0, 1.0, 1.0, 1.0, 1.0, 1.0]","[307, 313, 345, 347, 348, 359]"
4990,"[1.0, 1.0, 1.0, 1.0, 1.0, 1.0]","[307, 313, 345, 347, 348, 359]"
4991,"[1.0, 1.0, 1.0, 1.0, 1.0, 1.0]","[307, 313, 345, 347, 348, 359]"
4992,"[1.0, 1.0, 1.0, 1.0, 1.0, 1.0]","[307, 313, 345, 347, 348, 359]"
4993,"[1.0, 1.0, 1.0, 1.0, 1.0, 1.0]","[307, 313, 345, 347, 348, 359]"
4994,"[1.0, 1.0, 1.0, 1.0, 1.0, 1.0]","[549, 4994, 5068, 5092, 5972, 5977]"
4995,"[0.75, 0.75, 0.75, 1.0, 1.0, 1.0]","[55, 74, 75, 449, 4995, 4996]"
4996,"[0.75, 0.75, 0.75, 1.0, 1.0, 1.0]","[55, 74, 75, 449, 4995, 4996]"
4997,"[0.75, 0.75, 0.75, 1.0, 1.0, 1.0]","[55, 74, 75, 4997, 5067, 5836]"
4998,"[0.75, 1.0, 1.0, 1.0, 1.0, 1.0]","[75, 3529, 4998, 5025, 5027, 5105]"
4999,"[1.0, 1.0, 1.0, 1.0, 1.0, 1.0]","[307, 313, 345, 347, 348, 359]"
5000,"[1.0, 1.0, 1.0, 1.0, 1.0, 1.0]","[34, 202, 318, 349, 398, 409]"
5001,"[0.75, 1.0, 1.0, 1.0, 1.0, 1.0]","[3760, 5001, 5018, 5030, 5034, 5044]"
5002,"[1.0, 1.0, 1.0, 1.0, 1.0, 1.0]","[399, 404, 405, 410, 602, 721]"
5003,"[0.75, 0.75, 0.75, 0.75, 1.0, 1.0]","[47, 55, 58, 97, 5003, 5160]"
5004,"[1.0, 1.0, 1.0, 1.0, 1.0, 1.0]","[307, 313, 345, 347, 348, 359]"
5005,"[1.0, 1.0, 1.0, 1.0, 1.0, 1.0]","[34, 202, 318, 349, 398, 409]"
5006,"[1.0, 1.0, 1.0, 1.0, 1.0, 1.0]","[499, 500, 501, 1256, 5006, 5009]"
5007,"[1.0, 1.0, 1.0, 1.0, 1.0, 1.0]","[164, 1942, 1949, 4533, 4536, 4539]"
5008,"[1.0, 1.0, 1.0, 1.0, 1.0, 1.0]","[147, 157, 158, 159, 247, 248]"
5009,"[1.0, 1.0, 1.0, 1.0, 1.0, 1.0]","[499, 500, 501, 1256, 5006, 5009]"
5010,"[1.0, 1.0, 1.0, 1.0, 1.0, 1.0]","[499, 500, 501, 1256, 5006, 5009]"
5011,"[1.0, 1.0, 1.0, 1.0, 1.0, 1.0]","[499, 500, 501, 1256, 5006, 5009]"
5012,"[0.75, 1.0, 1.0, 1.0, 1.0, 1.0]","[891, 897, 5012, 5022, 5041, 5047]"
5013,"[1.0, 1.0, 1.0, 1.0, 1.0, 1.0]","[499, 500, 501, 1256, 5006, 5009]"
5014,"[1.0, 1.0, 1.0, 1.0, 1.0, 1.0]","[399, 404, 405, 410, 602, 721]"
5015,"[1.0, 1.0, 1.0, 1.0, 1.0, 1.0]","[499, 500, 501, 1256, 5006, 5009]"
5016,"[1.0, 1.0, 1.0, 1.0, 1.0, 1.0]","[307, 313, 345, 347, 348, 359]"
5017,"[0.75, 0.75, 0.75, 1.0, 1.0, 1.0]","[55, 74, 75, 5017, 5021, 5794]"
5018,"[0.75, 1.0, 1.0, 1.0, 1.0, 1.0]","[3760, 5001, 5018, 5030, 5034, 5044]"
5019,"[1.0, 1.0, 1.0, 1.0, 1.0, 1.0]","[499, 500, 501, 1256, 5006, 5009]"
5020,"[1.0, 1.0, 1.0, 1.0, 1.0, 1.0]","[307, 313, 345, 347, 348, 359]"
5021,"[0.75, 0.75, 0.75, 1.0, 1.0, 1.0]","[55, 74, 75, 5017, 5021, 5794]"
5022,"[0.75, 1.0, 1.0, 1.0, 1.0, 1.0]","[891, 897, 5012, 5022, 5041, 5047]"
5023,"[1.0, 1.0, 1.0, 1.0, 1.0, 1.0]","[499, 500, 501, 1256, 5006, 5009]"
5024,"[0.75, 0.75, 0.75, 1.0, 1.0, 1.0]","[55, 74, 75, 80, 3505, 5024]"
5025,"[0.75, 1.0, 1.0, 1.0, 1.0, 1.0]","[75, 3529, 4998, 5025, 5027, 5105]"
5026,"[1.0, 1.0, 1.0, 1.0, 1.0, 1.0]","[499, 500, 501, 1256, 5006, 5009]"
5027,"[0.75, 1.0, 1.0, 1.0, 1.0, 1.0]","[75, 3529, 4998, 5025, 5027, 5105]"
5028,"[1.0, 1.0, 1.0, 1.0, 1.0, 1.0]","[499, 500, 501, 1256, 5006, 5009]"
5029,"[1.0, 1.0, 1.0, 1.0, 1.0, 1.0]","[35, 55, 323, 742, 1169, 1302]"
5030,"[0.75, 1.0, 1.0, 1.0, 1.0, 1.0]","[3760, 5001, 5018, 5030, 5034, 5044]"
5031,"[1.0, 1.0, 1.0, 1.0, 1.0, 1.0]","[499, 500, 501, 1256, 5006, 5009]"
5032,"[0.75, 0.75, 0.75, 0.75, 0.75, 1.0]","[35, 47, 55, 58, 97, 5032]"
5033,"[0.75, 0.75, 0.75, 0.75, 0.75, 1.0]","[70, 72, 93, 125, 133, 5033]"
5034,"[0.75, 1.0, 1.0, 1.0, 1.0, 1.0]","[3760, 5001, 5018, 5030, 5034, 5044]"
5035,"[1.0, 1.0, 1.0, 1.0, 1.0, 1.0]","[5035, 5055, 5057, 5074, 5076, 5077]"
5036,"[1.0, 1.0, 1.0, 1.0, 1.0, 1.0]","[499, 500, 501, 1256, 5006, 5009]"
5037,"[0.75, 0.75, 0.75, 0.75, 0.75, 1.0]","[35, 47, 55, 58, 97, 5037]"
5038,"[0.75, 0.75, 0.75, 0.75, 0.75, 1.0]","[70, 72, 93, 125, 133, 5038]"
5039,"[1.0, 1.0, 1.0, 1.0, 1.0, 1.0]","[499, 500, 501, 1256, 5006, 5009]"
5040,"[1.0, 1.0, 1.0, 1.0, 1.0, 1.0]","[35, 55, 323, 742, 1169, 1302]"
5041,"[0.75, 1.0, 1.0, 1.0, 1.0, 1.0]","[891, 897, 5012, 5022, 5041, 5047]"
5042,"[1.0, 1.0, 1.0, 1.0, 1.0, 1.0]","[499, 500, 501, 1256, 5006, 5009]"
5043,"[1.0, 1.0, 1.0, 1.0, 1.0, 1.0]","[35, 55, 323, 742, 1169, 1302]"
5044,"[0.75, 1.0, 1.0, 1.0, 1.0, 1.0]","[3760, 5001, 5018, 5030, 5034, 5044]"
5045,"[1.0, 1.0, 1.0, 1.0, 1.0, 1.0]","[499, 500, 501, 1256, 5006, 5009]"
5046,"[1.0, 1.0, 1.0, 1.0, 1.0, 1.0]","[35, 55, 323, 742, 1169, 1302]"
5047,"[0.75, 1.0, 1.0, 1.0, 1.0, 1.0]","[891, 897, 5012, 5022, 5041, 5047]"
5048,"[1.0, 1.0, 1.0, 1.0, 1.0, 1.0]","[499, 500, 501, 1256, 5006, 5009]"
5049,"[1.0, 1.0, 1.0, 1.0, 1.0, 1.0]","[399, 404, 405, 410, 602, 721]"
5050,"[1.0, 1.0, 1.0, 1.0, 1.0, 1.0]","[499, 500, 501, 1256, 5006, 5009]"
5051,"[1.0, 1.0, 1.0, 1.0, 1.0, 1.0]","[399, 404, 405, 410, 602, 721]"
5052,"[1.0, 1.0, 1.0, 1.0, 1.0, 1.0]","[499, 500, 501, 1256, 5006, 5009]"
5053,"[0.75, 0.75, 0.75, 0.75, 0.75, 1.0]","[35, 47, 55, 58, 97, 5053]"
5054,"[0.75, 0.75, 0.75, 0.75, 1.0, 0.75]","[509, 518, 4997, 5053, 5054, 5059]"
5055,"[1.0, 1.0, 1.0, 1.0, 1.0, 1.0]","[5035, 5055, 5057, 5074, 5076, 5077]"
5056,"[1.0, 1.0, 1.0, 1.0, 1.0, 1.0]","[499, 500, 501, 1256, 5006, 5009]"
5057,"[1.0, 1.0, 1.0, 1.0, 1.0, 1.0]","[5035, 5055, 5057, 5074, 5076, 5077]"
5058,"[1.0, 1.0, 1.0, 1.0, 1.0, 1.0]","[499, 500, 501, 1256, 5006, 5009]"
5059,"[0.75, 0.75, 0.75, 0.75, 1.0, 0.75]","[509, 518, 4997, 5054, 5059, 5060]"
5060,"[0.75, 0.75, 0.75, 0.75, 1.0, 1.0]","[47, 55, 58, 97, 5060, 5061]"
5061,"[0.75, 0.75, 0.75, 0.75, 1.0, 1.0]","[47, 55, 58, 97, 5060, 5061]"
5062,"[1.0, 1.0, 1.0, 1.0, 1.0, 1.0]","[522, 524, 526, 539, 545, 5062]"
5063,"[1.0, 1.0, 1.0, 1.0, 1.0, 1.0]","[33, 153, 155, 171, 194, 195]"
5064,"[1.0, 1.0, 1.0, 1.0, 1.0, 1.0]","[499, 500, 501, 1256, 5006, 5009]"
5065,"[1.0, 1.0, 1.0, 1.0, 1.0, 1.0]","[499, 500, 501, 1256, 5006, 5009]"
5066,"[1.0, 1.0, 1.0, 1.0, 1.0, 1.0]","[499, 500, 501, 1256, 5006, 5009]"
5067,"[0.75, 0.75, 0.75, 1.0, 1.0, 1.0]","[55, 74, 75, 4997, 5067, 5836]"
5068,"[1.0, 1.0, 1.0, 1.0, 1.0, 1.0]","[549, 4994, 5068, 5092, 5972, 5977]"
5069,"[1.0, 1.0, 1.0, 1.0, 1.0, 1.0]","[499, 500, 501, 1256, 5006, 5009]"
5070,"[0.75, 0.75, 0.75, 0.75, 0.75, 1.0]","[192, 538, 856, 910, 3529, 5070]"
5071,"[0.75, 0.75, 1.0, 1.0, 1.0, 1.0]","[58, 97, 5071, 5072, 5080, 5086]"
5072,"[0.75, 0.75, 1.0, 1.0, 1.0, 1.0]","[58, 97, 5071, 5072, 5080, 5086]"
5073,"[1.0, 1.0, 1.0, 1.0, 1.0, 1.0]","[499, 500, 501, 1256, 5006, 5009]"
5074,"[1.0, 1.0, 1.0, 1.0, 1.0, 1.0]","[5035, 5055, 5057, 5074, 5076, 5077]"
5075,"[1.0, 1.0, 1.0, 1.0, 1.0, 1.0]","[510, 512, 519, 521, 542, 543]"
5076,"[1.0, 1.0, 1.0, 1.0, 1.0, 1.0]","[5035, 5055, 5057, 5074, 5076, 5077]"
5077,"[1.0, 1.0, 1.0, 1.0, 1.0, 1.0]","[5035, 5055, 5057, 5074, 5076, 5077]"
5078,"[1.0, 1.0, 1.0, 1.0, 1.0, 1.0]","[5035, 5055, 5057, 5074, 5076, 5077]"
5079,"[1.0, 1.0, 1.0, 1.0, 1.0, 1.0]","[499, 500, 501, 1256, 5006, 5009]"
5080,"[0.75, 0.75, 1.0, 1.0, 1.0, 1.0]","[58, 97, 5071, 5072, 5080, 5086]"
5081,"[1.0, 1.0, 1.0, 1.0, 1.0, 1.0]","[20, 24, 26, 28, 30, 369]"
5082,"[1.0, 1.0, 1.0, 1.0, 1.0, 1.0]","[5035, 5055, 5057, 5074, 5076, 5077]"
5083,"[1.0, 1.0, 1.0, 1.0, 1.0, 1.0]","[5035, 5055, 5057, 5074, 5076, 5077]"
5084,"[1.0, 1.0, 1.0, 1.0, 1.0, 1.0]","[5035, 5055, 5057, 5074, 5076, 5077]"
5085,"[1.0, 1.0, 1.0, 1.0, 1.0, 1.0]","[499, 500, 501, 1256, 5006, 5009]"
5086,"[0.75, 0.75, 1.0, 1.0, 1.0, 1.0]","[58, 97, 5071, 5072, 5080, 5086]"
5087,"[1.0, 1.0, 1.0, 1.0, 1.0, 1.0]","[499, 500, 501, 1256, 5006, 5009]"
5088,"[1.0, 1.0, 1.0, 1.0, 1.0, 1.0]","[499, 500, 501, 1256, 5006, 5009]"
5089,"[1.0, 1.0, 1.0, 1.0, 1.0, 1.0]","[499, 500, 501, 1256, 5006, 5009]"
5090,"[0.75, 0.75, 0.75, 0.75, 0.75, 1.0]","[70, 72, 93, 125, 133, 5090]"
5091,"[0.75, 0.75, 0.75, 0.75, 0.75, 1.0]","[192, 538, 856, 910, 3529, 5091]"
5092,"[1.0, 1.0, 1.0, 1.0, 1.0, 1.0]","[549, 4994, 5068, 5092, 5972, 5977]"
5093,"[0.75, 0.75, 0.75, 0.75, 0.75, 1.0]","[35, 47, 55, 58, 97, 5093]"
5094,"[1.0, 1.0, 1.0, 1.0, 1.0, 1.0]","[499, 500, 501, 1256, 5006, 5009]"
5095,"[1.0, 1.0, 1.0, 1.0, 1.0, 1.0]","[33, 153, 155, 171, 194, 195]"
5096,"[1.0, 1.0, 1.0, 1.0, 1.0, 1.0]","[510, 512, 519, 521, 542, 543]"
5097,"[1.0, 1.0, 1.0, 1.0, 1.0, 1.0]","[499, 500, 501, 1256, 5006, 5009]"
5098,"[1.0, 1.0, 1.0, 1.0, 1.0, 1.0]","[20, 24, 26, 28, 30, 369]"
5099,"[1.0, 1.0, 1.0, 1.0, 1.0, 1.0]","[499, 500, 501, 1256, 5006, 5009]"
5100,"[1.0, 1.0, 1.0, 1.0, 1.0, 1.0]","[522, 524, 526, 539, 545, 5062]"
5101,"[1.0, 1.0, 1.0, 1.0, 1.0, 1.0]","[499, 500, 501, 1256, 5006, 5009]"
5102,"[0.75, 0.75, 0.75, 0.75, 0.75, 1.0]","[192, 538, 856, 910, 3529, 5102]"
5103,"[0.75, 0.75, 0.75, 0.75, 0.75, 1.0]","[70, 72, 93, 125, 133, 5103]"
5104,"[1.0, 1.0, 1.0, 1.0, 1.0, 1.0]","[499, 500, 501, 1256, 5006, 5009]"
5105,"[0.75, 1.0, 1.0, 1.0, 1.0, 1.0]","[75, 3529, 4998, 5025, 5027, 5105]"
5106,"[1.0, 1.0, 1.0, 1.0, 1.0, 1.0]","[499, 500, 501, 1256, 5006, 5009]"
5107,"[1.0, 1.0, 1.0, 1.0, 1.0, 1.0]","[499, 500, 501, 1256, 5006, 5009]"
5108,"[1.0, 1.0, 1.0, 1.0, 1.0, 1.0]","[307, 313, 345, 347, 348, 359]"
5109,"[1.0, 1.0, 1.0, 1.0, 1.0, 1.0]","[34, 202, 318, 349, 398, 409]"
5110,"[1.0, 1.0, 1.0, 1.0, 1.0, 1.0]","[499, 500, 501, 1256, 5006, 5009]"
5111,"[1.0, 1.0, 1.0, 1.0, 1.0, 1.0]","[145, 146, 154, 303, 338, 381]"
5112,"[1.0, 1.0, 1.0, 1.0, 1.0, 1.0]","[499, 500, 501, 1256, 5006, 5009]"
5113,"[0.75, 1.0, 1.0, 1.0, 1.0, 1.0]","[75, 644, 645, 5113, 5738, 5739]"
5114,"[1.0, 1.0, 1.0, 1.0, 1.0, 1.0]","[33, 153, 155, 171, 194, 195]"
5115,"[1.0, 1.0, 1.0, 1.0, 1.0, 1.0]","[636, 860, 861, 862, 863, 864]"
5116,"[1.0, 1.0, 1.0, 1.0, 1.0, 1.0]","[636, 860, 861, 862, 863, 864]"
5117,"[1.0, 1.0, 1.0, 1.0, 1.0, 1.0]","[145, 146, 154, 303, 338, 381]"
5118,"[1.0, 1.0, 1.0, 1.0, 1.0, 1.0]","[499, 500, 501, 1256, 5006, 5009]"
5119,"[1.0, 1.0, 1.0, 1.0, 1.0, 1.0]","[452, 453, 454, 455, 456, 457]"
5120,"[1.0, 1.0, 1.0, 1.0, 1.0, 1.0]","[145, 146, 154, 303, 338, 381]"
5121,"[1.0, 1.0, 1.0, 1.0, 1.0, 1.0]","[499, 500, 501, 1256, 5006, 5009]"
5122,"[1.0, 1.0, 1.0, 1.0, 1.0, 1.0]","[34, 202, 318, 349, 398, 409]"
5123,"[1.0, 1.0, 1.0, 1.0, 1.0, 1.0]","[1261, 1263, 1265, 1266, 1267, 1268]"
5124,"[1.0, 1.0, 1.0, 1.0, 1.0, 1.0]","[1261, 1263, 1265, 1266, 1267, 1268]"
5125,"[1.0, 1.0, 1.0, 1.0, 1.0, 1.0]","[499, 500, 501, 1256, 5006, 5009]"
5126,"[0.75, 0.75, 0.75, 1.0, 1.0, 1.0]","[6, 8, 13, 5126, 5135, 5148]"
5127,"[1.0, 1.0, 1.0, 1.0, 1.0, 1.0]","[5127, 5129, 5130, 5132, 5133, 5137]"
5128,"[0.75, 0.75, 0.75, 0.75, 1.0, 1.0]","[652, 812, 813, 814, 5128, 5136]"
5129,"[1.0, 1.0, 1.0, 1.0, 1.0, 1.0]","[5127, 5129, 5130, 5132, 5133, 5137]"
5130,"[1.0, 1.0, 1.0, 1.0, 1.0, 1.0]","[5127, 5129, 5130, 5132, 5133, 5137]"
5131,"[1.0, 1.0, 1.0, 1.0, 1.0, 1.0]","[499, 500, 501, 1256, 5006, 5009]"
5132,"[1.0, 1.0, 1.0, 1.0, 1.0, 1.0]","[5127, 5129, 5130, 5132, 5133, 5137]"
5133,"[1.0, 1.0, 1.0, 1.0, 1.0, 1.0]","[5127, 5129, 5130, 5132, 5133, 5137]"
5134,"[0.75, 0.75, 0.75, 0.75, 0.75, 1.0]","[70, 72, 93, 125, 133, 5134]"
5135,"[0.75, 0.75, 0.75, 1.0, 1.0, 1.0]","[6, 8, 13, 5126, 5135, 5148]"
5136,"[0.75, 0.75, 0.75, 0.75, 1.0, 1.0]","[652, 812, 813, 814, 5128, 5136]"
5137,"[1.0, 1.0, 1.0, 1.0, 1.0, 1.0]","[5127, 5129, 5130, 5132, 5133, 5137]"
5138,"[1.0, 1.0, 1.0, 1.0, 1.0, 1.0]","[5127, 5129, 5130, 5132, 5133, 5137]"
5139,"[1.0, 1.0, 1.0, 1.0, 1.0, 1.0]","[5127, 5129, 5130, 5132, 5133, 5137]"
5140,"[1.0, 1.0, 1.0, 1.0, 1.0, 1.0]","[5127, 5129, 5130, 5132, 5133, 5137]"
5141,"[1.0, 1.0, 1.0, 1.0, 1.0, 1.0]","[499, 500, 501, 1256, 5006, 5009]"
5142,"[1.0, 1.0, 1.0, 1.0, 1.0, 1.0]","[499, 500, 501, 1256, 5006, 5009]"
5143,"[0.75, 0.75, 0.75, 0.75, 0.75, 1.0]","[649, 652, 812, 813, 814, 5143]"
5144,"[0.75, 0.75, 0.75, 0.75, 0.75, 1.0]","[70, 72, 93, 125, 133, 5144]"
5145,"[0.5, 0.5, 0.5, 1.0, 0.75, 0.75]","[1851, 2024, 3733, 5145, 5155, 5156]"
5146,"[1.0, 1.0, 1.0, 1.0, 1.0, 1.0]","[499, 500, 501, 1256, 5006, 5009]"
5147,"[1.0, 1.0, 1.0, 1.0, 1.0, 1.0]","[499, 500, 501, 1256, 5006, 5009]"
5148,"[0.75, 0.75, 0.75, 1.0, 1.0, 1.0]","[6, 8, 13, 5126, 5135, 5148]"
5149,"[1.0, 1.0, 1.0, 1.0, 1.0, 1.0]","[34, 202, 318, 349, 398, 409]"
5150,"[1.0, 1.0, 1.0, 1.0, 1.0, 1.0]","[145, 146, 154, 303, 338, 381]"
5151,"[1.0, 1.0, 1.0, 1.0, 1.0, 1.0]","[499, 500, 501, 1256, 5006, 5009]"
5152,"[1.0, 1.0, 1.0, 1.0, 1.0, 1.0]","[499, 500, 501, 1256, 5006, 5009]"
5153,"[1.0, 1.0, 1.0, 1.0, 1.0, 1.0]","[1261, 1263, 1265, 1266, 1267, 1268]"
5154,"[1.0, 1.0, 1.0, 1.0, 1.0, 1.0]","[1261, 1263, 1265, 1266, 1267, 1268]"
5155,"[0.5, 0.5, 0.5, 0.75, 1.0, 1.0]","[1851, 2024, 3733, 5145, 5155, 5156]"
5156,"[0.5, 0.5, 0.5, 0.75, 1.0, 1.0]","[1851, 2024, 3733, 5145, 5155, 5156]"
5157,"[1.0, 1.0, 1.0, 1.0, 1.0, 1.0]","[499, 500, 501, 1256, 5006, 5009]"
5158,"[1.0, 1.0, 1.0, 1.0, 1.0, 1.0]","[499, 500, 501, 1256, 5006, 5009]"
5159,"[1.0, 1.0, 1.0, 1.0, 1.0, 1.0]","[499, 500, 501, 1256, 5006, 5009]"
5160,"[0.75, 0.75, 0.75, 0.75, 1.0, 1.0]","[47, 55, 58, 97, 5003, 5160]"
5161,"[1.0, 1.0, 1.0, 1.0, 1.0, 1.0]","[307, 313, 345, 347, 348, 359]"
5162,"[1.0, 1.0, 1.0, 1.0, 1.0, 1.0]","[307, 313, 345, 347, 348, 359]"
5163,"[1.0, 1.0, 1.0, 1.0, 1.0, 1.0]","[307, 313, 345, 347, 348, 359]"
5164,"[1.0, 1.0, 1.0, 1.0, 1.0, 1.0]","[307, 313, 345, 347, 348, 359]"
5165,"[1.0, 1.0, 1.0, 1.0, 1.0, 1.0]","[34, 202, 318, 349, 398, 409]"
5166,"[1.0, 1.0, 1.0, 1.0, 1.0, 1.0]","[319, 1547, 1843, 1847, 1852, 1915]"
5167,"[1.0, 1.0, 1.0, 1.0, 1.0, 1.0]","[35, 55, 323, 742, 1169, 1302]"
5168,"[1.0, 1.0, 1.0, 1.0, 1.0, 1.0]","[33, 153, 155, 171, 194, 195]"
5169,"[1.0, 1.0, 1.0, 1.0, 1.0, 1.0]","[34, 202, 318, 349, 398, 409]"
5170,"[1.0, 1.0, 1.0, 1.0, 1.0, 1.0]","[401, 408, 411, 414, 415, 416]"
5171,"[1.0, 1.0, 1.0, 1.0, 1.0, 1.0]","[1261, 1263, 1265, 1266, 1267, 1268]"
5172,"[1.0, 1.0, 1.0, 1.0, 1.0, 1.0]","[1261, 1263, 1265, 1266, 1267, 1268]"
5173,"[1.0, 1.0, 1.0, 1.0, 1.0, 1.0]","[1261, 1263, 1265, 1266, 1267, 1268]"
5174,"[1.0, 1.0, 1.0, 1.0, 1.0, 1.0]","[33, 153, 155, 171, 194, 195]"
5175,"[1.0, 1.0, 1.0, 1.0, 1.0, 1.0]","[1280, 1501, 1507, 1511, 1636, 1699]"
5176,"[1.0, 1.0, 1.0, 1.0, 1.0, 1.0]","[145, 146, 154, 303, 338, 381]"
5177,"[1.0, 1.0, 1.0, 1.0, 1.0, 1.0]","[145, 146, 154, 303, 338, 381]"
5178,"[1.0, 1.0, 1.0, 1.0, 1.0, 1.0]","[401, 408, 411, 414, 415, 416]"
5179,"[1.0, 1.0, 1.0, 1.0, 1.0, 1.0]","[1261, 1263, 1265, 1266, 1267, 1268]"
5180,"[1.0, 1.0, 1.0, 1.0, 1.0, 1.0]","[1261, 1263, 1265, 1266, 1267, 1268]"
5181,"[1.0, 1.0, 1.0, 1.0, 1.0, 1.0]","[307, 313, 345, 347, 348, 359]"
5182,"[1.0, 1.0, 1.0, 1.0, 1.0, 1.0]","[1865, 1866, 3807, 3808, 4195, 4196]"
5183,"[1.0, 1.0, 1.0, 1.0, 1.0, 1.0]","[1865, 1866, 3807, 3808, 4195, 4196]"
5184,"[1.0, 1.0, 1.0, 1.0, 1.0, 1.0]","[307, 313, 345, 347, 348, 359]"
5185,"[1.0, 1.0, 1.0, 1.0, 1.0, 1.0]","[307, 313, 345, 347, 348, 359]"
5186,"[1.0, 1.0, 1.0, 1.0, 1.0, 1.0]","[1869, 1870, 1871, 4199, 4200, 4201]"
5187,"[1.0, 1.0, 1.0, 1.0, 1.0, 1.0]","[1869, 1870, 1871, 4199, 4200, 4201]"
5188,"[1.0, 1.0, 1.0, 1.0, 1.0, 1.0]","[1869, 1870, 1871, 4199, 4200, 4201]"
5189,"[1.0, 1.0, 1.0, 1.0, 1.0, 1.0]","[307, 313, 345, 347, 348, 359]"
5190,"[1.0, 1.0, 1.0, 1.0, 1.0, 1.0]","[307, 313, 345, 347, 348, 359]"
5191,"[0.75, 0.75, 0.75, 1.0, 1.0, 1.0]","[93, 125, 133, 1874, 4204, 5191]"
5192,"[1.0, 1.0, 1.0, 1.0, 1.0, 1.0]","[307, 313, 345, 347, 348, 359]"
5193,"[1.0, 1.0, 1.0, 1.0, 1.0, 1.0]","[307, 313, 345, 347, 348, 359]"
5194,"[1.0, 1.0, 1.0, 1.0, 1.0, 1.0]","[1605, 1606, 1607, 4207, 4208, 4209]"
5195,"[1.0, 1.0, 1.0, 1.0, 1.0, 1.0]","[1605, 1606, 1607, 4207, 4208, 4209]"
5196,"[1.0, 1.0, 1.0, 1.0, 1.0, 1.0]","[1605, 1606, 1607, 4207, 4208, 4209]"
5197,"[1.0, 1.0, 1.0, 1.0, 1.0, 1.0]","[307, 313, 345, 347, 348, 359]"
5198,"[1.0, 1.0, 1.0, 1.0, 1.0, 1.0]","[307, 313, 345, 347, 348, 359]"
5199,"[1.0, 1.0, 1.0, 1.0, 1.0, 1.0]","[307, 313, 345, 347, 348, 359]"
5200,"[1.0, 1.0, 1.0, 1.0, 1.0, 1.0]","[307, 313, 345, 347, 348, 359]"
5201,"[1.0, 1.0, 1.0, 1.0, 1.0, 1.0]","[307, 313, 345, 347, 348, 359]"
5202,"[0.75, 0.75, 1.0, 1.0, 1.0, 1.0]","[529, 530, 1613, 3809, 4215, 5202]"
5203,"[1.0, 1.0, 1.0, 1.0, 1.0, 1.0]","[307, 313, 345, 347, 348, 359]"
5204,"[1.0, 1.0, 1.0, 1.0, 1.0, 1.0]","[307, 313, 345, 347, 348, 359]"
5205,"[1.0, 1.0, 1.0, 1.0, 1.0, 1.0]","[307, 313, 345, 347, 348, 359]"
5206,"[1.0, 1.0, 1.0, 1.0, 1.0, 1.0]","[307, 313, 345, 347, 348, 359]"
5207,"[1.0, 1.0, 1.0, 1.0, 1.0, 1.0]","[307, 313, 345, 347, 348, 359]"
5208,"[0.75, 0.75, 0.75, 1.0, 1.0, 1.0]","[93, 125, 133, 1619, 4221, 5208]"
5209,"[1.0, 1.0, 1.0, 1.0, 1.0, 1.0]","[307, 313, 345, 347, 348, 359]"
5210,"[1.0, 1.0, 1.0, 1.0, 1.0, 1.0]","[307, 313, 345, 347, 348, 359]"
5211,"[1.0, 1.0, 1.0, 1.0, 1.0, 1.0]","[307, 313, 345, 347, 348, 359]"
5212,"[1.0, 1.0, 1.0, 1.0, 1.0, 1.0]","[307, 313, 345, 347, 348, 359]"
5213,"[1.0, 1.0, 1.0, 1.0, 1.0, 1.0]","[307, 313, 345, 347, 348, 359]"
5214,"[1.0, 1.0, 1.0, 1.0, 1.0, 1.0]","[307, 313, 345, 347, 348, 359]"
5215,"[1.0, 1.0, 1.0, 1.0, 1.0, 1.0]","[1626, 1627, 4228, 4229, 5215, 5216]"
5216,"[1.0, 1.0, 1.0, 1.0, 1.0, 1.0]","[1626, 1627, 4228, 4229, 5215, 5216]"
5217,"[1.0, 1.0, 1.0, 1.0, 1.0, 1.0]","[1628, 1629, 4230, 4231, 5217, 5218]"
5218,"[1.0, 1.0, 1.0, 1.0, 1.0, 1.0]","[1628, 1629, 4230, 4231, 5217, 5218]"
5219,"[1.0000000000000002, 0.6666666666666669, 0.6666666666666669, 0.6666666666666669, 1.0000000000000002, 1.0000000000000002]","[1630, 3721, 3723, 3725, 4232, 5219]"
5220,"[1.0, 1.0, 1.0, 1.0, 1.0, 1.0]","[307, 313, 345, 347, 348, 359]"
5221,"[1.0, 1.0, 1.0, 1.0, 1.0, 1.0]","[1632, 1633, 4234, 4235, 5221, 5222]"
5222,"[1.0, 1.0, 1.0, 1.0, 1.0, 1.0]","[1632, 1633, 4234, 4235, 5221, 5222]"
5223,"[1.0, 1.0, 1.0, 1.0, 1.0, 1.0]","[307, 313, 345, 347, 348, 359]"
5224,"[1.0, 1.0, 1.0, 1.0, 1.0, 1.0]","[307, 313, 345, 347, 348, 359]"
5225,"[0.75, 0.75, 1.0, 1.0, 1.0, 1.0]","[23, 25, 5225, 5466, 5680, 5731]"
5226,"[1.0, 1.0, 1.0, 1.0, 1.0, 1.0]","[307, 313, 345, 347, 348, 359]"
5227,"[1.0, 1.0, 1.0, 1.0, 1.0, 1.0]","[33, 153, 155, 171, 194, 195]"
5228,"[1.0, 1.0, 1.0, 1.0, 1.0, 1.0]","[33, 153, 155, 171, 194, 195]"
5229,"[1.0, 1.0, 1.0, 1.0, 1.0, 1.0]","[317, 1509, 2316, 3761, 4754, 5229]"
5230,"[1.0, 1.0, 1.0, 1.0, 1.0, 1.0]","[307, 313, 345, 347, 348, 359]"
5231,"[1.0, 1.0, 1.0, 1.0, 1.0, 1.0]","[1347, 1354, 1678, 3948, 3950, 3951]"
5232,"[0.75, 1.0, 1.0, 1.0, 1.0, 1.0]","[145, 1348, 1355, 1679, 3946, 5232]"
5233,"[1.0, 1.0, 1.0, 1.0, 1.0, 1.0]","[5233, 5249, 5250, 5272, 5286, 5287]"
5234,"[1.0, 1.0, 1.0, 1.0, 1.0, 1.0]","[1773, 1776, 1779, 1781, 3944, 3945]"
5235,"[1.0, 1.0, 1.0, 1.0, 1.0, 1.0]","[20, 24, 26, 28, 30, 369]"
5236,"[0.75, 1.0, 1.0, 1.0, 1.0, 1.0]","[25, 5236, 5251, 5283, 5288, 5299]"
5237,"[1.0, 1.0, 1.0, 1.0, 1.0, 1.0]","[1773, 1776, 1779, 1781, 3944, 3945]"
5238,"[1.0, 1.0, 1.0, 1.0, 1.0, 1.0]","[1777, 1778, 1782, 5238, 5239, 5243]"
5239,"[1.0, 1.0, 1.0, 1.0, 1.0, 1.0]","[1777, 1778, 1782, 5238, 5239, 5243]"
5240,"[1.0, 1.0, 1.0, 1.0, 1.0, 1.0]","[1773, 1776, 1779, 1781, 3944, 3945]"
5241,"[1.0, 1.0, 1.0, 1.0, 1.0, 1.0]","[33, 153, 155, 171, 194, 195]"
5242,"[1.0, 1.0, 1.0, 1.0, 1.0, 1.0]","[1773, 1776, 1779, 1781, 3944, 3945]"
5243,"[1.0, 1.0, 1.0, 1.0, 1.0, 1.0]","[1777, 1778, 1782, 5238, 5239, 5243]"
5244,"[1.0, 1.0, 1.0, 1.0, 1.0, 1.0]","[307, 313, 345, 347, 348, 359]"
5245,"[1.0, 1.0, 1.0, 1.0, 1.0, 1.0]","[319, 1547, 1843, 1847, 1852, 1915]"
5246,"[1.0, 1.0, 1.0, 1.0, 1.0, 1.0]","[37, 320, 1844, 1845, 1848, 1854]"
5247,"[0.5, 0.5, 0.5, 0.5, 0.5, 1.0]","[15, 16, 20, 21, 23, 5247]"
5248,"[1.0, 1.0, 1.0, 1.0, 1.0, 1.0]","[689, 1077, 1078, 1080, 1081, 1146]"
5249,"[1.0, 1.0, 1.0, 1.0, 1.0, 1.0]","[5233, 5249, 5250, 5272, 5286, 5287]"
5250,"[1.0, 1.0, 1.0, 1.0, 1.0, 1.0]","[5233, 5249, 5250, 5272, 5286, 5287]"
5251,"[0.75, 1.0, 1.0, 1.0, 1.0, 1.0]","[25, 5236, 5251, 5283, 5288, 5299]"
5252,"[1.0, 1.0, 1.0, 1.0, 1.0, 1.0]","[1777, 1778, 1782, 5238, 5239, 5243]"
5253,"[0.75, 0.75, 0.75, 1.0, 1.0, 1.0]","[61, 145, 146, 5253, 5290, 5840]"
5254,"[1.0, 1.0, 1.0, 1.0, 1.0, 1.0]","[307, 313, 345, 347, 348, 359]"
5255,"[1.0, 1.0, 1.0, 1.0, 1.0, 1.0]","[307, 313, 345, 347, 348, 359]"
5256,"[1.0, 1.0, 1.0, 1.0, 1.0, 1.0]","[689, 1077, 1078, 1080, 1081, 1146]"
5257,"[1.0, 1.0, 1.0, 1.0, 1.0, 1.0]","[307, 313, 345, 347, 348, 359]"
5258,"[1.0, 1.0, 1.0, 1.0, 1.0, 1.0]","[307, 313, 345, 347, 348, 359]"
5259,"[1.0, 1.0, 1.0, 1.0, 1.0, 1.0]","[1777, 1778, 1782, 5238, 5239, 5243]"
5260,"[1.0, 1.0, 1.0, 1.0, 1.0, 1.0]","[307, 313, 345, 347, 348, 359]"
5261,"[1.0, 1.0, 1.0, 1.0, 1.0, 1.0]","[307, 313, 345, 347, 348, 359]"
5262,"[1.0, 1.0, 1.0, 1.0, 1.0, 1.0]","[689, 1077, 1078, 1080, 1081, 1146]"
5263,"[1.0, 1.0, 1.0, 1.0, 1.0, 1.0]","[307, 313, 345, 347, 348, 359]"
5264,"[1.0, 1.0, 1.0, 1.0, 1.0, 1.0]","[307, 313, 345, 347, 348, 359]"
5265,"[1.0, 1.0, 1.0, 1.0, 1.0, 1.0]","[1777, 1778, 1782, 5238, 5239, 5243]"
5266,"[1.0, 1.0, 1.0, 1.0, 1.0, 1.0]","[307, 313, 345, 347, 348, 359]"
5267,"[1.0, 1.0, 1.0, 1.0, 1.0, 1.0]","[307, 313, 345, 347, 348, 359]"
5268,"[1.0, 1.0, 1.0, 1.0, 1.0, 1.0]","[307, 313, 345, 347, 348, 359]"
5269,"[1.0, 1.0, 1.0, 1.0, 1.0, 1.0]","[307, 313, 345, 347, 348, 359]"
5270,"[1.0, 1.0, 1.0, 1.0, 1.0, 1.0]","[1777, 1778, 1782, 5238, 5239, 5243]"
5271,"[1.0, 1.0, 1.0, 1.0, 1.0, 1.0]","[307, 313, 345, 347, 348, 359]"
5272,"[1.0, 1.0, 1.0, 1.0, 1.0, 1.0]","[5233, 5249, 5250, 5272, 5286, 5287]"
5273,"[1.0, 1.0, 1.0, 1.0, 1.0, 1.0]","[307, 313, 345, 347, 348, 359]"
5274,"[1.0, 1.0, 1.0, 1.0, 1.0, 1.0]","[307, 313, 345, 347, 348, 359]"
5275,"[1.0, 1.0, 1.0, 1.0, 1.0, 1.0]","[689, 1077, 1078, 1080, 1081, 1146]"
5276,"[1.0, 1.0, 1.0, 1.0, 1.0, 1.0]","[307, 313, 345, 347, 348, 359]"
5277,"[1.0, 1.0, 1.0, 1.0, 1.0, 1.0]","[307, 313, 345, 347, 348, 359]"
5278,"[0.75, 0.75, 1.0, 1.0, 1.0, 1.0]","[8, 13, 1359, 1688, 5278, 5281]"
5279,"[1.0, 1.0, 1.0, 1.0, 1.0, 1.0]","[689, 1077, 1078, 1080, 1081, 1146]"
5280,"[1.0, 1.0, 1.0, 1.0, 1.0, 1.0]","[689, 1077, 1078, 1080, 1081, 1146]"
5281,"[0.75, 0.75, 1.0, 1.0, 1.0, 1.0]","[8, 13, 1359, 1688, 5278, 5281]"
5282,"[1.0, 1.0, 1.0, 1.0, 1.0, 1.0]","[1777, 1778, 1782, 5238, 5239, 5243]"
5283,"[0.75, 1.0, 1.0, 1.0, 1.0, 1.0]","[25, 5236, 5251, 5283, 5288, 5299]"
5284,"[1.0, 1.0, 1.0, 1.0, 1.0, 1.0]","[307, 313, 345, 347, 348, 359]"
5285,"[1.0, 1.0, 1.0, 1.0, 1.0, 1.0]","[689, 1077, 1078, 1080, 1081, 1146]"
5286,"[1.0, 1.0, 1.0, 1.0, 1.0, 1.0]","[5233, 5249, 5250, 5272, 5286, 5287]"
5287,"[1.0, 1.0, 1.0, 1.0, 1.0, 1.0]","[5233, 5249, 5250, 5272, 5286, 5287]"
5288,"[0.75, 1.0, 1.0, 1.0, 1.0, 1.0]","[25, 5236, 5251, 5283, 5288, 5299]"
5289,"[1.0, 1.0, 1.0, 1.0, 1.0, 1.0]","[1777, 1778, 1782, 5238, 5239, 5243]"
5290,"[0.75, 0.75, 0.75, 1.0, 1.0, 1.0]","[61, 145, 146, 5253, 5290, 5840]"
5291,"[1.0, 1.0, 1.0, 1.0, 1.0, 1.0]","[307, 313, 345, 347, 348, 359]"
5292,"[1.0, 1.0, 1.0, 1.0, 1.0, 1.0]","[307, 313, 345, 347, 348, 359]"
5293,"[1.0, 1.0, 1.0, 1.0, 1.0, 1.0]","[1777, 1778, 1782, 5238, 5239, 5243]"
5294,"[1.0, 1.0, 1.0, 1.0, 1.0, 1.0]","[307, 313, 345, 347, 348, 359]"
5295,"[1.0, 1.0, 1.0, 1.0, 1.0, 1.0]","[5233, 5249, 5250, 5272, 5286, 5287]"
5296,"[1.0, 1.0, 1.0, 1.0, 1.0, 1.0]","[307, 313, 345, 347, 348, 359]"
5297,"[1.0, 1.0, 1.0, 1.0, 1.0, 1.0]","[307, 313, 345, 347, 348, 359]"
5298,"[1.0, 1.0, 1.0, 1.0, 1.0, 1.0]","[1777, 1778, 1782, 5238, 5239, 5243]"
5299,"[0.75, 1.0, 1.0, 1.0, 1.0, 1.0]","[25, 5236, 5251, 5283, 5288, 5299]"
5300,"[0.75, 0.75, 0.75, 0.75, 1.0, 1.0]","[51, 61, 145, 146, 5300, 5415]"
5301,"[0.75, 1.0, 0.75, 1.0, 1.0, 1.0]","[6, 8, 13, 2131, 5301, 6960]"
5302,"[1.0, 1.0, 1.0, 1.0, 1.0, 1.0]","[1798, 3697, 5302, 7037, 7058, 7069]"
5303,"[1.0, 1.0, 1.0, 1.0, 1.0, 1.0]","[0, 2, 7, 10, 11, 12]"
5304,"[1.0, 1.0, 1.0, 1.0, 1.0, 1.0]","[307, 313, 345, 347, 348, 359]"
5305,"[1.0, 1.0, 1.0, 1.0, 1.0, 1.0]","[307, 313, 345, 347, 348, 359]"
5306,"[0.75, 0.75, 0.75, 0.75, 0.75, 1.0]","[70, 72, 93, 125, 133, 5306]"
5307,"[1.0, 1.0, 1.0, 1.0, 1.0, 1.0]","[307, 313, 345, 347, 348, 359]"
5308,"[1.0, 1.0, 1.0, 1.0, 1.0, 1.0]","[307, 313, 345, 347, 348, 359]"
5309,"[1.0, 1.0, 1.0, 1.0, 1.0, 1.0]","[307, 313, 345, 347, 348, 359]"
5310,"[1.0, 1.0, 1.0, 1.0, 1.0, 1.0]","[32, 1700, 1719, 1720, 1747, 1758]"
5311,"[1.0, 1.0, 1.0, 1.0, 1.0, 1.0]","[307, 313, 345, 347, 348, 359]"
5312,"[1.0, 1.0, 1.0, 1.0, 1.0, 1.0]","[307, 313, 345, 347, 348, 359]"
5313,"[1.0, 1.0, 1.0, 1.0, 1.0, 1.0]","[319, 1547, 1843, 1847, 1852, 1915]"
5314,"[1.0, 1.0, 1.0, 1.0, 1.0, 1.0]","[37, 320, 1844, 1845, 1848, 1854]"
5315,"[0.75, 0.75, 1.0, 1.0, 1.0, 1.0]","[489, 490, 4142, 4250, 5315, 5329]"
5316,"[1.0, 1.0, 1.0, 1.0, 1.0, 1.0]","[307, 313, 345, 347, 348, 359]"
5317,"[1.0, 1.0, 1.0, 1.0, 1.0, 1.0]","[307, 313, 345, 347, 348, 359]"
5318,"[1.0, 1.0, 1.0, 1.0, 1.0, 1.0]","[1280, 1501, 1507, 1511, 1636, 1699]"
5319,"[1.0, 1.0, 1.0, 1.0, 1.0, 1.0]","[307, 313, 345, 347, 348, 359]"
5320,"[1.0, 1.0, 1.0, 1.0, 1.0, 1.0]","[32, 1700, 1719, 1720, 1747, 1758]"
5321,"[1.0, 1.0, 1.0, 1.0, 1.0, 1.0]","[5321, 5323, 5325, 5331, 5333, 5334]"
5322,"[1.0, 1.0, 1.0, 1.0, 1.0, 1.0]","[307, 313, 345, 347, 348, 359]"
5323,"[1.0, 1.0, 1.0, 1.0, 1.0, 1.0]","[5321, 5323, 5325, 5331, 5333, 5334]"
5324,"[1.0, 1.0, 1.0, 1.0, 1.0, 1.0]","[314, 1275, 1879, 1881, 3711, 3759]"
5325,"[1.0, 1.0, 1.0, 1.0, 1.0, 1.0]","[5321, 5323, 5325, 5331, 5333, 5334]"
5326,"[1.0, 1.0, 1.0, 1.0, 1.0, 1.0]","[307, 313, 345, 347, 348, 359]"
5327,"[1.0, 1.0, 1.0, 1.0, 1.0, 1.0]","[319, 1547, 1843, 1847, 1852, 1915]"
5328,"[1.0, 1.0, 1.0, 1.0, 1.0, 1.0]","[37, 320, 1844, 1845, 1848, 1854]"
5329,"[0.75, 0.75, 1.0, 1.0, 1.0, 1.0]","[489, 490, 4142, 4250, 5315, 5329]"
5330,"[0.75, 0.75, 0.75, 0.75, 0.75, 1.0]","[70, 72, 93, 125, 133, 5330]"
5331,"[1.0, 1.0, 1.0, 1.0, 1.0, 1.0]","[5321, 5323, 5325, 5331, 5333, 5334]"
5332,"[1.0, 1.0, 1.0, 1.0, 1.0, 1.0]","[307, 313, 345, 347, 348, 359]"
5333,"[1.0, 1.0, 1.0, 1.0, 1.0, 1.0]","[5321, 5323, 5325, 5331, 5333, 5334]"
5334,"[1.0, 1.0, 1.0, 1.0, 1.0, 1.0]","[5321, 5323, 5325, 5331, 5333, 5334]"
5335,"[1.0, 1.0, 1.0, 1.0, 1.0, 1.0]","[307, 313, 345, 347, 348, 359]"
5336,"[1.0, 1.0, 1.0, 1.0, 1.0, 1.0]","[5321, 5323, 5325, 5331, 5333, 5334]"
5337,"[1.0, 1.0, 1.0, 1.0, 1.0, 1.0]","[307, 313, 345, 347, 348, 359]"
5338,"[1.0, 1.0, 1.0, 1.0, 1.0, 1.0]","[307, 313, 345, 347, 348, 359]"
5339,"[1.0, 1.0, 1.0, 1.0, 1.0, 1.0]","[307, 313, 345, 347, 348, 359]"
5340,"[1.0, 1.0, 1.0, 1.0, 1.0, 1.0]","[307, 313, 345, 347, 348, 359]"
5341,"[0.5, 0.5, 1.0, 1.0, 0.75, 1.0]","[4, 5, 2039, 5341, 5432, 6013]"
5342,"[1.0, 1.0, 1.0, 1.0, 1.0, 1.0]","[307, 313, 345, 347, 348, 359]"
5343,"[1.0, 1.0, 1.0, 1.0, 1.0, 1.0]","[307, 313, 345, 347, 348, 359]"
5344,"[1.0, 1.0, 1.0, 1.0, 1.0, 1.0]","[307, 313, 345, 347, 348, 359]"
5345,"[1.0, 1.0, 1.0, 1.0, 1.0, 1.0]","[33, 153, 155, 171, 194, 195]"
5346,"[1.0, 1.0, 1.0, 1.0, 1.0, 1.0]","[307, 313, 345, 347, 348, 359]"
5347,"[1.0, 1.0, 1.0, 1.0, 1.0, 1.0]","[307, 313, 345, 347, 348, 359]"
5348,"[1.0, 1.0, 1.0, 1.0, 1.0, 1.0]","[689, 1077, 1078, 1080, 1081, 1146]"
5349,"[1.0, 1.0, 1.0, 1.0, 1.0, 1.0]","[307, 313, 345, 347, 348, 359]"
5350,"[1.0, 1.0, 1.0, 1.0, 1.0, 1.0]","[307, 313, 345, 347, 348, 359]"
5351,"[1.0, 1.0, 1.0, 1.0, 1.0, 1.0]","[307, 313, 345, 347, 348, 359]"
5352,"[1.0, 1.0, 1.0, 1.0, 1.0, 1.0]","[307, 313, 345, 347, 348, 359]"
5353,"[1.0, 1.0, 1.0, 1.0, 1.0, 1.0]","[307, 313, 345, 347, 348, 359]"
5354,"[1.0, 1.0, 1.0, 1.0, 1.0, 1.0]","[307, 313, 345, 347, 348, 359]"
5355,"[1.0, 1.0, 1.0, 1.0, 1.0, 1.0]","[307, 313, 345, 347, 348, 359]"
5356,"[1.0, 1.0, 1.0, 1.0, 1.0, 1.0]","[307, 313, 345, 347, 348, 359]"
5357,"[0.75, 0.75, 0.75, 0.75, 1.0, 1.0]","[5, 6, 8, 13, 5357, 5358]"
5358,"[0.75, 0.75, 0.75, 0.75, 1.0, 1.0]","[5, 6, 8, 13, 5357, 5358]"
5359,"[1.0, 1.0, 1.0, 1.0, 1.0, 1.0]","[307, 313, 345, 347, 348, 359]"
5360,"[1.0, 1.0, 1.0, 1.0, 1.0, 1.0]","[307, 313, 345, 347, 348, 359]"
5361,"[1.0, 1.0, 1.0, 1.0, 1.0, 1.0]","[307, 313, 345, 347, 348, 359]"
5362,"[1.0, 1.0, 1.0, 1.0, 1.0, 1.0]","[307, 313, 345, 347, 348, 359]"
5363,"[1.0, 1.0, 1.0, 1.0, 1.0, 1.0]","[307, 313, 345, 347, 348, 359]"
5364,"[1.0, 1.0, 1.0, 1.0, 1.0, 1.0]","[307, 313, 345, 347, 348, 359]"
5365,"[1.0, 1.0, 1.0, 1.0, 1.0, 1.0]","[307, 313, 345, 347, 348, 359]"
5366,"[1.0, 1.0, 1.0, 1.0, 1.0, 1.0]","[307, 313, 345, 347, 348, 359]"
5367,"[1.0, 1.0, 1.0, 1.0, 1.0, 1.0]","[689, 1077, 1078, 1080, 1081, 1146]"
5368,"[1.0, 1.0, 1.0, 1.0, 1.0, 1.0]","[689, 1077, 1078, 1080, 1081, 1146]"
5369,"[1.0, 1.0, 1.0, 1.0, 1.0, 1.0]","[307, 313, 345, 347, 348, 359]"
5370,"[1.0, 1.0, 1.0, 1.0, 1.0, 1.0]","[689, 1077, 1078, 1080, 1081, 1146]"
5371,"[1.0, 1.0, 1.0, 1.0, 1.0, 1.0]","[689, 1077, 1078, 1080, 1081, 1146]"
5372,"[1.0, 1.0, 1.0, 1.0, 1.0, 1.0]","[307, 313, 345, 347, 348, 359]"
5373,"[1.0, 1.0, 1.0, 1.0, 1.0, 1.0]","[689, 1077, 1078, 1080, 1081, 1146]"
5374,"[1.0, 1.0, 1.0, 1.0, 1.0, 1.0]","[689, 1077, 1078, 1080, 1081, 1146]"
5375,"[1.0, 1.0, 1.0, 1.0, 1.0, 1.0]","[1280, 1501, 1507, 1511, 1636, 1699]"
5376,"[1.0, 1.0, 1.0, 1.0, 1.0, 1.0]","[33, 153, 155, 171, 194, 195]"
5377,"[1.0, 1.0, 1.0, 1.0, 1.0, 1.0]","[689, 1077, 1078, 1080, 1081, 1146]"
5378,"[1.0, 1.0, 1.0, 1.0, 1.0, 1.0]","[307, 313, 345, 347, 348, 359]"
5379,"[1.0, 1.0, 1.0, 1.0, 1.0, 1.0]","[307, 313, 345, 347, 348, 359]"
5380,"[1.0, 1.0, 1.0, 1.0, 1.0, 1.0]","[307, 313, 345, 347, 348, 359]"
5381,"[0.75, 1.0, 1.0, 1.0, 1.0, 1.0]","[13, 1808, 3674, 5381, 5384, 5387]"
5382,"[1.0, 1.0, 1.0, 1.0, 1.0, 1.0]","[1229, 1233, 3675, 5382, 5385, 5388]"
5383,"[1.0, 1.0, 1.0, 1.0, 1.0, 1.0]","[307, 313, 345, 347, 348, 359]"
5384,"[0.75, 1.0, 1.0, 1.0, 1.0, 1.0]","[13, 1808, 3674, 5381, 5384, 5387]"
5385,"[1.0, 1.0, 1.0, 1.0, 1.0, 1.0]","[1229, 1233, 3675, 5382, 5385, 5388]"
5386,"[1.0, 1.0, 1.0, 1.0, 1.0, 1.0]","[307, 313, 345, 347, 348, 359]"
5387,"[0.75, 1.0, 1.0, 1.0, 1.0, 1.0]","[13, 1808, 3674, 5381, 5384, 5387]"
5388,"[1.0, 1.0, 1.0, 1.0, 1.0, 1.0]","[1229, 1233, 3675, 5382, 5385, 5388]"
5389,"[1.0, 1.0, 1.0, 1.0, 1.0, 1.0]","[307, 313, 345, 347, 348, 359]"
5390,"[1.0, 1.0, 1.0, 1.0, 1.0, 1.0]","[689, 1077, 1078, 1080, 1081, 1146]"
5391,"[1.0, 1.0, 1.0, 1.0, 1.0, 1.0]","[307, 313, 345, 347, 348, 359]"
5392,"[1.0, 1.0, 1.0, 1.0, 1.0, 1.0]","[307, 313, 345, 347, 348, 359]"
5393,"[1.0, 1.0, 1.0, 1.0, 1.0, 1.0]","[1229, 1233, 3675, 5382, 5385, 5388]"
5394,"[1.0, 1.0, 1.0, 1.0, 1.0, 1.0]","[307, 313, 345, 347, 348, 359]"
5395,"[1.0, 1.0, 1.0, 1.0, 1.0, 1.0]","[689, 1077, 1078, 1080, 1081, 1146]"
5396,"[1.0, 1.0, 1.0, 1.0, 1.0, 1.0]","[307, 313, 345, 347, 348, 359]"
5397,"[1.0, 1.0, 1.0, 1.0, 1.0, 1.0]","[689, 1077, 1078, 1080, 1081, 1146]"
5398,"[1.0, 1.0, 1.0, 1.0, 1.0, 1.0]","[307, 313, 345, 347, 348, 359]"
5399,"[1.0, 1.0, 1.0, 1.0, 1.0, 1.0]","[689, 1077, 1078, 1080, 1081, 1146]"
5400,"[1.0, 1.0, 1.0, 1.0, 1.0, 1.0]","[689, 1077, 1078, 1080, 1081, 1146]"
5401,"[1.0, 1.0, 1.0, 1.0, 1.0, 1.0]","[33, 153, 155, 171, 194, 195]"
5402,"[1.0, 1.0, 1.0, 1.0, 1.0, 1.0]","[689, 1077, 1078, 1080, 1081, 1146]"
5403,"[1.0, 1.0, 1.0, 1.0, 1.0, 1.0]","[307, 313, 345, 347, 348, 359]"
5404,"[1.0, 1.0, 1.0, 1.0, 1.0, 1.0]","[689, 1077, 1078, 1080, 1081, 1146]"
5405,"[1.0, 1.0, 1.0, 1.0, 1.0, 1.0]","[33, 153, 155, 171, 194, 195]"
5406,"[1.0, 1.0, 1.0, 1.0, 1.0, 1.0]","[689, 1077, 1078, 1080, 1081, 1146]"
5407,"[1.0, 1.0, 1.0, 1.0, 1.0, 1.0]","[689, 1077, 1078, 1080, 1081, 1146]"
5408,"[1.0, 1.0, 1.0, 1.0, 1.0, 1.0]","[1280, 1501, 1507, 1511, 1636, 1699]"
5409,"[1.0, 1.0, 1.0, 1.0, 1.0, 1.0]","[33, 153, 155, 171, 194, 195]"
5410,"[1.0, 1.0, 1.0, 1.0, 1.0, 1.0]","[689, 1077, 1078, 1080, 1081, 1146]"
5411,"[1.0, 1.0, 1.0, 1.0, 1.0, 1.0]","[307, 313, 345, 347, 348, 359]"
5412,"[1.0, 1.0, 1.0, 1.0, 1.0, 1.0]","[307, 313, 345, 347, 348, 359]"
5413,"[1.0, 1.0, 1.0, 1.0, 1.0, 1.0]","[307, 313, 345, 347, 348, 359]"
5414,"[1.0, 1.0, 1.0, 1.0, 1.0, 1.0]","[689, 1077, 1078, 1080, 1081, 1146]"
5415,"[0.75, 0.75, 0.75, 0.75, 1.0, 1.0]","[51, 61, 145, 146, 5300, 5415]"
5416,"[0.75, 0.75, 0.75, 1.0, 1.0, 1.0]","[61, 145, 146, 888, 5416, 5941]"
5417,"[1.0, 1.0, 1.0, 1.0, 1.0, 1.0]","[689, 1077, 1078, 1080, 1081, 1146]"
5418,"[1.0, 1.0, 1.0, 1.0, 1.0, 1.0]","[5418, 5499, 5510, 5553, 5598, 5606]"
5419,"[1.0, 1.0, 1.0, 1.0, 1.0, 1.0]","[307, 313, 345, 347, 348, 359]"
5420,"[1.0, 1.0, 1.0, 1.0, 1.0, 1.0]","[307, 313, 345, 347, 348, 359]"
5421,"[1.0, 1.0, 1.0, 1.0, 1.0, 1.0]","[307, 313, 345, 347, 348, 359]"
5422,"[1.0, 1.0, 1.0, 1.0, 1.0, 1.0]","[689, 1077, 1078, 1080, 1081, 1146]"
5423,"[1.0, 1.0, 1.0, 1.0, 1.0, 1.0]","[1280, 1501, 1507, 1511, 1636, 1699]"
5424,"[1.0, 1.0, 1.0, 1.0, 1.0, 1.0]","[689, 1077, 1078, 1080, 1081, 1146]"
5425,"[1.0, 1.0, 1.0, 1.0, 1.0, 1.0]","[689, 1077, 1078, 1080, 1081, 1146]"
5426,"[1.0, 1.0, 1.0, 1.0, 1.0, 1.0]","[689, 1077, 1078, 1080, 1081, 1146]"
5427,"[1.0, 1.0, 1.0, 1.0, 1.0, 1.0]","[307, 313, 345, 347, 348, 359]"
5428,"[1.0, 1.0, 1.0, 1.0, 1.0, 1.0]","[307, 313, 345, 347, 348, 359]"
5429,"[1.0, 1.0, 1.0, 1.0, 1.0, 1.0]","[689, 1077, 1078, 1080, 1081, 1146]"
5430,"[1.0, 1.0, 1.0, 1.0, 1.0, 1.0]","[307, 313, 345, 347, 348, 359]"
5431,"[1.0, 1.0, 1.0, 1.0, 1.0, 1.0]","[307, 313, 345, 347, 348, 359]"
5432,"[0.75, 0.75, 0.75, 0.75, 0.75, 1.0]","[33, 51, 61, 145, 146, 5432]"
5433,"[1.0, 1.0, 1.0, 1.0, 1.0, 1.0]","[689, 1077, 1078, 1080, 1081, 1146]"
5434,"[0.75, 0.75, 0.75, 0.75, 1.0, 1.0]","[51, 61, 145, 146, 5434, 5443]"
5435,"[1.0, 1.0, 1.0, 1.0, 1.0, 1.0]","[307, 313, 345, 347, 348, 359]"
5436,"[1.0, 1.0, 1.0, 1.0, 1.0, 1.0]","[307, 313, 345, 347, 348, 359]"
5437,"[1.0, 1.0, 1.0, 1.0, 1.0, 1.0]","[33, 153, 155, 171, 194, 195]"
5438,"[1.0, 1.0, 1.0, 1.0, 1.0, 1.0]","[689, 1077, 1078, 1080, 1081, 1146]"
5439,"[0.75, 0.75, 0.75, 0.75, 0.75, 1.0]","[649, 652, 812, 813, 814, 5439]"
5440,"[1.0, 1.0, 1.0, 1.0, 1.0, 1.0]","[307, 313, 345, 347, 348, 359]"
5441,"[1.0, 1.0, 1.0, 1.0, 1.0, 1.0]","[307, 313, 345, 347, 348, 359]"
5442,"[1.0, 1.0, 1.0, 1.0, 1.0, 1.0]","[307, 313, 345, 347, 348, 359]"
5443,"[0.75, 0.75, 0.75, 0.75, 1.0, 1.0]","[51, 61, 145, 146, 5434, 5443]"
5444,"[1.0, 1.0, 1.0, 1.0, 1.0, 1.0]","[307, 313, 345, 347, 348, 359]"
5445,"[1.0, 1.0, 1.0, 1.0, 1.0, 1.0]","[307, 313, 345, 347, 348, 359]"
5446,"[1.0, 1.0, 1.0, 1.0, 1.0, 1.0]","[33, 153, 155, 171, 194, 195]"
5447,"[1.0, 1.0, 1.0, 1.0, 1.0, 1.0]","[307, 313, 345, 347, 348, 359]"
5448,"[1.0, 1.0, 1.0, 1.0, 1.0, 1.0]","[307, 313, 345, 347, 348, 359]"
5449,"[0.75, 0.75, 0.75, 1.0, 1.0, 1.0]","[21, 23, 25, 5449, 5669, 5729]"
5450,"[1.0, 1.0, 1.0, 1.0, 1.0, 1.0]","[307, 313, 345, 347, 348, 359]"
5451,"[1.0, 1.0, 1.0, 1.0, 1.0, 1.0]","[307, 313, 345, 347, 348, 359]"
5452,"[1.0, 1.0, 1.0, 1.0, 1.0, 1.0]","[307, 313, 345, 347, 348, 359]"
5453,"[1.0, 1.0, 1.0, 1.0, 1.0, 1.0]","[307, 313, 345, 347, 348, 359]"
5454,"[1.0, 1.0, 1.0, 1.0, 1.0, 1.0]","[33, 153, 155, 171, 194, 195]"
5455,"[1.0, 1.0, 1.0, 1.0, 1.0, 1.0]","[33, 153, 155, 171, 194, 195]"
5456,"[1.0, 1.0, 1.0, 1.0, 1.0, 1.0]","[307, 313, 345, 347, 348, 359]"
5457,"[1.0, 1.0, 1.0, 1.0, 1.0, 1.0]","[307, 313, 345, 347, 348, 359]"
5458,"[1.0, 1.0, 1.0, 1.0, 1.0, 1.0]","[399, 404, 405, 410, 602, 721]"
5459,"[0.75, 0.75, 0.75, 1.0, 1.0, 1.0]","[21, 23, 25, 5459, 5675, 5730]"
5460,"[1.0, 1.0, 1.0, 1.0, 1.0, 1.0]","[307, 313, 345, 347, 348, 359]"
5461,"[1.0, 1.0, 1.0, 1.0, 1.0, 1.0]","[307, 313, 345, 347, 348, 359]"
5462,"[0.75, 0.75, 1.0, 1.0, 1.0, 1.0]","[8, 13, 4128, 4129, 5462, 5463]"
5463,"[0.75, 0.75, 1.0, 1.0, 1.0, 1.0]","[8, 13, 4128, 4129, 5462, 5463]"
5464,"[1.0, 1.0, 1.0, 1.0, 1.0, 1.0]","[307, 313, 345, 347, 348, 359]"
5465,"[1.0, 1.0, 1.0, 1.0, 1.0, 1.0]","[307, 313, 345, 347, 348, 359]"
5466,"[0.75, 0.75, 1.0, 1.0, 1.0, 1.0]","[23, 25, 5225, 5466, 5680, 5731]"
5467,"[1.0, 1.0, 1.0, 1.0, 1.0, 1.0]","[307, 313, 345, 347, 348, 359]"
5468,"[1.0, 1.0, 1.0, 1.0, 1.0, 1.0]","[307, 313, 345, 347, 348, 359]"
5469,"[0.75, 0.75, 1.0, 1.0, 1.0, 1.0]","[8, 13, 4238, 4239, 5469, 5470]"
5470,"[0.75, 0.75, 1.0, 1.0, 1.0, 1.0]","[8, 13, 4238, 4239, 5469, 5470]"
5471,"[1.0, 1.0, 1.0, 1.0, 1.0, 1.0]","[307, 313, 345, 347, 348, 359]"
5472,"[1.0, 1.0, 1.0, 1.0, 1.0, 1.0]","[307, 313, 345, 347, 348, 359]"
5473,"[1.0, 1.0, 1.0, 1.0, 1.0, 1.0]","[307, 313, 345, 347, 348, 359]"
5474,"[1.0, 1.0, 1.0, 1.0, 1.0, 1.0]","[307, 313, 345, 347, 348, 359]"
5475,"[1.0, 1.0, 1.0, 1.0, 1.0, 1.0]","[307, 313, 345, 347, 348, 359]"
5476,"[1.0, 1.0, 1.0, 1.0, 1.0, 1.0]","[307, 313, 345, 347, 348, 359]"
5477,"[1.0, 1.0, 1.0, 1.0, 1.0, 1.0]","[307, 313, 345, 347, 348, 359]"
5478,"[1.0, 1.0, 1.0, 1.0, 1.0, 1.0]","[307, 313, 345, 347, 348, 359]"
5479,"[1.0, 1.0, 1.0, 1.0, 1.0, 1.0]","[307, 313, 345, 347, 348, 359]"
5480,"[1.0, 1.0, 1.0, 1.0, 1.0, 1.0]","[5480, 5481, 5482, 5483, 5484, 5485]"
5481,"[1.0, 1.0, 1.0, 1.0, 1.0, 1.0]","[5480, 5481, 5482, 5483, 5484, 5485]"
5482,"[1.0, 1.0, 1.0, 1.0, 1.0, 1.0]","[5480, 5481, 5482, 5483, 5484, 5485]"
5483,"[1.0, 1.0, 1.0, 1.0, 1.0, 1.0]","[5480, 5481, 5482, 5483, 5484, 5485]"
5484,"[1.0, 1.0, 1.0, 1.0, 1.0, 1.0]","[5480, 5481, 5482, 5483, 5484, 5485]"
5485,"[1.0, 1.0, 1.0, 1.0, 1.0, 1.0]","[5480, 5481, 5482, 5483, 5484, 5485]"
5486,"[1.0, 1.0, 1.0, 1.0, 1.0, 1.0]","[5480, 5481, 5482, 5483, 5484, 5485]"
5487,"[1.0, 1.0, 1.0, 1.0, 1.0, 1.0]","[5480, 5481, 5482, 5483, 5484, 5485]"
5488,"[1.0, 1.0, 1.0, 1.0, 1.0, 1.0]","[5480, 5481, 5482, 5483, 5484, 5485]"
5489,"[1.0, 1.0, 1.0, 1.0, 1.0, 1.0]","[5480, 5481, 5482, 5483, 5484, 5485]"
5490,"[1.0, 1.0, 1.0, 1.0, 1.0, 1.0]","[5480, 5481, 5482, 5483, 5484, 5485]"
5491,"[1.0, 1.0, 1.0, 1.0, 1.0, 1.0]","[5480, 5481, 5482, 5483, 5484, 5485]"
5492,"[1.0, 1.0, 1.0, 1.0, 1.0, 1.0]","[5480, 5481, 5482, 5483, 5484, 5485]"
5493,"[1.0, 1.0, 1.0, 1.0, 1.0, 1.0]","[5480, 5481, 5482, 5483, 5484, 5485]"
5494,"[1.0, 1.0, 1.0, 1.0, 1.0, 1.0]","[5480, 5481, 5482, 5483, 5484, 5485]"
5495,"[1.0, 1.0, 1.0, 1.0, 1.0, 1.0]","[5480, 5481, 5482, 5483, 5484, 5485]"
5496,"[1.0, 1.0, 1.0, 1.0, 1.0, 1.0]","[5480, 5481, 5482, 5483, 5484, 5485]"
5497,"[1.0, 1.0, 1.0, 1.0, 1.0, 1.0]","[5480, 5481, 5482, 5483, 5484, 5485]"
5498,"[1.0, 1.0, 1.0, 1.0, 1.0, 1.0]","[5480, 5481, 5482, 5483, 5484, 5485]"
5499,"[1.0, 1.0, 1.0, 1.0, 1.0, 1.0]","[5418, 5499, 5510, 5553, 5598, 5606]"
5500,"[1.0, 1.0, 1.0, 1.0, 1.0, 1.0]","[5480, 5481, 5482, 5483, 5484, 5485]"
5501,"[1.0, 1.0, 1.0, 1.0, 1.0, 1.0]","[5480, 5481, 5482, 5483, 5484, 5485]"
5502,"[1.0, 1.0, 1.0, 1.0, 1.0, 1.0]","[5480, 5481, 5482, 5483, 5484, 5485]"
5503,"[1.0, 1.0, 1.0, 1.0, 1.0, 1.0]","[5480, 5481, 5482, 5483, 5484, 5485]"
5504,"[1.0, 1.0, 1.0, 1.0, 1.0, 1.0]","[5480, 5481, 5482, 5483, 5484, 5485]"
5505,"[1.0, 1.0, 1.0, 1.0, 1.0, 1.0]","[5480, 5481, 5482, 5483, 5484, 5485]"
5506,"[1.0, 1.0, 1.0, 1.0, 1.0, 1.0]","[5480, 5481, 5482, 5483, 5484, 5485]"
5507,"[1.0, 1.0, 1.0, 1.0, 1.0, 1.0]","[5480, 5481, 5482, 5483, 5484, 5485]"
5508,"[1.0, 1.0, 1.0, 1.0, 1.0, 1.0]","[5480, 5481, 5482, 5483, 5484, 5485]"
5509,"[1.0, 1.0, 1.0, 1.0, 1.0, 1.0]","[5480, 5481, 5482, 5483, 5484, 5485]"
5510,"[1.0, 1.0, 1.0, 1.0, 1.0, 1.0]","[5418, 5499, 5510, 5553, 5598, 5606]"
5511,"[1.0, 1.0, 1.0, 1.0, 1.0, 1.0]","[5480, 5481, 5482, 5483, 5484, 5485]"
5512,"[1.0, 1.0, 1.0, 1.0, 1.0, 1.0]","[5480, 5481, 5482, 5483, 5484, 5485]"
5513,"[1.0, 1.0, 1.0, 1.0, 1.0, 1.0]","[5480, 5481, 5482, 5483, 5484, 5485]"
5514,"[1.0, 1.0, 1.0, 1.0, 1.0, 1.0]","[1532, 1535, 1934, 1936, 1939, 1941]"
5515,"[1.0, 1.0, 1.0, 1.0, 1.0, 1.0]","[31, 1274, 1277, 1279, 1353, 1361]"
5516,"[1.0, 1.0, 1.0, 1.0, 1.0, 1.0]","[401, 408, 411, 414, 415, 416]"
5517,"[1.0, 1.0, 1.0, 1.0, 1.0, 1.0]","[401, 408, 411, 414, 415, 416]"
5518,"[1.0, 1.0, 1.0, 1.0, 1.0, 1.0]","[401, 408, 411, 414, 415, 416]"
5519,"[1.0, 1.0, 1.0, 1.0, 1.0, 1.0]","[401, 408, 411, 414, 415, 416]"
5520,"[1.0, 1.0, 1.0, 1.0, 1.0, 1.0]","[401, 408, 411, 414, 415, 416]"
5521,"[1.0, 1.0, 1.0, 1.0, 1.0, 1.0]","[401, 408, 411, 414, 415, 416]"
5522,"[1.0, 1.0, 1.0, 1.0, 1.0, 1.0]","[401, 408, 411, 414, 415, 416]"
5523,"[1.0, 1.0, 1.0, 1.0, 1.0, 1.0]","[401, 408, 411, 414, 415, 416]"
5524,"[1.0, 1.0, 1.0, 1.0, 1.0, 1.0]","[401, 408, 411, 414, 415, 416]"
5525,"[1.0, 1.0, 1.0, 1.0, 1.0, 1.0]","[307, 313, 345, 347, 348, 359]"
5526,"[1.0, 1.0, 1.0, 1.0, 1.0, 1.0]","[401, 408, 411, 414, 415, 416]"
5527,"[1.0, 1.0, 1.0, 1.0, 1.0, 1.0]","[401, 408, 411, 414, 415, 416]"
5528,"[1.0, 1.0, 1.0, 1.0, 1.0, 1.0]","[401, 408, 411, 414, 415, 416]"
5529,"[1.0, 1.0, 1.0, 1.0, 1.0, 1.0]","[401, 408, 411, 414, 415, 416]"
5530,"[1.0, 1.0, 1.0, 1.0, 1.0, 1.0]","[401, 408, 411, 414, 415, 416]"
5531,"[1.0, 1.0, 1.0, 1.0, 1.0, 1.0]","[401, 408, 411, 414, 415, 416]"
5532,"[1.0, 1.0, 1.0, 1.0, 1.0, 1.0]","[401, 408, 411, 414, 415, 416]"
5533,"[1.0, 1.0, 1.0, 1.0, 1.0, 1.0]","[401, 408, 411, 414, 415, 416]"
5534,"[1.0, 1.0, 1.0, 1.0, 1.0, 1.0]","[401, 408, 411, 414, 415, 416]"
5535,"[1.0, 1.0, 1.0, 1.0, 1.0, 1.0]","[401, 408, 411, 414, 415, 416]"
5536,"[1.0, 1.0, 1.0, 1.0, 1.0, 1.0]","[401, 408, 411, 414, 415, 416]"
5537,"[1.0, 1.0, 1.0, 1.0, 1.0, 1.0]","[401, 408, 411, 414, 415, 416]"
5538,"[1.0, 1.0, 1.0, 1.0, 1.0, 1.0]","[401, 408, 411, 414, 415, 416]"
5539,"[1.0, 1.0, 1.0, 1.0, 1.0, 1.0]","[401, 408, 411, 414, 415, 416]"
5540,"[1.0, 1.0, 1.0, 1.0, 1.0, 1.0]","[401, 408, 411, 414, 415, 416]"
5541,"[1.0, 1.0, 1.0, 1.0, 1.0, 1.0]","[401, 408, 411, 414, 415, 416]"
5542,"[1.0, 1.0, 1.0, 1.0, 1.0, 1.0]","[401, 408, 411, 414, 415, 416]"
5543,"[1.0, 1.0, 1.0, 1.0, 1.0, 1.0]","[401, 408, 411, 414, 415, 416]"
5544,"[1.0, 1.0, 1.0, 1.0, 1.0, 1.0]","[401, 408, 411, 414, 415, 416]"
5545,"[1.0, 1.0, 1.0, 1.0, 1.0, 1.0]","[401, 408, 411, 414, 415, 416]"
5546,"[1.0, 1.0, 1.0, 1.0, 1.0, 1.0]","[401, 408, 411, 414, 415, 416]"
5547,"[1.0, 1.0, 1.0, 1.0, 1.0, 1.0]","[401, 408, 411, 414, 415, 416]"
5548,"[1.0, 1.0, 1.0, 1.0, 1.0, 1.0]","[401, 408, 411, 414, 415, 416]"
5549,"[1.0, 1.0, 1.0, 1.0, 1.0, 1.0]","[401, 408, 411, 414, 415, 416]"
5550,"[1.0, 1.0, 1.0, 1.0, 1.0, 1.0]","[401, 408, 411, 414, 415, 416]"
5551,"[1.0, 1.0, 1.0, 1.0, 1.0, 1.0]","[401, 408, 411, 414, 415, 416]"
5552,"[1.0, 1.0, 1.0, 1.0, 1.0, 1.0]","[401, 408, 411, 414, 415, 416]"
5553,"[1.0, 1.0, 1.0, 1.0, 1.0, 1.0]","[5418, 5499, 5510, 5553, 5598, 5606]"
5554,"[1.0, 1.0, 1.0, 1.0, 1.0, 1.0]","[401, 408, 411, 414, 415, 416]"
5555,"[1.0, 1.0, 1.0, 1.0, 1.0, 1.0]","[401, 408, 411, 414, 415, 416]"
5556,"[1.0, 1.0, 1.0, 1.0, 1.0, 1.0]","[401, 408, 411, 414, 415, 416]"
5557,"[1.0, 1.0, 1.0, 1.0, 1.0, 1.0]","[401, 408, 411, 414, 415, 416]"
5558,"[1.0, 1.0, 1.0, 1.0, 1.0, 1.0]","[401, 408, 411, 414, 415, 416]"
5559,"[1.0, 1.0, 1.0, 1.0, 1.0, 1.0]","[401, 408, 411, 414, 415, 416]"
5560,"[1.0, 1.0, 1.0, 1.0, 1.0, 1.0]","[401, 408, 411, 414, 415, 416]"
5561,"[1.0, 1.0, 1.0, 1.0, 1.0, 1.0]","[401, 408, 411, 414, 415, 416]"
5562,"[1.0, 1.0, 1.0, 1.0, 1.0, 1.0]","[401, 408, 411, 414, 415, 416]"
5563,"[1.0, 1.0, 1.0, 1.0, 1.0, 1.0]","[401, 408, 411, 414, 415, 416]"
5564,"[1.0, 1.0, 1.0, 1.0, 1.0, 1.0]","[401, 408, 411, 414, 415, 416]"
5565,"[1.0, 1.0, 1.0, 1.0, 1.0, 1.0]","[401, 408, 411, 414, 415, 416]"
5566,"[1.0, 1.0, 1.0, 1.0, 1.0, 1.0]","[401, 408, 411, 414, 415, 416]"
5567,"[1.0, 1.0, 1.0, 1.0, 1.0, 1.0]","[401, 408, 411, 414, 415, 416]"
5568,"[1.0, 1.0, 1.0, 1.0, 1.0, 1.0]","[401, 408, 411, 414, 415, 416]"
5569,"[1.0, 1.0, 1.0, 1.0, 1.0, 1.0]","[401, 408, 411, 414, 415, 416]"
5570,"[1.0, 1.0, 1.0, 1.0, 1.0, 1.0]","[401, 408, 411, 414, 415, 416]"
5571,"[1.0, 1.0, 1.0, 1.0, 1.0, 1.0]","[401, 408, 411, 414, 415, 416]"
5572,"[1.0, 1.0, 1.0, 1.0, 1.0, 1.0]","[401, 408, 411, 414, 415, 416]"
5573,"[1.0, 1.0, 1.0, 1.0, 1.0, 1.0]","[401, 408, 411, 414, 415, 416]"
5574,"[1.0, 1.0, 1.0, 1.0, 1.0, 1.0]","[401, 408, 411, 414, 415, 416]"
5575,"[1.0, 1.0, 1.0, 1.0, 1.0, 1.0]","[401, 408, 411, 414, 415, 416]"
5576,"[1.0, 1.0, 1.0, 1.0, 1.0, 1.0]","[401, 408, 411, 414, 415, 416]"
5577,"[1.0, 1.0, 1.0, 1.0, 1.0, 1.0]","[401, 408, 411, 414, 415, 416]"
5578,"[1.0, 1.0, 1.0, 1.0, 1.0, 1.0]","[307, 313, 345, 347, 348, 359]"
5579,"[1.0, 1.0, 1.0, 1.0, 1.0, 1.0]","[401, 408, 411, 414, 415, 416]"
5580,"[1.0, 1.0, 1.0, 1.0, 1.0, 1.0]","[401, 408, 411, 414, 415, 416]"
5581,"[1.0, 1.0, 1.0, 1.0, 1.0, 1.0]","[401, 408, 411, 414, 415, 416]"
5582,"[1.0, 1.0, 1.0, 1.0, 1.0, 1.0]","[401, 408, 411, 414, 415, 416]"
5583,"[1.0, 1.0, 1.0, 1.0, 1.0, 1.0]","[401, 408, 411, 414, 415, 416]"
5584,"[1.0, 1.0, 1.0, 1.0, 1.0, 1.0]","[401, 408, 411, 414, 415, 416]"
5585,"[1.0, 1.0, 1.0, 1.0, 1.0, 1.0]","[401, 408, 411, 414, 415, 416]"
5586,"[1.0, 1.0, 1.0, 1.0, 1.0, 1.0]","[401, 408, 411, 414, 415, 416]"
5587,"[1.0, 1.0, 1.0, 1.0, 1.0, 1.0]","[401, 408, 411, 414, 415, 416]"
5588,"[1.0, 1.0, 1.0, 1.0, 1.0, 1.0]","[401, 408, 411, 414, 415, 416]"
5589,"[1.0, 1.0, 1.0, 1.0, 1.0, 1.0]","[401, 408, 411, 414, 415, 416]"
5590,"[1.0, 1.0, 1.0, 1.0, 1.0, 1.0]","[401, 408, 411, 414, 415, 416]"
5591,"[1.0, 1.0, 1.0, 1.0, 1.0, 1.0]","[401, 408, 411, 414, 415, 416]"
5592,"[1.0, 1.0, 1.0, 1.0, 1.0, 1.0]","[401, 408, 411, 414, 415, 416]"
5593,"[1.0, 1.0, 1.0, 1.0, 1.0, 1.0]","[401, 408, 411, 414, 415, 416]"
5594,"[1.0, 1.0, 1.0, 1.0, 1.0, 1.0]","[401, 408, 411, 414, 415, 416]"
5595,"[1.0, 1.0, 1.0, 1.0, 1.0, 1.0]","[401, 408, 411, 414, 415, 416]"
5596,"[1.0, 1.0, 1.0, 1.0, 1.0, 1.0]","[401, 408, 411, 414, 415, 416]"
5597,"[1.0, 1.0, 1.0, 1.0, 1.0, 1.0]","[401, 408, 411, 414, 415, 416]"
5598,"[1.0, 1.0, 1.0, 1.0, 1.0, 1.0]","[5418, 5499, 5510, 5553, 5598, 5606]"
5599,"[1.0, 1.0, 1.0, 1.0, 1.0, 1.0]","[401, 408, 411, 414, 415, 416]"
5600,"[1.0, 1.0, 1.0, 1.0, 1.0, 1.0]","[401, 408, 411, 414, 415, 416]"
5601,"[1.0, 1.0, 1.0, 1.0, 1.0, 1.0]","[401, 408, 411, 414, 415, 416]"
5602,"[1.0, 1.0, 1.0, 1.0, 1.0, 1.0]","[401, 408, 411, 414, 415, 416]"
5603,"[1.0, 1.0, 1.0, 1.0, 1.0, 1.0]","[401, 408, 411, 414, 415, 416]"
5604,"[1.0, 1.0, 1.0, 1.0, 1.0, 1.0]","[401, 408, 411, 414, 415, 416]"
5605,"[1.0, 1.0, 1.0, 1.0, 1.0, 1.0]","[401, 408, 411, 414, 415, 416]"
5606,"[1.0, 1.0, 1.0, 1.0, 1.0, 1.0]","[5418, 5499, 5510, 5553, 5598, 5606]"
5607,"[1.0, 1.0, 1.0, 1.0, 1.0, 1.0]","[401, 408, 411, 414, 415, 416]"
5608,"[1.0, 1.0, 1.0, 1.0, 1.0, 1.0]","[401, 408, 411, 414, 415, 416]"
5609,"[1.0, 1.0, 1.0, 1.0, 1.0, 1.0]","[401, 408, 411, 414, 415, 416]"
5610,"[1.0, 1.0, 1.0, 1.0, 1.0, 1.0]","[401, 408, 411, 414, 415, 416]"
5611,"[1.0, 1.0, 1.0, 1.0, 1.0, 1.0]","[401, 408, 411, 414, 415, 416]"
5612,"[1.0, 1.0, 1.0, 1.0, 1.0, 1.0]","[401, 408, 411, 414, 415, 416]"
5613,"[1.0, 1.0, 1.0, 1.0, 1.0, 1.0]","[401, 408, 411, 414, 415, 416]"
5614,"[1.0, 1.0, 1.0, 1.0, 1.0, 1.0]","[401, 408, 411, 414, 415, 416]"
5615,"[1.0, 1.0, 1.0, 1.0, 1.0, 1.0]","[401, 408, 411, 414, 415, 416]"
5616,"[1.0, 1.0, 1.0, 1.0, 1.0, 1.0]","[401, 408, 411, 414, 415, 416]"
5617,"[0.75, 0.75, 0.75, 1.0, 1.0, 1.0]","[6, 8, 13, 1102, 1103, 5617]"
5618,"[1.0, 1.0, 1.0, 1.0, 1.0, 1.0]","[401, 408, 411, 414, 415, 416]"
5619,"[1.0, 1.0, 1.0, 1.0, 1.0, 1.0]","[401, 408, 411, 414, 415, 416]"
5620,"[1.0, 1.0, 1.0, 1.0, 1.0, 1.0]","[401, 408, 411, 414, 415, 416]"
5621,"[1.0, 1.0, 1.0, 1.0, 1.0, 1.0]","[401, 408, 411, 414, 415, 416]"
5622,"[1.0, 1.0, 1.0, 1.0, 1.0, 1.0]","[307, 313, 345, 347, 348, 359]"
5623,"[1.0, 1.0, 1.0, 1.0, 1.0, 1.0]","[401, 408, 411, 414, 415, 416]"
5624,"[1.0, 1.0, 1.0, 1.0, 1.0, 1.0]","[401, 408, 411, 414, 415, 416]"
5625,"[1.0, 1.0, 1.0, 1.0, 1.0, 1.0]","[401, 408, 411, 414, 415, 416]"
5626,"[1.0, 1.0, 1.0, 1.0, 1.0, 1.0]","[401, 408, 411, 414, 415, 416]"
5627,"[1.0, 1.0, 1.0, 1.0, 1.0, 1.0]","[401, 408, 411, 414, 415, 416]"
5628,"[1.0, 1.0, 1.0, 1.0, 1.0, 1.0]","[401, 408, 411, 414, 415, 416]"
5629,"[1.0, 1.0, 1.0, 1.0, 1.0, 1.0]","[401, 408, 411, 414, 415, 416]"
5630,"[1.0, 1.0, 1.0, 1.0, 1.0, 1.0]","[401, 408, 411, 414, 415, 416]"
5631,"[1.0, 1.0, 1.0, 1.0, 1.0, 1.0]","[401, 408, 411, 414, 415, 416]"
5632,"[1.0, 1.0, 1.0, 1.0, 1.0, 1.0]","[401, 408, 411, 414, 415, 416]"
5633,"[1.0, 1.0, 1.0, 1.0, 1.0, 1.0]","[401, 408, 411, 414, 415, 416]"
5634,"[1.0, 1.0, 1.0, 1.0, 1.0, 1.0]","[401, 408, 411, 414, 415, 416]"
5635,"[1.0, 1.0, 1.0, 1.0, 1.0, 1.0]","[401, 408, 411, 414, 415, 416]"
5636,"[1.0, 1.0, 1.0, 1.0, 1.0, 1.0]","[401, 408, 411, 414, 415, 416]"
5637,"[1.0, 1.0, 1.0, 1.0, 1.0, 1.0]","[401, 408, 411, 414, 415, 416]"
5638,"[1.0, 1.0, 1.0, 1.0, 1.0, 1.0]","[401, 408, 411, 414, 415, 416]"
5639,"[1.0, 1.0, 1.0, 1.0, 1.0, 1.0]","[401, 408, 411, 414, 415, 416]"
5640,"[1.0, 1.0, 1.0, 1.0, 1.0, 1.0]","[401, 408, 411, 414, 415, 416]"
5641,"[1.0, 1.0, 1.0, 1.0, 1.0, 1.0]","[401, 408, 411, 414, 415, 416]"
5642,"[1.0, 1.0, 1.0, 1.0, 1.0, 1.0]","[401, 408, 411, 414, 415, 416]"
5643,"[1.0, 1.0, 1.0, 1.0, 1.0, 1.0]","[401, 408, 411, 414, 415, 416]"
5644,"[1.0, 1.0, 1.0, 1.0, 1.0, 1.0]","[401, 408, 411, 414, 415, 416]"
5645,"[1.0, 1.0, 1.0, 1.0, 1.0, 1.0]","[401, 408, 411, 414, 415, 416]"
5646,"[1.0, 1.0, 1.0, 1.0, 1.0, 1.0]","[401, 408, 411, 414, 415, 416]"
5647,"[1.0, 1.0, 1.0, 1.0, 1.0, 1.0]","[401, 408, 411, 414, 415, 416]"
5648,"[1.0, 1.0, 1.0, 1.0, 1.0, 1.0]","[401, 408, 411, 414, 415, 416]"
5649,"[1.0, 1.0, 1.0, 1.0, 1.0, 1.0]","[401, 408, 411, 414, 415, 416]"
5650,"[1.0, 1.0, 1.0, 1.0, 1.0, 1.0]","[401, 408, 411, 414, 415, 416]"
5651,"[1.0, 1.0, 1.0, 1.0, 1.0, 1.0]","[401, 408, 411, 414, 415, 416]"
5652,"[1.0, 1.0, 1.0, 1.0, 1.0, 1.0]","[401, 408, 411, 414, 415, 416]"
5653,"[1.0, 1.0, 1.0, 1.0, 1.0, 1.0]","[307, 313, 345, 347, 348, 359]"
5654,"[1.0, 1.0, 1.0, 1.0, 1.0, 1.0]","[307, 313, 345, 347, 348, 359]"
5655,"[1.0, 1.0, 1.0, 1.0, 1.0, 1.0]","[1141, 1142, 1143, 1144, 1145, 1240]"
5656,"[1.0, 1.0, 1.0, 1.0, 1.0, 1.0]","[307, 313, 345, 347, 348, 359]"
5657,"[1.0, 1.0, 1.0, 1.0, 1.0, 1.0]","[307, 313, 345, 347, 348, 359]"
5658,"[1.0, 1.0, 1.0, 1.0, 1.0, 1.0]","[1141, 1142, 1143, 1144, 1145, 1240]"
5659,"[1.0, 1.0, 1.0, 1.0, 1.0, 1.0]","[307, 313, 345, 347, 348, 359]"
5660,"[1.0, 1.0, 1.0, 1.0, 1.0, 1.0]","[307, 313, 345, 347, 348, 359]"
5661,"[1.0, 1.0, 1.0, 1.0, 1.0, 1.0]","[307, 313, 345, 347, 348, 359]"
5662,"[1.0, 1.0, 1.0, 1.0, 1.0, 1.0]","[307, 313, 345, 347, 348, 359]"
5663,"[1.0, 1.0, 1.0, 1.0, 1.0, 1.0]","[307, 313, 345, 347, 348, 359]"
5664,"[1.0, 1.0, 1.0, 1.0, 1.0, 1.0]","[307, 313, 345, 347, 348, 359]"
5665,"[1.0, 1.0, 1.0, 1.0, 1.0, 1.0]","[307, 313, 345, 347, 348, 359]"
5666,"[1.0, 1.0, 1.0, 1.0, 1.0, 1.0]","[689, 1077, 1078, 1080, 1081, 1146]"
5667,"[1.0, 1.0, 1.0, 1.0, 1.0, 1.0]","[307, 313, 345, 347, 348, 359]"
5668,"[1.0, 1.0, 1.0, 1.0, 1.0, 1.0]","[307, 313, 345, 347, 348, 359]"
5669,"[0.75, 0.75, 0.75, 1.0, 1.0, 1.0]","[21, 23, 25, 5449, 5669, 5729]"
5670,"[1.0, 1.0, 1.0, 1.0, 1.0, 1.0]","[307, 313, 345, 347, 348, 359]"
5671,"[1.0, 1.0, 1.0, 1.0, 1.0, 1.0]","[307, 313, 345, 347, 348, 359]"
5672,"[1.0, 1.0, 1.0, 1.0, 1.0, 1.0]","[689, 1077, 1078, 1080, 1081, 1146]"
5673,"[1.0, 1.0, 1.0, 1.0, 1.0, 1.0]","[307, 313, 345, 347, 348, 359]"
5674,"[1.0, 1.0, 1.0, 1.0, 1.0, 1.0]","[307, 313, 345, 347, 348, 359]"
5675,"[0.75, 0.75, 0.75, 1.0, 1.0, 1.0]","[21, 23, 25, 5459, 5675, 5730]"
5676,"[1.0, 1.0, 1.0, 1.0, 1.0, 1.0]","[307, 313, 345, 347, 348, 359]"
5677,"[1.0, 1.0, 1.0, 1.0, 1.0, 1.0]","[689, 1077, 1078, 1080, 1081, 1146]"
5678,"[1.0, 1.0, 1.0, 1.0, 1.0, 1.0]","[307, 313, 345, 347, 348, 359]"
5679,"[1.0, 1.0, 1.0, 1.0, 1.0, 1.0]","[307, 313, 345, 347, 348, 359]"
5680,"[0.75, 0.75, 1.0, 1.0, 1.0, 1.0]","[23, 25, 5225, 5466, 5680, 5731]"
5681,"[1.0, 1.0, 1.0, 1.0, 1.0, 1.0]","[307, 313, 345, 347, 348, 359]"
5682,"[1.0, 1.0, 1.0, 1.0, 1.0, 1.0]","[145, 146, 154, 303, 338, 381]"
5683,"[1.0, 1.0, 1.0, 1.0, 1.0, 1.0]","[689, 1077, 1078, 1080, 1081, 1146]"
5684,"[1.0, 1.0, 1.0, 1.0, 1.0, 1.0]","[307, 313, 345, 347, 348, 359]"
5685,"[1.0, 1.0, 1.0, 1.0, 1.0, 1.0]","[5233, 5249, 5250, 5272, 5286, 5287]"
5686,"[0.75, 0.75, 0.6123724356957946, 1.0, 1.0, 1.0]","[1559, 2384, 3932, 5686, 5734, 5736]"
5687,"[1.0, 1.0, 1.0, 1.0, 1.0, 1.0]","[3835, 3978, 4012, 4112, 4117, 4138]"
5688,"[1.0, 1.0, 1.0, 1.0, 1.0, 1.0]","[401, 408, 411, 414, 415, 416]"
5689,"[1.0, 1.0, 1.0, 1.0, 1.0, 1.0]","[401, 408, 411, 414, 415, 416]"
5690,"[1.0, 1.0, 1.0, 1.0, 1.0, 1.0]","[401, 408, 411, 414, 415, 416]"
5691,"[1.0, 1.0, 1.0, 1.0, 1.0, 1.0]","[401, 408, 411, 414, 415, 416]"
5692,"[1.0, 1.0, 1.0, 1.0, 1.0, 1.0]","[401, 408, 411, 414, 415, 416]"
5693,"[1.0, 1.0, 1.0, 1.0, 1.0, 1.0]","[401, 408, 411, 414, 415, 416]"
5694,"[1.0, 1.0, 1.0, 1.0, 1.0, 1.0]","[401, 408, 411, 414, 415, 416]"
5695,"[1.0, 1.0, 1.0, 1.0, 1.0, 1.0]","[401, 408, 411, 414, 415, 416]"
5696,"[1.0, 1.0, 1.0, 1.0, 1.0, 1.0]","[401, 408, 411, 414, 415, 416]"
5697,"[1.0, 1.0, 1.0, 1.0, 1.0, 1.0]","[401, 408, 411, 414, 415, 416]"
5698,"[1.0, 1.0, 1.0, 1.0, 1.0, 1.0]","[401, 408, 411, 414, 415, 416]"
5699,"[1.0, 1.0, 1.0, 1.0, 1.0, 1.0]","[401, 408, 411, 414, 415, 416]"
5700,"[1.0, 1.0, 1.0, 1.0, 1.0, 1.0]","[401, 408, 411, 414, 415, 416]"
5701,"[1.0, 1.0, 1.0, 1.0, 1.0, 1.0]","[401, 408, 411, 414, 415, 416]"
5702,"[1.0, 1.0, 1.0, 1.0, 1.0, 1.0]","[401, 408, 411, 414, 415, 416]"
5703,"[1.0, 1.0, 1.0, 1.0, 1.0, 1.0]","[401, 408, 411, 414, 415, 416]"
5704,"[1.0, 1.0, 1.0, 1.0, 1.0, 1.0]","[401, 408, 411, 414, 415, 416]"
5705,"[1.0, 1.0, 1.0, 1.0, 1.0, 1.0]","[401, 408, 411, 414, 415, 416]"
5706,"[1.0, 1.0, 1.0, 1.0, 1.0, 1.0]","[401, 408, 411, 414, 415, 416]"
5707,"[1.0, 1.0, 1.0, 1.0, 1.0, 1.0]","[401, 408, 411, 414, 415, 416]"
5708,"[1.0, 1.0, 1.0, 1.0, 1.0, 1.0]","[401, 408, 411, 414, 415, 416]"
5709,"[1.0, 1.0, 1.0, 1.0, 1.0, 1.0]","[401, 408, 411, 414, 415, 416]"
5710,"[1.0, 1.0, 1.0, 1.0, 1.0, 1.0]","[401, 408, 411, 414, 415, 416]"
5711,"[1.0, 1.0, 1.0, 1.0, 1.0, 1.0]","[401, 408, 411, 414, 415, 416]"
5712,"[1.0, 1.0, 1.0, 1.0, 1.0, 1.0]","[401, 408, 411, 414, 415, 416]"
5713,"[1.0, 1.0, 1.0, 1.0, 1.0, 1.0]","[307, 313, 345, 347, 348, 359]"
5714,"[1.0, 1.0, 1.0, 1.0, 1.0, 1.0]","[307, 313, 345, 347, 348, 359]"
5715,"[1.0, 1.0, 1.0, 1.0, 1.0, 1.0]","[401, 408, 411, 414, 415, 416]"
5716,"[1.0, 1.0, 1.0, 1.0, 1.0, 1.0]","[307, 313, 345, 347, 348, 359]"
5717,"[1.0, 1.0, 1.0, 1.0, 1.0, 1.0]","[307, 313, 345, 347, 348, 359]"
5718,"[1.0, 1.0, 1.0, 1.0, 1.0, 1.0]","[307, 313, 345, 347, 348, 359]"
5719,"[1.0, 1.0, 1.0, 1.0, 1.0, 1.0]","[307, 313, 345, 347, 348, 359]"
5720,"[1.0, 1.0, 1.0, 1.0, 1.0, 1.0]","[307, 313, 345, 347, 348, 359]"
5721,"[1.0, 1.0, 1.0, 1.0, 1.0, 1.0]","[307, 313, 345, 347, 348, 359]"
5722,"[1.0, 1.0, 1.0, 1.0, 1.0, 1.0]","[307, 313, 345, 347, 348, 359]"
5723,"[1.0, 1.0, 1.0, 1.0, 1.0, 1.0]","[307, 313, 345, 347, 348, 359]"
5724,"[1.0, 1.0, 1.0, 1.0, 1.0, 1.0]","[307, 313, 345, 347, 348, 359]"
5725,"[1.0, 1.0, 1.0, 1.0, 1.0, 1.0]","[307, 313, 345, 347, 348, 359]"
5726,"[1.0, 1.0, 1.0, 1.0, 1.0, 1.0]","[307, 313, 345, 347, 348, 359]"
5727,"[1.0, 1.0, 1.0, 1.0, 1.0, 1.0]","[307, 313, 345, 347, 348, 359]"
5728,"[1.0, 1.0, 1.0, 1.0, 1.0, 1.0]","[307, 313, 345, 347, 348, 359]"
5729,"[0.75, 0.75, 0.75, 1.0, 1.0, 1.0]","[21, 23, 25, 5449, 5669, 5729]"
5730,"[0.75, 0.75, 0.75, 1.0, 1.0, 1.0]","[21, 23, 25, 5459, 5675, 5730]"
5731,"[0.75, 0.75, 1.0, 1.0, 1.0, 1.0]","[23, 25, 5225, 5466, 5680, 5731]"
5732,"[1.0, 1.0, 1.0, 1.0, 1.0, 1.0]","[145, 146, 154, 303, 338, 381]"
5733,"[1.0, 1.0, 1.0, 1.0, 1.0, 1.0]","[5233, 5249, 5250, 5272, 5286, 5287]"
5734,"[0.75, 0.75, 0.6123724356957946, 1.0, 1.0, 1.0]","[1559, 2384, 3932, 5686, 5734, 5736]"
5735,"[1.0, 1.0, 1.0, 1.0, 1.0, 1.0]","[145, 146, 154, 303, 338, 381]"
5736,"[0.75, 0.75, 0.6123724356957946, 1.0, 1.0, 1.0]","[1559, 2384, 3932, 5686, 5734, 5736]"
5737,"[1.0, 1.0, 1.0, 1.0, 1.0, 1.0]","[145, 146, 154, 303, 338, 381]"
5738,"[0.75, 1.0, 1.0, 1.0, 1.0, 1.0]","[75, 644, 645, 5113, 5738, 5739]"
5739,"[0.75, 1.0, 1.0, 1.0, 1.0, 1.0]","[75, 644, 645, 5113, 5738, 5739]"
5740,"[1.0, 1.0, 1.0, 1.0, 1.0, 1.0]","[20, 24, 26, 28, 30, 369]"
5741,"[1.0, 1.0, 1.0, 1.0, 1.0, 1.0]","[20, 24, 26, 28, 30, 369]"
5742,"[1.0, 1.0, 1.0, 1.0, 1.0, 1.0]","[20, 24, 26, 28, 30, 369]"
5743,"[0.75, 0.75, 0.75, 0.75, 1.0, 1.0]","[72, 93, 125, 133, 4960, 5743]"
5744,"[1.0, 1.0, 1.0, 1.0, 1.0, 1.0]","[1701, 1722, 1788, 3672, 4076, 4123]"
5745,"[1.0, 0.75, 0.75, 1.0, 1.0, 1.0]","[36, 143, 145, 1853, 4962, 5745]"
5746,"[0.75, 0.75, 0.75, 0.75, 1.0, 1.0]","[35, 55, 74, 75, 3574, 5746]"
5747,"[1.0, 1.0, 1.0, 1.0, 1.0, 1.0]","[307, 313, 345, 347, 348, 359]"
5748,"[1.0, 1.0, 1.0, 1.0, 1.0, 1.0]","[307, 313, 345, 347, 348, 359]"
5749,"[1.0, 1.0, 1.0, 1.0, 1.0, 1.0]","[307, 313, 345, 347, 348, 359]"
5750,"[1.0, 1.0, 1.0, 1.0, 1.0, 1.0]","[307, 313, 345, 347, 348, 359]"
5751,"[1.0, 1.0, 1.0, 1.0, 1.0, 1.0]","[1859, 1860, 3805, 3806, 4189, 4190]"
5752,"[1.0, 1.0, 1.0, 1.0, 1.0, 1.0]","[1859, 1860, 3805, 3806, 4189, 4190]"
5753,"[1.0, 1.0, 1.0, 1.0, 1.0, 1.0]","[307, 313, 345, 347, 348, 359]"
5754,"[1.0, 1.0, 1.0, 1.0, 1.0, 1.0]","[1862, 1863, 4192, 4193, 5754, 5755]"
5755,"[1.0, 1.0, 1.0, 1.0, 1.0, 1.0]","[1862, 1863, 4192, 4193, 5754, 5755]"
5756,"[0.75, 0.75, 0.75, 0.75, 0.75, 1.0]","[647, 662, 663, 664, 675, 5756]"
5757,"[0.75, 0.75, 1.0, 1.0, 1.0, 0.75]","[810, 5756, 5757, 5758, 5759, 5761]"
5758,"[0.75, 0.75, 1.0, 1.0, 1.0, 0.75]","[810, 5756, 5757, 5758, 5759, 5761]"
5759,"[0.75, 0.75, 1.0, 1.0, 1.0, 0.75]","[810, 5756, 5757, 5758, 5759, 5761]"
5760,"[0.75, 0.75, 0.75, 0.75, 0.75, 1.0]","[647, 662, 663, 664, 675, 5760]"
5761,"[0.75, 0.75, 0.75, 1.0, 1.0, 1.0]","[5758, 5759, 5760, 5761, 5762, 5763]"
5762,"[0.75, 0.75, 0.75, 1.0, 1.0, 1.0]","[5758, 5759, 5760, 5761, 5762, 5763]"
5763,"[0.75, 0.75, 0.75, 1.0, 1.0, 1.0]","[5758, 5759, 5760, 5761, 5762, 5763]"
5764,"[0.75, 0.75, 0.75, 0.75, 1.0, 1.0]","[662, 663, 664, 675, 5764, 5769]"
5765,"[1.0, 1.0, 1.0, 1.0, 1.0, 1.0]","[5765, 5766, 5767, 5768, 5770, 5771]"
5766,"[1.0, 1.0, 1.0, 1.0, 1.0, 1.0]","[5765, 5766, 5767, 5768, 5770, 5771]"
5767,"[1.0, 1.0, 1.0, 1.0, 1.0, 1.0]","[5765, 5766, 5767, 5768, 5770, 5771]"
5768,"[1.0, 1.0, 1.0, 1.0, 1.0, 1.0]","[5765, 5766, 5767, 5768, 5770, 5771]"
5769,"[0.75, 0.75, 0.75, 0.75, 1.0, 1.0]","[662, 663, 664, 675, 5764, 5769]"
5770,"[1.0, 1.0, 1.0, 1.0, 1.0, 1.0]","[5765, 5766, 5767, 5768, 5770, 5771]"
5771,"[1.0, 1.0, 1.0, 1.0, 1.0, 1.0]","[5765, 5766, 5767, 5768, 5770, 5771]"
5772,"[1.0, 1.0, 1.0, 1.0, 1.0, 1.0]","[5765, 5766, 5767, 5768, 5770, 5771]"
5773,"[1.0, 1.0, 1.0, 1.0, 1.0, 1.0]","[5765, 5766, 5767, 5768, 5770, 5771]"
5774,"[1.0, 1.0, 1.0, 1.0, 1.0, 1.0]","[307, 313, 345, 347, 348, 359]"
5775,"[1.0, 1.0, 1.0, 1.0, 1.0, 1.0]","[406, 3907, 3908, 3925, 3997, 5775]"
5776,"[1.0, 1.0, 1.0, 1.0, 1.0, 1.0]","[307, 313, 345, 347, 348, 359]"
5777,"[1.0, 1.0, 1.0, 1.0, 1.0, 1.0]","[406, 3907, 3908, 3925, 3997, 5775]"
5778,"[0.75, 0.75, 0.75, 0.75, 0.75, 1.0]","[70, 72, 93, 125, 133, 5778]"
5779,"[1.0, 1.0, 1.0, 1.0, 1.0, 1.0]","[307, 313, 345, 347, 348, 359]"
5780,"[0.5, 0.5, 0.5, 0.5, 1.0, 0.75]","[16, 21, 23, 25, 5780, 5784]"
5781,"[1.0, 1.0, 1.0, 1.0, 1.0, 1.0]","[406, 3907, 3908, 3925, 3997, 5775]"
5782,"[0.75, 0.75, 0.75, 0.75, 0.75, 1.0]","[70, 72, 93, 125, 133, 5782]"
5783,"[0.75, 0.75, 0.75, 0.75, 0.75, 1.0]","[5757, 5758, 5759, 5761, 5762, 5783]"
5784,"[0.5, 0.5, 0.5, 0.5, 0.75, 1.0]","[16, 21, 23, 25, 5780, 5784]"
5785,"[1.0, 1.0, 1.0, 1.0, 1.0, 1.0]","[307, 313, 345, 347, 348, 359]"
5786,"[1.0, 1.0, 1.0, 1.0, 1.0, 1.0]","[406, 3907, 3908, 3925, 3997, 5775]"
5787,"[0.75, 0.75, 0.75, 0.75, 0.75, 1.0]","[90, 92, 94, 106, 123, 5787]"
5788,"[0.75, 0.75, 0.75, 1.0, 1.0, 1.0]","[1475, 2998, 3025, 5788, 5789, 5790]"
5789,"[0.75, 0.75, 0.75, 1.0, 1.0, 1.0]","[1475, 2998, 3025, 5788, 5789, 5790]"
5790,"[0.75, 0.75, 0.75, 1.0, 1.0, 1.0]","[1475, 2998, 3025, 5788, 5789, 5790]"
5791,"[0.75, 0.75, 0.75, 1.0, 1.0, 1.0]","[1475, 2998, 3025, 5791, 5792, 5793]"
5792,"[0.75, 0.75, 0.75, 1.0, 1.0, 1.0]","[1475, 2998, 3025, 5791, 5792, 5793]"
5793,"[0.75, 0.75, 0.75, 1.0, 1.0, 1.0]","[1475, 2998, 3025, 5791, 5792, 5793]"
5794,"[0.75, 0.75, 0.75, 1.0, 1.0, 1.0]","[55, 74, 75, 5017, 5021, 5794]"
5795,"[1.0, 1.0, 1.0, 1.0, 1.0, 1.0]","[307, 313, 345, 347, 348, 359]"
5796,"[1.0, 1.0, 1.0, 1.0, 1.0, 1.0]","[1141, 1142, 1143, 1144, 1145, 1240]"
5797,"[1.0, 1.0, 1.0, 1.0, 1.0, 1.0]","[1141, 1142, 1143, 1144, 1145, 1240]"
5798,"[1.0, 1.0, 1.0, 1.0, 1.0, 1.0]","[307, 313, 345, 347, 348, 359]"
5799,"[1.0, 1.0, 1.0, 1.0, 1.0, 1.0]","[704, 720, 1305, 1423, 1457, 4667]"
5800,"[1.0, 1.0, 1.0, 1.0, 1.0, 1.0]","[33, 153, 155, 171, 194, 195]"
5801,"[1.0, 1.0, 1.0, 1.0, 1.0, 1.0]","[1532, 1535, 1934, 1936, 1939, 1941]"
5802,"[1.0, 1.0, 1.0, 1.0, 1.0, 1.0]","[33, 153, 155, 171, 194, 195]"
5803,"[1.0, 1.0, 1.0, 1.0, 1.0, 1.0]","[3500, 5803, 5809, 5823, 5824, 5826]"
5804,"[1.0, 1.0, 1.0, 1.0, 1.0, 1.0]","[1982, 2030, 2442, 2444, 2446, 2448]"
5805,"[0.75, 0.75, 1.0, 1.0, 1.0, 1.0]","[8, 13, 5805, 5810, 5812, 5816]"
5806,"[0.75, 0.75, 0.75, 0.75, 1.0, 1.0]","[169, 181, 187, 219, 5806, 5808]"
5807,"[1.0, 1.0, 1.0, 1.0, 1.0, 1.0]","[1525, 1526, 1529, 1536, 1545, 1558]"
5808,"[0.75, 0.75, 0.75, 0.75, 1.0, 1.0]","[169, 181, 187, 219, 5806, 5808]"
5809,"[1.0, 1.0, 1.0, 1.0, 1.0, 1.0]","[3500, 5803, 5809, 5823, 5824, 5826]"
5810,"[0.75, 0.75, 1.0, 1.0, 1.0, 1.0]","[8, 13, 5805, 5810, 5812, 5816]"
5811,"[1.0, 1.0, 1.0, 1.0, 1.0, 1.0]","[20, 24, 26, 28, 30, 369]"
5812,"[0.75, 0.75, 1.0, 1.0, 1.0, 1.0]","[8, 13, 5805, 5810, 5812, 5816]"
5813,"[1.0, 1.0, 1.0, 1.0, 1.0, 1.0]","[20, 24, 26, 28, 30, 369]"
5814,"[1.0, 1.0, 1.0, 1.0, 1.0, 1.0]","[20, 24, 26, 28, 30, 369]"
5815,"[1.0, 1.0, 1.0, 1.0, 1.0, 1.0]","[20, 24, 26, 28, 30, 369]"
5816,"[0.75, 0.75, 1.0, 1.0, 1.0, 1.0]","[8, 13, 5805, 5810, 5812, 5816]"
5817,"[0.75, 0.75, 1.0, 1.0, 1.0, 1.0]","[1458, 1463, 5817, 5820, 5828, 5830]"
5818,"[1.0, 1.0, 1.0, 1.0, 1.0, 1.0]","[147, 157, 158, 159, 247, 248]"
5819,"[1.0, 1.0, 1.0, 1.0, 1.0, 1.0]","[147, 157, 158, 159, 247, 248]"
5820,"[0.75, 0.75, 1.0, 1.0, 1.0, 1.0]","[1458, 1463, 5817, 5820, 5828, 5830]"
5821,"[0.75, 0.75, 0.75, 1.0, 1.0, 1.0]","[6, 8, 13, 2136, 2138, 5821]"
5822,"[1.0, 1.0, 1.0, 1.0, 1.0, 1.0]","[33, 153, 155, 171, 194, 195]"
5823,"[1.0, 1.0, 1.0, 1.0, 1.0, 1.0]","[3500, 5803, 5809, 5823, 5824, 5826]"
5824,"[1.0, 1.0, 1.0, 1.0, 1.0, 1.0]","[3500, 5803, 5809, 5823, 5824, 5826]"
5825,"[1.0, 1.0, 1.0, 1.0, 1.0, 1.0]","[33, 153, 155, 171, 194, 195]"
5826,"[1.0, 1.0, 1.0, 1.0, 1.0, 1.0]","[3500, 5803, 5809, 5823, 5824, 5826]"
5827,"[1.0, 1.0, 1.0, 1.0, 1.0, 1.0]","[1351, 1352, 1358, 1360, 1364, 1365]"
5828,"[0.75, 0.75, 1.0, 1.0, 1.0, 1.0]","[1458, 1463, 5817, 5820, 5828, 5830]"
5829,"[1.0, 1.0, 1.0, 1.0, 1.0, 1.0]","[33, 153, 155, 171, 194, 195]"
5830,"[0.75, 0.75, 1.0, 1.0, 1.0, 1.0]","[1458, 1463, 5817, 5820, 5828, 5830]"
5831,"[1.0, 1.0, 1.0, 1.0, 1.0, 1.0]","[33, 153, 155, 171, 194, 195]"
5832,"[1.0, 1.0, 1.0, 1.0, 1.0, 1.0]","[3500, 5803, 5809, 5823, 5824, 5826]"
5833,"[1.0, 1.0, 1.0, 1.0, 1.0, 1.0]","[33, 153, 155, 171, 194, 195]"
5834,"[1.0, 1.0, 1.0, 1.0, 1.0, 1.0]","[3500, 5803, 5809, 5823, 5824, 5826]"
5835,"[1.0, 1.0, 1.0, 1.0, 1.0, 1.0]","[3500, 5803, 5809, 5823, 5824, 5826]"
5836,"[0.75, 0.75, 0.75, 1.0, 1.0, 1.0]","[55, 74, 75, 4997, 5067, 5836]"
5837,"[1.0, 1.0, 1.0, 1.0, 1.0, 1.0]","[510, 512, 519, 521, 542, 543]"
5838,"[1.0, 1.0, 1.0, 1.0, 1.0, 1.0]","[510, 512, 519, 521, 542, 543]"
5839,"[0.75, 0.75, 0.75, 1.0, 1.0, 1.0]","[61, 145, 146, 316, 3760, 5839]"
5840,"[0.75, 0.75, 0.75, 1.0, 1.0, 1.0]","[61, 145, 146, 5253, 5290, 5840]"
5841,"[1.0, 1.0, 1.0, 1.0, 1.0, 1.0]","[3500, 5803, 5809, 5823, 5824, 5826]"
5842,"[1.0, 1.0, 1.0, 1.0, 1.0, 1.0]","[3500, 5803, 5809, 5823, 5824, 5826]"
5843,"[0.75, 0.75, 0.75, 0.75, 0.75, 1.0]","[3500, 5803, 5809, 5823, 5824, 5843]"
5844,"[0.75, 0.75, 0.75, 0.75, 0.75, 1.0]","[1253, 1849, 1851, 2024, 3733, 5844]"
5845,"[1.0, 0.75, 1.0, 1.0, 1.0, 1.0]","[143, 145, 296, 903, 4701, 5845]"
5846,"[0.75, 0.75, 0.75, 0.75, 0.75, 1.0]","[70, 72, 93, 125, 133, 5846]"
5847,"[0.75, 0.75, 0.75, 0.75, 0.75, 1.0]","[3500, 5803, 5809, 5823, 5824, 5847]"
5848,"[1.0, 1.0, 1.0, 1.0, 1.0, 1.0]","[4618, 4619, 4620, 4621, 4623, 4625]"
5849,"[1.0, 1.0, 1.0, 1.0, 1.0, 1.0]","[147, 157, 158, 159, 247, 248]"
5850,"[1.0, 1.0, 1.0, 1.0, 1.0, 1.0]","[147, 157, 158, 159, 247, 248]"
5851,"[1.0, 1.0, 1.0, 1.0, 1.0, 1.0]","[147, 157, 158, 159, 247, 248]"
5852,"[0.75, 0.75, 0.75, 0.75, 0.75, 1.0]","[70, 72, 93, 125, 133, 5852]"
5853,"[0.75, 0.75, 0.75, 0.75, 0.75, 1.0]","[3500, 5803, 5809, 5823, 5824, 5853]"
5854,"[1.0, 1.0, 1.0, 1.0, 1.0, 1.0]","[147, 157, 158, 159, 247, 248]"
5855,"[1.0, 1.0, 1.0, 1.0, 1.0, 1.0]","[147, 157, 158, 159, 247, 248]"
5856,"[1.0, 1.0, 1.0, 1.0, 1.0, 1.0]","[147, 157, 158, 159, 247, 248]"
5857,"[1.0, 1.0, 1.0, 1.0, 1.0, 1.0]","[3500, 5803, 5809, 5823, 5824, 5826]"
5858,"[1.0, 1.0, 1.0, 1.0, 1.0, 1.0]","[3500, 5803, 5809, 5823, 5824, 5826]"
5859,"[1.0, 1.0, 1.0, 1.0, 1.0, 1.0]","[269, 274, 1985, 1986, 1987, 4853]"
5860,"[0.75, 0.75, 0.75, 0.75, 0.75, 1.0]","[3500, 5803, 5809, 5823, 5824, 5860]"
5861,"[0.75, 0.75, 0.75, 0.75, 0.75, 1.0]","[1253, 1849, 1851, 2024, 3733, 5861]"
5862,"[0.75, 0.75, 0.75, 0.75, 0.75, 1.0]","[70, 72, 93, 125, 133, 5862]"
5863,"[0.75, 0.75, 0.75, 0.75, 0.75, 1.0]","[3500, 5803, 5809, 5823, 5824, 5863]"
5864,"[1.0, 1.0, 1.0, 1.0, 1.0, 1.0]","[4618, 4619, 4620, 4621, 4623, 4625]"
5865,"[1.0, 1.0, 1.0, 1.0, 1.0, 1.0]","[147, 157, 158, 159, 247, 248]"
5866,"[1.0, 1.0, 1.0, 1.0, 1.0, 1.0]","[147, 157, 158, 159, 247, 248]"
5867,"[1.0, 1.0, 1.0, 1.0, 1.0, 1.0]","[147, 157, 158, 159, 247, 248]"
5868,"[1.0, 1.0, 1.0, 1.0, 1.0, 1.0]","[147, 157, 158, 159, 247, 248]"
5869,"[1.0, 1.0, 1.0, 1.0, 1.0, 1.0]","[147, 157, 158, 159, 247, 248]"
5870,"[1.0, 1.0, 1.0, 1.0, 1.0, 1.0]","[147, 157, 158, 159, 247, 248]"
5871,"[1.0, 1.0, 1.0, 1.0, 1.0, 1.0]","[4618, 4619, 4620, 4621, 4623, 4625]"
5872,"[1.0, 1.0, 1.0, 1.0, 1.0, 1.0]","[4618, 4619, 4620, 4621, 4623, 4625]"
5873,"[0.75, 0.75, 0.75, 0.75, 1.0, 1.0]","[72, 93, 125, 133, 5873, 5874]"
5874,"[0.75, 0.75, 0.75, 0.75, 1.0, 1.0]","[72, 93, 125, 133, 5873, 5874]"
5875,"[0.75, 0.75, 0.75, 0.75, 0.75, 1.0]","[3500, 5803, 5809, 5823, 5824, 5875]"
5876,"[1.0, 1.0, 1.0, 1.0, 1.0, 1.0]","[147, 157, 158, 159, 247, 248]"
5877,"[1.0, 1.0, 1.0, 1.0, 1.0, 1.0]","[147, 157, 158, 159, 247, 248]"
5878,"[1.0, 1.0, 1.0, 1.0, 1.0, 1.0]","[147, 157, 158, 159, 247, 248]"
5879,"[1.0, 1.0, 1.0, 1.0, 1.0, 1.0]","[147, 157, 158, 159, 247, 248]"
5880,"[1.0, 1.0, 1.0, 1.0, 1.0, 1.0]","[147, 157, 158, 159, 247, 248]"
5881,"[1.0, 1.0, 1.0, 1.0, 1.0, 1.0]","[3500, 5803, 5809, 5823, 5824, 5826]"
5882,"[1.0, 1.0, 1.0, 1.0, 1.0, 1.0]","[3500, 5803, 5809, 5823, 5824, 5826]"
5883,"[1.0, 1.0, 1.0, 1.0, 1.0, 1.0]","[3500, 5803, 5809, 5823, 5824, 5826]"
5884,"[1.0, 1.0, 1.0, 1.0, 1.0, 1.0]","[3500, 5803, 5809, 5823, 5824, 5826]"
5885,"[1.0, 1.0, 1.0, 1.0, 1.0, 1.0]","[3500, 5803, 5809, 5823, 5824, 5826]"
5886,"[1.0, 1.0, 1.0, 1.0, 1.0, 1.0]","[3500, 5803, 5809, 5823, 5824, 5826]"
5887,"[1.0, 1.0, 1.0, 1.0, 1.0, 1.0]","[3500, 5803, 5809, 5823, 5824, 5826]"
5888,"[1.0, 1.0, 1.0, 1.0, 1.0, 1.0]","[33, 153, 155, 171, 194, 195]"
5889,"[1.0, 1.0, 1.0, 1.0, 1.0, 1.0]","[33, 153, 155, 171, 194, 195]"
5890,"[1.0, 1.0, 1.0, 1.0, 1.0, 1.0]","[3500, 5803, 5809, 5823, 5824, 5826]"
5891,"[1.0, 1.0, 1.0, 1.0, 1.0, 1.0]","[3500, 5803, 5809, 5823, 5824, 5826]"
5892,"[1.0, 1.0, 1.0, 1.0, 1.0, 1.0]","[3500, 5803, 5809, 5823, 5824, 5826]"
5893,"[1.0, 1.0, 1.0, 1.0, 1.0, 1.0]","[3500, 5803, 5809, 5823, 5824, 5826]"
5894,"[1.0, 1.0, 1.0, 1.0, 1.0, 1.0]","[3500, 5803, 5809, 5823, 5824, 5826]"
5895,"[1.0, 1.0, 1.0, 1.0, 1.0, 1.0]","[3500, 5803, 5809, 5823, 5824, 5826]"
5896,"[1.0, 1.0, 1.0, 1.0, 1.0, 1.0]","[3500, 5803, 5809, 5823, 5824, 5826]"
5897,"[1.0, 1.0, 1.0, 1.0, 1.0, 1.0]","[3500, 5803, 5809, 5823, 5824, 5826]"
5898,"[1.0, 1.0, 1.0, 1.0, 1.0, 1.0]","[3500, 5803, 5809, 5823, 5824, 5826]"
5899,"[1.0, 1.0, 1.0, 1.0, 1.0, 1.0]","[3500, 5803, 5809, 5823, 5824, 5826]"
5900,"[1.0, 1.0, 1.0, 1.0, 1.0, 1.0]","[3500, 5803, 5809, 5823, 5824, 5826]"
5901,"[1.0, 1.0, 1.0, 1.0, 1.0, 1.0]","[4767, 4774, 4785, 4834, 4840, 5901]"
5902,"[1.0, 1.0, 1.0, 1.0, 1.0, 1.0]","[3500, 5803, 5809, 5823, 5824, 5826]"
5903,"[1.0, 1.0, 1.0, 1.0, 1.0, 1.0]","[3500, 5803, 5809, 5823, 5824, 5826]"
5904,"[1.0, 1.0, 1.0, 1.0, 1.0, 1.0]","[3500, 5803, 5809, 5823, 5824, 5826]"
5905,"[1.0, 1.0, 1.0, 1.0, 1.0, 1.0]","[3500, 5803, 5809, 5823, 5824, 5826]"
5906,"[1.0, 1.0, 1.0, 1.0, 1.0, 1.0]","[3500, 5803, 5809, 5823, 5824, 5826]"
5907,"[1.0, 1.0, 1.0, 1.0, 1.0, 1.0]","[145, 146, 154, 303, 338, 381]"
5908,"[1.0, 1.0, 1.0, 1.0, 1.0, 1.0]","[3500, 5803, 5809, 5823, 5824, 5826]"
5909,"[1.0, 1.0, 1.0, 1.0, 1.0, 1.0]","[3500, 5803, 5809, 5823, 5824, 5826]"
5910,"[1.0, 1.0, 1.0, 1.0, 1.0, 1.0]","[3500, 5803, 5809, 5823, 5824, 5826]"
5911,"[1.0, 1.0, 1.0, 1.0, 1.0, 1.0]","[3500, 5803, 5809, 5823, 5824, 5826]"
5912,"[1.0, 1.0, 1.0, 1.0, 1.0, 1.0]","[145, 146, 154, 303, 338, 381]"
5913,"[1.0, 1.0, 1.0, 1.0, 1.0, 1.0]","[3500, 5803, 5809, 5823, 5824, 5826]"
5914,"[1.0, 1.0, 1.0, 1.0, 1.0, 1.0]","[3500, 5803, 5809, 5823, 5824, 5826]"
5915,"[0.75, 0.75, 0.75, 0.75, 0.75, 1.0]","[3500, 5803, 5809, 5823, 5824, 5915]"
5916,"[0.75, 0.75, 1.0, 1.0, 1.0, 1.0]","[58, 97, 5916, 5917, 5918, 5919]"
5917,"[0.75, 0.75, 1.0, 1.0, 1.0, 1.0]","[58, 97, 5916, 5917, 5918, 5919]"
5918,"[0.75, 0.75, 1.0, 1.0, 1.0, 1.0]","[58, 97, 5916, 5917, 5918, 5919]"
5919,"[0.75, 0.75, 1.0, 1.0, 1.0, 1.0]","[58, 97, 5916, 5917, 5918, 5919]"
5920,"[1.0, 1.0, 1.0, 1.0, 1.0, 1.0]","[3500, 5803, 5809, 5823, 5824, 5826]"
5921,"[1.0, 1.0, 1.0, 1.0, 1.0, 1.0]","[3500, 5803, 5809, 5823, 5824, 5826]"
5922,"[1.0, 1.0, 1.0, 1.0, 1.0, 1.0]","[3500, 5803, 5809, 5823, 5824, 5826]"
5923,"[1.0, 1.0, 1.0, 1.0, 1.0, 1.0]","[3500, 5803, 5809, 5823, 5824, 5826]"
5924,"[1.0, 1.0, 1.0, 1.0, 1.0, 1.0]","[3500, 5803, 5809, 5823, 5824, 5826]"
5925,"[0.75, 0.75, 0.75, 0.75, 0.75, 1.0]","[70, 72, 93, 125, 133, 5925]"
5926,"[0.75, 0.75, 0.75, 0.75, 0.75, 1.0]","[3500, 5803, 5809, 5823, 5824, 5926]"
5927,"[0.75, 0.75, 1.0, 1.0, 1.0, 1.0]","[145, 146, 1335, 1343, 2152, 5927]"
5928,"[1.0, 1.0, 1.0, 1.0, 1.0, 1.0]","[3500, 5803, 5809, 5823, 5824, 5826]"
5929,"[1.0, 1.0, 1.0, 1.0, 1.0, 1.0]","[145, 146, 154, 303, 338, 381]"
5930,"[1.0, 1.0, 1.0, 1.0, 1.0, 1.0]","[145, 146, 154, 303, 338, 381]"
5931,"[0.75, 0.75, 0.75, 0.75, 0.75, 1.0]","[3500, 5803, 5809, 5823, 5824, 5931]"
5932,"[0.5, 0.75, 0.75, 0.75, 0.75, 1.0]","[39, 1474, 1476, 1477, 5931, 5932]"
5933,"[1.0, 1.0, 1.0, 1.0, 1.0, 1.0]","[5933, 5934, 5936, 5937, 5938, 5939]"
5934,"[1.0, 1.0, 1.0, 1.0, 1.0, 1.0]","[5933, 5934, 5936, 5937, 5938, 5939]"
5935,"[0.75, 0.75, 0.75, 0.75, 0.75, 1.0]","[70, 72, 93, 125, 133, 5935]"
5936,"[1.0, 1.0, 1.0, 1.0, 1.0, 1.0]","[5933, 5934, 5936, 5937, 5938, 5939]"
5937,"[1.0, 1.0, 1.0, 1.0, 1.0, 1.0]","[5933, 5934, 5936, 5937, 5938, 5939]"
5938,"[1.0, 1.0, 1.0, 1.0, 1.0, 1.0]","[5933, 5934, 5936, 5937, 5938, 5939]"
5939,"[1.0, 1.0, 1.0, 1.0, 1.0, 1.0]","[5933, 5934, 5936, 5937, 5938, 5939]"
5940,"[1.0, 1.0, 1.0, 1.0, 1.0, 1.0]","[5933, 5934, 5936, 5937, 5938, 5939]"
5941,"[0.75, 0.75, 0.75, 1.0, 1.0, 1.0]","[61, 145, 146, 888, 5416, 5941]"
5942,"[1.0, 1.0, 1.0, 1.0, 1.0, 1.0]","[5933, 5934, 5936, 5937, 5938, 5939]"
5943,"[0.75, 0.75, 0.75, 0.75, 0.75, 1.0]","[3500, 5803, 5809, 5823, 5824, 5943]"
5944,"[0.5, 0.5, 0.75, 1.0, 0.75, 0.75]","[38, 39, 5943, 5944, 6096, 6103]"
5945,"[0.75, 0.75, 0.75, 0.75, 1.0, 1.0]","[5803, 5809, 5823, 5824, 5945, 5967]"
5946,"[0.75, 0.75, 0.75, 0.75, 0.75, 1.0]","[3500, 5803, 5809, 5823, 5824, 5946]"
5947,"[0.75, 0.75, 1.0, 0.75, 1.0, 1.0]","[1487, 5946, 5947, 5948, 5949, 5951]"
5948,"[0.75, 0.75, 1.0, 1.0, 1.0, 1.0]","[125, 133, 5948, 5950, 5952, 5953]"
5949,"[0.75, 0.75, 1.0, 0.75, 1.0, 1.0]","[1487, 5946, 5947, 5948, 5949, 5951]"
5950,"[0.75, 0.75, 1.0, 1.0, 1.0, 1.0]","[125, 133, 5948, 5950, 5952, 5953]"
5951,"[0.75, 0.75, 1.0, 0.75, 1.0, 1.0]","[1487, 5946, 5947, 5948, 5949, 5951]"
5952,"[0.75, 0.75, 1.0, 1.0, 1.0, 1.0]","[125, 133, 5948, 5950, 5952, 5953]"
5953,"[0.75, 0.75, 1.0, 1.0, 1.0, 1.0]","[125, 133, 5948, 5950, 5952, 5953]"
5954,"[0.75, 0.75, 0.75, 0.75, 0.75, 1.0]","[3500, 5803, 5809, 5823, 5824, 5954]"
5955,"[0.75, 1.0, 0.75, 1.0, 0.75, 1.0]","[5954, 5955, 5956, 5957, 5958, 5959]"
5956,"[0.75, 0.75, 1.0, 1.0, 1.0, 1.0]","[125, 133, 5956, 5958, 5960, 5961]"
5957,"[0.75, 1.0, 0.75, 1.0, 0.75, 1.0]","[5954, 5955, 5956, 5957, 5958, 5959]"
5958,"[0.75, 0.75, 1.0, 1.0, 1.0, 1.0]","[125, 133, 5956, 5958, 5960, 5961]"
5959,"[0.75, 1.0, 0.75, 1.0, 0.75, 1.0]","[5954, 5955, 5956, 5957, 5958, 5959]"
5960,"[0.75, 0.75, 1.0, 1.0, 1.0, 1.0]","[125, 133, 5956, 5958, 5960, 5961]"
5961,"[0.75, 0.75, 1.0, 1.0, 1.0, 1.0]","[125, 133, 5956, 5958, 5960, 5961]"
5962,"[0.75, 1.0, 1.0, 1.0, 1.0, 1.0]","[25, 677, 1996, 2014, 5962, 5969]"
5963,"[1.0, 1.0, 1.0, 1.0, 1.0, 1.0]","[307, 313, 345, 347, 348, 359]"
5964,"[1.0, 1.0, 1.0, 1.0, 1.0, 1.0]","[3500, 5803, 5809, 5823, 5824, 5826]"
5965,"[1.0, 1.0, 1.0, 1.0, 1.0, 1.0]","[751, 753, 756, 768, 770, 773]"
5966,"[1.0, 1.0, 1.0, 1.0, 1.0, 1.0]","[751, 753, 756, 768, 770, 773]"
5967,"[0.75, 0.75, 0.75, 0.75, 1.0, 1.0]","[5803, 5809, 5823, 5824, 5945, 5967]"
5968,"[1.0, 1.0, 1.0, 1.0, 1.0, 1.0]","[627, 629, 630, 892, 1452, 2163]"
5969,"[0.75, 1.0, 1.0, 1.0, 1.0, 1.0]","[25, 677, 1996, 2014, 5962, 5969]"
5970,"[1.0, 1.0, 1.0, 1.0, 1.0, 1.0]","[307, 313, 345, 347, 348, 359]"
5971,"[1.0, 1.0, 1.0, 1.0, 1.0, 1.0]","[4755, 5971, 5973, 5974, 5975, 5976]"
5972,"[1.0, 1.0, 1.0, 1.0, 1.0, 1.0]","[549, 4994, 5068, 5092, 5972, 5977]"
5973,"[1.0, 1.0, 1.0, 1.0, 1.0, 1.0]","[4755, 5971, 5973, 5974, 5975, 5976]"
5974,"[1.0, 1.0, 1.0, 1.0, 1.0, 1.0]","[4755, 5971, 5973, 5974, 5975, 5976]"
5975,"[1.0, 1.0, 1.0, 1.0, 1.0, 1.0]","[4755, 5971, 5973, 5974, 5975, 5976]"
5976,"[1.0, 1.0, 1.0, 1.0, 1.0, 1.0]","[4755, 5971, 5973, 5974, 5975, 5976]"
5977,"[1.0, 1.0, 1.0, 1.0, 1.0, 1.0]","[549, 4994, 5068, 5092, 5972, 5977]"
5978,"[1.0, 1.0, 1.0, 1.0, 1.0, 1.0]","[4755, 5971, 5973, 5974, 5975, 5976]"
5979,"[1.0, 1.0, 1.0, 1.0, 1.0, 1.0]","[4755, 5971, 5973, 5974, 5975, 5976]"
5980,"[1.0, 1.0, 1.0, 1.0, 1.0, 1.0]","[1532, 1535, 1934, 1936, 1939, 1941]"
5981,"[1.0, 1.0, 1.0, 1.0, 1.0, 1.0]","[33, 153, 155, 171, 194, 195]"
5982,"[1.0, 1.0, 1.0, 1.0, 1.0, 1.0]","[33, 153, 155, 171, 194, 195]"
5983,"[0.75, 0.75, 0.75, 0.75, 0.75, 1.0]","[34, 35, 55, 74, 75, 5983]"
5984,"[0.75, 0.75, 0.75, 0.75, 1.0, 1.0]","[35, 55, 74, 75, 1478, 5984]"
5985,"[0.75, 0.75, 1.0, 0.75, 0.75, 0.75]","[1478, 5984, 5985, 5986, 5987, 5989]"
5986,"[1.0, 1.0, 1.0, 1.0, 1.0, 1.0]","[5986, 5987, 5989, 5991, 5992, 5993]"
5987,"[1.0, 1.0, 1.0, 1.0, 1.0, 1.0]","[5986, 5987, 5989, 5991, 5992, 5993]"
5988,"[0.75, 0.75, 0.75, 0.75, 0.75, 1.0]","[34, 35, 55, 74, 75, 5988]"
5989,"[1.0, 1.0, 1.0, 1.0, 1.0, 1.0]","[5986, 5987, 5989, 5991, 5992, 5993]"
5990,"[1.0, 1.0, 1.0, 1.0, 1.0, 1.0]","[20, 24, 26, 28, 30, 369]"
5991,"[1.0, 1.0, 1.0, 1.0, 1.0, 1.0]","[5986, 5987, 5989, 5991, 5992, 5993]"
5992,"[1.0, 1.0, 1.0, 1.0, 1.0, 1.0]","[5986, 5987, 5989, 5991, 5992, 5993]"
5993,"[1.0, 1.0, 1.0, 1.0, 1.0, 1.0]","[5986, 5987, 5989, 5991, 5992, 5993]"
5994,"[1.0, 1.0, 1.0, 1.0, 1.0, 1.0]","[147, 157, 158, 159, 247, 248]"
5995,"[1.0, 1.0, 1.0, 1.0, 1.0, 1.0]","[147, 157, 158, 159, 247, 248]"
5996,"[1.0, 1.0, 1.0, 1.0, 1.0, 1.0]","[5986, 5987, 5989, 5991, 5992, 5993]"
5997,"[0.75, 0.75, 0.75, 0.75, 0.75, 1.0]","[35, 47, 55, 58, 97, 5997]"
5998,"[1.0, 1.0, 1.0, 1.0, 1.0, 1.0]","[20, 24, 26, 28, 30, 369]"
5999,"[1.0, 1.0, 1.0, 1.0, 1.0, 1.0]","[20, 24, 26, 28, 30, 369]"
6000,"[1.0, 1.0, 1.0, 1.0, 1.0, 1.0]","[5986, 5987, 5989, 5991, 5992, 5993]"
6001,"[1.0, 1.0, 1.0, 1.0, 1.0, 1.0]","[20, 24, 26, 28, 30, 369]"
6002,"[1.0, 1.0, 1.0, 1.0, 1.0, 1.0]","[20, 24, 26, 28, 30, 369]"
6003,"[1.0, 1.0, 1.0, 1.0, 1.0, 1.0]","[5986, 5987, 5989, 5991, 5992, 5993]"
6004,"[1.0, 1.0, 1.0, 1.0, 1.0, 1.0]","[20, 24, 26, 28, 30, 369]"
6005,"[0.5, 0.75, 0.75, 0.75, 1.0, 0.75]","[39, 1478, 5984, 5985, 6005, 6006]"
6006,"[0.75, 0.75, 0.75, 0.75, 0.75, 1.0]","[70, 72, 93, 125, 133, 6006]"
6007,"[1.0, 1.0, 1.0, 1.0, 1.0, 1.0]","[307, 313, 345, 347, 348, 359]"
6008,"[1.0, 1.0, 1.0, 1.0, 1.0, 1.0]","[33, 153, 155, 171, 194, 195]"
6009,"[0.75, 1.0, 1.0, 1.0, 1.0, 1.0]","[13, 491, 890, 6009, 6010, 6011]"
6010,"[0.75, 1.0, 1.0, 1.0, 1.0, 1.0]","[13, 491, 890, 6009, 6010, 6011]"
6011,"[0.75, 1.0, 1.0, 1.0, 1.0, 1.0]","[13, 491, 890, 6009, 6010, 6011]"
6012,"[1.0, 1.0, 1.0, 1.0, 1.0, 1.0]","[33, 153, 155, 171, 194, 195]"
6013,"[0.5, 0.5, 1.0, 1.0, 0.75, 1.0]","[4, 5, 2039, 5341, 5432, 6013]"
6014,"[0.75, 0.75, 1.0, 1.0, 1.0, 1.0]","[5300, 5415, 6014, 6015, 6016, 6021]"
6015,"[0.75, 0.75, 1.0, 1.0, 1.0, 1.0]","[5300, 5415, 6014, 6015, 6016, 6021]"
6016,"[0.75, 0.75, 1.0, 1.0, 1.0, 1.0]","[5300, 5415, 6014, 6015, 6016, 6021]"
6017,"[1.0, 1.0, 1.0, 1.0, 1.0, 1.0]","[34, 202, 318, 349, 398, 409]"
6018,"[1.0, 1.0, 1.0, 1.0, 1.0, 1.0]","[452, 453, 454, 455, 456, 457]"
6019,"[1.0, 0.75, 0.75, 1.0, 1.0, 1.0]","[203, 5012, 5022, 6019, 6694, 6727]"
6020,"[1.0, 1.0, 1.0, 1.0, 1.0, 1.0]","[452, 453, 454, 455, 456, 457]"
6021,"[0.75, 0.75, 1.0, 1.0, 1.0, 1.0]","[5300, 5415, 6014, 6015, 6016, 6021]"
6022,"[0.75, 0.75, 0.75, 0.75, 0.75, 1.0]","[191, 620, 622, 624, 625, 6022]"
6023,"[0.75, 1.0, 0.75, 0.75, 0.75, 0.75]","[6022, 6023, 6026, 6027, 6028, 6029]"
6024,"[1.0, 1.0, 1.0, 1.0, 1.0, 1.0]","[33, 153, 155, 171, 194, 195]"
6025,"[0.75, 0.75, 0.75, 0.75, 0.75, 1.0]","[161, 169, 181, 187, 219, 6025]"
6026,"[0.75, 0.75, 1.0, 0.75, 0.75, 0.75]","[6023, 6025, 6026, 6027, 6028, 6029]"
6027,"[0.75, 1.0, 1.0, 1.0, 1.0, 1.0]","[75, 6027, 6028, 6029, 6030, 6035]"
6028,"[0.75, 1.0, 1.0, 1.0, 1.0, 1.0]","[75, 6027, 6028, 6029, 6030, 6035]"
6029,"[0.75, 1.0, 1.0, 1.0, 1.0, 1.0]","[75, 6027, 6028, 6029, 6030, 6035]"
6030,"[0.75, 1.0, 1.0, 1.0, 1.0, 1.0]","[75, 6027, 6028, 6029, 6030, 6035]"
6031,"[0.75, 0.75, 0.75, 0.75, 0.75, 1.0]","[70, 72, 93, 125, 133, 6031]"
6032,"[0.75, 0.75, 0.75, 0.75, 1.0, 1.0]","[620, 622, 624, 625, 6032, 6033]"
6033,"[0.75, 0.75, 0.75, 0.75, 1.0, 1.0]","[620, 622, 624, 625, 6032, 6033]"
6034,"[1.0, 1.0, 1.0, 1.0, 1.0, 1.0]","[20, 24, 26, 28, 30, 369]"
6035,"[0.75, 1.0, 1.0, 1.0, 1.0, 1.0]","[75, 6027, 6028, 6029, 6030, 6035]"
6036,"[0.75, 0.75, 0.75, 0.75, 0.75, 1.0]","[70, 72, 93, 125, 133, 6036]"
6037,"[0.8333333333333335, 0.8333333333333335, 0.8333333333333335, 1.0000000000000002, 1.0000000000000002, 1.0000000000000002]","[1370, 1371, 1637, 6037, 6038, 6039]"
6038,"[0.8333333333333335, 0.8333333333333335, 0.8333333333333335, 1.0000000000000002, 1.0000000000000002, 1.0000000000000002]","[1370, 1371, 1637, 6037, 6038, 6039]"
6039,"[0.8333333333333335, 0.8333333333333335, 0.8333333333333335, 1.0000000000000002, 1.0000000000000002, 1.0000000000000002]","[1370, 1371, 1637, 6037, 6038, 6039]"
6040,"[1.0, 1.0, 1.0, 1.0, 1.0, 1.0]","[1525, 1526, 1529, 1536, 1545, 1558]"
6041,"[1.0, 1.0, 1.0, 1.0, 1.0, 1.0]","[1525, 1526, 1529, 1536, 1545, 1558]"
6042,"[1.0, 1.0, 1.0, 1.0, 1.0, 1.0]","[1525, 1526, 1529, 1536, 1545, 1558]"
6043,"[1.0, 1.0, 1.0, 1.0, 1.0, 1.0]","[1525, 1526, 1529, 1536, 1545, 1558]"
6044,"[0.75, 0.75, 1.0, 1.0, 1.0, 1.0]","[125, 133, 6044, 6045, 6046, 6050]"
6045,"[0.75, 0.75, 1.0, 1.0, 1.0, 1.0]","[125, 133, 6044, 6045, 6046, 6050]"
6046,"[0.75, 0.75, 1.0, 1.0, 1.0, 1.0]","[125, 133, 6044, 6045, 6046, 6050]"
6047,"[1.0, 1.0, 1.0, 1.0, 1.0, 1.0]","[147, 157, 158, 159, 247, 248]"
6048,"[1.0, 1.0, 1.0, 1.0, 1.0, 1.0]","[147, 157, 158, 159, 247, 248]"
6049,"[1.0, 1.0, 1.0, 1.0, 1.0, 1.0]","[147, 157, 158, 159, 247, 248]"
6050,"[0.75, 0.75, 1.0, 1.0, 1.0, 1.0]","[125, 133, 6044, 6045, 6046, 6050]"
6051,"[0.75, 0.75, 0.75, 0.75, 0.75, 1.0]","[192, 538, 856, 910, 3529, 6051]"
6052,"[0.75, 0.75, 0.75, 0.75, 0.75, 1.0]","[235, 240, 241, 246, 250, 6052]"
6053,"[1.0, 1.0, 1.0, 1.0, 1.0, 1.0]","[147, 157, 158, 159, 247, 248]"
6054,"[0.75, 0.75, 0.75, 0.75, 0.75, 1.0]","[6026, 6027, 6028, 6029, 6030, 6054]"
6055,"[1.0, 1.0, 1.0, 1.0, 1.0, 1.0]","[147, 157, 158, 159, 247, 248]"
6056,"[1.0, 1.0, 1.0, 1.0, 1.0, 1.0]","[147, 157, 158, 159, 247, 248]"
6057,"[1.0, 1.0, 1.0, 1.0, 1.0, 1.0]","[147, 157, 158, 159, 247, 248]"
6058,"[0.75, 0.75, 0.75, 0.75, 1.0, 1.0]","[35, 55, 74, 75, 246, 6058]"
6059,"[1.0, 1.0, 1.0, 1.0, 1.0, 1.0]","[298, 821, 825, 1523, 1530, 1563]"
6060,"[1.0, 1.0, 1.0, 1.0, 1.0, 1.0]","[34, 202, 318, 349, 398, 409]"
6061,"[0.5, 0.5, 0.5, 1.0, 1.0, 1.0]","[3, 4, 5, 6061, 6064, 6066]"
6062,"[0.75, 0.75, 0.75, 0.75, 0.75, 1.0]","[35, 47, 55, 58, 97, 6062]"
6063,"[0.75, 0.75, 0.75, 0.75, 0.75, 1.0]","[70, 72, 93, 125, 133, 6063]"
6064,"[0.5, 0.5, 0.5, 1.0, 1.0, 1.0]","[3, 4, 5, 6061, 6064, 6066]"
6065,"[1.0, 1.0, 1.0, 1.0, 1.0, 1.0]","[627, 629, 630, 892, 1452, 2163]"
6066,"[0.5, 0.5, 0.5, 1.0, 1.0, 1.0]","[3, 4, 5, 6061, 6064, 6066]"
6067,"[0.75, 0.75, 0.75, 0.75, 0.75, 1.0]","[34, 35, 55, 74, 75, 6067]"
6068,"[1.0, 0.75, 0.75, 0.75, 0.75, 0.75]","[6068, 6069, 6070, 6071, 6075, 6076]"
6069,"[0.75, 1.0, 0.75, 0.75, 0.75, 0.75]","[6068, 6069, 6070, 6071, 6075, 6076]"
6070,"[0.75, 0.75, 1.0, 1.0, 1.0, 1.0]","[6068, 6069, 6070, 6071, 6075, 6076]"
6071,"[0.75, 0.75, 1.0, 1.0, 1.0, 1.0]","[6068, 6069, 6070, 6071, 6075, 6076]"
6072,"[1.0, 1.0, 1.0, 1.0, 1.0, 1.0]","[147, 157, 158, 159, 247, 248]"
6073,"[1.0, 1.0, 1.0, 1.0, 1.0, 1.0]","[147, 157, 158, 159, 247, 248]"
6074,"[1.0, 1.0, 1.0, 1.0, 1.0, 1.0]","[147, 157, 158, 159, 247, 248]"
6075,"[0.75, 0.75, 1.0, 1.0, 1.0, 1.0]","[6068, 6069, 6070, 6071, 6075, 6076]"
6076,"[0.75, 0.75, 1.0, 1.0, 1.0, 1.0]","[6068, 6069, 6070, 6071, 6075, 6076]"
6077,"[0.75, 0.75, 0.75, 0.75, 1.0, 1.0]","[704, 720, 1305, 1423, 6077, 6079]"
6078,"[0.75, 1.0, 0.75, 0.75, 0.75, 0.75]","[6077, 6078, 6079, 6080, 6081, 6082]"
6079,"[0.75, 0.75, 0.75, 0.75, 1.0, 1.0]","[704, 720, 1305, 1423, 6077, 6079]"
6080,"[0.75, 0.75, 0.75, 0.75, 0.75, 1.0]","[70, 72, 93, 125, 133, 6080]"
6081,"[0.75, 1.0, 1.0, 1.0, 1.0, 1.0]","[97, 6081, 6082, 6083, 6084, 6085]"
6082,"[0.75, 1.0, 1.0, 1.0, 1.0, 1.0]","[97, 6081, 6082, 6083, 6084, 6085]"
6083,"[0.75, 1.0, 1.0, 1.0, 1.0, 1.0]","[97, 6081, 6082, 6083, 6084, 6085]"
6084,"[0.75, 1.0, 1.0, 1.0, 1.0, 1.0]","[97, 6081, 6082, 6083, 6084, 6085]"
6085,"[0.75, 1.0, 1.0, 1.0, 1.0, 1.0]","[97, 6081, 6082, 6083, 6084, 6085]"
6086,"[0.75, 0.75, 0.75, 0.75, 0.75, 1.0]","[34, 35, 55, 74, 75, 6086]"
6087,"[0.75, 0.75, 0.75, 0.75, 0.75, 1.0]","[34, 35, 55, 74, 75, 6087]"
6088,"[1.0, 1.0, 1.0, 1.0, 1.0, 1.0]","[704, 720, 1305, 1423, 1457, 4667]"
6089,"[0.5, 0.5, 0.5, 1.0, 1.0, 0.75]","[35, 38, 39, 6089, 6090, 6099]"
6090,"[0.5, 0.5, 0.5, 1.0, 1.0, 0.75]","[35, 38, 39, 6089, 6090, 6099]"
6091,"[1.0, 1.0, 1.0, 1.0, 1.0, 1.0]","[704, 720, 1305, 1423, 1457, 4667]"
6092,"[1.0, 1.0, 1.0, 1.0, 1.0, 1.0]","[704, 720, 1305, 1423, 1457, 4667]"
6093,"[1.0, 1.0, 1.0, 1.0, 1.0, 1.0]","[704, 720, 1305, 1423, 1457, 4667]"
6094,"[0.75, 0.75, 0.75, 0.75, 0.75, 1.0]","[34, 35, 55, 74, 75, 6094]"
6095,"[0.75, 0.75, 0.75, 1.0, 1.0, 1.0]","[55, 74, 75, 6095, 6101, 6108]"
6096,"[0.75, 0.75, 0.75, 0.75, 0.75, 1.0]","[34, 35, 55, 74, 75, 6096]"
6097,"[0.75, 0.75, 0.75, 0.75, 0.75, 1.0]","[321, 704, 720, 1305, 1423, 6097]"
6098,"[0.75, 0.75, 0.75, 0.75, 0.75, 1.0]","[70, 72, 93, 125, 133, 6098]"
6099,"[0.75, 0.75, 0.75, 0.75, 0.75, 1.0]","[34, 35, 55, 74, 75, 6099]"
6100,"[0.75, 0.75, 1.0, 1.0, 1.0, 1.0]","[143, 145, 1797, 2084, 3696, 6100]"
6101,"[0.75, 0.75, 0.75, 1.0, 1.0, 1.0]","[55, 74, 75, 6095, 6101, 6108]"
6102,"[0.75, 0.75, 0.75, 0.75, 0.75, 1.0]","[324, 1473, 1475, 2998, 3025, 6102]"
6103,"[0.5, 0.5, 0.75, 0.75, 0.75, 1.0]","[38, 39, 5944, 6096, 6102, 6103]"
6104,"[0.75, 0.75, 0.75, 0.75, 1.0, 1.0]","[51, 61, 145, 146, 6104, 6147]"
6105,"[0.75, 0.75, 1.0, 1.0, 1.0, 1.0]","[74, 75, 6105, 6143, 6144, 6145]"
6106,"[1.0, 1.0, 1.0, 1.0, 1.0, 1.0]","[307, 313, 345, 347, 348, 359]"
6107,"[1.0, 1.0, 1.0, 1.0, 1.0, 1.0]","[34, 202, 318, 349, 398, 409]"
6108,"[0.75, 0.75, 0.75, 1.0, 1.0, 1.0]","[55, 74, 75, 6095, 6101, 6108]"
6109,"[1.0, 1.0, 1.0, 1.0, 1.0, 1.0]","[34, 202, 318, 349, 398, 409]"
6110,"[1.0, 1.0, 1.0, 1.0, 1.0, 1.0]","[34, 202, 318, 349, 398, 409]"
6111,"[1.0, 1.0, 1.0, 1.0, 1.0, 1.0]","[307, 313, 345, 347, 348, 359]"
6112,"[1.0, 1.0, 1.0, 1.0, 1.0, 1.0]","[346, 715, 716, 834, 839, 1181]"
6113,"[1.0, 1.0, 1.0, 1.0, 1.0, 1.0]","[346, 715, 716, 834, 839, 1181]"
6114,"[1.0, 1.0, 1.0, 1.0, 1.0, 1.0]","[307, 313, 345, 347, 348, 359]"
6115,"[0.75, 0.75, 0.75, 0.75, 1.0, 0.75]","[6068, 6095, 6101, 6108, 6115, 6116]"
6116,"[1.0, 1.0, 1.0, 1.0, 1.0, 1.0]","[6116, 6117, 6118, 6119, 6120, 6121]"
6117,"[1.0, 1.0, 1.0, 1.0, 1.0, 1.0]","[6116, 6117, 6118, 6119, 6120, 6121]"
6118,"[1.0, 1.0, 1.0, 1.0, 1.0, 1.0]","[6116, 6117, 6118, 6119, 6120, 6121]"
6119,"[1.0, 1.0, 1.0, 1.0, 1.0, 1.0]","[6116, 6117, 6118, 6119, 6120, 6121]"
6120,"[1.0, 1.0, 1.0, 1.0, 1.0, 1.0]","[6116, 6117, 6118, 6119, 6120, 6121]"
6121,"[1.0, 1.0, 1.0, 1.0, 1.0, 1.0]","[6116, 6117, 6118, 6119, 6120, 6121]"
6122,"[1.0, 1.0, 1.0, 1.0, 1.0, 1.0]","[6116, 6117, 6118, 6119, 6120, 6121]"
6123,"[1.0, 1.0, 1.0, 1.0, 1.0, 1.0]","[6116, 6117, 6118, 6119, 6120, 6121]"
6124,"[1.0, 1.0, 1.0, 1.0, 1.0, 1.0]","[6116, 6117, 6118, 6119, 6120, 6121]"
6125,"[1.0, 1.0, 1.0, 1.0, 1.0, 1.0]","[6116, 6117, 6118, 6119, 6120, 6121]"
6126,"[1.0, 1.0, 1.0, 1.0, 1.0, 1.0]","[6116, 6117, 6118, 6119, 6120, 6121]"
6127,"[1.0, 1.0, 1.0, 1.0, 1.0, 1.0]","[6116, 6117, 6118, 6119, 6120, 6121]"
6128,"[1.0, 1.0, 1.0, 1.0, 1.0, 1.0]","[6116, 6117, 6118, 6119, 6120, 6121]"
6129,"[1.0, 1.0, 1.0, 1.0, 1.0, 1.0]","[6116, 6117, 6118, 6119, 6120, 6121]"
6130,"[1.0, 1.0, 1.0, 1.0, 1.0, 1.0]","[6116, 6117, 6118, 6119, 6120, 6121]"
6131,"[1.0, 1.0, 1.0, 1.0, 1.0, 1.0]","[6116, 6117, 6118, 6119, 6120, 6121]"
6132,"[1.0, 1.0, 1.0, 1.0, 1.0, 1.0]","[6116, 6117, 6118, 6119, 6120, 6121]"
6133,"[1.0, 1.0, 1.0, 1.0, 1.0, 1.0]","[6116, 6117, 6118, 6119, 6120, 6121]"
6134,"[1.0, 1.0, 1.0, 1.0, 1.0, 1.0]","[6116, 6117, 6118, 6119, 6120, 6121]"
6135,"[1.0, 1.0, 1.0, 1.0, 1.0, 1.0]","[6116, 6117, 6118, 6119, 6120, 6121]"
6136,"[1.0, 1.0, 1.0, 1.0, 1.0, 1.0]","[6116, 6117, 6118, 6119, 6120, 6121]"
6137,"[1.0, 1.0, 1.0, 1.0, 1.0, 1.0]","[6116, 6117, 6118, 6119, 6120, 6121]"
6138,"[1.0, 1.0, 1.0, 1.0, 1.0, 1.0]","[6116, 6117, 6118, 6119, 6120, 6121]"
6139,"[1.0, 1.0, 1.0, 1.0, 1.0, 1.0]","[6116, 6117, 6118, 6119, 6120, 6121]"
6140,"[1.0, 1.0, 1.0, 1.0, 1.0, 1.0]","[307, 313, 345, 347, 348, 359]"
6141,"[0.75, 0.75, 1.0, 1.0, 0.75, 0.75]","[6078, 6105, 6141, 6142, 6143, 6144]"
6142,"[0.75, 0.75, 1.0, 1.0, 0.75, 0.75]","[6078, 6105, 6141, 6142, 6143, 6144]"
6143,"[0.75, 0.75, 1.0, 1.0, 1.0, 1.0]","[74, 75, 6105, 6143, 6144, 6145]"
6144,"[0.75, 0.75, 1.0, 1.0, 1.0, 1.0]","[74, 75, 6105, 6143, 6144, 6145]"
6145,"[0.75, 0.75, 1.0, 1.0, 1.0, 1.0]","[74, 75, 6105, 6143, 6144, 6145]"
6146,"[1.0, 1.0, 1.0, 1.0, 1.0, 1.0]","[35, 55, 323, 742, 1169, 1302]"
6147,"[0.75, 0.75, 0.75, 0.75, 1.0, 1.0]","[51, 61, 145, 146, 6104, 6147]"
6148,"[1.0, 1.0, 1.0, 1.0, 1.0, 1.0]","[34, 202, 318, 349, 398, 409]"
6149,"[1.0, 1.0, 1.0, 1.0, 1.0, 1.0]","[34, 202, 318, 349, 398, 409]"
6150,"[0.5, 0.5, 0.5, 0.5, 0.5, 1.0]","[48, 229, 249, 290, 571, 6150]"
6151,"[0.75, 0.75, 0.75, 0.75, 1.0, 1.0]","[72, 93, 125, 133, 6151, 6152]"
6152,"[0.75, 0.75, 0.75, 0.75, 1.0, 1.0]","[72, 93, 125, 133, 6151, 6152]"
6153,"[0.5, 0.5, 0.5, 0.5, 0.5, 1.0]","[229, 249, 290, 571, 6150, 6153]"
6154,"[0.75, 0.75, 0.75, 0.75, 1.0, 1.0]","[72, 93, 125, 133, 6154, 6155]"
6155,"[0.75, 0.75, 0.75, 0.75, 1.0, 1.0]","[72, 93, 125, 133, 6154, 6155]"
6156,"[0.75, 0.75, 0.75, 0.75, 1.0, 0.75]","[232, 4517, 6154, 6155, 6156, 6160]"
6157,"[0.75, 0.75, 0.75, 1.0, 1.0, 1.0]","[93, 125, 133, 6157, 6158, 6159]"
6158,"[0.75, 0.75, 0.75, 1.0, 1.0, 1.0]","[93, 125, 133, 6157, 6158, 6159]"
6159,"[0.75, 0.75, 0.75, 1.0, 1.0, 1.0]","[93, 125, 133, 6157, 6158, 6159]"
6160,"[0.75, 0.75, 0.75, 0.75, 0.75, 1.0]","[4517, 6156, 6157, 6158, 6159, 6160]"
6161,"[0.75, 0.75, 0.75, 0.75, 0.75, 1.0]","[35, 47, 55, 58, 97, 6161]"
6162,"[0.5, 0.5, 0.5, 0.5, 0.5, 1.0]","[229, 249, 290, 571, 6150, 6162]"
6163,"[0.75, 0.75, 0.75, 0.75, 1.0, 1.0]","[72, 93, 125, 133, 6163, 6164]"
6164,"[0.75, 0.75, 0.75, 0.75, 1.0, 1.0]","[72, 93, 125, 133, 6163, 6164]"
6165,"[0.5, 0.5, 0.5, 0.5, 0.5, 1.0]","[229, 249, 290, 571, 6150, 6165]"
6166,"[0.75, 0.75, 0.75, 0.75, 1.0, 1.0]","[72, 93, 125, 133, 6166, 6167]"
6167,"[0.75, 0.75, 0.75, 0.75, 1.0, 1.0]","[72, 93, 125, 133, 6166, 6167]"
6168,"[0.75, 0.75, 0.75, 0.75, 1.0, 0.8164965809277261]","[47, 55, 58, 97, 6168, 6172]"
6169,"[0.5, 0.5, 0.5, 0.5, 0.5, 1.0]","[229, 249, 290, 571, 6150, 6169]"
6170,"[0.75, 0.75, 0.75, 0.75, 1.0, 1.0]","[72, 93, 125, 133, 6170, 6171]"
6171,"[0.75, 0.75, 0.75, 0.75, 1.0, 1.0]","[72, 93, 125, 133, 6170, 6171]"
6172,"[0.8333333333333335, 0.8333333333333335, 0.8333333333333335, 0.8333333333333335, 0.8333333333333335, 1.0000000000000002]","[577, 588, 1370, 1371, 1637, 6172]"
6173,"[1.0, 1.0, 1.0, 1.0, 1.0, 1.0]","[34, 202, 318, 349, 398, 409]"
6174,"[0.75, 0.75, 0.75, 0.75, 1.0, 1.0]","[72, 93, 125, 133, 6174, 6175]"
6175,"[0.75, 0.75, 0.75, 0.75, 1.0, 1.0]","[72, 93, 125, 133, 6174, 6175]"
6176,"[1.0, 1.0, 1.0, 1.0, 1.0, 1.0]","[144, 163, 165, 168, 173, 180]"
6177,"[1.0, 1.0, 1.0, 1.0, 1.0, 1.0]","[33, 153, 155, 171, 194, 195]"
6178,"[0.75, 0.75, 0.75, 0.75, 1.0, 1.0]","[72, 93, 125, 133, 6178, 6179]"
6179,"[0.75, 0.75, 0.75, 0.75, 1.0, 1.0]","[72, 93, 125, 133, 6178, 6179]"
6180,"[1.0, 1.0, 1.0, 1.0, 1.0, 1.0]","[144, 163, 165, 168, 173, 180]"
6181,"[1.0, 1.0, 1.0, 1.0, 1.0, 1.0]","[1261, 1263, 1265, 1266, 1267, 1268]"
6182,"[0.75, 0.75, 0.75, 0.75, 0.75, 1.0]","[70, 72, 93, 125, 133, 6182]"
6183,"[0.75, 0.75, 0.75, 0.75, 1.0, 1.0]","[47, 55, 58, 97, 6183, 6184]"
6184,"[0.75, 0.75, 0.75, 0.75, 1.0, 1.0]","[47, 55, 58, 97, 6183, 6184]"
6185,"[1.0, 1.0, 1.0, 1.0, 1.0, 1.0]","[34, 202, 318, 349, 398, 409]"
6186,"[0.75, 0.75, 0.75, 0.75, 0.75, 1.0]","[35, 47, 55, 58, 97, 6186]"
6187,"[0.75, 0.75, 0.75, 0.75, 0.75, 1.0]","[70, 72, 93, 125, 133, 6187]"
6188,"[0.75, 0.75, 0.75, 0.75, 1.0, 1.0]","[47, 55, 58, 97, 6188, 6190]"
6189,"[0.75, 0.75, 0.75, 0.75, 1.0, 1.0]","[72, 93, 125, 133, 6189, 6191]"
6190,"[0.75, 0.75, 0.75, 0.75, 1.0, 1.0]","[47, 55, 58, 97, 6188, 6190]"
6191,"[0.75, 0.75, 0.75, 0.75, 1.0, 1.0]","[72, 93, 125, 133, 6189, 6191]"
6192,"[0.75, 0.75, 0.75, 0.75, 1.0, 1.0]","[47, 55, 58, 97, 6192, 6193]"
6193,"[0.75, 0.75, 0.75, 0.75, 1.0, 1.0]","[47, 55, 58, 97, 6192, 6193]"
6194,"[0.75, 0.75, 0.75, 0.75, 1.0, 1.0]","[72, 93, 125, 133, 6194, 6195]"
6195,"[0.75, 0.75, 0.75, 0.75, 1.0, 1.0]","[72, 93, 125, 133, 6194, 6195]"
6196,"[0.75, 0.75, 0.75, 0.75, 1.0, 1.0]","[72, 93, 125, 133, 6196, 6197]"
6197,"[0.75, 0.75, 0.75, 0.75, 1.0, 1.0]","[72, 93, 125, 133, 6196, 6197]"
6198,"[0.75, 0.75, 0.75, 0.75, 1.0, 1.0]","[72, 93, 125, 133, 6198, 6199]"
6199,"[0.75, 0.75, 0.75, 0.75, 1.0, 1.0]","[72, 93, 125, 133, 6198, 6199]"
6200,"[0.75, 0.75, 0.75, 1.0, 1.0, 1.0]","[93, 125, 133, 2029, 6200, 6201]"
6201,"[0.75, 0.75, 0.75, 1.0, 1.0, 1.0]","[93, 125, 133, 2029, 6200, 6201]"
6202,"[1.0, 1.0, 1.0, 1.0, 1.0, 1.0]","[34, 202, 318, 349, 398, 409]"
6203,"[0.75, 0.75, 0.75, 0.75, 1.0, 1.0]","[72, 93, 125, 133, 6203, 6204]"
6204,"[0.75, 0.75, 0.75, 0.75, 1.0, 1.0]","[72, 93, 125, 133, 6203, 6204]"
6205,"[1.0, 1.0, 1.0, 1.0, 1.0, 1.0]","[34, 202, 318, 349, 398, 409]"
6206,"[1.0, 1.0, 1.0, 1.0, 1.0, 1.0]","[34, 202, 318, 349, 398, 409]"
6207,"[0.75, 0.75, 0.75, 0.75, 0.75, 1.0]","[70, 72, 93, 125, 133, 6207]"
6208,"[0.75, 0.75, 0.75, 0.75, 1.0, 1.0]","[496, 498, 529, 530, 6208, 6213]"
6209,"[0.75, 0.75, 1.0, 1.0, 1.0, 1.0]","[58, 97, 6209, 6210, 6211, 6212]"
6210,"[0.75, 0.75, 1.0, 1.0, 1.0, 1.0]","[58, 97, 6209, 6210, 6211, 6212]"
6211,"[0.75, 0.75, 1.0, 1.0, 1.0, 1.0]","[58, 97, 6209, 6210, 6211, 6212]"
6212,"[0.75, 0.75, 1.0, 1.0, 1.0, 1.0]","[58, 97, 6209, 6210, 6211, 6212]"
6213,"[0.75, 0.75, 0.75, 0.75, 1.0, 1.0]","[496, 498, 529, 530, 6208, 6213]"
6214,"[1.0, 1.0, 1.0, 1.0, 1.0, 1.0]","[34, 202, 318, 349, 398, 409]"
6215,"[0.75, 0.75, 0.75, 0.75, 0.75, 1.0]","[70, 72, 93, 125, 133, 6215]"
6216,"[0.75, 0.75, 0.75, 0.75, 1.0, 1.0]","[47, 55, 58, 97, 6216, 6217]"
6217,"[0.75, 0.75, 0.75, 0.75, 1.0, 1.0]","[47, 55, 58, 97, 6216, 6217]"
6218,"[0.75, 0.75, 0.75, 0.75, 0.75, 1.0]","[4517, 6156, 6160, 6215, 6216, 6218]"
6219,"[0.75, 0.75, 0.75, 0.75, 0.75, 1.0]","[35, 47, 55, 58, 97, 6219]"
6220,"[0.75, 0.75, 0.75, 0.75, 0.75, 1.0]","[70, 72, 93, 125, 133, 6220]"
6221,"[0.75, 0.75, 0.75, 0.75, 0.75, 1.0]","[35, 47, 55, 58, 97, 6221]"
6222,"[0.75, 0.75, 0.75, 0.75, 0.75, 1.0]","[70, 72, 93, 125, 133, 6222]"
6223,"[0.75, 0.75, 0.75, 0.75, 0.75, 1.0]","[70, 72, 93, 125, 133, 6223]"
6224,"[0.75, 0.75, 0.75, 0.75, 1.0, 1.0]","[47, 55, 58, 97, 6224, 6225]"
6225,"[0.75, 0.75, 0.75, 0.75, 1.0, 1.0]","[47, 55, 58, 97, 6224, 6225]"
6226,"[0.75, 0.75, 0.75, 0.75, 1.0, 1.0]","[72, 93, 125, 133, 6226, 6227]"
6227,"[0.75, 0.75, 0.75, 0.75, 1.0, 1.0]","[72, 93, 125, 133, 6226, 6227]"
6228,"[1.0, 1.0, 1.0, 1.0, 1.0, 1.0]","[33, 153, 155, 171, 194, 195]"
6229,"[0.75, 0.75, 0.75, 0.75, 0.75, 1.0]","[70, 72, 93, 125, 133, 6229]"
6230,"[0.75, 0.75, 0.75, 0.75, 1.0, 1.0]","[47, 55, 58, 97, 6230, 6231]"
6231,"[0.75, 0.75, 0.75, 0.75, 1.0, 1.0]","[47, 55, 58, 97, 6230, 6231]"
6232,"[0.75, 0.75, 0.75, 0.75, 1.0, 1.0]","[47, 55, 58, 97, 6232, 6233]"
6233,"[0.75, 0.75, 0.75, 0.75, 1.0, 1.0]","[47, 55, 58, 97, 6232, 6233]"
6234,"[0.75, 0.75, 0.75, 0.75, 1.0, 1.0]","[47, 55, 58, 97, 6234, 6235]"
6235,"[0.75, 0.75, 0.75, 0.75, 1.0, 1.0]","[47, 55, 58, 97, 6234, 6235]"
6236,"[0.75, 0.75, 0.75, 0.75, 1.0, 1.0]","[47, 55, 58, 97, 6236, 6237]"
6237,"[0.75, 0.75, 0.75, 0.75, 1.0, 1.0]","[47, 55, 58, 97, 6236, 6237]"
6238,"[0.75, 0.75, 0.75, 0.75, 1.0, 1.0]","[47, 55, 58, 97, 6238, 6239]"
6239,"[0.75, 0.75, 0.75, 0.75, 1.0, 1.0]","[47, 55, 58, 97, 6238, 6239]"
6240,"[0.75, 0.75, 0.75, 0.75, 1.0, 1.0]","[47, 55, 58, 97, 6240, 6241]"
6241,"[0.75, 0.75, 0.75, 0.75, 1.0, 1.0]","[47, 55, 58, 97, 6240, 6241]"
6242,"[0.75, 0.75, 0.75, 0.75, 1.0, 1.0]","[47, 55, 58, 97, 6242, 6243]"
6243,"[0.75, 0.75, 0.75, 0.75, 1.0, 1.0]","[47, 55, 58, 97, 6242, 6243]"
6244,"[0.75, 0.75, 1.0, 1.0, 1.0, 1.0]","[58, 97, 6244, 6245, 6310, 6311]"
6245,"[0.75, 0.75, 1.0, 1.0, 1.0, 1.0]","[58, 97, 6244, 6245, 6310, 6311]"
6246,"[0.75, 0.75, 0.75, 0.75, 1.0, 1.0]","[47, 55, 58, 97, 6246, 6247]"
6247,"[0.75, 0.75, 0.75, 0.75, 1.0, 1.0]","[47, 55, 58, 97, 6246, 6247]"
6248,"[0.75, 0.75, 1.0, 1.0, 1.0, 1.0]","[58, 97, 6248, 6249, 6294, 6295]"
6249,"[0.75, 0.75, 1.0, 1.0, 1.0, 1.0]","[58, 97, 6248, 6249, 6294, 6295]"
6250,"[0.75, 0.75, 0.75, 0.75, 1.0, 1.0]","[47, 55, 58, 97, 6250, 6251]"
6251,"[0.75, 0.75, 0.75, 0.75, 1.0, 1.0]","[47, 55, 58, 97, 6250, 6251]"
6252,"[0.75, 0.75, 0.75, 0.75, 1.0, 1.0]","[47, 55, 58, 97, 6252, 6253]"
6253,"[0.75, 0.75, 0.75, 0.75, 1.0, 1.0]","[47, 55, 58, 97, 6252, 6253]"
6254,"[0.75, 0.75, 0.75, 0.75, 1.0, 1.0]","[47, 55, 58, 97, 6254, 6255]"
6255,"[0.75, 0.75, 0.75, 0.75, 1.0, 1.0]","[47, 55, 58, 97, 6254, 6255]"
6256,"[0.75, 0.75, 0.75, 0.75, 1.0, 1.0]","[47, 55, 58, 97, 6256, 6257]"
6257,"[0.75, 0.75, 0.75, 0.75, 1.0, 1.0]","[47, 55, 58, 97, 6256, 6257]"
6258,"[0.75, 0.75, 0.75, 0.75, 1.0, 1.0]","[47, 55, 58, 97, 6258, 6259]"
6259,"[0.75, 0.75, 0.75, 0.75, 1.0, 1.0]","[47, 55, 58, 97, 6258, 6259]"
6260,"[0.75, 0.75, 0.75, 0.75, 1.0, 1.0]","[47, 55, 58, 97, 6260, 6261]"
6261,"[0.75, 0.75, 0.75, 0.75, 1.0, 1.0]","[47, 55, 58, 97, 6260, 6261]"
6262,"[0.75, 0.75, 0.75, 0.75, 1.0, 1.0]","[47, 55, 58, 97, 6262, 6263]"
6263,"[0.75, 0.75, 0.75, 0.75, 1.0, 1.0]","[47, 55, 58, 97, 6262, 6263]"
6264,"[0.75, 0.75, 0.75, 0.75, 1.0, 1.0]","[47, 55, 58, 97, 6264, 6265]"
6265,"[0.75, 0.75, 0.75, 0.75, 1.0, 1.0]","[47, 55, 58, 97, 6264, 6265]"
6266,"[0.75, 0.75, 0.75, 0.75, 1.0, 1.0]","[47, 55, 58, 97, 6266, 6267]"
6267,"[0.75, 0.75, 0.75, 0.75, 1.0, 1.0]","[47, 55, 58, 97, 6266, 6267]"
6268,"[0.75, 0.75, 0.75, 0.75, 1.0, 1.0]","[47, 55, 58, 97, 6268, 6269]"
6269,"[0.75, 0.75, 0.75, 0.75, 1.0, 1.0]","[47, 55, 58, 97, 6268, 6269]"
6270,"[0.75, 0.75, 0.75, 0.75, 1.0, 1.0]","[47, 55, 58, 97, 6270, 6271]"
6271,"[0.75, 0.75, 0.75, 0.75, 1.0, 1.0]","[47, 55, 58, 97, 6270, 6271]"
6272,"[0.75, 0.75, 0.75, 0.75, 1.0, 1.0]","[47, 55, 58, 97, 6272, 6273]"
6273,"[0.75, 0.75, 0.75, 0.75, 1.0, 1.0]","[47, 55, 58, 97, 6272, 6273]"
6274,"[0.75, 0.75, 0.75, 0.75, 1.0, 1.0]","[47, 55, 58, 97, 6274, 6275]"
6275,"[0.75, 0.75, 0.75, 0.75, 1.0, 1.0]","[47, 55, 58, 97, 6274, 6275]"
6276,"[0.75, 0.75, 0.75, 0.75, 1.0, 1.0]","[47, 55, 58, 97, 6276, 6277]"
6277,"[0.75, 0.75, 0.75, 0.75, 1.0, 1.0]","[47, 55, 58, 97, 6276, 6277]"
6278,"[0.75, 0.75, 0.75, 0.75, 1.0, 1.0]","[47, 55, 58, 97, 6278, 6279]"
6279,"[0.75, 0.75, 0.75, 0.75, 1.0, 1.0]","[47, 55, 58, 97, 6278, 6279]"
6280,"[0.75, 0.75, 0.75, 0.75, 1.0, 1.0]","[47, 55, 58, 97, 6280, 6281]"
6281,"[0.75, 0.75, 0.75, 0.75, 1.0, 1.0]","[47, 55, 58, 97, 6280, 6281]"
6282,"[0.75, 0.75, 0.75, 0.75, 1.0, 1.0]","[47, 55, 58, 97, 6282, 6283]"
6283,"[0.75, 0.75, 0.75, 0.75, 1.0, 1.0]","[47, 55, 58, 97, 6282, 6283]"
6284,"[0.75, 0.75, 0.75, 0.75, 1.0, 1.0]","[47, 55, 58, 97, 6284, 6285]"
6285,"[0.75, 0.75, 0.75, 0.75, 1.0, 1.0]","[47, 55, 58, 97, 6284, 6285]"
6286,"[0.75, 0.75, 0.75, 0.75, 1.0, 1.0]","[47, 55, 58, 97, 6286, 6287]"
6287,"[0.75, 0.75, 0.75, 0.75, 1.0, 1.0]","[47, 55, 58, 97, 6286, 6287]"
6288,"[0.75, 0.75, 0.75, 0.75, 1.0, 1.0]","[47, 55, 58, 97, 6288, 6289]"
6289,"[0.75, 0.75, 0.75, 0.75, 1.0, 1.0]","[47, 55, 58, 97, 6288, 6289]"
6290,"[0.75, 0.75, 0.75, 1.0, 1.0, 1.0]","[55, 58, 97, 6290, 6291, 6544]"
6291,"[0.75, 0.75, 0.75, 1.0, 1.0, 1.0]","[55, 58, 97, 6290, 6291, 6544]"
6292,"[0.75, 0.75, 0.75, 0.75, 1.0, 1.0]","[47, 55, 58, 97, 6292, 6293]"
6293,"[0.75, 0.75, 0.75, 0.75, 1.0, 1.0]","[47, 55, 58, 97, 6292, 6293]"
6294,"[0.75, 0.75, 1.0, 1.0, 1.0, 1.0]","[58, 97, 6248, 6249, 6294, 6295]"
6295,"[0.75, 0.75, 1.0, 1.0, 1.0, 1.0]","[58, 97, 6248, 6249, 6294, 6295]"
6296,"[0.75, 0.75, 0.75, 0.75, 1.0, 1.0]","[47, 55, 58, 97, 6296, 6297]"
6297,"[0.75, 0.75, 0.75, 0.75, 1.0, 1.0]","[47, 55, 58, 97, 6296, 6297]"
6298,"[0.75, 0.75, 0.75, 0.75, 1.0, 1.0]","[47, 55, 58, 97, 6298, 6299]"
6299,"[0.75, 0.75, 0.75, 0.75, 1.0, 1.0]","[47, 55, 58, 97, 6298, 6299]"
6300,"[0.75, 0.75, 0.75, 0.75, 1.0, 1.0]","[47, 55, 58, 97, 6300, 6301]"
6301,"[0.75, 0.75, 0.75, 0.75, 1.0, 1.0]","[47, 55, 58, 97, 6300, 6301]"
6302,"[0.75, 0.75, 0.75, 0.75, 1.0, 1.0]","[47, 55, 58, 97, 6302, 6303]"
6303,"[0.75, 0.75, 0.75, 0.75, 1.0, 1.0]","[47, 55, 58, 97, 6302, 6303]"
6304,"[0.75, 0.75, 0.75, 0.75, 1.0, 1.0]","[47, 55, 58, 97, 6304, 6305]"
6305,"[0.75, 0.75, 0.75, 0.75, 1.0, 1.0]","[47, 55, 58, 97, 6304, 6305]"
6306,"[0.75, 0.75, 0.75, 0.75, 1.0, 1.0]","[47, 55, 58, 97, 6306, 6307]"
6307,"[0.75, 0.75, 0.75, 0.75, 1.0, 1.0]","[47, 55, 58, 97, 6306, 6307]"
6308,"[0.75, 0.75, 0.75, 0.75, 1.0, 1.0]","[47, 55, 58, 97, 6308, 6309]"
6309,"[0.75, 0.75, 0.75, 0.75, 1.0, 1.0]","[47, 55, 58, 97, 6308, 6309]"
6310,"[0.75, 0.75, 1.0, 1.0, 1.0, 1.0]","[58, 97, 6244, 6245, 6310, 6311]"
6311,"[0.75, 0.75, 1.0, 1.0, 1.0, 1.0]","[58, 97, 6244, 6245, 6310, 6311]"
6312,"[0.75, 0.75, 0.75, 0.75, 1.0, 1.0]","[47, 55, 58, 97, 6312, 6313]"
6313,"[0.75, 0.75, 0.75, 0.75, 1.0, 1.0]","[47, 55, 58, 97, 6312, 6313]"
6314,"[0.75, 0.75, 0.75, 0.75, 1.0, 1.0]","[47, 55, 58, 97, 6314, 6315]"
6315,"[0.75, 0.75, 0.75, 0.75, 1.0, 1.0]","[47, 55, 58, 97, 6314, 6315]"
6316,"[0.75, 0.75, 1.0, 1.0, 1.0, 1.0]","[58, 97, 6316, 6317, 6324, 6325]"
6317,"[0.75, 0.75, 1.0, 1.0, 1.0, 1.0]","[58, 97, 6316, 6317, 6324, 6325]"
6318,"[0.75, 0.75, 0.75, 0.75, 1.0, 1.0]","[47, 55, 58, 97, 6318, 6319]"
6319,"[0.75, 0.75, 0.75, 0.75, 1.0, 1.0]","[47, 55, 58, 97, 6318, 6319]"
6320,"[0.75, 0.75, 0.75, 0.75, 1.0, 1.0]","[47, 55, 58, 97, 6320, 6321]"
6321,"[0.75, 0.75, 0.75, 0.75, 1.0, 1.0]","[47, 55, 58, 97, 6320, 6321]"
6322,"[0.75, 0.75, 0.75, 0.75, 1.0, 1.0]","[47, 55, 58, 97, 6322, 6323]"
6323,"[0.75, 0.75, 0.75, 0.75, 1.0, 1.0]","[47, 55, 58, 97, 6322, 6323]"
6324,"[0.75, 0.75, 1.0, 1.0, 1.0, 1.0]","[58, 97, 6316, 6317, 6324, 6325]"
6325,"[0.75, 0.75, 1.0, 1.0, 1.0, 1.0]","[58, 97, 6316, 6317, 6324, 6325]"
6326,"[0.75, 0.75, 0.75, 0.75, 1.0, 1.0]","[47, 55, 58, 97, 6326, 6327]"
6327,"[0.75, 0.75, 0.75, 0.75, 1.0, 1.0]","[47, 55, 58, 97, 6326, 6327]"
6328,"[0.75, 0.75, 0.75, 0.75, 1.0, 1.0]","[47, 55, 58, 97, 6328, 6329]"
6329,"[0.75, 0.75, 0.75, 0.75, 1.0, 1.0]","[47, 55, 58, 97, 6328, 6329]"
6330,"[0.75, 0.75, 0.75, 0.75, 1.0, 1.0]","[47, 55, 58, 97, 6330, 6331]"
6331,"[0.75, 0.75, 0.75, 0.75, 1.0, 1.0]","[47, 55, 58, 97, 6330, 6331]"
6332,"[0.75, 0.75, 0.75, 0.75, 1.0, 1.0]","[47, 55, 58, 97, 6332, 6333]"
6333,"[0.75, 0.75, 0.75, 0.75, 1.0, 1.0]","[47, 55, 58, 97, 6332, 6333]"
6334,"[0.75, 0.75, 0.75, 0.75, 1.0, 1.0]","[47, 55, 58, 97, 6334, 6335]"
6335,"[0.75, 0.75, 0.75, 0.75, 1.0, 1.0]","[47, 55, 58, 97, 6334, 6335]"
6336,"[0.75, 0.75, 0.75, 0.75, 1.0, 1.0]","[47, 55, 58, 97, 6336, 6337]"
6337,"[0.75, 0.75, 0.75, 0.75, 1.0, 1.0]","[47, 55, 58, 97, 6336, 6337]"
6338,"[0.75, 0.75, 0.75, 0.75, 1.0, 1.0]","[47, 55, 58, 97, 6338, 6339]"
6339,"[0.75, 0.75, 0.75, 0.75, 1.0, 1.0]","[47, 55, 58, 97, 6338, 6339]"
6340,"[0.75, 0.75, 0.75, 0.75, 1.0, 1.0]","[47, 55, 58, 97, 6340, 6341]"
6341,"[0.75, 0.75, 0.75, 0.75, 1.0, 1.0]","[47, 55, 58, 97, 6340, 6341]"
6342,"[0.75, 0.75, 0.75, 0.75, 1.0, 1.0]","[47, 55, 58, 97, 6342, 6343]"
6343,"[0.75, 0.75, 0.75, 0.75, 1.0, 1.0]","[47, 55, 58, 97, 6342, 6343]"
6344,"[0.75, 0.75, 0.75, 0.75, 1.0, 1.0]","[47, 55, 58, 97, 6344, 6345]"
6345,"[0.75, 0.75, 0.75, 0.75, 1.0, 1.0]","[47, 55, 58, 97, 6344, 6345]"
6346,"[0.75, 0.75, 0.75, 0.75, 1.0, 1.0]","[47, 55, 58, 97, 6346, 6347]"
6347,"[0.75, 0.75, 0.75, 0.75, 1.0, 1.0]","[47, 55, 58, 97, 6346, 6347]"
6348,"[0.75, 0.75, 0.75, 0.75, 1.0, 1.0]","[47, 55, 58, 97, 6348, 6349]"
6349,"[0.75, 0.75, 0.75, 0.75, 1.0, 1.0]","[47, 55, 58, 97, 6348, 6349]"
6350,"[0.75, 0.75, 0.75, 0.75, 1.0, 1.0]","[47, 55, 58, 97, 6350, 6351]"
6351,"[0.75, 0.75, 0.75, 0.75, 1.0, 1.0]","[47, 55, 58, 97, 6350, 6351]"
6352,"[0.75, 0.75, 0.75, 0.75, 1.0, 1.0]","[47, 55, 58, 97, 6352, 6353]"
6353,"[0.75, 0.75, 0.75, 0.75, 1.0, 1.0]","[47, 55, 58, 97, 6352, 6353]"
6354,"[0.75, 0.75, 0.75, 0.75, 1.0, 1.0]","[47, 55, 58, 97, 6354, 6355]"
6355,"[0.75, 0.75, 0.75, 0.75, 1.0, 1.0]","[47, 55, 58, 97, 6354, 6355]"
6356,"[0.75, 0.75, 0.75, 0.75, 1.0, 1.0]","[47, 55, 58, 97, 6356, 6357]"
6357,"[0.75, 0.75, 0.75, 0.75, 1.0, 1.0]","[47, 55, 58, 97, 6356, 6357]"
6358,"[0.75, 0.75, 0.75, 0.75, 1.0, 1.0]","[47, 55, 58, 97, 6358, 6359]"
6359,"[0.75, 0.75, 0.75, 0.75, 1.0, 1.0]","[47, 55, 58, 97, 6358, 6359]"
6360,"[0.75, 0.75, 0.75, 0.75, 1.0, 1.0]","[47, 55, 58, 97, 6360, 6361]"
6361,"[0.75, 0.75, 0.75, 0.75, 1.0, 1.0]","[47, 55, 58, 97, 6360, 6361]"
6362,"[0.75, 0.75, 0.75, 0.75, 1.0, 1.0]","[47, 55, 58, 97, 6362, 6363]"
6363,"[0.75, 0.75, 0.75, 0.75, 1.0, 1.0]","[47, 55, 58, 97, 6362, 6363]"
6364,"[0.75, 0.75, 0.75, 0.75, 1.0, 1.0]","[47, 55, 58, 97, 6364, 6365]"
6365,"[0.75, 0.75, 0.75, 0.75, 1.0, 1.0]","[47, 55, 58, 97, 6364, 6365]"
6366,"[0.75, 0.75, 0.75, 0.75, 1.0, 1.0]","[47, 55, 58, 97, 6366, 6367]"
6367,"[0.75, 0.75, 0.75, 0.75, 1.0, 1.0]","[47, 55, 58, 97, 6366, 6367]"
6368,"[0.75, 0.75, 0.75, 0.75, 1.0, 1.0]","[47, 55, 58, 97, 6368, 6369]"
6369,"[0.75, 0.75, 0.75, 0.75, 1.0, 1.0]","[47, 55, 58, 97, 6368, 6369]"
6370,"[0.75, 0.75, 0.75, 0.75, 1.0, 1.0]","[47, 55, 58, 97, 6370, 6371]"
6371,"[0.75, 0.75, 0.75, 0.75, 1.0, 1.0]","[47, 55, 58, 97, 6370, 6371]"
6372,"[0.75, 0.75, 0.75, 0.75, 1.0, 1.0]","[47, 55, 58, 97, 6372, 6373]"
6373,"[0.75, 0.75, 0.75, 0.75, 1.0, 1.0]","[47, 55, 58, 97, 6372, 6373]"
6374,"[0.75, 0.75, 0.75, 0.75, 1.0, 1.0]","[47, 55, 58, 97, 6374, 6375]"
6375,"[0.75, 0.75, 0.75, 0.75, 1.0, 1.0]","[47, 55, 58, 97, 6374, 6375]"
6376,"[0.75, 0.75, 0.75, 0.75, 1.0, 1.0]","[47, 55, 58, 97, 6376, 6377]"
6377,"[0.75, 0.75, 0.75, 0.75, 1.0, 1.0]","[47, 55, 58, 97, 6376, 6377]"
6378,"[0.75, 0.75, 0.75, 0.75, 1.0, 1.0]","[47, 55, 58, 97, 6378, 6379]"
6379,"[0.75, 0.75, 0.75, 0.75, 1.0, 1.0]","[47, 55, 58, 97, 6378, 6379]"
6380,"[0.75, 0.75, 0.75, 0.75, 1.0, 1.0]","[47, 55, 58, 97, 6380, 6381]"
6381,"[0.75, 0.75, 0.75, 0.75, 1.0, 1.0]","[47, 55, 58, 97, 6380, 6381]"
6382,"[0.75, 0.75, 0.75, 0.75, 1.0, 1.0]","[47, 55, 58, 97, 6382, 6383]"
6383,"[0.75, 0.75, 0.75, 0.75, 1.0, 1.0]","[47, 55, 58, 97, 6382, 6383]"
6384,"[0.75, 0.75, 1.0, 1.0, 1.0, 1.0]","[58, 97, 6384, 6385, 6454, 6455]"
6385,"[0.75, 0.75, 1.0, 1.0, 1.0, 1.0]","[58, 97, 6384, 6385, 6454, 6455]"
6386,"[0.75, 0.75, 0.75, 0.75, 1.0, 1.0]","[47, 55, 58, 97, 6386, 6387]"
6387,"[0.75, 0.75, 0.75, 0.75, 1.0, 1.0]","[47, 55, 58, 97, 6386, 6387]"
6388,"[0.75, 0.75, 0.75, 0.75, 1.0, 1.0]","[47, 55, 58, 97, 6388, 6389]"
6389,"[0.75, 0.75, 0.75, 0.75, 1.0, 1.0]","[47, 55, 58, 97, 6388, 6389]"
6390,"[0.75, 0.75, 0.75, 0.75, 1.0, 1.0]","[47, 55, 58, 97, 6390, 6391]"
6391,"[0.75, 0.75, 0.75, 0.75, 1.0, 1.0]","[47, 55, 58, 97, 6390, 6391]"
6392,"[0.75, 0.75, 0.75, 0.75, 1.0, 1.0]","[47, 55, 58, 97, 6392, 6393]"
6393,"[0.75, 0.75, 0.75, 0.75, 1.0, 1.0]","[47, 55, 58, 97, 6392, 6393]"
6394,"[0.75, 0.75, 0.75, 0.75, 1.0, 1.0]","[47, 55, 58, 97, 6394, 6395]"
6395,"[0.75, 0.75, 0.75, 0.75, 1.0, 1.0]","[47, 55, 58, 97, 6394, 6395]"
6396,"[0.75, 0.75, 1.0, 1.0, 1.0, 1.0]","[58, 97, 6396, 6397, 6416, 6417]"
6397,"[0.75, 0.75, 1.0, 1.0, 1.0, 1.0]","[58, 97, 6396, 6397, 6416, 6417]"
6398,"[0.75, 0.75, 0.75, 0.75, 1.0, 1.0]","[47, 55, 58, 97, 6398, 6399]"
6399,"[0.75, 0.75, 0.75, 0.75, 1.0, 1.0]","[47, 55, 58, 97, 6398, 6399]"
6400,"[0.75, 0.75, 0.75, 0.75, 1.0, 1.0]","[47, 55, 58, 97, 6400, 6401]"
6401,"[0.75, 0.75, 0.75, 0.75, 1.0, 1.0]","[47, 55, 58, 97, 6400, 6401]"
6402,"[0.75, 0.75, 0.75, 0.75, 1.0, 1.0]","[47, 55, 58, 97, 6402, 6403]"
6403,"[0.75, 0.75, 0.75, 0.75, 1.0, 1.0]","[47, 55, 58, 97, 6402, 6403]"
6404,"[0.75, 0.75, 0.75, 0.75, 1.0, 1.0]","[47, 55, 58, 97, 6404, 6405]"
6405,"[0.75, 0.75, 0.75, 0.75, 1.0, 1.0]","[47, 55, 58, 97, 6404, 6405]"
6406,"[0.75, 0.75, 0.75, 0.75, 1.0, 1.0]","[47, 55, 58, 97, 6406, 6407]"
6407,"[0.75, 0.75, 0.75, 0.75, 1.0, 1.0]","[47, 55, 58, 97, 6406, 6407]"
6408,"[0.75, 0.75, 0.75, 0.75, 1.0, 1.0]","[47, 55, 58, 97, 6408, 6409]"
6409,"[0.75, 0.75, 0.75, 0.75, 1.0, 1.0]","[47, 55, 58, 97, 6408, 6409]"
6410,"[0.75, 0.75, 0.75, 0.75, 1.0, 1.0]","[47, 55, 58, 97, 6410, 6411]"
6411,"[0.75, 0.75, 0.75, 0.75, 1.0, 1.0]","[47, 55, 58, 97, 6410, 6411]"
6412,"[0.75, 0.75, 0.75, 0.75, 1.0, 1.0]","[47, 55, 58, 97, 6412, 6413]"
6413,"[0.75, 0.75, 0.75, 0.75, 1.0, 1.0]","[47, 55, 58, 97, 6412, 6413]"
6414,"[0.75, 0.75, 0.75, 0.75, 1.0, 1.0]","[47, 55, 58, 97, 6414, 6415]"
6415,"[0.75, 0.75, 0.75, 0.75, 1.0, 1.0]","[47, 55, 58, 97, 6414, 6415]"
6416,"[0.75, 0.75, 1.0, 1.0, 1.0, 1.0]","[58, 97, 6396, 6397, 6416, 6417]"
6417,"[0.75, 0.75, 1.0, 1.0, 1.0, 1.0]","[58, 97, 6396, 6397, 6416, 6417]"
6418,"[0.75, 0.75, 0.75, 0.75, 1.0, 1.0]","[47, 55, 58, 97, 6418, 6419]"
6419,"[0.75, 0.75, 0.75, 0.75, 1.0, 1.0]","[47, 55, 58, 97, 6418, 6419]"
6420,"[1.0, 1.0, 1.0, 1.0, 1.0, 1.0]","[6420, 6421, 6422, 6423, 6424, 6425]"
6421,"[1.0, 1.0, 1.0, 1.0, 1.0, 1.0]","[6420, 6421, 6422, 6423, 6424, 6425]"
6422,"[1.0, 1.0, 1.0, 1.0, 1.0, 1.0]","[6420, 6421, 6422, 6423, 6424, 6425]"
6423,"[1.0, 1.0, 1.0, 1.0, 1.0, 1.0]","[6420, 6421, 6422, 6423, 6424, 6425]"
6424,"[1.0, 1.0, 1.0, 1.0, 1.0, 1.0]","[6420, 6421, 6422, 6423, 6424, 6425]"
6425,"[1.0, 1.0, 1.0, 1.0, 1.0, 1.0]","[6420, 6421, 6422, 6423, 6424, 6425]"
6426,"[0.75, 0.75, 0.75, 0.75, 1.0, 1.0]","[47, 55, 58, 97, 6426, 6427]"
6427,"[0.75, 0.75, 0.75, 0.75, 1.0, 1.0]","[47, 55, 58, 97, 6426, 6427]"
6428,"[0.75, 0.75, 0.75, 0.75, 1.0, 1.0]","[47, 55, 58, 97, 6428, 6429]"
6429,"[0.75, 0.75, 0.75, 0.75, 1.0, 1.0]","[47, 55, 58, 97, 6428, 6429]"
6430,"[0.75, 0.75, 0.75, 0.75, 1.0, 1.0]","[47, 55, 58, 97, 6430, 6431]"
6431,"[0.75, 0.75, 0.75, 0.75, 1.0, 1.0]","[47, 55, 58, 97, 6430, 6431]"
6432,"[0.75, 0.75, 0.75, 0.75, 1.0, 1.0]","[47, 55, 58, 97, 6432, 6433]"
6433,"[0.75, 0.75, 0.75, 0.75, 1.0, 1.0]","[47, 55, 58, 97, 6432, 6433]"
6434,"[0.75, 0.75, 0.75, 0.75, 1.0, 1.0]","[47, 55, 58, 97, 6434, 6435]"
6435,"[0.75, 0.75, 0.75, 0.75, 1.0, 1.0]","[47, 55, 58, 97, 6434, 6435]"
6436,"[0.75, 0.75, 0.75, 0.75, 1.0, 1.0]","[47, 55, 58, 97, 6436, 6437]"
6437,"[0.75, 0.75, 0.75, 0.75, 1.0, 1.0]","[47, 55, 58, 97, 6436, 6437]"
6438,"[0.75, 0.75, 0.75, 0.75, 1.0, 1.0]","[47, 55, 58, 97, 6438, 6439]"
6439,"[0.75, 0.75, 0.75, 0.75, 1.0, 1.0]","[47, 55, 58, 97, 6438, 6439]"
6440,"[0.75, 0.75, 0.75, 0.75, 1.0, 1.0]","[47, 55, 58, 97, 6440, 6441]"
6441,"[0.75, 0.75, 0.75, 0.75, 1.0, 1.0]","[47, 55, 58, 97, 6440, 6441]"
6442,"[0.75, 0.75, 0.75, 0.75, 1.0, 1.0]","[47, 55, 58, 97, 6442, 6443]"
6443,"[0.75, 0.75, 0.75, 0.75, 1.0, 1.0]","[47, 55, 58, 97, 6442, 6443]"
6444,"[0.75, 0.75, 0.75, 0.75, 1.0, 1.0]","[47, 55, 58, 97, 6444, 6445]"
6445,"[0.75, 0.75, 0.75, 0.75, 1.0, 1.0]","[47, 55, 58, 97, 6444, 6445]"
6446,"[0.75, 0.75, 0.75, 0.75, 1.0, 1.0]","[47, 55, 58, 97, 6446, 6447]"
6447,"[0.75, 0.75, 0.75, 0.75, 1.0, 1.0]","[47, 55, 58, 97, 6446, 6447]"
6448,"[0.75, 0.75, 0.75, 0.75, 1.0, 1.0]","[47, 55, 58, 97, 6448, 6449]"
6449,"[0.75, 0.75, 0.75, 0.75, 1.0, 1.0]","[47, 55, 58, 97, 6448, 6449]"
6450,"[0.75, 0.75, 0.75, 0.75, 1.0, 1.0]","[47, 55, 58, 97, 6450, 6451]"
6451,"[0.75, 0.75, 0.75, 0.75, 1.0, 1.0]","[47, 55, 58, 97, 6450, 6451]"
6452,"[0.75, 0.75, 0.75, 0.75, 1.0, 1.0]","[47, 55, 58, 97, 6452, 6453]"
6453,"[0.75, 0.75, 0.75, 0.75, 1.0, 1.0]","[47, 55, 58, 97, 6452, 6453]"
6454,"[0.75, 0.75, 1.0, 1.0, 1.0, 1.0]","[58, 97, 6384, 6385, 6454, 6455]"
6455,"[0.75, 0.75, 1.0, 1.0, 1.0, 1.0]","[58, 97, 6384, 6385, 6454, 6455]"
6456,"[0.75, 0.75, 0.75, 0.75, 1.0, 1.0]","[47, 55, 58, 97, 6456, 6457]"
6457,"[0.75, 0.75, 0.75, 0.75, 1.0, 1.0]","[47, 55, 58, 97, 6456, 6457]"
6458,"[0.75, 0.75, 0.75, 0.75, 1.0, 1.0]","[47, 55, 58, 97, 6458, 6459]"
6459,"[0.75, 0.75, 0.75, 0.75, 1.0, 1.0]","[47, 55, 58, 97, 6458, 6459]"
6460,"[0.75, 0.75, 0.75, 0.75, 1.0, 1.0]","[47, 55, 58, 97, 6460, 6461]"
6461,"[0.75, 0.75, 0.75, 0.75, 1.0, 1.0]","[47, 55, 58, 97, 6460, 6461]"
6462,"[0.75, 0.75, 0.75, 0.75, 1.0, 1.0]","[47, 55, 58, 97, 6462, 6463]"
6463,"[0.75, 0.75, 0.75, 0.75, 1.0, 1.0]","[47, 55, 58, 97, 6462, 6463]"
6464,"[0.75, 0.75, 0.75, 0.75, 1.0, 1.0]","[47, 55, 58, 97, 6464, 6465]"
6465,"[0.75, 0.75, 0.75, 0.75, 1.0, 1.0]","[47, 55, 58, 97, 6464, 6465]"
6466,"[0.75, 0.75, 0.75, 0.75, 1.0, 1.0]","[47, 55, 58, 97, 6466, 6467]"
6467,"[0.75, 0.75, 0.75, 0.75, 1.0, 1.0]","[47, 55, 58, 97, 6466, 6467]"
6468,"[0.75, 0.75, 0.75, 0.75, 1.0, 1.0]","[47, 55, 58, 97, 6468, 6469]"
6469,"[0.75, 0.75, 0.75, 0.75, 1.0, 1.0]","[47, 55, 58, 97, 6468, 6469]"
6470,"[0.75, 0.75, 0.75, 0.75, 1.0, 1.0]","[47, 55, 58, 97, 6470, 6471]"
6471,"[0.75, 0.75, 0.75, 0.75, 1.0, 1.0]","[47, 55, 58, 97, 6470, 6471]"
6472,"[0.75, 0.75, 0.75, 0.75, 1.0, 1.0]","[47, 55, 58, 97, 6472, 6473]"
6473,"[0.75, 0.75, 0.75, 0.75, 1.0, 1.0]","[47, 55, 58, 97, 6472, 6473]"
6474,"[0.75, 0.75, 0.75, 0.75, 1.0, 1.0]","[47, 55, 58, 97, 6474, 6475]"
6475,"[0.75, 0.75, 0.75, 0.75, 1.0, 1.0]","[47, 55, 58, 97, 6474, 6475]"
6476,"[0.75, 0.75, 0.75, 0.75, 1.0, 1.0]","[47, 55, 58, 97, 6476, 6477]"
6477,"[0.75, 0.75, 0.75, 0.75, 1.0, 1.0]","[47, 55, 58, 97, 6476, 6477]"
6478,"[0.75, 0.75, 0.75, 0.75, 1.0, 1.0]","[47, 55, 58, 97, 6478, 6479]"
6479,"[0.75, 0.75, 0.75, 0.75, 1.0, 1.0]","[47, 55, 58, 97, 6478, 6479]"
6480,"[0.75, 0.75, 0.75, 0.75, 1.0, 1.0]","[47, 55, 58, 97, 6480, 6481]"
6481,"[0.75, 0.75, 0.75, 0.75, 1.0, 1.0]","[47, 55, 58, 97, 6480, 6481]"
6482,"[0.75, 0.75, 0.75, 0.75, 1.0, 1.0]","[47, 55, 58, 97, 6482, 6483]"
6483,"[0.75, 0.75, 0.75, 0.75, 1.0, 1.0]","[47, 55, 58, 97, 6482, 6483]"
6484,"[0.75, 0.75, 0.75, 0.75, 1.0, 1.0]","[47, 55, 58, 97, 6484, 6485]"
6485,"[0.75, 0.75, 0.75, 0.75, 1.0, 1.0]","[47, 55, 58, 97, 6484, 6485]"
6486,"[0.75, 0.75, 0.75, 0.75, 1.0, 1.0]","[47, 55, 58, 97, 6486, 6487]"
6487,"[0.75, 0.75, 0.75, 0.75, 1.0, 1.0]","[47, 55, 58, 97, 6486, 6487]"
6488,"[1.0, 1.0, 1.0, 1.0, 1.0, 1.0]","[33, 153, 155, 171, 194, 195]"
6489,"[0.75, 0.75, 1.0, 1.0, 1.0, 1.0]","[58, 97, 6489, 6490, 6491, 6492]"
6490,"[0.75, 0.75, 1.0, 1.0, 1.0, 1.0]","[58, 97, 6489, 6490, 6491, 6492]"
6491,"[0.75, 0.75, 1.0, 1.0, 1.0, 1.0]","[58, 97, 6489, 6490, 6491, 6492]"
6492,"[0.75, 0.75, 1.0, 1.0, 1.0, 1.0]","[58, 97, 6489, 6490, 6491, 6492]"
6493,"[1.0, 1.0, 1.0, 1.0, 1.0, 1.0]","[6493, 6494, 6495, 6496, 6497, 6498]"
6494,"[1.0, 1.0, 1.0, 1.0, 1.0, 1.0]","[6493, 6494, 6495, 6496, 6497, 6498]"
6495,"[1.0, 1.0, 1.0, 1.0, 1.0, 1.0]","[6493, 6494, 6495, 6496, 6497, 6498]"
6496,"[1.0, 1.0, 1.0, 1.0, 1.0, 1.0]","[6493, 6494, 6495, 6496, 6497, 6498]"
6497,"[1.0, 1.0, 1.0, 1.0, 1.0, 1.0]","[6493, 6494, 6495, 6496, 6497, 6498]"
6498,"[1.0, 1.0, 1.0, 1.0, 1.0, 1.0]","[6493, 6494, 6495, 6496, 6497, 6498]"
6499,"[1.0, 1.0, 1.0, 1.0, 1.0, 1.0]","[6499, 6500, 6501, 6502, 6503, 6504]"
6500,"[1.0, 1.0, 1.0, 1.0, 1.0, 1.0]","[6499, 6500, 6501, 6502, 6503, 6504]"
6501,"[1.0, 1.0, 1.0, 1.0, 1.0, 1.0]","[6499, 6500, 6501, 6502, 6503, 6504]"
6502,"[1.0, 1.0, 1.0, 1.0, 1.0, 1.0]","[6499, 6500, 6501, 6502, 6503, 6504]"
6503,"[1.0, 1.0, 1.0, 1.0, 1.0, 1.0]","[6499, 6500, 6501, 6502, 6503, 6504]"
6504,"[1.0, 1.0, 1.0, 1.0, 1.0, 1.0]","[6499, 6500, 6501, 6502, 6503, 6504]"
6505,"[1.0, 1.0, 1.0, 1.0, 1.0, 1.0]","[6505, 6506, 6507, 6508, 6509, 6510]"
6506,"[1.0, 1.0, 1.0, 1.0, 1.0, 1.0]","[6505, 6506, 6507, 6508, 6509, 6510]"
6507,"[1.0, 1.0, 1.0, 1.0, 1.0, 1.0]","[6505, 6506, 6507, 6508, 6509, 6510]"
6508,"[1.0, 1.0, 1.0, 1.0, 1.0, 1.0]","[6505, 6506, 6507, 6508, 6509, 6510]"
6509,"[1.0, 1.0, 1.0, 1.0, 1.0, 1.0]","[6505, 6506, 6507, 6508, 6509, 6510]"
6510,"[1.0, 1.0, 1.0, 1.0, 1.0, 1.0]","[6505, 6506, 6507, 6508, 6509, 6510]"
6511,"[1.0, 1.0, 1.0, 1.0, 1.0, 1.0]","[6505, 6506, 6507, 6508, 6509, 6510]"
6512,"[1.0, 1.0, 1.0, 1.0, 1.0, 1.0]","[6512, 6513, 6514, 6515, 6516, 6517]"
6513,"[1.0, 1.0, 1.0, 1.0, 1.0, 1.0]","[6512, 6513, 6514, 6515, 6516, 6517]"
6514,"[1.0, 1.0, 1.0, 1.0, 1.0, 1.0]","[6512, 6513, 6514, 6515, 6516, 6517]"
6515,"[1.0, 1.0, 1.0, 1.0, 1.0, 1.0]","[6512, 6513, 6514, 6515, 6516, 6517]"
6516,"[1.0, 1.0, 1.0, 1.0, 1.0, 1.0]","[6512, 6513, 6514, 6515, 6516, 6517]"
6517,"[1.0, 1.0, 1.0, 1.0, 1.0, 1.0]","[6512, 6513, 6514, 6515, 6516, 6517]"
6518,"[1.0, 1.0, 1.0, 1.0, 1.0, 1.0]","[6512, 6513, 6514, 6515, 6516, 6517]"
6519,"[1.0, 1.0, 1.0, 1.0, 1.0, 1.0]","[6512, 6513, 6514, 6515, 6516, 6517]"
6520,"[1.0, 1.0, 1.0, 1.0, 1.0, 1.0]","[6512, 6513, 6514, 6515, 6516, 6517]"
6521,"[1.0, 1.0, 1.0, 1.0, 1.0, 1.0]","[6512, 6513, 6514, 6515, 6516, 6517]"
6522,"[1.0, 1.0, 1.0, 1.0, 1.0, 1.0]","[6522, 6523, 6524, 6525, 6526, 6527]"
6523,"[1.0, 1.0, 1.0, 1.0, 1.0, 1.0]","[6522, 6523, 6524, 6525, 6526, 6527]"
6524,"[1.0, 1.0, 1.0, 1.0, 1.0, 1.0]","[6522, 6523, 6524, 6525, 6526, 6527]"
6525,"[1.0, 1.0, 1.0, 1.0, 1.0, 1.0]","[6522, 6523, 6524, 6525, 6526, 6527]"
6526,"[1.0, 1.0, 1.0, 1.0, 1.0, 1.0]","[6522, 6523, 6524, 6525, 6526, 6527]"
6527,"[1.0, 1.0, 1.0, 1.0, 1.0, 1.0]","[6522, 6523, 6524, 6525, 6526, 6527]"
6528,"[1.0, 1.0, 1.0, 1.0, 1.0, 1.0]","[6522, 6523, 6524, 6525, 6526, 6527]"
6529,"[1.0, 1.0, 1.0, 1.0, 1.0, 1.0]","[6522, 6523, 6524, 6525, 6526, 6527]"
6530,"[1.0, 1.0, 1.0, 1.0, 1.0, 1.0]","[6522, 6523, 6524, 6525, 6526, 6527]"
6531,"[1.0, 1.0, 1.0, 1.0, 1.0, 1.0]","[6522, 6523, 6524, 6525, 6526, 6527]"
6532,"[1.0, 1.0, 1.0, 1.0, 1.0, 1.0]","[6522, 6523, 6524, 6525, 6526, 6527]"
6533,"[0.75, 0.75, 1.0, 1.0, 1.0, 1.0]","[58, 97, 6533, 6534, 6535, 6536]"
6534,"[0.75, 0.75, 1.0, 1.0, 1.0, 1.0]","[58, 97, 6533, 6534, 6535, 6536]"
6535,"[0.75, 0.75, 1.0, 1.0, 1.0, 1.0]","[58, 97, 6533, 6534, 6535, 6536]"
6536,"[0.75, 0.75, 1.0, 1.0, 1.0, 1.0]","[58, 97, 6533, 6534, 6535, 6536]"
6537,"[1.0, 1.0, 1.0, 1.0, 1.0, 1.0]","[6537, 6538, 6539, 6540, 6541, 6542]"
6538,"[1.0, 1.0, 1.0, 1.0, 1.0, 1.0]","[6537, 6538, 6539, 6540, 6541, 6542]"
6539,"[1.0, 1.0, 1.0, 1.0, 1.0, 1.0]","[6537, 6538, 6539, 6540, 6541, 6542]"
6540,"[1.0, 1.0, 1.0, 1.0, 1.0, 1.0]","[6537, 6538, 6539, 6540, 6541, 6542]"
6541,"[1.0, 1.0, 1.0, 1.0, 1.0, 1.0]","[6537, 6538, 6539, 6540, 6541, 6542]"
6542,"[1.0, 1.0, 1.0, 1.0, 1.0, 1.0]","[6537, 6538, 6539, 6540, 6541, 6542]"
6543,"[1.0, 1.0, 1.0, 1.0, 1.0, 1.0]","[35, 55, 323, 742, 1169, 1302]"
6544,"[0.75, 0.75, 0.75, 1.0, 1.0, 1.0]","[55, 58, 97, 6290, 6291, 6544]"
6545,"[1.0, 1.0, 1.0, 1.0, 1.0, 1.0]","[6545, 6546, 6547, 6548, 6549, 6550]"
6546,"[1.0, 1.0, 1.0, 1.0, 1.0, 1.0]","[6545, 6546, 6547, 6548, 6549, 6550]"
6547,"[1.0, 1.0, 1.0, 1.0, 1.0, 1.0]","[6545, 6546, 6547, 6548, 6549, 6550]"
6548,"[1.0, 1.0, 1.0, 1.0, 1.0, 1.0]","[6545, 6546, 6547, 6548, 6549, 6550]"
6549,"[1.0, 1.0, 1.0, 1.0, 1.0, 1.0]","[6545, 6546, 6547, 6548, 6549, 6550]"
6550,"[1.0, 1.0, 1.0, 1.0, 1.0, 1.0]","[6545, 6546, 6547, 6548, 6549, 6550]"
6551,"[1.0, 1.0, 1.0, 1.0, 1.0, 1.0]","[6545, 6546, 6547, 6548, 6549, 6550]"
6552,"[1.0, 1.0, 1.0, 1.0, 1.0, 1.0]","[6545, 6546, 6547, 6548, 6549, 6550]"
6553,"[1.0, 1.0, 1.0, 1.0, 1.0, 1.0]","[6545, 6546, 6547, 6548, 6549, 6550]"
6554,"[1.0, 1.0, 1.0, 1.0, 1.0, 1.0]","[33, 153, 155, 171, 194, 195]"
6555,"[0.75, 0.75, 0.75, 0.75, 0.75, 1.0]","[70, 72, 93, 125, 133, 6555]"
6556,"[0.75, 0.75, 0.75, 0.75, 0.75, 1.0]","[321, 704, 720, 1305, 1423, 6556]"
6557,"[1.0, 1.0, 1.0, 1.0, 1.0, 1.0]","[401, 408, 411, 414, 415, 416]"
6558,"[1.0, 1.0, 1.0, 1.0, 1.0, 1.0]","[401, 408, 411, 414, 415, 416]"
6559,"[0.75, 0.75, 0.75, 0.75, 1.0, 1.0]","[47, 55, 58, 97, 6559, 6560]"
6560,"[0.75, 0.75, 0.75, 0.75, 1.0, 1.0]","[47, 55, 58, 97, 6559, 6560]"
6561,"[0.75, 0.75, 0.75, 0.75, 1.0, 1.0]","[47, 55, 58, 97, 6561, 6562]"
6562,"[0.75, 0.75, 0.75, 0.75, 1.0, 1.0]","[47, 55, 58, 97, 6561, 6562]"
6563,"[1.0, 1.0, 1.0, 1.0, 1.0, 1.0]","[6563, 6564, 6573, 6574, 6575, 6576]"
6564,"[1.0, 1.0, 1.0, 1.0, 1.0, 1.0]","[6563, 6564, 6573, 6574, 6575, 6576]"
6565,"[0.75, 0.75, 1.0, 1.0, 1.0, 1.0]","[125, 133, 6565, 6567, 6569, 6570]"
6566,"[0.75, 0.75, 1.0, 0.75, 0.75, 0.75]","[3493, 6565, 6566, 6567, 6569, 6570]"
6567,"[0.75, 0.75, 1.0, 1.0, 1.0, 1.0]","[125, 133, 6565, 6567, 6569, 6570]"
6568,"[0.75, 0.75, 1.0, 1.0, 1.0, 1.0]","[8, 13, 6568, 6670, 6672, 6673]"
6569,"[0.75, 0.75, 1.0, 1.0, 1.0, 1.0]","[125, 133, 6565, 6567, 6569, 6570]"
6570,"[0.75, 0.75, 1.0, 1.0, 1.0, 1.0]","[125, 133, 6565, 6567, 6569, 6570]"
6571,"[1.0, 1.0, 1.0, 1.0, 1.0, 1.0]","[3493, 6571, 6579, 6587, 6590, 6615]"
6572,"[1.0, 1.0, 1.0, 1.0, 1.0, 1.0]","[6572, 6580, 6593, 6604, 6622, 6634]"
6573,"[1.0, 1.0, 1.0, 1.0, 1.0, 1.0]","[6563, 6564, 6573, 6574, 6575, 6576]"
6574,"[1.0, 1.0, 1.0, 1.0, 1.0, 1.0]","[6563, 6564, 6573, 6574, 6575, 6576]"
6575,"[1.0, 1.0, 1.0, 1.0, 1.0, 1.0]","[6563, 6564, 6573, 6574, 6575, 6576]"
6576,"[1.0, 1.0, 1.0, 1.0, 1.0, 1.0]","[6563, 6564, 6573, 6574, 6575, 6576]"
6577,"[1.0, 1.0, 1.0, 1.0, 1.0, 1.0]","[6563, 6564, 6573, 6574, 6575, 6576]"
6578,"[1.0, 1.0, 1.0, 1.0, 1.0, 1.0]","[6563, 6564, 6573, 6574, 6575, 6576]"
6579,"[1.0, 1.0, 1.0, 1.0, 1.0, 1.0]","[3493, 6571, 6579, 6587, 6590, 6615]"
6580,"[1.0, 1.0, 1.0, 1.0, 1.0, 1.0]","[6572, 6580, 6593, 6604, 6622, 6634]"
6581,"[1.0, 1.0, 1.0, 1.0, 1.0, 1.0]","[6563, 6564, 6573, 6574, 6575, 6576]"
6582,"[1.0, 1.0, 1.0, 1.0, 1.0, 1.0]","[6563, 6564, 6573, 6574, 6575, 6576]"
6583,"[1.0, 1.0, 1.0, 1.0, 1.0, 1.0]","[6563, 6564, 6573, 6574, 6575, 6576]"
6584,"[1.0, 1.0, 1.0, 1.0, 1.0, 1.0]","[6563, 6564, 6573, 6574, 6575, 6576]"
6585,"[1.0, 1.0, 1.0, 1.0, 1.0, 1.0]","[6563, 6564, 6573, 6574, 6575, 6576]"
6586,"[1.0, 1.0, 1.0, 1.0, 1.0, 1.0]","[6563, 6564, 6573, 6574, 6575, 6576]"
6587,"[1.0, 1.0, 1.0, 1.0, 1.0, 1.0]","[3493, 6571, 6579, 6587, 6590, 6615]"
6588,"[1.0, 1.0, 1.0, 1.0, 1.0, 1.0]","[6588, 6601, 6657, 6662, 6669, 6675]"
6589,"[0.75, 0.75, 0.75, 0.75, 0.75, 1.0]","[3493, 6566, 6571, 6579, 6587, 6589]"
6590,"[1.0, 1.0, 1.0, 1.0, 1.0, 1.0]","[3493, 6571, 6579, 6587, 6590, 6615]"
6591,"[0.75, 0.75, 0.75, 0.75, 0.75, 1.0]","[35, 47, 55, 58, 97, 6591]"
6592,"[0.75, 0.75, 0.75, 0.75, 1.0, 1.0]","[72, 93, 125, 133, 6592, 6595]"
6593,"[1.0, 1.0, 1.0, 1.0, 1.0, 1.0]","[6572, 6580, 6593, 6604, 6622, 6634]"
6594,"[1.0, 1.0, 1.0, 1.0, 1.0, 1.0]","[6594, 6596, 6623, 6624, 6635, 6636]"
6595,"[0.75, 0.75, 0.75, 0.75, 1.0, 1.0]","[72, 93, 125, 133, 6592, 6595]"
6596,"[1.0, 1.0, 1.0, 1.0, 1.0, 1.0]","[6594, 6596, 6623, 6624, 6635, 6636]"
6597,"[0.75, 0.75, 0.75, 0.75, 0.75, 1.0]","[70, 72, 93, 125, 133, 6597]"
6598,"[0.75, 0.75, 0.75, 0.75, 0.75, 1.0]","[6566, 6571, 6579, 6587, 6589, 6598]"
6599,"[0.75, 0.75, 0.75, 0.75, 0.75, 1.0]","[70, 72, 93, 125, 133, 6599]"
6600,"[0.75, 0.75, 0.75, 0.75, 0.75, 1.0]","[6566, 6571, 6579, 6587, 6589, 6600]"
6601,"[1.0, 1.0, 1.0, 1.0, 1.0, 1.0]","[6588, 6601, 6657, 6662, 6669, 6675]"
6602,"[0.75, 0.75, 0.75, 0.75, 1.0, 1.0]","[72, 93, 125, 133, 6602, 6605]"
6603,"[0.75, 0.75, 0.75, 0.75, 0.75, 1.0]","[6566, 6571, 6579, 6587, 6589, 6603]"
6604,"[1.0, 1.0, 1.0, 1.0, 1.0, 1.0]","[6572, 6580, 6593, 6604, 6622, 6634]"
6605,"[0.75, 0.75, 0.75, 0.75, 1.0, 1.0]","[72, 93, 125, 133, 6602, 6605]"
6606,"[1.0, 1.0, 1.0, 1.0, 1.0, 1.0]","[33, 153, 155, 171, 194, 195]"
6607,"[0.75, 0.75, 0.75, 0.75, 0.75, 1.0]","[70, 72, 93, 125, 133, 6607]"
6608,"[0.75, 0.75, 0.75, 0.75, 0.75, 1.0]","[35, 47, 55, 58, 97, 6608]"
6609,"[0.75, 0.75, 0.75, 0.75, 0.75, 1.0]","[192, 538, 856, 910, 3529, 6609]"
6610,"[0.75, 0.75, 0.75, 0.75, 1.0, 1.0]","[1849, 1851, 2024, 3733, 6610, 6617]"
6611,"[1.0, 1.0, 1.0, 1.0, 1.0, 1.0]","[20, 24, 26, 28, 30, 369]"
6612,"[1.0, 1.0, 1.0, 1.0, 1.0, 1.0]","[20, 24, 26, 28, 30, 369]"
6613,"[1.0, 1.0, 1.0, 1.0, 1.0, 1.0]","[20, 24, 26, 28, 30, 369]"
6614,"[1.0, 1.0, 1.0, 1.0, 1.0, 1.0]","[6614, 6616, 6628, 6629, 6655, 6804]"
6615,"[1.0, 1.0, 1.0, 1.0, 1.0, 1.0]","[3493, 6571, 6579, 6587, 6590, 6615]"
6616,"[1.0, 1.0, 1.0, 1.0, 1.0, 1.0]","[6614, 6616, 6628, 6629, 6655, 6804]"
6617,"[0.75, 0.75, 0.75, 0.75, 1.0, 1.0]","[1849, 1851, 2024, 3733, 6610, 6617]"
6618,"[0.75, 0.75, 0.75, 0.75, 1.0, 1.0]","[47, 55, 58, 97, 6618, 6619]"
6619,"[0.75, 0.75, 0.75, 0.75, 1.0, 1.0]","[47, 55, 58, 97, 6618, 6619]"
6620,"[0.75, 0.75, 0.75, 0.75, 0.75, 1.0]","[70, 72, 93, 125, 133, 6620]"
6621,"[0.75, 0.75, 0.75, 0.75, 0.75, 1.0]","[6566, 6571, 6579, 6587, 6589, 6621]"
6622,"[1.0, 1.0, 1.0, 1.0, 1.0, 1.0]","[6572, 6580, 6593, 6604, 6622, 6634]"
6623,"[1.0, 1.0, 1.0, 1.0, 1.0, 1.0]","[6594, 6596, 6623, 6624, 6635, 6636]"
6624,"[1.0, 1.0, 1.0, 1.0, 1.0, 1.0]","[6594, 6596, 6623, 6624, 6635, 6636]"
6625,"[0.75, 0.75, 0.75, 0.75, 0.75, 1.0]","[35, 47, 55, 58, 97, 6625]"
6626,"[0.75, 0.75, 0.75, 0.75, 0.75, 1.0]","[70, 72, 93, 125, 133, 6626]"
6627,"[0.75, 0.75, 0.75, 0.75, 0.75, 1.0]","[192, 538, 856, 910, 3529, 6627]"
6628,"[1.0, 1.0, 1.0, 1.0, 1.0, 1.0]","[6614, 6616, 6628, 6629, 6655, 6804]"
6629,"[1.0, 1.0, 1.0, 1.0, 1.0, 1.0]","[6614, 6616, 6628, 6629, 6655, 6804]"
6630,"[0.75, 0.75, 0.75, 0.75, 1.0, 1.0]","[47, 55, 58, 97, 6630, 6631]"
6631,"[0.75, 0.75, 0.75, 0.75, 1.0, 1.0]","[47, 55, 58, 97, 6630, 6631]"
6632,"[0.75, 0.75, 0.75, 0.75, 0.75, 1.0]","[70, 72, 93, 125, 133, 6632]"
6633,"[0.75, 0.75, 0.75, 0.75, 0.75, 1.0]","[6566, 6571, 6579, 6587, 6589, 6633]"
6634,"[1.0, 1.0, 1.0, 1.0, 1.0, 1.0]","[6572, 6580, 6593, 6604, 6622, 6634]"
6635,"[1.0, 1.0, 1.0, 1.0, 1.0, 1.0]","[6594, 6596, 6623, 6624, 6635, 6636]"
6636,"[1.0, 1.0, 1.0, 1.0, 1.0, 1.0]","[6594, 6596, 6623, 6624, 6635, 6636]"
6637,"[0.75, 0.75, 0.75, 0.75, 0.75, 1.0]","[70, 72, 93, 125, 133, 6637]"
6638,"[0.75, 0.75, 0.75, 0.75, 0.75, 1.0]","[6566, 6571, 6579, 6587, 6589, 6638]"
6639,"[1.0, 1.0, 1.0, 1.0, 1.0, 1.0]","[6572, 6580, 6593, 6604, 6622, 6634]"
6640,"[1.0, 1.0, 1.0, 1.0, 1.0, 1.0]","[6563, 6564, 6573, 6574, 6575, 6576]"
6641,"[1.0, 1.0, 1.0, 1.0, 1.0, 1.0]","[6563, 6564, 6573, 6574, 6575, 6576]"
6642,"[1.0, 1.0, 1.0, 1.0, 1.0, 1.0]","[6563, 6564, 6573, 6574, 6575, 6576]"
6643,"[1.0, 1.0, 1.0, 1.0, 1.0, 1.0]","[6563, 6564, 6573, 6574, 6575, 6576]"
6644,"[1.0, 1.0, 1.0, 1.0, 1.0, 1.0]","[6563, 6564, 6573, 6574, 6575, 6576]"
6645,"[0.75, 0.75, 1.0, 1.0, 1.0, 1.0]","[125, 133, 6645, 6647, 6648, 6651]"
6646,"[0.75, 0.75, 0.75, 0.75, 0.75, 1.0]","[6566, 6571, 6579, 6587, 6589, 6646]"
6647,"[0.75, 0.75, 1.0, 1.0, 1.0, 1.0]","[125, 133, 6645, 6647, 6648, 6651]"
6648,"[0.75, 0.75, 1.0, 1.0, 1.0, 1.0]","[125, 133, 6645, 6647, 6648, 6651]"
6649,"[1.0, 1.0, 1.0, 1.0, 1.0, 1.0]","[700, 701, 702, 703, 708, 712]"
6650,"[1.0, 1.0, 1.0, 1.0, 1.0, 1.0]","[1532, 1535, 1934, 1936, 1939, 1941]"
6651,"[0.75, 0.75, 1.0, 1.0, 1.0, 1.0]","[125, 133, 6645, 6647, 6648, 6651]"
6652,"[0.75, 0.75, 1.0, 1.0, 1.0, 1.0]","[8, 13, 6652, 6658, 6659, 6660]"
6653,"[1.0, 1.0, 1.0, 1.0, 1.0, 1.0]","[3493, 6571, 6579, 6587, 6590, 6615]"
6654,"[1.0, 1.0, 1.0, 1.0, 1.0, 1.0]","[6572, 6580, 6593, 6604, 6622, 6634]"
6655,"[1.0, 1.0, 1.0, 1.0, 1.0, 1.0]","[6614, 6616, 6628, 6629, 6655, 6804]"
6656,"[1.0, 1.0, 1.0, 1.0, 1.0, 1.0]","[3493, 6571, 6579, 6587, 6590, 6615]"
6657,"[1.0, 1.0, 1.0, 1.0, 1.0, 1.0]","[6588, 6601, 6657, 6662, 6669, 6675]"
6658,"[0.75, 0.75, 1.0, 1.0, 1.0, 1.0]","[8, 13, 6652, 6658, 6659, 6660]"
6659,"[0.75, 0.75, 1.0, 1.0, 1.0, 1.0]","[8, 13, 6652, 6658, 6659, 6660]"
6660,"[0.75, 0.75, 1.0, 1.0, 1.0, 1.0]","[8, 13, 6652, 6658, 6659, 6660]"
6661,"[1.0, 1.0, 1.0, 1.0, 1.0, 1.0]","[3493, 6571, 6579, 6587, 6590, 6615]"
6662,"[1.0, 1.0, 1.0, 1.0, 1.0, 1.0]","[6588, 6601, 6657, 6662, 6669, 6675]"
6663,"[0.75, 0.75, 0.75, 0.75, 0.75, 1.0]","[70, 72, 93, 125, 133, 6663]"
6664,"[0.75, 0.75, 0.75, 0.75, 0.75, 1.0]","[6566, 6571, 6579, 6587, 6589, 6664]"
6665,"[0.75, 0.75, 0.75, 1.0, 1.0, 1.0]","[6, 8, 13, 6665, 6666, 6667]"
6666,"[0.75, 0.75, 0.75, 1.0, 1.0, 1.0]","[6, 8, 13, 6665, 6666, 6667]"
6667,"[0.75, 0.75, 0.75, 1.0, 1.0, 1.0]","[6, 8, 13, 6665, 6666, 6667]"
6668,"[1.0, 1.0, 1.0, 1.0, 1.0, 1.0]","[3493, 6571, 6579, 6587, 6590, 6615]"
6669,"[1.0, 1.0, 1.0, 1.0, 1.0, 1.0]","[6588, 6601, 6657, 6662, 6669, 6675]"
6670,"[0.75, 0.75, 1.0, 1.0, 1.0, 1.0]","[8, 13, 6568, 6670, 6672, 6673]"
6671,"[1.0, 1.0, 1.0, 1.0, 1.0, 1.0]","[34, 202, 318, 349, 398, 409]"
6672,"[0.75, 0.75, 1.0, 1.0, 1.0, 1.0]","[8, 13, 6568, 6670, 6672, 6673]"
6673,"[0.75, 0.75, 1.0, 1.0, 1.0, 1.0]","[8, 13, 6568, 6670, 6672, 6673]"
6674,"[1.0, 1.0, 1.0, 1.0, 1.0, 1.0]","[3493, 6571, 6579, 6587, 6590, 6615]"
6675,"[1.0, 1.0, 1.0, 1.0, 1.0, 1.0]","[6588, 6601, 6657, 6662, 6669, 6675]"
6676,"[0.75, 0.75, 0.75, 0.75, 0.75, 1.0]","[70, 72, 93, 125, 133, 6676]"
6677,"[0.75, 0.75, 0.75, 0.75, 0.75, 1.0]","[6566, 6571, 6579, 6587, 6589, 6677]"
6678,"[0.75, 0.75, 0.75, 1.0, 1.0, 1.0]","[6, 8, 13, 6678, 6679, 6680]"
6679,"[0.75, 0.75, 0.75, 1.0, 1.0, 1.0]","[6, 8, 13, 6678, 6679, 6680]"
6680,"[0.75, 0.75, 0.75, 1.0, 1.0, 1.0]","[6, 8, 13, 6678, 6679, 6680]"
6681,"[0.75, 0.75, 0.75, 0.75, 0.75, 1.0]","[70, 72, 93, 125, 133, 6681]"
6682,"[0.75, 0.75, 0.75, 0.75, 0.75, 1.0]","[6566, 6571, 6579, 6587, 6589, 6682]"
6683,"[1.0, 1.0, 1.0, 1.0, 1.0, 1.0]","[166, 167, 817, 857, 858, 859]"
6684,"[1.0, 1.0, 1.0, 1.0, 1.0, 1.0]","[6572, 6580, 6593, 6604, 6622, 6634]"
6685,"[1.0, 1.0, 1.0, 1.0, 1.0, 1.0]","[6563, 6564, 6573, 6574, 6575, 6576]"
6686,"[1.0, 1.0, 1.0, 1.0, 1.0, 1.0]","[6563, 6564, 6573, 6574, 6575, 6576]"
6687,"[1.0, 1.0, 1.0, 1.0, 1.0, 1.0]","[6563, 6564, 6573, 6574, 6575, 6576]"
6688,"[1.0, 1.0, 1.0, 1.0, 1.0, 1.0]","[6563, 6564, 6573, 6574, 6575, 6576]"
6689,"[1.0, 1.0, 1.0, 1.0, 1.0, 1.0]","[6563, 6564, 6573, 6574, 6575, 6576]"
6690,"[1.0, 1.0, 1.0, 1.0, 1.0, 1.0]","[3493, 6571, 6579, 6587, 6590, 6615]"
6691,"[1.0, 1.0, 1.0, 1.0, 1.0, 1.0]","[6572, 6580, 6593, 6604, 6622, 6634]"
6692,"[1.0, 1.0, 1.0, 1.0, 1.0, 1.0]","[6692, 6693, 6710, 6721, 6722, 6725]"
6693,"[1.0, 1.0, 1.0, 1.0, 1.0, 1.0]","[6692, 6693, 6710, 6721, 6722, 6725]"
6694,"[1.0, 0.75, 0.75, 1.0, 1.0, 1.0]","[203, 5012, 5022, 6019, 6694, 6727]"
6695,"[1.0, 1.0, 1.0, 1.0, 1.0, 1.0]","[3493, 6571, 6579, 6587, 6590, 6615]"
6696,"[1.0, 1.0, 1.0, 1.0, 1.0, 1.0]","[6588, 6601, 6657, 6662, 6669, 6675]"
6697,"[1.0, 1.0, 0.75, 1.0, 1.0, 1.0]","[3165, 4370, 4386, 6697, 6739, 6777]"
6698,"[0.75, 0.75, 0.75, 1.0, 1.0, 1.0]","[6, 8, 13, 6698, 6700, 6701]"
6699,"[1.0, 1.0, 1.0, 1.0, 1.0, 1.0]","[34, 202, 318, 349, 398, 409]"
6700,"[0.75, 0.75, 0.75, 1.0, 1.0, 1.0]","[6, 8, 13, 6698, 6700, 6701]"
6701,"[0.75, 0.75, 0.75, 1.0, 1.0, 1.0]","[6, 8, 13, 6698, 6700, 6701]"
6702,"[1.0, 1.0, 1.0, 1.0, 1.0, 1.0]","[3493, 6571, 6579, 6587, 6590, 6615]"
6703,"[1.0, 1.0, 1.0, 1.0, 1.0, 1.0]","[6572, 6580, 6593, 6604, 6622, 6634]"
6704,"[1.0, 1.0, 1.0, 1.0, 1.0, 1.0]","[6563, 6564, 6573, 6574, 6575, 6576]"
6705,"[1.0, 1.0, 1.0, 1.0, 1.0, 1.0]","[6563, 6564, 6573, 6574, 6575, 6576]"
6706,"[1.0, 1.0, 1.0, 1.0, 1.0, 1.0]","[6563, 6564, 6573, 6574, 6575, 6576]"
6707,"[1.0, 1.0, 1.0, 1.0, 1.0, 1.0]","[6563, 6564, 6573, 6574, 6575, 6576]"
6708,"[1.0, 1.0, 1.0, 1.0, 1.0, 1.0]","[3493, 6571, 6579, 6587, 6590, 6615]"
6709,"[1.0, 1.0, 1.0, 1.0, 1.0, 1.0]","[6572, 6580, 6593, 6604, 6622, 6634]"
6710,"[1.0, 1.0, 1.0, 1.0, 1.0, 1.0]","[6692, 6693, 6710, 6721, 6722, 6725]"
6711,"[1.0, 1.0, 1.0, 1.0, 1.0, 1.0]","[3493, 6571, 6579, 6587, 6590, 6615]"
6712,"[1.0, 1.0, 1.0, 1.0, 1.0, 1.0]","[6588, 6601, 6657, 6662, 6669, 6675]"
6713,"[0.75, 0.75, 0.75, 1.0, 1.0, 1.0]","[6, 8, 13, 6713, 6715, 6716]"
6714,"[1.0, 1.0, 1.0, 1.0, 1.0, 1.0]","[34, 202, 318, 349, 398, 409]"
6715,"[0.75, 0.75, 0.75, 1.0, 1.0, 1.0]","[6, 8, 13, 6713, 6715, 6716]"
6716,"[0.75, 0.75, 0.75, 1.0, 1.0, 1.0]","[6, 8, 13, 6713, 6715, 6716]"
6717,"[0.75, 1.0, 1.0, 1.0, 1.0, 1.0]","[133, 6717, 6723, 6724, 6731, 6732]"
6718,"[0.75, 0.75, 0.75, 0.75, 0.75, 1.0]","[6566, 6571, 6579, 6587, 6589, 6718]"
6719,"[1.0, 1.0, 1.0, 1.0, 1.0, 1.0]","[145, 146, 154, 303, 338, 381]"
6720,"[1.0, 1.0, 1.0, 1.0, 1.0, 1.0]","[6572, 6580, 6593, 6604, 6622, 6634]"
6721,"[1.0, 1.0, 1.0, 1.0, 1.0, 1.0]","[6692, 6693, 6710, 6721, 6722, 6725]"
6722,"[1.0, 1.0, 1.0, 1.0, 1.0, 1.0]","[6692, 6693, 6710, 6721, 6722, 6725]"
6723,"[0.75, 1.0, 1.0, 1.0, 1.0, 1.0]","[133, 6717, 6723, 6724, 6731, 6732]"
6724,"[0.75, 1.0, 1.0, 1.0, 1.0, 1.0]","[133, 6717, 6723, 6724, 6731, 6732]"
6725,"[1.0, 1.0, 1.0, 1.0, 1.0, 1.0]","[6692, 6693, 6710, 6721, 6722, 6725]"
6726,"[1.0, 1.0, 1.0, 1.0, 1.0, 1.0]","[6692, 6693, 6710, 6721, 6722, 6725]"
6727,"[1.0, 0.75, 0.75, 1.0, 1.0, 1.0]","[203, 5012, 5022, 6019, 6694, 6727]"
6728,"[1.0, 1.0, 1.0, 1.0, 1.0, 1.0]","[6692, 6693, 6710, 6721, 6722, 6725]"
6729,"[1.0, 1.0, 1.0, 1.0, 1.0, 1.0]","[6692, 6693, 6710, 6721, 6722, 6725]"
6730,"[1.0, 1.0, 1.0, 1.0, 1.0, 1.0]","[6692, 6693, 6710, 6721, 6722, 6725]"
6731,"[0.75, 1.0, 1.0, 1.0, 1.0, 1.0]","[133, 6717, 6723, 6724, 6731, 6732]"
6732,"[0.75, 1.0, 1.0, 1.0, 1.0, 1.0]","[133, 6717, 6723, 6724, 6731, 6732]"
6733,"[1.0, 1.0, 1.0, 1.0, 1.0, 1.0]","[6692, 6693, 6710, 6721, 6722, 6725]"
6734,"[1.0, 1.0, 1.0, 1.0, 1.0, 1.0]","[6692, 6693, 6710, 6721, 6722, 6725]"
6735,"[1.0, 1.0, 1.0, 1.0, 1.0, 1.0]","[6692, 6693, 6710, 6721, 6722, 6725]"
6736,"[1.0, 1.0, 1.0, 1.0, 1.0, 1.0]","[6692, 6693, 6710, 6721, 6722, 6725]"
6737,"[1.0, 1.0, 1.0, 1.0, 1.0, 1.0]","[6692, 6693, 6710, 6721, 6722, 6725]"
6738,"[1.0, 1.0, 1.0, 1.0, 1.0, 1.0]","[6692, 6693, 6710, 6721, 6722, 6725]"
6739,"[1.0, 1.0, 0.75, 1.0, 1.0, 1.0]","[3165, 4370, 4386, 6697, 6739, 6777]"
6740,"[0.75, 0.75, 0.75, 0.75, 1.0, 1.0]","[6571, 6579, 6587, 6589, 6740, 6781]"
6741,"[1.0, 1.0, 1.0, 1.0, 1.0, 1.0]","[20, 24, 26, 28, 30, 369]"
6742,"[1.0, 1.0, 1.0, 1.0, 1.0, 1.0]","[6572, 6580, 6593, 6604, 6622, 6634]"
6743,"[1.0, 1.0, 1.0, 1.0, 1.0, 1.0]","[6692, 6693, 6710, 6721, 6722, 6725]"
6744,"[1.0, 1.0, 1.0, 1.0, 1.0, 1.0]","[6692, 6693, 6710, 6721, 6722, 6725]"
6745,"[1.0, 1.0, 1.0, 1.0, 1.0, 1.0]","[6692, 6693, 6710, 6721, 6722, 6725]"
6746,"[1.0, 1.0, 1.0, 1.0, 1.0, 1.0]","[3493, 6571, 6579, 6587, 6590, 6615]"
6747,"[1.0, 1.0, 1.0, 1.0, 1.0, 1.0]","[6588, 6601, 6657, 6662, 6669, 6675]"
6748,"[1.0, 1.0, 1.0, 1.0, 1.0, 1.0]","[6748, 6750, 6751, 6768, 6770, 6771]"
6749,"[1.0, 1.0, 1.0, 1.0, 1.0, 1.0]","[34, 202, 318, 349, 398, 409]"
6750,"[1.0, 1.0, 1.0, 1.0, 1.0, 1.0]","[6748, 6750, 6751, 6768, 6770, 6771]"
6751,"[1.0, 1.0, 1.0, 1.0, 1.0, 1.0]","[6748, 6750, 6751, 6768, 6770, 6771]"
6752,"[0.75, 0.75, 0.75, 0.75, 0.75, 1.0]","[70, 72, 93, 125, 133, 6752]"
6753,"[0.75, 0.75, 0.75, 0.75, 0.75, 1.0]","[6566, 6571, 6579, 6587, 6589, 6753]"
6754,"[1.0, 1.0, 1.0, 1.0, 1.0, 1.0]","[6572, 6580, 6593, 6604, 6622, 6634]"
6755,"[1.0, 1.0, 1.0, 1.0, 1.0, 1.0]","[6692, 6693, 6710, 6721, 6722, 6725]"
6756,"[1.0, 1.0, 1.0, 1.0, 1.0, 1.0]","[6692, 6693, 6710, 6721, 6722, 6725]"
6757,"[1.0, 1.0, 1.0, 1.0, 1.0, 1.0]","[6692, 6693, 6710, 6721, 6722, 6725]"
6758,"[1.0, 1.0, 1.0, 1.0, 1.0, 1.0]","[6692, 6693, 6710, 6721, 6722, 6725]"
6759,"[1.0, 1.0, 1.0, 1.0, 1.0, 1.0]","[6692, 6693, 6710, 6721, 6722, 6725]"
6760,"[1.0, 1.0, 1.0, 1.0, 1.0, 1.0]","[3493, 6571, 6579, 6587, 6590, 6615]"
6761,"[1.0, 1.0, 1.0, 1.0, 1.0, 1.0]","[6572, 6580, 6593, 6604, 6622, 6634]"
6762,"[1.0, 1.0, 1.0, 1.0, 1.0, 1.0]","[561, 849, 1288, 1289, 1290, 1291]"
6763,"[1.0, 1.0, 1.0, 1.0, 1.0, 1.0]","[6692, 6693, 6710, 6721, 6722, 6725]"
6764,"[1.0, 1.0, 1.0, 1.0, 1.0, 1.0]","[6692, 6693, 6710, 6721, 6722, 6725]"
6765,"[1.0, 1.0, 1.0, 1.0, 1.0, 1.0]","[3493, 6571, 6579, 6587, 6590, 6615]"
6766,"[1.0, 1.0, 1.0, 1.0, 1.0, 1.0]","[6588, 6601, 6657, 6662, 6669, 6675]"
6767,"[1.0, 1.0, 1.0, 1.0, 1.0, 1.0]","[34, 202, 318, 349, 398, 409]"
6768,"[1.0, 1.0, 1.0, 1.0, 1.0, 1.0]","[6748, 6750, 6751, 6768, 6770, 6771]"
6769,"[0.75, 0.75, 0.75, 1.0, 1.0, 1.0]","[61, 145, 146, 197, 891, 6769]"
6770,"[1.0, 1.0, 1.0, 1.0, 1.0, 1.0]","[6748, 6750, 6751, 6768, 6770, 6771]"
6771,"[1.0, 1.0, 1.0, 1.0, 1.0, 1.0]","[6748, 6750, 6751, 6768, 6770, 6771]"
6772,"[0.75, 0.75, 0.75, 0.75, 0.75, 1.0]","[70, 72, 93, 125, 133, 6772]"
6773,"[0.75, 0.75, 0.75, 0.75, 0.75, 1.0]","[6566, 6571, 6579, 6587, 6589, 6773]"
6774,"[1.0, 1.0, 1.0, 1.0, 1.0, 1.0]","[6572, 6580, 6593, 6604, 6622, 6634]"
6775,"[1.0, 1.0, 1.0, 1.0, 1.0, 1.0]","[6692, 6693, 6710, 6721, 6722, 6725]"
6776,"[1.0, 1.0, 1.0, 1.0, 1.0, 1.0]","[6692, 6693, 6710, 6721, 6722, 6725]"
6777,"[1.0, 1.0, 0.75, 1.0, 1.0, 1.0]","[3165, 4370, 4386, 6697, 6739, 6777]"
6778,"[1.0, 1.0, 1.0, 1.0, 1.0, 1.0]","[6692, 6693, 6710, 6721, 6722, 6725]"
6779,"[1.0, 1.0, 1.0, 1.0, 1.0, 1.0]","[6692, 6693, 6710, 6721, 6722, 6725]"
6780,"[1.0, 1.0, 1.0, 1.0, 1.0, 1.0]","[6692, 6693, 6710, 6721, 6722, 6725]"
6781,"[0.75, 0.75, 0.75, 0.75, 1.0, 1.0]","[6571, 6579, 6587, 6589, 6740, 6781]"
6782,"[1.0, 1.0, 1.0, 1.0, 1.0, 1.0]","[6572, 6580, 6593, 6604, 6622, 6634]"
6783,"[1.0, 1.0, 1.0, 1.0, 1.0, 1.0]","[6692, 6693, 6710, 6721, 6722, 6725]"
6784,"[1.0, 1.0, 1.0, 1.0, 1.0, 1.0]","[6692, 6693, 6710, 6721, 6722, 6725]"
6785,"[0.75, 0.75, 0.75, 0.75, 1.0, 1.0]","[6571, 6579, 6587, 6589, 6785, 6808]"
6786,"[1.0, 1.0, 1.0, 1.0, 1.0, 1.0]","[6588, 6601, 6657, 6662, 6669, 6675]"
6787,"[1.0, 1.0, 1.0, 1.0, 1.0, 1.0]","[34, 202, 318, 349, 398, 409]"
6788,"[0.75, 0.75, 0.75, 1.0, 1.0, 1.0]","[6, 8, 13, 6788, 6789, 6790]"
6789,"[0.75, 0.75, 0.75, 1.0, 1.0, 1.0]","[6, 8, 13, 6788, 6789, 6790]"
6790,"[0.75, 0.75, 0.75, 1.0, 1.0, 1.0]","[6, 8, 13, 6788, 6789, 6790]"
6791,"[0.75, 0.75, 0.75, 0.75, 0.75, 1.0]","[70, 72, 93, 125, 133, 6791]"
6792,"[0.75, 0.75, 0.75, 0.75, 0.75, 1.0]","[6566, 6571, 6579, 6587, 6589, 6792]"
6793,"[1.0, 1.0, 1.0, 1.0, 1.0, 1.0]","[6572, 6580, 6593, 6604, 6622, 6634]"
6794,"[1.0, 1.0, 1.0, 1.0, 1.0, 1.0]","[6692, 6693, 6710, 6721, 6722, 6725]"
6795,"[1.0, 1.0, 1.0, 1.0, 1.0, 1.0]","[6692, 6693, 6710, 6721, 6722, 6725]"
6796,"[0.75, 0.75, 0.75, 0.75, 1.0, 1.0]","[47, 55, 58, 97, 6796, 6799]"
6797,"[1.0, 1.0, 1.0, 1.0, 1.0, 1.0]","[6692, 6693, 6710, 6721, 6722, 6725]"
6798,"[1.0, 1.0, 1.0, 1.0, 1.0, 1.0]","[6692, 6693, 6710, 6721, 6722, 6725]"
6799,"[0.75, 0.75, 0.75, 0.75, 1.0, 1.0]","[47, 55, 58, 97, 6796, 6799]"
6800,"[1.0, 1.0, 1.0, 1.0, 1.0, 1.0]","[6692, 6693, 6710, 6721, 6722, 6725]"
6801,"[1.0, 1.0, 1.0, 1.0, 1.0, 1.0]","[6692, 6693, 6710, 6721, 6722, 6725]"
6802,"[1.0, 1.0, 1.0, 1.0, 1.0, 1.0]","[3493, 6571, 6579, 6587, 6590, 6615]"
6803,"[1.0, 1.0, 1.0, 1.0, 1.0, 1.0]","[6572, 6580, 6593, 6604, 6622, 6634]"
6804,"[1.0, 1.0, 1.0, 1.0, 1.0, 1.0]","[6614, 6616, 6628, 6629, 6655, 6804]"
6805,"[1.0, 1.0, 1.0, 1.0, 1.0, 1.0]","[6614, 6616, 6628, 6629, 6655, 6804]"
6806,"[1.0, 1.0, 1.0, 1.0, 1.0, 1.0]","[6614, 6616, 6628, 6629, 6655, 6804]"
6807,"[1.0, 0.75, 0.75, 0.75, 1.0, 1.0]","[1282, 1879, 1881, 2323, 6807, 6884]"
6808,"[0.75, 0.75, 0.75, 0.75, 1.0, 1.0]","[6571, 6579, 6587, 6589, 6785, 6808]"
6809,"[1.0, 1.0, 1.0, 1.0, 1.0, 1.0]","[6588, 6601, 6657, 6662, 6669, 6675]"
6810,"[1.0, 1.0, 1.0, 1.0, 1.0, 1.0]","[6810, 6811, 6812, 6813, 6815, 6816]"
6811,"[1.0, 1.0, 1.0, 1.0, 1.0, 1.0]","[6810, 6811, 6812, 6813, 6815, 6816]"
6812,"[1.0, 1.0, 1.0, 1.0, 1.0, 1.0]","[6810, 6811, 6812, 6813, 6815, 6816]"
6813,"[1.0, 1.0, 1.0, 1.0, 1.0, 1.0]","[6810, 6811, 6812, 6813, 6815, 6816]"
6814,"[0.75, 0.75, 0.75, 0.75, 1.0, 1.0]","[47, 55, 58, 97, 6814, 6825]"
6815,"[1.0, 1.0, 1.0, 1.0, 1.0, 1.0]","[6810, 6811, 6812, 6813, 6815, 6816]"
6816,"[1.0, 1.0, 1.0, 1.0, 1.0, 1.0]","[6810, 6811, 6812, 6813, 6815, 6816]"
6817,"[0.75, 0.75, 0.75, 0.75, 1.0, 1.0]","[72, 93, 125, 133, 6817, 6818]"
6818,"[0.75, 0.75, 0.75, 0.75, 1.0, 1.0]","[72, 93, 125, 133, 6817, 6818]"
6819,"[1.0, 1.0, 1.0, 1.0, 1.0, 1.0]","[6748, 6750, 6751, 6768, 6770, 6771]"
6820,"[1.0, 1.0, 1.0, 1.0, 1.0, 1.0]","[6748, 6750, 6751, 6768, 6770, 6771]"
6821,"[1.0, 1.0, 1.0, 1.0, 1.0, 1.0]","[6748, 6750, 6751, 6768, 6770, 6771]"
6822,"[1.0, 1.0, 1.0, 1.0, 1.0, 1.0]","[6810, 6811, 6812, 6813, 6815, 6816]"
6823,"[1.0, 1.0, 1.0, 1.0, 1.0, 1.0]","[6810, 6811, 6812, 6813, 6815, 6816]"
6824,"[1.0, 1.0, 1.0, 1.0, 1.0, 1.0]","[6810, 6811, 6812, 6813, 6815, 6816]"
6825,"[0.75, 0.75, 0.75, 0.75, 1.0, 1.0]","[47, 55, 58, 97, 6814, 6825]"
6826,"[1.0, 1.0, 1.0, 1.0, 1.0, 1.0]","[6748, 6750, 6751, 6768, 6770, 6771]"
6827,"[1.0, 1.0, 1.0, 1.0, 1.0, 1.0]","[6748, 6750, 6751, 6768, 6770, 6771]"
6828,"[1.0, 1.0, 1.0, 1.0, 1.0, 1.0]","[6748, 6750, 6751, 6768, 6770, 6771]"
6829,"[1.0, 0.75, 0.75, 0.75, 1.0, 1.0]","[3172, 4350, 4370, 4386, 6829, 6891]"
6830,"[0.75, 0.75, 0.75, 0.75, 0.75, 1.0]","[6566, 6571, 6579, 6587, 6589, 6830]"
6831,"[1.0, 1.0, 1.0, 1.0, 1.0, 1.0]","[6572, 6580, 6593, 6604, 6622, 6634]"
6832,"[1.0, 1.0, 1.0, 1.0, 1.0, 1.0]","[6810, 6811, 6812, 6813, 6815, 6816]"
6833,"[1.0, 1.0, 1.0, 1.0, 1.0, 1.0]","[6810, 6811, 6812, 6813, 6815, 6816]"
6834,"[1.0, 1.0, 1.0, 1.0, 1.0, 1.0]","[6810, 6811, 6812, 6813, 6815, 6816]"
6835,"[1.0, 1.0, 1.0, 1.0, 1.0, 1.0]","[6692, 6693, 6710, 6721, 6722, 6725]"
6836,"[1.0, 1.0, 1.0, 1.0, 1.0, 1.0]","[6692, 6693, 6710, 6721, 6722, 6725]"
6837,"[1.0, 1.0, 1.0, 1.0, 1.0, 1.0]","[6692, 6693, 6710, 6721, 6722, 6725]"
6838,"[1.0, 1.0, 1.0, 1.0, 1.0, 1.0]","[6692, 6693, 6710, 6721, 6722, 6725]"
6839,"[1.0, 1.0, 1.0, 1.0, 1.0, 1.0]","[6810, 6811, 6812, 6813, 6815, 6816]"
6840,"[1.0, 1.0, 1.0, 1.0, 1.0, 1.0]","[6810, 6811, 6812, 6813, 6815, 6816]"
6841,"[1.0, 1.0, 1.0, 1.0, 1.0, 1.0]","[6692, 6693, 6710, 6721, 6722, 6725]"
6842,"[1.0, 1.0, 1.0, 1.0, 1.0, 1.0]","[6692, 6693, 6710, 6721, 6722, 6725]"
6843,"[1.0, 1.0, 1.0, 1.0, 1.0, 1.0]","[6692, 6693, 6710, 6721, 6722, 6725]"
6844,"[1.0, 1.0, 1.0, 1.0, 1.0, 1.0]","[6692, 6693, 6710, 6721, 6722, 6725]"
6845,"[1.0, 1.0, 1.0, 1.0, 1.0, 1.0]","[6692, 6693, 6710, 6721, 6722, 6725]"
6846,"[1.0, 1.0, 1.0, 1.0, 1.0, 1.0]","[6810, 6811, 6812, 6813, 6815, 6816]"
6847,"[1.0, 1.0, 1.0, 1.0, 1.0, 1.0]","[6692, 6693, 6710, 6721, 6722, 6725]"
6848,"[1.0, 1.0, 1.0, 1.0, 1.0, 1.0]","[704, 720, 1305, 1423, 1457, 4667]"
6849,"[1.0, 1.0, 1.0, 1.0, 1.0, 1.0]","[6692, 6693, 6710, 6721, 6722, 6725]"
6850,"[0.75, 0.75, 1.0, 1.0, 1.0, 1.0]","[125, 133, 6850, 6858, 6863, 6864]"
6851,"[0.75, 0.75, 0.75, 0.75, 0.75, 1.0]","[6566, 6571, 6579, 6587, 6589, 6851]"
6852,"[1.0, 1.0, 1.0, 1.0, 1.0, 1.0]","[6572, 6580, 6593, 6604, 6622, 6634]"
6853,"[1.0, 1.0, 1.0, 1.0, 1.0, 1.0]","[6692, 6693, 6710, 6721, 6722, 6725]"
6854,"[1.0, 1.0, 1.0, 1.0, 1.0, 1.0]","[6692, 6693, 6710, 6721, 6722, 6725]"
6855,"[1.0, 1.0, 1.0, 1.0, 1.0, 1.0]","[6692, 6693, 6710, 6721, 6722, 6725]"
6856,"[1.0, 1.0, 1.0, 1.0, 1.0, 1.0]","[6692, 6693, 6710, 6721, 6722, 6725]"
6857,"[1.0, 1.0, 1.0, 1.0, 1.0, 1.0]","[6692, 6693, 6710, 6721, 6722, 6725]"
6858,"[0.75, 0.75, 1.0, 1.0, 1.0, 1.0]","[125, 133, 6850, 6858, 6863, 6864]"
6859,"[1.0, 1.0, 1.0, 1.0, 1.0, 1.0]","[6692, 6693, 6710, 6721, 6722, 6725]"
6860,"[1.0, 1.0, 1.0, 1.0, 1.0, 1.0]","[6692, 6693, 6710, 6721, 6722, 6725]"
6861,"[1.0, 1.0, 1.0, 1.0, 1.0, 1.0]","[6692, 6693, 6710, 6721, 6722, 6725]"
6862,"[1.0, 1.0, 1.0, 1.0, 1.0, 1.0]","[6692, 6693, 6710, 6721, 6722, 6725]"
6863,"[0.75, 0.75, 1.0, 1.0, 1.0, 1.0]","[125, 133, 6850, 6858, 6863, 6864]"
6864,"[0.75, 0.75, 1.0, 1.0, 1.0, 1.0]","[125, 133, 6850, 6858, 6863, 6864]"
6865,"[1.0, 1.0, 1.0, 1.0, 1.0, 1.0]","[6692, 6693, 6710, 6721, 6722, 6725]"
6866,"[1.0, 1.0, 1.0, 1.0, 1.0, 1.0]","[6692, 6693, 6710, 6721, 6722, 6725]"
6867,"[1.0, 1.0, 1.0, 1.0, 1.0, 1.0]","[6692, 6693, 6710, 6721, 6722, 6725]"
6868,"[1.0, 1.0, 1.0, 1.0, 1.0, 1.0]","[6692, 6693, 6710, 6721, 6722, 6725]"
6869,"[1.0, 1.0, 1.0, 1.0, 1.0, 1.0]","[6692, 6693, 6710, 6721, 6722, 6725]"
6870,"[1.0, 1.0, 1.0, 1.0, 1.0, 1.0]","[6692, 6693, 6710, 6721, 6722, 6725]"
6871,"[1.0, 1.0, 1.0, 1.0, 1.0, 1.0]","[3493, 6571, 6579, 6587, 6590, 6615]"
6872,"[0.5, 0.5, 0.5, 0.5, 0.5, 1.0]","[229, 249, 290, 571, 6150, 6872]"
6873,"[0.75, 0.75, 0.75, 0.75, 1.0, 1.0]","[72, 93, 125, 133, 6873, 6874]"
6874,"[0.75, 0.75, 0.75, 0.75, 1.0, 1.0]","[72, 93, 125, 133, 6873, 6874]"
6875,"[1.0, 1.0, 1.0, 1.0, 1.0, 1.0]","[33, 153, 155, 171, 194, 195]"
6876,"[1.0, 1.0, 1.0, 1.0, 1.0, 1.0]","[33, 153, 155, 171, 194, 195]"
6877,"[1.0, 1.0, 1.0, 1.0, 1.0, 1.0]","[627, 629, 630, 892, 1452, 2163]"
6878,"[0.5, 0.5, 0.5, 0.5, 0.5, 1.0]","[229, 249, 290, 571, 6150, 6878]"
6879,"[0.75, 0.75, 0.75, 0.75, 1.0, 1.0]","[72, 93, 125, 133, 6879, 6880]"
6880,"[0.75, 0.75, 0.75, 0.75, 1.0, 1.0]","[72, 93, 125, 133, 6879, 6880]"
6881,"[1.0, 1.0, 1.0, 1.0, 1.0, 1.0]","[700, 701, 702, 703, 708, 712]"
6882,"[1.0, 1.0, 1.0, 1.0, 1.0, 1.0]","[33, 153, 155, 171, 194, 195]"
6883,"[1.0, 1.0, 1.0, 1.0, 1.0, 1.0]","[33, 153, 155, 171, 194, 195]"
6884,"[1.0, 0.75, 0.75, 0.75, 1.0, 1.0]","[1282, 1879, 1881, 2323, 6807, 6884]"
6885,"[0.75, 0.75, 1.0, 1.0, 1.0, 0.8164965809277261]","[8, 13, 6885, 6886, 6887, 6888]"
6886,"[0.75, 0.75, 1.0, 1.0, 1.0, 0.8164965809277261]","[8, 13, 6885, 6886, 6887, 6888]"
6887,"[0.75, 0.75, 1.0, 1.0, 1.0, 0.8164965809277261]","[8, 13, 6885, 6886, 6887, 6888]"
6888,"[0.8333333333333335, 0.8333333333333335, 0.8164965809277261, 0.8164965809277261, 0.8164965809277261, 1.0000000000000002]","[3729, 4509, 6885, 6886, 6887, 6888]"
6889,"[0.75, 0.75, 0.75, 0.75, 0.75, 1.0]","[35, 47, 55, 58, 97, 6889]"
6890,"[0.75, 0.75, 0.75, 0.75, 0.75, 1.0]","[6566, 6571, 6579, 6587, 6589, 6890]"
6891,"[1.0, 0.75, 0.75, 0.75, 1.0, 1.0]","[3172, 4350, 4370, 4386, 6829, 6891]"
6892,"[0.75, 0.75, 0.75, 0.75, 0.75, 1.0]","[70, 72, 93, 125, 133, 6892]"
6893,"[0.75, 0.75, 0.75, 0.75, 0.75, 1.0]","[6566, 6571, 6579, 6587, 6589, 6893]"
6894,"[1.0, 1.0, 1.0, 1.0, 1.0, 1.0]","[3493, 6571, 6579, 6587, 6590, 6615]"
6895,"[1.0, 1.0, 1.0, 1.0, 1.0, 1.0]","[33, 153, 155, 171, 194, 195]"
6896,"[1.0, 1.0, 1.0, 1.0, 1.0, 1.0]","[6692, 6693, 6710, 6721, 6722, 6725]"
6897,"[0.75, 0.75, 0.75, 0.75, 0.75, 1.0]","[6566, 6571, 6579, 6587, 6589, 6897]"
6898,"[0.5, 0.5, 0.5, 0.75, 1.0, 1.0]","[35, 38, 39, 6897, 6898, 6899]"
6899,"[0.5, 0.5, 0.5, 0.75, 1.0, 1.0]","[35, 38, 39, 6897, 6898, 6899]"
6900,"[1.0, 1.0, 1.0, 1.0, 1.0, 1.0]","[6900, 6901, 6932, 6933, 6934, 6935]"
6901,"[1.0, 1.0, 1.0, 1.0, 1.0, 1.0]","[6900, 6901, 6932, 6933, 6934, 6935]"
6902,"[1.0, 1.0, 1.0, 1.0, 1.0, 1.0]","[3493, 6571, 6579, 6587, 6590, 6615]"
6903,"[0.75, 0.75, 0.75, 0.75, 0.75, 1.0]","[6566, 6571, 6579, 6587, 6589, 6903]"
6904,"[1.0, 1.0, 1.0, 1.0, 1.0, 1.0]","[145, 146, 154, 303, 338, 381]"
6905,"[1.0, 1.0, 1.0, 1.0, 1.0, 1.0]","[6572, 6580, 6593, 6604, 6622, 6634]"
6906,"[0.75, 0.75, 0.75, 1.0, 1.0, 1.0]","[93, 125, 133, 6906, 6909, 6916]"
6907,"[1.0, 1.0, 1.0, 1.0, 1.0, 1.0]","[6692, 6693, 6710, 6721, 6722, 6725]"
6908,"[1.0, 1.0, 1.0, 1.0, 1.0, 1.0]","[6692, 6693, 6710, 6721, 6722, 6725]"
6909,"[0.75, 0.75, 0.75, 1.0, 1.0, 1.0]","[93, 125, 133, 6906, 6909, 6916]"
6910,"[1.0, 1.0, 1.0, 1.0, 1.0, 1.0]","[6692, 6693, 6710, 6721, 6722, 6725]"
6911,"[1.0, 1.0, 1.0, 1.0, 1.0, 1.0]","[6692, 6693, 6710, 6721, 6722, 6725]"
6912,"[1.0, 1.0, 1.0, 1.0, 1.0, 1.0]","[6692, 6693, 6710, 6721, 6722, 6725]"
6913,"[1.0, 1.0, 1.0, 1.0, 1.0, 1.0]","[6692, 6693, 6710, 6721, 6722, 6725]"
6914,"[1.0, 1.0, 1.0, 1.0, 1.0, 1.0]","[6692, 6693, 6710, 6721, 6722, 6725]"
6915,"[1.0, 1.0, 1.0, 1.0, 1.0, 1.0]","[6692, 6693, 6710, 6721, 6722, 6725]"
6916,"[0.75, 0.75, 0.75, 1.0, 1.0, 1.0]","[93, 125, 133, 6906, 6909, 6916]"
6917,"[1.0, 1.0, 1.0, 1.0, 1.0, 1.0]","[6692, 6693, 6710, 6721, 6722, 6725]"
6918,"[1.0, 1.0, 1.0, 1.0, 1.0, 1.0]","[6692, 6693, 6710, 6721, 6722, 6725]"
6919,"[1.0, 1.0, 1.0, 1.0, 1.0, 1.0]","[6692, 6693, 6710, 6721, 6722, 6725]"
6920,"[1.0, 1.0, 1.0, 1.0, 1.0, 1.0]","[6692, 6693, 6710, 6721, 6722, 6725]"
6921,"[1.0, 1.0, 1.0, 1.0, 1.0, 1.0]","[6692, 6693, 6710, 6721, 6722, 6725]"
6922,"[1.0, 1.0, 1.0, 1.0, 1.0, 1.0]","[3493, 6571, 6579, 6587, 6590, 6615]"
6923,"[1.0, 1.0, 1.0, 1.0, 1.0, 1.0]","[6572, 6580, 6593, 6604, 6622, 6634]"
6924,"[1.0, 1.0, 1.0, 1.0, 1.0, 1.0]","[6924, 6925, 6926, 6927, 6928, 6929]"
6925,"[1.0, 1.0, 1.0, 1.0, 1.0, 1.0]","[6924, 6925, 6926, 6927, 6928, 6929]"
6926,"[1.0, 1.0, 1.0, 1.0, 1.0, 1.0]","[6924, 6925, 6926, 6927, 6928, 6929]"
6927,"[1.0, 1.0, 1.0, 1.0, 1.0, 1.0]","[6924, 6925, 6926, 6927, 6928, 6929]"
6928,"[1.0, 1.0, 1.0, 1.0, 1.0, 1.0]","[6924, 6925, 6926, 6927, 6928, 6929]"
6929,"[1.0, 1.0, 1.0, 1.0, 1.0, 1.0]","[6924, 6925, 6926, 6927, 6928, 6929]"
6930,"[1.0, 1.0, 1.0, 1.0, 1.0, 1.0]","[3493, 6571, 6579, 6587, 6590, 6615]"
6931,"[1.0, 1.0, 1.0, 1.0, 1.0, 1.0]","[6572, 6580, 6593, 6604, 6622, 6634]"
6932,"[1.0, 1.0, 1.0, 1.0, 1.0, 1.0]","[6900, 6901, 6932, 6933, 6934, 6935]"
6933,"[1.0, 1.0, 1.0, 1.0, 1.0, 1.0]","[6900, 6901, 6932, 6933, 6934, 6935]"
6934,"[1.0, 1.0, 1.0, 1.0, 1.0, 1.0]","[6900, 6901, 6932, 6933, 6934, 6935]"
6935,"[1.0, 1.0, 1.0, 1.0, 1.0, 1.0]","[6900, 6901, 6932, 6933, 6934, 6935]"
6936,"[1.0, 1.0, 1.0, 1.0, 1.0, 1.0]","[6900, 6901, 6932, 6933, 6934, 6935]"
6937,"[1.0, 1.0, 1.0, 1.0, 1.0, 1.0]","[3493, 6571, 6579, 6587, 6590, 6615]"
6938,"[1.0, 1.0, 1.0, 1.0, 1.0, 1.0]","[6572, 6580, 6593, 6604, 6622, 6634]"
6939,"[1.0, 1.0, 1.0, 1.0, 1.0, 1.0]","[6692, 6693, 6710, 6721, 6722, 6725]"
6940,"[1.0, 1.0, 1.0, 1.0, 1.0, 1.0]","[6692, 6693, 6710, 6721, 6722, 6725]"
6941,"[1.0, 1.0, 1.0, 1.0, 1.0, 1.0]","[3493, 6571, 6579, 6587, 6590, 6615]"
6942,"[1.0, 1.0, 1.0, 1.0, 1.0, 1.0]","[6588, 6601, 6657, 6662, 6669, 6675]"
6943,"[0.75, 0.75, 0.75, 1.0, 1.0, 1.0]","[6, 8, 13, 6943, 6944, 6945]"
6944,"[0.75, 0.75, 0.75, 1.0, 1.0, 1.0]","[6, 8, 13, 6943, 6944, 6945]"
6945,"[0.75, 0.75, 0.75, 1.0, 1.0, 1.0]","[6, 8, 13, 6943, 6944, 6945]"
6946,"[0.75, 0.75, 0.75, 0.75, 0.75, 1.0]","[70, 72, 93, 125, 133, 6946]"
6947,"[0.75, 0.75, 0.75, 0.75, 0.75, 1.0]","[6566, 6571, 6579, 6587, 6589, 6947]"
6948,"[1.0, 1.0, 1.0, 1.0, 1.0, 1.0]","[6572, 6580, 6593, 6604, 6622, 6634]"
6949,"[1.0, 1.0, 1.0, 1.0, 1.0, 1.0]","[6563, 6564, 6573, 6574, 6575, 6576]"
6950,"[1.0, 1.0, 1.0, 1.0, 1.0, 1.0]","[6563, 6564, 6573, 6574, 6575, 6576]"
6951,"[1.0, 1.0, 1.0, 1.0, 1.0, 1.0]","[6563, 6564, 6573, 6574, 6575, 6576]"
6952,"[0.75, 0.75, 0.75, 0.75, 0.75, 1.0]","[34, 35, 55, 74, 75, 6952]"
6953,"[0.75, 0.75, 0.75, 0.75, 0.75, 1.0]","[161, 169, 181, 187, 219, 6953]"
6954,"[0.75, 1.0, 1.0, 0.75, 0.75, 0.75]","[220, 6954, 6955, 6956, 7049, 7061]"
6955,"[0.75, 1.0, 1.0, 0.75, 0.75, 0.75]","[220, 6954, 6955, 6956, 7049, 7061]"
6956,"[0.75, 0.75, 0.75, 1.0, 0.75, 0.75]","[220, 6954, 6955, 6956, 7049, 7061]"
6957,"[1.0, 0.75, 0.75, 0.75, 0.75, 0.75]","[6957, 7133, 7135, 7136, 7137, 7139]"
6958,"[0.75, 0.75, 0.75, 0.75, 0.75, 1.0]","[324, 1473, 1475, 2998, 3025, 6958]"
6959,"[0.75, 0.75, 1.0, 0.75, 0.75, 0.75]","[3524, 6958, 6959, 6980, 7020, 7021]"
6960,"[0.75, 1.0, 0.75, 1.0, 1.0, 1.0]","[6, 8, 13, 2131, 5301, 6960]"
6961,"[1.0, 1.0, 1.0, 1.0, 1.0, 1.0]","[33, 153, 155, 171, 194, 195]"
6962,"[0.75, 0.75, 0.75, 0.75, 0.75, 1.0]","[321, 704, 720, 1305, 1423, 6962]"
6963,"[0.5, 0.5, 0.5, 0.75, 1.0, 0.75]","[35, 38, 39, 6952, 6963, 6964]"
6964,"[0.75, 0.75, 0.75, 0.75, 0.75, 1.0]","[324, 1473, 1475, 2998, 3025, 6964]"
6965,"[1.0, 1.0, 1.0, 1.0, 1.0, 1.0]","[6965, 6973, 6974, 6976, 6978, 7002]"
6966,"[1.0, 1.0, 1.0, 1.0, 1.0, 1.0]","[704, 720, 1305, 1423, 1457, 4667]"
6967,"[0.4082482904638631, 0.4082482904638631, 0.4082482904638631, 0.4082482904638631, 1.0000000000000002, 1.0000000000000002]","[249, 290, 571, 6150, 6967, 6968]"
6968,"[0.4082482904638631, 0.4082482904638631, 0.4082482904638631, 0.4082482904638631, 1.0000000000000002, 1.0000000000000002]","[249, 290, 571, 6150, 6967, 6968]"
6969,"[1.0, 0.75, 0.75, 0.75, 0.75, 0.75]","[6969, 6970, 6971, 6972, 7022, 7031]"
6970,"[0.75, 0.75, 0.75, 1.0, 1.0, 1.0]","[55, 58, 97, 6970, 6971, 6972]"
6971,"[0.75, 0.75, 0.75, 1.0, 1.0, 1.0]","[55, 58, 97, 6970, 6971, 6972]"
6972,"[0.75, 0.75, 0.75, 1.0, 1.0, 1.0]","[55, 58, 97, 6970, 6971, 6972]"
6973,"[1.0, 1.0, 1.0, 1.0, 1.0, 1.0]","[6965, 6973, 6974, 6976, 6978, 7002]"
6974,"[1.0, 1.0, 1.0, 1.0, 1.0, 1.0]","[6965, 6973, 6974, 6976, 6978, 7002]"
6975,"[0.75, 0.75, 0.75, 0.75, 1.0, 1.0]","[92, 94, 106, 123, 6975, 6977]"
6976,"[1.0, 1.0, 1.0, 1.0, 1.0, 1.0]","[6965, 6973, 6974, 6976, 6978, 7002]"
6977,"[0.75, 0.75, 0.75, 0.75, 1.0, 1.0]","[92, 94, 106, 123, 6975, 6977]"
6978,"[1.0, 1.0, 1.0, 1.0, 1.0, 1.0]","[6965, 6973, 6974, 6976, 6978, 7002]"
6979,"[0.75, 0.75, 1.0, 1.0, 1.0, 1.0]","[74, 75, 6979, 6983, 6985, 6987]"
6980,"[0.75, 0.75, 1.0, 0.75, 0.75, 0.75]","[3524, 6959, 6980, 6981, 7020, 7021]"
6981,"[0.75, 0.75, 1.0, 0.75, 0.75, 0.75]","[6979, 6980, 6981, 6983, 6985, 6987]"
6982,"[1.0, 1.0, 1.0, 1.0, 1.0, 1.0]","[6982, 6984, 6986, 7073, 7074, 7075]"
6983,"[0.75, 0.75, 1.0, 1.0, 1.0, 1.0]","[74, 75, 6979, 6983, 6985, 6987]"
6984,"[1.0, 1.0, 1.0, 1.0, 1.0, 1.0]","[6982, 6984, 6986, 7073, 7074, 7075]"
6985,"[0.75, 0.75, 1.0, 1.0, 1.0, 1.0]","[74, 75, 6979, 6983, 6985, 6987]"
6986,"[1.0, 1.0, 1.0, 1.0, 1.0, 1.0]","[6982, 6984, 6986, 7073, 7074, 7075]"
6987,"[0.75, 0.75, 1.0, 1.0, 1.0, 1.0]","[74, 75, 6979, 6983, 6985, 6987]"
6988,"[0.75, 0.75, 0.75, 1.0, 1.0, 1.0]","[6983, 6985, 6987, 6988, 6989, 6991]"
6989,"[0.75, 0.75, 0.75, 1.0, 1.0, 1.0]","[6983, 6985, 6987, 6988, 6989, 6991]"
6990,"[0.75, 0.75, 0.75, 0.75, 1.0, 1.0]","[47, 55, 58, 97, 6990, 6992]"
6991,"[0.75, 0.75, 0.75, 1.0, 1.0, 1.0]","[6983, 6985, 6987, 6988, 6989, 6991]"
6992,"[0.75, 0.75, 0.75, 0.75, 1.0, 1.0]","[47, 55, 58, 97, 6990, 6992]"
6993,"[0.75, 0.75, 0.75, 1.0, 1.0, 1.0]","[6985, 6987, 6988, 6993, 6994, 6995]"
6994,"[0.75, 0.75, 0.75, 1.0, 1.0, 1.0]","[6985, 6987, 6988, 6993, 6994, 6995]"
6995,"[0.75, 0.75, 0.75, 1.0, 1.0, 1.0]","[6985, 6987, 6988, 6993, 6994, 6995]"
6996,"[1.0, 1.0, 1.0, 1.0, 1.0, 1.0]","[627, 629, 630, 892, 1452, 2163]"
6997,"[0.75, 0.75, 0.75, 0.75, 1.0, 1.0]","[169, 181, 187, 219, 6997, 6998]"
6998,"[0.75, 0.75, 0.75, 0.75, 1.0, 1.0]","[169, 181, 187, 219, 6997, 6998]"
6999,"[0.5, 0.5, 0.5, 0.5, 1.0, 1.0]","[249, 290, 571, 6150, 6999, 7000]"
7000,"[0.5, 0.5, 0.5, 0.5, 1.0, 1.0]","[249, 290, 571, 6150, 6999, 7000]"
7001,"[1.0, 1.0, 1.0, 1.0, 1.0, 1.0]","[20, 24, 26, 28, 30, 369]"
7002,"[1.0, 1.0, 1.0, 1.0, 1.0, 1.0]","[6965, 6973, 6974, 6976, 6978, 7002]"
7003,"[1.0, 1.0, 1.0, 1.0, 1.0, 1.0]","[6965, 6973, 6974, 6976, 6978, 7002]"
7004,"[0.75, 1.0, 1.0, 1.0, 1.0, 1.0]","[97, 7004, 7005, 7006, 7007, 7008]"
7005,"[0.75, 1.0, 1.0, 1.0, 1.0, 1.0]","[97, 7004, 7005, 7006, 7007, 7008]"
7006,"[0.75, 1.0, 1.0, 1.0, 1.0, 1.0]","[97, 7004, 7005, 7006, 7007, 7008]"
7007,"[0.75, 1.0, 1.0, 1.0, 1.0, 1.0]","[97, 7004, 7005, 7006, 7007, 7008]"
7008,"[0.75, 1.0, 1.0, 1.0, 1.0, 1.0]","[97, 7004, 7005, 7006, 7007, 7008]"
7009,"[0.75, 0.75, 0.75, 0.75, 0.75, 1.0]","[90, 92, 94, 106, 123, 7009]"
7010,"[1.0, 1.0, 1.0, 1.0, 1.0, 1.0]","[20, 24, 26, 28, 30, 369]"
7011,"[0.5, 0.5, 1.0, 1.0, 1.0, 1.0]","[1253, 1849, 7011, 7013, 7015, 7018]"
7012,"[1.0, 1.0, 1.0, 1.0, 1.0, 1.0]","[20, 24, 26, 28, 30, 369]"
7013,"[0.5, 0.5, 1.0, 1.0, 1.0, 1.0]","[1253, 1849, 7011, 7013, 7015, 7018]"
7014,"[1.0, 1.0, 1.0, 1.0, 1.0, 1.0]","[20, 24, 26, 28, 30, 369]"
7015,"[0.5, 0.5, 1.0, 1.0, 1.0, 1.0]","[1253, 1849, 7011, 7013, 7015, 7018]"
7016,"[1.0, 1.0, 1.0, 1.0, 1.0, 1.0]","[33, 153, 155, 171, 194, 195]"
7017,"[1.0, 1.0, 1.0, 1.0, 1.0, 1.0]","[20, 24, 26, 28, 30, 369]"
7018,"[0.5, 0.5, 1.0, 1.0, 1.0, 1.0]","[1253, 1849, 7011, 7013, 7015, 7018]"
7019,"[1.0, 1.0, 1.0, 1.0, 1.0, 1.0]","[307, 313, 345, 347, 348, 359]"
7020,"[1.0, 1.0, 1.0, 1.0, 1.0, 1.0]","[3524, 7020, 7028, 7029, 7030, 7101]"
7021,"[0.75, 0.75, 0.75, 0.75, 1.0, 0.75]","[3524, 6959, 6980, 7020, 7021, 7022]"
7022,"[0.75, 0.75, 1.0, 0.75, 0.75, 0.75]","[6969, 7021, 7022, 7031, 7041, 7071]"
7023,"[0.75, 1.0, 1.0, 1.0, 1.0, 1.0]","[13, 7023, 7024, 7025, 7026, 7027]"
7024,"[0.75, 1.0, 1.0, 1.0, 1.0, 1.0]","[13, 7023, 7024, 7025, 7026, 7027]"
7025,"[0.75, 1.0, 1.0, 1.0, 1.0, 1.0]","[13, 7023, 7024, 7025, 7026, 7027]"
7026,"[0.75, 1.0, 1.0, 1.0, 1.0, 1.0]","[13, 7023, 7024, 7025, 7026, 7027]"
7027,"[0.75, 1.0, 1.0, 1.0, 1.0, 1.0]","[13, 7023, 7024, 7025, 7026, 7027]"
7028,"[1.0, 1.0, 1.0, 1.0, 1.0, 1.0]","[3524, 7020, 7028, 7029, 7030, 7101]"
7029,"[1.0, 1.0, 1.0, 1.0, 1.0, 1.0]","[3524, 7020, 7028, 7029, 7030, 7101]"
7030,"[1.0, 1.0, 1.0, 1.0, 1.0, 1.0]","[3524, 7020, 7028, 7029, 7030, 7101]"
7031,"[0.75, 0.75, 1.0, 0.75, 0.75, 0.75]","[6969, 7022, 7031, 7032, 7033, 7041]"
7032,"[0.75, 0.75, 0.75, 0.75, 1.0, 1.0]","[72, 93, 125, 133, 7032, 7033]"
7033,"[0.75, 0.75, 0.75, 0.75, 1.0, 1.0]","[72, 93, 125, 133, 7032, 7033]"
7034,"[0.75, 0.75, 0.75, 0.75, 1.0, 1.0]","[47, 55, 58, 97, 7034, 7035]"
7035,"[0.75, 0.75, 0.75, 0.75, 1.0, 1.0]","[47, 55, 58, 97, 7034, 7035]"
7036,"[0.75, 0.75, 0.75, 0.75, 0.75, 1.0]","[6981, 6983, 6985, 6987, 6988, 7036]"
7037,"[1.0, 1.0, 1.0, 1.0, 1.0, 1.0]","[1798, 3697, 5302, 7037, 7058, 7069]"
7038,"[1.0, 1.0, 1.0, 1.0, 1.0, 1.0]","[33, 153, 155, 171, 194, 195]"
7039,"[0.75, 0.75, 0.75, 1.0, 1.0, 1.0]","[93, 125, 133, 7039, 7055, 7056]"
7040,"[0.75, 0.75, 1.0, 1.0, 1.0, 1.0]","[11, 12, 1800, 3699, 7040, 7059]"
7041,"[0.75, 0.75, 0.75, 1.0, 0.75, 0.75]","[6969, 7022, 7031, 7041, 7042, 7071]"
7042,"[0.75, 0.75, 0.75, 0.75, 0.75, 1.0]","[70, 72, 93, 125, 133, 7042]"
7043,"[1.0, 1.0, 1.0, 1.0, 1.0, 1.0]","[1532, 1535, 1934, 1936, 1939, 1941]"
7044,"[1.0, 1.0, 1.0, 1.0, 1.0, 1.0]","[1532, 1535, 1934, 1936, 1939, 1941]"
7045,"[1.0, 1.0, 1.0, 1.0, 1.0, 1.0]","[1532, 1535, 1934, 1936, 1939, 1941]"
7046,"[1.0, 1.0, 1.0, 1.0, 1.0, 1.0]","[1532, 1535, 1934, 1936, 1939, 1941]"
7047,"[0.75, 0.75, 0.75, 1.0, 1.0, 1.0]","[6, 8, 13, 1799, 3698, 7047]"
7048,"[0.75, 0.75, 0.75, 0.75, 0.75, 1.0]","[324, 1473, 1475, 2998, 3025, 7048]"
7049,"[0.75, 0.75, 0.75, 0.75, 0.75, 1.0]","[220, 6954, 6955, 6956, 7048, 7049]"
7050,"[1.0, 1.0, 1.0, 1.0, 1.0, 1.0]","[31, 1274, 1277, 1279, 1353, 1361]"
7051,"[1.0, 1.0, 1.0, 1.0, 1.0, 1.0]","[31, 1274, 1277, 1279, 1353, 1361]"
7052,"[1.0, 1.0, 1.0, 1.0, 1.0, 1.0]","[33, 153, 155, 171, 194, 195]"
7053,"[1.0, 1.0, 1.0, 1.0, 1.0, 1.0]","[31, 1274, 1277, 1279, 1353, 1361]"
7054,"[0.75, 0.75, 0.75, 0.75, 1.0, 1.0]","[72, 93, 125, 133, 7054, 7064]"
7055,"[0.75, 0.75, 0.75, 1.0, 1.0, 1.0]","[93, 125, 133, 7039, 7055, 7056]"
7056,"[0.75, 0.75, 0.75, 1.0, 1.0, 1.0]","[93, 125, 133, 7039, 7055, 7056]"
7057,"[1.0, 0.75, 1.0, 1.0, 1.0, 1.0]","[705, 1276, 1644, 1647, 7057, 7068]"
7058,"[1.0, 1.0, 1.0, 1.0, 1.0, 1.0]","[1798, 3697, 5302, 7037, 7058, 7069]"
7059,"[0.75, 0.75, 1.0, 1.0, 1.0, 1.0]","[11, 12, 1800, 3699, 7040, 7059]"
7060,"[0.75, 0.75, 0.75, 0.75, 0.75, 1.0]","[70, 72, 93, 125, 133, 7060]"
7061,"[0.75, 0.75, 0.75, 0.75, 0.75, 1.0]","[6954, 6955, 6956, 7049, 7060, 7061]"
7062,"[1.0, 1.0, 1.0, 1.0, 1.0, 1.0]","[31, 1274, 1277, 1279, 1353, 1361]"
7063,"[1.0, 1.0, 1.0, 1.0, 1.0, 1.0]","[33, 153, 155, 171, 194, 195]"
7064,"[0.75, 0.75, 0.75, 0.75, 1.0, 1.0]","[72, 93, 125, 133, 7054, 7064]"
7065,"[0.75, 0.75, 0.75, 1.0, 1.0, 1.0]","[93, 125, 133, 7065, 7066, 7067]"
7066,"[0.75, 0.75, 0.75, 1.0, 1.0, 1.0]","[93, 125, 133, 7065, 7066, 7067]"
7067,"[0.75, 0.75, 0.75, 1.0, 1.0, 1.0]","[93, 125, 133, 7065, 7066, 7067]"
7068,"[1.0, 0.75, 1.0, 1.0, 1.0, 1.0]","[705, 1276, 1644, 1647, 7057, 7068]"
7069,"[1.0, 1.0, 1.0, 1.0, 1.0, 1.0]","[1798, 3697, 5302, 7037, 7058, 7069]"
7070,"[0.75, 0.75, 0.75, 0.75, 0.75, 1.0]","[70, 72, 93, 125, 133, 7070]"
7071,"[0.75, 0.75, 0.75, 0.75, 0.75, 1.0]","[6969, 7022, 7031, 7041, 7070, 7071]"
7072,"[0.75, 0.75, 0.75, 0.75, 0.75, 1.0]","[33, 51, 61, 145, 146, 7072]"
7073,"[1.0, 1.0, 1.0, 1.0, 1.0, 1.0]","[6982, 6984, 6986, 7073, 7074, 7075]"
7074,"[1.0, 1.0, 1.0, 1.0, 1.0, 1.0]","[6982, 6984, 6986, 7073, 7074, 7075]"
7075,"[1.0, 1.0, 1.0, 1.0, 1.0, 1.0]","[6982, 6984, 6986, 7073, 7074, 7075]"
7076,"[0.75, 0.75, 0.75, 0.75, 0.75, 1.0]","[35, 47, 55, 58, 97, 7076]"
7077,"[0.75, 0.75, 0.75, 0.75, 0.75, 1.0]","[6981, 6983, 6985, 6987, 6988, 7077]"
7078,"[0.75, 0.75, 0.75, 0.75, 0.75, 1.0]","[35, 47, 55, 58, 97, 7078]"
7079,"[0.75, 0.75, 0.75, 0.75, 0.75, 1.0]","[6981, 6983, 6985, 6987, 6988, 7079]"
7080,"[0.75, 0.75, 0.75, 0.75, 0.75, 1.0]","[35, 47, 55, 58, 97, 7080]"
7081,"[0.75, 0.75, 0.75, 0.75, 0.75, 1.0]","[6981, 6983, 6985, 6987, 6988, 7081]"
7082,"[1.0, 1.0, 1.0, 1.0, 1.0, 1.0]","[7082, 7083, 7086, 7087, 7090, 7094]"
7083,"[1.0, 1.0, 1.0, 1.0, 1.0, 1.0]","[7082, 7083, 7086, 7087, 7090, 7094]"
7084,"[0.75, 0.75, 0.75, 0.75, 0.75, 1.0]","[35, 47, 55, 58, 97, 7084]"
7085,"[0.75, 0.75, 0.75, 0.75, 0.75, 1.0]","[6981, 6983, 6985, 6987, 6988, 7085]"
7086,"[1.0, 1.0, 1.0, 1.0, 1.0, 1.0]","[7082, 7083, 7086, 7087, 7090, 7094]"
7087,"[1.0, 1.0, 1.0, 1.0, 1.0, 1.0]","[7082, 7083, 7086, 7087, 7090, 7094]"
7088,"[0.75, 0.75, 0.75, 0.75, 1.0, 1.0]","[47, 55, 58, 97, 7088, 7092]"
7089,"[0.75, 0.75, 0.75, 0.75, 1.0, 1.0]","[6983, 6985, 6987, 6988, 7089, 7093]"
7090,"[1.0, 1.0, 1.0, 1.0, 1.0, 1.0]","[7082, 7083, 7086, 7087, 7090, 7094]"
7091,"[0.5, 0.5, 1.0, 1.0, 1.0, 1.0]","[4, 5, 7091, 7095, 7107, 7143]"
7092,"[0.75, 0.75, 0.75, 0.75, 1.0, 1.0]","[47, 55, 58, 97, 7088, 7092]"
7093,"[0.75, 0.75, 0.75, 0.75, 1.0, 1.0]","[6983, 6985, 6987, 6988, 7089, 7093]"
7094,"[1.0, 1.0, 1.0, 1.0, 1.0, 1.0]","[7082, 7083, 7086, 7087, 7090, 7094]"
7095,"[0.5, 0.5, 1.0, 1.0, 1.0, 1.0]","[4, 5, 7091, 7095, 7107, 7143]"
7096,"[0.75, 0.75, 0.75, 0.75, 1.0, 1.0]","[6983, 6985, 6987, 6988, 7096, 7098]"
7097,"[0.75, 0.75, 0.75, 0.75, 0.75, 1.0]","[35, 47, 55, 58, 97, 7097]"
7098,"[0.75, 0.75, 0.75, 0.75, 1.0, 1.0]","[6983, 6985, 6987, 6988, 7096, 7098]"
7099,"[0.75, 0.75, 0.75, 0.75, 1.0, 1.0]","[2, 7, 10, 11, 4738, 7099]"
7100,"[1.0, 1.0, 1.0, 1.0, 1.0, 1.0]","[6982, 6984, 6986, 7073, 7074, 7075]"
7101,"[1.0, 1.0, 1.0, 1.0, 1.0, 1.0]","[3524, 7020, 7028, 7029, 7030, 7101]"
7102,"[0.75, 0.75, 1.0, 1.0, 1.0, 1.0]","[58, 97, 7102, 7103, 7104, 7105]"
7103,"[0.75, 0.75, 1.0, 1.0, 1.0, 1.0]","[58, 97, 7102, 7103, 7104, 7105]"
7104,"[0.75, 0.75, 1.0, 1.0, 1.0, 1.0]","[58, 97, 7102, 7103, 7104, 7105]"
7105,"[0.75, 0.75, 1.0, 1.0, 1.0, 1.0]","[58, 97, 7102, 7103, 7104, 7105]"
7106,"[1.0, 1.0, 1.0, 1.0, 1.0, 1.0]","[33, 153, 155, 171, 194, 195]"
7107,"[0.5, 0.5, 1.0, 1.0, 1.0, 1.0]","[4, 5, 7091, 7095, 7107, 7143]"
7108,"[1.0, 1.0, 1.0, 1.0, 1.0, 1.0]","[7082, 7083, 7086, 7087, 7090, 7094]"
7109,"[1.0, 1.0, 1.0, 1.0, 1.0, 1.0]","[33, 153, 155, 171, 194, 195]"
7110,"[1.0, 1.0, 1.0, 1.0, 1.0, 1.0]","[33, 153, 155, 171, 194, 195]"
7111,"[1.0, 1.0, 1.0, 1.0, 1.0, 1.0]","[33, 153, 155, 171, 194, 195]"
7112,"[1.0, 1.0, 1.0, 1.0, 1.0, 1.0]","[33, 153, 155, 171, 194, 195]"
7113,"[0.5, 0.5, 0.5, 0.5, 0.5, 1.0]","[229, 249, 290, 571, 6150, 7113]"
7114,"[0.75, 0.75, 0.75, 0.75, 1.0, 1.0]","[6980, 7020, 7021, 7028, 7114, 7115]"
7115,"[0.75, 0.75, 0.75, 0.75, 1.0, 1.0]","[6980, 7020, 7021, 7028, 7114, 7115]"
7116,"[0.75, 0.75, 0.75, 0.75, 1.0, 1.0]","[169, 181, 187, 219, 7116, 7117]"
7117,"[0.75, 0.75, 0.75, 0.75, 1.0, 1.0]","[169, 181, 187, 219, 7116, 7117]"
7118,"[0.75, 0.75, 0.75, 0.75, 1.0, 1.0]","[47, 55, 58, 97, 7118, 7119]"
7119,"[0.75, 0.75, 0.75, 0.75, 1.0, 1.0]","[47, 55, 58, 97, 7118, 7119]"
7120,"[0.75, 0.75, 0.75, 0.75, 1.0, 1.0]","[6980, 7020, 7021, 7028, 7120, 7121]"
7121,"[0.75, 0.75, 0.75, 0.75, 1.0, 1.0]","[6980, 7020, 7021, 7028, 7120, 7121]"
7122,"[0.75, 0.75, 0.75, 0.75, 1.0, 1.0]","[6980, 7020, 7021, 7028, 7122, 7125]"
7123,"[0.75, 0.75, 0.75, 0.75, 1.0, 1.0]","[169, 181, 187, 219, 7123, 7124]"
7124,"[0.75, 0.75, 0.75, 0.75, 1.0, 1.0]","[169, 181, 187, 219, 7123, 7124]"
7125,"[0.75, 0.75, 0.75, 0.75, 1.0, 1.0]","[6980, 7020, 7021, 7028, 7122, 7125]"
7126,"[0.75, 0.75, 0.75, 0.75, 1.0, 1.0]","[169, 181, 187, 219, 7126, 7127]"
7127,"[0.75, 0.75, 0.75, 0.75, 1.0, 1.0]","[169, 181, 187, 219, 7126, 7127]"
7128,"[1.0, 1.0, 1.0, 1.0, 1.0, 1.0]","[298, 821, 825, 1523, 1530, 1563]"
7129,"[0.75, 0.75, 0.75, 0.75, 0.75, 1.0]","[161, 169, 181, 187, 219, 7129]"
7130,"[0.75, 0.75, 0.75, 0.75, 0.75, 1.0]","[6959, 6980, 7020, 7021, 7028, 7130]"
7131,"[1.0, 1.0, 1.0, 1.0, 1.0, 1.0]","[3524, 7020, 7028, 7029, 7030, 7101]"
7132,"[0.75, 0.75, 0.75, 0.75, 0.75, 1.0]","[6959, 6980, 7020, 7021, 7028, 7132]"
7133,"[0.75, 0.75, 1.0, 0.75, 0.75, 0.75]","[6957, 7132, 7133, 7135, 7136, 7137]"
7134,"[1.0, 1.0, 1.0, 1.0, 1.0, 1.0]","[33, 153, 155, 171, 194, 195]"
7135,"[0.75, 0.75, 1.0, 1.0, 0.75, 0.75]","[6957, 7133, 7135, 7136, 7137, 7139]"
7136,"[0.75, 0.75, 1.0, 1.0, 0.75, 0.75]","[6957, 7133, 7135, 7136, 7137, 7139]"
7137,"[0.75, 0.75, 0.75, 0.75, 1.0, 0.75]","[6957, 7133, 7135, 7136, 7137, 7138]"
7138,"[0.75, 0.75, 0.75, 0.75, 0.75, 1.0]","[6959, 6980, 7020, 7021, 7028, 7138]"
7139,"[0.75, 0.75, 0.75, 0.75, 0.75, 1.0]","[6957, 7133, 7135, 7136, 7137, 7139]"
7140,"[0.75, 0.75, 0.75, 0.75, 0.75, 1.0]","[34, 35, 55, 74, 75, 7140]"
7141,"[1.0, 1.0, 1.0, 1.0, 1.0, 1.0]","[298, 821, 825, 1523, 1530, 1563]"
7142,"[0.75, 0.75, 0.75, 0.75, 0.75, 1.0]","[34, 35, 55, 74, 75, 7142]"
7143,"[0.5, 0.5, 1.0, 1.0, 1.0, 1.0]","[4, 5, 7091, 7095, 7107, 7143]"
