file,line,source 1,source 2,source 3
bldcsndfa.c,1002,function_0,global_0,N/A
bldcsndfa.c,1033,function_-1,global_2,N/A
bldcsndfa.c,1046,function_0,global_0,N/A
bldcsndfa.c,1062+++,function_1,global_1,N/A
bldcsndfa.c,1062++,function_1,global_1,N/A
bldcsndfa.c,1062+,function_1,global_1,N/A
bldcsndfa.c,1062,function_1,global_1,N/A
bldcsndfa.c,1089,function_0,global_0,N/A
bldcsndfa.c,1094,function_2,global_1,N/A
bldcsndfa.c,1113,global_6,global_5,N/A
bldcsndfa.c,1122,function_0,global_0,N/A
bldcsndfa.c,1139,function_0,global_0,N/A
bldcsndfa.c,1155,function_0,global_0,N/A
bldcsndfa.c,1262,function_3,global_1,N/A
bldcsndfa.c,1321,global_1,global_1,global_1
bldcsndfa.c,1397,global_6,global_10,N/A
bldcsndfa.c,1437,global_6,global_10,N/A
bldcsndfa.c,1509,function_3,global_1,N/A
bldcsndfa.c,1546,function_3,global_1,N/A
bldcsndfa.c,1581,function_3,global_1,N/A
bldcsndfa.c,1595,global_1,global_1,N/A
bldcsndfa.c,1604,global_6,global_10,N/A
bldcsndfa.c,1669,argument_-1,global_12,N/A
bldcsndfa.c,1789,global_6,global_10,N/A
bldcsndfa.c,1792,global_1,global_1,N/A
bldcsndfa.c,1812,global_6,global_10,N/A
bldcsndfa.c,1816,global_1,global_1,N/A
bldcsndfa.c,1834,global_6,global_10,N/A
bldcsndfa.c,1838,global_1,global_1,N/A
bldcsndfa.c,1854,global_6,global_10,N/A
bldcsndfa.c,1859,global_1,global_1,N/A
bldcsndfa.c,1885,argument_0,global_1,N/A
bldcsndfa.c,1928,function_5,global_14,N/A
bldcsndfa.c,1943,function_-1,global_1,N/A
bldcsndfa.c,237,argument_-1,global_7,N/A
bldcsndfa.c,267,argument_-1,global_1,N/A
bldcsndfa.c,386,function_6,global_7,N/A
bldcsndfa.c,395,function_7,global_1,N/A
bldcsndfa.c,496,argument_1,global_10,N/A
bldcsndfa.c,499,argument_1,global_10,N/A
bldcsndfa.c,504,argument_1,global_10,N/A
bldcsndfa.c,511,argument_1,global_10,N/A
bldcsndfa.c,542++,argument_2,global_10,N/A
bldcsndfa.c,545,argument_2,global_10,N/A
bldcsndfa.c,574,function_8,global_1,N/A
bldcsndfa.c,576,function_8,global_1,N/A
bldcsndfa.c,593,argument_3,global_-1,N/A
bldcsndfa.c,675,argument_4,global_1,N/A
bldcsndfa.c,676+,argument_4,argument_4,N/A
bldcsndfa.c,676,argument_4,global_10,N/A
bldcsndfa.c,681,argument_4,global_10,N/A
bldcsndfa.c,685,function_-1,global_9,N/A
bldcsndfa.c,694,argument_4,global_10,N/A
bldcsndfa.c,701,argument_4,global_10,N/A
bldcsndfa.c,706,argument_4,global_10,N/A
bldcsndfa.c,774,argument_-1,global_1,N/A
bldcsndfa.c,778,function_8,global_1,N/A
bldcsndfa.c,806,argument_-1,global_1,global_1
bldcsndfa.c,820,argument_5,global_1,N/A
bldcsndfa.c,825,function_-1,argument_5,N/A
bldcsndfa.c,859,function_9,global_7,N/A
bldcsndfa.c,884,function_-1,global_2,N/A
bldcsndfa.c,892,function_0,global_0,N/A
bldcsndfa.c,908,function_10,global_1,N/A
bldcsndfa.c,909,function_10,global_1,N/A
bldcsndfa.c,918,global_6,global_5,N/A
bldcsndfa.c,929,function_10,global_1,N/A
bldcsndfa.c,953,global_6,global_5,N/A
bldcsndfa.c,971,function_0,global_0,N/A
buf.c,1008,argument_6,global_15,N/A
buf.c,1012,argument_6,global_7,N/A
buf.c,1030,argument_7,global_15,N/A
buf.c,1034,argument_7,global_7,N/A
buf.c,1043,function_11,global_1,N/A
buf.c,1068,argument_-1,global_15,N/A
buf.c,1089,argument_-1,global_15,N/A
buf.c,110,argument_-1,global_15,N/A
buf.c,1113,argument_8,global_15,N/A
buf.c,1118,function_12,global_7,N/A
buf.c,1119,function_12,global_7,N/A
buf.c,1170,argument_-1,global_16,N/A
buf.c,1207,argument_-1,global_15,N/A
buf.c,1260,argument_9,global_15,N/A
buf.c,1265,argument_9,global_16,N/A
buf.c,1284+,argument_10,global_15,N/A
buf.c,1284,argument_10,global_17,N/A
buf.c,1305+,argument_11,global_15,N/A
buf.c,1305,argument_11,global_17,N/A
buf.c,1335+,argument_12,global_15,N/A
buf.c,1335,argument_12,global_17,N/A
buf.c,169,argument_-1,global_12,N/A
buf.c,199,argument_-1,global_15,N/A
buf.c,234+,argument_13,global_12,N/A
buf.c,234,argument_13,global_7,N/A
buf.c,242,argument_13,global_12,N/A
buf.c,268,argument_-1,global_15,N/A
buf.c,290,argument_14,global_15,N/A
buf.c,300,argument_14,global_1,N/A
buf.c,301,argument_14,global_1,N/A
buf.c,302,argument_14,global_1,N/A
buf.c,303,argument_14,global_1,N/A
buf.c,304,argument_14,global_1,N/A
buf.c,314,argument_14,global_1,N/A
buf.c,330,argument_-1,global_15,N/A
buf.c,356,argument_-1,global_15,N/A
buf.c,389,argument_15,global_15,N/A
buf.c,391,argument_15,global_12,N/A
buf.c,441,argument_16,global_15,N/A
buf.c,512+,argument_17,global_1,N/A
buf.c,512,argument_17,global_15,N/A
buf.c,513,argument_17,global_1,N/A
buf.c,532,argument_-1,global_15,N/A
buf.c,551,argument_18,global_15,N/A
buf.c,566,argument_18,global_14,N/A
buf.c,584,argument_-1,global_15,N/A
buf.c,602,argument_-1,global_15,N/A
buf.c,622,argument_19,global_15,N/A
buf.c,647,argument_20,global_15,N/A
buf.c,670,argument_-1,global_15,N/A
buf.c,689,argument_-1,global_15,N/A
buf.c,710,argument_-1,global_15,N/A
buf.c,728,argument_-1,global_15,N/A
buf.c,751,argument_21,global_15,N/A
buf.c,760,argument_21,global_12,N/A
buf.c,871+,argument_22,global_15,N/A
buf.c,871,argument_22,global_7,N/A
buf.c,876,argument_22,global_1,N/A
buf.c,883,argument_22,global_1,N/A
buf.c,885,argument_22,global_1,N/A
buf.c,888,argument_22,global_1,N/A
buf.c,889,argument_22,global_1,N/A
buf.c,902,function_11,global_1,N/A
buf.c,931,argument_23,global_15,N/A
buf.c,935,argument_23,global_7,N/A
buf.c,942,argument_23,global_1,N/A
buf.c,949,argument_23,global_1,N/A
buf.c,95,argument_-1,global_15,N/A
buf.c,951,argument_23,global_1,N/A
buf.c,954,argument_23,global_1,N/A
buf.c,982,function_11,global_1,N/A
c14n.c,1010+,argument_24,global_18,N/A
c14n.c,1010,argument_24,global_19,N/A
c14n.c,1026,function_13,global_18,N/A
c14n.c,1029,function_14,global_7,N/A
c14n.c,1039,function_15,global_1,N/A
c14n.c,1041,function_-1,global_7,N/A
c14n.c,1054,function_-1,global_7,N/A
c14n.c,1073+,function_16,global_1,N/A
c14n.c,1080,function_13,global_18,N/A
c14n.c,1137+,argument_25,global_8,N/A
c14n.c,1137,argument_25,global_19,N/A
c14n.c,1146,function_17,global_20,N/A
c14n.c,1179,argument_25,global_1,N/A
c14n.c,1192,function_-1,global_1,N/A
c14n.c,1193,function_-1,global_7,N/A
c14n.c,1259+,function_-1,global_1,N/A
c14n.c,1259,argument_25,global_1,N/A
c14n.c,1268++,function_16,global_1,N/A
c14n.c,1272++,function_16,global_1,N/A
c14n.c,1278++,function_16,global_1,N/A
c14n.c,1294,argument_25,global_1,N/A
c14n.c,1358+,argument_26,global_8,N/A
c14n.c,1358,argument_26,global_19,N/A
c14n.c,1365,function_15,global_1,N/A
c14n.c,1369,function_18,global_22,N/A
c14n.c,1373,function_15,global_1,N/A
c14n.c,1378,function_19,global_1,N/A
c14n.c,1379,function_19,global_1,N/A
c14n.c,1380,function_15,global_1,N/A
c14n.c,1422+,argument_27,global_8,N/A
c14n.c,1422,argument_27,global_19,N/A
c14n.c,1432,function_-1,global_1,N/A
c14n.c,1444,argument_27,global_1,N/A
c14n.c,1453+,function_15,global_1,N/A
c14n.c,1466,function_20,global_1,N/A
c14n.c,1471,argument_27,global_1,N/A
c14n.c,1476,function_20,global_1,N/A
c14n.c,1481,argument_27,global_1,N/A
c14n.c,1486,function_20,global_1,N/A
c14n.c,1491,argument_27,global_1,N/A
c14n.c,1493+,function_15,global_1,N/A
c14n.c,1529+,argument_28,global_8,N/A
c14n.c,1529,argument_28,global_19,N/A
c14n.c,1554,function_21,global_7,N/A
c14n.c,1593,function_21,global_7,N/A
c14n.c,1638,function_21,global_7,N/A
c14n.c,1719,argument_28,global_19,N/A
c14n.c,1724,argument_28,global_8,N/A
c14n.c,1741,argument_-1,global_19,N/A
c14n.c,1781+,argument_29,global_24,N/A
c14n.c,1781,argument_29,global_2,N/A
c14n.c,1876+,argument_30,global_2,N/A
c14n.c,1876,argument_30,global_24,N/A
c14n.c,1906,function_-1,global_19,N/A
c14n.c,1924,function_-1,global_1,N/A
c14n.c,1935,function_-1,global_1,N/A
c14n.c,2012,argument_31,global_26,N/A
c14n.c,2023,function_-1,global_24,N/A
c14n.c,2033,function_22,global_1,N/A
c14n.c,2040,function_22,global_1,N/A
c14n.c,2045+,function_22,global_1,N/A
c14n.c,2045,argument_31,global_7,N/A
c14n.c,2083,argument_-1,global_7,N/A
c14n.c,2096,function_23,global_24,N/A
c14n.c,2106,function_22,global_1,N/A
c14n.c,2155,argument_32,global_7,N/A
c14n.c,2177+,argument_32,global_1,N/A
c14n.c,2178,argument_32,global_1,N/A
c14n.c,2183+,argument_32,global_1,N/A
c14n.c,2188+,argument_32,global_1,N/A
c14n.c,2189,argument_32,global_1,N/A
c14n.c,2195+,argument_32,global_1,N/A
c14n.c,2202+,argument_32,global_1,N/A
c14n.c,2208+,argument_32,global_1,N/A
c14n.c,2214+,argument_32,global_1,N/A
c14n.c,2215,argument_32,global_1,N/A
c14n.c,2216,argument_32,global_1,N/A
c14n.c,2217,argument_32,global_1,N/A
c14n.c,239,argument_-1,global_19,N/A
c14n.c,256+,argument_33,global_8,N/A
c14n.c,256,argument_33,global_3,N/A
c14n.c,265,argument_33,global_8,N/A
c14n.c,296,argument_-1,global_23,N/A
c14n.c,315,argument_34,global_23,N/A
c14n.c,361+,argument_34,global_23,N/A
c14n.c,361,argument_34,global_23,N/A
c14n.c,373+,argument_34,global_23,N/A
c14n.c,373,argument_34,global_23,N/A
c14n.c,384,argument_-1,global_23,N/A
c14n.c,394,argument_35,argument_35,N/A
c14n.c,395,argument_35,global_7,N/A
c14n.c,396,argument_35,global_7,N/A
c14n.c,399,argument_35,global_28,N/A
c14n.c,420,argument_36,global_23,N/A
c14n.c,429,argument_36,global_21,N/A
c14n.c,430,argument_36,global_21,N/A
c14n.c,431+,function_24,global_1,N/A
c14n.c,431,function_24,global_1,N/A
c14n.c,438+,function_24,global_1,N/A
c14n.c,453,argument_37,global_23,N/A
c14n.c,462,argument_37,global_21,N/A
c14n.c,463,argument_37,global_21,N/A
c14n.c,464+,function_24,global_1,N/A
c14n.c,464,function_24,global_1,N/A
c14n.c,471+,function_24,global_1,N/A
c14n.c,472+,function_24,global_1,N/A
c14n.c,500,argument_-1,global_21,N/A
c14n.c,501+,function_16,global_1,N/A
c14n.c,501,function_16,global_1,N/A
c14n.c,518,argument_38,argument_38,N/A
c14n.c,520,argument_38,global_21,N/A
c14n.c,522,argument_38,global_21,N/A
c14n.c,542+,argument_39,global_19,N/A
c14n.c,542,argument_39,global_21,N/A
c14n.c,610+,argument_40,global_8,N/A
c14n.c,610,argument_40,global_19,N/A
c14n.c,619,function_17,global_20,N/A
c14n.c,629+,function_25,global_1,N/A
c14n.c,631,argument_40,global_1,N/A
c14n.c,634,function_27,global_1,N/A
c14n.c,637,function_15,global_1,N/A
c14n.c,653,argument_40,global_1,N/A
c14n.c,657,function_27,global_1,N/A
c14n.c,717+,argument_41,global_8,N/A
c14n.c,717,argument_41,global_19,N/A
c14n.c,732,function_17,global_20,N/A
c14n.c,751,function_16,global_1,N/A
c14n.c,752,function_16,global_1,N/A
c14n.c,758+,function_25,global_1,N/A
c14n.c,758,function_26,global_21,N/A
c14n.c,760,argument_41,global_1,N/A
c14n.c,763,function_27,global_1,N/A
c14n.c,766,function_15,global_1,N/A
c14n.c,780+,function_25,global_1,N/A
c14n.c,780,function_26,global_21,N/A
c14n.c,781,argument_41,global_1,N/A
c14n.c,782,function_-1,global_1,N/A
c14n.c,786,argument_41,global_1,N/A
c14n.c,789,function_15,global_1,N/A
c14n.c,802+,function_25,global_1,N/A
c14n.c,805+,argument_41,global_1,N/A
c14n.c,805,function_27,global_1,N/A
c14n.c,808,function_15,global_1,N/A
c14n.c,811++,function_15,global_1,N/A
c14n.c,811+,function_15,global_1,N/A
c14n.c,819,argument_41,global_1,N/A
c14n.c,826,function_27,global_1,N/A
c14n.c,829,argument_41,global_1,N/A
c14n.c,833,function_27,global_1,N/A
c14n.c,868,function_25,global_1,N/A
c14n.c,889,argument_42,argument_42,N/A
c14n.c,891,argument_42,global_18,N/A
c14n.c,893,argument_42,global_18,N/A
c14n.c,939+,argument_43,global_19,N/A
c14n.c,939,argument_43,global_18,N/A
c14n.c,945+,function_15,global_1,N/A
c14n.c,955,function_14,global_7,N/A
c14n.c,958,function_21,global_7,N/A
c14n.c,981,argument_-1,global_8,N/A
c14n.c,983,function_13,global_18,N/A
catalog.c,2331+,argument_44,global_7,N/A
catalog.c,2331,argument_44,global_7,N/A
catalog.c,2335,argument_44,global_7,N/A
catalog.c,2649,function_-1,global_7,N/A
catalog.c,2653,function_-1,global_29,N/A
catalog.c,2660,function_-1,global_1,N/A
catalog.c,328,argument_-1,global_30,N/A
catalog.c,337,global_6,global_1,N/A
catalog.c,368,argument_-1,global_30,N/A
catalog.c,438,argument_-1,global_29,N/A
catalog.c,727+,argument_45,global_29,N/A
catalog.c,727,argument_45,global_30,N/A
catalog.c,793,argument_-1,global_29,N/A
catalog.c,796,global_6,global_1,N/A
catalog.c,896,function_28,global_32,N/A
catalog.c,898,global_33,global_33,N/A
catalog.c,906,function_-1,global_34,N/A
catalog.c,912,function_-1,global_17,N/A
catalog.c,970,argument_-1,global_7,N/A
catalog.c,974,function_29,global_1,N/A
catalog.c,979,function_7,global_1,N/A
chvalid.c,173,argument_46,global_-1,N/A
chvalid.c,174,argument_46,global_1,N/A
chvalid.c,227,argument_-1,global_1,N/A
debugXML.c,1351,argument_47,global_14,N/A
debugXML.c,1353,argument_47,global_7,N/A
dict.c,1006,function_8,global_1,N/A
dict.c,1036,function_8,global_1,N/A
dict.c,1048,function_8,global_1,N/A
dict.c,1081+,argument_48,global_7,N/A
dict.c,1081,argument_48,global_35,N/A
dict.c,1083,argument_48,global_7,N/A
dict.c,1093,argument_48,global_7,N/A
dict.c,1101,function_30,global_1,N/A
dict.c,1106,function_30,global_1,N/A
dict.c,1118,argument_48,global_7,N/A
dict.c,1128,function_30,global_1,N/A
dict.c,1133,function_30,global_1,N/A
dict.c,1140,function_-1,global_7,N/A
dict.c,1160,global_12,global_12,N/A
dict.c,1182+,argument_49,global_7,N/A
dict.c,1182,argument_49,global_35,N/A
dict.c,1206,argument_-1,global_35,N/A
dict.c,1227,argument_-1,global_35,N/A
dict.c,1248,argument_-1,global_35,N/A
dict.c,176,global_6,global_1,N/A
dict.c,179,function_-1,global_-1,N/A
dict.c,200,global_6,global_1,N/A
dict.c,222,global_6,global_1,N/A
dict.c,313,argument_-1,global_7,N/A
dict.c,379+,argument_50,global_7,N/A
dict.c,379,argument_50,global_1,N/A
dict.c,424,global_1,argument_51,N/A
dict.c,447,argument_52,global_7,N/A
dict.c,450,argument_52,global_1,N/A
dict.c,483,argument_53,global_1,N/A
dict.c,488,argument_53,global_1,N/A
dict.c,491,argument_53,global_1,N/A
dict.c,508,argument_53,global_1,N/A
dict.c,539,global_6,global_1,N/A
dict.c,540,function_31,global_1,N/A
dict.c,586+,argument_-1,global_35,N/A
dict.c,586,function_-1,global_35,N/A
dict.c,607,global_6,global_1,N/A
dict.c,608,function_31,global_1,N/A
dict.c,611,argument_-1,global_35,N/A
dict.c,639,argument_54,global_35,N/A
dict.c,641,argument_54,global_12,N/A
dict.c,643,argument_54,global_12,N/A
dict.c,675,global_1,global_1,N/A
dict.c,718,global_1,global_1,N/A
dict.c,768,argument_-1,global_35,N/A
dict.c,771,global_6,global_1,N/A
dict.c,772,function_31,global_1,N/A
dict.c,833+,argument_55,global_7,N/A
dict.c,833,argument_55,global_35,N/A
dict.c,836,argument_55,global_1,N/A
dict.c,857,function_8,global_1,N/A
dict.c,869,function_8,global_1,N/A
dict.c,899,function_8,global_1,N/A
dict.c,911,function_8,global_1,N/A
dict.c,924,function_-1,global_7,N/A
dict.c,945,global_12,global_12,N/A
dict.c,947,function_-1,global_1,N/A
dict.c,971+,argument_56,global_7,N/A
dict.c,971,argument_56,global_35,N/A
dict.c,974,argument_56,global_1,N/A
dict.c,994,function_8,global_1,N/A
DOCBparser.c,117,global_6,global_1,N/A
DOCBparser.c,152,global_6,global_1,N/A
DOCBparser.c,183,global_6,global_1,N/A
DOCBparser.c,209,global_6,global_1,N/A
DOCBparser.c,236,global_6,global_1,N/A
DOCBparser.c,268,global_6,global_1,N/A
DOCBparser.c,295,global_6,global_1,N/A
DOCBparser.c,45,global_6,global_1,N/A
DOCBparser.c,69,global_6,global_1,N/A
DOCBparser.c,90,global_6,global_1,N/A
encoding.c,1014,argument_-1,global_7,N/A
encoding.c,1017,global_6,global_-1,N/A
encoding.c,1029,global_1,global_6,N/A
encoding.c,1030,function_32,global_1,N/A
encoding.c,1052+,argument_57,global_7,N/A
encoding.c,1052,argument_57,global_7,N/A
encoding.c,1061,global_6,global_-1,N/A
encoding.c,1066,global_6,global_-1,N/A
encoding.c,1068,global_6,global_6,N/A
encoding.c,1077,global_1,global_6,N/A
encoding.c,1078,function_32,global_1,N/A
encoding.c,1108,argument_-1,global_7,N/A
encoding.c,1111,global_6,global_-1,N/A
encoding.c,1117,function_32,global_1,N/A
encoding.c,1147,argument_-1,global_7,N/A
encoding.c,1154,function_33,global_7,N/A
encoding.c,1163,function_32,global_1,N/A
encoding.c,1164,function_32,global_1,N/A
encoding.c,1165,function_32,global_1,N/A
encoding.c,1171,function_32,global_1,N/A
encoding.c,1172,function_32,global_1,N/A
encoding.c,1174,function_32,global_1,N/A
encoding.c,1175,function_32,global_1,N/A
encoding.c,1176,function_32,global_1,N/A
encoding.c,1182,function_32,global_1,N/A
encoding.c,1183,function_32,global_1,N/A
encoding.c,1184,function_32,global_1,N/A
encoding.c,1187,function_32,global_1,N/A
encoding.c,1188,function_32,global_1,N/A
encoding.c,1189,function_32,global_1,N/A
encoding.c,1191,function_32,global_1,N/A
encoding.c,1192,function_32,global_1,N/A
encoding.c,1193,function_32,global_1,N/A
encoding.c,1195,function_32,global_1,N/A
encoding.c,1196,function_32,global_1,N/A
encoding.c,1197,function_32,global_1,N/A
encoding.c,1198,function_32,global_1,N/A
encoding.c,1199,function_32,global_1,N/A
encoding.c,1200,function_32,global_1,N/A
encoding.c,1201,function_32,global_1,N/A
encoding.c,1203,function_32,global_1,N/A
encoding.c,1204,function_32,global_1,N/A
encoding.c,1205,function_32,global_1,N/A
encoding.c,1322,function_33,global_7,N/A
encoding.c,1328,argument_-1,global_7,N/A
encoding.c,1392,global_6,global_38,N/A
encoding.c,1404,global_6,global_38,N/A
encoding.c,1449,global_6,global_38,N/A
encoding.c,1451,global_6,global_1,N/A
encoding.c,1473,global_6,global_38,N/A
encoding.c,1474+,global_6,global_38,N/A
encoding.c,1474,argument_-1,global_25,N/A
encoding.c,1480,global_6,global_1,N/A
encoding.c,1501,global_6,global_38,N/A
encoding.c,1515,function_34,global_25,N/A
encoding.c,1517,function_34,global_25,N/A
encoding.c,1519,function_34,global_25,N/A
encoding.c,1521,function_34,global_25,N/A
encoding.c,1525,function_34,global_25,N/A
encoding.c,1527,function_34,global_25,N/A
encoding.c,1529,function_34,global_25,N/A
encoding.c,1533,function_34,global_25,N/A
encoding.c,1535,function_34,global_25,N/A
encoding.c,1537,function_34,global_25,N/A
encoding.c,1545,function_34,global_25,N/A
encoding.c,1547,function_34,global_25,N/A
encoding.c,1549,function_34,global_25,N/A
encoding.c,1560,function_34,global_25,N/A
encoding.c,1564,function_34,global_25,N/A
encoding.c,1568,function_34,global_25,N/A
encoding.c,1572,function_34,global_25,N/A
encoding.c,1576,function_34,global_25,N/A
encoding.c,1580,function_34,global_25,N/A
encoding.c,1584,function_34,global_25,N/A
encoding.c,1588,function_34,global_25,N/A
encoding.c,1592,function_34,global_25,N/A
encoding.c,1598,function_34,global_25,N/A
encoding.c,1602,function_34,global_25,N/A
encoding.c,1604,function_34,global_25,N/A
encoding.c,1606,function_34,global_25,N/A
encoding.c,1610,function_34,global_25,N/A
encoding.c,1647,global_6,global_38,N/A
encoding.c,1648,argument_-1,global_7,N/A
encoding.c,1656,function_33,global_7,N/A
encoding.c,1668,global_6,global_38,N/A
encoding.c,1669,global_1,global_6,N/A
encoding.c,1670,function_32,global_1,N/A
encoding.c,1684,function_35,global_13,N/A
encoding.c,1687,function_35,global_13,N/A
encoding.c,1690+,function_35,global_13,N/A
encoding.c,1690,function_35,global_13,N/A
encoding.c,1709+,function_35,global_13,N/A
encoding.c,1709,function_35,global_13,N/A
encoding.c,1754,function_36,global_1,N/A
encoding.c,1757+,function_32,global_1,N/A
encoding.c,1757,function_-1,global_7,N/A
encoding.c,1799+++,argument_58,global_7,N/A
encoding.c,1799++,argument_58,global_26,N/A
encoding.c,1799+,argument_58,global_26,N/A
encoding.c,1799,argument_58,global_7,N/A
encoding.c,1800,argument_58,global_26,N/A
encoding.c,1810,function_37,global_1,N/A
encoding.c,1815,function_37,global_1,N/A
encoding.c,1820,function_37,global_1,N/A
encoding.c,1929,argument_60,global_25,N/A
encoding.c,1930,argument_60,global_16,N/A
encoding.c,1931,argument_60,global_16,N/A
encoding.c,1944,argument_60,global_1,N/A
encoding.c,1970,global_1,global_1,N/A
encoding.c,2009,global_1,global_1,N/A
encoding.c,2010,global_1,global_1,N/A
encoding.c,2060,argument_61,global_34,N/A
encoding.c,2067,function_38,global_12,N/A
encoding.c,2078,argument_61,global_1,N/A
encoding.c,2082,function_38,global_12,N/A
encoding.c,2085,function_38,global_12,function_39
encoding.c,2089,function_40,global_12,global_12
encoding.c,2106,global_1,global_1,N/A
encoding.c,2158,global_1,global_1,N/A
encoding.c,2159,global_1,global_1,N/A
encoding.c,2186,argument_62,global_34,N/A
encoding.c,2193,function_38,global_12,N/A
encoding.c,2195+,argument_62,global_1,N/A
encoding.c,2195,function_38,global_12,N/A
encoding.c,2198,function_40,global_12,N/A
encoding.c,2200,function_38,global_12,function_39
encoding.c,2203,function_40,global_12,N/A
encoding.c,2206+,argument_62,global_1,N/A
encoding.c,2206,function_40,global_12,N/A
encoding.c,2223,global_1,global_1,N/A
encoding.c,2275,global_1,global_1,N/A
encoding.c,230++,argument_63,global_26,N/A
encoding.c,230+,argument_63,global_26,N/A
encoding.c,230,argument_63,global_7,N/A
encoding.c,2301,argument_64,global_25,N/A
encoding.c,2303,argument_64,global_16,N/A
encoding.c,2305,argument_64,global_16,N/A
encoding.c,231,argument_63,global_7,N/A
encoding.c,2330,global_1,global_1,N/A
encoding.c,2382,global_1,global_1,N/A
encoding.c,2418,argument_65,global_24,N/A
encoding.c,2427,function_40,global_12,N/A
encoding.c,2433,argument_65,global_1,N/A
encoding.c,2439,global_1,global_1,N/A
encoding.c,2467,function_38,global_12,N/A
encoding.c,2469,function_38,global_12,N/A
encoding.c,2471,function_38,global_12,function_39
encoding.c,2475,function_40,global_12,N/A
encoding.c,2496,global_1,global_1,N/A
encoding.c,2533,global_1,global_1,N/A
encoding.c,2576,function_41,global_1,N/A
encoding.c,2608,function_42,global_1,N/A
encoding.c,2646,argument_66,global_25,N/A
encoding.c,2647,argument_66,global_16,N/A
encoding.c,2659,argument_66,global_16,N/A
encoding.c,2664,global_1,global_1,N/A
encoding.c,2721,global_1,global_1,N/A
encoding.c,2760,global_1,global_1,N/A
encoding.c,2803,function_41,global_1,N/A
encoding.c,2858,argument_67,global_25,N/A
encoding.c,2860,global_6,global_38,N/A
encoding.c,2877,function_-1,global_1,N/A
encoding.c,2882,function_-1,global_1,N/A
encoding.c,2939,argument_-1,global_32,N/A
encoding.c,2975,global_1,global_1,N/A
encoding.c,312+++,argument_68,global_26,N/A
encoding.c,312++,argument_68,global_26,N/A
encoding.c,312+,argument_68,global_7,N/A
encoding.c,312,argument_68,global_7,N/A
encoding.c,357+++,argument_69,global_26,N/A
encoding.c,357++,argument_69,global_26,N/A
encoding.c,357+,argument_69,global_7,N/A
encoding.c,357,argument_69,global_7,N/A
encoding.c,359,argument_69,argument_69,N/A
encoding.c,364,argument_69,global_1,N/A
encoding.c,403++,argument_70,global_26,N/A
encoding.c,403+,argument_70,global_26,N/A
encoding.c,403,argument_70,global_7,N/A
encoding.c,404,argument_70,global_7,N/A
encoding.c,497,argument_71,global_1,global_1
encoding.c,502,global_6,global_1,N/A
encoding.c,514,global_6,global_1,N/A
encoding.c,543,global_1,global_1,N/A
encoding.c,585++,argument_72,global_26,N/A
encoding.c,585+,argument_72,global_26,N/A
encoding.c,586,argument_72,global_7,N/A
encoding.c,626,global_6,global_1,N/A
encoding.c,639,global_6,global_1,N/A
encoding.c,682,argument_73,global_7,N/A
encoding.c,686,argument_73,global_1,N/A
encoding.c,735,argument_74,global_1,global_1
encoding.c,740,global_6,global_1,N/A
encoding.c,755,global_6,global_1,N/A
encoding.c,785,global_1,global_1,N/A
encoding.c,827++,argument_75,global_26,N/A
encoding.c,827+,argument_75,global_26,N/A
encoding.c,827,argument_75,global_7,N/A
encoding.c,828,argument_75,global_7,N/A
encoding.c,866,global_6,global_1,N/A
encoding.c,878,global_6,global_1,N/A
encoding.c,925,argument_76,global_7,N/A
encoding.c,927,argument_76,global_1,N/A
encoding.c,958,argument_76,global_1,N/A
encoding.c,968,argument_76,global_1,N/A
encoding.c,986,global_6,global_-1,N/A
entities.c,167,argument_77,global_35,N/A
entities.c,169,argument_77,global_7,N/A
entities.c,171,argument_77,global_7,N/A
entities.c,175,argument_77,global_7,N/A
entities.c,177,argument_77,global_7,N/A
entities.c,180,argument_77,global_7,N/A
entities.c,182,argument_77,global_35,N/A
entities.c,210,argument_78,global_7,N/A
entities.c,212,argument_78,global_40,N/A
entities.c,237,function_-1,global_39,N/A
entities.c,241,function_43,global_1,N/A
entities.c,261,argument_-1,global_7,N/A
entities.c,264,function_16,global_1,N/A
entities.c,268,function_16,global_1,N/A
entities.c,272,function_16,global_1,N/A
entities.c,274,function_16,global_1,N/A
entities.c,278,function_16,global_1,N/A
entities.c,307,argument_79,global_2,N/A
entities.c,319,function_-1,global_39,N/A
entities.c,356,argument_79,global_2,N/A
entities.c,368,function_-1,global_39,N/A
entities.c,409,argument_80,global_2,N/A
entities.c,412,argument_80,global_2,N/A
entities.c,417,function_-1,global_39,N/A
entities.c,454,argument_-1,global_2,N/A
entities.c,459,function_44,global_39,N/A
entities.c,484,argument_-1,global_2,N/A
entities.c,509,argument_-1,global_2,N/A
entities.c,513,function_44,global_39,N/A
entities.c,521,function_44,global_39,N/A
entities.c,563,argument_81,global_7,N/A
entities.c,564,argument_81,global_2,N/A
entities.c,595+,argument_81,global_1,N/A
entities.c,597,function_45,global_7,N/A
entities.c,598,argument_81,function_45,N/A
entities.c,625+,argument_81,global_1,N/A
entities.c,626,function_-1,global_7,N/A
entities.c,650,argument_81,global_2,N/A
entities.c,671,argument_81,global_2,N/A
entities.c,701+,global_1,global_1,N/A
error.c,115,argument_-1,global_33,N/A
error.c,154,argument_-1,global_17,N/A
error.c,180,argument_-1,global_17,N/A
error.c,256,argument_82,global_41,N/A
error.c,259,argument_82,global_33,N/A
error.c,270,global_1,global_1,N/A
error.c,279,argument_82,global_32,N/A
error.c,392,argument_82,global_7,N/A
error.c,395,function_15,global_1,N/A
error.c,403,argument_82,global_32,N/A
error.c,467,argument_83,global_1,N/A
error.c,469+,argument_83,global_1,N/A
error.c,469,global_6,global_1,N/A
error.c,471+,argument_83,global_1,N/A
error.c,471,argument_83,global_1,N/A
error.c,472+,argument_83,global_1,N/A
error.c,472,argument_83,global_1,N/A
error.c,473+,argument_83,global_1,N/A
error.c,473,argument_83,global_1,N/A
error.c,475,argument_83,global_33,N/A
error.c,485,argument_83,global_33,N/A
error.c,490,argument_83,global_33,N/A
error.c,496,argument_83,global_7,N/A
error.c,506,argument_83,global_7,N/A
error.c,519+,argument_83,global_7,N/A
error.c,527,global_1,global_1,N/A
error.c,536+,argument_83,global_1,N/A
error.c,536,argument_83,global_1,N/A
error.c,548,argument_83,global_7,N/A
error.c,587,argument_83,global_7,N/A
error.c,589,argument_83,global_7,N/A
error.c,591,argument_83,global_7,N/A
error.c,601,argument_83,global_33,N/A
error.c,609+,argument_83,global_33,N/A
error.c,610,global_6,global_33,N/A
error.c,611,argument_83,global_1,N/A
error.c,616,argument_83,global_33,N/A
error.c,624,argument_83,global_33,N/A
error.c,627,argument_83,global_6,N/A
error.c,628,argument_83,global_6,N/A
error.c,629,argument_83,global_6,N/A
error.c,630,argument_83,global_6,N/A
error.c,632,argument_83,global_33,N/A
error.c,633,argument_83,global_6,N/A
error.c,653,argument_84,global_1,N/A
error.c,654,argument_84,global_7,N/A
error.c,74,global_6,global_7,N/A
error.c,779,function_15,global_1,N/A
error.c,785,global_6,global_1,N/A
error.c,822+,function_15,global_1,N/A
error.c,859,global_28,global_1,N/A
error.c,873,argument_-1,global_41,N/A
error.c,900,global_28,global_1,N/A
error.c,92,argument_-1,global_33,N/A
error.c,958+,argument_85,global_41,N/A
error.c,958,argument_85,global_41,N/A
gjobread.c,125,argument_86,global_8,N/A
gjobread.c,127,function_46,global_1,N/A
gjobread.c,134,function_46,global_1,N/A
gjobread.c,138,function_46,global_1,N/A
gjobread.c,142,function_46,global_1,N/A
gjobread.c,158,argument_-1,global_-1,N/A
gjobread.c,192,function_47,global_2,N/A
gjobread.c,205,function_48,global_8,N/A
gjobread.c,212,function_49,global_21,N/A
gjobread.c,218,function_46,global_1,N/A
gjobread.c,240+,function_-1,global_1,N/A
gjobread.c,240,function_48,global_8,N/A
gjobread.c,243,function_48,global_8,N/A
gjobread.c,248,function_46,global_1,N/A
gjobread.c,263,function_48,global_8,N/A
gjobread.c,264,function_46,global_1,N/A
gjobread.c,267,function_-1,global_-1,N/A
gjobread.c,298,function_-1,global_-1,N/A
gjobread.c,63,argument_87,global_8,N/A
gjobread.c,64,function_46,global_1,N/A
gjobread.c,67,function_46,global_1,N/A
gjobread.c,81,argument_-1,global_-1,N/A
globals.c,49,global_6,global_-1,N/A
globals.c,504,global_6,global_-1,N/A
globals.c,576,argument_-1,global_33,N/A
globals.c,60,global_6,global_-1,N/A
globals.c,664,global_6,global_-1,N/A
globals.c,682,global_6,global_-1,N/A
hash.c,1018,argument_-1,global_31,N/A
hash.c,103,argument_88,global_7,N/A
hash.c,1080+,argument_89,global_7,N/A
hash.c,1080,argument_89,global_31,N/A
hash.c,1088,function_16,global_1,N/A
hash.c,1089,function_16,global_1,N/A
hash.c,1090,function_16,global_1,N/A
hash.c,1091,argument_89,global_33,N/A
hash.c,122,argument_90,global_7,N/A
hash.c,127,argument_90,global_7,N/A
hash.c,133,argument_90,global_7,N/A
hash.c,139,argument_90,global_7,N/A
hash.c,145,argument_90,global_7,N/A
hash.c,151,argument_90,global_7,N/A
hash.c,157,argument_90,global_7,N/A
hash.c,177,argument_-1,global_1,N/A
hash.c,212,function_-1,global_31,N/A
hash.c,238,argument_91,global_31,N/A
hash.c,240,argument_91,global_1,N/A
hash.c,242,argument_91,global_1,N/A
hash.c,327,argument_92,global_31,N/A
hash.c,338,argument_92,global_33,N/A
hash.c,524+,argument_93,global_7,N/A
hash.c,524,argument_93,global_31,N/A
hash.c,531,function_50,global_1,N/A
hash.c,533,argument_93,global_7,N/A
hash.c,536+,function_50,global_1,N/A
hash.c,536,argument_93,global_7,N/A
hash.c,538,argument_93,global_7,N/A
hash.c,541+,function_50,global_1,N/A
hash.c,541,argument_93,global_7,N/A
hash.c,543,argument_93,global_7,N/A
hash.c,571,function_16,global_1,N/A
hash.c,572,function_16,global_1,N/A
hash.c,573,function_16,global_1,N/A
hash.c,577,function_16,global_1,N/A
hash.c,578,function_16,global_1,N/A
hash.c,579,function_16,global_1,N/A
hash.c,611,global_12,global_12,N/A
hash.c,640+,argument_94,global_7,N/A
hash.c,640,argument_94,global_31,N/A
hash.c,647,function_50,global_1,N/A
hash.c,649,argument_94,global_7,N/A
hash.c,652+,function_50,global_1,N/A
hash.c,652,argument_94,global_7,N/A
hash.c,654,argument_94,global_7,N/A
hash.c,657+,function_50,global_1,N/A
hash.c,657,argument_94,global_7,N/A
hash.c,659,argument_94,global_7,N/A
hash.c,677,argument_94,global_33,N/A
hash.c,686,argument_94,global_33,N/A
hash.c,694,function_16,global_1,N/A
hash.c,695,function_16,global_1,N/A
hash.c,696,function_16,global_1,N/A
hash.c,697,argument_94,global_33,N/A
hash.c,703,function_16,global_1,N/A
hash.c,704,function_16,global_1,N/A
hash.c,705,function_16,global_1,N/A
hash.c,706,argument_94,global_33,N/A
hash.c,760,argument_95,global_31,N/A
hash.c,762,argument_95,global_7,N/A
hash.c,776,function_16,global_1,N/A
hash.c,777,function_16,global_1,N/A
hash.c,778,function_16,global_1,N/A
hash.c,806,argument_96,global_31,N/A
hash.c,808,argument_96,global_7,N/A
hash.c,815,function_30,global_1,N/A
hash.c,816,function_30,global_1,N/A
hash.c,817,function_30,global_1,N/A
hash.c,866,argument_97,global_31,N/A
hash.c,868,argument_97,global_33,N/A
hash.c,879,argument_97,global_33,N/A
hash.c,90,argument_88,global_7,N/A
hash.c,940,argument_98,global_31,N/A
hash.c,942,argument_98,global_33,N/A
hash.c,952+,function_16,global_1,N/A
hash.c,952,argument_98,global_7,N/A
hash.c,953+,function_16,global_1,N/A
hash.c,953,argument_98,global_7,N/A
hash.c,954+,function_16,global_1,N/A
hash.c,954,argument_98,global_7,N/A
hash.c,97,argument_88,global_7,N/A
hash.c,981,argument_99,global_31,N/A
hash.c,983,argument_99,global_13,N/A
hash.c,987,function_-1,global_31,N/A
HTMLparser.c,112,argument_100,global_32,N/A
HTMLparser.c,115,argument_100,global_32,N/A
HTMLparser.c,122,argument_100,global_32,N/A
HTMLparser.c,1233,global_6,global_1,N/A
HTMLparser.c,1237+,global_1,global_1,N/A
HTMLparser.c,1259,function_19,global_1,N/A
HTMLparser.c,1300,global_6,global_1,N/A
HTMLparser.c,1308,function_16,global_1,N/A
HTMLparser.c,1315,function_16,global_1,N/A
HTMLparser.c,1440,argument_-1,global_8,N/A
HTMLparser.c,1441,function_16,global_1,N/A
HTMLparser.c,1442,function_-1,global_1,N/A
HTMLparser.c,1445,function_-1,global_1,N/A
HTMLparser.c,1466,argument_-1,global_8,N/A
HTMLparser.c,1469,function_-1,global_1,N/A
HTMLparser.c,1595,argument_-1,global_7,N/A
HTMLparser.c,1605,function_16,global_1,N/A
HTMLparser.c,1938,function_16,global_1,N/A
HTMLparser.c,1996++,argument_102,global_26,N/A
HTMLparser.c,1996+,argument_102,global_26,N/A
HTMLparser.c,1996,argument_102,global_7,N/A
HTMLparser.c,1997,argument_102,global_7,N/A
HTMLparser.c,2052,function_-1,global_-1,N/A
HTMLparser.c,2100+++,argument_103,global_7,N/A
HTMLparser.c,2100++,argument_103,global_26,N/A
HTMLparser.c,2100+,argument_103,global_26,N/A
HTMLparser.c,2100,argument_103,global_7,N/A
HTMLparser.c,2151,function_-1,global_-1,N/A
HTMLparser.c,2338,argument_104,global_7,N/A
HTMLparser.c,2339,argument_104,global_7,N/A
HTMLparser.c,2355+,argument_105,global_7,N/A
HTMLparser.c,2355,argument_105,global_7,N/A
HTMLparser.c,2677,argument_106,global_26,N/A
HTMLparser.c,2678,argument_106,global_32,N/A
HTMLparser.c,2683,function_-1,global_7,N/A
HTMLparser.c,2689,argument_106,global_26,N/A
HTMLparser.c,2702,argument_106,global_26,N/A
HTMLparser.c,3332,argument_-1,global_32,N/A
HTMLparser.c,3380,global_1,global_1,N/A
HTMLparser.c,79,argument_107,global_32,N/A
HTMLparser.c,82,argument_107,global_32,N/A
HTMLparser.c,87,argument_107,global_7,N/A
HTMLtree.c,100,function_16,global_1,N/A
HTMLtree.c,1038+,argument_108,global_2,N/A
HTMLtree.c,1038,argument_108,global_24,N/A
HTMLtree.c,112,function_19,global_1,N/A
HTMLtree.c,113,function_19,global_1,N/A
HTMLtree.c,116,function_19,global_1,N/A
HTMLtree.c,131,function_45,global_7,N/A
HTMLtree.c,133,function_45,global_7,N/A
HTMLtree.c,135,function_45,global_7,N/A
HTMLtree.c,139,function_45,global_7,N/A
HTMLtree.c,141,function_45,global_7,N/A
HTMLtree.c,143,function_45,global_7,N/A
HTMLtree.c,146,function_45,global_7,N/A
HTMLtree.c,171,argument_109,global_2,N/A
HTMLtree.c,175,function_19,global_1,N/A
HTMLtree.c,178,argument_109,global_7,N/A
HTMLtree.c,191,function_19,global_1,N/A
HTMLtree.c,193,function_19,global_1,N/A
HTMLtree.c,195,function_19,global_1,N/A
HTMLtree.c,209,function_19,global_1,N/A
HTMLtree.c,211,function_19,global_1,N/A
HTMLtree.c,233,function_19,global_1,N/A
HTMLtree.c,245,function_19,global_1,N/A
HTMLtree.c,246,function_19,global_1,N/A
HTMLtree.c,251,function_19,global_1,N/A
HTMLtree.c,270,argument_109,global_7,N/A
HTMLtree.c,285,argument_109,global_7,N/A
HTMLtree.c,290,function_-1,global_7,N/A
HTMLtree.c,328,function_19,global_1,N/A
HTMLtree.c,414,argument_110,global_8,N/A
HTMLtree.c,417,argument_110,global_15,N/A
HTMLtree.c,456+,argument_111,global_8,N/A
HTMLtree.c,456,argument_111,global_16,N/A
HTMLtree.c,461,function_-1,global_15,N/A
HTMLtree.c,468,function_-1,global_12,N/A
HTMLtree.c,496,argument_-1,global_7,N/A
HTMLtree.c,500,function_36,global_1,N/A
HTMLtree.c,519,function_-1,global_24,N/A
HTMLtree.c,55,argument_-1,global_2,N/A
HTMLtree.c,559+,argument_112,global_26,N/A
HTMLtree.c,559,argument_112,global_26,N/A
HTMLtree.c,561,argument_112,global_2,N/A
HTMLtree.c,569,function_-1,global_7,N/A
HTMLtree.c,601,function_51,global_24,N/A
HTMLtree.c,64,function_16,global_1,N/A
HTMLtree.c,66,function_16,global_1,N/A
HTMLtree.c,68,function_16,global_1,N/A
HTMLtree.c,700,argument_-1,global_18,N/A
HTMLtree.c,709+,function_-1,global_1,N/A
HTMLtree.c,711,function_14,global_7,N/A
HTMLtree.c,715,function_19,global_1,N/A
HTMLtree.c,716,function_19,global_1,N/A
HTMLtree.c,717,function_19,global_1,N/A
HTMLtree.c,718,function_19,global_1,N/A
HTMLtree.c,719,function_19,global_1,N/A
HTMLtree.c,82,function_16,global_1,N/A
HTMLtree.c,834+,argument_113,global_24,N/A
HTMLtree.c,834,argument_113,global_8,N/A
HTMLtree.c,84,function_16,global_1,N/A
HTMLtree.c,856,function_19,global_1,N/A
HTMLtree.c,857,function_19,global_1,N/A
HTMLtree.c,861,function_-1,global_7,N/A
HTMLtree.c,923,function_52,global_44,N/A
HTMLtree.c,925,argument_113,global_1,N/A
HTMLtree.c,937,function_52,global_44,N/A
HTMLtree.c,938,function_46,global_1,N/A
HTMLtree.c,939,function_46,global_1,N/A
HTMLtree.c,950,argument_113,global_1,N/A
HTMLtree.c,951,function_52,global_44,N/A
HTMLtree.c,972+,function_52,global_44,N/A
HTMLtree.c,972,argument_113,global_1,N/A
HTMLtree.c,980+,function_52,global_44,N/A
HTMLtree.c,980,argument_113,global_1,N/A
HTMLtree.c,995+,function_52,global_44,N/A
HTMLtree.c,995,argument_113,global_1,N/A
io1.c,117,function_53,global_1,N/A
io1.c,125,function_54,global_2,N/A
io1.c,134,function_-1,global_1,N/A
io1.c,36+,function_55,global_1,N/A
io1.c,36,argument_-1,global_7,N/A
io1.c,52+,function_55,global_1,N/A
io1.c,52,argument_-1,global_7,N/A
io1.c,69,argument_-1,global_7,N/A
io1.c,89++,argument_114,global_1,N/A
io1.c,89+,argument_114,global_7,N/A
io1.c,89,argument_114,global_7,N/A
io1.c,92,argument_114,global_6,N/A
legacy.c,1000,global_6,global_1,N/A
legacy.c,1019,global_6,global_1,N/A
legacy.c,1037,global_6,global_1,N/A
legacy.c,1057,global_6,global_1,N/A
legacy.c,1075,global_6,global_1,N/A
legacy.c,1103,global_6,global_1,N/A
legacy.c,1124,global_6,global_1,N/A
legacy.c,1153,global_6,global_1,N/A
legacy.c,1168,global_6,global_1,N/A
legacy.c,1184,global_6,global_1,N/A
legacy.c,1203,global_6,global_1,N/A
legacy.c,1219,global_6,global_1,N/A
legacy.c,1237,global_6,global_1,N/A
legacy.c,1253,global_6,global_1,N/A
legacy.c,1269,global_6,global_1,N/A
legacy.c,1289,global_6,global_1,N/A
legacy.c,1307,global_6,global_1,N/A
legacy.c,1321,global_6,global_1,N/A
legacy.c,1337,global_6,global_1,N/A
legacy.c,150+,argument_115,global_26,N/A
legacy.c,150,argument_115,global_26,N/A
legacy.c,152+,argument_115,global_1,N/A
legacy.c,152,argument_115,global_1,N/A
legacy.c,154,argument_115,global_1,N/A
legacy.c,174++,argument_116,global_7,N/A
legacy.c,174+,argument_116,global_7,N/A
legacy.c,174,argument_116,global_32,N/A
legacy.c,177,function_32,global_1,N/A
legacy.c,179,function_32,global_1,N/A
legacy.c,181,function_32,global_1,N/A
legacy.c,183,function_32,global_1,N/A
legacy.c,185,function_32,global_1,N/A
legacy.c,187,function_32,global_1,N/A
legacy.c,189,function_32,global_1,N/A
legacy.c,191,function_32,global_1,N/A
legacy.c,193,function_32,global_1,N/A
legacy.c,195,function_32,global_1,N/A
legacy.c,197,function_32,global_1,N/A
legacy.c,199,function_32,global_1,N/A
legacy.c,201,function_32,global_1,N/A
legacy.c,203,function_32,global_1,N/A
legacy.c,205,function_32,global_1,N/A
legacy.c,207,function_32,global_1,N/A
legacy.c,210,function_32,global_1,N/A
legacy.c,213,function_32,global_1,N/A
legacy.c,215,function_32,global_1,N/A
legacy.c,217,function_32,global_1,N/A
legacy.c,219,function_32,global_1,N/A
legacy.c,221,function_32,global_1,N/A
legacy.c,223,function_32,global_1,N/A
legacy.c,225,function_32,global_1,N/A
legacy.c,228,function_32,global_1,N/A
legacy.c,231,function_32,global_1,N/A
legacy.c,233,function_32,global_1,N/A
legacy.c,235,function_32,global_1,N/A
legacy.c,237,function_32,global_1,N/A
legacy.c,239,function_32,global_1,N/A
legacy.c,241,function_32,global_1,N/A
legacy.c,243,function_32,global_1,N/A
legacy.c,246,function_32,global_1,N/A
legacy.c,249,function_32,global_1,N/A
legacy.c,251,function_32,global_1,N/A
legacy.c,253,function_32,global_1,N/A
legacy.c,255,function_32,global_1,N/A
legacy.c,257,function_32,global_1,N/A
legacy.c,260,function_32,global_1,N/A
legacy.c,262,function_32,global_1,N/A
legacy.c,283++,argument_117,global_7,N/A
legacy.c,283+,argument_117,global_7,N/A
legacy.c,283,argument_117,global_32,N/A
legacy.c,286,function_32,global_1,N/A
legacy.c,297,function_32,global_1,N/A
legacy.c,299,function_32,global_1,N/A
legacy.c,301,function_32,global_1,N/A
legacy.c,303,function_32,global_1,N/A
legacy.c,305,function_32,global_1,N/A
legacy.c,307,function_32,global_1,N/A
legacy.c,309,function_32,global_1,N/A
legacy.c,311,function_32,global_1,N/A
legacy.c,313,function_32,global_1,N/A
legacy.c,315,function_32,global_1,N/A
legacy.c,317,function_32,global_1,N/A
legacy.c,319,function_32,global_1,N/A
legacy.c,321,function_32,global_1,N/A
legacy.c,323,function_32,global_1,N/A
legacy.c,325,function_32,global_1,N/A
legacy.c,328,function_32,global_1,N/A
legacy.c,331,function_32,global_1,N/A
legacy.c,333,function_32,global_1,N/A
legacy.c,335,function_32,global_1,N/A
legacy.c,337,function_32,global_1,N/A
legacy.c,339,function_32,global_1,N/A
legacy.c,341,function_32,global_1,N/A
legacy.c,343,function_32,global_1,N/A
legacy.c,346,function_32,global_1,N/A
legacy.c,349,function_32,global_1,N/A
legacy.c,351,function_32,global_1,N/A
legacy.c,353,function_32,global_1,N/A
legacy.c,355,function_32,global_1,N/A
legacy.c,357,function_32,global_1,N/A
legacy.c,359,function_32,global_1,N/A
legacy.c,361,function_32,global_1,N/A
legacy.c,364,function_32,global_1,N/A
legacy.c,367,function_32,global_1,N/A
legacy.c,369,function_32,global_1,N/A
legacy.c,371,function_32,global_1,N/A
legacy.c,373,function_32,global_1,N/A
legacy.c,375,function_32,global_1,N/A
legacy.c,378,function_32,global_1,N/A
legacy.c,380,function_32,global_1,N/A
legacy.c,418,global_6,global_1,N/A
legacy.c,448,global_6,global_1,N/A
legacy.c,483,global_6,global_1,N/A
legacy.c,512,global_6,global_1,N/A
legacy.c,535,global_6,global_1,N/A
legacy.c,563,global_6,global_1,N/A
legacy.c,57,global_6,global_1,N/A
legacy.c,595,global_6,global_1,N/A
legacy.c,635,global_6,global_1,N/A
legacy.c,661,global_6,global_1,N/A
legacy.c,685,global_6,global_1,N/A
legacy.c,705,global_6,global_1,N/A
legacy.c,731,global_6,global_1,N/A
legacy.c,766,global_6,global_1,N/A
legacy.c,783,global_6,global_1,N/A
legacy.c,799,global_6,global_1,N/A
legacy.c,815,global_6,global_1,N/A
legacy.c,831,global_6,global_1,N/A
legacy.c,847,global_6,global_1,N/A
legacy.c,863,global_6,global_1,N/A
legacy.c,881,global_6,global_1,N/A
legacy.c,899,global_6,global_1,N/A
legacy.c,922,global_6,global_1,N/A
legacy.c,939,global_6,global_1,N/A
legacy.c,956,global_6,global_1,N/A
legacy.c,978,global_6,global_1,N/A
nanoftp.c,1019,global_6,global_7,N/A
nanoftp.c,1023,global_6,global_7,N/A
nanoftp.c,1034,function_56,global_1,N/A
nanoftp.c,1043,global_6,global_7,N/A
nanoftp.c,1046,global_6,global_7,N/A
nanoftp.c,1056,function_56,global_1,N/A
nanoftp.c,1063,function_56,global_1,N/A
nanoftp.c,1097,function_56,global_1,N/A
nanoftp.c,1104,function_56,global_1,N/A
nanoftp.c,1109,global_6,global_1,N/A
nanoftp.c,1128,function_56,global_1,N/A
nanoftp.c,1135+,function_56,global_1,N/A
nanoftp.c,1135,function_56,global_1,N/A
nanoftp.c,1150,function_56,global_1,N/A
nanoftp.c,1157+,function_56,global_1,N/A
nanoftp.c,1157,function_56,global_1,N/A
nanoftp.c,1162,global_6,global_1,N/A
nanoftp.c,1182,function_56,global_1,N/A
nanoftp.c,1203,function_56,global_1,N/A
nanoftp.c,1244,argument_118,global_7,N/A
nanoftp.c,1246,argument_118,global_1,N/A
nanoftp.c,1256,argument_118,global_1,N/A
nanoftp.c,1259,function_-1,global_1,N/A
nanoftp.c,1284,argument_-1,global_7,N/A
nanoftp.c,1333,argument_-1,global_7,N/A
nanoftp.c,1445,function_57,global_1,N/A
nanoftp.c,1460,function_57,global_1,N/A
nanoftp.c,1473,function_58,global_1,N/A
nanoftp.c,1487,function_-1,global_1,N/A
nanoftp.c,1494,function_-1,global_1,N/A
nanoftp.c,1565,function_59,global_1,N/A
nanoftp.c,1572,function_59,global_1,N/A
nanoftp.c,1580,function_59,global_1,N/A
nanoftp.c,159,function_60,global_1,N/A
nanoftp.c,1615,function_55,global_1,N/A
nanoftp.c,1631,global_1,global_1,N/A
nanoftp.c,1645,global_1,global_1,N/A
nanoftp.c,1655,global_1,global_1,N/A
nanoftp.c,1669,global_1,global_1,N/A
nanoftp.c,1696,global_1,global_1,N/A
nanoftp.c,1707,argument_-1,global_33,N/A
nanoftp.c,1738,argument_-1,global_7,N/A
nanoftp.c,1739,function_-1,global_1,N/A
nanoftp.c,1747,function_-1,global_1,N/A
nanoftp.c,1842,argument_119,global_7,N/A
nanoftp.c,1844,argument_119,global_7,N/A
nanoftp.c,1866,argument_119,global_7,N/A
nanoftp.c,1912,argument_120,global_7,N/A
nanoftp.c,1914,argument_120,global_33,N/A
nanoftp.c,1916,function_-1,global_1,N/A
nanoftp.c,1925,function_59,global_1,N/A
nanoftp.c,1932,function_59,global_1,N/A
nanoftp.c,1934,function_59,global_1,N/A
nanoftp.c,1939,function_59,global_1,N/A
nanoftp.c,194,global_6,global_1,N/A
nanoftp.c,1974,argument_121,global_7,N/A
nanoftp.c,1976,argument_121,global_7,N/A
nanoftp.c,1977,argument_121,global_1,N/A
nanoftp.c,1980,argument_121,global_1,N/A
nanoftp.c,1981,argument_121,global_1,N/A
nanoftp.c,2006,argument_-1,global_7,N/A
nanoftp.c,2007,function_55,global_1,N/A
nanoftp.c,2011,function_-1,global_1,N/A
nanoftp.c,2016,function_-1,global_1,N/A
nanoftp.c,204,function_61,global_7,N/A
nanoftp.c,207,function_61,global_7,N/A
nanoftp.c,211,function_61,global_7,N/A
nanoftp.c,216,function_61,global_7,N/A
nanoftp.c,220,function_61,global_7,N/A
nanoftp.c,234,global_6,global_7,N/A
nanoftp.c,238,global_6,global_7,N/A
nanoftp.c,242,global_6,global_7,N/A
nanoftp.c,269,global_6,global_7,N/A
nanoftp.c,273,global_6,global_7,N/A
nanoftp.c,277,global_6,global_7,N/A
nanoftp.c,281,argument_122,global_7,N/A
nanoftp.c,283,argument_122,global_7,N/A
nanoftp.c,285,argument_122,global_7,N/A
nanoftp.c,320,argument_-1,global_7,N/A
nanoftp.c,323,function_62,global_22,N/A
nanoftp.c,342,function_-1,global_7,N/A
nanoftp.c,374,argument_-1,global_7,N/A
nanoftp.c,384,function_62,global_22,N/A
nanoftp.c,391,function_32,global_1,N/A
nanoftp.c,392,function_32,global_1,N/A
nanoftp.c,430,global_6,global_7,N/A
nanoftp.c,444,argument_-1,global_7,N/A
nanoftp.c,447,function_62,global_22,N/A
nanoftp.c,448,function_32,global_1,N/A
nanoftp.c,450,function_62,global_22,N/A
nanoftp.c,491,function_-1,global_7,N/A
nanoftp.c,494,argument_-1,global_7,N/A
nanoftp.c,537,argument_-1,global_1,N/A
nanoftp.c,660,function_-1,global_1,N/A
nanoftp.c,663+,function_-1,global_1,N/A
nanoftp.c,675,global_1,global_1,N/A
nanoftp.c,697,global_1,global_1,N/A
nanoftp.c,870,global_6,global_7,N/A
nanoftp.c,875,global_6,global_1,N/A
nanoftp.c,881,function_63,global_1,N/A
nanoftp.c,888,global_6,global_7,N/A
nanoftp.c,889,function_64,global_1,N/A
nanoftp.c,895,function_64,global_1,N/A
nanoftp.c,932,global_6,global_7,N/A
nanoftp.c,936,function_-1,global_-1,N/A
nanoftp.c,967,function_58,global_1,N/A
nanoftp.c,978,function_56,global_1,N/A
nanohttp.c,1002,function_-1,global_1,N/A
nanohttp.c,1010,function_65,global_1,N/A
nanohttp.c,1068,function_63,global_1,N/A
nanohttp.c,1080,function_64,global_1,N/A
nanohttp.c,1096,function_63,global_1,N/A
nanohttp.c,1110,function_-1,global_1,N/A
nanohttp.c,1126,function_-1,global_-1,N/A
nanohttp.c,1182,function_63,global_1,N/A
nanohttp.c,1198,function_-1,global_1,N/A
nanohttp.c,1228,argument_-1,global_26,N/A
nanohttp.c,1248,argument_123,global_26,N/A
nanohttp.c,1249,argument_123,global_26,N/A
nanohttp.c,1274,argument_124,global_7,N/A
nanohttp.c,1275,argument_124,global_7,N/A
nanohttp.c,1276,argument_124,global_1,N/A
nanohttp.c,1304,function_66,global_1,N/A
nanohttp.c,1324,argument_-1,global_7,N/A
nanohttp.c,1361,argument_125,global_7,N/A
nanohttp.c,1362,argument_125,global_7,N/A
nanohttp.c,1368,function_-1,global_47,N/A
nanohttp.c,1372,function_-1,global_47,N/A
nanohttp.c,1377+,function_32,global_1,N/A
nanohttp.c,1390,global_6,global_7,N/A
nanohttp.c,1398,function_-1,global_1,N/A
nanohttp.c,1405,argument_125,global_7,N/A
nanohttp.c,1410,argument_125,global_7,N/A
nanohttp.c,1412+,argument_125,global_7,N/A
nanohttp.c,1412,argument_125,global_26,N/A
nanohttp.c,1425,global_6,global_7,N/A
nanohttp.c,1439,global_6,global_7,N/A
nanohttp.c,1467+,argument_125,global_7,N/A
nanohttp.c,1467,argument_125,global_26,N/A
nanohttp.c,1470,argument_125,global_7,N/A
nanohttp.c,1473,argument_125,global_7,N/A
nanohttp.c,1500,argument_125,global_7,N/A
nanohttp.c,1517,function_-1,global_7,N/A
nanohttp.c,1537,function_66,global_1,N/A
nanohttp.c,1538,global_1,global_1,N/A
nanohttp.c,1555,argument_125,global_26,N/A
nanohttp.c,1562,argument_125,global_26,N/A
nanohttp.c,1567,argument_125,global_26,N/A
nanohttp.c,1630,argument_126,global_7,N/A
nanohttp.c,1634,function_32,global_1,N/A
nanohttp.c,1640+,argument_126,global_7,N/A
nanohttp.c,1640,argument_126,global_26,N/A
nanohttp.c,1650,function_67,global_12,N/A
nanohttp.c,1678+,argument_127,global_7,N/A
nanohttp.c,1678,argument_127,global_7,N/A
nanohttp.c,1680,function_32,global_1,N/A
nanohttp.c,1692,function_67,global_12,N/A
nanohttp.c,1824,argument_128,global_26,N/A
nanohttp.c,1827,argument_128,global_26,N/A
nanohttp.c,1840,function_66,global_1,N/A
nanohttp.c,197,function_60,global_1,N/A
nanohttp.c,219,global_6,global_1,N/A
nanohttp.c,227,global_6,global_7,N/A
nanohttp.c,230,function_61,global_7,N/A
nanohttp.c,233,function_61,global_7,N/A
nanohttp.c,238,function_61,global_7,N/A
nanohttp.c,255,global_6,global_7,N/A
nanohttp.c,300,argument_-1,global_7,N/A
nanohttp.c,303,function_62,global_22,N/A
nanohttp.c,347,global_6,global_7,N/A
nanohttp.c,361,argument_-1,global_7,N/A
nanohttp.c,364,function_62,global_22,N/A
nanohttp.c,365,function_32,global_1,N/A
nanohttp.c,367,function_62,global_22,N/A
nanohttp.c,418,argument_-1,global_47,N/A
nanohttp.c,462+,argument_129,global_7,N/A
nanohttp.c,463,global_1,argument_129,N/A
nanohttp.c,473,function_-1,global_1,N/A
nanohttp.c,603,function_-1,global_1,N/A
nanohttp.c,605,function_37,global_1,N/A
nanohttp.c,660,function_66,global_1,N/A
nanohttp.c,667,function_66,global_1,N/A
nanohttp.c,702,argument_-1,global_7,N/A
nanohttp.c,704,function_55,global_1,N/A
nanohttp.c,736,function_68,global_1,N/A
nanohttp.c,752,function_45,global_7,N/A
nanohttp.c,762,function_68,global_1,N/A
nanohttp.c,777,function_45,global_7,N/A
nanohttp.c,787,function_68,global_1,N/A
nanohttp.c,801,function_68,global_1,N/A
nanohttp.c,807,function_68,global_1,N/A
nanohttp.c,833,function_68,global_1,N/A
nanohttp.c,878,function_60,global_1,N/A
nanohttp.c,908,function_65,global_1,N/A
nanohttp.c,918,function_65,global_1,N/A
nanohttp.c,930,function_58,global_1,N/A
parse1.c,27,function_69,global_2,N/A
parse1.c,35,argument_0,global_1,N/A
parse2.c,30,function_28,global_32,N/A
parse2.c,37,function_70,global_2,N/A
parse2.c,51,argument_0,global_1,N/A
parse3.c,34,function_54,global_2,N/A
parse4.c,107,argument_0,global_1,N/A
parse4.c,121,global_6,global_14,N/A
parse4.c,55,function_71,global_1,N/A
parse4.c,69,function_72,global_32,N/A
parse4.c,79,function_71,global_1,N/A
parse4.c,96,function_71,global_1,N/A
parser.c,1428,argument_-1,global_7,N/A
parser.c,1697+,argument_130,global_17,N/A
parser.c,1697,argument_130,global_32,N/A
parser.c,1730,argument_-1,global_32,N/A
parser.c,1755,argument_-1,global_32,N/A
parser.c,1795,argument_-1,global_32,N/A
parser.c,1893,argument_-1,global_32,N/A
parser.c,1926,argument_-1,global_32,N/A
parser.c,666,argument_131,global_32,N/A
parser.c,669,argument_131,global_32,N/A
parser.c,674,argument_131,global_32,N/A
parserInternals.c,111,argument_132,global_32,N/A
parserInternals.c,114,argument_132,global_32,N/A
parserInternals.c,119,argument_132,global_7,N/A
parserInternals.c,144,argument_133,global_32,N/A
parserInternals.c,147,argument_133,global_32,N/A
parserInternals.c,153,argument_133,global_32,N/A
parserInternals.c,226,argument_-1,global_1,N/A
parserInternals.c,78,N/A,global_1
parserInternals.c,86,N/A,global_1
pattern.c,1524,argument_-1,global_-1,N/A
pattern.c,1794,argument_-1,global_48,N/A
pattern.c,1867,argument_135,global_48,N/A
pattern.c,1870,argument_135,global_48,N/A
pattern.c,1873,argument_135,global_1,N/A
pattern.c,1874+,argument_135,global_7,N/A
pattern.c,1874,argument_135,global_7,N/A
pattern.c,1896,function_73,global_1,N/A
pattern.c,1922,argument_135,global_1,N/A
pattern.c,1938,argument_135,global_1,N/A
pattern.c,1939,argument_135,global_1,N/A
pattern.c,2022,argument_135,global_7,N/A
pattern.c,2024+,argument_135,global_7,N/A
pattern.c,2025,argument_135,global_7,N/A
pattern.c,2027,function_16,global_1,N/A
pattern.c,2028+,function_16,global_1,N/A
pattern.c,2066,global_1,global_1,N/A
pattern.c,2137,argument_135,global_1,N/A
pattern.c,2154,argument_135,global_7,N/A
pattern.c,2156+,argument_135,global_7,N/A
pattern.c,2157,argument_135,global_7,N/A
pattern.c,2159,function_16,global_1,N/A
pattern.c,2160+,function_16,global_1,N/A
pattern.c,2170,global_1,global_1,N/A
pattern.c,2283,argument_136,global_48,N/A
pattern.c,2285,argument_136,global_48,N/A
pattern.c,2330,argument_137,global_48,N/A
pattern.c,2332,argument_137,global_48,N/A
pattern.c,235,argument_-1,global_49,N/A
pattern.c,2367,argument_138,global_7,N/A
pattern.c,2386,function_-1,global_49,N/A
pattern.c,2390,argument_138,global_35,N/A
pattern.c,2413,global_1,global_1,N/A
pattern.c,2416,global_1,global_1,N/A
pattern.c,2419,global_1,global_1,N/A
pattern.c,2424,global_1,global_1,N/A
pattern.c,2426,function_-1,global_1,N/A
pattern.c,2434,global_1,global_1,N/A
pattern.c,2436,function_-1,global_49,N/A
pattern.c,272,argument_-1,global_49,N/A
pattern.c,296,argument_139,global_7,N/A
pattern.c,309,argument_139,global_26,N/A
reader1.c,30,function_74,global_7,N/A
reader1.c,41,function_75,global_7,N/A
reader1.c,44,function_15,global_1,N/A
reader1.c,63,function_76,global_50,N/A
reader1.c,65,function_77,global_1,N/A
reader1.c,70,function_77,global_1,N/A
reader1.c,79,argument_0,global_1,N/A
reader2.c,31,function_74,global_7,N/A
reader2.c,42,function_75,global_7,N/A
reader2.c,45,function_15,global_1,N/A
reader2.c,72,function_76,global_50,N/A
reader2.c,74,function_77,global_1,N/A
reader2.c,81,function_78,global_1,N/A
reader2.c,85,function_77,global_1,N/A
reader2.c,94,argument_0,global_1,N/A
reader3.c,39,function_76,global_50,N/A
reader3.c,43,function_-1,global_1,N/A
reader3.c,51,function_77,global_1,N/A
reader3.c,54,function_77,global_1,N/A
reader3.c,79,argument_0,global_1,N/A
reader3.c,92,function_-1,global_2,N/A
reader4.c,58,argument_0,global_1,N/A
relaxng.c,1419,argument_140,global_51,N/A
relaxng.c,1420,argument_140,global_1,global_1
relaxng.c,1424,argument_140,global_1,global_1
relaxng.c,1428,argument_140,global_1,N/A
relaxng.c,2352,argument_-1,global_52,N/A
relaxng.c,2416,argument_-1,global_7,N/A
relaxng.c,2421,function_79,global_53,N/A
relaxng.c,2447+,argument_141,global_7,N/A
relaxng.c,2447,argument_141,global_7,N/A
relaxng.c,2452,function_79,global_53,N/A
relaxng.c,2456,function_80,global_1,N/A
relaxng.c,2458,function_80,global_1,N/A
relaxng.c,2460,function_80,global_1,N/A
relaxng.c,2488+,argument_142,global_7,N/A
relaxng.c,2488,argument_142,global_7,N/A
relaxng.c,2493,function_79,global_53,N/A
relaxng.c,2497,function_-1,global_54,N/A
relaxng.c,2500,function_16,global_1,N/A
relaxng.c,2502,function_16,global_1,N/A
relaxng.c,2504,function_16,global_1,N/A
relaxng.c,2506,function_16,global_1,N/A
relaxng.c,2508,function_16,global_1,N/A
relaxng.c,2510,function_16,global_1,N/A
relaxng.c,2512,function_16,global_1,N/A
relaxng.c,2514,function_16,global_1,N/A
relaxng.c,2516,function_16,global_1,N/A
relaxng.c,2518,function_16,global_1,N/A
relaxng.c,2520,function_16,global_1,N/A
relaxng.c,2522,function_16,global_1,N/A
relaxng.c,2530,function_-1,global_1,N/A
relaxng.c,2536,function_-1,global_1,N/A
relaxng.c,2580++,argument_143,global_7,N/A
relaxng.c,2580+,argument_143,global_7,N/A
relaxng.c,2580,argument_143,global_7,N/A
relaxng.c,2585,function_79,global_53,N/A
relaxng.c,2587,argument_143,global_7,N/A
relaxng.c,2589,function_80,global_1,N/A
relaxng.c,2597,function_80,global_1,N/A
relaxng.c,2606,function_80,global_1,N/A
relaxng.c,2608,function_80,global_1,N/A
relaxng.c,2627,argument_-1,global_7,N/A
relaxng.c,2629,function_16,global_1,N/A
relaxng.c,2631,function_16,global_1,N/A
relaxng.c,2655,argument_-1,global_7,N/A
relaxng.c,2657,function_16,global_1,N/A
relaxng.c,2659,function_16,global_1,N/A
relaxng.c,2689,function_16,global_1,N/A
relaxng.c,2691,function_16,global_1,N/A
relaxng.c,2692,function_16,global_1,N/A
relaxng.c,2702+,function_81,global_7,N/A
relaxng.c,2702,function_81,global_7,N/A
relaxng.c,2704,function_16,global_1,N/A
relaxng.c,2708,function_81,global_7,N/A
relaxng.c,2710,function_81,global_7,N/A
relaxng.c,2732,argument_-1,global_-1,N/A
relaxng.c,2762+,argument_144,global_7,N/A
relaxng.c,2762,global_6,global_31,N/A
relaxng.c,2763+,argument_144,global_1,N/A
relaxng.c,2763,argument_144,global_1,N/A
relaxng.c,2765,function_-1,global_7,N/A
relaxng.c,2787,function_43,global_1,N/A
relaxng.c,2807,global_6,global_1,N/A
relaxng.c,2810,global_6,global_31,N/A
relaxng.c,2840,global_6,global_1,N/A
relaxng.c,3254+,argument_145,global_56,N/A
relaxng.c,3254,argument_145,global_51,N/A
relaxng.c,4386,function_-1,global_1,N/A
relaxng.c,4393,function_-1,global_1,N/A
relaxng.c,4406,function_82,global_1,N/A
relaxng.c,4418,function_82,global_1,N/A
relaxng.c,443,argument_146,global_51,N/A
relaxng.c,4431,function_82,global_1,N/A
relaxng.c,4452,global_1,global_1,N/A
relaxng.c,451,argument_146,global_7,N/A
relaxng.c,518,argument_-1,global_51,N/A
relaxng.c,6648+,argument_147,global_8,N/A
relaxng.c,6648,argument_147,global_51,N/A
relaxng.c,6657++++,function_16,global_1,N/A
relaxng.c,6657+++,function_16,global_1,N/A
relaxng.c,6657,argument_147,global_8,N/A
relaxng.c,6734,argument_-1,global_7,N/A
relaxng.c,6765+,argument_148,global_1,N/A
relaxng.c,6765,argument_148,global_7,N/A
relaxng.c,6798,argument_-1,global_2,N/A
relaxng.c,6801,function_-1,global_2,N/A
relaxng.c,682,argument_149,global_-1,N/A
relaxng.c,6826,argument_-1,global_51,N/A
relaxng.c,705,argument_149,global_-1,N/A
relaxng.c,744,argument_-1,global_-1,N/A
relaxng.c,7453,function_48,global_8,N/A
relaxng.c,7481,argument_147,global_51,N/A
relaxng.c,7489,function_69,global_2,N/A
relaxng.c,7497,function_69,global_2,N/A
relaxng.c,7518,function_69,global_2,N/A
relaxng.c,7528,function_48,global_8,N/A
relaxng.c,7573,function_-1,global_56,N/A
relaxng.c,7615,argument_150,global_51,N/A
relaxng.c,7639,argument_150,global_51,N/A
relaxng.c,7641,argument_150,global_33,N/A
relaxng.c,7643,argument_150,global_33,N/A
relaxng.c,7645,argument_150,global_26,N/A
relaxng.c,7663,argument_-1,global_51,N/A
relaxng.c,7824,argument_151,global_59,N/A
relaxng.c,7828,argument_151,global_1,N/A
relaxng.c,7864,argument_152,global_14,N/A
relaxng.c,7866,argument_152,global_58,N/A
relaxng.c,7895,argument_153,global_14,N/A
relaxng.c,7897,argument_153,global_58,N/A
relaxng.c,808,argument_-1,global_58,N/A
relaxng.c,8204,argument_-1,global_61,N/A
relaxng.c,8214,function_-1,global_-1,N/A
relaxng.c,8244,function_-1,global_1,N/A
relaxng.c,8249,global_1,global_1,N/A
relaxng.c,8291+,argument_154,global_8,N/A
relaxng.c,8291,argument_154,global_52,N/A
relaxng.c,8321,function_-1,global_61,N/A
relaxng.c,8335,global_1,global_1,N/A
relaxng.c,8369++,argument_155,global_7,N/A
relaxng.c,8369,argument_155,global_52,N/A
relaxng.c,862,argument_-1,global_59,N/A
relaxng.c,972,argument_-1,global_56,N/A
rngparser.c,1440,argument_156,global_7,N/A
rngparser.c,1441,argument_156,global_1,N/A
rngparser.c,1442,argument_156,global_1,N/A
runsuite.c,1004,function_69,global_2,N/A
runsuite.c,1010+,function_16,global_1,N/A
runsuite.c,1010,function_48,global_8,N/A
runsuite.c,1015,function_9,global_7,N/A
runsuite.c,1019,function_9,global_7,N/A
runsuite.c,1027+,function_16,global_1,N/A
runsuite.c,1027,function_48,global_8,N/A
runsuite.c,1032,function_48,global_8,N/A
runsuite.c,1054,global_6,global_14,N/A
runsuite.c,1061+,function_32,global_1,N/A
runsuite.c,1061,argument_0,global_1,N/A
runsuite.c,111,global_6,global_1,N/A
runsuite.c,1150+,global_6,global_1,N/A
runsuite.c,1150,global_6,global_1,N/A
runsuite.c,1163,global_6,global_14,N/A
runsuite.c,133,function_32,global_1,N/A
runsuite.c,136,function_-1,global_17,N/A
runsuite.c,143,function_83,global_1,N/A
runsuite.c,168,global_6,global_14,N/A
runsuite.c,176,global_6,global_1,N/A
runsuite.c,188,global_6,global_1,N/A
runsuite.c,195,global_6,function_84,global_1
runsuite.c,243++,argument_157,global_7,N/A
runsuite.c,243,argument_157,global_8,N/A
runsuite.c,248,function_85,global_62,N/A
runsuite.c,254,function_86,global_0,N/A
runsuite.c,271++,argument_158,global_7,N/A
runsuite.c,271,argument_158,global_8,N/A
runsuite.c,276,function_85,global_62,N/A
runsuite.c,282,function_86,global_0,N/A
runsuite.c,307,argument_-1,global_8,N/A
runsuite.c,312,function_87,global_8,N/A
runsuite.c,324,function_88,global_16,N/A
runsuite.c,344,function_88,global_16,N/A
runsuite.c,349+,global_6,global_1,N/A
runsuite.c,349,function_89,function_89,N/A
runsuite.c,364,function_88,global_16,N/A
runsuite.c,370,argument_-1,global_8,N/A
runsuite.c,372,function_87,global_8,N/A
runsuite.c,377+,function_90,global_7,N/A
runsuite.c,377,function_91,global_7,N/A
runsuite.c,382,function_91,global_7,N/A
runsuite.c,383,function_90,global_7,N/A
runsuite.c,388,function_88,global_16,N/A
runsuite.c,398,function_91,global_7,N/A
runsuite.c,402,function_-1,global_7,N/A
runsuite.c,407,function_87,global_8,N/A
runsuite.c,411,function_87,global_8,N/A
runsuite.c,433,function_87,global_8,N/A
runsuite.c,437,function_87,global_8,N/A
runsuite.c,442,function_87,global_8,N/A
runsuite.c,447,function_87,global_8,N/A
runsuite.c,459,function_88,global_16,N/A
runsuite.c,471,global_6,global_1,N/A
runsuite.c,48,function_29,global_1,N/A
runsuite.c,485,function_87,global_8,N/A
runsuite.c,488,function_87,global_8,N/A
runsuite.c,494,function_9,global_7,N/A
runsuite.c,530+,global_6,global_1,N/A
runsuite.c,530,function_89,function_89,N/A
runsuite.c,537,function_9,global_7,N/A
runsuite.c,545,function_87,global_8,N/A
runsuite.c,547,function_87,global_8,N/A
runsuite.c,587+,global_6,global_1,N/A
runsuite.c,587,function_89,function_89,N/A
runsuite.c,598,function_88,global_16,N/A
runsuite.c,603+,function_89,global_1,N/A
runsuite.c,603,function_89,function_89,N/A
runsuite.c,613,global_6,global_1,N/A
runsuite.c,616,function_91,global_7,N/A
runsuite.c,622,argument_-1,global_8,N/A
runsuite.c,638,function_69,global_2,N/A
runsuite.c,645+,function_16,global_1,N/A
runsuite.c,645,function_48,global_8,N/A
runsuite.c,65,argument_159,global_7,N/A
runsuite.c,652+,function_16,global_1,N/A
runsuite.c,652,function_48,global_8,N/A
runsuite.c,657,function_48,global_8,N/A
runsuite.c,66,argument_159,global_7,N/A
runsuite.c,663,function_69,global_2,N/A
runsuite.c,670,global_6,global_1,N/A
runsuite.c,673,function_91,global_7,N/A
runsuite.c,678,function_91,global_7,N/A
runsuite.c,685,argument_-1,global_8,N/A
runsuite.c,701,function_69,global_2,N/A
runsuite.c,708+,function_16,global_1,N/A
runsuite.c,708,function_48,global_8,N/A
runsuite.c,715+,function_16,global_1,N/A
runsuite.c,715,function_48,global_8,N/A
runsuite.c,720,function_48,global_8,N/A
runsuite.c,726,function_69,global_2,N/A
runsuite.c,739,function_69,global_2,N/A
runsuite.c,746+,function_16,global_1,N/A
runsuite.c,746,function_48,global_8,N/A
runsuite.c,753+,function_16,global_1,N/A
runsuite.c,753,function_48,global_8,N/A
runsuite.c,758,function_48,global_8,N/A
runsuite.c,764,function_69,global_2,N/A
runsuite.c,804,function_83,global_1,N/A
runsuite.c,834,function_16,global_1,N/A
runsuite.c,845,function_16,global_1,N/A
runsuite.c,865,function_89,function_89,N/A
runsuite.c,901,function_83,global_1,N/A
runsuite.c,916,function_16,global_1,N/A
runsuite.c,931+,function_92,global_7,N/A
runsuite.c,939,function_87,global_8,N/A
runsuite.c,952,function_16,global_1,N/A
runsuite.c,967+,function_92,global_7,N/A
runsuite.c,987+,global_6,global_1,N/A
runsuite.c,987,function_89,function_89,N/A
runtest.c,1018,global_6,global_1,N/A
runtest.c,1038,global_6,global_1,N/A
runtest.c,1061,argument_160,global_7,N/A
runtest.c,1063,argument_160,global_7,N/A
runtest.c,1065,argument_160,global_7,N/A
runtest.c,1068,global_6,global_1,N/A
runtest.c,1087,global_6,global_1,N/A
runtest.c,1102,global_6,global_1,N/A
runtest.c,1117,global_6,global_1,N/A
runtest.c,1135,global_6,global_1,N/A
runtest.c,1138,argument_161,global_26,N/A
runtest.c,1159,global_6,global_1,N/A
runtest.c,1180,global_6,global_1,N/A
runtest.c,1200,global_6,global_1,N/A
runtest.c,1222,global_6,global_1,N/A
runtest.c,1244,global_6,global_1,N/A
runtest.c,1246,argument_164,global_7,N/A
runtest.c,1266,global_6,global_1,N/A
runtest.c,1283,global_6,global_1,N/A
runtest.c,1303,global_6,global_1,N/A
runtest.c,1326,global_6,global_1,N/A
runtest.c,1349,global_6,global_1,N/A
runtest.c,1418,global_6,global_1,N/A
runtest.c,1421,argument_165,global_7,N/A
runtest.c,1425,argument_165,global_7,N/A
runtest.c,1431,argument_165,global_26,N/A
runtest.c,1441,argument_165,global_26,N/A
runtest.c,1442,global_1,argument_165,global_1
runtest.c,1468,global_6,global_1,N/A
runtest.c,1471,argument_166,global_7,N/A
runtest.c,1475,argument_166,global_7,N/A
runtest.c,1532,argument_-1,global_26,N/A
runtest.c,1654,function_93,global_7,N/A
runtest.c,1659,global_6,global_14,N/A
runtest.c,1670,argument_167,global_1,global_1
runtest.c,1676,global_1,global_1,N/A
runtest.c,1686,argument_167,global_1,global_1
runtest.c,1691,argument_167,global_1,global_1
runtest.c,1696,global_1,global_1,N/A
runtest.c,1701,function_94,global_1,N/A
runtest.c,1707,function_93,global_7,N/A
runtest.c,1754,function_47,global_2,N/A
runtest.c,1757,function_93,global_7,N/A
runtest.c,1762,function_94,global_1,N/A
runtest.c,1775,function_47,global_2,N/A
runtest.c,1778,function_94,global_1,N/A
runtest.c,1783,function_93,global_7,N/A
runtest.c,1816,function_95,global_1,N/A
runtest.c,1822,argument_168,global_1,global_1
runtest.c,1833,argument_168,global_1,global_1
runtest.c,1841,argument_168,global_1,global_1
runtest.c,1851,argument_168,global_1,global_1
runtest.c,1858,global_1,global_1,N/A
runtest.c,1864,argument_168,global_1,global_1
runtest.c,1871+,global_1,global_1,N/A
runtest.c,1878,argument_168,global_7,N/A
runtest.c,1880,global_1,global_1,N/A
runtest.c,1913,function_95,global_1,N/A
runtest.c,1920,function_54,global_2,N/A
runtest.c,1926+,function_96,global_1,N/A
runtest.c,1961,function_69,global_2,N/A
runtest.c,1964,function_93,global_7,N/A
runtest.c,1969,function_94,global_1,N/A
runtest.c,1978,function_69,global_2,N/A
runtest.c,1981,function_94,global_1,N/A
runtest.c,1986,function_93,global_7,N/A
runtest.c,2012,argument_169,global_1,global_1
runtest.c,2017,argument_169,global_1,global_1
runtest.c,2027,argument_169,global_7,N/A
runtest.c,2028,function_-1,global_2,N/A
runtest.c,2033,argument_169,global_1,global_1
runtest.c,2041,function_-1,global_2,N/A
runtest.c,2050,argument_169,global_7,N/A
runtest.c,2056,argument_169,global_1,global_1
runtest.c,2057,global_6,global_1,N/A
runtest.c,2079,function_74,global_7,N/A
runtest.c,2091,function_75,global_7,N/A
runtest.c,2104,argument_170,global_50,N/A
runtest.c,2108,argument_170,global_7,N/A
runtest.c,2122,argument_170,global_7,N/A
runtest.c,2124,function_97,global_1,N/A
runtest.c,2138,function_97,global_1,N/A
runtest.c,2139+,argument_170,global_7,N/A
runtest.c,2143,function_97,global_1,N/A
runtest.c,2146,argument_170,global_7,N/A
runtest.c,2147,function_78,global_1,N/A
runtest.c,2161,function_97,global_1,N/A
runtest.c,2166,argument_170,global_7,N/A
runtest.c,2168,function_97,global_1,N/A
runtest.c,2218,function_69,global_2,N/A
runtest.c,2250,function_95,global_1,N/A
runtest.c,226,function_83,global_1,N/A
runtest.c,2280,argument_171,global_1,N/A
runtest.c,2287,argument_171,global_1,N/A
runtest.c,2294,function_85,global_62,N/A
runtest.c,2327,function_93,global_7,N/A
runtest.c,2332,global_6,global_14,N/A
runtest.c,2339,function_5,global_14,N/A
runtest.c,2345,function_98,global_7,N/A
runtest.c,2362,argument_-1,global_7,N/A
runtest.c,2369,function_93,global_7,N/A
runtest.c,2418,global_6,global_2,N/A
runtest.c,2431,function_-1,global_1,N/A
runtest.c,2466,global_6,global_2,N/A
runtest.c,2479,function_-1,global_1,N/A
runtest.c,249,global_6,global_1,N/A
runtest.c,2512,global_6,global_2,N/A
runtest.c,2518,function_93,global_7,N/A
runtest.c,2523,global_6,global_14,N/A
runtest.c,2533,argument_172,global_7,N/A
runtest.c,2541,function_93,global_7,N/A
runtest.c,2547,argument_172,global_7,N/A
runtest.c,256,global_6,function_84,global_1
runtest.c,2573,argument_-1,global_7,N/A
runtest.c,2575,function_99,global_1,N/A
runtest.c,2616,function_93,global_7,N/A
runtest.c,2621,function_5,global_14,N/A
runtest.c,2627,function_5,global_14,N/A
runtest.c,2630,function_93,global_7,N/A
runtest.c,2641,function_98,global_7,N/A
runtest.c,2661,argument_173,global_7,N/A
runtest.c,2663,function_94,global_1,N/A
runtest.c,2668,argument_173,global_7,N/A
runtest.c,2670,function_94,global_1,N/A
runtest.c,2676,function_93,global_7,N/A
runtest.c,271,global_6,global_1,N/A
runtest.c,2767+,function_32,global_1,N/A
runtest.c,2767,argument_-1,global_7,N/A
runtest.c,2770,function_32,global_1,N/A
runtest.c,278,global_6,function_84,global_1
runtest.c,2786+,function_32,global_1,N/A
runtest.c,2786,argument_-1,global_7,N/A
runtest.c,2789,function_32,global_1,N/A
runtest.c,2806,argument_-1,global_7,N/A
runtest.c,2826++,argument_174,global_1,N/A
runtest.c,2826+,argument_174,global_7,N/A
runtest.c,2826,argument_174,global_7,N/A
runtest.c,2829,argument_174,global_6,N/A
runtest.c,2840,function_69,global_2,N/A
runtest.c,2868,function_53,global_1,N/A
runtest.c,2877,global_6,global_1,N/A
runtest.c,2881,function_-1,global_1,N/A
runtest.c,2914,function_69,global_2,N/A
runtest.c,2920,function_93,global_7,N/A
runtest.c,2925,function_5,global_14,N/A
runtest.c,2947,argument_175,global_7,N/A
runtest.c,2948,function_94,global_1,N/A
runtest.c,2953,function_93,global_7,N/A
runtest.c,2958+,argument_175,global_7,N/A
runtest.c,2959,function_96,global_1,N/A
runtest.c,303,argument_176,global_17,N/A
runtest.c,3055,function_-1,global_64,N/A
runtest.c,3060,function_-1,global_1,N/A
runtest.c,3089,function_69,global_2,N/A
runtest.c,3095,function_93,global_7,N/A
runtest.c,3100,function_5,global_14,N/A
runtest.c,3123,argument_177,global_7,N/A
runtest.c,3124,function_94,global_1,N/A
runtest.c,3129,function_93,global_7,N/A
runtest.c,3134,argument_177,global_7,N/A
runtest.c,3135,function_96,global_1,N/A
runtest.c,3220,function_-1,global_58,N/A
runtest.c,3281+,function_32,global_1,N/A
runtest.c,3281,function_32,global_1,N/A
runtest.c,3282+,function_32,global_1,N/A
runtest.c,3282,function_32,global_1,N/A
runtest.c,3283,function_32,global_1,N/A
runtest.c,3310,function_76,global_50,N/A
runtest.c,3313,global_1,global_1,N/A
runtest.c,3320,function_-1,global_1,N/A
runtest.c,3350,function_100,global_1,N/A
runtest.c,3354,global_1,global_1,N/A
runtest.c,3359,argument_-1,global_48,N/A
runtest.c,3362,function_100,global_1,N/A
runtest.c,3366,function_101,global_1,N/A
runtest.c,3370,function_101,global_1,N/A
runtest.c,3384,function_100,global_1,N/A
runtest.c,3385+,function_-1,global_1,N/A
runtest.c,3385,function_100,global_1,N/A
runtest.c,3387,function_101,global_1,N/A
runtest.c,3433,function_83,global_1,N/A
runtest.c,3437,function_83,global_1,N/A
runtest.c,3442,function_5,global_14,N/A
runtest.c,3447,function_93,global_7,N/A
runtest.c,3452,function_5,global_14,N/A
runtest.c,3462,function_98,global_7,N/A
runtest.c,3476,function_69,global_2,N/A
runtest.c,3515,function_77,global_1,N/A
runtest.c,3519,function_77,global_1,N/A
runtest.c,3539,function_93,global_7,N/A
runtest.c,3569,function_69,global_2,N/A
runtest.c,3577,function_48,global_8,N/A
runtest.c,3584+,function_16,global_1,N/A
runtest.c,359,argument_178,global_41,N/A
runtest.c,3595,function_102,global_7,N/A
runtest.c,3602,function_103,global_65,N/A
runtest.c,3614,function_104,global_1,N/A
runtest.c,3628,function_105,global_0,N/A
runtest.c,3664,argument_179,global_7,N/A
runtest.c,3720,function_69,global_2,N/A
runtest.c,3728,function_48,global_8,N/A
runtest.c,3737,argument_180,global_7,N/A
runtest.c,3746,argument_180,global_7,N/A
runtest.c,3747,function_95,global_1,N/A
runtest.c,375,global_1,global_1,N/A
runtest.c,3764,function_106,global_1,N/A
runtest.c,3766,function_96,global_1,N/A
runtest.c,3808,function_83,global_1,N/A
runtest.c,3814,function_83,global_1,N/A
runtest.c,3818,function_83,global_1,N/A
runtest.c,3824,function_-1,global_1,N/A
runtest.c,406,global_1,global_1,N/A
runtest.c,4328,argument_181,global_-1,N/A
runtest.c,4335,function_83,global_1,N/A
runtest.c,4340,function_93,global_7,N/A
runtest.c,4350,function_93,global_7,N/A
runtest.c,4357+,function_83,global_1,N/A
runtest.c,4357,function_93,global_7,N/A
runtest.c,4359+,function_83,global_1,N/A
runtest.c,4359,function_93,global_7,N/A
runtest.c,4375,function_89,function_89,N/A
runtest.c,4376,function_89,function_89,N/A
runtest.c,4377,global_6,global_1,N/A
runtest.c,4386,function_93,global_7,N/A
runtest.c,4388,function_93,global_7,N/A
runtest.c,4416,global_6,global_1,N/A
runtest.c,4419,function_107,global_1,N/A
runtest.c,4421,global_6,global_1,N/A
runtest.c,4441,function_32,global_1,N/A
runtest.c,4443,function_32,global_1,N/A
runtest.c,4447,function_92,global_7,N/A
runtest.c,4459+,global_6,global_1,N/A
runtest.c,4459,global_6,global_1,N/A
runtest.c,470,global_1,global_1,N/A
runtest.c,486,global_1,global_1,N/A
runtest.c,491,function_15,global_1,N/A
runtest.c,498,global_1,global_1,N/A
runtest.c,550,argument_182,global_7,N/A
runtest.c,574,argument_183,global_7,N/A
runtest.c,576,argument_183,global_7,N/A
runtest.c,593,function_29,global_1,N/A
runtest.c,614,function_7,global_1,N/A
runtest.c,617,function_7,global_1,N/A
runtest.c,631,function_8,global_1,N/A
runtest.c,649,function_29,global_1,N/A
runtest.c,654,function_7,global_1,N/A
runtest.c,656,global_1,argument_184,N/A
runtest.c,662,function_8,global_1,N/A
runtest.c,674,global_1,argument_184,N/A
runtest.c,682,function_29,global_1,N/A
runtest.c,685,function_6,global_7,N/A
runtest.c,687,function_7,global_1,N/A
runtest.c,780,global_6,global_1,N/A
runtest.c,798,global_6,global_1,N/A
runtest.c,816,global_6,global_1,N/A
runtest.c,833,global_6,global_1,N/A
runtest.c,836,argument_185,global_7,N/A
runtest.c,840,argument_185,global_7,N/A
runtest.c,857,global_6,global_1,N/A
runtest.c,860,argument_186,global_7,N/A
runtest.c,864,argument_186,global_7,N/A
runtest.c,888,global_6,global_1,N/A
runtest.c,894,argument_187,global_7,N/A
runtest.c,898,argument_187,global_7,N/A
runtest.c,923,global_6,global_1,N/A
runtest.c,942,global_6,global_1,N/A
runtest.c,966,argument_188,global_7,N/A
runtest.c,968,argument_188,global_7,N/A
runtest.c,970,argument_188,global_7,N/A
runtest.c,973,global_6,global_1,N/A
runtest.c,993,global_6,global_1,N/A
runtest.c,995,argument_189,global_7,N/A
runxmlconf.c,113,global_6,global_14,N/A
runxmlconf.c,121,global_6,global_1,N/A
runxmlconf.c,132,global_6,global_1,N/A
runxmlconf.c,142,global_6,function_-1,global_1
runxmlconf.c,189,function_28,global_32,N/A
runxmlconf.c,195,function_70,global_2,N/A
runxmlconf.c,219,function_28,global_32,N/A
runxmlconf.c,225,function_70,global_2,N/A
runxmlconf.c,254,function_69,global_2,N/A
runxmlconf.c,260,global_28,global_1,N/A
runxmlconf.c,261,global_28,global_1,N/A
runxmlconf.c,278,function_69,global_2,N/A
runxmlconf.c,314,function_32,global_1,N/A
runxmlconf.c,333,function_83,global_1,N/A
runxmlconf.c,342,function_16,global_1,N/A
runxmlconf.c,348,function_16,global_1,N/A
runxmlconf.c,349,function_16,global_1,N/A
runxmlconf.c,350,function_16,global_1,N/A
runxmlconf.c,351,function_16,global_1,N/A
runxmlconf.c,352+,function_16,global_1,N/A
runxmlconf.c,360,function_16,global_1,N/A
runxmlconf.c,361,function_16,global_1,N/A
runxmlconf.c,371+,function_12,global_7,N/A
runxmlconf.c,383,function_16,global_1,N/A
runxmlconf.c,388,function_16,global_1,N/A
runxmlconf.c,391,function_16,global_1,N/A
runxmlconf.c,394,function_16,global_1,N/A
runxmlconf.c,410,function_89,function_89,N/A
runxmlconf.c,447,argument_190,global_1,N/A
runxmlconf.c,449,function_9,global_7,N/A
runxmlconf.c,457,argument_190,global_8,N/A
runxmlconf.c,460,function_16,global_1,N/A
runxmlconf.c,462,function_16,global_1,N/A
runxmlconf.c,463,function_-1,global_1,N/A
runxmlconf.c,472,global_1,global_1,N/A
runxmlconf.c,485,function_9,global_7,N/A
runxmlconf.c,491,argument_-1,global_8,N/A
runxmlconf.c,494,function_16,global_1,N/A
runxmlconf.c,520,function_83,global_1,N/A
runxmlconf.c,526,function_69,global_2,N/A
runxmlconf.c,53,function_29,global_1,N/A
runxmlconf.c,533+,function_16,global_1,N/A
runxmlconf.c,533,function_48,global_8,N/A
runxmlconf.c,556,global_6,global_14,N/A
runxmlconf.c,563+,function_32,global_1,N/A
runxmlconf.c,563,argument_0,global_1,N/A
runxmlconf.c,578+,global_6,global_1,N/A
runxmlconf.c,578,global_6,global_1,N/A
runxmlconf.c,587+,global_6,global_1,N/A
runxmlconf.c,587,global_6,global_1,N/A
runxmlconf.c,596,global_6,global_14,N/A
runxmlconf.c,70,argument_159,global_7,N/A
runxmlconf.c,71,argument_159,global_7,N/A
SAX.c,71,argument_-1,global_1,N/A
SAX2.c,1013,function_108,global_2,N/A
SAX2.c,102,argument_191,global_32,N/A
SAX2.c,1027+,function_108,global_2,N/A
SAX2.c,105,argument_191,global_32,N/A
SAX2.c,1054,argument_-1,global_7,N/A
SAX2.c,1114,function_90,global_7,N/A
SAX2.c,1115,function_16,global_1,N/A
SAX2.c,1131,function_90,global_7,N/A
SAX2.c,1140+,function_-1,global_1,N/A
SAX2.c,1140,argument_192,global_7,N/A
SAX2.c,1159,function_90,global_7,N/A
SAX2.c,1180,function_109,global_7,N/A
SAX2.c,1182,function_90,global_7,N/A
SAX2.c,1194,function_18,global_22,N/A
SAX2.c,1216,function_110,global_21,N/A
SAX2.c,1221,function_90,global_7,N/A
SAX2.c,1223,function_90,global_7,N/A
SAX2.c,1225,function_109,argument_192,N/A
SAX2.c,1240,function_109,global_7,N/A
SAX2.c,1243,function_90,global_7,N/A
SAX2.c,1259,function_18,global_22,N/A
SAX2.c,1279,function_110,global_21,N/A
SAX2.c,1284,function_90,global_7,N/A
SAX2.c,1286,function_90,global_7,N/A
SAX2.c,1288,function_109,argument_192,N/A
SAX2.c,1306,function_16,global_1,N/A
SAX2.c,1308,function_16,global_1,N/A
SAX2.c,1327,function_-1,global_18,N/A
SAX2.c,1339,argument_192,global_7,N/A
SAX2.c,1363,function_109,global_7,N/A
SAX2.c,1376,function_-1,global_7,N/A
SAX2.c,1398,function_16,global_1,N/A
SAX2.c,140,argument_193,global_32,N/A
SAX2.c,1404,function_111,global_1,N/A
SAX2.c,1410,function_-1,global_1,N/A
SAX2.c,1412,function_-1,global_1,N/A
SAX2.c,1417,function_90,global_7,N/A
SAX2.c,143,argument_193,global_32,N/A
SAX2.c,1437,function_-1,global_66,N/A
SAX2.c,1444,function_-1,global_66,N/A
SAX2.c,1460,function_112,global_67,N/A
SAX2.c,1470,function_90,global_7,N/A
SAX2.c,1480,argument_194,global_26,N/A
SAX2.c,1484,function_16,global_1,N/A
SAX2.c,149,argument_193,global_32,N/A
SAX2.c,1522,function_16,global_1,N/A
SAX2.c,1524,function_16,global_1,N/A
SAX2.c,1531+,function_112,global_67,N/A
SAX2.c,1536,function_113,global_7,N/A
SAX2.c,1546,argument_194,global_26,N/A
SAX2.c,1550,function_16,global_1,N/A
SAX2.c,1597+,argument_195,global_7,N/A
SAX2.c,1597,argument_195,global_7,N/A
SAX2.c,1631,function_-1,global_8,N/A
SAX2.c,1695,argument_195,global_26,N/A
SAX2.c,171,argument_196,global_32,N/A
SAX2.c,1716,function_26,global_21,N/A
SAX2.c,1718+,function_26,global_21,N/A
SAX2.c,1729,function_26,global_21,N/A
SAX2.c,1736,argument_195,global_26,N/A
SAX2.c,174,argument_196,global_32,N/A
SAX2.c,1770,function_114,global_1,N/A
SAX2.c,1772,function_114,global_1,N/A
SAX2.c,1797,argument_-1,global_7,N/A
SAX2.c,1870,argument_197,global_1,N/A
SAX2.c,1877,argument_197,global_1,N/A
SAX2.c,1980,argument_198,global_7,N/A
SAX2.c,2013+,global_6,global_33,N/A
SAX2.c,2013,global_6,global_1,N/A
SAX2.c,2039,function_115,global_8,N/A
SAX2.c,2047,function_115,global_8,N/A
SAX2.c,2055,argument_198,global_7,N/A
SAX2.c,2061,function_115,global_8,N/A
SAX2.c,2105,function_113,global_7,N/A
SAX2.c,2113+,function_113,argument_198,N/A
SAX2.c,2115,function_-1,global_7,N/A
SAX2.c,2156,function_111,global_1,N/A
SAX2.c,2164,function_-1,global_1,N/A
SAX2.c,2169,function_-1,global_1,N/A
SAX2.c,220,argument_199,global_32,N/A
SAX2.c,2215,argument_200,global_7,N/A
SAX2.c,223,argument_199,global_32,N/A
SAX2.c,2234+,argument_200,global_7,N/A
SAX2.c,2234,argument_200,global_7,N/A
SAX2.c,2239,function_116,global_7,N/A
SAX2.c,2267+,global_6,global_33,N/A
SAX2.c,2267,global_6,global_1,N/A
SAX2.c,2302,function_110,global_21,N/A
SAX2.c,2309,argument_200,global_7,N/A
SAX2.c,2348,argument_200,global_1,N/A
SAX2.c,2356,argument_200,global_7,N/A
SAX2.c,2358+,function_16,global_1,N/A
SAX2.c,2363,function_110,global_21,N/A
SAX2.c,2368,argument_200,global_7,N/A
SAX2.c,2382,argument_200,global_1,N/A
SAX2.c,2383,global_1,argument_200,N/A
SAX2.c,2393,function_116,global_7,N/A
SAX2.c,2423,function_114,global_1,N/A
SAX2.c,2425,function_114,global_1,N/A
SAX2.c,2453,argument_-1,global_7,N/A
SAX2.c,2489,argument_201,global_7,N/A
SAX2.c,2502,function_-1,global_8,N/A
SAX2.c,2521,argument_202,global_7,N/A
SAX2.c,2578,function_50,global_1,N/A
SAX2.c,259,argument_-1,global_7,N/A
SAX2.c,2613,function_-1,global_1,N/A
SAX2.c,275,argument_-1,global_7,N/A
SAX2.c,291,argument_-1,global_7,N/A
SAX2.c,307,argument_-1,global_7,N/A
SAX2.c,358,argument_-1,global_7,N/A
SAX2.c,368,function_117,global_40,N/A
SAX2.c,395,argument_203,global_7,N/A
SAX2.c,401+,argument_203,global_7,N/A
SAX2.c,401,argument_203,global_7,N/A
SAX2.c,496,function_50,global_1,N/A
SAX2.c,525,argument_-1,global_7,N/A
SAX2.c,540,function_118,global_7,N/A
SAX2.c,560,argument_-1,global_7,N/A
SAX2.c,607,function_111,global_1,N/A
SAX2.c,618+,function_12,global_7,N/A
SAX2.c,63,argument_-1,global_32,N/A
SAX2.c,640,argument_-1,global_7,N/A
SAX2.c,669,argument_204,global_7,N/A
SAX2.c,678,function_119,global_39,N/A
SAX2.c,682++,argument_204,global_7,N/A
SAX2.c,682,function_119,global_39,N/A
SAX2.c,697,function_119,global_39,N/A
SAX2.c,701++,argument_204,global_7,N/A
SAX2.c,701,function_119,global_39,N/A
SAX2.c,749,function_16,global_1,N/A
SAX2.c,750,argument_-1,global_1,N/A
SAX2.c,780,function_-1,global_67,N/A
SAX2.c,861+,argument_205,global_7,N/A
SAX2.c,861,argument_205,global_7,N/A
SAX2.c,904,argument_206,global_7,N/A
SAX2.c,914,function_119,global_39,N/A
SAX2.c,918++,argument_206,global_7,N/A
SAX2.c,918,function_119,global_39,N/A
SAX2.c,934,function_119,global_39,N/A
SAX2.c,938++,argument_206,global_7,N/A
SAX2.c,938,function_119,global_39,N/A
SAX2.c,987,argument_-1,global_7,N/A
schematron.c,1084,argument_-1,global_68,N/A
schematron.c,1095,function_69,global_2,N/A
schematron.c,1106,function_69,global_2,N/A
schematron.c,1132,function_48,global_8,N/A
schematron.c,1142+++++,function_16,global_1,N/A
schematron.c,1142++++,function_16,global_1,N/A
schematron.c,1142+++,function_16,global_1,N/A
schematron.c,1142,function_48,global_8,N/A
schematron.c,1158++++,function_16,global_1,N/A
schematron.c,1158+++,function_16,global_1,N/A
schematron.c,1159+++++,function_16,global_1,N/A
schematron.c,1159++++,function_16,global_1,N/A
schematron.c,1159+++,function_16,global_1,N/A
schematron.c,1161,function_102,global_7,N/A
schematron.c,1166++++,function_16,global_1,N/A
schematron.c,1166+++,function_16,global_1,N/A
schematron.c,1168+++++,function_16,global_1,N/A
schematron.c,1168++++,function_16,global_1,N/A
schematron.c,1168+++,function_16,global_1,N/A
schematron.c,1171,function_120,global_7,N/A
schematron.c,1176,function_120,global_7,N/A
schematron.c,1181+,function_120,global_7,N/A
schematron.c,1181,function_120,global_7,N/A
schematron.c,1186,function_120,global_7,N/A
schematron.c,1188,function_120,global_7,N/A
schematron.c,1191++++,function_16,global_1,N/A
schematron.c,1191+++,function_16,global_1,N/A
schematron.c,1194+++++,function_16,global_1,N/A
schematron.c,1194++++,function_16,global_1,N/A
schematron.c,1194+++,function_16,global_1,N/A
schematron.c,1203++++,function_16,global_1,N/A
schematron.c,1203+++,function_16,global_1,N/A
schematron.c,1248++,argument_207,global_7,N/A
schematron.c,1248+,argument_207,global_8,N/A
schematron.c,1248,argument_207,global_70,N/A
schematron.c,1254,function_0,global_0,N/A
schematron.c,1298+,argument_208,global_8,N/A
schematron.c,1298,argument_208,global_8,N/A
schematron.c,1306+++++,function_16,global_1,N/A
schematron.c,1306++++,function_16,global_1,N/A
schematron.c,1306+++,function_16,global_1,N/A
schematron.c,1312,function_120,global_7,N/A
schematron.c,1314,argument_208,global_8,N/A
schematron.c,1338,function_15,global_1,N/A
schematron.c,1344,function_15,global_1,N/A
schematron.c,1372++,argument_209,global_71,N/A
schematron.c,1372+,argument_209,global_8,N/A
schematron.c,1372,argument_209,global_70,N/A
schematron.c,1387+,argument_209,global_1,N/A
schematron.c,1392,function_41,global_7,N/A
schematron.c,1415,argument_209,global_70,N/A
schematron.c,1427,argument_209,global_72,N/A
schematron.c,1437,function_41,global_7,N/A
schematron.c,1452+,argument_210,global_72,N/A
schematron.c,1452,argument_210,global_70,N/A
schematron.c,1487,argument_-1,global_70,N/A
schematron.c,1546,argument_-1,global_70,N/A
schematron.c,1580,argument_211,global_8,N/A
schematron.c,1586,argument_211,global_8,N/A
schematron.c,1612,function_86,global_0,N/A
schematron.c,1626,function_2,global_1,N/A
schematron.c,1673,argument_212,global_70,N/A
schematron.c,1674+,argument_212,global_2,N/A
schematron.c,1678,function_48,global_8,N/A
schematron.c,1690,function_48,global_8,N/A
schematron.c,1693,function_121,global_1,N/A
schematron.c,1721,function_48,global_8,N/A
schematron.c,1724,function_121,global_1,N/A
schematron.c,231,argument_-1,global_68,N/A
schematron.c,256,argument_-1,global_68,N/A
schematron.c,279,argument_-1,global_70,N/A
schematron.c,315++,argument_213,global_8,N/A
schematron.c,315+,argument_213,global_73,N/A
schematron.c,315,argument_213,global_68,N/A
schematron.c,316,argument_213,global_7,N/A
schematron.c,323,function_-1,global_62,N/A
schematron.c,365,argument_-1,global_71,N/A
schematron.c,398++,argument_214,global_8,N/A
schematron.c,398+,argument_214,global_69,N/A
schematron.c,398,argument_214,global_68,N/A
schematron.c,399,argument_214,global_7,N/A
schematron.c,407,function_-1,global_49,N/A
schematron.c,457,argument_-1,global_73,N/A
schematron.c,489+++,argument_215,global_7,N/A
schematron.c,489++,argument_215,global_8,N/A
schematron.c,489+,argument_215,global_69,N/A
schematron.c,489,argument_215,global_68,N/A
schematron.c,522,argument_-1,global_72,N/A
schematron.c,565,argument_-1,global_69,N/A
schematron.c,594,argument_-1,global_7,N/A
schematron.c,636+,argument_216,global_1,N/A
schematron.c,636,argument_216,global_7,N/A
schematron.c,675,argument_-1,global_2,N/A
schematron.c,711,argument_-1,global_68,N/A
schematron.c,861+,argument_217,global_8,N/A
schematron.c,861,argument_217,global_68,N/A
schematron.c,864,function_120,global_7,N/A
schematron.c,880,function_-1,global_73,N/A
schematron.c,887++++,function_16,global_1,N/A
schematron.c,887+++,function_16,global_1,N/A
schematron.c,889+++++,function_16,global_1,N/A
schematron.c,889++++,function_16,global_1,N/A
schematron.c,889+++,function_16,global_1,N/A
schematron.c,892,function_120,global_7,N/A
schematron.c,909,function_-1,global_71,N/A
schematron.c,912+++++,function_16,global_1,N/A
schematron.c,912++++,function_16,global_1,N/A
schematron.c,912+++,function_16,global_1,N/A
schematron.c,915,function_120,global_7,N/A
schematron.c,932,function_-1,global_71,N/A
schematron.c,942++++,function_16,global_1,N/A
schematron.c,942+++,function_16,global_1,N/A
schematron.c,966+,argument_218,global_8,N/A
schematron.c,966,argument_218,global_68,N/A
schematron.c,969,function_120,global_7,N/A
schematron.c,973,function_-1,global_72,N/A
schematron.c,974,function_120,global_7,N/A
schematron.c,979++++,function_16,global_1,N/A
schematron.c,979+++,function_16,global_1,N/A
schematron.c,981+++++,function_16,global_1,N/A
schematron.c,981++++,function_16,global_1,N/A
schematron.c,981+++,function_16,global_1,N/A
schematron.c,990++++,function_16,global_1,N/A
schematron.c,990+++,function_16,global_1,N/A
testapi.c,10027,function_122,function_122,N/A
testapi.c,10078,function_122,function_122,N/A
testapi.c,101,global_6,global_8,N/A
testapi.c,10126,function_122,function_122,N/A
testapi.c,1013,argument_219,global_1,N/A
testapi.c,1014,argument_219,global_1,N/A
testapi.c,1015,argument_219,global_1,N/A
testapi.c,1016,argument_219,global_1,N/A
testapi.c,10182,function_122,function_122,N/A
testapi.c,1025,argument_220,global_1,N/A
testapi.c,10252,function_122,function_122,N/A
testapi.c,1026,argument_220,global_1,N/A
testapi.c,1027,argument_220,global_1,N/A
testapi.c,1028,argument_220,global_1,N/A
testapi.c,10306,function_122,function_122,N/A
testapi.c,10357,function_122,function_122,N/A
testapi.c,1037,argument_221,global_1,N/A
testapi.c,1038,argument_221,global_1,N/A
testapi.c,1039,argument_221,global_1,N/A
testapi.c,104,global_6,global_8,N/A
testapi.c,1040,argument_221,global_1,N/A
testapi.c,10415,function_122,function_122,N/A
testapi.c,10495,function_122,function_122,N/A
testapi.c,1053,argument_222,global_1,N/A
testapi.c,1054,argument_222,global_1,N/A
testapi.c,10542,function_122,function_122,N/A
testapi.c,1055,argument_222,global_1,N/A
testapi.c,1056,argument_222,global_1,N/A
testapi.c,10600,function_122,function_122,N/A
testapi.c,10665,function_122,function_122,N/A
testapi.c,10692,global_6,global_1,N/A
testapi.c,1071,argument_223,global_1,N/A
testapi.c,1072,argument_223,global_1,N/A
testapi.c,1073,argument_223,global_1,N/A
testapi.c,10747,function_122,function_122,N/A
testapi.c,10784,function_122,function_122,N/A
testapi.c,10816,function_122,function_122,N/A
testapi.c,10860,function_122,function_122,N/A
testapi.c,1087,argument_224,global_1,N/A
testapi.c,1088,argument_224,global_1,N/A
testapi.c,1089,argument_224,global_1,N/A
testapi.c,1090,argument_224,global_1,N/A
testapi.c,10914,function_122,function_122,N/A
testapi.c,10971,function_122,function_122,N/A
testapi.c,1099,argument_225,global_1,N/A
testapi.c,1100,argument_225,global_1,N/A
testapi.c,11008,function_122,function_122,N/A
testapi.c,1101,argument_225,global_1,N/A
testapi.c,1102,argument_225,global_1,N/A
testapi.c,11040,function_122,function_122,N/A
testapi.c,11070,function_122,function_122,N/A
testapi.c,11107,function_122,function_122,N/A
testapi.c,1111,argument_226,global_1,N/A
testapi.c,1112,argument_226,global_1,N/A
testapi.c,1113,argument_226,global_1,N/A
testapi.c,1114,argument_226,global_1,N/A
testapi.c,11146,function_122,function_122,N/A
testapi.c,11185,function_122,function_122,N/A
testapi.c,11224,function_122,function_122,N/A
testapi.c,11263,function_122,function_122,N/A
testapi.c,1127,argument_227,global_1,N/A
testapi.c,1128,argument_227,global_1,N/A
testapi.c,1129,argument_227,global_1,N/A
testapi.c,11295,function_122,function_122,N/A
testapi.c,1130,argument_227,global_1,N/A
testapi.c,11332,function_122,function_122,N/A
testapi.c,11381,function_122,function_122,N/A
testapi.c,11415,function_122,function_122,N/A
testapi.c,11445,function_122,function_122,N/A
testapi.c,1145,argument_228,global_1,N/A
testapi.c,1146,argument_228,global_1,N/A
testapi.c,1147,argument_228,global_1,N/A
testapi.c,11472,global_6,global_1,N/A
testapi.c,1148,argument_228,global_1,N/A
testapi.c,11523,function_122,function_122,N/A
testapi.c,11550,function_122,function_122,N/A
testapi.c,11582,function_122,function_122,N/A
testapi.c,11621,function_122,function_122,N/A
testapi.c,11662,function_122,function_122,N/A
testapi.c,11718,function_122,function_122,N/A
testapi.c,11755,function_122,function_122,N/A
testapi.c,11797,function_122,function_122,N/A
testapi.c,11831,function_122,function_122,N/A
testapi.c,11912,function_122,function_122,N/A
testapi.c,11956,function_122,function_122,N/A
testapi.c,12022,function_122,function_122,N/A
testapi.c,12042,global_6,global_1,N/A
testapi.c,12086,function_122,function_122,N/A
testapi.c,12113,function_122,function_122,N/A
testapi.c,12145,function_122,function_122,N/A
testapi.c,12179,function_122,function_122,N/A
testapi.c,12230,function_122,function_122,N/A
testapi.c,12261,function_122,function_122,N/A
testapi.c,12293,function_122,function_122,N/A
testapi.c,12332,function_122,function_122,N/A
testapi.c,12378,function_122,function_122,N/A
testapi.c,12426,function_122,function_122,N/A
testapi.c,12474,function_122,function_122,N/A
testapi.c,12513,function_122,function_122,N/A
testapi.c,12556,global_6,global_1,N/A
testapi.c,12595,function_122,function_122,N/A
testapi.c,12625,function_122,function_122,N/A
testapi.c,12655,function_122,function_122,N/A
testapi.c,12687,function_122,function_122,N/A
testapi.c,12740,function_122,function_122,N/A
testapi.c,12801,function_122,function_122,N/A
testapi.c,12856,function_122,function_122,N/A
testapi.c,12919,function_122,function_122,N/A
testapi.c,12959,function_122,function_122,N/A
testapi.c,13011,function_122,function_122,N/A
testapi.c,13056,function_122,function_122,N/A
testapi.c,13112,function_122,function_122,N/A
testapi.c,13164,function_122,function_122,N/A
testapi.c,13200,function_122,function_122,N/A
testapi.c,13270,function_122,function_122,N/A
testapi.c,1329,function_122,function_122,N/A
testapi.c,13295,function_122,function_122,N/A
testapi.c,13325,function_122,function_122,N/A
testapi.c,13357,function_122,function_122,N/A
testapi.c,13389,function_122,function_122,N/A
testapi.c,13431,function_122,function_122,N/A
testapi.c,13471,function_-1,global_17,N/A
testapi.c,13478,function_122,function_122,N/A
testapi.c,13509,function_122,function_122,N/A
testapi.c,13564,function_123,global_-1,N/A
testapi.c,13578,function_122,function_122,N/A
testapi.c,13644,function_123,global_-1,N/A
testapi.c,13659,function_122,function_122,N/A
testapi.c,13714,function_124,global_32,N/A
testapi.c,13722,function_122,function_122,N/A
testapi.c,13776,function_122,function_122,N/A
testapi.c,13821,function_122,function_122,N/A
testapi.c,13859,function_122,function_122,N/A
testapi.c,13889,function_124,global_32,N/A
testapi.c,1389,function_122,function_122,N/A
testapi.c,13894,function_122,function_122,N/A
testapi.c,13928,function_122,function_122,N/A
testapi.c,13958,function_124,global_32,N/A
testapi.c,13963,function_122,function_122,N/A
testapi.c,14027,function_122,function_122,N/A
testapi.c,14075,function_122,function_122,N/A
testapi.c,14129,function_122,function_122,N/A
testapi.c,14176,function_122,function_122,N/A
testapi.c,14222,function_122,function_122,N/A
testapi.c,14275,function_122,function_122,N/A
testapi.c,143,argument_0,global_1,N/A
testapi.c,14321,function_122,function_122,N/A
testapi.c,14367,function_122,function_122,N/A
testapi.c,144,function_32,global_1,N/A
testapi.c,14406,function_122,function_122,N/A
testapi.c,14440,function_122,function_122,N/A
testapi.c,1447,function_122,function_122,N/A
testapi.c,14487,function_122,function_122,N/A
testapi.c,14535,function_122,function_122,N/A
testapi.c,14591,function_122,function_122,N/A
testapi.c,146,argument_0,global_1,N/A
testapi.c,14633,function_122,function_122,N/A
testapi.c,14669,function_122,function_122,N/A
testapi.c,14710,function_122,function_122,N/A
testapi.c,14758,function_122,function_122,N/A
testapi.c,14808,function_122,function_122,N/A
testapi.c,14853,function_122,function_122,N/A
testapi.c,1490,function_122,function_122,N/A
testapi.c,14901,function_122,function_122,N/A
testapi.c,14956,function_122,function_122,N/A
testapi.c,15013,function_122,function_122,N/A
testapi.c,15075,function_122,function_122,N/A
testapi.c,15123,function_123,global_-1,N/A
testapi.c,15134,function_122,function_122,N/A
testapi.c,15182,function_123,global_-1,N/A
testapi.c,15194,function_122,function_122,N/A
testapi.c,15256,function_122,function_122,N/A
testapi.c,15304,function_122,function_122,N/A
testapi.c,15341,function_122,function_122,N/A
testapi.c,15374,function_122,function_122,N/A
testapi.c,15391,global_6,global_1,N/A
testapi.c,15485,function_122,function_122,N/A
testapi.c,15514,function_122,function_122,N/A
testapi.c,15545,function_122,function_122,N/A
testapi.c,15582,function_122,function_122,N/A
testapi.c,1561,function_122,function_122,N/A
testapi.c,15616,function_122,function_122,N/A
testapi.c,15653,function_122,function_122,N/A
testapi.c,15687,function_122,function_122,N/A
testapi.c,15724,function_122,function_122,N/A
testapi.c,15758,function_122,function_122,N/A
testapi.c,15800,function_122,function_122,N/A
testapi.c,15841,function_122,function_122,N/A
testapi.c,15885,function_122,function_122,N/A
testapi.c,159+,function_89,global_1,N/A
testapi.c,159,function_122,global_1,N/A
testapi.c,15921,function_122,function_122,N/A
testapi.c,15958,function_122,function_122,N/A
testapi.c,15997,function_122,function_122,N/A
testapi.c,16036,function_122,function_122,N/A
testapi.c,16073,function_122,function_122,N/A
testapi.c,16107,function_122,function_122,N/A
testapi.c,16144,function_122,function_122,N/A
testapi.c,16183,function_122,function_122,N/A
testapi.c,16217,function_122,function_122,N/A
testapi.c,1625,function_122,function_122,N/A
testapi.c,16254,function_122,function_122,N/A
testapi.c,16286,function_122,function_122,N/A
testapi.c,16316,function_122,function_122,N/A
testapi.c,16348,function_122,function_122,N/A
testapi.c,16385,function_122,function_122,N/A
testapi.c,164,function_-1,global_1,N/A
testapi.c,16439,function_122,function_122,N/A
testapi.c,16485,function_122,function_122,N/A
testapi.c,16546,function_122,function_122,N/A
testapi.c,16618,function_122,function_122,N/A
testapi.c,16667,function_122,function_122,N/A
testapi.c,16711,function_122,function_122,N/A
testapi.c,16752,function_122,function_122,N/A
testapi.c,16771,global_6,global_1,N/A
testapi.c,16831,function_122,function_122,N/A
testapi.c,16880,function_122,function_122,N/A
testapi.c,16916,function_122,function_122,N/A
testapi.c,16950,function_122,function_122,N/A
testapi.c,16984,function_122,function_122,N/A
testapi.c,17038,function_122,function_122,N/A
testapi.c,17082,function_122,function_122,N/A
testapi.c,17130,function_122,function_122,N/A
testapi.c,17183,function_122,function_122,N/A
testapi.c,17223,function_122,function_122,N/A
testapi.c,17241,global_6,global_1,N/A
testapi.c,17292,function_122,function_122,N/A
testapi.c,17331,function_122,function_122,N/A
testapi.c,1735,function_122,function_122,N/A
testapi.c,17412,function_122,function_122,N/A
testapi.c,17477,function_122,function_122,N/A
testapi.c,17512,function_122,function_122,N/A
testapi.c,17544,function_122,function_122,N/A
testapi.c,17583,function_122,function_122,N/A
testapi.c,17619,function_122,function_122,N/A
testapi.c,17718,function_122,function_122,N/A
testapi.c,17764,function_122,function_122,N/A
testapi.c,1777,function_122,function_122,N/A
testapi.c,17812,function_122,function_122,N/A
testapi.c,17860,function_122,function_122,N/A
testapi.c,17908,function_122,function_122,N/A
testapi.c,17951,function_122,function_122,N/A
testapi.c,17971,global_6,global_1,N/A
testapi.c,18001,global_6,global_1,N/A
testapi.c,18122,function_122,function_122,N/A
testapi.c,18142,global_6,global_1,N/A
testapi.c,1816,function_122,function_122,N/A
testapi.c,18174,function_-1,global_8,N/A
testapi.c,18180,function_122,function_122,N/A
testapi.c,18214,function_-1,global_8,N/A
testapi.c,18220,function_122,function_122,N/A
testapi.c,18254,function_-1,global_8,N/A
testapi.c,18260,function_122,function_122,N/A
testapi.c,18295,function_-1,global_8,N/A
testapi.c,18301,function_122,function_122,N/A
testapi.c,18336,function_-1,global_8,N/A
testapi.c,18342,function_122,function_122,N/A
testapi.c,18391,function_122,function_122,N/A
testapi.c,18438,function_122,function_122,N/A
testapi.c,18477,function_122,function_122,N/A
testapi.c,18521,function_122,function_122,N/A
testapi.c,1857,function_122,function_122,N/A
testapi.c,18602,function_122,function_122,N/A
testapi.c,18648,function_122,function_122,N/A
testapi.c,18689,function_122,function_122,N/A
testapi.c,18728,function_122,function_122,N/A
testapi.c,18769,function_122,function_122,N/A
testapi.c,18796,function_122,function_122,N/A
testapi.c,18846,function_122,function_122,N/A
testapi.c,18876,function_122,function_122,N/A
testapi.c,18913,function_122,function_122,N/A
testapi.c,18947,function_122,function_122,N/A
testapi.c,1898,function_122,function_122,N/A
testapi.c,18984,function_122,function_122,N/A
testapi.c,19017+,function_-1,global_1,N/A
testapi.c,19017,function_-1,global_16,N/A
testapi.c,19022,function_122,function_122,N/A
testapi.c,19061,function_122,function_122,N/A
testapi.c,19098,function_122,function_122,N/A
testapi.c,19135,function_122,function_122,N/A
testapi.c,19172,function_122,function_122,N/A
testapi.c,19214+,function_113,function_-1,N/A
testapi.c,19214,function_113,global_7,N/A
testapi.c,19215+,function_113,function_-1,N/A
testapi.c,19215,function_113,function_-1,N/A
testapi.c,19225,function_122,function_122,N/A
testapi.c,19264,function_122,function_122,N/A
testapi.c,19303,function_122,function_122,N/A
testapi.c,19339,function_122,function_122,N/A
testapi.c,19368,function_-1,global_21,N/A
testapi.c,19373,function_122,function_122,N/A
testapi.c,19401,function_-1,global_21,N/A
testapi.c,19406,function_122,function_122,N/A
testapi.c,19443,function_122,function_122,N/A
testapi.c,19477,function_122,function_122,N/A
testapi.c,19514,function_122,function_122,N/A
testapi.c,1954,function_122,function_122,N/A
testapi.c,19553,function_122,function_122,N/A
testapi.c,19602,function_122,function_122,N/A
testapi.c,19663,function_125,global_8,N/A
testapi.c,19673,function_122,function_122,N/A
testapi.c,19750,function_122,function_122,N/A
testapi.c,19816,function_122,function_122,N/A
testapi.c,19867,function_122,function_122,N/A
testapi.c,19915,function_122,function_122,N/A
testapi.c,19956,function_122,function_122,N/A
testapi.c,1996,function_122,function_122,N/A
testapi.c,19996,function_122,function_122,N/A
testapi.c,20045,function_122,function_122,N/A
testapi.c,20103,function_122,function_122,N/A
testapi.c,20153,function_122,function_122,N/A
testapi.c,20204,function_122,function_122,N/A
testapi.c,20254,function_122,function_122,N/A
testapi.c,20291,function_122,function_122,N/A
testapi.c,2030,function_122,function_122,N/A
testapi.c,20324,function_-1,global_2,N/A
testapi.c,20330,function_122,function_122,N/A
testapi.c,20374,function_122,function_122,N/A
testapi.c,20412,function_122,function_122,N/A
testapi.c,20440,function_122,function_122,N/A
testapi.c,20465,function_122,function_122,N/A
testapi.c,20495,function_122,function_122,N/A
testapi.c,20527,function_122,function_122,N/A
testapi.c,20559,function_122,function_122,N/A
testapi.c,20591,function_122,function_122,N/A
testapi.c,20628,function_122,function_122,N/A
testapi.c,2064,function_122,function_122,N/A
testapi.c,20663,function_122,function_122,N/A
testapi.c,20716,function_122,function_122,N/A
testapi.c,20757,function_122,function_122,N/A
testapi.c,20801,function_122,function_122,N/A
testapi.c,20842,function_122,function_122,N/A
testapi.c,20876,function_122,function_122,N/A
testapi.c,20913,function_122,function_122,N/A
testapi.c,20948,function_122,function_122,N/A
testapi.c,20991,function_122,function_122,N/A
testapi.c,2103,function_122,function_122,N/A
testapi.c,21032,function_122,function_122,N/A
testapi.c,21083,function_122,function_122,N/A
testapi.c,21123,function_122,function_122,N/A
testapi.c,21155,function_122,function_122,N/A
testapi.c,21192,function_122,function_122,N/A
testapi.c,21227,function_122,function_122,N/A
testapi.c,21275,function_122,function_122,N/A
testapi.c,21328,function_122,function_122,N/A
testapi.c,21376,function_122,function_122,N/A
testapi.c,2139,function_122,function_122,N/A
testapi.c,21422,function_122,function_122,N/A
testapi.c,21475,function_122,function_122,N/A
testapi.c,21520,function_122,function_122,N/A
testapi.c,21564,function_122,function_122,N/A
testapi.c,21615,function_122,function_122,N/A
testapi.c,21658,function_122,function_122,N/A
testapi.c,2168,function_122,function_122,N/A
testapi.c,21697,function_122,function_122,N/A
testapi.c,21735+,function_110,global_21,N/A
testapi.c,21735,function_125,global_8,N/A
testapi.c,21742,function_122,function_122,N/A
testapi.c,21793,function_122,function_122,N/A
testapi.c,21846,function_122,function_122,N/A
testapi.c,21889,function_122,function_122,N/A
testapi.c,21935,function_122,function_122,N/A
testapi.c,21978,function_122,function_122,N/A
testapi.c,22012,function_122,function_122,N/A
testapi.c,2205,function_122,function_122,N/A
testapi.c,22061,function_122,function_122,N/A
testapi.c,22106,function_122,function_122,N/A
testapi.c,22141,function_122,function_122,N/A
testapi.c,22177,function_122,function_122,N/A
testapi.c,22219,function_122,function_122,N/A
testapi.c,22260,function_122,function_122,N/A
testapi.c,22315,function_122,function_122,N/A
testapi.c,22380,function_122,function_122,N/A
testapi.c,2241,function_122,function_122,N/A
testapi.c,22428,function_122,function_122,N/A
testapi.c,22462,function_122,function_122,N/A
testapi.c,22494,function_122,function_122,N/A
testapi.c,22526,function_122,function_122,N/A
testapi.c,22558,function_122,function_122,N/A
testapi.c,22601,function_122,function_122,N/A
testapi.c,22648,function_122,function_122,N/A
testapi.c,22688,function_122,function_122,N/A
testapi.c,22726,function_122,function_122,N/A
testapi.c,22769,function_122,function_122,N/A
testapi.c,22810,function_122,function_122,N/A
testapi.c,2283,function_-1,global_32,N/A
testapi.c,22849,function_122,function_122,N/A
testapi.c,22888,function_122,function_122,N/A
testapi.c,2291,function_122,function_122,N/A
testapi.c,22924,function_122,function_122,N/A
testapi.c,22964,function_122,function_122,N/A
testapi.c,23001,function_122,function_122,N/A
testapi.c,23034,function_-1,global_8,N/A
testapi.c,23037,function_125,global_8,N/A
testapi.c,23046,function_122,function_122,N/A
testapi.c,23087,function_122,function_122,N/A
testapi.c,23133,function_122,function_122,N/A
testapi.c,23182,function_122,function_122,N/A
testapi.c,23230,function_122,function_122,N/A
testapi.c,23283,function_122,function_122,N/A
testapi.c,23339,function_122,function_122,N/A
testapi.c,2336,function_122,function_122,N/A
testapi.c,23388,function_122,function_122,N/A
testapi.c,23434,function_122,function_122,N/A
testapi.c,23468,function_122,function_122,N/A
testapi.c,23498,function_122,function_122,N/A
testapi.c,23533,function_122,function_122,N/A
testapi.c,23570,function_122,function_122,N/A
testapi.c,236,argument_229,global_1,N/A
testapi.c,23620,function_122,function_122,N/A
testapi.c,23670,function_122,function_122,N/A
testapi.c,2368,function_-1,global_32,N/A
testapi.c,237,argument_229,global_1,N/A
testapi.c,23712,function_122,function_122,N/A
testapi.c,2373,function_122,function_122,N/A
testapi.c,23751,function_122,function_122,N/A
testapi.c,23790,function_122,function_122,N/A
testapi.c,23834,function_122,function_122,N/A
testapi.c,23880,function_122,function_122,N/A
testapi.c,23916,function_-1,global_8,N/A
testapi.c,23924,function_122,function_122,N/A
testapi.c,23969,function_122,function_122,N/A
testapi.c,24012,function_122,function_122,N/A
testapi.c,2405,function_122,function_122,N/A
testapi.c,24054,function_122,function_122,N/A
testapi.c,24097,function_122,function_122,N/A
testapi.c,24140,function_122,function_122,N/A
testapi.c,24183,function_122,function_122,N/A
testapi.c,24204,global_6,global_1,N/A
testapi.c,24383,function_122,function_122,N/A
testapi.c,24422,function_122,function_122,N/A
testapi.c,2444,function_122,function_122,N/A
testapi.c,24456,function_122,function_122,N/A
testapi.c,24498,function_122,function_122,N/A
testapi.c,24562,function_122,function_122,N/A
testapi.c,24596,function_122,function_122,N/A
testapi.c,24631,function_122,function_122,N/A
testapi.c,24665,function_122,function_122,N/A
testapi.c,24697,function_122,function_122,N/A
testapi.c,247,argument_230,global_1,N/A
testapi.c,24734,function_122,function_122,N/A
testapi.c,24763,global_6,global_1,N/A
testapi.c,248,argument_230,global_1,N/A
testapi.c,24842,function_122,function_122,N/A
testapi.c,249,argument_230,global_1,N/A
testapi.c,24910,function_122,function_122,N/A
testapi.c,250,argument_230,global_1,N/A
testapi.c,25002,function_122,function_122,N/A
testapi.c,25036,function_122,function_122,N/A
testapi.c,25133,function_122,function_122,N/A
testapi.c,25172,function_122,function_122,N/A
testapi.c,25218,function_122,function_122,N/A
testapi.c,25257,function_122,function_122,N/A
testapi.c,2526,function_122,function_122,N/A
testapi.c,25303,function_122,function_122,N/A
testapi.c,25342,function_122,function_122,N/A
testapi.c,25387,function_122,function_122,N/A
testapi.c,25428,function_122,function_122,N/A
testapi.c,25487,function_122,function_122,N/A
testapi.c,25535,function_122,function_122,N/A
testapi.c,25576,function_122,function_122,N/A
testapi.c,25630,function_122,function_122,N/A
testapi.c,25671,function_122,function_122,N/A
testapi.c,25715,function_122,function_122,N/A
testapi.c,2576,function_122,function_122,N/A
testapi.c,25762,function_122,function_122,N/A
testapi.c,25803,function_122,function_122,N/A
testapi.c,25852,function_122,function_122,N/A
testapi.c,25891,function_122,function_122,N/A
testapi.c,25938,function_122,function_122,N/A
testapi.c,25986,function_122,function_122,N/A
testapi.c,260,argument_231,global_1,N/A
testapi.c,26030,function_122,function_122,N/A
testapi.c,26086,function_122,function_122,N/A
testapi.c,261,argument_231,global_1,N/A
testapi.c,26151,function_122,function_122,N/A
testapi.c,262,argument_231,global_1,N/A
testapi.c,26208,function_122,function_122,N/A
testapi.c,26264,function_122,function_122,N/A
testapi.c,263,argument_231,global_1,N/A
testapi.c,26314,function_122,function_122,N/A
testapi.c,2634,function_122,function_122,N/A
testapi.c,26357,function_122,function_122,N/A
testapi.c,26398,function_122,function_122,N/A
testapi.c,26439,function_122,function_122,N/A
testapi.c,26485,function_122,function_122,N/A
testapi.c,26528,function_122,function_122,N/A
testapi.c,26574,function_122,function_122,N/A
testapi.c,26622,function_122,function_122,N/A
testapi.c,26660,function_122,function_122,N/A
testapi.c,26694,function_122,function_122,N/A
testapi.c,26728,function_122,function_122,N/A
testapi.c,26762,function_122,function_122,N/A
testapi.c,26806,function_122,function_122,N/A
testapi.c,26854,function_122,function_122,N/A
testapi.c,2691,function_122,function_122,N/A
testapi.c,26912,function_122,function_122,N/A
testapi.c,26964,function_122,function_122,N/A
testapi.c,27027,function_122,function_122,N/A
testapi.c,27086,function_122,function_122,N/A
testapi.c,27136,function_122,function_122,N/A
testapi.c,27189,function_122,function_122,N/A
testapi.c,27234,function_122,function_122,N/A
testapi.c,27254,global_6,global_1,N/A
testapi.c,27351,function_122,function_122,N/A
testapi.c,27390,function_122,function_122,N/A
testapi.c,27436,function_122,function_122,N/A
testapi.c,2746,function_122,function_122,N/A
testapi.c,27489,function_122,function_122,N/A
testapi.c,27525,function_122,function_122,N/A
testapi.c,27564,function_122,function_122,N/A
testapi.c,27610,function_122,function_122,N/A
testapi.c,27653,function_122,function_122,N/A
testapi.c,27673,global_6,global_1,N/A
testapi.c,27708,function_122,function_122,N/A
testapi.c,27741,function_122,function_122,N/A
testapi.c,27773,function_122,function_122,N/A
testapi.c,2780,global_6,global_1,N/A
testapi.c,27810,function_122,function_122,N/A
testapi.c,27837,function_122,function_122,N/A
testapi.c,27861,function_122,function_122,N/A
testapi.c,27892,function_122,function_122,N/A
testapi.c,27924,function_122,function_122,N/A
testapi.c,27956,function_122,function_122,N/A
testapi.c,27998,function_122,function_122,N/A
testapi.c,28035,function_122,function_122,N/A
testapi.c,28069,function_122,function_122,N/A
testapi.c,28103,function_122,function_122,N/A
testapi.c,28147,function_122,function_122,N/A
testapi.c,28185,function_122,function_122,N/A
testapi.c,28219,function_122,function_122,N/A
testapi.c,28253,function_122,function_122,N/A
testapi.c,28297,function_122,function_122,N/A
testapi.c,28344,function_122,function_122,N/A
testapi.c,28380,function_122,function_122,N/A
testapi.c,28418,function_122,function_122,N/A
testapi.c,28459,function_122,function_122,N/A
testapi.c,28500,function_122,function_122,N/A
testapi.c,2852,function_122,function_122,N/A
testapi.c,28546,function_122,function_122,N/A
testapi.c,28584,function_122,function_122,N/A
testapi.c,28618,function_122,function_122,N/A
testapi.c,28672,function_122,function_122,N/A
testapi.c,28725,function_122,function_122,N/A
testapi.c,28768,function_-1,global_1,N/A
testapi.c,28776,function_122,function_122,N/A
testapi.c,288,argument_232,global_1,N/A
testapi.c,28815,function_122,function_122,N/A
testapi.c,28854,function_122,function_122,N/A
testapi.c,28898,function_122,function_122,N/A
testapi.c,289,argument_232,global_1,N/A
testapi.c,28944,function_122,function_122,N/A
testapi.c,28985,function_122,function_122,N/A
testapi.c,290,argument_232,global_1,N/A
testapi.c,2900,function_122,function_122,N/A
testapi.c,29029,function_122,function_122,N/A
testapi.c,29070,function_122,function_122,N/A
testapi.c,29099,function_122,function_122,N/A
testapi.c,29122,function_122,function_122,N/A
testapi.c,29146,function_122,function_122,N/A
testapi.c,29171,function_122,function_122,N/A
testapi.c,29187,global_6,global_1,N/A
testapi.c,29286,function_122,function_122,N/A
testapi.c,29380,function_122,function_122,N/A
testapi.c,2943,function_122,function_122,N/A
testapi.c,29503,function_122,function_122,N/A
testapi.c,29533,global_6,global_1,N/A
testapi.c,29581,function_122,function_122,N/A
testapi.c,29625,function_122,function_122,N/A
testapi.c,29667,function_122,function_122,N/A
testapi.c,29717,function_122,function_122,N/A
testapi.c,29747,function_122,function_122,N/A
testapi.c,29807,function_122,function_122,N/A
testapi.c,29859,global_6,global_1,N/A
testapi.c,29910,function_122,function_122,N/A
testapi.c,2994,function_122,function_122,N/A
testapi.c,29964,function_122,function_122,N/A
testapi.c,29986,global_6,global_1,N/A
testapi.c,300,argument_233,global_1,N/A
testapi.c,30020,function_122,function_122,N/A
testapi.c,30056,function_122,function_122,N/A
testapi.c,301,argument_233,global_1,N/A
testapi.c,30105,function_122,function_122,N/A
testapi.c,30155,function_122,function_122,N/A
testapi.c,302,argument_233,global_1,N/A
testapi.c,30213,function_122,function_122,N/A
testapi.c,30275,function_122,function_122,N/A
testapi.c,30332,function_122,function_122,N/A
testapi.c,30397,function_122,function_122,N/A
testapi.c,30446,function_122,function_122,N/A
testapi.c,3045,function_122,function_122,N/A
testapi.c,30482,function_122,function_122,N/A
testapi.c,30516,function_122,function_122,N/A
testapi.c,30550,function_122,function_122,N/A
testapi.c,30584,function_122,function_122,N/A
testapi.c,30618,function_122,function_122,N/A
testapi.c,30652,function_122,function_122,N/A
testapi.c,30686,function_122,function_122,N/A
testapi.c,30720,function_122,function_122,N/A
testapi.c,30754,function_122,function_122,N/A
testapi.c,30788,function_122,function_122,N/A
testapi.c,30822,function_122,function_122,N/A
testapi.c,3085,function_122,function_122,N/A
testapi.c,30861,function_122,function_122,N/A
testapi.c,30897,function_122,function_122,N/A
testapi.c,30931,function_122,function_122,N/A
testapi.c,30965,function_122,function_122,N/A
testapi.c,30999,function_122,function_122,N/A
testapi.c,31033,function_122,function_122,N/A
testapi.c,31067,function_122,function_122,N/A
testapi.c,31101,function_122,function_122,N/A
testapi.c,31140,function_122,function_122,N/A
testapi.c,31181,function_122,function_122,N/A
testapi.c,3119,function_122,function_122,N/A
testapi.c,312,argument_234,global_1,N/A
testapi.c,31227,function_122,function_122,N/A
testapi.c,31283,function_122,function_122,N/A
testapi.c,313,argument_234,global_1,N/A
testapi.c,31321,function_122,function_122,N/A
testapi.c,31355,function_122,function_122,N/A
testapi.c,31394,function_122,function_122,N/A
testapi.c,314,argument_234,global_1,N/A
testapi.c,31430,function_122,function_122,N/A
testapi.c,31464,function_122,function_122,N/A
testapi.c,31498,function_122,function_122,N/A
testapi.c,31532,function_122,function_122,N/A
testapi.c,31566,function_122,function_122,N/A
testapi.c,3158,function_122,function_122,N/A
testapi.c,31600,function_122,function_122,N/A
testapi.c,31634,function_122,function_122,N/A
testapi.c,31668,function_122,function_122,N/A
testapi.c,31712,function_122,function_122,N/A
testapi.c,31746,function_122,function_122,N/A
testapi.c,31785,function_122,function_122,N/A
testapi.c,31826,function_122,function_122,N/A
testapi.c,31867,function_122,function_122,N/A
testapi.c,31913,function_122,function_122,N/A
testapi.c,31951,function_122,function_122,N/A
testapi.c,31985,function_122,function_122,N/A
testapi.c,3199,function_122,function_122,N/A
testapi.c,32019,function_122,function_122,N/A
testapi.c,32053,function_122,function_122,N/A
testapi.c,32087,function_122,function_122,N/A
testapi.c,32121,function_122,function_122,N/A
testapi.c,32155,function_122,function_122,N/A
testapi.c,32189,function_122,function_122,N/A
testapi.c,32223,function_122,function_122,N/A
testapi.c,32257,function_122,function_122,N/A
testapi.c,32291,function_122,function_122,N/A
testapi.c,32336,function_122,function_122,N/A
testapi.c,32375,function_122,function_122,N/A
testapi.c,324,argument_235,global_1,N/A
testapi.c,32409,function_122,function_122,N/A
testapi.c,32443,function_122,function_122,N/A
testapi.c,3245,function_122,function_122,N/A
testapi.c,32477,function_122,function_122,N/A
testapi.c,325,argument_235,global_1,N/A
testapi.c,32516,function_122,function_122,N/A
testapi.c,32557,function_122,function_122,N/A
testapi.c,32603,function_122,function_122,N/A
testapi.c,32682,function_122,function_122,N/A
testapi.c,327,argument_235,global_1,N/A
testapi.c,32740,function_122,function_122,N/A
testapi.c,32783,function_122,function_122,N/A
testapi.c,32848,function_122,function_122,N/A
testapi.c,32890,function_122,function_122,N/A
testapi.c,3291,function_122,function_122,N/A
testapi.c,32924,function_122,function_122,N/A
testapi.c,32958,function_122,function_122,N/A
testapi.c,32976,global_6,global_1,N/A
testapi.c,33080,function_122,function_122,N/A
testapi.c,33114,function_122,function_122,N/A
testapi.c,33151,function_122,function_122,N/A
testapi.c,33212,function_122,function_122,N/A
testapi.c,33267,function_122,function_122,N/A
testapi.c,33307,function_122,function_122,N/A
testapi.c,33341,function_122,function_122,N/A
testapi.c,33433,function_122,function_122,N/A
testapi.c,33487,function_122,function_122,N/A
testapi.c,3349,function_122,function_122,N/A
testapi.c,33560,function_122,function_122,N/A
testapi.c,33624,function_122,function_122,N/A
testapi.c,33676,function_122,function_122,N/A
testapi.c,33729,function_122,function_122,N/A
testapi.c,338,argument_-1,global_1,N/A
testapi.c,33804,function_122,function_122,N/A
testapi.c,33840,function_122,function_122,N/A
testapi.c,33877,function_122,function_122,N/A
testapi.c,33897,global_6,global_1,N/A
testapi.c,33959,function_122,function_122,N/A
testapi.c,33998,function_122,function_122,N/A
testapi.c,34034,function_122,function_122,N/A
testapi.c,3409,function_122,function_122,N/A
testapi.c,34123,function_122,function_122,N/A
testapi.c,34143,global_6,global_1,N/A
testapi.c,34181,function_122,function_122,N/A
testapi.c,34262,function_122,function_122,N/A
testapi.c,34317,function_122,function_122,N/A
testapi.c,34357,function_122,function_122,N/A
testapi.c,34391,function_122,function_122,N/A
testapi.c,34430,function_122,function_122,N/A
testapi.c,34466,function_122,function_122,N/A
testapi.c,34550,function_122,function_122,N/A
testapi.c,34619,function_122,function_122,N/A
testapi.c,3464,function_122,function_122,N/A
testapi.c,34665,function_122,function_122,N/A
testapi.c,34699,function_122,function_122,N/A
testapi.c,34738,function_122,function_122,N/A
testapi.c,34784,function_122,function_122,N/A
testapi.c,348,argument_-1,global_1,N/A
testapi.c,34827,function_122,function_122,N/A
testapi.c,34866,function_122,function_122,N/A
testapi.c,34932,function_122,function_122,N/A
testapi.c,34958,global_6,global_1,N/A
testapi.c,35043,function_122,function_122,N/A
testapi.c,3509,function_122,function_122,N/A
testapi.c,35100,function_122,function_122,N/A
testapi.c,35149,function_122,function_122,N/A
testapi.c,35200,function_122,function_122,N/A
testapi.c,35250,function_122,function_122,N/A
testapi.c,35314,function_122,function_122,N/A
testapi.c,35360,function_122,function_122,N/A
testapi.c,35398,function_122,function_122,N/A
testapi.c,35437,function_122,function_122,N/A
testapi.c,35473,function_122,function_122,N/A
testapi.c,35529,function_122,function_122,N/A
testapi.c,3555,function_122,function_122,N/A
testapi.c,35630,function_122,function_122,N/A
testapi.c,35685,function_122,function_122,N/A
testapi.c,35740,function_122,function_122,N/A
testapi.c,358,argument_236,global_1,N/A
testapi.c,35805,function_122,function_122,N/A
testapi.c,35869,function_122,function_122,N/A
testapi.c,359,argument_236,global_1,N/A
testapi.c,35936,function_122,function_122,N/A
testapi.c,35995,function_122,function_122,N/A
testapi.c,360,argument_236,global_1,N/A
testapi.c,36045,function_122,function_122,N/A
testapi.c,3608,function_122,function_122,N/A
testapi.c,36088,function_122,function_122,N/A
testapi.c,36124,function_122,function_122,N/A
testapi.c,36158,function_122,function_122,N/A
testapi.c,36202,function_122,function_122,N/A
testapi.c,36220,global_6,global_1,N/A
testapi.c,36277,function_122,function_122,N/A
testapi.c,36314,function_122,function_122,N/A
testapi.c,36348,function_122,function_122,N/A
testapi.c,36385,function_122,function_122,N/A
testapi.c,36424,function_122,function_122,N/A
testapi.c,36478,function_122,function_122,N/A
testapi.c,36529,function_122,function_122,N/A
testapi.c,3653,function_122,function_122,N/A
testapi.c,36568,function_122,function_122,N/A
testapi.c,36607,function_122,function_122,N/A
testapi.c,36646,function_122,function_122,N/A
testapi.c,36680,function_122,function_122,N/A
testapi.c,36712,function_122,function_122,N/A
testapi.c,3673,global_6,global_1,N/A
testapi.c,36754,function_122,function_122,N/A
testapi.c,36800,function_122,function_122,N/A
testapi.c,36846,function_122,function_122,N/A
testapi.c,36887,function_122,function_122,N/A
testapi.c,369,argument_-1,global_1,N/A
testapi.c,36926,function_122,function_122,N/A
testapi.c,36970,function_122,function_122,N/A
testapi.c,37011,function_122,function_122,N/A
testapi.c,37045,function_122,function_122,N/A
testapi.c,37077,function_122,function_122,N/A
testapi.c,3711,function_122,function_122,N/A
testapi.c,37114,function_122,function_122,N/A
testapi.c,37153,function_122,function_122,N/A
testapi.c,37192,function_122,function_122,N/A
testapi.c,37231,function_122,function_122,N/A
testapi.c,37275,function_122,function_122,N/A
testapi.c,37296,global_6,global_1,N/A
testapi.c,37350,function_122,function_122,N/A
testapi.c,3738,function_122,function_122,N/A
testapi.c,37384,function_122,function_122,N/A
testapi.c,37418,function_122,function_122,N/A
testapi.c,37452,function_122,function_122,N/A
testapi.c,37486,function_122,function_122,N/A
testapi.c,37520,function_122,function_122,N/A
testapi.c,37554,function_122,function_122,N/A
testapi.c,37588,function_122,function_122,N/A
testapi.c,37622,function_122,function_122,N/A
testapi.c,3763,function_122,function_122,N/A
testapi.c,37661,function_122,function_122,N/A
testapi.c,37697,function_122,function_122,N/A
testapi.c,37731,function_122,function_122,N/A
testapi.c,37765,function_122,function_122,N/A
testapi.c,37799,function_122,function_122,N/A
testapi.c,378,argument_-1,global_1,N/A
testapi.c,37833,function_122,function_122,N/A
testapi.c,37867,function_122,function_122,N/A
testapi.c,37901,function_122,function_122,N/A
testapi.c,37935,function_122,function_122,N/A
testapi.c,37969,function_122,function_122,N/A
testapi.c,38003,function_122,function_122,N/A
testapi.c,38037,function_122,function_122,N/A
testapi.c,38071,function_122,function_122,N/A
testapi.c,38105,function_122,function_122,N/A
testapi.c,38139,function_122,function_122,N/A
testapi.c,38173,function_122,function_122,N/A
testapi.c,382,argument_237,global_14,N/A
testapi.c,38207,function_122,function_122,N/A
testapi.c,38246,function_122,function_122,N/A
testapi.c,3828,function_122,function_122,N/A
testapi.c,38282,function_122,function_122,N/A
testapi.c,38316,function_122,function_122,N/A
testapi.c,38350,function_122,function_122,N/A
testapi.c,38384,function_122,function_122,N/A
testapi.c,38418,function_122,function_122,N/A
testapi.c,38452,function_122,function_122,N/A
testapi.c,38486,function_122,function_122,N/A
testapi.c,38520,function_122,function_122,N/A
testapi.c,38554,function_122,function_122,N/A
testapi.c,38588,function_122,function_122,N/A
testapi.c,38622,function_122,function_122,N/A
testapi.c,38656,function_122,function_122,N/A
testapi.c,38690,function_122,function_122,N/A
testapi.c,38724,function_122,function_122,N/A
testapi.c,38758,function_122,function_122,N/A
testapi.c,38792,function_122,function_122,N/A
testapi.c,3880,function_122,function_122,N/A
testapi.c,38826,function_122,function_122,N/A
testapi.c,38860,function_122,function_122,N/A
testapi.c,38894,function_122,function_122,N/A
testapi.c,38928,function_122,function_122,N/A
testapi.c,38962,function_122,function_122,N/A
testapi.c,38996,function_122,function_122,N/A
testapi.c,390,argument_237,global_14,N/A
testapi.c,39030,function_122,function_122,N/A
testapi.c,39064,function_122,function_122,N/A
testapi.c,39098,function_122,function_122,N/A
testapi.c,39132,function_122,function_122,N/A
testapi.c,39166,function_122,function_122,N/A
testapi.c,39200,function_122,function_122,N/A
testapi.c,39234,function_122,function_122,N/A
testapi.c,3924,function_122,function_122,N/A
testapi.c,39268,function_122,function_122,N/A
testapi.c,39302,function_122,function_122,N/A
testapi.c,39336,function_122,function_122,N/A
testapi.c,39370,function_122,function_122,N/A
testapi.c,39404,function_122,function_122,N/A
testapi.c,39438,function_122,function_122,N/A
testapi.c,39472,function_122,function_122,N/A
testapi.c,39506,function_122,function_122,N/A
testapi.c,39540,function_122,function_122,N/A
testapi.c,39574,function_122,function_122,N/A
testapi.c,396,argument_238,global_1,N/A
testapi.c,39608,function_122,function_122,N/A
testapi.c,3963,function_122,function_122,N/A
testapi.c,39642,function_122,function_122,N/A
testapi.c,39676,function_122,function_122,N/A
testapi.c,397,argument_238,global_1,N/A
testapi.c,39710,function_122,function_122,N/A
testapi.c,39744,function_122,function_122,N/A
testapi.c,39778,function_122,function_122,N/A
testapi.c,398,argument_238,global_1,N/A
testapi.c,39812,function_122,function_122,N/A
testapi.c,39846,function_122,function_122,N/A
testapi.c,39880,function_122,function_122,N/A
testapi.c,399,argument_238,global_1,N/A
testapi.c,39914,function_122,function_122,N/A
testapi.c,39948,function_122,function_122,N/A
testapi.c,39982,function_122,function_122,N/A
testapi.c,40016,function_122,function_122,N/A
testapi.c,40050,function_122,function_122,N/A
testapi.c,40084,function_122,function_122,N/A
testapi.c,4010,function_122,function_122,N/A
testapi.c,40118,function_122,function_122,N/A
testapi.c,40152,function_122,function_122,N/A
testapi.c,40186,function_122,function_122,N/A
testapi.c,40220,function_122,function_122,N/A
testapi.c,40254,function_122,function_122,N/A
testapi.c,40288,function_122,function_122,N/A
testapi.c,40322,function_122,function_122,N/A
testapi.c,40356,function_122,function_122,N/A
testapi.c,40390,function_122,function_122,N/A
testapi.c,40424,function_122,function_122,N/A
testapi.c,40458,function_122,function_122,N/A
testapi.c,4046,function_122,function_122,N/A
testapi.c,40492,function_122,function_122,N/A
testapi.c,40526,function_122,function_122,N/A
testapi.c,40560,function_122,function_122,N/A
testapi.c,40594,function_122,function_122,N/A
testapi.c,40628,function_122,function_122,N/A
testapi.c,40662,function_122,function_122,N/A
testapi.c,40696,function_122,function_122,N/A
testapi.c,40730,function_122,function_122,N/A
testapi.c,40764,function_122,function_122,N/A
testapi.c,40798,function_122,function_122,N/A
testapi.c,408,argument_239,global_1,N/A
testapi.c,4083,function_122,function_122,N/A
testapi.c,40832,function_122,function_122,N/A
testapi.c,40866,function_122,function_122,N/A
testapi.c,409,argument_239,global_1,N/A
testapi.c,40900,function_122,function_122,N/A
testapi.c,40934,function_122,function_122,N/A
testapi.c,40968,function_122,function_122,N/A
testapi.c,410,argument_239,global_1,N/A
testapi.c,41002,function_122,function_122,N/A
testapi.c,41036,function_122,function_122,N/A
testapi.c,41070,function_122,function_122,N/A
testapi.c,411,argument_239,global_1,N/A
testapi.c,41104,function_122,function_122,N/A
testapi.c,41138,function_122,function_122,N/A
testapi.c,41172,function_122,function_122,N/A
testapi.c,412,argument_239,global_1,N/A
testapi.c,41206,function_122,function_122,N/A
testapi.c,41240,function_122,function_122,N/A
testapi.c,41274,function_122,function_122,N/A
testapi.c,413,argument_239,global_1,N/A
testapi.c,41308,function_122,function_122,N/A
testapi.c,4132,function_122,function_122,N/A
testapi.c,41342,function_122,function_122,N/A
testapi.c,41376,function_122,function_122,N/A
testapi.c,414,argument_239,global_1,N/A
testapi.c,41410,function_122,function_122,N/A
testapi.c,41444,function_122,function_122,N/A
testapi.c,41478,function_122,function_122,N/A
testapi.c,41512,function_122,function_122,N/A
testapi.c,41546,function_122,function_122,N/A
testapi.c,41580,function_122,function_122,N/A
testapi.c,41614,function_122,function_122,N/A
testapi.c,41648,function_122,function_122,N/A
testapi.c,41682,function_122,function_122,N/A
testapi.c,41716,function_122,function_122,N/A
testapi.c,41750,function_122,function_122,N/A
testapi.c,41784,function_122,function_122,N/A
testapi.c,41818,function_122,function_122,N/A
testapi.c,41852,function_122,function_122,N/A
testapi.c,41886,function_122,function_122,N/A
testapi.c,41920,function_122,function_122,N/A
testapi.c,4193,function_122,function_122,N/A
testapi.c,41954,function_122,function_122,N/A
testapi.c,41988,function_122,function_122,N/A
testapi.c,42022,function_122,function_122,N/A
testapi.c,42056,function_122,function_122,N/A
testapi.c,42090,function_122,function_122,N/A
testapi.c,42124,function_122,function_122,N/A
testapi.c,42158,function_122,function_122,N/A
testapi.c,42192,function_122,function_122,N/A
testapi.c,42226,function_122,function_122,N/A
testapi.c,42260,function_122,function_122,N/A
testapi.c,42294,function_122,function_122,N/A
testapi.c,423,argument_-1,global_1,N/A
testapi.c,42328,function_122,function_122,N/A
testapi.c,42362,function_122,function_122,N/A
testapi.c,42396,function_122,function_122,N/A
testapi.c,42430,function_122,function_122,N/A
testapi.c,42464,function_122,function_122,N/A
testapi.c,4248,function_122,function_122,N/A
testapi.c,42498,function_122,function_122,N/A
testapi.c,42532,function_122,function_122,N/A
testapi.c,42566,function_122,function_122,N/A
testapi.c,42600,function_122,function_122,N/A
testapi.c,42634,function_122,function_122,N/A
testapi.c,42668,function_122,function_122,N/A
testapi.c,42702,function_122,function_122,N/A
testapi.c,42736,function_122,function_122,N/A
testapi.c,42770,function_122,function_122,N/A
testapi.c,42804,function_122,function_122,N/A
testapi.c,42838,function_122,function_122,N/A
testapi.c,4286,function_122,function_122,N/A
testapi.c,42872,function_122,function_122,N/A
testapi.c,42906,function_122,function_122,N/A
testapi.c,42940,function_122,function_122,N/A
testapi.c,42974,function_122,function_122,N/A
testapi.c,42992,global_6,global_1,N/A
testapi.c,43180,function_126,global_74,N/A
testapi.c,43185,function_122,function_122,N/A
testapi.c,432,argument_240,global_1,N/A
testapi.c,43224,function_122,function_122,N/A
testapi.c,4323,function_122,function_122,N/A
testapi.c,43265,function_122,function_122,N/A
testapi.c,433,argument_240,global_1,N/A
testapi.c,43301+,function_127,global_74,N/A
testapi.c,43301,function_124,global_32,N/A
testapi.c,43307,function_122,function_122,N/A
testapi.c,43353,function_122,function_122,N/A
testapi.c,43391,function_122,function_122,N/A
testapi.c,434,argument_240,global_1,N/A
testapi.c,43425,function_122,function_122,N/A
testapi.c,43459,function_122,function_122,N/A
testapi.c,43493,function_122,function_122,N/A
testapi.c,435,argument_240,global_1,N/A
testapi.c,43527,function_122,function_122,N/A
testapi.c,43561,function_122,function_122,N/A
testapi.c,4357,function_122,function_122,N/A
testapi.c,43595,function_122,function_122,N/A
testapi.c,436,argument_240,global_1,N/A
testapi.c,43629,function_122,function_122,N/A
testapi.c,43663,function_122,function_122,N/A
testapi.c,43697,function_122,function_122,N/A
testapi.c,43731,function_122,function_122,N/A
testapi.c,43765,function_122,function_122,N/A
testapi.c,43804,function_122,function_122,N/A
testapi.c,43845,function_122,function_122,N/A
testapi.c,43886,function_122,function_122,N/A
testapi.c,43927,function_122,function_122,N/A
testapi.c,4394,function_122,function_122,N/A
testapi.c,43978,function_122,function_122,N/A
testapi.c,44018,function_122,function_122,N/A
testapi.c,44052,function_122,function_122,N/A
testapi.c,44101,function_122,function_122,N/A
testapi.c,44146,function_122,function_122,N/A
testapi.c,44187,function_122,function_122,N/A
testapi.c,44233,function_122,function_122,N/A
testapi.c,4428,function_122,function_122,N/A
testapi.c,44286,function_122,function_122,N/A
testapi.c,44331,function_122,function_122,N/A
testapi.c,44382,function_122,function_122,N/A
testapi.c,444,argument_241,global_1,N/A
testapi.c,44427,function_122,function_122,N/A
testapi.c,44473,function_122,function_122,N/A
testapi.c,445,argument_241,global_1,N/A
testapi.c,44531,function_122,function_122,N/A
testapi.c,44588,function_122,function_122,N/A
testapi.c,4460,function_122,function_122,N/A
testapi.c,44643,function_122,function_122,N/A
testapi.c,44688,function_122,function_122,N/A
testapi.c,44729,function_122,function_122,N/A
testapi.c,44785,function_122,function_122,N/A
testapi.c,44837,function_122,function_122,N/A
testapi.c,44885,function_122,function_122,N/A
testapi.c,449,argument_-1,global_32,N/A
testapi.c,4492,function_122,function_122,N/A
testapi.c,44953,function_122,function_122,N/A
testapi.c,45024,function_122,function_122,N/A
testapi.c,45083,function_122,function_122,N/A
testapi.c,45138,function_122,function_122,N/A
testapi.c,45193,function_122,function_122,N/A
testapi.c,4524,function_122,function_122,N/A
testapi.c,45243,function_122,function_122,N/A
testapi.c,45301,function_122,function_122,N/A
testapi.c,45483,function_122,function_122,N/A
testapi.c,45526,function_122,function_122,N/A
testapi.c,45572,function_122,function_122,N/A
testapi.c,456,argument_-1,global_1,N/A
testapi.c,45615,function_122,function_122,N/A
testapi.c,4564,function_122,function_122,N/A
testapi.c,45765,global_6,global_1,N/A
testapi.c,45869,function_122,function_122,N/A
testapi.c,45903,function_122,function_122,N/A
testapi.c,45937,function_122,function_122,N/A
testapi.c,45971,function_122,function_122,N/A
testapi.c,46005,function_122,function_122,N/A
testapi.c,46039,function_122,function_122,N/A
testapi.c,46073,function_122,function_122,N/A
testapi.c,4610,function_122,function_122,N/A
testapi.c,46107,function_122,function_122,N/A
testapi.c,46141,function_122,function_122,N/A
testapi.c,46175,function_122,function_122,N/A
testapi.c,46209,function_122,function_122,N/A
testapi.c,46243,function_122,function_122,N/A
testapi.c,46277,function_122,function_122,N/A
testapi.c,46311,function_122,function_122,N/A
testapi.c,46350,function_122,function_122,N/A
testapi.c,46421,function_122,function_122,N/A
testapi.c,4643,function_122,function_122,N/A
testapi.c,46462,function_122,function_122,N/A
testapi.c,46513,function_122,function_122,N/A
testapi.c,46554,function_122,function_122,N/A
testapi.c,46589,function_122,function_122,N/A
testapi.c,466,argument_-1,global_1,N/A
testapi.c,46624,function_122,function_122,N/A
testapi.c,46673,function_122,function_122,N/A
testapi.c,46714,function_122,function_122,N/A
testapi.c,4675,function_122,function_122,N/A
testapi.c,46755,function_122,function_122,N/A
testapi.c,46784,function_122,function_122,N/A
testapi.c,46816,function_122,function_122,N/A
testapi.c,46850,function_122,function_122,N/A
testapi.c,46904,function_122,function_122,N/A
testapi.c,46942,function_122,function_122,N/A
testapi.c,46976,function_122,function_122,N/A
testapi.c,47010,function_122,function_122,N/A
testapi.c,47049,function_122,function_122,N/A
testapi.c,47069,global_6,global_1,N/A
testapi.c,47140,function_122,function_122,N/A
testapi.c,47179,function_122,function_122,N/A
testapi.c,472,argument_-1,global_75,N/A
testapi.c,4721,function_122,function_122,N/A
testapi.c,47213,function_122,function_122,N/A
testapi.c,47250,function_122,function_122,N/A
testapi.c,47289,function_122,function_122,N/A
testapi.c,47335,function_122,function_122,N/A
testapi.c,47376,function_122,function_122,N/A
testapi.c,47415,function_122,function_122,N/A
testapi.c,47454,function_122,function_122,N/A
testapi.c,47498,function_122,function_122,N/A
testapi.c,47544,function_122,function_122,N/A
testapi.c,47587,function_122,function_122,N/A
testapi.c,4759,function_122,function_122,N/A
testapi.c,47623,function_122,function_122,N/A
testapi.c,47657,function_122,function_122,N/A
testapi.c,47689,function_122,function_122,N/A
testapi.c,47723,function_122,function_122,N/A
testapi.c,47760,function_122,function_122,N/A
testapi.c,47794,function_122,function_122,N/A
testapi.c,47833,function_122,function_122,N/A
testapi.c,47872,function_122,function_122,N/A
testapi.c,47911,function_122,function_122,N/A
testapi.c,47972,function_122,function_122,N/A
testapi.c,480,argument_242,global_1,N/A
testapi.c,48011,function_122,function_122,N/A
testapi.c,4804,function_122,function_122,N/A
testapi.c,48052,function_122,function_122,N/A
testapi.c,48088,function_122,function_122,N/A
testapi.c,481,argument_242,global_1,N/A
testapi.c,48125,function_122,function_122,N/A
testapi.c,48164,function_122,function_122,N/A
testapi.c,482,argument_242,global_1,N/A
testapi.c,48205,function_122,function_122,N/A
testapi.c,48246,function_122,function_122,N/A
testapi.c,48285,function_122,function_122,N/A
testapi.c,483,argument_242,global_1,N/A
testapi.c,48319,function_122,function_122,N/A
testapi.c,48351,function_122,function_122,N/A
testapi.c,48388,function_122,function_122,N/A
testapi.c,484,argument_242,global_1,N/A
testapi.c,48424,function_122,function_122,N/A
testapi.c,48458,function_122,function_122,N/A
testapi.c,48492,function_122,function_122,N/A
testapi.c,485,argument_242,global_1,N/A
testapi.c,4850,function_122,function_122,N/A
testapi.c,48526,function_122,function_122,N/A
testapi.c,48560,function_122,function_122,N/A
testapi.c,486,argument_242,global_1,N/A
testapi.c,48604,function_122,function_122,N/A
testapi.c,48643,function_122,function_122,N/A
testapi.c,48684,function_122,function_122,N/A
testapi.c,48725,function_122,function_122,N/A
testapi.c,48766,function_122,function_122,N/A
testapi.c,48807,function_122,function_122,N/A
testapi.c,48848,function_122,function_122,N/A
testapi.c,48889,function_122,function_122,N/A
testapi.c,4889,function_122,function_122,N/A
testapi.c,48930,function_122,function_122,N/A
testapi.c,48971,function_122,function_122,N/A
testapi.c,49012,function_122,function_122,N/A
testapi.c,49053,function_122,function_122,N/A
testapi.c,49094,function_122,function_122,N/A
testapi.c,49135,function_122,function_122,N/A
testapi.c,49176,function_122,function_122,N/A
testapi.c,49217,function_122,function_122,N/A
testapi.c,49258,function_122,function_122,N/A
testapi.c,49304,function_122,function_122,N/A
testapi.c,4933,function_122,function_122,N/A
testapi.c,49347,function_122,function_122,N/A
testapi.c,49388,function_122,function_122,N/A
testapi.c,49427,function_122,function_122,N/A
testapi.c,49468,function_122,function_122,N/A
testapi.c,495,argument_243,global_1,N/A
testapi.c,49507,function_122,function_122,N/A
testapi.c,49541,function_122,function_122,N/A
testapi.c,49580,function_122,function_122,N/A
testapi.c,496,argument_243,global_1,N/A
testapi.c,49621,function_122,function_122,N/A
testapi.c,49660,function_122,function_122,N/A
testapi.c,49696,function_122,function_122,N/A
testapi.c,497,argument_243,global_1,N/A
testapi.c,49733,function_122,function_122,N/A
testapi.c,49774,function_122,function_122,N/A
testapi.c,4979,function_122,function_122,N/A
testapi.c,49813,function_122,function_122,N/A
testapi.c,49849,function_122,function_122,N/A
testapi.c,49883,function_122,function_122,N/A
testapi.c,49917,function_122,function_122,N/A
testapi.c,49951,function_122,function_122,N/A
testapi.c,49985,function_122,function_122,N/A
testapi.c,50019,function_122,function_122,N/A
testapi.c,50053,function_122,function_122,N/A
testapi.c,50090,function_122,function_122,N/A
testapi.c,501+,argument_244,global_6,N/A
testapi.c,501,argument_244,global_2,N/A
testapi.c,5011,function_122,function_122,N/A
testapi.c,50124,function_122,function_122,N/A
testapi.c,50198,function_122,function_122,N/A
testapi.c,50246,function_122,function_122,N/A
testapi.c,50309,function_122,function_122,N/A
testapi.c,50347,function_122,function_122,N/A
testapi.c,50379,function_122,function_122,N/A
testapi.c,50411,function_122,function_122,N/A
testapi.c,50443,function_122,function_122,N/A
testapi.c,50480,function_122,function_122,N/A
testapi.c,50519,function_122,function_122,N/A
testapi.c,5053,function_122,function_122,N/A
testapi.c,50555,function_122,function_122,N/A
testapi.c,50592,function_122,function_122,N/A
testapi.c,50631,function_122,function_122,N/A
testapi.c,50665,function_122,function_122,N/A
testapi.c,507,argument_-1,global_1,N/A
testapi.c,50702,function_122,function_122,N/A
testapi.c,50741,function_122,function_122,N/A
testapi.c,50780,function_122,function_122,N/A
testapi.c,50819,function_122,function_122,N/A
testapi.c,50860,function_122,function_122,N/A
testapi.c,50901,function_122,function_122,N/A
testapi.c,50940,function_122,function_122,N/A
testapi.c,50979,function_122,function_122,N/A
testapi.c,51013,function_122,function_122,N/A
testapi.c,51052,function_122,function_122,N/A
testapi.c,51098,function_122,function_122,N/A
testapi.c,511,argument_-1,global_1,N/A
testapi.c,51136,function_122,function_122,N/A
testapi.c,51170,function_122,function_122,N/A
testapi.c,51204,function_122,function_122,N/A
testapi.c,51251,function_122,function_122,N/A
testapi.c,51275,global_6,global_1,N/A
testapi.c,5129,function_122,function_122,N/A
testapi.c,51414,function_122,function_122,N/A
testapi.c,51453,function_122,function_122,N/A
testapi.c,51487,function_122,function_122,N/A
testapi.c,51534,function_122,function_122,N/A
testapi.c,51583,function_122,function_122,N/A
testapi.c,516,argument_-1,global_1,N/A
testapi.c,51632,function_122,function_122,N/A
testapi.c,51668,function_122,function_122,N/A
testapi.c,51712,function_122,function_122,N/A
testapi.c,51751,function_122,function_122,N/A
testapi.c,51802,function_122,function_122,N/A
testapi.c,51847,function_122,function_122,N/A
testapi.c,51888,function_122,function_122,N/A
testapi.c,51929,function_122,function_122,N/A
testapi.c,5195,function_122,function_122,N/A
testapi.c,51970,function_122,function_122,N/A
testapi.c,520,argument_-1,global_35,N/A
testapi.c,52011,function_122,function_122,N/A
testapi.c,52050,function_122,function_122,N/A
testapi.c,52086,function_122,function_122,N/A
testapi.c,52104,global_6,global_1,N/A
testapi.c,52132,function_32,global_1,N/A
testapi.c,52133,function_32,global_1,N/A
testapi.c,52134,function_32,global_1,N/A
testapi.c,52135,function_32,global_1,N/A
testapi.c,52136,function_32,global_1,N/A
testapi.c,52137,function_32,global_1,N/A
testapi.c,52138,function_32,global_1,N/A
testapi.c,52139,function_32,global_1,N/A
testapi.c,52140,function_32,global_1,N/A
testapi.c,52141,function_32,global_1,N/A
testapi.c,52142,function_32,global_1,N/A
testapi.c,52143,function_32,global_1,N/A
testapi.c,52144,function_32,global_1,N/A
testapi.c,52145,function_32,global_1,N/A
testapi.c,52146,function_32,global_1,N/A
testapi.c,52147,function_32,global_1,N/A
testapi.c,52148,function_32,global_1,N/A
testapi.c,52149,function_32,global_1,N/A
testapi.c,52150,function_32,global_1,N/A
testapi.c,52151,function_32,global_1,N/A
testapi.c,52152,function_32,global_1,N/A
testapi.c,52153,function_32,global_1,N/A
testapi.c,52154,function_32,global_1,N/A
testapi.c,52155,function_32,global_1,N/A
testapi.c,52156,function_32,global_1,N/A
testapi.c,52157,function_32,global_1,N/A
testapi.c,52158,function_32,global_1,N/A
testapi.c,52159,function_32,global_1,N/A
testapi.c,52160,function_32,global_1,N/A
testapi.c,52161,function_32,global_1,N/A
testapi.c,52162,function_32,global_1,N/A
testapi.c,52163,function_32,global_1,N/A
testapi.c,52164,function_32,global_1,N/A
testapi.c,52165,function_32,global_1,N/A
testapi.c,52166,function_32,global_1,N/A
testapi.c,52167,function_32,global_1,N/A
testapi.c,52168,function_32,global_1,N/A
testapi.c,52169,function_32,global_1,N/A
testapi.c,52170,function_32,global_1,N/A
testapi.c,5237,function_122,function_122,N/A
testapi.c,526,argument_245,global_1,N/A
testapi.c,527,argument_245,global_1,N/A
testapi.c,5276,function_122,function_122,N/A
testapi.c,5295,global_6,global_1,N/A
testapi.c,532,argument_246,global_1,N/A
testapi.c,534,argument_246,global_8,N/A
testapi.c,5384,function_122,function_122,N/A
testapi.c,542,argument_247,global_1,N/A
testapi.c,544,argument_247,global_1,N/A
testapi.c,5458,function_122,function_122,N/A
testapi.c,548,argument_248,global_1,N/A
testapi.c,549,argument_248,global_40,N/A
testapi.c,55,global_6,global_2,N/A
testapi.c,5529,function_122,function_122,N/A
testapi.c,5567,global_6,global_1,N/A
testapi.c,557,argument_-1,global_1,N/A
testapi.c,561,argument_-1,global_1,N/A
testapi.c,5622,function_122,function_122,N/A
testapi.c,566,argument_249,global_1,N/A
testapi.c,5665,function_122,function_122,N/A
testapi.c,567,argument_249,global_1,N/A
testapi.c,5706,function_122,function_122,N/A
testapi.c,5752,function_122,function_122,N/A
testapi.c,576,argument_-1,global_1,N/A
testapi.c,5795,function_122,function_122,N/A
testapi.c,580,argument_-1,global_74,N/A
testapi.c,5836,function_122,function_122,N/A
testapi.c,587,argument_250,global_1,N/A
testapi.c,5877,function_122,function_122,N/A
testapi.c,588,argument_250,global_1,N/A
testapi.c,589,argument_250,global_1,N/A
testapi.c,5923,function_122,function_122,N/A
testapi.c,593,argument_-1,global_50,N/A
testapi.c,5995,function_122,function_122,N/A
testapi.c,600,argument_251,global_1,N/A
testapi.c,601,argument_251,global_1,N/A
testapi.c,6024,function_122,function_122,N/A
testapi.c,605,argument_-1,global_16,N/A
testapi.c,6056,function_122,function_122,N/A
testapi.c,6100,function_122,function_122,N/A
testapi.c,612,argument_-1,global_1,N/A
testapi.c,6143,function_122,function_122,N/A
testapi.c,616,argument_-1,global_20,N/A
testapi.c,623,argument_-1,global_1,N/A
testapi.c,6235,function_122,function_122,N/A
testapi.c,6269,function_122,function_122,N/A
testapi.c,627,argument_-1,global_31,N/A
testapi.c,6303,function_122,function_122,N/A
testapi.c,6337,function_122,function_122,N/A
testapi.c,6369,function_122,function_122,N/A
testapi.c,637,argument_252,global_1,N/A
testapi.c,638,argument_252,global_1,N/A
testapi.c,639,argument_252,global_1,N/A
testapi.c,640,argument_252,global_1,N/A
testapi.c,6403,function_122,function_122,N/A
testapi.c,6430,function_122,function_122,N/A
testapi.c,644,argument_-1,global_0,N/A
testapi.c,65,global_6,global_40,N/A
testapi.c,653,argument_-1,global_1,N/A
testapi.c,6540,function_122,function_122,N/A
testapi.c,6558,global_6,global_1,N/A
testapi.c,657,argument_-1,global_24,N/A
testapi.c,6625,function_122,function_122,N/A
testapi.c,6659,function_122,function_122,N/A
testapi.c,666,argument_253,global_1,N/A
testapi.c,667,argument_253,global_1,N/A
testapi.c,668,argument_253,global_1,N/A
testapi.c,6691,function_122,function_122,N/A
testapi.c,67,global_6,global_2,N/A
testapi.c,672,argument_-1,global_7,N/A
testapi.c,6723,function_122,function_122,N/A
testapi.c,6755,function_122,function_122,N/A
testapi.c,6787,function_122,function_122,N/A
testapi.c,681,argument_254,global_1,N/A
testapi.c,6819,function_122,function_122,N/A
testapi.c,682,argument_254,global_1,N/A
testapi.c,683,argument_254,global_1,N/A
testapi.c,6851,function_122,function_122,N/A
testapi.c,687,argument_-1,global_7,N/A
testapi.c,6883,function_122,function_122,N/A
testapi.c,6900,global_6,global_1,N/A
testapi.c,6935,function_122,function_122,N/A
testapi.c,695,argument_255,global_1,N/A
testapi.c,696,argument_255,global_1,N/A
testapi.c,697,argument_255,global_1,N/A
testapi.c,6974,function_122,function_122,N/A
testapi.c,7018,function_122,function_122,N/A
testapi.c,7064,function_122,function_122,N/A
testapi.c,7105,function_122,function_122,N/A
testapi.c,7144,function_122,function_122,N/A
testapi.c,7183,function_122,function_122,N/A
testapi.c,7222,function_122,function_122,N/A
testapi.c,7266,function_122,function_122,N/A
testapi.c,7312,function_122,function_122,N/A
testapi.c,7358,function_122,function_122,N/A
testapi.c,7399,function_122,function_122,N/A
testapi.c,7435,function_122,function_122,N/A
testapi.c,744,argument_-1,global_1,N/A
testapi.c,7472,function_122,function_122,N/A
testapi.c,7540,function_122,function_122,N/A
testapi.c,7595,function_122,function_122,N/A
testapi.c,76,global_6,global_8,N/A
testapi.c,7650,function_122,function_122,N/A
testapi.c,7705,function_122,function_122,N/A
testapi.c,774,argument_-1,global_7,N/A
testapi.c,7760,function_122,function_122,N/A
testapi.c,778,argument_-1,global_6,N/A
testapi.c,78,global_6,global_2,N/A
testapi.c,7815,function_122,function_122,N/A
testapi.c,7853,function_122,function_122,N/A
testapi.c,7902,function_122,function_122,N/A
testapi.c,795+,argument_256,global_6,N/A
testapi.c,795,argument_256,global_8,N/A
testapi.c,7957,function_122,function_122,N/A
testapi.c,801,argument_-1,global_18,N/A
testapi.c,8012,function_122,function_122,N/A
testapi.c,8067,function_122,function_122,N/A
testapi.c,807,argument_-1,global_39,N/A
testapi.c,8091,global_6,global_1,N/A
testapi.c,813,argument_-1,global_66,N/A
testapi.c,8135,function_122,function_122,N/A
testapi.c,8160,function_122,function_122,N/A
testapi.c,818,argument_-1,global_67,N/A
testapi.c,8190,function_122,function_122,N/A
testapi.c,8232,function_122,function_122,N/A
testapi.c,8288,function_122,function_122,N/A
testapi.c,8329,function_122,function_122,N/A
testapi.c,8373,function_122,function_122,N/A
testapi.c,8410,function_122,function_122,N/A
testapi.c,8452,function_122,function_122,N/A
testapi.c,8479,function_122,function_122,N/A
testapi.c,8494,global_6,global_1,N/A
testapi.c,8548,function_122,function_122,N/A
testapi.c,8603,function_122,function_122,N/A
testapi.c,8677,function_122,function_122,N/A
testapi.c,8719,function_122,function_122,N/A
testapi.c,8765,function_122,function_122,N/A
testapi.c,8811,function_122,function_122,N/A
testapi.c,8855,function_122,function_122,N/A
testapi.c,8885,function_122,function_122,N/A
testapi.c,89,global_6,global_8,N/A
testapi.c,8922,function_122,function_122,N/A
testapi.c,8976,function_122,function_122,N/A
testapi.c,9008,function_122,function_122,N/A
testapi.c,9065,function_122,function_122,N/A
testapi.c,910,argument_257,global_1,N/A
testapi.c,9102,function_122,function_122,N/A
testapi.c,911,argument_257,global_1,N/A
testapi.c,9119,global_6,global_1,N/A
testapi.c,915+,argument_258,global_6,N/A
testapi.c,915,argument_258,global_2,N/A
testapi.c,9188,function_122,function_122,N/A
testapi.c,919+,argument_259,global_6,N/A
testapi.c,919,argument_259,global_2,N/A
testapi.c,924,argument_260,global_1,N/A
testapi.c,925,argument_260,global_1,N/A
testapi.c,9255,function_122,function_122,N/A
testapi.c,929,argument_-1,global_32,N/A
testapi.c,9292,function_122,function_122,N/A
testapi.c,933,argument_-1,global_32,N/A
testapi.c,9355,function_122,function_122,N/A
testapi.c,9401,function_122,function_122,N/A
testapi.c,9441,function_122,function_122,N/A
testapi.c,9487,function_122,function_122,N/A
testapi.c,9526,function_122,function_122,N/A
testapi.c,9565,function_122,function_122,N/A
testapi.c,9604,function_122,function_122,N/A
testapi.c,9638,function_122,function_122,N/A
testapi.c,9665,function_122,function_122,N/A
testapi.c,972,argument_-1,global_76,N/A
testapi.c,9722,function_122,function_122,N/A
testapi.c,9749,global_6,global_1,N/A
testapi.c,976,argument_-1,global_76,N/A
testapi.c,9799,function_122,function_122,N/A
testapi.c,9850,function_122,function_122,N/A
testapi.c,9908,function_122,function_122,N/A
testapi.c,9983,function_122,function_122,N/A
testAutomata.c,102,function_128,global_77,N/A
testAutomata.c,119,function_128,global_77,N/A
testAutomata.c,130,function_128,global_77,N/A
testAutomata.c,169,function_128,global_77,N/A
testAutomata.c,188,global_1,global_1,N/A
testAutomata.c,190+,global_1,global_1,N/A
testAutomata.c,213,function_128,global_77,N/A
testAutomata.c,221,argument_0,global_1,N/A
testAutomata.c,246,function_129,global_1,N/A
testAutomata.c,248,function_129,global_1,N/A
testAutomata.c,251,function_129,global_1,N/A
testAutomata.c,253,function_129,global_1,N/A
testAutomata.c,256,function_129,global_1,N/A
testAutomata.c,258,function_129,global_1,N/A
testAutomata.c,261,function_129,global_1,N/A
testAutomata.c,263,function_129,global_1,N/A
testAutomata.c,266,function_129,global_1,N/A
testAutomata.c,268,function_129,global_1,N/A
testAutomata.c,271,function_129,global_1,N/A
testAutomata.c,273,function_129,global_1,N/A
testAutomata.c,276,function_129,global_1,N/A
testAutomata.c,278,function_129,global_1,N/A
testAutomata.c,280,function_129,global_1,N/A
testAutomata.c,282,function_129,global_1,N/A
testAutomata.c,284,function_129,global_1,N/A
testAutomata.c,45,function_5,global_14,N/A
testAutomata.c,52,function_128,global_77,N/A
testAutomata.c,68,function_98,global_7,N/A
testAutomata.c,78,function_128,global_77,N/A
testC14N.c,109,function_106,global_1,N/A
testC14N.c,111,function_67,global_12,N/A
testC14N.c,144,argument_0,global_1,N/A
testC14N.c,147,function_32,global_1,N/A
testC14N.c,148,argument_0,global_1,N/A
testC14N.c,149,function_32,global_1,N/A
testC14N.c,150,argument_0,global_1,N/A
testC14N.c,151,function_32,global_1,N/A
testC14N.c,152,argument_0,global_1,N/A
testC14N.c,153,function_32,global_1,N/A
testC14N.c,154,argument_0,global_1,N/A
testC14N.c,155,function_32,global_1,N/A
testC14N.c,159,argument_0,global_1,N/A
testC14N.c,160,argument_0,global_1,N/A
testC14N.c,162,function_32,global_1,N/A
testC14N.c,166,argument_0,global_1,N/A
testC14N.c,167,argument_0,global_1,N/A
testC14N.c,180,global_1,global_1,N/A
testC14N.c,203,argument_179,global_7,N/A
testC14N.c,254,function_69,global_2,N/A
testC14N.c,262,function_48,global_8,N/A
testC14N.c,269+,function_16,global_1,N/A
testC14N.c,280,function_102,global_7,N/A
testC14N.c,287,function_103,global_65,N/A
testC14N.c,299,function_104,global_1,N/A
testC14N.c,313,function_105,global_0,N/A
testC14N.c,75,function_69,global_2,N/A
testC14N.c,83,function_48,global_8,N/A
testC14N.c,92,argument_-1,global_7,N/A
testchar.c,104+,global_1,global_1,global_1
testchar.c,105+,function_54,global_2,N/A
testchar.c,105,global_6,global_1,N/A
testchar.c,116+,function_54,global_2,N/A
testchar.c,116,global_6,global_1,N/A
testchar.c,125+,function_54,global_2,N/A
testchar.c,125,global_6,global_1,N/A
testchar.c,129,function_54,global_2,N/A
testchar.c,153,function_28,global_32,N/A
testchar.c,18++,global_6,global_1,N/A
testchar.c,18+,argument_261,global_41,N/A
testchar.c,18,argument_261,global_7,N/A
testchar.c,250,global_1,global_1,N/A
testchar.c,256+,global_1,global_1,N/A
testchar.c,258,global_6,global_1,N/A
testchar.c,261,global_1,global_1,N/A
testchar.c,262,function_130,global_1,N/A
testchar.c,264,function_130,global_1,N/A
testchar.c,286+,global_1,global_1,global_1
testchar.c,287,global_6,global_1,N/A
testchar.c,297+,global_1,global_1,global_1
testchar.c,298,global_6,global_1,N/A
testchar.c,308+,global_1,global_1,global_1
testchar.c,309,global_6,global_1,N/A
testchar.c,320,global_6,global_1,N/A
testchar.c,329,global_6,global_1,N/A
testchar.c,337,function_130,global_1,global_1
testchar.c,371,global_6,global_1,N/A
testchar.c,380,global_1,global_1,global_1
testchar.c,381,global_6,global_1,N/A
testchar.c,39+,global_1,argument_262,N/A
testchar.c,39,global_1,argument_262,N/A
testchar.c,392,global_1,global_1,global_1
testchar.c,393,global_6,global_1,N/A
testchar.c,40+,function_54,global_2,N/A
testchar.c,40,global_6,global_1,N/A
testchar.c,404,global_6,global_1,N/A
testchar.c,413,global_6,global_1,N/A
testchar.c,46+,global_1,global_1,N/A
testchar.c,46,global_1,global_1,N/A
testchar.c,461,global_6,global_1,N/A
testchar.c,47+,function_54,global_2,N/A
testchar.c,47,global_6,global_1,N/A
testchar.c,470,global_1,global_1,global_1
testchar.c,472,global_6,global_1,N/A
testchar.c,483,global_1,global_1,global_1
testchar.c,484,global_6,global_1,N/A
testchar.c,496,global_6,global_1,N/A
testchar.c,505,global_6,global_1,N/A
testchar.c,51+,global_1,global_1,N/A
testchar.c,51,global_1,global_1,N/A
testchar.c,52++,global_1,global_1,N/A
testchar.c,52+,global_1,global_1,N/A
testchar.c,52,global_1,global_1,N/A
testchar.c,53+,function_54,global_2,N/A
testchar.c,53,global_6,global_1,N/A
testchar.c,546,function_28,global_32,N/A
testchar.c,552,function_-1,global_34,N/A
testchar.c,557,function_-1,global_17,N/A
testchar.c,57,function_54,global_2,N/A
testchar.c,61,function_54,global_2,N/A
testchar.c,82+,global_1,global_1,global_1
testchar.c,83+,function_54,global_2,N/A
testchar.c,83,global_6,global_1,N/A
testchar.c,93+,global_1,global_1,global_1
testchar.c,94+,function_54,global_2,N/A
testchar.c,94,global_6,global_1,N/A
testdict.c,100+,global_1,global_1,N/A
testdict.c,100,global_1,global_1,N/A
testdict.c,108,global_1,global_1,N/A
testdict.c,115,global_1,global_1,N/A
testdict.c,140,global_1,global_1,N/A
testdict.c,158,function_-1,global_35,N/A
testdict.c,180,global_1,global_1,N/A
testdict.c,190,global_1,global_1,N/A
testdict.c,204,global_1,global_1,N/A
testdict.c,219,global_1,global_1,N/A
testdict.c,220,function_50,global_1,N/A
testdict.c,226,function_50,global_1,N/A
testdict.c,237,global_1,global_1,N/A
testdict.c,238,function_50,global_1,N/A
testdict.c,249,global_1,global_1,N/A
testdict.c,261,global_1,global_1,N/A
testdict.c,273,global_1,global_1,N/A
testdict.c,290,global_1,global_1,N/A
testdict.c,321,function_-1,global_35,N/A
testdict.c,341,global_1,global_1,N/A
testdict.c,351,global_1,global_1,N/A
testdict.c,365,global_1,global_1,N/A
testdict.c,380,global_1,global_1,N/A
testdict.c,381,function_50,global_1,N/A
testdict.c,392,global_1,global_1,N/A
testdict.c,404,global_1,global_1,N/A
testdict.c,435,function_-1,global_1,N/A
testdict.c,50,global_1,global_1,N/A
testdict.c,56,global_1,global_1,N/A
testdict.c,61+,global_1,global_1,N/A
testdict.c,61,global_1,global_1,N/A
testdict.c,69,global_1,global_1,N/A
testdict.c,76,global_1,global_1,N/A
testdict.c,89,global_1,global_1,N/A
testdict.c,95,global_1,global_1,N/A
testHTML.c,153,argument_185,global_7,N/A
testHTML.c,157,argument_185,global_7,N/A
testHTML.c,184,argument_187,global_7,N/A
testHTML.c,188,argument_187,global_7,N/A
testHTML.c,374,argument_161,global_26,N/A
testHTML.c,627,global_6,global_1,N/A
testHTML.c,635,function_5,global_14,N/A
testHTML.c,659,global_6,global_1,N/A
testHTML.c,665,function_5,global_14,N/A
testHTML.c,698,global_6,global_1,N/A
testHTML.c,721,global_6,global_1,N/A
testHTML.c,729,function_5,global_14,N/A
testHTML.c,764,global_6,global_1,N/A
testHTML.c,777,global_6,global_1,N/A
testHTML.c,779,global_6,global_1,N/A
testHTML.c,780,global_6,global_7,N/A
testHTML.c,807+,function_32,global_1,N/A
testHTML.c,807,function_32,global_1,N/A
testHTML.c,811+,function_32,global_1,N/A
testHTML.c,811,function_32,global_1,N/A
testHTML.c,814+,function_32,global_1,N/A
testHTML.c,814,function_32,global_1,N/A
testHTML.c,817+,function_32,global_1,N/A
testHTML.c,817,function_32,global_1,N/A
testHTML.c,819+,function_32,global_1,N/A
testHTML.c,819,function_32,global_1,N/A
testHTML.c,821,function_32,global_1,N/A
testHTML.c,822,function_32,global_1,N/A
testHTML.c,824,function_32,global_1,N/A
testHTML.c,825,function_32,global_1,N/A
testHTML.c,830,global_1,argument_0,N/A
testHTML.c,831,function_32,global_1,N/A
testHTML.c,832,function_32,global_1,N/A
testHTML.c,837,global_6,global_1,N/A
testHTML.c,839,global_6,global_1,N/A
testHTML.c,845,global_6,global_1,N/A
testlimits.c,105+,function_55,global_1,N/A
testlimits.c,105,argument_263,global_7,N/A
testlimits.c,121+,function_55,global_1,N/A
testlimits.c,121,argument_264,global_7,N/A
testlimits.c,126,function_32,global_1,N/A
testlimits.c,1270,function_28,global_32,N/A
testlimits.c,1279,function_70,global_2,N/A
testlimits.c,1284,argument_265,global_1,N/A
testlimits.c,1291,argument_265,global_1,N/A
testlimits.c,1325,function_76,global_50,N/A
testlimits.c,1330,function_77,global_1,N/A
testlimits.c,1333,function_77,global_1,N/A
testlimits.c,1334,argument_266,global_1,N/A
testlimits.c,1337,function_55,global_1,N/A
testlimits.c,1346,argument_266,global_1,N/A
testlimits.c,1347,function_55,global_1,N/A
testlimits.c,1357,global_6,global_1,N/A
testlimits.c,1441,argument_267,global_-1,N/A
testlimits.c,1478,global_6,global_1,N/A
testlimits.c,148,argument_268,global_7,N/A
testlimits.c,1481,function_107,global_1,N/A
testlimits.c,1483,global_6,global_1,N/A
testlimits.c,1506,global_6,global_1,N/A
testlimits.c,1524,global_6,global_1,N/A
testlimits.c,1538,argument_269,global_1,N/A
testlimits.c,1539+,argument_269,global_1,N/A
testlimits.c,1539,argument_269,global_1,N/A
testlimits.c,1540,argument_269,global_1,N/A
testlimits.c,1541+,argument_269,global_1,N/A
testlimits.c,1541,argument_269,global_1,N/A
testlimits.c,1542,argument_269,global_1,N/A
testlimits.c,1543+,argument_269,global_1,N/A
testlimits.c,1543,argument_269,global_1,N/A
testlimits.c,1544+,argument_269,global_1,N/A
testlimits.c,1544,argument_269,global_1,N/A
testlimits.c,1545,argument_269,global_1,N/A
testlimits.c,1546,argument_269,global_1,N/A
testlimits.c,1547,argument_269,global_1,N/A
testlimits.c,1548+,argument_269,global_1,N/A
testlimits.c,1548,argument_269,global_1,N/A
testlimits.c,1549+,argument_269,global_1,N/A
testlimits.c,1549,argument_269,global_1,N/A
testlimits.c,1550+,argument_269,global_1,N/A
testlimits.c,1550,argument_269,global_1,N/A
testlimits.c,1551,argument_269,global_1,N/A
testlimits.c,1552,argument_269,global_1,N/A
testlimits.c,1553+,argument_269,global_1,N/A
testlimits.c,1553,argument_269,global_1,N/A
testlimits.c,1569,global_6,global_1,N/A
testlimits.c,1579,global_6,global_1,N/A
testlimits.c,1587,global_6,global_1,N/A
testlimits.c,1589,global_6,global_1,N/A
testlimits.c,1611,function_32,global_1,N/A
testlimits.c,1613,function_32,global_1,N/A
testlimits.c,1615,function_32,global_1,N/A
testlimits.c,1624+,global_6,global_1,N/A
testlimits.c,1624,global_6,global_1,N/A
testlimits.c,183++,argument_270,global_1,N/A
testlimits.c,183+,argument_270,global_7,N/A
testlimits.c,183,argument_270,global_7,N/A
testlimits.c,186,global_6,global_1,N/A
testlimits.c,187,argument_270,global_6,N/A
testlimits.c,199,global_6,global_1,N/A
testlimits.c,200,argument_270,global_6,N/A
testlimits.c,211,global_6,global_1,N/A
testlimits.c,212,argument_270,global_1,N/A
testlimits.c,215,global_6,global_6,N/A
testlimits.c,220,global_6,global_6,N/A
testlimits.c,268+,function_55,global_1,N/A
testlimits.c,268,argument_-1,global_7,N/A
testlimits.c,284+,function_55,global_1,N/A
testlimits.c,284,argument_-1,global_7,N/A
testlimits.c,306,argument_-1,global_7,N/A
testlimits.c,324++,argument_271,global_1,N/A
testlimits.c,324+,argument_271,global_7,N/A
testlimits.c,324,argument_271,global_7,N/A
testlimits.c,327+,global_6,global_1,N/A
testlimits.c,327,function_-1,global_1,N/A
testlimits.c,333,global_6,global_1,N/A
testlimits.c,334,argument_271,global_6,N/A
testlimits.c,345,global_6,global_1,N/A
testlimits.c,346,argument_271,global_6,N/A
testlimits.c,357,global_6,global_1,N/A
testlimits.c,358,argument_271,global_1,N/A
testlimits.c,361,global_6,global_6,N/A
testlimits.c,410,global_6,global_1,N/A
testlimits.c,417,global_6,function_84,global_1
testlimits.c,442,argument_176,global_17,N/A
testlimits.c,498,argument_178,global_41,N/A
testlimits.c,514,global_1,global_1,N/A
testlimits.c,545,global_1,global_1,N/A
testlimits.c,55,function_-1,global_6,global_12
testlimits.c,609,global_1,global_1,N/A
testlimits.c,625,global_1,global_1,N/A
testlimits.c,630,function_15,global_1,N/A
testlimits.c,637,global_1,global_1,N/A
testlimits.c,678,function_53,global_1,N/A
testlimits.c,683,function_53,global_1,N/A
testModule.c,57,function_-1,global_1,N/A
testOOM.c,117,function_-1,global_7,N/A
testOOM.c,148+,function_8,global_1,N/A
testOOM.c,154,function_5,global_14,N/A
testOOM.c,177,global_6,global_1,N/A
testOOM.c,178,function_100,global_1,N/A
testOOM.c,181,function_100,global_1,N/A
testOOM.c,184,function_75,global_7,N/A
testOOM.c,197,function_100,global_1,N/A
testOOM.c,199,function_74,global_7,N/A
testOOM.c,201,function_-1,global_1,N/A
testOOM.c,203,function_74,global_7,N/A
testOOM.c,207,function_74,global_7,N/A
testOOM.c,210,function_-1,global_1,N/A
testOOM.c,212,function_100,global_1,N/A
testOOM.c,214,function_74,global_7,N/A
testOOM.c,236,global_6,global_1,N/A
testOOM.c,249,global_6,global_1,N/A
testOOM.c,264,function_132,global_50,N/A
testOOM.c,270,global_6,global_1,N/A
testOOM.c,271,function_-1,global_1,N/A
testOOM.c,278,function_77,global_1,N/A
testOOM.c,279,function_-1,global_1,N/A
testOOM.c,282,function_77,global_1,N/A
testOOM.c,285,global_6,global_1,N/A
testOOM.c,295,global_1,global_1,N/A
testOOM.c,301,global_6,global_1,N/A
testOOM.c,305,global_1,global_1,N/A
testOOM.c,313,function_132,global_50,N/A
testOOM.c,322,argument_0,global_1,N/A
testOOM.c,336+,function_32,global_1,N/A
testOOM.c,336,function_32,global_1,N/A
testOOM.c,338+,function_32,global_1,N/A
testOOM.c,338,function_32,global_1,N/A
testOOM.c,340,function_32,global_1,N/A
testOOM.c,341,function_32,global_1,N/A
testOOM.c,343,function_32,global_1,N/A
testOOM.c,344,function_32,global_1,N/A
testOOM.c,347,global_6,global_1,N/A
testOOM.c,349,global_1,argument_0,N/A
testOOM.c,355,function_-1,global_1,N/A
testOOM.c,364,function_-1,global_1,N/A
testOOM.c,86,argument_-1,global_12,N/A
testOOMlib.c,125,function_-1,global_1,N/A
testOOMlib.c,131,argument_-1,global_12,N/A
testOOMlib.c,138,function_-1,global_7,N/A
testOOMlib.c,149,function_-1,global_1,N/A
testOOMlib.c,155,argument_272,global_12,N/A
testOOMlib.c,165+,function_-1,global_7,N/A
testOOMlib.c,165,argument_272,global_7,N/A
testOOMlib.c,175,argument_-1,global_7,N/A
testOOMlib.c,189,argument_-1,global_7,N/A
testOOMlib.c,195,function_-1,global_7,N/A
testOOMlib.c,210,argument_-1,global_1,N/A
testOOMlib.c,255,function_133,global_1,N/A
testOOMlib.c,259,function_133,global_1,N/A
testOOMlib.c,263,function_133,global_1,N/A
testOOMlib.c,90,global_6,global_1,N/A
testOOMlib.c,93,global_6,global_6,N/A
testReader.c,108,argument_0,global_1,N/A
testReader.c,114+,function_32,global_1,N/A
testReader.c,114,function_32,global_1,N/A
testReader.c,116+,function_32,global_1,N/A
testReader.c,116,function_32,global_1,N/A
testReader.c,118+,function_32,global_1,N/A
testReader.c,118,function_32,global_1,N/A
testReader.c,120+,function_32,global_1,N/A
testReader.c,120,function_32,global_1,N/A
testReader.c,122+,function_32,global_1,N/A
testReader.c,122,function_32,global_1,N/A
testReader.c,124,function_32,global_1,N/A
testReader.c,125,function_32,global_1,N/A
testReader.c,128,global_6,global_1,N/A
testReader.c,129,global_1,argument_0,N/A
testReader.c,58,global_6,global_1,N/A
testReader.c,59,function_100,global_1,N/A
testReader.c,70,global_6,global_1,N/A
testReader.c,76,function_132,global_50,N/A
testReader.c,77,global_6,global_1,N/A
testReader.c,84,function_77,global_1,N/A
testReader.c,92,global_6,global_1,N/A
testReader.c,95,function_77,global_1,N/A
testReader.c,97,global_6,global_1,N/A
testrecurse.c,186+,function_55,global_1,N/A
testrecurse.c,186,argument_263,global_7,N/A
testrecurse.c,202+,function_55,global_1,N/A
testrecurse.c,202,argument_264,global_7,N/A
testrecurse.c,219,argument_268,global_7,N/A
testrecurse.c,238++,argument_270,global_1,N/A
testrecurse.c,238+,argument_270,global_7,N/A
testrecurse.c,238,argument_270,global_7,N/A
testrecurse.c,241,argument_270,global_6,N/A
testrecurse.c,242,global_6,global_1,N/A
testrecurse.c,250,global_6,global_1,N/A
testrecurse.c,255,global_6,global_1,global_1
testrecurse.c,295,function_83,global_1,N/A
testrecurse.c,318,global_6,global_1,N/A
testrecurse.c,325,global_6,function_84,global_1
testrecurse.c,350,argument_176,global_17,N/A
testrecurse.c,406,argument_178,global_41,N/A
testrecurse.c,422,global_1,global_1,N/A
testrecurse.c,453,global_1,global_1,N/A
testrecurse.c,517,global_1,global_1,N/A
testrecurse.c,533,global_1,global_1,N/A
testrecurse.c,538,function_15,global_1,N/A
testrecurse.c,545,global_1,global_1,N/A
testrecurse.c,586,function_53,global_1,N/A
testrecurse.c,600,argument_182,global_7,N/A
testrecurse.c,624,argument_183,global_7,N/A
testrecurse.c,626,argument_183,global_7,N/A
testrecurse.c,643,function_29,global_1,N/A
testrecurse.c,692,function_70,global_2,N/A
testrecurse.c,731,function_70,global_2,N/A
testrecurse.c,767,function_76,global_50,N/A
testrecurse.c,772,function_77,global_1,N/A
testrecurse.c,775,function_77,global_1,N/A
testrecurse.c,821,argument_181,global_-1,N/A
testrecurse.c,828,function_83,global_1,N/A
testrecurse.c,833,function_93,global_7,N/A
testrecurse.c,843,function_93,global_7,N/A
testrecurse.c,850+,function_83,global_1,N/A
testrecurse.c,850,function_93,global_7,N/A
testrecurse.c,852+,function_83,global_1,N/A
testrecurse.c,852,function_93,global_7,N/A
testrecurse.c,868,function_89,function_89,N/A
testrecurse.c,869,function_89,function_89,N/A
testrecurse.c,870,global_6,global_1,N/A
testrecurse.c,879,function_93,global_7,N/A
testrecurse.c,881,function_93,global_7,N/A
testrecurse.c,909,global_6,global_1,N/A
testrecurse.c,912,function_107,global_1,N/A
testrecurse.c,914,global_6,global_1,N/A
testrecurse.c,934,function_32,global_1,N/A
testrecurse.c,936,function_32,global_1,N/A
testrecurse.c,940,function_92,global_7,N/A
testrecurse.c,952+,global_6,global_1,N/A
testrecurse.c,952,global_6,global_1,N/A
testRegexp.c,103,function_98,global_7,N/A
testRegexp.c,118,function_134,global_1,N/A
testRegexp.c,140,function_-1,global_79,N/A
testRegexp.c,149+,function_135,global_1,N/A
testRegexp.c,149,global_1,global_1,N/A
testRegexp.c,151+,function_135,global_1,N/A
testRegexp.c,151,global_1,global_1,N/A
testRegexp.c,153+,function_135,global_1,N/A
testRegexp.c,153,global_1,global_1,N/A
testRegexp.c,155+,function_135,global_1,N/A
testRegexp.c,155,global_1,global_1,N/A
testRegexp.c,160,function_134,function_134,N/A
testRegexp.c,166,function_134,function_134,N/A
testRegexp.c,177,function_134,global_1,N/A
testRegexp.c,191,function_-1,global_79,N/A
testRegexp.c,199,function_-1,global_79,N/A
testRegexp.c,205,function_-1,global_1,N/A
testRegexp.c,225,argument_-1,global_79,N/A
testRegexp.c,23,function_-1,global_1,N/A
testRegexp.c,232,function_-1,global_1,N/A
testRegexp.c,235,function_-1,global_1,N/A
testRegexp.c,243,function_-1,global_79,N/A
testRegexp.c,25,function_-1,global_1,N/A
testRegexp.c,283,argument_0,global_1,N/A
testRegexp.c,288,function_32,global_1,N/A
testRegexp.c,29,global_6,global_1,N/A
testRegexp.c,293,function_32,global_1,N/A
testRegexp.c,296+,function_32,global_1,N/A
testRegexp.c,296,function_32,global_1,N/A
testRegexp.c,298,function_32,global_1,N/A
testRegexp.c,299,function_32,global_1,N/A
testRegexp.c,302,function_32,global_1,N/A
testRegexp.c,303,function_32,global_1,N/A
testRegexp.c,306+,function_32,global_1,N/A
testRegexp.c,306,function_32,global_1,N/A
testRegexp.c,307,function_32,global_1,N/A
testRegexp.c,332,global_1,argument_0,N/A
testRegexp.c,333,function_32,global_1,N/A
testRegexp.c,335+,function_32,global_1,N/A
testRegexp.c,336,global_1,global_1,N/A
testRegexp.c,345,global_6,global_1,N/A
testRegexp.c,360,global_1,argument_0,N/A
testRegexp.c,361,function_32,global_1,N/A
testRegexp.c,363+,function_32,global_1,N/A
testRegexp.c,364,global_1,global_1,N/A
testRegexp.c,373,global_6,global_1,N/A
testRegexp.c,44,function_5,global_14,N/A
testRegexp.c,49,function_98,global_7,N/A
testRegexp.c,98,function_5,global_14,N/A
testRelax.c,128,global_6,global_1,N/A
testRelax.c,131,global_6,global_1,N/A
testRelax.c,139,function_69,global_2,N/A
testRelax.c,151,function_136,global_1,N/A
testRelax.c,153,function_136,global_1,N/A
testRelax.c,64+,function_32,global_1,N/A
testRelax.c,64,function_32,global_1,N/A
testRelax.c,69+,function_32,global_1,N/A
testRelax.c,69,function_32,global_1,N/A
testRelax.c,73+,function_32,global_1,N/A
testRelax.c,73,function_32,global_1,N/A
testRelax.c,76+,function_32,global_1,N/A
testRelax.c,76,function_32,global_1,N/A
testRelax.c,82,global_1,argument_0,N/A
testRelax.c,88,global_6,global_1,N/A
testRelax.c,92,function_29,global_1,N/A
testRelax.c,94,function_7,global_1,N/A
testRelax.c,98,function_137,global_13,N/A
testSAX.c,1008,global_6,global_1,N/A
testSAX.c,1011+,global_6,global_1,N/A
testSAX.c,1011,global_6,global_1,N/A
testSAX.c,1020,function_5,global_14,N/A
testSAX.c,1049,function_5,global_14,N/A
testSAX.c,1056,global_6,global_1,N/A
testSAX.c,1076,global_6,global_1,N/A
testSAX.c,1080+,global_6,global_1,N/A
testSAX.c,1080,global_6,global_1,N/A
testSAX.c,1082,function_138,global_1,N/A
testSAX.c,1091,global_6,global_1,N/A
testSAX.c,1094,global_6,global_1,N/A
testSAX.c,1102,global_6,global_1,N/A
testSAX.c,1106,function_138,global_1,N/A
testSAX.c,1109,global_6,global_1,N/A
testSAX.c,1119,function_138,global_1,N/A
testSAX.c,1136+,function_32,global_1,N/A
testSAX.c,1136,function_32,global_1,N/A
testSAX.c,1138+,function_32,global_1,N/A
testSAX.c,1138,function_32,global_1,N/A
testSAX.c,1140,function_32,global_1,N/A
testSAX.c,1141,function_32,global_1,N/A
testSAX.c,1143,function_32,global_1,N/A
testSAX.c,1144,function_32,global_1,N/A
testSAX.c,1150,function_32,global_1,N/A
testSAX.c,1151,function_32,global_1,N/A
testSAX.c,1153,function_32,global_1,N/A
testSAX.c,1154,function_32,global_1,N/A
testSAX.c,1158,function_32,global_1,N/A
testSAX.c,1159,function_32,global_1,N/A
testSAX.c,1162,function_32,global_1,N/A
testSAX.c,1163,function_32,global_1,N/A
testSAX.c,1165,function_32,global_1,N/A
testSAX.c,1166,function_32,global_1,N/A
testSAX.c,1168,function_32,global_1,N/A
testSAX.c,1169,function_32,global_1,N/A
testSAX.c,1171,function_32,global_1,N/A
testSAX.c,1172,function_32,global_1,N/A
testSAX.c,1175,global_6,global_1,N/A
testSAX.c,1176,global_1,argument_0,N/A
testSAX.c,1178,global_6,global_1,N/A
testSAX.c,1182,global_6,global_1,N/A
testSAX.c,259,global_6,global_1,N/A
testSAX.c,277,global_6,global_1,N/A
testSAX.c,295,global_6,global_1,N/A
testSAX.c,312,global_6,global_1,N/A
testSAX.c,315,argument_185,global_7,N/A
testSAX.c,319,argument_185,global_7,N/A
testSAX.c,336,global_6,global_1,N/A
testSAX.c,339,argument_186,global_7,N/A
testSAX.c,343,argument_186,global_7,N/A
testSAX.c,367,global_6,global_1,N/A
testSAX.c,373,argument_187,global_7,N/A
testSAX.c,377,argument_187,global_7,N/A
testSAX.c,402,global_6,global_1,N/A
testSAX.c,421,global_6,global_1,N/A
testSAX.c,445,argument_188,global_7,N/A
testSAX.c,447,argument_188,global_7,N/A
testSAX.c,449,argument_188,global_7,N/A
testSAX.c,452,global_6,global_1,N/A
testSAX.c,472,global_6,global_1,N/A
testSAX.c,474,argument_189,global_7,N/A
testSAX.c,497,global_6,global_1,N/A
testSAX.c,517,global_6,global_1,N/A
testSAX.c,540,argument_160,global_7,N/A
testSAX.c,542,argument_160,global_7,N/A
testSAX.c,544,argument_160,global_7,N/A
testSAX.c,547,global_6,global_1,N/A
testSAX.c,566,global_6,global_1,N/A
testSAX.c,581,global_6,global_1,N/A
testSAX.c,596,global_6,global_1,N/A
testSAX.c,614,global_6,global_1,N/A
testSAX.c,617,argument_161,global_26,N/A
testSAX.c,638,global_6,global_1,N/A
testSAX.c,659,global_6,global_1,N/A
testSAX.c,679,global_6,global_1,N/A
testSAX.c,701,global_6,global_1,N/A
testSAX.c,723,global_6,global_1,N/A
testSAX.c,725,argument_164,global_7,N/A
testSAX.c,745,global_6,global_1,N/A
testSAX.c,762,global_6,global_1,N/A
testSAX.c,782,global_6,global_1,N/A
testSAX.c,805,global_6,global_1,N/A
testSAX.c,828,global_6,global_1,N/A
testSAX.c,897,global_6,global_1,N/A
testSAX.c,900,argument_165,global_7,N/A
testSAX.c,904,argument_165,global_7,N/A
testSAX.c,910,argument_165,global_26,N/A
testSAX.c,920,argument_165,global_26,N/A
testSAX.c,921,global_1,argument_165,global_1
testSAX.c,947,global_6,global_1,N/A
testSAX.c,950,argument_166,global_7,N/A
testSAX.c,954,argument_166,global_7,N/A
testSchemas.c,119,global_6,global_1,N/A
testSchemas.c,130,function_69,global_2,N/A
testSchemas.c,142,function_139,global_1,N/A
testSchemas.c,144,function_139,global_1,N/A
testSchemas.c,64+,function_32,global_1,N/A
testSchemas.c,64,function_32,global_1,N/A
testSchemas.c,69+,function_32,global_1,N/A
testSchemas.c,69,function_32,global_1,N/A
testSchemas.c,73+,function_32,global_1,N/A
testSchemas.c,73,function_32,global_1,N/A
testSchemas.c,78,global_1,argument_0,N/A
testSchemas.c,84,global_6,global_1,N/A
testSchemas.c,88,function_29,global_1,N/A
testSchemas.c,90,function_7,global_1,N/A
testSchemas.c,94,function_137,global_13,N/A
testURI.c,101,function_98,global_7,N/A
testURI.c,30,global_6,global_7,N/A
testURI.c,32,function_99,global_1,N/A
testURI.c,35,global_6,global_1,N/A
testURI.c,49,global_6,global_1,N/A
testURI.c,77,argument_0,global_1,N/A
testURI.c,78+,function_32,global_1,N/A
testURI.c,78,function_32,global_1,N/A
testURI.c,81,global_6,global_7,N/A
testURI.c,84,argument_0,global_1,N/A
testURI.c,85+,function_32,global_1,N/A
testURI.c,85,function_32,global_1,N/A
testURI.c,89,argument_0,global_1,N/A
testURI.c,90+,function_32,global_1,N/A
testURI.c,90,function_32,global_1,N/A
testWriter.c,1001,function_140,global_7,N/A
testWriter.c,1006,function_141,global_1,N/A
testWriter.c,1010,function_140,global_7,N/A
testWriter.c,1014,function_141,global_1,N/A
testWriter.c,1021,function_141,global_1,N/A
testWriter.c,1028,function_141,global_1,N/A
testWriter.c,1036,function_141,global_1,N/A
testWriter.c,1044,function_141,global_1,N/A
testWriter.c,1052,function_141,global_1,N/A
testWriter.c,1059,function_141,global_1,N/A
testWriter.c,1067,function_141,global_1,N/A
testWriter.c,1075,function_141,global_1,N/A
testWriter.c,108,function_141,global_1,N/A
testWriter.c,1083,function_141,global_1,N/A
testWriter.c,1090,function_141,global_1,N/A
testWriter.c,1097,function_141,global_1,N/A
testWriter.c,1105,function_141,global_1,N/A
testWriter.c,1112,function_141,global_1,N/A
testWriter.c,1122,function_141,global_1,N/A
testWriter.c,113,function_140,global_7,N/A
testWriter.c,1153,argument_273,global_7,N/A
testWriter.c,1158,function_34,global_25,N/A
testWriter.c,1160,argument_273,global_7,N/A
testWriter.c,117,function_141,global_1,N/A
testWriter.c,126,function_141,global_1,N/A
testWriter.c,135,function_141,global_1,N/A
testWriter.c,146,function_141,global_1,N/A
testWriter.c,151,function_140,global_7,N/A
testWriter.c,155,function_141,global_1,N/A
testWriter.c,164,function_141,global_1,N/A
testWriter.c,173,function_141,global_1,N/A
testWriter.c,182,function_141,global_1,N/A
testWriter.c,187,function_140,global_7,N/A
testWriter.c,192,function_141,global_1,N/A
testWriter.c,197,function_140,global_7,N/A
testWriter.c,201,function_141,global_1,N/A
testWriter.c,209,function_141,global_1,N/A
testWriter.c,217,function_141,global_1,N/A
testWriter.c,226,function_141,global_1,N/A
testWriter.c,235,function_141,global_1,N/A
testWriter.c,243,function_141,global_1,N/A
testWriter.c,251,function_141,global_1,N/A
testWriter.c,260,function_141,global_1,N/A
testWriter.c,269,function_141,global_1,N/A
testWriter.c,277,function_141,global_1,N/A
testWriter.c,285,function_141,global_1,N/A
testWriter.c,293,function_141,global_1,N/A
testWriter.c,302,function_141,global_1,N/A
testWriter.c,310,function_141,global_1,N/A
testWriter.c,321,function_141,global_1,N/A
testWriter.c,348,function_88,global_16,N/A
testWriter.c,356,function_-1,global_74,N/A
testWriter.c,365,function_141,global_1,N/A
testWriter.c,374,function_141,global_1,N/A
testWriter.c,387,function_141,global_1,N/A
testWriter.c,392,function_140,global_7,N/A
testWriter.c,396,function_141,global_1,N/A
testWriter.c,405,function_141,global_1,N/A
testWriter.c,414,function_141,global_1,N/A
testWriter.c,425,function_141,global_1,N/A
testWriter.c,430,function_140,global_7,N/A
testWriter.c,434,function_141,global_1,N/A
testWriter.c,443,function_141,global_1,N/A
testWriter.c,452,function_141,global_1,N/A
testWriter.c,461,function_141,global_1,N/A
testWriter.c,466,function_140,global_7,N/A
testWriter.c,472,function_141,global_1,N/A
testWriter.c,477,function_140,global_7,N/A
testWriter.c,481,function_141,global_1,N/A
testWriter.c,488,function_141,global_1,N/A
testWriter.c,496,function_141,global_1,N/A
testWriter.c,505,function_141,global_1,N/A
testWriter.c,514,function_141,global_1,N/A
testWriter.c,522,function_141,global_1,N/A
testWriter.c,529,function_141,global_1,N/A
testWriter.c,538,function_141,global_1,N/A
testWriter.c,547,function_141,global_1,N/A
testWriter.c,555,function_141,global_1,N/A
testWriter.c,562,function_141,global_1,N/A
testWriter.c,569,function_141,global_1,N/A
testWriter.c,578,function_141,global_1,N/A
testWriter.c,586,function_141,global_1,N/A
testWriter.c,596,function_141,global_1,N/A
testWriter.c,604,function_5,global_14,N/A
testWriter.c,633,function_-1,global_74,N/A
testWriter.c,642,function_141,global_1,N/A
testWriter.c,650,function_141,global_1,N/A
testWriter.c,662,function_141,global_1,N/A
testWriter.c,666,function_140,global_7,N/A
testWriter.c,670,function_141,global_1,N/A
testWriter.c,678,function_141,global_1,N/A
testWriter.c,686,function_141,global_1,N/A
testWriter.c,696,function_141,global_1,N/A
testWriter.c,701,function_140,global_7,N/A
testWriter.c,705,function_141,global_1,N/A
testWriter.c,713,function_141,global_1,N/A
testWriter.c,722,function_141,global_1,N/A
testWriter.c,731,function_141,global_1,N/A
testWriter.c,735,function_140,global_7,N/A
testWriter.c,740,function_141,global_1,N/A
testWriter.c,744,function_140,global_7,N/A
testWriter.c,748,function_141,global_1,N/A
testWriter.c,755,function_141,global_1,N/A
testWriter.c,762,function_141,global_1,N/A
testWriter.c,77,function_126,global_74,N/A
testWriter.c,770,function_141,global_1,N/A
testWriter.c,778,function_141,global_1,N/A
testWriter.c,786,function_141,global_1,N/A
testWriter.c,793,function_141,global_1,N/A
testWriter.c,801,function_141,global_1,N/A
testWriter.c,809,function_141,global_1,N/A
testWriter.c,817,function_141,global_1,N/A
testWriter.c,824,function_141,global_1,N/A
testWriter.c,831,function_141,global_1,N/A
testWriter.c,839,function_141,global_1,N/A
testWriter.c,846,function_141,global_1,N/A
testWriter.c,856,function_141,global_1,N/A
testWriter.c,86,function_141,global_1,N/A
testWriter.c,886,function_108,global_2,N/A
testWriter.c,895,function_-1,global_8,N/A
testWriter.c,905,function_-1,global_74,N/A
testWriter.c,914,function_141,global_1,N/A
testWriter.c,926,function_141,global_1,N/A
testWriter.c,930,function_140,global_7,N/A
testWriter.c,934,function_141,global_1,N/A
testWriter.c,942,function_141,global_1,N/A
testWriter.c,95,function_141,global_1,N/A
testWriter.c,951,function_141,global_1,N/A
testWriter.c,962,function_141,global_1,N/A
testWriter.c,967,function_140,global_7,N/A
testWriter.c,971,function_141,global_1,N/A
testWriter.c,979,function_141,global_1,N/A
testWriter.c,988,function_141,global_1,N/A
testWriter.c,997,function_141,global_1,N/A
testXPath.c,122,function_5,global_14,N/A
testXPath.c,127,function_98,global_7,N/A
testXPath.c,151+,function_32,global_1,N/A
testXPath.c,151,function_32,global_1,N/A
testXPath.c,155+,function_32,global_1,N/A
testXPath.c,155,function_32,global_1,N/A
testXPath.c,157+,function_32,global_1,N/A
testXPath.c,157,function_32,global_1,N/A
testXPath.c,159+,function_32,global_1,N/A
testXPath.c,159,function_32,global_1,N/A
testXPath.c,161+,function_32,global_1,N/A
testXPath.c,161,function_32,global_1,N/A
testXPath.c,163,function_32,global_1,N/A
testXPath.c,164,function_32,global_1,N/A
testXPath.c,166+,function_32,global_1,N/A
testXPath.c,166,function_32,global_1,N/A
testXPath.c,168+,function_32,global_1,N/A
testXPath.c,168,function_32,global_1,N/A
testXPath.c,171,global_6,global_1,N/A
testXPath.c,176,global_6,global_1,N/A
testXPath.c,181,global_6,global_2,N/A
testXPath.c,187,global_1,argument_0,N/A
testXPath.c,188+,function_32,global_1,N/A
testXPath.c,188,function_32,global_1,N/A
testXPath.c,216,global_6,global_2,N/A
testXPath.c,84,global_6,global_1,N/A
testXPath.c,91,global_6,global_1,N/A
testXPath.c,98,function_85,global_62,N/A
testXPath.c,99,global_6,global_1,N/A
tree.c,222,argument_274,global_7,N/A
tree.c,223,argument_274,global_7,N/A
tree.c,228,argument_274,global_7,N/A
tree.c,266,argument_275,global_26,N/A
tree.c,268,argument_275,global_7,N/A
tree.c,292,argument_275,global_7,N/A
tree.c,299,argument_275,global_7,N/A
tree.c,325,argument_276,global_7,N/A
tree.c,326,argument_276,global_26,N/A
tree.c,371,argument_277,global_7,N/A
tree.c,377,argument_277,global_1,N/A
tree1.c,56,argument_0,global_1,N/A
tree2.c,89,global_1,global_1,global_1
tree2.c,96,argument_0,global_1,N/A
triostr.c,149,argument_-1,global_7,N/A
triostr.c,191,argument_278,global_7,N/A
triostr.c,192,argument_278,global_7,N/A
triostr.c,194,function_-1,global_7,N/A
triostr.c,223,argument_279,global_7,N/A
triostr.c,224,argument_279,global_7,N/A
triostr.c,228,argument_279,function_-1,N/A
triostr.c,251,argument_280,global_7,N/A
triostr.c,252,argument_280,global_7,N/A
uri.c,1034,argument_-1,global_1,N/A
uri.c,1064,argument_-1,global_22,N/A
uri.c,1078,global_1,global_1,N/A
uri.c,1080,function_142,global_7,N/A
uri.c,1085,global_1,global_1,N/A
uri.c,1087,function_142,global_7,N/A
uri.c,1095,global_1,global_1,global_1
uri.c,1097,function_142,global_7,N/A
uri.c,1112,global_1,global_1,global_1
uri.c,1114,function_142,global_7,N/A
uri.c,1122,global_1,global_1,global_1
uri.c,1124,function_142,global_7,N/A
uri.c,1141,global_1,global_1,global_1
uri.c,1143,function_142,global_7,N/A
uri.c,1151,global_1,global_1,N/A
uri.c,1153,function_142,global_7,N/A
uri.c,1159,global_1,global_1,global_1
uri.c,1161,function_142,global_7,N/A
uri.c,1168,global_1,global_1,global_1
uri.c,1170,function_142,global_7,N/A
uri.c,1177,global_1,global_1,global_1
uri.c,1179,function_142,global_7,N/A
uri.c,1196,global_1,global_1,global_1
uri.c,1198,function_142,global_7,N/A
uri.c,1213,function_16,global_1,N/A
uri.c,1214,global_1,global_1,global_1
uri.c,1216,function_142,global_7,N/A
uri.c,1224,global_1,global_1,global_1
uri.c,1226,function_142,global_7,N/A
uri.c,1244,global_1,global_1,global_1
uri.c,1246,function_142,global_7,N/A
uri.c,1252,global_1,global_1,global_1
uri.c,1254,function_142,global_7,N/A
uri.c,1260,global_1,global_1,global_1
uri.c,1262,function_142,global_7,N/A
uri.c,1268,global_1,global_1,global_1
uri.c,1270,function_142,global_7,N/A
uri.c,1286,global_1,global_1,global_1
uri.c,1288,function_142,global_7,N/A
uri.c,1294,global_1,global_1,global_1
uri.c,1296,function_142,global_7,N/A
uri.c,1310,global_1,global_1,N/A
uri.c,1312,function_142,global_7,N/A
uri.c,1335,function_143,global_7,N/A
uri.c,1349,argument_-1,global_22,N/A
uri.c,1379,argument_-1,global_22,N/A
uri.c,1414,argument_281,global_7,N/A
uri.c,1615,argument_282,global_7,N/A
uri.c,1617,argument_282,global_1,N/A
uri.c,1618,argument_282,global_1,N/A
uri.c,1620,argument_282,global_7,N/A
uri.c,1630,argument_282,global_1,N/A
uri.c,1631+++,function_-1,global_1,N/A
uri.c,1631++,function_-1,global_1,N/A
uri.c,1631,argument_282,global_1,N/A
uri.c,1675,argument_-1,global_7,N/A
uri.c,1680,function_15,global_1,N/A
uri.c,1691,function_15,global_1,global_1
uri.c,1693,function_142,global_7,N/A
uri.c,1703++++++++++++++++,function_12,global_7,N/A
uri.c,1753,argument_-1,global_7,N/A
uri.c,1757,function_144,global_22,N/A
uri.c,1763,function_99,global_1,N/A
uri.c,1769,function_144,global_22,N/A
uri.c,1896,argument_283,global_7,N/A
uri.c,1899,argument_283,global_28,N/A
uri.c,1908,global_1,global_1,N/A
uri.c,1917,argument_283,global_7,N/A
uri.c,1925,global_1,global_1,N/A
uri.c,211,argument_284,global_26,N/A
uri.c,2173,argument_285,global_7,N/A
uri.c,2185,function_99,global_1,N/A
uri.c,2193,argument_285,global_7,N/A
uri.c,220,argument_284,global_22,N/A
uri.c,2202,function_99,global_1,N/A
uri.c,2213,function_46,global_1,N/A
uri.c,2214,function_46,global_1,N/A
uri.c,2218,function_16,global_1,N/A
uri.c,2280+,global_1,global_1,N/A
uri.c,2335+,global_1,global_1,N/A
uri.c,2399,argument_-1,global_7,N/A
uri.c,2419,function_18,global_22,N/A
uri.c,2426,function_45,global_7,N/A
uri.c,2449,function_-1,global_7,N/A
uri.c,2453,function_18,global_22,N/A
uri.c,248,argument_286,global_26,N/A
uri.c,2531,argument_-1,global_7,N/A
uri.c,2534,function_18,global_22,N/A
uri.c,2539,function_-1,global_7,N/A
uri.c,255,argument_286,global_22,N/A
uri.c,257,argument_286,global_22,N/A
uri.c,285,argument_287,global_26,N/A
uri.c,291,argument_287,global_22,N/A
uri.c,293,argument_287,global_22,N/A
uri.c,330,argument_288,global_22,N/A
uri.c,333,argument_288,global_22,N/A
uri.c,365,argument_-1,global_22,N/A
uri.c,38,argument_-1,global_7,N/A
uri.c,453,function_145,global_1,N/A
uri.c,458,function_145,global_1,N/A
uri.c,462,function_145,global_1,N/A
uri.c,466,function_145,global_1,N/A
uri.c,478,argument_289,global_22,N/A
uri.c,517,function_146,global_1,N/A
uri.c,522,function_146,global_1,N/A
uri.c,526,function_146,global_1,N/A
uri.c,555,argument_-1,global_1,N/A
uri.c,588,function_147,global_1,N/A
uri.c,590,argument_290,global_22,N/A
uri.c,629,function_147,global_1,N/A
uri.c,633,function_147,global_1,N/A
uri.c,636,argument_291,global_22,N/A
uri.c,672,function_147,global_1,N/A
uri.c,676,function_147,global_1,N/A
uri.c,678,argument_292,global_22,N/A
uri.c,714,function_147,global_1,N/A
uri.c,718,function_147,global_1,N/A
uri.c,720,argument_293,global_22,N/A
uri.c,761,function_148,global_1,N/A
uri.c,765,function_148,global_1,N/A
uri.c,770,function_148,global_1,N/A
uri.c,773,function_148,global_1,N/A
uri.c,776,argument_-1,global_22,N/A
uri.c,808,function_148,global_1,N/A
uri.c,810,function_148,global_1,N/A
uri.c,813,function_148,global_1,N/A
uri.c,816,function_148,global_1,N/A
uri.c,819,argument_-1,global_22,N/A
uri.c,828,function_148,global_1,N/A
uri.c,833,function_148,global_1,N/A
uri.c,860,function_149,global_1,N/A
uri.c,866,function_149,global_1,N/A
uri.c,870,function_149,global_1,N/A
uri.c,875,function_149,global_1,N/A
uri.c,900,argument_-1,global_7,N/A
uri.c,909,function_-1,global_1,N/A
uri.c,912,function_-1,global_1,N/A
uri.c,935,argument_-1,global_7,N/A
uri.c,938,function_144,global_22,N/A
uri.c,940,function_-1,global_1,N/A
uri.c,981,argument_294,global_7,N/A
uri.c,984,function_144,global_22,N/A
uri.c,985,argument_294,global_1,N/A
uri.c,989,function_99,global_1,N/A
valid.c,1012,argument_295,global_76,N/A
valid.c,1014,argument_295,global_2,N/A
valid.c,104,argument_296,global_75,N/A
valid.c,1045,argument_295,global_76,N/A
valid.c,1105,argument_297,global_2,N/A
valid.c,1108,argument_297,global_76,N/A
valid.c,1124+,function_50,global_1,N/A
valid.c,1126+,function_50,global_1,N/A
valid.c,116,argument_296,global_7,N/A
valid.c,1160,argument_298,global_76,N/A
valid.c,1162,argument_298,global_1,N/A
valid.c,1207,argument_298,global_1,N/A
valid.c,1253,argument_299,global_76,N/A
valid.c,1260,argument_299,global_1,N/A
valid.c,1322,argument_299,global_1,N/A
valid.c,1353,argument_-1,global_66,N/A
valid.c,1390,argument_300,global_40,N/A
valid.c,1393,argument_300,global_7,N/A
valid.c,1399,argument_300,global_76,N/A
valid.c,1407,argument_300,global_76,N/A
valid.c,1415,argument_300,global_76,N/A
valid.c,1423,argument_300,global_76,N/A
valid.c,1441,function_150,global_7,N/A
valid.c,1459,function_150,global_7,N/A
valid.c,1495,function_150,global_7,N/A
valid.c,1509,function_150,global_7,N/A
valid.c,151,argument_-1,global_75,N/A
valid.c,1524,function_150,global_7,N/A
valid.c,1537,function_82,global_1,N/A
valid.c,1547,function_150,global_7,N/A
valid.c,1567,argument_300,global_75,N/A
valid.c,1571,argument_300,global_76,N/A
valid.c,1589,function_150,global_7,N/A
valid.c,1666+,argument_301,global_66,N/A
valid.c,1666,argument_301,global_16,N/A
valid.c,1738+,argument_302,global_31,N/A
valid.c,1738,argument_302,global_16,N/A
valid.c,1764,argument_-1,global_7,N/A
valid.c,1777,argument_-1,global_80,N/A
valid.c,1799,argument_-1,global_80,N/A
valid.c,1801,function_-1,global_80,N/A
valid.c,1820+,argument_303,global_80,N/A
valid.c,1820,argument_303,global_16,N/A
valid.c,1850,argument_304,global_66,N/A
valid.c,1855+,argument_304,global_1,N/A
valid.c,1855,global_1,global_1,N/A
valid.c,1876,argument_-1,global_67,N/A
valid.c,1885+,function_50,global_1,N/A
valid.c,1887+,function_50,global_1,N/A
valid.c,1889+,function_50,global_1,N/A
valid.c,1892,function_50,global_1,N/A
valid.c,1936,argument_305,global_40,N/A
valid.c,1940,argument_305,global_7,N/A
valid.c,1944,argument_305,global_7,N/A
valid.c,1983,argument_305,global_7,N/A
valid.c,1984,function_-1,global_1,N/A
valid.c,1989,argument_305,global_75,N/A
valid.c,2054,argument_305,global_7,N/A
valid.c,2065,function_-1,global_1,N/A
valid.c,2083,function_-1,global_66,N/A
valid.c,2086,argument_305,global_1,N/A
valid.c,2087,function_-1,global_1,N/A
valid.c,2091,argument_305,global_75,N/A
valid.c,2100,function_16,global_1,N/A
valid.c,2102,function_16,global_1,N/A
valid.c,2109,function_16,global_1,N/A
valid.c,2110+,function_16,global_1,N/A
valid.c,2211+,argument_306,global_67,N/A
valid.c,2211,argument_306,global_16,N/A
valid.c,2304+,argument_307,global_31,N/A
valid.c,2304,argument_307,global_16,N/A
valid.c,2323,argument_-1,global_-1,N/A
valid.c,235,argument_-1,global_75,N/A
valid.c,2353,argument_308,global_40,N/A
valid.c,2356,argument_308,global_7,N/A
valid.c,2359+,argument_308,global_7,N/A
valid.c,2359,argument_308,global_7,N/A
valid.c,2391,argument_308,global_7,N/A
valid.c,2393,argument_308,global_7,N/A
valid.c,2400,function_43,global_1,N/A
valid.c,2481+,argument_309,global_-1,N/A
valid.c,2481,argument_309,global_16,N/A
valid.c,2520+,argument_310,global_31,N/A
valid.c,2520,argument_310,global_16,N/A
valid.c,2553,argument_-1,global_-1,N/A
valid.c,2559++,function_50,global_1,N/A
valid.c,2561++,function_50,global_1,N/A
valid.c,2583,argument_311,global_2,N/A
valid.c,2586,argument_311,global_7,N/A
valid.c,2589,argument_311,global_18,N/A
valid.c,2617,argument_311,global_75,N/A
valid.c,2632,function_43,global_1,N/A
valid.c,2637,argument_311,global_75,N/A
valid.c,2645,argument_311,global_18,N/A
valid.c,2676,argument_312,global_18,N/A
valid.c,2678,function_32,global_1,N/A
valid.c,2679,function_32,global_1,N/A
valid.c,2681,argument_312,global_2,N/A
valid.c,2686,function_16,global_1,N/A
valid.c,2687,function_16,global_1,N/A
valid.c,2688+,function_16,global_1,N/A
valid.c,2688,argument_312,global_8,N/A
valid.c,2691,argument_312,global_8,N/A
valid.c,2741,argument_313,global_2,N/A
valid.c,2742,argument_313,global_18,N/A
valid.c,2749,function_14,global_7,N/A
valid.c,2778,argument_314,global_2,N/A
valid.c,2782,argument_314,global_7,N/A
valid.c,2906,argument_315,global_2,N/A
valid.c,2909,argument_315,global_7,N/A
valid.c,2912,argument_315,global_18,N/A
valid.c,2939,argument_315,global_75,N/A
valid.c,3182,argument_316,global_40,N/A
valid.c,3189,argument_316,global_1,N/A
valid.c,3210+,argument_316,global_1,N/A
valid.c,3274,argument_-1,global_40,N/A
valid.c,64,argument_317,global_75,N/A
valid.c,662,argument_-1,global_76,N/A
valid.c,681,function_113,global_7,N/A
valid.c,76,argument_317,global_7,N/A
valid.c,815+,argument_318,global_66,N/A
valid.c,815,argument_318,global_75,N/A
valid.c,823,function_-1,global_1,N/A
valid.c,842,function_-1,global_1,N/A
valid.c,926,argument_319,global_2,N/A
valid.c,931,argument_319,global_7,N/A
valid.c,940,argument_319,global_7,N/A
valid.c,960,argument_319,global_7,N/A
valid.c,965,function_-1,global_7,N/A
wrappers.c,102,function_-1,global_7,N/A
wrappers.c,105,global_6,global_7,N/A
wrappers.c,50,function_-1,global_7,N/A
wrappers.c,53,function_-1,global_7,N/A
xinclude.c,111,argument_-1,global_81,N/A
xinclude.c,132,argument_-1,global_81,N/A
xinclude.c,1419,function_18,global_22,N/A
xinclude.c,1436,function_143,global_7,N/A
xinclude.c,1455+,function_16,global_1,N/A
xinclude.c,1464,function_16,global_1,N/A
xinclude.c,1509,function_16,global_1,N/A
xinclude.c,1514,function_16,global_1,N/A
xinclude.c,1574,function_-1,global_65,N/A
xinclude.c,1583,function_-1,global_0,N/A
xinclude.c,1691+,function_143,global_7,N/A
xinclude.c,1704,function_151,global_7,N/A
xinclude.c,1710,function_-1,global_7,N/A
xinclude.c,1716,function_12,global_7,N/A
xinclude.c,1722,function_151,global_7,N/A
xinclude.c,1729,function_-1,global_7,N/A
xinclude.c,1737,function_16,global_1,N/A
xinclude.c,1748,function_151,global_7,N/A
xinclude.c,1751,function_118,global_7,N/A
xinclude.c,177,function_151,global_7,N/A
xinclude.c,181,function_151,global_7,N/A
xinclude.c,1811,function_18,global_22,N/A
xinclude.c,1825,function_143,global_7,N/A
xinclude.c,1847,function_16,global_1,N/A
xinclude.c,1866,global_1,global_1,N/A
xinclude.c,1882,function_-1,global_17,N/A
xinclude.c,1903,function_152,global_1,N/A
xinclude.c,1914,function_-1,global_1,N/A
xinclude.c,195,argument_-1,global_82,N/A
xinclude.c,2037,argument_320,global_81,N/A
xinclude.c,2039,argument_320,global_1,N/A
xinclude.c,2049,function_153,global_7,N/A
xinclude.c,2051,function_153,global_7,N/A
xinclude.c,2055,function_153,global_7,N/A
xinclude.c,2056,function_16,global_1,N/A
xinclude.c,2058,function_16,global_1,N/A
xinclude.c,2064,function_153,global_7,N/A
xinclude.c,2066,function_153,global_7,N/A
xinclude.c,2076,function_154,global_7,N/A
xinclude.c,2081,function_118,global_7,N/A
xinclude.c,2090,function_155,global_7,N/A
xinclude.c,2092,function_155,global_7,N/A
xinclude.c,2095,function_118,global_7,N/A
xinclude.c,2098,function_153,global_7,N/A
xinclude.c,2100,function_153,global_7,N/A
xinclude.c,2102,function_154,global_7,N/A
xinclude.c,2118,global_1,global_1,N/A
xinclude.c,2130,function_156,global_1,N/A
xinclude.c,2143,function_16,global_1,N/A
xinclude.c,2144,function_16,global_1,N/A
xinclude.c,2145,function_16,global_1,N/A
xinclude.c,2147,function_156,global_1,N/A
xinclude.c,2153,function_156,global_1,N/A
xinclude.c,2163,function_118,global_7,N/A
xinclude.c,2165,function_153,global_7,N/A
xinclude.c,2167,function_153,global_7,N/A
xinclude.c,2169,function_154,global_7,N/A
xinclude.c,2187,argument_321,global_81,N/A
xinclude.c,2189,argument_321,global_1,N/A
xinclude.c,2222,global_1,global_1,N/A
xinclude.c,2285,argument_-1,global_8,N/A
xinclude.c,2291,function_16,global_1,N/A
xinclude.c,2292,function_16,global_1,N/A
xinclude.c,2293,function_16,global_1,N/A
xinclude.c,2303,function_16,global_1,N/A
xinclude.c,2310,function_16,global_1,N/A
xinclude.c,2311,function_16,global_1,N/A
xinclude.c,2312,function_16,global_1,N/A
xinclude.c,2319,function_16,global_1,N/A
xinclude.c,2325,global_1,global_1,N/A
xinclude.c,2333,function_16,global_1,N/A
xinclude.c,2337,function_16,global_1,N/A
xinclude.c,2338,function_16,global_1,N/A
xinclude.c,2339,function_16,global_1,N/A
xinclude.c,2367+,argument_322,global_8,N/A
xinclude.c,2367,argument_322,global_2,N/A
xinclude.c,2369,argument_322,global_81,N/A
xinclude.c,238,argument_-1,global_7,N/A
xinclude.c,2383,function_157,global_1,N/A
xinclude.c,2385,argument_322,global_8,N/A
xinclude.c,2392,function_157,global_1,N/A
xinclude.c,2396,function_157,global_1,N/A
xinclude.c,2403,argument_322,global_8,N/A
xinclude.c,2407,function_157,global_1,N/A
xinclude.c,2411,argument_322,global_8,N/A
xinclude.c,2457,argument_-1,global_81,N/A
xinclude.c,2481,argument_171,global_8,N/A
xinclude.c,2486,function_-1,global_81,N/A
xinclude.c,2515,argument_-1,global_2,N/A
xinclude.c,2518,function_48,global_8,N/A
xinclude.c,2567,argument_-1,global_8,N/A
xinclude.c,2571,function_-1,global_81,N/A
xinclude.c,2612,argument_323,global_8,N/A
xinclude.c,2613+,argument_323,global_81,N/A
xinclude.c,287,argument_-1,global_2,N/A
xinclude.c,385,argument_-1,global_81,N/A
xinclude.c,502,argument_324,global_81,N/A
xinclude.c,504,argument_324,global_8,N/A
xinclude.c,514,function_153,global_7,N/A
xinclude.c,516,function_153,global_7,N/A
xinclude.c,522,function_153,global_7,N/A
xinclude.c,523,function_16,global_1,N/A
xinclude.c,525,function_16,global_1,N/A
xinclude.c,530,function_153,global_7,N/A
xinclude.c,532,function_153,global_7,N/A
xinclude.c,542,function_154,global_7,N/A
xinclude.c,547,function_118,global_7,N/A
xinclude.c,556,function_155,global_7,N/A
xinclude.c,558,function_155,global_7,N/A
xinclude.c,561,function_153,global_7,N/A
xinclude.c,563,function_153,global_7,N/A
xinclude.c,565,function_154,global_7,N/A
xinclude.c,567,function_118,global_7,N/A
xinclude.c,578,function_18,global_22,N/A
xinclude.c,609,function_143,global_7,N/A
xinclude.c,620,global_1,global_1,N/A
xinclude.c,635,function_16,global_1,N/A
xinclude.c,644,function_-1,global_82,N/A
xlink.c,127,argument_325,global_8,N/A
xlink.c,128,argument_325,global_2,N/A
xlink.c,129,argument_325,global_2,N/A
xlink.c,134,function_16,global_1,N/A
xlink.c,151,function_16,global_1,N/A
xlink.c,153,function_16,global_1,N/A
xlink.c,158,function_26,global_21,N/A
xlink.c,160,function_16,global_1,N/A
xlink.c,167,function_16,global_1,N/A
xmlcatalog.c,184,function_32,global_1,N/A
xmlcatalog.c,185,function_32,global_1,N/A
xmlcatalog.c,186,function_32,global_1,N/A
xmlcatalog.c,191,function_32,global_1,N/A
xmlcatalog.c,192,global_1,global_1,N/A
xmlcatalog.c,196,function_158,global_7,N/A
xmlcatalog.c,203,function_32,global_1,N/A
xmlcatalog.c,204,global_1,global_1,N/A
xmlcatalog.c,208,function_158,global_7,N/A
xmlcatalog.c,215,function_32,global_1,N/A
xmlcatalog.c,216,global_6,global_1,N/A
xmlcatalog.c,217+,global_1,global_1,N/A
xmlcatalog.c,217,global_1,global_1,N/A
xmlcatalog.c,226,function_159,global_1,N/A
xmlcatalog.c,230+,global_1,global_1,N/A
xmlcatalog.c,230,global_1,global_1,N/A
xmlcatalog.c,239,function_159,global_1,N/A
xmlcatalog.c,243,function_32,global_1,N/A
xmlcatalog.c,244,global_1,global_1,N/A
xmlcatalog.c,248,function_159,global_1,N/A
xmlcatalog.c,252,function_32,global_1,N/A
xmlcatalog.c,253,global_1,global_1,N/A
xmlcatalog.c,258,function_158,global_7,N/A
xmlcatalog.c,265,function_32,global_1,N/A
xmlcatalog.c,271,function_32,global_1,N/A
xmlcatalog.c,278,function_32,global_1,N/A
xmlcatalog.c,282,global_6,global_1,N/A
xmlcatalog.c,287,function_32,global_1,N/A
xmlcatalog.c,334,argument_0,global_1,N/A
xmlcatalog.c,341,function_32,global_1,N/A
xmlcatalog.c,346,function_32,global_1,N/A
xmlcatalog.c,347,function_32,global_1,N/A
xmlcatalog.c,348,function_32,global_1,N/A
xmlcatalog.c,351,function_32,global_1,N/A
xmlcatalog.c,352,function_32,global_1,N/A
xmlcatalog.c,354,function_32,global_1,N/A
xmlcatalog.c,355,function_32,global_1,N/A
xmlcatalog.c,358,function_32,global_1,N/A
xmlcatalog.c,359,function_32,global_1,N/A
xmlcatalog.c,361,function_32,global_1,N/A
xmlcatalog.c,362,function_32,global_1,N/A
xmlcatalog.c,364,function_32,global_1,N/A
xmlcatalog.c,365,function_32,global_1,N/A
xmlcatalog.c,367,function_32,global_1,N/A
xmlcatalog.c,368,function_32,global_1,N/A
xmlcatalog.c,370,function_32,global_1,N/A
xmlcatalog.c,371,function_32,global_1,N/A
xmlcatalog.c,372,global_6,global_1,N/A
xmlcatalog.c,377,function_32,global_1,N/A
xmlcatalog.c,378,function_32,global_1,N/A
xmlcatalog.c,388,global_1,argument_0,N/A
xmlcatalog.c,389,function_32,global_1,N/A
xmlcatalog.c,390,function_32,global_1,N/A
xmlcatalog.c,391,global_6,global_1,N/A
xmlcatalog.c,396,function_32,global_1,N/A
xmlcatalog.c,397,function_32,global_1,N/A
xmlcatalog.c,401+,global_6,global_1,N/A
xmlcatalog.c,401,global_1,argument_0,N/A
xmlcatalog.c,412+,global_6,global_1,N/A
xmlcatalog.c,412,function_160,global_1,N/A
xmlcatalog.c,418,global_6,global_1,N/A
xmlcatalog.c,421+,global_6,global_1,N/A
xmlcatalog.c,421,global_6,global_1,N/A
xmlcatalog.c,422,global_1,argument_0,N/A
xmlcatalog.c,423,function_32,global_1,N/A
xmlcatalog.c,428+,function_32,global_1,N/A
xmlcatalog.c,428,function_32,global_1,N/A
xmlcatalog.c,429+,function_32,global_1,N/A
xmlcatalog.c,429,function_32,global_1,N/A
xmlcatalog.c,432,global_6,global_1,N/A
xmlcatalog.c,441,function_32,global_1,N/A
xmlcatalog.c,442,function_32,global_1,N/A
xmlcatalog.c,448,global_6,global_1,N/A
xmlcatalog.c,461,function_160,global_1,N/A
xmlcatalog.c,466+,global_6,global_1,N/A
xmlcatalog.c,466,global_6,global_1,N/A
xmlcatalog.c,467,function_161,global_1,N/A
xmlcatalog.c,473,function_160,global_1,N/A
xmlcatalog.c,482,global_6,global_1,N/A
xmlcatalog.c,485,function_161,global_1,N/A
xmlcatalog.c,489,function_5,global_14,N/A
xmlcatalog.c,499,global_6,global_1,N/A
xmlcatalog.c,500,function_161,global_1,N/A
xmlcatalog.c,504,function_5,global_14,N/A
xmlcatalog.c,522,function_32,global_1,N/A
xmlcatalog.c,523,function_32,global_1,N/A
xmlcatalog.c,531,function_160,global_1,N/A
xmlcatalog.c,536,function_32,global_1,N/A
xmlcatalog.c,537,function_32,global_1,N/A
xmlcatalog.c,539,function_160,global_1,N/A
xmlcatalog.c,549,global_6,global_1,N/A
xmlcatalog.c,552,global_1,argument_0,N/A
xmlcatalog.c,557,function_18,global_22,N/A
xmlcatalog.c,559,function_158,global_7,N/A
xmlcatalog.c,569,function_158,global_7,N/A
xmlcatalog.c,572,function_158,global_7,N/A
xmlcatalog.c,586++++,global_6,global_1,N/A
xmlcatalog.c,586+++,global_6,global_1,N/A
xmlcatalog.c,586++,global_6,global_1,N/A
xmlcatalog.c,586+,global_6,global_1,N/A
xmlcatalog.c,586,global_6,global_1,N/A
xmlcatalog.c,587+,global_6,global_7,N/A
xmlcatalog.c,587,global_6,global_1,N/A
xmlcatalog.c,591,function_5,global_14,N/A
xmlcatalog.c,81,argument_326,global_7,N/A
xmlcatalog.c,83,function_98,global_7,N/A
xmlcatalog.c,88,function_6,global_7,N/A
xmlIO.c,1011,global_6,global_14,N/A
xmlIO.c,1029+,argument_327,global_7,N/A
xmlIO.c,1029,argument_327,global_7,N/A
xmlIO.c,1051+,argument_328,global_7,N/A
xmlIO.c,1051,argument_328,global_7,N/A
xmlIO.c,1054+,function_-1,global_1,N/A
xmlIO.c,1075,argument_-1,global_7,N/A
xmlIO.c,1080,function_162,global_1,N/A
xmlIO.c,1086,function_-1,global_1,N/A
xmlIO.c,1087,function_162,global_1,N/A
xmlIO.c,1102,argument_-1,global_7,N/A
xmlIO.c,1104,function_162,global_1,N/A
xmlIO.c,1126,function_-1,global_1,N/A
xmlIO.c,1848,function_68,global_1,N/A
xmlIO.c,1884,argument_-1,global_7,N/A
xmlIO.c,1959+,argument_329,global_1,N/A
xmlIO.c,1959,argument_329,global_7,N/A
xmlIO.c,1981++,argument_330,global_7,N/A
xmlIO.c,1984,argument_330,global_1,N/A
xmlIO.c,1996,argument_330,global_1,N/A
xmlIO.c,2047+,argument_-1,global_7,N/A
xmlIO.c,2138+,global_1,global_1,N/A
xmlIO.c,2138,global_1,global_1,N/A
xmlIO.c,2208,function_68,global_1,N/A
xmlIO.c,2238+,argument_331,global_1,N/A
xmlIO.c,2238,argument_331,global_7,N/A
xmlIO.c,2272,global_6,global_1,N/A
xmlIO.c,2299,global_6,global_1,N/A
xmlIO.c,2318,global_6,global_1,N/A
xmlIO.c,2356,global_6,global_1,N/A
xmlIO.c,2404,global_6,global_1,N/A
xmlIO.c,2478,function_42,global_1,N/A
xmlIO.c,2482,argument_-1,global_25,N/A
xmlIO.c,2534,argument_-1,global_25,N/A
xmlIO.c,2565,argument_-1,global_34,N/A
xmlIO.c,2601,argument_-1,global_24,N/A
xmlIO.c,2634,global_6,global_1,N/A
xmlIO.c,2637,argument_-1,global_7,N/A
xmlIO.c,2662,function_163,global_34,N/A
xmlIO.c,2714,global_6,global_-1,N/A
xmlIO.c,272,argument_332,global_1,N/A
xmlIO.c,2734,global_6,global_1,N/A
xmlIO.c,2737,argument_-1,global_7,N/A
xmlIO.c,274,function_37,global_1,N/A
xmlIO.c,2740,function_18,global_22,N/A
xmlIO.c,2750,function_16,global_1,N/A
xmlIO.c,276,function_37,global_1,N/A
xmlIO.c,279,function_37,global_1,N/A
xmlIO.c,282,function_37,global_1,N/A
xmlIO.c,2836,function_51,global_24,N/A
xmlIO.c,285,function_37,global_1,N/A
xmlIO.c,2863,global_6,global_-1,N/A
xmlIO.c,288,function_37,global_1,N/A
xmlIO.c,2884,global_6,global_1,N/A
xmlIO.c,2887,argument_-1,global_14,N/A
xmlIO.c,2890,function_163,global_34,N/A
xmlIO.c,291,function_37,global_1,N/A
xmlIO.c,2914,global_6,global_1,N/A
xmlIO.c,2917,argument_-1,global_14,N/A
xmlIO.c,2920,function_51,global_24,N/A
xmlIO.c,294,function_37,global_1,N/A
xmlIO.c,2943,argument_-1,global_16,N/A
xmlIO.c,2963,argument_-1,global_24,N/A
xmlIO.c,297,function_37,global_1,N/A
xmlIO.c,2979,argument_-1,global_24,N/A
xmlIO.c,300,function_37,global_1,N/A
xmlIO.c,3002,argument_-1,global_1,N/A
xmlIO.c,3005,function_163,global_34,N/A
xmlIO.c,303,function_37,global_1,N/A
xmlIO.c,3030,argument_333,global_1,N/A
xmlIO.c,3031,argument_333,global_7,N/A
xmlIO.c,3034,function_163,global_34,N/A
xmlIO.c,3039,function_164,global_1,N/A
xmlIO.c,306,function_37,global_1,N/A
xmlIO.c,3066,argument_334,global_1,N/A
xmlIO.c,3067,argument_334,global_7,N/A
xmlIO.c,309,function_37,global_1,N/A
xmlIO.c,3108,argument_-1,global_1,N/A
xmlIO.c,3111,function_51,global_24,N/A
xmlIO.c,312,function_37,global_1,N/A
xmlIO.c,3138,argument_-1,global_1,N/A
xmlIO.c,3141,function_163,global_34,N/A
xmlIO.c,315,function_37,global_1,N/A
xmlIO.c,3169,argument_-1,global_1,N/A
xmlIO.c,3172,function_51,global_24,N/A
xmlIO.c,318,function_37,global_1,N/A
xmlIO.c,3194,global_6,global_-1,N/A
xmlIO.c,321,function_37,global_1,N/A
xmlIO.c,3215,global_6,global_-1,N/A
xmlIO.c,324,function_37,global_1,N/A
xmlIO.c,3242,argument_335,global_1,N/A
xmlIO.c,3243,argument_335,global_34,N/A
xmlIO.c,3254,function_164,global_1,N/A
xmlIO.c,327,function_37,global_1,N/A
xmlIO.c,3271,function_164,global_1,N/A
xmlIO.c,330,function_37,global_1,N/A
xmlIO.c,3316,argument_336,global_34,N/A
xmlIO.c,3317+,argument_336,global_1,N/A
xmlIO.c,3317,argument_336,global_1,N/A
xmlIO.c,3320,function_40,global_12,N/A
xmlIO.c,3326,function_-1,global_1,N/A
xmlIO.c,333,function_37,global_1,N/A
xmlIO.c,336,function_37,global_1,N/A
xmlIO.c,339,function_37,global_1,N/A
xmlIO.c,3410,argument_-1,global_34,N/A
xmlIO.c,3413,function_42,global_1,N/A
xmlIO.c,342,function_37,global_1,N/A
xmlIO.c,3441,argument_337,global_24,N/A
xmlIO.c,3442,argument_337,global_1,N/A
xmlIO.c,3447,argument_337,global_1,N/A
xmlIO.c,345,function_37,global_1,N/A
xmlIO.c,3461,function_164,global_1,N/A
xmlIO.c,3464,function_38,global_12,N/A
xmlIO.c,3471+,function_164,global_1,N/A
xmlIO.c,3471,function_164,global_1,N/A
xmlIO.c,3479,function_164,global_1,N/A
xmlIO.c,348,function_37,global_1,N/A
xmlIO.c,3486+,argument_337,global_1,N/A
xmlIO.c,3486,global_1,global_1,N/A
xmlIO.c,3496,function_164,global_1,N/A
xmlIO.c,3501,function_164,global_1,N/A
xmlIO.c,3504,function_164,global_1,N/A
xmlIO.c,351,function_37,global_1,N/A
xmlIO.c,3512,argument_337,global_1,N/A
xmlIO.c,354,function_37,global_1,N/A
xmlIO.c,357,function_37,global_1,N/A
xmlIO.c,360,function_37,global_1,N/A
xmlIO.c,3608++,argument_339,global_7,N/A
xmlIO.c,3608,argument_339,global_24,N/A
xmlIO.c,3610,function_42,global_1,N/A
xmlIO.c,3615,argument_339,global_1,N/A
xmlIO.c,363,function_37,global_1,N/A
xmlIO.c,3631,function_-1,global_1,N/A
xmlIO.c,3653,function_38,global_12,N/A
xmlIO.c,366,function_37,global_1,N/A
xmlIO.c,3676,global_1,global_1,N/A
xmlIO.c,369,function_37,global_1,N/A
xmlIO.c,3700,function_40,global_12,N/A
xmlIO.c,372,function_37,global_1,N/A
xmlIO.c,3731,argument_340,global_24,N/A
xmlIO.c,3732,argument_340,global_7,N/A
xmlIO.c,375,function_37,global_1,N/A
xmlIO.c,3753,argument_-1,global_24,N/A
xmlIO.c,378,function_37,global_1,N/A
xmlIO.c,381,function_37,global_1,N/A
xmlIO.c,3821,global_6,global_1,N/A
xmlIO.c,3824,argument_-1,global_7,N/A
xmlIO.c,384,function_37,global_1,N/A
xmlIO.c,3844,function_-1,global_7,N/A
xmlIO.c,387,function_37,global_1,N/A
xmlIO.c,3874,argument_-1,global_17,N/A
xmlIO.c,3883,function_-1,global_1,N/A
xmlIO.c,3895,function_45,global_7,N/A
xmlIO.c,3896,function_45,global_7,N/A
xmlIO.c,3898,function_-1,global_7,N/A
xmlIO.c,390,function_37,global_1,N/A
xmlIO.c,3902,function_34,global_25,N/A
xmlIO.c,3917,function_-1,global_7,N/A
xmlIO.c,393,function_37,global_1,N/A
xmlIO.c,3936,argument_-1,global_7,N/A
xmlIO.c,3939,function_68,global_1,N/A
xmlIO.c,3945,function_68,global_1,N/A
xmlIO.c,396,function_37,global_1,N/A
xmlIO.c,3983+,function_165,global_1,N/A
xmlIO.c,3983,function_166,global_1,N/A
xmlIO.c,3987,argument_341,global_32,N/A
xmlIO.c,3988,function_166,global_1,N/A
xmlIO.c,3989,function_166,global_1,N/A
xmlIO.c,399,function_37,global_1,N/A
xmlIO.c,3998,function_166,global_1,N/A
xmlIO.c,3999,function_166,global_1,N/A
xmlIO.c,4003+,argument_341,global_7,N/A
xmlIO.c,4009+,function_165,global_1,N/A
xmlIO.c,4012,argument_341,global_32,N/A
xmlIO.c,4013,function_166,global_1,N/A
xmlIO.c,4014,function_166,global_1,N/A
xmlIO.c,4018,function_166,global_1,N/A
xmlIO.c,4019,function_166,global_1,N/A
xmlIO.c,402,function_37,global_1,N/A
xmlIO.c,405,function_37,global_1,N/A
xmlIO.c,4056,argument_342,global_32,N/A
xmlIO.c,4072,argument_342,global_7,N/A
xmlIO.c,4078+,global_7,argument_342,N/A
xmlIO.c,408,function_37,global_1,N/A
xmlIO.c,411,function_37,global_1,N/A
xmlIO.c,4123+,function_165,global_1,N/A
xmlIO.c,4123,argument_-1,global_7,N/A
xmlIO.c,4128,function_-1,global_7,N/A
xmlIO.c,414,function_37,global_1,N/A
xmlIO.c,417,function_37,global_1,N/A
xmlIO.c,4171,function_68,global_1,N/A
xmlIO.c,4172,function_68,global_1,N/A
xmlIO.c,4174,global_7,argument_343,N/A
xmlIO.c,4180,global_7,argument_343,N/A
xmlIO.c,420,function_37,global_1,N/A
xmlIO.c,423,function_37,global_1,N/A
xmlIO.c,426,function_37,global_1,N/A
xmlIO.c,432,argument_332,global_1,N/A
xmlIO.c,520,global_6,global_1,N/A
xmlIO.c,545,global_6,global_1,N/A
xmlIO.c,548,global_6,global_1,N/A
xmlIO.c,572,global_6,global_1,N/A
xmlIO.c,776,argument_-1,global_7,N/A
xmlIO.c,792,function_29,global_1,N/A
xmlIO.c,849,argument_-1,global_1,N/A
xmlIO.c,869,function_-1,global_1,N/A
xmlIO.c,900,argument_-1,global_7,N/A
xmlIO.c,903,function_32,global_1,N/A
xmlIO.c,908,function_68,global_1,N/A
xmlIO.c,914,function_68,global_1,N/A
xmlIO.c,920,function_68,global_1,N/A
xmlIO.c,929,function_-1,global_1,N/A
xmlIO.c,937,global_6,global_14,N/A
xmlIO.c,956,function_-1,global_7,N/A
xmlIO.c,958,function_-1,global_7,N/A
xmlIO.c,982,function_32,global_1,N/A
xmlIO.c,987,function_68,global_1,N/A
xmlIO.c,993,function_68,global_1,N/A
xmllint.c,1009,global_6,global_1,N/A
xmllint.c,1015,argument_187,global_7,N/A
xmllint.c,1019,argument_187,global_7,N/A
xmllint.c,1039,global_6,global_1,N/A
xmllint.c,1058,global_6,global_1,N/A
xmllint.c,1082,argument_188,global_7,N/A
xmllint.c,1084,argument_188,global_7,N/A
xmllint.c,1086,argument_188,global_7,N/A
xmllint.c,1089,global_6,global_1,N/A
xmllint.c,1109,global_6,global_1,N/A
xmllint.c,1111,argument_189,global_7,N/A
xmllint.c,1134,global_6,global_1,N/A
xmllint.c,1154,global_6,global_1,N/A
xmllint.c,1177,argument_160,global_7,N/A
xmllint.c,1179,argument_160,global_7,N/A
xmllint.c,1181,argument_160,global_7,N/A
xmllint.c,1184,global_6,global_1,N/A
xmllint.c,1203,global_6,global_1,N/A
xmllint.c,1218,global_6,global_1,N/A
xmllint.c,1233,global_6,global_1,N/A
xmllint.c,1251,global_6,global_1,N/A
xmllint.c,1254,argument_161,global_26,N/A
xmllint.c,1275,global_6,global_1,N/A
xmllint.c,1296,global_6,global_1,N/A
xmllint.c,1316,global_6,global_1,N/A
xmllint.c,1338,global_6,global_1,N/A
xmllint.c,1360,global_6,global_1,N/A
xmllint.c,1362,argument_164,global_7,N/A
xmllint.c,1382,global_6,global_1,N/A
xmllint.c,1399,global_6,global_1,N/A
xmllint.c,1419,global_6,global_1,N/A
xmllint.c,1442,global_6,global_1,N/A
xmllint.c,1465,global_6,global_1,N/A
xmllint.c,1534,global_6,global_1,N/A
xmllint.c,1537,argument_165,global_7,N/A
xmllint.c,1541,argument_165,global_7,N/A
xmllint.c,1547,argument_165,global_26,N/A
xmllint.c,1557,argument_165,global_26,N/A
xmllint.c,1558,global_1,argument_165,global_1
xmllint.c,1584,global_6,global_1,N/A
xmllint.c,1587,argument_166,global_7,N/A
xmllint.c,1591,argument_166,global_7,N/A
xmllint.c,1645,global_6,global_1,N/A
xmllint.c,1648,global_6,global_1,N/A
xmllint.c,1664,global_6,global_64,N/A
xmllint.c,1677,global_6,global_1,N/A
xmllint.c,1678,function_-1,global_1,N/A
xmllint.c,1680,function_-1,global_1,N/A
xmllint.c,1705,function_-1,global_17,N/A
xmllint.c,1741,global_6,global_1,N/A
xmllint.c,1743,function_74,global_7,N/A
xmllint.c,1755,function_75,global_7,N/A
xmllint.c,1762,global_6,global_49,N/A
xmllint.c,1766,function_100,global_1,N/A
xmllint.c,1770,global_1,global_1,N/A
xmllint.c,1780,global_6,global_48,N/A
xmllint.c,1783,function_100,global_1,N/A
xmllint.c,1787,function_101,global_1,N/A
xmllint.c,1791,function_101,global_1,N/A
xmllint.c,1809,function_100,global_1,N/A
xmllint.c,1810+,function_-1,global_1,N/A
xmllint.c,1810,function_100,global_1,N/A
xmllint.c,1812,function_101,global_1,N/A
xmllint.c,1834,global_6,global_1,N/A
xmllint.c,1835,function_29,global_1,N/A
xmllint.c,1837,function_7,global_1,N/A
xmllint.c,1840,global_7,global_13,N/A
xmllint.c,1853,global_6,global_7,N/A
xmllint.c,1855,global_6,global_49,N/A
xmllint.c,1862,global_6,global_49,N/A
xmllint.c,1864,global_6,global_48,N/A
xmllint.c,1866,function_101,global_1,N/A
xmllint.c,1876,function_-1,global_50,N/A
xmllint.c,1878,global_6,global_1,N/A
xmllint.c,1882,global_6,global_1,N/A
xmllint.c,1885,global_6,global_7,N/A
xmllint.c,1886+,global_6,global_1,N/A
xmllint.c,1886,global_6,global_1,N/A
xmllint.c,1890,function_101,global_1,N/A
xmllint.c,1896+,global_6,global_1,N/A
xmllint.c,1896,global_6,global_1,N/A
xmllint.c,1900,global_6,global_7,N/A
xmllint.c,1901+,global_6,global_1,N/A
xmllint.c,1901,global_6,global_1,N/A
xmllint.c,1905,function_101,global_1,N/A
xmllint.c,1911+,global_6,global_1,N/A
xmllint.c,1911,global_6,global_1,N/A
xmllint.c,1920+,global_6,global_1,N/A
xmllint.c,1920,global_6,global_1,N/A
xmllint.c,1924,function_101,global_1,N/A
xmllint.c,1925,global_6,global_1,N/A
xmllint.c,1927,global_6,global_49,N/A
xmllint.c,1933+,global_6,global_1,N/A
xmllint.c,1933,global_6,global_1,N/A
xmllint.c,1935,global_6,global_7,N/A
xmllint.c,1940,global_6,global_1,N/A
xmllint.c,1948,global_6,global_1,N/A
xmllint.c,1949,function_78,global_1,N/A
xmllint.c,1957+,global_6,global_7,N/A
xmllint.c,1957,global_6,global_7,N/A
xmllint.c,1958,function_78,global_1,N/A
xmllint.c,1970,function_101,global_1,N/A
xmllint.c,1979,global_6,global_48,N/A
xmllint.c,1985,global_6,global_1,N/A
xmllint.c,2011,global_6,global_7,N/A
xmllint.c,2014,global_6,global_49,N/A
xmllint.c,2021,global_6,global_49,N/A
xmllint.c,2023,global_6,global_48,N/A
xmllint.c,2025,function_101,global_1,N/A
xmllint.c,2034,function_-1,global_50,N/A
xmllint.c,2035+,global_6,global_1,N/A
xmllint.c,2035,global_6,global_1,N/A
xmllint.c,2039,function_101,global_1,N/A
xmllint.c,2040,global_6,global_1,N/A
xmllint.c,2042,global_6,global_49,N/A
xmllint.c,2048+,global_6,global_1,N/A
xmllint.c,2048,global_6,global_1,N/A
xmllint.c,2052,function_101,global_1,N/A
xmllint.c,2061,global_6,global_48,N/A
xmllint.c,2090,function_-1,global_83,N/A
xmllint.c,2118,function_2,global_1,N/A
xmllint.c,2144,function_103,global_65,N/A
xmllint.c,2153,function_0,global_0,N/A
xmllint.c,2174+,global_6,global_1,N/A
xmllint.c,2174,global_6,global_1,N/A
xmllint.c,2179,argument_344,global_7,N/A
xmllint.c,2180,global_6,global_1,N/A
xmllint.c,2192+,global_6,global_1,N/A
xmllint.c,2192,global_6,global_1,N/A
xmllint.c,2202,function_5,global_14,N/A
xmllint.c,2224+,global_6,global_1,N/A
xmllint.c,2224,global_6,global_1,N/A
xmllint.c,2228,function_29,global_1,N/A
xmllint.c,2230,function_7,global_1,N/A
xmllint.c,2233,function_137,global_13,N/A
xmllint.c,2247,global_6,global_1,N/A
xmllint.c,2256,global_6,global_1,N/A
xmllint.c,2271,global_6,global_14,N/A
xmllint.c,2300,global_6,global_1,N/A
xmllint.c,2313,function_5,global_14,N/A
xmllint.c,2314,argument_344,global_32,N/A
xmllint.c,2326,global_6,global_1,N/A
xmllint.c,2329,argument_344,global_32,N/A
xmllint.c,2333,function_28,global_32,N/A
xmllint.c,2343,argument_344,global_32,N/A
xmllint.c,2347,global_6,global_1,N/A
xmllint.c,2351,function_29,global_1,N/A
xmllint.c,2353,function_7,global_1,N/A
xmllint.c,2356,function_137,global_13,N/A
xmllint.c,236,argument_345,global_7,N/A
xmllint.c,2363,argument_344,global_32,N/A
xmllint.c,2374,global_6,global_1,N/A
xmllint.c,2377,argument_344,global_32,N/A
xmllint.c,2388,argument_344,global_32,N/A
xmllint.c,239,global_6,global_1,N/A
xmllint.c,2393,argument_344,global_32,N/A
xmllint.c,2397,global_6,global_1,N/A
xmllint.c,2414+,global_6,global_1,N/A
xmllint.c,2414,global_6,global_1,N/A
xmllint.c,2421,global_6,global_1,N/A
xmllint.c,2425,function_117,global_40,N/A
xmllint.c,2432,global_6,global_1,N/A
xmllint.c,2433+,global_6,global_1,N/A
xmllint.c,2433,global_6,global_1,N/A
xmllint.c,2436,function_-1,global_1,N/A
xmllint.c,2438+,global_6,global_1,N/A
xmllint.c,2438,global_6,global_1,N/A
xmllint.c,2445,global_6,global_7,N/A
xmllint.c,2455,global_6,global_1,N/A
xmllint.c,2466,global_6,global_1,N/A
xmllint.c,2468,global_6,global_1,N/A
xmllint.c,2472,global_6,global_1,N/A
xmllint.c,2475,global_6,global_1,N/A
xmllint.c,2479,global_6,global_1,N/A
xmllint.c,2486+,global_6,global_1,N/A
xmllint.c,2486,global_6,global_1,N/A
xmllint.c,2496,function_167,global_1,N/A
xmllint.c,2498,function_167,global_1,N/A
xmllint.c,2512,global_6,global_1,N/A
xmllint.c,2517,global_6,global_1,N/A
xmllint.c,2524,global_6,global_1,N/A
xmllint.c,2526+,global_6,global_1,N/A
xmllint.c,2526,global_6,global_1,N/A
xmllint.c,2530+,global_6,global_1,N/A
xmllint.c,2530,global_6,global_1,N/A
xmllint.c,2531,global_6,global_1,N/A
xmllint.c,2532,global_6,global_7,N/A
xmllint.c,2534,global_6,global_7,N/A
xmllint.c,2535,global_6,global_1,N/A
xmllint.c,2536,global_6,global_7,N/A
xmllint.c,2539,global_6,global_7,N/A
xmllint.c,2542,global_6,global_1,N/A
xmllint.c,2543,global_6,global_7,N/A
xmllint.c,2547,global_6,global_7,N/A
xmllint.c,2552,global_6,global_14,N/A
xmllint.c,2553,function_-1,global_1,N/A
xmllint.c,2556,global_6,global_7,N/A
xmllint.c,2563+,global_6,global_1,N/A
xmllint.c,2563,global_6,global_1,N/A
xmllint.c,2569,global_6,global_1,N/A
xmllint.c,2574,function_106,global_1,N/A
xmllint.c,2575,function_67,global_12,N/A
xmllint.c,2583,global_6,global_1,N/A
xmllint.c,2588,function_106,global_1,N/A
xmllint.c,2589,function_67,global_12,N/A
xmllint.c,2598,global_6,global_1,N/A
xmllint.c,2603,function_106,global_1,N/A
xmllint.c,2604,function_67,global_12,N/A
xmllint.c,2615,global_6,global_1,N/A
xmllint.c,2619,global_6,global_7,N/A
xmllint.c,2620,global_6,global_1,N/A
xmllint.c,2626,global_6,global_1,N/A
xmllint.c,2635,function_67,global_12,N/A
xmllint.c,2643,global_6,global_1,N/A
xmllint.c,2644,global_6,global_7,N/A
xmllint.c,2645,global_6,global_1,N/A
xmllint.c,2646,global_6,global_7,N/A
xmllint.c,2647,global_6,global_1,N/A
xmllint.c,2648,global_6,global_7,N/A
xmllint.c,2652,global_6,global_7,N/A
xmllint.c,2655,function_-1,global_1,N/A
xmllint.c,2657,global_6,global_7,N/A
xmllint.c,2660,global_6,global_1,N/A
xmllint.c,2661,global_6,global_7,N/A
xmllint.c,2662,function_-1,global_1,N/A
xmllint.c,2664,global_6,global_7,N/A
xmllint.c,2669,global_6,global_7,N/A
xmllint.c,2674,global_6,global_14,N/A
xmllint.c,2675,function_-1,global_1,N/A
xmllint.c,2678,global_6,global_7,N/A
xmllint.c,2689,global_6,global_1,N/A
xmllint.c,2691,global_6,global_1,N/A
xmllint.c,2695,global_6,global_1,N/A
xmllint.c,2699,global_6,global_7,N/A
xmllint.c,2704,function_-1,global_83,N/A
xmllint.c,2705,function_-1,global_12,N/A
xmllint.c,2707,global_6,global_7,N/A
xmllint.c,271+,argument_346,global_7,N/A
xmllint.c,271,global_6,global_1,N/A
xmllint.c,2715+,global_6,global_1,N/A
xmllint.c,2715,global_6,global_1,N/A
xmllint.c,2721,global_6,global_7,N/A
xmllint.c,2726,global_6,global_14,N/A
xmllint.c,2729,global_6,global_7,N/A
xmllint.c,2744+,global_6,global_7,N/A
xmllint.c,2744,global_6,global_7,N/A
xmllint.c,2747+,global_6,global_1,N/A
xmllint.c,2747,global_6,global_1,N/A
xmllint.c,2750,global_6,global_7,N/A
xmllint.c,2754+,global_6,global_1,N/A
xmllint.c,2754,global_6,global_1,N/A
xmllint.c,2757,function_-1,global_40,N/A
xmllint.c,2758,global_6,global_7,N/A
xmllint.c,2768,function_-1,global_75,N/A
xmllint.c,2777+,global_6,global_1,N/A
xmllint.c,2777,global_6,global_1,N/A
xmllint.c,2780,function_-1,global_1,N/A
xmllint.c,2781,global_6,global_7,N/A
xmllint.c,279,argument_346,global_32,N/A
xmllint.c,2791+,global_6,global_1,N/A
xmllint.c,2791,global_6,global_1,N/A
xmllint.c,2797,global_6,global_1,N/A
xmllint.c,2800,function_-1,global_75,N/A
xmllint.c,2806+,global_6,global_1,N/A
xmllint.c,2806,global_6,global_1,N/A
xmllint.c,2812,function_-1,global_1,N/A
xmllint.c,2817+,global_6,global_1,N/A
xmllint.c,2817,global_6,global_1,N/A
xmllint.c,2824,global_6,global_69,N/A
xmllint.c,2829+,global_6,global_1,N/A
xmllint.c,2829,global_6,global_1,N/A
xmllint.c,2833,global_6,global_1,N/A
xmllint.c,2837,global_6,global_1,N/A
xmllint.c,2847,function_-1,global_1,N/A
xmllint.c,2849,function_-1,global_1,N/A
xmllint.c,2858+,global_6,global_1,N/A
xmllint.c,2858,global_6,global_1,N/A
xmllint.c,286,global_6,global_-1,N/A
xmllint.c,2864,global_6,global_58,N/A
xmllint.c,2868+,global_6,global_1,N/A
xmllint.c,2868,global_6,global_1,N/A
xmllint.c,2878,function_136,global_1,N/A
xmllint.c,2880,function_136,global_1,N/A
xmllint.c,2889+,global_6,global_1,N/A
xmllint.c,2889,global_6,global_1,N/A
xmllint.c,2892,global_6,global_64,N/A
xmllint.c,2896+,global_6,global_1,N/A
xmllint.c,2896,global_6,global_1,N/A
xmllint.c,2906,function_139,global_1,N/A
xmllint.c,2908,function_139,global_1,N/A
xmllint.c,2917+,global_6,global_1,N/A
xmllint.c,2917,global_6,global_1,N/A
xmllint.c,2925+,global_6,global_1,N/A
xmllint.c,2925,global_6,global_1,N/A
xmllint.c,293,global_6,global_1,N/A
xmllint.c,2933+,global_6,global_1,N/A
xmllint.c,2933,global_6,global_1,N/A
xmllint.c,2937+,global_6,global_1,N/A
xmllint.c,2937,global_6,global_1,N/A
xmllint.c,2951,function_168,global_1,N/A
xmllint.c,2952,function_168,global_1,N/A
xmllint.c,2953,function_168,global_1,N/A
xmllint.c,2954,function_168,global_1,N/A
xmllint.c,2955,function_168,global_1,N/A
xmllint.c,2956,function_168,global_1,N/A
xmllint.c,2957,function_168,global_1,N/A
xmllint.c,2958,function_168,global_1,N/A
xmllint.c,2959,function_168,global_1,N/A
xmllint.c,2960,function_168,global_1,N/A
xmllint.c,2961,function_168,global_1,N/A
xmllint.c,2962,function_168,global_1,N/A
xmllint.c,2963,function_168,global_1,N/A
xmllint.c,2964,function_168,global_1,N/A
xmllint.c,2965,function_168,global_1,N/A
xmllint.c,2966,function_168,global_1,N/A
xmllint.c,2967,function_168,global_1,N/A
xmllint.c,2968,function_168,global_1,N/A
xmllint.c,2969,function_168,global_1,N/A
xmllint.c,297,argument_346,global_7,N/A
xmllint.c,2970,function_168,global_1,N/A
xmllint.c,2971,function_168,global_1,N/A
xmllint.c,2972,function_168,global_1,N/A
xmllint.c,2973,function_168,global_1,N/A
xmllint.c,2974,function_168,global_1,N/A
xmllint.c,2975,function_168,global_1,N/A
xmllint.c,2976,function_168,global_1,N/A
xmllint.c,2977,function_168,global_1,N/A
xmllint.c,2978,function_168,global_1,N/A
xmllint.c,2979,function_168,global_1,N/A
xmllint.c,298,argument_346,global_7,N/A
xmllint.c,2980,function_168,global_1,N/A
xmllint.c,2981,function_168,global_1,N/A
xmllint.c,2982,function_168,global_1,N/A
xmllint.c,309,function_90,global_7,N/A
xmllint.c,3132,argument_0,global_1,N/A
xmllint.c,3138,function_32,global_1,N/A
xmllint.c,3143+,function_32,global_1,N/A
xmllint.c,3143,function_32,global_1,N/A
xmllint.c,3147,function_32,global_1,N/A
xmllint.c,3148,function_32,global_1,N/A
xmllint.c,3154+,function_32,global_1,N/A
xmllint.c,3154,function_32,global_1,N/A
xmllint.c,3158,function_32,global_1,N/A
xmllint.c,3159,function_32,global_1,N/A
xmllint.c,316,global_6,global_1,N/A
xmllint.c,3162,function_32,global_1,N/A
xmllint.c,3163,function_32,global_1,N/A
xmllint.c,3165,function_32,global_1,N/A
xmllint.c,3166,function_32,global_1,N/A
xmllint.c,3169,function_32,global_1,N/A
xmllint.c,3170,function_32,global_1,N/A
xmllint.c,3173,function_32,global_1,N/A
xmllint.c,3174,function_32,global_1,N/A
xmllint.c,3176,function_32,global_1,N/A
xmllint.c,3177,function_32,global_1,N/A
xmllint.c,3179,function_32,global_1,N/A
xmllint.c,3180,function_32,global_1,N/A
xmllint.c,3182,function_32,global_1,N/A
xmllint.c,3183,function_32,global_1,N/A
xmllint.c,3186,function_32,global_1,N/A
xmllint.c,3187,function_32,global_1,N/A
xmllint.c,3190,function_32,global_1,N/A
xmllint.c,3191,function_32,global_1,N/A
xmllint.c,3192,function_32,global_1,N/A
xmllint.c,3197,function_32,global_1,N/A
xmllint.c,3198,function_32,global_1,N/A
xmllint.c,3200,function_32,global_1,N/A
xmllint.c,3201,function_32,global_1,N/A
xmllint.c,3204,function_32,global_1,N/A
xmllint.c,3205,function_32,global_1,N/A
xmllint.c,3208,function_32,global_1,N/A
xmllint.c,3209,function_32,global_1,N/A
xmllint.c,321,argument_346,global_7,N/A
xmllint.c,3211,function_32,global_1,N/A
xmllint.c,3212,function_32,global_1,N/A
xmllint.c,3217,function_32,global_1,N/A
xmllint.c,3218,function_32,global_1,N/A
xmllint.c,3221,function_32,global_1,N/A
xmllint.c,3222,function_32,global_1,N/A
xmllint.c,3228,function_32,global_1,N/A
xmllint.c,3229,function_32,global_1,N/A
xmllint.c,3232,function_32,global_1,N/A
xmllint.c,3233,function_32,global_1,N/A
xmllint.c,3237,function_32,global_1,N/A
xmllint.c,3238,function_32,global_1,N/A
xmllint.c,3243,function_32,global_1,N/A
xmllint.c,3244,function_32,global_1,N/A
xmllint.c,3251,function_32,global_1,N/A
xmllint.c,3252,function_32,global_1,N/A
xmllint.c,3254,function_32,global_1,N/A
xmllint.c,3255,function_32,global_1,N/A
xmllint.c,3257,function_32,global_1,N/A
xmllint.c,3258,function_32,global_1,N/A
xmllint.c,3260,function_32,global_1,N/A
xmllint.c,3261,function_32,global_1,N/A
xmllint.c,3263,function_32,global_1,N/A
xmllint.c,3264,function_32,global_1,N/A
xmllint.c,3265,global_6,global_1,N/A
xmllint.c,3271,function_32,global_1,N/A
xmllint.c,3272,function_32,global_1,N/A
xmllint.c,3274,function_32,global_1,N/A
xmllint.c,3275,function_32,global_1,N/A
xmllint.c,3281,function_32,global_1,N/A
xmllint.c,3282,function_32,global_1,N/A
xmllint.c,3285,function_32,global_1,N/A
xmllint.c,3286,function_32,global_1,N/A
xmllint.c,3289,function_32,global_1,N/A
xmllint.c,3290,function_32,global_1,N/A
xmllint.c,3294,function_32,global_1,N/A
xmllint.c,3295,function_32,global_1,N/A
xmllint.c,3300,function_32,global_1,N/A
xmllint.c,3301,function_32,global_1,N/A
xmllint.c,3316,function_32,global_1,N/A
xmllint.c,3317,function_32,global_1,N/A
xmllint.c,3322,function_32,global_1,N/A
xmllint.c,3323,function_32,global_1,N/A
xmllint.c,3329,function_32,global_1,N/A
xmllint.c,333,argument_346,global_7,N/A
xmllint.c,3330,function_32,global_1,N/A
xmllint.c,3336,function_32,global_1,N/A
xmllint.c,3337,function_32,global_1,N/A
xmllint.c,3341,function_32,global_1,N/A
xmllint.c,3342,function_32,global_1,N/A
xmllint.c,3346,function_32,global_1,N/A
xmllint.c,3347,function_32,global_1,N/A
xmllint.c,335,argument_346,global_7,N/A
xmllint.c,3353,function_32,global_1,N/A
xmllint.c,3354,function_32,global_1,N/A
xmllint.c,3356,function_32,global_1,N/A
xmllint.c,3357,function_32,global_1,N/A
xmllint.c,3361,function_32,global_1,N/A
xmllint.c,3362,function_32,global_1,N/A
xmllint.c,3370,function_32,global_1,N/A
xmllint.c,3371,function_32,global_1,N/A
xmllint.c,3376,function_32,global_1,N/A
xmllint.c,3377,function_32,global_1,N/A
xmllint.c,3379,function_57,global_1,N/A
xmllint.c,3386,function_32,global_1,N/A
xmllint.c,3387,function_32,global_1,N/A
xmllint.c,3394,function_32,global_1,N/A
xmllint.c,3395,function_32,global_1,N/A
xmllint.c,3400,global_6,global_1,N/A
xmllint.c,3408,function_32,global_1,N/A
xmllint.c,3409,function_32,global_1,N/A
xmllint.c,3412,function_32,global_1,N/A
xmllint.c,3413,function_32,global_1,N/A
xmllint.c,3419,function_32,global_1,N/A
xmllint.c,3420,function_32,global_1,N/A
xmllint.c,3425,function_32,global_1,N/A
xmllint.c,3426,function_32,global_1,N/A
xmllint.c,3429,function_32,global_1,N/A
xmllint.c,3430,function_32,global_1,N/A
xmllint.c,3433,function_32,global_1,N/A
xmllint.c,3434,function_32,global_1,N/A
xmllint.c,3439,function_32,global_1,N/A
xmllint.c,3440,function_32,global_1,N/A
xmllint.c,3446,function_32,global_1,N/A
xmllint.c,3447,function_32,global_1,N/A
xmllint.c,3452,function_32,global_1,N/A
xmllint.c,3453,function_32,global_1,N/A
xmllint.c,3456,function_32,global_1,N/A
xmllint.c,3457,function_32,global_1,N/A
xmllint.c,3459,function_32,global_1,N/A
xmllint.c,3460,function_32,global_1,N/A
xmllint.c,3462,function_32,global_1,N/A
xmllint.c,3463,function_32,global_1,N/A
xmllint.c,3467,function_32,global_1,N/A
xmllint.c,3468,function_32,global_1,N/A
xmllint.c,3473,function_32,global_1,N/A
xmllint.c,3474,function_32,global_1,N/A
xmllint.c,3479,function_32,global_1,N/A
xmllint.c,3480,function_32,global_1,N/A
xmllint.c,3491,global_6,global_1,N/A
xmllint.c,3492,global_6,global_1,N/A
xmllint.c,3496,function_61,global_7,N/A
xmllint.c,3506,global_6,global_1,N/A
xmllint.c,3512,global_6,global_1,N/A
xmllint.c,3518,function_61,global_7,N/A
xmllint.c,3527,global_6,global_1,N/A
xmllint.c,3529,global_6,global_1,N/A
xmllint.c,3531,global_6,global_1,N/A
xmllint.c,3533,global_6,global_1,N/A
xmllint.c,3535+,global_6,global_1,N/A
xmllint.c,3535,global_6,global_1,N/A
xmllint.c,3549+,global_6,global_1,N/A
xmllint.c,3549,global_6,global_7,N/A
xmllint.c,3551,global_6,global_1,N/A
xmllint.c,3559,global_6,global_1,N/A
xmllint.c,3570,global_6,global_69,N/A
xmllint.c,3577,global_6,global_1,N/A
xmllint.c,3583+,global_6,global_1,N/A
xmllint.c,3583,global_6,global_7,N/A
xmllint.c,3585,global_6,global_1,N/A
xmllint.c,3593,global_6,global_1,N/A
xmllint.c,3602,global_6,global_58,N/A
xmllint.c,3609,global_6,global_1,N/A
xmllint.c,3612,global_6,global_7,N/A
xmllint.c,3614,global_6,global_1,N/A
xmllint.c,3619,global_6,global_1,N/A
xmllint.c,3628,global_6,global_64,N/A
xmllint.c,3635,global_6,global_1,N/A
xmllint.c,364,function_-1,global_7,N/A
xmllint.c,3641,global_6,global_7,N/A
xmllint.c,3643,global_6,global_1,N/A
xmllint.c,3647,global_6,global_49,N/A
xmllint.c,365,function_89,global_6,N/A
xmllint.c,3655,global_1,argument_0,N/A
xmllint.c,3656,function_32,global_1,N/A
xmllint.c,3657,function_32,global_1,N/A
xmllint.c,3660,function_32,global_1,N/A
xmllint.c,3661,function_32,global_1,N/A
xmllint.c,3662,function_32,global_1,N/A
xmllint.c,3667,function_32,global_1,N/A
xmllint.c,3668,function_32,global_1,N/A
xmllint.c,3672,function_32,global_1,N/A
xmllint.c,3673,function_32,global_1,N/A
xmllint.c,3677,function_32,global_1,N/A
xmllint.c,3678,function_32,global_1,N/A
xmllint.c,3683,function_32,global_1,N/A
xmllint.c,3684,function_32,global_1,N/A
xmllint.c,3688,function_32,global_1,N/A
xmllint.c,3689,function_32,global_1,N/A
xmllint.c,3693,function_32,global_1,N/A
xmllint.c,3694,function_32,global_1,N/A
xmllint.c,3698,function_32,global_1,N/A
xmllint.c,3699,function_32,global_1,N/A
xmllint.c,3703,function_32,global_1,N/A
xmllint.c,3704,function_32,global_1,N/A
xmllint.c,3709,function_32,global_1,N/A
xmllint.c,3710,function_32,global_1,N/A
xmllint.c,3716,function_32,global_1,N/A
xmllint.c,3717,function_32,global_1,N/A
xmllint.c,3722+,global_6,global_1,N/A
xmllint.c,3722,global_6,global_1,N/A
xmllint.c,3725+,function_32,global_1,N/A
xmllint.c,3726,global_6,global_1,N/A
xmllint.c,3731,global_6,global_1,N/A
xmllint.c,3735,global_6,global_1,N/A
xmllint.c,3752,global_6,global_1,N/A
xmllint.c,3756,global_6,global_1,N/A
xmllint.c,3762+,global_6,global_1,N/A
xmllint.c,3762,global_6,global_1,N/A
xmllint.c,3768+,global_6,global_1,N/A
xmllint.c,3768,global_6,global_1,N/A
xmllint.c,3773,global_6,global_1,N/A
xmllint.c,3775+,global_6,global_1,N/A
xmllint.c,3775,global_6,global_1,N/A
xmllint.c,3778+,global_6,global_1,N/A
xmllint.c,3782,global_6,global_69,N/A
xmllint.c,3786,global_6,global_58,N/A
xmllint.c,3788,global_6,global_64,N/A
xmllint.c,379,function_-1,global_7,N/A
xmllint.c,3793,global_6,global_49,N/A
xmllint.c,380,function_89,global_6,N/A
xmllint.c,394,function_-1,global_7,N/A
xmllint.c,395,function_89,global_6,N/A
xmllint.c,548,function_-1,global_7,N/A
xmllint.c,568,argument_-1,global_17,N/A
xmllint.c,592,argument_-1,global_17,N/A
xmllint.c,600,global_1,global_1,N/A
xmllint.c,605+++,global_1,global_1,N/A
xmllint.c,617+,global_1,global_1,N/A
xmllint.c,810,argument_326,global_7,N/A
xmllint.c,812,function_98,global_7,N/A
xmllint.c,817,function_6,global_7,N/A
xmllint.c,836,argument_-1,global_6,N/A
xmllint.c,901,global_6,global_1,N/A
xmllint.c,919,global_6,global_1,N/A
xmllint.c,937,global_6,global_1,N/A
xmllint.c,954,global_6,global_1,N/A
xmllint.c,957,argument_185,global_7,N/A
xmllint.c,961,argument_185,global_7,N/A
xmllint.c,978,global_6,global_1,N/A
xmllint.c,981,argument_186,global_7,N/A
xmllint.c,985,argument_186,global_7,N/A
xmlmemory.c,1018,argument_347,global_33,N/A
xmlmemory.c,1020,argument_347,global_13,N/A
xmlmemory.c,1022,argument_347,global_13,N/A
xmlmemory.c,1024,argument_347,global_13,N/A
xmlmemory.c,1052,argument_348,global_33,N/A
xmlmemory.c,1053,argument_348,global_13,N/A
xmlmemory.c,1054,argument_348,global_13,N/A
xmlmemory.c,1055,argument_348,global_13,N/A
xmlmemory.c,1085,argument_349,global_33,N/A
xmlmemory.c,1087,argument_349,global_13,N/A
xmlmemory.c,1089,argument_349,global_13,N/A
xmlmemory.c,1091,argument_349,global_13,N/A
xmlmemory.c,1093,argument_349,global_13,N/A
xmlmemory.c,1125,argument_349,global_33,N/A
xmlmemory.c,1126,argument_349,global_13,N/A
xmlmemory.c,1127,argument_349,global_13,N/A
xmlmemory.c,1128,argument_349,global_13,N/A
xmlmemory.c,1129,argument_349,global_13,N/A
xmlmemory.c,166,global_6,global_1,N/A
xmlmemory.c,191,global_6,global_6,N/A
xmlmemory.c,235,global_6,global_1,N/A
xmlmemory.c,260,global_6,global_6,N/A
xmlmemory.c,322,argument_350,global_7,N/A
xmlmemory.c,325,global_6,global_1,N/A
xmlmemory.c,353,global_6,argument_350,N/A
xmlmemory.c,369,global_6,global_6,N/A
xmlmemory.c,417,argument_351,global_7,N/A
xmlmemory.c,420,argument_351,global_13,N/A
xmlmemory.c,426,global_6,argument_351,N/A
xmlmemory.c,491,global_6,global_1,N/A
xmlmemory.c,507,global_6,global_6,N/A
xmlmemory.c,665,argument_352,global_12,N/A
xmlmemory.c,668,argument_352,global_14,N/A
xmlmemory.c,670,argument_352,global_14,N/A
xmlmemory.c,714,argument_352,global_14,N/A
xmlmemory.c,741,argument_353,global_14,N/A
xmlmemory.c,743,argument_353,global_14,N/A
xmlmemory.c,794,argument_353,global_14,N/A
xmlmemory.c,863,argument_-1,global_14,N/A
xmlmemory.c,948,global_6,global_1,N/A
xmlmemory.c,954,function_61,global_7,N/A
xmlmemory.c,960,function_61,global_7,N/A
xmlmemory.c,984,global_6,global_1,N/A
xmlmodule.c,48,argument_-1,global_-1,N/A
xmlreader.c,1021,function_-1,global_1,N/A
xmlreader.c,1052,function_90,global_7,N/A
xmlreader.c,1070,function_-1,global_1,N/A
xmlreader.c,1208,argument_-1,global_50,N/A
xmlreader.c,1213,function_-1,global_8,N/A
xmlreader.c,1220,function_169,global_1,N/A
xmlreader.c,1244,argument_354,global_8,N/A
xmlreader.c,1248,function_88,global_16,N/A
xmlreader.c,1251,argument_354,global_8,N/A
xmlreader.c,1292,argument_-1,global_50,N/A
xmlreader.c,1311,function_169,global_1,N/A
xmlreader.c,1360,global_1,global_1,N/A
xmlreader.c,1374,function_169,global_1,N/A
xmlreader.c,1382,global_1,global_1,N/A
xmlreader.c,1394,global_1,global_1,N/A
xmlreader.c,1435,global_1,global_1,N/A
xmlreader.c,1459,function_169,global_1,N/A
xmlreader.c,1505,function_170,global_8,N/A
xmlreader.c,1516,function_16,global_1,N/A
xmlreader.c,1517,function_16,global_1,N/A
xmlreader.c,1526,function_170,global_8,N/A
xmlreader.c,1595,function_121,global_1,N/A
xmlreader.c,1606,function_-1,global_1,N/A
xmlreader.c,1625,argument_-1,global_50,N/A
xmlreader.c,1642,argument_-1,global_50,N/A
xmlreader.c,1648,function_-1,global_1,N/A
xmlreader.c,1668,argument_-1,global_50,N/A
xmlreader.c,1681,function_77,global_1,N/A
xmlreader.c,1706,function_170,global_8,N/A
xmlreader.c,1715,function_-1,global_1,N/A
xmlreader.c,1754,function_170,global_8,N/A
xmlreader.c,1763,function_-1,global_1,N/A
xmlreader.c,1793,argument_-1,global_50,N/A
xmlreader.c,1803,function_-1,global_1,N/A
xmlreader.c,1886,argument_-1,global_50,N/A
xmlreader.c,2033,argument_-1,global_50,N/A
xmlreader.c,2073,argument_-1,global_34,N/A
xmlreader.c,2132,function_38,global_12,N/A
xmlreader.c,2135,function_38,global_12,N/A
xmlreader.c,2190,function_-1,global_34,N/A
xmlreader.c,2193,function_-1,global_50,N/A
xmlreader.c,2215,argument_-1,global_50,N/A
xmlreader.c,2304,argument_-1,global_50,N/A
xmlreader.c,2342,argument_355,global_50,N/A
xmlreader.c,2362,global_1,argument_355,N/A
xmlreader.c,2370,function_14,global_7,N/A
xmlreader.c,2391+,argument_356,global_7,N/A
xmlreader.c,2391,argument_356,global_50,N/A
xmlreader.c,2403,function_150,global_7,N/A
xmlreader.c,2407,function_16,global_1,N/A
xmlreader.c,2423,function_16,global_1,N/A
xmlreader.c,2426+,function_16,global_1,N/A
xmlreader.c,2462+,argument_357,global_7,N/A
xmlreader.c,2462,argument_357,global_50,N/A
xmlreader.c,2473,function_16,global_1,N/A
xmlreader.c,2474,function_16,global_1,N/A
xmlreader.c,2480+,function_16,global_1,N/A
xmlreader.c,2510,argument_-1,global_50,N/A
xmlreader.c,2558,argument_-1,global_50,N/A
xmlreader.c,2564,function_26,global_21,N/A
xmlreader.c,2586,argument_358,global_50,N/A
xmlreader.c,2608,global_1,argument_358,N/A
xmlreader.c,2636+,argument_359,global_7,N/A
xmlreader.c,2636,argument_359,global_50,N/A
xmlreader.c,2646,function_150,global_7,N/A
xmlreader.c,2650,function_16,global_1,N/A
xmlreader.c,2669,function_16,global_1,N/A
xmlreader.c,2682,function_16,global_1,N/A
xmlreader.c,2685+,function_16,global_1,N/A
xmlreader.c,2700,function_16,global_1,N/A
xmlreader.c,2701+,function_16,global_1,N/A
xmlreader.c,2708,function_150,global_7,N/A
xmlreader.c,2715,function_150,global_7,N/A
xmlreader.c,2741++,argument_360,global_7,N/A
xmlreader.c,2741+,argument_360,global_7,N/A
xmlreader.c,2741,argument_360,global_50,N/A
xmlreader.c,2749,function_16,global_1,N/A
xmlreader.c,2750,function_16,global_1,N/A
xmlreader.c,2756+,function_16,global_1,N/A
xmlreader.c,2772,function_16,global_1,N/A
xmlreader.c,2774,function_16,global_1,N/A
xmlreader.c,2794,argument_-1,global_50,N/A
xmlreader.c,2823,argument_-1,global_50,N/A
xmlreader.c,2862,argument_-1,global_50,N/A
xmlreader.c,2887,argument_-1,global_50,N/A
xmlreader.c,2931,argument_-1,global_50,N/A
xmlreader.c,2967,argument_-1,global_50,N/A
xmlreader.c,3010,argument_-1,global_50,N/A
xmlreader.c,3028,function_-1,global_1,N/A
xmlreader.c,3029,function_-1,global_1,N/A
xmlreader.c,3080,argument_-1,global_50,N/A
xmlreader.c,3111,argument_-1,global_50,N/A
xmlreader.c,3142,argument_-1,global_50,N/A
xmlreader.c,3175,argument_-1,global_50,N/A
xmlreader.c,3250,argument_-1,global_50,N/A
xmlreader.c,3317,argument_-1,global_50,N/A
xmlreader.c,3349,argument_-1,global_50,N/A
xmlreader.c,3381,argument_-1,global_50,N/A
xmlreader.c,3409,argument_-1,global_50,N/A
xmlreader.c,3436,argument_-1,global_50,N/A
xmlreader.c,3455,argument_-1,global_50,N/A
xmlreader.c,3458,function_154,global_7,N/A
xmlreader.c,3475,argument_-1,global_50,N/A
xmlreader.c,3500,argument_-1,global_50,N/A
xmlreader.c,3527,argument_-1,global_50,N/A
xmlreader.c,3562,argument_-1,global_50,N/A
xmlreader.c,3608,argument_-1,global_50,N/A
xmlreader.c,3642,function_-1,global_7,N/A
xmlreader.c,3676,argument_-1,global_50,N/A
xmlreader.c,3691,argument_-1,global_50,N/A
xmlreader.c,3708,argument_-1,global_50,N/A
xmlreader.c,3728,argument_-1,global_50,N/A
xmlreader.c,3733,function_-1,global_7,N/A
xmlreader.c,3753,argument_-1,global_50,N/A
xmlreader.c,3772,argument_-1,global_50,N/A
xmlreader.c,3800,argument_361,global_50,N/A
xmlreader.c,3806,argument_361,global_1,N/A
xmlreader.c,3817,argument_361,global_1,N/A
xmlreader.c,3825,argument_361,global_1,N/A
xmlreader.c,3833,argument_361,global_1,N/A
xmlreader.c,3857,argument_-1,global_50,N/A
xmlreader.c,3890,argument_-1,global_50,N/A
xmlreader.c,3908,argument_-1,global_50,N/A
xmlreader.c,3927,argument_-1,global_50,N/A
xmlreader.c,3949,argument_-1,global_50,N/A
xmlreader.c,3993+,argument_362,global_7,N/A
xmlreader.c,3993,argument_362,global_50,N/A
xmlreader.c,3997,function_-1,global_49,N/A
xmlreader.c,4041,argument_-1,global_50,N/A
xmlreader.c,4079,function_-1,global_7,N/A
xmlreader.c,4102,function_-1,global_7,N/A
xmlreader.c,4137,argument_363,global_50,N/A
xmlreader.c,4139,argument_363,global_58,N/A
xmlreader.c,4199++,argument_364,global_26,N/A
xmlreader.c,4199+,argument_364,global_26,N/A
xmlreader.c,4199,argument_364,global_7,N/A
xmlreader.c,4202,argument_364,global_26,N/A
xmlreader.c,4204,argument_364,global_26,N/A
xmlreader.c,4209,argument_364,global_26,N/A
xmlreader.c,4211,argument_364,global_26,N/A
xmlreader.c,4219,argument_364,global_26,N/A
xmlreader.c,4221,function_-1,global_12,N/A
xmlreader.c,4226,argument_364,global_26,N/A
xmlreader.c,4254,argument_365,global_50,N/A
xmlreader.c,4256,argument_365,global_64,N/A
xmlreader.c,430,argument_366,global_50,N/A
xmlreader.c,4345,argument_367,global_50,N/A
xmlreader.c,4348+,argument_367,global_52,N/A
xmlreader.c,4348,argument_367,global_7,N/A
xmlreader.c,4351+,argument_367,global_52,N/A
xmlreader.c,4351,argument_367,global_7,N/A
xmlreader.c,4368+,argument_367,global_52,N/A
xmlreader.c,4368,argument_367,global_7,N/A
xmlreader.c,4374,argument_367,global_7,N/A
xmlreader.c,4448,argument_368,global_50,N/A
xmlreader.c,4451+,argument_368,global_63,N/A
xmlreader.c,4451,argument_368,global_7,N/A
xmlreader.c,4454+,argument_368,global_63,N/A
xmlreader.c,4454,argument_368,global_7,N/A
xmlreader.c,4475+,argument_368,global_63,N/A
xmlreader.c,4475,argument_368,global_7,N/A
xmlreader.c,4480,argument_368,global_7,N/A
xmlreader.c,454+,global_6,global_33,N/A
xmlreader.c,454,global_6,global_1,N/A
xmlreader.c,4642,argument_-1,global_50,N/A
xmlreader.c,467++,function_50,global_1,N/A
xmlreader.c,480++,function_50,global_1,N/A
xmlreader.c,484,argument_366,global_50,N/A
xmlreader.c,516,argument_-1,global_2,N/A
xmlreader.c,518+,global_6,global_33,N/A
xmlreader.c,518,global_6,global_1,N/A
xmlreader.c,845,function_152,global_1,N/A
xmlreader.c,846,function_42,global_1,N/A
xmlreader.c,851,function_152,global_1,N/A
xmlreader.c,857,function_152,global_1,N/A
xmlreader.c,875,function_152,global_1,N/A
xmlreader.c,885,function_152,global_1,N/A
xmlreader.c,895,function_42,global_1,N/A
xmlreader.c,899,function_152,global_1,N/A
xmlreader.c,918,function_152,global_1,N/A
xmlreader.c,961,function_90,global_7,N/A
xmlreader.c,975,function_-1,global_1,N/A
xmlreader.c,990,function_-1,global_1,N/A
xmlregexp.c,3504,argument_-1,global_60,N/A
xmlregexp.c,3563,argument_-1,global_61,N/A
xmlregexp.c,3781,argument_369,global_61,N/A
xmlregexp.c,3791,argument_369,global_7,N/A
xmlregexp.c,3804,argument_369,global_7,N/A
xmlregexp.c,381,argument_-1,global_77,N/A
xmlregexp.c,3814,argument_369,global_7,N/A
xmlregexp.c,3815,global_1,global_1,N/A
xmlregexp.c,3823,argument_369,global_7,N/A
xmlregexp.c,3847,argument_369,global_7,N/A
xmlregexp.c,3849,argument_369,global_7,N/A
xmlregexp.c,3858,function_16,global_1,N/A
xmlregexp.c,3865,function_16,global_1,N/A
xmlregexp.c,3915,argument_369,global_7,N/A
xmlregexp.c,3919,argument_369,global_1,N/A
xmlregexp.c,3922,global_1,global_1,N/A
xmlregexp.c,3932,global_1,global_1,N/A
xmlregexp.c,3962,argument_369,global_7,N/A
xmlregexp.c,3984,global_1,global_1,N/A
xmlregexp.c,3999,global_1,global_1,N/A
xmlregexp.c,4001,argument_369,global_7,N/A
xmlregexp.c,4080,global_1,global_1,N/A
xmlregexp.c,4156,argument_370,global_61,N/A
xmlregexp.c,4163,argument_370,global_7,N/A
xmlsave.c,1076,global_6,global_1,N/A
xmlsave.c,1144,function_-1,global_1,N/A
xmlsave.c,1168,function_36,global_1,N/A
xmlsave.c,1169,function_36,global_1,N/A
xmlsave.c,1170,function_36,global_1,N/A
xmlsave.c,1176,function_-1,global_1,N/A
xmlsave.c,1218,function_117,global_40,N/A
xmlsave.c,1810,function_171,global_83,N/A
xmlsave.c,1838,function_171,global_83,N/A
xmlsave.c,1868,function_171,global_83,N/A
xmlsave.c,1870,argument_-1,global_7,N/A
xmlsave.c,1872,function_34,global_25,N/A
xmlsave.c,1879,function_23,global_24,N/A
xmlsave.c,1881,function_34,global_25,N/A
xmlsave.c,1910,function_171,global_83,N/A
xmlsave.c,1935+,argument_371,global_2,N/A
xmlsave.c,1935,argument_371,global_83,N/A
xmlsave.c,1936,function_-1,global_1,N/A
xmlsave.c,1957+,argument_372,global_8,N/A
xmlsave.c,1957,argument_372,global_83,N/A
xmlsave.c,1974,argument_-1,global_83,N/A
xmlsave.c,1993,argument_-1,global_83,N/A
xmlsave.c,2011,argument_-1,global_83,N/A
xmlsave.c,2028,argument_-1,global_83,N/A
xmlsave.c,2054,argument_373,global_7,N/A
xmlsave.c,2100+,argument_373,global_2,N/A
xmlsave.c,2112,argument_373,global_2,N/A
xmlsave.c,2141+,global_1,global_1,N/A
xmlsave.c,364,argument_-1,global_83,N/A
xmlsave.c,391,argument_374,global_7,N/A
xmlsave.c,408+,argument_374,global_1,global_1
xmlsave.c,413,argument_374,global_1,global_1
xmlsave.c,415,argument_374,global_1,global_1
xmlsave.c,472,function_88,global_16,N/A
xmlsave.c,495,function_88,global_16,N/A
xmlsave.c,518,function_88,global_16,N/A
xmlsave.c,540,function_88,global_16,N/A
xmlsave.c,56+,argument_375,global_7,N/A
xmlsave.c,56,argument_375,global_7,N/A
xmlsave.c,58,argument_375,global_7,N/A
xmlsave.c,59,function_16,global_1,N/A
xmlsave.c,60,function_16,global_1,N/A
xmlsave.c,61,function_16,global_1,N/A
xmlsave.c,63,argument_375,global_7,N/A
xmlsave.c,633+,argument_376,global_24,N/A
xmlsave.c,633,argument_376,global_21,N/A
xmlsave.c,635,function_16,global_1,N/A
xmlsave.c,638,argument_376,global_83,N/A
xmlsave.c,64,function_16,global_1,N/A
xmlsave.c,65,function_16,global_1,N/A
xmlsave.c,66,function_16,global_1,N/A
xmlsave.c,693,argument_-1,global_21,N/A
xmlsave.c,906,argument_-1,global_8,N/A
xmlschemas.c,12452,argument_-1,global_7,N/A
xmlschemas.c,12456,function_172,global_85,N/A
xmlschemas.c,12478+,argument_377,global_1,N/A
xmlschemas.c,12478,argument_377,global_7,N/A
xmlschemas.c,12481,function_172,global_85,N/A
xmlschemas.c,12503,argument_-1,global_2,N/A
xmlschemas.c,12506,function_172,global_85,N/A
xmlschemas.c,12525,argument_-1,global_85,N/A
xmlschemas.c,18637+,argument_378,global_53,N/A
xmlschemas.c,18637,argument_378,global_54,N/A
xmlschemas.c,18643,argument_378,global_85,N/A
xmlschemas.c,18693,argument_378,global_85,N/A
xmlschemas.c,18799,function_16,global_1,N/A
xmlschemas.c,18801,function_16,global_1,N/A
xmlschemas.c,18803,function_16,global_1,N/A
xmlschemas.c,18821+,argument_378,global_85,N/A
xmlschemas.c,18825+,argument_378,global_85,N/A
xmlschemas.c,24476,argument_379,global_-1,N/A
xmlschemas.c,24490+,argument_379,global_55,N/A
xmlschemas.c,24490,argument_379,global_-1,N/A
xmlschemas.c,24518,argument_379,global_7,N/A
xmlschemas.c,24529+,argument_379,global_1,N/A
xmlschemas.c,24529,argument_379,global_1,N/A
xmlschemas.c,24626,argument_379,global_1,N/A
xmlschemas.c,24643+,argument_379,global_1,N/A
xmlschemas.c,24643,argument_379,global_1,N/A
xmlschemas.c,27638,argument_-1,global_63,N/A
xmlschemas.c,3508,argument_-1,global_86,N/A
xmlschemas.c,3518,argument_-1,global_-1,N/A
xmlschemas.c,3701,argument_380,global_87,N/A
xmlschemas.c,3712,argument_380,global_87,N/A
xmlschemas.c,3791,argument_-1,global_-1,N/A
xmlschemas.c,3807,argument_-1,global_-1,N/A
xmlschemas.c,3859,argument_-1,global_-1,N/A
xmlschemas.c,3945,argument_-1,global_54,N/A
xmlschemas.c,3965,argument_-1,global_53,N/A
xmlschemas.c,4114,argument_-1,global_64,N/A
xmlschemas.c,4182,argument_381,global_-1,N/A
xmlschemas.c,4190,argument_381,global_7,N/A
xmlschemas.c,4266,argument_-1,global_87,N/A
xmlschemas.c,4270,function_102,global_7,N/A
xmlschemas.c,4405,argument_-1,global_53,N/A
xmlschemas.c,4506,argument_382,global_14,N/A
xmlschemas.c,4508,argument_382,global_64,N/A
xmlschemastypes.c,1000,function_-1,global_55,N/A
xmlschemastypes.c,1018,argument_-1,global_55,N/A
xmlschemastypes.c,1073,global_6,global_1,N/A
xmlschemastypes.c,1075,argument_-1,global_7,N/A
xmlschemastypes.c,1092,argument_-1,global_53,N/A
xmlschemastypes.c,1918,argument_-1,global_7,N/A
xmlschemastypes.c,1952,argument_-1,global_7,N/A
xmlschemastypes.c,393,global_6,global_1,N/A
xmlschemastypes.c,416,function_-1,global_-1,N/A
xmlschemastypes.c,431,function_-1,global_-1,N/A
xmlschemastypes.c,624,global_6,global_1,N/A
xmlschemastypes.c,662,argument_383,global_53,N/A
xmlschemastypes.c,668,argument_383,global_1,N/A
xmlschemastypes.c,669,argument_383,global_1,N/A
xmlschemastypes.c,679,argument_383,global_1,N/A
xmlschemastypes.c,680,argument_383,global_1,N/A
xmlschemastypes.c,681,argument_383,global_1,N/A
xmlschemastypes.c,682,argument_383,global_1,N/A
xmlschemastypes.c,683,argument_383,global_1,N/A
xmlschemastypes.c,684,argument_383,global_1,N/A
xmlschemastypes.c,689,argument_383,global_1,N/A
xmlschemastypes.c,690,argument_383,global_1,N/A
xmlschemastypes.c,691,argument_383,global_1,N/A
xmlschemastypes.c,692,argument_383,global_1,N/A
xmlschemastypes.c,693,argument_383,global_1,N/A
xmlschemastypes.c,694,argument_383,global_1,N/A
xmlschemastypes.c,695,argument_383,global_1,N/A
xmlschemastypes.c,696,argument_383,global_1,N/A
xmlschemastypes.c,697,argument_383,global_1,N/A
xmlschemastypes.c,712,argument_383,global_1,N/A
xmlschemastypes.c,713,argument_383,global_1,N/A
xmlschemastypes.c,714,argument_383,global_1,N/A
xmlschemastypes.c,715,argument_383,global_1,N/A
xmlschemastypes.c,716,argument_383,global_1,N/A
xmlschemastypes.c,717,argument_383,global_1,N/A
xmlschemastypes.c,718,argument_383,global_1,N/A
xmlschemastypes.c,740,global_6,global_1,N/A
xmlschemastypes.c,853+,argument_384,global_55,N/A
xmlschemastypes.c,853,argument_384,global_55,N/A
xmlschemastypes.c,871,argument_-1,global_55,N/A
xmlschemastypes.c,888,argument_-1,global_55,N/A
xmlschemastypes.c,921,argument_-1,global_55,N/A
xmlschemastypes.c,945,argument_-1,global_1,N/A
xmlschemastypes.c,974,function_-1,global_55,N/A
xmlschemastypes.c,978,argument_-1,global_7,N/A
xmlstring.c,116,argument_-1,global_7,N/A
xmlstring.c,135,argument_385,argument_385,N/A
xmlstring.c,136,argument_385,global_7,N/A
xmlstring.c,137,argument_385,global_7,N/A
xmlstring.c,158,argument_386,argument_386,N/A
xmlstring.c,159,argument_386,global_7,N/A
xmlstring.c,160,argument_386,global_7,N/A
xmlstring.c,163,argument_386,global_28,N/A
xmlstring.c,180,argument_387,global_7,N/A
xmlstring.c,181,argument_387,global_7,N/A
xmlstring.c,182,argument_387,global_7,N/A
xmlstring.c,190,argument_387,global_28,N/A
xmlstring.c,209,argument_388,global_1,N/A
xmlstring.c,210,argument_388,argument_388,N/A
xmlstring.c,211,argument_388,global_7,N/A
xmlstring.c,212,argument_388,global_7,N/A
xmlstring.c,274,argument_389,argument_389,N/A
xmlstring.c,275,argument_389,global_7,N/A
xmlstring.c,276,argument_389,global_7,N/A
xmlstring.c,299,argument_390,global_1,N/A
xmlstring.c,300,argument_390,argument_390,N/A
xmlstring.c,301,argument_390,global_7,N/A
xmlstring.c,302,argument_390,global_7,N/A
xmlstring.c,305+,argument_390,global_1,global_1
xmlstring.c,322,argument_-1,global_7,N/A
xmlstring.c,344,argument_391,global_7,N/A
xmlstring.c,345,argument_391,global_7,N/A
xmlstring.c,348,function_15,global_1,N/A
xmlstring.c,351,function_-1,global_1,N/A
xmlstring.c,372,argument_392,global_7,N/A
xmlstring.c,373,argument_392,global_7,N/A
xmlstring.c,376,function_15,global_1,N/A
xmlstring.c,379,function_68,global_1,N/A
xmlstring.c,400,argument_393,global_7,N/A
xmlstring.c,401,argument_393,global_1,N/A
xmlstring.c,402,argument_393,global_1,N/A
xmlstring.c,425,argument_-1,global_7,N/A
xmlstring.c,44+,argument_394,global_1,N/A
xmlstring.c,44,argument_394,global_7,N/A
xmlstring.c,452+,argument_395,global_1,N/A
xmlstring.c,452,argument_395,global_7,N/A
xmlstring.c,454,argument_395,global_1,N/A
xmlstring.c,456,argument_395,global_7,N/A
xmlstring.c,487,argument_396,global_1,N/A
xmlstring.c,489+,argument_396,global_1,N/A
xmlstring.c,489,argument_396,global_7,N/A
xmlstring.c,491,argument_396,global_7,N/A
xmlstring.c,521,argument_397,global_7,N/A
xmlstring.c,522,argument_397,global_7,N/A
xmlstring.c,545+,argument_398,global_7,N/A
xmlstring.c,545,argument_398,global_7,N/A
xmlstring.c,572+,argument_201,global_7,N/A
xmlstring.c,572,argument_201,global_7,N/A
xmlstring.c,611,argument_-1,global_7,N/A
xmlstring.c,640,argument_399,global_7,N/A
xmlstring.c,641,argument_399,global_7,N/A
xmlstring.c,661,argument_-1,global_7,N/A
xmlstring.c,69,argument_-1,global_7,N/A
xmlstring.c,705,argument_400,global_7,N/A
xmlstring.c,707,argument_400,global_26,N/A
xmlstring.c,709,argument_400,global_1,N/A
xmlstring.c,714,argument_400,global_1,N/A
xmlstring.c,719,argument_400,global_1,N/A
xmlstring.c,724,argument_400,global_1,N/A
xmlstring.c,754,argument_400,global_26,N/A
xmlstring.c,778,argument_-1,global_7,N/A
xmlstring.c,829,argument_401,global_7,N/A
xmlstring.c,832,argument_401,global_1,N/A
xmlstring.c,835,argument_401,global_1,N/A
xmlstring.c,836,argument_401,global_28,N/A
xmlstring.c,862+,argument_402,global_1,N/A
xmlstring.c,862,argument_402,global_7,N/A
xmlstring.c,89+,argument_403,global_1,N/A
xmlstring.c,89,argument_403,global_7,N/A
xmlstring.c,890,argument_404,global_7,N/A
xmlstring.c,891,argument_404,global_1,N/A
xmlstring.c,893,argument_404,global_1,N/A
xmlstring.c,923+,argument_405,global_7,N/A
xmlstring.c,923,argument_405,global_7,N/A
xmlstring.c,926,function_-1,global_1,N/A
xmlstring.c,960,argument_406,global_7,N/A
xmlstring.c,961,argument_406,global_1,N/A
xmlstring.c,962,argument_406,global_1,N/A
xmlunicode.c,1003+,argument_407,global_1,N/A
xmlunicode.c,1003,argument_407,global_1,N/A
xmlunicode.c,1016+,argument_408,global_1,N/A
xmlunicode.c,1016,argument_408,global_1,N/A
xmlunicode.c,1029+,argument_409,global_1,N/A
xmlunicode.c,1029,argument_409,global_1,N/A
xmlunicode.c,1042+,argument_410,global_1,N/A
xmlunicode.c,1042,argument_410,global_1,N/A
xmlunicode.c,1055+,argument_411,global_1,N/A
xmlunicode.c,1055,argument_411,global_1,N/A
xmlunicode.c,1068+,argument_412,global_1,N/A
xmlunicode.c,1068,argument_412,global_1,N/A
xmlunicode.c,1081+,argument_413,global_1,N/A
xmlunicode.c,1081,argument_413,global_1,N/A
xmlunicode.c,1094+,argument_414,global_1,N/A
xmlunicode.c,1094,argument_414,global_1,N/A
xmlunicode.c,1107+,argument_415,global_1,N/A
xmlunicode.c,1107,argument_415,global_1,N/A
xmlunicode.c,1120+,argument_416,global_1,N/A
xmlunicode.c,1120,argument_416,global_1,N/A
xmlunicode.c,1133+,argument_417,global_1,N/A
xmlunicode.c,1133,argument_417,global_1,N/A
xmlunicode.c,1146+,argument_418,global_1,N/A
xmlunicode.c,1146,argument_418,global_1,N/A
xmlunicode.c,1159+,argument_419,global_1,N/A
xmlunicode.c,1159,argument_419,global_1,N/A
xmlunicode.c,1172+,argument_420,global_1,N/A
xmlunicode.c,1172,argument_420,global_1,N/A
xmlunicode.c,1185+,argument_421,global_1,N/A
xmlunicode.c,1185,argument_421,global_1,N/A
xmlunicode.c,1198+,argument_422,global_1,N/A
xmlunicode.c,1198,argument_422,global_1,N/A
xmlunicode.c,1211+,argument_423,global_1,N/A
xmlunicode.c,1211,argument_423,global_1,N/A
xmlunicode.c,1224+,argument_424,global_1,N/A
xmlunicode.c,1224,argument_424,global_1,N/A
xmlunicode.c,1237+,argument_425,global_1,N/A
xmlunicode.c,1237,argument_425,global_1,N/A
xmlunicode.c,1250+,argument_426,global_1,N/A
xmlunicode.c,1250,argument_426,global_1,N/A
xmlunicode.c,1263+,argument_427,global_1,N/A
xmlunicode.c,1263,argument_427,global_1,N/A
xmlunicode.c,1276+,argument_428,global_1,N/A
xmlunicode.c,1276,argument_428,global_1,N/A
xmlunicode.c,1289+,argument_429,global_1,N/A
xmlunicode.c,1289,argument_429,global_1,N/A
xmlunicode.c,1302+,argument_430,global_1,N/A
xmlunicode.c,1302,argument_430,global_1,N/A
xmlunicode.c,1315+,argument_431,global_1,N/A
xmlunicode.c,1315,argument_431,global_1,N/A
xmlunicode.c,1328+,argument_432,global_1,N/A
xmlunicode.c,1328,argument_432,global_1,N/A
xmlunicode.c,1341+,argument_433,global_1,N/A
xmlunicode.c,1341,argument_433,global_1,N/A
xmlunicode.c,1354+,argument_434,global_1,N/A
xmlunicode.c,1354,argument_434,global_1,N/A
xmlunicode.c,1367+,argument_435,global_1,N/A
xmlunicode.c,1367,argument_435,global_1,N/A
xmlunicode.c,1380+,argument_436,global_1,N/A
xmlunicode.c,1380,argument_436,global_1,N/A
xmlunicode.c,1393+,argument_437,global_1,N/A
xmlunicode.c,1393,argument_437,global_1,N/A
xmlunicode.c,1406+,argument_415,global_1,N/A
xmlunicode.c,1406,argument_415,global_1,N/A
xmlunicode.c,1419+,argument_438,global_1,N/A
xmlunicode.c,1419,argument_438,global_1,N/A
xmlunicode.c,1432+,argument_439,global_1,N/A
xmlunicode.c,1432,argument_439,global_1,N/A
xmlunicode.c,1445+,argument_440,global_1,N/A
xmlunicode.c,1445,argument_440,global_1,N/A
xmlunicode.c,1458+,argument_441,global_1,N/A
xmlunicode.c,1458,argument_441,global_1,N/A
xmlunicode.c,1471+,argument_442,global_1,N/A
xmlunicode.c,1471,argument_442,global_1,N/A
xmlunicode.c,1484+,argument_443,global_1,N/A
xmlunicode.c,1484,argument_443,global_1,N/A
xmlunicode.c,1497+,argument_444,global_1,N/A
xmlunicode.c,1497,argument_444,global_1,N/A
xmlunicode.c,1510+,argument_413,global_1,N/A
xmlunicode.c,1510,argument_413,global_1,N/A
xmlunicode.c,1523+,argument_445,global_1,N/A
xmlunicode.c,1523,argument_445,global_1,N/A
xmlunicode.c,1536+,argument_446,global_1,N/A
xmlunicode.c,1536,argument_446,global_1,N/A
xmlunicode.c,1549+,argument_447,global_1,N/A
xmlunicode.c,1549,argument_447,global_1,N/A
xmlunicode.c,1562+,argument_448,global_1,N/A
xmlunicode.c,1562,argument_448,global_1,N/A
xmlunicode.c,1575+,argument_449,global_1,N/A
xmlunicode.c,1575,argument_449,global_1,N/A
xmlunicode.c,1588+,argument_450,global_1,N/A
xmlunicode.c,1588,argument_450,global_1,N/A
xmlunicode.c,1601+,argument_447,global_1,N/A
xmlunicode.c,1601,argument_447,global_1,N/A
xmlunicode.c,1614+,argument_451,global_1,N/A
xmlunicode.c,1614,argument_451,global_1,N/A
xmlunicode.c,1627+,argument_452,global_1,N/A
xmlunicode.c,1627,argument_452,global_1,N/A
xmlunicode.c,1640+,argument_453,global_1,N/A
xmlunicode.c,1640,argument_453,global_1,N/A
xmlunicode.c,1653+,argument_454,global_1,N/A
xmlunicode.c,1653,argument_454,global_1,N/A
xmlunicode.c,1666+,argument_455,global_1,N/A
xmlunicode.c,1666,argument_455,global_1,N/A
xmlunicode.c,1679+,argument_456,global_1,N/A
xmlunicode.c,1679,argument_456,global_1,N/A
xmlunicode.c,1692+,argument_457,global_1,N/A
xmlunicode.c,1692,argument_457,global_1,N/A
xmlunicode.c,1705+,argument_458,global_1,N/A
xmlunicode.c,1705,argument_458,global_1,N/A
xmlunicode.c,1718+,argument_459,global_1,N/A
xmlunicode.c,1718,argument_459,global_1,N/A
xmlunicode.c,1731+,argument_460,global_1,N/A
xmlunicode.c,1731,argument_460,global_1,N/A
xmlunicode.c,1744+,argument_461,global_1,N/A
xmlunicode.c,1744,argument_461,global_1,N/A
xmlunicode.c,1757+,argument_462,global_1,N/A
xmlunicode.c,1757,argument_462,global_1,N/A
xmlunicode.c,1770+,argument_463,global_1,N/A
xmlunicode.c,1770,argument_463,global_1,N/A
xmlunicode.c,1783+,argument_464,global_1,N/A
xmlunicode.c,1783,argument_464,global_1,N/A
xmlunicode.c,1796+,argument_465,global_1,N/A
xmlunicode.c,1796,argument_465,global_1,N/A
xmlunicode.c,1809+,argument_466,global_1,N/A
xmlunicode.c,1809,argument_466,global_1,N/A
xmlunicode.c,1822+,argument_467,global_1,N/A
xmlunicode.c,1822,argument_467,global_1,N/A
xmlunicode.c,1835+,argument_468,global_1,N/A
xmlunicode.c,1835,argument_468,global_1,N/A
xmlunicode.c,1848+,argument_469,global_1,N/A
xmlunicode.c,1848,argument_469,global_1,N/A
xmlunicode.c,1861+,argument_470,global_1,N/A
xmlunicode.c,1861,argument_470,global_1,N/A
xmlunicode.c,1874+,argument_471,global_1,N/A
xmlunicode.c,1874,argument_471,global_1,N/A
xmlunicode.c,1887+,argument_472,global_1,N/A
xmlunicode.c,1887,argument_472,global_1,N/A
xmlunicode.c,1900+,argument_473,global_1,N/A
xmlunicode.c,1900,argument_473,global_1,N/A
xmlunicode.c,1913+,argument_474,global_1,N/A
xmlunicode.c,1913,argument_474,global_1,N/A
xmlunicode.c,1926+,argument_475,global_1,N/A
xmlunicode.c,1926,argument_475,global_1,N/A
xmlunicode.c,1939+,argument_476,global_1,N/A
xmlunicode.c,1939,argument_476,global_1,N/A
xmlunicode.c,1952+,argument_477,global_1,N/A
xmlunicode.c,1952,argument_477,global_1,N/A
xmlunicode.c,1965+,argument_478,global_1,N/A
xmlunicode.c,1965,argument_478,global_1,N/A
xmlunicode.c,1978+,argument_479,global_1,N/A
xmlunicode.c,1978,argument_479,global_1,N/A
xmlunicode.c,1991+,argument_480,global_1,N/A
xmlunicode.c,1991,argument_480,global_1,N/A
xmlunicode.c,2004+,argument_481,global_1,N/A
xmlunicode.c,2004,argument_481,global_1,N/A
xmlunicode.c,2017+,argument_482,global_1,N/A
xmlunicode.c,2017,argument_482,global_1,N/A
xmlunicode.c,2030+,argument_483,global_1,N/A
xmlunicode.c,2030,argument_483,global_1,N/A
xmlunicode.c,2043+,argument_484,global_1,N/A
xmlunicode.c,2043,argument_484,global_1,N/A
xmlunicode.c,2056+,argument_485,global_1,N/A
xmlunicode.c,2056,argument_485,global_1,N/A
xmlunicode.c,2069+,argument_486,global_1,N/A
xmlunicode.c,2069,argument_486,global_1,N/A
xmlunicode.c,2082+,argument_487,global_1,N/A
xmlunicode.c,2082,argument_487,global_1,N/A
xmlunicode.c,2095+,argument_488,global_1,N/A
xmlunicode.c,2095,argument_488,global_1,N/A
xmlunicode.c,2108+,argument_489,global_1,N/A
xmlunicode.c,2108,argument_489,global_1,N/A
xmlunicode.c,2121+,argument_490,global_1,N/A
xmlunicode.c,2121,argument_490,global_1,N/A
xmlunicode.c,2134+,argument_491,global_1,N/A
xmlunicode.c,2134,argument_491,global_1,N/A
xmlunicode.c,2147+,argument_492,global_1,N/A
xmlunicode.c,2147,argument_492,global_1,N/A
xmlunicode.c,2160+,argument_493,global_1,N/A
xmlunicode.c,2160,argument_493,global_1,N/A
xmlunicode.c,2173+,argument_494,global_1,N/A
xmlunicode.c,2173,argument_494,global_1,N/A
xmlunicode.c,2186+,argument_495,global_1,N/A
xmlunicode.c,2186,argument_495,global_1,N/A
xmlunicode.c,2199+,argument_486,global_1,N/A
xmlunicode.c,2199,argument_486,global_1,N/A
xmlunicode.c,2212+,argument_496,global_1,N/A
xmlunicode.c,2212,argument_496,global_1,N/A
xmlunicode.c,2225+,argument_497,global_1,N/A
xmlunicode.c,2225,argument_497,global_1,N/A
xmlunicode.c,2226+,argument_497,global_1,N/A
xmlunicode.c,2226,argument_497,global_1,N/A
xmlunicode.c,2227+,argument_497,global_1,N/A
xmlunicode.c,2227,argument_497,global_1,N/A
xmlunicode.c,2240+,argument_498,global_1,N/A
xmlunicode.c,2240,argument_498,global_1,N/A
xmlunicode.c,2253+,argument_499,global_1,N/A
xmlunicode.c,2253,argument_499,global_1,N/A
xmlunicode.c,2266+,argument_500,global_1,N/A
xmlunicode.c,2266,argument_500,global_1,N/A
xmlunicode.c,2279+,argument_501,global_1,N/A
xmlunicode.c,2279,argument_501,global_1,N/A
xmlunicode.c,2292+,argument_502,global_1,N/A
xmlunicode.c,2292,argument_502,global_1,N/A
xmlunicode.c,2305+,argument_503,global_1,N/A
xmlunicode.c,2305,argument_503,global_1,N/A
xmlunicode.c,2318+,argument_504,global_1,N/A
xmlunicode.c,2318,argument_504,global_1,N/A
xmlunicode.c,2331+,argument_505,global_1,N/A
xmlunicode.c,2331,argument_505,global_1,N/A
xmlunicode.c,2344+,argument_506,global_1,N/A
xmlunicode.c,2344,argument_506,global_1,N/A
xmlunicode.c,2357+,argument_507,global_1,N/A
xmlunicode.c,2357,argument_507,global_1,N/A
xmlunicode.c,2370+,argument_508,global_1,N/A
xmlunicode.c,2370,argument_508,global_1,N/A
xmlunicode.c,2383+,argument_509,global_1,N/A
xmlunicode.c,2383,argument_509,global_1,N/A
xmlunicode.c,2396+,argument_510,global_1,N/A
xmlunicode.c,2396,argument_510,global_1,N/A
xmlunicode.c,2409+,argument_511,global_1,N/A
xmlunicode.c,2409,argument_511,global_1,N/A
xmlunicode.c,2422+,argument_480,global_1,N/A
xmlunicode.c,2422,argument_480,global_1,N/A
xmlunicode.c,2435+,argument_512,global_1,N/A
xmlunicode.c,2435,argument_512,global_1,N/A
xmlunicode.c,2448+,argument_513,global_1,N/A
xmlunicode.c,2448,argument_513,global_1,N/A
xmlunicode.c,2461+,argument_514,global_1,N/A
xmlunicode.c,2461,argument_514,global_1,N/A
xmlunicode.c,2474+,argument_515,global_1,N/A
xmlunicode.c,2474,argument_515,global_1,N/A
xmlunicode.c,2487+,argument_516,global_1,N/A
xmlunicode.c,2487,argument_516,global_1,N/A
xmlunicode.c,2500+,argument_517,global_1,N/A
xmlunicode.c,2500,argument_517,global_1,N/A
xmlunicode.c,2513+,argument_518,global_1,N/A
xmlunicode.c,2513,argument_518,global_1,N/A
xmlunicode.c,2526+,argument_519,global_1,N/A
xmlunicode.c,2526,argument_519,global_1,N/A
xmlunicode.c,2539+,argument_520,global_1,N/A
xmlunicode.c,2539,argument_520,global_1,N/A
xmlunicode.c,2552+,argument_521,global_1,N/A
xmlunicode.c,2552,argument_521,global_1,N/A
xmlunicode.c,2565+,argument_522,global_1,N/A
xmlunicode.c,2565,argument_522,global_1,N/A
xmlunicode.c,2578+,argument_523,global_1,N/A
xmlunicode.c,2578,argument_523,global_1,N/A
xmlunicode.c,2591+,argument_524,global_1,N/A
xmlunicode.c,2591,argument_524,global_1,N/A
xmlunicode.c,2604+,argument_525,global_1,N/A
xmlunicode.c,2604,argument_525,global_1,N/A
xmlunicode.c,2617+,argument_526,global_1,N/A
xmlunicode.c,2617,argument_526,global_1,N/A
xmlunicode.c,2630+,argument_527,global_1,N/A
xmlunicode.c,2630,argument_527,global_1,N/A
xmlunicode.c,2647,function_-1,global_1,N/A
xmlunicode.c,2675+,argument_528,global_1,N/A
xmlunicode.c,2675,argument_528,global_1,N/A
xmlunicode.c,2676+,argument_528,global_1,N/A
xmlunicode.c,2676,argument_528,global_1,N/A
xmlunicode.c,2702,argument_529,global_1,N/A
xmlunicode.c,2703,argument_529,global_1,N/A
xmlunicode.c,2704,argument_529,global_1,N/A
xmlunicode.c,2705,argument_529,global_1,N/A
xmlunicode.c,2706,argument_529,global_1,N/A
xmlunicode.c,2707,argument_529,global_1,N/A
xmlunicode.c,2720,argument_530,global_1,N/A
xmlunicode.c,2721+,argument_530,global_1,N/A
xmlunicode.c,2721,argument_530,global_1,N/A
xmlunicode.c,2722+,argument_530,global_1,N/A
xmlunicode.c,2722,argument_530,global_1,N/A
xmlunicode.c,2723,argument_530,global_1,N/A
xmlunicode.c,2840+,argument_531,global_1,N/A
xmlunicode.c,2840,argument_531,global_1,N/A
xmlunicode.c,2841,argument_531,global_1,N/A
xmlunicode.c,2842+,argument_531,global_1,N/A
xmlunicode.c,2842,argument_531,global_1,N/A
xmlunicode.c,2843+,argument_531,global_1,N/A
xmlunicode.c,2843,argument_531,global_1,N/A
xmlunicode.c,2895+,argument_532,global_1,N/A
xmlunicode.c,2895,argument_532,global_1,N/A
xmlunicode.c,2896+,argument_532,global_1,N/A
xmlunicode.c,2896,argument_532,global_1,N/A
xmlunicode.c,2897,argument_532,global_1,N/A
xmlunicode.c,2898+,argument_532,global_1,N/A
xmlunicode.c,2898,argument_532,global_1,N/A
xmlunicode.c,2899+,argument_532,global_1,N/A
xmlunicode.c,2899,argument_532,global_1,N/A
xmlunicode.c,2900,argument_532,global_1,N/A
xmlunicode.c,2939,argument_533,global_1,N/A
xmlunicode.c,2940+,argument_533,global_1,N/A
xmlunicode.c,2940,argument_533,global_1,N/A
xmlunicode.c,2941,argument_533,global_1,N/A
xmlunicode.c,2942,argument_533,global_1,N/A
xmlunicode.c,2943+,argument_533,global_1,N/A
xmlunicode.c,2943,argument_533,global_1,N/A
xmlunicode.c,2944+,argument_533,global_1,N/A
xmlunicode.c,2944,argument_533,global_1,N/A
xmlunicode.c,2945,argument_533,global_1,N/A
xmlunicode.c,2946,argument_533,global_1,N/A
xmlunicode.c,2985,argument_534,global_1,N/A
xmlunicode.c,2986,argument_534,global_1,N/A
xmlunicode.c,2987,argument_534,global_1,N/A
xmlunicode.c,2988,argument_534,global_1,N/A
xmlunicode.c,3001,argument_535,global_1,N/A
xmlunicode.c,3002,argument_535,global_1,N/A
xmlunicode.c,3003+,argument_535,global_1,N/A
xmlunicode.c,3003,argument_535,global_1,N/A
xmlunicode.c,3004,argument_535,global_1,N/A
xmlunicode.c,3005,argument_535,global_1,N/A
xmlunicode.c,3122,argument_-1,global_1,N/A
xmlunicode.c,3135,argument_436,global_1,N/A
xmlunicode.c,3148,argument_536,global_1,N/A
xmlunicode.c,3149,argument_536,global_1,N/A
xmlunicode.c,3150,argument_536,global_1,N/A
xmlunicode.c,3151,argument_536,global_1,N/A
xmlunicode.c,3152+,argument_536,global_1,N/A
xmlunicode.c,3152,argument_536,global_1,N/A
xmlunicode.c,3153,argument_536,global_1,N/A
xmlunicode.c,3154,argument_536,global_1,N/A
xmlunicode.c,3155,argument_536,global_1,N/A
xmlunicode.c,3172,function_-1,global_1,N/A
xmlunicode.c,950+,argument_537,global_7,N/A
xmlunicode.c,950,argument_537,global_-1,N/A
xmlunicode.c,957,function_32,global_1,N/A
xmlunicode.c,959,function_32,global_1,N/A
xmlunicode.c,977+,argument_538,global_1,N/A
xmlunicode.c,977,argument_538,global_1,N/A
xmlunicode.c,990+,argument_539,global_1,N/A
xmlunicode.c,990,argument_539,global_1,N/A
xmlwriter.c,1035,function_173,global_1,N/A
xmlwriter.c,1040,function_173,global_1,N/A
xmlwriter.c,1067+,argument_540,global_7,N/A
xmlwriter.c,1067,argument_540,global_74,N/A
xmlwriter.c,1071,argument_540,global_7,N/A
xmlwriter.c,1080,function_174,global_1,N/A
xmlwriter.c,1084,argument_540,global_7,N/A
xmlwriter.c,1094,argument_540,global_7,N/A
xmlwriter.c,1131,argument_-1,global_74,N/A
xmlwriter.c,1135,function_175,global_90,N/A
xmlwriter.c,1152,function_173,global_1,N/A
xmlwriter.c,1162,function_173,global_1,N/A
xmlwriter.c,1169,function_173,global_1,N/A
xmlwriter.c,1181,function_173,global_1,N/A
xmlwriter.c,1186,function_173,global_1,N/A
xmlwriter.c,1190,function_173,global_1,N/A
xmlwriter.c,1223,argument_-1,global_74,N/A
xmlwriter.c,1227,function_175,global_90,N/A
xmlwriter.c,1238,function_173,global_1,N/A
xmlwriter.c,1245,function_173,global_1,N/A
xmlwriter.c,1250,function_173,global_1,N/A
xmlwriter.c,1264,function_173,global_1,N/A
xmlwriter.c,1269,function_173,global_1,N/A
xmlwriter.c,1273,function_173,global_1,N/A
xmlwriter.c,1332,argument_-1,global_74,N/A
xmlwriter.c,1336,function_176,global_7,N/A
xmlwriter.c,1365,argument_541,global_74,N/A
xmlwriter.c,137,argument_-1,global_74,N/A
xmlwriter.c,1371+,argument_541,global_1,N/A
xmlwriter.c,1371,argument_541,global_7,N/A
xmlwriter.c,1379,function_175,global_90,N/A
xmlwriter.c,1382,function_177,global_1,N/A
xmlwriter.c,1390,argument_541,global_7,N/A
xmlwriter.c,1393,function_177,global_1,N/A
xmlwriter.c,1433+,argument_542,global_7,N/A
xmlwriter.c,1433,argument_542,global_74,N/A
xmlwriter.c,1461+,argument_543,global_7,N/A
xmlwriter.c,1461,argument_543,global_74,N/A
xmlwriter.c,1465,function_176,global_7,N/A
xmlwriter.c,1492+,argument_544,global_7,N/A
xmlwriter.c,1492,argument_544,global_74,N/A
xmlwriter.c,1498,function_175,global_90,N/A
xmlwriter.c,1521,argument_544,global_7,N/A
xmlwriter.c,1527,function_-1,global_1,N/A
xmlwriter.c,1562++,argument_545,global_7,N/A
xmlwriter.c,1562+,argument_545,global_1,N/A
xmlwriter.c,1562,argument_545,global_24,N/A
xmlwriter.c,1576+,global_1,argument_545,N/A
xmlwriter.c,1588,global_1,global_1,N/A
xmlwriter.c,1590,global_1,global_1,N/A
xmlwriter.c,1595,global_1,global_1,N/A
xmlwriter.c,1597,function_178,global_1,N/A
xmlwriter.c,160,argument_-1,global_74,N/A
xmlwriter.c,1603,function_178,global_1,N/A
xmlwriter.c,1610,global_1,argument_545,N/A
xmlwriter.c,1637+++,argument_546,global_1,N/A
xmlwriter.c,1637++,argument_546,global_1,N/A
xmlwriter.c,1637+,argument_546,global_7,N/A
xmlwriter.c,1637,argument_546,global_74,N/A
xmlwriter.c,1642,function_175,global_90,N/A
xmlwriter.c,1646,function_177,global_1,N/A
xmlwriter.c,1658,function_177,global_1,N/A
xmlwriter.c,1687++,argument_547,global_1,N/A
xmlwriter.c,1687+,argument_547,global_7,N/A
xmlwriter.c,1687,argument_547,global_24,N/A
xmlwriter.c,1696,function_178,global_1,N/A
xmlwriter.c,1702,function_178,global_1,N/A
xmlwriter.c,1730+++,argument_548,global_1,N/A
xmlwriter.c,1730++,argument_548,global_1,N/A
xmlwriter.c,1730+,argument_548,global_7,N/A
xmlwriter.c,1730,argument_548,global_74,N/A
xmlwriter.c,1735,function_175,global_90,N/A
xmlwriter.c,1739,function_177,global_1,N/A
xmlwriter.c,1751,function_177,global_1,N/A
xmlwriter.c,1775+,argument_549,global_7,N/A
xmlwriter.c,1775,argument_549,global_74,N/A
xmlwriter.c,1780,function_175,global_90,N/A
xmlwriter.c,1790,function_173,global_1,N/A
xmlwriter.c,1796,function_173,global_1,N/A
xmlwriter.c,1802,function_173,global_1,N/A
xmlwriter.c,1806,function_173,global_1,N/A
xmlwriter.c,1810,function_173,global_1,N/A
xmlwriter.c,1843+,argument_550,global_7,N/A
xmlwriter.c,1843,argument_550,global_74,N/A
xmlwriter.c,1847,argument_550,global_7,N/A
xmlwriter.c,1851,argument_550,global_7,N/A
xmlwriter.c,1864,function_46,global_1,N/A
xmlwriter.c,1874,function_90,global_7,N/A
xmlwriter.c,1898,argument_550,global_7,N/A
xmlwriter.c,1907,function_179,global_1,N/A
xmlwriter.c,1930,argument_-1,global_74,N/A
xmlwriter.c,1934,function_175,global_90,N/A
xmlwriter.c,1949,function_178,global_1,N/A
xmlwriter.c,2007,argument_-1,global_74,N/A
xmlwriter.c,2011,function_176,global_7,N/A
xmlwriter.c,2039,function_179,global_1,N/A
xmlwriter.c,2043,function_179,global_1,N/A
xmlwriter.c,2047,function_179,global_1,N/A
xmlwriter.c,2109,argument_-1,global_74,N/A
xmlwriter.c,2113,function_176,global_7,N/A
xmlwriter.c,2144+,argument_551,global_7,N/A
xmlwriter.c,2144,argument_551,global_74,N/A
xmlwriter.c,2149,function_180,global_1,N/A
xmlwriter.c,2153,function_180,global_1,N/A
xmlwriter.c,2157,function_180,global_1,N/A
xmlwriter.c,2210,argument_-1,global_74,N/A
xmlwriter.c,2214,function_176,global_7,N/A
xmlwriter.c,2242,function_174,global_1,N/A
xmlwriter.c,2245,argument_-1,global_7,N/A
xmlwriter.c,2247,function_174,global_1,N/A
xmlwriter.c,2252,function_174,global_1,N/A
xmlwriter.c,2314,argument_-1,global_74,N/A
xmlwriter.c,2318,function_176,global_7,N/A
xmlwriter.c,2349+,argument_552,global_7,N/A
xmlwriter.c,2349,argument_552,global_74,N/A
xmlwriter.c,2355,function_181,global_1,N/A
xmlwriter.c,2359,function_181,global_1,N/A
xmlwriter.c,2363,function_181,global_1,N/A
xmlwriter.c,2387+,argument_553,global_7,N/A
xmlwriter.c,2387,argument_553,global_74,N/A
xmlwriter.c,2390,function_19,global_1,N/A
xmlwriter.c,2398,function_175,global_90,N/A
xmlwriter.c,2404,function_173,global_1,N/A
xmlwriter.c,2411,function_173,global_1,N/A
xmlwriter.c,2415,function_173,global_1,N/A
xmlwriter.c,2455,function_173,global_1,N/A
xmlwriter.c,2460,function_173,global_1,N/A
xmlwriter.c,2483,argument_-1,global_74,N/A
xmlwriter.c,2487,function_175,global_90,N/A
xmlwriter.c,2499,function_182,global_1,N/A
xmlwriter.c,2509,function_182,global_1,N/A
xmlwriter.c,252,function_23,global_24,N/A
xmlwriter.c,2563,argument_-1,global_74,N/A
xmlwriter.c,2567,function_176,global_7,N/A
xmlwriter.c,259,function_126,global_74,N/A
xmlwriter.c,2595,function_183,global_1,N/A
xmlwriter.c,2598,argument_-1,global_7,N/A
xmlwriter.c,2600,function_183,global_1,N/A
xmlwriter.c,2605,function_183,global_1,N/A
xmlwriter.c,2628,argument_-1,global_74,N/A
xmlwriter.c,2633,function_175,global_90,N/A
xmlwriter.c,2644,function_173,global_1,N/A
xmlwriter.c,2651,function_173,global_1,N/A
xmlwriter.c,2655,function_173,global_1,N/A
xmlwriter.c,2684,function_173,global_1,N/A
xmlwriter.c,2707,argument_-1,global_74,N/A
xmlwriter.c,2711,function_175,global_90,N/A
xmlwriter.c,2722,function_182,global_1,N/A
xmlwriter.c,2776,argument_-1,global_74,N/A
xmlwriter.c,2780,function_176,global_7,N/A
xmlwriter.c,2806,function_184,global_1,N/A
xmlwriter.c,2809,argument_-1,global_7,N/A
xmlwriter.c,2811,function_184,global_1,N/A
xmlwriter.c,2816,function_184,global_1,N/A
xmlwriter.c,2844+,argument_554,global_7,N/A
xmlwriter.c,2844,argument_554,global_74,N/A
xmlwriter.c,2849+,function_-1,global_7,N/A
xmlwriter.c,2849,function_175,global_90,N/A
xmlwriter.c,2875,function_182,global_1,N/A
xmlwriter.c,2879,function_182,global_1,N/A
xmlwriter.c,2883,argument_554,global_7,N/A
xmlwriter.c,2884,argument_554,global_7,N/A
xmlwriter.c,2894,function_182,global_1,N/A
xmlwriter.c,2899,function_182,global_1,N/A
xmlwriter.c,290,function_23,global_24,N/A
xmlwriter.c,2904,function_182,global_1,N/A
xmlwriter.c,2910,function_182,global_1,N/A
xmlwriter.c,2915,function_182,global_1,N/A
xmlwriter.c,2920,argument_554,global_7,N/A
xmlwriter.c,2921,argument_554,global_7,N/A
xmlwriter.c,2926,function_182,global_1,N/A
xmlwriter.c,2930,function_182,global_1,N/A
xmlwriter.c,2938,function_182,global_1,N/A
xmlwriter.c,2944,function_182,global_1,N/A
xmlwriter.c,2950,function_182,global_1,N/A
xmlwriter.c,2955,function_182,global_1,N/A
xmlwriter.c,297,function_126,global_74,N/A
xmlwriter.c,2980,argument_555,global_74,N/A
xmlwriter.c,2985,global_1,global_1,N/A
xmlwriter.c,2987,function_175,global_90,N/A
xmlwriter.c,2995,function_182,global_1,N/A
xmlwriter.c,3003,function_182,global_1,N/A
xmlwriter.c,3032,function_182,global_1,N/A
xmlwriter.c,3094,argument_-1,global_74,N/A
xmlwriter.c,3098,function_176,global_7,N/A
xmlwriter.c,3130,function_185,global_1,N/A
xmlwriter.c,3133,argument_-1,global_7,N/A
xmlwriter.c,3135,function_185,global_1,N/A
xmlwriter.c,3140,function_185,global_1,N/A
xmlwriter.c,3164+,argument_556,global_7,N/A
xmlwriter.c,3164,argument_556,global_74,N/A
xmlwriter.c,3169,function_175,global_90,N/A
xmlwriter.c,3178,function_182,global_1,N/A
xmlwriter.c,3183,function_182,global_1,N/A
xmlwriter.c,3218,function_182,global_1,N/A
xmlwriter.c,3224,function_182,global_1,N/A
xmlwriter.c,3228,function_182,global_1,N/A
xmlwriter.c,3251,argument_-1,global_74,N/A
xmlwriter.c,3256,function_175,global_90,N/A
xmlwriter.c,326,argument_-1,global_32,N/A
xmlwriter.c,3267,function_182,global_1,N/A
xmlwriter.c,3277,function_182,global_1,N/A
xmlwriter.c,3332,argument_-1,global_74,N/A
xmlwriter.c,3336,function_176,global_7,N/A
xmlwriter.c,3362,argument_-1,global_7,N/A
xmlwriter.c,3367,function_185,global_1,N/A
xmlwriter.c,337,function_-1,global_24,N/A
xmlwriter.c,3372,function_185,global_1,N/A
xmlwriter.c,3377,function_185,global_1,N/A
xmlwriter.c,3401+,argument_557,global_7,N/A
xmlwriter.c,3401,argument_557,global_74,N/A
xmlwriter.c,3406,function_175,global_90,N/A
xmlwriter.c,3415,function_182,global_1,N/A
xmlwriter.c,3420,function_182,global_1,N/A
xmlwriter.c,344,function_126,global_74,N/A
xmlwriter.c,3455,function_182,global_1,N/A
xmlwriter.c,3461,function_182,global_1,N/A
xmlwriter.c,3465,function_182,global_1,N/A
xmlwriter.c,3488,argument_555,global_74,N/A
xmlwriter.c,3493,function_175,global_90,N/A
xmlwriter.c,3504,function_182,global_1,N/A
xmlwriter.c,3514,function_182,global_1,N/A
xmlwriter.c,3569,argument_558,global_74,N/A
xmlwriter.c,3573,function_176,global_7,N/A
xmlwriter.c,3599,argument_-1,global_7,N/A
xmlwriter.c,3604,function_186,global_1,N/A
xmlwriter.c,3609,function_186,global_1,N/A
xmlwriter.c,3614,function_186,global_1,N/A
xmlwriter.c,3640+,argument_559,global_7,N/A
xmlwriter.c,3640,argument_559,global_74,N/A
xmlwriter.c,3645,function_175,global_90,N/A
xmlwriter.c,3652,function_182,global_1,N/A
xmlwriter.c,3658,function_182,global_1,N/A
xmlwriter.c,3689,argument_559,global_1,N/A
xmlwriter.c,3698,function_182,global_1,N/A
xmlwriter.c,3704,function_182,global_1,N/A
xmlwriter.c,3708,argument_559,global_1,N/A
xmlwriter.c,3710,function_182,global_1,N/A
xmlwriter.c,3716,function_182,global_1,N/A
xmlwriter.c,3739,argument_-1,global_74,N/A
xmlwriter.c,3744,function_175,global_90,N/A
xmlwriter.c,3754,function_178,global_1,N/A
xmlwriter.c,3760,function_178,global_1,N/A
xmlwriter.c,3770,function_178,global_1,N/A
xmlwriter.c,379,function_72,global_32,N/A
xmlwriter.c,3831,argument_558,global_74,N/A
xmlwriter.c,3835,function_176,global_7,N/A
xmlwriter.c,3867++,argument_560,global_7,N/A
xmlwriter.c,3867+,argument_560,global_7,N/A
xmlwriter.c,3867,argument_560,global_7,N/A
xmlwriter.c,3869+,argument_560,global_7,N/A
xmlwriter.c,3869,argument_560,global_1,N/A
xmlwriter.c,3872+,argument_560,global_7,N/A
xmlwriter.c,3872,argument_560,global_7,N/A
xmlwriter.c,3900++,argument_561,global_7,N/A
xmlwriter.c,3900,argument_561,global_7,N/A
xmlwriter.c,3905,function_185,global_1,N/A
xmlwriter.c,3910,function_185,global_1,N/A
xmlwriter.c,3915,function_185,global_1,N/A
xmlwriter.c,3946+,argument_560,global_7,N/A
xmlwriter.c,3946,argument_560,global_7,N/A
xmlwriter.c,3948+,argument_560,global_7,N/A
xmlwriter.c,3948,argument_560,global_1,N/A
xmlwriter.c,3953,function_185,global_1,N/A
xmlwriter.c,3960,function_185,global_1,N/A
xmlwriter.c,3965,function_185,global_1,N/A
xmlwriter.c,399,function_127,global_74,N/A
xmlwriter.c,3994,argument_560,global_74,N/A
xmlwriter.c,4002,function_175,global_90,N/A
xmlwriter.c,4016,argument_560,global_7,N/A
xmlwriter.c,4028,argument_560,global_7,N/A
xmlwriter.c,4029,argument_560,global_7,N/A
xmlwriter.c,4036,function_182,global_1,N/A
xmlwriter.c,4041,function_182,global_1,N/A
xmlwriter.c,4047,function_182,global_1,N/A
xmlwriter.c,4052,function_182,global_1,N/A
xmlwriter.c,4057,argument_560,global_7,N/A
xmlwriter.c,4058,argument_560,global_7,N/A
xmlwriter.c,4060,function_182,global_1,N/A
xmlwriter.c,4066,function_182,global_1,N/A
xmlwriter.c,4071,function_182,global_1,N/A
xmlwriter.c,4077,function_182,global_1,N/A
xmlwriter.c,4082,function_182,global_1,N/A
xmlwriter.c,4087,argument_560,global_7,N/A
xmlwriter.c,4089,function_182,global_1,N/A
xmlwriter.c,409,argument_-1,global_-1,N/A
xmlwriter.c,4096,function_182,global_1,N/A
xmlwriter.c,4125+,argument_562,global_7,N/A
xmlwriter.c,4125,argument_562,global_74,N/A
xmlwriter.c,4130,function_175,global_90,N/A
xmlwriter.c,4139,function_182,global_1,N/A
xmlwriter.c,4144,function_182,global_1,N/A
xmlwriter.c,4159,function_182,global_1,N/A
xmlwriter.c,4165,function_182,global_1,N/A
xmlwriter.c,4169,function_182,global_1,N/A
xmlwriter.c,4173,argument_562,global_7,N/A
xmlwriter.c,4175,function_182,global_1,N/A
xmlwriter.c,4179,function_182,global_1,N/A
xmlwriter.c,4184,function_182,global_1,N/A
xmlwriter.c,4188,function_182,global_1,N/A
xmlwriter.c,4193,argument_562,global_7,N/A
xmlwriter.c,4194,argument_562,global_7,N/A
xmlwriter.c,4196,function_182,global_1,N/A
xmlwriter.c,4201,function_182,global_1,N/A
xmlwriter.c,4205,function_182,global_1,N/A
xmlwriter.c,4210,function_182,global_1,N/A
xmlwriter.c,4214,function_182,global_1,N/A
xmlwriter.c,4220,function_182,global_1,N/A
xmlwriter.c,4240,argument_-1,global_74,N/A
xmlwriter.c,4290,argument_563,argument_563,N/A
xmlwriter.c,4293,argument_563,global_7,N/A
xmlwriter.c,4296,argument_563,global_7,N/A
xmlwriter.c,4324,function_-1,global_1,N/A
xmlwriter.c,4343,function_-1,global_1,N/A
xmlwriter.c,435,argument_-1,global_2,N/A
xmlwriter.c,4393,argument_564,argument_564,N/A
xmlwriter.c,4396,argument_564,global_7,N/A
xmlwriter.c,4399,argument_564,global_7,N/A
xmlwriter.c,4407,function_46,global_1,N/A
xmlwriter.c,4429,function_-1,global_1,N/A
xmlwriter.c,4453,function_-1,global_1,N/A
xmlwriter.c,448,function_72,global_32,N/A
xmlwriter.c,4489,function_84,global_1,N/A
xmlwriter.c,4490++,function_84,global_1,N/A
xmlwriter.c,4490+,function_84,global_1,N/A
xmlwriter.c,4490,function_84,global_1,global_1
xmlwriter.c,4584+,argument_565,global_1,N/A
xmlwriter.c,4584,argument_565,global_74,N/A
xmlwriter.c,460,function_127,global_74,N/A
xmlwriter.c,4605+,argument_566,global_7,N/A
xmlwriter.c,4605,argument_566,global_74,N/A
xmlwriter.c,4630,argument_-1,global_74,N/A
xmlwriter.c,4654,function_-1,global_1,N/A
xmlwriter.c,4659,function_182,global_1,N/A
xmlwriter.c,4683,argument_567,global_74,N/A
xmlwriter.c,4686,argument_567,global_88,N/A
xmlwriter.c,4691,argument_567,global_88,N/A
xmlwriter.c,4697,function_187,global_1,N/A
xmlwriter.c,4733,function_187,global_1,N/A
xmlwriter.c,485,argument_-1,global_74,N/A
xmlwriter.c,533,argument_568,global_74,N/A
xmlwriter.c,540+,function_-1,global_7,N/A
xmlwriter.c,540,function_175,global_90,N/A
xmlwriter.c,547,argument_568,global_7,N/A
xmlwriter.c,569,function_182,global_1,N/A
xmlwriter.c,573,function_182,global_1,N/A
xmlwriter.c,576,argument_568,global_7,N/A
xmlwriter.c,580,function_182,global_1,N/A
xmlwriter.c,584,function_182,global_1,N/A
xmlwriter.c,589,function_182,global_1,N/A
xmlwriter.c,593,function_182,global_1,N/A
xmlwriter.c,599,function_182,global_1,N/A
xmlwriter.c,603,function_182,global_1,N/A
xmlwriter.c,608,argument_568,global_7,N/A
xmlwriter.c,610,function_182,global_1,N/A
xmlwriter.c,614,function_182,global_1,N/A
xmlwriter.c,618,function_182,global_1,N/A
xmlwriter.c,622,function_182,global_1,N/A
xmlwriter.c,628,function_182,global_1,N/A
xmlwriter.c,652,argument_-1,global_74,N/A
xmlwriter.c,659,function_175,global_90,N/A
xmlwriter.c,668,function_188,global_1,N/A
xmlwriter.c,675,function_188,global_1,N/A
xmlwriter.c,681,function_188,global_1,N/A
xmlwriter.c,695,function_188,global_1,N/A
xmlwriter.c,701,function_188,global_1,N/A
xmlwriter.c,712,function_188,global_1,N/A
xmlwriter.c,738,argument_-1,global_74,N/A
xmlwriter.c,746,function_175,global_90,N/A
xmlwriter.c,756,function_187,global_1,N/A
xmlwriter.c,760,function_187,global_1,N/A
xmlwriter.c,766,function_187,global_1,N/A
xmlwriter.c,793,function_187,global_1,N/A
xmlwriter.c,799,function_187,global_1,N/A
xmlwriter.c,822,argument_-1,global_74,N/A
xmlwriter.c,829,function_175,global_90,N/A
xmlwriter.c,843,function_182,global_1,N/A
xmlwriter.c,853,function_182,global_1,N/A
xmlwriter.c,904,argument_-1,global_74,N/A
xmlwriter.c,911,function_176,global_7,N/A
xmlwriter.c,937,function_189,global_1,N/A
xmlwriter.c,941,function_189,global_1,N/A
xmlwriter.c,945,function_189,global_1,N/A
xmlwriter.c,969+,argument_569,global_7,N/A
xmlwriter.c,969,argument_569,global_74,N/A
xmlwriter.c,974,function_175,global_90,N/A
xmlwriter.c,985,function_173,global_1,N/A
xmlwriter.c,992,function_173,global_1,N/A
xmlwriter.c,996,function_173,global_1,N/A
xpath.c,1027,argument_-1,global_62,N/A
xpath.c,1253,argument_570,global_8,N/A
xpath.c,1301,argument_571,global_3,N/A
xpath.c,1308,argument_571,global_3,N/A
xpath.c,1327,argument_572,global_3,N/A
xpath.c,1348,argument_573,global_91,N/A
xpath.c,1376,argument_574,global_14,N/A
xpath.c,1385,argument_574,global_0,N/A
xpath.c,1415,function_2,global_1,N/A
xpath.c,1417,function_-1,global_1,N/A
xpath.c,1487,argument_575,global_-1,N/A
xpath.c,1667+,argument_576,global_62,N/A
xpath.c,1667,argument_576,global_14,N/A
xpath.c,189,function_190,global_1,N/A
xpath.c,2212,argument_-1,global_-1,N/A
xpath.c,224,argument_577,argument_577,global_12
xpath.c,225,argument_577,argument_577,global_12
xpath.c,2255,argument_578,global_65,N/A
xpath.c,2257,argument_578,global_1,N/A
xpath.c,2266,argument_578,global_1,N/A
xpath.c,2267,argument_578,global_1,N/A
xpath.c,227,function_190,global_1,N/A
xpath.c,234,function_190,global_1,N/A
xpath.c,239,argument_577,global_12,N/A
xpath.c,240,function_190,global_1,N/A
xpath.c,250,argument_577,global_12,N/A
xpath.c,251,function_190,global_1,N/A
xpath.c,2826,argument_-1,global_93,N/A
xpath.c,2855+,argument_579,global_0,N/A
xpath.c,2855,argument_579,global_93,N/A
xpath.c,2895,function_191,global_0,N/A
xpath.c,2896,argument_-1,global_93,N/A
xpath.c,2922,function_191,global_0,N/A
xpath.c,2923,argument_-1,global_93,N/A
xpath.c,2949,function_191,global_0,N/A
xpath.c,2950,argument_-1,global_93,N/A
xpath.c,2975,argument_580,global_93,N/A
xpath.c,2977,argument_580,global_93,N/A
xpath.c,298,argument_581,global_1,N/A
xpath.c,2981,argument_580,global_93,N/A
xpath.c,299,argument_581,global_1,N/A
xpath.c,3010,argument_582,global_93,N/A
xpath.c,3011,argument_582,global_93,N/A
xpath.c,3015,argument_582,global_93,N/A
xpath.c,3231,argument_-1,global_2,N/A
xpath.c,3280+,argument_583,global_8,N/A
xpath.c,3280,argument_583,global_8,N/A
xpath.c,3285,argument_583,argument_583,N/A
xpath.c,3297,argument_583,argument_583,N/A
xpath.c,3311,global_1,global_1,N/A
xpath.c,356,function_190,global_1,N/A
xpath.c,380,function_190,global_1,N/A
xpath.c,400,argument_584,global_1,N/A
xpath.c,405,argument_584,global_1,N/A
xpath.c,412,argument_584,global_1,N/A
xpath.c,417,argument_584,global_1,N/A
xpath.c,425,argument_584,global_1,N/A
xpath.c,467,argument_585,global_12,N/A
xpath.c,481++++,global_1,global_1,N/A
xpath.c,481+++,global_12,argument_585,N/A
xpath.c,482++++,global_1,global_1,N/A
xpath.c,482+++,global_12,argument_585,N/A
xpath.c,483++++,global_1,global_1,N/A
xpath.c,483+++,global_12,argument_585,N/A
xpath.c,487,function_-1,global_1,N/A
xpath.c,492++++,global_1,global_1,N/A
xpath.c,492+++,global_12,argument_585,N/A
xpath.c,494,global_6,global_1,N/A
xpath.c,5483,argument_-1,global_0,N/A
xpath.c,5530,argument_586,global_0,N/A
xpath.c,5532,argument_586,global_65,N/A
xpath.c,5555++,function_193,global_1,N/A
xpath.c,5568++,function_193,global_1,N/A
xpath.c,5574++,function_193,global_1,N/A
xpath.c,5580++,function_193,global_1,N/A
xpath.c,5599++,function_193,global_1,N/A
xpath.c,5763,argument_-1,global_0,N/A
xpath.c,5928,argument_-1,global_0,N/A
xpath.c,6040,argument_-1,global_0,N/A
xpath.c,637,argument_587,global_65,N/A
xpath.c,638,argument_587,global_7,N/A
xpath.c,654,argument_587,global_7,N/A
xpath.c,697+,argument_588,global_1,N/A
xpath.c,697,argument_588,global_1,N/A
xpath.c,699,argument_588,global_93,N/A
xpath1.c,102,function_103,global_65,N/A
xpath1.c,109+,function_-1,global_1,N/A
xpath1.c,109,argument_589,global_7,N/A
xpath1.c,118,function_105,global_0,N/A
xpath1.c,153,argument_590,global_65,N/A
xpath1.c,154,argument_590,global_7,N/A
xpath1.c,157,function_90,global_7,N/A
xpath1.c,163,function_90,global_7,N/A
xpath1.c,171,function_90,global_7,N/A
xpath1.c,181,function_90,global_7,N/A
xpath1.c,186,function_104,global_1,N/A
xpath1.c,210,argument_591,global_14,N/A
xpath1.c,211,argument_591,global_3,N/A
xpath1.c,32+,argument_0,global_1,N/A
xpath1.c,32,argument_0,global_1,N/A
xpath1.c,43+,function_-1,global_1,N/A
xpath1.c,43,argument_0,global_1,N/A
xpath1.c,66,argument_592,global_7,N/A
xpath1.c,90,argument_589,global_7,N/A
xpath1.c,91,argument_589,global_7,N/A
xpath1.c,95,function_47,global_2,N/A
xpath2.c,103,function_103,global_65,N/A
xpath2.c,111,function_105,global_0,N/A
xpath2.c,148,argument_593,global_7,N/A
xpath2.c,149,argument_593,global_3,N/A
xpath2.c,34,argument_0,global_1,N/A
xpath2.c,45,function_-1,global_1,N/A
xpath2.c,68,argument_592,global_7,N/A
xpath2.c,90,argument_594,global_7,N/A
xpath2.c,91,argument_594,global_7,N/A
xpath2.c,92,argument_594,global_7,N/A
xpath2.c,96,function_47,global_2,N/A
xpointer.c,1329,function_103,global_65,N/A
xpointer.c,1374+,argument_595,global_7,N/A
xpointer.c,1374,argument_595,global_65,N/A
xpointer.c,1378,function_-1,global_93,N/A
xpointer.c,1395,function_191,global_0,N/A
xpointer.c,1396,function_191,global_0,N/A
xpointer.c,1411,function_191,global_0,N/A
xpointer.c,1744+,argument_596,global_1,N/A
xpointer.c,1744,argument_596,global_93,N/A
xpointer.c,1762+,argument_597,global_1,N/A
xpointer.c,1762,argument_597,global_93,N/A
xpointer.c,1799+,argument_598,global_1,N/A
xpointer.c,1799,argument_598,global_93,N/A
xpointer.c,1812,function_194,global_0,N/A
xpointer.c,1828,function_194,global_0,N/A
xpointer.c,1895+,argument_599,global_1,N/A
xpointer.c,1895,argument_599,global_93,N/A
xpointer.c,1908,function_194,global_0,N/A
xpointer.c,1924,function_194,global_0,N/A
xpointer.c,2047+,argument_600,global_1,N/A
xpointer.c,2047,argument_600,global_93,N/A
xpointer.c,2062,function_194,global_0,N/A
xpointer.c,2072,function_195,global_91,N/A
xpointer.c,2199+,argument_600,global_1,N/A
xpointer.c,2199,argument_600,global_93,N/A
xpointer.c,2214,function_194,global_0,N/A
xpointer.c,2224,function_195,global_91,N/A
xpointer.c,2257,argument_601,global_93,N/A
xpointer.c,2258+,argument_601,global_1,N/A
xpointer.c,2258,argument_601,global_93,N/A
xpointer.c,2291,function_-1,global_0,N/A
xpointer.c,2298,function_191,global_0,N/A
xpointer.c,274,argument_-1,global_0,N/A
xpointer.c,2797+,argument_602,global_1,N/A
xpointer.c,2797,argument_602,global_1,N/A
xpointer.c,2800,argument_602,global_1,N/A
xpointer.c,2806,argument_602,global_1,N/A
xpointer.c,282,function_-1,global_1,N/A
xpointer.c,2821,function_195,global_91,N/A
xpointer.c,2836,function_194,global_0,N/A
xpointer.c,2871,function_-1,global_1,N/A
xpointer.c,2876,function_-1,global_1,N/A
xpointer.c,2883,function_-1,global_1,N/A
xpointer.c,2903,function_-1,global_1,N/A
xpointer.c,303,argument_603,argument_603,N/A
xpointer.c,305+,argument_603,global_0,N/A
xpointer.c,305,argument_603,global_0,N/A
xpointer.c,338,argument_604,global_8,N/A
xpointer.c,340,argument_604,global_8,N/A
xpointer.c,342,argument_604,global_1,N/A
xpointer.c,344,argument_604,global_1,N/A
xpointer.c,375,argument_605,global_0,N/A
xpointer.c,377,argument_605,global_0,N/A
xpointer.c,412,argument_606,global_0,N/A
xpointer.c,414,argument_606,global_8,N/A
xpointer.c,447,argument_606,global_8,N/A
xpointer.c,449,argument_606,global_0,N/A
xpointer.c,484,argument_607,global_8,N/A
xpointer.c,486,argument_607,global_8,N/A
xpointer.c,516,argument_-1,global_8,N/A
xpointer.c,546,argument_608,global_8,N/A
xpointer.c,548,argument_608,global_0,N/A
xpointer.c,617,argument_-1,global_0,N/A
xpointer.c,645+,argument_609,global_0,N/A
xpointer.c,645,argument_609,global_91,N/A
xpointer.c,651,function_-1,global_1,N/A
xpointer.c,698,argument_610,global_91,N/A
xpointer.c,699,argument_610,global_91,N/A
xpointer.c,723,argument_611,global_91,N/A
xpointer.c,724,argument_611,global_0,N/A
xpointer.c,754,argument_612,global_91,N/A
xpointer.c,772,argument_-1,global_91,N/A
xpointer.c,803,argument_-1,global_8,N/A
xpointer.c,830,argument_-1,global_3,N/A
xpointer.c,835,function_195,global_91,N/A
